episode,steps,ep_reward,avg_speed,total_energy,wiggle,safety,success,reason
1,120,-338.61,5.90,475.98,0.0062,0.0480,0,collision
1,133,-343.05,5.60,325.48,0.0078,0.0000,0,collision
2,100,-299.62,7.72,296.39,0.0113,0.0177,0,collision
2,127,-326.87,5.91,487.47,0.0109,0.0579,0,collision
3,203,-407.83,5.90,693.19,0.0027,0.0749,0,collision
3,217,-421.85,5.36,680.54,0.0057,0.0375,0,collision
4,151,-358.63,6.40,487.58,0.0049,0.0138,0,collision
4,102,-311.29,7.38,354.53,0.0147,0.0352,0,collision
5,152,-353.44,7.55,651.36,0.0056,0.0875,0,collision
5,159,-369.60,5.43,685.49,0.0056,0.0214,0,collision
1,108,-307.96,6.65,540.94,0.0126,0.0001,0,collision
1,138,-352.10,4.90,513.07,0.0099,0.0000,0,collision
1,168,-364.13,7.05,722.31,0.0033,0.0283,0,collision
1,173,-382.71,5.76,610.08,0.0074,0.0011,0,collision
2,93,-289.24,8.77,365.00,0.0188,0.0136,0,collision
2,131,-331.27,7.18,469.90,0.0066,0.0369,0,collision
2,97,-301.82,6.00,301.66,0.0099,0.0205,0,collision
2,119,-345.53,7.24,299.97,0.0108,0.0047,0,collision
3,91,-301.87,7.37,325.89,0.0078,0.0192,0,collision
3,48,-232.12,16.05,139.25,0.0205,0.0220,0,collision
3,112,-323.68,6.35,447.68,0.0173,0.0000,0,collision
4,99,-294.78,5.85,372.16,0.0157,0.0000,0,collision
3,110,-307.64,6.84,422.96,0.0081,0.0058,0,collision
4,83,-273.54,8.07,266.73,0.0107,0.0218,0,collision
6,103,-310.62,6.42,431.99,0.0087,0.0000,0,collision
6,138,-319.00,9.65,347.06,0.0034,0.0291,0,collision
7,74,-270.62,10.29,213.25,0.0171,0.0170,0,collision
8,71,-257.20,10.82,288.76,0.0054,0.0454,0,collision
7,117,-311.57,7.34,459.57,0.0063,0.0057,0,collision
9,148,-342.99,7.76,445.18,0.0078,0.0605,0,collision
8,212,-412.61,5.40,612.28,0.0010,0.0001,0,collision
10,133,-342.04,5.82,634.40,0.0063,0.0243,0,collision
9,116,-325.80,5.22,317.96,0.0098,0.0000,0,collision
11,100,-298.78,7.03,348.30,0.0144,0.0195,0,collision
5,125,-327.78,5.97,583.21,0.0105,0.0005,0,collision
4,129,-336.41,7.19,425.98,0.0093,0.0000,0,collision
5,181,-415.45,5.22,522.39,0.0066,0.0143,0,collision
5,72,-267.10,8.81,259.25,0.0159,0.0281,0,collision
6,108,-299.92,9.10,617.48,0.0138,0.0259,0,collision
4,300,-521.95,5.42,945.07,0.0013,0.0461,0,collision
6,134,-332.17,8.02,718.23,0.0070,0.0132,0,collision
5,92,-305.89,7.30,198.72,0.0130,0.0171,0,collision
7,153,-384.61,6.77,295.90,0.0053,0.0002,0,collision
8,86,-286.52,8.94,294.58,0.0125,0.0102,0,collision
6,106,-306.16,7.34,300.20,0.0045,0.0000,0,collision
7,169,-378.28,6.45,708.30,0.0029,0.0227,0,collision
7,97,-291.70,5.97,335.27,0.0100,0.0000,0,collision
9,124,-330.73,5.77,451.95,0.0082,0.0000,0,collision
8,111,-304.94,6.15,398.31,0.0105,0.0000,0,collision
12,114,-321.68,7.05,370.28,0.0146,0.0110,0,collision
10,161,-397.46,6.30,347.27,0.0027,0.0001,0,collision
11,91,-275.62,7.80,433.03,0.0050,0.0072,0,collision
12,108,-285.99,9.60,501.66,0.0113,0.0000,0,collision
13,247,-422.52,6.30,1238.58,0.0031,0.0126,0,collision
14,100,-288.91,7.63,484.03,0.0119,0.0069,0,collision
13,168,-391.18,6.12,640.37,0.0049,0.0207,0,collision
15,194,-404.59,5.98,753.72,0.0022,0.0291,0,collision
14,164,-378.58,6.10,447.20,0.0035,0.0000,0,collision
16,75,-280.45,9.46,151.29,0.0030,0.0225,0,collision
10,78,-275.15,8.38,343.55,0.0109,0.0270,0,collision
6,468,-690.29,4.33,1317.75,0.0018,0.0115,0,collision
11,45,-232.57,13.42,138.10,0.0248,0.0241,0,collision
8,146,-365.22,5.45,606.27,0.0078,0.0425,0,collision
9,145,-358.06,6.79,625.10,0.0006,0.0128,0,collision
12,97,-295.23,7.47,445.47,0.0073,0.0027,0,collision
9,97,-304.10,6.16,387.76,0.0025,0.0166,0,collision
7,158,-357.62,5.80,514.74,0.0075,0.0002,0,collision
10,158,-340.74,6.96,569.28,0.0077,0.0016,0,collision
13,103,-307.54,6.53,396.36,0.0089,0.0000,0,collision
8,91,-302.98,7.14,391.31,0.0083,0.0108,0,collision
10,124,-323.11,6.51,262.95,0.0045,0.0000,0,collision
11,89,-269.70,17.21,276.47,0.0024,0.0077,0,collision
14,98,-293.32,8.61,532.81,0.0179,0.0150,0,collision
12,93,-301.46,6.99,364.09,0.0045,0.0204,0,collision
9,175,-390.00,5.44,663.83,0.0024,0.0000,0,collision
15,113,-311.41,9.45,310.67,0.0130,0.0000,0,collision
13,48,-233.18,12.84,235.95,0.0248,0.0298,0,collision
17,85,-279.88,7.64,320.14,0.0158,0.0221,0,collision
15,112,-307.26,5.37,405.71,0.0090,0.0000,0,collision
18,114,-331.25,5.46,348.84,0.0012,0.0176,0,collision
19,86,-283.49,7.59,257.82,0.0124,0.0234,0,collision
20,101,-322.07,5.83,311.63,0.0068,0.0000,0,collision
16,288,-546.45,3.63,817.09,0.0040,0.0079,0,collision
17,122,-326.14,7.27,307.55,0.0064,0.0000,0,collision
21,173,-412.62,5.15,693.14,0.0046,0.0054,0,collision
18,108,-317.17,5.51,316.69,0.0036,0.0000,0,collision
22,133,-364.52,4.46,463.96,0.0026,0.0069,0,collision
11,211,-422.05,5.61,827.17,0.0060,0.0036,0,collision
10,91,-311.71,6.63,156.06,0.0120,0.0033,0,collision
16,94,-292.40,7.17,458.62,0.0105,0.0149,0,collision
14,157,-379.45,6.05,543.09,0.0018,0.0046,0,collision
12,151,-337.97,6.04,581.19,0.0079,0.0000,0,collision
11,138,-359.36,5.91,633.70,0.0109,0.0130,0,collision
15,66,-256.19,9.25,402.03,0.0021,0.0213,0,collision
13,167,-377.70,5.30,522.13,0.0014,0.0085,0,collision
16,126,-334.56,7.34,473.94,0.0119,0.0002,0,collision
17,270,-28.79,8.36,1040.39,0.0000,0.0247,1,goal
12,259,-484.75,4.27,696.75,0.0036,0.0176,0,collision
18,116,-313.90,7.80,461.40,0.0062,0.0192,0,collision
14,162,-379.13,5.78,609.22,0.0067,0.0693,0,collision
23,70,-262.81,10.34,279.02,0.0116,0.0140,0,collision
19,88,-290.58,6.92,395.56,0.0098,0.0130,0,collision
20,164,-359.41,6.31,758.10,0.0022,0.0068,0,collision
21,58,-249.67,10.92,155.90,0.0168,0.0242,0,collision
24,263,-499.33,4.20,821.12,0.0040,0.0059,0,collision
22,135,-319.75,7.01,443.63,0.0077,0.0000,0,collision
25,178,-387.67,7.12,577.71,0.0079,0.0425,0,collision
23,115,-316.00,8.18,373.64,0.0099,0.0187,0,collision
26,160,-364.55,6.24,582.08,0.0046,0.0000,0,collision
24,261,-524.24,4.33,857.51,0.0033,0.0157,0,collision
17,186,-446.01,4.28,504.00,0.0080,0.0000,0,collision
13,117,-297.62,10.03,403.63,0.0033,0.0067,0,collision
18,116,-312.18,6.97,432.52,0.0116,0.0000,0,collision
19,182,-391.39,4.90,587.97,0.0066,0.0000,0,collision
14,106,-296.90,7.06,465.21,0.0033,0.0495,0,collision
15,172,-408.45,4.43,521.05,0.0012,0.0000,0,collision
19,109,-313.95,6.91,474.18,0.0083,0.0174,0,collision
20,130,-331.32,6.24,422.32,0.0067,0.0000,0,collision
16,107,-319.27,6.35,434.72,0.0079,0.0096,0,collision
21,153,-362.54,4.65,491.56,0.0047,0.0000,0,collision
20,188,-397.92,6.90,935.51,0.0033,0.0432,0,collision
15,294,-518.93,5.17,977.03,0.0056,0.0219,0,collision
21,43,-230.49,15.71,157.59,0.0180,0.0177,0,collision
17,218,-423.48,5.94,831.46,0.0030,0.0167,0,collision
22,91,-299.50,6.39,359.15,0.0059,0.0111,0,collision
25,60,-252.55,11.01,328.26,0.0245,0.0243,0,collision
26,109,-312.23,5.99,330.71,0.0074,0.0277,0,collision
27,170,-381.75,5.11,585.04,0.0047,0.0142,0,collision
28,158,-384.71,5.95,471.86,0.0057,0.0000,0,collision
27,162,-378.89,5.96,632.06,0.0035,0.0011,0,collision
28,97,-310.47,7.07,365.51,0.0032,0.0219,0,collision
29,102,-308.64,6.31,294.72,0.0048,0.0258,0,collision
29,131,-319.23,8.93,328.23,0.0114,0.0000,0,collision
30,129,-325.22,6.34,494.06,0.0072,0.0110,0,collision
30,136,-325.13,6.11,584.70,0.0078,0.0000,0,collision
16,72,-257.47,9.32,283.46,0.0130,0.0265,0,collision
18,46,-236.92,14.17,91.12,0.0168,0.0393,0,collision
17,113,-305.63,9.87,406.56,0.0106,0.0501,0,collision
19,131,-322.37,6.45,623.25,0.0079,0.0050,0,collision
22,188,-418.84,4.74,715.77,0.0096,0.0000,0,collision
23,160,-373.78,6.68,676.07,0.0103,0.0041,0,collision
20,94,-295.85,7.13,168.00,0.0069,0.0027,0,collision
18,132,-346.13,5.12,355.45,0.0099,0.0150,0,collision
24,178,-362.38,8.72,775.06,0.0054,0.0397,0,collision
19,141,-356.02,4.38,497.43,0.0061,0.0000,0,collision
21,159,-373.04,6.04,526.35,0.0040,0.0000,0,collision
25,75,-265.39,9.46,453.41,0.0122,0.0170,0,collision
23,280,-465.09,7.45,877.42,0.0039,0.0296,0,collision
20,105,-307.10,6.88,315.32,0.0100,0.0127,0,collision
26,91,-294.76,6.35,170.33,0.0046,0.0012,0,collision
31,229,-458.10,4.95,921.81,0.0029,0.0039,0,collision
31,323,-552.02,6.60,1062.07,0.0049,0.0492,0,collision
32,157,-395.65,4.39,315.04,0.0030,0.0000,0,collision
32,72,-253.32,10.85,408.40,0.0162,0.0223,0,collision
33,194,-392.83,6.02,770.25,0.0047,0.0019,0,collision
33,206,-452.24,5.23,679.65,0.0055,0.0066,0,collision
34,134,-338.53,6.49,555.92,0.0020,0.0170,0,collision
34,181,-412.99,4.79,633.47,0.0045,0.0073,0,collision
35,87,-273.02,8.72,189.13,0.0127,0.0233,0,collision
35,221,-456.01,4.67,626.46,0.0032,0.0000,0,collision
22,127,-314.00,8.16,446.64,0.0043,0.0000,0,collision
24,130,-338.59,5.44,421.32,0.0118,0.0000,0,collision
21,183,-379.55,4.97,702.27,0.0057,0.0045,0,collision
27,197,-442.46,4.98,738.19,0.0079,0.0000,0,collision
25,142,-330.44,6.51,482.39,0.0123,0.0010,0,collision
23,187,-448.54,4.56,552.98,0.0064,0.0002,0,collision
22,133,-345.01,6.24,354.91,0.0029,0.0535,0,collision
24,125,-308.50,7.75,536.75,0.0118,0.0311,0,collision
28,153,-353.15,7.09,682.79,0.0077,0.0045,0,collision
23,86,-280.64,6.77,408.29,0.0096,0.0000,0,collision
29,97,-286.75,7.18,469.62,0.0142,0.0310,0,collision
26,267,-453.30,7.79,838.93,0.0037,0.0115,0,collision
36,170,-359.95,6.99,801.08,0.0100,0.0105,0,collision
36,242,-459.96,6.10,1104.28,0.0006,0.0139,0,collision
37,44,-231.93,14.37,204.08,0.0162,0.0281,0,collision
37,233,-444.76,5.46,863.23,0.0030,0.0576,0,collision
38,222,-429.43,5.88,775.21,0.0052,0.0126,0,collision
38,156,-355.62,7.32,591.52,0.0082,0.0166,0,collision
39,127,-330.25,6.88,510.27,0.0058,0.0046,0,collision
39,199,-426.29,4.95,847.80,0.0069,0.0132,0,collision
40,86,-289.32,8.63,228.92,0.0125,0.0106,0,collision
40,77,-266.71,9.69,279.20,0.0113,0.0200,0,collision
25,204,-413.32,5.64,531.31,0.0077,0.0000,0,collision
30,114,-311.05,6.96,505.22,0.0025,0.0262,0,collision
27,215,-405.82,5.88,782.54,0.0027,0.0444,0,collision
31,136,-332.66,7.02,625.71,0.0064,0.0073,0,collision
26,173,-365.58,7.08,779.24,0.0084,0.0000,0,collision
24,326,-509.59,6.53,1240.29,0.0036,0.0086,0,collision
28,110,-297.44,8.99,509.64,0.0027,0.0674,0,collision
32,156,-353.67,5.99,636.53,0.0081,0.0085,0,collision
25,145,-351.67,7.78,714.58,0.0029,0.0249,0,collision
27,158,-353.14,7.98,619.59,0.0028,0.0094,0,collision
29,113,-303.60,7.59,636.64,0.0022,0.0000,0,collision
28,85,-268.11,9.59,300.46,0.0099,0.0100,0,collision
33,153,-354.89,5.25,572.25,0.0111,0.0000,0,collision
30,107,-310.21,8.53,406.44,0.0096,0.0191,0,collision
41,212,-440.39,5.16,806.79,0.0035,0.0043,0,collision
41,330,-574.23,4.76,1061.38,0.0011,0.0269,0,collision
42,149,-358.59,6.22,599.60,0.0071,0.0178,0,collision
42,146,-352.58,4.15,407.70,0.0066,0.0343,0,collision
43,138,-353.27,5.90,607.09,0.0000,0.0106,0,collision
43,45,-232.96,15.17,279.93,0.0131,0.0303,0,collision
44,184,-394.36,6.12,588.16,0.0068,0.0000,0,collision
44,180,-395.71,5.77,848.20,0.0061,0.0011,0,collision
45,141,-350.46,6.88,408.01,0.0095,0.0141,0,collision
45,128,-349.54,4.71,488.69,0.0132,0.0824,0,collision
26,226,-437.41,6.47,954.23,0.0030,0.0179,0,collision
29,138,-325.76,8.23,578.33,0.0109,0.0212,0,collision
31,129,-347.80,4.67,334.66,0.0091,0.0721,0,collision
30,133,-314.53,8.07,443.22,0.0074,0.0015,0,collision
27,150,-369.59,5.38,456.52,0.0027,0.0000,0,collision
34,252,-476.22,5.73,1054.70,0.0021,0.0134,0,collision
32,143,-353.43,4.96,446.47,0.0061,0.0000,0,collision
31,130,-324.52,7.02,412.15,0.0070,0.0000,0,collision
28,139,-362.05,5.62,619.63,0.0027,0.0000,0,collision
35,163,-360.78,6.76,867.79,0.0022,0.0165,0,collision
32,85,-274.25,7.29,316.85,0.0160,0.0000,0,collision
46,132,-321.94,6.97,535.91,0.0095,0.0000,0,collision
46,244,-442.51,4.81,920.06,0.0030,0.0066,0,collision
47,166,-370.27,6.38,678.43,0.0060,0.0190,0,collision
48,175,-371.66,7.38,563.95,0.0090,0.0039,0,collision
47,241,-483.07,4.65,803.52,0.0025,0.0001,0,collision
49,119,-325.43,8.53,439.53,0.0022,0.0047,0,collision
48,174,-373.45,6.36,854.95,0.0045,0.0169,0,collision
50,190,-389.55,7.34,878.76,0.0024,0.0054,0,collision
49,208,-431.61,5.42,793.04,0.0077,0.0164,0,collision
51,239,-436.65,9.04,1039.99,0.0031,0.0060,0,collision
33,277,-483.11,7.89,822.38,0.0038,0.0305,0,collision
36,143,-341.41,6.55,486.46,0.0100,0.0070,0,collision
33,158,-363.68,5.95,613.73,0.0123,0.0000,0,collision
34,62,-248.98,13.25,253.30,0.0161,0.0000,0,collision
34,129,-313.12,8.65,315.29,0.0063,0.0381,0,collision
29,307,-583.47,3.37,841.66,0.0038,0.0082,0,collision
37,190,-411.14,6.31,674.75,0.0037,0.0971,0,collision
35,120,-319.88,5.06,392.40,0.0049,0.0179,0,collision
35,101,-299.66,7.52,590.46,0.0109,0.0271,0,collision
38,99,-297.74,6.91,326.31,0.0077,0.0105,0,collision
30,180,-387.28,7.21,648.34,0.0022,0.0079,0,collision
36,132,-341.09,6.95,523.76,0.0059,0.0254,0,collision
36,173,-383.64,7.54,588.73,0.0057,0.0639,0,collision
37,38,-224.48,17.29,121.36,0.0179,0.0277,0,collision
31,162,-375.43,6.62,607.87,0.0092,0.0322,0,collision
39,204,-432.56,5.11,833.98,0.0044,0.0000,0,collision
52,83,-272.94,8.57,411.79,0.0170,0.0037,0,collision
50,145,-340.81,6.28,691.05,0.0060,0.0066,0,collision
53,223,-434.42,6.13,784.63,0.0049,0.0262,0,collision
51,293,-515.41,3.67,752.85,0.0045,0.0144,0,collision
54,144,-355.53,5.82,476.52,0.0049,0.0000,0,collision
52,117,-321.67,7.99,465.37,0.0085,0.0133,0,collision
55,158,-355.71,7.25,744.88,0.0087,0.1031,0,collision
56,94,-282.96,7.19,448.35,0.0131,0.0000,0,collision
53,217,-423.92,5.21,949.71,0.0056,0.0000,0,collision
57,127,-315.40,10.04,567.29,0.0040,0.0094,0,collision
37,170,-372.54,7.32,776.58,0.0100,0.0090,0,collision
38,110,-306.71,7.99,529.61,0.0113,0.0102,0,collision
32,156,-358.18,6.81,665.09,0.0080,0.0071,0,collision
40,149,-345.63,7.13,718.54,0.0018,0.0049,0,collision
38,179,-389.19,4.65,566.74,0.0093,0.0155,0,collision
39,213,-431.11,4.96,761.73,0.0022,0.0010,0,collision
33,182,-384.12,7.86,904.59,0.0064,0.0105,0,collision
40,63,-254.37,9.69,254.01,0.0215,0.0159,0,collision
41,239,-464.43,5.85,1069.97,0.0057,0.0064,0,collision
39,175,-374.69,6.89,895.00,0.0034,0.0322,0,collision
41,108,-300.67,7.56,505.21,0.0102,0.0004,0,collision
40,115,-309.73,8.93,380.63,0.0114,0.0165,0,collision
42,126,-336.38,7.11,540.86,0.0039,0.0303,0,collision
54,77,-270.82,8.58,428.69,0.0147,0.0221,0,collision
55,104,-301.11,7.25,597.54,0.0094,0.0062,0,collision
58,239,-436.07,6.14,1114.45,0.0014,0.0037,0,collision
56,139,-339.04,6.42,648.47,0.0093,0.0000,0,collision
59,124,-328.66,7.09,619.94,0.0067,0.0246,0,collision
57,117,-303.66,8.94,495.13,0.0107,0.0000,0,collision
60,110,-306.65,7.71,538.66,0.0039,0.0051,0,collision
58,90,-269.38,10.57,428.32,0.0152,0.0910,0,collision
59,138,-340.19,6.75,635.08,0.0064,0.0284,0,collision
61,198,-412.79,5.38,784.39,0.0059,0.0082,0,collision
34,207,-406.97,5.51,809.61,0.0068,0.0000,0,collision
42,150,-340.85,7.70,521.56,0.0048,0.0296,0,collision
41,104,-289.55,10.08,688.53,0.0143,0.0656,0,collision
35,130,-308.88,8.82,545.05,0.0090,0.0486,0,collision
43,77,-269.85,8.19,451.32,0.0083,0.0196,0,collision
42,72,-265.11,9.63,288.66,0.0171,0.0000,0,collision
43,197,-413.08,5.91,723.52,0.0045,0.0168,0,collision
36,107,-300.02,6.91,561.71,0.0011,0.0259,0,collision
43,90,-289.34,6.71,368.90,0.0037,0.0306,0,collision
44,152,-340.64,7.45,862.64,0.0080,0.0276,0,collision
37,69,-260.00,10.68,282.39,0.0203,0.0106,0,collision
44,96,-276.27,10.92,420.36,0.0072,0.0088,0,collision
44,224,-436.95,5.56,826.07,0.0031,0.0212,0,collision
45,135,-329.95,6.47,543.86,0.0063,0.0000,0,collision
38,126,-326.35,7.11,589.04,0.0088,0.0001,0,collision
45,142,-336.76,7.23,694.60,0.0042,0.0076,0,collision
60,134,-328.62,7.04,555.73,0.0057,0.0594,0,collision
62,205,-401.57,6.18,868.32,0.0056,0.0150,0,collision
63,108,-289.47,8.58,411.95,0.0069,0.0079,0,collision
61,209,-412.48,7.22,707.32,0.0064,0.0867,0,collision
64,162,-371.07,6.38,773.54,0.0041,0.0235,0,collision
62,174,-386.86,7.15,680.33,0.0060,0.1456,0,collision
65,232,-449.79,6.46,906.84,0.0029,0.0381,0,collision
63,203,-422.07,5.60,674.53,0.0040,0.0000,0,collision
64,154,-335.19,8.38,687.44,0.0078,0.0077,0,collision
66,257,-498.06,4.24,826.67,0.0047,0.0188,0,collision
46,73,-266.26,8.63,278.14,0.0097,0.0156,0,collision
45,155,-341.04,8.11,767.01,0.0098,0.0245,0,collision
39,182,-393.93,6.64,949.78,0.0050,0.0129,0,collision
46,213,-429.34,5.35,741.76,0.0039,0.0028,0,collision
40,92,-292.06,6.67,411.18,0.0053,0.0234,0,collision
46,168,-385.90,6.69,790.67,0.0021,0.1080,0,collision
47,239,-458.05,6.22,1231.40,0.0055,0.0002,0,collision
41,144,-355.48,7.23,766.64,0.0075,0.0066,0,collision
48,78,-267.48,9.20,463.50,0.0054,0.0102,0,collision
47,266,-32.48,8.31,1300.32,0.0000,0.0000,1,goal
47,227,-452.57,5.37,997.83,0.0051,0.0426,0,collision
49,120,-304.67,9.44,710.95,0.0016,0.0238,0,collision
67,112,-311.33,6.41,339.33,0.0144,0.0000,0,collision
65,179,-376.77,5.87,882.93,0.0020,0.0000,0,collision
66,147,-339.07,5.82,650.58,0.0085,0.0003,0,collision
68,221,-422.47,6.90,759.85,0.0057,0.0611,0,collision
67,156,-358.46,6.66,625.77,0.0065,0.0000,0,collision
69,151,-356.19,6.09,678.84,0.0029,0.0121,0,collision
68,135,-331.37,7.09,585.18,0.0050,0.0972,0,collision
70,188,-374.83,5.85,853.63,0.0050,0.0131,0,collision
71,58,-244.65,10.78,245.91,0.0238,0.0182,0,collision
69,199,-405.00,5.09,705.07,0.0051,0.0000,0,collision
42,177,-361.05,7.39,851.56,0.0109,0.0256,0,collision
48,179,-377.22,5.30,762.43,0.0026,0.0968,0,collision
43,89,-285.49,9.16,434.15,0.0042,0.0049,0,collision
48,195,-406.15,5.79,817.46,0.0044,0.0187,0,collision
49,130,-328.62,5.11,601.04,0.0046,0.0000,0,collision
50,246,-459.82,5.15,1016.23,0.0063,0.0312,0,collision
50,64,-251.54,10.94,134.95,0.0191,0.0054,0,collision
44,187,-370.05,6.06,871.85,0.0001,0.0148,0,collision
49,194,-401.51,5.73,953.69,0.0044,0.0140,0,collision
51,178,-373.55,6.45,742.31,0.0045,0.0160,0,collision
51,196,-402.99,6.17,635.38,0.0047,0.0703,0,collision
45,184,-377.39,6.54,617.05,0.0077,0.0000,0,collision
70,80,-277.75,8.42,153.06,0.0152,0.0009,0,collision
72,200,-426.13,5.56,619.41,0.0067,0.0017,0,collision
71,162,-369.95,6.45,585.68,0.0113,0.0138,0,collision
73,181,-398.91,5.46,668.05,0.0051,0.0000,0,collision
72,192,-386.78,6.20,851.47,0.0031,0.0148,0,collision
74,128,-313.38,7.23,476.77,0.0114,0.0175,0,collision
73,93,-284.57,8.04,496.94,0.0138,0.0160,0,collision
74,89,-285.39,7.18,495.14,0.0025,0.0130,0,collision
75,179,-369.55,5.22,642.79,0.0053,0.0224,0,collision
75,178,-392.11,5.92,818.06,0.0077,0.0009,0,collision
50,225,-428.14,4.84,875.46,0.0035,0.0048,0,collision
52,169,-366.80,6.70,903.87,0.0070,0.0398,0,collision
52,191,-377.85,6.63,1020.09,0.0012,0.0047,0,collision
46,187,-397.72,6.20,574.47,0.0047,0.0007,0,collision
53,151,-336.54,5.26,554.15,0.0052,0.0323,0,collision
51,187,-391.12,6.14,612.27,0.0066,0.0268,0,collision
53,152,-365.06,5.36,681.58,0.0085,0.0255,0,collision
47,212,-413.68,6.17,1046.95,0.0023,0.0508,0,collision
54,157,-352.87,6.42,594.02,0.0095,0.0186,0,collision
54,241,-469.58,4.67,776.03,0.0036,0.1002,0,collision
76,207,-404.09,5.53,828.57,0.0035,0.0107,0,collision
76,322,-556.25,4.01,850.72,0.0040,0.0165,0,collision
77,178,-375.91,4.57,648.93,0.0079,0.0000,0,collision
77,172,-398.45,4.89,605.73,0.0076,0.0000,0,collision
78,152,-352.08,5.12,498.52,0.0066,0.0000,0,collision
78,246,-470.30,4.31,816.48,0.0029,0.0203,0,collision
79,212,-422.82,3.90,573.77,0.0048,0.0000,0,collision
79,414,-624.11,5.11,1268.58,0.0021,0.0000,0,collision
80,405,-702.18,2.47,744.05,0.0003,0.0217,0,collision
81,185,-423.20,4.42,552.47,0.0052,0.0000,0,collision
52,284,-521.12,3.76,845.92,0.0067,0.0014,0,collision
48,189,-384.01,4.94,889.71,0.0057,0.0000,0,collision
55,257,-514.41,4.39,862.25,0.0011,0.0350,0,collision
49,178,-379.48,5.94,762.60,0.0027,0.0086,0,collision
55,356,-654.17,3.21,859.96,0.0037,0.0613,0,collision
53,349,-621.40,3.13,731.69,0.0012,0.0027,0,collision
56,231,-461.93,2.86,461.49,0.0040,0.0000,0,collision
80,203,-429.41,3.34,497.14,0.0029,0.0252,0,collision
82,223,-460.06,2.72,465.40,0.0045,0.0295,0,collision
81,185,-366.80,4.78,699.20,0.0069,0.0000,0,collision
83,208,-406.66,5.63,819.19,0.0076,0.0000,0,collision
82,197,-431.20,3.83,582.78,0.0088,0.0000,0,collision
83,150,-369.94,3.87,414.04,0.0027,0.0745,0,collision
84,314,-534.28,4.72,1030.64,0.0036,0.0171,0,collision
84,150,-339.96,5.40,519.89,0.0051,0.0000,0,collision
85,263,-466.37,4.41,904.22,0.0027,0.0059,0,collision
85,220,-438.99,4.35,840.52,0.0046,0.0001,0,collision
50,317,-577.62,3.13,728.33,0.0025,0.0000,0,collision
54,306,-544.37,3.16,716.30,0.0031,0.0000,0,collision
56,388,-671.03,2.55,694.29,0.0030,0.0042,0,collision
55,99,-287.73,6.19,411.20,0.0163,0.0107,0,collision
57,346,-537.10,5.23,1177.74,0.0046,0.0220,0,collision
51,273,-486.54,4.25,794.05,0.0053,0.0977,0,collision
57,192,-387.15,5.75,722.49,0.0076,0.0224,0,collision
58,223,-449.67,5.21,726.16,0.0059,0.1636,0,collision
56,242,-443.36,5.04,847.76,0.0041,0.0886,0,collision
86,156,-368.50,3.88,508.22,0.0005,0.0211,0,collision
86,312,-527.12,5.02,998.07,0.0046,0.0037,0,collision
87,87,-274.80,7.00,439.92,0.0160,0.0000,0,collision
87,344,-604.10,2.94,678.42,0.0023,0.0000,0,collision
88,182,-375.14,5.31,727.06,0.0027,0.0240,0,collision
88,270,-496.65,4.39,853.10,0.0026,0.0000,0,collision
89,260,-482.75,3.62,691.92,0.0039,0.0331,0,collision
89,217,-410.85,5.32,612.27,0.0037,0.0000,0,collision
90,264,-507.31,3.99,649.12,0.0038,0.0055,0,collision
90,249,-459.11,4.13,770.99,0.0048,0.0082,0,collision
52,230,-457.16,4.80,793.73,0.0049,0.1518,0,collision
58,190,-398.93,4.97,578.94,0.0063,0.0254,0,collision
53,152,-348.01,4.82,506.28,0.0062,0.0000,0,collision
59,239,-501.64,3.43,585.25,0.0068,0.0412,0,collision
57,261,-464.23,4.52,835.32,0.0049,0.0034,0,collision
59,205,-401.62,5.24,751.01,0.0054,0.0000,0,collision
54,223,-421.92,5.17,818.29,0.0045,0.0097,0,collision
58,197,-406.63,4.74,760.53,0.0043,0.0041,0,collision
60,246,-487.92,4.00,716.97,0.0045,0.0035,0,collision
91,140,-329.14,6.46,621.07,0.0075,0.0000,0,collision
91,222,-431.62,6.31,909.36,0.0034,0.0151,0,collision
92,141,-317.33,6.16,415.63,0.0072,0.0072,0,collision
92,134,-322.64,6.08,494.43,0.0036,0.0000,0,collision
93,131,-314.98,7.26,687.18,0.0093,0.0000,0,collision
93,332,-567.31,4.58,1154.97,0.0037,0.0000,0,collision
94,191,-391.59,5.18,746.95,0.0053,0.0000,0,collision
94,138,-325.89,5.62,512.20,0.0048,0.0000,0,collision
95,143,-334.72,4.22,406.90,0.0108,0.0000,0,collision
95,454,-746.93,2.33,771.45,0.0015,0.0213,0,collision
61,118,-321.69,4.89,436.69,0.0126,0.0000,0,collision
60,426,-698.82,3.41,1064.95,0.0032,0.0195,0,collision
59,249,-502.30,4.50,770.49,0.0028,0.1810,0,collision
62,80,-271.99,7.68,333.49,0.0196,0.0000,0,collision
60,95,-287.18,6.46,496.46,0.0006,0.0000,0,collision
55,461,-725.08,4.68,1214.83,0.0028,0.0896,0,collision
61,221,-483.52,2.61,487.18,0.0000,0.0045,0,collision
63,220,-421.47,5.30,664.90,0.0042,0.0000,0,collision
96,265,-487.93,4.14,763.55,0.0043,0.0275,0,collision
96,304,-530.76,3.38,729.24,0.0030,0.0047,0,collision
97,174,-354.67,6.54,784.51,0.0053,0.0231,0,collision
97,358,-586.15,4.01,1047.39,0.0044,0.0219,0,collision
98,148,-353.48,4.82,504.75,0.0049,0.1037,0,collision
99,172,-363.98,5.74,778.36,0.0025,0.0000,0,collision
98,201,-407.11,6.56,845.54,0.0048,0.0044,0,collision
100,220,-417.10,5.91,985.48,0.0080,0.0299,0,collision
99,265,-430.70,6.17,1041.23,0.0044,0.0057,0,collision
101,167,-344.84,6.89,791.06,0.0035,0.0168,0,collision
64,202,-379.17,5.72,647.86,0.0070,0.0000,0,collision
62,272,-488.77,3.74,744.07,0.0023,0.0240,0,collision
56,327,-493.57,6.69,1167.02,0.0033,0.0208,0,collision
61,420,-625.00,5.11,1180.96,0.0026,0.0191,0,collision
63,127,-311.65,6.58,554.42,0.0073,0.0000,0,collision
65,245,-467.82,4.66,809.62,0.0032,0.0100,0,collision
62,199,-394.65,4.18,667.70,0.0000,0.0122,0,collision
57,242,-430.26,6.56,1184.00,0.0056,0.0149,0,collision
64,259,-441.30,5.81,1096.70,0.0029,0.0048,0,collision
100,94,-274.18,9.30,422.15,0.0061,0.0630,0,collision
102,180,-383.05,5.62,833.93,0.0072,0.0030,0,collision
101,136,-326.16,7.76,806.54,0.0073,0.0144,0,collision
102,116,-300.58,8.27,536.74,0.0051,0.0154,0,collision
103,277,-479.26,5.03,1021.90,0.0020,0.0065,0,collision
104,149,-337.29,7.63,636.67,0.0084,0.0303,0,collision
105,116,-293.66,8.06,584.86,0.0114,0.0026,0,collision
103,387,-602.55,5.67,1416.80,0.0042,0.0083,0,collision
106,181,-354.27,6.95,854.51,0.0054,0.0402,0,collision
104,230,-423.59,5.26,815.79,0.0039,0.0000,0,collision
58,126,-316.07,4.85,433.81,0.0083,0.0000,0,collision
63,167,-364.97,5.74,742.76,0.0043,0.0172,0,collision
65,72,-263.60,8.58,423.84,0.0135,0.0000,0,collision
66,300,-536.20,3.98,875.08,0.0037,0.0187,0,collision
59,154,-347.66,6.39,700.25,0.0086,0.0202,0,collision
66,118,-312.00,6.70,614.91,0.0037,0.0016,0,collision
64,161,-346.63,6.30,895.17,0.0099,0.0030,0,collision
60,128,-304.26,8.31,688.95,0.0053,0.0007,0,collision
65,107,-301.30,5.21,446.23,0.0084,0.0057,0,collision
67,179,-366.69,5.18,677.46,0.0049,0.0167,0,collision
67,160,-370.23,5.24,603.30,0.0055,0.0221,0,collision
68,109,-289.97,8.63,680.31,0.0152,0.0129,0,collision
61,185,-355.62,7.10,994.77,0.0057,0.0543,0,collision
68,176,-355.71,6.92,755.32,0.0046,0.0200,0,collision
66,185,-400.85,6.32,625.86,0.0041,0.0242,0,collision
107,240,-432.81,4.25,773.92,0.0056,0.0077,0,collision
105,383,-592.41,5.67,983.97,0.0021,0.0655,0,collision
106,206,-405.22,5.61,823.49,0.0065,0.0000,0,collision
108,398,-601.10,5.28,1386.31,0.0020,0.0224,0,collision
107,229,-430.62,5.04,821.01,0.0072,0.0064,0,collision
109,237,-445.63,6.14,994.57,0.0043,0.0048,0,collision
108,203,-398.98,6.35,882.20,0.0036,0.0145,0,collision
110,200,-389.89,5.08,736.69,0.0094,0.0394,0,collision
109,209,-411.08,5.05,576.46,0.0060,0.0000,0,collision
111,160,-348.89,7.05,828.98,0.0077,0.0201,0,collision
62,137,-323.66,5.90,610.58,0.0029,0.0032,0,collision
69,188,-393.54,5.14,629.88,0.0032,0.1918,0,collision
69,204,-430.29,4.50,712.10,0.0047,0.0604,0,collision
67,234,-442.49,3.57,707.92,0.0050,0.0301,0,collision
70,159,-343.93,6.73,586.58,0.0063,0.0004,0,collision
63,203,-415.27,4.95,707.79,0.0053,0.0185,0,collision
70,184,-383.92,5.44,754.83,0.0048,0.0000,0,collision
68,195,-393.34,5.22,862.60,0.0032,0.0047,0,collision
71,212,-408.36,6.00,1012.67,0.0073,0.0307,0,collision
64,184,-374.84,5.83,689.02,0.0062,0.0093,0,collision
112,284,-492.37,5.40,998.12,0.0039,0.0187,0,collision
110,384,-547.63,5.54,1465.30,0.0024,0.0366,0,collision
113,181,-378.03,7.03,853.87,0.0023,0.0163,0,collision
111,265,-492.87,5.42,1020.63,0.0045,0.0911,0,collision
114,191,-378.39,6.03,980.95,0.0053,0.0000,0,collision
112,221,-417.38,5.48,997.03,0.0043,0.0018,0,collision
115,279,-30.95,7.97,1371.89,0.0000,0.0000,1,goal
113,219,-410.79,6.45,1045.73,0.0068,0.0076,0,collision
116,251,-509.61,4.55,834.30,0.0017,0.2221,0,collision
114,221,-413.21,5.12,899.20,0.0040,0.0089,0,collision
71,185,-370.60,6.22,793.96,0.0051,0.0000,0,collision
69,155,-358.81,5.39,660.35,0.0098,0.0122,0,collision
65,175,-351.76,6.63,787.57,0.0028,0.0671,0,collision
70,168,-366.04,6.17,813.39,0.0076,0.0071,0,collision
72,195,-394.72,5.74,812.49,0.0010,0.0533,0,collision
73,123,-308.69,7.64,656.46,0.0053,0.0081,0,collision
66,242,-445.11,5.38,1046.61,0.0031,0.0323,0,collision
72,440,-687.88,4.70,1453.33,0.0019,0.1025,0,collision
71,264,-446.48,8.14,911.46,0.0033,0.0290,0,collision
74,149,-337.98,7.05,621.64,0.0121,0.0000,0,collision
117,176,-357.36,6.15,769.55,0.0015,0.0130,0,collision
115,255,0.05,8.68,1272.88,0.0000,0.0000,1,goal
118,180,-355.61,5.12,730.79,0.0037,0.0522,0,collision
116,140,-326.08,6.01,710.23,0.0094,0.0073,0,collision
119,157,-330.67,6.86,813.48,0.0031,0.0025,0,collision
120,154,-333.73,6.81,866.74,0.0049,0.0065,0,collision
117,314,-82.84,7.13,1209.45,0.0000,0.0686,1,goal
121,152,-332.90,7.03,802.99,0.0041,0.0025,0,collision
118,183,-379.72,6.29,851.24,0.0045,0.0337,0,collision
122,237,-431.35,6.23,909.82,0.0038,0.0035,0,collision
72,102,-281.11,5.54,366.75,0.0000,0.0348,0,collision
67,210,-412.99,6.24,911.92,0.0042,0.0287,0,collision
73,191,-367.53,6.85,933.72,0.0035,0.0096,0,collision
74,128,-305.20,7.09,646.91,0.0007,0.0063,0,collision
73,166,-356.16,6.63,796.45,0.0071,0.0048,0,collision
68,208,-410.07,6.20,1058.52,0.0049,0.0000,0,collision
75,314,-517.58,4.81,1140.14,0.0045,0.0027,0,collision
75,154,-331.44,7.47,853.11,0.0090,0.0194,0,collision
74,140,-333.07,6.02,545.64,0.0059,0.0281,0,collision
76,188,-371.36,6.86,820.32,0.0050,0.0000,0,collision
119,227,-437.17,4.59,840.78,0.0035,0.0096,0,collision
123,263,-452.55,4.17,755.31,0.0007,0.0154,0,collision
120,161,-362.91,6.62,787.83,0.0123,0.0105,0,collision
124,157,-336.75,6.63,707.53,0.0092,0.0126,0,collision
121,254,-404.09,8.72,1303.28,0.0035,0.0505,0,collision
125,248,-445.45,5.88,1036.80,0.0035,0.0361,0,collision
122,181,-367.06,5.92,849.21,0.0058,0.0062,0,collision
126,191,-383.72,6.02,932.65,0.0053,0.0000,0,collision
123,126,-300.01,8.60,592.62,0.0055,0.0199,0,collision
127,170,-355.21,5.38,747.20,0.0038,0.0052,0,collision
76,172,-371.01,5.93,802.02,0.0063,0.0056,0,collision
69,247,-8.97,9.03,939.21,0.0000,0.0021,1,goal
75,257,-467.60,5.07,988.92,0.0046,0.0980,0,collision
70,196,-380.69,6.94,953.64,0.0024,0.0620,0,collision
77,275,-504.81,3.74,850.34,0.0011,0.0511,0,collision
77,245,-472.78,4.68,859.77,0.0058,0.1805,0,collision
71,128,-301.84,6.33,576.55,0.0142,0.0000,0,collision
76,257,-469.97,4.56,737.72,0.0042,0.1097,0,collision
72,148,-366.53,6.07,702.83,0.0064,0.0027,0,collision
124,121,-308.99,8.01,753.34,0.0000,0.0177,0,collision
125,191,-384.84,5.52,932.81,0.0060,0.0085,0,collision
128,364,-545.38,4.27,1181.41,0.0031,0.0244,0,collision
129,203,-364.36,6.42,912.79,0.0057,0.0519,0,collision
126,265,-458.64,5.36,1172.65,0.0037,0.0353,0,collision
127,160,-342.43,6.68,790.65,0.0040,0.0106,0,collision
130,207,-413.75,4.36,702.11,0.0065,0.0339,0,collision
131,144,-331.28,6.31,760.14,0.0122,0.0198,0,collision
128,188,-367.86,6.30,947.86,0.0019,0.0000,0,collision
132,244,-453.36,3.94,735.84,0.0047,0.1210,0,collision
78,245,-453.12,4.33,829.74,0.0029,0.0769,0,collision
78,296,-461.99,7.18,1310.72,0.0045,0.0134,0,collision
77,173,-359.08,6.31,871.29,0.0055,0.0020,0,collision
79,161,-341.02,6.50,840.28,0.0009,0.0025,0,collision
73,211,-406.52,4.86,867.91,0.0050,0.0069,0,collision
79,195,-369.87,6.45,1018.22,0.0051,0.0088,0,collision
78,308,-500.61,4.31,1025.76,0.0058,0.0458,0,collision
80,199,-374.74,6.64,1008.06,0.0059,0.0508,0,collision
74,178,-355.58,5.97,879.47,0.0063,0.0000,0,collision
80,216,-402.96,4.47,738.78,0.0040,0.1230,0,collision
133,173,-349.24,6.13,767.07,0.0073,0.0000,0,collision
129,204,-380.31,5.92,944.54,0.0045,0.0641,0,collision
134,180,-359.96,6.35,907.49,0.0070,0.0000,0,collision
130,215,-415.07,5.26,928.27,0.0019,0.0212,0,collision
135,237,-412.29,4.48,738.80,0.0071,0.0098,0,collision
131,250,-439.74,6.02,1171.79,0.0057,0.0628,0,collision
136,219,-413.18,6.06,987.67,0.0057,0.0393,0,collision
132,299,-75.79,7.34,1662.07,0.0000,0.0392,1,goal
137,167,-342.17,5.23,666.44,0.0071,0.0258,0,collision
133,255,-440.89,5.87,1073.48,0.0041,0.0105,0,collision
81,191,-371.25,5.21,640.03,0.0019,0.0157,0,collision
75,201,-388.60,5.77,924.86,0.0066,0.1829,0,collision
79,246,-439.35,4.64,973.78,0.0056,0.0399,0,collision
76,125,-305.03,6.58,590.04,0.0046,0.0178,0,collision
81,341,-102.03,6.51,1276.61,0.0000,0.0006,1,goal
80,210,-386.84,5.52,837.16,0.0055,0.0000,0,collision
82,277,-24.88,8.05,1470.96,0.0000,0.0000,1,goal
77,231,-414.95,4.52,804.04,0.0044,0.0164,0,collision
82,210,-396.40,6.58,1058.20,0.0051,0.0093,0,collision
134,156,-361.53,3.96,471.68,0.0051,0.0867,0,collision
138,226,-386.52,7.17,1145.03,0.0042,0.0000,0,collision
135,161,-337.31,6.53,699.21,0.0108,0.0086,0,collision
139,225,-407.10,5.90,1003.98,0.0021,0.0301,0,collision
136,257,-456.41,5.01,1074.18,0.0015,0.0110,0,collision
140,279,-465.73,5.17,1026.57,0.0045,0.1396,0,collision
137,168,-329.74,7.74,990.30,0.0063,0.0059,0,collision
138,241,-438.83,4.18,726.42,0.0036,0.0133,0,collision
141,281,-477.99,4.19,740.41,0.0019,0.0187,0,collision
139,208,-394.57,5.99,983.40,0.0090,0.0032,0,collision
81,237,-412.67,5.47,916.23,0.0015,0.0217,0,collision
83,336,-505.21,6.52,1635.94,0.0039,0.0002,0,collision
82,161,-348.22,5.15,599.71,0.0027,0.0036,0,collision
83,251,-444.76,5.43,1167.81,0.0030,0.0115,0,collision
78,324,-528.54,3.34,800.23,0.0019,0.0087,0,collision
84,221,-398.03,5.94,944.36,0.0063,0.0042,0,collision
84,222,-398.38,6.26,1081.82,0.0075,0.0128,0,collision
83,278,-46.67,7.96,1440.13,0.0000,0.0158,1,goal
142,272,-494.27,3.76,780.72,0.0031,0.0136,0,collision
140,372,-593.42,3.92,1158.64,0.0043,0.0015,0,collision
143,371,-537.37,5.76,1404.08,0.0034,0.0293,0,collision
141,327,-565.30,3.35,864.88,0.0038,0.0035,0,collision
144,258,-443.33,5.01,929.18,0.0043,0.0000,0,collision
142,215,-419.37,4.73,795.04,0.0055,0.0000,0,collision
143,223,-435.31,4.30,577.11,0.0027,0.1410,0,collision
145,269,-483.25,3.81,818.21,0.0050,0.0132,0,collision
146,172,-339.50,7.48,942.39,0.0082,0.0027,0,collision
144,401,-588.33,5.10,1471.69,0.0017,0.0169,0,collision
79,282,-490.55,3.57,757.97,0.0048,0.0037,0,collision
85,215,-391.80,6.05,1088.96,0.0034,0.0460,0,collision
84,176,-355.64,6.50,778.27,0.0043,0.0202,0,collision
85,206,-409.95,5.61,825.77,0.0091,0.0000,0,collision
80,269,-481.45,4.69,1075.31,0.0034,0.0194,0,collision
86,213,-390.57,6.05,978.41,0.0070,0.0105,0,collision
85,251,-450.79,5.05,833.79,0.0019,0.0140,0,collision
86,302,-66.28,7.31,1448.22,0.0000,0.0264,1,goal
145,219,-402.79,5.30,841.37,0.0047,0.0316,0,collision
147,278,-45.00,7.99,1494.04,0.0000,0.0059,1,goal
148,222,-419.47,5.30,822.62,0.0028,0.0392,0,collision
146,305,-63.24,7.34,1237.22,0.0000,0.0172,1,goal
147,146,-313.13,7.64,736.68,0.0075,0.0091,0,collision
149,259,-427.07,5.89,1154.49,0.0056,0.0121,0,collision
148,247,-441.00,4.80,787.14,0.0040,0.0295,0,collision
150,271,-488.32,3.91,905.99,0.0048,0.0166,0,collision
149,217,-400.77,5.94,1090.15,0.0014,0.0207,0,collision
151,265,-444.56,5.53,897.66,0.0035,0.0047,0,collision
87,287,-485.97,4.89,1077.64,0.0027,0.0369,0,collision
86,233,-409.88,5.68,987.91,0.0049,0.0246,0,collision
81,357,-132.27,6.16,1575.68,0.0000,0.0000,1,goal
87,211,-400.98,5.48,913.79,0.0076,0.0000,0,collision
87,203,-373.55,6.37,1057.58,0.0039,0.0431,0,collision
88,185,-364.78,6.96,914.34,0.0091,0.0062,0,collision
82,247,-435.45,4.61,840.98,0.0006,0.0390,0,collision
88,349,-123.86,6.39,1351.37,0.0000,0.0712,1,goal
88,179,-352.13,6.63,841.79,0.0083,0.0000,0,collision
150,174,-347.31,7.28,943.88,0.0040,0.0190,0,collision
152,198,-383.77,4.60,659.27,0.0091,0.0044,0,collision
151,198,-378.98,5.49,873.25,0.0041,0.0105,0,collision
153,240,-401.44,6.16,1160.74,0.0038,0.0000,0,collision
154,179,-366.59,5.91,841.02,0.0024,0.0242,0,collision
152,397,-194.54,5.62,1509.99,0.0000,0.0989,1,goal
155,234,-400.04,5.50,894.93,0.0046,0.0110,0,collision
153,184,-350.90,5.99,668.11,0.0085,0.0125,0,collision
156,221,-420.55,5.88,1121.15,0.0021,0.0293,0,collision
154,171,-357.32,4.99,712.68,0.0102,0.0351,0,collision
89,206,-400.69,6.50,972.78,0.0030,0.0274,0,collision
83,265,-455.33,5.31,1208.16,0.0051,0.0000,0,collision
89,164,-339.04,6.61,812.00,0.0077,0.0127,0,collision
89,384,-567.28,5.71,1481.24,0.0040,0.0795,0,collision
90,170,-352.20,6.62,969.05,0.0037,0.0168,0,collision
84,260,-435.48,5.14,1025.92,0.0055,0.0355,0,collision
90,268,-490.63,4.39,758.81,0.0069,0.0480,0,collision
90,340,-102.49,6.54,1340.10,0.0000,0.0082,1,goal
91,227,-402.66,5.59,1071.42,0.0013,0.0319,0,collision
155,152,-325.88,6.74,664.32,0.0034,0.0078,0,collision
157,229,-415.63,6.29,1214.67,0.0047,0.0222,0,collision
156,266,-17.56,8.40,1472.89,0.0000,0.0000,1,goal
158,208,-415.71,5.43,901.82,0.0067,0.2128,0,collision
159,99,-274.66,8.81,542.40,0.0065,0.0262,0,collision
157,137,-307.31,9.21,727.19,0.0067,0.0003,0,collision
160,61,-248.74,10.70,355.47,0.0022,0.0702,0,collision
161,153,-350.55,6.56,792.32,0.0038,0.0084,0,collision
158,212,-386.18,7.00,1072.41,0.0029,0.0069,0,collision
162,200,-376.60,6.83,1084.08,0.0038,0.0070,0,collision
85,180,-357.72,6.67,836.38,0.0061,0.0310,0,collision
91,112,-288.64,7.07,408.26,0.0132,0.0071,0,collision
91,187,-371.60,5.69,718.05,0.0046,0.0182,0,collision
92,180,-370.56,7.40,869.86,0.0079,0.0406,0,collision
92,199,-380.45,7.37,936.77,0.0056,0.0273,0,collision
86,216,-397.87,6.01,937.66,0.0046,0.0204,0,collision
92,149,-318.40,7.69,763.05,0.0090,0.0327,0,collision
93,183,-367.52,5.76,933.53,0.0084,0.0089,0,collision
87,160,-338.04,6.52,955.65,0.0112,0.0052,0,collision
93,174,-358.24,6.05,963.18,0.0014,0.0068,0,collision
94,141,-319.00,7.64,795.97,0.0082,0.0074,0,collision
163,196,-369.56,7.25,1203.95,0.0043,0.0247,0,collision
159,273,-38.76,8.15,1301.62,0.0000,0.0000,1,goal
164,135,-301.41,9.57,785.88,0.0096,0.0136,0,collision
160,153,-338.01,5.89,684.05,0.0102,0.0000,0,collision
165,202,-380.24,6.34,1062.98,0.0013,0.0171,0,collision
161,262,-417.74,8.13,1399.23,0.0042,0.0016,0,collision
166,196,-376.74,6.71,785.33,0.0033,0.0367,0,collision
162,177,-363.30,6.59,941.95,0.0084,0.0407,0,collision
167,185,-352.66,7.55,956.20,0.0021,0.0334,0,collision
163,139,-317.85,6.42,771.40,0.0097,0.0120,0,collision
93,255,-417.77,8.45,1380.46,0.0072,0.0048,0,collision
88,158,-336.47,7.27,812.62,0.0090,0.0026,0,collision
94,176,-341.90,8.72,688.27,0.0028,0.0832,0,collision
95,182,-369.20,5.91,723.01,0.0048,0.0240,0,collision
89,158,-342.85,7.47,875.61,0.0088,0.0002,0,collision
94,214,-431.44,5.58,1029.97,0.0009,0.1710,0,collision
95,179,-357.85,7.77,1037.12,0.0012,0.0204,0,collision
96,130,-310.07,8.48,714.87,0.0115,0.0116,0,collision
90,171,-353.16,6.69,968.06,0.0086,0.0028,0,collision
96,154,-329.92,6.68,703.18,0.0028,0.0007,0,collision
97,174,-335.07,7.43,1001.18,0.0028,0.0866,0,collision
168,108,-300.32,5.69,502.53,0.0063,0.0000,0,collision
164,116,-298.09,7.13,589.75,0.0118,0.0446,0,collision
165,160,-346.21,6.00,725.05,0.0004,0.0845,0,collision
169,245,-429.53,5.74,1040.05,0.0023,0.0509,0,collision
166,212,-378.09,6.58,995.26,0.0072,0.0270,0,collision
170,219,-400.42,6.11,973.94,0.0052,0.0427,0,collision
167,190,-371.75,6.34,879.13,0.0061,0.0354,0,collision
168,92,-278.61,6.18,469.69,0.0050,0.0586,0,collision
171,255,-440.97,5.28,975.02,0.0032,0.0137,0,collision
169,154,-326.44,6.83,812.92,0.0106,0.0049,0,collision
95,273,-442.69,7.29,1264.78,0.0030,0.0473,0,collision
91,171,-339.75,6.18,706.21,0.0085,0.0035,0,collision
98,172,-359.11,6.82,735.73,0.0025,0.0000,0,collision
97,227,-414.88,5.78,1055.95,0.0080,0.1163,0,collision
96,180,-358.02,6.54,859.67,0.0080,0.0046,0,collision
99,216,-391.96,6.90,1239.66,0.0053,0.0699,0,collision
97,172,-348.78,7.46,973.76,0.0055,0.0063,0,collision
98,230,-405.88,6.12,1195.94,0.0034,0.0090,0,collision
92,352,-551.15,6.01,1514.19,0.0029,0.1419,0,collision
170,210,-398.98,5.30,902.20,0.0077,0.0126,0,collision
172,217,-402.50,5.95,925.37,0.0065,0.0374,0,collision
171,179,-357.55,5.06,696.86,0.0076,0.0061,0,collision
173,202,-391.30,4.66,810.96,0.0093,0.0000,0,collision
174,217,-413.31,5.34,1006.85,0.0047,0.0294,0,collision
172,295,-511.59,4.77,1079.90,0.0031,0.1250,0,collision
175,199,-388.54,4.84,699.48,0.0068,0.1381,0,collision
173,373,-143.69,5.96,1397.58,0.0000,0.0589,1,goal
176,284,-476.46,5.01,1047.01,0.0015,0.0713,0,collision
174,162,-344.80,5.99,799.25,0.0065,0.0960,0,collision
93,132,-311.06,7.59,757.24,0.0036,0.0000,0,collision
100,216,-401.12,5.98,1110.60,0.0055,0.0143,0,collision
99,201,-375.04,6.39,981.31,0.0047,0.0098,0,collision
98,233,-420.02,5.67,982.69,0.0046,0.0334,0,collision
94,142,-343.02,4.74,479.73,0.0065,0.0000,0,collision
101,196,-365.33,6.59,979.45,0.0027,0.0103,0,collision
100,211,-409.58,4.70,719.95,0.0039,0.1410,0,collision
99,258,-461.62,4.61,935.55,0.0035,0.0036,0,collision
95,240,-421.63,5.44,1024.57,0.0023,0.0161,0,collision
102,193,-372.24,5.91,1002.17,0.0079,0.0040,0,collision
101,167,-338.36,6.40,775.17,0.0066,0.0047,0,collision
175,198,-376.99,5.68,842.04,0.0022,0.0176,0,collision
177,247,-434.66,5.24,970.18,0.0025,0.0137,0,collision
176,270,-466.07,4.41,892.84,0.0050,0.0445,0,collision
178,316,-55.92,7.06,1269.54,0.0000,0.0000,1,goal
179,186,-364.97,5.27,690.79,0.0058,0.0609,0,collision
177,286,-455.98,5.65,1012.26,0.0056,0.0226,0,collision
178,181,-340.34,7.28,843.89,0.0087,0.0050,0,collision
180,221,-424.81,4.23,634.71,0.0042,0.0654,0,collision
179,207,-405.04,5.14,820.20,0.0085,0.0055,0,collision
181,236,-429.21,5.41,1050.65,0.0080,0.1018,0,collision
103,121,-317.97,5.03,349.55,0.0078,0.0817,0,collision
100,251,-435.21,5.27,969.10,0.0017,0.0341,0,collision
102,183,-369.52,4.58,584.22,0.0026,0.0007,0,collision
96,249,-418.11,4.84,924.22,0.0048,0.0006,0,collision
104,210,-406.46,5.53,1015.20,0.0049,0.0038,0,collision
101,226,-417.74,5.30,851.97,0.0072,0.0000,0,collision
103,215,-402.25,5.98,957.17,0.0043,0.0185,0,collision
97,224,-390.07,6.27,952.60,0.0057,0.0247,0,collision
105,151,-332.93,6.16,764.85,0.0050,0.0066,0,collision
98,124,-298.50,7.10,674.47,0.0132,0.0137,0,collision
182,237,-415.55,5.57,937.85,0.0032,0.0401,0,collision
180,344,-560.42,3.37,939.81,0.0051,0.0502,0,collision
183,317,-499.84,4.94,1184.76,0.0034,0.0115,0,collision
181,284,-480.18,3.66,689.55,0.0042,0.0544,0,collision
184,216,-395.13,5.51,977.29,0.0079,0.0000,0,collision
182,242,-458.05,4.70,925.96,0.0052,0.0818,0,collision
185,289,-40.69,7.68,1360.46,0.0000,0.0000,1,goal
183,230,-403.28,5.55,1035.25,0.0042,0.0203,0,collision
186,155,-333.42,5.51,591.28,0.0096,0.0135,0,collision
184,222,-423.84,5.20,865.97,0.0086,0.0167,0,collision
102,293,-501.84,3.64,873.84,0.0043,0.0061,0,collision
106,197,-375.89,5.96,783.77,0.0087,0.0048,0,collision
104,310,-504.39,5.02,1098.01,0.0058,0.0552,0,collision
99,177,-367.88,4.46,528.76,0.0097,0.0288,0,collision
103,136,-313.86,6.30,630.54,0.0118,0.0217,0,collision
100,213,-394.56,4.91,843.60,0.0065,0.0088,0,collision
105,268,-463.23,4.33,806.41,0.0043,0.0428,0,collision
107,351,-588.58,3.95,1110.94,0.0045,0.1019,0,collision
104,242,-430.18,5.35,967.72,0.0011,0.0292,0,collision
185,365,-551.12,5.91,1379.34,0.0025,0.1432,0,collision
187,392,-179.73,5.64,1518.02,0.0000,0.0623,1,goal
186,182,-372.52,5.19,779.76,0.0105,0.0517,0,collision
188,205,-378.26,6.27,971.01,0.0053,0.0272,0,collision
189,143,-321.36,5.80,654.71,0.0076,0.0234,0,collision
187,292,-42.37,7.65,1388.79,0.0000,0.0000,1,goal
188,181,-359.71,6.37,1010.72,0.0077,0.0191,0,collision
190,386,-150.75,5.80,1429.37,0.0000,0.0906,1,goal
189,250,-436.41,6.35,1166.48,0.0047,0.0079,0,collision
191,243,-411.03,5.98,1009.81,0.0028,0.0000,0,collision
101,154,-332.56,5.64,622.48,0.0122,0.0091,0,collision
106,247,-425.03,5.30,933.10,0.0017,0.0497,0,collision
108,355,-528.91,5.97,1417.67,0.0028,0.0479,0,collision
105,349,-519.95,5.87,1490.46,0.0049,0.1527,0,collision
107,179,-345.26,7.26,926.45,0.0000,0.0127,0,collision
102,373,-156.79,5.98,1599.70,0.0000,0.0347,1,goal
109,203,-364.97,7.12,1126.70,0.0097,0.0000,0,collision
106,205,-368.25,6.81,1005.09,0.0006,0.0278,0,collision
190,148,-336.36,7.21,822.13,0.0090,0.0053,0,collision
192,272,-27.53,8.15,1676.11,0.0000,0.0000,1,goal
193,145,-321.01,7.35,793.88,0.0089,0.0000,0,collision
191,275,-27.87,8.03,1508.04,0.0000,0.0000,1,goal
194,159,-349.91,6.64,781.42,0.0063,0.0033,0,collision
192,239,-417.32,6.21,933.95,0.0052,0.1695,0,collision
195,257,-447.35,5.82,1135.07,0.0069,0.0854,0,collision
193,199,-374.64,6.50,1207.58,0.0044,0.0079,0,collision
196,217,-387.78,5.71,1069.95,0.0038,0.0086,0,collision
194,237,-385.69,9.30,1276.52,0.0055,0.0190,0,collision
108,210,-400.59,4.73,736.24,0.0065,0.0637,0,collision
103,196,-381.40,5.62,887.53,0.0069,0.0028,0,collision
110,163,-323.89,7.85,784.95,0.0061,0.0000,0,collision
107,149,-326.49,8.00,797.71,0.0056,0.0178,0,collision
104,202,-377.75,6.31,1064.45,0.0027,0.0117,0,collision
109,293,-40.42,7.56,1326.93,0.0000,0.0002,1,goal
111,182,-373.19,5.58,796.94,0.0086,0.0270,0,collision
108,221,-399.38,5.97,925.11,0.0055,0.0510,0,collision
112,140,-315.36,8.04,945.71,0.0018,0.0279,0,collision
105,199,-366.79,6.35,954.28,0.0035,0.0593,0,collision
195,140,-312.62,7.48,707.24,0.0063,0.0055,0,collision
197,172,-345.50,6.04,790.77,0.0053,0.0100,0,collision
196,210,-411.63,5.48,953.84,0.0025,0.0336,0,collision
198,372,-559.11,5.75,1460.77,0.0021,0.0414,0,collision
197,339,-95.72,6.49,1577.80,0.0000,0.0380,1,goal
199,174,-356.37,6.67,972.43,0.0046,0.0000,0,collision
200,230,-393.58,6.57,1110.05,0.0044,0.0523,0,collision
198,334,-498.44,6.35,1513.81,0.0037,0.0215,0,collision
201,198,-391.44,4.47,747.85,0.0059,0.0214,0,collision
199,176,-345.35,5.92,773.18,0.0058,0.0048,0,collision
110,219,-416.23,4.81,847.09,0.0048,0.0956,0,collision
113,218,-383.81,6.36,1097.70,0.0034,0.0478,0,collision
106,221,-396.89,6.82,1129.63,0.0052,0.0496,0,collision
111,196,-371.81,6.52,1073.96,0.0060,0.0241,0,collision
109,357,-538.51,5.73,1459.07,0.0027,0.1504,0,collision
114,150,-327.30,7.58,605.14,0.0036,0.0385,0,collision
110,182,-369.58,6.52,902.72,0.0058,0.0291,0,collision
107,216,-412.98,4.67,856.65,0.0066,0.0000,0,collision
112,211,-383.10,5.71,918.53,0.0029,0.0248,0,collision
115,152,-330.58,6.86,822.47,0.0034,0.0000,0,collision
200,155,-333.40,6.76,793.30,0.0036,0.0034,0,collision
202,245,-437.57,6.25,1001.43,0.0040,0.0680,0,collision
201,198,-365.17,6.45,1092.11,0.0065,0.0057,0,collision
203,238,-414.64,5.91,1120.60,0.0037,0.0508,0,collision
202,164,-346.86,6.50,759.11,0.0070,0.0022,0,collision
204,203,-375.90,6.88,894.25,0.0000,0.0309,0,collision
203,236,-420.48,6.25,1257.18,0.0033,0.0336,0,collision
205,219,-385.97,6.83,1156.88,0.0046,0.0627,0,collision
204,178,-350.86,7.21,1009.67,0.0060,0.0264,0,collision
206,103,-289.99,5.83,436.94,0.0116,0.0000,0,collision
108,132,-312.28,6.93,700.69,0.0107,0.0000,0,collision
111,157,-332.26,6.95,803.27,0.0056,0.0099,0,collision
116,103,-286.93,5.51,416.79,0.0114,0.0085,0,collision
113,172,-355.21,6.20,764.78,0.0090,0.0094,0,collision
109,144,-326.33,7.25,667.56,0.0090,0.0249,0,collision
112,141,-320.29,8.29,937.25,0.0092,0.0041,0,collision
117,197,-372.34,6.65,950.16,0.0080,0.0330,0,collision
114,209,-373.19,6.69,1013.82,0.0034,0.0312,0,collision
113,189,-367.05,5.59,902.61,0.0039,0.0008,0,collision
118,169,-338.45,6.31,828.55,0.0085,0.0057,0,collision
115,194,-381.72,4.79,769.83,0.0012,0.0896,0,collision
110,348,-508.67,5.92,1466.69,0.0029,0.0800,0,collision
205,69,-255.11,8.91,427.92,0.0035,0.0000,0,collision
206,153,-325.06,7.24,692.09,0.0081,0.0152,0,collision
207,280,-473.30,5.40,1153.47,0.0049,0.1368,0,collision
207,157,-342.58,6.61,847.86,0.0122,0.0000,0,collision
208,161,-339.49,6.77,811.48,0.0061,0.0152,0,collision
208,175,-348.33,6.06,780.77,0.0050,0.0074,0,collision
209,178,-337.52,7.99,969.79,0.0005,0.0206,0,collision
209,180,-362.52,5.79,849.57,0.0055,0.0077,0,collision
210,140,-321.23,7.20,713.03,0.0100,0.0000,0,collision
210,321,-79.94,6.94,1631.02,0.0000,0.0095,1,goal
114,186,-355.95,6.94,933.43,0.0015,0.0201,0,collision
119,149,-331.54,6.24,783.76,0.0066,0.0000,0,collision
116,148,-319.44,6.97,680.49,0.0081,0.0000,0,collision
111,207,-378.02,6.29,950.10,0.0024,0.0318,0,collision
120,238,-408.29,6.23,1092.53,0.0038,0.0022,0,collision
117,201,-384.73,6.19,896.69,0.0092,0.0403,0,collision
115,302,-487.36,5.17,1185.50,0.0066,0.0687,0,collision
112,162,-344.22,6.18,809.53,0.0067,0.0025,0,collision
118,126,-311.88,6.60,623.35,0.0063,0.0000,0,collision
116,151,-342.86,6.26,654.48,0.0040,0.0112,0,collision
113,133,-317.80,6.54,626.39,0.0037,0.0000,0,collision
211,180,-349.39,6.65,880.61,0.0043,0.0000,0,collision
211,204,-359.37,6.82,1100.24,0.0039,0.0244,0,collision
212,132,-305.48,7.71,782.65,0.0131,0.0184,0,collision
212,166,-340.88,6.58,837.21,0.0015,0.0130,0,collision
213,216,-400.39,5.32,841.41,0.0031,0.0027,0,collision
213,295,-455.64,7.28,1443.18,0.0041,0.0147,0,collision
214,269,-452.25,5.34,1103.48,0.0032,0.0071,0,collision
214,286,-478.28,5.02,1037.35,0.0020,0.1231,0,collision
215,105,-284.39,7.21,509.11,0.0097,0.0000,0,collision
215,289,-29.54,7.69,1553.76,0.0000,0.0009,1,goal
121,239,-405.94,6.64,1209.97,0.0022,0.0628,0,collision
117,167,-337.37,7.62,783.80,0.0021,0.0477,0,collision
119,230,-384.42,6.65,962.02,0.0026,0.0621,0,collision
122,215,-408.24,5.69,1022.96,0.0005,0.0785,0,collision
114,269,-480.31,3.79,724.47,0.0072,0.0214,0,collision
120,167,-337.42,7.34,957.92,0.0043,0.0170,0,collision
115,74,-259.94,8.35,299.35,0.0125,0.0000,0,collision
123,159,-337.19,7.49,872.94,0.0065,0.0310,0,collision
118,277,-33.58,7.91,1312.46,0.0000,0.0000,1,goal
121,156,-327.24,6.66,828.56,0.0048,0.0000,0,collision
216,219,-399.85,6.38,1063.40,0.0081,0.0131,0,collision
216,380,-564.59,5.35,1359.20,0.0028,0.1236,0,collision
217,238,-437.42,5.37,1055.12,0.0033,0.0574,0,collision
217,176,-351.40,6.27,815.02,0.0074,0.0000,0,collision
218,136,-321.99,7.64,784.33,0.0067,0.0000,0,collision
218,321,-496.23,6.61,1519.56,0.0013,0.0634,0,collision
219,299,-38.74,7.40,1573.66,0.0000,0.0266,1,goal
219,303,-61.44,7.34,1605.99,0.0000,0.0000,1,goal
220,99,-284.80,5.76,399.05,0.0041,0.0582,0,collision
220,150,-326.33,7.13,710.42,0.0098,0.0072,0,collision
116,184,-371.81,5.18,775.31,0.0062,0.1184,0,collision
124,127,-305.02,6.79,656.82,0.0125,0.0000,0,collision
119,130,-325.65,4.51,523.27,0.0043,0.0455,0,collision
122,138,-321.76,6.88,670.70,0.0076,0.0000,0,collision
117,229,-401.52,6.08,1008.10,0.0018,0.0485,0,collision
125,221,-382.59,6.89,1034.41,0.0042,0.0078,0,collision
120,213,-379.27,5.90,1104.75,0.0054,0.0042,0,collision
123,174,-352.95,6.33,851.83,0.0058,0.0048,0,collision
126,129,-300.46,7.06,716.01,0.0112,0.0000,0,collision
121,151,-332.29,6.82,792.64,0.0118,0.0000,0,collision
118,184,-363.78,5.37,774.28,0.0032,0.0911,0,collision
124,171,-345.14,5.62,755.69,0.0049,0.0188,0,collision
221,155,-332.94,5.99,665.05,0.0059,0.0045,0,collision
221,255,-445.55,4.08,712.33,0.0051,0.0001,0,collision
222,198,-365.04,6.63,1053.58,0.0044,0.0342,0,collision
222,171,-349.64,6.66,879.52,0.0057,0.0301,0,collision
223,181,-351.58,6.00,817.82,0.0047,0.0593,0,collision
223,225,-413.06,4.57,730.40,0.0068,0.0000,0,collision
224,133,-305.19,7.99,824.53,0.0056,0.0154,0,collision
224,314,-69.34,7.08,1550.37,0.0000,0.0239,1,goal
225,165,-341.31,7.00,778.07,0.0067,0.0182,0,collision
225,287,-48.10,7.80,1381.70,0.0000,0.0294,1,goal
127,155,-334.75,6.71,741.98,0.0077,0.0039,0,collision
125,142,-317.15,7.80,858.45,0.0078,0.0000,0,collision
122,239,-429.50,5.41,1028.41,0.0042,0.0505,0,collision
128,141,-310.85,7.68,816.88,0.0042,0.0000,0,collision
119,279,-465.25,4.98,1085.35,0.0037,0.0397,0,collision
126,247,-428.73,5.98,1249.96,0.0049,0.0019,0,collision
120,159,-340.67,5.66,644.78,0.0057,0.0237,0,collision
129,195,-367.75,6.50,980.64,0.0085,0.0092,0,collision
123,274,-484.32,4.87,1099.33,0.0019,0.1216,0,collision
130,151,-320.63,7.01,780.53,0.0056,0.0000,0,collision
127,167,-351.83,6.87,854.94,0.0105,0.0460,0,collision
226,246,-428.58,4.37,770.81,0.0046,0.0248,0,collision
226,271,-491.28,4.49,997.51,0.0019,0.1200,0,collision
227,187,-365.01,6.10,888.69,0.0012,0.0214,0,collision
227,269,-475.61,3.92,769.08,0.0052,0.0000,0,collision
228,197,-381.09,5.59,813.45,0.0067,0.0045,0,collision
228,186,-363.90,5.04,683.28,0.0053,0.0019,0,collision
229,291,-28.00,7.64,1647.82,0.0000,0.0000,1,goal
229,238,-410.39,6.32,1061.21,0.0042,0.0061,0,collision
230,261,-454.82,4.00,763.63,0.0013,0.0353,0,collision
230,381,-176.67,5.85,1730.91,0.0000,0.1045,1,goal
121,227,-398.90,6.09,1078.48,0.0003,0.0364,0,collision
124,302,-43.23,7.39,1507.26,0.0000,0.0114,1,goal
128,218,-396.36,6.02,851.98,0.0047,0.0416,0,collision
131,236,-402.07,6.46,1172.57,0.0071,0.0354,0,collision
122,280,-20.50,7.97,1445.05,0.0000,0.0000,1,goal
129,172,-342.43,6.32,838.53,0.0064,0.0013,0,collision
125,219,-414.39,5.89,763.42,0.0016,0.0665,0,collision
132,228,-411.57,5.68,1011.05,0.0078,0.0324,0,collision
123,122,-310.64,4.87,482.01,0.0049,0.0500,0,collision
231,240,-424.40,5.35,1001.55,0.0049,0.0566,0,collision
231,241,-397.81,6.23,1155.26,0.0059,0.0042,0,collision
232,174,-344.02,5.47,707.10,0.0057,0.0009,0,collision
232,244,-420.41,5.99,820.47,0.0050,0.0000,0,collision
233,204,-393.19,5.25,727.32,0.0033,0.0107,0,collision
233,252,-445.35,5.12,937.59,0.0000,0.1296,0,collision
234,330,-84.85,6.71,1553.24,0.0000,0.0469,1,goal
234,279,-468.70,4.63,1039.75,0.0011,0.0303,0,collision
235,264,-456.77,3.98,801.85,0.0045,0.0037,0,collision
235,224,-396.94,5.90,996.48,0.0029,0.0456,0,collision
130,205,-385.53,5.60,869.33,0.0061,0.0035,0,collision
126,183,-363.08,4.91,682.03,0.0080,0.0000,0,collision
124,245,-417.12,5.78,1079.87,0.0061,0.0137,0,collision
127,174,-348.74,6.13,801.59,0.0095,0.0163,0,collision
131,202,-370.76,6.50,948.41,0.0050,0.0353,0,collision
133,407,-182.42,5.47,1571.27,0.0000,0.1227,1,goal
128,171,-350.12,6.74,895.97,0.0054,0.0000,0,collision
132,207,-376.45,6.34,1011.93,0.0048,0.0427,0,collision
125,309,-461.07,6.79,1357.65,0.0046,0.0258,0,collision
236,181,-356.82,4.78,655.98,0.0046,0.0303,0,collision
236,277,-18.42,7.98,1433.11,0.0000,0.0000,1,goal
237,262,-461.24,5.00,1021.02,0.0016,0.0791,0,collision
237,169,-344.58,5.22,653.88,0.0073,0.0413,0,collision
238,189,-355.81,6.87,964.85,0.0007,0.0276,0,collision
239,167,-341.25,6.65,830.23,0.0066,0.0291,0,collision
238,377,-567.05,3.95,1109.58,0.0018,0.0752,0,collision
240,98,-275.75,6.94,501.81,0.0167,0.0000,0,collision
239,279,-478.20,4.15,836.63,0.0037,0.0824,0,collision
241,311,-519.13,5.00,1128.08,0.0032,0.0850,0,collision
129,206,-375.70,6.31,980.57,0.0030,0.0376,0,collision
134,301,-499.69,3.49,710.68,0.0019,0.0045,0,collision
133,174,-349.32,4.94,669.16,0.0106,0.0111,0,collision
126,240,-416.12,5.28,977.23,0.0067,0.0323,0,collision
134,188,-374.26,5.34,722.66,0.0087,0.0130,0,collision
135,220,-399.80,5.84,971.19,0.0035,0.0284,0,collision
130,284,-497.04,3.64,789.32,0.0029,0.0678,0,collision
127,192,-361.21,6.58,896.63,0.0092,0.0228,0,collision
242,221,-396.70,5.77,1035.50,0.0011,0.0082,0,collision
240,277,-20.10,8.06,1348.54,0.0000,0.0000,1,goal
243,183,-352.37,6.63,954.60,0.0068,0.0000,0,collision
241,283,-455.62,5.47,1221.53,0.0037,0.0181,0,collision
244,316,-558.40,3.22,717.16,0.0018,0.0131,0,collision
242,316,-77.74,6.97,1519.47,0.0000,0.0195,1,goal
245,208,-390.76,5.18,827.84,0.0047,0.0271,0,collision
243,207,-389.87,5.65,906.06,0.0033,0.0000,0,collision
246,161,-340.45,6.06,721.50,0.0019,0.0000,0,collision
244,166,-384.39,3.73,464.27,0.0016,0.1013,0,collision
136,162,-333.41,6.56,661.45,0.0090,0.0065,0,collision
135,192,-364.24,6.80,862.76,0.0017,0.0138,0,collision
131,224,-413.61,4.79,763.61,0.0050,0.0027,0,collision
128,214,-365.03,7.14,1004.78,0.0050,0.0537,0,collision
137,210,-406.51,5.46,851.40,0.0012,0.0810,0,collision
129,153,-341.28,5.97,714.08,0.0131,0.0000,0,collision
136,281,-490.77,3.66,742.79,0.0044,0.0004,0,collision
132,287,-519.60,4.45,1012.23,0.0040,0.2006,0,collision
130,169,-334.54,7.05,825.50,0.0055,0.0000,0,collision
137,214,-390.73,6.29,906.07,0.0006,0.0254,0,collision
247,228,-413.67,4.66,834.46,0.0010,0.0006,0,collision
245,248,-400.66,5.71,983.65,0.0015,0.0718,0,collision
248,237,-430.88,4.80,867.70,0.0046,0.0000,0,collision
246,268,-461.74,4.51,816.09,0.0047,0.0122,0,collision
249,377,-568.93,3.89,1034.05,0.0029,0.0397,0,collision
247,357,-510.10,5.94,1372.94,0.0032,0.0298,0,collision
250,231,-406.44,5.67,973.60,0.0005,0.0061,0,collision
248,322,-540.63,4.31,1111.23,0.0005,0.1864,0,collision
249,184,-363.68,5.59,777.44,0.0029,0.0024,0,collision
251,352,-529.91,5.20,1290.38,0.0013,0.0346,0,collision
138,309,-537.07,3.39,727.29,0.0033,0.0173,0,collision
131,150,-335.71,5.65,674.89,0.0029,0.0000,0,collision
138,133,-306.36,7.04,570.42,0.0120,0.0000,0,collision
133,238,-404.68,6.01,1098.35,0.0061,0.0000,0,collision
139,149,-317.79,7.81,719.77,0.0060,0.0254,0,collision
139,154,-328.59,5.53,585.24,0.0066,0.0000,0,collision
132,285,-500.05,4.65,994.39,0.0034,0.1024,0,collision
140,227,-410.58,4.81,726.93,0.0044,0.0677,0,collision
134,305,-507.87,3.61,753.59,0.0055,0.0250,0,collision
140,205,-383.35,5.19,804.06,0.0014,0.0010,0,collision
250,214,-385.29,6.26,876.77,0.0080,0.0000,0,collision
252,364,-593.33,4.18,1111.43,0.0043,0.1816,0,collision
251,263,-443.15,5.55,1014.06,0.0054,0.0006,0,collision
252,148,-328.53,6.32,704.11,0.0095,0.0000,0,collision
253,264,-449.91,5.42,1033.33,0.0026,0.1043,0,collision
254,164,-332.25,5.47,690.95,0.0119,0.0000,0,collision
253,170,-348.18,6.46,907.55,0.0118,0.0031,0,collision
254,263,-472.67,4.30,1002.62,0.0063,0.1163,0,collision
255,268,-416.69,8.05,1329.18,0.0039,0.0000,0,collision
255,379,-544.97,5.69,1349.97,0.0015,0.0471,0,collision
133,228,-437.83,4.70,816.39,0.0075,0.0278,0,collision
141,223,-416.24,5.14,838.09,0.0043,0.0237,0,collision
135,245,-430.35,5.19,1013.37,0.0052,0.0172,0,collision
142,154,-324.73,7.02,781.06,0.0074,0.0200,0,collision
141,296,-450.66,7.55,1509.33,0.0024,0.0091,0,collision
134,193,-355.70,6.66,907.78,0.0055,0.0218,0,collision
136,237,-408.30,5.55,983.92,0.0027,0.0245,0,collision
143,238,-411.05,5.85,963.97,0.0044,0.0267,0,collision
256,171,-352.83,5.88,675.77,0.0058,0.0000,0,collision
256,236,-389.27,5.57,931.54,0.0052,0.0447,0,collision
257,172,-357.22,6.13,799.05,0.0109,0.0062,0,collision
257,180,-361.67,5.86,784.82,0.0058,0.0082,0,collision
258,157,-324.64,6.88,656.11,0.0070,0.0000,0,collision
258,171,-332.36,7.74,937.03,0.0059,0.0000,0,collision
259,197,-388.90,5.75,881.14,0.0054,0.0308,0,collision
259,173,-341.76,6.30,807.11,0.0020,0.0114,0,collision
260,149,-322.85,6.01,663.88,0.0081,0.0000,0,collision
260,234,-402.91,6.14,1076.47,0.0016,0.0228,0,collision
142,269,-438.09,5.31,1081.94,0.0069,0.0056,0,collision
137,152,-330.22,6.56,768.51,0.0088,0.0000,0,collision
135,339,-510.13,6.22,1364.19,0.0012,0.0361,0,collision
144,177,-359.54,6.46,868.34,0.0066,0.0196,0,collision
143,158,-323.97,7.04,779.11,0.0040,0.0461,0,collision
138,147,-324.92,6.92,720.65,0.0060,0.0000,0,collision
145,154,-328.97,5.39,641.90,0.0107,0.0157,0,collision
136,206,-386.02,5.24,805.64,0.0077,0.0230,0,collision
139,175,-338.07,7.39,979.97,0.0056,0.0116,0,collision
146,169,-337.19,6.47,787.15,0.0014,0.0077,0,collision
261,139,-317.30,6.34,664.63,0.0065,0.0000,0,collision
261,237,-407.63,5.55,1041.85,0.0060,0.0238,0,collision
262,218,-388.44,6.20,1107.45,0.0065,0.0274,0,collision
262,276,-466.44,3.96,793.81,0.0065,0.0621,0,collision
263,263,-431.65,5.00,1044.84,0.0009,0.0430,0,collision
264,198,-369.49,6.52,1006.51,0.0032,0.0052,0,collision
263,306,-443.06,6.21,1252.72,0.0063,0.0475,0,collision
265,162,-352.04,5.09,590.57,0.0074,0.0000,0,collision
264,163,-329.90,6.67,870.21,0.0010,0.0060,0,collision
266,184,-370.39,5.39,791.70,0.0055,0.0000,0,collision
144,339,-562.11,4.22,1158.03,0.0029,0.0976,0,collision
137,238,-401.97,6.08,1023.76,0.0032,0.0174,0,collision
140,262,-450.81,4.14,741.70,0.0036,0.0017,0,collision
147,158,-329.40,6.92,838.61,0.0031,0.0160,0,collision
145,157,-336.20,5.46,709.16,0.0067,0.0526,0,collision
138,272,-444.48,5.42,1177.22,0.0057,0.0734,0,collision
141,256,-432.47,5.75,1252.62,0.0055,0.0104,0,collision
146,223,-390.44,5.67,944.54,0.0072,0.0123,0,collision
148,301,-494.93,4.26,928.55,0.0055,0.0368,0,collision
267,178,-380.74,3.39,439.30,0.0057,0.1323,0,collision
268,133,-321.20,4.35,469.10,0.0127,0.0000,0,collision
265,346,-507.94,5.29,1370.52,0.0013,0.0265,0,collision
269,307,-486.74,4.58,963.08,0.0017,0.0360,0,collision
266,280,-430.95,5.69,1177.57,0.0012,0.0167,0,collision
270,215,-380.39,4.90,762.20,0.0047,0.0287,0,collision
267,256,-424.56,5.17,939.10,0.0040,0.0156,0,collision
271,303,-506.73,4.28,982.23,0.0049,0.0421,0,collision
268,379,-534.95,5.39,1343.09,0.0023,0.0299,0,collision
272,275,-429.05,5.12,1070.02,0.0022,0.0114,0,collision
147,137,-310.24,7.52,696.00,0.0110,0.0000,0,collision
139,264,-421.49,5.16,1001.62,0.0035,0.0020,0,collision
149,178,-340.52,7.22,938.88,0.0042,0.0300,0,collision
142,296,-472.00,5.42,1276.08,0.0057,0.0295,0,collision
148,198,-366.10,5.93,971.50,0.0054,0.0121,0,collision
150,162,-335.33,5.73,680.58,0.0069,0.0000,0,collision
143,224,-400.24,4.58,764.29,0.0033,0.0067,0,collision
140,422,-160.78,5.27,1534.87,0.0000,0.0283,1,goal
273,158,-330.04,5.93,639.98,0.0040,0.0000,0,collision
269,321,-517.74,3.96,1032.68,0.0058,0.0212,0,collision
274,236,-396.58,5.61,956.77,0.0031,0.0381,0,collision
270,308,-472.95,5.14,1092.90,0.0038,0.0123,0,collision
275,312,-533.44,4.22,1020.55,0.0032,0.0592,0,collision
271,321,-517.80,3.35,807.24,0.0014,0.0035,0,collision
276,270,-452.35,4.04,823.66,0.0040,0.0000,0,collision
272,258,-480.63,3.15,661.73,0.0072,0.1149,0,collision
277,400,-605.73,3.85,1217.35,0.0040,0.0733,0,collision
273,345,-509.63,4.91,1251.11,0.0041,0.0617,0,collision
151,274,-467.76,3.81,799.39,0.0035,0.0053,0,collision
149,333,-482.70,6.42,1491.28,0.0028,0.0104,0,collision
144,168,-352.01,4.89,580.24,0.0026,0.0406,0,collision
141,239,-410.54,5.45,998.34,0.0083,0.0098,0,collision
145,192,-367.35,4.91,610.50,0.0055,0.0000,0,collision
152,225,-391.23,5.79,991.66,0.0045,0.0674,0,collision
150,297,-479.93,4.35,987.94,0.0045,0.0079,0,collision
153,230,-428.09,3.93,674.02,0.0073,0.1052,0,collision
278,101,-283.97,6.15,501.81,0.0028,0.0000,0,collision
274,287,-478.07,3.56,723.13,0.0022,0.0016,0,collision
279,303,-513.56,3.87,891.63,0.0032,0.0963,0,collision
275,334,-517.99,4.25,1027.19,0.0013,0.0539,0,collision
280,360,-586.48,3.01,807.33,0.0020,0.0697,0,collision
276,242,-432.60,4.48,834.32,0.0036,0.0012,0,collision
277,233,-395.47,4.96,866.75,0.0000,0.0039,0,collision
281,375,-532.48,5.38,1598.56,0.0020,0.0232,0,collision
282,260,-450.85,4.50,891.15,0.0038,0.0672,0,collision
278,327,-521.49,3.32,845.60,0.0032,0.0104,0,collision
146,359,-505.68,5.91,1602.14,0.0030,0.0443,0,collision
142,389,-540.87,5.22,1355.51,0.0026,0.0308,0,collision
151,401,-561.77,5.39,1623.36,0.0031,0.0363,0,collision
147,245,-423.06,4.72,859.80,0.0058,0.0892,0,collision
154,367,-108.84,6.08,1549.61,0.0000,0.0074,1,goal
143,250,-406.66,5.13,989.62,0.0032,0.0099,0,collision
152,237,-416.17,4.15,738.65,0.0057,0.0240,0,collision
279,253,-438.69,4.16,766.38,0.0062,0.0066,0,collision
283,336,-561.28,3.04,741.24,0.0042,0.0248,0,collision
280,270,-450.16,3.93,769.80,0.0029,0.0531,0,collision
284,288,-438.88,5.29,1124.47,0.0040,0.0073,0,collision
281,301,-489.76,4.01,958.69,0.0027,0.0397,0,collision
285,313,-509.32,3.32,724.94,0.0061,0.0200,0,collision
286,273,-478.97,3.49,665.46,0.0072,0.0626,0,collision
282,414,-633.41,3.18,877.31,0.0040,0.0586,0,collision
287,314,-503.38,3.70,851.11,0.0009,0.0273,0,collision
283,354,-99.70,6.28,1566.95,0.0000,0.0203,1,goal
148,214,-370.44,6.15,930.97,0.0026,0.0478,0,collision
144,326,-480.94,5.22,1136.67,0.0028,0.0163,0,collision
155,439,-225.79,5.04,1653.70,0.0000,0.0320,1,goal
153,347,-568.39,3.15,845.05,0.0029,0.1173,0,collision
149,338,-591.06,2.93,763.06,0.0029,0.1149,0,collision
145,327,-72.20,6.80,1547.45,0.0000,0.0000,1,goal
288,236,-427.95,4.54,829.07,0.0048,0.0760,0,collision
284,256,-437.02,4.19,767.89,0.0060,0.0004,0,collision
285,191,-364.97,6.71,969.82,0.0069,0.0063,0,collision
289,285,-448.43,5.27,1095.74,0.0024,0.0376,0,collision
286,187,-360.90,4.78,616.46,0.0088,0.0036,0,collision
290,317,-57.58,7.02,1377.13,0.0000,0.0530,1,goal
287,292,-475.44,3.76,800.86,0.0046,0.0558,0,collision
291,155,-335.25,3.92,389.76,0.0057,0.0000,0,collision
288,243,-403.96,5.31,950.78,0.0028,0.0224,0,collision
292,287,-492.56,3.79,867.46,0.0025,0.0159,0,collision
154,239,-407.18,5.35,947.65,0.0070,0.0097,0,collision
156,327,-551.85,3.55,838.77,0.0029,0.1085,0,collision
150,353,-101.02,6.32,1554.24,0.0000,0.0059,1,goal
146,279,-449.42,4.74,1022.76,0.0019,0.0279,0,collision
155,294,-504.83,3.79,873.88,0.0023,0.0425,0,collision
157,405,-182.13,5.47,1413.96,0.0000,0.0862,1,goal
151,279,-471.41,4.06,836.93,0.0034,0.1583,0,collision
289,189,-376.61,5.00,735.43,0.0086,0.0000,0,collision
293,195,-368.09,5.03,719.74,0.0095,0.0489,0,collision
290,269,-443.65,4.83,933.19,0.0022,0.0095,0,collision
294,428,-215.76,5.17,1615.48,0.0000,0.0494,1,goal
291,291,-457.72,4.90,1033.19,0.0069,0.0289,0,collision
295,273,-449.72,4.81,1026.02,0.0063,0.0237,0,collision
292,208,-385.17,4.80,810.70,0.0076,0.0000,0,collision
296,199,-362.14,5.43,828.26,0.0071,0.0097,0,collision
297,220,-398.15,4.03,631.37,0.0078,0.0150,0,collision
293,413,-571.68,5.16,1533.94,0.0034,0.0638,0,collision
147,293,-467.01,4.85,966.49,0.0016,0.0652,0,collision
156,321,-491.52,5.39,1316.56,0.0050,0.0124,0,collision
158,239,-406.04,5.57,1064.33,0.0030,0.0086,0,collision
152,288,-479.70,3.71,827.75,0.0004,0.0041,0,collision
148,393,-527.05,5.59,1447.27,0.0011,0.0303,0,collision
157,316,-508.77,3.29,791.21,0.0025,0.0488,0,collision
298,221,-420.76,4.00,613.77,0.0069,0.0311,0,collision
294,374,-508.98,5.79,1491.06,0.0023,0.0172,0,collision
299,267,-428.23,5.06,1036.79,0.0059,0.0220,0,collision
300,280,-448.86,4.72,973.46,0.0020,0.0239,0,collision
295,401,-619.24,3.35,969.74,0.0026,0.0537,0,collision
301,266,-469.08,4.24,901.98,0.0058,0.0232,0,collision
296,286,-464.16,3.86,823.07,0.0022,0.0354,0,collision
297,158,-326.67,5.93,713.03,0.0035,0.0000,0,collision
302,204,-368.38,5.27,820.05,0.0018,0.0002,0,collision
298,214,-371.05,5.38,844.43,0.0092,0.0031,0,collision
153,278,-474.15,4.66,946.19,0.0031,0.0216,0,collision
159,413,-589.67,5.23,1754.06,0.0024,0.0580,0,collision
149,265,-430.31,4.82,1038.74,0.0051,0.0292,0,collision
158,329,-526.79,3.38,777.29,0.0049,0.0045,0,collision
154,270,-471.39,4.09,850.97,0.0049,0.0434,0,collision
160,381,-127.85,5.86,1587.31,0.0000,0.0083,1,goal
150,312,-490.32,4.21,980.60,0.0027,0.0230,0,collision
159,251,-417.97,5.27,1030.42,0.0055,0.0271,0,collision
155,213,-393.20,5.38,903.37,0.0061,0.0000,0,collision
299,108,-290.48,5.46,425.28,0.0110,0.0000,0,collision
303,216,-383.17,4.98,822.33,0.0038,0.0195,0,collision
300,159,-358.33,3.79,446.12,0.0064,0.0175,0,collision
304,265,-425.07,4.93,982.78,0.0006,0.0254,0,collision
301,282,-464.57,3.66,772.07,0.0010,0.0358,0,collision
305,272,-463.64,3.93,861.90,0.0059,0.0138,0,collision
302,241,-396.87,5.35,1038.89,0.0048,0.0123,0,collision
303,239,-423.83,4.82,863.78,0.0041,0.0733,0,collision
306,302,-475.54,4.71,1066.13,0.0023,0.0787,0,collision
304,338,-80.03,6.58,1498.93,0.0000,0.0078,1,goal
160,189,-358.55,5.57,791.79,0.0053,0.0095,0,collision
151,227,-391.71,5.59,1001.71,0.0053,0.0048,0,collision
161,246,-414.92,4.46,794.42,0.0054,0.0190,0,collision
156,249,-429.23,4.56,851.73,0.0069,0.0090,0,collision
157,102,-282.41,5.57,439.51,0.0106,0.0660,0,collision
162,168,-340.78,5.29,710.66,0.0085,0.0197,0,collision
152,208,-365.25,6.23,815.20,0.0035,0.0096,0,collision
161,241,-417.77,5.06,825.98,0.0042,0.0129,0,collision
307,336,-566.70,2.97,702.11,0.0031,0.0000,0,collision
305,482,-265.60,4.62,1593.60,0.0000,0.0303,1,goal
308,262,-452.12,4.49,835.95,0.0049,0.0938,0,collision
309,179,-395.38,3.27,400.29,0.0069,0.0829,0,collision
306,364,-542.33,4.27,1091.85,0.0040,0.0181,0,collision
310,214,-387.50,4.85,798.93,0.0073,0.0000,0,collision
307,265,-438.96,4.30,888.41,0.0006,0.0000,0,collision
311,211,-431.57,2.89,400.54,0.0045,0.0929,0,collision
308,277,-442.20,4.84,989.14,0.0019,0.0133,0,collision
312,349,-564.41,2.89,710.62,0.0033,0.0007,0,collision
158,179,-364.64,4.73,528.21,0.0081,0.0000,0,collision
153,195,-371.21,5.14,719.59,0.0063,0.0000,0,collision
162,273,-477.88,4.30,856.07,0.0066,0.0402,0,collision
163,361,-550.04,3.91,1029.84,0.0027,0.0195,0,collision
163,181,-371.09,4.59,584.82,0.0068,0.0000,0,collision
159,420,-674.16,2.43,709.73,0.0030,0.0206,0,collision
154,406,-578.69,4.54,1410.11,0.0017,0.0201,0,collision
309,193,-371.41,4.85,704.24,0.0055,0.0000,0,collision
313,394,-572.86,3.88,1061.90,0.0011,0.0259,0,collision
310,301,-452.22,5.15,1127.57,0.0066,0.0074,0,collision
314,239,-414.58,4.78,898.87,0.0034,0.0139,0,collision
315,165,-327.82,6.42,774.49,0.0050,0.0000,0,collision
311,328,-527.12,3.94,974.67,0.0047,0.1218,0,collision
316,271,-454.63,3.94,825.60,0.0023,0.0238,0,collision
312,298,-505.64,3.46,715.27,0.0023,0.0258,0,collision
317,165,-340.83,5.18,614.04,0.0054,0.0000,0,collision
313,178,-344.94,5.06,742.30,0.0060,0.0000,0,collision
164,323,-543.01,3.14,689.86,0.0034,0.0000,0,collision
164,234,-402.63,4.94,862.15,0.0066,0.0000,0,collision
155,275,-444.77,4.81,963.18,0.0036,0.0258,0,collision
160,369,-503.70,5.99,1537.32,0.0039,0.0000,0,collision
165,235,-425.06,3.93,648.75,0.0030,0.0000,0,collision
165,283,-464.71,3.80,828.34,0.0039,0.0106,0,collision
314,202,-388.34,4.03,664.08,0.0080,0.0059,0,collision
318,240,-421.99,4.41,763.46,0.0074,0.0065,0,collision
319,270,-454.90,3.99,876.66,0.0056,0.0469,0,collision
315,392,-135.72,5.67,1600.52,0.0000,0.0219,1,goal
320,247,-410.39,5.04,959.28,0.0046,0.0122,0,collision
316,228,-406.48,5.04,899.73,0.0056,0.0057,0,collision
321,292,-461.22,4.83,1045.72,0.0046,0.0292,0,collision
317,310,-469.57,4.97,1145.04,0.0030,0.0098,0,collision
322,138,-325.25,4.19,455.17,0.0116,0.0000,0,collision
318,234,-414.82,4.76,829.68,0.0067,0.0003,0,collision
161,238,-412.25,4.51,817.73,0.0045,0.0026,0,collision
166,241,-406.11,5.20,939.30,0.0017,0.0052,0,collision
166,303,-485.97,4.61,1063.98,0.0018,0.1172,0,collision
156,447,-626.04,4.65,1472.05,0.0029,0.0071,0,collision
162,273,-447.73,3.78,733.88,0.0058,0.0272,0,collision
167,253,-411.87,5.11,1025.68,0.0070,0.0071,0,collision
167,318,-518.80,3.32,826.34,0.0052,0.0000,0,collision
319,238,-396.79,5.65,995.88,0.0046,0.0029,0,collision
323,293,-449.82,4.51,994.11,0.0035,0.0255,0,collision
320,197,-404.77,3.64,504.96,0.0038,0.1331,0,collision
324,165,-335.16,5.38,744.11,0.0025,0.0000,0,collision
321,225,-390.55,5.18,874.76,0.0069,0.0000,0,collision
325,298,-493.07,3.50,766.83,0.0059,0.0126,0,collision
322,249,-403.85,5.36,1006.37,0.0076,0.0365,0,collision
326,304,-488.01,3.52,721.74,0.0035,0.0360,0,collision
323,169,-370.61,3.97,497.05,0.0033,0.0290,0,collision
327,285,-466.19,4.53,1033.32,0.0032,0.0797,0,collision
157,337,-76.42,6.61,1616.83,0.0000,0.0116,1,goal
163,272,-427.97,5.54,1162.33,0.0044,0.0269,0,collision
168,217,-373.40,5.92,993.20,0.0063,0.0239,0,collision
168,227,-382.41,5.83,1015.26,0.0047,0.0327,0,collision
158,226,-412.47,3.83,634.71,0.0062,0.0485,0,collision
169,190,-360.44,4.87,674.29,0.0031,0.0000,0,collision
164,223,-375.19,6.46,1048.97,0.0075,0.0111,0,collision
165,107,-288.71,5.66,448.88,0.0080,0.0000,0,collision
169,300,-490.33,3.63,795.45,0.0016,0.0547,0,collision
159,187,-369.86,4.39,626.03,0.0049,0.0639,0,collision
170,211,-407.81,3.87,620.51,0.0031,0.0697,0,collision
324,270,-430.65,4.80,992.16,0.0038,0.0034,0,collision
328,354,-566.15,3.93,1006.66,0.0012,0.0473,0,collision
325,336,-547.40,2.96,738.50,0.0060,0.0649,0,collision
329,453,-195.23,4.95,1532.00,0.0000,0.0123,1,goal
326,292,-473.20,4.77,1072.03,0.0025,0.0000,0,collision
330,278,-459.65,3.59,742.33,0.0046,0.0026,0,collision
327,337,-544.90,3.05,760.45,0.0035,0.0197,0,collision
331,295,-486.01,3.95,906.50,0.0051,0.0866,0,collision
328,349,-557.12,2.98,723.74,0.0051,0.0264,0,collision
332,326,-478.69,4.75,1142.89,0.0025,0.0292,0,collision
166,233,-410.72,4.89,850.77,0.0066,0.0000,0,collision
170,280,-437.66,5.55,1229.36,0.0033,0.0032,0,collision
160,269,-465.93,4.33,910.62,0.0034,0.0710,0,collision
167,197,-361.06,4.81,683.47,0.0038,0.0000,0,collision
171,384,-522.98,5.17,1470.82,0.0028,0.0197,0,collision
161,313,-502.02,4.18,970.11,0.0045,0.0000,0,collision
171,359,-561.00,3.70,949.58,0.0026,0.0764,0,collision
329,360,-591.59,2.78,729.50,0.0015,0.0000,0,collision
333,428,-582.46,5.02,1536.34,0.0014,0.0129,0,collision
330,281,-464.66,3.64,747.92,0.0046,0.0158,0,collision
334,306,-498.29,3.50,791.88,0.0030,0.0444,0,collision
331,300,-486.81,3.99,911.42,0.0042,0.0138,0,collision
335,297,-492.26,3.37,691.07,0.0053,0.0119,0,collision
336,243,-434.58,3.85,671.90,0.0076,0.0909,0,collision
332,441,-206.87,5.03,1508.50,0.0000,0.0069,1,goal
337,157,-352.44,3.69,424.91,0.0103,0.0774,0,collision
333,324,-503.93,4.10,950.33,0.0041,0.0180,0,collision
168,233,-413.42,4.86,863.95,0.0043,0.0027,0,collision
172,231,-401.35,4.93,867.00,0.0011,0.0000,0,collision
162,304,-485.14,4.18,980.62,0.0028,0.0135,0,collision
173,236,-407.28,4.82,807.38,0.0024,0.0000,0,collision
172,319,-514.62,3.16,717.24,0.0031,0.0043,0,collision
169,370,-507.96,5.29,1472.91,0.0011,0.0010,0,collision
338,219,-378.95,4.87,728.46,0.0036,0.0002,0,collision
334,318,-510.86,3.25,795.98,0.0013,0.0010,0,collision
339,256,-431.97,4.17,750.86,0.0041,0.0169,0,collision
335,201,-394.93,3.47,509.62,0.0063,0.0000,0,collision
340,142,-328.24,3.95,422.76,0.0116,0.0584,0,collision
336,291,-462.96,4.55,1003.53,0.0032,0.0367,0,collision
341,204,-385.56,4.46,707.86,0.0062,0.0000,0,collision
342,314,-479.26,4.48,1056.92,0.0032,0.0186,0,collision
337,409,-607.82,3.29,939.30,0.0024,0.0212,0,collision
343,392,-563.84,3.98,1116.30,0.0013,0.0235,0,collision
163,294,-479.75,3.49,714.69,0.0034,0.0193,0,collision
173,375,-600.63,2.76,772.58,0.0026,0.0161,0,collision
170,305,-481.34,4.55,1005.78,0.0066,0.1133,0,collision
164,128,-305.00,4.75,425.12,0.0115,0.0000,0,collision
174,424,-162.85,5.24,1645.86,0.0000,0.0590,1,goal
165,221,-391.53,4.26,705.40,0.0051,0.0000,0,collision
174,291,-485.50,3.56,789.66,0.0034,0.0033,0,collision
171,317,-473.57,4.95,1164.32,0.0030,0.0072,0,collision
175,300,-476.33,3.48,726.49,0.0046,0.0062,0,collision
344,196,-381.64,3.65,498.89,0.0069,0.0000,0,collision
338,209,-378.55,4.31,651.35,0.0062,0.0000,0,collision
339,258,-410.30,5.01,907.26,0.0066,0.0127,0,collision
345,280,-445.17,4.62,909.99,0.0032,0.0291,0,collision
340,256,-429.08,4.74,1014.16,0.0039,0.0099,0,collision
346,267,-428.86,4.62,897.88,0.0030,0.0034,0,collision
347,325,-521.89,3.15,689.23,0.0043,0.0071,0,collision
341,361,-561.02,3.17,869.90,0.0037,0.0344,0,collision
342,228,-397.84,5.31,901.53,0.0035,0.0111,0,collision
348,303,-456.26,5.24,1191.70,0.0026,0.0153,0,collision
166,238,-419.68,3.98,637.12,0.0043,0.0000,0,collision
175,258,-417.59,4.74,898.34,0.0078,0.0000,0,collision
176,229,-419.49,4.43,729.76,0.0035,0.1065,0,collision
167,209,-375.90,5.11,810.11,0.0062,0.0072,0,collision
172,395,-119.08,5.65,1521.41,0.0000,0.0000,1,goal
176,282,-472.07,3.55,779.76,0.0027,0.0410,0,collision
349,290,-498.63,3.58,788.80,0.0061,0.0368,0,collision
343,420,-580.03,4.85,1530.89,0.0029,0.0563,0,collision
350,278,-467.44,3.77,664.94,0.0033,0.0146,0,collision
344,421,-578.40,5.03,1499.47,0.0028,0.0228,0,collision
351,358,-509.76,5.04,1265.61,0.0034,0.0210,0,collision
345,270,-444.07,4.29,893.85,0.0033,0.0428,0,collision
352,309,-463.18,4.73,1044.58,0.0030,0.0191,0,collision
346,283,-450.16,4.54,953.65,0.0016,0.0139,0,collision
353,252,-408.59,5.12,911.67,0.0039,0.0095,0,collision
347,317,-467.96,4.89,1187.68,0.0027,0.0055,0,collision
177,387,-515.62,5.32,1493.96,0.0040,0.0000,0,collision
168,266,-441.15,4.61,897.17,0.0075,0.0000,0,collision
173,266,-423.91,4.84,941.24,0.0010,0.0654,0,collision
177,412,-159.36,5.40,1575.46,0.0000,0.0000,1,goal
174,278,-472.32,4.05,763.65,0.0051,0.0184,0,collision
169,305,-490.35,3.46,766.32,0.0042,0.0107,0,collision
178,343,-502.70,4.57,1145.06,0.0050,0.0021,0,collision
348,235,-422.79,4.98,930.02,0.0085,0.0000,0,collision
354,425,-171.31,5.25,1606.22,0.0000,0.0498,1,goal
349,386,-109.97,5.80,1643.34,0.0000,0.0363,1,goal
355,407,-152.57,5.48,1613.68,0.0000,0.0139,1,goal
350,222,-380.13,5.68,949.99,0.0018,0.0239,0,collision
351,136,-311.60,4.43,440.71,0.0074,0.0000,0,collision
356,223,-389.29,4.94,797.36,0.0038,0.0125,0,collision
352,260,-433.09,4.96,877.44,0.0035,0.0097,0,collision
357,389,-130.28,5.75,1516.41,0.0000,0.0096,1,goal
353,399,-153.87,5.56,1596.27,0.0000,0.0306,1,goal
175,152,-344.79,3.75,497.88,0.0068,0.0732,0,collision
179,243,-395.87,5.26,926.82,0.0017,0.0366,0,collision
170,273,-460.52,3.78,649.23,0.0073,0.0042,0,collision
178,411,-610.06,4.48,1477.60,0.0046,0.0125,0,collision
176,274,-446.83,4.68,1010.53,0.0024,0.0109,0,collision
354,433,-628.15,3.53,1164.90,0.0032,0.0676,0,collision
358,477,-684.09,3.33,1174.82,0.0018,0.0918,0,collision
359,337,-564.78,3.00,763.39,0.0059,0.0870,0,collision
355,419,-158.89,5.30,1603.15,0.0000,0.0009,1,goal
356,284,-464.88,3.72,745.75,0.0040,0.0068,0,collision
360,361,-512.61,4.34,1145.64,0.0030,0.0043,0,collision
361,277,-439.56,4.66,934.83,0.0071,0.0040,0,collision
357,468,-685.10,3.21,1121.46,0.0037,0.1352,0,collision
362,205,-388.58,4.14,612.12,0.0066,0.0008,0,collision
358,491,-670.66,4.43,1597.05,0.0036,0.0531,0,collision
171,379,-100.23,5.91,1465.97,0.0000,0.0000,1,goal
180,392,-542.06,5.51,1512.98,0.0020,0.0066,0,collision
179,354,-515.65,4.28,1144.94,0.0040,0.0269,0,collision
177,375,-99.80,5.95,1628.40,0.0000,0.0000,1,goal
178,148,-329.43,4.10,464.90,0.0115,0.0000,0,collision
181,296,-488.60,3.53,752.62,0.0029,0.0123,0,collision
172,309,-468.14,4.16,969.58,0.0027,0.0100,0,collision
180,248,-410.73,4.22,757.73,0.0044,0.0000,0,collision
359,326,-518.77,3.40,830.20,0.0055,0.0605,0,collision
363,443,-193.31,5.04,1604.98,0.0000,0.0039,1,goal
360,456,-193.86,4.86,1607.84,0.0000,0.0278,1,goal
364,420,-619.45,3.24,996.62,0.0048,0.0435,0,collision
361,363,-579.07,2.92,753.15,0.0020,0.0617,0,collision
365,446,-594.08,4.87,1678.78,0.0020,0.0146,0,collision
362,303,-556.41,2.53,579.73,0.0048,0.1068,0,collision
366,311,-485.81,4.10,963.60,0.0000,0.0123,0,collision
363,441,-617.32,4.08,1291.06,0.0015,0.0137,0,collision
367,366,-534.12,4.18,1147.41,0.0025,0.0012,0,collision
179,189,-379.08,4.62,584.49,0.0089,0.0000,0,collision
181,216,-384.09,4.25,642.67,0.0081,0.0000,0,collision
180,146,-323.65,4.13,460.67,0.0095,0.0000,0,collision
182,330,-528.33,3.31,819.94,0.0039,0.0380,0,collision
173,404,-601.47,3.25,981.89,0.0024,0.0423,0,collision
181,250,-422.80,4.17,759.48,0.0066,0.0000,0,collision
182,345,-522.79,3.80,921.91,0.0031,0.0417,0,collision
368,301,-462.69,4.28,1007.02,0.0026,0.0058,0,collision
364,306,-487.23,3.49,777.13,0.0065,0.0147,0,collision
365,306,-478.56,4.24,896.76,0.0004,0.0353,0,collision
369,353,-499.08,5.08,1265.35,0.0053,0.0074,0,collision
370,272,-434.68,4.74,1029.13,0.0019,0.0031,0,collision
366,421,-569.41,4.29,1406.14,0.0038,0.0182,0,collision
371,292,-472.33,3.69,764.98,0.0043,0.0092,0,collision
367,326,-483.20,4.69,1137.99,0.0047,0.0070,0,collision
368,236,-398.75,4.99,909.61,0.0072,0.0000,0,collision
372,387,-633.59,2.45,695.18,0.0038,0.0418,0,collision
183,467,-217.54,4.77,1568.50,0.0000,0.0174,1,goal
174,408,-585.00,3.67,1012.39,0.0044,0.0062,0,collision
183,313,-503.11,4.05,983.64,0.0025,0.0419,0,collision
182,451,-201.35,4.94,1490.33,0.0000,0.0162,1,goal
184,316,-538.98,3.07,701.55,0.0048,0.0617,0,collision
175,335,-546.39,3.06,786.21,0.0035,0.0433,0,collision
369,299,-456.97,4.25,981.06,0.0049,0.0200,0,collision
373,337,-543.09,3.02,765.27,0.0014,0.0071,0,collision
370,283,-450.41,3.74,776.29,0.0047,0.0000,0,collision
374,389,-605.91,2.75,777.21,0.0030,0.0859,0,collision
375,210,-404.24,3.91,613.66,0.0042,0.0000,0,collision
371,415,-673.74,2.45,756.51,0.0043,0.0921,0,collision
376,386,-119.16,5.75,1558.37,0.0000,0.0000,1,goal
372,417,-169.38,5.33,1658.79,0.0000,0.0000,1,goal
377,269,-454.13,3.50,656.91,0.0043,0.0000,0,collision
373,341,-477.34,6.08,1396.13,0.0027,0.0052,0,collision
183,296,-486.27,3.36,722.56,0.0017,0.0000,0,collision
184,427,-670.93,2.42,746.23,0.0040,0.0701,0,collision
176,296,-479.04,3.58,711.28,0.0047,0.0052,0,collision
185,442,-631.30,3.27,1014.45,0.0003,0.0343,0,collision
185,342,-553.31,3.06,843.07,0.0058,0.0019,0,collision
378,268,-424.10,4.84,965.03,0.0044,0.0127,0,collision
374,422,-166.18,5.27,1693.88,0.0000,0.0270,1,goal
379,403,-607.87,3.42,919.44,0.0028,0.0567,0,collision
375,298,-492.48,4.00,900.83,0.0039,0.0265,0,collision
380,332,-544.25,3.07,737.07,0.0025,0.0125,0,collision
376,298,-468.28,4.76,1016.45,0.0025,0.0269,0,collision
381,332,-489.95,4.67,1151.97,0.0045,0.0028,0,collision
377,375,-529.78,5.34,1385.67,0.0032,0.0294,0,collision
378,189,-353.59,5.60,768.16,0.0069,0.0000,0,collision
382,259,-423.35,4.24,868.24,0.0046,0.0081,0,collision
184,465,-219.96,4.77,1594.27,0.0000,0.0021,1,goal
177,376,-537.07,4.02,1093.63,0.0031,0.0171,0,collision
186,303,-499.26,3.47,706.13,0.0060,0.0000,0,collision
185,219,-381.78,4.83,791.70,0.0044,0.0000,0,collision
186,363,-533.65,4.19,1107.47,0.0025,0.0305,0,collision
178,243,-418.97,4.71,804.40,0.0043,0.0284,0,collision
383,191,-361.02,4.77,574.69,0.0073,0.0000,0,collision
379,329,-483.52,4.73,1198.67,0.0005,0.0440,0,collision
384,327,-490.32,4.12,1001.56,0.0041,0.0240,0,collision
380,273,-440.39,4.91,991.12,0.0046,0.0601,0,collision
381,139,-321.22,4.34,460.66,0.0051,0.0000,0,collision
385,320,-478.97,5.40,1279.48,0.0043,0.0295,0,collision
386,170,-335.80,5.83,693.42,0.0113,0.0000,0,collision
382,286,-465.40,4.90,1040.54,0.0043,0.0622,0,collision
387,245,-414.95,4.67,873.23,0.0045,0.0005,0,collision
383,261,-463.12,3.78,764.01,0.0065,0.0998,0,collision
186,235,-403.79,4.66,744.21,0.0018,0.0032,0,collision
187,448,-232.96,4.94,1568.00,0.0000,0.0907,1,goal
187,279,-456.20,3.90,761.34,0.0034,0.0052,0,collision
179,371,-525.47,4.17,1110.09,0.0017,0.0121,0,collision
188,291,-495.14,3.18,693.03,0.0043,0.0924,0,collision
180,177,-355.66,5.57,771.01,0.0073,0.0000,0,collision
187,392,-138.59,5.65,1706.49,0.0000,0.0244,1,goal
188,345,-479.51,6.38,1599.35,0.0030,0.0239,0,collision
384,243,-429.34,3.85,727.72,0.0058,0.0475,0,collision
388,390,-147.91,5.72,1456.04,0.0000,0.0225,1,goal
385,210,-386.31,4.67,612.47,0.0037,0.0564,0,collision
389,219,-385.70,4.75,768.75,0.0055,0.0000,0,collision
386,278,-446.97,5.09,1034.28,0.0011,0.0404,0,collision
390,252,-426.03,4.36,777.91,0.0020,0.0272,0,collision
387,261,-415.48,5.02,911.45,0.0043,0.0376,0,collision
391,234,-401.48,4.53,759.49,0.0022,0.0165,0,collision
388,266,-447.60,4.17,814.12,0.0059,0.0246,0,collision
392,270,-431.62,4.73,962.87,0.0035,0.0284,0,collision
189,225,-419.68,3.78,566.27,0.0077,0.1113,0,collision
189,215,-377.37,6.07,957.76,0.0053,0.0221,0,collision
181,374,-562.44,4.03,1140.43,0.0028,0.0251,0,collision
190,206,-384.50,4.98,838.93,0.0068,0.0099,0,collision
188,418,-161.97,5.29,1689.11,0.0000,0.0538,1,goal
190,298,-462.67,5.77,1344.57,0.0037,0.0507,0,collision
191,187,-365.74,4.35,612.10,0.0098,0.0000,0,collision
389,181,-354.87,5.28,677.67,0.0085,0.0599,0,collision
393,189,-358.38,6.47,953.82,0.0016,0.0000,0,collision
390,206,-376.79,4.93,790.41,0.0073,0.0246,0,collision
394,221,-381.38,5.90,953.80,0.0013,0.0476,0,collision
391,191,-365.62,6.04,917.71,0.0091,0.0000,0,collision
395,211,-377.02,4.99,838.83,0.0028,0.0031,0,collision
396,168,-338.08,5.39,664.81,0.0050,0.0152,0,collision
392,218,-394.87,5.05,731.31,0.0026,0.0301,0,collision
393,165,-336.96,6.36,817.67,0.0052,0.0061,0,collision
397,265,-424.48,5.47,1034.61,0.0006,0.0467,0,collision
182,251,-411.91,5.26,947.58,0.0067,0.0158,0,collision
189,228,-397.26,4.84,855.34,0.0057,0.0014,0,collision
183,142,-317.21,5.59,575.33,0.0065,0.0000,0,collision
190,151,-326.56,5.41,656.47,0.0025,0.0000,0,collision
191,304,-447.23,7.09,1513.84,0.0019,0.0000,0,collision
192,293,-25.80,7.61,1571.60,0.0000,0.0002,1,goal
191,221,-380.42,5.61,966.64,0.0069,0.0022,0,collision
184,290,-28.99,7.75,1427.21,0.0000,0.0000,1,goal
193,186,-366.09,5.26,712.81,0.0046,0.0756,0,collision
192,266,-416.67,5.29,1076.04,0.0033,0.0336,0,collision
394,258,-399.94,5.98,1014.25,0.0024,0.0378,0,collision
398,315,-58.32,7.08,1654.44,0.0000,0.0310,1,goal
395,204,-368.63,6.23,989.62,0.0053,0.0145,0,collision
399,193,-360.01,5.84,843.43,0.0044,0.0179,0,collision
400,135,-306.54,6.25,623.88,0.0132,0.0000,0,collision
396,283,-431.31,5.13,1147.69,0.0000,0.0714,0,collision
401,226,-387.70,5.64,942.97,0.0059,0.0332,0,collision
397,164,-336.58,5.77,675.39,0.0061,0.0000,0,collision
402,209,-370.01,6.21,990.49,0.0022,0.0171,0,collision
398,173,-350.65,4.93,691.02,0.0116,0.0245,0,collision
192,177,-339.17,6.05,755.60,0.0101,0.0063,0,collision
185,216,-373.33,6.19,1024.24,0.0003,0.0542,0,collision
194,254,-412.16,5.33,967.63,0.0079,0.0428,0,collision
193,258,-418.27,5.90,1184.39,0.0033,0.0209,0,collision
193,382,-553.51,4.13,1228.12,0.0039,0.0534,0,collision
195,218,-375.81,5.91,943.20,0.0012,0.0128,0,collision
186,298,-453.41,4.83,1081.75,0.0008,0.1070,0,collision
399,174,-345.37,6.31,877.87,0.0017,0.0104,0,collision
403,205,-360.87,6.30,864.20,0.0053,0.0165,0,collision
400,209,-362.33,6.20,865.30,0.0014,0.0226,0,collision
404,186,-358.68,6.14,840.52,0.0041,0.0699,0,collision
401,175,-348.94,5.81,791.05,0.0112,0.0669,0,collision
405,206,-367.02,6.26,985.37,0.0026,0.0108,0,collision
402,181,-345.53,6.01,777.04,0.0080,0.0288,0,collision
406,264,-421.35,5.71,1065.43,0.0041,0.0137,0,collision
403,213,-383.15,6.04,1052.59,0.0064,0.0106,0,collision
407,229,-387.37,6.45,1049.17,0.0053,0.0000,0,collision
194,230,-391.61,5.81,1049.25,0.0087,0.0463,0,collision
187,182,-350.54,6.43,902.26,0.0078,0.0000,0,collision
194,292,-454.70,5.03,1109.22,0.0006,0.1008,0,collision
196,225,-391.68,5.75,996.19,0.0048,0.0221,0,collision
195,169,-340.87,6.56,865.32,0.0105,0.0146,0,collision
195,192,-365.20,5.75,865.65,0.0047,0.0485,0,collision
188,248,-402.28,6.06,1061.54,0.0017,0.0364,0,collision
197,310,-52.39,7.19,1428.67,0.0000,0.0126,1,goal
196,170,-340.67,6.32,819.14,0.0088,0.0007,0,collision
404,157,-323.58,6.99,800.59,0.0123,0.0216,0,collision
408,224,-379.97,6.33,1042.55,0.0074,0.0066,0,collision
405,187,-369.38,5.37,779.68,0.0105,0.0176,0,collision
409,153,-318.76,7.07,812.33,0.0057,0.0204,0,collision
410,168,-334.20,6.28,831.75,0.0113,0.0051,0,collision
406,380,-128.94,5.83,1631.00,0.0000,0.0831,1,goal
411,227,-391.19,5.80,1002.06,0.0012,0.0525,0,collision
407,332,-75.23,6.67,1675.14,0.0000,0.0259,1,goal
412,332,-486.93,6.35,1556.46,0.0039,0.0881,0,collision
408,249,-397.66,6.16,1048.69,0.0028,0.0350,0,collision
196,307,-53.75,7.25,1568.81,0.0000,0.0106,1,goal
197,182,-361.24,5.18,663.17,0.0076,0.0000,0,collision
189,316,-56.76,7.04,1521.62,0.0000,0.0093,1,goal
198,231,-414.61,4.72,815.68,0.0044,0.0637,0,collision
197,210,-371.56,6.25,997.83,0.0055,0.0100,0,collision
199,220,-377.57,5.97,967.64,0.0076,0.0191,0,collision
198,281,-19.22,7.90,1585.68,0.0000,0.0000,1,goal
190,275,-433.15,5.52,1122.19,0.0023,0.0638,0,collision
413,151,-331.74,5.72,646.55,0.0073,0.0520,0,collision
409,171,-353.52,5.60,758.51,0.0079,0.1045,0,collision
414,163,-336.10,6.43,806.01,0.0065,0.0092,0,collision
410,172,-341.72,6.17,784.36,0.0056,0.0018,0,collision
415,139,-305.77,7.84,699.64,0.0127,0.0000,0,collision
411,156,-330.51,6.14,669.66,0.0040,0.0612,0,collision
416,183,-358.58,6.34,864.54,0.0088,0.0208,0,collision
412,241,-394.48,6.69,1134.18,0.0035,0.0527,0,collision
413,139,-308.97,6.29,647.11,0.0086,0.0428,0,collision
417,265,-417.53,5.29,1028.18,0.0032,0.0597,0,collision
198,264,-420.32,5.79,1065.56,0.0032,0.0460,0,collision
191,163,-331.56,6.39,790.75,0.0064,0.0000,0,collision
199,212,-371.53,6.07,1024.13,0.0057,0.0106,0,collision
200,319,-69.89,6.98,1472.02,0.0000,0.0000,1,goal
199,236,-408.94,5.38,1001.09,0.0072,0.0285,0,collision
192,203,-368.17,6.59,1033.54,0.0041,0.0221,0,collision
200,165,-341.77,6.58,810.55,0.0096,0.0000,0,collision
201,182,-373.00,4.57,643.31,0.0069,0.0693,0,collision
193,148,-318.57,5.82,560.83,0.0032,0.0399,0,collision
418,144,-318.94,5.85,655.49,0.0060,0.0465,0,collision
414,232,-398.02,4.79,885.95,0.0030,0.0053,0,collision
415,152,-321.27,6.91,834.11,0.0040,0.0141,0,collision
419,294,-31.95,7.58,1428.76,0.0000,0.0000,1,goal
416,273,-441.16,5.32,1129.77,0.0038,0.0571,0,collision
420,242,-391.85,6.07,1048.52,0.0033,0.0470,0,collision
417,194,-361.32,6.63,961.84,0.0072,0.0417,0,collision
421,211,-368.44,6.36,998.46,0.0033,0.0921,0,collision
418,147,-318.56,6.58,681.94,0.0093,0.0659,0,collision
422,181,-357.30,5.35,664.81,0.0059,0.1107,0,collision
201,249,-418.05,5.93,1161.76,0.0050,0.0164,0,collision
200,295,-29.67,7.50,1610.61,0.0000,0.0000,1,goal
202,188,-355.09,5.72,810.95,0.0102,0.0065,0,collision
194,175,-344.06,6.52,770.13,0.0084,0.0879,0,collision
201,167,-338.81,6.18,739.07,0.0104,0.0072,0,collision
195,150,-322.66,6.41,676.63,0.0069,0.0599,0,collision
203,206,-375.63,6.22,1061.64,0.0065,0.0223,0,collision
202,286,-23.30,7.80,1610.69,0.0000,0.0000,1,goal
202,203,-361.84,6.53,1034.49,0.0095,0.0697,0,collision
196,239,-410.31,4.47,899.50,0.0026,0.0265,0,collision
203,177,-347.25,6.57,913.69,0.0094,0.0041,0,collision
423,160,-336.88,6.49,717.71,0.0062,0.0066,0,collision
419,310,-51.04,7.14,1488.33,0.0000,0.0007,1,goal
424,155,-326.39,5.83,710.37,0.0129,0.0304,0,collision
425,173,-337.20,6.36,796.71,0.0102,0.0009,0,collision
420,249,-400.37,6.05,1060.84,0.0019,0.0610,0,collision
426,231,-387.70,6.11,1033.17,0.0058,0.0331,0,collision
421,198,-360.24,6.53,922.50,0.0041,0.0500,0,collision
427,240,-407.80,5.46,981.18,0.0057,0.0482,0,collision
422,230,-399.47,5.84,1064.74,0.0075,0.0368,0,collision
428,137,-308.31,6.71,680.33,0.0090,0.0049,0,collision
204,261,-410.06,5.77,1105.45,0.0039,0.0446,0,collision
203,241,-411.64,5.42,1004.97,0.0064,0.0265,0,collision
204,252,-397.97,7.24,1323.60,0.0069,0.0119,0,collision
205,224,-384.40,6.19,996.20,0.0029,0.0539,0,collision
204,147,-317.20,6.28,710.21,0.0109,0.0430,0,collision
197,319,-58.00,6.95,1392.63,0.0000,0.0172,1,goal
206,200,-383.93,6.58,940.56,0.0081,0.0030,0,collision
205,181,-339.93,7.04,927.31,0.0031,0.0280,0,collision
198,204,-376.70,5.97,929.38,0.0088,0.0343,0,collision
429,215,-384.62,7.32,1203.95,0.0018,0.0326,0,collision
423,218,-375.62,6.36,1058.19,0.0037,0.0903,0,collision
424,191,-365.41,6.16,926.52,0.0050,0.0320,0,collision
430,303,-47.88,7.38,1409.49,0.0000,0.0019,1,goal
425,187,-362.86,5.71,898.12,0.0074,0.0074,0,collision
431,179,-347.87,6.30,882.11,0.0036,0.0502,0,collision
426,200,-381.37,5.00,777.69,0.0096,0.0683,0,collision
432,140,-316.29,6.70,800.84,0.0041,0.0000,0,collision
427,161,-338.10,5.25,567.30,0.0061,0.0123,0,collision
433,150,-322.97,7.67,919.04,0.0032,0.0000,0,collision
205,334,-80.39,6.64,1734.27,0.0000,0.0164,1,goal
206,176,-345.45,6.71,952.59,0.0099,0.0062,0,collision
199,167,-335.59,6.19,785.91,0.0112,0.0162,0,collision
206,152,-320.47,7.05,763.79,0.0083,0.0178,0,collision
207,286,-25.57,7.74,1370.30,0.0000,0.0184,1,goal
200,173,-335.54,6.15,793.05,0.0038,0.0092,0,collision
207,237,-407.42,6.85,1247.65,0.0044,0.0418,0,collision
207,161,-330.48,6.73,708.03,0.0042,0.0049,0,collision
208,211,-372.33,6.22,1009.90,0.0078,0.0606,0,collision
201,162,-337.39,6.47,903.04,0.0110,0.0049,0,collision
428,158,-337.19,7.05,881.22,0.0102,0.0192,0,collision
434,183,-361.16,5.26,685.12,0.0032,0.1104,0,collision
429,136,-307.43,6.92,741.16,0.0049,0.0010,0,collision
435,180,-342.70,7.04,979.29,0.0029,0.0161,0,collision
430,194,-366.40,6.26,901.74,0.0087,0.0573,0,collision
436,241,-395.24,7.11,1257.45,0.0026,0.0421,0,collision
431,175,-352.07,6.99,1006.86,0.0099,0.0082,0,collision
437,222,-387.92,5.85,905.19,0.0038,0.0419,0,collision
432,191,-351.55,6.76,939.89,0.0052,0.0207,0,collision
438,147,-322.27,6.62,586.17,0.0132,0.0814,0,collision
208,175,-347.09,6.20,787.04,0.0112,0.0000,0,collision
208,252,8.50,8.89,1452.55,0.0000,0.0008,1,goal
202,166,-335.10,6.55,773.34,0.0072,0.0004,0,collision
209,252,-440.45,4.32,763.42,0.0024,0.0106,0,collision
209,219,-374.94,6.93,1040.46,0.0049,0.0179,0,collision
209,159,-328.49,7.23,832.88,0.0106,0.0000,0,collision
203,198,-357.91,6.55,982.62,0.0016,0.0155,0,collision
210,170,-333.15,6.37,771.00,0.0071,0.0065,0,collision
210,177,-339.15,6.90,816.60,0.0069,0.0762,0,collision
210,304,-445.08,6.97,1575.23,0.0033,0.0246,0,collision
204,154,-323.88,7.11,821.07,0.0101,0.0642,0,collision
433,199,-357.41,6.50,900.91,0.0052,0.0037,0,collision
439,237,-390.43,6.38,1102.82,0.0049,0.0483,0,collision
434,236,-403.46,6.43,1131.30,0.0085,0.0854,0,collision
440,236,-388.33,5.69,1015.06,0.0085,0.0747,0,collision
435,146,-321.49,5.86,616.25,0.0038,0.0387,0,collision
441,228,-396.71,4.74,790.35,0.0041,0.0120,0,collision
436,230,-394.43,5.60,999.09,0.0036,0.0042,0,collision
442,164,-329.95,6.56,844.60,0.0094,0.0088,0,collision
443,162,-327.40,6.81,807.70,0.0059,0.0263,0,collision
437,274,-11.88,8.13,1536.44,0.0000,0.0000,1,goal
211,179,-344.46,6.52,832.33,0.0044,0.0990,0,collision
211,261,-1.74,8.53,1431.16,0.0000,0.0020,1,goal
205,186,-349.86,6.87,958.65,0.0090,0.0195,0,collision
211,300,-39.18,7.44,1580.84,0.0000,0.0347,1,goal
212,140,-306.21,6.39,577.81,0.0111,0.0114,0,collision
212,186,-356.86,5.74,822.88,0.0083,0.0125,0,collision
206,187,-353.40,6.82,976.48,0.0080,0.0565,0,collision
212,190,-358.71,5.57,726.84,0.0046,0.0015,0,collision
444,148,-321.11,7.13,869.13,0.0135,0.0111,0,collision
438,187,-363.20,5.71,745.91,0.0057,0.0821,0,collision
445,138,-312.77,7.70,778.51,0.0081,0.0186,0,collision
446,143,-310.03,7.81,761.26,0.0078,0.0001,0,collision
439,370,-132.49,6.02,1501.27,0.0000,0.1240,1,goal
447,138,-305.83,8.00,769.00,0.0102,0.0000,0,collision
440,158,-341.84,5.54,639.42,0.0039,0.0447,0,collision
448,254,-412.06,5.94,1087.57,0.0032,0.0194,0,collision
441,190,-354.04,6.87,937.05,0.0052,0.0015,0,collision
449,164,-345.84,6.17,750.91,0.0055,0.0225,0,collision
213,237,-402.41,6.32,1169.02,0.0080,0.0419,0,collision
207,165,-339.90,6.06,710.65,0.0079,0.0182,0,collision
213,165,-330.55,6.70,749.77,0.0095,0.0111,0,collision
213,260,-3.77,8.54,1429.40,0.0000,0.0000,1,goal
214,229,-410.09,4.88,767.52,0.0014,0.1559,0,collision
214,170,-336.79,6.78,863.84,0.0118,0.0085,0,collision
208,275,-16.04,8.08,1540.45,0.0000,0.0000,1,goal
214,285,-21.46,7.80,1601.88,0.0000,0.0000,1,goal
215,158,-333.87,6.18,641.07,0.0067,0.1360,0,collision
215,206,-362.98,6.49,901.99,0.0028,0.0570,0,collision
442,190,-368.80,6.13,788.81,0.0043,0.0145,0,collision
450,244,-395.15,6.27,1094.79,0.0068,0.0164,0,collision
443,145,-324.65,5.94,602.09,0.0138,0.0507,0,collision
444,152,-325.91,7.35,781.74,0.0090,0.0000,0,collision
451,272,-11.97,8.18,1432.37,0.0000,0.0000,1,goal
452,172,-339.27,6.69,857.07,0.0079,0.0000,0,collision
445,231,-390.32,6.51,1172.89,0.0036,0.0124,0,collision
453,234,-412.41,5.96,1095.23,0.0066,0.0624,0,collision
446,247,-408.96,6.08,1218.59,0.0073,0.0084,0,collision
454,184,-353.50,5.94,809.04,0.0087,0.0240,0,collision
209,230,-392.96,5.71,950.24,0.0001,0.0454,0,collision
216,229,-396.91,6.12,1039.61,0.0022,0.0215,0,collision
215,290,-35.31,7.67,1505.37,0.0000,0.0174,1,goal
216,234,-393.35,6.55,1025.90,0.0049,0.0187,0,collision
217,151,-320.12,6.91,824.41,0.0072,0.0000,0,collision
216,163,-340.07,5.63,695.25,0.0094,0.0068,0,collision
210,318,-73.12,6.96,1579.35,0.0000,0.0649,1,goal
218,152,-329.01,6.18,674.87,0.0132,0.0000,0,collision
217,188,-364.67,5.33,780.65,0.0098,0.0541,0,collision
447,168,-342.75,7.24,884.75,0.0047,0.1008,0,collision
455,209,-367.73,6.68,956.53,0.0078,0.0259,0,collision
448,188,-353.17,7.08,1029.14,0.0071,0.0233,0,collision
456,193,-354.37,6.45,910.69,0.0097,0.0000,0,collision
457,143,-310.38,7.62,778.48,0.0082,0.0000,0,collision
449,285,-26.07,7.84,1782.21,0.0000,0.0111,1,goal
450,190,-369.21,6.58,959.68,0.0105,0.0000,0,collision
458,290,-35.32,7.68,1547.36,0.0000,0.0094,1,goal
459,203,-377.27,6.37,954.78,0.0060,0.0187,0,collision
451,215,-384.22,6.12,968.22,0.0065,0.0355,0,collision
217,323,-465.41,6.62,1395.40,0.0020,0.0146,0,collision
211,272,-14.66,8.13,1484.02,0.0000,0.0000,1,goal
218,169,-329.68,7.75,886.18,0.0101,0.0100,0,collision
219,256,-405.01,5.99,1091.78,0.0043,0.0164,0,collision
212,168,-330.21,7.33,736.91,0.0073,0.0000,0,collision
218,249,-414.84,6.11,1154.34,0.0009,0.0264,0,collision
220,173,-335.47,7.45,991.10,0.0067,0.0160,0,collision
219,244,-435.55,4.41,848.47,0.0062,0.0430,0,collision
219,158,-323.13,6.65,691.64,0.0068,0.0000,0,collision
213,211,-383.92,6.17,932.16,0.0039,0.0339,0,collision
221,172,-333.37,7.45,1047.43,0.0101,0.0051,0,collision
452,154,-320.62,6.90,727.15,0.0101,0.0000,0,collision
460,274,-8.29,8.15,1593.50,0.0000,0.0000,1,goal
453,176,-342.53,7.00,871.10,0.0049,0.0000,0,collision
461,289,-19.03,7.72,1657.19,0.0000,0.0836,1,goal
454,337,-79.91,6.62,1734.96,0.0000,0.0491,1,goal
462,207,-371.34,6.86,970.67,0.0059,0.0100,0,collision
455,185,-352.76,6.90,1028.11,0.0046,0.0266,0,collision
463,229,-386.33,6.16,1072.23,0.0015,0.0237,0,collision
456,175,-341.09,7.30,811.46,0.0051,0.0137,0,collision
464,156,-329.78,6.54,701.17,0.0111,0.0148,0,collision
220,183,-353.34,7.00,917.56,0.0059,0.0344,0,collision
220,186,-344.59,6.94,940.45,0.0093,0.0067,0,collision
214,164,-328.66,6.69,838.24,0.0037,0.0266,0,collision
222,132,-305.66,7.11,680.41,0.0115,0.0000,0,collision
221,184,-345.51,7.00,977.81,0.0015,0.0122,0,collision
215,169,-330.44,6.24,696.50,0.0080,0.0020,0,collision
223,172,-344.31,6.74,870.78,0.0084,0.0515,0,collision
221,254,-413.56,6.01,1082.93,0.0049,0.0740,0,collision
224,153,-328.85,6.14,654.07,0.0110,0.0103,0,collision
222,172,-333.24,7.47,916.03,0.0056,0.0268,0,collision
222,160,-322.57,6.82,777.17,0.0098,0.0002,0,collision
465,139,-313.98,6.53,564.83,0.0106,0.0284,0,collision
457,290,-27.85,7.70,1589.03,0.0000,0.0000,1,goal
466,213,-373.05,6.36,1005.33,0.0083,0.0000,0,collision
458,237,-391.51,6.45,1108.52,0.0044,0.0388,0,collision
459,161,-330.49,7.12,811.38,0.0072,0.0000,0,collision
467,373,-116.81,5.99,1652.48,0.0000,0.0746,1,goal
460,181,-355.31,6.56,848.21,0.0057,0.0417,0,collision
468,182,-342.29,6.99,950.47,0.0015,0.0114,0,collision
469,169,-337.20,6.44,816.35,0.0068,0.0091,0,collision
461,282,-16.43,7.91,1430.91,0.0000,0.0000,1,goal
216,237,-388.96,6.38,1022.04,0.0032,0.0109,0,collision
223,157,-332.79,6.13,685.62,0.0050,0.0743,0,collision
225,172,-350.77,5.42,794.40,0.0071,0.0129,0,collision
223,166,-331.17,6.91,829.36,0.0097,0.0000,0,collision
217,168,-338.43,6.95,821.85,0.0057,0.0000,0,collision
226,120,-292.72,7.83,580.41,0.0073,0.0000,0,collision
224,268,-9.83,8.34,1570.78,0.0000,0.0198,1,goal
224,248,-400.99,6.06,1099.87,0.0047,0.0479,0,collision
227,167,-342.97,6.98,879.30,0.0029,0.0058,0,collision
218,280,-32.23,8.00,1443.15,0.0000,0.0011,1,goal
470,188,-342.45,7.11,891.11,0.0034,0.0225,0,collision
462,233,-392.54,6.93,1218.19,0.0043,0.0355,0,collision
471,239,-399.59,5.80,1018.50,0.0082,0.0389,0,collision
463,291,-32.49,7.67,1543.33,0.0000,0.0025,1,goal
472,189,-367.35,5.20,694.01,0.0046,0.0565,0,collision
464,230,-381.25,6.58,1144.86,0.0023,0.0222,0,collision
473,182,-337.89,7.10,908.97,0.0110,0.0024,0,collision
465,147,-313.17,7.38,782.11,0.0034,0.0167,0,collision
474,253,-425.10,5.60,945.23,0.0044,0.0519,0,collision
466,240,-399.73,6.34,1131.99,0.0061,0.0301,0,collision
225,189,-353.58,6.99,865.48,0.0016,0.0375,0,collision
225,285,-17.18,7.80,1395.27,0.0000,0.0100,1,goal
219,230,-395.91,5.47,878.47,0.0081,0.0662,0,collision
228,363,-522.36,6.00,1609.24,0.0034,0.0863,0,collision
226,215,-376.12,6.85,1062.40,0.0084,0.0070,0,collision
226,203,-364.73,6.51,1058.26,0.0082,0.0321,0,collision
227,160,-327.47,5.66,648.65,0.0097,0.0128,0,collision
220,260,4.25,8.56,1474.54,0.0000,0.0000,1,goal
229,213,-368.76,6.54,1057.85,0.0050,0.0150,0,collision
227,132,-299.65,6.99,668.97,0.0105,0.0172,0,collision
467,138,-306.01,7.11,617.24,0.0062,0.0303,0,collision
475,232,-399.32,7.21,1316.68,0.0040,0.0171,0,collision
468,203,-359.87,6.56,964.97,0.0071,0.0000,0,collision
476,234,-392.82,6.50,1213.01,0.0085,0.0443,0,collision
469,175,-341.84,6.92,939.47,0.0083,0.0734,0,collision
477,175,-335.40,7.38,908.25,0.0073,0.0031,0,collision
470,262,-6.25,8.44,1407.14,0.0000,0.0239,1,goal
478,302,-46.30,7.34,1485.99,0.0000,0.0107,1,goal
471,192,-359.78,6.79,896.73,0.0051,0.0651,0,collision
479,248,-420.73,4.20,816.29,0.0031,0.1276,0,collision
228,148,-317.13,5.93,577.59,0.0031,0.0283,0,collision
221,142,-315.38,6.40,682.60,0.0045,0.0705,0,collision
230,139,-306.47,7.36,795.29,0.0072,0.0122,0,collision
228,214,-371.12,6.95,1121.23,0.0059,0.0327,0,collision
222,151,-315.46,7.15,708.70,0.0038,0.0272,0,collision
231,153,-331.67,6.24,702.67,0.0084,0.1113,0,collision
229,333,-485.31,6.34,1238.08,0.0026,0.0901,0,collision
223,182,-354.87,6.55,836.70,0.0078,0.0203,0,collision
229,257,-0.74,8.65,1538.53,0.0000,0.0000,1,goal
232,231,-396.46,6.51,1214.70,0.0033,0.0192,0,collision
480,183,-355.50,7.25,836.59,0.0036,0.0911,0,collision
472,198,-366.29,6.75,982.52,0.0031,0.0672,0,collision
481,182,-345.62,5.89,735.63,0.0071,0.0105,0,collision
473,223,-381.24,6.80,1060.24,0.0085,0.0302,0,collision
482,168,-335.80,6.17,735.53,0.0063,0.0108,0,collision
474,138,-306.23,7.82,787.75,0.0065,0.0179,0,collision
483,179,-342.35,5.89,747.88,0.0016,0.0283,0,collision
475,225,-386.49,5.85,1014.03,0.0055,0.0271,0,collision
484,188,-343.05,7.44,992.85,0.0076,0.0096,0,collision
476,219,-393.66,4.96,737.93,0.0064,0.0882,0,collision
224,137,-302.21,7.66,729.86,0.0099,0.0000,0,collision
230,161,-321.65,6.84,786.09,0.0058,0.0223,0,collision
233,249,-415.52,5.58,1046.31,0.0067,0.0630,0,collision
230,349,-497.10,6.02,1368.70,0.0024,0.0813,0,collision
231,180,-337.21,7.20,846.51,0.0037,0.0148,0,collision
225,258,-438.28,5.00,930.15,0.0022,0.0452,0,collision
234,172,-343.14,5.65,704.62,0.0104,0.0466,0,collision
232,137,-306.99,6.30,566.78,0.0130,0.0108,0,collision
231,212,-389.42,6.07,1053.75,0.0011,0.0401,0,collision
485,235,-380.95,6.38,1016.90,0.0076,0.0000,0,collision
477,354,-99.20,6.33,1760.13,0.0000,0.0137,1,goal
486,171,-338.84,5.92,648.38,0.0048,0.0563,0,collision
478,162,-326.67,6.72,794.42,0.0086,0.0001,0,collision
487,214,-364.78,6.64,1026.11,0.0083,0.0622,0,collision
479,250,-419.55,4.77,892.10,0.0065,0.0951,0,collision
488,154,-317.33,6.93,706.16,0.0057,0.0000,0,collision
489,179,-350.10,5.90,780.22,0.0030,0.0169,0,collision
480,318,-56.86,6.99,1655.45,0.0000,0.0258,1,goal
490,244,-411.80,5.69,970.91,0.0037,0.0191,0,collision
232,147,-311.17,7.47,817.73,0.0071,0.0025,0,collision
226,343,-505.60,6.23,1471.00,0.0051,0.0884,0,collision
233,260,-414.97,5.71,1065.26,0.0073,0.0142,0,collision
235,356,-518.43,6.19,1594.94,0.0054,0.1290,0,collision
233,162,-339.02,7.12,826.31,0.0057,0.0890,0,collision
227,187,-351.51,5.88,712.58,0.0053,0.0669,0,collision
234,217,-377.42,6.22,907.52,0.0080,0.0363,0,collision
236,193,-356.23,6.40,753.04,0.0039,0.0329,0,collision
228,173,-341.35,7.39,1036.39,0.0110,0.0556,0,collision
491,173,-338.35,6.80,890.71,0.0079,0.0349,0,collision
481,261,-424.30,5.63,1063.02,0.0066,0.0008,0,collision
492,292,-451.17,5.18,1048.01,0.0049,0.0260,0,collision
482,340,-80.70,6.55,1602.72,0.0000,0.0000,1,goal
493,288,-41.28,7.68,1679.79,0.0000,0.0031,1,goal
483,232,-393.60,6.03,1109.81,0.0082,0.0218,0,collision
494,207,-383.73,5.12,729.08,0.0040,0.0285,0,collision
484,285,-444.85,5.26,1106.13,0.0062,0.0667,0,collision
495,162,-323.83,6.66,712.29,0.0040,0.0000,0,collision
485,205,-369.51,6.35,948.90,0.0036,0.0528,0,collision
234,283,-40.78,7.88,1558.43,0.0000,0.0000,1,goal
237,217,-372.52,6.97,1090.99,0.0035,0.0292,0,collision
235,277,-25.56,8.04,1515.68,0.0000,0.0006,1,goal
229,235,-387.52,5.94,1124.26,0.0044,0.0242,0,collision
235,185,-348.19,5.71,751.19,0.0108,0.0133,0,collision
236,175,-352.54,6.58,938.38,0.0037,0.0381,0,collision
238,211,-368.15,6.61,978.70,0.0066,0.0390,0,collision
230,156,-324.34,5.46,588.99,0.0091,0.0000,0,collision
236,172,-339.00,6.39,832.28,0.0082,0.0015,0,collision
486,224,-397.68,5.66,976.40,0.0066,0.0166,0,collision
496,284,-480.72,4.08,926.76,0.0021,0.0362,0,collision
497,185,-343.99,6.98,1011.77,0.0042,0.0195,0,collision
487,354,-504.19,5.99,1475.24,0.0026,0.0338,0,collision
488,278,-478.52,5.09,1060.76,0.0016,0.0433,0,collision
498,393,-149.23,5.66,1562.07,0.0000,0.0375,1,goal
499,192,-361.06,5.73,744.21,0.0064,0.0326,0,collision
489,327,-469.34,6.50,1456.84,0.0013,0.0587,0,collision
500,198,-366.13,6.42,1061.21,0.0019,0.0046,0,collision
490,233,-401.35,4.73,756.01,0.0066,0.0471,0,collision
231,188,-360.39,6.34,961.65,0.0037,0.0039,0,collision
237,193,-359.66,5.08,697.99,0.0079,0.0244,0,collision
239,246,-396.64,6.00,1044.29,0.0061,0.0722,0,collision
237,291,-41.70,7.69,1751.72,0.0000,0.0000,1,goal
238,182,-349.95,5.64,687.22,0.0066,0.0000,0,collision
232,249,-428.36,4.81,876.04,0.0036,0.0942,0,collision
238,250,-412.73,5.54,970.83,0.0040,0.0976,0,collision
240,259,-406.02,5.83,1045.68,0.0045,0.0163,0,collision
501,324,-65.81,6.89,1468.75,0.0000,0.0158,1,goal
491,407,-163.31,5.47,1721.91,0.0000,0.0539,1,goal
502,238,-393.00,5.46,891.88,0.0047,0.0299,0,collision
492,203,-357.03,6.52,965.47,0.0037,0.0455,0,collision
503,169,-335.30,5.98,711.10,0.0094,0.0003,0,collision
493,213,-386.57,5.04,736.94,0.0052,0.0000,0,collision
504,240,-412.31,5.04,925.24,0.0027,0.0334,0,collision
494,252,-415.28,5.03,1030.30,0.0030,0.0234,0,collision
505,191,-361.96,5.69,710.37,0.0051,0.0017,0,collision
495,325,-467.75,6.46,1493.43,0.0042,0.0225,0,collision
233,253,-429.14,4.63,775.87,0.0051,0.0440,0,collision
241,211,-374.32,6.58,988.52,0.0047,0.0276,0,collision
239,289,-450.29,5.03,1025.85,0.0044,0.0546,0,collision
239,355,-519.61,6.00,1596.42,0.0021,0.0097,0,collision
234,253,-440.32,4.19,831.22,0.0035,0.0268,0,collision
240,243,-398.06,5.85,1024.06,0.0037,0.0002,0,collision
242,267,-429.35,5.81,1223.57,0.0028,0.0029,0,collision
235,226,-393.42,5.86,994.04,0.0024,0.0273,0,collision
506,204,-361.65,6.34,856.24,0.0060,0.0095,0,collision
496,209,-372.63,6.12,945.25,0.0012,0.0411,0,collision
497,202,-370.53,5.02,637.53,0.0039,0.0000,0,collision
507,369,-104.03,6.05,1445.61,0.0000,0.0231,1,goal
498,259,-409.69,5.11,911.71,0.0052,0.0198,0,collision
508,264,-439.00,4.97,996.62,0.0052,0.0095,0,collision
499,223,-377.44,6.25,948.83,0.0038,0.0136,0,collision
509,210,-362.60,6.19,874.45,0.0007,0.0146,0,collision
500,257,-418.19,5.42,1010.37,0.0013,0.0544,0,collision
510,248,-431.96,5.80,1046.61,0.0043,0.0429,0,collision
240,385,-137.58,5.78,1541.14,0.0000,0.0836,1,goal
241,333,-534.96,3.19,738.97,0.0020,0.1273,0,collision
243,383,-154.23,5.83,1523.72,0.0000,0.0516,1,goal
236,192,-347.65,6.76,866.68,0.0052,0.0097,0,collision
241,240,-415.06,4.34,777.75,0.0056,0.0038,0,collision
242,175,-342.29,7.29,964.02,0.0036,0.0137,0,collision
237,211,-382.49,6.02,1006.18,0.0024,0.0123,0,collision
244,280,-451.34,5.09,1084.33,0.0055,0.0527,0,collision
242,195,-359.44,5.87,761.77,0.0103,0.0048,0,collision
243,188,-345.65,6.82,905.36,0.0043,0.0253,0,collision
501,195,-366.97,5.44,748.44,0.0029,0.0630,0,collision
511,315,-493.06,4.43,925.38,0.0009,0.0836,0,collision
502,243,-399.16,6.14,1147.77,0.0062,0.0202,0,collision
512,214,-378.03,6.53,923.03,0.0005,0.0273,0,collision
503,308,-53.67,7.22,1503.92,0.0000,0.0064,1,goal
513,283,-450.17,4.56,929.28,0.0055,0.0595,0,collision
504,314,-490.55,3.82,889.19,0.0061,0.0627,0,collision
514,278,-459.29,3.78,713.19,0.0033,0.0223,0,collision
505,276,-441.87,4.86,946.09,0.0042,0.0574,0,collision
515,342,-492.38,6.15,1338.94,0.0030,0.0687,0,collision
245,169,-329.69,6.25,737.66,0.0085,0.0174,0,collision
238,245,-418.08,4.31,764.42,0.0028,0.0573,0,collision
243,187,-356.45,6.52,825.76,0.0072,0.0000,0,collision
244,282,-426.95,4.94,978.07,0.0035,0.0231,0,collision
246,182,-350.28,5.84,775.56,0.0036,0.0796,0,collision
239,192,-359.23,6.17,843.54,0.0055,0.0599,0,collision
244,205,-373.63,6.43,926.20,0.0087,0.0161,0,collision
245,181,-338.00,7.17,987.36,0.0027,0.0058,0,collision
247,169,-334.54,6.26,850.26,0.0103,0.0135,0,collision
245,172,-339.26,5.26,592.11,0.0049,0.0000,0,collision
506,190,-348.38,6.79,1009.66,0.0030,0.0188,0,collision
516,270,-450.60,4.02,814.03,0.0063,0.0080,0,collision
507,196,-354.19,6.64,904.12,0.0050,0.0052,0,collision
517,245,-433.59,4.54,721.16,0.0068,0.0146,0,collision
508,185,-357.22,5.65,851.27,0.0087,0.0433,0,collision
509,276,-429.32,5.26,1013.20,0.0030,0.0205,0,collision
518,335,-477.93,6.13,1445.46,0.0035,0.0092,0,collision
510,204,-393.20,4.90,713.38,0.0035,0.0248,0,collision
519,215,-371.80,6.59,1074.14,0.0047,0.0288,0,collision
511,235,-412.45,5.50,1015.70,0.0066,0.0433,0,collision
240,261,-423.50,5.52,1033.16,0.0056,0.0376,0,collision
248,210,-364.11,6.16,881.32,0.0079,0.0229,0,collision
246,287,-463.08,4.08,833.63,0.0038,0.0036,0,collision
246,295,-480.43,3.86,792.27,0.0005,0.0805,0,collision
241,266,-408.75,5.68,1052.29,0.0051,0.0074,0,collision
249,218,-383.36,4.99,769.91,0.0017,0.0010,0,collision
247,231,-380.67,6.88,1108.36,0.0043,0.0223,0,collision
512,224,-383.20,5.98,945.77,0.0065,0.0820,0,collision
520,233,-391.54,5.66,918.21,0.0068,0.0107,0,collision
521,309,-45.84,7.19,1678.74,0.0000,0.0190,1,goal
513,390,-551.08,5.45,1213.08,0.0041,0.0238,0,collision
514,242,-408.52,4.30,754.71,0.0035,0.0413,0,collision
522,334,-483.11,6.37,1394.60,0.0041,0.0312,0,collision
515,249,-407.43,5.12,950.53,0.0033,0.0105,0,collision
523,234,-403.21,4.92,855.29,0.0085,0.0000,0,collision
516,176,-354.11,4.66,633.43,0.0046,0.0000,0,collision
524,193,-349.44,6.61,894.86,0.0066,0.0074,0,collision
247,238,-397.73,5.87,972.14,0.0042,0.0044,0,collision
250,187,-348.98,6.80,997.62,0.0059,0.0461,0,collision
248,177,-336.15,6.52,775.09,0.0057,0.0000,0,collision
248,190,-359.40,5.31,639.28,0.0029,0.0000,0,collision
242,413,-174.02,5.41,1627.54,0.0000,0.0257,1,goal
251,204,-361.97,6.19,853.08,0.0093,0.0360,0,collision
249,323,-514.76,3.96,979.61,0.0044,0.0695,0,collision
249,264,-441.02,3.94,749.42,0.0029,0.0000,0,collision
243,278,-429.09,5.21,977.98,0.0069,0.0278,0,collision
525,304,-465.06,5.05,1155.05,0.0049,0.0293,0,collision
517,416,-156.44,5.35,1563.62,0.0000,0.0353,1,goal
526,207,-365.10,5.34,799.67,0.0087,0.0000,0,collision
518,271,-453.92,3.87,697.36,0.0041,0.0034,0,collision
527,198,-359.36,6.16,922.65,0.0081,0.0000,0,collision
519,145,-317.07,5.66,603.82,0.0043,0.0000,0,collision
528,349,-83.03,6.38,1434.74,0.0000,0.0104,1,goal
520,236,-401.90,5.62,985.30,0.0064,0.0182,0,collision
521,175,-336.23,6.33,833.56,0.0032,0.0179,0,collision
529,239,-403.41,5.50,947.50,0.0056,0.0635,0,collision
252,409,-575.94,5.24,1241.66,0.0030,0.0137,0,collision
250,282,-451.87,3.75,737.95,0.0066,0.0211,0,collision
244,255,-443.67,4.72,858.29,0.0049,0.0059,0,collision
250,338,-492.57,6.42,1126.23,0.0038,0.0825,0,collision
251,255,-412.49,6.31,1058.75,0.0059,0.0450,0,collision
253,359,-513.20,5.96,1353.91,0.0039,0.0508,0,collision
530,258,-424.69,4.11,708.53,0.0050,0.0283,0,collision
522,273,-462.52,3.81,685.32,0.0038,0.0064,0,collision
531,176,-339.17,5.99,746.83,0.0041,0.0146,0,collision
523,297,-23.52,7.50,1357.24,0.0000,0.0000,1,goal
532,196,-359.08,5.89,825.99,0.0068,0.0000,0,collision
524,184,-344.73,6.27,835.33,0.0096,0.0000,0,collision
533,269,-430.82,5.17,1080.50,0.0055,0.0180,0,collision
525,213,-369.68,5.04,748.62,0.0070,0.0001,0,collision
534,313,-492.01,3.87,852.85,0.0044,0.0337,0,collision
526,253,-406.18,5.48,1029.90,0.0034,0.0356,0,collision
245,285,-435.14,4.89,1074.37,0.0038,0.0484,0,collision
251,269,-1.91,8.32,1617.34,0.0000,0.0000,1,goal
252,233,-390.04,5.50,1023.88,0.0026,0.0128,0,collision
246,184,-344.68,5.95,836.35,0.0022,0.0213,0,collision
252,220,-392.08,5.89,922.79,0.0040,0.0458,0,collision
254,299,-478.98,3.59,780.47,0.0033,0.0385,0,collision
247,169,-337.70,5.73,698.96,0.0050,0.0849,0,collision
255,220,-383.45,4.93,798.06,0.0052,0.0524,0,collision
535,291,-475.52,3.59,730.34,0.0039,0.0000,0,collision
527,352,-87.29,6.35,1436.91,0.0000,0.0474,1,goal
536,292,-450.65,4.87,1038.76,0.0013,0.0575,0,collision
528,260,-430.26,4.17,775.57,0.0050,0.0101,0,collision
529,294,-448.03,4.77,942.43,0.0068,0.0281,0,collision
537,384,-560.60,3.99,1079.37,0.0042,0.0648,0,collision
530,246,-419.41,3.77,636.23,0.0035,0.0000,0,collision
538,355,-519.12,4.27,1047.03,0.0032,0.0208,0,collision
531,273,-444.91,3.98,785.65,0.0026,0.0000,0,collision
539,240,-408.04,3.74,622.51,0.0048,0.0124,0,collision
253,357,-499.13,5.79,1302.74,0.0012,0.0496,0,collision
253,251,-401.48,5.54,986.07,0.0034,0.0392,0,collision
248,189,-352.76,5.88,725.32,0.0066,0.0730,0,collision
256,230,-391.52,4.69,775.61,0.0047,0.0000,0,collision
254,285,-469.56,3.49,636.68,0.0035,0.0000,0,collision
254,309,-509.67,3.40,684.00,0.0014,0.0243,0,collision
249,368,-571.47,2.91,734.49,0.0008,0.0000,0,collision
532,294,-438.85,4.74,993.47,0.0036,0.0617,0,collision
540,346,-76.11,6.46,1508.56,0.0000,0.0000,1,goal
541,184,-355.37,5.11,658.67,0.0045,0.0054,0,collision
533,258,-429.59,4.22,797.68,0.0057,0.0000,0,collision
534,290,-471.74,3.56,737.84,0.0039,0.1024,0,collision
542,313,-506.72,3.47,764.70,0.0024,0.0182,0,collision
543,294,-456.22,4.59,902.67,0.0044,0.0318,0,collision
535,348,-534.69,3.70,888.98,0.0024,0.0642,0,collision
544,227,-380.94,5.80,885.50,0.0046,0.0393,0,collision
536,440,-200.83,5.05,1553.06,0.0000,0.0351,1,goal
257,308,-455.67,4.55,1000.70,0.0054,0.0228,0,collision
250,155,-332.66,3.89,460.95,0.0095,0.0000,0,collision
255,298,-467.44,4.38,911.08,0.0060,0.0108,0,collision
255,401,-576.82,3.90,1185.73,0.0038,0.0533,0,collision
251,241,-408.37,4.50,781.65,0.0059,0.0000,0,collision
256,307,-486.38,3.57,715.25,0.0042,0.0486,0,collision
258,378,-123.54,5.90,1560.29,0.0000,0.0252,1,goal
256,219,-384.26,5.36,800.88,0.0018,0.0005,0,collision
545,244,-408.78,4.98,823.91,0.0030,0.0398,0,collision
537,363,-98.87,6.13,1542.99,0.0000,0.0000,1,goal
538,217,-370.22,5.88,885.82,0.0046,0.0104,0,collision
546,365,-498.30,5.90,1414.07,0.0029,0.0000,0,collision
547,248,-401.84,5.03,791.32,0.0026,0.0013,0,collision
539,281,-463.38,3.81,750.60,0.0012,0.0993,0,collision
540,216,-376.79,5.12,746.40,0.0061,0.0044,0,collision
548,241,-409.15,4.79,821.08,0.0041,0.0338,0,collision
541,175,-347.88,5.28,544.68,0.0086,0.0000,0,collision
549,229,-385.63,5.48,892.23,0.0065,0.0012,0,collision
257,195,-364.23,4.82,708.00,0.0060,0.0000,0,collision
252,331,-518.98,3.25,752.85,0.0018,0.0125,0,collision
259,258,-426.57,4.57,806.85,0.0036,0.0212,0,collision
257,327,-475.32,5.16,1188.53,0.0037,0.0109,0,collision
253,221,-384.20,4.92,745.57,0.0070,0.0006,0,collision
258,213,-380.20,5.19,790.30,0.0032,0.0165,0,collision
258,334,-68.35,6.69,1483.67,0.0000,0.0030,1,goal
260,318,-506.28,3.20,689.23,0.0025,0.0438,0,collision
542,215,-373.24,5.74,931.68,0.0092,0.0000,0,collision
550,230,-387.06,5.13,816.36,0.0058,0.0468,0,collision
543,209,-379.05,4.48,633.36,0.0051,0.0662,0,collision
551,257,-420.11,4.22,772.38,0.0068,0.0191,0,collision
552,257,-410.08,4.98,854.64,0.0028,0.0102,0,collision
544,350,-81.67,6.38,1331.76,0.0000,0.0000,1,goal
545,261,-424.82,4.97,848.15,0.0016,0.0242,0,collision
553,417,-172.42,5.34,1420.47,0.0000,0.0341,1,goal
546,315,-499.57,3.30,755.91,0.0027,0.0684,0,collision
554,305,-467.78,4.57,921.34,0.0033,0.0083,0,collision
259,270,-422.05,4.87,949.02,0.0009,0.0322,0,collision
254,340,-494.98,4.39,944.24,0.0035,0.0062,0,collision
261,245,-395.15,5.29,889.82,0.0041,0.0480,0,collision
259,292,-465.72,4.64,940.21,0.0041,0.0222,0,collision
260,277,-445.49,4.32,882.25,0.0034,0.0000,0,collision
260,235,-407.06,4.96,851.63,0.0072,0.0000,0,collision
262,276,-460.63,4.33,828.13,0.0056,0.0893,0,collision
255,304,-34.56,7.35,1382.98,0.0000,0.0000,1,goal
555,186,-345.84,5.96,739.12,0.0049,0.0000,0,collision
547,297,-510.77,5.19,1072.27,0.0029,0.0088,0,collision
556,236,-383.53,5.88,889.14,0.0055,0.0391,0,collision
548,257,-401.80,5.95,1014.88,0.0049,0.0173,0,collision
557,223,-380.36,5.77,873.79,0.0040,0.0180,0,collision
549,256,-412.48,5.51,994.96,0.0059,0.0203,0,collision
558,253,-437.49,6.04,1101.13,0.0018,0.0142,0,collision
550,200,-354.94,6.42,926.55,0.0001,0.0282,0,collision
551,129,-300.80,6.37,583.96,0.0085,0.0000,0,collision
559,390,-555.28,5.56,1467.51,0.0048,0.0434,0,collision
261,245,-417.43,5.24,911.41,0.0050,0.0030,0,collision
263,235,-411.56,5.52,932.31,0.0041,0.0125,0,collision
256,244,-410.98,4.27,753.37,0.0054,0.0119,0,collision
261,365,-517.44,6.06,1322.77,0.0042,0.0119,0,collision
257,235,-389.81,5.57,878.77,0.0044,0.0507,0,collision
262,306,-471.92,7.25,1334.32,0.0053,0.0000,0,collision
560,165,-334.40,5.69,641.85,0.0022,0.0263,0,collision
552,206,-371.16,5.36,775.14,0.0063,0.0122,0,collision
561,182,-344.78,5.12,699.96,0.0085,0.0011,0,collision
553,327,-460.42,6.77,1377.80,0.0017,0.0124,0,collision
562,197,-360.52,5.42,775.85,0.0023,0.0234,0,collision
563,269,-421.31,5.44,1055.40,0.0032,0.0484,0,collision
554,283,-434.11,4.65,949.11,0.0033,0.0199,0,collision
555,244,-402.03,5.31,931.39,0.0075,0.0012,0,collision
564,297,-37.73,7.47,1308.83,0.0000,0.0146,1,goal
556,267,-446.79,3.85,705.46,0.0055,0.0206,0,collision
264,324,-53.97,6.86,1541.98,0.0000,0.0000,1,goal
262,227,-375.50,6.16,940.96,0.0073,0.0246,0,collision
265,197,-367.64,5.60,819.23,0.0071,0.0082,0,collision
263,244,-407.70,5.26,867.48,0.0037,0.0202,0,collision
263,309,-490.09,3.88,813.12,0.0034,0.0045,0,collision
258,369,-525.85,5.59,1534.89,0.0029,0.0317,0,collision
266,204,-356.58,6.22,836.13,0.0033,0.0161,0,collision
264,197,-367.12,5.21,644.52,0.0102,0.0000,0,collision
259,185,-346.83,5.81,715.72,0.0025,0.0040,0,collision
565,204,-353.19,6.34,879.95,0.0068,0.0113,0,collision
557,323,-515.91,3.23,742.94,0.0024,0.0756,0,collision
558,227,-400.40,5.08,819.14,0.0049,0.0362,0,collision
566,366,-90.79,6.14,1523.54,0.0000,0.0451,1,goal
567,266,-417.73,5.74,980.55,0.0032,0.0949,0,collision
559,356,-94.06,6.27,1526.07,0.0000,0.0325,1,goal
568,213,-373.86,4.99,728.06,0.0019,0.0042,0,collision
560,213,-381.29,5.03,728.40,0.0054,0.0000,0,collision
561,218,-372.70,5.39,787.99,0.0037,0.0095,0,collision
569,311,-489.91,3.39,707.69,0.0013,0.0385,0,collision
264,259,-417.02,5.29,1011.51,0.0077,0.0783,0,collision
267,195,-352.27,6.16,767.14,0.0043,0.0050,0,collision
265,226,-395.18,4.72,723.23,0.0036,0.0000,0,collision
260,260,-415.01,4.97,995.70,0.0000,0.0044,0,collision
265,287,-466.26,4.52,910.08,0.0035,0.0433,0,collision
268,211,-375.47,6.23,953.77,0.0046,0.0173,0,collision
570,247,-391.69,5.06,853.49,0.0021,0.0040,0,collision
562,283,-462.46,4.94,968.39,0.0071,0.0716,0,collision
563,212,-380.24,5.00,765.09,0.0050,0.0252,0,collision
571,368,-533.86,5.96,1485.73,0.0026,0.0455,0,collision
564,246,-394.12,6.01,1036.84,0.0076,0.0340,0,collision
572,219,-373.00,5.81,852.28,0.0058,0.0181,0,collision
565,287,-485.67,4.06,858.44,0.0026,0.0037,0,collision
573,247,-410.05,4.39,715.09,0.0048,0.0037,0,collision
566,307,-34.67,7.27,1538.44,0.0000,0.0000,1,goal
574,258,-406.89,5.00,894.31,0.0061,0.0009,0,collision
266,334,-542.67,3.72,918.67,0.0028,0.0503,0,collision
261,298,-497.90,3.45,792.13,0.0063,0.0410,0,collision
266,235,-394.28,5.00,951.06,0.0082,0.0000,0,collision
269,242,-393.76,5.75,927.54,0.0029,0.0227,0,collision
270,233,-390.63,4.62,776.31,0.0050,0.0103,0,collision
267,292,-483.29,4.38,894.18,0.0015,0.0209,0,collision
262,314,-41.37,7.11,1435.28,0.0000,0.0000,1,goal
267,431,-605.43,4.89,1540.28,0.0046,0.0367,0,collision
575,253,-402.04,5.95,1100.67,0.0043,0.0561,0,collision
567,391,-547.40,5.20,1169.91,0.0012,0.0173,0,collision
576,213,-368.89,5.19,778.24,0.0058,0.0092,0,collision
577,253,-416.04,5.00,908.15,0.0060,0.0000,0,collision
568,346,-554.29,3.01,683.68,0.0012,0.1001,0,collision
578,244,-396.66,5.26,925.93,0.0013,0.0146,0,collision
569,245,-410.75,5.29,936.84,0.0022,0.0091,0,collision
570,237,-407.02,5.42,952.10,0.0049,0.0103,0,collision
579,294,-434.23,5.26,1005.19,0.0027,0.0682,0,collision
571,270,-424.29,5.17,898.65,0.0007,0.0263,0,collision
268,268,-419.33,5.82,1088.24,0.0033,0.0099,0,collision
271,320,-500.68,3.45,661.45,0.0040,0.0611,0,collision
263,314,-458.61,4.88,1085.95,0.0012,0.1245,0,collision
268,201,-358.26,5.91,866.89,0.0062,0.0000,0,collision
269,180,-340.93,5.23,699.41,0.0070,0.0000,0,collision
272,220,-376.22,5.79,878.50,0.0065,0.0079,0,collision
264,337,-567.33,3.90,946.12,0.0036,0.0778,0,collision
270,255,-411.34,4.54,825.64,0.0061,0.0147,0,collision
269,360,-80.92,6.19,1404.28,0.0000,0.0251,1,goal
572,199,-368.53,4.88,713.49,0.0028,0.0868,0,collision
580,364,-99.77,6.12,1386.11,0.0000,0.0905,1,goal
573,251,-414.57,4.83,826.29,0.0063,0.0092,0,collision
581,300,-451.13,5.05,1029.86,0.0033,0.0490,0,collision
574,343,-475.30,6.36,1205.64,0.0033,0.0358,0,collision
582,200,-352.64,5.77,784.99,0.0083,0.0000,0,collision
575,245,-399.22,4.91,856.83,0.0082,0.0256,0,collision
583,349,-494.45,6.10,1367.60,0.0035,0.0209,0,collision
576,308,-497.74,3.45,706.74,0.0031,0.0494,0,collision
584,271,-450.66,4.35,830.13,0.0037,0.0629,0,collision
273,355,-573.90,3.32,847.55,0.0037,0.0092,0,collision
265,203,-358.55,6.13,893.69,0.0053,0.0088,0,collision
274,110,-284.89,5.30,441.72,0.0135,0.0000,0,collision
271,287,-465.70,4.17,889.74,0.0038,0.0000,0,collision
270,320,-487.50,4.69,998.31,0.0055,0.0521,0,collision
266,193,-348.48,6.61,822.02,0.0070,0.0230,0,collision
275,237,-395.04,6.20,1015.05,0.0045,0.0123,0,collision
577,234,-384.50,6.25,1066.57,0.0020,0.0407,0,collision
585,272,-5.90,8.20,1563.25,0.0000,0.0000,1,goal
578,221,-377.20,6.49,914.64,0.0090,0.0230,0,collision
586,351,-499.96,6.09,1367.99,0.0022,0.0719,0,collision
579,184,-355.53,5.25,607.39,0.0057,0.0782,0,collision
587,255,-421.33,4.10,700.55,0.0032,0.0000,0,collision
580,240,-407.75,6.07,986.83,0.0066,0.1031,0,collision
588,186,-341.86,6.71,907.59,0.0101,0.0000,0,collision
581,190,-357.99,6.06,826.87,0.0105,0.0111,0,collision
589,230,-377.43,6.55,1019.37,0.0068,0.0410,0,collision
271,256,-399.12,5.98,932.39,0.0027,0.0142,0,collision
267,218,-379.56,5.11,809.54,0.0035,0.0069,0,collision
272,317,-45.48,6.98,1497.36,0.0000,0.0000,1,goal
276,262,-14.10,8.48,1363.26,0.0000,0.0058,1,goal
268,216,-365.56,6.58,993.62,0.0079,0.0000,0,collision
272,279,-420.81,7.68,1452.22,0.0028,0.0112,0,collision
273,260,-437.98,4.46,816.57,0.0054,0.0148,0,collision
277,176,-340.26,6.22,774.55,0.0087,0.0255,0,collision
269,222,-391.82,5.19,767.62,0.0090,0.0984,0,collision
582,172,-335.86,5.61,628.08,0.0001,0.0719,0,collision
590,173,-335.32,6.73,848.48,0.0028,0.1015,0,collision
591,193,-352.04,5.89,834.27,0.0042,0.0219,0,collision
583,329,-466.43,6.57,1429.47,0.0032,0.0897,0,collision
584,176,-348.47,6.33,795.02,0.0077,0.0018,0,collision
592,381,-521.21,5.78,1330.77,0.0022,0.0962,0,collision
585,172,-334.54,6.33,861.06,0.0086,0.0054,0,collision
593,247,-397.89,6.11,1023.04,0.0078,0.0269,0,collision
586,328,-456.96,6.58,1283.11,0.0051,0.0316,0,collision
594,198,-353.57,6.48,902.96,0.0087,0.0290,0,collision
273,214,-379.64,5.57,864.59,0.0093,0.0398,0,collision
274,272,-485.41,5.18,944.63,0.0038,0.0317,0,collision
278,283,-411.54,7.59,1241.63,0.0016,0.0459,0,collision
270,252,-403.74,5.88,1070.72,0.0028,0.0014,0,collision
274,216,-367.68,6.47,1010.88,0.0060,0.0100,0,collision
275,240,-376.70,8.52,1230.69,0.0044,0.0035,0,collision
279,186,-341.77,6.90,914.30,0.0018,0.0457,0,collision
271,223,-369.70,6.86,1011.94,0.0044,0.0201,0,collision
275,255,-439.54,5.50,940.65,0.0031,0.1027,0,collision
595,226,-381.63,5.81,960.18,0.0088,0.0539,0,collision
587,357,-519.59,5.99,1608.73,0.0051,0.0397,0,collision
596,285,-13.26,7.84,1327.98,0.0000,0.0000,1,goal
588,214,-377.85,6.05,880.40,0.0075,0.0062,0,collision
597,278,-418.63,7.64,1175.67,0.0040,0.0097,0,collision
589,254,-400.31,5.61,956.52,0.0035,0.0083,0,collision
598,200,-357.23,5.36,746.65,0.0062,0.0744,0,collision
590,307,-35.17,7.25,1569.73,0.0000,0.0000,1,goal
599,239,-403.50,4.58,795.75,0.0012,0.0285,0,collision
591,160,-322.95,6.56,752.67,0.0072,0.0000,0,collision
280,254,9.06,8.77,1534.40,0.0000,0.0000,1,goal
276,297,-427.43,6.89,1398.00,0.0037,0.0134,0,collision
272,333,-462.68,6.46,1409.28,0.0022,0.0000,0,collision
276,313,-485.30,4.38,997.87,0.0046,0.0320,0,collision
281,218,-366.46,5.92,962.14,0.0027,0.0258,0,collision
277,236,-396.26,4.55,744.65,0.0083,0.0375,0,collision
273,214,-366.03,5.99,936.55,0.0015,0.0155,0,collision
600,199,-365.08,5.60,760.91,0.0073,0.0039,0,collision
592,391,-529.41,5.43,1352.39,0.0051,0.0390,0,collision
601,215,-373.48,6.66,1051.59,0.0074,0.0000,0,collision
593,237,-412.05,5.39,888.50,0.0004,0.0295,0,collision
602,299,-427.43,7.44,1581.85,0.0033,0.0046,0,collision
603,207,-358.92,6.48,1018.52,0.0061,0.0244,0,collision
594,408,-180.02,5.45,1600.81,0.0000,0.1293,1,goal
604,258,-405.76,5.88,1072.51,0.0036,0.0611,0,collision
595,247,-422.92,4.72,775.21,0.0073,0.0693,0,collision
605,228,-381.34,5.81,882.19,0.0039,0.0009,0,collision
277,218,-382.93,4.92,678.16,0.0067,0.0588,0,collision
282,276,-450.86,3.72,700.82,0.0036,0.0734,0,collision
278,310,-99.26,7.19,1253.89,0.0000,0.0000,1,goal
278,241,-382.02,6.24,956.76,0.0065,0.0019,0,collision
274,301,-451.56,5.14,1177.98,0.0039,0.0203,0,collision
283,201,-358.23,6.17,860.76,0.0085,0.0000,0,collision
596,261,-435.03,4.04,710.39,0.0077,0.0000,0,collision
606,285,-441.23,4.99,972.71,0.0057,0.0743,0,collision
607,205,-369.29,5.92,777.45,0.0082,0.0002,0,collision
597,298,-464.65,5.14,1130.67,0.0062,0.0299,0,collision
598,293,-462.97,4.38,861.96,0.0023,0.0115,0,collision
608,386,-127.15,5.77,1561.61,0.0000,0.0178,1,goal
599,246,-416.72,5.17,921.21,0.0028,0.0150,0,collision
609,257,-409.23,5.35,944.57,0.0059,0.0105,0,collision
600,303,-436.52,7.30,1461.43,0.0043,0.0245,0,collision
610,285,-22.83,7.80,1458.16,0.0000,0.0411,1,goal
284,224,-374.35,5.80,901.95,0.0063,0.0000,0,collision
279,356,-504.96,5.80,1081.29,0.0038,0.0703,0,collision
275,271,-456.73,3.97,752.59,0.0070,0.0948,0,collision
279,338,-491.16,6.23,1514.37,0.0047,0.0359,0,collision
285,264,-430.87,4.36,824.83,0.0065,0.0043,0,collision
280,272,-418.87,5.70,1138.24,0.0037,0.0417,0,collision
280,249,-405.69,5.20,862.33,0.0015,0.0276,0,collision
276,304,-37.69,7.34,1086.58,0.0000,0.0391,1,goal
281,221,-385.26,4.99,819.73,0.0065,0.0090,0,collision
286,244,-395.51,5.29,864.95,0.0058,0.0092,0,collision
601,167,-325.21,6.66,743.96,0.0052,0.0242,0,collision
611,251,-430.60,4.45,812.19,0.0030,0.1327,0,collision
602,203,-365.57,5.86,864.16,0.0048,0.0044,0,collision
612,262,-446.83,4.57,884.39,0.0011,0.0164,0,collision
603,218,-372.22,6.24,832.49,0.0051,0.0000,0,collision
613,210,-369.35,5.62,805.90,0.0067,0.0559,0,collision
604,239,-395.22,5.55,918.89,0.0058,0.0767,0,collision
614,263,-409.43,5.83,1054.78,0.0038,0.1380,0,collision
605,228,-376.21,6.98,1094.16,0.0034,0.0369,0,collision
615,324,-46.59,6.89,1389.81,0.0000,0.0339,1,goal
281,354,-84.51,6.29,1483.04,0.0000,0.0377,1,goal
277,365,-95.33,6.09,1416.05,0.0000,0.0153,1,goal
282,295,-425.89,7.33,1170.18,0.0019,0.0153,0,collision
287,318,-516.94,3.37,771.66,0.0038,0.1204,0,collision
282,223,-382.45,4.94,849.60,0.0040,0.0146,0,collision
278,264,-425.45,5.43,1087.56,0.0052,0.0151,0,collision
606,162,-325.55,6.51,744.44,0.0113,0.0000,0,collision
616,281,-26.09,7.91,1259.26,0.0000,0.0067,1,goal
617,183,-348.42,5.84,701.75,0.0056,0.0056,0,collision
607,335,-497.38,6.36,1231.59,0.0023,0.0051,0,collision
608,239,-401.84,5.84,924.14,0.0061,0.0016,0,collision
618,347,-495.87,5.93,1100.69,0.0031,0.0360,0,collision
609,163,-322.70,6.66,709.50,0.0061,0.0351,0,collision
619,257,-399.44,5.01,892.26,0.0049,0.0157,0,collision
610,258,-400.61,5.94,949.28,0.0039,0.0808,0,collision
620,225,-384.92,5.74,885.44,0.0001,0.0099,0,collision
283,322,-58.61,6.94,1524.12,0.0000,0.0088,1,goal
288,343,-89.38,6.49,1307.76,0.0000,0.0343,1,goal
283,276,-440.35,4.42,957.93,0.0049,0.0868,0,collision
279,243,-409.14,4.49,760.57,0.0057,0.0128,0,collision
284,267,-420.53,5.28,1013.69,0.0073,0.0190,0,collision
289,213,-362.71,6.82,970.22,0.0090,0.0335,0,collision
284,331,-52.86,6.75,1344.67,0.0000,0.0411,1,goal
611,229,-374.70,5.63,863.53,0.0072,0.0252,0,collision
621,255,-415.33,4.74,838.58,0.0064,0.0399,0,collision
612,194,-360.72,6.57,899.58,0.0003,0.0146,0,collision
622,228,-376.70,6.57,1041.33,0.0071,0.0684,0,collision
613,185,-342.95,5.74,779.86,0.0081,0.0186,0,collision
623,238,-407.27,4.35,672.16,0.0033,0.0034,0,collision
614,258,7.95,8.64,1377.08,0.0000,0.0000,1,goal
624,246,-396.00,6.02,1010.41,0.0067,0.0000,0,collision
615,180,-355.21,5.26,709.74,0.0045,0.0000,0,collision
625,160,-327.84,6.07,632.33,0.0058,0.0859,0,collision
290,162,-328.51,5.98,663.60,0.0010,0.0728,0,collision
280,340,-470.58,6.40,1155.55,0.0023,0.0097,0,collision
285,286,-26.71,7.76,1290.94,0.0000,0.0121,1,goal
285,183,-344.62,6.61,868.40,0.0100,0.0126,0,collision
281,264,-0.91,8.45,1604.36,0.0000,0.0000,1,goal
286,170,-330.67,6.20,778.60,0.0068,0.0054,0,collision
291,346,-494.02,6.07,1446.31,0.0029,0.0303,0,collision
286,306,-440.77,6.89,1106.85,0.0018,0.0423,0,collision
282,221,-372.70,5.85,852.49,0.0009,0.0234,0,collision
616,252,-428.56,4.07,716.81,0.0034,0.0780,0,collision
626,354,-503.56,5.96,1291.05,0.0033,0.0299,0,collision
627,177,-341.91,5.75,752.13,0.0063,0.0149,0,collision
617,370,-515.20,5.93,1395.88,0.0024,0.0635,0,collision
628,233,-398.34,5.44,960.55,0.0025,0.0262,0,collision
618,274,-4.54,8.14,1460.91,0.0000,0.0000,1,goal
629,269,-421.98,5.56,1064.37,0.0038,0.0233,0,collision
619,199,-369.10,5.16,655.20,0.0064,0.0840,0,collision
630,196,-348.53,6.60,897.28,0.0017,0.0101,0,collision
620,209,-369.55,6.65,954.57,0.0058,0.0140,0,collision
287,215,-370.86,6.08,920.17,0.0046,0.0000,0,collision
292,272,-415.99,5.20,973.07,0.0050,0.0305,0,collision
287,338,-69.66,6.57,1576.69,0.0000,0.0123,1,goal
293,159,-320.86,6.78,724.97,0.0126,0.0023,0,collision
283,286,-21.59,7.77,1081.37,0.0000,0.0000,1,goal
288,323,-486.80,4.64,1023.48,0.0022,0.1177,0,collision
294,169,-331.25,6.07,717.85,0.0030,0.0547,0,collision
288,191,-349.13,5.74,706.31,0.0002,0.0301,0,collision
621,215,-377.16,5.96,841.26,0.0001,0.0135,0,collision
631,258,-435.29,4.24,776.54,0.0013,0.0688,0,collision
622,216,-375.75,5.98,978.96,0.0046,0.0107,0,collision
632,308,-42.05,7.26,1506.95,0.0000,0.0271,1,goal
623,218,-368.95,6.98,1044.77,0.0053,0.0065,0,collision
633,241,-395.56,6.33,1038.51,0.0052,0.0230,0,collision
624,264,-393.78,8.27,1173.67,0.0061,0.0000,0,collision
634,257,-425.69,5.04,869.71,0.0012,0.0164,0,collision
625,235,-388.10,5.31,961.28,0.0011,0.0176,0,collision
635,334,-68.11,6.67,1240.30,0.0000,0.0000,1,goal
284,243,-392.82,6.29,1029.47,0.0025,0.0215,0,collision
289,227,-386.32,5.59,926.74,0.0026,0.0099,0,collision
295,193,-356.49,5.96,817.52,0.0104,0.0087,0,collision
289,192,-350.96,6.03,791.11,0.0039,0.0000,0,collision
285,290,-433.67,5.46,1117.35,0.0046,0.0075,0,collision
290,210,-360.14,6.65,1050.29,0.0058,0.0790,0,collision
290,331,-473.15,6.44,1277.93,0.0021,0.0143,0,collision
296,349,-489.16,6.10,1366.91,0.0026,0.0180,0,collision
626,212,-360.16,6.05,841.25,0.0061,0.0154,0,collision
636,309,-36.46,7.25,1419.28,0.0000,0.0000,1,goal
627,252,-392.04,6.13,1110.85,0.0025,0.0855,0,collision
637,365,-503.91,5.77,1622.44,0.0027,0.0333,0,collision
628,361,-500.45,5.87,1037.49,0.0018,0.0341,0,collision
638,229,-376.05,6.08,972.00,0.0016,0.0376,0,collision
639,300,-29.19,7.43,1443.55,0.0000,0.0232,1,goal
629,384,-537.51,5.54,1399.51,0.0029,0.0147,0,collision
630,292,-35.14,7.65,1442.64,0.0000,0.0000,1,goal
640,321,-43.62,6.95,1477.56,0.0000,0.0020,1,goal
291,170,-328.34,6.39,800.55,0.0100,0.0042,0,collision
286,352,-512.62,5.99,1428.02,0.0042,0.0692,0,collision
291,281,-438.92,5.30,1086.17,0.0032,0.0067,0,collision
292,247,-411.55,4.65,842.24,0.0040,0.0270,0,collision
297,363,-558.01,3.93,998.29,0.0031,0.0474,0,collision
292,225,-385.34,4.87,679.48,0.0017,0.0281,0,collision
287,260,-424.10,4.89,868.08,0.0064,0.0251,0,collision
641,172,-335.36,6.46,791.24,0.0093,0.0018,0,collision
631,181,-340.22,6.78,840.80,0.0056,0.0063,0,collision
642,257,-425.79,5.11,881.11,0.0068,0.0285,0,collision
632,331,-70.38,6.74,1473.41,0.0000,0.0140,1,goal
643,188,-342.39,6.75,915.19,0.0047,0.0067,0,collision
633,205,-371.41,5.31,790.33,0.0033,0.0000,0,collision
644,223,-377.93,6.44,1002.83,0.0075,0.0316,0,collision
634,246,-400.89,5.74,992.74,0.0005,0.0270,0,collision
645,232,-396.82,5.29,940.98,0.0077,0.0037,0,collision
635,178,-352.63,5.45,631.10,0.0063,0.1502,0,collision
293,264,-445.02,4.05,665.42,0.0003,0.0286,0,collision
298,238,-403.88,5.84,1064.09,0.0016,0.0196,0,collision
293,250,-409.93,4.61,789.64,0.0043,0.0189,0,collision
288,386,-124.66,5.76,1384.06,0.0000,0.0497,1,goal
299,233,-381.23,6.35,979.82,0.0041,0.0100,0,collision
294,284,-12.17,7.86,1461.56,0.0000,0.0000,1,goal
294,184,-352.66,5.65,782.08,0.0040,0.0000,0,collision
646,202,-382.90,4.05,618.21,0.0084,0.0573,0,collision
636,203,-367.08,5.50,729.65,0.0033,0.0217,0,collision
637,276,-429.41,5.38,982.53,0.0036,0.0139,0,collision
647,370,-509.50,5.74,1298.76,0.0030,0.0228,0,collision
638,199,-351.00,6.43,848.15,0.0056,0.0041,0,collision
648,258,-416.67,5.45,963.45,0.0047,0.0146,0,collision
639,266,-421.41,4.86,901.32,0.0029,0.0147,0,collision
649,250,-422.43,4.59,736.95,0.0041,0.0475,0,collision
640,272,-428.42,5.17,1017.39,0.0045,0.0133,0,collision
650,234,-410.15,4.28,603.37,0.0024,0.0000,0,collision
295,249,-402.14,5.97,1051.51,0.0061,0.0016,0,collision
289,267,-445.58,4.74,903.67,0.0049,0.1124,0,collision
300,285,-25.48,7.84,1446.72,0.0000,0.0000,1,goal
295,275,-428.27,5.57,1056.75,0.0025,0.1146,0,collision
301,276,-418.25,5.16,927.81,0.0034,0.0377,0,collision
290,359,-497.80,5.91,1221.49,0.0051,0.0228,0,collision
296,339,-73.08,6.57,1551.17,0.0000,0.0000,1,goal
296,404,-586.83,3.67,972.23,0.0027,0.0344,0,collision
651,268,-418.76,4.85,943.53,0.0045,0.0078,0,collision
652,89,-270.90,6.61,379.98,0.0010,0.0000,0,collision
641,369,-87.57,6.04,1389.99,0.0000,0.0000,1,goal
642,304,-451.36,5.09,1088.66,0.0033,0.0542,0,collision
653,365,-96.10,6.10,1273.45,0.0000,0.0081,1,goal
654,150,-335.75,4.51,489.14,0.0047,0.0000,0,collision
643,417,-164.42,5.35,1488.59,0.0000,0.0312,1,goal
655,263,-412.97,4.92,971.86,0.0037,0.0339,0,collision
644,173,-337.24,5.44,635.93,0.0039,0.0000,0,collision
656,283,-447.58,4.28,875.11,0.0071,0.0286,0,collision
302,227,-377.97,5.65,771.08,0.0042,0.0211,0,collision
291,256,-401.22,5.59,980.92,0.0036,0.0485,0,collision
297,239,-389.62,6.14,928.85,0.0074,0.0000,0,collision
297,394,-149.18,5.64,1488.78,0.0000,0.0648,1,goal
303,304,-28.32,7.35,1345.91,0.0000,0.0000,1,goal
292,269,-452.88,3.81,666.21,0.0027,0.0000,0,collision
298,299,-25.97,7.45,1356.94,0.0000,0.0000,1,goal
645,283,-470.04,3.61,682.54,0.0016,0.0000,0,collision
657,296,-474.68,3.73,753.68,0.0031,0.0451,0,collision
646,265,-434.82,3.93,760.23,0.0044,0.0213,0,collision
658,354,-76.80,6.31,1409.31,0.0000,0.0055,1,goal
647,239,-387.74,4.95,770.99,0.0071,0.0257,0,collision
659,193,-352.87,5.43,695.72,0.0047,0.0000,0,collision
660,189,-347.17,5.35,689.40,0.0063,0.0000,0,collision
648,289,-448.93,4.33,852.74,0.0047,0.0286,0,collision
661,211,-376.87,4.95,711.96,0.0071,0.0000,0,collision
649,270,-444.77,4.25,795.87,0.0050,0.0346,0,collision
298,272,-431.89,5.09,981.41,0.0042,0.0122,0,collision
304,248,-412.69,4.91,902.83,0.0028,0.0000,0,collision
293,281,-438.39,5.05,1087.77,0.0043,0.0358,0,collision
299,403,-143.81,5.53,1362.13,0.0000,0.0155,1,goal
299,322,-516.61,3.35,703.07,0.0050,0.0339,0,collision
305,307,-33.08,7.27,1397.84,0.0000,0.0000,1,goal
294,247,-398.14,5.73,991.68,0.0081,0.0398,0,collision
662,198,-362.97,5.61,779.02,0.0038,0.0000,0,collision
650,366,-103.04,6.09,1449.74,0.0000,0.0000,1,goal
663,410,-557.78,5.14,1310.08,0.0026,0.0443,0,collision
651,302,-28.97,7.40,1399.03,0.0000,0.0000,1,goal
664,225,-383.12,5.74,991.73,0.0071,0.0096,0,collision
652,220,-371.76,5.76,901.21,0.0063,0.0085,0,collision
665,253,-393.66,5.86,976.62,0.0064,0.0147,0,collision
653,314,-471.48,5.06,1055.85,0.0038,0.0403,0,collision
666,210,-366.58,6.36,901.84,0.0070,0.0209,0,collision
654,274,-462.44,3.96,725.72,0.0039,0.0613,0,collision
300,232,-383.07,5.87,948.93,0.0066,0.0000,0,collision
300,251,-406.20,5.27,1010.91,0.0035,0.0122,0,collision
306,276,-417.27,5.50,975.51,0.0061,0.0000,0,collision
295,267,-427.75,5.47,993.34,0.0064,0.0093,0,collision
301,318,-441.44,6.80,1226.53,0.0042,0.0067,0,collision
307,229,-397.32,4.52,744.88,0.0039,0.0444,0,collision
296,213,-375.75,5.81,914.56,0.0074,0.0001,0,collision
301,276,-425.66,5.61,1144.55,0.0041,0.0153,0,collision
667,193,-361.85,6.29,908.58,0.0094,0.0000,0,collision
655,267,-430.78,5.35,1075.86,0.0029,0.0026,0,collision
668,227,-382.74,6.40,974.02,0.0031,0.0578,0,collision
656,175,-334.68,5.98,707.56,0.0041,0.0000,0,collision
669,196,-350.41,6.94,990.02,0.0018,0.0476,0,collision
657,180,-336.17,6.90,914.90,0.0040,0.0000,0,collision
670,229,-386.49,6.45,1161.05,0.0076,0.0068,0,collision
658,235,-379.06,6.42,1037.07,0.0078,0.0076,0,collision
671,204,-364.94,5.46,833.20,0.0098,0.0096,0,collision
659,219,-364.76,6.59,946.34,0.0088,0.0000,0,collision
302,192,-350.39,6.42,811.65,0.0061,0.0000,0,collision
297,269,-3.28,8.28,1498.08,0.0000,0.0000,1,goal
302,306,-36.47,7.32,1264.57,0.0000,0.0000,1,goal
303,161,-324.33,6.86,876.42,0.0109,0.0000,0,collision
308,371,-520.34,5.69,1357.10,0.0036,0.0566,0,collision
298,191,-356.78,5.81,733.85,0.0073,0.0096,0,collision
303,222,-374.82,6.51,1001.26,0.0052,0.0125,0,collision
660,216,-376.12,6.01,936.66,0.0061,0.0025,0,collision
672,273,-6.97,8.17,1324.37,0.0000,0.0000,1,goal
661,359,-506.64,5.89,1267.15,0.0041,0.0558,0,collision
673,330,-56.12,6.76,1271.50,0.0000,0.0297,1,goal
662,229,-379.79,6.41,1063.29,0.0086,0.0000,0,collision
674,303,-441.06,6.94,1277.97,0.0020,0.0268,0,collision
663,242,-419.98,4.23,720.36,0.0067,0.0128,0,collision
675,266,-427.17,4.07,688.35,0.0044,0.0133,0,collision
664,177,-338.01,6.51,887.16,0.0041,0.0412,0,collision
676,298,-493.62,3.25,730.25,0.0049,0.1633,0,collision
309,311,-450.65,6.67,1388.47,0.0054,0.0000,0,collision
304,382,-535.10,5.51,1271.93,0.0046,0.1605,0,collision
299,343,-497.29,6.39,1446.76,0.0045,0.0526,0,collision
304,280,-418.61,7.21,1203.64,0.0047,0.0130,0,collision
305,228,-383.92,6.46,1140.68,0.0088,0.0014,0,collision
300,207,-361.18,6.39,923.75,0.0075,0.0113,0,collision
310,346,-81.52,6.42,1356.04,0.0000,0.0082,1,goal
305,221,-378.02,6.30,1026.81,0.0057,0.0333,0,collision
665,179,-344.72,6.00,826.26,0.0110,0.0000,0,collision
677,305,-32.02,7.31,1441.91,0.0000,0.0151,1,goal
666,266,-452.62,4.31,836.98,0.0042,0.0398,0,collision
678,276,-5.96,8.06,1405.05,0.0000,0.0113,1,goal
667,190,-351.98,6.67,1094.93,0.0035,0.0336,0,collision
679,345,-501.65,5.95,1242.99,0.0029,0.0071,0,collision
668,305,-27.90,7.30,1433.87,0.0000,0.0728,1,goal
669,221,-374.74,6.33,999.41,0.0054,0.0080,0,collision
680,314,-490.25,4.46,1040.61,0.0034,0.1143,0,collision
670,240,-432.79,4.79,802.90,0.0049,0.0417,0,collision
306,304,-31.27,7.34,1130.38,0.0000,0.0000,1,goal
311,310,-46.04,7.19,1378.81,0.0000,0.0172,1,goal
301,329,-479.25,6.54,1396.27,0.0028,0.0078,0,collision
306,344,-545.66,4.57,1177.81,0.0025,0.2411,0,collision
307,225,-376.12,6.14,962.62,0.0027,0.0036,0,collision
302,180,-352.46,6.71,881.38,0.0098,0.0272,0,collision
307,210,-364.85,6.71,1005.95,0.0037,0.0215,0,collision
312,283,-15.31,7.89,1149.55,0.0000,0.0063,1,goal
681,212,-370.59,6.11,932.44,0.0059,0.0177,0,collision
671,347,-499.75,6.16,1190.81,0.0054,0.0626,0,collision
682,204,-355.59,6.82,982.10,0.0056,0.0008,0,collision
672,155,-324.03,6.77,854.83,0.0007,0.0061,0,collision
683,249,-425.02,4.61,814.44,0.0044,0.0345,0,collision
673,225,-377.66,6.24,946.15,0.0078,0.0000,0,collision
684,236,-389.29,5.88,981.07,0.0050,0.0129,0,collision
685,170,-327.87,6.69,818.46,0.0061,0.0172,0,collision
674,402,-555.62,5.48,1266.90,0.0028,0.2416,0,collision
686,237,-381.80,6.21,1043.60,0.0032,0.0302,0,collision
308,207,-368.06,5.56,826.04,0.0022,0.0193,0,collision
308,218,-404.01,5.21,795.68,0.0017,0.0826,0,collision
303,317,-450.17,6.75,1217.47,0.0051,0.0221,0,collision
313,238,-383.44,6.15,1086.46,0.0075,0.0024,0,collision
309,244,-407.34,4.26,709.27,0.0045,0.0074,0,collision
309,175,-330.96,6.76,793.12,0.0105,0.0000,0,collision
304,307,-436.89,7.14,1426.37,0.0027,0.0115,0,collision
310,181,-337.08,6.77,826.22,0.0067,0.0041,0,collision
687,289,-467.56,3.76,764.91,0.0037,0.0530,0,collision
675,291,-440.47,5.48,1054.60,0.0047,0.0202,0,collision
676,270,-2.06,8.29,1346.90,0.0000,0.0000,1,goal
688,347,-84.37,6.41,1816.62,0.0000,0.0000,1,goal
677,306,-34.75,7.32,1187.94,0.0000,0.0305,1,goal
689,271,-446.03,3.79,724.45,0.0009,0.0092,0,collision
678,284,-450.67,4.40,836.23,0.0062,0.0484,0,collision
690,364,-499.51,5.78,1267.74,0.0005,0.0435,0,collision
679,307,-504.42,3.38,685.18,0.0038,0.0078,0,collision
691,312,-504.95,3.44,834.33,0.0039,0.0000,0,collision
314,371,-120.37,6.00,1378.23,0.0000,0.0388,1,goal
310,380,-139.61,5.87,1489.38,0.0000,0.0545,1,goal
305,206,-366.70,5.56,771.34,0.0087,0.0142,0,collision
311,292,-420.77,7.34,1361.92,0.0040,0.0312,0,collision
315,313,-53.36,7.12,1559.26,0.0000,0.0000,1,goal
311,307,-37.76,7.26,1508.90,0.0000,0.0253,1,goal
306,323,-464.64,6.36,1233.71,0.0062,0.0090,0,collision
680,276,-442.07,4.48,839.55,0.0047,0.0090,0,collision
692,330,-60.53,6.74,1423.68,0.0000,0.0069,1,goal
693,255,-416.32,5.58,1016.22,0.0043,0.0538,0,collision
681,337,-65.73,6.61,1380.95,0.0000,0.0134,1,goal
694,238,-395.60,5.49,927.63,0.0074,0.0637,0,collision
682,262,-429.98,5.37,1018.54,0.0041,0.0106,0,collision
695,216,-374.70,5.93,885.49,0.0067,0.0144,0,collision
683,264,-405.11,5.79,1184.13,0.0038,0.0265,0,collision
696,273,-438.56,4.22,768.43,0.0024,0.0325,0,collision
684,361,-508.02,5.71,1148.08,0.0015,0.0186,0,collision
312,359,-494.82,6.12,1125.38,0.0031,0.0076,0,collision
316,329,-466.16,6.24,1158.15,0.0047,0.0084,0,collision
307,273,-433.15,5.25,926.84,0.0059,0.0000,0,collision
312,371,-550.88,3.81,1013.39,0.0054,0.0453,0,collision
317,237,-386.60,5.50,931.71,0.0034,0.0119,0,collision
308,186,-354.56,5.63,779.44,0.0010,0.0086,0,collision
313,350,-98.65,6.38,1163.41,0.0000,0.0075,1,goal
685,255,-404.03,5.32,961.82,0.0014,0.0000,0,collision
697,305,-440.16,6.62,1301.97,0.0033,0.0633,0,collision
686,306,-436.78,6.73,1356.25,0.0039,0.0106,0,collision
698,260,-422.50,4.77,878.18,0.0011,0.0129,0,collision
687,200,-358.93,5.48,734.30,0.0039,0.0076,0,collision
699,243,-385.47,6.29,1009.78,0.0053,0.0114,0,collision
700,174,-334.40,6.98,816.38,0.0068,0.0006,0,collision
688,295,-461.63,4.49,871.04,0.0043,0.0217,0,collision
701,204,-372.70,5.73,837.96,0.0022,0.0095,0,collision
689,202,-356.48,5.97,783.89,0.0087,0.0000,0,collision
313,305,-29.97,7.31,1490.92,0.0000,0.0286,1,goal
309,224,-376.56,6.57,1051.04,0.0084,0.0000,0,collision
318,265,-431.07,4.61,876.65,0.0073,0.0294,0,collision
314,347,-478.33,6.16,1105.30,0.0032,0.0456,0,collision
310,183,-346.23,6.04,778.13,0.0109,0.0100,0,collision
314,266,-429.72,4.96,997.05,0.0056,0.0311,0,collision
319,263,-405.90,6.07,1118.09,0.0005,0.0075,0,collision
690,276,-437.06,5.54,1091.62,0.0036,0.0975,0,collision
702,302,-473.63,4.92,1152.24,0.0038,0.0721,0,collision
691,234,-410.86,5.43,878.98,0.0011,0.0514,0,collision
703,300,-449.27,5.92,1147.36,0.0049,0.0003,0,collision
704,201,-353.55,6.63,937.93,0.0077,0.0190,0,collision
692,372,-526.84,5.66,1342.79,0.0017,0.1237,0,collision
705,220,-372.69,5.90,853.49,0.0048,0.0061,0,collision
693,326,-49.35,6.84,1439.17,0.0000,0.0182,1,goal
706,280,-437.85,5.38,994.42,0.0027,0.0087,0,collision
694,256,-427.52,4.52,887.37,0.0011,0.0251,0,collision
311,221,-374.26,6.52,1068.56,0.0061,0.0321,0,collision
320,203,-358.62,6.45,859.78,0.0061,0.0283,0,collision
315,313,-467.52,5.09,1073.52,0.0013,0.0150,0,collision
315,364,-512.81,5.67,1214.08,0.0034,0.0292,0,collision
312,303,-438.69,6.74,1415.86,0.0018,0.0316,0,collision
316,279,-455.79,3.73,691.03,0.0044,0.0000,0,collision
321,333,-62.71,6.68,1328.61,0.0000,0.0284,1,goal
695,273,-440.65,4.72,881.39,0.0056,0.0062,0,collision
707,303,-473.40,4.53,1043.10,0.0056,0.0353,0,collision
708,244,-409.41,4.82,759.65,0.0080,0.0000,0,collision
696,478,-674.91,4.08,1319.61,0.0025,0.0968,0,collision
709,247,-400.73,4.51,784.99,0.0042,0.0150,0,collision
710,217,-386.92,5.72,954.02,0.0092,0.0280,0,collision
697,276,-431.56,5.43,1098.74,0.0036,0.0457,0,collision
698,238,-395.29,5.88,1119.85,0.0041,0.0041,0,collision
711,258,-421.91,4.21,798.09,0.0041,0.0228,0,collision
699,288,-449.35,4.84,1003.90,0.0027,0.0263,0,collision
316,470,-646.97,4.20,1269.25,0.0019,0.1375,0,collision
313,299,-486.73,3.38,631.02,0.0056,0.1784,0,collision
317,235,-392.87,4.52,657.70,0.0028,0.0000,0,collision
322,230,-386.85,5.60,886.73,0.0059,0.0069,0,collision
317,255,-389.34,7.98,1111.36,0.0028,0.0000,0,collision
318,277,-422.16,5.26,1040.01,0.0061,0.0324,0,collision
323,318,-458.58,6.41,1164.06,0.0031,0.0013,0,collision
700,296,-474.90,3.62,695.35,0.0044,0.0095,0,collision
712,308,-497.23,3.41,688.38,0.0032,0.1235,0,collision
701,274,-422.81,5.02,1003.44,0.0067,0.0336,0,collision
713,318,-484.50,4.46,1034.78,0.0015,0.0003,0,collision
702,304,-464.79,4.60,871.94,0.0029,0.0436,0,collision
714,331,-513.46,3.71,844.91,0.0057,0.1424,0,collision
703,291,-449.88,4.77,985.67,0.0016,0.0224,0,collision
715,363,-526.20,4.44,1114.22,0.0011,0.0558,0,collision
704,336,-68.72,6.65,1360.61,0.0000,0.0027,1,goal
716,350,-489.46,5.84,1364.51,0.0018,0.0192,0,collision
314,388,-137.44,5.76,1484.46,0.0000,0.0283,1,goal
318,307,-488.77,3.61,739.67,0.0039,0.0059,0,collision
319,328,-56.02,6.80,1234.97,0.0000,0.0324,1,goal
315,304,-462.22,5.07,1083.10,0.0033,0.0377,0,collision
324,338,-518.44,4.29,988.17,0.0047,0.0486,0,collision
319,234,-379.37,6.31,1040.91,0.0052,0.0136,0,collision
717,249,-393.41,5.89,997.33,0.0054,0.0000,0,collision
705,352,-509.05,4.44,1146.39,0.0025,0.0822,0,collision
718,271,-447.64,3.85,675.45,0.0034,0.0000,0,collision
706,309,-436.53,6.63,1171.97,0.0019,0.0058,0,collision
719,298,-473.23,3.61,694.58,0.0038,0.0014,0,collision
707,454,-197.95,4.92,1284.14,0.0000,0.0577,1,goal
720,395,-129.09,5.67,1290.96,0.0000,0.0432,1,goal
708,476,-257.32,4.67,1541.53,0.0000,0.1162,1,goal
721,396,-118.30,5.62,1586.39,0.0000,0.0000,1,goal
709,345,-484.20,6.25,1185.31,0.0028,0.0619,0,collision
325,216,-382.14,4.93,741.79,0.0031,0.0000,0,collision
320,286,-421.75,7.38,1265.46,0.0067,0.0007,0,collision
316,301,-30.63,7.41,1481.74,0.0000,0.0000,1,goal
320,299,-455.72,5.12,1145.01,0.0061,0.0265,0,collision
326,309,-460.79,6.50,1343.85,0.0032,0.0344,0,collision
317,257,-410.29,5.03,936.84,0.0053,0.0308,0,collision
321,348,-542.68,3.14,734.77,0.0013,0.0767,0,collision
710,255,-413.00,5.65,1026.57,0.0063,0.0023,0,collision
722,322,-509.76,3.33,752.20,0.0018,0.1014,0,collision
723,243,-412.01,4.73,795.15,0.0003,0.0203,0,collision
711,400,-539.58,5.27,1421.08,0.0002,0.0475,0,collision
724,245,-395.19,5.28,848.67,0.0057,0.0138,0,collision
712,286,-446.34,5.08,1146.82,0.0028,0.0613,0,collision
725,263,-409.35,5.46,1107.17,0.0064,0.0104,0,collision
713,313,-506.41,3.67,781.04,0.0064,0.0629,0,collision
726,403,-138.28,5.53,1239.65,0.0000,0.0421,1,goal
714,231,-377.66,6.23,983.36,0.0079,0.0002,0,collision
321,332,-497.88,4.42,1084.50,0.0007,0.0165,0,collision
322,230,-392.81,5.01,844.44,0.0032,0.0095,0,collision
327,383,-602.42,3.12,828.73,0.0023,0.1888,0,collision
318,353,-70.21,6.32,1132.32,0.0000,0.0300,1,goal
322,269,-453.46,4.26,766.04,0.0061,0.0205,0,collision
323,303,-31.88,7.37,1419.96,0.0000,0.0045,1,goal
727,218,-377.98,5.72,943.86,0.0060,0.0291,0,collision
715,269,-417.19,5.11,984.73,0.0050,0.0242,0,collision
728,255,-423.12,4.63,828.95,0.0050,0.0209,0,collision
716,358,-495.45,5.90,1398.36,0.0028,0.0137,0,collision
729,284,-441.29,4.91,919.72,0.0060,0.0152,0,collision
717,396,-136.64,5.62,1495.42,0.0000,0.0185,1,goal
730,310,-444.12,7.17,1478.81,0.0057,0.0000,0,collision
718,261,-413.24,5.15,935.27,0.0026,0.0250,0,collision
731,264,-419.58,5.36,1089.80,0.0042,0.0539,0,collision
719,296,-474.67,3.72,717.83,0.0009,0.0598,0,collision
319,334,-502.59,4.57,993.68,0.0049,0.0256,0,collision
323,274,-449.99,4.23,841.33,0.0058,0.0237,0,collision
324,257,-415.25,5.05,892.07,0.0020,0.0117,0,collision
328,472,-638.69,4.63,1502.47,0.0027,0.0721,0,collision
320,254,-409.95,5.58,1042.70,0.0070,0.0237,0,collision
324,320,-507.87,3.30,713.68,0.0005,0.0921,0,collision
329,217,-385.70,5.28,873.03,0.0092,0.0000,0,collision
325,243,-402.29,5.25,891.92,0.0051,0.0123,0,collision
720,158,-317.83,6.96,684.52,0.0060,0.0129,0,collision
732,444,-174.19,5.03,1319.70,0.0000,0.0793,1,goal
721,352,-495.68,5.84,1254.00,0.0043,0.0056,0,collision
722,266,-432.48,3.97,737.00,0.0043,0.0341,0,collision
733,385,-519.10,5.54,1372.85,0.0015,0.0515,0,collision
723,262,-423.01,4.92,935.01,0.0071,0.0076,0,collision
734,227,-383.68,5.63,959.44,0.0009,0.0122,0,collision
724,248,-423.63,4.64,893.31,0.0015,0.0471,0,collision
735,315,-46.38,7.12,1468.29,0.0000,0.0156,1,goal
725,271,-406.52,6.13,1258.96,0.0055,0.0514,0,collision
321,326,-63.87,6.83,1464.64,0.0000,0.0000,1,goal
330,240,-408.72,4.26,811.04,0.0007,0.0550,0,collision
326,243,-397.72,4.79,814.89,0.0022,0.0000,0,collision
325,319,-507.43,3.46,771.00,0.0053,0.0906,0,collision
327,228,-381.68,5.60,929.53,0.0047,0.0041,0,collision
322,268,-412.72,4.65,904.47,0.0062,0.0001,0,collision
331,302,-29.81,7.39,1614.41,0.0000,0.0000,1,goal
736,193,-353.67,5.98,873.33,0.0089,0.0000,0,collision
726,277,-449.84,4.33,855.37,0.0072,0.1185,0,collision
737,197,-361.05,5.88,851.27,0.0028,0.0102,0,collision
727,238,-388.07,6.00,1020.35,0.0048,0.0360,0,collision
738,200,-369.43,5.78,854.84,0.0027,0.0065,0,collision
728,238,-380.30,5.87,992.50,0.0017,0.0156,0,collision
739,193,-349.01,5.68,773.24,0.0079,0.0000,0,collision
740,308,-35.46,7.22,1302.25,0.0000,0.0020,1,goal
729,397,-141.14,5.60,1351.05,0.0000,0.0718,1,goal
741,281,-9.02,7.95,1437.06,0.0000,0.0000,1,goal
326,377,-513.40,5.61,1407.99,0.0049,0.0881,0,collision
328,238,-392.90,5.91,999.38,0.0013,0.0240,0,collision
323,329,-457.88,6.21,1223.23,0.0030,0.0083,0,collision
332,308,-435.44,6.69,1151.11,0.0032,0.0227,0,collision
327,198,-359.38,5.86,847.47,0.0090,0.0000,0,collision
329,223,-378.34,4.73,743.06,0.0004,0.0585,0,collision
324,224,-376.83,5.79,921.39,0.0017,0.0052,0,collision
328,219,-387.54,4.78,742.53,0.0034,0.0901,0,collision
742,223,-376.66,6.57,1112.05,0.0046,0.0015,0,collision
730,260,-422.28,5.33,972.83,0.0032,0.0279,0,collision
731,286,-457.54,3.85,717.73,0.0057,0.0502,0,collision
743,328,-462.11,6.50,1299.74,0.0053,0.0183,0,collision
744,314,-506.67,3.51,730.48,0.0022,0.0649,0,collision
732,328,-460.84,6.73,1425.83,0.0040,0.0286,0,collision
745,240,-397.65,4.45,617.61,0.0083,0.0079,0,collision
733,265,-431.68,5.58,1144.01,0.0055,0.0000,0,collision
746,159,-324.96,5.92,681.78,0.0066,0.0000,0,collision
734,246,-414.52,4.76,841.06,0.0045,0.0569,0,collision
333,305,-480.12,3.42,757.74,0.0034,0.0799,0,collision
330,332,-59.94,6.69,1525.91,0.0000,0.0171,1,goal
329,230,-388.29,6.28,995.01,0.0073,0.0113,0,collision
325,310,-33.87,7.19,1434.40,0.0000,0.0079,1,goal
334,248,-394.60,5.16,820.95,0.0052,0.0219,0,collision
331,321,-456.06,6.69,1317.93,0.0027,0.0216,0,collision
330,294,-472.79,3.62,742.33,0.0029,0.1358,0,collision
735,310,-495.98,3.50,700.43,0.0028,0.1071,0,collision
747,325,-478.90,6.53,1215.61,0.0035,0.1050,0,collision
736,249,-415.20,4.86,926.06,0.0077,0.1079,0,collision
748,319,-466.42,6.97,1394.47,0.0063,0.0311,0,collision
737,189,-346.41,7.03,1001.18,0.0076,0.0000,0,collision
749,289,-424.27,7.50,1475.85,0.0048,0.0000,0,collision
738,335,-478.33,6.45,1318.26,0.0035,0.0722,0,collision
750,312,-42.90,7.16,1532.51,0.0000,0.0003,1,goal
739,306,-473.24,4.91,1062.61,0.0028,0.0408,0,collision
751,242,-411.11,5.33,977.73,0.0034,0.0319,0,collision
326,372,-98.40,6.00,1217.39,0.0000,0.1282,1,goal
331,129,-302.39,6.37,572.12,0.0073,0.0000,0,collision
335,350,-484.58,6.26,1309.47,0.0038,0.0019,0,collision
332,230,-391.55,5.65,837.90,0.0007,0.0674,0,collision
327,240,-397.98,4.64,728.88,0.0065,0.0239,0,collision
333,233,-389.96,6.05,945.25,0.0040,0.0092,0,collision
332,353,-96.98,6.32,1318.96,0.0000,0.0183,1,goal
336,375,-526.19,5.42,1431.91,0.0027,0.1168,0,collision
752,166,-332.64,5.64,704.84,0.0030,0.0000,0,collision
740,340,-472.53,6.19,1216.55,0.0035,0.0116,0,collision
753,230,-380.59,6.10,1026.97,0.0047,0.0120,0,collision
741,246,-385.31,6.23,1052.07,0.0037,0.0232,0,collision
754,348,-492.03,6.06,1586.04,0.0018,0.0374,0,collision
742,304,-36.18,7.32,1452.45,0.0000,0.0000,1,goal
755,198,-365.35,6.07,875.06,0.0094,0.0138,0,collision
743,219,-378.50,5.91,956.80,0.0056,0.0000,0,collision
756,207,-370.07,5.93,893.76,0.0039,0.0917,0,collision
744,335,-65.35,6.63,1294.79,0.0000,0.0033,1,goal
328,254,-424.75,4.53,789.75,0.0063,0.0447,0,collision
333,216,-370.28,5.92,933.68,0.0030,0.0049,0,collision
334,261,-426.20,4.62,839.94,0.0051,0.0284,0,collision
337,247,-401.57,6.21,1093.13,0.0024,0.1168,0,collision
329,265,-414.77,5.53,977.94,0.0039,0.0262,0,collision
335,237,-389.27,6.47,1161.25,0.0029,0.0849,0,collision
334,289,-419.82,7.14,1241.24,0.0032,0.0156,0,collision
745,216,-377.69,6.12,996.66,0.0074,0.0080,0,collision
757,218,-378.71,5.06,842.68,0.0046,0.0480,0,collision
746,250,-403.03,5.55,1000.22,0.0042,0.0073,0,collision
758,249,-403.59,6.13,1136.17,0.0040,0.0649,0,collision
747,260,-395.23,8.21,1168.61,0.0046,0.0000,0,collision
759,332,-479.81,6.36,1239.44,0.0026,0.0521,0,collision
748,217,-374.27,5.62,885.50,0.0045,0.0092,0,collision
760,245,-393.01,6.11,1053.51,0.0054,0.0020,0,collision
761,209,-371.02,6.20,1051.74,0.0051,0.0392,0,collision
749,327,-471.56,6.50,1028.65,0.0012,0.0089,0,collision
338,378,-539.33,5.57,1593.47,0.0027,0.1700,0,collision
336,248,-403.28,6.17,1116.41,0.0040,0.0987,0,collision
330,372,-554.53,3.87,1047.62,0.0029,0.0869,0,collision
335,304,-44.61,7.33,1246.84,0.0000,0.0047,1,goal
339,265,-420.41,5.77,1199.67,0.0030,0.1129,0,collision
337,310,-445.85,6.92,1196.35,0.0044,0.0540,0,collision
331,319,-472.24,6.72,1129.73,0.0049,0.0245,0,collision
336,279,-439.63,4.89,1009.94,0.0031,0.0337,0,collision
762,230,-383.56,6.17,1123.25,0.0063,0.0015,0,collision
750,275,-406.59,7.49,1166.54,0.0026,0.0076,0,collision
763,182,-343.52,6.31,754.69,0.0040,0.0041,0,collision
751,311,-446.55,6.57,1330.29,0.0038,0.0235,0,collision
752,167,-336.72,4.99,555.39,0.0065,0.0522,0,collision
764,377,-529.03,5.59,1286.90,0.0004,0.0635,0,collision
753,274,-6.65,8.11,1405.46,0.0000,0.0000,1,goal
765,291,-427.27,7.24,1268.57,0.0033,0.0304,0,collision
754,263,-395.77,8.21,1213.03,0.0057,0.0296,0,collision
766,290,-432.62,7.14,1240.04,0.0032,0.0000,0,collision
340,192,-358.13,5.50,731.64,0.0035,0.1247,0,collision
338,248,-417.76,4.91,956.76,0.0054,0.0741,0,collision
337,197,-356.02,5.81,792.99,0.0084,0.0000,0,collision
341,303,-31.94,7.36,1642.60,0.0000,0.0000,1,goal
339,216,-375.53,6.02,858.29,0.0083,0.0000,0,collision
332,472,-645.76,4.61,1451.92,0.0038,0.0766,0,collision
338,269,-432.79,4.27,814.79,0.0039,0.0206,0,collision
767,159,-325.75,5.86,607.48,0.0036,0.0000,0,collision
755,274,-430.99,4.04,735.13,0.0048,0.0088,0,collision
768,341,-471.70,6.24,1170.21,0.0055,0.0353,0,collision
756,233,-384.78,6.10,1000.90,0.0038,0.0000,0,collision
769,253,-402.57,5.74,1146.93,0.0057,0.0013,0,collision
757,289,-456.07,3.75,751.09,0.0053,0.0541,0,collision
770,296,-424.19,7.32,1499.90,0.0042,0.0132,0,collision
758,335,-72.32,6.68,1151.94,0.0000,0.0003,1,goal
771,372,-504.03,5.55,1547.74,0.0052,0.0587,0,collision
759,326,-462.88,6.46,1347.37,0.0026,0.0383,0,collision
342,332,-478.04,6.45,1364.30,0.0025,0.1438,0,collision
333,216,-371.55,6.26,997.36,0.0085,0.0226,0,collision
340,314,-52.75,7.09,1368.77,0.0000,0.0383,1,goal
339,242,-398.40,5.45,902.00,0.0049,0.0339,0,collision
340,211,-370.57,5.28,728.09,0.0083,0.0111,0,collision
334,258,-418.06,4.15,679.80,0.0004,0.0492,0,collision
343,302,-24.00,7.39,1491.56,0.0000,0.0019,1,goal
341,286,-456.47,3.78,811.93,0.0035,0.0941,0,collision
760,303,-426.01,6.82,1419.84,0.0057,0.0362,0,collision
772,341,-538.66,3.02,755.39,0.0028,0.1807,0,collision
773,221,-374.85,5.79,889.57,0.0059,0.0054,0,collision
761,261,-410.66,5.93,1091.72,0.0041,0.0222,0,collision
762,262,-433.63,4.24,890.98,0.0060,0.0027,0,collision
774,277,-449.12,5.18,1097.25,0.0036,0.1450,0,collision
763,247,-392.01,5.63,921.78,0.0012,0.0418,0,collision
775,294,-425.43,6.90,1175.26,0.0053,0.0270,0,collision
764,251,-420.21,4.60,798.93,0.0076,0.0024,0,collision
776,338,-70.90,6.63,956.84,0.0000,0.0000,1,goal
335,209,-368.93,5.67,943.80,0.0013,0.0475,0,collision
344,226,-385.22,5.64,964.56,0.0054,0.0082,0,collision
342,207,-363.55,6.09,950.14,0.0089,0.0037,0,collision
341,294,-426.28,7.01,1178.23,0.0034,0.0341,0,collision
342,150,-316.93,6.28,674.48,0.0081,0.0000,0,collision
345,235,-384.44,5.45,919.67,0.0044,0.0283,0,collision
343,283,-448.32,3.88,819.68,0.0019,0.0331,0,collision
336,351,-482.29,5.98,1212.39,0.0053,0.0250,0,collision
777,355,-477.00,6.24,1259.95,0.0023,0.0298,0,collision
765,408,-558.51,5.17,1434.43,0.0039,0.0823,0,collision
766,184,-342.90,6.00,801.14,0.0091,0.0075,0,collision
778,337,-479.35,6.10,1185.77,0.0033,0.0219,0,collision
767,218,-376.69,5.30,921.33,0.0085,0.0000,0,collision
779,380,-114.54,5.89,1534.94,0.0000,0.0489,1,goal
768,412,-553.30,4.85,1310.43,0.0028,0.0857,0,collision
780,374,-126.07,5.99,1460.65,0.0000,0.0294,1,goal
769,235,-398.16,4.90,802.69,0.0075,0.0011,0,collision
781,141,-309.69,5.56,512.43,0.0093,0.0000,0,collision
346,174,-333.84,5.39,662.72,0.0067,0.0000,0,collision
337,141,-315.79,5.15,452.88,0.0142,0.0000,0,collision
343,280,-412.78,7.49,1216.38,0.0056,0.0006,0,collision
344,263,-413.69,5.82,1136.81,0.0041,0.0178,0,collision
344,162,-329.81,5.78,630.16,0.0025,0.0062,0,collision
347,292,-440.64,4.56,949.20,0.0017,0.0012,0,collision
338,341,-466.04,6.32,1244.12,0.0035,0.0383,0,collision
782,364,-523.72,3.76,939.31,0.0040,0.0639,0,collision
770,371,-517.44,5.26,1367.73,0.0030,0.0527,0,collision
771,314,-39.27,7.11,1371.11,0.0000,0.0000,1,goal
783,365,-507.33,5.94,1579.35,0.0019,0.0240,0,collision
772,293,-459.95,3.73,704.23,0.0034,0.0417,0,collision
784,250,-404.95,4.58,768.41,0.0041,0.0325,0,collision
773,187,-352.61,5.36,688.04,0.0087,0.0447,0,collision
785,315,-489.97,4.83,1204.13,0.0032,0.0753,0,collision
774,244,-407.47,5.38,993.47,0.0075,0.0352,0,collision
786,340,-504.98,4.34,1003.61,0.0054,0.0163,0,collision
345,381,-122.61,5.84,1237.97,0.0000,0.0787,1,goal
348,240,-397.13,4.57,816.66,0.0042,0.0367,0,collision
345,327,-472.51,5.73,1180.52,0.0014,0.0101,0,collision
346,252,-405.53,5.60,992.89,0.0044,0.0124,0,collision
339,419,-564.50,5.03,1153.64,0.0042,0.0775,0,collision
349,290,-454.93,3.74,776.24,0.0038,0.0541,0,collision
346,303,-464.37,4.87,1034.63,0.0064,0.0000,0,collision
347,173,-344.40,5.43,696.37,0.0037,0.0000,0,collision
787,170,-337.16,5.60,695.70,0.0029,0.0000,0,collision
775,268,-416.94,5.33,1048.33,0.0061,0.0068,0,collision
788,165,-330.41,5.67,678.36,0.0018,0.0000,0,collision
789,192,-377.89,4.90,645.75,0.0030,0.0052,0,collision
776,345,-68.65,6.46,1509.09,0.0000,0.0000,1,goal
790,240,-392.65,4.88,766.66,0.0061,0.0000,0,collision
777,189,-344.23,5.83,759.84,0.0053,0.0308,0,collision
791,377,-519.59,5.63,1399.92,0.0028,0.0262,0,collision
778,345,-505.50,4.10,968.72,0.0033,0.0308,0,collision
792,170,-344.94,5.50,653.85,0.0043,0.0059,0,collision
340,227,-380.87,5.57,915.90,0.0045,0.0035,0,collision
347,281,-435.93,5.68,1134.36,0.0032,0.0376,0,collision
350,321,-493.58,3.75,897.87,0.0057,0.0347,0,collision
341,211,-378.92,5.11,837.44,0.0057,0.0180,0,collision
348,359,-485.91,5.88,1222.55,0.0053,0.0148,0,collision
348,252,-424.18,3.89,750.41,0.0054,0.0231,0,collision
351,241,-412.98,4.87,843.02,0.0083,0.0000,0,collision
793,171,-335.05,4.79,568.45,0.0052,0.0000,0,collision
779,301,-491.13,3.71,770.84,0.0037,0.0756,0,collision
794,275,-437.73,3.98,779.81,0.0068,0.0062,0,collision
795,214,-373.52,5.38,780.30,0.0085,0.0085,0,collision
780,461,-665.70,2.82,953.26,0.0027,0.0713,0,collision
796,296,-428.48,6.84,1276.45,0.0034,0.0184,0,collision
797,163,-328.29,4.97,555.01,0.0100,0.0000,0,collision
781,366,-95.54,6.09,1460.75,0.0000,0.0000,1,goal
782,290,-439.30,4.78,1014.05,0.0041,0.0147,0,collision
798,325,-59.61,6.82,1244.53,0.0000,0.0008,1,goal
342,260,-416.43,5.42,1058.41,0.0014,0.0117,0,collision
349,341,-68.93,6.56,1515.56,0.0000,0.0000,1,goal
349,300,-482.75,3.54,724.60,0.0054,0.0000,0,collision
352,334,-496.25,4.60,1124.26,0.0023,0.0527,0,collision
343,306,-43.04,7.29,959.77,0.0000,0.0000,1,goal
353,174,-342.61,4.46,559.47,0.0076,0.0000,0,collision
350,286,-453.62,4.32,931.03,0.0047,0.0024,0,collision
799,143,-314.60,5.71,658.85,0.0099,0.0000,0,collision
783,284,-465.33,3.86,750.43,0.0061,0.1062,0,collision
800,189,-366.96,4.96,648.15,0.0044,0.0052,0,collision
784,175,-353.90,5.34,621.80,0.0033,0.0000,0,collision
801,200,-355.37,6.19,824.30,0.0092,0.0000,0,collision
785,287,-420.57,7.14,1385.25,0.0051,0.0128,0,collision
802,346,-82.94,6.44,1534.42,0.0000,0.0239,1,goal
786,330,-54.53,6.76,1348.95,0.0000,0.0440,1,goal
803,341,-479.67,6.32,1319.80,0.0045,0.0330,0,collision
787,159,-338.82,5.16,601.61,0.0026,0.0000,0,collision
350,379,-531.19,5.78,1258.78,0.0051,0.0109,0,collision
344,248,-414.84,4.87,837.73,0.0052,0.0000,0,collision
354,338,-58.59,6.61,1367.02,0.0000,0.0012,1,goal
351,298,-447.87,4.40,994.13,0.0055,0.0819,0,collision
351,307,-37.30,7.24,1403.57,0.0000,0.0122,1,goal
355,178,-336.78,6.11,713.08,0.0069,0.0299,0,collision
804,277,-448.79,4.14,872.76,0.0031,0.0010,0,collision
788,304,-32.93,7.36,1247.92,0.0000,0.0124,1,goal
805,269,-436.98,3.97,798.71,0.0063,0.0000,0,collision
789,311,-439.74,7.02,1455.35,0.0036,0.0206,0,collision
806,273,-422.85,5.56,1155.70,0.0035,0.0267,0,collision
790,239,-423.27,4.77,781.44,0.0052,0.0004,0,collision
807,316,-468.16,4.85,1074.18,0.0030,0.0199,0,collision
791,312,-467.38,4.36,935.19,0.0058,0.0175,0,collision
792,253,-401.72,5.01,894.06,0.0079,0.0073,0,collision
808,379,-119.92,5.83,1652.94,0.0000,0.0241,1,goal
345,456,-621.14,4.33,1363.73,0.0022,0.1436,0,collision
352,171,-332.04,5.34,654.84,0.0106,0.0000,0,collision
352,291,-28.71,7.62,1419.73,0.0000,0.0112,1,goal
356,281,-415.23,7.44,1249.80,0.0071,0.0023,0,collision
353,172,-346.62,5.45,668.82,0.0058,0.0000,0,collision
346,208,-372.42,5.54,800.09,0.0072,0.0366,0,collision
353,232,-393.06,4.96,821.28,0.0086,0.0613,0,collision
357,244,-398.92,5.46,983.66,0.0025,0.0208,0,collision
354,175,-336.27,5.07,624.32,0.0066,0.0000,0,collision
347,298,-462.52,3.72,721.45,0.0057,0.0279,0,collision
809,215,-380.16,7.00,816.51,0.0093,0.0181,0,collision
793,268,-426.96,5.80,1102.26,0.0034,0.0812,0,collision
794,195,-359.87,6.16,912.20,0.0087,0.0000,0,collision
810,270,-438.40,5.85,1170.63,0.0021,0.0411,0,collision
795,308,-443.18,6.66,1471.02,0.0031,0.0183,0,collision
811,350,-102.20,6.35,1472.85,0.0000,0.0789,1,goal
796,280,-17.79,8.00,1250.84,0.0000,0.0160,1,goal
812,276,-451.13,3.82,781.42,0.0035,0.0806,0,collision
813,229,-384.87,5.57,898.58,0.0026,0.0041,0,collision
797,314,-444.77,6.45,1236.44,0.0033,0.0143,0,collision
354,340,-471.03,6.19,1389.90,0.0021,0.0339,0,collision
358,175,-342.12,5.32,708.22,0.0044,0.0000,0,collision
355,247,-403.27,5.95,985.46,0.0070,0.0000,0,collision
355,260,-398.71,7.91,1325.64,0.0054,0.0335,0,collision
348,315,-452.24,6.47,1363.62,0.0032,0.0252,0,collision
359,254,-416.64,4.29,704.56,0.0068,0.0018,0,collision
356,286,-417.26,7.21,1198.57,0.0041,0.0118,0,collision
356,198,-352.12,6.54,874.02,0.0062,0.0142,0,collision
798,174,-346.15,4.34,554.57,0.0058,0.0000,0,collision
814,182,-343.66,5.16,697.07,0.0006,0.0000,0,collision
799,248,-410.76,4.61,813.38,0.0031,0.0385,0,collision
815,350,-486.66,5.77,1189.56,0.0030,0.0203,0,collision
800,239,-392.83,5.53,1007.16,0.0050,0.0000,0,collision
816,235,-388.75,5.53,955.17,0.0053,0.0225,0,collision
801,274,-420.44,5.78,1091.59,0.0041,0.0252,0,collision
817,231,-395.41,5.15,825.10,0.0030,0.0005,0,collision
818,283,-448.92,4.90,971.51,0.0016,0.0492,0,collision
802,424,-565.05,4.95,1218.31,0.0029,0.0802,0,collision
360,201,-365.71,4.68,622.01,0.0081,0.0068,0,collision
349,352,-81.33,6.36,1421.37,0.0000,0.0017,1,goal
357,240,-397.69,4.81,810.55,0.0027,0.0194,0,collision
357,298,-429.01,7.30,1338.73,0.0034,0.0152,0,collision
361,346,-534.89,3.16,801.00,0.0028,0.1472,0,collision
350,271,-431.66,3.99,683.48,0.0068,0.0000,0,collision
803,232,-378.06,6.23,1075.00,0.0034,0.0109,0,collision
819,305,-28.99,7.31,1625.00,0.0000,0.0001,1,goal
820,295,-429.05,5.29,938.64,0.0021,0.0338,0,collision
804,440,-596.43,4.64,1193.19,0.0042,0.0399,0,collision
821,321,-494.63,3.36,799.96,0.0039,0.0233,0,collision
805,291,-467.94,3.72,811.65,0.0065,0.0227,0,collision
806,232,-408.66,4.95,807.44,0.0077,0.0703,0,collision
822,303,-485.19,3.31,738.35,0.0043,0.0937,0,collision
823,236,-380.78,6.62,932.82,0.0042,0.0451,0,collision
807,348,-477.74,5.89,1235.93,0.0029,0.0262,0,collision
358,322,-52.95,6.93,1299.95,0.0000,0.0055,1,goal
362,182,-361.72,4.50,594.42,0.0051,0.0025,0,collision
358,320,-56.99,6.91,1555.69,0.0000,0.0000,1,goal
351,200,-394.67,4.67,781.47,0.0041,0.0182,0,collision
359,262,-431.04,4.40,753.46,0.0076,0.0170,0,collision
359,322,-451.51,6.35,1371.55,0.0022,0.0030,0,collision
363,385,-123.11,5.77,1160.29,0.0000,0.0399,1,goal
352,325,-457.62,6.27,1378.79,0.0026,0.0136,0,collision
360,153,-320.85,6.14,704.94,0.0042,0.0000,0,collision
824,274,-431.97,3.83,790.40,0.0063,0.0000,0,collision
808,360,-504.34,5.82,1460.88,0.0056,0.0381,0,collision
809,161,-338.06,4.72,537.88,0.0098,0.0000,0,collision
825,259,-404.86,5.60,1017.39,0.0057,0.0067,0,collision
826,163,-327.54,5.74,665.18,0.0083,0.0000,0,collision
810,284,-448.80,3.75,740.03,0.0041,0.0729,0,collision
827,302,-442.85,5.07,1008.15,0.0033,0.0788,0,collision
811,344,-479.76,5.97,1304.87,0.0014,0.0115,0,collision
828,365,-490.18,5.82,1504.85,0.0018,0.0816,0,collision
812,357,-506.84,5.79,1253.30,0.0050,0.0505,0,collision
360,272,-437.06,3.94,736.73,0.0037,0.0271,0,collision
361,198,-352.83,6.45,939.09,0.0037,0.0110,0,collision
364,237,-384.28,6.14,908.47,0.0044,0.0102,0,collision
353,315,-464.87,4.88,1171.67,0.0052,0.0825,0,collision
361,224,-377.23,6.04,929.25,0.0069,0.0000,0,collision
362,295,-475.44,3.57,755.97,0.0063,0.0325,0,collision
365,344,-68.35,6.49,1403.71,0.0000,0.0000,1,goal
829,215,-375.17,4.99,722.30,0.0046,0.0638,0,collision
813,259,-421.14,4.65,780.24,0.0032,0.0083,0,collision
830,258,-416.23,4.74,826.48,0.0044,0.0191,0,collision
814,241,-387.25,5.97,981.03,0.0055,0.0000,0,collision
831,202,-363.25,5.65,802.61,0.0073,0.0307,0,collision
815,248,-400.47,6.14,1129.56,0.0032,0.0177,0,collision
832,243,-404.71,4.71,755.73,0.0022,0.0270,0,collision
816,289,-428.08,5.34,1071.85,0.0047,0.0288,0,collision
833,238,-388.70,4.87,796.07,0.0043,0.0006,0,collision
817,214,-371.56,5.60,829.72,0.0071,0.0000,0,collision
354,323,-46.97,6.90,1467.73,0.0000,0.0019,1,goal
362,263,-418.44,5.30,973.48,0.0017,0.0394,0,collision
366,298,-437.18,6.78,1144.18,0.0059,0.0059,0,collision
363,386,-569.52,3.80,1078.55,0.0048,0.1015,0,collision
355,276,-416.03,5.50,1029.64,0.0021,0.0558,0,collision
363,359,-94.85,6.20,1324.36,0.0000,0.0311,1,goal
818,324,-454.31,5.97,1254.19,0.0052,0.0161,0,collision
834,345,-491.86,6.24,1143.87,0.0036,0.0303,0,collision
819,246,-422.28,4.66,881.92,0.0035,0.0054,0,collision
835,318,-446.50,6.62,1354.71,0.0038,0.0227,0,collision
820,270,-438.05,4.08,749.55,0.0047,0.0084,0,collision
836,261,-444.79,4.83,863.20,0.0038,0.0040,0,collision
821,247,-395.85,5.22,911.83,0.0059,0.0075,0,collision
837,215,-371.81,5.05,779.77,0.0047,0.0077,0,collision
822,242,-387.72,5.48,890.04,0.0056,0.0000,0,collision
838,334,-490.51,4.54,1046.55,0.0039,0.0283,0,collision
367,281,-444.72,3.83,751.71,0.0065,0.0000,0,collision
364,310,-29.62,7.21,1364.81,0.0000,0.0063,1,goal
356,344,-478.24,6.14,1473.34,0.0029,0.0322,0,collision
364,252,-411.25,5.51,1067.00,0.0020,0.0334,0,collision
368,182,-349.28,6.19,741.85,0.0041,0.0201,0,collision
357,210,-374.91,4.62,673.67,0.0031,0.0671,0,collision
365,326,-46.87,6.84,1546.58,0.0000,0.0027,1,goal
823,170,-340.62,4.83,544.84,0.0041,0.0000,0,collision
839,229,-385.21,5.52,838.32,0.0081,0.0082,0,collision
840,311,-489.74,3.58,731.97,0.0062,0.0087,0,collision
824,371,-98.63,5.99,1351.06,0.0000,0.0091,1,goal
825,209,-373.08,5.50,793.82,0.0045,0.0003,0,collision
841,331,-68.17,6.73,1398.74,0.0000,0.0189,1,goal
826,342,-69.35,6.53,1538.96,0.0000,0.0302,1,goal
842,362,-91.17,6.14,1301.18,0.0000,0.0000,1,goal
827,402,-130.60,5.51,1237.97,0.0000,0.0200,1,goal
843,297,-437.20,4.92,982.80,0.0039,0.0105,0,collision
365,356,-486.10,5.91,1491.24,0.0047,0.0645,0,collision
369,330,-450.92,6.23,1299.96,0.0061,0.0325,0,collision
358,287,-416.54,7.36,1081.66,0.0052,0.0456,0,collision
366,265,-439.20,4.20,781.74,0.0054,0.0767,0,collision
366,344,-502.38,4.37,1091.51,0.0051,0.0170,0,collision
359,251,-407.07,4.94,876.56,0.0059,0.0011,0,collision
370,377,-507.79,5.72,1471.88,0.0021,0.0521,0,collision
844,322,-465.04,4.76,1076.25,0.0046,0.0446,0,collision
828,384,-538.49,5.35,1312.45,0.0026,0.0243,0,collision
829,257,-420.15,4.54,782.93,0.0067,0.0756,0,collision
845,372,-119.49,6.00,1308.02,0.0000,0.0070,1,goal
830,305,-461.90,4.13,873.85,0.0040,0.0357,0,collision
846,334,-472.55,6.40,1327.62,0.0011,0.0285,0,collision
831,318,-486.52,4.03,936.74,0.0059,0.0088,0,collision
847,313,-492.30,3.52,803.35,0.0057,0.0126,0,collision
832,316,-40.06,7.07,1439.83,0.0000,0.0000,1,goal
848,317,-482.24,4.32,988.77,0.0041,0.0177,0,collision
367,369,-101.51,6.07,1464.23,0.0000,0.0279,1,goal
371,259,-412.01,4.66,867.21,0.0048,0.0040,0,collision
367,461,-204.67,4.84,1352.20,0.0000,0.0231,1,goal
360,408,-141.19,5.46,1527.05,0.0000,0.0260,1,goal
368,322,-497.75,4.14,978.05,0.0055,0.0579,0,collision
368,249,-412.20,4.79,882.10,0.0051,0.0052,0,collision
372,321,-468.69,4.50,940.03,0.0060,0.0083,0,collision
833,335,-70.59,6.66,1655.21,0.0000,0.0000,1,goal
849,349,-505.71,4.01,960.32,0.0033,0.0454,0,collision
834,197,-366.96,4.75,704.41,0.0021,0.0000,0,collision
850,385,-521.00,5.64,1329.76,0.0044,0.0078,0,collision
835,397,-134.74,5.60,1373.36,0.0000,0.0436,1,goal
851,332,-55.42,6.70,1386.15,0.0000,0.0000,1,goal
836,234,-393.79,4.89,794.53,0.0083,0.0012,0,collision
852,409,-142.07,5.45,1555.10,0.0000,0.0199,1,goal
837,349,-73.43,6.39,1554.32,0.0000,0.0000,1,goal
853,218,-394.80,4.92,803.66,0.0044,0.0268,0,collision
361,276,-433.60,4.43,904.54,0.0015,0.0268,0,collision
369,218,-384.81,4.86,751.63,0.0071,0.0000,0,collision
369,341,-68.75,6.56,1490.15,0.0000,0.0000,1,goal
362,246,-406.57,4.69,798.97,0.0079,0.0088,0,collision
373,314,-492.03,3.46,713.52,0.0026,0.0623,0,collision
370,298,-444.16,4.79,1007.55,0.0035,0.0673,0,collision
838,351,-480.88,6.22,1637.25,0.0020,0.0102,0,collision
854,367,-99.50,6.05,1428.09,0.0000,0.0182,1,goal
839,256,-409.61,5.63,1053.36,0.0029,0.0262,0,collision
855,387,-135.81,5.75,1487.06,0.0000,0.0151,1,goal
840,359,-89.06,6.19,1606.25,0.0000,0.0048,1,goal
856,271,-438.44,4.58,807.14,0.0029,0.0068,0,collision
841,252,-414.21,4.99,892.58,0.0079,0.0024,0,collision
857,198,-372.43,4.36,642.92,0.0061,0.0000,0,collision
842,271,-416.29,5.28,979.65,0.0027,0.0000,0,collision
858,373,-539.33,4.10,1051.54,0.0017,0.0908,0,collision
363,260,-405.05,6.57,1234.39,0.0057,0.0146,0,collision
374,259,-424.77,4.02,667.46,0.0022,0.0102,0,collision
370,383,-503.48,5.55,1427.70,0.0046,0.0420,0,collision
371,293,-468.43,3.62,672.35,0.0034,0.0145,0,collision
371,234,-392.92,5.54,920.53,0.0063,0.0180,0,collision
375,415,-141.34,5.39,1564.68,0.0000,0.0195,1,goal
372,246,-390.42,6.54,1154.72,0.0073,0.0158,0,collision
843,262,-449.17,5.05,862.35,0.0034,0.0000,0,collision
859,303,-36.60,7.36,1402.44,0.0000,0.0000,1,goal
844,318,-52.15,7.02,1371.58,0.0000,0.0010,1,goal
860,339,-68.46,6.56,1341.26,0.0000,0.0000,1,goal
845,143,-308.91,5.65,519.21,0.0034,0.0000,0,collision
846,279,-425.83,5.49,981.99,0.0029,0.0664,0,collision
861,378,-100.57,5.90,1399.20,0.0000,0.0312,1,goal
862,249,-408.59,4.60,805.17,0.0052,0.0238,0,collision
847,336,-534.90,3.10,698.23,0.0031,0.1024,0,collision
863,242,-386.59,5.27,831.39,0.0003,0.0143,0,collision
364,494,-256.30,4.49,1184.95,0.0000,0.0473,1,goal
372,181,-353.12,4.79,618.06,0.0088,0.0000,0,collision
376,288,-13.96,7.73,1246.84,0.0000,0.0021,1,goal
373,320,-444.90,6.41,1181.54,0.0028,0.0191,0,collision
373,325,-511.41,3.25,687.30,0.0020,0.1140,0,collision
365,403,-595.04,3.61,990.61,0.0024,0.0337,0,collision
864,254,-411.71,4.54,816.88,0.0068,0.0202,0,collision
848,346,-489.29,5.96,1266.64,0.0029,0.0344,0,collision
849,253,-407.86,5.18,789.18,0.0048,0.0072,0,collision
865,433,-175.72,5.15,1474.88,0.0000,0.0104,1,goal
866,145,-311.91,5.63,551.35,0.0086,0.0000,0,collision
850,241,-397.66,5.29,871.74,0.0054,0.0000,0,collision
867,319,-46.12,6.98,1530.46,0.0000,0.0000,1,goal
851,386,-129.84,5.76,1181.93,0.0000,0.0243,1,goal
868,266,-423.85,5.16,935.26,0.0071,0.0000,0,collision
852,382,-112.49,5.85,1310.02,0.0000,0.0000,1,goal
377,381,-504.57,5.64,1128.28,0.0039,0.0542,0,collision
366,236,-394.61,4.92,754.21,0.0050,0.0003,0,collision
374,395,-559.55,5.21,1262.48,0.0024,0.0185,0,collision
374,402,-144.70,5.54,1408.92,0.0000,0.0412,1,goal
378,372,-507.54,5.53,1317.69,0.0025,0.0273,0,collision
853,146,-316.39,5.01,462.67,0.0070,0.0000,0,collision
869,228,-378.70,5.97,884.72,0.0042,0.0044,0,collision
870,143,-321.02,5.74,592.37,0.0079,0.0000,0,collision
854,242,-388.44,5.75,878.24,0.0053,0.0220,0,collision
855,334,-54.71,6.68,1466.71,0.0000,0.0000,1,goal
871,411,-151.42,5.44,1311.59,0.0000,0.0372,1,goal
856,247,-416.92,4.68,746.53,0.0053,0.0035,0,collision
872,348,-75.49,6.40,1338.02,0.0000,0.0000,1,goal
873,242,-394.21,5.19,847.44,0.0083,0.0208,0,collision
857,492,-233.66,4.53,1493.20,0.0000,0.0485,1,goal
375,382,-520.47,5.52,1273.53,0.0026,0.0354,0,collision
367,429,-582.71,4.93,1455.32,0.0032,0.0340,0,collision
375,349,-77.91,6.39,1388.21,0.0000,0.0389,1,goal
376,252,-418.32,4.85,771.95,0.0064,0.0068,0,collision
379,416,-138.02,5.37,1672.36,0.0000,0.0512,1,goal
376,278,-433.40,5.79,984.71,0.0061,0.0372,0,collision
368,345,-477.04,6.14,1568.04,0.0036,0.0056,0,collision
874,271,-436.19,3.86,725.49,0.0074,0.0000,0,collision
858,351,-75.65,6.33,1582.89,0.0000,0.0208,1,goal
875,351,-81.60,6.32,1599.47,0.0000,0.0060,1,goal
859,312,-467.25,4.70,994.26,0.0039,0.0089,0,collision
876,248,-395.63,5.39,863.16,0.0041,0.0226,0,collision
860,300,-468.43,4.26,888.39,0.0045,0.0402,0,collision
877,440,-178.21,5.05,1551.01,0.0000,0.0377,1,goal
861,360,-85.45,6.20,1521.86,0.0000,0.0272,1,goal
862,277,-451.50,4.93,961.70,0.0068,0.0529,0,collision
878,328,-474.47,6.21,1335.66,0.0061,0.0629,0,collision
380,168,-328.42,5.60,624.91,0.0077,0.0060,0,collision
377,229,-383.94,5.15,873.47,0.0074,0.0000,0,collision
377,333,-65.58,6.70,1553.47,0.0000,0.0000,1,goal
369,245,-414.22,4.90,787.34,0.0037,0.0205,0,collision
381,329,-510.52,4.54,1015.06,0.0059,0.0228,0,collision
879,318,-457.25,6.41,1343.36,0.0025,0.0059,0,collision
863,395,-528.21,5.54,1393.27,0.0025,0.0658,0,collision
880,237,-386.42,5.37,811.11,0.0048,0.0203,0,collision
864,169,-333.95,6.27,760.26,0.0103,0.0000,0,collision
881,161,-323.52,5.30,628.66,0.0068,0.0000,0,collision
865,377,-121.21,5.91,1472.70,0.0000,0.0009,1,goal
882,360,-98.92,6.20,1315.75,0.0000,0.0103,1,goal
866,241,-397.88,4.96,802.12,0.0037,0.0229,0,collision
883,279,-441.48,4.88,954.30,0.0020,0.0033,0,collision
867,391,-129.90,5.72,1569.23,0.0000,0.0463,1,goal
378,375,-98.46,5.95,1311.00,0.0000,0.0229,1,goal
378,429,-183.33,5.19,1522.68,0.0000,0.0102,1,goal
370,391,-115.90,5.70,1288.73,0.0000,0.0000,1,goal
382,268,-451.46,3.90,661.96,0.0067,0.0000,0,collision
379,242,-401.43,4.76,785.19,0.0069,0.0030,0,collision
379,296,-536.70,3.87,729.54,0.0068,0.0000,0,collision
371,340,-473.56,6.36,1413.73,0.0050,0.0103,0,collision
380,236,-382.91,6.21,962.24,0.0017,0.0054,0,collision
383,385,-131.65,5.79,1435.32,0.0000,0.0337,1,goal
884,159,-324.86,5.55,588.81,0.0109,0.0000,0,collision
868,246,-408.39,4.42,767.86,0.0041,0.0536,0,collision
885,266,-417.52,4.81,883.65,0.0055,0.0257,0,collision
869,295,-469.09,4.59,912.05,0.0060,0.0000,0,collision
870,293,-30.37,7.59,1472.23,0.0000,0.0000,1,goal
886,516,-284.01,4.33,1408.49,0.0000,0.0723,1,goal
871,254,-398.71,5.31,825.56,0.0078,0.0406,0,collision
887,201,-358.81,5.47,726.46,0.0075,0.0028,0,collision
888,251,-407.67,4.81,809.19,0.0072,0.0269,0,collision
872,352,-481.73,6.29,1464.30,0.0020,0.0221,0,collision
380,219,-382.00,5.40,812.95,0.0088,0.0335,0,collision
381,182,-346.02,5.79,702.02,0.0066,0.0000,0,collision
372,317,-468.19,4.72,1106.35,0.0040,0.1036,0,collision
384,235,-386.38,5.69,938.34,0.0039,0.0132,0,collision
381,363,-493.92,6.02,1477.08,0.0049,0.0366,0,collision
382,255,-423.73,4.23,736.74,0.0066,0.0088,0,collision
873,200,-358.37,6.38,899.91,0.0062,0.0152,0,collision
889,348,-484.27,6.05,1353.30,0.0029,0.0221,0,collision
874,234,-392.80,4.51,681.34,0.0078,0.0000,0,collision
875,165,-328.61,5.38,635.12,0.0069,0.0000,0,collision
890,260,-435.28,4.47,865.38,0.0067,0.0315,0,collision
876,210,-363.04,6.06,890.49,0.0014,0.0099,0,collision
891,283,-10.08,7.88,1303.70,0.0000,0.0000,1,goal
892,218,-384.87,4.79,709.84,0.0036,0.0000,0,collision
877,324,-448.21,6.79,1166.26,0.0010,0.0105,0,collision
893,405,-153.57,5.50,1548.60,0.0000,0.0021,1,goal
385,330,-54.07,6.76,1591.56,0.0000,0.0000,1,goal
373,389,-143.88,5.73,1595.82,0.0000,0.0118,1,goal
382,215,-370.93,5.53,868.46,0.0072,0.0311,0,collision
383,293,-20.84,7.61,1384.80,0.0000,0.0000,1,goal
374,232,-382.91,5.52,877.54,0.0014,0.0188,0,collision
383,296,-21.29,7.56,1241.08,0.0000,0.0287,1,goal
386,338,-86.38,6.62,1424.72,0.0000,0.0331,1,goal
894,171,-330.76,6.27,700.55,0.0016,0.0102,0,collision
878,367,-112.16,6.08,1524.09,0.0000,0.0251,1,goal
895,283,-427.46,5.41,1064.31,0.0013,0.0878,0,collision
879,179,-338.37,5.86,718.89,0.0058,0.0000,0,collision
880,250,-406.39,5.12,829.13,0.0003,0.0688,0,collision
896,497,-694.31,4.24,1252.60,0.0015,0.0316,0,collision
881,224,-399.18,4.85,742.71,0.0052,0.0013,0,collision
882,239,-410.65,6.57,1048.84,0.0062,0.0000,0,collision
897,479,-674.10,4.12,1227.12,0.0036,0.0063,0,collision
883,424,-184.47,5.26,1569.17,0.0000,0.0195,1,goal
375,279,-439.81,4.85,984.34,0.0066,0.0762,0,collision
384,367,-113.71,6.04,1234.06,0.0000,0.0195,1,goal
387,302,-424.57,6.83,1064.09,0.0033,0.0096,0,collision
384,364,-501.65,6.07,1310.44,0.0011,0.0301,0,collision
385,340,-549.80,3.34,807.42,0.0019,0.0653,0,collision
376,348,-69.82,6.43,1516.27,0.0000,0.0082,1,goal
388,243,-400.49,5.29,940.71,0.0045,0.0281,0,collision
385,267,-424.22,4.90,786.36,0.0002,0.0083,0,collision
884,195,-353.49,5.68,797.05,0.0065,0.0000,0,collision
898,314,-56.07,7.10,1423.51,0.0000,0.0000,1,goal
885,266,-421.10,5.53,1001.66,0.0045,0.0037,0,collision
899,327,-525.37,3.23,688.15,0.0045,0.0468,0,collision
886,380,-115.82,5.88,1620.32,0.0000,0.0513,1,goal
900,336,-469.14,6.41,1150.11,0.0044,0.0241,0,collision
887,409,-533.20,5.42,1359.18,0.0009,0.0469,0,collision
901,325,-474.80,5.83,1204.62,0.0029,0.0091,0,collision
902,288,-469.94,4.65,938.77,0.0060,0.0024,0,collision
888,351,-522.22,4.81,1108.46,0.0025,0.0330,0,collision
386,284,-464.50,4.79,965.64,0.0032,0.0474,0,collision
377,354,-71.05,6.29,1479.16,0.0000,0.0000,1,goal
389,338,-75.40,6.61,1297.41,0.0000,0.0139,1,goal
386,351,-97.85,6.36,1325.58,0.0000,0.0154,1,goal
378,203,-369.89,4.62,617.77,0.0059,0.0000,0,collision
889,167,-325.12,6.15,654.18,0.0042,0.0000,0,collision
890,177,-339.13,4.95,541.18,0.0087,0.0000,0,collision
903,375,-513.70,5.60,1239.61,0.0031,0.0300,0,collision
891,168,-330.70,4.89,507.85,0.0049,0.0000,0,collision
892,199,-370.27,4.55,659.43,0.0081,0.0000,0,collision
904,352,-538.21,3.73,883.48,0.0042,0.0457,0,collision
905,188,-357.67,4.19,488.69,0.0078,0.0000,0,collision
893,353,-487.11,6.10,1364.49,0.0049,0.0152,0,collision
906,338,-62.42,6.60,1480.31,0.0000,0.0213,1,goal
894,356,-516.95,4.39,962.08,0.0032,0.0913,0,collision
387,344,-84.51,6.48,1454.95,0.0000,0.0373,1,goal
390,340,-465.75,6.39,1314.42,0.0004,0.0169,0,collision
379,229,-380.12,5.58,774.97,0.0057,0.0154,0,collision
387,354,-93.96,6.30,1350.07,0.0000,0.0000,1,goal
388,226,-398.85,4.01,624.14,0.0070,0.0647,0,collision
391,265,-416.88,4.45,782.41,0.0064,0.0451,0,collision
388,275,-414.47,5.97,1000.15,0.0048,0.0485,0,collision
895,260,-423.77,4.26,709.82,0.0037,0.0048,0,collision
907,319,-477.68,4.77,1107.05,0.0051,0.0129,0,collision
896,271,-435.41,5.42,993.91,0.0066,0.0000,0,collision
908,349,-530.63,3.68,900.53,0.0023,0.0922,0,collision
897,405,-127.37,5.52,1522.41,0.0000,0.0380,1,goal
909,345,-65.18,6.45,1472.86,0.0000,0.0497,1,goal
898,321,-63.40,6.94,1495.87,0.0000,0.0000,1,goal
910,260,-427.06,4.05,785.16,0.0073,0.0000,0,collision
899,489,-283.79,4.55,1258.02,0.0000,0.0150,1,goal
911,495,-686.42,4.45,1230.48,0.0039,0.0141,0,collision
380,423,-166.74,5.26,1581.65,0.0000,0.0177,1,goal
389,364,-497.10,5.84,1269.45,0.0021,0.0178,0,collision
392,326,-526.45,3.25,745.26,0.0052,0.0196,0,collision
390,195,-370.63,4.55,652.75,0.0081,0.0000,0,collision
393,184,-352.30,4.91,571.36,0.0090,0.0000,0,collision
389,411,-552.74,5.39,1202.18,0.0027,0.0248,0,collision
381,386,-575.66,3.40,842.44,0.0045,0.0306,0,collision
900,300,-30.33,7.44,1572.39,0.0000,0.0000,1,goal
912,315,-443.53,6.49,1329.83,0.0000,0.0088,0,collision
913,307,-471.96,4.48,940.52,0.0057,0.0002,0,collision
901,381,-103.75,5.85,1378.75,0.0000,0.0554,1,goal
914,233,-384.34,5.50,890.09,0.0050,0.0113,0,collision
915,170,-333.70,5.20,524.60,0.0054,0.0000,0,collision
902,396,-126.38,5.64,1576.37,0.0000,0.0197,1,goal
903,157,-330.23,5.17,550.03,0.0042,0.0000,0,collision
916,234,-388.39,5.13,782.16,0.0073,0.0199,0,collision
904,300,-467.24,4.46,906.26,0.0067,0.0524,0,collision
391,329,-65.43,6.78,1336.10,0.0000,0.0000,1,goal
390,282,-454.91,4.56,915.26,0.0059,0.0280,0,collision
394,376,-111.62,5.92,1433.21,0.0000,0.0526,1,goal
382,300,-454.00,4.65,947.22,0.0041,0.0023,0,collision
392,380,-121.91,5.88,1454.11,0.0000,0.0150,1,goal
905,242,-403.59,4.82,869.61,0.0065,0.0000,0,collision
917,375,-119.79,5.96,1354.42,0.0000,0.0231,1,goal
906,225,-376.52,5.35,740.17,0.0070,0.0331,0,collision
918,415,-147.20,5.37,1598.01,0.0000,0.0269,1,goal
907,330,-66.93,6.76,1541.48,0.0000,0.0000,1,goal
919,236,-404.70,5.42,889.06,0.0042,0.0199,0,collision
908,247,-410.89,4.65,789.41,0.0081,0.0014,0,collision
920,188,-358.96,4.99,587.53,0.0051,0.0000,0,collision
909,277,-443.91,5.04,977.32,0.0059,0.0000,0,collision
921,384,-117.40,5.81,1524.55,0.0000,0.0204,1,goal
391,399,-150.84,5.62,1305.67,0.0000,0.0181,1,goal
395,326,-46.23,6.87,1621.60,0.0000,0.0220,1,goal
383,308,-29.88,7.22,1169.63,0.0000,0.0000,1,goal
393,194,-349.63,5.51,716.53,0.0089,0.0000,0,collision
396,293,-19.40,7.59,1348.13,0.0000,0.0000,1,goal
384,276,-449.33,3.96,671.28,0.0019,0.0128,0,collision
392,396,-597.43,3.22,850.53,0.0013,0.0241,0,collision
394,256,-415.62,4.69,774.83,0.0078,0.0117,0,collision
922,291,-461.52,4.28,828.14,0.0055,0.0178,0,collision
910,420,-170.34,5.28,1541.39,0.0000,0.0739,1,goal
923,520,-281.84,4.28,1503.86,0.0000,0.0467,1,goal
911,398,-576.77,3.79,1014.15,0.0018,0.0787,0,collision
924,283,-445.07,4.36,846.57,0.0028,0.0264,0,collision
912,395,-119.79,5.64,1444.18,0.0000,0.0000,1,goal
925,367,-559.25,3.72,882.25,0.0039,0.0523,0,collision
913,312,-34.74,7.16,1398.56,0.0000,0.0000,1,goal
926,306,-30.23,7.31,1376.89,0.0000,0.0000,1,goal
914,435,-186.00,5.14,1340.29,0.0000,0.0363,1,goal
397,239,-384.61,5.36,857.72,0.0056,0.0131,0,collision
385,258,-401.76,5.02,886.59,0.0025,0.0115,0,collision
393,230,-393.56,4.81,822.75,0.0048,0.0070,0,collision
395,415,-152.02,5.34,1595.79,0.0000,0.0167,1,goal
386,273,-456.08,3.97,744.72,0.0007,0.0103,0,collision
394,270,-422.36,5.47,1072.54,0.0059,0.0265,0,collision
398,391,-154.85,5.70,1328.48,0.0000,0.0001,1,goal
927,263,-426.13,4.16,709.63,0.0076,0.0001,0,collision
915,367,-509.69,6.02,1383.49,0.0020,0.0347,0,collision
928,320,-509.25,3.45,721.36,0.0028,0.0538,0,collision
916,474,-235.22,4.69,1463.01,0.0000,0.0535,1,goal
929,304,-509.30,3.57,634.68,0.0042,0.0123,0,collision
917,180,-336.03,6.03,701.27,0.0015,0.0000,0,collision
930,338,-548.00,3.26,644.97,0.0052,0.0421,0,collision
918,344,-72.36,6.46,1366.74,0.0000,0.0006,1,goal
931,195,-360.22,5.40,746.34,0.0100,0.0000,0,collision
919,144,-318.31,5.01,407.93,0.0104,0.0000,0,collision
395,226,-377.86,5.15,751.95,0.0088,0.0000,0,collision
387,311,-57.32,7.15,1508.95,0.0000,0.0000,1,goal
396,376,-94.68,5.93,1397.79,0.0000,0.0423,1,goal
399,292,-20.58,7.67,1313.59,0.0000,0.0000,1,goal
388,195,-363.52,5.31,609.00,0.0065,0.0185,0,collision
400,181,-344.16,5.20,643.91,0.0054,0.0000,0,collision
397,237,-403.05,5.16,809.02,0.0059,0.0238,0,collision
396,353,-93.73,6.32,1343.63,0.0000,0.0245,1,goal
932,293,-467.59,4.24,823.69,0.0023,0.0000,0,collision
920,437,-190.57,5.10,1443.58,0.0000,0.0344,1,goal
933,425,-158.79,5.25,1488.03,0.0000,0.0357,1,goal
921,308,-37.79,7.24,1357.37,0.0000,0.0000,1,goal
922,238,-396.06,5.36,874.29,0.0042,0.0250,0,collision
934,373,-559.79,3.73,915.74,0.0034,0.0830,0,collision
923,193,-366.68,4.81,592.47,0.0052,0.0000,0,collision
924,174,-339.43,4.91,619.97,0.0032,0.0000,0,collision
935,293,-459.70,3.73,738.82,0.0028,0.0016,0,collision
925,344,-501.71,4.02,909.40,0.0022,0.0198,0,collision
389,251,-412.73,4.89,781.74,0.0064,0.0407,0,collision
398,217,-388.46,4.32,638.25,0.0031,0.0046,0,collision
401,349,-529.58,4.40,1020.97,0.0046,0.0798,0,collision
399,183,-347.65,5.10,615.94,0.0063,0.0333,0,collision
397,366,-504.79,5.75,1298.62,0.0021,0.0013,0,collision
390,426,-173.10,5.24,1442.68,0.0000,0.0166,1,goal
926,156,-322.76,5.98,688.72,0.0104,0.0000,0,collision
936,408,-615.80,3.20,845.11,0.0008,0.0509,0,collision
927,297,-461.68,4.28,828.54,0.0032,0.0000,0,collision
928,305,-510.90,3.43,685.81,0.0025,0.0421,0,collision
937,368,-97.14,6.04,1401.22,0.0000,0.0000,1,goal
938,155,-318.71,5.84,532.86,0.0066,0.0000,0,collision
929,336,-59.25,6.64,1274.11,0.0000,0.0000,1,goal
939,302,-446.77,5.07,1128.81,0.0033,0.0558,0,collision
930,281,-449.09,4.49,784.47,0.0071,0.0000,0,collision
940,298,-459.16,5.24,1106.90,0.0033,0.0048,0,collision
402,319,-507.38,3.43,681.36,0.0046,0.0121,0,collision
400,320,-496.43,4.01,875.70,0.0045,0.0200,0,collision
398,341,-491.72,4.35,921.01,0.0022,0.0292,0,collision
391,290,-467.94,3.76,736.82,0.0046,0.0047,0,collision
399,179,-340.36,5.97,719.13,0.0072,0.0000,0,collision
401,232,-378.49,6.78,1028.60,0.0023,0.0000,0,collision
403,321,-56.62,6.94,1240.44,0.0000,0.0000,1,goal
392,179,-346.10,5.22,650.28,0.0080,0.0000,0,collision
931,297,-22.25,7.50,1432.69,0.0000,0.0000,1,goal
941,332,-460.07,6.60,1337.02,0.0030,0.0177,0,collision
932,250,-409.49,5.15,855.21,0.0080,0.0200,0,collision
942,382,-129.50,5.84,1333.41,0.0000,0.0258,1,goal
933,210,-361.76,7.48,1056.85,0.0030,0.0000,0,collision
934,313,-465.59,4.89,965.95,0.0001,0.0636,0,collision
943,390,-128.51,5.71,1545.20,0.0000,0.0329,1,goal
944,314,-43.99,7.07,1184.14,0.0000,0.0491,1,goal
935,360,-519.13,5.84,1208.26,0.0012,0.0274,0,collision
945,249,-394.69,5.60,917.76,0.0000,0.0133,0,collision
404,184,-344.69,5.03,612.00,0.0101,0.0000,0,collision
400,265,-415.32,5.54,1014.13,0.0046,0.0000,0,collision
402,315,-497.03,4.38,871.10,0.0018,0.0258,0,collision
405,239,-387.22,5.36,811.04,0.0035,0.0384,0,collision
393,372,-98.43,6.00,1083.56,0.0000,0.0537,1,goal
403,233,-390.15,5.49,862.68,0.0030,0.0135,0,collision
401,314,-456.09,4.99,1080.14,0.0046,0.0633,0,collision
936,190,-344.61,6.76,850.06,0.0050,0.0201,0,collision
946,218,-379.61,5.87,882.59,0.0003,0.0125,0,collision
937,176,-332.77,6.31,693.34,0.0100,0.0086,0,collision
947,202,-358.40,6.27,786.21,0.0045,0.0053,0,collision
948,272,-444.64,4.88,765.65,0.0058,0.0297,0,collision
938,337,-491.75,4.56,1020.77,0.0030,0.0058,0,collision
939,185,-347.57,5.99,692.35,0.0077,0.0071,0,collision
949,292,-440.37,7.00,1150.95,0.0030,0.0000,0,collision
940,262,-421.06,4.93,874.65,0.0029,0.0135,0,collision
950,385,-133.98,5.78,1360.39,0.0000,0.0293,1,goal
404,219,-377.98,6.16,865.95,0.0077,0.0000,0,collision
402,237,-407.39,5.37,897.74,0.0038,0.0145,0,collision
394,311,-443.24,6.82,1233.77,0.0038,0.0142,0,collision
406,370,-101.20,6.02,1357.80,0.0000,0.0304,1,goal
405,196,-355.57,5.42,694.30,0.0062,0.0000,0,collision
395,286,-461.12,4.96,905.79,0.0035,0.0000,0,collision
403,298,-496.43,3.68,731.40,0.0051,0.0255,0,collision
407,286,-24.37,7.77,1405.30,0.0000,0.0027,1,goal
951,238,-388.73,5.57,916.28,0.0076,0.0163,0,collision
941,262,-421.71,5.33,1022.18,0.0047,0.0078,0,collision
952,227,-387.26,4.92,797.41,0.0066,0.0031,0,collision
942,309,-45.64,7.24,1435.45,0.0000,0.0585,1,goal
953,245,-405.01,5.63,903.06,0.0008,0.0000,0,collision
943,225,-380.41,5.63,891.63,0.0087,0.0080,0,collision
954,239,-402.37,5.56,922.20,0.0039,0.0765,0,collision
944,309,-33.37,7.21,1465.98,0.0000,0.0247,1,goal
955,317,-45.26,7.02,1207.87,0.0000,0.0139,1,goal
945,301,-467.90,4.67,959.89,0.0035,0.0409,0,collision
406,321,-458.08,6.91,1249.30,0.0041,0.0370,0,collision
408,207,-366.34,5.27,804.93,0.0057,0.0000,0,collision
404,243,-391.75,5.26,819.15,0.0024,0.0361,0,collision
396,323,-48.66,6.91,1164.99,0.0000,0.0243,1,goal
409,181,-349.46,5.60,716.46,0.0091,0.0086,0,collision
407,295,-23.09,7.54,1495.94,0.0000,0.0000,1,goal
410,227,-377.09,5.63,848.65,0.0023,0.0232,0,collision
946,214,-388.30,5.19,744.25,0.0058,0.0002,0,collision
956,425,-185.74,5.24,1306.95,0.0000,0.1364,1,goal
947,243,-390.90,5.30,833.54,0.0042,0.0376,0,collision
957,201,-357.41,5.52,762.32,0.0065,0.0106,0,collision
948,337,-65.96,6.60,1376.66,0.0000,0.0002,1,goal
958,265,-435.76,4.31,769.49,0.0075,0.0218,0,collision
949,155,-335.24,4.77,496.94,0.0043,0.0000,0,collision
959,356,-484.92,6.18,1321.15,0.0014,0.0129,0,collision
950,306,-459.89,4.91,1050.92,0.0054,0.0066,0,collision
960,451,-214.86,4.94,1284.14,0.0000,0.0127,1,goal
397,306,-34.52,7.28,1343.36,0.0000,0.0158,1,goal
405,386,-124.58,5.76,1344.32,0.0000,0.0076,1,goal
408,345,-102.70,6.43,1341.72,0.0000,0.0000,1,goal
409,215,-372.96,4.97,726.01,0.0030,0.0000,0,collision
406,440,-193.13,5.06,1471.86,0.0000,0.0294,1,goal
411,478,-642.48,4.64,1362.47,0.0011,0.0354,0,collision
398,496,-258.48,4.48,1404.78,0.0000,0.0347,1,goal
961,224,-384.54,5.71,855.50,0.0042,0.0131,0,collision
951,247,-423.74,4.71,739.03,0.0081,0.1247,0,collision
952,266,-421.17,4.24,771.49,0.0014,0.0276,0,collision
962,370,-522.30,5.69,1284.52,0.0039,0.0656,0,collision
963,192,-348.73,6.28,771.52,0.0099,0.0098,0,collision
953,400,-127.91,5.54,1295.00,0.0000,0.0000,1,goal
964,433,-186.08,5.13,1553.90,0.0000,0.0446,1,goal
954,318,-482.59,4.86,961.57,0.0050,0.0626,0,collision
965,301,-28.21,7.40,1311.33,0.0000,0.0000,1,goal
955,377,-592.18,2.92,705.11,0.0053,0.1826,0,collision
407,329,-54.68,6.76,1531.51,0.0000,0.0000,1,goal
412,383,-112.96,5.80,1301.89,0.0000,0.0288,1,goal
399,376,-509.71,5.85,1161.02,0.0004,0.0334,0,collision
410,535,-327.15,4.16,1326.30,0.0000,0.0447,1,goal
408,243,-398.12,5.22,877.85,0.0041,0.0314,0,collision
956,301,-29.19,7.41,1428.92,0.0000,0.0000,1,goal
966,310,-43.06,7.19,1381.15,0.0000,0.0165,1,goal
957,309,-50.98,7.20,1220.20,0.0000,0.0000,1,goal
967,347,-73.04,6.43,1425.18,0.0000,0.0033,1,goal
968,214,-393.64,4.61,645.62,0.0053,0.0600,0,collision
958,320,-45.27,7.00,1332.78,0.0000,0.0000,1,goal
969,324,-42.74,6.86,1374.57,0.0000,0.0000,1,goal
959,446,-209.61,4.98,1376.71,0.0000,0.0660,1,goal
970,289,-13.61,7.74,1419.24,0.0000,0.0000,1,goal
960,246,-403.85,5.21,936.67,0.0034,0.0406,0,collision
413,246,-397.60,5.20,879.39,0.0001,0.0236,0,collision
400,331,-468.95,5.85,1296.84,0.0032,0.0000,0,collision
411,324,-69.28,6.88,1493.05,0.0000,0.0115,1,goal
409,333,-484.91,4.80,1047.09,0.0007,0.0230,0,collision
414,260,-429.93,4.26,667.11,0.0048,0.0243,0,collision
401,314,-490.62,4.50,901.22,0.0047,0.0150,0,collision
961,204,-366.63,5.38,796.71,0.0087,0.0000,0,collision
971,313,-44.62,7.11,1641.58,0.0000,0.0000,1,goal
962,334,-458.31,6.46,1397.35,0.0018,0.0140,0,collision
972,398,-136.14,5.58,1254.02,0.0000,0.0017,1,goal
963,262,-441.11,4.95,825.34,0.0036,0.0282,0,collision
973,279,-13.86,7.98,1338.40,0.0000,0.0000,1,goal
964,377,-106.15,5.91,1359.03,0.0000,0.0011,1,goal
974,361,-99.38,6.15,1238.22,0.0000,0.0331,1,goal
965,238,-400.66,4.54,681.51,0.0071,0.0000,0,collision
975,176,-337.97,6.34,777.30,0.0009,0.0070,0,collision
415,317,-482.38,4.22,811.86,0.0037,0.0159,0,collision
412,445,-186.02,5.02,1410.24,0.0000,0.0298,1,goal
410,387,-533.60,5.72,1370.68,0.0024,0.0414,0,collision
402,325,-49.51,6.88,1404.00,0.0000,0.0196,1,goal
411,170,-338.14,5.08,540.57,0.0066,0.0000,0,collision
416,244,-401.04,5.22,870.47,0.0012,0.0108,0,collision
966,260,-414.85,4.99,752.90,0.0070,0.0194,0,collision
976,285,-24.43,7.84,1433.08,0.0000,0.0000,1,goal
967,155,-321.82,5.87,612.27,0.0055,0.0000,0,collision
977,307,-59.91,7.22,1493.64,0.0000,0.0114,1,goal
968,221,-388.66,5.75,855.04,0.0061,0.0044,0,collision
978,265,0.33,8.43,1211.71,0.0000,0.0000,1,goal
969,333,-67.92,6.70,1309.16,0.0000,0.0134,1,goal
979,331,-461.56,6.66,1343.61,0.0021,0.0143,0,collision
970,354,-86.42,6.29,1388.78,0.0000,0.0069,1,goal
980,203,-368.72,4.97,700.96,0.0028,0.0934,0,collision
403,260,-414.12,4.98,711.17,0.0049,0.0123,0,collision
413,391,-114.80,5.69,1382.09,0.0000,0.0000,1,goal
412,224,-386.24,5.71,916.92,0.0028,0.0155,0,collision
417,245,-423.57,4.54,767.01,0.0043,0.0130,0,collision
404,151,-315.89,6.21,565.22,0.0068,0.0000,0,collision
414,330,-54.26,6.76,1499.01,0.0000,0.0000,1,goal
418,293,-27.29,7.58,1417.40,0.0000,0.0000,1,goal
413,331,-77.68,6.72,1309.97,0.0000,0.0201,1,goal
405,295,-21.92,7.55,1389.76,0.0000,0.0000,1,goal
971,190,-354.24,5.23,660.24,0.0045,0.0000,0,collision
981,208,-362.91,6.07,855.98,0.0025,0.0664,0,collision
972,194,-356.15,4.84,640.75,0.0058,0.0381,0,collision
982,361,-96.09,6.18,1378.40,0.0000,0.0430,1,goal
973,226,-391.37,5.58,879.32,0.0041,0.0083,0,collision
983,245,-399.82,5.45,836.67,0.0043,0.0224,0,collision
974,371,-125.71,6.03,1239.29,0.0000,0.0081,1,goal
984,229,-402.91,4.41,599.66,0.0032,0.0000,0,collision
985,224,-368.43,6.95,963.20,0.0089,0.0000,0,collision
975,329,-480.95,5.56,1181.29,0.0013,0.0177,0,collision
415,150,-315.77,6.04,549.99,0.0063,0.0000,0,collision
419,202,-386.79,5.51,725.27,0.0055,0.0050,0,collision
406,155,-327.73,5.28,561.74,0.0038,0.0000,0,collision
414,372,-106.32,6.00,1335.27,0.0000,0.0119,1,goal
416,349,-72.69,6.34,1293.86,0.0000,0.0038,1,goal
420,379,-143.69,5.87,1196.72,0.0000,0.0023,1,goal
986,259,-407.76,4.82,760.32,0.0029,0.0202,0,collision
976,295,-475.45,5.32,1021.15,0.0060,0.0000,0,collision
987,321,-48.23,6.95,1362.52,0.0000,0.0331,1,goal
977,351,-84.28,6.30,1467.95,0.0000,0.0086,1,goal
988,314,-32.78,7.08,1174.04,0.0000,0.0644,1,goal
978,255,-417.04,4.99,878.28,0.0014,0.0117,0,collision
989,300,-460.89,5.05,974.15,0.0009,0.0470,0,collision
979,492,-247.57,4.53,1341.18,0.0000,0.0304,1,goal
990,289,-456.03,4.90,896.98,0.0015,0.0055,0,collision
980,328,-478.86,4.71,1083.89,0.0025,0.0603,0,collision
415,335,-55.51,6.64,1344.13,0.0000,0.0185,1,goal
407,503,-699.29,4.38,1375.85,0.0014,0.0612,0,collision
416,207,-387.43,5.35,692.85,0.0085,0.0033,0,collision
417,432,-159.89,5.15,1307.12,0.0000,0.0863,1,goal
421,362,-488.54,6.13,1135.99,0.0000,0.0369,0,collision
408,261,-427.31,4.17,627.05,0.0064,0.0337,0,collision
991,163,-325.69,6.78,761.95,0.0079,0.0328,0,collision
981,315,-60.02,7.03,1516.12,0.0000,0.0327,1,goal
992,202,-371.14,4.90,653.95,0.0017,0.0625,0,collision
982,146,-309.16,6.20,574.39,0.0077,0.0321,0,collision
993,146,-310.13,6.18,600.61,0.0074,0.0438,0,collision
983,216,-370.48,6.96,1136.85,0.0059,0.0079,0,collision
994,257,12.61,8.67,1255.41,0.0000,0.0000,1,goal
995,201,-365.52,6.33,909.92,0.0033,0.0254,0,collision
984,377,-553.89,5.41,1255.92,0.0030,0.0394,0,collision
996,242,23.32,9.21,1319.73,0.0000,0.0000,1,goal
417,226,-386.32,5.46,845.86,0.0073,0.0153,0,collision
418,240,-408.30,5.33,916.87,0.0031,0.0157,0,collision
422,224,-391.27,4.95,677.73,0.0070,0.0340,0,collision
409,199,-368.53,5.18,722.79,0.0036,0.0731,0,collision
423,165,-328.66,7.44,896.19,0.0042,0.0000,0,collision
419,191,-357.74,5.59,717.73,0.0043,0.0000,0,collision
410,165,-333.76,7.11,812.41,0.0082,0.0000,0,collision
418,328,-459.14,6.74,1210.92,0.0033,0.0364,0,collision
424,152,-313.38,6.06,567.47,0.0066,0.0371,0,collision
420,148,-319.55,5.55,580.40,0.0037,0.0451,0,collision
997,337,-73.07,6.63,1469.92,0.0000,0.0400,1,goal
985,344,-521.92,4.21,989.99,0.0055,0.1614,0,collision
998,151,-320.95,6.20,633.46,0.0074,0.0000,0,collision
986,318,-63.14,7.01,1381.38,0.0000,0.0201,1,goal
999,298,-477.27,5.12,977.01,0.0022,0.0298,0,collision
987,200,-354.09,6.13,776.02,0.0024,0.0650,0,collision
1000,157,-321.75,7.18,816.08,0.0027,0.0474,0,collision
988,206,-369.80,6.10,814.89,0.0082,0.0008,0,collision
1001,309,-31.56,7.18,1319.07,0.0000,0.0045,1,goal
989,280,-15.91,7.98,1373.13,0.0000,0.0000,1,goal
419,225,-380.00,6.22,981.20,0.0044,0.0507,0,collision
411,354,-89.39,6.29,1269.35,0.0000,0.0208,1,goal
425,313,-57.56,7.12,1463.21,0.0000,0.0000,1,goal
421,331,-467.52,6.66,1400.13,0.0018,0.0544,0,collision
412,202,-362.49,6.31,948.75,0.0041,0.0134,0,collision
420,248,18.47,9.02,1334.43,0.0000,0.0066,1,goal
422,160,-323.04,5.33,539.35,0.0036,0.0405,0,collision
426,228,-394.11,5.67,927.13,0.0056,0.0472,0,collision
421,169,-338.98,6.23,759.35,0.0097,0.0000,0,collision
1002,198,-362.26,6.45,841.67,0.0026,0.0668,0,collision
990,294,-27.71,7.58,1405.12,0.0000,0.0000,1,goal
1003,133,-302.57,7.05,653.56,0.0014,0.0000,0,collision
1004,177,-332.84,7.22,831.74,0.0017,0.0235,0,collision
991,256,13.96,8.70,1198.27,0.0000,0.0000,1,goal
1005,217,-381.37,5.86,876.43,0.0022,0.0120,0,collision
992,177,-344.12,6.27,645.58,0.0052,0.0000,0,collision
993,148,-316.76,6.33,615.97,0.0050,0.0000,0,collision
1006,248,-411.74,5.09,801.85,0.0037,0.0292,0,collision
994,345,-66.82,6.45,1190.42,0.0000,0.0612,1,goal
413,329,-459.21,6.74,1265.70,0.0030,0.0426,0,collision
423,307,-61.42,7.21,1414.27,0.0000,0.0297,1,goal
422,200,-366.23,6.36,838.74,0.0057,0.0101,0,collision
427,308,-39.50,7.22,1432.45,0.0000,0.0025,1,goal
424,232,-384.37,6.02,859.51,0.0051,0.0187,0,collision
414,304,-42.97,7.32,1407.43,0.0000,0.0000,1,goal
1007,222,-396.71,5.25,803.58,0.0084,0.0143,0,collision
995,313,-472.34,4.80,1022.99,0.0053,0.0469,0,collision
1008,184,-342.29,5.97,773.15,0.0063,0.0055,0,collision
996,244,-406.28,5.74,953.23,0.0025,0.0074,0,collision
1009,165,-326.97,6.63,707.61,0.0091,0.0000,0,collision
1010,194,-371.27,4.96,619.09,0.0028,0.1016,0,collision
997,306,-438.85,6.58,1232.95,0.0057,0.0454,0,collision
1011,314,-43.39,7.09,1537.55,0.0000,0.0139,1,goal
998,230,-401.32,4.91,801.55,0.0046,0.1171,0,collision
1012,164,-325.57,5.45,580.60,0.0037,0.0572,0,collision
423,367,-493.28,5.91,1092.11,0.0015,0.0343,0,collision
415,171,-340.37,6.01,726.66,0.0091,0.0079,0,collision
428,399,-150.47,5.58,1307.66,0.0000,0.0542,1,goal
425,334,-455.46,6.65,1035.78,0.0005,0.0779,0,collision
424,188,-368.28,5.91,751.94,0.0106,0.0003,0,collision
416,192,-355.92,5.76,685.15,0.0088,0.0000,0,collision
429,351,-94.83,6.34,1343.41,0.0000,0.0651,1,goal
1013,176,-333.49,7.00,862.99,0.0094,0.0000,0,collision
999,372,-104.56,5.97,1565.82,0.0000,0.0118,1,goal
1014,360,-90.80,6.19,1354.52,0.0000,0.0112,1,goal
1000,242,-393.82,5.89,953.26,0.0047,0.0310,0,collision
1001,297,-32.20,7.47,1297.02,0.0000,0.0172,1,goal
1015,376,-112.02,5.92,1559.80,0.0000,0.0085,1,goal
1002,164,-329.68,6.33,707.57,0.0076,0.0000,0,collision
1016,267,-425.21,5.12,965.26,0.0030,0.0267,0,collision
1003,320,-49.60,6.97,1488.80,0.0000,0.0000,1,goal
1017,418,-166.16,5.32,1461.22,0.0000,0.0086,1,goal
425,308,-468.09,5.05,1082.85,0.0050,0.0040,0,collision
417,313,-444.98,7.06,1253.47,0.0047,0.0503,0,collision
426,405,-164.93,5.48,1481.81,0.0000,0.0496,1,goal
418,107,-281.07,5.61,420.07,0.0101,0.0000,0,collision
426,216,-371.89,6.26,915.41,0.0012,0.0000,0,collision
430,318,-488.63,4.36,939.56,0.0032,0.0594,0,collision
427,188,-360.53,5.14,596.43,0.0091,0.0551,0,collision
427,311,-46.38,7.11,1554.47,0.0000,0.0000,1,goal
419,262,-412.50,5.84,1026.49,0.0008,0.0110,0,collision
1018,339,-498.95,4.49,955.57,0.0055,0.0045,0,collision
1004,429,-171.03,5.20,1433.07,0.0000,0.0364,1,goal
1005,191,-352.49,5.62,714.88,0.0092,0.0027,0,collision
1019,346,-510.05,4.30,1021.69,0.0024,0.0000,0,collision
1020,316,-53.67,7.04,1320.44,0.0000,0.0000,1,goal
1006,462,-219.68,4.82,1348.75,0.0000,0.0272,1,goal
1021,349,-479.23,5.28,1253.02,0.0034,0.0251,0,collision
1007,268,-417.59,5.29,963.84,0.0054,0.0055,0,collision
1022,313,-476.13,4.27,859.65,0.0043,0.0381,0,collision
1008,350,-507.65,3.88,812.67,0.0018,0.0724,0,collision
431,370,-110.96,6.00,1030.86,0.0000,0.0251,1,goal
428,233,-389.01,5.77,827.40,0.0067,0.0358,0,collision
420,233,-387.44,5.99,932.96,0.0036,0.0000,0,collision
428,324,-52.03,6.78,1471.90,0.0000,0.0000,1,goal
429,208,-378.34,5.10,797.35,0.0081,0.0000,0,collision
432,359,-86.18,6.22,1441.41,0.0000,0.0000,1,goal
1023,267,-434.33,5.15,885.86,0.0023,0.0198,0,collision
1009,408,-137.24,5.44,1387.63,0.0000,0.0204,1,goal
1024,381,-112.86,5.86,1450.55,0.0000,0.0127,1,goal
1010,354,-501.71,4.31,985.06,0.0008,0.0221,0,collision
1025,171,-346.45,5.14,570.70,0.0066,0.0000,0,collision
1011,379,-137.62,5.82,1492.08,0.0000,0.0307,1,goal
1026,426,-169.18,5.22,1317.52,0.0000,0.0222,1,goal
1027,247,-406.18,5.17,813.66,0.0081,0.0130,0,collision
1012,394,-536.74,3.81,1013.95,0.0021,0.0197,0,collision
1028,241,-410.64,5.27,838.05,0.0012,0.0322,0,collision
421,372,-104.26,5.98,1572.35,0.0000,0.0220,1,goal
429,383,-121.60,5.80,1341.65,0.0000,0.0047,1,goal
430,351,-76.43,6.36,1303.56,0.0000,0.0131,1,goal
433,264,-421.71,4.87,919.61,0.0038,0.0394,0,collision
422,215,-377.15,4.74,665.55,0.0064,0.0071,0,collision
430,245,-412.42,4.64,735.43,0.0029,0.0461,0,collision
434,212,-380.49,4.78,644.59,0.0049,0.0795,0,collision
431,307,-469.96,5.09,1002.29,0.0053,0.0937,0,collision
1013,364,-530.96,3.97,985.42,0.0024,0.0581,0,collision
1029,421,-594.20,3.45,869.32,0.0040,0.0730,0,collision
1030,264,-419.13,4.69,805.09,0.0046,0.0000,0,collision
1014,400,-585.07,3.58,947.98,0.0043,0.0538,0,collision
1031,225,-382.69,4.74,689.39,0.0078,0.0000,0,collision
1015,411,-140.67,5.42,1347.65,0.0000,0.0526,1,goal
1032,313,-456.45,5.06,1032.52,0.0014,0.0646,0,collision
1016,221,-370.65,5.67,808.21,0.0080,0.0000,0,collision
1033,280,-437.05,4.66,980.25,0.0037,0.0173,0,collision
1017,203,-362.25,5.37,591.60,0.0062,0.0032,0,collision
423,306,-451.27,6.11,1181.66,0.0059,0.0008,0,collision
431,260,-422.65,4.80,797.84,0.0052,0.0233,0,collision
435,270,-437.65,4.09,699.54,0.0070,0.0085,0,collision
424,324,-479.24,4.56,1067.55,0.0026,0.0333,0,collision
432,378,-100.68,5.89,1455.57,0.0000,0.0742,1,goal
436,238,-401.46,4.52,700.66,0.0053,0.0088,0,collision
432,358,-520.98,4.98,1133.30,0.0041,0.0317,0,collision
1018,289,-466.98,4.21,829.12,0.0034,0.0023,0,collision
1034,393,-120.15,5.66,1410.97,0.0000,0.0236,1,goal
1019,316,-462.84,4.95,1042.77,0.0024,0.0000,0,collision
1035,264,-422.82,4.71,753.76,0.0076,0.0507,0,collision
1020,225,-381.94,4.89,708.36,0.0078,0.0092,0,collision
1036,370,-90.78,5.98,1478.92,0.0000,0.0069,1,goal
1021,231,-393.80,4.70,709.16,0.0025,0.0299,0,collision
1022,273,-452.41,4.22,769.37,0.0039,0.0187,0,collision
1037,342,-503.27,4.52,964.26,0.0039,0.0124,0,collision
1023,431,-177.98,5.17,1470.49,0.0000,0.0343,1,goal
425,238,-387.29,5.37,869.71,0.0006,0.0255,0,collision
433,219,-389.72,4.28,573.58,0.0034,0.0000,0,collision
433,348,-490.02,5.72,1142.86,0.0053,0.0101,0,collision
437,440,-188.42,5.06,1456.10,0.0000,0.0152,1,goal
434,247,-408.64,5.18,909.78,0.0005,0.0364,0,collision
426,336,-504.58,4.12,938.33,0.0056,0.1164,0,collision
1024,261,-434.43,4.22,739.72,0.0066,0.0137,0,collision
1038,283,-434.17,5.09,931.52,0.0060,0.0390,0,collision
1025,353,-81.42,6.29,1481.52,0.0000,0.0000,1,goal
1039,356,-97.42,6.24,1270.16,0.0000,0.0218,1,goal
1040,347,-482.99,5.66,1366.81,0.0050,0.0467,0,collision
1026,375,-114.45,5.93,1472.70,0.0000,0.0486,1,goal
1027,381,-116.76,5.87,1376.74,0.0000,0.0091,1,goal
1041,408,-585.77,3.62,1018.39,0.0027,0.0530,0,collision
1028,203,-362.43,5.32,773.01,0.0026,0.0129,0,collision
1042,228,-400.91,5.57,849.15,0.0044,0.0172,0,collision
434,401,-546.22,4.33,1227.84,0.0035,0.0282,0,collision
427,298,-449.30,6.20,1146.59,0.0066,0.0000,0,collision
438,400,-136.98,5.57,1350.11,0.0000,0.0523,1,goal
435,209,-377.66,4.50,592.46,0.0085,0.0077,0,collision
435,419,-162.45,5.29,1376.06,0.0000,0.0042,1,goal
1029,210,-368.17,6.62,946.37,0.0052,0.0000,0,collision
1030,107,-284.49,5.30,399.58,0.0051,0.0430,0,collision
1043,402,-168.64,5.51,1362.91,0.0000,0.0552,1,goal
1031,198,-363.32,5.69,831.33,0.0027,0.0625,0,collision
1032,183,-351.18,5.26,645.20,0.0040,0.0509,0,collision
1044,374,-109.75,5.99,1435.16,0.0000,0.0107,1,goal
1033,223,-380.55,5.72,930.53,0.0020,0.0218,0,collision
1045,386,-117.71,5.78,1446.71,0.0000,0.0039,1,goal
1034,385,-150.87,5.77,1365.35,0.0000,0.0341,1,goal
1046,304,-434.35,6.63,1251.52,0.0057,0.0180,0,collision
428,340,-476.64,5.44,1180.63,0.0052,0.0841,0,collision
436,302,-462.26,5.13,1044.07,0.0057,0.0585,0,collision
436,354,-91.21,6.25,1390.00,0.0000,0.0000,1,goal
439,416,-166.09,5.37,1525.63,0.0000,0.0166,1,goal
437,228,-373.59,6.54,970.92,0.0061,0.0009,0,collision
429,333,-62.22,6.70,1416.06,0.0000,0.0000,1,goal
440,310,-475.42,4.51,892.18,0.0019,0.0468,0,collision
437,336,-59.83,6.64,1346.95,0.0000,0.0513,1,goal
1035,329,-52.14,6.76,1410.43,0.0000,0.0000,1,goal
1047,384,-544.70,3.85,876.56,0.0032,0.0180,0,collision
1048,278,-442.49,4.51,885.95,0.0019,0.0138,0,collision
1036,363,-97.24,6.09,1462.41,0.0000,0.0000,1,goal
1037,300,-22.33,7.44,1414.20,0.0000,0.0000,1,goal
1049,397,-137.87,5.61,1394.10,0.0000,0.0737,1,goal
1038,203,-370.14,4.63,652.36,0.0029,0.0000,0,collision
1050,162,-323.03,5.71,580.16,0.0093,0.0000,0,collision
1039,322,-481.33,4.86,1122.83,0.0029,0.0190,0,collision
1051,308,-34.76,7.24,1433.98,0.0000,0.0000,1,goal
438,320,-44.00,6.98,1474.79,0.0000,0.0207,1,goal
438,204,-357.51,5.59,653.71,0.0037,0.0304,0,collision
430,312,-487.85,4.40,895.54,0.0058,0.0471,0,collision
441,237,-413.98,4.36,642.45,0.0069,0.0265,0,collision
439,276,-461.48,4.19,780.50,0.0057,0.0000,0,collision
1040,326,-450.76,6.77,1434.28,0.0026,0.0000,0,collision
1052,410,-539.19,5.19,1308.42,0.0018,0.0250,0,collision
1053,200,-349.48,6.40,729.20,0.0005,0.0149,0,collision
1041,310,-481.46,4.85,985.68,0.0022,0.0085,0,collision
1054,231,-400.82,5.53,960.62,0.0030,0.0374,0,collision
1042,350,-72.78,6.36,1322.20,0.0000,0.0000,1,goal
1055,319,-474.11,4.78,992.66,0.0031,0.0307,0,collision
1043,270,-433.50,4.73,825.88,0.0009,0.0125,0,collision
1056,180,-338.91,5.88,660.50,0.0111,0.0000,0,collision
1044,271,-418.89,5.82,1134.79,0.0020,0.0013,0,collision
439,386,-535.59,3.87,920.95,0.0027,0.0141,0,collision
431,387,-105.73,5.75,1282.92,0.0000,0.0000,1,goal
442,385,-545.04,3.83,1019.86,0.0011,0.0223,0,collision
440,130,-318.27,4.70,412.54,0.0127,0.0000,0,collision
440,343,-496.73,4.40,987.66,0.0048,0.0192,0,collision
443,206,-376.79,5.22,743.04,0.0081,0.0016,0,collision
432,323,-464.69,4.62,978.10,0.0013,0.0052,0,collision
1045,224,-374.38,6.47,1008.43,0.0063,0.0101,0,collision
1057,237,-403.66,4.36,664.41,0.0055,0.0184,0,collision
1046,248,-390.18,5.85,1029.72,0.0034,0.0237,0,collision
1058,293,-450.03,4.99,944.45,0.0045,0.0664,0,collision
1059,208,-374.24,5.11,680.29,0.0047,0.0198,0,collision
1047,351,-75.90,6.39,1301.23,0.0000,0.0000,1,goal
1060,322,-466.80,4.83,943.04,0.0055,0.0458,0,collision
1048,422,-141.74,5.29,1519.00,0.0000,0.0652,1,goal
1061,292,-451.34,4.30,845.67,0.0046,0.0256,0,collision
1049,241,-389.98,5.90,939.91,0.0038,0.0112,0,collision
441,392,-138.63,5.68,1386.11,0.0000,0.0638,1,goal
441,355,-514.10,4.15,1025.73,0.0021,0.0500,0,collision
444,378,-98.76,5.88,1448.63,0.0000,0.0292,1,goal
433,337,-61.27,6.59,1401.84,0.0000,0.0120,1,goal
442,226,-376.60,6.16,933.18,0.0056,0.0098,0,collision
445,253,-407.71,5.12,900.99,0.0013,0.0220,0,collision
442,353,-487.19,5.80,1169.91,0.0055,0.0195,0,collision
1050,349,-508.67,4.22,939.36,0.0057,0.0619,0,collision
1062,376,-109.24,5.94,1375.94,0.0000,0.0254,1,goal
1051,325,-502.32,4.54,984.73,0.0042,0.0000,0,collision
1063,422,-158.77,5.26,1516.23,0.0000,0.0218,1,goal
1052,341,-62.05,6.54,1513.95,0.0000,0.0000,1,goal
1064,434,-170.09,5.15,1371.62,0.0000,0.0578,1,goal
1053,258,-430.99,4.66,829.01,0.0077,0.0619,0,collision
1065,297,-457.27,4.94,940.24,0.0043,0.0232,0,collision
1054,272,-428.15,4.98,804.21,0.0031,0.0147,0,collision
1066,172,-331.17,6.33,784.43,0.0082,0.0034,0,collision
443,260,-419.56,5.62,1000.78,0.0009,0.0029,0,collision
434,405,-144.13,5.49,1456.95,0.0000,0.0025,1,goal
444,142,-310.99,5.27,475.70,0.0093,0.0000,0,collision
446,394,-114.36,5.65,1563.91,0.0000,0.0448,1,goal
443,420,-144.18,5.31,1494.14,0.0000,0.0789,1,goal
435,349,-69.22,6.40,1545.27,0.0000,0.0042,1,goal
445,293,-444.18,4.90,949.82,0.0043,0.0317,0,collision
1067,273,-413.19,5.66,1042.25,0.0035,0.0577,0,collision
1055,379,-101.85,5.87,1366.12,0.0000,0.0021,1,goal
1068,210,-373.27,5.77,817.09,0.0084,0.0056,0,collision
1056,225,-371.49,6.51,985.46,0.0046,0.0000,0,collision
1069,374,-112.23,5.97,1495.58,0.0000,0.0004,1,goal
1057,344,-489.83,5.45,1373.51,0.0022,0.0670,0,collision
1070,242,-385.22,5.95,935.54,0.0061,0.0418,0,collision
1058,268,-439.45,4.74,899.28,0.0019,0.0521,0,collision
1071,207,-354.86,6.23,874.15,0.0004,0.0278,0,collision
1059,197,-368.71,5.19,688.54,0.0088,0.0000,0,collision
447,281,-434.28,4.71,888.79,0.0061,0.0545,0,collision
444,261,-414.41,5.33,953.68,0.0024,0.0311,0,collision
446,260,-426.54,6.06,1093.43,0.0032,0.0000,0,collision
445,229,-381.96,5.37,795.56,0.0075,0.0018,0,collision
436,403,-137.71,5.53,1431.19,0.0000,0.0258,1,goal
448,383,-121.83,5.79,1305.73,0.0000,0.0312,1,goal
447,184,-343.23,5.85,749.24,0.0074,0.0000,0,collision
1072,256,-402.18,5.34,885.12,0.0039,0.0673,0,collision
1060,340,-55.66,6.55,1276.54,0.0000,0.0412,1,goal
1073,311,-33.52,7.17,1377.25,0.0000,0.0000,1,goal
1061,272,-423.89,5.24,1001.26,0.0032,0.0364,0,collision
1074,315,-442.74,6.47,1310.30,0.0061,0.0000,0,collision
1062,307,-29.13,7.26,1373.30,0.0000,0.0000,1,goal
1075,249,-402.35,4.94,852.21,0.0040,0.0352,0,collision
1063,276,-424.32,5.21,931.42,0.0038,0.0000,0,collision
1076,233,-385.89,5.91,1013.35,0.0041,0.0000,0,collision
1064,249,-402.20,5.05,863.70,0.0076,0.0418,0,collision
449,172,-338.81,5.63,658.41,0.0035,0.0489,0,collision
437,267,-416.67,5.54,1001.33,0.0037,0.0137,0,collision
446,308,-31.30,7.24,1337.55,0.0000,0.0000,1,goal
448,239,-392.51,6.08,951.72,0.0058,0.0057,0,collision
447,289,-444.74,4.45,969.42,0.0063,0.0531,0,collision
438,332,-463.28,6.28,1292.20,0.0014,0.0414,0,collision
450,387,-112.95,5.75,1449.02,0.0000,0.0000,1,goal
449,322,-59.76,6.93,1425.93,0.0000,0.0000,1,goal
1065,318,-501.40,3.86,883.25,0.0003,0.0504,0,collision
1077,481,-214.79,4.63,1455.93,0.0000,0.0430,1,goal
1066,450,-184.14,4.95,1403.98,0.0000,0.0293,1,goal
1078,288,-462.78,4.03,755.81,0.0036,0.0291,0,collision
1067,281,-454.78,4.24,795.04,0.0064,0.0350,0,collision
1079,420,-151.78,5.31,1386.00,0.0000,0.0434,1,goal
1068,297,-448.34,4.69,882.82,0.0010,0.0128,0,collision
1080,394,-545.00,3.98,1078.98,0.0044,0.0534,0,collision
1069,413,-143.67,5.38,1573.66,0.0000,0.0125,1,goal
1081,447,-186.53,4.96,1634.57,0.0000,0.0527,1,goal
448,218,-386.35,4.88,719.41,0.0074,0.0000,0,collision
451,327,-477.62,4.91,1029.74,0.0012,0.0548,0,collision
450,309,-484.45,3.53,768.55,0.0027,0.0669,0,collision
439,396,-133.53,5.62,1499.23,0.0000,0.0248,1,goal
449,394,-543.37,3.88,914.16,0.0028,0.0324,0,collision
1070,306,-462.17,4.11,826.19,0.0046,0.0037,0,collision
1082,410,-127.56,5.43,1284.15,0.0000,0.0005,1,goal
1071,326,-48.48,6.82,1413.87,0.0000,0.0061,1,goal
1083,261,-408.85,4.92,889.66,0.0016,0.0208,0,collision
1072,298,-445.19,4.35,844.75,0.0018,0.0254,0,collision
1084,379,-101.10,5.87,1340.77,0.0000,0.0000,1,goal
1085,189,-351.10,4.98,616.70,0.0052,0.0000,0,collision
1073,470,-217.31,4.73,1415.31,0.0000,0.0469,1,goal
1086,431,-157.70,5.18,1427.81,0.0000,0.0350,1,goal
1074,347,-517.99,4.01,856.16,0.0031,0.0274,0,collision
452,365,-94.55,6.13,1456.79,0.0000,0.0591,1,goal
440,349,-509.18,4.30,1002.78,0.0000,0.0011,0,collision
451,463,-226.44,4.82,1500.96,0.0000,0.0431,1,goal
450,382,-579.40,3.63,907.88,0.0019,0.0348,0,collision
441,342,-497.99,4.10,890.09,0.0036,0.0126,0,collision
452,260,-421.15,4.18,809.24,0.0046,0.0000,0,collision
1087,366,-90.20,6.09,1324.88,0.0000,0.0096,1,goal
1075,422,-151.92,5.28,1434.22,0.0000,0.0243,1,goal
1088,278,-413.80,5.68,961.60,0.0023,0.0000,0,collision
1076,390,-108.39,5.72,1488.45,0.0000,0.0145,1,goal
1089,275,-436.06,5.57,957.69,0.0060,0.0000,0,collision
1077,380,-564.31,3.66,1028.70,0.0044,0.0552,0,collision
1090,317,-466.64,4.39,906.66,0.0000,0.0700,0,collision
1078,279,-435.25,4.73,912.74,0.0029,0.0000,0,collision
1091,343,-488.45,4.46,977.01,0.0040,0.0055,0,collision
1079,373,-538.97,3.85,892.46,0.0032,0.0190,0,collision
453,423,-149.68,5.29,1446.30,0.0000,0.0000,1,goal
451,401,-568.42,3.76,1036.60,0.0021,0.0181,0,collision
453,260,-416.08,4.90,794.44,0.0071,0.0051,0,collision
442,299,-491.65,3.40,723.79,0.0045,0.0000,0,collision
454,253,-413.18,4.67,675.30,0.0079,0.0000,0,collision
1080,271,-450.48,3.48,568.63,0.0033,0.0000,0,collision
1092,416,-152.26,5.33,1292.54,0.0000,0.0213,1,goal
1081,314,-485.38,4.43,969.95,0.0035,0.0595,0,collision
1082,256,-410.91,4.75,756.77,0.0027,0.0000,0,collision
1093,472,-211.22,4.71,1552.97,0.0000,0.0482,1,goal
1083,290,-448.66,3.66,641.90,0.0047,0.0069,0,collision
1094,396,-124.62,5.63,1252.48,0.0000,0.0123,1,goal
1084,243,-398.59,4.87,716.66,0.0072,0.0027,0,collision
1095,223,-377.86,4.97,733.09,0.0067,0.0102,0,collision
1085,314,-458.67,4.91,1025.85,0.0063,0.0186,0,collision
452,301,-449.74,5.06,1013.89,0.0066,0.0001,0,collision
443,376,-521.93,3.92,956.78,0.0022,0.0421,0,collision
454,427,-168.71,5.20,1443.33,0.0000,0.0340,1,goal
455,417,-143.11,5.36,1537.11,0.0000,0.0165,1,goal
456,190,-352.61,4.94,666.96,0.0066,0.0000,0,collision
453,400,-128.99,5.59,1496.76,0.0000,0.0000,1,goal
455,277,-446.15,4.62,859.50,0.0036,0.0326,0,collision
1086,236,-391.72,5.42,891.08,0.0020,0.0270,0,collision
1096,439,-168.93,5.08,1470.21,0.0000,0.0270,1,goal
1087,247,-394.98,5.19,820.48,0.0019,0.0181,0,collision
1088,227,-384.84,5.83,854.83,0.0049,0.0218,0,collision
1097,402,-134.60,5.51,1416.62,0.0000,0.0190,1,goal
1089,229,-397.93,4.71,726.72,0.0030,0.0075,0,collision
1098,357,-517.77,4.10,901.25,0.0035,0.0494,0,collision
1090,336,-506.72,4.22,877.53,0.0042,0.0065,0,collision
1091,313,-41.88,7.13,1428.33,0.0000,0.0000,1,goal
1099,441,-161.07,5.07,1402.61,0.0000,0.0200,1,goal
444,407,-595.89,3.20,820.34,0.0034,0.0480,0,collision
457,242,-389.61,5.36,843.45,0.0041,0.0134,0,collision
456,278,-436.14,5.16,949.75,0.0053,0.0129,0,collision
454,428,-168.25,5.22,1518.48,0.0000,0.0612,1,goal
457,164,-327.75,5.70,619.16,0.0034,0.0000,0,collision
458,345,-501.48,4.04,852.56,0.0000,0.0423,0,collision
1100,198,-356.83,5.48,676.53,0.0079,0.0063,0,collision
1092,305,-30.68,7.31,1214.47,0.0000,0.0384,1,goal
1101,324,-474.79,4.16,822.46,0.0028,0.0893,0,collision
1102,212,-360.62,6.29,849.53,0.0046,0.0075,0,collision
1093,447,-186.15,5.00,1537.77,0.0000,0.0866,1,goal
1103,374,-103.38,5.96,1379.93,0.0000,0.0002,1,goal
1094,379,-116.99,5.87,1422.07,0.0000,0.0417,1,goal
1104,229,-380.17,5.65,810.84,0.0070,0.0539,0,collision
1095,309,-459.12,4.76,1025.75,0.0058,0.0080,0,collision
1105,308,-32.41,7.24,1357.96,0.0000,0.0000,1,goal
445,522,-275.70,4.27,1386.72,0.0000,0.0965,1,goal
455,205,-371.87,5.63,817.47,0.0098,0.0113,0,collision
446,170,-331.48,5.54,655.05,0.0059,0.0000,0,collision
458,348,-501.43,4.36,956.02,0.0043,0.0068,0,collision
459,390,-540.06,4.03,1005.46,0.0036,0.1085,0,collision
456,368,-101.81,6.03,1415.91,0.0000,0.0049,1,goal
1106,364,-96.65,6.11,1449.10,0.0000,0.0000,1,goal
1096,527,-305.19,4.21,1414.57,0.0000,0.0187,1,goal
1107,241,-405.65,4.30,696.30,0.0039,0.0152,0,collision
1097,369,-101.78,6.04,1339.68,0.0000,0.0625,1,goal
1108,406,-584.07,3.60,924.01,0.0020,0.0360,0,collision
1109,174,-341.72,5.38,587.34,0.0057,0.0000,0,collision
1098,343,-485.02,5.35,1205.93,0.0049,0.0520,0,collision
1110,334,-50.85,6.69,1285.33,0.0000,0.0144,1,goal
1099,357,-524.74,4.63,1098.41,0.0056,0.0030,0,collision
1111,405,-146.39,5.51,1519.61,0.0000,0.0548,1,goal
459,335,-512.26,4.64,1052.58,0.0026,0.0024,0,collision
460,217,-369.62,5.91,882.63,0.0002,0.0204,0,collision
447,364,-90.10,6.13,1521.18,0.0000,0.0581,1,goal
448,181,-344.30,4.98,639.42,0.0086,0.0000,0,collision
457,380,-105.27,5.85,1345.76,0.0000,0.0042,1,goal
460,265,-432.43,4.75,876.37,0.0049,0.0026,0,collision
461,380,-102.41,5.86,1450.32,0.0000,0.0073,1,goal
461,194,-363.58,4.82,604.88,0.0052,0.0000,0,collision
1112,270,-437.35,4.77,868.70,0.0002,0.1047,0,collision
1100,283,-434.99,4.92,862.95,0.0063,0.0435,0,collision
1113,235,-388.72,5.93,787.40,0.0028,0.0114,0,collision
1101,294,-443.76,5.35,1039.46,0.0042,0.0313,0,collision
1114,227,-382.40,6.93,1071.73,0.0035,0.0037,0,collision
1102,385,-113.49,5.78,1431.03,0.0000,0.0291,1,goal
1115,266,-421.13,4.87,756.12,0.0006,0.0341,0,collision
1103,295,-459.77,4.82,957.03,0.0068,0.0240,0,collision
1116,319,-461.61,4.93,964.46,0.0024,0.0086,0,collision
1104,368,-95.62,6.08,1471.91,0.0000,0.0400,1,goal
458,347,-82.11,6.44,1320.43,0.0000,0.0000,1,goal
449,392,-137.83,5.68,1439.45,0.0000,0.0645,1,goal
462,310,-450.07,6.40,1254.41,0.0039,0.0330,0,collision
462,302,-458.36,4.69,909.50,0.0026,0.0341,0,collision
450,229,-390.67,5.42,875.88,0.0059,0.0000,0,collision
459,326,-46.12,6.84,1315.34,0.0000,0.0140,1,goal
463,231,-375.52,5.57,762.37,0.0087,0.0105,0,collision
1117,232,-387.78,5.72,998.19,0.0020,0.0000,0,collision
1105,258,-407.46,4.95,806.87,0.0000,0.0533,0,collision
1118,271,-413.49,4.73,816.98,0.0006,0.0241,0,collision
1106,321,-486.42,4.84,1068.70,0.0056,0.0607,0,collision
1119,349,-77.85,6.40,1362.21,0.0000,0.0200,1,goal
1107,410,-151.09,5.43,1497.00,0.0000,0.0356,1,goal
1120,247,-390.56,6.32,1032.45,0.0038,0.0000,0,collision
1108,343,-471.84,6.09,1187.79,0.0020,0.0167,0,collision
1121,330,-54.79,6.79,1346.71,0.0000,0.0000,1,goal
1109,278,-414.43,5.62,1018.86,0.0048,0.0000,0,collision
460,262,-439.01,4.46,739.44,0.0047,0.0566,0,collision
451,367,-534.61,4.02,878.72,0.0047,0.0243,0,collision
463,503,-280.67,4.41,1228.83,0.0000,0.0544,1,goal
464,353,-89.26,6.31,1535.84,0.0000,0.0042,1,goal
464,240,-393.29,4.51,667.89,0.0042,0.0000,0,collision
1110,179,-347.34,5.19,635.15,0.0057,0.0000,0,collision
1122,286,-478.17,3.62,674.98,0.0027,0.1161,0,collision
1111,315,-36.37,7.07,1194.22,0.0000,0.0000,1,goal
1123,243,-410.87,4.28,664.46,0.0023,0.0069,0,collision
1112,322,-487.15,4.24,804.88,0.0039,0.0310,0,collision
1124,391,-117.30,5.71,1406.79,0.0000,0.0000,1,goal
1113,400,-151.15,5.55,1336.36,0.0000,0.0277,1,goal
1125,333,-475.30,6.16,1129.85,0.0052,0.0643,0,collision
1114,477,-222.75,4.68,1444.48,0.0000,0.1325,1,goal
1126,512,-282.62,4.35,1562.97,0.0000,0.0266,1,goal
461,378,-104.12,5.90,1394.60,0.0000,0.0000,1,goal
452,475,-217.33,4.67,1377.42,0.0000,0.0306,1,goal
465,376,-104.43,5.90,1503.42,0.0000,0.0219,1,goal
465,515,-253.19,4.33,1424.78,0.0000,0.0336,1,goal
462,343,-70.92,6.51,1287.04,0.0000,0.0000,1,goal
453,317,-41.00,7.04,1528.05,0.0000,0.0000,1,goal
1127,332,-52.99,6.72,1340.81,0.0000,0.0004,1,goal
1115,410,-156.24,5.41,1416.60,0.0000,0.0482,1,goal
1116,275,-423.53,5.07,919.40,0.0036,0.0173,0,collision
1128,372,-526.60,4.12,877.35,0.0014,0.1192,0,collision
1129,258,-422.59,4.96,835.65,0.0039,0.0246,0,collision
1117,372,-121.26,5.95,1482.12,0.0000,0.0574,1,goal
1118,219,-392.44,4.81,650.44,0.0041,0.0738,0,collision
1130,383,-103.80,5.82,1316.80,0.0000,0.0153,1,goal
1119,207,-370.48,4.92,663.84,0.0094,0.0086,0,collision
1131,421,-152.63,5.28,1305.00,0.0000,0.0656,1,goal
466,428,-143.27,5.19,1517.38,0.0000,0.1069,1,goal
466,492,-242.28,4.53,1308.89,0.0000,0.0345,1,goal
463,424,-174.45,5.22,1463.59,0.0000,0.0454,1,goal
454,486,-219.85,4.63,1342.69,0.0000,0.1435,1,goal
1132,236,-399.57,5.46,826.14,0.0020,0.0208,0,collision
1120,280,-8.70,7.98,1365.38,0.0000,0.0000,1,goal
1133,250,-408.04,5.09,931.92,0.0040,0.0243,0,collision
1121,287,-431.07,5.33,994.40,0.0027,0.0628,0,collision
1134,158,-323.78,5.43,508.76,0.0061,0.0554,0,collision
1122,325,-50.25,6.84,1376.78,0.0000,0.0000,1,goal
1135,261,-412.22,5.41,943.66,0.0044,0.0496,0,collision
1136,318,-42.21,7.01,1332.71,0.0000,0.0095,1,goal
1123,439,-183.20,5.08,1474.34,0.0000,0.0578,1,goal
1137,335,-51.89,6.68,1219.61,0.0000,0.0032,1,goal
464,277,-422.13,4.73,809.19,0.0045,0.0300,0,collision
467,358,-98.86,6.23,1481.14,0.0000,0.0080,1,goal
467,418,-165.61,5.32,1210.90,0.0000,0.0110,1,goal
455,333,-50.37,6.72,1267.54,0.0000,0.0000,1,goal
468,173,-329.07,6.23,608.55,0.0116,0.0009,0,collision
465,349,-66.99,6.37,1191.72,0.0000,0.0000,1,goal
468,351,-476.29,6.27,1323.19,0.0007,0.0374,0,collision
456,237,-381.88,6.58,932.92,0.0037,0.0000,0,collision
1124,299,-445.49,5.26,1055.38,0.0031,0.0363,0,collision
1138,311,-465.23,4.83,950.84,0.0003,0.0606,0,collision
1125,216,-372.13,5.91,783.48,0.0022,0.0319,0,collision
1139,290,-432.10,5.46,1000.44,0.0014,0.0147,0,collision
1126,418,-157.76,5.35,1420.21,0.0000,0.0877,1,goal
1140,399,-130.16,5.58,1515.22,0.0000,0.0183,1,goal
1127,254,-412.52,5.76,993.31,0.0029,0.0000,0,collision
1141,287,-9.83,7.77,1222.79,0.0000,0.0000,1,goal
1142,242,-397.79,5.34,970.53,0.0007,0.0581,0,collision
1128,392,-119.64,5.68,1406.12,0.0000,0.0294,1,goal
466,192,-353.23,5.76,662.05,0.0070,0.0241,0,collision
469,397,-153.75,5.60,1603.61,0.0000,0.0888,1,goal
467,174,-336.09,6.55,760.87,0.0057,0.0427,0,collision
457,279,-426.39,5.38,989.27,0.0067,0.0106,0,collision
469,346,-72.37,6.41,1451.69,0.0000,0.0000,1,goal
470,250,-400.43,5.59,886.14,0.0043,0.0025,0,collision
468,232,-386.44,5.56,850.66,0.0043,0.0255,0,collision
1143,253,-405.04,5.12,813.81,0.0012,0.0492,0,collision
1129,359,-87.91,6.17,1288.63,0.0000,0.0291,1,goal
1144,259,-403.42,5.05,832.12,0.0033,0.0323,0,collision
1130,263,-415.57,5.21,980.80,0.0066,0.0391,0,collision
1131,230,-387.64,5.77,826.34,0.0041,0.0748,0,collision
1145,341,-75.22,6.51,1434.16,0.0000,0.0500,1,goal
1132,323,-55.19,6.89,1351.51,0.0000,0.0000,1,goal
1146,376,-114.73,5.96,1396.81,0.0000,0.0009,1,goal
1147,252,-407.91,5.08,866.20,0.0020,0.0244,0,collision
1133,374,-111.80,5.94,1366.37,0.0000,0.0000,1,goal
458,350,-78.10,6.36,1368.42,0.0000,0.0135,1,goal
470,339,-62.63,6.55,1319.77,0.0000,0.0080,1,goal
469,368,-105.50,6.03,1244.57,0.0000,0.0445,1,goal
471,398,-134.29,5.59,1270.44,0.0000,0.0222,1,goal
471,254,-394.12,5.65,832.96,0.0038,0.0000,0,collision
459,310,-451.98,5.02,967.59,0.0026,0.0515,0,collision
1148,298,-23.20,7.44,1337.25,0.0000,0.0000,1,goal
1134,362,-108.61,6.11,1553.58,0.0000,0.0752,1,goal
1149,334,-56.91,6.68,1455.89,0.0000,0.0000,1,goal
1135,410,-552.33,5.37,1338.95,0.0018,0.0387,0,collision
1150,296,-470.47,5.00,1015.96,0.0055,0.0134,0,collision
1136,317,-44.90,7.05,1385.95,0.0000,0.0000,1,goal
1151,238,-399.28,4.95,792.90,0.0050,0.0011,0,collision
1137,282,-433.04,5.25,997.81,0.0047,0.0234,0,collision
1152,212,-366.58,6.54,904.71,0.0051,0.0235,0,collision
1138,261,-402.70,6.04,953.40,0.0038,0.0000,0,collision
472,182,-341.52,5.00,563.66,0.0010,0.0460,0,collision
470,259,-421.60,5.36,991.86,0.0039,0.0087,0,collision
472,323,-44.74,6.90,1386.94,0.0000,0.0206,1,goal
460,316,-478.77,4.56,964.58,0.0010,0.0876,0,collision
473,378,-123.61,5.89,1353.37,0.0000,0.0073,1,goal
473,314,-459.29,4.82,1002.58,0.0062,0.0662,0,collision
471,397,-146.88,5.62,1476.29,0.0000,0.0363,1,goal
1139,330,-53.67,6.73,1238.80,0.0000,0.0000,1,goal
1153,362,-118.04,6.15,1412.43,0.0000,0.0068,1,goal
1140,240,-390.81,5.34,792.33,0.0011,0.0267,0,collision
1154,314,-461.08,4.89,952.64,0.0054,0.0370,0,collision
1141,268,-430.32,4.79,836.26,0.0037,0.0336,0,collision
1155,314,-47.69,7.10,1184.11,0.0000,0.0078,1,goal
1142,221,-375.32,5.02,655.02,0.0068,0.0000,0,collision
1156,254,-404.04,5.04,806.27,0.0015,0.0641,0,collision
1143,272,-417.93,5.23,1011.23,0.0039,0.0045,0,collision
1157,325,-55.51,6.87,1268.80,0.0000,0.0482,1,goal
461,332,-62.96,6.69,1477.15,0.0000,0.0247,1,goal
472,152,-317.91,5.44,523.52,0.0090,0.0384,0,collision
474,283,-9.68,7.88,1455.91,0.0000,0.0000,1,goal
474,436,-195.09,5.09,1415.53,0.0000,0.1040,1,goal
462,389,-133.72,5.73,1285.78,0.0000,0.0858,1,goal
473,305,-42.00,7.28,1454.86,0.0000,0.0011,1,goal
1158,241,-391.05,5.82,865.54,0.0078,0.0020,0,collision
1144,269,-429.07,5.15,933.46,0.0031,0.0396,0,collision
1159,255,-406.35,5.50,825.55,0.0061,0.0144,0,collision
1145,316,-40.18,7.10,1344.09,0.0000,0.0000,1,goal
1146,259,-413.79,5.13,868.35,0.0025,0.0562,0,collision
1160,455,-195.71,4.91,1514.00,0.0000,0.1169,1,goal
1147,378,-104.96,5.90,1389.69,0.0000,0.0440,1,goal
1161,387,-148.06,5.75,1608.92,0.0000,0.0350,1,goal
1148,251,-417.59,5.40,909.03,0.0027,0.0443,0,collision
1162,240,-385.48,5.72,886.39,0.0017,0.0017,0,collision
475,335,-75.40,6.61,1143.74,0.0000,0.0003,1,goal
463,348,-80.99,6.43,1285.16,0.0000,0.0136,1,goal
475,398,-146.18,5.60,1334.57,0.0000,0.0336,1,goal
474,387,-125.52,5.75,1333.24,0.0000,0.0662,1,goal
476,371,-104.82,6.01,1423.65,0.0000,0.0538,1,goal
475,165,-327.85,5.70,620.28,0.0076,0.0000,0,collision
1163,196,-359.88,5.54,775.34,0.0092,0.0000,0,collision
1149,354,-80.04,6.26,1355.14,0.0000,0.0511,1,goal
1164,242,-411.45,5.25,844.13,0.0029,0.0277,0,collision
1150,314,-43.73,7.08,1295.29,0.0000,0.0000,1,goal
1165,359,-83.40,6.15,1515.61,0.0000,0.0159,1,goal
1151,255,-416.25,5.52,990.52,0.0028,0.0077,0,collision
1152,196,-361.44,4.96,669.06,0.0099,0.0414,0,collision
1166,400,-141.48,5.57,1388.49,0.0000,0.0654,1,goal
1167,228,-379.64,5.67,850.43,0.0044,0.0288,0,collision
1153,316,-44.90,7.10,1337.54,0.0000,0.0148,1,goal
464,313,-37.80,7.15,1090.88,0.0000,0.0187,1,goal
476,375,-109.59,5.91,1376.42,0.0000,0.0974,1,goal
477,304,-35.11,7.33,1442.43,0.0000,0.0000,1,goal
476,312,-40.59,7.13,1247.33,0.0000,0.0000,1,goal
477,233,-390.24,5.71,894.26,0.0058,0.0003,0,collision
465,328,-68.26,6.78,1426.18,0.0000,0.0000,1,goal
478,214,-366.27,5.98,770.28,0.0044,0.0221,0,collision
1154,351,-79.05,6.35,1304.64,0.0000,0.0249,1,goal
1168,383,-120.99,5.82,1297.30,0.0000,0.0645,1,goal
1169,286,-31.29,7.75,1483.80,0.0000,0.0122,1,goal
1155,385,-147.92,5.82,1244.26,0.0000,0.0461,1,goal
1170,248,-400.03,5.64,910.83,0.0066,0.0731,0,collision
1156,237,-389.54,5.58,835.72,0.0033,0.0170,0,collision
1157,220,-387.94,5.81,856.07,0.0014,0.0366,0,collision
1171,313,-459.45,4.75,982.96,0.0058,0.0312,0,collision
1172,178,-341.36,5.83,662.07,0.0104,0.0000,0,collision
1158,305,-25.33,7.32,1274.78,0.0000,0.0370,1,goal
478,229,-387.38,5.96,971.61,0.0041,0.0329,0,collision
479,209,-359.75,6.16,808.20,0.0019,0.0232,0,collision
477,361,-93.93,6.19,1403.09,0.0000,0.0000,1,goal
479,147,-312.38,5.87,545.50,0.0013,0.0683,0,collision
466,400,-139.53,5.58,1272.06,0.0000,0.0754,1,goal
478,227,-383.38,5.71,871.69,0.0066,0.0179,0,collision
480,307,-30.39,7.27,1204.93,0.0000,0.0228,1,goal
1173,272,-5.61,8.18,1410.27,0.0000,0.0005,1,goal
1159,293,-18.47,7.60,1281.71,0.0000,0.0000,1,goal
1160,233,-380.39,6.77,1042.81,0.0020,0.0000,0,collision
1174,349,-96.29,6.36,1428.28,0.0000,0.0272,1,goal
1161,180,-341.06,5.85,696.15,0.0040,0.0000,0,collision
1175,327,-80.60,6.82,1395.12,0.0000,0.0000,1,goal
1162,341,-71.67,6.49,1446.90,0.0000,0.0000,1,goal
1176,330,-58.35,6.71,1411.27,0.0000,0.0000,1,goal
1163,254,-413.78,5.15,831.91,0.0034,0.0119,0,collision
1177,199,-361.24,6.40,815.23,0.0050,0.0312,0,collision
479,215,-374.25,5.96,878.42,0.0036,0.0474,0,collision
480,392,-539.12,5.66,1233.43,0.0023,0.1106,0,collision
467,401,-549.83,5.50,1338.76,0.0020,0.0543,0,collision
481,287,-26.43,7.76,1353.15,0.0000,0.0135,1,goal
480,379,-133.79,5.87,1370.76,0.0000,0.0555,1,goal
482,243,-412.34,5.29,851.29,0.0032,0.0161,0,collision
468,268,-433.35,4.95,897.87,0.0003,0.0557,0,collision
481,330,-48.78,6.75,1277.77,0.0000,0.0144,1,goal
1164,240,-393.56,5.39,821.92,0.0025,0.0313,0,collision
1178,297,-25.65,7.52,1391.27,0.0000,0.0000,1,goal
1165,353,-485.71,6.27,1349.12,0.0004,0.0677,0,collision
1179,358,-105.58,6.21,1295.89,0.0000,0.0963,1,goal
1166,288,-469.97,5.15,987.66,0.0039,0.0001,0,collision
1180,389,-526.56,5.66,1453.34,0.0012,0.1103,0,collision
1167,399,-148.17,5.55,1227.40,0.0000,0.0575,1,goal
1181,340,-82.52,6.56,1221.81,0.0000,0.0050,1,goal
1168,362,-108.86,6.15,1285.35,0.0000,0.0739,1,goal
1182,377,-120.11,5.93,1292.78,0.0000,0.1079,1,goal
481,223,-379.67,5.81,825.97,0.0009,0.0272,0,collision
483,241,-400.64,5.32,841.87,0.0037,0.0421,0,collision
482,344,-77.36,6.49,1306.76,0.0000,0.0000,1,goal
469,399,-154.72,5.59,1532.93,0.0000,0.0412,1,goal
482,237,-390.39,5.35,859.86,0.0012,0.0159,0,collision
484,216,-364.57,5.93,761.92,0.0078,0.0118,0,collision
1183,224,-386.78,5.78,925.79,0.0020,0.0332,0,collision
1169,248,-397.05,6.17,1006.73,0.0040,0.1018,0,collision
1184,209,-358.31,7.53,884.96,0.0045,0.0000,0,collision
1170,205,-372.30,5.36,747.58,0.0024,0.0568,0,collision
1185,229,-389.58,6.21,876.00,0.0050,0.0607,0,collision
1171,271,-1.69,8.24,1287.98,0.0000,0.0741,1,goal
1186,243,-382.60,6.37,988.58,0.0082,0.0134,0,collision
1172,220,-374.24,6.28,954.44,0.0050,0.0156,0,collision
1187,257,-405.26,5.96,1039.55,0.0035,0.0369,0,collision
1173,286,-11.50,7.84,1277.49,0.0000,0.0032,1,goal
483,249,-396.64,5.83,980.94,0.0038,0.0188,0,collision
483,176,-341.96,5.79,731.12,0.0102,0.0000,0,collision
485,182,-337.15,6.07,698.76,0.0083,0.0137,0,collision
470,318,-41.63,7.02,1436.84,0.0000,0.0000,1,goal
484,239,-402.82,4.58,782.66,0.0023,0.0331,0,collision
486,270,1.91,8.28,1381.36,0.0000,0.0000,1,goal
484,306,-467.12,5.01,1065.97,0.0053,0.0941,0,collision
471,281,-434.93,5.44,908.99,0.0016,0.1268,0,collision
1188,288,-21.63,7.73,1341.91,0.0000,0.0027,1,goal
1174,347,-472.10,6.30,1481.02,0.0023,0.0603,0,collision
1189,306,-29.00,7.28,1323.47,0.0000,0.0000,1,goal
1175,302,-457.00,5.08,1044.51,0.0016,0.0450,0,collision
1190,337,-471.58,6.56,1488.16,0.0006,0.0200,0,collision
1176,365,-96.52,6.11,1397.29,0.0000,0.0274,1,goal
1191,303,-28.30,7.37,1392.09,0.0000,0.0176,1,goal
1177,317,-51.69,7.02,1380.27,0.0000,0.0010,1,goal
1192,252,-406.63,5.17,823.79,0.0007,0.0701,0,collision
1178,263,7.96,8.48,1300.36,0.0000,0.0000,1,goal
487,306,-34.08,7.32,1276.80,0.0000,0.0000,1,goal
485,289,-20.63,7.65,1294.56,0.0000,0.0000,1,goal
485,393,-116.93,5.67,1374.56,0.0000,0.0665,1,goal
472,290,-20.54,7.66,1372.40,0.0000,0.0045,1,goal
486,317,-46.66,7.04,1590.52,0.0000,0.0000,1,goal
473,286,-12.63,7.80,1351.68,0.0000,0.0000,1,goal
486,344,-489.40,6.20,1363.44,0.0037,0.0439,0,collision
1193,222,-372.29,6.63,988.68,0.0063,0.0000,0,collision
1179,252,-398.80,5.60,865.43,0.0025,0.0766,0,collision
1180,210,-364.07,6.17,855.51,0.0054,0.0199,0,collision
1194,421,-168.90,5.27,1504.35,0.0000,0.1489,1,goal
1181,294,-25.73,7.56,1401.19,0.0000,0.0212,1,goal
1195,309,-39.54,7.25,1439.16,0.0000,0.0363,1,goal
1182,210,-369.04,6.09,847.32,0.0011,0.0331,0,collision
1196,212,-375.44,6.04,914.18,0.0028,0.0355,0,collision
1183,308,-34.27,7.25,1393.67,0.0000,0.0111,1,goal
1197,372,-100.33,5.98,1416.27,0.0000,0.0648,1,goal
488,399,-558.34,4.59,1173.04,0.0044,0.2042,0,collision
489,147,-310.82,5.77,553.47,0.0068,0.0435,0,collision
487,245,-394.31,6.25,1025.42,0.0036,0.0815,0,collision
474,296,-32.84,7.49,1416.62,0.0000,0.0019,1,goal
487,327,-63.52,6.80,1418.55,0.0000,0.0061,1,goal
488,278,-8.03,8.05,1296.72,0.0000,0.0000,1,goal
490,335,-69.88,6.64,1466.43,0.0000,0.0294,1,goal
1184,260,-422.14,5.41,941.65,0.0038,0.0315,0,collision
1198,315,-46.84,7.05,1270.94,0.0000,0.0000,1,goal
1199,198,-368.60,5.77,735.38,0.0033,0.0396,0,collision
1185,295,-16.99,7.56,1361.31,0.0000,0.0200,1,goal
1200,236,-391.39,5.48,835.69,0.0020,0.0476,0,collision
1186,238,-393.62,5.93,1029.75,0.0032,0.0617,0,collision
1201,326,-56.88,6.85,1339.80,0.0000,0.0000,1,goal
1187,359,-103.38,6.19,1445.40,0.0000,0.0075,1,goal
1188,195,-364.64,4.98,599.27,0.0044,0.1158,0,collision
1202,324,-59.15,6.90,1397.40,0.0000,0.0000,1,goal
488,240,-392.31,6.65,965.31,0.0020,0.0247,0,collision
475,301,-27.94,7.46,1478.50,0.0000,0.0108,1,goal
491,196,-348.56,6.53,870.09,0.0049,0.0127,0,collision
489,286,-18.52,7.77,1472.61,0.0000,0.0000,1,goal
489,300,-23.97,7.41,1467.90,0.0000,0.0000,1,goal
476,302,-40.56,7.39,1183.89,0.0000,0.0861,1,goal
492,248,-393.33,5.71,932.00,0.0014,0.0206,0,collision
1203,226,-373.13,5.68,838.08,0.0044,0.0792,0,collision
1189,299,-29.50,7.44,1465.64,0.0000,0.0017,1,goal
1204,317,-466.98,5.55,1165.10,0.0054,0.0724,0,collision
1190,326,-55.28,6.87,1427.07,0.0000,0.0448,1,goal
1205,310,-30.62,7.21,1345.52,0.0000,0.0000,1,goal
1191,312,-472.69,4.91,1023.36,0.0022,0.0749,0,collision
1192,197,-350.72,6.51,840.06,0.0001,0.0409,0,collision
1206,470,-228.95,4.76,1426.88,0.0000,0.2115,1,goal
1193,285,-9.43,7.86,1252.13,0.0000,0.0000,1,goal
1207,218,-366.83,5.92,776.29,0.0030,0.0130,0,collision
490,367,-98.75,6.10,1304.17,0.0000,0.0705,1,goal
490,332,-67.45,6.72,1405.67,0.0000,0.0347,1,goal
477,366,-114.07,6.07,1381.23,0.0000,0.0478,1,goal
493,301,-29.08,7.38,1439.70,0.0000,0.0000,1,goal
491,276,-2.47,8.09,979.59,0.0000,0.0000,1,goal
491,289,-19.41,7.71,1126.45,0.0000,0.0103,1,goal
1194,239,-400.97,6.65,976.70,0.0007,0.0198,0,collision
1208,293,-14.99,7.63,1360.08,0.0000,0.0000,1,goal
1209,161,-326.44,5.25,550.02,0.0083,0.0273,0,collision
1195,265,1.50,8.39,1515.97,0.0000,0.0000,1,goal
1210,187,-367.35,5.37,656.40,0.0041,0.1516,0,collision
1196,218,-368.25,7.21,1127.99,0.0023,0.0029,0,collision
1211,156,-327.94,6.39,624.13,0.0119,0.0630,0,collision
1212,195,-359.90,6.57,845.34,0.0020,0.0266,0,collision
1197,281,-12.63,7.88,1446.16,0.0000,0.0031,1,goal
1213,230,-371.97,6.66,1007.72,0.0032,0.0582,0,collision
478,322,-49.50,6.92,1612.31,0.0000,0.0144,1,goal
492,227,-386.98,5.71,886.23,0.0035,0.0283,0,collision
494,436,-182.29,5.11,1442.19,0.0000,0.0921,1,goal
492,366,-102.64,6.09,1463.92,0.0000,0.0895,1,goal
479,305,-32.13,7.32,1441.90,0.0000,0.0000,1,goal
493,283,-26.16,7.88,1359.97,0.0000,0.0232,1,goal
495,253,17.12,8.82,1238.29,0.0000,0.0000,1,goal
480,169,-336.45,6.34,816.87,0.0072,0.0000,0,collision
1214,274,-2.83,8.16,1249.56,0.0000,0.0066,1,goal
1198,287,-16.60,7.78,1319.95,0.0000,0.0091,1,goal
1215,245,23.31,9.09,1390.71,0.0000,0.0000,1,goal
1199,340,-505.43,4.55,1122.83,0.0029,0.1809,0,collision
1216,235,32.07,9.51,1185.32,0.0000,0.0000,1,goal
1200,289,-11.61,7.71,1338.96,0.0000,0.0000,1,goal
1217,243,-395.76,6.30,1108.40,0.0041,0.0448,0,collision
1201,161,-323.18,5.55,595.46,0.0044,0.0637,0,collision
1202,143,-307.73,7.45,640.33,0.0111,0.0000,0,collision
1218,270,0.28,8.26,1390.71,0.0000,0.0000,1,goal
494,238,-386.30,6.35,1045.40,0.0060,0.0074,0,collision
493,311,-40.88,7.17,1542.74,0.0000,0.0032,1,goal
496,404,-551.03,5.49,1253.09,0.0021,0.1397,0,collision
481,344,-486.71,4.69,1009.02,0.0008,0.1427,0,collision
494,290,-21.61,7.68,1450.62,0.0000,0.0175,1,goal
495,307,-472.89,5.02,973.44,0.0029,0.0775,0,collision
482,159,-323.56,6.83,708.28,0.0068,0.0070,0,collision
1203,135,-300.22,6.49,507.30,0.0113,0.0288,0,collision
1204,152,-323.08,6.38,569.22,0.0105,0.1176,0,collision
1219,318,-45.13,7.03,1445.59,0.0000,0.0469,1,goal
1205,295,-449.33,5.19,979.98,0.0023,0.1222,0,collision
1220,313,-50.22,7.12,1400.49,0.0000,0.0730,1,goal
1221,177,-343.28,6.88,807.85,0.0113,0.0059,0,collision
1206,246,21.75,9.08,1375.76,0.0000,0.0000,1,goal
1207,151,-319.28,7.95,784.04,0.0100,0.0067,0,collision
1222,231,32.66,9.66,1236.45,0.0000,0.0000,1,goal
1208,249,16.57,9.00,1177.20,0.0000,0.0000,1,goal
495,147,-312.99,7.09,687.22,0.0031,0.0297,0,collision
497,300,-473.10,5.07,1021.22,0.0006,0.0997,0,collision
496,260,10.91,8.57,1401.75,0.0000,0.0000,1,goal
498,148,-323.42,6.54,662.15,0.0063,0.1125,0,collision
483,245,-394.38,6.26,936.04,0.0007,0.0430,0,collision
497,186,-344.50,6.93,898.16,0.0012,0.0644,0,collision
496,337,-87.98,6.63,1438.35,0.0000,0.1045,1,goal
499,267,-421.19,5.74,1121.04,0.0015,0.2109,0,collision
484,284,-22.57,7.85,1286.85,0.0000,0.0000,1,goal
1223,248,20.82,9.00,1370.18,0.0000,0.0000,1,goal
1209,399,-155.90,5.60,1267.92,0.0000,0.1172,1,goal
1224,179,-336.59,7.21,867.45,0.0025,0.0176,0,collision
1210,160,-334.88,6.06,703.67,0.0063,0.1284,0,collision
1225,236,-393.52,5.98,823.85,0.0051,0.0788,0,collision
1211,378,-136.17,5.90,1417.56,0.0000,0.1356,1,goal
1226,287,-16.63,7.74,1512.37,0.0000,0.0000,1,goal
1212,198,-353.31,8.07,919.91,0.0014,0.1096,0,collision
1227,280,-11.65,7.96,1453.11,0.0000,0.0303,1,goal
1213,171,-333.95,7.51,891.89,0.0028,0.0267,0,collision
498,238,25.88,9.32,1230.03,0.0000,0.0000,1,goal
497,249,17.81,8.96,1292.75,0.0000,0.0470,1,goal
485,129,-293.18,7.17,573.14,0.0088,0.0363,0,collision
499,135,-299.71,8.11,680.78,0.0138,0.0107,0,collision
500,362,-106.27,6.14,1386.22,0.0000,0.1222,1,goal
498,274,-9.59,8.13,1374.75,0.0000,0.0075,1,goal
500,273,-7.34,8.14,1270.03,0.0000,0.0094,1,goal
486,349,-92.62,6.39,1679.23,0.0000,0.0398,1,goal
1228,186,-342.85,6.98,854.58,0.0054,0.0478,0,collision
1214,243,-407.27,6.29,1093.93,0.0005,0.0753,0,collision
1229,181,-339.83,7.36,874.89,0.0038,0.0568,0,collision
1215,330,-59.70,6.76,1415.35,0.0000,0.0522,1,goal
1230,278,-445.88,5.54,1119.41,0.0022,0.2016,0,collision
1216,267,5.16,8.39,1239.92,0.0000,0.0000,1,goal
1231,227,-385.35,6.92,1058.36,0.0072,0.0044,0,collision
1217,130,-298.30,8.31,775.52,0.0149,0.0038,0,collision
1232,214,-362.43,7.00,912.64,0.0076,0.0783,0,collision
1218,225,-381.14,6.27,970.57,0.0016,0.0468,0,collision
501,196,-355.27,6.56,915.29,0.0013,0.0216,0,collision
499,173,-337.31,7.37,828.80,0.0058,0.0402,0,collision
501,156,-313.97,8.20,788.07,0.0023,0.0344,0,collision
487,170,-336.42,7.56,954.06,0.0020,0.0466,0,collision
502,242,-398.37,6.07,1044.49,0.0063,0.1176,0,collision
502,201,-349.84,7.37,884.62,0.0079,0.0390,0,collision
500,283,-14.40,7.86,1351.21,0.0000,0.0035,1,goal
488,276,-10.37,8.07,1341.76,0.0000,0.0000,1,goal
503,156,-317.15,8.28,808.90,0.0021,0.0266,0,collision
503,144,-320.83,6.69,678.66,0.0024,0.1209,0,collision
1233,160,-318.92,8.00,784.73,0.0017,0.0274,0,collision
1219,326,-61.76,6.83,1487.20,0.0000,0.1265,1,goal
1234,319,-63.91,6.94,1273.17,0.0000,0.0647,1,goal
1220,218,-367.97,6.43,903.22,0.0020,0.0396,0,collision
1221,160,-328.99,6.44,704.52,0.0090,0.0400,0,collision
1235,266,-419.16,5.80,1094.58,0.0007,0.1949,0,collision
1222,130,-304.26,7.24,575.24,0.0063,0.0000,0,collision
1223,236,-379.23,6.67,1038.91,0.0038,0.0195,0,collision
1236,363,-113.14,6.15,1429.35,0.0000,0.1148,1,goal
1224,261,-423.39,5.87,988.50,0.0037,0.1221,0,collision
501,234,31.78,9.52,1212.38,0.0000,0.0000,1,goal
489,157,-318.30,8.11,862.96,0.0042,0.0325,0,collision
502,122,-294.81,7.43,488.21,0.0133,0.0122,0,collision
504,270,-5.76,8.25,1640.48,0.0000,0.0000,1,goal
490,171,-330.05,7.49,816.25,0.0013,0.0394,0,collision
504,330,-60.08,6.76,1411.52,0.0000,0.0074,1,goal
503,130,-303.93,8.06,617.75,0.0154,0.0070,0,collision
505,139,-315.27,6.53,578.77,0.0144,0.0726,0,collision
491,180,-334.27,7.21,796.42,0.0001,0.0746,0,collision
506,172,-346.98,6.36,727.61,0.0116,0.0124,0,collision
1225,162,-322.15,8.65,979.59,0.0097,0.0021,0,collision
1237,252,12.68,8.83,1625.45,0.0000,0.0000,1,goal
1238,149,-324.63,6.61,642.46,0.0051,0.0829,0,collision
1226,327,-68.13,6.80,1562.79,0.0000,0.1003,1,goal
1239,134,-304.22,7.24,638.61,0.0064,0.0882,0,collision
1227,142,-307.18,6.60,553.14,0.0041,0.0000,0,collision
1240,255,-407.54,5.87,1041.62,0.0036,0.1288,0,collision
1228,266,1.50,8.37,1579.26,0.0000,0.0000,1,goal
1241,160,-322.23,7.15,841.80,0.0024,0.0788,0,collision
1229,204,-356.40,6.79,947.96,0.0081,0.0577,0,collision
505,262,3.57,8.47,1443.79,0.0000,0.0000,1,goal
504,295,-451.93,5.19,931.13,0.0018,0.1859,0,collision
507,133,-311.21,7.30,662.98,0.0064,0.1705,0,collision
492,258,10.67,8.64,1432.71,0.0000,0.0000,1,goal
506,233,-386.21,6.58,1024.61,0.0043,0.1243,0,collision
493,150,-322.26,6.41,649.82,0.0067,0.0866,0,collision
508,263,6.70,8.52,1334.02,0.0000,0.0148,1,goal
505,398,-145.83,5.61,1346.40,0.0000,0.1356,1,goal
1242,135,-313.47,7.14,638.26,0.0066,0.0675,0,collision
1230,147,-311.19,7.46,777.56,0.0136,0.0000,0,collision
1243,216,-376.25,7.07,1051.25,0.0046,0.0195,0,collision
1231,215,-376.65,7.02,1044.02,0.0069,0.0825,0,collision
1232,172,-332.17,7.50,870.79,0.0001,0.0205,0,collision
1244,289,-31.10,7.68,1166.05,0.0000,0.0481,1,goal
1233,260,-2.09,8.53,1256.01,0.0000,0.0700,1,goal
1245,234,29.70,9.52,1346.65,0.0000,0.0012,1,goal
1234,227,34.39,9.86,1495.58,0.0000,0.0000,1,goal
1246,166,-326.05,7.81,725.85,0.0046,0.0265,0,collision
507,270,-10.76,8.24,1642.24,0.0000,0.0000,1,goal
494,276,-8.02,8.11,1354.20,0.0000,0.0113,1,goal
509,254,15.01,8.80,1458.48,0.0000,0.0000,1,goal
495,126,-293.08,8.57,560.24,0.0080,0.0000,0,collision
506,250,-399.32,6.09,992.82,0.0004,0.0606,0,collision
508,222,-376.22,6.84,1177.83,0.0016,0.0261,0,collision
510,215,-364.89,7.44,1000.22,0.0000,0.0485,0,collision
507,188,-341.70,6.91,695.32,0.0031,0.0845,0,collision
496,262,4.84,8.50,1361.96,0.0000,0.0243,1,goal
509,270,-3.93,8.29,1535.95,0.0000,0.0249,1,goal
1247,237,-385.27,6.47,1025.13,0.0056,0.0967,0,collision
1235,253,-415.71,5.81,1066.96,0.0023,0.0759,0,collision
1236,283,-15.16,7.82,1627.73,0.0000,0.0350,1,goal
1248,381,-136.45,5.83,1558.77,0.0000,0.1275,1,goal
1237,207,-367.51,7.19,1032.29,0.0045,0.0373,0,collision
1249,282,-14.47,7.91,1354.78,0.0000,0.0321,1,goal
1238,251,17.37,8.90,1349.19,0.0000,0.0000,1,goal
1250,125,-303.71,7.53,617.51,0.0065,0.0000,0,collision
1251,235,30.38,9.50,1267.11,0.0000,0.0000,1,goal
1239,333,-73.74,6.70,1410.62,0.0000,0.0206,1,goal
511,214,44.60,10.43,1118.51,0.0000,0.0000,1,goal
512,139,-303.51,8.20,780.78,0.0013,0.0561,0,collision
497,287,-9.48,7.76,1436.27,0.0000,0.0416,1,goal
510,264,-1.79,8.44,1266.97,0.0000,0.0154,1,goal
508,374,-142.55,5.97,1370.64,0.0000,0.1453,1,goal
513,272,-10.71,8.18,1552.36,0.0000,0.0149,1,goal
498,225,-376.18,6.89,991.28,0.0056,0.0525,0,collision
509,221,-375.38,6.82,1052.53,0.0057,0.0355,0,collision
511,234,25.39,9.54,1584.04,0.0000,0.0000,1,goal
1240,255,3.44,8.68,1260.40,0.0000,0.0146,1,goal
1252,264,2.75,8.44,1423.06,0.0000,0.0000,1,goal
1253,168,-326.27,7.70,861.29,0.0056,0.0202,0,collision
1241,224,36.96,9.94,1338.82,0.0000,0.0000,1,goal
1242,125,-294.96,7.76,608.11,0.0067,0.0526,0,collision
1254,314,-36.97,7.09,1235.50,0.0000,0.1100,1,goal
1243,272,-10.08,8.19,1367.27,0.0000,0.0394,1,goal
1255,185,-350.40,6.99,818.98,0.0000,0.0818,0,collision
1244,252,8.06,8.87,1414.86,0.0000,0.0396,1,goal
1256,224,40.25,10.00,1131.25,0.0000,0.0000,1,goal
510,123,-297.99,7.85,696.80,0.0068,0.0801,0,collision
512,130,-302.33,7.43,699.39,0.0098,0.0533,0,collision
514,269,-4.51,8.28,1614.89,0.0000,0.0000,1,goal
499,274,-12.41,8.08,1544.98,0.0000,0.0053,1,goal
511,235,27.27,9.47,1508.18,0.0000,0.0008,1,goal
513,261,5.12,8.55,1335.49,0.0000,0.0087,1,goal
515,234,31.36,9.56,1210.78,0.0000,0.0000,1,goal
500,222,-393.73,6.73,1007.52,0.0078,0.0252,0,collision
1257,234,26.11,9.50,1310.16,0.0000,0.0000,1,goal
1245,304,-42.20,7.34,1476.75,0.0000,0.0481,1,goal
1258,206,-354.72,7.38,1056.81,0.0089,0.2050,0,collision
1246,151,-317.09,7.83,772.88,0.0007,0.1086,0,collision
1259,136,-303.45,8.37,698.74,0.0081,0.0357,0,collision
1247,261,7.46,8.53,1462.35,0.0000,0.0510,1,goal
1260,146,-308.43,8.80,846.55,0.0068,0.0233,0,collision
1248,236,26.64,9.45,1226.47,0.0000,0.0236,1,goal
1261,258,-413.08,5.94,1137.23,0.0024,0.2560,0,collision
1249,175,-340.19,7.39,707.50,0.0071,0.0441,0,collision
501,143,-313.73,7.98,880.33,0.0040,0.0636,0,collision
512,331,-495.33,5.62,1354.91,0.0037,0.2779,0,collision
516,269,-4.70,8.28,1569.96,0.0000,0.0006,1,goal
514,389,-146.25,5.73,1416.90,0.0000,0.1461,1,goal
513,149,-312.15,8.01,862.58,0.0040,0.0808,0,collision
502,261,7.21,8.54,1483.82,0.0000,0.0000,1,goal
517,172,-337.51,7.66,881.65,0.0084,0.0559,0,collision
514,143,-304.05,7.95,632.55,0.0043,0.0625,0,collision
1262,130,-314.98,7.36,674.45,0.0114,0.1359,0,collision
1250,302,-34.02,7.37,1330.63,0.0000,0.0630,1,goal
1263,237,29.48,9.44,1429.63,0.0000,0.0000,1,goal
1251,207,-356.50,7.58,1063.88,0.0019,0.0519,0,collision
1264,286,-16.33,7.79,1399.72,0.0000,0.0000,1,goal
1252,216,-380.41,6.58,883.16,0.0065,0.0683,0,collision
1265,134,-319.61,7.17,612.68,0.0012,0.0851,0,collision
1253,265,0.07,8.45,1470.07,0.0000,0.0432,1,goal
1266,237,-391.73,6.14,1054.71,0.0071,0.0985,0,collision
1254,281,-10.55,7.92,1320.83,0.0000,0.0210,1,goal
515,280,-21.53,7.97,1369.62,0.0000,0.1044,1,goal
503,250,13.74,8.92,1488.96,0.0000,0.0000,1,goal
515,136,-311.65,7.11,624.45,0.0037,0.1157,0,collision
518,355,-96.08,6.26,1457.07,0.0000,0.1437,1,goal
516,182,-341.72,7.12,902.02,0.0011,0.0719,0,collision
504,244,21.39,9.13,1226.18,0.0000,0.0378,1,goal
516,300,-26.42,7.42,1401.17,0.0000,0.0357,1,goal
519,202,-342.45,7.60,849.68,0.0099,0.1265,0,collision
517,260,5.45,8.59,1463.57,0.0000,0.0320,1,goal
1267,288,-21.68,7.75,1433.96,0.0000,0.0299,1,goal
1255,366,-123.16,6.10,1471.24,0.0000,0.1329,1,goal
1268,145,-319.45,6.65,648.73,0.0053,0.1139,0,collision
1256,190,-341.29,8.39,928.38,0.0005,0.0440,0,collision
1269,180,-344.75,7.23,850.37,0.0038,0.0457,0,collision
1257,157,-316.60,8.15,855.41,0.0003,0.0188,0,collision
1270,190,-347.21,6.83,868.81,0.0020,0.0281,0,collision
1258,246,21.90,9.08,1296.13,0.0000,0.0000,1,goal
1271,228,35.24,9.78,1443.41,0.0000,0.0000,1,goal
1259,172,-330.05,7.42,792.63,0.0052,0.0636,0,collision
505,222,31.74,9.94,1571.41,0.0000,0.0000,1,goal
517,247,19.41,9.03,1362.55,0.0000,0.0000,1,goal
506,184,-342.12,7.56,1046.50,0.0067,0.0045,0,collision
520,316,-47.21,7.06,1475.80,0.0000,0.0585,1,goal
518,172,-334.41,7.43,768.88,0.0014,0.0348,0,collision
518,260,8.57,8.57,1435.33,0.0000,0.0047,1,goal
521,134,-318.61,7.20,758.42,0.0075,0.1234,0,collision
519,131,-305.69,7.38,661.70,0.0030,0.0680,0,collision
507,271,-438.30,5.66,1036.53,0.0027,0.1776,0,collision
522,141,-312.22,6.44,606.47,0.0099,0.0717,0,collision
519,237,-385.88,6.45,1018.15,0.0038,0.0697,0,collision
1272,159,-319.33,8.03,736.23,0.0043,0.0441,0,collision
1260,273,-0.20,8.16,1440.60,0.0000,0.1153,1,goal
1273,172,-330.31,7.53,783.93,0.0069,0.0419,0,collision
1261,195,-357.42,6.78,880.79,0.0103,0.0203,0,collision
1274,301,-33.27,7.38,1324.07,0.0000,0.0477,1,goal
1262,187,-339.71,7.91,972.14,0.0053,0.1210,0,collision
1275,222,-379.28,6.88,1116.04,0.0039,0.1042,0,collision
1263,353,-102.22,6.32,1404.01,0.0000,0.1611,1,goal
1276,160,-314.90,7.82,756.96,0.0012,0.1450,0,collision
1264,207,-356.98,7.35,975.57,0.0095,0.2103,0,collision
508,140,-305.33,8.62,802.54,0.0143,0.0000,0,collision
520,272,-438.03,5.62,1152.95,0.0018,0.1422,0,collision
523,229,35.73,9.74,1230.62,0.0000,0.0000,1,goal
520,249,16.87,8.94,1461.82,0.0000,0.0000,1,goal
521,145,-323.59,6.62,612.45,0.0055,0.1534,0,collision
509,249,15.75,8.96,1470.39,0.0000,0.0042,1,goal
521,142,-304.42,8.13,783.21,0.0005,0.0556,0,collision
524,301,-39.38,7.40,1470.00,0.0000,0.0759,1,goal
522,143,-313.81,6.86,694.66,0.0048,0.1016,0,collision
522,259,8.94,8.58,1189.81,0.0000,0.0329,1,goal
1277,173,-327.98,7.50,887.45,0.0027,0.0188,0,collision
1265,261,10.48,8.55,1495.14,0.0000,0.0000,1,goal
1278,337,-468.99,6.58,1240.39,0.0010,0.1057,0,collision
1266,270,-404.68,8.20,1217.14,0.0010,0.0660,0,collision
1279,120,-293.73,8.04,627.66,0.0050,0.0679,0,collision
1267,127,-297.86,7.63,555.31,0.0007,0.0888,0,collision
1280,251,-416.59,6.10,1055.73,0.0030,0.1342,0,collision
1268,287,-16.46,7.78,1423.25,0.0000,0.0726,1,goal
1281,254,-382.46,8.66,1024.10,0.0030,0.0326,0,collision
1269,275,7.09,8.11,1405.95,0.0000,0.1832,1,goal
510,238,28.69,9.40,1413.65,0.0000,0.0000,1,goal
525,238,26.23,9.40,1406.44,0.0000,0.0000,1,goal
523,223,43.36,10.01,1112.58,0.0000,0.0003,1,goal
523,254,14.02,8.76,1160.19,0.0000,0.0110,1,goal
511,328,-465.35,6.77,1341.53,0.0022,0.1378,0,collision
524,261,3.78,8.51,1245.71,0.0000,0.0218,1,goal
524,259,11.88,8.63,1515.56,0.0000,0.0097,1,goal
1270,158,-315.72,8.13,795.78,0.0000,0.0281,0,collision
1282,178,-334.68,8.14,899.91,0.0044,0.0078,0,collision
1283,175,-332.03,7.39,839.36,0.0057,0.0906,0,collision
1271,298,-32.33,7.46,1230.24,0.0000,0.0657,1,goal
1284,229,-391.41,6.41,862.65,0.0001,0.0978,0,collision
1272,358,-516.76,6.20,1346.93,0.0015,0.0760,0,collision
1285,260,3.55,8.59,1385.95,0.0000,0.0041,1,goal
1273,120,-289.62,8.89,628.23,0.0143,0.0000,0,collision
1286,258,13.38,8.64,1384.31,0.0000,0.0347,1,goal
1274,171,-336.25,7.63,914.36,0.0013,0.0410,0,collision
526,300,-467.87,5.13,1104.40,0.0007,0.2898,0,collision
512,217,44.95,10.28,1268.55,0.0000,0.0000,1,goal
525,131,-303.03,8.21,676.58,0.0099,0.0003,0,collision
525,189,-346.77,7.52,983.23,0.0082,0.0000,0,collision
527,184,-347.61,7.56,931.97,0.0017,0.0407,0,collision
513,130,-298.36,8.46,754.06,0.0112,0.0228,0,collision
528,177,-335.02,7.29,904.76,0.0008,0.0451,0,collision
514,168,-323.49,7.24,741.79,0.0012,0.1139,0,collision
526,295,-33.01,7.57,1360.32,0.0000,0.0806,1,goal
526,256,13.45,8.68,1411.68,0.0000,0.0000,1,goal
1287,116,-285.62,9.04,711.80,0.0073,0.0079,0,collision
1275,355,-509.35,6.25,1362.80,0.0000,0.1894,0,collision
1288,278,-442.16,5.51,1026.31,0.0027,0.1961,0,collision
1276,139,-308.85,6.98,576.06,0.0094,0.0613,0,collision
1289,277,-11.64,8.05,1437.62,0.0000,0.0000,1,goal
1277,353,-83.02,6.33,1374.56,0.0000,0.1294,1,goal
1290,289,-15.21,7.70,1314.60,0.0000,0.0000,1,goal
1278,160,-325.58,7.16,715.60,0.0051,0.1026,0,collision
1291,261,10.42,8.56,1399.15,0.0000,0.0000,1,goal
1279,315,-55.61,7.08,1374.02,0.0000,0.0642,1,goal
527,159,-318.82,6.92,676.65,0.0117,0.0130,0,collision
515,163,-326.88,7.85,762.81,0.0025,0.0493,0,collision
529,274,-1.61,8.11,1325.80,0.0000,0.0000,1,goal
527,259,9.65,8.60,1403.01,0.0000,0.0000,1,goal
516,157,-337.19,6.16,579.98,0.0068,0.1581,0,collision
528,260,9.10,8.62,1440.44,0.0000,0.0000,1,goal
530,199,-367.14,6.72,1044.22,0.0050,0.0389,0,collision
528,219,-374.17,6.65,1069.68,0.0058,0.0282,0,collision
517,235,26.69,9.46,1326.26,0.0000,0.0000,1,goal
1280,210,-356.95,7.36,1084.07,0.0068,0.0673,0,collision
1292,243,19.89,9.15,1476.65,0.0000,0.0000,1,goal
1281,163,-321.09,7.85,798.76,0.0053,0.0233,0,collision
1293,134,-299.77,8.18,828.93,0.0077,0.0063,0,collision
1294,261,7.88,8.55,1406.31,0.0000,0.0000,1,goal
1282,280,-14.24,7.95,1564.90,0.0000,0.0404,1,goal
1295,261,3.75,8.56,1487.02,0.0000,0.0000,1,goal
1283,313,-33.43,7.15,1344.07,0.0000,0.1001,1,goal
1296,353,-112.48,6.26,1497.64,0.0000,0.0300,1,goal
1284,371,-122.25,6.02,1388.70,0.0000,0.0772,1,goal
529,211,-375.89,6.28,1005.90,0.0069,0.0523,0,collision
529,130,-298.96,8.13,817.27,0.0057,0.0273,0,collision
531,276,-6.25,8.03,1258.65,0.0000,0.0000,1,goal
518,188,-345.25,6.88,851.64,0.0014,0.0284,0,collision
530,146,-312.70,7.23,703.24,0.0094,0.0066,0,collision
519,129,-300.38,7.59,676.04,0.0053,0.0420,0,collision
530,258,5.48,8.62,1391.83,0.0000,0.0711,1,goal
532,178,-330.46,7.21,753.18,0.0031,0.0344,0,collision
533,155,-327.12,7.02,781.85,0.0106,0.0058,0,collision
531,178,-337.36,7.19,905.66,0.0056,0.0554,0,collision
531,327,-476.12,6.43,1507.70,0.0058,0.1137,0,collision
1297,195,-352.86,6.62,860.99,0.0103,0.0771,0,collision
1285,223,-385.68,6.46,1078.45,0.0045,0.0189,0,collision
1286,170,-336.24,5.87,629.82,0.0056,0.0754,0,collision
1298,280,-13.05,7.98,1286.34,0.0000,0.0036,1,goal
1287,275,-13.39,8.10,1440.03,0.0000,0.0142,1,goal
1299,344,-482.30,6.40,1333.78,0.0003,0.1233,0,collision
1288,322,-475.56,6.31,1269.96,0.0037,0.1258,0,collision
1289,186,-343.45,7.18,896.20,0.0054,0.0491,0,collision
1300,371,-127.99,5.97,1518.23,0.0000,0.1418,1,goal
1290,313,-37.51,7.13,1456.63,0.0000,0.0183,1,goal
520,286,-17.59,7.79,1460.72,0.0000,0.0003,1,goal
534,141,-320.57,6.84,597.37,0.0073,0.1297,0,collision
532,271,0.97,8.22,1482.69,0.0000,0.0000,1,goal
535,221,-378.90,6.00,966.87,0.0078,0.0381,0,collision
532,356,-92.16,6.27,1543.49,0.0000,0.0495,1,goal
521,328,-76.31,6.79,1421.87,0.0000,0.1641,1,goal
533,177,-340.64,7.22,880.09,0.0029,0.0172,0,collision
536,194,-344.18,7.06,899.33,0.0037,0.0545,0,collision
1301,136,-304.51,7.95,620.78,0.0142,0.0037,0,collision
1291,333,-50.86,6.69,1553.65,0.0000,0.0369,1,goal
1302,227,-370.18,6.93,1003.89,0.0060,0.0932,0,collision
1292,268,4.18,8.34,1439.33,0.0000,0.0000,1,goal
1303,303,-36.07,7.35,1423.88,0.0000,0.0300,1,goal
1293,289,-444.81,5.30,1013.07,0.0001,0.1743,0,collision
1304,260,6.94,8.58,1209.38,0.0000,0.0015,1,goal
1294,293,-22.82,7.60,1389.03,0.0000,0.0565,1,goal
1305,303,-40.14,7.35,1563.44,0.0000,0.0319,1,goal
1295,342,-476.07,6.42,1539.83,0.0029,0.0907,0,collision
533,274,-6.65,8.14,1576.46,0.0000,0.0287,1,goal
522,190,-347.13,6.90,858.79,0.0058,0.0744,0,collision
534,180,-335.66,7.12,874.66,0.0040,0.0167,0,collision
534,183,-342.79,6.77,842.50,0.0094,0.0392,0,collision
523,206,-362.43,7.00,1011.97,0.0039,0.0061,0,collision
537,288,-458.01,5.32,1066.04,0.0024,0.2042,0,collision
535,294,-29.07,7.56,1534.81,0.0000,0.0137,1,goal
538,179,-337.63,6.61,772.37,0.0024,0.1032,0,collision
1296,246,-397.80,5.77,984.15,0.0049,0.0113,0,collision
1306,417,-172.90,5.33,1519.61,0.0000,0.1582,1,goal
1297,267,2.83,8.36,1454.31,0.0000,0.0000,1,goal
1307,281,-14.79,7.91,1463.86,0.0000,0.0185,1,goal
1298,242,-385.50,6.01,963.03,0.0039,0.0563,0,collision
1308,277,-431.68,5.51,1017.24,0.0011,0.1063,0,collision
1299,383,-132.05,5.81,1449.87,0.0000,0.1571,1,goal
1309,324,-57.00,6.89,1357.04,0.0000,0.0137,1,goal
1300,290,-23.41,7.69,1428.90,0.0000,0.0441,1,goal
1310,218,-366.00,6.47,1020.31,0.0051,0.0253,0,collision
535,321,-454.76,6.86,1250.39,0.0019,0.0733,0,collision
536,166,-336.65,6.15,655.48,0.0088,0.1057,0,collision
524,368,-114.38,6.06,1450.33,0.0000,0.1154,1,goal
539,321,-53.36,6.96,1279.27,0.0000,0.0064,1,goal
537,188,-356.87,6.87,940.91,0.0017,0.0395,0,collision
536,327,-60.78,6.81,1460.15,0.0000,0.0436,1,goal
538,145,-309.47,7.56,677.87,0.0124,0.0000,0,collision
525,377,-134.11,5.91,1269.28,0.0000,0.1500,1,goal
540,252,-415.58,6.06,1037.64,0.0044,0.0520,0,collision
1311,271,-1.71,8.26,1384.51,0.0000,0.0783,1,goal
1301,279,-13.73,7.96,1458.68,0.0000,0.0081,1,goal
1302,329,-57.94,6.76,1339.33,0.0000,0.0448,1,goal
1312,395,-535.87,5.59,1459.65,0.0023,0.1383,0,collision
1303,208,-359.27,6.17,808.19,0.0005,0.0253,0,collision
1313,195,-346.18,6.62,924.87,0.0012,0.0234,0,collision
1314,251,16.48,8.91,1481.46,0.0000,0.0000,1,goal
1304,314,-48.06,7.11,1301.05,0.0000,0.0000,1,goal
1315,316,-478.76,4.73,923.62,0.0057,0.0337,0,collision
1305,387,-136.14,5.74,1593.25,0.0000,0.0368,1,goal
537,291,-26.24,7.65,1457.52,0.0000,0.0307,1,goal
541,243,-389.53,5.96,967.94,0.0045,0.0000,0,collision
539,380,-136.77,5.88,1566.45,0.0000,0.1539,1,goal
526,343,-82.29,6.51,1325.03,0.0000,0.0103,1,goal
540,165,-332.16,6.23,708.38,0.0059,0.0000,0,collision
527,187,-342.82,6.72,937.73,0.0091,0.0113,0,collision
538,376,-116.80,5.95,1533.42,0.0000,0.0299,1,goal
1306,277,-8.86,8.07,1480.30,0.0000,0.0096,1,goal
1316,368,-107.57,6.05,1324.14,0.0000,0.1174,1,goal
1307,219,-364.72,6.69,875.24,0.0034,0.0000,0,collision
1317,354,-99.54,6.27,1364.11,0.0000,0.0430,1,goal
1308,281,-16.52,7.92,1535.73,0.0000,0.0098,1,goal
1309,286,-445.22,5.34,984.34,0.0035,0.1081,0,collision
1318,405,-549.47,5.48,1252.46,0.0009,0.1492,0,collision
1319,194,-345.64,6.61,760.20,0.0033,0.0362,0,collision
1310,274,-4.41,8.12,1193.45,0.0000,0.0221,1,goal
1320,293,-15.98,7.63,1442.13,0.0000,0.0000,1,goal
542,302,-29.87,7.39,1409.16,0.0000,0.0130,1,goal
528,203,-362.83,6.52,989.70,0.0042,0.0213,0,collision
541,371,-112.07,5.97,1375.95,0.0000,0.0553,1,goal
543,345,-85.77,6.45,1503.17,0.0000,0.0378,1,goal
539,384,-135.47,5.80,1399.10,0.0000,0.1342,1,goal
529,252,13.76,8.83,1297.65,0.0000,0.0000,1,goal
1311,208,-356.67,7.59,901.33,0.0011,0.0000,0,collision
1321,261,9.36,8.57,1364.64,0.0000,0.0000,1,goal
1312,173,-329.02,7.49,865.33,0.0015,0.0693,0,collision
1313,247,18.03,9.01,1386.54,0.0000,0.0000,1,goal
1322,367,-124.97,6.06,1480.06,0.0000,0.0330,1,goal
1314,300,-459.59,5.11,1040.13,0.0067,0.0728,0,collision
1323,326,-57.67,6.84,1498.31,0.0000,0.0836,1,goal
1324,227,-371.08,6.58,1054.26,0.0064,0.0382,0,collision
1315,343,-86.45,6.47,1392.36,0.0000,0.0134,1,goal
1325,330,-70.95,6.78,1434.28,0.0000,0.0907,1,goal
540,198,-366.72,5.81,809.49,0.0033,0.0296,0,collision
542,365,-100.05,6.07,1591.17,0.0000,0.0773,1,goal
544,314,-48.44,7.12,1330.00,0.0000,0.0152,1,goal
530,348,-80.41,6.40,1458.43,0.0000,0.0029,1,goal
541,270,3.86,8.29,1320.87,0.0000,0.0000,1,goal
543,271,-3.42,8.22,1375.97,0.0000,0.0743,1,goal
545,316,-45.51,7.05,1354.62,0.0000,0.0618,1,goal
1316,213,-362.90,6.95,995.47,0.0071,0.0182,0,collision
1326,307,-467.05,5.03,1057.21,0.0034,0.1096,0,collision
1317,240,22.62,9.31,1373.33,0.0000,0.0000,1,goal
1327,342,-474.89,6.48,1284.99,0.0008,0.1283,0,collision
1318,266,0.17,8.40,1304.95,0.0000,0.0000,1,goal
1328,252,11.98,8.86,1269.55,0.0000,0.0055,1,goal
1319,264,-412.41,5.75,1028.00,0.0000,0.1026,0,collision
1329,264,2.60,8.46,1451.54,0.0000,0.0000,1,goal
1320,205,-351.09,7.57,932.71,0.0051,0.0186,0,collision
1330,235,30.17,9.52,1393.94,0.0000,0.0000,1,goal
531,255,10.95,8.72,1327.00,0.0000,0.0674,1,goal
544,146,-322.57,7.17,681.80,0.0125,0.0000,0,collision
542,297,-444.98,5.16,1017.46,0.0026,0.1789,0,collision
545,144,-308.71,7.63,812.05,0.0076,0.0000,0,collision
532,279,-16.47,7.98,1593.52,0.0000,0.0069,1,goal
546,325,-49.40,6.87,1417.40,0.0000,0.0856,1,goal
543,281,-8.34,7.96,1444.36,0.0000,0.0000,1,goal
533,148,-319.40,6.05,569.26,0.0116,0.0507,0,collision
546,269,-434.66,5.69,1039.74,0.0037,0.1587,0,collision
547,200,-358.75,6.52,941.53,0.0045,0.0122,0,collision
1321,298,-433.70,7.42,1381.74,0.0007,0.0542,0,collision
1331,359,-103.61,6.20,1527.39,0.0000,0.0544,1,goal
1332,171,-332.47,6.66,728.33,0.0117,0.0063,0,collision
1322,316,-41.77,7.07,1424.74,0.0000,0.0405,1,goal
1333,206,-356.22,6.24,920.03,0.0039,0.0300,0,collision
1334,226,35.26,9.84,1241.28,0.0000,0.0142,1,goal
1323,354,-117.29,6.31,1362.05,0.0000,0.0333,1,goal
1324,304,-36.05,7.31,1509.32,0.0000,0.0079,1,goal
1335,321,-450.38,6.89,1361.64,0.0017,0.0417,0,collision
1325,253,17.80,8.82,1360.13,0.0000,0.0000,1,goal
544,290,-17.77,7.68,1314.47,0.0000,0.0316,1,goal
547,237,-381.50,6.53,982.67,0.0076,0.0637,0,collision
534,322,-50.26,6.91,1587.79,0.0000,0.0001,1,goal
548,334,-66.03,6.65,1278.17,0.0000,0.0609,1,goal
545,234,30.94,9.55,1257.39,0.0000,0.0000,1,goal
535,196,-352.18,6.52,948.05,0.0051,0.0539,0,collision
1336,253,14.50,8.77,1258.36,0.0000,0.0000,1,goal
1326,284,-12.34,7.85,1303.39,0.0000,0.0221,1,goal
1337,343,-76.55,6.50,1417.20,0.0000,0.0000,1,goal
1327,334,-469.45,6.64,1524.27,0.0005,0.0635,0,collision
1338,183,-343.28,6.96,854.73,0.0052,0.0173,0,collision
1328,333,-78.93,6.68,1575.14,0.0000,0.0255,1,goal
1339,306,-437.46,7.20,1401.99,0.0021,0.0520,0,collision
1329,239,-382.50,6.02,887.21,0.0053,0.0650,0,collision
1340,198,-351.88,6.47,903.18,0.0024,0.0221,0,collision
1330,342,-499.66,4.95,1120.88,0.0037,0.1224,0,collision
548,415,-574.66,5.33,1461.84,0.0013,0.2118,0,collision
549,336,-60.15,6.63,1659.55,0.0000,0.0554,1,goal
536,262,7.31,8.49,1400.98,0.0000,0.0000,1,goal
546,411,-170.01,5.42,1355.81,0.0000,0.1804,1,goal
550,262,5.58,8.50,1496.82,0.0000,0.0000,1,goal
537,265,-427.01,5.70,1043.89,0.0047,0.0770,0,collision
549,366,-116.70,6.10,1437.87,0.0000,0.0754,1,goal
1331,121,-290.87,7.76,625.79,0.0055,0.0000,0,collision
1341,291,-414.02,7.40,1278.10,0.0053,0.0000,0,collision
1332,313,-43.33,7.10,1337.69,0.0000,0.0000,1,goal
1342,245,-413.17,5.64,1078.55,0.0022,0.0665,0,collision
1333,197,-360.32,6.53,940.15,0.0051,0.0146,0,collision
1343,308,-36.18,7.23,1358.89,0.0000,0.0228,1,goal
1334,331,-77.97,6.72,1455.93,0.0000,0.0210,1,goal
1344,178,-332.78,7.47,879.69,0.0039,0.0001,0,collision
1335,216,-364.21,6.44,952.68,0.0028,0.0450,0,collision
1345,332,-472.86,6.65,1449.46,0.0004,0.0600,0,collision
550,153,-319.96,6.89,718.07,0.0089,0.0000,0,collision
551,296,-463.11,5.13,1010.10,0.0030,0.1225,0,collision
547,394,-145.55,5.67,1508.90,0.0000,0.1894,1,goal
538,305,-25.39,7.30,1404.29,0.0000,0.0149,1,goal
552,195,-355.12,6.65,889.66,0.0034,0.0625,0,collision
551,330,-75.15,6.75,1537.49,0.0000,0.0994,1,goal
548,282,-10.96,7.89,1433.07,0.0000,0.0000,1,goal
1346,278,-445.17,5.44,1016.22,0.0043,0.0702,0,collision
1336,336,-63.97,6.65,1537.52,0.0000,0.0220,1,goal
1347,397,-164.30,5.62,1339.25,0.0000,0.0836,1,goal
1337,376,-134.16,5.93,1453.78,0.0000,0.1057,1,goal
1338,283,-6.97,7.89,1288.54,0.0000,0.0000,1,goal
1348,359,-95.69,6.23,1461.49,0.0000,0.0386,1,goal
1339,227,-377.61,6.15,1026.26,0.0044,0.0531,0,collision
1349,360,-106.49,6.19,1460.76,0.0000,0.1123,1,goal
1340,301,-28.96,7.42,1479.48,0.0000,0.0000,1,goal
1350,188,-342.47,7.43,862.32,0.0059,0.0000,0,collision
539,312,-55.01,7.16,1405.48,0.0000,0.0277,1,goal
552,172,-331.37,7.45,909.30,0.0030,0.0402,0,collision
549,254,14.54,8.78,1209.83,0.0000,0.0000,1,goal
553,348,-80.54,6.42,1379.77,0.0000,0.0002,1,goal
553,151,-321.32,6.46,635.25,0.0065,0.0450,0,collision
540,305,-28.16,7.30,1530.16,0.0000,0.0000,1,goal
550,270,-3.48,8.21,1431.45,0.0000,0.0000,1,goal
554,273,-2.79,8.17,1519.06,0.0000,0.0000,1,goal
554,254,-416.49,5.97,966.00,0.0033,0.0851,0,collision
1341,280,-7.21,7.96,1515.95,0.0000,0.0101,1,goal
1351,357,-115.73,6.25,1496.77,0.0000,0.0015,1,goal
1352,322,-55.68,6.91,1587.07,0.0000,0.0020,1,goal
1342,426,-185.31,5.22,1470.34,0.0000,0.1356,1,goal
1343,234,30.25,9.53,1354.06,0.0000,0.0000,1,goal
1353,374,-120.02,5.95,1428.98,0.0000,0.0448,1,goal
1344,376,-148.99,5.94,1551.73,0.0000,0.1477,1,goal
1354,318,-50.63,6.99,1485.68,0.0000,0.0437,1,goal
1345,209,-361.94,6.20,869.32,0.0048,0.0297,0,collision
1355,258,8.85,8.63,1403.47,0.0000,0.0000,1,goal
541,183,-339.28,7.16,853.92,0.0055,0.0363,0,collision
551,231,-373.25,6.80,1023.56,0.0036,0.0210,0,collision
555,294,-20.84,7.59,1509.34,0.0000,0.0374,1,goal
555,368,-119.40,6.04,1505.87,0.0000,0.0329,1,goal
552,245,25.67,9.10,1108.14,0.0000,0.0000,1,goal
542,436,-200.28,5.11,1474.97,0.0000,0.1478,1,goal
1346,334,-478.92,6.57,1441.72,0.0009,0.0848,0,collision
1356,397,-144.84,5.61,1394.01,0.0000,0.1824,1,goal
1357,142,-308.19,7.53,624.28,0.0016,0.0172,0,collision
1347,257,-420.23,5.97,948.96,0.0026,0.1228,0,collision
1358,269,6.64,8.28,1208.79,0.0000,0.0000,1,goal
1348,307,-34.68,7.26,1249.11,0.0000,0.0074,1,goal
1359,300,-37.57,7.44,1533.79,0.0000,0.0212,1,goal
1349,344,-77.18,6.47,1488.34,0.0000,0.0106,1,goal
1360,337,-73.25,6.63,1384.95,0.0000,0.0000,1,goal
1350,322,-54.27,6.91,1424.33,0.0000,0.0154,1,goal
556,356,-93.01,6.25,1470.33,0.0000,0.0612,1,goal
556,311,-45.36,7.17,1379.70,0.0000,0.0354,1,goal
553,274,0.59,8.17,1364.42,0.0000,0.0000,1,goal
543,309,-439.04,7.15,1457.52,0.0032,0.0169,0,collision
557,171,-330.15,7.47,891.00,0.0039,0.0306,0,collision
557,272,-1.62,8.19,1517.71,0.0000,0.0000,1,goal
554,273,-0.66,8.17,1374.07,0.0000,0.0057,1,goal
544,235,31.22,9.49,1381.29,0.0000,0.0000,1,goal
1351,206,-353.00,7.41,1032.39,0.0080,0.0032,0,collision
1361,278,-439.11,5.51,1002.22,0.0030,0.1828,0,collision
1362,151,-324.41,6.60,647.72,0.0031,0.0473,0,collision
1352,255,11.17,8.78,1360.29,0.0000,0.0013,1,goal
1353,226,-381.34,6.78,971.65,0.0001,0.1013,0,collision
1363,260,11.82,8.60,1379.15,0.0000,0.0000,1,goal
1354,261,6.37,8.53,1449.36,0.0000,0.0000,1,goal
1364,363,-112.86,6.14,1433.57,0.0000,0.0827,1,goal
1355,276,-8.57,8.08,1610.53,0.0000,0.0000,1,goal
1365,290,-19.60,7.69,1512.40,0.0000,0.0001,1,goal
558,157,-333.57,6.32,616.74,0.0064,0.0311,0,collision
558,268,1.70,8.29,1482.65,0.0000,0.0205,1,goal
545,189,-340.99,7.50,849.65,0.0039,0.0119,0,collision
559,161,-321.88,7.94,861.60,0.0061,0.0360,0,collision
555,311,-46.52,7.14,1416.87,0.0000,0.0237,1,goal
559,255,10.76,8.75,1411.62,0.0000,0.0000,1,goal
546,223,42.53,10.04,1000.78,0.0000,0.0000,1,goal
560,273,-4.88,8.18,1341.10,0.0000,0.0391,1,goal
1366,250,-407.43,6.10,1028.58,0.0017,0.1122,0,collision
1356,269,-420.72,5.70,970.12,0.0026,0.1569,0,collision
1357,181,-340.58,7.28,929.13,0.0060,0.0055,0,collision
1367,264,7.83,8.47,1364.48,0.0000,0.0000,1,goal
1358,233,28.58,9.53,1474.03,0.0000,0.0000,1,goal
1368,266,2.69,8.38,1173.40,0.0000,0.0166,1,goal
1359,226,40.71,9.88,1171.65,0.0000,0.0000,1,goal
1369,263,8.39,8.50,1301.43,0.0000,0.0000,1,goal
1360,331,-67.83,6.72,1330.05,0.0000,0.0203,1,goal
1370,227,-376.81,6.75,975.25,0.0032,0.0767,0,collision
560,213,-365.69,6.91,878.80,0.0047,0.0347,0,collision
556,335,-69.98,6.63,1468.78,0.0000,0.0400,1,goal
547,342,-70.02,6.50,1482.75,0.0000,0.0262,1,goal
561,221,-377.39,6.32,769.47,0.0047,0.0247,0,collision
561,330,-62.18,6.73,1354.13,0.0000,0.0740,1,goal
557,315,-58.54,7.08,1250.35,0.0000,0.0615,1,goal
548,270,-1.39,8.26,1398.01,0.0000,0.0000,1,goal
1361,289,-20.26,7.72,1492.09,0.0000,0.0216,1,goal
1371,334,-84.15,6.69,1240.24,0.0000,0.0613,1,goal
1372,267,2.13,8.35,1341.13,0.0000,0.0306,1,goal
1362,372,-119.23,6.01,1455.00,0.0000,0.1756,1,goal
1373,248,17.62,9.01,1381.00,0.0000,0.0000,1,goal
1363,276,-10.19,8.09,1381.43,0.0000,0.0000,1,goal
1364,156,-334.06,6.21,615.97,0.0128,0.1583,0,collision
1374,281,-437.01,5.44,976.91,0.0033,0.1537,0,collision
1375,200,-351.08,7.95,883.60,0.0040,0.0495,0,collision
1365,288,-446.72,5.32,885.54,0.0006,0.1973,0,collision
562,310,-41.91,7.17,1483.37,0.0000,0.0140,1,goal
562,232,-377.89,6.00,806.37,0.0029,0.0788,0,collision
558,302,-30.34,7.36,1250.84,0.0000,0.0295,1,goal
549,282,-18.13,7.89,1515.91,0.0000,0.0173,1,goal
563,254,-416.32,5.99,953.80,0.0040,0.1077,0,collision
563,339,-79.71,6.54,1436.91,0.0000,0.0208,1,goal
559,225,-374.48,6.54,971.63,0.0059,0.1240,0,collision
1376,268,4.68,8.35,1298.82,0.0000,0.0000,1,goal
1366,280,-8.79,7.96,1260.86,0.0000,0.0119,1,goal
1367,130,-296.86,8.74,738.18,0.0093,0.0308,0,collision
1377,247,-395.57,6.20,1021.98,0.0008,0.0745,0,collision
1368,232,-390.68,6.60,1028.83,0.0012,0.1389,0,collision
1378,194,-352.50,6.59,764.84,0.0014,0.0456,0,collision
1369,197,-346.88,6.57,828.22,0.0025,0.0181,0,collision
1379,286,-13.14,7.80,1434.98,0.0000,0.0191,1,goal
1370,341,-81.41,6.53,1430.99,0.0000,0.0565,1,goal
1380,312,-37.12,7.15,1409.01,0.0000,0.0487,1,goal
564,270,-422.88,5.66,1021.66,0.0022,0.1012,0,collision
550,291,-456.19,5.27,939.04,0.0018,0.2596,0,collision
564,336,-63.84,6.63,1381.37,0.0000,0.0563,1,goal
551,168,-334.80,7.04,771.24,0.0111,0.0340,0,collision
560,359,-91.39,6.18,1466.40,0.0000,0.0240,1,goal
565,260,10.93,8.60,1491.89,0.0000,0.0000,1,goal
565,157,-339.76,6.21,500.23,0.0083,0.1222,0,collision
552,195,-356.13,6.05,730.09,0.0076,0.0109,0,collision
1371,191,-345.39,6.79,814.93,0.0059,0.0079,0,collision
1381,339,-78.84,6.56,1390.65,0.0000,0.0201,1,goal
1372,324,-64.35,6.84,1331.69,0.0000,0.0295,1,goal
1382,190,-347.75,7.41,918.55,0.0050,0.0000,0,collision
1383,262,-417.27,5.80,1050.10,0.0020,0.0805,0,collision
1373,296,-22.38,7.55,1494.31,0.0000,0.0000,1,goal
1384,205,-361.63,7.05,1014.19,0.0050,0.0168,0,collision
1374,236,-377.76,6.67,1032.94,0.0042,0.0373,0,collision
1385,280,-8.92,7.99,1408.97,0.0000,0.0000,1,goal
1375,247,-394.37,6.21,985.77,0.0009,0.0954,0,collision
561,258,10.48,8.66,1467.87,0.0000,0.0000,1,goal
566,252,12.71,8.85,1369.57,0.0000,0.0678,1,goal
553,156,-316.56,7.02,683.45,0.0093,0.0074,0,collision
566,257,6.80,8.65,1515.50,0.0000,0.0000,1,goal
554,168,-327.14,7.62,883.26,0.0030,0.0321,0,collision
562,261,4.10,8.52,1379.90,0.0000,0.0000,1,goal
567,314,-53.76,7.08,1389.39,0.0000,0.0621,1,goal
567,251,-394.30,6.10,987.32,0.0005,0.0968,0,collision
555,278,-4.51,8.05,1423.00,0.0000,0.0000,1,goal
1376,325,-456.22,6.76,1501.89,0.0023,0.0496,0,collision
1386,334,-83.64,6.66,1278.92,0.0000,0.0559,1,goal
1377,310,-46.25,7.22,1347.22,0.0000,0.0000,1,goal
1387,333,-76.46,6.71,1424.19,0.0000,0.0357,1,goal
1388,193,-348.32,8.32,838.99,0.0035,0.0555,0,collision
1378,310,-39.85,7.17,1466.82,0.0000,0.0107,1,goal
1389,235,29.99,9.52,1180.18,0.0000,0.0135,1,goal
1379,249,13.61,8.98,1601.97,0.0000,0.0000,1,goal
1390,251,16.16,8.91,1288.42,0.0000,0.0000,1,goal
1380,324,-54.99,6.85,1407.88,0.0000,0.0334,1,goal
568,227,-379.23,6.80,986.01,0.0033,0.1125,0,collision
563,339,-76.92,6.56,1333.79,0.0000,0.1105,1,goal
568,328,-56.91,6.79,1315.31,0.0000,0.0000,1,goal
556,212,-363.65,6.31,832.98,0.0071,0.0327,0,collision
569,294,-457.58,5.21,974.03,0.0014,0.1748,0,collision
557,210,-372.89,6.12,849.94,0.0011,0.0413,0,collision
569,279,-426.15,5.49,995.24,0.0021,0.1096,0,collision
564,363,-102.98,6.14,1452.24,0.0000,0.0884,1,goal
1381,205,-359.20,6.87,868.75,0.0059,0.0000,0,collision
1391,286,-445.36,5.36,1045.39,0.0003,0.1519,0,collision
1382,295,-28.37,7.55,1435.26,0.0000,0.0000,1,goal
1392,227,-378.73,6.70,1020.16,0.0057,0.0492,0,collision
1393,241,-401.51,6.36,927.00,0.0029,0.1283,0,collision
1383,335,-87.83,6.66,1235.39,0.0000,0.0396,1,goal
1394,224,-376.67,6.82,1064.28,0.0018,0.0368,0,collision
1384,319,-56.41,7.00,1325.90,0.0000,0.0421,1,goal
1395,261,-413.06,5.86,954.24,0.0020,0.0704,0,collision
1385,245,20.28,9.13,1441.95,0.0000,0.0000,1,goal
558,169,-333.96,6.88,784.75,0.0102,0.0066,0,collision
570,261,6.82,8.51,1403.06,0.0000,0.0000,1,goal
570,212,-367.83,6.01,838.57,0.0015,0.0182,0,collision
565,279,-15.48,7.97,1383.94,0.0000,0.0140,1,goal
571,158,-329.60,7.61,802.48,0.0127,0.0000,0,collision
566,145,-307.53,7.46,728.40,0.0051,0.0037,0,collision
559,325,-67.35,6.87,1334.86,0.0000,0.0399,1,goal
571,303,-38.00,7.36,1316.75,0.0000,0.0000,1,goal
1396,268,1.98,8.32,1465.24,0.0000,0.0000,1,goal
1386,367,-129.25,6.07,1566.34,0.0000,0.0224,1,goal
1397,356,-101.29,6.26,1389.91,0.0000,0.0210,1,goal
1387,432,-201.73,5.16,1506.94,0.0000,0.0640,1,goal
1398,331,-492.43,4.93,1041.46,0.0050,0.0820,0,collision
1388,282,-5.32,7.91,1424.29,0.0000,0.0000,1,goal
1399,237,-387.42,6.36,999.11,0.0060,0.0134,0,collision
1400,190,-347.22,6.29,709.93,0.0097,0.0000,0,collision
1389,342,-72.57,6.52,1428.48,0.0000,0.0065,1,goal
1401,374,-138.54,5.96,1485.48,0.0000,0.1450,1,goal
572,250,18.88,8.92,1256.11,0.0000,0.0270,1,goal
560,270,-405.69,7.62,1314.92,0.0046,0.0000,0,collision
567,306,-483.39,4.94,952.68,0.0035,0.0045,0,collision
572,276,-3.55,8.09,1510.72,0.0000,0.0000,1,goal
573,290,-17.87,7.68,1512.32,0.0000,0.0231,1,goal
568,239,-397.98,6.40,1005.49,0.0038,0.1142,0,collision
561,281,-13.68,7.94,1526.45,0.0000,0.0362,1,goal
1402,288,-16.57,7.74,1314.45,0.0000,0.0594,1,goal
1390,327,-60.38,6.81,1448.67,0.0000,0.0000,1,goal
1391,322,-61.59,6.90,1421.05,0.0000,0.0076,1,goal
1403,378,-114.12,5.89,1419.51,0.0000,0.0406,1,goal
1404,121,-291.40,7.71,597.30,0.0045,0.0000,0,collision
1392,255,16.77,8.75,1304.07,0.0000,0.0000,1,goal
1405,269,-429.05,5.70,1091.05,0.0066,0.0354,0,collision
1393,302,-27.45,7.39,1326.21,0.0000,0.0019,1,goal
1394,221,-374.90,6.31,908.56,0.0056,0.0000,0,collision
1406,519,-326.36,4.30,1491.03,0.0000,0.1531,1,goal
573,332,-70.43,6.71,1637.39,0.0000,0.0294,1,goal
574,331,-76.98,6.71,1542.80,0.0000,0.0423,1,goal
569,238,-390.67,6.15,1003.37,0.0048,0.0180,0,collision
562,299,-453.76,5.14,1042.27,0.0036,0.0431,0,collision
574,263,5.82,8.48,1605.44,0.0000,0.0000,1,goal
570,153,-317.25,7.20,580.77,0.0115,0.0211,0,collision
575,298,-27.15,7.51,1401.13,0.0000,0.0360,1,goal
1395,282,-13.37,7.89,1321.21,0.0000,0.0088,1,goal
1407,313,-476.89,4.63,939.96,0.0033,0.0155,0,collision
1408,223,-379.26,6.36,851.27,0.0039,0.0340,0,collision
1396,313,-44.19,7.13,1320.12,0.0000,0.0000,1,goal
1409,157,-324.60,6.88,780.78,0.0075,0.0019,0,collision
1397,211,-362.03,6.07,822.35,0.0008,0.0384,0,collision
1410,260,-413.48,5.89,948.78,0.0021,0.1502,0,collision
1398,359,-111.68,6.23,1436.15,0.0000,0.1603,1,goal
1411,235,-392.24,6.45,1035.46,0.0027,0.0953,0,collision
1399,389,-137.00,5.73,1410.42,0.0000,0.0246,1,goal
571,229,36.56,9.72,1159.57,0.0000,0.0000,1,goal
576,141,-308.03,7.07,644.70,0.0113,0.0000,0,collision
563,355,-104.42,6.25,1265.98,0.0000,0.0195,1,goal
575,283,-9.42,7.91,1581.18,0.0000,0.0000,1,goal
577,258,-405.73,5.93,951.54,0.0003,0.0676,0,collision
572,374,-555.95,4.14,1008.14,0.0008,0.1591,0,collision
576,348,-82.15,6.41,1488.91,0.0000,0.0178,1,goal
564,359,-118.47,6.20,1403.22,0.0000,0.0071,1,goal
1400,214,-378.90,5.95,735.01,0.0059,0.0344,0,collision
1412,272,0.61,8.21,1364.72,0.0000,0.0000,1,goal
1413,248,16.34,8.96,1270.38,0.0000,0.0000,1,goal
1401,316,-42.41,7.05,1517.76,0.0000,0.0173,1,goal
1402,247,-393.70,6.20,929.81,0.0022,0.0505,0,collision
1414,268,-2.94,8.29,1469.23,0.0000,0.0347,1,goal
1415,323,-47.03,6.90,1541.91,0.0000,0.0089,1,goal
1403,342,-96.09,6.50,1388.22,0.0000,0.1083,1,goal
1404,249,18.97,8.94,1356.68,0.0000,0.0000,1,goal
1416,260,-418.63,5.88,1087.09,0.0043,0.1101,0,collision
573,149,-314.16,7.04,704.19,0.0019,0.0120,0,collision
578,317,-49.93,7.03,1552.68,0.0000,0.0000,1,goal
565,255,-400.76,6.01,1027.08,0.0010,0.0909,0,collision
577,257,-423.83,5.05,903.41,0.0046,0.0986,0,collision
579,141,-303.68,7.82,742.66,0.0126,0.0000,0,collision
574,284,-12.77,7.86,1453.27,0.0000,0.0073,1,goal
566,191,-352.53,6.18,805.81,0.0060,0.0028,0,collision
575,184,-343.26,6.47,705.55,0.0093,0.0336,0,collision
578,355,-84.75,6.27,1460.20,0.0000,0.0302,1,goal
1405,283,-434.85,5.41,1101.52,0.0021,0.0890,0,collision
1417,379,-144.39,5.88,1515.62,0.0000,0.0119,1,goal
1406,237,-381.69,6.42,1137.55,0.0009,0.0547,0,collision
1418,284,-8.72,7.84,1400.59,0.0000,0.0000,1,goal
1407,241,-384.72,6.33,981.27,0.0006,0.0334,0,collision
1419,249,-426.09,5.10,869.31,0.0077,0.0518,0,collision
1408,344,-72.31,6.47,1444.68,0.0000,0.0185,1,goal
1420,296,-20.42,7.53,1508.97,0.0000,0.0000,1,goal
1409,262,-404.89,5.84,1051.96,0.0009,0.0510,0,collision
1421,232,-383.46,6.36,949.99,0.0054,0.0482,0,collision
580,298,-28.38,7.46,1354.48,0.0000,0.0205,1,goal
567,277,-421.45,5.52,1054.07,0.0027,0.0552,0,collision
576,169,-329.38,6.36,716.53,0.0104,0.0000,0,collision
581,218,-362.71,6.81,997.70,0.0062,0.0000,0,collision
579,331,-55.64,6.72,1388.25,0.0000,0.0085,1,goal
568,249,17.36,8.98,1178.18,0.0000,0.0000,1,goal
582,235,-379.41,6.52,948.37,0.0004,0.0789,0,collision
1410,224,-377.83,7.10,891.14,0.0031,0.0470,0,collision
1422,338,-57.46,6.59,1280.19,0.0000,0.0371,1,goal
1411,361,-106.99,6.16,1427.29,0.0000,0.0300,1,goal
1423,294,-25.41,7.60,1597.09,0.0000,0.0000,1,goal
1412,279,-7.92,8.02,1393.53,0.0000,0.0032,1,goal
1424,358,-91.54,6.21,1443.81,0.0000,0.0559,1,goal
1413,239,-387.75,6.61,1065.56,0.0032,0.0000,0,collision
1425,252,-407.64,6.11,1062.64,0.0015,0.0593,0,collision
1414,345,-67.46,6.45,1409.63,0.0000,0.0498,1,goal
1426,273,-421.64,5.60,1085.20,0.0002,0.0870,0,collision
577,377,-126.55,5.92,1381.65,0.0000,0.0330,1,goal
580,342,-89.40,6.51,1292.81,0.0000,0.0101,1,goal
569,363,-126.18,6.13,1437.88,0.0000,0.0000,1,goal
583,291,-18.93,7.68,1576.47,0.0000,0.0058,1,goal
578,375,-566.27,4.04,1083.17,0.0012,0.1150,0,collision
581,306,-36.51,7.26,1255.94,0.0000,0.0000,1,goal
584,244,-394.93,6.28,935.07,0.0006,0.1023,0,collision
1427,246,-390.42,6.20,1006.51,0.0002,0.0203,0,collision
1415,345,-73.24,6.40,1487.18,0.0000,0.0267,1,goal
1428,245,-381.01,6.26,909.47,0.0018,0.0388,0,collision
1416,229,-377.60,6.68,879.84,0.0003,0.0770,0,collision
1429,228,-378.81,6.72,1024.81,0.0017,0.0616,0,collision
1417,283,-10.17,7.88,1409.60,0.0000,0.0060,1,goal
1430,349,-81.84,6.39,1336.53,0.0000,0.0492,1,goal
1418,348,-86.05,6.38,1261.88,0.0000,0.0000,1,goal
1431,290,-18.79,7.70,1411.45,0.0000,0.0000,1,goal
1419,371,-114.28,6.02,1440.18,0.0000,0.0252,1,goal
570,357,-110.66,6.22,1350.17,0.0000,0.0071,1,goal
579,219,-397.33,5.24,818.90,0.0090,0.0232,0,collision
582,275,-424.37,5.55,908.93,0.0015,0.0850,0,collision
585,260,11.45,8.60,1362.28,0.0000,0.0000,1,goal
571,241,-418.68,5.12,856.87,0.0032,0.0164,0,collision
580,223,-372.27,6.94,1027.65,0.0084,0.0000,0,collision
1432,163,-335.01,6.54,758.17,0.0069,0.0034,0,collision
1420,175,-344.19,6.55,775.67,0.0071,0.0000,0,collision
1421,201,-368.78,6.40,1008.81,0.0033,0.1098,0,collision
1433,280,-5.31,7.95,1417.55,0.0000,0.0000,1,goal
1422,284,-15.38,7.84,1328.26,0.0000,0.0026,1,goal
1434,287,-18.15,7.74,1533.39,0.0000,0.0307,1,goal
1423,190,-367.03,6.45,826.65,0.0096,0.0004,0,collision
1435,380,-120.21,5.85,1452.74,0.0000,0.0310,1,goal
1424,307,-40.07,7.23,1572.17,0.0000,0.0090,1,goal
1436,290,-18.12,7.71,1603.06,0.0000,0.0000,1,goal
583,312,-33.99,7.16,1445.17,0.0000,0.0000,1,goal
586,306,-463.89,5.14,1166.05,0.0011,0.0881,0,collision
581,256,-403.62,5.97,1083.41,0.0004,0.0847,0,collision
572,329,-71.75,6.77,1304.84,0.0000,0.0043,1,goal
584,171,-330.59,6.40,714.95,0.0081,0.0109,0,collision
573,219,-370.07,6.50,968.03,0.0056,0.0000,0,collision
587,306,-30.53,7.29,1352.19,0.0000,0.0190,1,goal
582,326,-60.59,6.80,1428.78,0.0000,0.0000,1,goal
588,95,-274.22,6.24,294.56,0.0084,0.0000,0,collision
585,309,-41.39,7.21,1511.70,0.0000,0.0125,1,goal
1425,238,-386.39,6.62,1058.00,0.0055,0.0081,0,collision
1437,340,-77.45,6.57,1549.25,0.0000,0.0000,1,goal
1426,274,-7.13,8.12,1273.98,0.0000,0.0228,1,goal
1438,341,-66.05,6.53,1261.10,0.0000,0.0174,1,goal
1427,359,-528.21,4.27,1015.36,0.0013,0.0646,0,collision
1439,278,-6.44,8.03,1340.24,0.0000,0.0000,1,goal
1428,267,-406.26,5.74,967.06,0.0014,0.0774,0,collision
1440,327,-74.39,6.77,1421.47,0.0000,0.0123,1,goal
1429,301,-35.93,7.37,1522.84,0.0000,0.0000,1,goal
1441,298,-26.89,7.50,1445.08,0.0000,0.0000,1,goal
574,275,-428.30,5.72,993.94,0.0054,0.0487,0,collision
583,339,-77.46,6.58,1381.92,0.0000,0.0073,1,goal
575,164,-347.57,6.04,666.69,0.0050,0.0290,0,collision
589,350,-78.54,6.37,1346.81,0.0000,0.0370,1,goal
586,308,-41.06,7.26,1425.07,0.0000,0.0142,1,goal
1442,279,-6.14,8.02,1397.31,0.0000,0.0000,1,goal
1430,342,-75.23,6.50,1352.43,0.0000,0.0206,1,goal
1431,249,-405.23,6.15,1036.67,0.0026,0.0584,0,collision
1443,329,-54.46,6.77,1377.99,0.0000,0.0250,1,goal
1432,166,-322.72,6.61,694.27,0.0084,0.0114,0,collision
1444,319,-67.00,6.95,1512.38,0.0000,0.0148,1,goal
1433,179,-337.24,7.01,767.68,0.0086,0.0054,0,collision
1445,280,-17.48,7.96,1409.04,0.0000,0.0000,1,goal
1434,286,-19.33,7.79,1531.87,0.0000,0.0000,1,goal
1446,324,-474.28,6.50,1174.40,0.0033,0.0211,0,collision
576,286,-12.42,7.83,1535.43,0.0000,0.0070,1,goal
584,339,-90.95,6.58,1294.74,0.0000,0.0691,1,goal
587,324,-58.06,6.87,1603.49,0.0000,0.0125,1,goal
590,352,-78.73,6.30,1476.29,0.0000,0.0003,1,goal
577,128,-297.51,7.34,613.13,0.0077,0.0000,0,collision
588,132,-300.19,7.96,596.22,0.0115,0.0000,0,collision
585,254,13.41,8.79,1282.48,0.0000,0.0000,1,goal
591,238,-387.74,6.44,1025.61,0.0002,0.1078,0,collision
589,235,-385.22,6.52,982.37,0.0035,0.0732,0,collision
578,343,-83.34,6.48,1717.00,0.0000,0.0229,1,goal
1447,233,-384.50,6.46,996.41,0.0071,0.0228,0,collision
1435,243,24.90,9.17,1295.70,0.0000,0.0000,1,goal
1436,220,-378.92,6.92,1096.34,0.0084,0.0498,0,collision
1448,270,-0.53,8.25,1433.96,0.0000,0.0116,1,goal
1437,259,5.69,8.58,1487.78,0.0000,0.0129,1,goal
1449,259,-409.94,5.92,972.22,0.0024,0.1105,0,collision
1438,228,-379.40,6.63,1120.49,0.0044,0.0138,0,collision
1450,318,-50.81,7.02,1315.72,0.0000,0.0174,1,goal
1439,293,-436.78,6.82,1321.79,0.0042,0.0507,0,collision
1451,223,-372.92,6.91,979.94,0.0002,0.0614,0,collision
586,330,-71.82,6.76,1444.38,0.0000,0.0683,1,goal
592,327,-59.67,6.82,1498.09,0.0000,0.0586,1,goal
590,347,-79.62,6.40,1353.39,0.0000,0.0846,1,goal
579,335,-71.91,6.66,1499.46,0.0000,0.0000,1,goal
587,320,-53.83,6.95,1466.00,0.0000,0.0082,1,goal
593,263,5.46,8.47,1575.11,0.0000,0.0000,1,goal
1440,132,-301.71,6.45,474.39,0.0049,0.0000,0,collision
1452,261,3.68,8.55,1324.77,0.0000,0.0000,1,goal
1441,254,14.12,8.77,1354.74,0.0000,0.0000,1,goal
1453,332,-66.85,6.72,1553.76,0.0000,0.0392,1,goal
1442,284,-18.50,7.85,1399.15,0.0000,0.0000,1,goal
1454,174,-329.42,7.40,941.09,0.0045,0.0419,0,collision
1443,278,-423.03,5.62,1014.92,0.0026,0.0699,0,collision
1444,146,-310.47,7.46,728.15,0.0054,0.0045,0,collision
1455,339,-87.15,6.57,1498.91,0.0000,0.0000,1,goal
1445,221,-382.60,6.70,1109.61,0.0058,0.0061,0,collision
591,211,-362.43,7.22,954.23,0.0040,0.0985,0,collision
580,301,-37.40,7.39,1398.45,0.0000,0.0173,1,goal
588,343,-84.55,6.48,1384.34,0.0000,0.0000,1,goal
581,157,-317.41,6.91,710.89,0.0113,0.0086,0,collision
594,352,-80.20,6.31,1330.87,0.0000,0.1301,1,goal
592,270,-3.98,8.27,1479.35,0.0000,0.0021,1,goal
595,171,-336.91,7.28,858.88,0.0079,0.0155,0,collision
593,211,-359.50,7.22,987.47,0.0016,0.0364,0,collision
1456,231,-380.64,6.63,1006.75,0.0023,0.0328,0,collision
1446,245,21.51,9.13,1320.67,0.0000,0.0000,1,goal
1447,285,-21.02,7.83,1547.82,0.0000,0.0000,1,goal
1457,321,-63.28,6.92,1293.21,0.0000,0.0000,1,goal
1458,219,-380.88,6.45,824.52,0.0050,0.0463,0,collision
1448,265,0.21,8.40,1484.04,0.0000,0.0390,1,goal
1449,141,-315.31,6.66,579.55,0.0100,0.0000,0,collision
1459,180,-337.77,6.13,688.45,0.0070,0.0100,0,collision
1460,255,-403.94,5.99,979.70,0.0022,0.0550,0,collision
1450,312,-49.26,7.14,1592.99,0.0000,0.0412,1,goal
589,273,-6.51,8.16,1526.82,0.0000,0.0000,1,goal
582,285,-11.83,7.85,1497.44,0.0000,0.0000,1,goal
594,204,-354.75,7.51,1140.73,0.0029,0.0311,0,collision
590,226,-372.84,6.97,1132.10,0.0085,0.0000,0,collision
583,207,-357.73,7.19,1027.75,0.0097,0.0328,0,collision
596,354,-106.84,6.30,1460.68,0.0000,0.1016,1,goal
584,139,-301.80,7.80,684.35,0.0056,0.0000,0,collision
1451,230,35.36,9.73,1219.38,0.0000,0.0000,1,goal
1461,264,-0.60,8.47,1373.05,0.0000,0.0530,1,goal
1452,274,-5.47,8.15,1536.78,0.0000,0.0221,1,goal
1462,275,-12.28,8.07,1306.23,0.0000,0.0083,1,goal
1463,252,-401.74,6.08,1018.54,0.0012,0.1254,0,collision
1453,300,-32.18,7.42,1522.65,0.0000,0.0000,1,goal
1464,218,-368.61,7.02,1180.61,0.0001,0.0415,0,collision
1454,269,-12.14,8.31,1527.07,0.0000,0.0000,1,goal
1465,263,-3.26,8.45,1449.78,0.0000,0.0000,1,goal
1455,366,-102.31,6.08,1683.75,0.0000,0.1006,1,goal
597,225,-383.18,6.75,1104.37,0.0034,0.0353,0,collision
591,310,-45.90,7.18,1462.45,0.0000,0.0092,1,goal
595,377,-120.21,5.89,1370.86,0.0000,0.0223,1,goal
585,304,-39.96,7.34,1364.12,0.0000,0.0077,1,goal
598,325,-73.91,6.85,1550.69,0.0000,0.0055,1,goal
592,342,-74.83,6.51,1545.79,0.0000,0.0561,1,goal
596,343,-73.48,6.50,1343.90,0.0000,0.0881,1,goal
586,271,-3.15,8.21,1525.90,0.0000,0.0000,1,goal
1456,237,-394.22,6.47,1029.92,0.0006,0.1423,0,collision
1466,241,-388.12,6.36,1059.14,0.0041,0.0654,0,collision
1467,249,-392.07,6.16,1030.64,0.0010,0.0882,0,collision
1457,344,-98.67,6.47,1612.64,0.0000,0.0090,1,goal
1468,243,19.57,9.17,1510.72,0.0000,0.0022,1,goal
1458,232,-386.30,6.53,1034.47,0.0036,0.0242,0,collision
1459,174,-350.68,5.41,647.76,0.0073,0.0226,0,collision
1469,340,-82.22,6.54,1457.80,0.0000,0.0983,1,goal
1460,243,16.59,9.14,1428.86,0.0000,0.0000,1,goal
1470,211,-359.59,7.20,959.93,0.0074,0.0100,0,collision
593,219,-370.07,7.19,1221.12,0.0074,0.0000,0,collision
597,238,-383.86,6.61,1151.04,0.0047,0.0000,0,collision
599,336,-73.82,6.62,1494.41,0.0000,0.0563,1,goal
587,240,-420.23,5.03,855.70,0.0061,0.0471,0,collision
594,238,-421.16,5.41,1040.43,0.0041,0.0410,0,collision
598,220,-367.78,6.97,1091.53,0.0007,0.0744,0,collision
600,245,-389.53,6.25,1030.67,0.0038,0.0681,0,collision
588,229,-374.16,6.67,1007.70,0.0044,0.0374,0,collision
1461,175,-336.72,6.59,804.79,0.0103,0.0055,0,collision
1471,273,-8.84,8.18,1624.84,0.0000,0.0106,1,goal
1462,291,-23.78,7.64,1454.23,0.0000,0.0104,1,goal
1472,329,-63.97,6.76,1612.78,0.0000,0.0159,1,goal
1463,235,29.10,9.51,1373.06,0.0000,0.0000,1,goal
1473,235,-379.06,6.42,997.27,0.0047,0.0685,0,collision
1464,240,-385.76,6.38,1168.51,0.0042,0.0538,0,collision
1474,255,11.35,8.77,1495.10,0.0000,0.0000,1,goal
1465,234,-384.80,6.55,1033.90,0.0035,0.0736,0,collision
1475,312,-43.52,7.13,1517.57,0.0000,0.0028,1,goal
595,283,-19.97,7.87,1543.06,0.0000,0.0159,1,goal
589,234,-393.82,6.55,917.97,0.0043,0.1544,0,collision
601,252,12.64,8.85,1407.99,0.0000,0.0000,1,goal
599,325,-67.06,6.86,1468.71,0.0000,0.0000,1,goal
590,229,-379.37,6.69,1075.01,0.0001,0.0869,0,collision
600,243,-391.69,6.27,945.68,0.0032,0.0879,0,collision
602,288,-22.95,7.72,1580.52,0.0000,0.0000,1,goal
596,349,-84.09,6.37,1556.00,0.0000,0.0391,1,goal
1476,253,-395.18,6.03,1077.80,0.0004,0.0424,0,collision
1466,265,-0.57,8.41,1511.75,0.0000,0.0000,1,goal
1467,225,-375.98,6.81,1162.90,0.0041,0.1014,0,collision
1477,266,-2.17,8.41,1613.43,0.0000,0.0000,1,goal
1478,269,-4.29,8.28,1639.91,0.0000,0.0000,1,goal
1468,327,-55.73,6.82,1457.96,0.0000,0.0188,1,goal
1469,229,-385.24,6.68,993.94,0.0017,0.1565,0,collision
1479,363,-103.81,6.14,1436.84,0.0000,0.0181,1,goal
1470,257,-395.90,5.96,1096.44,0.0002,0.0554,0,collision
1480,312,-45.03,7.13,1679.86,0.0000,0.0020,1,goal
591,206,-364.42,6.20,1006.71,0.0015,0.0821,0,collision
601,215,-364.07,7.06,980.80,0.0052,0.0292,0,collision
603,280,-7.73,7.97,1535.21,0.0000,0.0000,1,goal
597,314,-46.21,7.10,1598.83,0.0000,0.0000,1,goal
592,340,-473.04,6.47,1348.78,0.0003,0.1051,0,collision
602,334,-67.32,6.67,1520.05,0.0000,0.0603,1,goal
1481,249,-397.19,6.26,1255.47,0.0059,0.0782,0,collision
1471,309,-462.03,4.90,1089.81,0.0049,0.0252,0,collision
1472,236,-378.23,6.56,1003.78,0.0028,0.0494,0,collision
1482,368,-106.39,6.07,1615.41,0.0000,0.0178,1,goal
1473,352,-82.93,6.34,1493.80,0.0000,0.0353,1,goal
1483,342,-82.66,6.55,1376.71,0.0000,0.0147,1,goal
1484,237,-385.34,6.47,1137.71,0.0006,0.0826,0,collision
1474,369,-115.87,6.04,1586.13,0.0000,0.0940,1,goal
1485,268,-3.22,8.33,1758.92,0.0000,0.0211,1,goal
1475,339,-77.01,6.56,1530.56,0.0000,0.0070,1,goal
604,325,-60.50,6.85,1424.84,0.0000,0.0434,1,goal
598,293,-27.30,7.58,1619.75,0.0000,0.0000,1,goal
593,233,-391.38,6.30,1037.74,0.0062,0.0360,0,collision
603,224,-370.73,6.84,902.23,0.0013,0.0999,0,collision
605,294,-14.77,7.58,1393.34,0.0000,0.0000,1,goal
599,296,-23.35,7.54,1423.43,0.0000,0.0000,1,goal
594,295,-24.46,7.57,1613.87,0.0000,0.0000,1,goal
604,338,-68.75,6.60,1605.57,0.0000,0.0788,1,goal
1476,127,-296.76,7.41,670.09,0.0036,0.0000,0,collision
1477,231,-401.08,6.42,1092.40,0.0063,0.0271,0,collision
1486,370,-112.98,6.04,1473.34,0.0000,0.0800,1,goal
1487,227,-378.79,6.75,968.10,0.0002,0.0804,0,collision
1478,376,-123.79,5.91,1589.84,0.0000,0.0021,1,goal
1479,148,-319.66,7.04,859.18,0.0048,0.0220,0,collision
1488,304,-33.47,7.33,1516.35,0.0000,0.0000,1,goal
1480,241,-399.10,6.35,1065.19,0.0001,0.0991,0,collision
1489,255,-411.20,5.91,1082.74,0.0056,0.0024,0,collision
1481,347,-100.66,6.41,1385.70,0.0000,0.0225,1,goal
606,275,-13.12,8.10,1492.61,0.0000,0.0000,1,goal
600,307,-32.51,7.26,1561.72,0.0000,0.0000,1,goal
595,263,-404.75,5.82,1017.37,0.0023,0.0630,0,collision
605,267,-3.02,8.34,1511.04,0.0000,0.0387,1,goal
607,278,-10.26,8.02,1517.80,0.0000,0.0171,1,goal
596,188,-355.01,6.44,813.77,0.0097,0.0017,0,collision
601,269,-412.47,5.70,1094.47,0.0004,0.0772,0,collision
1490,184,-346.79,6.37,854.24,0.0088,0.0089,0,collision
1482,295,-27.21,7.56,1445.60,0.0000,0.0041,1,goal
1491,354,-86.31,6.29,1458.00,0.0000,0.0000,1,goal
1483,277,-6.19,8.08,1537.28,0.0000,0.0000,1,goal
1492,269,-3.35,8.32,1273.58,0.0000,0.0108,1,goal
1484,272,-1.07,8.21,1207.23,0.0000,0.0000,1,goal
1485,156,-316.47,6.93,631.20,0.0098,0.0031,0,collision
1493,320,-62.92,6.98,1447.69,0.0000,0.0193,1,goal
1486,261,-408.58,5.87,1070.71,0.0016,0.0917,0,collision
1494,265,-411.01,5.78,1064.17,0.0001,0.0891,0,collision
606,276,-423.15,5.56,977.29,0.0032,0.0742,0,collision
602,228,-389.46,5.76,1010.85,0.0045,0.0590,0,collision
597,314,-45.67,7.09,1633.33,0.0000,0.0000,1,goal
608,321,-50.71,6.95,1485.21,0.0000,0.0434,1,goal
607,311,-488.19,4.76,957.86,0.0026,0.0574,0,collision
603,304,-28.17,7.30,1281.96,0.0000,0.0000,1,goal
609,287,-429.22,5.34,1010.28,0.0024,0.0955,0,collision
1495,267,-415.62,5.74,1025.60,0.0055,0.0908,0,collision
1487,284,-8.73,7.85,1485.57,0.0000,0.0000,1,goal
1496,265,-1.15,8.43,1510.53,0.0000,0.0000,1,goal
1488,257,-401.12,5.96,938.82,0.0008,0.1010,0,collision
1489,144,-319.49,6.54,731.54,0.0030,0.0000,0,collision
1497,358,-112.64,6.22,1362.64,0.0000,0.0313,1,goal
1490,283,-16.71,7.86,1425.41,0.0000,0.0001,1,goal
1498,161,-324.60,7.24,838.15,0.0099,0.0000,0,collision
1499,169,-336.80,6.40,739.01,0.0069,0.0064,0,collision
1491,311,-30.24,7.17,1440.21,0.0000,0.0152,1,goal
598,377,-127.27,5.89,1541.36,0.0000,0.0496,1,goal
608,276,-5.28,8.07,1408.35,0.0000,0.0000,1,goal
599,135,-303.96,6.93,653.13,0.0032,0.0000,0,collision
604,255,-402.33,6.06,1035.28,0.0026,0.0803,0,collision
610,244,-400.32,6.28,1046.74,0.0027,0.1293,0,collision
609,353,-85.34,6.32,1401.22,0.0000,0.0116,1,goal
605,278,-420.02,5.45,931.95,0.0000,0.0867,0,collision
611,268,-412.50,5.66,1055.26,0.0019,0.0725,0,collision
1492,257,-404.25,5.90,994.66,0.0039,0.1059,0,collision
1500,276,-436.21,5.58,1122.91,0.0045,0.0127,0,collision
1493,212,-363.79,6.15,881.32,0.0047,0.0135,0,collision
1501,224,-376.47,6.77,905.50,0.0033,0.0350,0,collision
1494,274,-426.85,4.53,852.74,0.0025,0.0397,0,collision
1502,426,-152.31,5.25,1455.87,0.0000,0.1019,1,goal
1495,237,-390.35,6.42,964.82,0.0014,0.0683,0,collision
1496,288,-19.53,7.74,1417.84,0.0000,0.0227,1,goal
1503,351,-509.69,4.37,1020.35,0.0028,0.0676,0,collision
1497,222,-366.72,6.91,1036.14,0.0045,0.0000,0,collision
600,362,-95.95,6.16,1461.26,0.0000,0.0451,1,goal
612,228,-390.97,6.49,924.30,0.0069,0.0003,0,collision
601,162,-325.39,6.38,695.74,0.0067,0.0036,0,collision
606,291,-17.66,7.67,1579.45,0.0000,0.0000,1,goal
610,331,-67.06,6.73,1297.51,0.0000,0.0029,1,goal
613,223,-404.18,5.20,934.98,0.0047,0.0956,0,collision
607,207,-360.26,6.85,938.11,0.0056,0.0371,0,collision
611,240,-395.62,6.38,1093.96,0.0018,0.1376,0,collision
1504,254,-387.75,8.26,1455.18,0.0052,0.0000,0,collision
1498,326,-58.75,6.83,1421.57,0.0000,0.0696,1,goal
1505,236,-390.25,6.45,1119.93,0.0001,0.0634,0,collision
1499,262,-420.72,5.85,925.62,0.0019,0.0704,0,collision
1506,234,-376.48,6.55,1025.93,0.0070,0.0000,0,collision
1500,279,-439.13,5.53,923.62,0.0027,0.0979,0,collision
1507,229,-385.84,6.69,1046.27,0.0016,0.1083,0,collision
1508,252,-408.57,6.07,1027.21,0.0022,0.1108,0,collision
1501,341,-75.80,6.52,1569.34,0.0000,0.0000,1,goal
1509,228,-376.70,6.71,957.84,0.0040,0.0905,0,collision
602,357,-92.40,6.25,1539.01,0.0000,0.0268,1,goal
614,336,-64.28,6.63,1538.78,0.0000,0.0384,1,goal
612,278,-428.97,5.50,991.81,0.0000,0.1308,0,collision
608,379,-111.29,5.89,1545.30,0.0000,0.0908,1,goal
603,352,-96.55,6.32,1543.04,0.0000,0.0524,1,goal
609,199,-359.91,7.00,996.37,0.0057,0.0000,0,collision
613,243,-388.46,6.31,1004.46,0.0005,0.0621,0,collision
1510,225,-369.39,6.99,1023.72,0.0044,0.0000,0,collision
1502,292,-19.30,7.61,1517.39,0.0000,0.0109,1,goal
1511,240,-385.77,6.39,1119.67,0.0004,0.0644,0,collision
1503,255,7.93,8.71,1470.86,0.0000,0.0000,1,goal
1512,259,-403.95,5.84,1013.97,0.0005,0.0946,0,collision
1504,303,-471.03,5.01,1067.48,0.0037,0.0483,0,collision
1513,345,-91.72,6.45,1396.84,0.0000,0.0238,1,goal
1505,228,-378.48,6.72,1134.29,0.0004,0.0911,0,collision
1514,229,-375.62,6.68,1029.14,0.0044,0.0470,0,collision
1506,307,-55.82,7.24,1417.05,0.0000,0.0647,1,goal
615,333,-480.83,4.60,890.27,0.0003,0.0315,0,collision
604,224,-378.55,6.34,1051.39,0.0051,0.0146,0,collision
610,216,-390.21,5.58,830.33,0.0087,0.1285,0,collision
614,262,3.46,8.53,1361.96,0.0000,0.0386,1,goal
616,257,-402.64,5.96,1066.68,0.0017,0.0578,0,collision
605,256,-405.51,5.98,978.07,0.0010,0.0939,0,collision
611,224,-371.92,7.01,1211.92,0.0063,0.0000,0,collision
1507,226,-375.80,6.82,1088.02,0.0020,0.0997,0,collision
1515,337,-73.71,6.63,1480.73,0.0000,0.0810,1,goal
1508,252,13.47,8.84,1404.01,0.0000,0.0000,1,goal
1516,260,6.27,8.56,1394.40,0.0000,0.0000,1,goal
1509,257,11.40,8.69,1421.21,0.0000,0.0000,1,goal
1510,133,-300.90,7.04,573.19,0.0049,0.0000,0,collision
1517,274,-421.95,5.59,1039.17,0.0018,0.0885,0,collision
1518,256,-407.80,5.97,1045.51,0.0033,0.1038,0,collision
1511,349,-93.96,6.38,1444.05,0.0000,0.1102,1,goal
1519,271,-5.98,8.15,1683.98,0.0000,0.0000,1,goal
615,269,-416.97,5.70,1059.18,0.0026,0.1130,0,collision
617,267,-412.47,5.88,1067.44,0.0024,0.0895,0,collision
606,260,6.76,8.59,1421.76,0.0000,0.0000,1,goal
612,239,-391.12,6.38,987.30,0.0008,0.1073,0,collision
618,285,-10.78,7.83,1482.54,0.0000,0.0000,1,goal
607,246,18.41,9.06,1488.75,0.0000,0.0000,1,goal
616,355,-105.89,6.27,1450.78,0.0000,0.0981,1,goal
613,245,21.77,9.09,1231.08,0.0000,0.0000,1,goal
1520,287,-17.50,7.71,1539.77,0.0000,0.0000,1,goal
1512,353,-107.16,6.32,1391.29,0.0000,0.1236,1,goal
1521,334,-66.33,6.68,1493.74,0.0000,0.0472,1,goal
1513,276,-433.34,5.54,1021.35,0.0036,0.1469,0,collision
1522,192,-346.50,7.36,933.53,0.0032,0.0000,0,collision
1514,260,-409.98,5.88,1016.36,0.0037,0.1197,0,collision
1523,240,-386.28,6.38,1072.72,0.0018,0.0898,0,collision
1515,281,-12.19,7.94,1395.19,0.0000,0.0069,1,goal
1524,288,-19.70,7.73,1710.80,0.0000,0.0000,1,goal
1516,172,-353.54,5.64,664.43,0.0065,0.1943,0,collision
619,226,-397.65,6.23,1012.41,0.0040,0.0310,0,collision
617,243,23.25,9.17,1294.41,0.0000,0.0000,1,goal
608,356,-99.55,6.23,1603.47,0.0000,0.1386,1,goal
614,298,-454.32,4.96,871.04,0.0050,0.0479,0,collision
615,177,-341.99,6.45,751.52,0.0107,0.0107,0,collision
620,341,-83.51,6.53,1520.19,0.0000,0.0378,1,goal
618,286,-17.54,7.80,1424.05,0.0000,0.0132,1,goal
609,303,-46.26,7.35,1566.15,0.0000,0.0070,1,goal
1525,266,-432.43,5.76,1044.42,0.0030,0.1957,0,collision
1517,281,-426.86,5.45,946.68,0.0024,0.1522,0,collision
1526,261,10.36,8.58,1419.98,0.0000,0.0000,1,goal
1518,286,-12.95,7.78,1555.74,0.0000,0.0128,1,goal
1527,229,-375.76,6.42,907.03,0.0057,0.1022,0,collision
1519,253,11.53,8.81,1175.50,0.0000,0.0457,1,goal
1528,263,2.01,8.42,1570.44,0.0000,0.0000,1,goal
1520,242,-396.68,6.33,1018.90,0.0037,0.0813,0,collision
1529,310,-50.23,7.17,1306.16,0.0000,0.0000,1,goal
1521,301,-454.66,5.08,982.10,0.0019,0.1875,0,collision
619,178,-341.91,6.40,700.35,0.0026,0.1131,0,collision
616,210,-358.28,7.44,1085.29,0.0019,0.0000,0,collision
621,203,-366.77,6.88,984.79,0.0079,0.0683,0,collision
610,237,-398.82,6.47,1128.16,0.0011,0.1523,0,collision
617,193,-345.15,7.50,889.96,0.0065,0.0012,0,collision
620,252,16.52,8.86,1499.34,0.0000,0.0000,1,goal
622,274,-1.86,8.10,1458.81,0.0000,0.0014,1,goal
618,226,-396.66,6.23,993.04,0.0043,0.0628,0,collision
1522,266,-405.32,5.71,1064.66,0.0025,0.1062,0,collision
1530,272,-426.29,5.64,1093.68,0.0009,0.1456,0,collision
1531,326,-74.80,6.81,1559.65,0.0000,0.0001,1,goal
1523,378,-125.77,5.90,1521.90,0.0000,0.1630,1,goal
1524,220,-368.89,6.88,840.15,0.0066,0.0165,0,collision
1532,276,-9.20,8.08,1644.36,0.0000,0.0000,1,goal
1533,243,-399.22,6.30,977.60,0.0014,0.1480,0,collision
1525,288,-22.07,7.71,1567.70,0.0000,0.0000,1,goal
1534,284,-19.98,7.82,1291.29,0.0000,0.0037,1,goal
1526,296,-31.57,7.52,1514.51,0.0000,0.0000,1,goal
611,334,-54.95,6.67,1405.39,0.0000,0.0536,1,goal
621,250,19.55,8.92,1250.40,0.0000,0.0000,1,goal
623,247,21.93,9.03,1314.44,0.0000,0.0000,1,goal
619,266,4.08,8.34,1591.29,0.0000,0.0481,1,goal
612,264,-428.04,5.91,1214.96,0.0050,0.0528,0,collision
622,289,-19.61,7.75,1469.22,0.0000,0.0000,1,goal
624,263,-423.14,5.77,1037.51,0.0020,0.1763,0,collision
620,171,-337.29,6.86,752.51,0.0089,0.0331,0,collision
613,220,-378.99,6.27,913.97,0.0066,0.0447,0,collision
1527,258,-399.53,6.89,1311.74,0.0028,0.0061,0,collision
1535,304,-437.55,7.27,1490.75,0.0033,0.0347,0,collision
1536,167,-330.80,7.35,849.19,0.0070,0.0097,0,collision
1528,295,-24.26,7.57,1387.16,0.0000,0.0000,1,goal
1537,163,-321.05,7.77,774.78,0.0073,0.0011,0,collision
1529,273,-2.90,8.17,1466.32,0.0000,0.0320,1,goal
1538,266,-423.44,5.76,950.30,0.0008,0.1891,0,collision
1539,258,-410.44,5.92,1083.38,0.0028,0.1119,0,collision
1530,428,-172.37,5.22,1521.23,0.0000,0.2277,1,goal
1540,160,-317.40,6.95,713.72,0.0042,0.0306,0,collision
625,187,-337.83,8.51,845.85,0.0017,0.0268,0,collision
621,251,16.44,8.89,1303.46,0.0000,0.0000,1,goal
623,340,-85.60,6.56,1409.83,0.0000,0.0606,1,goal
614,209,-355.96,6.67,861.00,0.0066,0.0446,0,collision
626,213,-385.78,6.07,779.26,0.0004,0.0370,0,collision
624,253,16.33,8.83,1400.48,0.0000,0.0000,1,goal
622,283,-449.91,5.41,1006.85,0.0016,0.2003,0,collision
615,291,-448.60,5.27,909.67,0.0012,0.1913,0,collision
627,273,-1.83,8.20,1522.28,0.0000,0.0000,1,goal
1541,142,-308.47,6.96,632.79,0.0097,0.0345,0,collision
1531,290,-458.09,5.29,1012.49,0.0015,0.2390,0,collision
1542,273,-2.81,8.14,1393.34,0.0000,0.0000,1,goal
1532,322,-42.23,6.92,1348.98,0.0000,0.0768,1,goal
1543,260,10.95,8.55,1278.44,0.0000,0.0000,1,goal
1533,250,-415.44,6.13,952.10,0.0006,0.1502,0,collision
1544,254,13.33,8.78,1452.67,0.0000,0.0000,1,goal
1534,329,-57.24,6.76,1498.08,0.0000,0.0349,1,goal
1545,337,-89.26,6.61,1372.14,0.0000,0.0000,1,goal
1535,291,-17.25,7.68,1360.15,0.0000,0.0000,1,goal
623,285,-13.92,7.81,1401.96,0.0000,0.0000,1,goal
625,333,-70.77,6.70,1555.52,0.0000,0.0167,1,goal
628,289,-16.81,7.73,1412.64,0.0000,0.0000,1,goal
616,309,-44.16,7.21,1569.56,0.0000,0.0000,1,goal
624,300,-456.72,5.10,960.95,0.0006,0.1756,0,collision
1546,257,12.45,8.69,1315.74,0.0000,0.0423,1,goal
1536,283,-17.93,7.86,1323.42,0.0000,0.0000,1,goal
1547,148,-313.44,7.62,799.37,0.0001,0.0270,0,collision
1537,213,-375.39,7.03,976.79,0.0041,0.0385,0,collision
1548,223,-370.84,7.00,1238.39,0.0077,0.0000,0,collision
1538,213,-365.71,7.20,973.35,0.0016,0.1170,0,collision
1549,254,-398.58,6.03,884.24,0.0039,0.1525,0,collision
1539,289,-29.45,7.70,1430.60,0.0000,0.0192,1,goal
1550,341,-72.57,6.55,1411.37,0.0000,0.0157,1,goal
1540,265,-413.63,5.78,1053.01,0.0004,0.1446,0,collision
626,300,-453.63,5.11,1014.15,0.0007,0.2150,0,collision
629,345,-96.61,6.46,1239.54,0.0000,0.0988,1,goal
617,374,-113.47,5.95,1648.49,0.0000,0.1182,1,goal
627,233,26.67,9.48,1380.13,0.0000,0.0000,1,goal
625,287,-24.06,7.79,1320.37,0.0000,0.0383,1,goal
630,269,-0.80,8.28,1336.54,0.0000,0.0477,1,goal
618,252,16.61,8.84,1325.35,0.0000,0.0000,1,goal
1551,185,-355.15,6.90,854.64,0.0074,0.0233,0,collision
1541,265,-445.36,5.75,1014.97,0.0028,0.1889,0,collision
1552,312,-46.32,7.14,1267.44,0.0000,0.0319,1,goal
1542,328,-86.48,6.75,1664.22,0.0000,0.0324,1,goal
1553,205,-357.23,7.28,934.44,0.0070,0.0000,0,collision
1543,141,-318.30,6.88,567.75,0.0085,0.1758,0,collision
1554,203,-357.83,7.23,930.48,0.0056,0.0391,0,collision
1544,194,-348.08,7.26,897.93,0.0044,0.0000,0,collision
1555,232,-386.70,6.77,1222.58,0.0037,0.0047,0,collision
1545,236,-393.20,6.29,1031.88,0.0079,0.0315,0,collision
619,134,-314.52,7.18,636.16,0.0112,0.1449,0,collision
631,249,13.83,8.94,1436.70,0.0000,0.0000,1,goal
628,396,-149.09,5.64,1640.02,0.0000,0.1806,1,goal
626,395,-161.49,5.63,1498.86,0.0000,0.1945,1,goal
620,281,-17.18,7.91,1506.30,0.0000,0.0103,1,goal
629,197,-356.54,6.19,840.24,0.0064,0.0244,0,collision
632,227,-371.82,6.90,1058.45,0.0046,0.0000,0,collision
627,273,-0.70,8.16,1578.49,0.0000,0.0000,1,goal
633,156,-326.87,7.39,774.07,0.0128,0.0462,0,collision
1546,239,30.40,9.36,1151.14,0.0000,0.0000,1,goal
1556,268,-2.89,8.31,1526.86,0.0000,0.0000,1,goal
1547,246,22.55,9.10,1278.04,0.0000,0.0000,1,goal
1557,248,18.09,8.98,1276.19,0.0000,0.0000,1,goal
1548,123,-290.52,8.61,671.34,0.0140,0.0056,0,collision
1558,268,-3.39,8.34,1498.73,0.0000,0.0000,1,goal
1549,351,-104.96,6.34,1288.67,0.0000,0.0822,1,goal
1559,189,-352.82,6.62,932.59,0.0070,0.0002,0,collision
1560,170,-331.65,7.34,809.76,0.0034,0.0215,0,collision
1550,230,-385.16,6.51,1007.28,0.0067,0.0481,0,collision
621,247,16.62,9.03,1485.66,0.0000,0.0000,1,goal
630,274,-2.73,8.15,1388.31,0.0000,0.0000,1,goal
628,198,-357.36,6.48,929.06,0.0012,0.0835,0,collision
634,259,-441.61,5.91,1014.45,0.0072,0.1319,0,collision
631,184,-342.31,6.93,814.79,0.0025,0.1076,0,collision
622,351,-100.07,6.34,1507.23,0.0000,0.0657,1,goal
632,162,-324.57,8.13,905.52,0.0104,0.0038,0,collision
635,230,34.80,9.72,1353.48,0.0000,0.0000,1,goal
1561,226,39.70,9.91,1372.39,0.0000,0.0000,1,goal
1551,285,-463.63,5.36,1008.77,0.0052,0.1588,0,collision
1562,264,7.63,8.47,1457.94,0.0000,0.0000,1,goal
1552,290,-32.99,7.68,1440.61,0.0000,0.0085,1,goal
1553,261,9.97,8.57,1461.57,0.0000,0.0000,1,goal
1563,389,-154.73,5.74,1369.70,0.0000,0.1163,1,goal
1554,213,-360.30,7.39,1047.36,0.0030,0.0000,0,collision
1564,281,-10.52,7.92,1363.38,0.0000,0.0000,1,goal
1555,185,-340.94,7.01,754.23,0.0005,0.0634,0,collision
1565,266,-426.80,5.54,1070.82,0.0023,0.0403,0,collision
629,406,-166.06,5.50,1605.35,0.0000,0.1175,1,goal
633,216,-373.02,6.71,1036.80,0.0059,0.0857,0,collision
636,264,1.54,8.47,1447.90,0.0000,0.0380,1,goal
630,236,27.54,9.42,1381.57,0.0000,0.0000,1,goal
623,403,-163.92,5.54,1507.33,0.0000,0.1908,1,goal
631,213,-390.48,5.45,797.57,0.0072,0.0861,0,collision
634,343,-85.28,6.51,1264.24,0.0000,0.0581,1,goal
1566,299,-38.86,7.44,1507.87,0.0000,0.0046,1,goal
1556,328,-73.57,6.79,1407.60,0.0000,0.0044,1,goal
1557,129,-303.67,7.51,549.47,0.0061,0.1291,0,collision
1567,258,-399.50,7.86,1147.69,0.0025,0.0100,0,collision
1568,229,39.92,9.77,1134.55,0.0000,0.0000,1,goal
1558,406,-170.62,5.49,1337.58,0.0000,0.2121,1,goal
1569,119,-289.29,8.98,495.20,0.0136,0.0000,0,collision
1570,312,-58.98,7.13,1408.77,0.0000,0.0063,1,goal
1559,374,-142.17,5.96,1411.22,0.0000,0.1517,1,goal
1571,290,-19.43,7.67,1257.27,0.0000,0.0377,1,goal
637,306,-49.14,7.29,1508.94,0.0000,0.0000,1,goal
624,279,-15.40,7.98,1719.98,0.0000,0.0000,1,goal
625,111,-284.38,8.48,653.80,0.0032,0.0000,0,collision
632,278,-6.36,8.05,1465.85,0.0000,0.0138,1,goal
635,358,-119.98,6.23,1491.01,0.0000,0.0551,1,goal
638,345,-95.63,6.47,1217.71,0.0000,0.0376,1,goal
626,287,-463.06,5.31,947.66,0.0050,0.1464,0,collision
1572,281,-15.81,7.93,1381.46,0.0000,0.0000,1,goal
1560,286,-36.70,7.78,1187.16,0.0000,0.0000,1,goal
1561,376,-143.97,5.94,1311.50,0.0000,0.1148,1,goal
1573,387,-147.43,5.77,1386.75,0.0000,0.1532,1,goal
1562,257,10.57,8.67,1400.82,0.0000,0.0000,1,goal
1574,312,-56.33,7.14,1436.44,0.0000,0.0360,1,goal
1563,352,-100.63,6.33,1379.12,0.0000,0.0603,1,goal
1575,310,-53.88,7.20,1583.93,0.0000,0.0582,1,goal
1564,251,-429.52,6.06,883.69,0.0062,0.1534,0,collision
1576,281,-16.95,7.94,1571.22,0.0000,0.0094,1,goal
627,130,-304.97,8.21,686.53,0.0100,0.0000,0,collision
633,374,-138.59,5.95,1543.24,0.0000,0.1386,1,goal
636,267,-3.56,8.34,1458.80,0.0000,0.0001,1,goal
639,258,13.24,8.67,1241.24,0.0000,0.0000,1,goal
640,174,-334.97,7.66,873.83,0.0084,0.0073,0,collision
637,260,-436.98,5.81,953.38,0.0036,0.0262,0,collision
628,309,-48.31,7.22,1422.43,0.0000,0.0359,1,goal
634,407,-169.65,5.48,1382.58,0.0000,0.1729,1,goal
1577,286,-460.87,5.33,920.42,0.0033,0.1609,0,collision
1565,365,-123.67,6.11,1335.88,0.0000,0.1350,1,goal
1566,157,-351.28,6.50,632.93,0.0051,0.0967,0,collision
1578,275,-16.86,8.10,1408.59,0.0000,0.0004,1,goal
1567,253,-429.56,6.01,825.36,0.0030,0.1415,0,collision
1579,217,-395.70,5.26,721.89,0.0015,0.1200,0,collision
1580,206,-371.54,6.99,752.78,0.0026,0.0122,0,collision
1568,287,-39.75,7.76,1206.90,0.0000,0.0002,1,goal
1581,254,18.60,8.79,1253.88,0.0000,0.0000,1,goal
1569,328,-75.33,6.78,1676.79,0.0000,0.0318,1,goal
638,268,-4.75,8.31,1419.81,0.0000,0.0000,1,goal
629,259,6.02,8.59,1379.11,0.0000,0.0000,1,goal
641,407,-185.36,5.47,1252.03,0.0000,0.1323,1,goal
635,332,-76.66,6.70,1382.03,0.0000,0.0000,1,goal
639,220,-371.66,6.76,934.93,0.0043,0.0368,0,collision
630,387,-146.12,5.78,1350.82,0.0000,0.1398,1,goal
1570,249,22.53,8.97,1174.88,0.0000,0.0000,1,goal
1582,361,-122.53,6.20,1255.99,0.0000,0.1110,1,goal
1571,280,-15.86,7.90,1476.29,0.0000,0.0096,1,goal
1583,277,-23.43,8.06,1254.99,0.0000,0.0224,1,goal
1572,285,-460.73,5.36,819.84,0.0035,0.2420,0,collision
1584,216,50.56,10.34,1087.20,0.0000,0.0000,1,goal
1573,293,-37.86,7.61,1141.56,0.0000,0.0001,1,goal
1585,309,-50.43,7.20,1167.63,0.0000,0.0175,1,goal
1586,182,-343.36,7.10,754.50,0.0055,0.0869,0,collision
1574,241,27.10,9.28,1224.05,0.0000,0.0394,1,goal
642,331,-75.78,6.71,1401.49,0.0000,0.0362,1,goal
636,257,14.51,8.69,1164.41,0.0000,0.0000,1,goal
640,306,-477.80,5.80,1105.75,0.0051,0.2072,0,collision
631,214,-367.09,6.88,733.90,0.0071,0.0351,0,collision
643,295,-36.30,7.56,1082.01,0.0000,0.0267,1,goal
637,306,-51.69,7.20,1369.79,0.0000,0.0052,1,goal
641,253,20.78,8.82,1236.44,0.0000,0.0050,1,goal
632,272,-12.29,8.20,1294.05,0.0000,0.0000,1,goal
1587,244,-428.84,6.11,910.12,0.0060,0.0271,0,collision
1575,265,7.25,8.43,1400.41,0.0000,0.0000,1,goal
1588,254,12.54,8.75,1405.63,0.0000,0.0000,1,goal
1576,376,-137.53,5.93,1476.39,0.0000,0.0930,1,goal
1589,229,34.83,9.75,1143.91,0.0000,0.0000,1,goal
1577,303,-50.87,7.35,1521.45,0.0000,0.0496,1,goal
1590,226,40.92,9.86,1085.88,0.0000,0.0000,1,goal
1591,275,-15.27,8.13,1312.36,0.0000,0.0000,1,goal
1578,334,-89.19,6.66,1367.49,0.0000,0.0511,1,goal
1592,241,25.38,9.27,1472.89,0.0000,0.0000,1,goal
644,226,44.09,9.90,979.84,0.0000,0.0000,1,goal
642,227,37.30,9.85,1326.65,0.0000,0.0000,1,goal
633,172,-333.88,7.20,772.65,0.0116,0.0155,0,collision
638,331,-64.04,6.74,1269.95,0.0000,0.0457,1,goal
645,347,-120.97,6.42,1374.55,0.0000,0.0527,1,goal
634,231,35.33,9.67,1000.29,0.0000,0.0000,1,goal
639,247,21.06,9.02,1394.07,0.0000,0.0000,1,goal
643,345,-112.23,6.47,1559.04,0.0000,0.0196,1,goal
635,117,-282.03,9.37,502.67,0.0082,0.0097,0,collision
1579,246,22.70,9.07,1260.93,0.0000,0.0000,1,goal
1593,336,-69.32,6.63,1444.43,0.0000,0.0331,1,goal
1580,236,-405.65,5.92,830.83,0.0056,0.0618,0,collision
1594,266,5.72,8.41,1259.23,0.0000,0.0282,1,goal
1581,131,-297.26,8.13,751.58,0.0111,0.0000,0,collision
1595,226,41.21,9.86,1196.56,0.0000,0.0000,1,goal
1582,261,9.70,8.54,1493.73,0.0000,0.0000,1,goal
1596,220,41.85,10.17,1055.56,0.0000,0.0000,1,goal
1583,256,14.16,8.69,1431.38,0.0000,0.0000,1,goal
1597,237,28.07,9.43,1383.91,0.0000,0.0000,1,goal
640,204,-370.21,6.86,821.56,0.0060,0.0300,0,collision
646,320,-61.39,6.99,1336.50,0.0000,0.0420,1,goal
636,282,-12.54,7.87,1554.15,0.0000,0.0000,1,goal
644,397,-162.08,5.58,1330.02,0.0000,0.1451,1,goal
641,260,6.88,8.60,1610.10,0.0000,0.0000,1,goal
647,330,-57.46,6.76,1404.54,0.0000,0.0346,1,goal
1598,232,-392.37,6.41,962.27,0.0045,0.0403,0,collision
1584,322,-64.78,6.92,1348.41,0.0000,0.0625,1,goal
1599,282,-24.04,7.90,1324.23,0.0000,0.0177,1,goal
1585,249,17.58,8.97,1363.68,0.0000,0.0000,1,goal
1586,174,-330.11,7.59,1001.07,0.0114,0.0078,0,collision
1600,298,-498.60,5.11,1005.96,0.0050,0.1715,0,collision
1587,309,-476.57,4.96,928.84,0.0020,0.2706,0,collision
1601,343,-99.76,6.51,1243.58,0.0000,0.0171,1,goal
1588,325,-80.81,6.85,1561.24,0.0000,0.0000,1,goal
1602,329,-74.46,6.78,1264.92,0.0000,0.0597,1,goal
637,282,-8.28,7.93,1476.35,0.0000,0.0001,1,goal
645,289,-18.59,7.71,1426.83,0.0000,0.0000,1,goal
642,288,-18.50,7.73,1529.50,0.0000,0.0000,1,goal
648,293,-18.49,7.56,1247.07,0.0000,0.0198,1,goal
638,325,-72.29,6.82,1411.64,0.0000,0.0304,1,goal
643,291,-26.39,7.67,1421.34,0.0000,0.0000,1,goal
646,369,-139.67,6.03,1480.44,0.0000,0.0821,1,goal
1603,307,-50.91,7.27,1487.64,0.0000,0.0199,1,goal
1589,371,-136.74,6.01,1449.33,0.0000,0.1104,1,goal
1604,377,-133.97,5.91,1340.68,0.0000,0.1997,1,goal
1590,339,-84.49,6.55,1448.77,0.0000,0.0653,1,goal
1605,122,-290.73,8.72,460.59,0.0138,0.0000,0,collision
1591,271,-458.65,5.60,741.40,0.0044,0.1376,0,collision
1606,230,33.19,9.70,1147.09,0.0000,0.0077,1,goal
1592,214,-368.89,6.78,838.26,0.0075,0.0083,0,collision
1607,237,27.95,9.41,1491.48,0.0000,0.0000,1,goal
1593,319,-66.42,7.01,1611.04,0.0000,0.0000,1,goal
649,363,-134.69,6.15,1377.60,0.0000,0.0674,1,goal
644,214,49.93,10.45,1066.11,0.0000,0.0000,1,goal
639,397,-180.42,5.61,1429.18,0.0000,0.1304,1,goal
650,131,-315.33,7.32,489.95,0.0074,0.1857,0,collision
647,402,-170.69,5.55,1507.20,0.0000,0.1402,1,goal
1608,277,-12.00,8.02,1393.84,0.0000,0.0000,1,goal
1594,373,-141.06,6.00,1528.98,0.0000,0.0643,1,goal
1609,206,-361.62,6.95,970.60,0.0053,0.0296,0,collision
1595,201,-355.47,6.93,939.72,0.0031,0.0593,0,collision
1596,265,7.16,8.44,1592.90,0.0000,0.0000,1,goal
1610,384,-147.96,5.82,1467.60,0.0000,0.1064,1,goal
1611,196,-345.24,7.28,907.13,0.0072,0.0517,0,collision
1597,341,-87.61,6.52,1407.68,0.0000,0.0095,1,goal
1612,269,-0.12,8.28,1453.86,0.0000,0.0003,1,goal
1598,315,-53.44,7.07,1334.74,0.0000,0.0228,1,goal
645,389,-155.62,5.72,1618.86,0.0000,0.1278,1,goal
640,314,-62.38,7.06,1250.24,0.0000,0.0240,1,goal
651,317,-63.78,7.03,1519.64,0.0000,0.0049,1,goal
648,353,-75.70,6.31,1565.28,0.0000,0.0658,1,goal
646,205,-349.68,7.70,835.68,0.0098,0.0062,0,collision
641,212,-353.38,7.02,843.63,0.0042,0.0521,0,collision
652,263,-454.98,5.76,968.19,0.0045,0.1176,0,collision
647,253,15.96,8.83,1414.91,0.0000,0.0000,1,goal
642,227,42.63,9.82,1121.77,0.0000,0.0000,1,goal
1613,126,-292.72,8.78,730.46,0.0079,0.0155,0,collision
1599,325,-63.16,6.85,1345.42,0.0000,0.0175,1,goal
1614,283,-13.49,7.84,1383.34,0.0000,0.0023,1,goal
1600,224,-366.00,7.01,948.18,0.0017,0.0196,0,collision
1615,247,21.11,9.05,1258.46,0.0000,0.0000,1,goal
1601,346,-106.77,6.44,1255.77,0.0000,0.0590,1,goal
1616,283,-14.06,7.86,1590.75,0.0000,0.0000,1,goal
1602,196,-349.78,6.81,936.26,0.0088,0.0463,0,collision
1603,203,-355.04,7.19,961.62,0.0048,0.0000,0,collision
1617,405,-166.29,5.52,1601.91,0.0000,0.1493,1,goal
649,366,-143.26,6.10,1483.79,0.0000,0.0747,1,goal
653,262,1.83,8.54,1402.21,0.0000,0.0000,1,goal
643,187,-356.80,5.61,583.17,0.0053,0.0085,0,collision
648,236,30.07,9.46,1370.48,0.0000,0.0000,1,goal
644,158,-320.97,7.82,886.26,0.0064,0.0000,0,collision
654,237,31.51,9.44,1258.30,0.0000,0.0000,1,goal
649,147,-324.95,6.56,650.43,0.0052,0.1519,0,collision
650,308,-38.00,7.25,1522.43,0.0000,0.0176,1,goal
1618,303,-43.49,7.35,1226.95,0.0000,0.0001,1,goal
1604,335,-67.33,6.66,1535.53,0.0000,0.0186,1,goal
1619,201,-353.40,7.30,1001.48,0.0092,0.0020,0,collision
1605,218,46.95,10.22,1112.22,0.0000,0.0000,1,goal
1620,235,33.43,9.49,1065.39,0.0000,0.0000,1,goal
1606,383,-156.93,5.81,1540.66,0.0000,0.0963,1,goal
1621,207,-358.50,7.09,974.73,0.0047,0.0000,0,collision
1607,401,-168.55,5.55,1599.41,0.0000,0.0778,1,goal
1622,396,-170.83,5.65,1420.61,0.0000,0.1388,1,goal
1608,394,-158.92,5.66,1490.38,0.0000,0.1167,1,goal
655,224,42.40,9.98,991.81,0.0000,0.0000,1,goal
650,218,-382.05,6.71,962.29,0.0075,0.0076,0,collision
645,313,-499.92,4.84,934.19,0.0025,0.1599,0,collision
651,431,-205.27,5.16,1498.90,0.0000,0.1814,1,goal
651,305,-33.99,7.34,1351.52,0.0000,0.0000,1,goal
656,355,-109.14,6.29,1538.18,0.0000,0.0307,1,goal
646,269,1.49,8.28,1362.80,0.0000,0.0000,1,goal
652,136,-300.73,7.80,626.10,0.0101,0.0000,0,collision
1623,226,-392.21,6.33,902.28,0.0074,0.0349,0,collision
1609,286,-17.97,7.79,1404.75,0.0000,0.0000,1,goal
1624,124,-291.88,8.69,615.66,0.0114,0.0063,0,collision
1610,288,-474.22,5.25,961.22,0.0045,0.0959,0,collision
1625,264,-1.40,8.46,1202.15,0.0000,0.0841,1,goal
1626,294,-36.83,7.61,1294.54,0.0000,0.0000,1,goal
1611,396,-161.21,5.61,1504.66,0.0000,0.0983,1,goal
1612,129,-293.02,8.54,636.61,0.0105,0.0000,0,collision
1627,321,-57.88,6.92,1417.19,0.0000,0.0319,1,goal
1613,339,-91.44,6.57,1535.55,0.0000,0.0074,1,goal
652,309,-45.38,7.22,1439.26,0.0000,0.0536,1,goal
657,284,-5.64,7.85,1352.86,0.0000,0.0000,1,goal
647,288,-15.32,7.72,1428.49,0.0000,0.0000,1,goal
653,226,37.36,9.85,1315.19,0.0000,0.0000,1,goal
653,290,-29.81,7.68,1081.15,0.0000,0.0068,1,goal
658,255,14.71,8.77,1203.03,0.0000,0.0012,1,goal
648,271,4.02,8.22,1288.73,0.0000,0.0000,1,goal
1614,147,-316.08,7.74,749.99,0.0038,0.0997,0,collision
1628,277,-438.18,5.66,895.05,0.0032,0.0900,0,collision
1615,239,-382.21,6.59,962.44,0.0053,0.0570,0,collision
1629,265,3.37,8.42,1320.26,0.0000,0.0000,1,goal
1616,216,-397.98,5.34,686.06,0.0078,0.0402,0,collision
1630,148,-337.80,6.50,522.40,0.0032,0.2640,0,collision
1617,254,16.79,8.82,1366.29,0.0000,0.0000,1,goal
1631,303,-34.75,7.39,1423.33,0.0000,0.0223,1,goal
1618,362,-115.45,6.16,1294.59,0.0000,0.0391,1,goal
1632,269,-439.01,5.83,930.78,0.0036,0.0450,0,collision
654,389,-155.08,5.70,1526.44,0.0000,0.0340,1,goal
654,291,-25.70,7.67,1380.66,0.0000,0.0000,1,goal
659,408,-200.34,5.45,1340.43,0.0000,0.1361,1,goal
655,234,33.36,9.52,1103.82,0.0000,0.0000,1,goal
649,409,-183.19,5.46,1689.56,0.0000,0.1190,1,goal
655,369,-134.29,6.08,1514.90,0.0000,0.0999,1,goal
1619,131,-296.17,8.41,675.73,0.0077,0.0148,0,collision
1633,225,-369.27,6.74,1062.62,0.0036,0.0890,0,collision
1634,236,32.21,9.42,1177.71,0.0000,0.0000,1,goal
1620,398,-171.84,5.58,1356.19,0.0000,0.0504,1,goal
1621,155,-316.54,7.80,779.77,0.0118,0.0510,0,collision
1635,402,-172.57,5.54,1477.49,0.0000,0.1512,1,goal
1622,294,-33.29,7.59,1514.70,0.0000,0.0000,1,goal
1636,274,-6.98,8.14,1349.12,0.0000,0.0000,1,goal
1623,211,-361.21,6.75,837.58,0.0042,0.0000,0,collision
1637,383,-146.52,5.82,1430.23,0.0000,0.0877,1,goal
656,247,18.41,9.02,1380.28,0.0000,0.0000,1,goal
650,342,-81.80,6.46,1602.40,0.0000,0.0222,1,goal
660,407,-178.63,5.45,1435.61,0.0000,0.1556,1,goal
656,255,14.88,8.75,1493.40,0.0000,0.0000,1,goal
657,335,-68.38,6.67,1435.51,0.0000,0.0153,1,goal
651,350,-109.26,6.36,1317.06,0.0000,0.0336,1,goal
1624,264,8.26,8.44,1279.98,0.0000,0.0000,1,goal
1638,338,-85.76,6.61,1446.72,0.0000,0.0004,1,goal
1625,256,12.51,8.70,1268.87,0.0000,0.0294,1,goal
1639,385,-147.04,5.79,1399.88,0.0000,0.0626,1,goal
1626,264,8.06,8.46,1539.39,0.0000,0.0000,1,goal
1640,205,-351.18,7.43,840.13,0.0088,0.0000,0,collision
1627,356,-116.71,6.28,1410.96,0.0000,0.0228,1,goal
1641,288,-16.06,7.72,1478.91,0.0000,0.0023,1,goal
1642,159,-321.09,7.69,936.23,0.0111,0.0000,0,collision
1628,260,10.08,8.56,1411.44,0.0000,0.0150,1,goal
661,369,-136.60,6.04,1470.95,0.0000,0.0932,1,goal
657,390,-157.93,5.69,1424.11,0.0000,0.0287,1,goal
658,378,-143.27,5.87,1312.09,0.0000,0.0569,1,goal
662,284,-8.87,7.85,1289.56,0.0000,0.0000,1,goal
652,373,-145.03,5.97,1309.25,0.0000,0.0972,1,goal
658,285,-13.05,7.83,1452.64,0.0000,0.0000,1,goal
1643,275,-9.57,8.12,1291.43,0.0000,0.0241,1,goal
1629,386,-149.57,5.78,1305.88,0.0000,0.0679,1,goal
1644,190,-371.54,5.75,617.06,0.0031,0.0061,0,collision
1630,207,-366.93,6.96,866.51,0.0049,0.0103,0,collision
1645,322,-70.16,6.92,1308.90,0.0000,0.0181,1,goal
1631,345,-100.27,6.45,1312.68,0.0000,0.1090,1,goal
1646,285,-18.91,7.81,1315.55,0.0000,0.0104,1,goal
1632,144,-309.53,7.42,608.35,0.0130,0.0000,0,collision
1647,166,-324.97,7.44,805.85,0.0089,0.0000,0,collision
1633,253,10.24,8.84,1247.37,0.0000,0.0000,1,goal
663,221,43.66,10.04,1217.21,0.0000,0.0000,1,goal
653,239,24.54,9.31,1273.00,0.0000,0.0000,1,goal
659,357,-110.90,6.24,1359.04,0.0000,0.1006,1,goal
659,256,-416.82,5.88,976.52,0.0051,0.0741,0,collision
654,230,36.82,9.73,1161.48,0.0000,0.0000,1,goal
664,320,-60.61,6.96,1490.05,0.0000,0.0233,1,goal
660,320,-58.53,6.96,1438.34,0.0000,0.0392,1,goal
660,286,-24.25,7.77,1366.15,0.0000,0.0000,1,goal
1648,197,-352.21,8.21,760.01,0.0050,0.0833,0,collision
1634,284,-12.11,7.85,1260.64,0.0000,0.0082,1,goal
1635,247,-400.70,6.38,1083.44,0.0055,0.0362,0,collision
1649,382,-153.04,5.84,1391.97,0.0000,0.0581,1,goal
1636,231,-387.56,6.73,1041.60,0.0057,0.0734,0,collision
1650,307,-52.31,7.26,1276.83,0.0000,0.0382,1,goal
1637,146,-307.11,8.63,749.86,0.0062,0.0000,0,collision
1638,342,-79.67,6.53,1285.93,0.0000,0.0228,1,goal
1651,385,-142.22,5.79,1408.39,0.0000,0.0366,1,goal
1639,166,-329.91,6.91,738.74,0.0073,0.0084,0,collision
665,174,-333.61,8.04,943.57,0.0096,0.0000,0,collision
655,284,-10.27,7.83,1338.23,0.0000,0.0000,1,goal
661,265,-1.12,8.42,1336.12,0.0000,0.0002,1,goal
661,283,-15.43,7.85,1344.00,0.0000,0.0297,1,goal
666,298,-41.32,7.47,1559.13,0.0000,0.0003,1,goal
656,308,-46.05,7.20,1402.27,0.0000,0.0005,1,goal
662,268,-0.51,8.32,1403.71,0.0000,0.0000,1,goal
662,243,25.06,9.17,1313.89,0.0000,0.0000,1,goal
1652,246,20.25,9.07,1420.56,0.0000,0.0000,1,goal
1640,362,-126.26,6.18,1437.62,0.0000,0.0989,1,goal
1653,142,-308.16,7.22,607.85,0.0024,0.0123,0,collision
1654,130,-295.15,8.43,622.80,0.0071,0.0099,0,collision
1641,241,26.55,9.27,1344.32,0.0000,0.0000,1,goal
1642,209,54.80,10.72,833.25,0.0000,0.0000,1,goal
1655,362,-129.01,6.16,1411.51,0.0000,0.0674,1,goal
1643,400,-177.98,5.57,1342.18,0.0000,0.0684,1,goal
1656,420,-179.90,5.32,1522.82,0.0000,0.0573,1,goal
1644,297,-27.02,7.49,1272.32,0.0000,0.0027,1,goal
667,247,15.35,9.01,1143.11,0.0000,0.0004,1,goal
663,152,-316.72,7.83,664.24,0.0091,0.0196,0,collision
663,244,25.50,9.12,1101.82,0.0000,0.0000,1,goal
657,307,-48.45,7.25,1543.74,0.0000,0.0438,1,goal
668,316,-58.26,7.07,1494.52,0.0000,0.0017,1,goal
664,325,-62.27,6.87,1487.51,0.0000,0.0013,1,goal
658,244,14.34,9.11,1429.03,0.0000,0.0000,1,goal
1657,282,-7.35,7.88,1346.28,0.0000,0.0000,1,goal
1645,343,-84.25,6.51,1190.72,0.0000,0.0416,1,goal
1658,278,-474.51,5.44,986.95,0.0055,0.1060,0,collision
1646,239,26.48,9.31,984.16,0.0000,0.0000,1,goal
1647,278,-7.57,8.05,1343.74,0.0000,0.0000,1,goal
1659,305,-48.26,7.32,1377.73,0.0000,0.0000,1,goal
1648,253,18.84,8.81,1189.93,0.0000,0.0000,1,goal
1660,340,-83.34,6.59,1266.10,0.0000,0.0347,1,goal
1649,273,-5.29,8.18,1375.50,0.0000,0.0063,1,goal
1661,388,-150.74,5.75,1457.22,0.0000,0.1004,1,goal
664,387,-162.76,5.77,1303.78,0.0000,0.0992,1,goal
669,210,-402.46,5.45,689.81,0.0087,0.0331,0,collision
665,141,-313.65,8.06,727.84,0.0069,0.1192,0,collision
665,339,-95.71,6.58,1199.48,0.0000,0.0271,1,goal
659,322,-69.29,6.91,1398.63,0.0000,0.0054,1,goal
660,140,-305.78,8.14,627.14,0.0013,0.1184,0,collision
670,393,-159.52,5.68,1413.85,0.0000,0.1138,1,goal
666,240,26.56,9.27,1271.62,0.0000,0.0000,1,goal
1650,327,-63.91,6.80,1500.01,0.0000,0.0014,1,goal
1662,364,-137.52,6.09,1190.08,0.0000,0.0768,1,goal
1651,300,-473.34,5.03,1016.03,0.0048,0.0670,0,collision
1663,275,-7.08,8.08,1451.61,0.0000,0.0092,1,goal
1664,263,9.82,8.47,1218.42,0.0000,0.0000,1,goal
1652,306,-38.31,7.27,1279.30,0.0000,0.0263,1,goal
1653,178,-339.11,6.39,653.73,0.0007,0.1005,0,collision
1665,310,-39.84,7.19,1523.95,0.0000,0.0075,1,goal
1654,310,-44.34,7.16,1440.68,0.0000,0.0104,1,goal
1666,358,-108.89,6.19,1523.45,0.0000,0.0503,1,goal
667,123,-288.86,8.59,504.46,0.0142,0.0165,0,collision
666,397,-168.72,5.62,1265.38,0.0000,0.1696,1,goal
661,256,14.56,8.73,1285.64,0.0000,0.0000,1,goal
671,260,7.08,8.59,1220.71,0.0000,0.0000,1,goal
668,270,3.15,8.26,1265.29,0.0000,0.0147,1,goal
667,272,3.07,8.22,1427.16,0.0000,0.0000,1,goal
669,106,-284.91,8.85,737.19,0.0061,0.0000,0,collision
668,113,-284.64,9.31,639.39,0.0139,0.0000,0,collision
662,365,-141.90,6.11,1359.08,0.0000,0.0673,1,goal
672,288,-19.27,7.76,1458.54,0.0000,0.0000,1,goal
1655,208,-353.53,7.25,1019.39,0.0096,0.0783,0,collision
1667,251,8.04,8.87,1467.95,0.0000,0.0000,1,goal
1668,236,-391.21,6.67,1071.72,0.0038,0.0525,0,collision
1656,322,-61.40,6.89,1414.65,0.0000,0.0205,1,goal
1669,293,-22.17,7.59,1290.22,0.0000,0.0013,1,goal
1657,384,-148.96,5.81,1089.90,0.0000,0.1356,1,goal
1670,291,-19.06,7.67,1501.78,0.0000,0.0154,1,goal
1658,319,-60.84,7.00,1090.87,0.0000,0.0000,1,goal
1671,293,-485.71,5.13,831.22,0.0038,0.0741,0,collision
1659,210,-370.34,6.63,793.22,0.0035,0.0524,0,collision
670,266,-435.03,5.85,980.44,0.0049,0.0203,0,collision
669,284,-22.61,7.79,1435.81,0.0000,0.0000,1,goal
673,254,19.64,8.78,1119.41,0.0000,0.0000,1,goal
663,372,-132.41,5.97,1240.98,0.0000,0.1187,1,goal
674,230,33.48,9.69,1157.25,0.0000,0.0000,1,goal
671,280,-9.30,7.96,1350.27,0.0000,0.0162,1,goal
1660,217,43.64,10.27,1052.73,0.0000,0.0000,1,goal
1672,298,-52.15,7.50,1462.75,0.0000,0.0033,1,goal
1661,393,-165.92,5.66,1395.84,0.0000,0.0831,1,goal
1673,343,-82.46,6.52,1161.41,0.0000,0.0440,1,goal
1674,212,-359.82,7.45,1153.34,0.0071,0.0000,0,collision
1662,333,-80.24,6.69,1304.35,0.0000,0.0000,1,goal
1675,224,-381.19,6.52,818.13,0.0051,0.0304,0,collision
1663,256,10.48,8.71,1387.37,0.0000,0.0169,1,goal
1676,260,8.60,8.56,1479.25,0.0000,0.0000,1,goal
1664,166,-324.52,7.79,775.79,0.0013,0.0572,0,collision
670,360,-119.13,6.20,1405.14,0.0000,0.0212,1,goal
664,362,-129.30,6.17,1344.20,0.0000,0.1133,1,goal
675,284,-450.03,5.40,999.40,0.0020,0.2489,0,collision
672,295,-29.56,7.53,1383.37,0.0000,0.0776,1,goal
671,322,-87.58,6.90,1284.84,0.0000,0.0191,1,goal
665,244,-391.00,6.25,828.37,0.0010,0.1303,0,collision
673,220,39.94,10.15,1269.81,0.0000,0.0000,1,goal
676,258,-438.32,5.85,900.84,0.0036,0.0574,0,collision
1677,253,12.75,8.80,1374.84,0.0000,0.0000,1,goal
1665,336,-82.21,6.58,1568.64,0.0000,0.0000,1,goal
1678,140,-303.81,8.74,561.43,0.0071,0.0070,0,collision
1679,131,-304.46,7.18,551.13,0.0036,0.0000,0,collision
1666,280,-12.48,7.98,1257.74,0.0000,0.0183,1,goal
1680,245,-391.84,6.24,925.75,0.0025,0.1227,0,collision
1667,266,5.25,8.38,1282.85,0.0000,0.0000,1,goal
1681,232,-389.24,6.77,991.21,0.0043,0.0622,0,collision
1668,236,-388.75,6.64,951.83,0.0075,0.0495,0,collision
1682,392,-160.38,5.69,1343.59,0.0000,0.1505,1,goal
672,153,-312.57,8.17,706.13,0.0052,0.0000,0,collision
666,230,-374.42,6.39,1037.18,0.0063,0.0711,0,collision
674,232,37.29,9.63,1143.62,0.0000,0.0000,1,goal
673,259,8.29,8.62,1119.25,0.0000,0.0295,1,goal
667,142,-314.09,7.04,517.23,0.0112,0.0101,0,collision
677,340,-86.20,6.55,1195.42,0.0000,0.0285,1,goal
668,145,-318.93,6.88,422.65,0.0111,0.0598,0,collision
675,288,-23.07,7.76,1447.16,0.0000,0.0002,1,goal
1683,203,62.12,11.03,787.10,0.0000,0.0000,1,goal
1669,240,-391.11,6.58,718.13,0.0043,0.0248,0,collision
1684,224,41.68,9.96,1266.71,0.0000,0.0000,1,goal
1670,274,-2.54,8.14,1402.22,0.0000,0.0023,1,goal
1685,297,-31.45,7.51,1384.97,0.0000,0.0304,1,goal
1671,253,17.34,8.80,1259.65,0.0000,0.0000,1,goal
1686,274,-5.05,8.14,1540.64,0.0000,0.0022,1,goal
1672,264,5.67,8.47,1318.68,0.0000,0.0000,1,goal
1673,138,-303.04,8.24,492.61,0.0019,0.0507,0,collision
1687,233,37.14,9.60,1046.34,0.0000,0.0000,1,goal
678,205,-358.26,7.18,978.18,0.0057,0.0105,0,collision
674,390,-150.59,5.70,1386.75,0.0000,0.0786,1,goal
676,305,-36.30,7.29,1141.68,0.0000,0.0181,1,goal
669,360,-120.49,6.16,1342.50,0.0000,0.0723,1,goal
679,426,-189.76,5.24,1311.57,0.0000,0.1224,1,goal
675,299,-38.82,7.45,1581.82,0.0000,0.0025,1,goal
1688,360,-126.27,6.20,1330.82,0.0000,0.0418,1,goal
1674,399,-174.22,5.63,1213.63,0.0000,0.0985,1,goal
1689,243,-393.44,6.48,989.15,0.0004,0.0268,0,collision
1675,246,21.96,9.06,1250.82,0.0000,0.0000,1,goal
1690,157,-317.68,8.18,698.95,0.0024,0.0759,0,collision
1676,280,-12.39,7.96,1520.12,0.0000,0.0107,1,goal
1691,247,-430.20,5.94,827.36,0.0064,0.0140,0,collision
1677,349,-97.15,6.37,1229.88,0.0000,0.0529,1,goal
1692,284,-26.91,7.83,1380.78,0.0000,0.0001,1,goal
1678,274,-1.37,8.10,1244.60,0.0000,0.0000,1,goal
670,298,-24.59,7.48,1440.04,0.0000,0.0204,1,goal
677,370,-140.80,6.02,1301.24,0.0000,0.0890,1,goal
680,339,-81.63,6.58,1559.23,0.0000,0.0000,1,goal
671,190,-350.30,6.69,846.16,0.0050,0.0684,0,collision
676,313,-53.19,7.09,1318.16,0.0000,0.0000,1,goal
678,274,-13.75,8.12,1424.01,0.0000,0.0220,1,goal
672,203,-354.51,7.20,984.64,0.0049,0.0000,0,collision
677,213,-364.90,7.34,965.51,0.0031,0.0198,0,collision
1693,207,55.12,10.76,1089.36,0.0000,0.0000,1,goal
1679,263,-7.56,8.50,1305.30,0.0000,0.0052,1,goal
1694,167,-328.96,7.97,688.40,0.0073,0.0000,0,collision
1680,344,-86.67,6.48,1214.19,0.0000,0.0687,1,goal
1695,274,-8.21,8.15,1379.86,0.0000,0.0000,1,goal
1696,201,-346.09,7.68,828.13,0.0024,0.0724,0,collision
1681,276,-10.31,8.06,1215.08,0.0000,0.0192,1,goal
1697,301,-35.18,7.42,1283.08,0.0000,0.0331,1,goal
1682,379,-150.98,5.87,1412.23,0.0000,0.0244,1,goal
1698,286,-19.24,7.77,1433.97,0.0000,0.0000,1,goal
681,258,8.59,8.63,1496.73,0.0000,0.0000,1,goal
679,289,-30.32,7.71,1401.31,0.0000,0.0198,1,goal
673,274,-4.57,8.14,1368.88,0.0000,0.0249,1,goal
682,305,-45.83,7.30,1298.83,0.0000,0.0304,1,goal
678,377,-150.62,5.91,1199.66,0.0000,0.0727,1,goal
674,250,7.79,8.90,1239.66,0.0000,0.0002,1,goal
1683,250,-411.53,6.30,945.75,0.0038,0.0651,0,collision
1699,358,-115.00,6.20,1261.90,0.0000,0.0380,1,goal
1684,356,-126.28,6.24,1255.02,0.0000,0.0222,1,goal
1700,286,-11.59,7.80,1452.41,0.0000,0.0108,1,goal
1685,111,-283.73,9.45,572.33,0.0152,0.0087,0,collision
1701,264,-8.63,8.43,1328.58,0.0000,0.0201,1,goal
1686,272,-1.82,8.18,1405.22,0.0000,0.0013,1,goal
1702,160,-323.33,7.78,667.70,0.0100,0.0155,0,collision
1703,222,37.09,10.02,1290.35,0.0000,0.0000,1,goal
1687,321,-67.17,6.89,1279.11,0.0000,0.0079,1,goal
680,313,-62.92,7.12,1425.99,0.0000,0.0010,1,goal
683,305,-58.22,7.28,1217.08,0.0000,0.0377,1,goal
679,286,-15.29,7.77,1365.34,0.0000,0.0318,1,goal
681,245,22.26,9.07,1396.41,0.0000,0.0000,1,goal
675,358,-119.55,6.22,1083.31,0.0000,0.0739,1,goal
680,235,23.98,9.48,1248.66,0.0000,0.0000,1,goal
684,255,20.17,8.74,1170.14,0.0000,0.0000,1,goal
682,178,-335.96,7.51,689.65,0.0101,0.0000,0,collision
1688,248,10.85,8.96,1281.35,0.0000,0.0450,1,goal
1704,252,17.50,8.84,1221.48,0.0000,0.0030,1,goal
1689,248,16.73,8.99,1250.31,0.0000,0.0000,1,goal
1705,270,-2.09,8.27,1351.89,0.0000,0.0130,1,goal
1690,101,-270.74,10.51,350.14,0.0080,0.0000,0,collision
1706,203,-367.05,7.10,705.28,0.0054,0.0004,0,collision
1691,282,-16.77,7.90,1192.20,0.0000,0.0000,1,goal
1692,110,-279.20,9.73,512.62,0.0141,0.0000,0,collision
1707,269,-3.74,8.28,1392.21,0.0000,0.0020,1,goal
1693,330,-499.95,6.72,1191.13,0.0022,0.0379,0,collision
683,114,-284.17,9.33,542.30,0.0084,0.0082,0,collision
685,174,-334.62,7.39,528.38,0.0008,0.0989,0,collision
684,78,-253.21,10.50,185.20,0.0064,0.0000,0,collision
676,287,-34.01,7.76,1208.74,0.0000,0.0372,1,goal
677,118,-296.66,8.22,438.01,0.0071,0.1362,0,collision
681,388,-161.34,5.75,1286.25,0.0000,0.1295,1,goal
686,282,-15.88,7.93,1295.68,0.0000,0.0310,1,goal
685,253,16.34,8.77,1222.04,0.0000,0.0046,1,goal
682,239,23.97,9.31,1374.10,0.0000,0.0000,1,goal
678,270,-4.80,8.23,1327.53,0.0000,0.0308,1,goal
1708,321,-66.95,6.94,1376.93,0.0000,0.0035,1,goal
1694,334,-71.23,6.70,1374.89,0.0000,0.0150,1,goal
1695,241,25.07,9.31,1196.85,0.0000,0.0000,1,goal
1709,352,-116.32,6.33,1265.00,0.0000,0.0220,1,goal
1710,175,-332.07,7.74,822.73,0.0074,0.0000,0,collision
1696,359,-140.81,6.22,1382.26,0.0000,0.0015,1,goal
1711,260,6.12,8.59,1433.18,0.0000,0.0045,1,goal
1697,300,-36.17,7.44,1370.54,0.0000,0.0122,1,goal
1712,245,16.70,9.05,1462.63,0.0000,0.0000,1,goal
1698,261,0.53,8.53,1235.36,0.0000,0.0253,1,goal
687,272,-2.25,8.19,1209.61,0.0000,0.0013,1,goal
686,249,21.78,8.92,1269.82,0.0000,0.0000,1,goal
679,214,49.41,10.42,848.77,0.0000,0.0000,1,goal
687,114,-279.35,9.67,517.57,0.0104,0.0124,0,collision
683,236,31.11,9.44,1133.99,0.0000,0.0070,1,goal
688,245,24.38,9.14,1260.11,0.0000,0.0000,1,goal
688,277,-12.46,8.00,1345.57,0.0000,0.0176,1,goal
684,286,-29.34,7.78,1199.23,0.0000,0.0069,1,goal
1713,231,32.26,9.64,1075.07,0.0000,0.0066,1,goal
1699,245,12.07,9.06,1038.26,0.0000,0.0413,1,goal
1714,272,-5.94,8.16,1431.38,0.0000,0.0042,1,goal
1700,274,-10.49,8.13,1329.85,0.0000,0.0358,1,goal
1701,234,-400.99,6.24,560.78,0.0068,0.1058,0,collision
1715,287,-11.08,7.78,1345.48,0.0000,0.0362,1,goal
1702,126,-312.37,7.69,404.95,0.0067,0.0845,0,collision
1703,248,21.41,9.00,1339.09,0.0000,0.0000,1,goal
1716,369,-138.31,6.05,1373.43,0.0000,0.0709,1,goal
1704,352,-113.70,6.34,1299.59,0.0000,0.0322,1,goal
680,354,-127.98,6.29,1413.90,0.0000,0.0059,1,goal
689,378,-139.10,5.89,1355.69,0.0000,0.0593,1,goal
685,230,33.62,9.70,1236.55,0.0000,0.0102,1,goal
689,242,17.61,9.17,1299.69,0.0000,0.0000,1,goal
681,191,-345.48,7.95,764.45,0.0043,0.0786,0,collision
690,184,-337.53,8.12,721.89,0.0068,0.0817,0,collision
690,305,-49.99,7.28,1274.62,0.0000,0.0339,1,goal
1717,120,-296.01,9.16,493.86,0.0038,0.0302,0,collision
1718,126,-292.62,9.65,691.81,0.0079,0.0000,0,collision
1705,302,-49.02,7.37,1422.53,0.0000,0.0062,1,goal
1719,239,-405.92,6.27,775.55,0.0048,0.0690,0,collision
1706,250,10.72,8.89,1260.22,0.0000,0.0000,1,goal
1720,262,10.97,8.51,1091.62,0.0000,0.0179,1,goal
1707,278,-15.07,7.99,1259.01,0.0000,0.0137,1,goal
1721,260,11.90,8.58,1044.31,0.0000,0.0187,1,goal
1708,221,44.16,10.08,1034.80,0.0000,0.0091,1,goal
1722,222,45.25,10.10,874.30,0.0000,0.0000,1,goal
686,366,-140.00,6.08,1224.91,0.0000,0.0699,1,goal
682,374,-156.52,5.93,1163.24,0.0000,0.0589,1,goal
691,340,-80.63,6.55,1143.29,0.0000,0.0531,1,goal
691,276,-9.16,8.06,1350.98,0.0000,0.0000,1,goal
683,274,-11.21,8.12,1149.37,0.0000,0.0000,1,goal
687,368,-141.58,6.03,1324.43,0.0000,0.0426,1,goal
692,262,6.82,8.53,1217.40,0.0000,0.0338,1,goal
1723,233,33.29,9.57,1301.61,0.0000,0.0031,1,goal
1709,315,-53.79,7.08,1311.77,0.0000,0.0000,1,goal
1724,129,-295.88,8.50,417.42,0.0138,0.0199,0,collision
1725,123,-292.31,8.65,382.18,0.0071,0.0073,0,collision
1710,227,36.35,9.81,1087.51,0.0000,0.0000,1,goal
1726,300,-45.24,7.40,1426.74,0.0000,0.0216,1,goal
1711,268,-449.77,5.66,670.65,0.0028,0.0534,0,collision
1712,154,-314.17,8.50,773.55,0.0094,0.0000,0,collision
1727,217,-376.35,7.20,850.82,0.0069,0.0536,0,collision
1713,158,-315.80,7.95,641.62,0.0103,0.0000,0,collision
692,261,-3.53,8.52,1467.29,0.0000,0.0000,1,goal
684,247,25.04,9.02,1099.14,0.0000,0.0000,1,goal
693,141,-310.29,7.81,423.02,0.0092,0.0140,0,collision
688,263,-422.03,6.15,917.59,0.0043,0.0850,0,collision
693,265,5.23,8.42,1268.70,0.0000,0.0383,1,goal
685,218,-375.59,6.71,793.20,0.0039,0.0008,0,collision
694,279,-9.25,7.95,1218.70,0.0000,0.0098,1,goal
689,267,4.30,8.35,1202.06,0.0000,0.0002,1,goal
694,247,18.02,9.05,1184.02,0.0000,0.0668,1,goal
1728,222,45.01,10.03,993.56,0.0000,0.0000,1,goal
1714,292,-36.03,7.63,1164.93,0.0000,0.0204,1,goal
1729,122,-288.80,9.85,567.63,0.0086,0.0166,0,collision
1715,249,20.83,8.98,1118.29,0.0000,0.0000,1,goal
1730,290,-30.44,7.66,1164.15,0.0000,0.0354,1,goal
1716,233,33.34,9.58,1098.03,0.0000,0.0000,1,goal
1731,384,-167.23,5.81,1333.52,0.0000,0.0394,1,goal
1717,301,-42.91,7.41,1341.53,0.0000,0.0000,1,goal
1732,295,-19.27,7.56,1278.02,0.0000,0.0354,1,goal
1718,259,-2.17,8.60,1094.25,0.0000,0.0067,1,goal
686,234,26.88,9.50,1070.41,0.0000,0.0018,1,goal
695,293,-28.70,7.60,1388.68,0.0000,0.0512,1,goal
690,314,-58.31,7.10,1318.16,0.0000,0.0461,1,goal
695,326,-75.63,6.85,1451.27,0.0000,0.0173,1,goal
687,373,-141.19,5.98,1096.71,0.0000,0.0252,1,goal
696,263,-459.13,5.61,730.48,0.0024,0.0132,0,collision
1719,236,31.96,9.44,1055.03,0.0000,0.0126,1,goal
1733,252,15.75,8.86,1155.99,0.0000,0.0063,1,goal
1734,223,38.82,9.97,1060.91,0.0000,0.0000,1,goal
1720,240,16.77,9.30,1075.90,0.0000,0.0038,1,goal
1735,260,3.32,8.56,1397.47,0.0000,0.0000,1,goal
1721,321,-59.18,6.96,1435.70,0.0000,0.0007,1,goal
1736,153,-314.64,8.64,684.30,0.0113,0.0000,0,collision
1722,246,17.05,9.09,1115.25,0.0000,0.0000,1,goal
1723,220,-375.50,6.93,791.14,0.0068,0.0399,0,collision
1737,383,-152.13,5.84,1210.60,0.0000,0.1036,1,goal
691,307,-53.57,7.27,1309.09,0.0000,0.0306,1,goal
696,374,-143.97,5.96,1280.35,0.0000,0.0067,1,goal
692,114,-278.87,9.71,413.86,0.0086,0.0000,0,collision
688,404,-168.02,5.51,1282.87,0.0000,0.1669,1,goal
697,356,-129.82,6.25,1199.73,0.0000,0.0437,1,goal
697,235,33.72,9.51,1110.53,0.0000,0.0000,1,goal
693,330,-77.70,6.74,1051.20,0.0000,0.0293,1,goal
1738,245,20.53,9.12,1241.22,0.0000,0.0000,1,goal
1724,391,-175.24,5.70,1242.19,0.0000,0.0814,1,goal
1739,332,-78.79,6.70,1296.53,0.0000,0.0312,1,goal
1740,161,-320.26,8.33,612.04,0.0124,0.0301,0,collision
1725,368,-142.31,6.06,1070.54,0.0000,0.0892,1,goal
1741,243,22.06,9.18,1213.36,0.0000,0.0000,1,goal
1726,362,-141.18,6.17,1171.52,0.0000,0.0208,1,goal
1727,124,-299.03,8.59,451.70,0.0096,0.0122,0,collision
1742,388,-154.01,5.74,1166.23,0.0000,0.0536,1,goal
1728,251,-443.36,5.93,706.99,0.0042,0.0079,0,collision
689,232,34.07,9.63,1170.71,0.0000,0.0068,1,goal
698,312,-55.18,7.15,1475.46,0.0000,0.0211,1,goal
698,244,-415.39,6.05,688.32,0.0029,0.0921,0,collision
694,269,0.35,8.29,1318.81,0.0000,0.0086,1,goal
690,245,18.73,9.10,1170.45,0.0000,0.0000,1,goal
699,161,-322.66,7.59,752.18,0.0058,0.0000,0,collision
699,223,43.79,10.00,1008.65,0.0000,0.0000,1,goal
700,112,-281.02,9.42,519.16,0.0138,0.0000,0,collision
691,181,-350.09,7.76,722.47,0.0071,0.0371,0,collision
1729,301,-42.61,7.41,1302.72,0.0000,0.0299,1,goal
1743,376,-153.58,5.89,1365.74,0.0000,0.0549,1,goal
1744,118,-288.10,9.26,655.29,0.0135,0.0125,0,collision
1730,297,-40.47,7.48,1064.03,0.0000,0.0283,1,goal
1745,402,-168.35,5.53,1369.75,0.0000,0.1944,1,goal
1731,321,-77.99,6.94,1281.11,0.0000,0.0233,1,goal
1732,183,-341.10,8.76,820.45,0.0011,0.0198,0,collision
1746,213,48.28,10.46,1048.56,0.0000,0.0080,1,goal
1733,271,-2.57,8.21,1285.38,0.0000,0.0393,1,goal
1747,272,-9.50,8.20,1284.52,0.0000,0.0187,1,goal
700,281,-16.41,7.93,1409.30,0.0000,0.0149,1,goal
695,337,-94.78,6.61,1158.18,0.0000,0.0414,1,goal
696,116,-283.93,10.34,658.70,0.0115,0.0000,0,collision
692,340,-79.67,6.54,1204.20,0.0000,0.0501,1,goal
701,384,-159.84,5.80,1249.07,0.0000,0.1132,1,goal
701,304,-58.10,7.31,1264.94,0.0000,0.0508,1,goal
693,136,-318.86,6.93,346.07,0.0084,0.0256,0,collision
1734,309,-51.71,7.21,1318.68,0.0000,0.0000,1,goal
1748,417,-198.84,5.32,1421.81,0.0000,0.2252,1,goal
1735,297,-34.47,7.49,1352.60,0.0000,0.0207,1,goal
1749,363,-131.24,6.14,1150.86,0.0000,0.0566,1,goal
1736,336,-104.88,6.61,1174.62,0.0000,0.0516,1,goal
1750,343,-87.39,6.49,1231.64,0.0000,0.0275,1,goal
1737,283,-11.95,7.84,1257.89,0.0000,0.0351,1,goal
1751,243,20.80,9.15,1308.78,0.0000,0.0422,1,goal
1738,298,-40.49,7.47,1353.39,0.0000,0.0166,1,goal
1752,280,-5.29,7.98,1182.87,0.0000,0.0000,1,goal
697,321,-69.31,6.94,1269.31,0.0000,0.0978,1,goal
702,245,22.93,9.11,1144.86,0.0000,0.0033,1,goal
702,264,3.39,8.44,1154.39,0.0000,0.0000,1,goal
694,341,-120.64,6.52,1166.76,0.0000,0.0069,1,goal
698,259,-2.36,8.62,1276.06,0.0000,0.0000,1,goal
703,259,7.16,8.62,1071.70,0.0000,0.0000,1,goal
703,255,13.73,8.74,1261.46,0.0000,0.0000,1,goal
704,133,-307.39,8.48,534.16,0.0009,0.1226,0,collision
1739,241,15.49,9.25,1174.42,0.0000,0.0335,1,goal
1753,270,-3.41,8.19,1478.83,0.0000,0.0002,1,goal
1740,234,-391.39,6.65,803.35,0.0056,0.0068,0,collision
1754,313,-60.47,7.11,1318.27,0.0000,0.0000,1,goal
1741,369,-140.53,6.05,1405.98,0.0000,0.0642,1,goal
1755,338,-86.10,6.60,1215.81,0.0000,0.0351,1,goal
1742,132,-304.24,8.87,605.22,0.0124,0.0151,0,collision
1743,159,-320.56,8.78,651.79,0.0075,0.0067,0,collision
1756,218,-378.21,6.99,752.08,0.0046,0.0757,0,collision
1744,260,9.93,8.60,1379.95,0.0000,0.0000,1,goal
695,277,-17.46,8.06,1370.86,0.0000,0.0104,1,goal
699,283,-16.34,7.83,1223.92,0.0000,0.0000,1,goal
704,210,-375.21,6.70,693.87,0.0037,0.0313,0,collision
705,248,15.16,8.98,1376.09,0.0000,0.0000,1,goal
700,151,-314.45,8.22,707.29,0.0050,0.0000,0,collision
696,268,4.73,8.29,1193.97,0.0000,0.0182,1,goal
701,107,-281.59,9.47,583.09,0.0137,0.0000,0,collision
705,357,-121.77,6.23,1257.03,0.0000,0.0298,1,goal
706,280,-20.45,7.94,1145.72,0.0000,0.0079,1,goal
1757,108,-285.70,9.74,527.87,0.0106,0.0000,0,collision
1758,118,-284.64,9.19,479.82,0.0156,0.0000,0,collision
1745,239,27.48,9.31,1057.65,0.0000,0.0000,1,goal
1746,237,28.71,9.39,1322.17,0.0000,0.0000,1,goal
1759,291,-43.10,7.62,1292.21,0.0000,0.0149,1,goal
1760,217,-385.96,6.56,655.41,0.0056,0.0197,0,collision
1747,287,-22.35,7.75,1398.95,0.0000,0.0053,1,goal
1761,127,-313.58,8.19,445.04,0.0084,0.0000,0,collision
1762,256,9.36,8.67,1151.44,0.0000,0.0212,1,goal
1748,370,-142.46,6.03,1228.09,0.0000,0.0541,1,goal
702,212,-363.03,7.43,915.61,0.0039,0.0124,0,collision
697,385,-151.79,5.78,1327.89,0.0000,0.1818,1,goal
707,314,-72.06,7.11,1215.13,0.0000,0.0374,1,goal
706,380,-158.33,5.84,1251.36,0.0000,0.0714,1,goal
703,352,-113.42,6.32,1352.54,0.0000,0.0163,1,goal
707,109,-286.33,8.55,462.88,0.0033,0.0000,0,collision
698,277,-7.26,8.03,1161.97,0.0000,0.0190,1,goal
1749,258,3.13,8.60,1392.21,0.0000,0.0352,1,goal
1763,315,-52.46,7.07,1197.43,0.0000,0.0388,1,goal
1750,185,-336.51,8.10,681.18,0.0069,0.0628,0,collision
1764,291,-28.97,7.62,1468.74,0.0000,0.0049,1,goal
1751,320,-68.66,6.88,1352.02,0.0000,0.0809,1,goal
1765,322,-69.38,6.92,1232.21,0.0000,0.0000,1,goal
1752,295,-31.37,7.51,1259.51,0.0000,0.0110,1,goal
1766,241,23.87,9.23,1254.08,0.0000,0.0000,1,goal
1767,121,-291.45,8.98,537.69,0.0067,0.0084,0,collision
1753,319,-494.80,6.35,1298.72,0.0052,0.0274,0,collision
708,286,-457.72,5.47,994.90,0.0051,0.0448,0,collision
704,226,38.25,9.87,1255.76,0.0000,0.0000,1,goal
699,165,-330.25,7.57,847.61,0.0085,0.0000,0,collision
708,262,10.57,8.49,1212.72,0.0000,0.0000,1,goal
709,130,-319.63,7.71,682.01,0.0090,0.0000,0,collision
709,268,0.86,8.32,1279.23,0.0000,0.0000,1,goal
700,221,-376.19,7.14,980.48,0.0085,0.0113,0,collision
710,140,-323.38,6.94,467.40,0.0045,0.1766,0,collision
705,389,-155.96,5.74,1297.46,0.0000,0.0625,1,goal
1768,106,-284.69,8.87,493.51,0.0102,0.0094,0,collision
1754,264,2.62,8.40,1263.02,0.0000,0.0002,1,goal
1769,300,-44.72,7.44,1078.77,0.0000,0.0106,1,goal
1755,276,-13.00,8.05,1113.65,0.0000,0.0000,1,goal
1770,228,-402.72,6.17,704.34,0.0064,0.0433,0,collision
1756,167,-324.12,8.07,761.51,0.0077,0.0045,0,collision
1771,128,-308.10,7.36,513.76,0.0035,0.0000,0,collision
1757,382,-145.34,5.84,1304.58,0.0000,0.1831,1,goal
1772,393,-157.32,5.68,1279.43,0.0000,0.0347,1,goal
1758,135,-297.04,10.18,766.42,0.0109,0.0000,0,collision
706,148,-318.66,7.28,493.21,0.0108,0.0643,0,collision
701,300,-37.76,7.41,1300.50,0.0000,0.0018,1,goal
710,315,-54.43,7.08,1220.78,0.0000,0.0752,1,goal
711,200,-369.66,7.15,890.18,0.0083,0.0286,0,collision
707,127,-293.51,8.59,695.38,0.0055,0.0063,0,collision
712,103,-276.94,9.09,404.42,0.0097,0.0000,0,collision
713,94,-272.29,8.72,343.17,0.0041,0.0000,0,collision
702,337,-87.41,6.60,1217.93,0.0000,0.0189,1,goal
711,350,-101.44,6.35,1347.57,0.0000,0.0517,1,goal
708,283,-13.42,7.86,1436.83,0.0000,0.0103,1,goal
1759,261,12.97,8.54,1122.03,0.0000,0.0004,1,goal
1773,273,-2.75,8.14,1369.32,0.0000,0.0000,1,goal
1774,144,-327.19,6.74,569.66,0.0068,0.0527,0,collision
1760,311,-46.88,7.15,1325.81,0.0000,0.0084,1,goal
1775,307,-51.66,7.26,1345.66,0.0000,0.0493,1,goal
1761,314,-68.12,7.11,1233.19,0.0000,0.0334,1,goal
1776,281,-12.31,7.93,1459.45,0.0000,0.0000,1,goal
1762,334,-72.51,6.69,1374.78,0.0000,0.0000,1,goal
1777,277,-21.45,8.02,1226.11,0.0000,0.0953,1,goal
1763,122,-289.92,8.88,467.76,0.0107,0.0000,0,collision
714,259,3.37,8.61,1190.89,0.0000,0.0012,1,goal
703,285,-12.75,7.82,1231.85,0.0000,0.0000,1,goal
715,152,-313.31,8.22,702.12,0.0121,0.0000,0,collision
712,278,-15.02,8.02,1267.36,0.0000,0.0000,1,goal
709,377,-147.91,5.90,1344.35,0.0000,0.0144,1,goal
713,246,-405.52,6.41,941.50,0.0038,0.0299,0,collision
704,285,-14.14,7.82,1496.30,0.0000,0.0019,1,goal
716,290,-33.14,7.69,1153.50,0.0000,0.0000,1,goal
1764,159,-330.52,7.71,695.00,0.0075,0.0102,0,collision
1778,196,-342.97,7.87,865.19,0.0087,0.0200,0,collision
1765,219,47.37,10.17,1090.14,0.0000,0.0000,1,goal
1779,212,-366.48,6.69,870.62,0.0032,0.0039,0,collision
1780,272,-7.63,8.15,1285.02,0.0000,0.0014,1,goal
1766,351,-104.80,6.36,1219.53,0.0000,0.0356,1,goal
1767,115,-284.92,9.58,522.80,0.0173,0.0152,0,collision
1768,117,-284.27,9.43,457.13,0.0072,0.0128,0,collision
1781,288,-32.61,7.69,1290.84,0.0000,0.0000,1,goal
1769,314,-53.60,7.11,1183.46,0.0000,0.0028,1,goal
714,121,-290.49,8.87,625.72,0.0084,0.0000,0,collision
710,263,2.74,8.47,1088.13,0.0000,0.0324,1,goal
715,132,-308.43,7.58,487.56,0.0136,0.0118,0,collision
717,261,12.30,8.54,1027.62,0.0000,0.0038,1,goal
705,278,-18.99,7.98,1357.99,0.0000,0.0207,1,goal
711,283,-14.22,7.88,1225.70,0.0000,0.0106,1,goal
1770,107,-274.32,9.88,268.60,0.0175,0.0218,0,collision
1782,124,-288.35,8.91,522.45,0.0143,0.0321,0,collision
1783,256,8.91,8.71,1108.73,0.0000,0.0332,1,goal
1771,323,-60.32,6.89,1215.10,0.0000,0.0354,1,goal
1784,233,33.19,9.57,1215.23,0.0000,0.0000,1,goal
1772,239,27.85,9.30,1203.35,0.0000,0.0000,1,goal
1785,234,30.46,9.51,1186.18,0.0000,0.0000,1,goal
1773,262,6.16,8.51,1252.18,0.0000,0.0000,1,goal
1774,132,-301.25,8.46,521.92,0.0126,0.0207,0,collision
1786,365,-121.97,6.08,1224.83,0.0000,0.1512,1,goal
718,290,-22.32,7.71,1368.57,0.0000,0.0194,1,goal
716,353,-119.19,6.32,1199.70,0.0000,0.0169,1,goal
706,316,-59.99,7.07,1269.07,0.0000,0.0554,1,goal
712,248,23.29,8.99,1279.84,0.0000,0.0000,1,goal
719,255,16.65,8.75,1436.93,0.0000,0.0000,1,goal
707,281,-9.28,7.89,1224.15,0.0000,0.0000,1,goal
717,333,-67.80,6.71,1173.21,0.0000,0.0770,1,goal
713,263,2.72,8.51,1110.54,0.0000,0.0000,1,goal
708,129,-299.63,8.41,555.95,0.0123,0.0000,0,collision
1787,175,-343.17,7.73,742.96,0.0045,0.0395,0,collision
1775,274,-13.27,8.12,1190.54,0.0000,0.0000,1,goal
1788,328,-70.71,6.76,1205.73,0.0000,0.0060,1,goal
1776,259,3.57,8.64,986.31,0.0000,0.0000,1,goal
1777,128,-294.47,9.47,581.88,0.0148,0.0442,0,collision
1789,279,-3.21,8.01,1167.09,0.0000,0.0373,1,goal
1778,187,-347.50,8.29,698.05,0.0053,0.0151,0,collision
1790,355,-96.80,6.24,1100.87,0.0000,0.0461,1,goal
1779,392,-170.42,5.69,1206.20,0.0000,0.1026,1,goal
1791,131,-303.47,8.44,386.11,0.0074,0.0413,0,collision
720,224,41.25,9.94,931.85,0.0000,0.0000,1,goal
718,235,26.04,9.47,1205.69,0.0000,0.0000,1,goal
714,288,-25.79,7.74,1230.60,0.0000,0.0008,1,goal
709,266,-0.51,8.38,1272.84,0.0000,0.0000,1,goal
721,341,-83.73,6.53,1229.08,0.0000,0.0000,1,goal
715,225,43.74,9.94,989.02,0.0000,0.0000,1,goal
719,300,-474.18,6.25,899.54,0.0055,0.1056,0,collision
710,265,-1.58,8.42,1380.32,0.0000,0.0489,1,goal
1792,205,-355.13,7.69,583.08,0.0042,0.0404,0,collision
1780,284,-17.22,7.84,1173.88,0.0000,0.0108,1,goal
1793,208,-357.75,7.81,790.63,0.0068,0.0636,0,collision
1781,252,-391.69,8.17,1222.00,0.0033,0.0532,0,collision
1794,280,-15.90,7.93,1051.67,0.0000,0.0112,1,goal
1782,289,-18.56,7.74,1085.84,0.0000,0.0012,1,goal
1795,297,-51.98,7.47,1297.46,0.0000,0.0398,1,goal
1783,336,-78.52,6.64,1171.63,0.0000,0.0388,1,goal
1796,216,-381.11,7.24,861.02,0.0041,0.0000,0,collision
1784,384,-138.92,5.80,1211.80,0.0000,0.1299,1,goal
722,271,-4.64,8.22,1190.94,0.0000,0.0105,1,goal
716,242,-372.84,8.65,1103.63,0.0020,0.0053,0,collision
720,247,23.45,9.04,1125.64,0.0000,0.0000,1,goal
711,304,-53.30,7.32,1125.30,0.0000,0.0269,1,goal
721,200,-348.66,7.80,875.15,0.0023,0.0118,0,collision
717,261,8.72,8.57,1271.24,0.0000,0.0278,1,goal
723,382,-156.30,5.81,1380.81,0.0000,0.0833,1,goal
1785,229,38.22,9.76,1054.16,0.0000,0.0000,1,goal
1797,302,-52.12,7.38,1160.12,0.0000,0.0023,1,goal
1786,246,21.08,9.06,1097.76,0.0000,0.0099,1,goal
1798,234,32.96,9.54,994.07,0.0000,0.0001,1,goal
1787,263,8.05,8.51,1150.52,0.0000,0.0000,1,goal
1799,269,1.12,8.30,1282.30,0.0000,0.0017,1,goal
1788,267,3.55,8.35,1063.83,0.0000,0.0000,1,goal
1800,283,-10.53,7.87,1168.70,0.0000,0.0042,1,goal
1789,186,-342.59,7.16,575.50,0.0108,0.0456,0,collision
1801,353,-101.62,6.33,1227.15,0.0000,0.0465,1,goal
718,168,-325.71,8.36,691.35,0.0086,0.0000,0,collision
712,373,-131.51,5.98,1255.29,0.0000,0.1433,1,goal
719,109,-278.07,10.02,502.96,0.0081,0.0045,0,collision
722,334,-88.76,6.67,1179.24,0.0000,0.0342,1,goal
724,320,-81.18,6.95,1023.97,0.0000,0.0761,1,goal
720,172,-332.04,7.74,687.23,0.0104,0.0000,0,collision
713,247,12.97,9.02,1204.31,0.0000,0.0049,1,goal
725,119,-292.67,8.82,616.09,0.0064,0.0000,0,collision
723,270,-415.88,7.82,1093.88,0.0023,0.0469,0,collision
1802,112,-284.20,9.48,394.99,0.0152,0.0000,0,collision
1790,245,21.52,9.12,1307.98,0.0000,0.0078,1,goal
1803,174,-332.70,7.85,714.77,0.0057,0.0000,0,collision
1804,211,-372.66,6.73,797.22,0.0075,0.0481,0,collision
1791,288,-26.64,7.73,1272.29,0.0000,0.0003,1,goal
1805,178,-328.04,9.05,712.62,0.0020,0.0174,0,collision
1792,229,35.23,9.75,1062.86,0.0000,0.0020,1,goal
1806,253,7.62,8.79,1133.62,0.0000,0.0109,1,goal
1793,226,-383.30,6.81,787.20,0.0018,0.1149,0,collision
1807,229,36.34,9.76,1009.57,0.0000,0.0019,1,goal
714,233,32.18,9.57,1057.31,0.0000,0.0000,1,goal
726,259,6.21,8.61,1092.34,0.0000,0.0078,1,goal
721,392,-173.63,5.68,1222.60,0.0000,0.0550,1,goal
724,299,-38.00,7.43,1139.72,0.0000,0.0238,1,goal
715,283,-18.55,7.88,1135.83,0.0000,0.0126,1,goal
727,287,-11.66,7.76,1243.88,0.0000,0.0079,1,goal
722,267,-3.27,8.34,1162.43,0.0000,0.0051,1,goal
725,253,8.79,8.82,1067.65,0.0000,0.0261,1,goal
1794,190,-352.65,7.34,778.48,0.0090,0.0275,0,collision
1808,388,-144.48,5.73,1245.30,0.0000,0.1304,1,goal
1795,371,-145.50,6.01,1198.94,0.0000,0.0792,1,goal
1809,375,-144.22,5.94,1306.42,0.0000,0.0574,1,goal
1796,271,-2.16,8.23,1362.71,0.0000,0.0116,1,goal
1797,148,-320.67,7.85,617.36,0.0110,0.0365,0,collision
1810,343,-106.88,6.51,1303.16,0.0000,0.0332,1,goal
1798,251,16.23,8.85,1195.91,0.0000,0.0000,1,goal
1811,280,-7.56,7.96,1267.14,0.0000,0.0077,1,goal
1799,293,-50.48,7.61,1149.04,0.0000,0.0177,1,goal
728,123,-295.83,8.76,465.22,0.0072,0.0531,0,collision
726,158,-318.60,8.38,655.99,0.0078,0.0000,0,collision
716,272,-1.51,8.24,1170.56,0.0000,0.0446,1,goal
723,204,-393.55,5.66,596.21,0.0086,0.1009,0,collision
729,286,-20.02,7.78,1305.16,0.0000,0.0050,1,goal
727,267,-8.27,8.36,1239.75,0.0000,0.0000,1,goal
717,246,24.89,9.05,1263.00,0.0000,0.0000,1,goal
1812,205,-360.73,7.55,697.46,0.0055,0.0761,0,collision
1800,302,-497.02,4.85,735.69,0.0033,0.0256,0,collision
1801,186,-358.31,7.37,662.04,0.0067,0.0439,0,collision
1813,326,-79.48,6.80,1099.99,0.0000,0.0036,1,goal
1802,161,-320.90,8.12,630.74,0.0052,0.0000,0,collision
1814,209,-406.42,5.43,572.92,0.0020,0.1033,0,collision
1803,263,6.34,8.44,1196.28,0.0000,0.0660,1,goal
1815,291,-23.30,7.62,1380.13,0.0000,0.0123,1,goal
1816,241,-408.18,6.04,656.46,0.0055,0.0492,0,collision
1804,379,-150.82,5.89,1253.29,0.0000,0.1011,1,goal
724,366,-141.19,6.08,1289.21,0.0000,0.0717,1,goal
730,317,-67.82,7.03,1229.83,0.0000,0.0392,1,goal
718,336,-86.62,6.64,1321.81,0.0000,0.0013,1,goal
728,379,-142.70,5.88,1329.87,0.0000,0.0448,1,goal
725,266,-1.11,8.38,977.00,0.0000,0.0067,1,goal
731,204,-357.03,7.49,690.53,0.0000,0.0637,0,collision
1817,122,-287.77,8.89,610.75,0.0089,0.0061,0,collision
1805,134,-302.57,7.89,391.35,0.0087,0.0123,0,collision
1806,238,32.10,9.39,1020.89,0.0000,0.0000,1,goal
1818,251,14.78,8.86,1176.92,0.0000,0.0114,1,goal
1819,124,-288.69,8.82,490.80,0.0131,0.0280,0,collision
1820,260,8.24,8.60,1023.57,0.0000,0.0052,1,goal
1807,399,-164.49,5.60,1260.84,0.0000,0.1357,1,goal
1808,126,-297.40,8.10,552.77,0.0072,0.0000,0,collision
1821,250,18.88,8.96,1257.47,0.0000,0.0000,1,goal
1809,282,-21.90,7.88,1351.51,0.0000,0.0000,1,goal
719,370,-137.72,6.03,1435.24,0.0000,0.1374,1,goal
732,262,7.33,8.51,1235.09,0.0000,0.0000,1,goal
729,362,-118.52,6.17,1134.53,0.0000,0.1684,1,goal
726,352,-107.82,6.30,1321.13,0.0000,0.1217,1,goal
733,108,-280.37,8.70,327.65,0.0109,0.0000,0,collision
727,121,-286.11,9.09,449.58,0.0112,0.0234,0,collision
720,211,-400.33,5.57,658.46,0.0082,0.0335,0,collision
728,104,-278.90,8.96,365.76,0.0039,0.0000,0,collision
730,239,-413.53,6.00,682.52,0.0052,0.1043,0,collision
729,145,-307.13,8.90,680.54,0.0025,0.0175,0,collision
1822,114,-282.28,9.33,554.12,0.0155,0.0000,0,collision
1810,378,-150.50,5.89,1404.81,0.0000,0.1760,1,goal
1823,326,-82.67,6.77,1237.94,0.0000,0.0531,1,goal
1824,120,-293.14,7.82,538.42,0.0084,0.0000,0,collision
1811,192,-357.94,7.38,694.07,0.0046,0.0179,0,collision
1812,336,-99.23,6.63,1192.06,0.0000,0.0281,1,goal
1825,356,-99.93,6.25,1310.87,0.0000,0.0409,1,goal
1813,226,-420.34,5.78,663.98,0.0057,0.0255,0,collision
1826,261,3.92,8.47,1277.56,0.0000,0.0000,1,goal
1814,346,-112.68,6.45,1097.83,0.0000,0.0164,1,goal
721,252,16.99,8.81,1118.74,0.0000,0.0000,1,goal
734,398,-155.25,5.60,1274.61,0.0000,0.1309,1,goal
731,274,0.07,8.14,1283.16,0.0000,0.0143,1,goal
722,253,15.17,8.82,1278.61,0.0000,0.0000,1,goal
730,324,-484.28,5.76,1230.25,0.0019,0.0420,0,collision
732,271,-10.53,8.16,1362.28,0.0000,0.0000,1,goal
735,302,-49.89,7.40,1259.76,0.0000,0.0010,1,goal
1827,203,-370.62,6.89,877.33,0.0047,0.0348,0,collision
1815,249,18.71,8.95,1037.74,0.0000,0.0000,1,goal
1828,213,-363.88,7.15,858.31,0.0069,0.0000,0,collision
1816,362,-107.13,6.14,1347.15,0.0000,0.0833,1,goal
1829,268,-1.57,8.34,1162.32,0.0000,0.0208,1,goal
1817,233,-398.90,6.20,694.04,0.0064,0.0364,0,collision
1818,115,-288.29,8.13,421.59,0.0110,0.0000,0,collision
1830,282,-15.46,7.87,1506.15,0.0000,0.0136,1,goal
1819,120,-284.84,8.95,402.71,0.0078,0.0000,0,collision
1831,240,20.55,9.25,1096.27,0.0000,0.0000,1,goal
733,158,-324.86,8.15,861.39,0.0124,0.0384,0,collision
723,254,17.41,8.79,1142.99,0.0000,0.0199,1,goal
731,278,-6.37,8.01,1265.20,0.0000,0.0236,1,goal
736,239,27.53,9.31,1218.58,0.0000,0.0000,1,goal
724,259,9.93,8.56,1199.50,0.0000,0.0462,1,goal
732,243,29.16,9.17,1038.24,0.0000,0.0000,1,goal
734,296,-39.29,7.52,1024.96,0.0000,0.0066,1,goal
737,246,24.45,9.06,1162.76,0.0000,0.0000,1,goal
738,132,-298.29,8.37,480.10,0.0138,0.0439,0,collision
1820,248,23.55,8.99,1213.29,0.0000,0.0000,1,goal
1832,273,5.69,8.15,1043.35,0.0000,0.0000,1,goal
1821,124,-293.93,8.61,694.78,0.0144,0.0017,0,collision
1833,321,-66.73,6.86,1506.89,0.0000,0.0380,1,goal
1822,255,14.66,8.75,973.62,0.0000,0.0000,1,goal
1823,269,-20.05,8.29,1417.95,0.0000,0.0000,1,goal
1834,319,-64.78,6.98,1297.70,0.0000,0.0605,1,goal
1824,239,-420.08,5.56,670.49,0.0027,0.0656,0,collision
1835,235,30.89,9.48,1109.54,0.0000,0.0027,1,goal
1825,249,18.48,8.95,1307.62,0.0000,0.0000,1,goal
733,217,-397.82,6.57,608.26,0.0086,0.0233,0,collision
725,243,25.35,9.18,1170.35,0.0000,0.0000,1,goal
735,370,-153.33,6.01,1380.99,0.0000,0.0304,1,goal
726,203,-378.43,7.04,847.02,0.0057,0.0076,0,collision
739,267,7.93,8.36,1105.81,0.0000,0.0128,1,goal
734,330,-76.01,6.74,1362.65,0.0000,0.0696,1,goal
740,188,-348.13,7.96,834.54,0.0062,0.1160,0,collision
736,279,-13.15,7.97,1254.93,0.0000,0.0000,1,goal
1826,257,7.13,8.67,1014.94,0.0000,0.0077,1,goal
1836,293,-31.89,7.57,1500.27,0.0000,0.0411,1,goal
1827,268,-1.21,8.31,1294.30,0.0000,0.0242,1,goal
1837,256,15.25,8.70,1151.21,0.0000,0.0000,1,goal
1838,115,-285.09,9.23,540.55,0.0155,0.0000,0,collision
1839,123,-286.46,8.81,393.46,0.0119,0.0039,0,collision
1828,301,-39.25,7.40,1340.46,0.0000,0.0162,1,goal
1840,135,-309.63,6.91,582.22,0.0030,0.0000,0,collision
1829,250,13.83,8.93,1340.07,0.0000,0.0000,1,goal
1841,272,-10.32,8.22,1214.72,0.0000,0.0437,1,goal
727,370,-113.87,6.00,1322.39,0.0000,0.0203,1,goal
735,298,-45.93,7.48,939.36,0.0000,0.0000,1,goal
741,262,-2.71,8.50,1303.63,0.0000,0.0010,1,goal
737,249,19.25,8.93,995.49,0.0000,0.0011,1,goal
728,266,5.54,8.38,1241.95,0.0000,0.0051,1,goal
736,341,-95.49,6.49,1404.11,0.0000,0.0316,1,goal
742,287,-20.39,7.74,1338.66,0.0000,0.0152,1,goal
1842,178,-340.70,7.43,827.15,0.0097,0.0017,0,collision
1830,241,26.80,9.29,1070.62,0.0000,0.0000,1,goal
1843,283,-16.87,7.86,1344.32,0.0000,0.0441,1,goal
1831,401,-174.16,5.55,1399.17,0.0000,0.0690,1,goal
1844,217,-394.38,6.58,779.35,0.0054,0.0288,0,collision
1832,335,-82.77,6.64,1454.83,0.0000,0.0816,1,goal
1845,356,-126.50,6.24,1333.82,0.0000,0.0329,1,goal
1833,260,11.34,8.59,1209.22,0.0000,0.0000,1,goal
1846,246,-418.14,6.24,714.41,0.0027,0.1159,0,collision
1834,304,-37.20,7.28,1563.19,0.0000,0.0000,1,goal
738,357,-138.42,6.26,1278.28,0.0000,0.0318,1,goal
729,281,-14.96,7.93,1209.86,0.0000,0.0113,1,goal
739,101,-279.45,9.28,335.78,0.0046,0.0000,0,collision
743,196,-351.67,6.90,784.32,0.0052,0.0299,0,collision
737,206,-385.46,6.92,901.70,0.0057,0.0291,0,collision
744,220,-390.17,6.49,895.64,0.0065,0.0561,0,collision
740,296,-22.67,7.52,1310.49,0.0000,0.0015,1,goal
730,372,-132.96,5.97,1395.88,0.0000,0.1474,1,goal
738,331,-81.34,6.72,1412.12,0.0000,0.0375,1,goal
1835,224,-383.16,6.84,705.00,0.0045,0.1261,0,collision
1847,278,-463.32,5.39,818.60,0.0036,0.0725,0,collision
1836,222,-392.30,6.29,733.56,0.0056,0.0284,0,collision
1848,347,-87.03,6.42,1393.02,0.0000,0.0446,1,goal
1837,184,-343.65,7.27,753.32,0.0054,0.0095,0,collision
1838,206,-375.55,6.52,615.52,0.0052,0.1095,0,collision
1849,408,-181.78,5.46,1314.33,0.0000,0.1735,1,goal
1839,339,-82.00,6.59,1146.37,0.0000,0.0260,1,goal
1850,191,-351.23,7.48,864.77,0.0078,0.0002,0,collision
1840,122,-293.15,8.60,585.66,0.0139,0.0000,0,collision
745,258,15.69,8.67,1081.58,0.0000,0.0000,1,goal
741,214,-382.82,6.55,836.71,0.0049,0.0105,0,collision
739,238,-402.27,6.57,1030.44,0.0045,0.0545,0,collision
731,293,-36.40,7.55,1465.52,0.0000,0.0093,1,goal
740,105,-283.14,8.90,492.77,0.0082,0.0000,0,collision
732,115,-288.08,8.17,463.99,0.0085,0.0000,0,collision
746,326,-72.13,6.84,1316.42,0.0000,0.0088,1,goal
742,350,-104.81,6.35,1454.07,0.0000,0.0517,1,goal
1851,270,0.06,8.27,1208.48,0.0000,0.0133,1,goal
1841,311,-61.79,7.17,1307.51,0.0000,0.0188,1,goal
1842,237,-419.48,5.95,961.82,0.0051,0.0117,0,collision
1852,380,-153.65,5.86,1184.03,0.0000,0.0741,1,goal
1843,316,-68.02,6.99,1443.36,0.0000,0.0295,1,goal
1853,297,-32.64,7.50,1102.26,0.0000,0.0064,1,goal
1844,249,-419.10,6.05,817.66,0.0028,0.0619,0,collision
1845,196,-379.91,6.01,551.71,0.0070,0.0000,0,collision
1854,385,-160.55,5.78,1293.98,0.0000,0.0934,1,goal
1846,256,-414.46,6.16,1107.14,0.0060,0.0596,0,collision
741,328,-75.94,6.77,1139.90,0.0000,0.0133,1,goal
733,275,-6.52,8.08,1293.69,0.0000,0.0000,1,goal
743,305,-52.77,7.33,1211.74,0.0000,0.0050,1,goal
747,416,-185.31,5.33,1141.64,0.0000,0.1324,1,goal
734,230,-404.16,6.20,942.92,0.0070,0.0314,0,collision
744,139,-306.97,7.85,518.26,0.0051,0.0039,0,collision
742,289,-23.75,7.69,1227.01,0.0000,0.0000,1,goal
1847,135,-314.56,6.52,474.68,0.0101,0.0000,0,collision
1855,256,14.38,8.69,1233.33,0.0000,0.0007,1,goal
1848,122,-287.81,9.82,638.05,0.0096,0.0000,0,collision
1856,126,-294.19,8.66,368.89,0.0131,0.0659,0,collision
1849,163,-328.18,7.90,657.22,0.0067,0.0111,0,collision
1857,212,-363.93,7.37,1061.60,0.0086,0.0000,0,collision
1850,328,-83.70,6.79,1158.43,0.0000,0.0212,1,goal
1858,195,-355.99,7.57,667.70,0.0043,0.0971,0,collision
1859,245,-403.57,6.25,749.92,0.0041,0.0946,0,collision
1851,314,-45.86,7.08,1542.44,0.0000,0.0094,1,goal
743,173,-331.91,7.67,506.86,0.0045,0.0000,0,collision
748,268,-448.62,5.93,982.98,0.0008,0.0078,0,collision
735,383,-161.68,5.84,1235.76,0.0000,0.0702,1,goal
744,170,-331.06,7.74,817.99,0.0085,0.0000,0,collision
745,370,-133.07,6.03,1370.37,0.0000,0.0034,1,goal
749,244,27.85,9.15,1067.71,0.0000,0.0000,1,goal
745,207,-366.41,7.60,984.02,0.0064,0.0168,0,collision
736,234,-394.19,6.51,773.27,0.0033,0.0929,0,collision
1852,272,-6.43,8.19,1185.50,0.0000,0.0000,1,goal
1860,279,-414.76,6.70,1059.79,0.0039,0.0646,0,collision
1861,175,-334.21,7.52,645.46,0.0065,0.0000,0,collision
1853,249,21.77,8.91,1218.33,0.0000,0.0071,1,goal
1862,208,-355.58,7.29,891.00,0.0076,0.0007,0,collision
1854,244,-404.94,6.24,930.43,0.0030,0.0246,0,collision
1855,167,-323.78,7.83,710.82,0.0059,0.0000,0,collision
1863,371,-119.34,6.02,1341.59,0.0000,0.0351,1,goal
1856,356,-132.09,6.26,1207.29,0.0000,0.0079,1,goal
1864,295,-456.80,6.97,906.38,0.0042,0.0186,0,collision
746,233,35.00,9.57,916.92,0.0000,0.0073,1,goal
750,272,-7.14,8.21,1161.37,0.0000,0.0026,1,goal
737,258,-427.48,5.98,916.76,0.0039,0.1081,0,collision
746,306,-32.68,7.28,1277.32,0.0000,0.0396,1,goal
747,327,-94.64,6.80,1361.28,0.0000,0.0073,1,goal
751,372,-145.21,5.99,1224.59,0.0000,0.0626,1,goal
1865,136,-299.97,8.73,672.25,0.0123,0.0000,0,collision
1857,371,-535.50,5.42,1107.54,0.0042,0.0380,0,collision
1866,387,-139.07,5.71,1391.96,0.0000,0.0253,1,goal
1858,340,-92.56,6.55,1187.56,0.0000,0.0000,1,goal
1867,291,-472.32,5.19,855.77,0.0031,0.2258,0,collision
1859,302,-36.99,7.37,1489.74,0.0000,0.0087,1,goal
1868,395,-191.98,5.65,1061.08,0.0000,0.1356,1,goal
1860,391,-166.96,5.69,1527.94,0.0000,0.0644,1,goal
1869,286,-454.33,5.46,901.22,0.0041,0.0439,0,collision
1861,209,-370.53,7.14,800.55,0.0048,0.0374,0,collision
747,287,-424.27,7.36,1137.61,0.0041,0.0266,0,collision
738,389,-171.66,5.74,945.33,0.0000,0.1223,1,goal
748,291,-15.21,7.65,1108.82,0.0000,0.0046,1,goal
739,142,-311.28,8.60,677.76,0.0018,0.0006,0,collision
749,146,-314.40,8.27,769.86,0.0114,0.0000,0,collision
752,381,-141.91,5.85,1145.94,0.0000,0.1253,1,goal
748,347,-98.58,6.40,1270.87,0.0000,0.0445,1,goal
1862,315,-484.80,5.77,1023.79,0.0050,0.1532,0,collision
1870,356,-104.26,6.27,1143.41,0.0000,0.0028,1,goal
1863,290,-19.52,7.66,1393.55,0.0000,0.0046,1,goal
1871,319,-72.44,6.96,1222.70,0.0000,0.0253,1,goal
1864,209,-393.63,5.95,587.16,0.0053,0.0131,0,collision
1872,294,-21.77,7.58,1210.60,0.0000,0.0407,1,goal
1873,125,-293.72,8.45,448.75,0.0018,0.0142,0,collision
1865,326,-70.48,6.81,1233.13,0.0000,0.0180,1,goal
1874,131,-296.77,8.38,579.28,0.0153,0.0224,0,collision
1866,215,-394.20,6.62,896.55,0.0049,0.0043,0,collision
740,283,-10.39,7.88,1240.08,0.0000,0.0000,1,goal
750,367,-113.00,6.06,1393.42,0.0000,0.0628,1,goal
749,289,-20.03,7.72,1128.23,0.0000,0.0658,1,goal
753,342,-484.35,6.11,1392.89,0.0028,0.0925,0,collision
741,273,-5.38,8.15,1337.48,0.0000,0.0106,1,goal
751,204,-387.34,5.85,562.75,0.0033,0.0000,0,collision
742,185,-339.98,7.33,825.99,0.0050,0.0000,0,collision
750,323,-96.48,6.86,1214.20,0.0000,0.0021,1,goal
754,312,-37.14,7.15,1398.89,0.0000,0.0170,1,goal
1875,291,-28.06,7.64,1169.20,0.0000,0.0403,1,goal
1867,380,-560.98,5.31,1273.98,0.0024,0.1144,0,collision
1868,138,-306.46,8.32,566.47,0.0115,0.0309,0,collision
1876,423,-190.26,5.27,1242.03,0.0000,0.1321,1,goal
1869,424,-178.88,5.26,1422.53,0.0000,0.1069,1,goal
1877,270,1.45,8.27,1324.05,0.0000,0.0000,1,goal
1870,195,-368.46,6.72,747.59,0.0040,0.0496,0,collision
1878,225,-377.50,6.96,1046.83,0.0030,0.0497,0,collision
1871,355,-107.34,6.26,1475.55,0.0000,0.0544,1,goal
1879,285,-25.82,7.82,1110.51,0.0000,0.0091,1,goal
752,269,-1.60,8.30,1195.15,0.0000,0.0071,1,goal
743,229,-386.93,6.69,587.93,0.0044,0.0938,0,collision
755,313,-64.12,7.13,1423.38,0.0000,0.0085,1,goal
751,429,-214.19,5.21,1550.02,0.0000,0.1143,1,goal
753,391,-149.90,5.68,1287.83,0.0000,0.1253,1,goal
744,290,-22.82,7.70,1385.41,0.0000,0.0236,1,goal
1880,276,-8.00,8.05,1346.12,0.0000,0.0000,1,goal
1872,284,-12.31,7.87,1257.88,0.0000,0.0018,1,goal
1873,105,-275.39,8.95,388.62,0.0055,0.0000,0,collision
1874,205,-363.87,7.66,953.61,0.0069,0.0013,0,collision
1881,361,-121.75,6.19,1270.51,0.0000,0.1215,1,goal
1875,239,-402.31,6.53,945.88,0.0032,0.0083,0,collision
1882,259,8.87,8.61,1139.85,0.0000,0.0001,1,goal
1876,211,-417.97,5.66,552.29,0.0068,0.0086,0,collision
1883,196,-339.99,9.48,752.46,0.0051,0.0011,0,collision
1877,300,-493.33,4.89,886.98,0.0029,0.0355,0,collision
752,241,26.30,9.26,1041.57,0.0000,0.0000,1,goal
745,170,-333.87,7.58,965.18,0.0051,0.0264,0,collision
756,361,-115.84,6.17,1231.13,0.0000,0.0000,1,goal
754,297,-27.22,7.51,1211.14,0.0000,0.0238,1,goal
746,279,-449.27,6.20,858.14,0.0052,0.0262,0,collision
757,321,-73.31,6.92,1067.72,0.0000,0.0184,1,goal
1884,294,-457.84,7.00,967.82,0.0006,0.0212,0,collision
1878,300,-39.05,7.39,1355.34,0.0000,0.0251,1,goal
1885,311,-34.72,7.18,1289.51,0.0000,0.0071,1,goal
1879,332,-479.36,6.61,1183.59,0.0026,0.0000,0,collision
1886,221,-374.41,7.29,871.88,0.0027,0.0961,0,collision
1880,280,-10.93,7.96,1293.06,0.0000,0.0425,1,goal
1887,280,-11.40,7.98,1323.14,0.0000,0.0038,1,goal
1881,336,-515.36,5.73,1063.34,0.0018,0.0448,0,collision
1888,384,-148.27,5.80,1215.25,0.0000,0.1309,1,goal
1882,304,-455.54,5.94,1125.68,0.0041,0.0590,0,collision
753,385,-161.31,5.79,1121.70,0.0000,0.1960,1,goal
755,308,-67.18,7.22,1271.04,0.0000,0.0163,1,goal
758,305,-27.48,7.31,1169.51,0.0000,0.0151,1,goal
747,358,-121.00,6.20,1192.35,0.0000,0.0565,1,goal
754,306,-33.70,7.26,1052.75,0.0000,0.0000,1,goal
756,354,-110.21,6.29,1079.59,0.0000,0.0046,1,goal
748,137,-301.68,9.40,687.47,0.0026,0.0000,0,collision
1883,318,-65.08,7.04,1213.49,0.0000,0.0725,1,goal
1889,404,-161.21,5.52,1238.07,0.0000,0.1461,1,goal
1884,215,-384.38,6.38,768.22,0.0062,0.0604,0,collision
1890,359,-128.05,6.19,1407.99,0.0000,0.0412,1,goal
1885,286,-441.26,6.76,1022.63,0.0029,0.0078,0,collision
1891,272,1.17,8.17,1353.53,0.0000,0.0000,1,goal
1886,356,-143.39,6.27,1178.51,0.0000,0.0276,1,goal
1892,307,-35.64,7.26,1185.57,0.0000,0.0402,1,goal
1893,141,-318.62,7.41,801.29,0.0059,0.0153,0,collision
1887,372,-153.03,5.94,1195.57,0.0000,0.0565,1,goal
759,293,-19.24,7.60,1243.09,0.0000,0.0220,1,goal
749,201,-351.05,7.83,925.38,0.0070,0.0000,0,collision
755,314,-59.06,7.06,1269.73,0.0000,0.0084,1,goal
757,266,-403.95,7.02,1013.77,0.0021,0.0373,0,collision
750,128,-297.28,9.09,634.45,0.0134,0.0024,0,collision
760,208,-355.56,7.43,609.66,0.0032,0.0267,0,collision
758,130,-302.36,8.07,583.48,0.0150,0.0006,0,collision
756,307,-57.30,7.21,1221.92,0.0000,0.0066,1,goal
1888,279,-8.27,8.03,1145.42,0.0000,0.0358,1,goal
1894,299,-32.52,7.46,1111.89,0.0000,0.0071,1,goal
1889,268,-444.45,5.70,859.07,0.0075,0.0230,0,collision
1895,261,-0.04,8.52,1207.11,0.0000,0.0000,1,goal
1896,346,-522.22,5.71,1068.62,0.0044,0.0985,0,collision
1890,390,-166.11,5.72,1325.62,0.0000,0.0764,1,goal
1897,201,-363.36,6.97,835.91,0.0062,0.0057,0,collision
1898,109,-283.42,8.56,348.70,0.0139,0.0000,0,collision
1891,361,-142.64,6.17,1059.78,0.0000,0.0102,1,goal
1899,256,14.52,8.70,1091.95,0.0000,0.0000,1,goal
751,286,-25.95,7.80,1136.75,0.0000,0.0000,1,goal
759,231,-383.62,6.67,932.61,0.0087,0.0227,0,collision
761,309,-58.37,7.18,1308.40,0.0000,0.0055,1,goal
757,354,-128.38,6.30,1243.18,0.0000,0.0281,1,goal
760,296,-23.94,7.54,1286.00,0.0000,0.0292,1,goal
752,393,-139.66,5.67,1326.19,0.0000,0.0359,1,goal
762,359,-99.01,6.20,1228.06,0.0000,0.0000,1,goal
1892,135,-308.29,8.37,452.70,0.0078,0.1408,0,collision
1900,205,-355.91,7.69,860.44,0.0062,0.0100,0,collision
1893,212,-355.45,9.08,960.97,0.0086,0.0212,0,collision
1901,234,-384.41,7.60,1010.86,0.0021,0.0391,0,collision
1894,254,-394.16,7.97,1138.04,0.0055,0.0021,0,collision
1902,286,-19.05,7.80,988.99,0.0000,0.0000,1,goal
1895,239,-377.65,8.16,968.86,0.0041,0.0001,0,collision
1903,278,-9.98,8.03,1100.34,0.0000,0.0000,1,goal
1896,313,-82.68,7.08,1028.02,0.0000,0.0166,1,goal
1904,382,-153.68,5.84,1274.21,0.0000,0.1374,1,goal
763,138,-313.41,7.44,404.50,0.0058,0.0246,0,collision
758,375,-169.34,5.92,1209.72,0.0000,0.0324,1,goal
761,346,-96.90,6.44,1055.84,0.0000,0.0380,1,goal
753,370,-122.15,6.02,1249.66,0.0000,0.0118,1,goal
762,137,-305.66,8.97,672.23,0.0073,0.0153,0,collision
764,320,-69.43,6.96,1252.63,0.0000,0.0018,1,goal
759,276,-5.61,8.08,1284.39,0.0000,0.0000,1,goal
1905,292,-28.76,7.63,1182.05,0.0000,0.0000,1,goal
1897,320,-73.32,6.93,1129.26,0.0000,0.0098,1,goal
1906,254,17.57,8.77,1069.66,0.0000,0.0000,1,goal
1898,383,-156.11,5.82,1058.72,0.0000,0.0745,1,goal
1907,290,-30.33,7.70,1202.96,0.0000,0.0873,1,goal
1899,163,-314.87,9.99,453.66,0.0026,0.0629,0,collision
1908,264,-389.73,8.43,961.97,0.0044,0.0097,0,collision
1900,292,-52.01,7.65,1100.79,0.0000,0.0341,1,goal
1909,261,6.03,8.56,1172.15,0.0000,0.0023,1,goal
1901,374,-140.96,5.97,1433.89,0.0000,0.0516,1,goal
754,278,-6.16,8.02,1202.77,0.0000,0.0068,1,goal
760,162,-346.16,7.21,545.45,0.0098,0.0132,0,collision
763,318,-70.89,6.98,1234.58,0.0000,0.0148,1,goal
765,280,-5.38,7.93,1282.30,0.0000,0.0000,1,goal
761,257,12.94,8.68,1132.94,0.0000,0.0510,1,goal
755,337,-103.54,6.61,1255.66,0.0000,0.0247,1,goal
764,374,-136.88,5.94,1262.23,0.0000,0.1414,1,goal
766,341,-86.54,6.52,1031.20,0.0000,0.0106,1,goal
1902,295,-37.85,7.51,1339.01,0.0000,0.0348,1,goal
1910,361,-101.61,6.18,1218.40,0.0000,0.0028,1,goal
1903,256,17.73,8.73,1072.11,0.0000,0.0000,1,goal
1911,279,-9.82,7.98,1128.20,0.0000,0.0067,1,goal
1904,220,-373.73,6.89,950.04,0.0066,0.0110,0,collision
1912,207,-357.02,7.52,738.74,0.0073,0.0117,0,collision
1913,193,-343.00,8.04,722.45,0.0053,0.0000,0,collision
1905,296,-20.34,7.55,1353.36,0.0000,0.0109,1,goal
1906,148,-316.02,7.87,647.30,0.0080,0.0142,0,collision
1914,310,-37.50,7.23,1317.51,0.0000,0.0487,1,goal
756,261,-430.99,6.28,893.17,0.0040,0.0362,0,collision
762,313,-65.86,7.11,1298.59,0.0000,0.0144,1,goal
767,226,-388.18,6.82,762.22,0.0044,0.0285,0,collision
765,289,-16.50,7.70,1221.39,0.0000,0.0185,1,goal
763,246,-408.27,6.34,918.57,0.0031,0.0306,0,collision
757,266,2.90,8.37,1197.47,0.0000,0.0068,1,goal
1907,267,-433.35,5.91,1030.28,0.0052,0.0829,0,collision
1915,301,-45.88,7.40,1140.46,0.0000,0.0205,1,goal
1908,286,-28.29,7.76,1062.61,0.0000,0.0920,1,goal
1916,301,-28.90,7.40,1315.71,0.0000,0.0297,1,goal
1909,130,-298.86,8.24,476.84,0.0102,0.0076,0,collision
1917,349,-117.83,6.35,1296.52,0.0000,0.0326,1,goal
1910,292,-14.76,7.64,1171.19,0.0000,0.0456,1,goal
1918,280,-436.96,7.19,1131.81,0.0018,0.0156,0,collision
1911,274,-411.51,7.37,1074.83,0.0051,0.0672,0,collision
1919,292,-13.57,7.63,1084.90,0.0000,0.0347,1,goal
768,370,-140.61,6.02,1176.34,0.0000,0.0218,1,goal
766,324,-75.20,6.86,1227.57,0.0000,0.0300,1,goal
764,315,-59.82,7.09,1371.65,0.0000,0.0065,1,goal
767,194,-342.10,8.01,767.31,0.0055,0.0000,0,collision
758,385,-154.22,5.81,1089.09,0.0000,0.1440,1,goal
769,218,-376.25,7.22,853.27,0.0053,0.0191,0,collision
765,300,-31.84,7.41,1315.94,0.0000,0.0026,1,goal
770,238,-415.19,5.95,805.43,0.0035,0.0377,0,collision
1912,316,-70.77,7.04,1259.49,0.0000,0.0068,1,goal
1920,396,-155.60,5.63,1327.35,0.0000,0.1416,1,goal
1913,283,-455.24,5.69,748.29,0.0034,0.0351,0,collision
1921,224,-366.05,7.30,774.29,0.0047,0.0276,0,collision
1922,204,-355.27,7.72,785.35,0.0071,0.0046,0,collision
1914,325,-78.35,6.86,1302.10,0.0000,0.0175,1,goal
1923,315,-32.72,7.08,1347.29,0.0000,0.0398,1,goal
1915,352,-92.51,6.33,1267.25,0.0000,0.0527,1,goal
1924,281,-9.36,7.94,1146.92,0.0000,0.0011,1,goal
1916,261,-403.48,7.03,1271.81,0.0036,0.0310,0,collision
768,299,-30.60,7.47,1317.16,0.0000,0.0619,1,goal
759,349,-510.54,5.82,1259.44,0.0029,0.1607,0,collision
771,279,-6.89,7.99,997.89,0.0000,0.0269,1,goal
769,273,-401.94,7.99,1191.63,0.0050,0.0392,0,collision
766,392,-146.75,5.70,1189.58,0.0000,0.0484,1,goal
772,128,-290.26,10.98,655.68,0.0065,0.0000,0,collision
760,347,-96.13,6.41,1346.83,0.0000,0.0569,1,goal
1925,118,-283.81,9.01,484.07,0.0101,0.0000,0,collision
1926,203,-357.08,7.17,878.39,0.0047,0.0115,0,collision
1917,326,-82.45,6.79,1297.95,0.0000,0.0123,1,goal
1918,250,-383.67,7.72,1060.34,0.0035,0.0467,0,collision
1927,353,-95.60,6.28,1280.89,0.0000,0.0975,1,goal
1919,232,-384.22,6.73,737.07,0.0022,0.0634,0,collision
1928,305,-32.20,7.28,1305.49,0.0000,0.0252,1,goal
1920,231,-381.27,7.34,1068.11,0.0038,0.0727,0,collision
1929,298,-35.73,7.45,1256.20,0.0000,0.0089,1,goal
1921,382,-151.04,5.83,1395.02,0.0000,0.0625,1,goal
767,264,6.78,8.46,1278.21,0.0000,0.0076,1,goal
770,382,-127.61,5.83,1269.32,0.0000,0.0048,1,goal
773,306,-480.98,5.87,985.94,0.0038,0.0697,0,collision
761,311,-51.72,7.18,1276.01,0.0000,0.0315,1,goal
768,304,-35.78,7.31,1256.35,0.0000,0.0071,1,goal
771,310,-58.75,7.18,1175.69,0.0000,0.0188,1,goal
1922,209,-359.20,7.67,724.52,0.0000,0.0082,0,collision
1923,124,-289.16,9.48,459.53,0.0143,0.0000,0,collision
1930,372,-119.68,6.00,1292.06,0.0000,0.0091,1,goal
1924,343,-75.84,6.49,1451.15,0.0000,0.0415,1,goal
1931,313,-53.38,7.13,1119.25,0.0000,0.0183,1,goal
1932,215,-371.10,7.18,796.38,0.0005,0.0820,0,collision
1925,229,-380.88,6.78,940.34,0.0062,0.0058,0,collision
1926,122,-287.50,8.79,559.37,0.0118,0.0000,0,collision
1933,139,-316.07,7.77,417.26,0.0116,0.0154,0,collision
1927,302,-45.55,7.33,1243.37,0.0000,0.0364,1,goal
774,349,-102.33,6.40,1358.53,0.0000,0.0880,1,goal
762,412,-177.41,5.41,1338.28,0.0000,0.1446,1,goal
769,290,-15.49,7.67,1310.66,0.0000,0.0000,1,goal
763,130,-296.13,8.17,469.65,0.0097,0.0000,0,collision
772,329,-73.62,6.74,1112.67,0.0000,0.0480,1,goal
775,323,-78.25,6.91,1172.18,0.0000,0.0163,1,goal
770,283,-10.01,7.87,1137.90,0.0000,0.0208,1,goal
1934,160,-320.81,8.05,614.16,0.0030,0.0633,0,collision
1928,379,-144.06,5.88,1182.35,0.0000,0.0497,1,goal
1935,337,-98.02,6.59,1105.79,0.0000,0.0197,1,goal
1929,355,-110.46,6.26,1201.78,0.0000,0.1095,1,goal
1936,313,-61.84,7.15,1321.38,0.0000,0.0024,1,goal
1937,132,-300.38,8.35,565.52,0.0123,0.0196,0,collision
1930,377,-140.73,5.91,1106.76,0.0000,0.0182,1,goal
1938,298,-31.13,7.46,1137.99,0.0000,0.0000,1,goal
1931,342,-98.21,6.49,1140.50,0.0000,0.0955,1,goal
1939,292,-25.43,7.63,1157.55,0.0000,0.0461,1,goal
764,279,-2.05,8.00,1214.33,0.0000,0.0199,1,goal
776,277,-3.86,8.07,1250.87,0.0000,0.0000,1,goal
773,382,-130.84,5.84,1291.24,0.0000,0.0407,1,goal
771,281,-13.14,7.88,1202.77,0.0000,0.0238,1,goal
765,312,-49.32,7.13,1257.88,0.0000,0.0647,1,goal
772,136,-299.76,7.98,646.18,0.0114,0.0004,0,collision
777,271,-407.90,8.02,988.04,0.0030,0.0068,0,collision
774,340,-91.04,6.55,1231.30,0.0000,0.0169,1,goal
1940,128,-292.70,8.41,510.14,0.0066,0.0000,0,collision
1932,358,-98.68,6.23,1089.31,0.0000,0.0418,1,goal
1941,333,-499.40,5.56,890.86,0.0036,0.0601,0,collision
1942,194,-342.84,8.01,943.58,0.0058,0.0445,0,collision
1933,319,-55.16,6.97,1287.84,0.0000,0.0389,1,goal
1934,158,-329.19,6.79,608.99,0.0028,0.0116,0,collision
1935,117,-284.58,9.02,379.98,0.0143,0.0000,0,collision
1943,352,-94.64,6.33,1221.82,0.0000,0.1097,1,goal
1936,234,-379.87,6.52,697.96,0.0043,0.1450,0,collision
1944,380,-123.58,5.88,1452.81,0.0000,0.0079,1,goal
773,208,-400.85,5.54,473.99,0.0047,0.1453,0,collision
766,280,-5.46,7.96,1036.98,0.0000,0.0539,1,goal
778,296,-23.62,7.53,1180.02,0.0000,0.0010,1,goal
774,271,-399.10,8.07,1125.77,0.0046,0.0035,0,collision
775,369,-132.13,6.04,1274.77,0.0000,0.0851,1,goal
767,371,-126.45,6.02,1243.49,0.0000,0.0778,1,goal
775,157,-317.77,8.20,771.29,0.0127,0.0398,0,collision
1937,227,-397.25,6.72,770.73,0.0024,0.0551,0,collision
1945,323,-81.51,6.90,1235.19,0.0000,0.0246,1,goal
1938,209,-365.62,7.01,783.97,0.0036,0.0527,0,collision
1946,252,18.86,8.87,1175.02,0.0000,0.0000,1,goal
1939,396,-181.08,5.63,1039.02,0.0000,0.1998,1,goal
1947,292,-17.70,7.65,1157.32,0.0000,0.0394,1,goal
1940,304,-30.17,7.34,1170.99,0.0000,0.0406,1,goal
1948,327,-59.93,6.81,1177.59,0.0000,0.0263,1,goal
1941,314,-50.94,7.11,1272.92,0.0000,0.0451,1,goal
1949,355,-129.01,6.28,961.22,0.0000,0.0345,1,goal
779,385,-142.84,5.80,1163.73,0.0000,0.0731,1,goal
776,156,-322.29,7.85,705.09,0.0071,0.0138,0,collision
776,330,-474.23,6.72,1266.03,0.0025,0.0182,0,collision
780,220,-371.15,7.31,838.99,0.0012,0.0026,0,collision
768,312,-49.21,7.15,1382.25,0.0000,0.0384,1,goal
777,208,-356.91,7.43,845.96,0.0069,0.0496,0,collision
781,126,-295.00,8.45,438.90,0.0071,0.0063,0,collision
1942,308,-30.91,7.21,1439.12,0.0000,0.0000,1,goal
1950,401,-164.21,5.57,1183.69,0.0000,0.1695,1,goal
1943,204,-353.02,7.54,639.42,0.0000,0.1237,0,collision
1951,153,-319.21,7.21,491.67,0.0039,0.0463,0,collision
1944,190,-338.35,8.26,766.37,0.0065,0.0269,0,collision
1952,204,-355.96,7.36,721.12,0.0085,0.0000,0,collision
1945,286,-6.58,7.81,1241.33,0.0000,0.0000,1,goal
1946,140,-313.51,7.48,435.84,0.0118,0.0000,0,collision
1953,379,-126.85,5.88,1411.16,0.0000,0.0404,1,goal
1947,329,-73.03,6.77,1128.79,0.0000,0.0184,1,goal
769,266,-449.22,6.03,923.61,0.0062,0.0965,0,collision
778,216,-364.37,7.24,806.55,0.0037,0.0781,0,collision
777,392,-150.96,5.68,1208.27,0.0000,0.1158,1,goal
782,328,-66.11,6.80,1477.25,0.0000,0.0180,1,goal
779,271,3.56,8.23,1238.69,0.0000,0.0093,1,goal
770,305,-464.40,6.92,1080.40,0.0041,0.0392,0,collision
778,378,-135.29,5.91,1159.45,0.0000,0.0130,1,goal
783,253,-389.86,7.04,955.01,0.0043,0.0149,0,collision
780,152,-319.51,7.20,628.02,0.0079,0.0110,0,collision
1954,233,-379.93,6.76,835.44,0.0034,0.0690,0,collision
1948,246,-396.04,6.32,763.24,0.0022,0.0322,0,collision
1955,155,-324.68,7.78,627.33,0.0098,0.0847,0,collision
1956,130,-293.46,8.44,587.77,0.0054,0.0183,0,collision
1949,287,-15.07,7.77,1176.78,0.0000,0.0227,1,goal
1957,340,-87.51,6.57,1322.63,0.0000,0.0732,1,goal
1950,364,-134.04,6.12,1354.74,0.0000,0.0433,1,goal
1951,235,-383.52,6.86,851.49,0.0056,0.0472,0,collision
1958,316,-70.90,7.06,1310.02,0.0000,0.0121,1,goal
1952,115,-281.16,9.28,502.41,0.0080,0.0129,0,collision
781,145,-317.02,7.04,474.94,0.0081,0.0000,0,collision
771,333,-92.36,6.67,1114.86,0.0000,0.0062,1,goal
779,323,-495.29,5.41,1008.45,0.0028,0.1813,0,collision
784,309,-37.58,7.22,1236.20,0.0000,0.0411,1,goal
785,145,-304.95,7.59,560.17,0.0058,0.0132,0,collision
782,383,-142.91,5.81,1259.13,0.0000,0.0229,1,goal
772,339,-527.17,4.77,1017.18,0.0027,0.1164,0,collision
1959,143,-309.37,7.74,580.46,0.0088,0.0176,0,collision
1953,376,-157.29,5.92,1426.28,0.0000,0.0506,1,goal
1960,302,-38.76,7.36,1236.18,0.0000,0.0267,1,goal
1954,220,-378.60,7.12,965.77,0.0071,0.0111,0,collision
1961,197,-347.46,7.83,782.42,0.0061,0.0000,0,collision
1955,338,-82.46,6.58,1186.52,0.0000,0.0098,1,goal
1962,318,-47.15,7.00,1187.68,0.0000,0.0377,1,goal
1956,302,-36.90,7.37,1309.78,0.0000,0.0387,1,goal
1963,304,-444.20,7.29,1033.22,0.0028,0.0099,0,collision
1957,177,-331.90,7.46,686.28,0.0054,0.0000,0,collision
780,281,-420.89,7.38,1221.57,0.0024,0.0471,0,collision
786,217,-366.49,7.40,743.35,0.0039,0.0161,0,collision
773,149,-317.68,7.97,545.31,0.0095,0.0477,0,collision
783,353,-121.41,6.31,1124.61,0.0000,0.0208,1,goal
781,318,-469.97,6.52,1168.19,0.0063,0.0352,0,collision
774,217,-365.26,7.11,922.32,0.0026,0.0938,0,collision
787,303,-26.00,7.30,1336.81,0.0000,0.0000,1,goal
784,144,-312.12,8.01,610.61,0.0111,0.0000,0,collision
1958,353,-528.20,5.88,1092.60,0.0033,0.1339,0,collision
1964,382,-154.75,5.84,1376.57,0.0000,0.0456,1,goal
1959,395,-152.12,5.64,1347.26,0.0000,0.0825,1,goal
1965,378,-148.04,5.89,1275.14,0.0000,0.0756,1,goal
1966,228,-383.10,6.52,919.55,0.0046,0.0218,0,collision
1960,361,-116.36,6.19,1186.64,0.0000,0.0360,1,goal
1967,326,-481.16,6.39,1162.35,0.0043,0.0082,0,collision
1961,301,-43.05,7.40,1191.36,0.0000,0.0137,1,goal
1968,385,-165.58,5.77,1225.33,0.0000,0.0692,1,goal
1962,380,-135.30,5.85,1383.58,0.0000,0.0288,1,goal
782,291,-459.17,6.17,1093.59,0.0021,0.0290,0,collision
775,343,-514.55,5.85,985.82,0.0004,0.0640,0,collision
788,294,-20.39,7.57,1065.50,0.0000,0.0036,1,goal
785,265,-433.05,6.87,982.49,0.0047,0.0965,0,collision
776,226,-389.50,6.18,803.83,0.0052,0.0283,0,collision
783,307,-39.06,7.27,1257.43,0.0000,0.0207,1,goal
789,305,-56.07,7.28,1105.82,0.0000,0.0150,1,goal
1963,288,-24.95,7.73,1276.06,0.0000,0.0554,1,goal
1969,295,-25.69,7.57,1231.67,0.0000,0.0029,1,goal
1970,122,-287.71,8.78,594.60,0.0074,0.0000,0,collision
1964,247,-411.69,6.13,926.85,0.0041,0.0304,0,collision
1971,282,-17.80,7.87,1083.30,0.0000,0.0000,1,goal
1965,344,-101.08,6.49,1245.01,0.0000,0.0845,1,goal
1972,233,-380.80,6.74,858.80,0.0044,0.0607,0,collision
1973,201,-353.45,7.80,790.13,0.0026,0.0000,0,collision
1966,350,-507.34,5.82,1210.60,0.0022,0.0411,0,collision
1974,382,-145.83,5.85,1260.42,0.0000,0.0409,1,goal
786,314,-49.98,7.11,1296.61,0.0000,0.0231,1,goal
777,277,-4.23,8.05,1265.09,0.0000,0.0000,1,goal
784,356,-505.77,5.78,1135.58,0.0028,0.0924,0,collision
787,239,30.22,9.33,1105.73,0.0000,0.0053,1,goal
790,294,-22.20,7.56,1248.19,0.0000,0.0026,1,goal
778,188,-347.51,7.93,588.96,0.0058,0.0727,0,collision
785,200,-350.23,7.86,871.59,0.0076,0.0402,0,collision
1975,218,-369.29,6.89,852.99,0.0049,0.1029,0,collision
1967,310,-51.97,7.19,1285.03,0.0000,0.0395,1,goal
1968,149,-328.18,6.79,382.80,0.0089,0.0562,0,collision
1976,297,-22.51,7.49,1197.45,0.0000,0.0239,1,goal
1969,333,-73.46,6.68,1041.77,0.0000,0.0326,1,goal
1977,305,-62.86,7.33,1358.92,0.0000,0.0207,1,goal
1970,231,-405.56,5.71,706.82,0.0054,0.0828,0,collision
1978,228,-370.57,7.06,879.82,0.0018,0.0071,0,collision
1971,291,-36.94,7.63,1244.30,0.0000,0.0571,1,goal
1979,345,-102.54,6.45,1172.65,0.0000,0.0515,1,goal
791,266,4.64,8.38,1093.89,0.0000,0.0200,1,goal
788,298,-41.96,7.48,988.31,0.0000,0.0244,1,goal
792,125,-291.55,8.68,490.49,0.0099,0.0046,0,collision
779,374,-151.83,5.97,1385.75,0.0000,0.0788,1,goal
789,206,-367.05,6.81,872.06,0.0019,0.0452,0,collision
786,368,-141.00,6.03,1355.28,0.0000,0.0202,1,goal
790,144,-308.76,7.76,510.98,0.0034,0.0187,0,collision
793,287,-23.08,7.78,1303.31,0.0000,0.0449,1,goal
780,236,-385.42,6.44,817.68,0.0065,0.0356,0,collision
1980,118,-287.87,8.96,469.56,0.0000,0.0212,0,collision
1972,272,-13.98,8.21,1083.05,0.0000,0.0309,1,goal
1981,359,-90.23,6.20,1212.16,0.0000,0.0467,1,goal
1982,158,-324.72,7.97,716.24,0.0092,0.0446,0,collision
1973,384,-133.24,5.79,1228.25,0.0000,0.1372,1,goal
1974,323,-76.57,6.91,1293.04,0.0000,0.0198,1,goal
1983,366,-132.60,6.08,1361.99,0.0000,0.0694,1,goal
1984,133,-299.22,8.17,540.69,0.0065,0.0902,0,collision
1975,185,-340.20,7.56,621.83,0.0043,0.0558,0,collision
1985,240,-391.50,6.55,849.53,0.0041,0.0402,0,collision
791,126,-289.88,8.67,607.63,0.0080,0.0065,0,collision
787,303,-46.67,7.35,1186.94,0.0000,0.0293,1,goal
794,305,-42.56,7.31,1354.69,0.0000,0.0076,1,goal
788,128,-297.14,8.32,528.84,0.0060,0.0000,0,collision
781,297,-22.51,7.50,1324.11,0.0000,0.0334,1,goal
792,293,-34.91,7.61,1133.64,0.0000,0.0148,1,goal
793,136,-299.60,8.80,401.42,0.0120,0.0152,0,collision
795,278,-3.10,8.02,1236.03,0.0000,0.0100,1,goal
1976,266,-0.54,8.36,1241.07,0.0000,0.0013,1,goal
1986,365,-104.86,6.10,1205.80,0.0000,0.0583,1,goal
1977,312,-57.39,7.12,1350.10,0.0000,0.0479,1,goal
1987,315,-58.51,7.06,1393.44,0.0000,0.0833,1,goal
1978,231,37.79,9.66,1059.20,0.0000,0.0000,1,goal
1988,287,-20.04,7.75,1283.73,0.0000,0.0002,1,goal
1979,199,-352.06,7.51,851.85,0.0049,0.1081,0,collision
1989,179,-360.69,6.08,464.48,0.0047,0.0996,0,collision
1980,279,-409.88,7.24,1264.60,0.0034,0.0177,0,collision
1990,276,-13.09,8.06,1224.03,0.0000,0.0057,1,goal
789,312,-50.36,7.09,1344.39,0.0000,0.0299,1,goal
782,315,-47.67,7.07,1246.46,0.0000,0.0241,1,goal
794,301,-22.71,7.41,1220.82,0.0000,0.0128,1,goal
790,216,-377.95,6.61,749.51,0.0035,0.0297,0,collision
796,365,-89.90,6.13,1257.75,0.0000,0.1022,1,goal
791,158,-325.00,6.14,414.29,0.0022,0.0926,0,collision
783,372,-130.36,5.97,1233.20,0.0000,0.1287,1,goal
795,229,-378.67,7.01,805.86,0.0011,0.0471,0,collision
1991,287,-11.73,7.76,1274.35,0.0000,0.0423,1,goal
1981,297,-25.03,7.50,1395.94,0.0000,0.0111,1,goal
1992,157,-334.89,6.80,551.00,0.0057,0.0165,0,collision
1993,147,-319.11,6.68,559.12,0.0068,0.1311,0,collision
1982,298,-38.23,7.49,1229.07,0.0000,0.0367,1,goal
1994,139,-309.88,7.06,494.21,0.0070,0.0667,0,collision
1983,290,-36.45,7.66,1124.21,0.0000,0.0048,1,goal
1995,280,-6.70,7.98,1131.86,0.0000,0.0455,1,goal
1984,189,-351.93,7.46,634.74,0.0039,0.0357,0,collision
1996,310,-62.13,7.19,1097.69,0.0000,0.0065,1,goal
797,280,-16.40,7.96,1270.42,0.0000,0.0102,1,goal
796,208,-378.42,5.58,583.90,0.0070,0.1196,0,collision
784,367,-126.50,6.08,1289.26,0.0000,0.1346,1,goal
792,381,-113.97,5.86,1279.51,0.0000,0.0728,1,goal
797,190,-343.32,7.76,747.63,0.0071,0.0951,0,collision
798,304,-33.73,7.34,1149.86,0.0000,0.0000,1,goal
1985,282,-11.92,7.88,1342.11,0.0000,0.0089,1,goal
1997,354,-100.73,6.29,1286.93,0.0000,0.0371,1,goal
1986,150,-327.36,6.46,384.02,0.0056,0.1331,0,collision
1998,275,-2.47,8.16,1196.39,0.0000,0.0007,1,goal
1987,272,-11.35,8.22,1193.77,0.0000,0.0513,1,goal
1988,154,-322.99,7.37,511.62,0.0055,0.0602,0,collision
1999,386,-147.74,5.79,1086.72,0.0000,0.1311,1,goal
1989,383,-148.05,5.82,1253.10,0.0000,0.0634,1,goal
2000,257,17.92,8.69,1137.30,0.0000,0.0103,1,goal
1990,167,-319.15,7.77,649.03,0.0006,0.0269,0,collision
793,283,-13.27,7.86,1343.71,0.0000,0.0165,1,goal
785,352,-93.79,6.34,1282.89,0.0000,0.0500,1,goal
798,279,-4.53,7.99,1215.01,0.0000,0.0000,1,goal
794,174,-329.78,7.46,634.39,0.0043,0.0553,0,collision
799,144,-317.96,6.74,514.09,0.0057,0.0911,0,collision
799,343,-87.30,6.48,1228.01,0.0000,0.0415,1,goal
786,296,-23.87,7.53,1219.36,0.0000,0.0000,1,goal
795,276,-3.89,8.11,1270.56,0.0000,0.0001,1,goal
1991,287,-14.33,7.75,1326.06,0.0000,0.0160,1,goal
2001,322,-85.77,6.92,1136.94,0.0000,0.0704,1,goal
1992,341,-93.30,6.53,1139.34,0.0000,0.0416,1,goal
2002,390,-173.26,5.72,1134.02,0.0000,0.1069,1,goal
1993,297,-30.49,7.50,1189.58,0.0000,0.0696,1,goal
2003,303,-449.70,7.30,1032.95,0.0048,0.0054,0,collision
1994,268,7.69,8.33,1090.37,0.0000,0.0000,1,goal
2004,307,-48.94,7.27,1374.54,0.0000,0.0059,1,goal
1995,314,-37.59,7.10,1222.69,0.0000,0.0010,1,goal
2005,357,-113.14,6.20,1341.54,0.0000,0.0233,1,goal
800,251,-437.78,4.41,503.70,0.0033,0.1319,0,collision
800,311,-53.11,7.14,1040.21,0.0000,0.0086,1,goal
787,250,22.35,8.95,941.56,0.0000,0.0000,1,goal
801,189,-350.03,6.96,650.48,0.0089,0.0556,0,collision
796,267,5.00,8.34,1004.30,0.0000,0.0598,1,goal
801,333,-485.53,6.25,999.42,0.0034,0.0839,0,collision
802,281,-20.59,7.93,1086.01,0.0000,0.0866,1,goal
788,354,-91.79,6.28,1200.74,0.0000,0.0722,1,goal
2006,291,-38.69,7.68,1191.44,0.0000,0.0949,1,goal
1996,342,-82.86,6.52,1241.65,0.0000,0.0645,1,goal
2007,286,-12.95,7.79,1412.11,0.0000,0.0487,1,goal
1997,287,-26.90,7.77,1096.76,0.0000,0.0052,1,goal
2008,342,-84.28,6.54,1106.14,0.0000,0.0350,1,goal
1998,319,-49.87,7.00,1120.63,0.0000,0.0313,1,goal
1999,173,-332.70,7.81,624.12,0.0057,0.0290,0,collision
2009,352,-107.27,6.33,1224.24,0.0000,0.0085,1,goal
2000,287,-24.93,7.79,1324.59,0.0000,0.0475,1,goal
2010,299,-32.47,7.46,1099.75,0.0000,0.0008,1,goal
797,292,-21.52,7.65,1190.46,0.0000,0.0209,1,goal
802,187,-339.57,7.42,689.12,0.0061,0.0620,0,collision
798,142,-305.03,7.66,552.80,0.0074,0.0050,0,collision
789,204,-356.89,7.49,685.88,0.0081,0.0801,0,collision
803,137,-308.95,8.01,531.91,0.0103,0.0089,0,collision
803,273,-407.41,7.50,1078.89,0.0037,0.0480,0,collision
804,237,-391.22,6.77,869.51,0.0000,0.0042,0,collision
790,276,-2.56,8.09,1072.40,0.0000,0.0352,1,goal
799,315,-56.99,7.06,1234.58,0.0000,0.0112,1,goal
2011,135,-299.06,8.02,411.86,0.0148,0.0000,0,collision
2001,160,-340.07,6.49,528.55,0.0125,0.0055,0,collision
2012,149,-317.05,7.75,603.81,0.0087,0.0124,0,collision
2002,285,-12.90,7.82,1274.04,0.0000,0.0462,1,goal
2013,298,-37.38,7.45,1172.63,0.0000,0.0344,1,goal
2003,381,-120.30,5.83,1179.08,0.0000,0.0094,1,goal
2014,293,-21.79,7.60,1301.99,0.0000,0.0403,1,goal
2015,286,-14.30,7.79,1328.09,0.0000,0.0051,1,goal
2004,357,-114.62,6.26,1235.43,0.0000,0.0593,1,goal
2016,304,-25.00,7.35,1270.78,0.0000,0.0234,1,goal
804,304,-29.39,7.34,1233.23,0.0000,0.0053,1,goal
800,214,-384.28,6.39,714.98,0.0060,0.0000,0,collision
791,255,-401.90,6.34,928.14,0.0060,0.0700,0,collision
805,351,-101.89,6.34,1248.91,0.0000,0.0058,1,goal
792,129,-295.52,8.54,493.83,0.0045,0.0184,0,collision
805,396,-162.36,5.64,1101.88,0.0000,0.1675,1,goal
2005,147,-323.80,7.23,548.84,0.0099,0.0002,0,collision
2006,123,-290.36,9.54,611.39,0.0101,0.0000,0,collision
2017,284,-20.01,7.85,1282.36,0.0000,0.0330,1,goal
2007,215,-399.81,5.64,686.26,0.0054,0.0396,0,collision
2018,237,-390.67,6.44,735.32,0.0031,0.0950,0,collision
2008,297,-23.53,7.49,1173.85,0.0000,0.0042,1,goal
2019,284,-17.00,7.86,1096.90,0.0000,0.0302,1,goal
2020,306,-56.50,7.26,1306.23,0.0000,0.0065,1,goal
2009,403,-188.08,5.53,1354.76,0.0000,0.0506,1,goal
2021,386,-150.32,5.77,1256.64,0.0000,0.0549,1,goal
801,327,-516.00,4.76,800.45,0.0013,0.1522,0,collision
806,289,-13.65,7.71,1173.57,0.0000,0.0217,1,goal
793,263,0.06,8.50,1007.47,0.0000,0.0106,1,goal
806,298,-26.62,7.48,1175.88,0.0000,0.0226,1,goal
802,264,3.05,8.43,1209.43,0.0000,0.0000,1,goal
807,309,-452.59,7.16,1074.67,0.0028,0.0394,0,collision
794,354,-106.65,6.28,1182.79,0.0000,0.0094,1,goal
2022,174,-334.86,7.22,712.32,0.0044,0.0266,0,collision
2010,332,-79.00,6.71,1109.74,0.0000,0.0346,1,goal
2023,232,-386.30,6.73,907.57,0.0001,0.0261,0,collision
2011,279,-6.64,7.98,1345.13,0.0000,0.0092,1,goal
2024,323,-75.63,6.90,1105.07,0.0000,0.0942,1,goal
2012,215,-364.51,7.06,780.54,0.0034,0.0204,0,collision
2025,290,-21.89,7.67,1172.83,0.0000,0.0000,1,goal
2013,277,-466.14,5.72,868.24,0.0022,0.1204,0,collision
2026,273,-3.51,8.16,937.65,0.0000,0.0000,1,goal
2014,383,-154.61,5.81,1137.21,0.0000,0.1931,1,goal
807,363,-120.07,6.14,1309.72,0.0000,0.0251,1,goal
808,298,-35.32,7.47,1355.62,0.0000,0.0000,1,goal
803,397,-131.44,5.60,1440.05,0.0000,0.0028,1,goal
808,158,-342.08,6.47,431.79,0.0043,0.0338,0,collision
795,361,-488.18,6.11,1035.85,0.0035,0.0034,0,collision
804,229,-399.95,6.26,752.80,0.0045,0.0073,0,collision
2015,363,-92.39,6.13,1345.66,0.0000,0.0228,1,goal
2027,381,-110.83,5.84,1204.33,0.0000,0.0000,1,goal
2028,271,-8.14,8.22,1182.95,0.0000,0.0000,1,goal
2016,301,-29.38,7.41,1227.83,0.0000,0.0000,1,goal
2029,172,-330.86,7.55,670.19,0.0003,0.0839,0,collision
2017,338,-93.43,6.61,1303.27,0.0000,0.1109,1,goal
2030,203,-386.75,5.64,552.17,0.0071,0.1034,0,collision
2031,246,-420.07,6.53,807.89,0.0081,0.0903,0,collision
2018,288,-13.05,7.73,1379.14,0.0000,0.0292,1,goal
2032,283,-18.87,7.90,1412.87,0.0000,0.0365,1,goal
805,134,-305.27,8.13,450.55,0.0136,0.0043,0,collision
809,318,-36.31,7.01,1216.81,0.0000,0.0228,1,goal
809,390,-172.41,5.71,1184.47,0.0000,0.1828,1,goal
796,275,-20.70,8.08,995.00,0.0000,0.0000,1,goal
806,278,-8.49,8.02,1149.65,0.0000,0.0124,1,goal
810,278,-5.69,8.01,1364.71,0.0000,0.0230,1,goal
810,289,-20.56,7.71,1251.51,0.0000,0.0007,1,goal
797,291,-20.02,7.69,1338.29,0.0000,0.0105,1,goal
807,156,-333.97,6.45,629.80,0.0022,0.0923,0,collision
2033,201,-344.90,7.71,733.00,0.0051,0.0280,0,collision
2019,267,-0.14,8.35,1247.45,0.0000,0.0489,1,goal
2020,353,-552.25,5.72,1230.11,0.0053,0.2198,0,collision
2034,421,-200.30,5.29,1369.52,0.0000,0.0909,1,goal
2035,378,-144.67,5.90,1218.02,0.0000,0.0658,1,goal
2021,384,-150.71,5.80,1117.80,0.0000,0.0556,1,goal
2036,293,-18.48,7.59,1383.16,0.0000,0.0205,1,goal
2022,415,-190.19,5.37,1484.52,0.0000,0.1262,1,goal
2037,243,-427.47,5.40,800.62,0.0082,0.0369,0,collision
2023,381,-141.60,5.88,1150.04,0.0000,0.0881,1,goal
798,241,32.29,9.27,1002.76,0.0000,0.0131,1,goal
811,290,-18.97,7.67,1217.12,0.0000,0.0248,1,goal
808,220,-368.49,7.12,859.59,0.0011,0.0181,0,collision
811,393,-157.78,5.68,1360.50,0.0000,0.1552,1,goal
812,305,-35.02,7.33,1408.79,0.0000,0.0321,1,goal
799,343,-81.27,6.49,1102.42,0.0000,0.0266,1,goal
809,305,-30.33,7.31,1239.38,0.0000,0.0479,1,goal
2024,278,-6.26,8.02,1306.42,0.0000,0.0046,1,goal
2038,309,-488.59,5.96,1112.56,0.0016,0.0305,0,collision
2039,167,-329.05,7.65,644.40,0.0007,0.0833,0,collision
2025,386,-575.42,5.74,1173.54,0.0026,0.1138,0,collision
2040,249,-390.78,7.45,1080.08,0.0063,0.0038,0,collision
2041,174,-327.54,7.43,654.59,0.0039,0.0298,0,collision
2026,292,-19.84,7.63,1222.82,0.0000,0.0085,1,goal
2042,296,-29.04,7.51,1270.38,0.0000,0.0044,1,goal
2027,255,17.24,8.79,1099.55,0.0000,0.0128,1,goal
2043,185,-338.23,7.40,845.68,0.0102,0.0113,0,collision
812,328,-70.84,6.78,1333.97,0.0000,0.0031,1,goal
800,333,-74.81,6.70,1231.68,0.0000,0.0105,1,goal
810,311,-43.79,7.16,1449.91,0.0000,0.0384,1,goal
813,375,-123.61,5.93,1250.48,0.0000,0.1165,1,goal
813,293,-18.33,7.62,1343.80,0.0000,0.0033,1,goal
2028,288,-18.79,7.74,1369.50,0.0000,0.0281,1,goal
2044,384,-122.12,5.79,1184.89,0.0000,0.0000,1,goal
2045,234,-416.14,5.53,649.32,0.0063,0.0260,0,collision
2029,397,-180.85,5.61,1288.26,0.0000,0.0972,1,goal
2046,288,-24.01,7.73,1084.48,0.0000,0.0000,1,goal
2030,307,-38.53,7.28,1314.54,0.0000,0.0067,1,goal
2031,151,-314.11,7.99,699.15,0.0077,0.0129,0,collision
2047,377,-124.97,5.92,1217.59,0.0000,0.0456,1,goal
2032,402,-149.42,5.55,1257.10,0.0000,0.1187,1,goal
2048,326,-58.87,6.82,1265.04,0.0000,0.0158,1,goal
801,280,-13.10,7.97,1151.78,0.0000,0.0000,1,goal
814,285,-12.81,7.82,1242.34,0.0000,0.0000,1,goal
811,370,-114.09,6.01,1325.84,0.0000,0.0270,1,goal
814,374,-132.83,5.94,1382.25,0.0000,0.0111,1,goal
815,194,-375.16,5.46,561.02,0.0057,0.0000,0,collision
802,367,-130.16,6.07,1202.20,0.0000,0.0632,1,goal
815,255,-408.24,7.31,1192.25,0.0048,0.0287,0,collision
816,205,-375.48,6.00,585.88,0.0058,0.0706,0,collision
2033,315,-65.78,7.07,1253.53,0.0000,0.0797,1,goal
2049,373,-111.55,5.98,1349.43,0.0000,0.0133,1,goal
2034,240,27.36,9.27,1259.33,0.0000,0.0000,1,goal
2050,376,-563.75,5.90,1196.61,0.0014,0.1459,0,collision
2035,346,-96.17,6.44,1170.74,0.0000,0.0475,1,goal
2051,240,-395.09,6.05,819.56,0.0043,0.0432,0,collision
2036,300,-25.77,7.43,1295.04,0.0000,0.0000,1,goal
2052,401,-185.00,5.54,1188.42,0.0000,0.1655,1,goal
2037,264,-0.07,8.44,1050.66,0.0000,0.0259,1,goal
2053,340,-97.39,6.55,1192.40,0.0000,0.0605,1,goal
812,396,-170.40,5.63,1396.00,0.0000,0.1127,1,goal
803,374,-139.77,5.94,1109.02,0.0000,0.0584,1,goal
816,349,-86.44,6.36,904.26,0.0000,0.0016,1,goal
817,362,-83.44,6.16,1371.81,0.0000,0.0000,1,goal
813,354,-97.67,6.30,1360.08,0.0000,0.0000,1,goal
817,153,-314.49,8.34,683.01,0.0065,0.0176,0,collision
2038,300,-43.65,7.46,1292.15,0.0000,0.0139,1,goal
2054,375,-114.20,5.94,1243.49,0.0000,0.0353,1,goal
2039,301,-27.93,7.41,1118.89,0.0000,0.0266,1,goal
2055,405,-215.43,5.48,1137.97,0.0000,0.0756,1,goal
2040,266,4.41,8.37,1123.02,0.0000,0.0074,1,goal
2056,295,-43.19,7.57,1067.82,0.0000,0.0000,1,goal
2041,280,-7.98,7.96,1301.13,0.0000,0.0064,1,goal
2057,146,-311.46,7.54,628.88,0.0100,0.0275,0,collision
2042,211,-353.85,7.25,909.62,0.0021,0.0488,0,collision
2058,310,-39.48,7.17,1172.25,0.0000,0.0191,1,goal
804,280,-14.72,7.93,1279.35,0.0000,0.0034,1,goal
818,308,-50.08,7.22,1307.29,0.0000,0.0236,1,goal
814,300,-28.54,7.42,1127.63,0.0000,0.0035,1,goal
818,295,-17.12,7.56,1343.52,0.0000,0.0000,1,goal
805,223,-400.99,5.79,568.48,0.0071,0.0042,0,collision
806,163,-316.16,7.96,693.75,0.0067,0.0435,0,collision
819,343,-514.77,6.46,1199.19,0.0017,0.1042,0,collision
815,281,-9.43,7.94,1138.81,0.0000,0.0153,1,goal
2059,212,-371.11,6.24,800.23,0.0042,0.0294,0,collision
2043,327,-73.74,6.80,1191.44,0.0000,0.0090,1,goal
2044,198,-369.10,5.26,468.98,0.0004,0.0589,0,collision
2060,343,-111.46,6.49,1322.55,0.0000,0.1198,1,goal
2045,300,-24.78,7.42,1297.20,0.0000,0.0161,1,goal
2061,292,-22.86,7.61,1216.17,0.0000,0.0402,1,goal
2046,188,-339.92,7.11,719.60,0.0058,0.0561,0,collision
2062,289,-20.05,7.71,1347.38,0.0000,0.0238,1,goal
2047,353,-112.56,6.29,1230.04,0.0000,0.0650,1,goal
2063,285,-11.26,7.81,1243.42,0.0000,0.0435,1,goal
819,337,-75.92,6.60,1182.02,0.0000,0.0000,1,goal
807,286,-8.70,7.80,1148.71,0.0000,0.0392,1,goal
820,293,-26.28,7.60,1369.94,0.0000,0.0000,1,goal
816,336,-84.64,6.62,1207.02,0.0000,0.0001,1,goal
820,249,-382.70,7.45,898.97,0.0019,0.0016,0,collision
2064,251,-402.81,6.25,949.06,0.0050,0.0186,0,collision
2048,271,3.42,8.21,1225.56,0.0000,0.0000,1,goal
2065,295,-26.08,7.54,1345.75,0.0000,0.0194,1,goal
2049,289,-12.98,7.71,1217.72,0.0000,0.0080,1,goal
2050,210,-352.36,7.39,922.17,0.0043,0.0076,0,collision
2066,276,-2.57,8.08,1135.92,0.0000,0.0092,1,goal
2051,241,-397.02,6.54,908.98,0.0035,0.0286,0,collision
2067,302,-21.13,7.38,1263.99,0.0000,0.0164,1,goal
2052,249,-397.81,6.31,1075.27,0.0046,0.0184,0,collision
2068,168,-325.66,8.08,670.54,0.0091,0.0000,0,collision
808,357,-110.87,6.24,1216.24,0.0000,0.0064,1,goal
821,280,-456.50,5.76,926.45,0.0022,0.0296,0,collision
817,298,-26.66,7.48,1291.40,0.0000,0.0383,1,goal
821,357,-129.02,6.23,1229.83,0.0000,0.0605,1,goal
822,223,-379.40,6.13,743.60,0.0089,0.0348,0,collision
818,296,-26.22,7.54,1254.16,0.0000,0.0058,1,goal
822,296,-30.49,7.53,992.19,0.0000,0.0453,1,goal
809,348,-99.18,6.39,1408.00,0.0000,0.0311,1,goal
2053,315,-503.30,5.86,1012.98,0.0032,0.0646,0,collision
2069,379,-115.44,5.89,1319.61,0.0000,0.0204,1,goal
2054,264,9.41,8.44,1282.58,0.0000,0.0171,1,goal
2070,260,12.79,8.57,1055.69,0.0000,0.0199,1,goal
2055,246,-394.21,6.34,921.98,0.0048,0.0557,0,collision
2071,324,-71.50,6.88,1092.15,0.0000,0.0059,1,goal
2056,304,-29.54,7.31,1367.17,0.0000,0.0291,1,goal
2072,317,-63.07,7.06,1104.00,0.0000,0.0349,1,goal
2057,291,-28.06,7.66,1292.15,0.0000,0.0005,1,goal
2073,340,-482.64,6.38,1022.52,0.0048,0.0049,0,collision
823,267,5.61,8.34,950.58,0.0000,0.0213,1,goal
810,194,-339.00,8.09,733.25,0.0056,0.0396,0,collision
819,305,-27.88,7.32,1384.10,0.0000,0.0133,1,goal
823,309,-457.77,6.78,1251.51,0.0032,0.0090,0,collision
824,288,-13.49,7.74,1100.37,0.0000,0.0117,1,goal
811,288,-24.95,7.74,1332.05,0.0000,0.0519,1,goal
824,314,-52.84,7.07,1233.61,0.0000,0.0386,1,goal
820,343,-102.65,6.49,1122.76,0.0000,0.0402,1,goal
2058,218,-374.42,7.05,956.62,0.0051,0.0267,0,collision
2074,405,-162.34,5.50,1160.87,0.0000,0.0459,1,goal
2059,394,-145.23,5.67,1213.12,0.0000,0.0208,1,goal
2075,296,-25.22,7.55,1333.34,0.0000,0.0033,1,goal
2060,366,-134.63,6.07,1094.22,0.0000,0.0618,1,goal
2076,370,-114.52,6.02,1251.74,0.0000,0.0000,1,goal
2061,362,-93.50,6.13,1262.97,0.0000,0.0439,1,goal
2077,361,-137.18,6.19,1283.31,0.0000,0.1835,1,goal
2078,233,-387.05,6.93,667.34,0.0064,0.0128,0,collision
2062,403,-192.48,5.53,1164.27,0.0000,0.0890,1,goal
812,350,-501.97,6.31,1172.12,0.0029,0.0128,0,collision
825,383,-152.66,5.82,1083.56,0.0000,0.1158,1,goal
825,291,-22.92,7.65,1272.62,0.0000,0.0040,1,goal
821,339,-98.95,6.58,1207.82,0.0000,0.0058,1,goal
826,237,-379.83,6.66,907.89,0.0055,0.0000,0,collision
813,264,8.71,8.44,1200.49,0.0000,0.0000,1,goal
2063,181,-335.45,8.42,838.65,0.0057,0.0075,0,collision
2079,315,-46.29,7.07,1190.36,0.0000,0.0405,1,goal
2064,174,-331.70,7.40,568.38,0.0004,0.0755,0,collision
2065,281,-450.29,5.54,736.44,0.0021,0.0911,0,collision
2080,321,-68.56,6.95,1210.19,0.0000,0.1174,1,goal
2081,301,-33.71,7.44,1211.91,0.0000,0.0292,1,goal
2066,358,-100.44,6.21,1050.66,0.0000,0.0623,1,goal
2082,280,-5.84,8.01,1072.40,0.0000,0.0136,1,goal
2067,307,-59.80,7.24,1080.48,0.0000,0.0044,1,goal
2083,153,-312.21,8.36,687.24,0.0032,0.0356,0,collision
826,328,-84.13,6.82,1091.77,0.0000,0.0605,1,goal
822,349,-89.17,6.38,1114.17,0.0000,0.0374,1,goal
814,293,-22.14,7.62,1280.58,0.0000,0.0144,1,goal
827,340,-88.10,6.54,1104.37,0.0000,0.0672,1,goal
827,348,-105.17,6.40,1253.29,0.0000,0.0512,1,goal
815,208,-352.01,7.50,802.73,0.0037,0.0467,0,collision
828,221,-373.04,7.28,755.25,0.0015,0.0772,0,collision
823,353,-86.39,6.33,1087.23,0.0000,0.0007,1,goal
2084,246,23.67,9.07,985.58,0.0000,0.0026,1,goal
2068,361,-107.07,6.17,1077.07,0.0000,0.0086,1,goal
2085,311,-38.73,7.17,1248.60,0.0000,0.0056,1,goal
2069,213,-366.83,6.50,730.83,0.0056,0.0254,0,collision
2086,241,-398.34,6.42,828.20,0.0037,0.0423,0,collision
2070,262,0.48,8.53,920.66,0.0000,0.0728,1,goal
2087,310,-50.69,7.19,1113.31,0.0000,0.0211,1,goal
2071,339,-91.93,6.56,1223.59,0.0000,0.0269,1,goal
2088,151,-310.32,8.49,658.14,0.0040,0.0261,0,collision
2072,276,-9.63,8.07,1135.40,0.0000,0.0247,1,goal
829,182,-342.69,7.03,715.31,0.0036,0.0638,0,collision
828,326,-60.58,6.83,1158.23,0.0000,0.0261,1,goal
824,264,1.11,8.44,1242.26,0.0000,0.0000,1,goal
816,342,-84.76,6.53,1392.65,0.0000,0.0680,1,goal
830,360,-117.01,6.18,1180.35,0.0000,0.1795,1,goal
829,292,-29.71,7.61,1350.66,0.0000,0.0000,1,goal
2089,278,-8.06,8.04,1092.32,0.0000,0.0134,1,goal
2073,350,-118.16,6.37,1003.37,0.0000,0.0834,1,goal
2090,266,-3.07,8.37,1105.06,0.0000,0.0114,1,goal
2074,272,0.44,8.21,995.26,0.0000,0.0331,1,goal
2091,124,-285.97,8.90,424.77,0.0089,0.0151,0,collision
2075,301,-43.77,7.38,1219.68,0.0000,0.0061,1,goal
2092,289,-11.89,7.72,1236.47,0.0000,0.0000,1,goal
2076,282,-21.42,7.88,1266.77,0.0000,0.0084,1,goal
2093,255,18.37,8.73,1048.19,0.0000,0.0000,1,goal
2077,322,-53.17,6.92,1137.44,0.0000,0.0361,1,goal
825,287,-16.01,7.76,1351.92,0.0000,0.0310,1,goal
817,309,-50.08,7.19,1120.79,0.0000,0.0450,1,goal
830,153,-312.11,8.44,633.14,0.0065,0.0352,0,collision
831,145,-306.92,8.83,731.46,0.0069,0.0424,0,collision
831,369,-133.78,6.06,1207.34,0.0000,0.0515,1,goal
818,298,-52.49,7.51,1034.29,0.0000,0.0385,1,goal
826,368,-535.70,6.01,1171.04,0.0014,0.1434,0,collision
2094,270,2.59,8.23,1104.76,0.0000,0.0172,1,goal
2078,286,-8.00,7.79,1211.30,0.0000,0.0344,1,goal
2095,114,-277.89,9.53,315.56,0.0059,0.0059,0,collision
2096,146,-311.82,7.42,452.11,0.0073,0.0021,0,collision
2079,341,-92.63,6.53,1157.80,0.0000,0.0198,1,goal
2097,116,-281.70,9.42,440.04,0.0130,0.0156,0,collision
2080,358,-118.28,6.23,1104.79,0.0000,0.0664,1,goal
2098,341,-79.74,6.53,1091.01,0.0000,0.0465,1,goal
2099,344,-81.00,6.47,1296.13,0.0000,0.0012,1,goal
2081,371,-124.61,6.00,1072.49,0.0000,0.1786,1,goal
832,273,5.21,8.16,885.72,0.0000,0.0305,1,goal
832,307,-39.98,7.24,1223.45,0.0000,0.0385,1,goal
819,359,-121.15,6.21,950.43,0.0000,0.0378,1,goal
827,369,-137.11,6.02,1081.94,0.0000,0.0543,1,goal
833,320,-52.43,6.94,1159.30,0.0000,0.0059,1,goal
820,236,-366.63,8.80,802.80,0.0022,0.0030,0,collision
833,304,-39.39,7.31,1308.12,0.0000,0.0204,1,goal
2100,296,-36.35,7.52,921.65,0.0000,0.0213,1,goal
2082,304,-37.68,7.34,1198.48,0.0000,0.0126,1,goal
2083,281,-4.99,7.93,1202.77,0.0000,0.0359,1,goal
2101,320,-56.80,6.94,1132.91,0.0000,0.0444,1,goal
2084,253,11.13,8.79,1011.48,0.0000,0.0013,1,goal
2102,295,-38.27,7.54,1229.44,0.0000,0.0126,1,goal
2085,158,-317.05,7.62,625.12,0.0096,0.0019,0,collision
2103,173,-337.10,7.97,815.11,0.0081,0.0513,0,collision
2086,294,-26.13,7.56,1157.66,0.0000,0.0078,1,goal
2104,288,-34.08,7.74,1128.64,0.0000,0.0618,1,goal
828,278,-2.69,8.02,1107.93,0.0000,0.0185,1,goal
834,272,1.87,8.18,1156.97,0.0000,0.0000,1,goal
821,294,-25.24,7.57,1358.54,0.0000,0.0000,1,goal
834,318,-462.68,6.87,1100.66,0.0002,0.0512,0,collision
829,256,8.74,8.72,983.00,0.0000,0.0064,1,goal
835,303,-41.55,7.34,1045.61,0.0000,0.0152,1,goal
2105,249,23.95,8.95,937.00,0.0000,0.0098,1,goal
2087,315,-56.55,7.07,994.28,0.0000,0.0315,1,goal
2106,299,-34.88,7.47,1221.43,0.0000,0.0764,1,goal
2088,365,-125.63,6.10,997.94,0.0000,0.0468,1,goal
2107,198,-351.70,7.93,754.55,0.0087,0.0214,0,collision
2089,116,-278.27,10.36,349.81,0.0104,0.0979,0,collision
2090,156,-320.74,7.95,565.71,0.0109,0.0109,0,collision
2108,340,-506.48,6.51,1113.35,0.0022,0.0325,0,collision
2091,310,-53.69,7.14,1024.93,0.0000,0.0200,1,goal
2109,374,-111.13,5.96,1177.62,0.0000,0.0448,1,goal
822,310,-47.36,7.15,1178.49,0.0000,0.0108,1,goal
830,266,5.12,8.37,1231.90,0.0000,0.0169,1,goal
835,319,-488.12,6.37,988.79,0.0031,0.0957,0,collision
831,226,-402.83,5.84,459.36,0.0042,0.1363,0,collision
836,357,-90.37,6.25,1278.77,0.0000,0.0388,1,goal
823,295,-21.37,7.54,1049.59,0.0000,0.0132,1,goal
836,289,-40.17,7.75,924.88,0.0000,0.0196,1,goal
2092,276,-1.76,8.08,1152.51,0.0000,0.0012,1,goal
2110,316,-49.31,7.04,1035.36,0.0000,0.0194,1,goal
2093,347,-126.21,6.42,1413.77,0.0000,0.1273,1,goal
2111,312,-46.52,7.13,1170.55,0.0000,0.0482,1,goal
2094,341,-93.19,6.54,1045.90,0.0000,0.0000,1,goal
2112,336,-122.61,6.67,1249.32,0.0000,0.2072,1,goal
2095,264,-5.05,8.39,1229.55,0.0000,0.0115,1,goal
2113,279,-14.94,7.98,1085.55,0.0000,0.0331,1,goal
2096,120,-282.00,9.18,392.44,0.0040,0.0127,0,collision
2114,267,-4.00,8.33,1211.99,0.0000,0.0000,1,goal
832,333,-78.71,6.68,1228.47,0.0000,0.0345,1,goal
824,294,-22.92,7.58,1299.76,0.0000,0.0370,1,goal
837,321,-66.24,6.94,1124.36,0.0000,0.0233,1,goal
837,311,-56.12,7.14,1114.63,0.0000,0.0098,1,goal
838,147,-311.80,8.20,526.09,0.0060,0.0146,0,collision
825,269,-0.78,8.27,1193.58,0.0000,0.0000,1,goal
838,319,-53.83,6.98,1034.31,0.0000,0.0222,1,goal
833,354,-121.59,6.29,1218.88,0.0000,0.0846,1,goal
2097,290,-450.00,6.86,988.89,0.0021,0.0488,0,collision
2115,297,-458.81,6.91,879.87,0.0033,0.0067,0,collision
2098,357,-88.07,6.25,1209.61,0.0000,0.0210,1,goal
2116,358,-100.60,6.24,1137.60,0.0000,0.0399,1,goal
2117,304,-43.77,7.34,1170.43,0.0000,0.0190,1,goal
2099,339,-87.59,6.58,1057.62,0.0000,0.0168,1,goal
2118,352,-110.95,6.35,1252.20,0.0000,0.0278,1,goal
2100,393,-175.14,5.68,1207.64,0.0000,0.1197,1,goal
2119,330,-79.91,6.74,1134.88,0.0000,0.0878,1,goal
2101,388,-180.90,5.72,1282.70,0.0000,0.1490,1,goal
839,125,-288.58,8.78,417.68,0.0079,0.0083,0,collision
839,340,-98.85,6.54,1146.03,0.0000,0.0136,1,goal
826,290,-35.84,7.71,1113.18,0.0000,0.0689,1,goal
840,238,32.37,9.37,1049.20,0.0000,0.0079,1,goal
840,145,-312.82,7.11,404.59,0.0076,0.0000,0,collision
834,370,-139.81,6.03,1178.12,0.0000,0.0581,1,goal
827,301,-36.29,7.42,1244.42,0.0000,0.0163,1,goal
835,241,28.07,9.27,990.15,0.0000,0.0082,1,goal
2120,282,-10.73,7.90,1045.14,0.0000,0.0025,1,goal
2102,283,-7.12,7.88,1169.86,0.0000,0.0000,1,goal
2103,236,34.17,9.44,1065.84,0.0000,0.0000,1,goal
2121,370,-121.05,6.03,1142.77,0.0000,0.1149,1,goal
2104,294,-17.40,7.59,1130.51,0.0000,0.0198,1,goal
2122,269,1.66,8.29,1108.97,0.0000,0.0000,1,goal
2105,201,-353.37,7.71,650.41,0.0053,0.0312,0,collision
2123,232,35.74,9.61,1000.46,0.0000,0.0000,1,goal
2106,273,-0.75,8.16,1158.25,0.0000,0.0041,1,goal
2124,281,-5.17,7.94,1138.44,0.0000,0.0334,1,goal
841,279,-2.37,7.99,946.82,0.0000,0.0011,1,goal
841,280,-18.37,7.95,1200.21,0.0000,0.0167,1,goal
828,309,-38.06,7.20,1260.26,0.0000,0.0368,1,goal
836,254,19.37,8.77,991.12,0.0000,0.0000,1,goal
842,271,-4.35,8.23,1299.83,0.0000,0.0131,1,goal
842,328,-80.33,6.78,1266.17,0.0000,0.0665,1,goal
829,137,-303.63,8.04,633.53,0.0123,0.0113,0,collision
2107,207,-349.90,7.60,822.28,0.0054,0.0177,0,collision
2125,275,-1.85,8.13,1109.89,0.0000,0.0000,1,goal
2108,301,-439.32,7.37,1141.35,0.0004,0.0527,0,collision
2126,248,19.10,8.95,892.98,0.0000,0.0000,1,goal
2127,232,39.61,9.63,1020.79,0.0000,0.0000,1,goal
2109,292,-39.51,7.65,1226.54,0.0000,0.0972,1,goal
2128,246,22.18,9.07,1197.29,0.0000,0.0000,1,goal
2110,243,28.06,9.20,759.86,0.0000,0.0000,1,goal
2129,268,7.34,8.28,1009.03,0.0000,0.0000,1,goal
2111,290,-434.15,7.62,1233.57,0.0025,0.0427,0,collision
843,246,20.13,9.05,1245.74,0.0000,0.0000,1,goal
830,209,-363.73,7.40,870.69,0.0049,0.0345,0,collision
837,345,-92.27,6.41,1258.02,0.0000,0.0617,1,goal
843,261,11.90,8.53,1104.66,0.0000,0.0000,1,goal
844,279,-8.17,7.98,855.74,0.0000,0.0297,1,goal
831,266,-2.21,8.39,1167.50,0.0000,0.0556,1,goal
838,276,-5.58,8.09,1195.03,0.0000,0.0294,1,goal
844,308,-42.57,7.24,1058.81,0.0000,0.0111,1,goal
2130,133,-299.67,8.31,288.90,0.0076,0.0121,0,collision
2112,301,-39.74,7.39,1260.06,0.0000,0.0217,1,goal
2131,375,-136.41,5.95,1062.88,0.0000,0.0887,1,goal
2113,375,-157.66,5.94,1093.27,0.0000,0.1023,1,goal
2132,287,-25.49,7.76,1019.60,0.0000,0.0693,1,goal
2114,270,-12.27,8.25,1080.56,0.0000,0.0000,1,goal
2133,177,-330.84,8.13,651.93,0.0086,0.0000,0,collision
2115,246,24.11,9.09,988.75,0.0000,0.0001,1,goal
2134,339,-107.13,6.58,1085.15,0.0000,0.0592,1,goal
2116,322,-67.91,6.93,1153.26,0.0000,0.0344,1,goal
832,250,26.10,8.91,914.47,0.0000,0.0000,1,goal
845,310,-52.88,7.16,1049.24,0.0000,0.0237,1,goal
839,267,0.57,8.35,998.77,0.0000,0.0190,1,goal
845,257,15.67,8.67,1131.55,0.0000,0.0228,1,goal
846,118,-282.17,9.22,354.36,0.0055,0.0000,0,collision
833,354,-90.16,6.30,1099.42,0.0000,0.0434,1,goal
846,268,-1.35,8.32,844.87,0.0000,0.0039,1,goal
847,212,57.48,10.55,805.25,0.0000,0.0086,1,goal
840,355,-82.17,6.30,1141.25,0.0000,0.0977,1,goal
2117,278,-8.54,7.99,1137.93,0.0000,0.0293,1,goal
2135,364,-130.53,6.12,1220.52,0.0000,0.0794,1,goal
2118,262,4.26,8.54,1082.41,0.0000,0.0072,1,goal
2119,160,-322.80,7.85,581.80,0.0032,0.0001,0,collision
2136,343,-92.20,6.49,1246.18,0.0000,0.0167,1,goal
2120,191,-343.64,8.26,860.55,0.0103,0.0204,0,collision
2137,303,-37.20,7.34,1066.56,0.0000,0.0237,1,goal
2121,289,-8.14,7.70,1128.68,0.0000,0.0176,1,goal
2138,263,-0.79,8.49,909.49,0.0000,0.0527,1,goal
2122,244,-405.45,6.15,681.59,0.0067,0.0298,0,collision
841,129,-295.68,9.83,524.97,0.0133,0.0000,0,collision
834,246,26.06,9.09,879.36,0.0000,0.0000,1,goal
848,275,-0.34,8.09,1127.80,0.0000,0.0178,1,goal
842,130,-291.84,8.26,445.40,0.0034,0.0253,0,collision
847,351,-113.52,6.34,992.96,0.0000,0.0744,1,goal
835,272,1.28,8.19,1233.38,0.0000,0.0000,1,goal
849,293,-14.01,7.61,1101.72,0.0000,0.0314,1,goal
2123,230,34.38,9.70,1135.80,0.0000,0.0000,1,goal
2139,259,11.36,8.62,1042.06,0.0000,0.0187,1,goal
2140,280,-11.90,7.95,1054.72,0.0000,0.0127,1,goal
2124,312,-61.75,7.11,884.61,0.0000,0.0301,1,goal
2125,242,28.98,9.23,1108.35,0.0000,0.0000,1,goal
2141,357,-105.75,6.24,1105.70,0.0000,0.0514,1,goal
2142,158,-317.61,8.12,479.70,0.0051,0.0711,0,collision
2126,286,-14.53,7.76,1117.20,0.0000,0.0535,1,goal
2127,338,-90.25,6.60,1030.74,0.0000,0.0031,1,goal
2143,379,-162.65,5.87,1035.11,0.0000,0.1497,1,goal
843,324,-42.63,6.88,1069.19,0.0000,0.0000,1,goal
848,316,-63.60,7.07,1094.43,0.0000,0.0000,1,goal
836,290,-30.51,7.71,1173.84,0.0000,0.0363,1,goal
849,188,-335.84,8.57,634.13,0.0037,0.0122,0,collision
844,240,34.56,9.28,994.53,0.0000,0.0000,1,goal
850,368,-526.16,6.03,1091.28,0.0003,0.0890,0,collision
837,218,-386.42,6.11,582.17,0.0081,0.0527,0,collision
850,194,-358.35,7.85,711.46,0.0081,0.1097,0,collision
2144,318,-59.32,6.99,988.93,0.0000,0.0641,1,goal
2128,386,-166.70,5.77,1075.95,0.0000,0.1328,1,goal
2145,274,-11.53,8.14,1050.42,0.0000,0.0726,1,goal
2129,295,-28.10,7.53,1068.24,0.0000,0.0622,1,goal
2130,123,-292.12,7.97,374.56,0.0061,0.0646,0,collision
2146,284,-5.92,7.85,1034.03,0.0000,0.0230,1,goal
2131,251,23.85,8.88,1075.59,0.0000,0.0000,1,goal
2147,282,-8.93,7.87,1079.35,0.0000,0.0179,1,goal
2132,357,-121.51,6.25,988.55,0.0000,0.0430,1,goal
2148,318,-57.06,6.98,1212.30,0.0000,0.0649,1,goal
845,357,-122.77,6.23,1109.31,0.0000,0.0211,1,goal
851,304,-37.50,7.33,1087.64,0.0000,0.0241,1,goal
851,276,-3.63,8.08,969.29,0.0000,0.0029,1,goal
846,142,-307.76,7.75,607.12,0.0059,0.0285,0,collision
838,363,-131.23,6.15,967.28,0.0000,0.0501,1,goal
852,192,-344.97,7.31,724.86,0.0035,0.0356,0,collision
852,237,31.80,9.40,984.91,0.0000,0.0000,1,goal
847,247,25.02,9.04,1247.51,0.0000,0.0000,1,goal
2149,255,19.98,8.71,890.80,0.0000,0.0000,1,goal
2133,354,-122.39,6.29,1051.72,0.0000,0.0750,1,goal
2134,112,-278.76,9.44,500.08,0.0050,0.0088,0,collision
2150,316,-63.84,7.06,1207.04,0.0000,0.0011,1,goal
2135,341,-508.22,6.51,1002.06,0.0014,0.0630,0,collision
2151,289,-25.90,7.70,1125.85,0.0000,0.0395,1,goal
2136,300,-36.44,7.40,1020.12,0.0000,0.0520,1,goal
2152,258,16.23,8.65,959.74,0.0000,0.0204,1,goal
2153,250,18.49,8.91,1122.22,0.0000,0.0111,1,goal
2137,266,3.75,8.35,1087.86,0.0000,0.0055,1,goal
853,265,7.88,8.40,877.99,0.0000,0.0135,1,goal
839,337,-88.92,6.61,1141.90,0.0000,0.0358,1,goal
853,256,12.48,8.73,1029.40,0.0000,0.0119,1,goal
854,129,-289.94,8.55,499.03,0.0090,0.0023,0,collision
848,244,26.72,9.15,815.93,0.0000,0.0000,1,goal
840,187,-336.23,8.53,632.70,0.0041,0.0122,0,collision
849,152,-315.71,8.39,520.63,0.0066,0.1331,0,collision
854,276,-12.60,8.06,1119.18,0.0000,0.0012,1,goal
855,270,-407.27,7.69,950.36,0.0042,0.0265,0,collision
2138,282,-23.08,7.87,993.20,0.0000,0.0000,1,goal
2154,316,-58.40,7.05,1181.80,0.0000,0.0000,1,goal
2155,215,54.91,10.39,859.22,0.0000,0.0000,1,goal
2139,355,-118.02,6.28,959.86,0.0000,0.0580,1,goal
2156,269,-3.08,8.28,1078.87,0.0000,0.0430,1,goal
2140,267,-0.70,8.34,1163.85,0.0000,0.0053,1,goal
2157,278,-4.98,8.03,955.52,0.0000,0.0039,1,goal
2141,255,-3.56,8.74,986.41,0.0000,0.0994,1,goal
2158,346,-513.56,6.41,1088.21,0.0018,0.0606,0,collision
2142,270,-4.48,8.27,978.35,0.0000,0.0138,1,goal
841,229,40.36,9.75,1074.45,0.0000,0.0071,1,goal
850,182,-332.30,8.26,639.97,0.0099,0.1078,0,collision
842,105,-274.01,9.84,290.48,0.0088,0.0000,0,collision
855,268,-399.73,8.27,995.33,0.0019,0.0182,0,collision
856,256,5.81,8.69,1040.72,0.0000,0.0000,1,goal
851,238,33.84,9.38,1017.79,0.0000,0.0000,1,goal
843,224,47.07,9.97,935.62,0.0000,0.0000,1,goal
852,123,-293.00,8.71,400.36,0.0063,0.0042,0,collision
856,251,17.54,8.88,1176.09,0.0000,0.0001,1,goal
2143,221,47.91,10.09,1002.57,0.0000,0.0079,1,goal
2159,254,18.66,8.80,846.97,0.0000,0.0405,1,goal
2144,256,14.02,8.73,1053.58,0.0000,0.0014,1,goal
2160,284,-25.22,7.85,1074.63,0.0000,0.0190,1,goal
2145,276,2.30,8.04,1026.10,0.0000,0.0315,1,goal
2161,368,-128.36,6.05,947.36,0.0000,0.1059,1,goal
2162,116,-279.75,9.22,397.80,0.0140,0.0000,0,collision
2146,376,-151.33,5.92,1155.63,0.0000,0.1000,1,goal
2163,291,-16.57,7.65,1011.54,0.0000,0.0859,1,goal
2147,217,49.48,10.30,962.05,0.0000,0.0000,1,goal
844,200,-356.07,7.57,799.76,0.0064,0.0644,0,collision
857,304,-35.75,7.32,966.53,0.0000,0.0327,1,goal
853,259,14.11,8.61,1219.27,0.0000,0.0029,1,goal
845,202,-353.04,7.56,639.70,0.0054,0.0568,0,collision
858,202,-363.09,6.88,540.48,0.0005,0.0679,0,collision
857,319,-66.54,6.97,1156.52,0.0000,0.0420,1,goal
854,231,34.95,9.66,1102.07,0.0000,0.0010,1,goal
859,252,21.53,8.84,902.61,0.0000,0.0030,1,goal
846,260,12.68,8.56,1153.21,0.0000,0.0000,1,goal
2164,134,-301.18,7.32,292.18,0.0045,0.0418,0,collision
2148,223,-354.76,9.26,893.64,0.0057,0.0000,0,collision
2165,150,-331.55,6.55,343.30,0.0080,0.1414,0,collision
2149,205,59.17,10.91,1090.90,0.0000,0.0000,1,goal
2166,240,28.17,9.29,946.39,0.0000,0.0382,1,goal
2167,136,-294.15,9.45,542.98,0.0057,0.0388,0,collision
2150,266,0.63,8.36,995.52,0.0000,0.0345,1,goal
2168,206,57.91,10.85,867.51,0.0000,0.0000,1,goal
2151,229,39.94,9.74,1046.53,0.0000,0.0149,1,goal
2169,225,44.13,9.91,980.52,0.0000,0.0045,1,goal
858,334,-90.67,6.67,1102.72,0.0000,0.0375,1,goal
855,278,-10.87,7.99,1026.41,0.0000,0.0529,1,goal
860,252,15.36,8.83,1090.09,0.0000,0.0000,1,goal
859,117,-279.72,9.44,269.03,0.0168,0.0138,0,collision
847,360,-130.06,6.19,1068.17,0.0000,0.1016,1,goal
861,148,-319.36,6.55,371.34,0.0026,0.1094,0,collision
856,238,33.92,9.37,872.70,0.0000,0.0197,1,goal
860,248,17.38,9.00,1073.53,0.0000,0.0000,1,goal
2152,158,-314.32,8.21,459.98,0.0040,0.0374,0,collision
2170,340,-108.01,6.56,1003.63,0.0000,0.0416,1,goal
2153,214,-369.05,7.34,769.29,0.0060,0.0435,0,collision
2154,189,-347.11,7.44,646.41,0.0047,0.0260,0,collision
2171,295,-35.96,7.53,935.36,0.0000,0.0466,1,goal
2172,199,-351.88,7.75,732.29,0.0091,0.0183,0,collision
2155,291,-26.74,7.63,1090.07,0.0000,0.0262,1,goal
2173,216,51.57,10.34,800.55,0.0000,0.0376,1,goal
2156,267,-5.32,8.32,1130.61,0.0000,0.0695,1,goal
2174,136,-300.62,8.87,537.52,0.0147,0.0102,0,collision
848,241,30.13,9.25,1007.60,0.0000,0.0000,1,goal
862,232,38.87,9.64,1035.91,0.0000,0.0000,1,goal
861,273,-5.14,8.17,1139.00,0.0000,0.0094,1,goal
857,376,-136.85,5.93,1069.18,0.0000,0.1851,1,goal
863,332,-94.52,6.71,917.64,0.0000,0.0526,1,goal
849,369,-149.91,6.02,1071.92,0.0000,0.0831,1,goal
862,251,16.00,8.88,994.06,0.0000,0.0441,1,goal
2175,226,39.91,9.87,992.53,0.0000,0.0000,1,goal
2157,293,-28.38,7.61,1017.67,0.0000,0.0305,1,goal
2176,241,30.36,9.27,1013.05,0.0000,0.0167,1,goal
2158,221,46.79,10.07,995.93,0.0000,0.0229,1,goal
2177,197,63.90,11.31,876.74,0.0000,0.0000,1,goal
2159,228,35.36,9.74,1066.73,0.0000,0.0096,1,goal
2178,250,21.69,8.92,1020.82,0.0000,0.0600,1,goal
2179,134,-290.77,9.59,383.38,0.0040,0.0347,0,collision
2160,323,-84.25,6.88,937.94,0.0000,0.0061,1,goal
2180,234,34.21,9.55,1080.43,0.0000,0.0003,1,goal
858,267,12.98,8.35,1004.35,0.0000,0.0507,1,goal
864,115,-280.25,10.97,503.54,0.0130,0.0574,0,collision
863,190,-353.96,7.48,535.87,0.0084,0.1121,0,collision
850,271,-2.13,8.19,1011.08,0.0000,0.0370,1,goal
859,183,-335.58,7.62,686.56,0.0011,0.0463,0,collision
865,271,-405.09,8.13,841.30,0.0007,0.0341,0,collision
851,147,-307.52,8.83,399.19,0.0021,0.0614,0,collision
864,271,-19.30,8.26,982.02,0.0000,0.0376,1,goal
860,273,-9.17,8.14,1024.36,0.0000,0.0503,1,goal
2181,284,-17.62,7.82,1133.65,0.0000,0.0791,1,goal
2161,300,-37.69,7.41,1149.87,0.0000,0.0219,1,goal
2182,244,28.06,9.13,1045.33,0.0000,0.0077,1,goal
2162,258,3.12,8.63,858.95,0.0000,0.0000,1,goal
2163,201,-359.07,7.79,821.41,0.0066,0.0498,0,collision
2164,110,-276.12,9.72,456.66,0.0119,0.0000,0,collision
2183,343,-101.24,6.48,1177.46,0.0000,0.0046,1,goal
2184,262,1.63,8.52,1147.20,0.0000,0.0709,1,goal
2165,320,-473.54,6.94,1034.77,0.0031,0.0440,0,collision
2185,229,36.73,9.73,1055.40,0.0000,0.0003,1,goal
852,240,27.68,9.30,1107.71,0.0000,0.0000,1,goal
866,328,-494.67,6.76,960.20,0.0014,0.1055,0,collision
865,222,48.55,10.07,827.30,0.0000,0.0045,1,goal
866,136,-297.40,9.38,642.29,0.0026,0.0273,0,collision
853,218,48.07,10.24,948.00,0.0000,0.0062,1,goal
861,366,-136.44,6.09,1097.10,0.0000,0.1785,1,goal
867,256,5.50,8.73,990.80,0.0000,0.0000,1,goal
867,127,-289.29,9.47,383.25,0.0118,0.0638,0,collision
2186,256,14.21,8.70,1099.19,0.0000,0.0000,1,goal
2166,297,-41.39,7.51,1195.41,0.0000,0.0510,1,goal
2187,271,-5.59,8.20,1156.41,0.0000,0.0224,1,goal
2167,238,34.90,9.39,876.09,0.0000,0.0511,1,goal
2188,207,-358.62,7.57,770.58,0.0035,0.0628,0,collision
2168,279,-12.69,7.98,863.11,0.0000,0.0543,1,goal
2169,230,43.34,9.72,900.11,0.0000,0.0102,1,goal
2189,315,-453.92,7.03,965.26,0.0020,0.0505,0,collision
2170,146,-320.49,6.65,363.71,0.0066,0.0820,0,collision
2190,245,18.63,9.09,1006.78,0.0000,0.0013,1,goal
868,163,-325.24,7.92,494.31,0.0040,0.0878,0,collision
862,200,56.66,11.11,772.01,0.0000,0.0000,1,goal
854,255,14.80,8.73,1014.57,0.0000,0.0339,1,goal
863,120,-281.45,9.30,367.19,0.0014,0.0098,0,collision
869,131,-300.12,7.50,331.53,0.0101,0.0760,0,collision
868,257,-389.29,8.59,965.87,0.0031,0.0548,0,collision
855,223,-379.09,6.65,540.83,0.0044,0.0196,0,collision
870,176,-354.96,6.45,522.71,0.0016,0.1775,0,collision
869,223,44.93,10.03,983.14,0.0000,0.0000,1,goal
864,236,33.25,9.48,1180.58,0.0000,0.0000,1,goal
856,263,1.87,8.49,1218.08,0.0000,0.0000,1,goal
2171,244,26.09,9.15,1034.17,0.0000,0.0021,1,goal
2191,376,-158.84,5.90,1194.00,0.0000,0.2271,1,goal
2172,305,-436.68,7.25,1012.44,0.0008,0.0596,0,collision
2192,251,14.04,8.89,951.03,0.0000,0.0001,1,goal
2193,125,-286.84,9.10,400.04,0.0081,0.0437,0,collision
2173,308,-449.18,7.17,1133.53,0.0020,0.0111,0,collision
2194,274,-410.75,8.10,911.76,0.0028,0.0501,0,collision
2174,330,-82.38,6.76,1052.20,0.0000,0.0168,1,goal
2195,252,16.45,8.85,1259.01,0.0000,0.0254,1,goal
2175,206,58.40,10.82,976.31,0.0000,0.0059,1,goal
871,254,19.00,8.76,1048.30,0.0000,0.0242,1,goal
865,332,-501.87,6.67,890.75,0.0018,0.0982,0,collision
870,343,-506.76,6.46,1011.08,0.0008,0.0665,0,collision
857,249,19.71,8.91,924.58,0.0000,0.0411,1,goal
872,242,25.11,9.22,906.21,0.0000,0.0023,1,goal
873,121,-284.69,8.99,439.75,0.0090,0.0000,0,collision
858,216,47.99,10.36,951.98,0.0000,0.0012,1,goal
866,284,-26.10,7.85,976.90,0.0000,0.0184,1,goal
871,295,-28.97,7.58,1005.98,0.0000,0.0600,1,goal
2196,243,27.84,9.17,959.88,0.0000,0.0225,1,goal
2176,332,-64.66,6.71,1182.76,0.0000,0.0423,1,goal
2197,207,57.94,10.78,889.21,0.0000,0.0087,1,goal
2177,203,56.41,10.94,888.51,0.0000,0.0036,1,goal
2198,253,14.76,8.80,1060.59,0.0000,0.0568,1,goal
2178,331,-93.21,6.74,917.51,0.0000,0.0575,1,goal
2199,253,12.62,8.77,1043.59,0.0000,0.0001,1,goal
2179,251,12.70,8.91,1154.23,0.0000,0.0447,1,goal
2200,266,-1.02,8.38,1029.83,0.0000,0.0000,1,goal
2180,362,-526.45,6.11,1028.16,0.0013,0.1972,0,collision
872,133,-296.96,9.58,535.23,0.0068,0.0262,0,collision
874,218,50.16,10.23,943.78,0.0000,0.0000,1,goal
859,244,21.51,9.09,871.35,0.0000,0.0000,1,goal
867,256,19.17,8.71,995.34,0.0000,0.0000,1,goal
873,211,54.99,10.54,785.14,0.0000,0.0039,1,goal
875,224,44.03,9.97,1038.31,0.0000,0.0000,1,goal
868,215,52.51,10.37,910.28,0.0000,0.0263,1,goal
860,283,-35.91,7.89,1194.68,0.0000,0.0279,1,goal
2201,223,38.52,10.00,1050.86,0.0000,0.0036,1,goal
2181,240,28.60,9.28,1089.23,0.0000,0.0000,1,goal
2182,268,5.48,8.28,998.16,0.0000,0.0016,1,goal
2202,364,-115.61,6.12,1162.10,0.0000,0.1741,1,goal
2183,284,-31.12,7.81,1101.40,0.0000,0.0014,1,goal
2203,292,-39.57,7.64,1129.17,0.0000,0.0219,1,goal
2184,173,-329.12,8.08,620.56,0.0001,0.0470,0,collision
2204,212,55.14,10.52,894.77,0.0000,0.0000,1,goal
2185,297,-44.35,7.50,1165.84,0.0000,0.0177,1,goal
2205,260,13.93,8.59,1065.32,0.0000,0.0597,1,goal
874,216,47.05,10.34,1071.58,0.0000,0.0063,1,goal
869,266,-1.40,8.38,1132.72,0.0000,0.0533,1,goal
876,349,-518.46,6.33,1053.72,0.0017,0.0961,0,collision
875,248,24.77,8.98,928.14,0.0000,0.0337,1,goal
861,351,-106.20,6.35,1011.27,0.0000,0.1474,1,goal
870,249,13.77,8.96,1065.44,0.0000,0.0229,1,goal
877,287,-39.21,7.80,1029.68,0.0000,0.0276,1,goal
876,227,44.10,9.83,1008.20,0.0000,0.0184,1,goal
2186,118,-285.37,9.25,371.66,0.0067,0.0060,0,collision
2206,222,44.19,10.04,1150.82,0.0000,0.0000,1,goal
2187,122,-286.01,9.08,407.70,0.0164,0.0155,0,collision
2207,237,21.92,9.41,946.13,0.0000,0.0769,1,goal
2188,319,-492.28,6.96,930.07,0.0009,0.0511,0,collision
2208,107,-272.92,9.87,252.29,0.0134,0.0000,0,collision
2209,211,54.01,10.56,934.54,0.0000,0.0022,1,goal
2189,256,-383.60,8.66,805.94,0.0027,0.0294,0,collision
2210,136,-304.05,8.41,450.04,0.0040,0.0803,0,collision
2190,277,-12.95,8.04,1202.74,0.0000,0.0043,1,goal
871,119,-285.73,9.25,389.17,0.0093,0.0151,0,collision
862,312,-64.77,7.13,1067.58,0.0000,0.1131,1,goal
877,217,48.33,10.28,1081.43,0.0000,0.0107,1,goal
863,108,-278.05,10.02,440.82,0.0150,0.0139,0,collision
878,273,1.10,8.16,1338.27,0.0000,0.0220,1,goal
872,238,28.28,9.37,1208.84,0.0000,0.0196,1,goal
878,228,41.21,9.77,1212.07,0.0000,0.0308,1,goal
864,229,38.73,9.78,997.02,0.0000,0.0000,1,goal
879,226,40.12,9.86,1057.17,0.0000,0.0015,1,goal
2191,315,-487.76,7.02,786.79,0.0019,0.1001,0,collision
2211,319,-489.75,6.95,867.82,0.0005,0.0791,0,collision
2212,233,34.10,9.54,945.20,0.0000,0.0000,1,goal
2192,302,-447.86,7.31,932.04,0.0022,0.0335,0,collision
2213,174,-331.84,7.98,700.94,0.0022,0.0414,0,collision
2193,267,-403.52,8.29,994.06,0.0031,0.0257,0,collision
2214,224,43.83,9.96,885.83,0.0000,0.0386,1,goal
2194,231,36.33,9.63,983.19,0.0000,0.0594,1,goal
2215,261,-399.69,8.47,936.92,0.0018,0.0389,0,collision
2195,101,-273.93,10.39,348.02,0.0097,0.0000,0,collision
873,333,-496.06,6.63,1008.28,0.0002,0.2141,0,collision
865,205,51.74,10.81,793.67,0.0000,0.0039,1,goal
880,252,14.22,8.85,1064.91,0.0000,0.0000,1,goal
879,322,-489.85,6.89,968.67,0.0031,0.0473,0,collision
880,171,-334.85,7.56,560.67,0.0052,0.0525,0,collision
881,226,43.60,9.85,909.59,0.0000,0.0130,1,goal
866,298,-431.86,7.43,1090.83,0.0014,0.0241,0,collision
874,354,-511.68,6.27,1111.64,0.0014,0.2496,0,collision
2196,221,45.85,10.10,823.96,0.0000,0.0004,1,goal
2216,325,-75.88,6.86,978.06,0.0000,0.1033,1,goal
2197,226,39.75,9.85,974.84,0.0000,0.0533,1,goal
2217,257,15.52,8.70,1166.87,0.0000,0.0569,1,goal
2198,150,-312.17,8.62,663.93,0.0105,0.0209,0,collision
2199,212,55.89,10.51,1011.58,0.0000,0.0138,1,goal
2218,337,-106.98,6.61,992.07,0.0000,0.1193,1,goal
2200,243,30.13,9.18,1043.58,0.0000,0.0438,1,goal
2219,200,61.72,11.16,893.14,0.0000,0.0151,1,goal
2201,276,1.82,8.07,1075.64,0.0000,0.0339,1,goal
881,140,-318.19,7.03,265.97,0.0053,0.1365,0,collision
867,136,-305.38,7.23,275.12,0.0090,0.0442,0,collision
882,223,45.09,10.06,913.76,0.0000,0.0000,1,goal
875,198,70.06,11.26,728.56,0.0000,0.0000,1,goal
882,238,29.21,9.36,914.05,0.0000,0.0042,1,goal
868,253,4.62,8.78,1113.97,0.0000,0.0016,1,goal
876,295,-44.24,7.56,932.21,0.0000,0.0543,1,goal
883,304,-437.02,7.29,926.47,0.0018,0.1013,0,collision
2220,188,75.28,11.85,878.81,0.0000,0.0034,1,goal
2202,268,-396.08,8.27,727.41,0.0037,0.0187,0,collision
2221,225,40.27,9.86,1044.46,0.0000,0.0188,1,goal
2203,229,38.80,9.74,984.77,0.0000,0.0319,1,goal
2222,255,23.60,8.77,934.98,0.0000,0.0401,1,goal
2204,197,66.20,11.34,722.46,0.0000,0.0059,1,goal
2223,274,-428.44,8.05,1009.92,0.0028,0.0128,0,collision
2205,284,-428.22,7.81,1015.69,0.0032,0.0220,0,collision
2206,179,-324.66,8.55,477.63,0.0000,0.0490,0,collision
2224,255,12.14,8.70,832.36,0.0000,0.0000,1,goal
883,247,24.70,9.05,998.28,0.0000,0.0424,1,goal
869,267,1.86,8.35,1011.60,0.0000,0.0049,1,goal
884,220,44.91,10.13,1096.89,0.0000,0.0000,1,goal
884,181,79.50,12.36,876.45,0.0000,0.0000,1,goal
877,347,-508.83,6.37,951.18,0.0029,0.1753,0,collision
870,201,59.54,11.11,663.35,0.0000,0.0006,1,goal
885,191,73.03,11.70,804.41,0.0000,0.0000,1,goal
885,223,-385.41,6.59,490.19,0.0049,0.0647,0,collision
878,231,38.09,9.68,851.12,0.0000,0.0219,1,goal
871,232,39.24,9.67,992.01,0.0000,0.0019,1,goal
2207,231,42.61,9.66,710.05,0.0000,0.0127,1,goal
2225,267,-406.53,8.29,1112.92,0.0027,0.0356,0,collision
2226,204,58.64,10.91,911.12,0.0000,0.0000,1,goal
2208,316,-482.33,7.01,1010.08,0.0032,0.1091,0,collision
2227,99,-267.11,10.60,394.07,0.0106,0.0081,0,collision
2228,131,-294.59,9.78,485.49,0.0024,0.0203,0,collision
2209,326,-495.19,6.75,1026.93,0.0025,0.0927,0,collision
2229,211,54.68,10.56,843.98,0.0000,0.0000,1,goal
2210,169,-325.87,8.41,552.63,0.0088,0.0000,0,collision
2230,150,-312.50,9.19,595.44,0.0077,0.0410,0,collision
886,185,76.17,12.07,771.77,0.0000,0.0061,1,goal
886,249,22.27,8.97,952.06,0.0000,0.0162,1,goal
879,182,-337.35,8.38,687.97,0.0078,0.0893,0,collision
872,202,57.35,11.00,941.72,0.0000,0.0036,1,goal
887,236,31.94,9.45,813.68,0.0000,0.0000,1,goal
880,224,45.82,9.95,960.23,0.0000,0.0000,1,goal
887,270,-4.02,8.23,958.74,0.0000,0.0000,1,goal
873,267,-17.75,8.34,977.37,0.0000,0.0243,1,goal
888,42,-228.35,15.35,132.58,0.0034,0.1136,0,collision
2231,178,82.59,12.54,896.19,0.0000,0.0000,1,goal
2211,333,-484.87,6.66,1047.68,0.0027,0.1677,0,collision
2232,192,-356.37,7.42,703.99,0.0095,0.0582,0,collision
2212,196,67.20,11.41,981.33,0.0000,0.0018,1,goal
2233,234,32.04,9.50,985.55,0.0000,0.0582,1,goal
2213,207,57.69,10.78,754.96,0.0000,0.0000,1,goal
2234,213,50.53,10.46,1167.59,0.0000,0.0108,1,goal
2214,257,2.65,8.68,867.48,0.0000,0.0260,1,goal
2235,240,24.57,9.35,1120.67,0.0000,0.0250,1,goal
2215,242,30.20,9.24,871.20,0.0000,0.0682,1,goal
888,305,-60.87,7.29,1097.76,0.0000,0.0516,1,goal
881,238,27.64,9.33,719.92,0.0000,0.0662,1,goal
874,241,35.72,9.26,943.43,0.0000,0.0164,1,goal
889,265,6.53,8.41,923.10,0.0000,0.0476,1,goal
889,266,-404.20,8.34,899.16,0.0017,0.0525,0,collision
882,231,37.90,9.65,817.01,0.0000,0.0053,1,goal
875,254,9.22,8.79,994.37,0.0000,0.0011,1,goal
890,227,-382.25,6.94,708.28,0.0065,0.1131,0,collision
2236,233,34.10,9.59,922.51,0.0000,0.0241,1,goal
2216,279,-29.67,8.00,972.32,0.0000,0.0598,1,goal
2237,241,25.92,9.26,1000.59,0.0000,0.0327,1,goal
2217,213,50.19,10.46,1064.04,0.0000,0.0036,1,goal
2238,312,-43.60,7.15,969.42,0.0000,0.0455,1,goal
2218,353,-540.16,6.28,1034.31,0.0028,0.1362,0,collision
2239,301,-450.05,7.37,817.66,0.0033,0.0608,0,collision
2219,286,-12.55,7.77,951.93,0.0000,0.0786,1,goal
2240,223,43.81,9.98,1052.68,0.0000,0.0058,1,goal
2220,257,8.43,8.64,1076.58,0.0000,0.0361,1,goal
890,226,40.83,9.89,923.40,0.0000,0.0206,1,goal
883,231,38.86,9.67,1070.71,0.0000,0.0000,1,goal
876,259,-4.94,8.58,1138.45,0.0000,0.0220,1,goal
891,292,-45.60,7.65,1043.79,0.0000,0.0581,1,goal
891,259,-398.29,8.52,951.65,0.0026,0.0310,0,collision
884,245,17.83,9.13,989.63,0.0000,0.0437,1,goal
892,144,-313.13,8.98,385.67,0.0020,0.1479,0,collision
885,122,-284.86,9.37,466.13,0.0084,0.0529,0,collision
892,209,56.31,10.69,1034.69,0.0000,0.0054,1,goal
2241,119,-284.39,9.10,361.78,0.0168,0.0000,0,collision
2221,209,56.03,10.70,1028.30,0.0000,0.0000,1,goal
2242,217,49.34,10.27,895.51,0.0000,0.0000,1,goal
2222,319,-55.68,6.99,932.76,0.0000,0.0621,1,goal
2243,241,21.06,9.24,760.64,0.0000,0.0163,1,goal
2223,223,44.37,9.99,1117.78,0.0000,0.0000,1,goal
2244,250,16.87,8.89,1091.35,0.0000,0.0304,1,goal
2224,242,-405.12,6.30,626.24,0.0029,0.1805,0,collision
2245,224,44.09,10.00,824.41,0.0000,0.0046,1,goal
2225,325,-484.22,6.79,1018.82,0.0031,0.1956,0,collision
877,355,-512.22,6.21,1030.03,0.0028,0.1988,0,collision
878,97,-264.37,11.81,407.38,0.0040,0.0637,0,collision
893,216,53.71,10.33,801.37,0.0000,0.0000,1,goal
886,264,7.21,8.45,995.50,0.0000,0.0163,1,goal
893,269,-7.86,8.28,939.91,0.0000,0.0458,1,goal
879,140,-319.22,7.01,315.86,0.0142,0.0499,0,collision
894,128,-289.03,9.99,585.85,0.0010,0.0260,0,collision
894,208,60.49,10.73,896.51,0.0000,0.0000,1,goal
887,195,65.48,11.47,1117.40,0.0000,0.0205,1,goal
888,107,-271.32,10.35,213.65,0.0136,0.0311,0,collision
2226,233,36.37,9.58,1017.84,0.0000,0.0175,1,goal
2246,280,-32.34,7.98,1160.94,0.0000,0.0068,1,goal
2227,102,-273.22,9.21,235.20,0.0095,0.0113,0,collision
2228,127,-294.27,10.08,451.65,0.0052,0.0224,0,collision
2247,227,42.46,9.85,931.52,0.0000,0.0000,1,goal
2229,319,-470.20,6.93,1031.91,0.0024,0.0265,0,collision
2248,351,-503.65,6.32,1049.13,0.0019,0.2041,0,collision
2230,184,76.01,12.13,1078.62,0.0000,0.0000,1,goal
2249,240,25.40,9.31,819.84,0.0000,0.0243,1,goal
2231,214,52.57,10.45,715.01,0.0000,0.0000,1,goal
880,349,-509.96,6.35,1016.55,0.0029,0.2445,0,collision
895,300,-47.59,7.38,1245.47,0.0000,0.0231,1,goal
895,326,-94.24,6.85,882.90,0.0000,0.0322,1,goal
889,216,51.53,10.35,902.59,0.0000,0.0000,1,goal
881,306,-47.39,7.27,1011.46,0.0000,0.0709,1,goal
896,335,-492.81,6.62,956.81,0.0030,0.1948,0,collision
896,356,-514.08,6.21,1136.12,0.0026,0.1897,0,collision
890,302,-451.38,7.35,1044.66,0.0033,0.0585,0,collision
2232,215,54.24,10.39,740.49,0.0000,0.0001,1,goal
2250,275,-413.81,8.06,973.14,0.0036,0.0410,0,collision
2233,234,36.00,9.53,953.47,0.0000,0.0074,1,goal
2251,195,69.01,11.48,908.08,0.0000,0.0000,1,goal
2234,237,35.21,9.40,1028.88,0.0000,0.0186,1,goal
2252,225,46.95,9.94,936.69,0.0000,0.0000,1,goal
2235,201,59.67,11.08,1054.11,0.0000,0.0054,1,goal
2253,201,-353.68,7.62,547.65,0.0004,0.0957,0,collision
2254,203,56.40,10.95,933.22,0.0000,0.0115,1,goal
2236,229,39.74,9.73,1039.24,0.0000,0.0000,1,goal
891,210,58.69,10.69,968.07,0.0000,0.0000,1,goal
882,330,-487.06,6.72,971.62,0.0030,0.1694,0,collision
897,312,-472.10,7.11,1060.25,0.0032,0.0445,0,collision
897,311,-52.97,7.14,971.10,0.0000,0.0274,1,goal
892,140,-309.74,6.93,400.49,0.0027,0.1237,0,collision
898,141,-312.05,7.05,301.93,0.0077,0.0397,0,collision
883,212,54.23,10.49,855.84,0.0000,0.0144,1,goal
2237,205,62.02,10.87,951.35,0.0000,0.0172,1,goal
2255,321,-474.55,6.81,1036.55,0.0031,0.1802,0,collision
2238,169,-321.80,8.82,663.92,0.0105,0.0410,0,collision
2256,209,53.89,10.66,781.14,0.0000,0.0000,1,goal
2239,278,0.23,8.01,1060.12,0.0000,0.0956,1,goal
2257,339,-494.46,6.54,1223.07,0.0007,0.1851,0,collision
2240,349,-506.89,6.34,1145.57,0.0004,0.1993,0,collision
2258,206,57.01,10.83,1025.35,0.0000,0.0045,1,goal
2259,240,26.52,9.31,1114.47,0.0000,0.0049,1,goal
2241,339,-492.60,6.54,938.39,0.0029,0.1859,0,collision
898,278,-418.72,7.97,1016.12,0.0036,0.0133,0,collision
893,268,-15.01,8.33,850.80,0.0000,0.0016,1,goal
884,234,36.15,9.54,1070.20,0.0000,0.0000,1,goal
899,276,-419.07,8.04,989.47,0.0026,0.0167,0,collision
894,177,-328.22,8.55,661.67,0.0106,0.1026,0,collision
900,113,-279.52,9.32,357.53,0.0137,0.0000,0,collision
899,332,-81.08,6.72,1114.97,0.0000,0.0930,1,goal
895,178,82.54,12.55,824.47,0.0000,0.0000,1,goal
885,327,-486.85,6.73,1075.56,0.0020,0.1899,0,collision
2242,220,47.87,10.17,980.49,0.0000,0.0260,1,goal
2260,224,43.70,9.95,956.79,0.0000,0.0022,1,goal
2261,248,20.26,8.94,887.20,0.0000,0.0239,1,goal
2243,329,-488.98,6.70,1070.92,0.0030,0.2373,0,collision
2244,211,53.05,10.59,1057.71,0.0000,0.0333,1,goal
2262,342,-498.77,6.42,1129.72,0.0029,0.1614,0,collision
2245,241,30.95,9.23,1052.56,0.0000,0.0769,1,goal
2263,242,32.21,9.22,824.01,0.0000,0.0604,1,goal
2264,131,-292.92,9.77,504.62,0.0049,0.0293,0,collision
2246,243,27.83,9.20,916.16,0.0000,0.0191,1,goal
900,176,83.04,12.68,904.75,0.0000,0.0000,1,goal
901,267,-406.52,8.25,1000.41,0.0025,0.0190,0,collision
896,165,-323.97,8.60,637.75,0.0057,0.0180,0,collision
886,179,-334.42,7.74,699.80,0.0030,0.0524,0,collision
902,124,-282.29,11.18,413.18,0.0153,0.0710,0,collision
897,265,5.71,8.43,1119.35,0.0000,0.0115,1,goal
901,348,-503.96,6.37,1106.24,0.0004,0.1779,0,collision
903,231,35.02,9.65,855.99,0.0000,0.0000,1,goal
887,253,4.57,8.85,1025.51,0.0000,0.0000,1,goal
2247,288,-35.37,7.73,1164.62,0.0000,0.0364,1,goal
2265,344,-505.04,6.40,1024.35,0.0024,0.1798,0,collision
2248,276,-23.66,8.08,1049.74,0.0000,0.0345,1,goal
2266,275,-411.58,8.05,1080.22,0.0036,0.0494,0,collision
2267,103,-271.94,10.29,494.60,0.0120,0.0263,0,collision
2249,335,-492.75,6.62,1036.84,0.0030,0.1737,0,collision
2268,244,27.23,9.15,936.74,0.0000,0.0661,1,goal
2250,281,-414.28,7.89,1020.08,0.0032,0.0503,0,collision
2269,281,-51.98,7.94,1111.28,0.0000,0.0176,1,goal
2251,361,-513.62,6.14,989.26,0.0005,0.1782,0,collision
888,132,-295.58,8.62,266.90,0.0126,0.0620,0,collision
898,210,58.26,10.60,607.08,0.0000,0.0000,1,goal
904,207,59.15,10.77,933.07,0.0000,0.0045,1,goal
902,287,-27.33,7.72,958.59,0.0000,0.0624,1,goal
899,231,35.14,9.68,968.26,0.0000,0.0086,1,goal
903,164,-325.64,8.66,645.94,0.0097,0.0000,0,collision
889,331,-488.53,6.66,973.87,0.0030,0.1858,0,collision
905,323,-478.00,6.86,1078.72,0.0016,0.1954,0,collision
2252,223,43.49,10.01,1150.98,0.0000,0.0000,1,goal
2270,302,-444.48,7.35,1092.80,0.0033,0.0507,0,collision
2253,201,61.45,11.11,1006.94,0.0000,0.0000,1,goal
2271,158,-318.68,8.83,817.61,0.0127,0.0171,0,collision
2254,205,59.94,10.88,885.91,0.0000,0.0055,1,goal
2272,244,24.63,9.11,1008.90,0.0000,0.0312,1,goal
2255,327,-101.77,6.81,1044.18,0.0000,0.0525,1,goal
2273,256,1.91,8.65,1103.70,0.0000,0.0494,1,goal
2256,116,-280.00,9.08,344.49,0.0151,0.0000,0,collision
2274,180,-330.95,7.73,602.90,0.0021,0.0971,0,collision
890,204,61.71,10.92,1008.81,0.0000,0.0205,1,goal
900,281,-9.47,7.90,1360.89,0.0000,0.0577,1,goal
906,199,-353.67,7.69,666.39,0.0035,0.0747,0,collision
904,294,-27.88,7.58,1032.91,0.0000,0.0610,1,goal
901,103,-270.97,10.26,391.72,0.0057,0.0189,0,collision
902,186,74.44,12.05,1064.38,0.0000,0.0000,1,goal
891,318,-469.39,6.98,1018.18,0.0031,0.0389,0,collision
907,274,-16.87,8.15,920.45,0.0000,0.0482,1,goal
905,282,-419.60,7.85,1025.90,0.0033,0.0601,0,collision
2257,199,68.58,11.24,844.76,0.0000,0.0000,1,goal
2275,293,-32.82,7.60,1082.74,0.0000,0.0445,1,goal
2258,260,-393.57,8.54,1008.69,0.0038,0.0215,0,collision
2276,205,54.21,10.87,896.54,0.0000,0.0000,1,goal
2259,209,57.57,10.68,751.05,0.0000,0.0000,1,goal
2277,239,27.83,9.35,1052.82,0.0000,0.0016,1,goal
2260,113,-280.50,9.37,438.61,0.0148,0.0000,0,collision
2278,241,10.46,9.26,1023.83,0.0000,0.0692,1,goal
2261,239,30.94,9.32,868.07,0.0000,0.0357,1,goal
2279,248,12.30,8.98,795.33,0.0000,0.0496,1,goal
892,142,-305.42,8.73,718.58,0.0137,0.0265,0,collision
908,197,64.32,11.32,999.51,0.0000,0.0050,1,goal
903,259,-401.65,8.56,1106.95,0.0039,0.0353,0,collision
906,355,-110.12,6.27,1224.57,0.0000,0.2185,1,goal
893,249,28.60,8.96,1089.53,0.0000,0.0622,1,goal
904,211,51.37,10.54,1055.66,0.0000,0.0105,1,goal
909,300,-435.38,7.40,968.98,0.0030,0.0576,0,collision
907,192,-347.52,7.37,607.75,0.0088,0.0626,0,collision
894,214,53.66,10.42,1033.10,0.0000,0.0169,1,goal
2262,197,-344.88,7.77,539.08,0.0003,0.1288,0,collision
2280,206,58.32,10.82,990.19,0.0000,0.0055,1,goal
2281,268,-399.38,8.26,911.13,0.0023,0.0625,0,collision
2263,298,-438.77,7.43,1037.60,0.0031,0.0451,0,collision
2282,143,-335.24,6.69,307.39,0.0019,0.1822,0,collision
2264,184,76.81,12.16,961.74,0.0000,0.0140,1,goal
2283,236,31.98,9.42,1054.30,0.0000,0.0000,1,goal
2265,226,37.35,9.88,999.53,0.0000,0.0000,1,goal
2266,132,-294.21,9.74,425.54,0.0070,0.0490,0,collision
2284,233,34.56,9.59,927.06,0.0000,0.0035,1,goal
905,233,39.34,9.56,1026.98,0.0000,0.0657,1,goal
910,221,42.29,10.12,1064.22,0.0000,0.0088,1,goal
908,256,1.60,8.62,1117.47,0.0000,0.0554,1,goal
906,193,69.99,11.55,786.94,0.0000,0.0162,1,goal
895,359,-114.28,6.21,1148.23,0.0000,0.1750,1,goal
909,193,-339.55,7.32,586.84,0.0011,0.0902,0,collision
907,191,70.66,11.70,868.63,0.0000,0.0000,1,goal
896,113,-283.42,9.48,511.74,0.0076,0.0000,0,collision
911,360,-117.23,6.19,1176.03,0.0000,0.1901,1,goal
2267,204,59.87,10.91,854.98,0.0000,0.0061,1,goal
2285,330,-487.90,6.72,1013.37,0.0030,0.2073,0,collision
2268,208,58.77,10.71,863.61,0.0000,0.0005,1,goal
2286,224,43.61,9.99,930.48,0.0000,0.0051,1,goal
2287,110,-274.70,10.04,359.47,0.0151,0.0154,0,collision
2269,265,-398.14,8.37,985.46,0.0022,0.0710,0,collision
2288,229,-366.26,9.67,1088.35,0.0044,0.0347,0,collision
2270,233,35.40,9.57,1165.33,0.0000,0.0012,1,goal
2289,238,29.27,9.36,1081.20,0.0000,0.0495,1,goal
2271,285,-20.74,7.82,1137.22,0.0000,0.0891,1,goal
910,186,-344.06,7.13,623.22,0.0000,0.1031,0,collision
897,186,74.75,11.97,1023.90,0.0000,0.0000,1,goal
912,205,-360.58,6.97,704.41,0.0014,0.1189,0,collision
908,224,47.37,9.96,882.97,0.0000,0.0218,1,goal
911,227,43.03,9.87,1029.15,0.0000,0.0000,1,goal
913,245,29.17,9.04,1037.13,0.0000,0.0748,1,goal
909,305,-451.58,7.27,982.88,0.0000,0.0476,0,collision
898,346,-509.29,6.39,1109.87,0.0004,0.2057,0,collision
912,180,76.92,12.42,992.45,0.0000,0.0000,1,goal
2272,223,-355.17,9.81,1117.69,0.0023,0.0556,0,collision
2290,229,-399.74,6.64,587.10,0.0047,0.1655,0,collision
2291,87,-254.42,13.64,321.69,0.0117,0.1250,0,collision
2273,219,-374.23,6.46,722.26,0.0091,0.1266,0,collision
2292,222,47.55,10.06,1003.11,0.0000,0.0407,1,goal
2293,180,-332.09,7.84,583.82,0.0050,0.1383,0,collision
2274,334,-98.05,6.66,1115.09,0.0000,0.1898,1,goal
2294,197,64.20,11.36,890.58,0.0000,0.0140,1,goal
2275,240,35.13,9.29,952.72,0.0000,0.0562,1,goal
2295,206,58.22,10.81,988.57,0.0000,0.0000,1,goal
914,283,-34.90,7.91,1204.70,0.0000,0.0328,1,goal
910,244,28.09,9.15,1059.39,0.0000,0.0546,1,goal
913,235,37.95,9.49,886.45,0.0000,0.0485,1,goal
899,313,-479.22,7.09,989.46,0.0032,0.0262,0,collision
915,205,55.67,10.89,1015.73,0.0000,0.0053,1,goal
911,201,64.45,11.16,918.76,0.0000,0.0117,1,goal
914,223,44.03,10.01,1072.18,0.0000,0.0000,1,goal
900,199,66.01,11.21,793.70,0.0000,0.0000,1,goal
2276,170,-333.15,7.62,522.22,0.0045,0.0957,0,collision
2296,318,-482.35,6.97,1048.84,0.0023,0.1145,0,collision
2277,217,48.33,10.27,1067.69,0.0000,0.0150,1,goal
2297,268,-12.36,8.25,1389.77,0.0000,0.0344,1,goal
2278,228,-402.45,6.67,604.66,0.0034,0.1664,0,collision
2279,194,68.11,11.49,945.43,0.0000,0.0062,1,goal
2298,354,-512.14,6.26,996.11,0.0028,0.2061,0,collision
2280,207,58.78,10.77,947.98,0.0000,0.0000,1,goal
2299,232,32.98,9.60,934.70,0.0000,0.0014,1,goal
2281,259,-389.52,8.54,1005.07,0.0039,0.0353,0,collision
901,128,-300.77,7.58,304.64,0.0060,0.1056,0,collision
915,188,-342.33,7.39,591.86,0.0023,0.0570,0,collision
916,238,25.78,9.32,1132.82,0.0000,0.0498,1,goal
912,224,39.62,9.94,1042.31,0.0000,0.0311,1,goal
916,124,-288.36,10.19,522.57,0.0006,0.0493,0,collision
902,244,9.80,9.08,1044.00,0.0000,0.0070,1,goal
917,130,-289.18,10.06,569.89,0.0128,0.0052,0,collision
913,281,-27.50,7.93,1000.49,0.0000,0.1104,1,goal
917,346,-506.52,6.41,1056.71,0.0029,0.1828,0,collision
2300,110,-280.42,9.75,480.45,0.0157,0.0046,0,collision
2301,114,-283.21,9.25,402.47,0.0156,0.0106,0,collision
2282,262,-0.50,8.48,1090.72,0.0000,0.0000,1,goal
2302,143,-330.44,6.70,373.01,0.0053,0.1670,0,collision
2303,113,-279.00,9.34,310.76,0.0123,0.0085,0,collision
2283,234,36.39,9.56,973.15,0.0000,0.0064,1,goal
2304,212,-367.47,7.19,636.07,0.0040,0.0907,0,collision
2284,280,-10.56,7.96,1124.96,0.0000,0.0520,1,goal
2285,125,-284.96,10.34,412.36,0.0035,0.0410,0,collision
2305,290,-32.07,7.68,1021.51,0.0000,0.0384,1,goal
903,232,37.34,9.62,1090.67,0.0000,0.0000,1,goal
918,250,19.02,8.91,983.62,0.0000,0.0436,1,goal
914,290,-39.09,7.67,1080.29,0.0000,0.0543,1,goal
918,285,-26.45,7.76,1103.65,0.0000,0.0701,1,goal
904,202,60.43,10.99,947.66,0.0000,0.0164,1,goal
919,132,-304.01,8.28,506.35,0.0101,0.0010,0,collision
919,338,-501.03,6.51,1225.47,0.0004,0.1709,0,collision
905,239,31.59,9.34,1033.76,0.0000,0.0005,1,goal
915,331,-79.81,6.72,1008.14,0.0000,0.0657,1,goal
2306,300,-32.91,7.41,1332.87,0.0000,0.0385,1,goal
2286,365,-127.50,6.11,1232.51,0.0000,0.2076,1,goal
2307,156,-324.03,8.24,657.87,0.0010,0.0367,0,collision
2287,285,-432.09,7.80,1008.30,0.0015,0.0216,0,collision
2308,307,-46.17,7.25,1280.11,0.0000,0.0377,1,goal
2288,285,-18.72,7.82,1020.09,0.0000,0.0445,1,goal
2309,343,-503.72,6.47,1180.50,0.0029,0.1877,0,collision
2289,238,28.79,9.35,1087.86,0.0000,0.0000,1,goal
2310,208,58.41,10.71,983.70,0.0000,0.0042,1,goal
2290,311,-61.96,7.09,1201.70,0.0000,0.1325,1,goal
920,289,-29.01,7.67,1130.64,0.0000,0.0363,1,goal
920,235,33.45,9.49,894.35,0.0000,0.0193,1,goal
906,230,36.52,9.71,991.17,0.0000,0.0003,1,goal
921,126,-288.27,8.58,337.99,0.0159,0.0204,0,collision
916,332,-88.63,6.71,1069.34,0.0000,0.0444,1,goal
917,156,-313.93,8.25,676.92,0.0109,0.1346,0,collision
921,330,-102.95,6.74,1054.34,0.0000,0.0354,1,goal
922,246,25.40,9.10,1111.54,0.0000,0.0000,1,goal
907,307,-453.85,7.20,1102.16,0.0030,0.0227,0,collision
2291,181,-331.02,7.72,745.90,0.0011,0.0505,0,collision
2311,364,-123.96,6.14,1114.32,0.0000,0.1645,1,goal
2292,246,9.50,9.07,1143.53,0.0000,0.0040,1,goal
2312,310,-56.59,7.19,1155.19,0.0000,0.0441,1,goal
2293,332,-105.97,6.72,1068.56,0.0000,0.0136,1,goal
2313,160,-318.14,8.72,809.90,0.0006,0.0330,0,collision
2294,199,60.98,11.19,963.58,0.0000,0.0046,1,goal
2314,320,-73.37,6.96,1164.44,0.0000,0.0888,1,goal
2295,308,-445.27,7.19,1162.37,0.0032,0.0236,0,collision
2315,218,46.64,10.25,1014.03,0.0000,0.0060,1,goal
923,193,65.82,11.60,1055.32,0.0000,0.0000,1,goal
908,211,53.09,10.60,982.04,0.0000,0.0045,1,goal
922,261,-6.57,8.59,1171.16,0.0000,0.0151,1,goal
918,343,-101.18,6.50,1197.67,0.0000,0.1874,1,goal
924,148,-310.53,8.23,590.37,0.0073,0.0088,0,collision
925,114,-291.82,9.43,540.83,0.0160,0.0000,0,collision
923,217,43.36,10.24,1110.42,0.0000,0.0014,1,goal
909,241,26.19,9.27,993.89,0.0000,0.0367,1,goal
919,220,45.97,10.14,995.50,0.0000,0.0001,1,goal
2316,262,-3.95,8.50,1095.78,0.0000,0.0053,1,goal
2296,332,-81.34,6.72,1291.39,0.0000,0.0915,1,goal
2317,235,29.48,9.49,997.54,0.0000,0.0024,1,goal
2297,200,63.82,11.15,888.94,0.0000,0.0000,1,goal
2318,221,47.92,10.09,829.33,0.0000,0.0000,1,goal
2298,250,21.04,8.96,1129.07,0.0000,0.0174,1,goal
2319,263,-3.08,8.47,1142.48,0.0000,0.0208,1,goal
2299,274,-2.47,8.10,1300.52,0.0000,0.0409,1,goal
2320,247,23.57,9.03,996.00,0.0000,0.0232,1,goal
2300,351,-121.23,6.35,1045.40,0.0000,0.0688,1,goal
910,135,-303.51,8.16,416.65,0.0064,0.0167,0,collision
926,247,9.20,9.03,959.84,0.0000,0.0386,1,goal
920,227,41.24,9.85,835.89,0.0000,0.0000,1,goal
924,349,-505.69,6.36,1119.25,0.0006,0.1973,0,collision
911,210,52.89,10.60,1127.12,0.0000,0.0038,1,goal
921,249,20.97,8.95,1083.32,0.0000,0.0176,1,goal
927,318,-63.50,6.98,1155.96,0.0000,0.0167,1,goal
912,240,32.46,9.30,1072.51,0.0000,0.0000,1,goal
2321,235,34.40,9.48,1139.93,0.0000,0.0000,1,goal
2301,287,-20.85,7.75,1256.11,0.0000,0.0336,1,goal
2322,258,7.48,8.67,1177.03,0.0000,0.0131,1,goal
2302,376,-151.10,5.94,1198.08,0.0000,0.0626,1,goal
2323,234,28.26,9.50,1144.58,0.0000,0.0077,1,goal
2324,243,21.35,9.16,980.48,0.0000,0.0188,1,goal
2303,355,-125.86,6.30,1253.41,0.0000,0.0570,1,goal
2325,231,-381.83,6.17,708.54,0.0022,0.1013,0,collision
2304,379,-150.68,5.89,1172.67,0.0000,0.0906,1,goal
2326,220,45.41,10.17,1028.05,0.0000,0.0000,1,goal
925,309,-60.25,7.24,1142.97,0.0000,0.0302,1,goal
928,147,-305.58,8.83,535.76,0.0068,0.0419,0,collision
922,265,3.77,8.35,1046.59,0.0000,0.0310,1,goal
929,110,-278.77,9.61,440.95,0.0008,0.0165,0,collision
913,275,-10.93,8.09,1169.59,0.0000,0.0697,1,goal
926,290,-430.78,7.62,1172.92,0.0034,0.0357,0,collision
923,206,61.13,10.81,822.29,0.0000,0.0073,1,goal
914,154,-313.78,8.34,585.06,0.0049,0.0404,0,collision
2327,193,70.08,11.53,858.90,0.0000,0.0055,1,goal
2305,215,51.23,10.42,932.50,0.0000,0.0000,1,goal
2306,119,-288.52,9.18,408.90,0.0140,0.0198,0,collision
2328,172,-320.79,9.37,526.71,0.0057,0.0552,0,collision
2329,300,-44.07,7.41,1237.89,0.0000,0.0202,1,goal
2307,377,-135.52,5.92,1128.01,0.0000,0.1788,1,goal
2330,218,34.68,10.13,994.72,0.0000,0.0077,1,goal
2308,380,-149.54,5.85,1111.52,0.0000,0.1880,1,goal
2331,324,-59.15,6.87,1023.43,0.0000,0.0597,1,goal
2309,213,55.80,10.47,853.25,0.0000,0.0149,1,goal
927,202,-358.35,6.96,712.58,0.0017,0.0665,0,collision
930,342,-79.79,6.52,1179.48,0.0000,0.0642,1,goal
924,195,65.38,11.46,1118.25,0.0000,0.0000,1,goal
915,307,-436.96,7.23,1037.86,0.0015,0.0662,0,collision
928,210,-390.57,6.43,692.71,0.0090,0.0002,0,collision
931,220,43.81,10.13,1164.04,0.0000,0.0007,1,goal
925,330,-76.53,6.77,1189.37,0.0000,0.1298,1,goal
2332,223,43.79,9.98,983.80,0.0000,0.0144,1,goal
2310,291,-39.25,7.66,1206.87,0.0000,0.0555,1,goal
2333,296,-38.42,7.50,1179.33,0.0000,0.0597,1,goal
2311,261,3.36,8.49,1228.25,0.0000,0.0440,1,goal
2312,121,-285.72,8.73,415.85,0.0117,0.0080,0,collision
2334,286,-16.41,7.81,1106.75,0.0000,0.0023,1,goal
2313,339,-109.27,6.58,1093.43,0.0000,0.0847,1,goal
2335,233,33.53,9.56,1086.78,0.0000,0.0000,1,goal
2314,135,-301.80,9.08,584.06,0.0132,0.0148,0,collision
2336,204,63.71,10.93,737.98,0.0000,0.0000,1,goal
932,250,13.11,8.92,1186.79,0.0000,0.0106,1,goal
916,333,-86.62,6.71,1167.81,0.0000,0.0436,1,goal
929,347,-118.65,6.44,1016.00,0.0000,0.0545,1,goal
926,220,44.53,10.15,1046.78,0.0000,0.0312,1,goal
933,207,57.85,10.76,836.37,0.0000,0.0123,1,goal
927,235,31.66,9.48,893.60,0.0000,0.0138,1,goal
930,305,-60.27,7.30,1261.71,0.0000,0.0626,1,goal
917,360,-108.59,6.21,944.10,0.0000,0.1455,1,goal
934,265,1.34,8.42,959.56,0.0000,0.0030,1,goal
2337,225,42.85,9.95,1091.59,0.0000,0.0000,1,goal
2315,236,32.90,9.47,904.32,0.0000,0.0000,1,goal
2316,120,-282.54,9.19,447.01,0.0146,0.0208,0,collision
2338,255,14.08,8.75,1189.87,0.0000,0.0298,1,goal
2339,233,35.35,9.60,908.04,0.0000,0.0381,1,goal
2317,359,-128.32,6.22,1057.06,0.0000,0.0795,1,goal
2318,216,50.25,10.35,955.84,0.0000,0.0484,1,goal
2340,298,-43.61,7.46,993.99,0.0000,0.0678,1,goal
2341,123,-286.72,8.86,466.28,0.0087,0.0044,0,collision
2319,250,23.01,8.93,1092.77,0.0000,0.0199,1,goal
935,114,-277.70,12.03,552.93,0.0143,0.0000,0,collision
918,213,51.76,10.50,959.92,0.0000,0.0000,1,goal
928,244,14.81,9.07,1209.35,0.0000,0.0381,1,goal
931,274,-11.58,8.14,1112.78,0.0000,0.0018,1,goal
936,176,-329.05,7.93,707.70,0.0084,0.0226,0,collision
929,202,64.07,11.04,939.93,0.0000,0.0090,1,goal
919,218,44.61,10.20,1177.28,0.0000,0.0082,1,goal
932,294,-44.34,7.59,1110.31,0.0000,0.0827,1,goal
2342,273,-22.01,8.12,1142.86,0.0000,0.0718,1,goal
2320,315,-65.29,7.08,1049.81,0.0000,0.1215,1,goal
2343,148,-310.64,8.63,643.72,0.0135,0.0589,0,collision
2321,259,-446.53,6.04,669.70,0.0050,0.2375,0,collision
2344,223,43.69,10.04,961.79,0.0000,0.0047,1,goal
2345,258,1.56,8.58,1100.17,0.0000,0.0024,1,goal
2322,339,-505.52,6.53,1093.39,0.0029,0.1865,0,collision
2323,203,61.40,10.98,901.81,0.0000,0.0000,1,goal
2346,217,47.95,10.28,1086.60,0.0000,0.0022,1,goal
2324,281,-29.93,7.93,1157.26,0.0000,0.0446,1,goal
937,268,-3.43,8.32,1191.23,0.0000,0.0033,1,goal
920,265,2.74,8.39,1195.61,0.0000,0.0492,1,goal
930,295,-49.09,7.56,1102.62,0.0000,0.0998,1,goal
938,236,27.13,9.44,842.31,0.0000,0.0619,1,goal
933,324,-65.24,6.87,1096.65,0.0000,0.0934,1,goal
921,217,53.27,10.31,817.52,0.0000,0.0000,1,goal
934,107,-275.13,9.82,376.54,0.0108,0.0024,0,collision
931,277,-27.97,7.99,1167.30,0.0000,0.0521,1,goal
2325,202,59.17,11.01,844.81,0.0000,0.0049,1,goal
2347,221,48.49,10.10,862.04,0.0000,0.0006,1,goal
2326,278,-18.40,8.01,1071.31,0.0000,0.0296,1,goal
2348,371,-128.32,6.01,1076.31,0.0000,0.1779,1,goal
2327,295,-38.14,7.57,1034.01,0.0000,0.0576,1,goal
2349,196,64.14,11.30,1001.15,0.0000,0.0043,1,goal
2328,278,-9.62,8.01,936.56,0.0000,0.0078,1,goal
2350,382,-155.05,5.84,1002.35,0.0000,0.1433,1,goal
2329,229,41.97,9.73,875.65,0.0000,0.0086,1,goal
2351,230,37.25,9.64,946.99,0.0000,0.0541,1,goal
939,373,-143.72,5.99,1232.37,0.0000,0.2162,1,goal
922,361,-131.51,6.16,1181.59,0.0000,0.1815,1,goal
932,315,-48.12,7.04,982.37,0.0000,0.0658,1,goal
935,379,-146.41,5.89,928.06,0.0000,0.2258,1,goal
940,228,36.09,9.78,950.14,0.0000,0.0516,1,goal
936,200,56.32,11.11,806.74,0.0000,0.0000,1,goal
2330,132,-292.59,9.65,493.48,0.0076,0.0432,0,collision
2352,373,-140.03,5.99,1223.39,0.0000,0.1113,1,goal
2331,310,-43.90,7.21,850.41,0.0000,0.0328,1,goal
2353,188,72.23,11.88,802.84,0.0000,0.0169,1,goal
2332,252,9.82,8.86,933.00,0.0000,0.0161,1,goal
2354,330,-87.22,6.77,979.70,0.0000,0.0821,1,goal
2333,233,33.76,9.57,854.11,0.0000,0.0261,1,goal
2334,198,59.24,11.23,934.90,0.0000,0.0000,1,goal
2355,323,-67.97,6.92,1063.83,0.0000,0.0510,1,goal
2335,209,56.30,10.64,997.54,0.0000,0.0000,1,goal
923,376,-133.21,5.93,1218.05,0.0000,0.2044,1,goal
933,351,-105.66,6.37,1100.59,0.0000,0.1411,1,goal
941,239,18.86,9.35,934.88,0.0000,0.0108,1,goal
924,215,50.41,10.33,852.96,0.0000,0.0256,1,goal
934,262,0.85,8.51,1085.09,0.0000,0.0097,1,goal
942,218,53.96,10.22,834.61,0.0000,0.0297,1,goal
937,371,-147.33,6.02,1097.49,0.0000,0.1075,1,goal
943,222,35.42,10.01,843.08,0.0000,0.0002,1,goal
2356,182,81.18,12.25,720.80,0.0000,0.0105,1,goal
2336,325,-80.52,6.86,1064.20,0.0000,0.0339,1,goal
2357,349,-117.09,6.38,938.12,0.0000,0.1990,1,goal
2358,39,-223.39,17.23,109.37,0.0000,0.0635,0,collision
2359,121,-282.02,9.16,192.48,0.0152,0.0432,0,collision
2337,376,-134.59,5.92,1011.31,0.0000,0.2595,1,goal
2338,254,16.71,8.77,1124.89,0.0000,0.0669,1,goal
2360,289,-47.50,7.65,1087.61,0.0000,0.0188,1,goal
2361,33,-218.02,19.24,133.33,0.0000,0.0247,0,collision
2339,256,6.58,8.72,1234.46,0.0000,0.0263,1,goal
925,302,-44.19,7.36,1142.01,0.0000,0.0514,1,goal
935,258,8.70,8.64,1047.97,0.0000,0.0101,1,goal
938,253,7.05,8.84,981.27,0.0000,0.0000,1,goal
936,36,-220.76,18.87,88.10,0.0000,0.0640,0,collision
926,148,-315.11,8.72,292.44,0.0011,0.0872,0,collision
939,184,76.50,12.11,814.61,0.0000,0.0243,1,goal
944,346,-105.44,6.44,1048.89,0.0000,0.1916,1,goal
945,36,-220.55,18.12,105.59,0.0093,0.0445,0,collision
927,228,41.74,9.82,996.01,0.0000,0.0000,1,goal
937,331,-98.68,6.73,1125.33,0.0000,0.1339,1,goal
928,42,-224.03,16.25,22.70,0.0082,0.1578,0,collision
929,34,-219.79,17.62,147.30,0.0000,0.0436,0,collision
2340,102,-291.63,10.29,358.57,0.0196,0.0000,0,collision
2362,213,48.37,10.48,1130.51,0.0000,0.0047,1,goal
2363,196,66.99,11.39,817.04,0.0000,0.0015,1,goal
2341,336,-110.47,6.62,1143.70,0.0000,0.1003,1,goal
2364,222,47.26,10.09,1017.68,0.0000,0.0374,1,goal
2342,204,54.97,10.90,837.30,0.0000,0.0463,1,goal
2343,181,77.13,12.33,1002.88,0.0000,0.0167,1,goal
2365,289,-41.80,7.68,1040.64,0.0000,0.0496,1,goal
2366,182,78.29,12.24,785.76,0.0000,0.0292,1,goal
2344,373,-142.41,5.98,1032.48,0.0000,0.2367,1,goal
940,313,-50.23,7.11,1010.64,0.0000,0.0444,1,goal
946,173,87.32,12.87,777.18,0.0000,0.0057,1,goal
938,175,84.04,12.73,832.43,0.0000,0.0045,1,goal
939,91,-255.34,15.49,281.18,0.0114,0.0000,0,collision
941,260,0.55,8.55,959.64,0.0000,0.0588,1,goal
930,360,-120.07,6.20,1185.90,0.0000,0.2273,1,goal
947,284,-28.42,7.87,1008.87,0.0000,0.0159,1,goal
940,226,40.84,9.88,1089.74,0.0000,0.0001,1,goal
931,183,77.87,12.17,905.89,0.0000,0.0103,1,goal
2367,223,42.69,10.03,889.85,0.0000,0.0591,1,goal
2345,293,-38.03,7.60,1034.00,0.0000,0.0556,1,goal
2368,136,-299.01,9.36,571.70,0.0002,0.0416,0,collision
2346,180,80.54,12.38,718.53,0.0000,0.0277,1,goal
2369,184,77.76,12.12,818.03,0.0000,0.0120,1,goal
2347,327,-83.39,6.80,956.96,0.0000,0.1157,1,goal
2370,300,-39.47,7.43,936.33,0.0000,0.0418,1,goal
2348,288,-35.54,7.73,935.51,0.0000,0.0468,1,goal
2371,357,-128.64,6.22,1026.68,0.0000,0.1742,1,goal
2349,355,-108.15,6.27,985.87,0.0000,0.2999,1,goal
948,218,49.49,10.23,1001.95,0.0000,0.0485,1,goal
942,267,0.66,8.31,1059.68,0.0000,0.0796,1,goal
941,214,50.72,10.39,968.25,0.0000,0.0004,1,goal
949,121,-290.42,8.96,354.90,0.0148,0.0240,0,collision
943,216,50.52,10.36,892.95,0.0000,0.0157,1,goal
950,124,-291.35,9.31,547.57,0.0146,0.0068,0,collision
932,342,-108.07,6.50,984.70,0.0000,0.1604,1,goal
942,299,-450.80,7.42,906.96,0.0033,0.1138,0,collision
951,128,-285.36,10.01,486.47,0.0078,0.1252,0,collision
2350,241,25.34,9.21,843.75,0.0000,0.0094,1,goal
2372,332,-97.06,6.68,1089.96,0.0000,0.1070,1,goal
2351,249,22.16,8.97,859.72,0.0000,0.1308,1,goal
2352,55,-234.57,13.79,97.41,0.0182,0.0955,0,collision
2373,359,-119.52,6.22,1012.37,0.0000,0.2104,1,goal
2353,237,33.27,9.44,975.46,0.0000,0.0022,1,goal
2354,181,83.80,12.30,494.98,0.0000,0.0119,1,goal
2374,318,-73.04,7.02,1124.94,0.0000,0.0824,1,goal
2355,346,-115.97,6.45,1132.98,0.0000,0.2102,1,goal
2375,330,-100.54,6.76,1013.02,0.0000,0.0661,1,goal
944,364,-132.13,6.14,1047.13,0.0000,0.2462,1,goal
945,37,-221.89,17.23,115.92,0.0000,0.0428,0,collision
943,282,-39.74,7.87,1078.23,0.0000,0.0374,1,goal
933,334,-100.49,6.69,1031.61,0.0000,0.1566,1,goal
952,293,-50.86,7.57,1151.18,0.0000,0.0114,1,goal
946,205,61.00,10.86,746.54,0.0000,0.0537,1,goal
953,262,-1.85,8.52,1044.41,0.0000,0.0296,1,goal
947,120,-311.94,8.88,563.33,0.0139,0.0564,0,collision
934,342,-108.02,6.52,1013.31,0.0000,0.1226,1,goal
944,349,-120.20,6.36,939.70,0.0000,0.1243,1,goal
2376,126,-306.37,8.73,399.64,0.0159,0.0138,0,collision
2356,315,-80.98,7.07,1117.91,0.0000,0.0318,1,goal
2377,257,5.54,8.66,924.10,0.0000,0.0269,1,goal
2357,180,78.21,12.41,886.27,0.0000,0.0111,1,goal
2358,215,44.85,10.38,1118.54,0.0000,0.0155,1,goal
2378,363,-130.29,6.14,1208.35,0.0000,0.1421,1,goal
2359,126,-290.90,10.17,549.48,0.0079,0.0357,0,collision
2360,261,7.38,8.55,966.48,0.0000,0.0495,1,goal
2379,353,-121.76,6.33,1100.04,0.0000,0.1205,1,goal
2361,74,-244.32,15.33,228.86,0.0176,0.0404,0,collision
954,225,43.17,9.92,1027.22,0.0000,0.0532,1,goal
935,223,43.75,9.97,972.60,0.0000,0.0537,1,goal
948,261,-2.14,8.51,1046.83,0.0000,0.0355,1,goal
945,270,-1.50,8.24,1045.41,0.0000,0.0670,1,goal
936,142,-298.75,10.05,499.87,0.0055,0.0635,0,collision
949,179,82.15,12.46,689.46,0.0000,0.0064,1,goal
955,345,-117.85,6.43,1073.40,0.0000,0.1240,1,goal
2362,294,-33.05,7.58,1077.38,0.0000,0.0460,1,goal
2380,328,-97.93,6.77,1043.02,0.0000,0.1269,1,goal
2363,337,-96.11,6.60,1023.20,0.0000,0.0993,1,goal
2381,359,-124.71,6.21,1051.09,0.0000,0.1143,1,goal
2382,123,-282.32,10.44,471.56,0.0081,0.0535,0,collision
2364,232,30.99,9.60,1050.74,0.0000,0.0210,1,goal
2365,204,55.00,10.86,1008.12,0.0000,0.0097,1,goal
2383,316,-73.38,7.07,996.37,0.0000,0.0497,1,goal
2384,133,-295.81,9.57,545.67,0.0075,0.0351,0,collision
2366,199,55.54,11.21,963.12,0.0000,0.0215,1,goal
937,209,53.57,10.63,1026.74,0.0000,0.0222,1,goal
946,356,-125.48,6.24,1203.59,0.0000,0.1380,1,goal
956,125,-307.77,7.95,386.75,0.0039,0.0359,0,collision
950,257,-10.06,8.62,981.71,0.0000,0.0371,1,goal
947,101,-275.69,10.44,229.50,0.0105,0.0171,0,collision
938,245,17.42,9.11,1058.29,0.0000,0.0327,1,goal
957,241,31.12,9.27,1021.96,0.0000,0.0094,1,goal
948,188,-346.00,7.92,569.41,0.0053,0.0597,0,collision
951,339,-113.11,6.58,1122.50,0.0000,0.0802,1,goal
2367,196,55.18,11.31,1007.78,0.0000,0.0066,1,goal
2385,349,-111.18,6.39,1051.11,0.0000,0.1486,1,goal
2368,226,41.34,9.85,719.39,0.0000,0.0055,1,goal
2369,164,95.63,13.61,725.24,0.0000,0.0000,1,goal
2386,329,-107.49,6.75,1139.70,0.0000,0.1617,1,goal
2370,199,67.67,11.23,793.23,0.0000,0.0000,1,goal
2387,235,32.76,9.48,1140.62,0.0000,0.0000,1,goal
2371,274,-11.73,8.15,1052.54,0.0000,0.0212,1,goal
2388,318,-63.88,7.02,1060.50,0.0000,0.0813,1,goal
2372,304,-47.98,7.33,1179.65,0.0000,0.0428,1,goal
939,305,-465.34,7.21,1035.62,0.0029,0.2016,0,collision
958,240,24.37,9.30,948.44,0.0000,0.0176,1,goal
949,281,-50.23,7.87,992.59,0.0000,0.0208,1,goal
959,109,-276.44,10.71,489.48,0.0061,0.1135,0,collision
952,240,28.63,9.33,1275.12,0.0000,0.0265,1,goal
940,224,42.74,9.97,866.40,0.0000,0.0827,1,goal
950,172,85.93,13.03,903.23,0.0000,0.0163,1,goal
953,122,-289.21,10.05,564.12,0.0164,0.0000,0,collision
960,208,56.72,10.73,835.91,0.0000,0.0106,1,goal
941,188,73.68,11.85,912.39,0.0000,0.0180,1,goal
954,186,73.71,11.96,894.42,0.0000,0.0106,1,goal
2389,61,-244.99,13.25,302.06,0.0081,0.0973,0,collision
2390,180,78.18,12.39,776.58,0.0000,0.0142,1,goal
2373,255,4.44,8.73,1106.62,0.0000,0.0666,1,goal
2374,126,-291.14,10.67,456.13,0.0100,0.0158,0,collision
2375,112,-278.98,10.73,358.89,0.0007,0.1737,0,collision
2391,347,-113.95,6.39,1149.25,0.0000,0.1349,1,goal
2392,227,40.14,9.78,1024.34,0.0000,0.0175,1,goal
2376,360,-122.10,6.19,1105.62,0.0000,0.1844,1,goal
2377,136,-299.60,10.27,468.88,0.0074,0.0322,0,collision
2393,274,-431.82,8.09,1035.29,0.0036,0.0819,0,collision
951,325,-89.44,6.87,1086.63,0.0000,0.0710,1,goal
942,187,74.05,11.85,857.39,0.0000,0.0081,1,goal
961,281,-15.43,7.90,982.62,0.0000,0.0341,1,goal
955,199,57.55,11.18,826.64,0.0000,0.0102,1,goal
962,127,-290.45,10.20,428.34,0.0018,0.1114,0,collision
952,245,20.06,9.09,863.07,0.0000,0.0296,1,goal
956,214,48.78,10.39,998.78,0.0000,0.0179,1,goal
963,170,88.37,13.12,836.67,0.0000,0.0093,1,goal
943,341,-119.00,6.53,960.70,0.0000,0.1259,1,goal
2394,275,-18.84,8.08,924.52,0.0000,0.0112,1,goal
2378,336,-108.52,6.63,1093.94,0.0000,0.1335,1,goal
2379,129,-292.07,9.87,453.38,0.0031,0.0511,0,collision
2395,296,-64.68,7.49,1052.27,0.0000,0.0404,1,goal
2380,205,49.22,10.82,999.22,0.0000,0.0000,1,goal
2396,194,63.85,11.43,792.09,0.0000,0.0112,1,goal
2381,179,77.80,12.46,819.28,0.0000,0.0105,1,goal
2397,351,-117.92,6.35,1009.31,0.0000,0.2044,1,goal
2382,279,-17.25,7.98,1067.87,0.0000,0.0405,1,goal
2398,125,-314.01,8.33,401.59,0.0155,0.0295,0,collision
944,47,-228.31,16.58,167.35,0.0263,0.0309,0,collision
953,233,29.16,9.53,863.41,0.0000,0.0361,1,goal
945,142,-303.97,9.11,491.90,0.0141,0.0405,0,collision
964,276,-18.58,8.02,1134.25,0.0000,0.0398,1,goal
957,375,-134.02,5.94,1182.41,0.0000,0.2555,1,goal
954,195,68.88,11.43,905.06,0.0000,0.0000,1,goal
946,191,73.62,11.77,872.04,0.0000,0.0110,1,goal
955,149,-322.59,8.66,419.04,0.0026,0.1446,0,collision
958,198,61.60,11.22,835.24,0.0000,0.0060,1,goal
965,265,-11.02,8.37,1066.86,0.0000,0.0302,1,goal
2399,121,-282.77,10.60,431.34,0.0009,0.1622,0,collision
2383,281,-17.92,7.93,1075.70,0.0000,0.0326,1,goal
2400,203,58.31,11.00,938.56,0.0000,0.0056,1,goal
2384,128,-292.20,9.96,585.35,0.0078,0.0348,0,collision
2401,312,-60.99,7.14,1073.08,0.0000,0.0545,1,goal
2385,332,-110.87,6.69,979.40,0.0000,0.1416,1,goal
2402,197,66.47,11.34,899.81,0.0000,0.0000,1,goal
2386,176,85.17,12.67,661.65,0.0000,0.0135,1,goal
2403,305,-467.03,7.26,1028.01,0.0033,0.1161,0,collision
2387,275,-23.19,8.10,993.93,0.0000,0.0970,1,goal
959,85,-258.46,13.89,354.50,0.0234,0.0000,0,collision
947,236,-405.01,6.49,553.25,0.0002,0.3027,0,collision
956,190,71.06,11.77,909.35,0.0000,0.0127,1,goal
960,93,-265.85,12.14,534.62,0.0095,0.0533,0,collision
961,39,-223.23,16.73,148.14,0.0310,0.0552,0,collision
966,210,57.89,10.62,740.65,0.0000,0.0146,1,goal
948,219,45.00,10.18,875.57,0.0000,0.0339,1,goal
967,222,-390.43,6.84,620.46,0.0045,0.2004,0,collision
957,302,-53.21,7.39,996.03,0.0000,0.0577,1,goal
962,298,-51.50,7.49,1059.44,0.0000,0.0243,1,goal
2404,121,-308.65,8.73,332.68,0.0061,0.0212,0,collision
2388,247,-418.27,6.20,612.99,0.0021,0.3580,0,collision
2405,195,67.25,11.44,905.45,0.0000,0.0106,1,goal
2389,192,72.55,11.64,806.58,0.0000,0.0533,1,goal
2406,239,-381.26,9.27,860.45,0.0042,0.0209,0,collision
2390,264,-6.30,8.41,1060.61,0.0000,0.0565,1,goal
2407,202,63.31,11.09,856.50,0.0000,0.0118,1,goal
2391,315,-64.51,7.06,1061.03,0.0000,0.0637,1,goal
2408,278,-23.11,8.02,1086.08,0.0000,0.0153,1,goal
2392,328,-92.58,6.80,841.94,0.0000,0.1805,1,goal
949,218,47.33,10.22,884.44,0.0000,0.0540,1,goal
968,213,49.87,10.47,941.10,0.0000,0.0148,1,goal
950,126,-300.05,9.78,417.08,0.0087,0.0556,0,collision
963,183,77.54,12.17,609.40,0.0000,0.0194,1,goal
958,269,-3.82,8.29,1131.65,0.0000,0.0279,1,goal
964,39,-223.00,17.14,127.43,0.0001,0.0704,0,collision
965,211,53.20,10.57,882.45,0.0000,0.0284,1,goal
969,312,-63.65,7.14,930.16,0.0000,0.0878,1,goal
951,364,-129.88,6.14,1245.57,0.0000,0.1502,1,goal
2393,40,-224.13,16.51,57.70,0.0071,0.0877,0,collision
2409,293,-48.66,7.61,1059.84,0.0000,0.0562,1,goal
2394,283,-26.52,7.89,1111.26,0.0000,0.0469,1,goal
2395,189,73.14,11.79,497.96,0.0000,0.0178,1,goal
2410,233,45.05,9.60,1036.08,0.0000,0.1414,1,goal
2396,190,71.68,11.73,907.11,0.0000,0.0489,1,goal
2411,188,71.84,11.80,705.49,0.0000,0.0199,1,goal
2412,163,-319.50,8.73,563.23,0.0071,0.0331,0,collision
2397,186,66.52,11.99,1103.96,0.0000,0.0144,1,goal
2413,219,45.17,10.17,1096.20,0.0000,0.0703,1,goal
959,348,-113.39,6.41,1039.20,0.0000,0.1954,1,goal
966,167,90.83,13.39,765.93,0.0000,0.0030,1,goal
970,170,87.40,13.12,843.23,0.0000,0.0090,1,goal
960,240,17.89,9.31,606.99,0.0000,0.0023,1,goal
952,351,-109.98,6.33,1111.09,0.0000,0.2303,1,goal
967,335,-100.26,6.63,1089.70,0.0000,0.1926,1,goal
961,151,-312.72,8.93,654.39,0.0087,0.0179,0,collision
971,335,-101.25,6.64,1037.11,0.0000,0.2301,1,goal
968,105,-275.87,11.05,370.99,0.0047,0.1527,0,collision
953,157,99.99,14.21,639.21,0.0000,0.0587,1,goal
2414,134,-291.92,10.80,630.14,0.0124,0.0593,0,collision
2398,345,-115.76,6.47,1098.60,0.0000,0.1796,1,goal
2415,223,43.95,10.02,1141.70,0.0000,0.0091,1,goal
2416,202,53.37,11.01,1025.30,0.0000,0.0275,1,goal
2399,276,-12.06,8.06,1131.09,0.0000,0.0240,1,goal
2417,213,46.09,10.51,1074.46,0.0000,0.0280,1,goal
2418,94,-261.48,14.79,317.82,0.0176,0.0000,0,collision
2400,356,-129.81,6.24,1006.62,0.0000,0.2327,1,goal
2419,235,28.10,9.46,977.08,0.0000,0.0378,1,goal
2401,235,-371.91,9.44,1100.48,0.0043,0.0577,0,collision
962,184,77.77,12.13,796.35,0.0000,0.0484,1,goal
972,221,51.75,10.14,957.77,0.0000,0.0662,1,goal
954,201,59.45,11.07,665.38,0.0000,0.0103,1,goal
963,162,-311.03,9.21,631.21,0.0123,0.2584,0,collision
969,347,-103.44,6.42,1078.27,0.0000,0.2802,1,goal
973,199,55.07,11.19,738.20,0.0000,0.0374,1,goal
964,264,-4.12,8.45,966.13,0.0000,0.0580,1,goal
2402,237,23.37,9.32,1025.47,0.0000,0.0389,1,goal
2420,240,30.68,9.33,1061.98,0.0000,0.0763,1,goal
2421,34,-219.12,18.53,69.49,0.0000,0.0571,0,collision
2403,162,95.08,13.77,745.41,0.0000,0.0005,1,goal
2422,209,53.81,10.67,1059.61,0.0000,0.0269,1,goal
2404,184,78.27,12.20,817.68,0.0000,0.0313,1,goal
2423,211,53.64,10.56,811.65,0.0000,0.0003,1,goal
2405,224,14.90,9.91,1114.92,0.0000,0.0000,1,goal
2424,124,-288.58,10.28,530.03,0.0081,0.0951,0,collision
2406,188,80.34,11.86,639.83,0.0000,0.0886,1,goal
955,329,-103.85,6.79,1033.64,0.0000,0.1921,1,goal
970,204,58.56,10.94,756.43,0.0000,0.0154,1,goal
965,33,-218.53,19.30,112.54,0.0000,0.0407,0,collision
974,221,46.27,10.11,903.87,0.0000,0.0068,1,goal
956,175,85.89,12.74,558.61,0.0000,0.0177,1,goal
975,195,66.12,11.41,745.95,0.0000,0.0266,1,goal
966,283,-20.51,7.89,1096.62,0.0000,0.0288,1,goal
971,368,-136.53,6.07,1141.34,0.0000,0.2648,1,goal
957,258,-0.08,8.60,1040.32,0.0000,0.0312,1,goal
967,149,-302.71,9.86,419.89,0.0060,0.0672,0,collision
972,116,-298.74,8.27,261.72,0.0054,0.1755,0,collision
2425,219,47.02,10.21,939.40,0.0000,0.0000,1,goal
2426,41,-223.92,16.90,23.59,0.0224,0.0369,0,collision
2407,327,-90.06,6.82,1209.05,0.0000,0.1557,1,goal
2408,152,-311.39,9.19,461.54,0.0066,0.0560,0,collision
2427,303,-58.41,7.35,1073.87,0.0000,0.0752,1,goal
2409,240,30.35,9.27,1067.19,0.0000,0.0699,1,goal
2428,176,-323.28,8.41,709.40,0.0108,0.2114,0,collision
2410,161,-315.78,8.67,628.30,0.0067,0.1549,0,collision
2429,214,46.65,10.39,1073.03,0.0000,0.0000,1,goal
2411,358,-117.72,6.20,1085.76,0.0000,0.2940,1,goal
976,284,-37.25,7.82,1145.19,0.0000,0.0200,1,goal
968,208,55.33,10.69,858.99,0.0000,0.0000,1,goal
973,172,-342.08,7.51,553.72,0.0058,0.0724,0,collision
977,181,-326.88,8.40,692.20,0.0067,0.2148,0,collision
958,284,-50.47,7.87,844.01,0.0000,0.0784,1,goal
959,97,-263.92,14.23,351.58,0.0204,0.0000,0,collision
974,186,-333.21,8.24,533.65,0.0009,0.2755,0,collision
978,283,-14.42,7.85,997.01,0.0000,0.0625,1,goal
969,350,-122.38,6.38,1131.66,0.0000,0.1456,1,goal
2430,168,85.96,13.30,725.30,0.0000,0.0000,1,goal
2412,202,59.71,11.03,761.40,0.0000,0.0115,1,goal
2413,176,81.93,12.65,778.35,0.0000,0.0068,1,goal
2431,362,-132.45,6.16,1031.56,0.0000,0.2429,1,goal
2414,324,-108.32,6.84,1019.74,0.0000,0.1217,1,goal
2432,302,-57.60,7.38,981.58,0.0000,0.1553,1,goal
2415,219,35.03,10.12,988.01,0.0000,0.0609,1,goal
2416,53,-235.15,14.99,261.12,0.0099,0.0321,0,collision
2433,183,75.06,12.19,860.89,0.0000,0.0187,1,goal
2417,170,88.55,13.08,635.94,0.0000,0.0066,1,goal
960,216,42.84,10.31,1022.98,0.0000,0.0043,1,goal
979,135,-295.76,10.56,665.34,0.0122,0.0840,0,collision
975,293,-442.90,7.56,938.70,0.0034,0.1211,0,collision
961,112,-278.54,11.04,541.14,0.0179,0.0000,0,collision
970,168,92.96,13.34,443.30,0.0000,0.0167,1,goal
980,121,-313.63,8.96,407.07,0.0139,0.0170,0,collision
962,190,68.51,11.71,1013.29,0.0000,0.0183,1,goal
976,217,34.91,10.29,825.92,0.0000,0.0711,1,goal
981,227,38.87,9.82,1007.10,0.0000,0.0062,1,goal
971,345,-114.96,6.46,1155.00,0.0000,0.1670,1,goal
2418,48,-231.63,14.76,91.22,0.0083,0.0638,0,collision
2434,326,-97.68,6.85,1281.83,0.0000,0.1090,1,goal
2419,306,-71.93,7.24,1017.38,0.0000,0.0215,1,goal
2420,147,-315.08,8.75,565.01,0.0027,0.0496,0,collision
2435,292,-35.57,7.65,1238.42,0.0000,0.0453,1,goal
2421,180,79.55,12.37,770.84,0.0000,0.0218,1,goal
2422,134,-296.52,9.59,562.01,0.0067,0.0877,0,collision
2436,225,31.48,9.92,951.94,0.0000,0.0355,1,goal
2437,207,57.47,10.76,892.28,0.0000,0.0000,1,goal
2423,235,18.73,9.42,930.71,0.0000,0.0000,1,goal
972,37,-222.17,17.03,58.15,0.0087,0.0577,0,collision
963,226,40.64,9.90,997.15,0.0000,0.0019,1,goal
977,283,-43.12,7.84,1165.04,0.0000,0.0355,1,goal
973,201,54.90,11.08,846.75,0.0000,0.0020,1,goal
978,139,-300.16,9.19,560.88,0.0132,0.0955,0,collision
982,357,-112.76,6.25,1125.47,0.0000,0.1556,1,goal
964,336,-105.17,6.65,1069.94,0.0000,0.0969,1,goal
983,129,-291.26,9.87,566.03,0.0037,0.0634,0,collision
979,181,80.30,12.33,795.98,0.0000,0.0143,1,goal
2424,107,-296.65,9.87,379.57,0.0134,0.0330,0,collision
2438,301,-467.94,7.37,970.64,0.0033,0.0897,0,collision
2425,235,14.01,9.42,1055.09,0.0000,0.0000,1,goal
2439,212,54.09,10.51,872.82,0.0000,0.0000,1,goal
2426,189,74.80,11.85,748.34,0.0000,0.0143,1,goal
2440,185,71.81,11.99,799.15,0.0000,0.0111,1,goal
2427,257,3.37,8.64,968.62,0.0000,0.0000,1,goal
2428,207,55.85,10.69,849.98,0.0000,0.0000,1,goal
2441,369,-133.39,6.05,1219.72,0.0000,0.2032,1,goal
2429,359,-126.82,6.21,1075.45,0.0000,0.1183,1,goal
974,335,-109.82,6.64,1150.21,0.0000,0.1310,1,goal
980,225,39.97,9.89,950.95,0.0000,0.0000,1,goal
984,269,-16.41,8.25,1005.59,0.0000,0.0093,1,goal
965,351,-116.59,6.34,1309.79,0.0000,0.0846,1,goal
985,71,-247.06,13.11,235.66,0.0095,0.0476,0,collision
986,56,-236.70,13.48,238.20,0.0114,0.0533,0,collision
975,288,-28.95,7.76,927.09,0.0000,0.0227,1,goal
981,216,41.43,10.28,1065.88,0.0000,0.0108,1,goal
966,219,45.97,10.15,947.67,0.0000,0.0271,1,goal
2430,219,47.34,10.21,1014.80,0.0000,0.0521,1,goal
2442,237,34.71,9.43,1098.02,0.0000,0.0340,1,goal
2431,124,-286.39,10.34,362.64,0.0076,0.0826,0,collision
2443,239,24.46,9.26,948.85,0.0000,0.0282,1,goal
2432,219,48.57,10.19,913.83,0.0000,0.0379,1,goal
2444,339,-96.09,6.57,905.89,0.0000,0.1089,1,goal
2433,320,-68.75,6.94,909.85,0.0000,0.1099,1,goal
2434,258,2.54,8.64,1115.34,0.0000,0.0414,1,goal
2445,341,-108.18,6.56,978.14,0.0000,0.1234,1,goal
2435,281,-22.57,7.93,945.15,0.0000,0.0273,1,goal
987,271,-6.59,8.22,901.81,0.0000,0.0235,1,goal
982,252,14.79,8.84,1107.12,0.0000,0.0497,1,goal
976,306,-62.56,7.28,954.54,0.0000,0.0251,1,goal
967,231,37.85,9.64,839.93,0.0000,0.0117,1,goal
988,241,-415.12,6.28,641.29,0.0039,0.1280,0,collision
977,164,95.02,13.66,549.30,0.0000,0.0079,1,goal
983,217,47.94,10.27,845.43,0.0000,0.0000,1,goal
989,176,-339.49,8.42,706.04,0.0089,0.0261,0,collision
968,342,-110.32,6.52,1115.48,0.0000,0.1233,1,goal
2446,269,-9.12,8.29,1151.24,0.0000,0.0129,1,goal
2436,295,-44.93,7.54,1116.12,0.0000,0.0255,1,goal
2437,162,-319.44,8.74,644.35,0.0100,0.0323,0,collision
2447,226,34.67,9.89,915.69,0.0000,0.0297,1,goal
2438,110,-296.72,9.55,312.55,0.0162,0.0081,0,collision
2448,318,-87.77,7.01,1180.65,0.0000,0.1253,1,goal
2439,252,13.44,8.85,1020.50,0.0000,0.0500,1,goal
2449,243,15.14,9.18,1074.27,0.0000,0.0159,1,goal
2440,246,22.43,9.07,907.35,0.0000,0.0337,1,goal
2450,342,-101.37,6.53,1165.73,0.0000,0.1066,1,goal
978,260,-8.82,8.55,1181.66,0.0000,0.0007,1,goal
984,269,-6.97,8.28,1048.22,0.0000,0.0434,1,goal
990,217,-375.76,6.92,623.71,0.0073,0.0389,0,collision
969,256,-2.87,8.68,798.86,0.0000,0.0482,1,goal
985,222,42.75,10.04,888.41,0.0000,0.0124,1,goal
979,313,-51.72,7.12,1095.13,0.0000,0.0390,1,goal
980,122,-282.11,10.53,410.73,0.0082,0.0479,0,collision
970,276,-21.46,8.04,1075.97,0.0000,0.0563,1,goal
2441,135,-299.25,9.46,519.90,0.0037,0.0233,0,collision
2451,333,-99.48,6.71,957.67,0.0000,0.1551,1,goal
2442,296,-37.59,7.49,1236.52,0.0000,0.0360,1,goal
2443,125,-291.90,9.68,645.76,0.0160,0.0000,0,collision
2452,280,-29.69,7.94,1250.16,0.0000,0.0182,1,goal
2453,205,58.57,10.91,885.22,0.0000,0.0000,1,goal
2444,323,-84.82,6.90,1051.33,0.0000,0.0764,1,goal
2454,214,45.06,10.40,845.58,0.0000,0.0010,1,goal
2445,273,-17.39,8.16,1068.99,0.0000,0.0310,1,goal
2455,182,78.71,12.25,654.69,0.0000,0.0256,1,goal
991,350,-115.88,6.38,963.79,0.0000,0.1486,1,goal
986,371,-140.03,6.00,1044.22,0.0000,0.1577,1,goal
971,244,16.95,9.09,928.51,0.0000,0.0078,1,goal
981,309,-68.66,7.18,923.83,0.0000,0.0382,1,goal
992,286,-30.94,7.81,916.03,0.0000,0.0290,1,goal
982,123,-293.58,9.28,501.38,0.0159,0.0113,0,collision
972,193,69.68,11.56,824.21,0.0000,0.0216,1,goal
987,339,-94.55,6.58,983.06,0.0000,0.1583,1,goal
2446,174,-330.07,8.70,678.66,0.0105,0.0707,0,collision
2447,173,86.31,12.89,681.25,0.0000,0.0060,1,goal
2456,358,-113.95,6.23,1130.24,0.0000,0.1787,1,goal
2457,152,-311.17,8.84,480.78,0.0098,0.0855,0,collision
2448,171,88.53,13.08,719.99,0.0000,0.0108,1,goal
2458,172,87.84,12.96,832.98,0.0000,0.0070,1,goal
2449,249,5.09,8.89,1227.07,0.0000,0.0442,1,goal
2459,173,88.80,12.90,647.90,0.0000,0.0066,1,goal
2460,100,-283.42,10.60,280.99,0.0035,0.0455,0,collision
2450,234,33.37,9.58,1081.01,0.0000,0.0087,1,goal
983,188,73.15,11.91,862.77,0.0000,0.0316,1,goal
993,340,-104.45,6.56,908.16,0.0000,0.1038,1,goal
973,241,10.40,9.26,936.26,0.0000,0.1149,1,goal
988,228,41.17,9.76,951.91,0.0000,0.0240,1,goal
984,268,-43.51,8.31,869.25,0.0000,0.0704,1,goal
974,214,53.05,10.43,957.57,0.0000,0.0000,1,goal
994,284,-23.38,7.82,1096.71,0.0000,0.0430,1,goal
989,201,58.19,11.07,862.00,0.0000,0.0000,1,goal
985,135,-294.53,10.51,511.53,0.0118,0.0107,0,collision
2451,149,-308.09,9.31,631.56,0.0041,0.0464,0,collision
2461,174,-332.70,8.56,610.45,0.0115,0.1563,0,collision
2452,201,64.91,11.10,763.17,0.0000,0.0223,1,goal
2462,320,-70.78,6.96,1076.88,0.0000,0.0830,1,goal
2453,214,47.00,10.41,993.52,0.0000,0.0000,1,goal
2463,187,-331.98,8.27,583.23,0.0029,0.3456,0,collision
2454,279,-22.92,7.95,1217.78,0.0000,0.0327,1,goal
2464,165,-325.67,8.86,777.69,0.0040,0.0357,0,collision
2455,102,-293.36,10.42,460.10,0.0170,0.0000,0,collision
2465,303,-51.27,7.37,987.17,0.0000,0.1270,1,goal
975,234,32.03,9.57,1106.26,0.0000,0.0395,1,goal
995,200,61.76,11.15,818.57,0.0000,0.0000,1,goal
990,238,22.13,9.38,1107.84,0.0000,0.0184,1,goal
986,231,36.84,9.70,975.29,0.0000,0.0495,1,goal
991,106,-276.68,10.89,476.26,0.0079,0.0934,0,collision
996,216,43.06,10.31,1114.37,0.0000,0.0063,1,goal
992,113,-278.85,11.32,546.96,0.0088,0.0333,0,collision
976,297,-42.97,7.48,1016.93,0.0000,0.0558,1,goal
987,230,41.56,9.73,838.47,0.0000,0.0000,1,goal
2466,158,-313.01,10.27,481.42,0.0108,0.1242,0,collision
2456,217,45.69,10.31,916.56,0.0000,0.0710,1,goal
2457,136,-298.85,9.43,555.07,0.0033,0.0294,0,collision
2467,300,-51.13,7.46,1121.95,0.0000,0.0438,1,goal
2458,164,-325.52,8.90,616.81,0.0100,0.0247,0,collision
2468,167,89.70,13.35,832.20,0.0000,0.0156,1,goal
2459,191,72.32,11.68,755.02,0.0000,0.0153,1,goal
2469,227,37.36,9.80,1022.23,0.0000,0.0004,1,goal
2460,340,-106.26,6.54,1048.30,0.0000,0.1809,1,goal
2470,305,-461.20,7.22,1094.25,0.0033,0.2125,0,collision
993,177,-321.00,8.61,623.07,0.0113,0.2478,0,collision
997,254,-9.06,8.69,1039.24,0.0000,0.0163,1,goal
988,202,61.33,11.09,896.65,0.0000,0.0000,1,goal
977,265,-17.24,8.43,819.50,0.0000,0.0351,1,goal
994,296,-49.09,7.54,1096.34,0.0000,0.1713,1,goal
998,289,-34.77,7.67,912.30,0.0000,0.0420,1,goal
989,233,28.24,9.59,1161.95,0.0000,0.0008,1,goal
978,268,0.01,8.29,1173.16,0.0000,0.0133,1,goal
2471,202,61.68,11.05,976.13,0.0000,0.0082,1,goal
2461,264,0.48,8.47,1062.63,0.0000,0.0045,1,goal
2462,166,-325.37,8.35,702.99,0.0049,0.0425,0,collision
2472,280,-40.98,7.94,1174.97,0.0000,0.0447,1,goal
2473,279,-11.29,7.98,1073.18,0.0000,0.0090,1,goal
2463,346,-97.46,6.44,1045.41,0.0000,0.1579,1,goal
2464,116,-278.64,11.71,311.86,0.0076,0.0358,0,collision
2474,233,-397.17,6.58,756.72,0.0017,0.1580,0,collision
2465,223,40.90,10.02,997.56,0.0000,0.0000,1,goal
2475,204,56.72,10.92,707.68,0.0000,0.0134,1,goal
999,221,43.43,10.10,917.48,0.0000,0.0013,1,goal
990,248,14.34,9.02,968.62,0.0000,0.0258,1,goal
995,347,-105.23,6.44,989.69,0.0000,0.1647,1,goal
979,325,-86.82,6.86,955.43,0.0000,0.1916,1,goal
996,106,-271.87,9.97,305.65,0.0104,0.0544,0,collision
1000,253,-429.10,6.09,591.16,0.0010,0.2640,0,collision
991,273,-16.93,8.19,956.17,0.0000,0.0078,1,goal
980,162,-323.76,8.97,644.89,0.0088,0.0060,0,collision
997,158,-315.04,10.18,498.43,0.0126,0.0795,0,collision
2466,107,-274.78,9.90,438.09,0.0010,0.0538,0,collision
2476,228,37.42,9.78,1176.35,0.0000,0.0009,1,goal
2467,194,67.44,11.52,1044.90,0.0000,0.0088,1,goal
2477,306,-63.47,7.29,1261.49,0.0000,0.0000,1,goal
2468,273,-6.25,8.15,1016.70,0.0000,0.0585,1,goal
2469,160,-319.03,8.72,588.84,0.0061,0.0324,0,collision
2478,305,-37.95,7.31,944.01,0.0000,0.0303,1,goal
2470,249,12.28,8.97,905.98,0.0000,0.0319,1,goal
2479,258,-4.16,8.69,1116.39,0.0000,0.0268,1,goal
2471,286,-23.54,7.81,1091.16,0.0000,0.0094,1,goal
998,95,-270.16,9.85,213.50,0.0044,0.0000,0,collision
981,147,-319.00,8.82,576.56,0.0007,0.0935,0,collision
992,200,-350.51,7.42,661.98,0.0084,0.0432,0,collision
1001,286,-44.88,7.79,1079.26,0.0000,0.0066,1,goal
1002,136,-298.43,9.35,604.15,0.0036,0.0493,0,collision
999,223,47.03,10.02,981.51,0.0000,0.0000,1,goal
982,271,-8.92,8.19,1340.42,0.0000,0.0019,1,goal
993,274,-10.95,8.12,1109.94,0.0000,0.0104,1,goal
1003,186,-360.74,7.66,655.25,0.0105,0.0593,0,collision
2472,209,-362.58,7.34,611.45,0.0021,0.1114,0,collision
2480,265,-437.19,5.79,850.25,0.0022,0.2044,0,collision
2473,214,45.26,10.40,1009.99,0.0000,0.0000,1,goal
2481,212,-371.15,7.18,578.41,0.0033,0.1483,0,collision
2474,172,84.52,12.93,671.51,0.0000,0.0177,1,goal
2475,193,-348.65,7.94,641.46,0.0044,0.1574,0,collision
2482,313,-62.00,7.11,973.64,0.0000,0.1157,1,goal
2476,213,48.69,10.47,1022.02,0.0000,0.0063,1,goal
2483,248,17.75,8.99,1075.48,0.0000,0.0322,1,goal
2477,138,-310.49,8.35,473.79,0.0123,0.0872,0,collision
994,235,29.17,9.44,935.90,0.0000,0.0351,1,goal
1000,342,-91.30,6.52,1050.58,0.0000,0.1428,1,goal
1004,220,-382.58,6.97,681.21,0.0015,0.1826,0,collision
983,357,-109.68,6.24,1210.27,0.0000,0.1565,1,goal
1001,229,-391.08,6.69,695.51,0.0044,0.1596,0,collision
995,243,24.37,9.21,918.13,0.0000,0.0284,1,goal
1002,96,-269.35,9.81,239.29,0.0090,0.0615,0,collision
1005,290,-51.80,7.65,1289.00,0.0000,0.0411,1,goal
984,352,-114.82,6.32,1240.25,0.0000,0.1684,1,goal
996,214,54.80,10.47,685.16,0.0000,0.0000,1,goal
2478,145,-306.46,9.58,552.76,0.0070,0.0011,0,collision
2484,155,-319.52,8.99,750.55,0.0051,0.0482,0,collision
2479,210,-371.62,7.29,658.46,0.0015,0.1451,0,collision
2485,301,-45.57,7.38,884.49,0.0000,0.0269,1,goal
2480,203,48.67,10.96,911.01,0.0000,0.0000,1,goal
2486,265,-16.92,8.42,980.79,0.0000,0.0000,1,goal
2481,223,38.86,10.03,1228.25,0.0000,0.0194,1,goal
2487,113,-279.01,9.65,310.39,0.0138,0.0114,0,collision
2488,93,-264.93,11.50,389.22,0.0187,0.0006,0,collision
2482,296,-55.24,7.49,1146.67,0.0000,0.0000,1,goal
1006,296,-49.38,7.55,1052.94,0.0000,0.0201,1,goal
985,246,-416.51,6.23,650.68,0.0023,0.2153,0,collision
1003,367,-123.38,6.09,1329.70,0.0000,0.1734,1,goal
997,355,-111.76,6.28,1076.78,0.0000,0.1718,1,goal
1007,202,58.68,11.04,710.56,0.0000,0.0013,1,goal
986,281,-21.71,7.94,1050.59,0.0000,0.0085,1,goal
2483,106,-272.45,12.88,603.30,0.0144,0.0000,0,collision
2489,229,41.01,9.75,780.18,0.0000,0.0096,1,goal
2484,241,27.68,9.23,870.44,0.0000,0.0313,1,goal
2490,275,-9.62,8.07,1014.26,0.0000,0.0259,1,goal
2485,193,68.77,11.55,1024.12,0.0000,0.0150,1,goal
2491,234,36.14,9.52,875.30,0.0000,0.0000,1,goal
2486,208,55.42,10.68,915.39,0.0000,0.0092,1,goal
2492,246,22.32,9.05,1124.76,0.0000,0.0188,1,goal
2487,238,33.34,9.37,949.38,0.0000,0.0385,1,goal
2493,90,-261.74,12.87,280.79,0.0198,0.0161,0,collision
1004,306,-41.76,7.28,1143.58,0.0000,0.0944,1,goal
1008,196,62.20,11.35,1168.19,0.0000,0.0285,1,goal
998,317,-66.04,7.01,1136.62,0.0000,0.0694,1,goal
987,198,61.78,11.27,1086.63,0.0000,0.0292,1,goal
1005,241,24.91,9.23,1030.78,0.0000,0.0508,1,goal
1009,213,45.22,10.47,799.29,0.0000,0.0029,1,goal
1010,181,-339.62,8.10,700.67,0.0093,0.0380,0,collision
988,315,-51.44,7.09,1050.50,0.0000,0.0540,1,goal
2494,163,-319.46,8.58,634.44,0.0087,0.0000,0,collision
2488,254,6.88,8.77,1074.71,0.0000,0.0027,1,goal
2495,138,-302.26,10.18,495.63,0.0091,0.0033,0,collision
2496,103,-275.32,10.35,464.49,0.0194,0.0000,0,collision
2489,256,10.50,8.71,1380.23,0.0000,0.0616,1,goal
2497,221,-381.29,6.93,699.14,0.0036,0.1434,0,collision
2490,174,83.82,12.87,833.09,0.0000,0.0000,1,goal
2498,154,-314.66,8.40,521.68,0.0006,0.0306,0,collision
2491,191,71.83,11.68,861.68,0.0000,0.0159,1,goal
2499,131,-292.59,10.68,423.52,0.0087,0.0000,0,collision
999,363,-125.50,6.14,1013.45,0.0000,0.2165,1,goal
1006,368,-127.46,6.05,986.50,0.0000,0.1718,1,goal
1011,242,23.19,9.19,1030.11,0.0000,0.0087,1,goal
1000,348,-99.43,6.40,983.77,0.0000,0.1301,1,goal
1012,156,-316.94,8.93,588.27,0.0064,0.0572,0,collision
989,361,-110.94,6.19,1125.09,0.0000,0.1574,1,goal
1007,365,-128.20,6.11,1083.57,0.0000,0.1744,1,goal
2500,236,-395.18,6.50,727.61,0.0013,0.1687,0,collision
2492,263,-8.77,8.48,1080.89,0.0000,0.0003,1,goal
2501,178,82.94,12.54,772.23,0.0000,0.0173,1,goal
2493,211,51.46,10.52,913.17,0.0000,0.0229,1,goal
2502,209,-364.20,7.33,636.74,0.0014,0.1328,0,collision
2494,202,62.44,11.05,741.66,0.0000,0.0095,1,goal
2503,107,-274.27,9.99,259.07,0.0187,0.0006,0,collision
2504,144,-307.40,8.91,492.21,0.0066,0.0228,0,collision
2495,306,-51.64,7.24,961.88,0.0000,0.0753,1,goal
2505,259,4.35,8.58,1109.06,0.0000,0.0015,1,goal
990,238,25.96,9.39,1127.80,0.0000,0.0352,1,goal
1001,248,19.33,8.95,1085.05,0.0000,0.0420,1,goal
1013,251,13.60,8.85,1208.08,0.0000,0.0425,1,goal
1008,196,65.15,11.37,840.69,0.0000,0.0048,1,goal
991,136,-301.79,9.42,612.74,0.0020,0.0425,0,collision
992,99,-266.39,11.06,262.40,0.0156,0.0016,0,collision
1002,250,5.46,8.88,1058.41,0.0000,0.0000,1,goal
1014,258,-5.67,8.66,950.64,0.0000,0.0000,1,goal
1009,241,13.13,9.24,821.71,0.0000,0.0127,1,goal
993,130,-293.02,9.85,494.69,0.0013,0.0323,0,collision
1003,167,-328.77,8.83,588.06,0.0063,0.0281,0,collision
2496,130,-294.43,9.74,709.11,0.0011,0.0370,0,collision
2506,257,-435.66,5.96,623.80,0.0010,0.2489,0,collision
2497,243,-410.62,6.30,603.44,0.0012,0.2236,0,collision
2507,203,60.10,10.98,846.33,0.0000,0.0000,1,goal
2508,118,-281.77,8.95,217.34,0.0025,0.0226,0,collision
2498,225,42.80,9.92,791.77,0.0000,0.0000,1,goal
2499,177,77.28,12.55,910.66,0.0000,0.0000,1,goal
2509,262,-30.17,8.48,1242.23,0.0000,0.0229,1,goal
2500,257,-431.86,5.94,703.12,0.0002,0.2151,0,collision
2510,322,-82.50,6.93,1219.87,0.0000,0.0197,1,goal
