episode,steps,ep_reward,avg_speed,total_energy,wiggle,safety,success,reason
1,149,-252.72,4.01,86.97,0.0057,0.0122,0,collision
2,108,-200.40,5.62,94.25,0.0107,0.0168,0,collision
3,181,-289.71,3.36,94.82,0.0026,0.0539,0,collision
4,170,-257.27,4.04,99.51,0.0099,0.0180,0,collision
5,134,-233.00,5.79,141.65,0.0169,0.0000,0,collision
6,134,-216.06,5.94,176.43,0.0040,0.0274,0,collision
7,189,-280.66,3.84,50.68,0.0092,0.0541,0,collision
8,196,-326.60,3.43,91.70,0.0042,0.0210,0,collision
9,195,-286.64,3.40,102.02,0.0072,0.0400,0,collision
10,163,-231.10,5.07,155.94,0.0238,0.0328,0,collision
1,123,-220.79,4.97,100.02,0.0119,0.0875,0,collision
2,145,-245.24,6.39,70.90,0.0129,0.0000,0,collision
3,164,-277.29,4.30,147.41,0.0043,0.0060,0,collision
4,104,-206.32,6.75,100.73,0.0160,0.0020,0,collision
5,124,-227.01,4.82,126.31,0.0060,0.0064,0,collision
6,174,-257.94,3.87,29.08,0.0051,0.0359,0,collision
7,156,-245.53,4.50,128.56,0.0032,0.0073,0,collision
8,139,-224.17,5.70,183.60,0.0057,0.0054,0,collision
9,214,-307.94,3.26,175.41,0.0089,0.0418,0,collision
10,111,-221.52,5.41,73.75,0.0182,0.0099,0,collision
11,124,-236.61,4.79,115.53,0.0046,0.0111,0,collision
12,109,-219.64,6.07,3.60,0.0100,0.0646,0,collision
13,89,-185.81,6.69,27.76,0.0164,0.0170,0,collision
14,116,-227.97,5.89,31.90,0.0097,0.0000,0,collision
15,110,-237.43,5.49,147.84,0.0155,0.0045,0,collision
11,155,-248.57,7.82,310.76,0.0094,0.0696,0,collision
12,170,-266.34,5.52,75.43,0.0115,0.0155,0,collision
13,174,-238.65,5.21,138.89,0.0089,0.0297,0,collision
14,126,-246.73,6.32,183.35,0.0086,0.0251,0,collision
15,121,-224.24,5.63,60.02,0.0049,0.0300,0,collision
16,114,-228.27,5.26,92.18,0.0066,0.0002,0,collision
17,204,-271.27,5.67,199.37,0.0033,0.0933,0,collision
18,112,-203.05,6.26,161.97,0.0070,0.0000,0,collision
19,115,-236.29,5.30,124.92,0.0094,0.0246,0,collision
20,100,-213.96,6.47,97.21,0.0152,0.0033,0,collision
16,183,-295.14,5.26,301.81,0.0078,0.0000,0,collision
17,114,-209.19,7.15,112.05,0.0192,0.0000,0,collision
18,124,-222.08,4.48,91.31,0.0062,0.0488,0,collision
19,122,-228.55,5.29,144.00,0.0216,0.0000,0,collision
20,229,-292.13,3.65,98.09,0.0099,0.0341,0,collision
21,138,-202.72,6.70,78.17,0.0058,0.0013,0,collision
22,157,-256.76,4.48,76.64,0.0062,0.0203,0,collision
23,144,-224.12,7.77,199.41,0.0069,0.0309,0,collision
24,128,-221.67,6.17,135.41,0.0040,0.0443,0,collision
25,90,-215.29,6.25,160.46,0.0244,0.0200,0,collision
26,118,-198.24,6.76,196.20,0.0196,0.0016,0,collision
27,228,-318.57,3.90,254.24,0.0055,0.0270,0,collision
28,170,-235.83,4.97,135.90,0.0041,0.0226,0,collision
29,139,-223.82,6.44,56.61,0.0114,0.0000,0,collision
21,217,-288.83,3.78,161.73,0.0038,0.0431,0,collision
22,245,-366.59,2.83,139.23,0.0024,0.0413,0,collision
23,124,-208.76,4.98,103.86,0.0088,0.0477,0,collision
24,209,-307.09,3.23,151.44,0.0059,0.0153,0,collision
25,135,-226.93,4.93,82.61,0.0125,0.0112,0,collision
26,160,-261.47,3.80,130.72,0.0054,0.0048,0,collision
27,148,-220.96,5.59,255.23,0.0114,0.0186,0,collision
28,131,-231.05,4.96,48.03,0.0115,0.0061,0,collision
29,165,-269.81,3.67,98.76,0.0046,0.0170,0,collision
30,212,-244.82,4.45,286.20,0.0080,0.0197,0,collision
30,234,-322.76,3.75,176.24,0.0028,0.0778,0,collision
31,191,-261.45,3.19,131.03,0.0087,0.0211,0,collision
32,183,-273.79,4.30,137.86,0.0097,0.0366,0,collision
33,194,-254.50,5.43,62.35,0.0071,0.0657,0,collision
34,228,-311.68,3.21,123.02,0.0172,0.0347,0,collision
35,175,-252.93,6.50,247.77,0.0012,0.0588,0,collision
36,159,-254.82,4.84,74.03,0.0050,0.0868,0,collision
37,144,-246.04,3.99,124.71,0.0093,0.0959,0,collision
38,158,-262.49,3.80,89.44,0.0131,0.0431,0,collision
39,167,-240.90,3.68,109.66,0.0154,0.0187,0,collision
40,223,-308.62,3.14,224.86,0.0051,0.0153,0,collision
31,168,-225.90,4.98,149.95,0.0086,0.0340,0,collision
32,140,-246.56,8.01,283.98,0.0073,0.0640,0,collision
33,140,-200.63,6.46,171.51,0.0150,0.0000,0,collision
34,180,-263.52,5.62,295.89,0.0088,0.0406,0,collision
35,129,-195.83,5.96,202.69,0.0071,0.0055,0,collision
36,95,-207.01,6.68,169.57,0.0231,0.0000,0,collision
37,95,-209.27,6.48,156.00,0.0143,0.0181,0,collision
38,149,-206.48,7.35,272.39,0.0137,0.0390,0,collision
39,127,-218.06,4.73,90.84,0.0026,0.0071,0,collision
40,147,-230.83,8.76,351.94,0.0088,0.0694,0,collision
41,109,-180.97,14.09,-19.75,0.0056,0.0302,0,collision
42,125,-195.92,9.05,163.44,0.0147,0.0228,0,collision
43,168,-243.91,5.04,286.64,0.0085,0.0433,0,collision
44,117,-208.58,6.25,66.91,0.0139,0.0253,0,collision
45,142,-228.69,8.35,76.11,0.0141,0.0666,0,collision
46,137,-214.01,5.84,149.78,0.0139,0.0008,0,collision
47,129,-183.22,9.01,146.99,0.0112,0.0252,0,collision
48,159,-213.93,6.70,187.93,0.0085,0.0192,0,collision
49,132,-208.56,11.43,164.07,0.0079,0.0289,0,collision
50,102,-168.90,14.68,170.45,0.0079,0.0224,0,collision
51,165,-239.59,6.92,138.83,0.0061,0.0772,0,collision
52,122,-207.30,6.91,277.70,0.0133,0.0031,0,collision
53,144,-239.45,5.04,93.48,0.0042,0.0205,0,collision
54,178,-259.72,6.71,248.09,0.0050,0.0936,0,collision
41,94,-179.92,6.47,20.32,0.0097,0.1138,0,collision
42,108,-200.91,6.33,232.96,0.0093,0.0000,0,collision
43,137,-216.16,5.34,118.03,0.0132,0.0224,0,collision
44,103,-208.78,5.85,155.54,0.0150,0.0000,0,collision
45,125,-205.98,4.86,61.65,0.0094,0.0058,0,collision
46,173,-232.42,6.00,265.34,0.0098,0.0315,0,collision
47,137,-206.87,8.35,142.20,0.0173,0.0324,0,collision
48,165,-223.54,8.11,49.45,0.0151,0.0921,0,collision
49,120,-194.31,6.81,47.72,0.0136,0.0000,0,collision
50,131,-231.86,5.53,-5.04,0.0143,0.0699,0,collision
55,261,-283.04,6.07,301.54,0.0098,0.0054,0,collision
56,123,-211.95,5.60,106.88,0.0016,0.0488,0,collision
57,110,-210.32,5.36,207.70,0.0251,0.0041,0,collision
58,113,-201.36,6.03,152.28,0.0136,0.0683,0,collision
59,216,-340.46,3.65,208.45,0.0060,0.1580,0,collision
60,143,-233.28,4.10,108.55,0.0077,0.0145,0,collision
61,136,-235.89,4.88,97.64,0.0103,0.0490,0,collision
62,139,-223.24,6.74,136.37,0.0083,0.0115,0,collision
63,86,-197.59,6.86,155.71,0.0311,0.0068,0,collision
64,181,-268.51,5.57,67.08,0.0112,0.0475,0,collision
65,188,-232.41,4.95,202.77,0.0045,0.0250,0,collision
66,122,-196.07,4.99,76.82,0.0043,0.0271,0,collision
67,141,-205.46,5.91,244.75,0.0076,0.0082,0,collision
68,133,-220.86,4.40,103.24,0.0100,0.0096,0,collision
69,75,-183.12,7.93,45.70,0.0000,0.0000,0,collision
51,98,-205.58,6.80,62.46,0.0163,0.0156,0,collision
52,162,-226.97,5.02,208.41,0.0131,0.0662,0,collision
53,129,-209.16,6.00,96.87,0.0027,0.0255,0,collision
54,145,-188.06,7.36,58.13,0.0071,0.0041,0,collision
55,165,-215.70,6.29,141.85,0.0067,0.0032,0,collision
56,153,-244.43,4.69,52.42,0.0056,0.0316,0,collision
57,146,-242.79,4.46,177.79,0.0071,0.0731,0,collision
58,146,-214.22,4.22,86.72,0.0094,0.0325,0,collision
59,157,-234.63,4.33,94.50,0.0039,0.0146,0,collision
60,151,-234.74,4.66,146.30,0.0153,0.0824,0,collision
70,143,-257.55,4.15,195.39,0.0109,0.1053,0,collision
71,160,-198.35,5.53,136.38,0.0103,0.0293,0,collision
72,134,-196.57,5.92,236.94,0.0103,0.0000,0,collision
73,216,-305.76,3.22,181.83,0.0088,0.0380,0,collision
74,244,-288.95,4.08,283.61,0.0026,0.0330,0,collision
75,103,-182.23,6.94,41.44,0.0166,0.0000,0,collision
76,155,-232.79,4.49,18.25,0.0152,0.0150,0,collision
77,178,-238.44,4.64,145.73,0.0054,0.0264,0,collision
78,107,-183.39,5.60,94.14,0.0131,0.0021,0,collision
79,156,-218.49,4.85,135.19,0.0052,0.0649,0,collision
80,143,-225.59,4.31,139.80,0.0166,0.0144,0,collision
81,160,-249.06,3.67,195.96,0.0122,0.0137,0,collision
61,264,-334.23,2.76,63.76,0.0059,0.0304,0,collision
62,253,-332.42,2.63,165.53,0.0063,0.0468,0,collision
63,206,-268.15,4.02,227.93,0.0037,0.0179,0,collision
64,213,-272.53,3.16,179.69,0.0049,0.0228,0,collision
65,234,-343.27,2.81,123.75,0.0078,0.0839,0,collision
66,216,-286.98,3.39,164.82,0.0103,0.0571,0,collision
67,210,-278.08,3.62,147.25,0.0082,0.0634,0,collision
68,146,-231.69,4.73,169.59,0.0029,0.0211,0,collision
69,164,-248.53,3.63,53.20,0.0075,0.0755,0,collision
70,194,-274.81,3.36,117.20,0.0037,0.0431,0,collision
82,381,-370.11,3.92,425.80,0.0011,0.0158,0,collision
83,192,-303.75,3.15,201.14,0.0038,0.0915,0,collision
84,183,-281.53,3.59,31.94,0.0076,0.0293,0,collision
85,156,-237.13,3.94,124.24,0.0053,0.0182,0,collision
86,160,-255.32,3.78,91.14,0.0162,0.1373,0,collision
87,152,-251.75,3.74,123.73,0.0053,0.0845,0,collision
88,223,-294.50,3.57,80.32,0.0045,0.0295,0,collision
89,204,-267.58,3.45,204.57,0.0102,0.0251,0,collision
90,220,-267.36,3.71,180.92,0.0044,0.0287,0,collision
91,179,-239.34,4.03,195.93,0.0065,0.0090,0,collision
71,132,-192.57,5.54,195.93,0.0128,0.0000,0,collision
72,145,-213.06,4.91,181.37,0.0087,0.0325,0,collision
73,223,-252.11,4.68,135.85,0.0071,0.0423,0,collision
74,213,-245.71,4.65,206.91,0.0032,0.0762,0,collision
75,142,-219.43,3.94,89.00,0.0112,0.0596,0,collision
76,213,-237.51,5.13,222.89,0.0107,0.0516,0,collision
77,127,-214.65,4.71,156.25,0.0155,0.0074,0,collision
78,126,-194.84,5.51,93.25,0.0046,0.0017,0,collision
79,174,-195.45,7.14,225.49,0.0051,0.0364,0,collision
80,142,-197.84,5.11,129.68,0.0125,0.0176,0,collision
92,382,-365.35,3.78,363.05,0.0046,0.0414,0,collision
93,114,-179.09,6.24,176.53,0.0094,0.0058,0,collision
94,131,-188.99,5.88,87.79,0.0106,0.0000,0,collision
95,186,-232.65,4.42,176.05,0.0065,0.0170,0,collision
96,152,-226.46,4.57,172.05,0.0127,0.0309,0,collision
97,152,-207.34,5.10,95.75,0.0084,0.0188,0,collision
98,153,-205.54,5.41,104.07,0.0078,0.0493,0,collision
99,114,-201.99,5.40,139.03,0.0183,0.0084,0,collision
100,179,-245.62,5.02,146.16,0.0107,0.0656,0,collision
101,175,-225.28,6.30,96.38,0.0084,0.0240,0,collision
102,197,-211.12,5.38,231.05,0.0085,0.0045,0,collision
103,223,-230.46,4.93,243.51,0.0033,0.0404,0,collision
81,152,-205.93,4.98,73.94,0.0097,0.0490,0,collision
82,124,-208.95,4.65,91.40,0.0050,0.1023,0,collision
83,175,-222.16,5.62,305.07,0.0090,0.0022,0,collision
84,173,-209.31,5.66,234.39,0.0066,0.0016,0,collision
85,230,-250.12,4.63,156.86,0.0085,0.0301,0,collision
86,192,-219.18,4.45,159.71,0.0015,0.1116,0,collision
87,104,-171.63,5.85,102.82,0.0082,0.0000,0,collision
88,129,-182.38,5.54,194.91,0.0160,0.0266,0,collision
89,188,-229.26,6.28,186.23,0.0049,0.0494,0,collision
90,170,-222.91,5.39,226.58,0.0092,0.0000,0,collision
104,161,-227.68,4.58,205.93,0.0059,0.0365,0,collision
105,144,-223.20,4.12,168.55,0.0040,0.0750,0,collision
106,218,-244.26,3.56,105.25,0.0072,0.0383,0,collision
107,129,-195.95,5.56,134.78,0.0084,0.0051,0,collision
108,143,-224.76,4.57,151.43,0.0105,0.0579,0,collision
109,161,-224.77,4.49,106.69,0.0079,0.0381,0,collision
110,228,-275.21,3.78,57.04,0.0057,0.0907,0,collision
111,125,-222.47,4.87,98.68,0.0114,0.1020,0,collision
112,150,-229.50,3.77,128.55,0.0116,0.0596,0,collision
113,148,-190.13,5.98,167.94,0.0169,0.0000,0,collision
114,181,-232.86,5.20,302.42,0.0081,0.0343,0,collision
115,148,-217.06,4.62,131.63,0.0089,0.0388,0,collision
91,138,-195.82,6.68,288.56,0.0023,0.0826,0,collision
92,138,-191.01,5.19,123.70,0.0036,0.0154,0,collision
93,226,-223.82,5.30,300.67,0.0072,0.0592,0,collision
94,184,-226.35,6.24,265.99,0.0068,0.0374,0,collision
95,283,-261.51,4.55,319.45,0.0023,0.0531,0,collision
96,119,-175.35,5.04,92.82,0.0070,0.0477,0,collision
97,260,-248.54,5.96,315.06,0.0089,0.0719,0,collision
98,204,-241.42,5.69,218.37,0.0088,0.0083,0,collision
99,171,-199.37,6.70,169.85,0.0029,0.0348,0,collision
100,164,-212.93,6.65,347.65,0.0055,0.0183,0,collision
116,343,-265.93,5.78,388.97,0.0023,0.0187,0,collision
117,127,-191.88,7.12,212.43,0.0116,0.0846,0,collision
118,187,-212.33,6.08,147.94,0.0048,0.0395,0,collision
119,155,-233.24,4.32,135.87,0.0023,0.0671,0,collision
120,191,-208.18,6.00,390.32,0.0048,0.0671,0,collision
121,106,-184.39,5.88,127.33,0.0007,0.0798,0,collision
122,114,-196.60,4.93,65.79,0.0055,0.0618,0,collision
123,170,-212.27,5.46,14.93,0.0082,0.0706,0,collision
124,116,-192.10,5.22,99.53,0.0088,0.0176,0,collision
125,163,-203.46,6.98,135.80,0.0048,0.0276,0,collision
126,224,-233.04,5.42,219.22,0.0084,0.0445,0,collision
127,103,-181.01,5.90,97.63,0.0124,0.0057,0,collision
128,113,-180.76,6.24,49.03,0.0174,0.0033,0,collision
101,203,-219.35,5.91,261.07,0.0034,0.0504,0,collision
102,221,-235.17,5.03,237.94,0.0055,0.0383,0,collision
103,222,-248.57,3.76,301.07,0.0087,0.0384,0,collision
104,222,-252.19,5.10,281.64,0.0055,0.1030,0,collision
105,205,-235.73,4.24,214.18,0.0040,0.0373,0,collision
106,136,-196.70,4.46,163.42,0.0057,0.0195,0,collision
107,284,-280.43,4.38,370.39,0.0018,0.0998,0,collision
108,220,-243.83,3.56,161.20,0.0038,0.0297,0,collision
109,199,-216.47,4.15,92.57,0.0046,0.0307,0,collision
110,129,-177.29,5.20,182.43,0.0097,0.0156,0,collision
129,244,-222.45,5.53,281.82,0.0023,0.0240,0,collision
130,271,-250.41,4.28,179.34,0.0036,0.0788,0,collision
131,198,-228.06,4.02,152.26,0.0049,0.0296,0,collision
132,131,-192.36,5.15,219.10,0.0080,0.0158,0,collision
133,250,-250.51,4.32,166.56,0.0043,0.0521,0,collision
134,290,-282.48,4.92,241.06,0.0049,0.1224,0,collision
135,170,-213.38,4.80,174.67,0.0047,0.0862,0,collision
136,272,-274.74,4.53,198.77,0.0030,0.0762,0,collision
137,110,-185.33,5.23,126.54,0.0113,0.0111,0,collision
138,157,-221.03,4.96,94.88,0.0087,0.0321,0,collision
111,174,-193.01,5.38,206.40,0.0025,0.0316,0,collision
112,193,-226.38,6.07,273.50,0.0041,0.1178,0,collision
113,185,-186.42,7.75,488.14,0.0066,0.0592,0,collision
114,192,-208.88,6.19,130.98,0.0084,0.0459,0,collision
115,124,-191.84,4.72,67.00,0.0098,0.0076,0,collision
116,151,-216.47,4.50,91.20,0.0096,0.0167,0,collision
117,153,-196.71,6.87,316.31,0.0068,0.0907,0,collision
118,221,-233.36,5.62,277.77,0.0118,0.0765,0,collision
119,269,-238.16,5.66,302.57,0.0077,0.1177,0,collision
120,169,-210.14,4.65,222.61,0.0085,0.0236,0,collision
139,220,-218.13,6.11,288.88,0.0047,0.0340,0,collision
140,178,-214.90,6.29,332.24,0.0091,0.0447,0,collision
141,244,-229.11,6.23,380.31,0.0033,0.0805,0,collision
142,168,-187.59,6.67,196.65,0.0011,0.0531,0,collision
143,188,-202.94,6.15,176.45,0.0070,0.0617,0,collision
144,184,-192.39,6.25,129.17,0.0046,0.0667,0,collision
145,178,-202.30,6.44,219.65,0.0038,0.0677,0,collision
146,172,-207.73,6.57,267.31,0.0033,0.0293,0,collision
147,177,-211.67,6.44,282.59,0.0061,0.1358,0,collision
148,118,-200.57,5.19,154.06,0.0187,0.0077,0,collision
149,214,-219.90,5.37,356.53,0.0053,0.0671,0,collision
121,304,-260.07,4.29,237.64,0.0051,0.1146,0,collision
122,173,-224.55,4.13,151.02,0.0030,0.0247,0,collision
123,241,-235.27,5.31,272.49,0.0031,0.0494,0,collision
124,147,-214.75,4.14,199.92,0.0050,0.0198,0,collision
125,142,-213.94,4.28,46.87,0.0129,0.0565,0,collision
126,152,-208.25,3.86,119.85,0.0089,0.1046,0,collision
127,244,-219.90,5.55,298.08,0.0024,0.0839,0,collision
128,232,-215.74,4.90,175.19,0.0073,0.0533,0,collision
129,143,-197.84,4.31,139.90,0.0035,0.0506,0,collision
130,152,-221.50,3.77,187.66,0.0045,0.1071,0,collision
150,271,-256.35,5.00,295.47,0.0027,0.0820,0,collision
151,164,-206.34,4.07,135.52,0.0026,0.0262,0,collision
152,228,-233.19,3.71,193.52,0.0045,0.0461,0,collision
153,264,-240.05,4.83,327.02,0.0091,0.0767,0,collision
154,271,-250.85,4.41,293.39,0.0081,0.0358,0,collision
155,161,-225.79,3.64,171.75,0.0092,0.0227,0,collision
156,179,-209.85,4.24,121.72,0.0067,0.0370,0,collision
157,270,-277.94,4.22,275.29,0.0040,0.1597,0,collision
158,174,-206.67,4.49,278.57,0.0071,0.0489,0,collision
131,237,-237.06,4.66,119.71,0.0092,0.0719,0,collision
132,150,-208.74,4.72,257.13,0.0129,0.0294,0,collision
133,140,-186.87,5.36,275.97,0.0088,0.0164,0,collision
134,176,-211.88,4.26,176.83,0.0098,0.0252,0,collision
135,98,-170.18,5.99,45.58,0.0062,0.0000,0,collision
136,284,-272.44,4.06,372.63,0.0004,0.0681,0,collision
137,179,-216.54,4.07,147.36,0.0027,0.0597,0,collision
138,185,-234.95,3.79,211.81,0.0075,0.1130,0,collision
139,172,-223.83,3.87,48.15,0.0048,0.0317,0,collision
140,163,-198.35,4.58,182.20,0.0080,0.0388,0,collision
159,223,-200.62,4.95,248.84,0.0080,0.0144,0,collision
160,196,-213.10,4.39,221.60,0.0083,0.0396,0,collision
161,244,-241.54,4.67,305.10,0.0068,0.0568,0,collision
162,198,-218.57,4.56,262.26,0.0065,0.0428,0,collision
163,238,-232.36,4.59,214.48,0.0047,0.0649,0,collision
164,294,-273.77,4.74,316.27,0.0049,0.1377,0,collision
165,135,-197.33,4.45,182.48,0.0065,0.0175,0,collision
166,144,-187.81,4.80,189.78,0.0132,0.0245,0,collision
167,219,-230.39,4.99,309.18,0.0027,0.0563,0,collision
141,196,-189.71,5.74,265.37,0.0052,0.0040,0,collision
142,123,-182.59,4.99,145.38,0.0043,0.0225,0,collision
143,303,-246.15,4.86,311.42,0.0062,0.0610,0,collision
144,280,-240.27,4.63,222.33,0.0060,0.1092,0,collision
145,178,-183.91,5.34,209.81,0.0022,0.0376,0,collision
146,230,-217.77,5.12,238.89,0.0102,0.0765,0,collision
147,281,-223.13,5.30,313.09,0.0020,0.1212,0,collision
148,138,-177.06,5.02,192.07,0.0073,0.0266,0,collision
149,187,-196.07,6.07,245.88,0.0026,0.0424,0,collision
150,188,-192.25,4.90,192.11,0.0043,0.0493,0,collision
168,400,-153.58,4.53,320.34,0.0000,0.0613,0,timeout
169,256,-206.17,5.35,319.98,0.0052,0.0983,0,collision
170,129,-180.01,5.98,164.51,0.0112,0.0000,0,collision
171,128,-177.34,6.38,151.58,0.0077,0.0016,0,collision
172,212,-190.68,5.91,256.33,0.0038,0.0867,0,collision
173,129,-172.52,5.79,133.82,0.0067,0.0027,0,collision
174,144,-191.30,4.91,146.63,0.0104,0.0314,0,collision
175,215,-208.70,5.52,213.87,0.0039,0.0708,0,collision
176,202,-182.87,5.17,317.86,0.0054,0.0482,0,collision
177,220,-216.59,5.97,230.54,0.0069,0.1045,0,collision
178,129,-178.42,5.60,104.45,0.0099,0.0240,0,collision
151,313,-246.97,4.56,332.43,0.0021,0.0571,0,collision
152,160,-221.24,4.49,209.30,0.0072,0.1003,0,collision
153,120,-183.25,4.76,54.96,0.0059,0.0995,0,collision
154,254,-239.55,4.34,277.51,0.0063,0.0428,0,collision
155,183,-198.50,4.91,183.65,0.0025,0.0477,0,collision
156,133,-174.75,5.42,215.92,0.0068,0.0280,0,collision
157,220,-194.57,5.26,151.74,0.0048,0.0620,0,collision
158,227,-225.23,4.92,329.89,0.0106,0.0482,0,collision
159,286,-258.04,4.58,248.61,0.0064,0.1176,0,collision
160,188,-181.21,5.00,174.47,0.0039,0.0428,0,collision
179,391,-248.25,5.33,564.47,0.0053,0.0384,0,collision
180,210,-199.91,5.40,247.54,0.0041,0.0780,0,collision
181,240,-242.27,4.72,227.70,0.0048,0.0532,0,collision
182,130,-172.95,4.37,116.01,0.0095,0.0492,0,collision
183,114,-179.49,5.25,133.92,0.0098,0.0965,0,collision
184,136,-198.88,4.15,99.39,0.0149,0.0343,0,collision
185,220,-200.28,5.21,261.85,0.0079,0.0577,0,collision
186,223,-217.56,5.37,259.21,0.0078,0.0810,0,collision
187,111,-174.84,5.58,248.82,0.0106,0.0000,0,collision
188,239,-228.09,5.02,232.14,0.0016,0.0699,0,collision
189,154,-175.52,5.32,255.67,0.0090,0.0311,0,collision
161,117,-186.22,4.88,120.17,0.0130,0.0673,0,collision
162,287,-234.26,3.90,235.80,0.0000,0.0534,0,collision
163,284,-231.87,4.69,278.36,0.0086,0.0804,0,collision
164,231,-185.33,4.69,375.84,0.0049,0.0545,0,collision
165,222,-221.73,3.88,129.06,0.0028,0.0686,0,collision
166,152,-190.39,3.95,88.49,0.0053,0.0475,0,collision
167,142,-207.98,4.06,92.15,0.0133,0.0827,0,collision
168,206,-214.53,4.33,193.70,0.0084,0.0914,0,collision
169,144,-186.18,4.19,149.28,0.0036,0.0177,0,collision
170,160,-189.08,4.36,182.13,0.0051,0.0334,0,collision
190,188,-215.93,3.76,193.16,0.0112,0.0236,0,collision
191,282,-228.26,4.25,306.36,0.0093,0.1216,0,collision
192,169,-201.75,4.04,207.71,0.0095,0.0502,0,collision
193,266,-212.45,4.52,308.25,0.0053,0.0696,0,collision
194,282,-236.56,4.00,251.13,0.0000,0.0394,0,collision
195,232,-216.06,4.67,238.62,0.0057,0.0724,0,collision
196,265,-218.27,4.33,243.33,0.0030,0.0731,0,collision
197,186,-194.18,4.84,183.46,0.0097,0.0456,0,collision
198,138,-188.30,4.99,205.70,0.0016,0.0208,0,collision
171,146,-189.61,4.12,100.65,0.0082,0.0176,0,collision
172,298,-253.10,3.72,241.13,0.0028,0.0222,0,collision
173,318,-282.64,3.62,346.94,0.0027,0.0991,0,collision
174,143,-179.82,4.21,122.79,0.0073,0.0612,0,collision
175,316,-247.24,3.79,224.82,0.0057,0.0649,0,collision
176,300,-248.98,3.43,271.99,0.0035,0.0324,0,collision
177,153,-229.52,3.77,106.82,0.0074,0.1539,0,collision
178,165,-212.60,3.50,179.67,0.0105,0.0710,0,collision
179,228,-221.57,3.94,168.54,0.0073,0.1040,0,collision
180,349,-264.63,3.23,349.74,0.0000,0.0436,0,collision
199,258,-227.34,4.27,360.04,0.0027,0.0205,0,collision
200,159,-194.68,3.63,177.65,0.0085,0.0257,0,collision
201,128,-192.52,4.44,163.96,0.0109,0.0973,0,collision
202,225,-211.40,3.86,147.71,0.0077,0.0883,0,collision
203,283,-229.08,4.06,288.89,0.0017,0.0476,0,collision
204,317,-246.90,3.94,229.31,0.0022,0.0831,0,collision
205,215,-222.45,3.55,183.11,0.0079,0.0437,0,collision
206,187,-202.61,3.93,192.66,0.0054,0.0368,0,collision
207,168,-199.64,3.99,102.34,0.0050,0.0376,0,collision
208,174,-204.56,3.93,172.63,0.0106,0.0334,0,collision
181,153,-188.71,4.60,223.67,0.0056,0.0368,0,collision
182,265,-209.66,4.19,250.36,0.0000,0.0690,0,collision
183,198,-195.29,4.59,290.28,0.0073,0.0507,0,collision
184,141,-185.15,4.80,188.22,0.0108,0.0658,0,collision
185,146,-167.59,5.50,143.89,0.0115,0.0243,0,collision
186,240,-206.53,4.62,275.73,0.0000,0.0442,0,collision
187,248,-220.07,4.51,269.41,0.0082,0.0343,0,collision
188,242,-184.53,4.58,310.47,0.0000,0.0426,0,collision
189,194,-193.75,4.83,319.89,0.0068,0.0817,0,collision
190,231,-193.91,4.78,230.30,0.0017,0.0547,0,collision
209,191,-196.24,4.65,168.03,0.0082,0.0465,0,collision
210,228,-210.88,5.01,301.57,0.0032,0.0663,0,collision
211,302,-242.75,4.62,398.09,0.0068,0.1224,0,collision
212,122,-162.41,4.92,146.33,0.0188,0.0322,0,collision
213,302,-233.84,4.21,356.48,0.0078,0.0948,0,collision
214,195,-188.70,4.36,268.47,0.0096,0.0349,0,collision
215,228,-194.74,4.59,222.97,0.0106,0.0461,0,collision
216,156,-185.12,4.73,283.24,0.0051,0.0507,0,collision
217,297,-220.08,4.16,312.93,0.0061,0.1131,0,collision
191,290,-207.42,4.63,227.74,0.0064,0.1034,0,collision
192,145,-185.30,4.09,117.02,0.0039,0.0349,0,collision
193,234,-187.34,5.11,251.22,0.0078,0.0624,0,collision
194,284,-257.58,4.12,195.87,0.0036,0.0705,0,collision
195,302,-225.84,4.14,344.83,0.0034,0.0731,0,collision
196,278,-224.04,4.27,319.24,0.0013,0.0684,0,collision
197,270,-223.34,4.59,299.62,0.0060,0.0748,0,collision
198,277,-237.42,4.42,320.02,0.0036,0.0443,0,collision
199,154,-162.06,5.31,245.09,0.0088,0.0372,0,collision
200,122,-175.33,4.73,176.36,0.0167,0.0250,0,collision
218,257,-192.25,5.01,336.79,0.0031,0.0577,0,collision
219,259,-213.08,4.41,373.27,0.0024,0.0595,0,collision
220,262,-211.29,4.25,240.79,0.0000,0.0441,0,collision
221,193,-192.14,4.91,170.62,0.0114,0.0722,0,collision
222,261,-214.33,4.32,263.12,0.0066,0.0639,0,collision
223,143,-167.59,5.20,160.18,0.0055,0.0342,0,collision
224,317,-215.00,4.51,443.15,0.0043,0.1045,0,collision
225,149,-174.57,5.43,210.21,0.0076,0.0305,0,collision
201,253,-284.80,2.61,121.88,0.0035,0.1596,0,collision
202,196,-226.56,3.08,221.83,0.0027,0.1246,0,collision
203,400,-155.83,2.78,206.33,0.0000,0.0194,0,timeout
204,249,-279.84,2.49,173.32,0.0072,0.1233,0,collision
205,187,-198.52,3.04,167.49,0.0013,0.0482,0,collision
206,208,-228.15,2.74,220.06,0.0056,0.1029,0,collision
207,364,-293.00,2.78,251.79,0.0029,0.0774,0,collision
208,400,-163.28,2.79,237.70,0.0000,0.0297,0,timeout
209,347,-286.28,2.71,203.08,0.0024,0.0954,0,collision
210,331,-307.97,2.60,237.56,0.0007,0.1156,0,collision
226,400,-122.89,3.97,416.70,0.0000,0.0650,0,timeout
227,400,-150.29,2.90,241.33,0.0000,0.0817,0,timeout
228,221,-256.93,2.76,197.15,0.0124,0.1160,0,collision
229,400,-158.97,2.82,333.18,0.0000,0.0199,0,timeout
230,215,-216.22,3.16,218.39,0.0044,0.0330,0,collision
231,400,-165.41,2.78,208.11,0.0000,0.0961,0,timeout
211,167,-179.70,4.14,159.28,0.0086,0.0466,0,collision
212,261,-203.52,3.91,329.87,0.0042,0.0242,0,collision
213,178,-174.86,4.23,116.18,0.0045,0.0827,0,collision
214,210,-190.31,3.84,195.68,0.0030,0.0850,0,collision
215,306,-208.38,4.30,352.57,0.0025,0.0788,0,collision
216,148,-186.15,4.02,160.31,0.0063,0.0208,0,collision
217,284,-205.13,3.92,327.53,0.0000,0.0670,0,collision
218,288,-237.12,3.97,259.69,0.0033,0.0706,0,collision
219,168,-187.49,4.09,132.65,0.0043,0.0436,0,collision
220,212,-188.36,4.35,232.80,0.0057,0.0447,0,collision
232,400,-127.29,3.54,357.33,0.0000,0.0420,0,timeout
233,127,-176.87,4.46,123.97,0.0079,0.0723,0,collision
234,341,-240.19,3.87,329.83,0.0047,0.0984,0,collision
235,320,-262.29,3.51,270.98,0.0000,0.1101,0,collision
236,129,-163.50,4.70,123.36,0.0107,0.0269,0,collision
237,142,-183.81,4.02,142.70,0.0111,0.0621,0,collision
238,291,-235.67,3.94,314.01,0.0039,0.1004,0,collision
239,294,-223.35,3.79,301.32,0.0000,0.0717,0,collision
240,148,-191.95,3.85,155.30,0.0022,0.1249,0,collision
221,301,-228.62,3.78,406.88,0.0011,0.0906,0,collision
222,297,-221.50,3.73,241.64,0.0000,0.0301,0,collision
223,315,-207.31,3.57,282.78,0.0000,0.0658,0,collision
224,400,-126.37,3.37,463.67,0.0000,0.1066,0,timeout
225,158,-201.26,3.76,201.62,0.0066,0.1412,0,collision
226,151,-194.31,3.84,173.04,0.0056,0.1059,0,collision
227,351,-277.55,3.77,319.16,0.0043,0.1393,0,collision
228,347,-235.38,3.49,206.56,0.0026,0.1171,0,collision
229,191,-198.82,4.15,196.12,0.0047,0.0859,0,collision
230,243,-222.72,3.36,175.04,0.0100,0.1219,0,collision
241,269,-200.16,4.53,272.85,0.0039,0.0287,0,collision
242,314,-241.56,3.54,316.37,0.0027,0.0811,0,collision
243,315,-254.05,3.63,270.28,0.0052,0.1114,0,collision
244,324,-252.63,3.44,214.41,0.0000,0.1181,0,collision
245,317,-205.96,3.51,287.62,0.0000,0.0675,0,collision
246,298,-229.51,3.96,351.19,0.0025,0.0926,0,collision
231,285,-216.45,3.89,251.01,0.0000,0.0843,0,collision
232,270,-199.38,4.14,236.49,0.0000,0.0369,0,collision
233,289,-238.21,3.98,350.18,0.0021,0.0863,0,collision
234,153,-185.42,4.39,183.44,0.0027,0.1059,0,collision
235,294,-218.94,3.98,265.69,0.0032,0.0310,0,collision
236,268,-190.72,4.47,315.44,0.0039,0.0841,0,collision
237,268,-197.16,4.15,360.56,0.0000,0.0301,0,collision
238,283,-185.28,3.95,301.41,0.0000,0.0363,0,collision
239,302,-206.40,3.68,344.18,0.0000,0.0618,0,collision
240,281,-181.04,3.97,357.03,0.0055,0.0333,0,collision
247,400,-125.73,3.76,409.64,0.0000,0.0449,0,timeout
248,352,-220.51,3.93,340.46,0.0013,0.1068,0,collision
249,183,-195.43,4.12,201.66,0.0099,0.0655,0,collision
250,288,-220.63,4.00,316.23,0.0020,0.0469,0,collision
251,300,-204.54,3.71,362.29,0.0000,0.0226,0,collision
252,365,-212.97,3.62,251.72,0.0035,0.0588,0,collision
253,141,-183.47,4.06,173.54,0.0073,0.0654,0,collision
254,190,-165.55,4.58,204.88,0.0040,0.0507,0,collision
241,301,-195.06,4.45,425.14,0.0035,0.0685,0,collision
242,261,-181.66,4.28,303.37,0.0000,0.0361,0,collision
243,332,-196.62,4.36,337.40,0.0038,0.0722,0,collision
244,311,-206.47,4.30,416.13,0.0025,0.1056,0,collision
245,269,-191.93,4.13,307.15,0.0000,0.0730,0,collision
246,278,-182.70,3.98,328.16,0.0000,0.0877,0,collision
247,322,-189.42,4.29,410.88,0.0022,0.0980,0,collision
248,265,-182.88,4.21,333.11,0.0000,0.0338,0,collision
249,259,-175.59,4.31,222.81,0.0000,0.0478,0,collision
250,321,-253.54,3.99,355.34,0.0043,0.0891,0,collision
255,400,-64.70,4.73,484.81,0.0000,0.0788,0,timeout
256,284,-185.15,4.61,382.86,0.0034,0.0921,0,collision
257,250,-171.17,4.46,318.97,0.0000,0.0448,0,collision
258,290,-184.78,4.70,338.34,0.0084,0.1109,0,collision
259,127,-158.89,4.65,208.90,0.0103,0.0264,0,collision
260,304,-165.24,4.68,245.32,0.0029,0.1042,0,collision
261,289,-209.45,4.41,310.10,0.0013,0.0394,0,collision
251,163,-187.77,3.54,131.19,0.0078,0.0918,0,collision
252,330,-204.14,3.51,260.30,0.0004,0.0734,0,collision
253,329,-212.57,3.39,227.50,0.0000,0.0730,0,collision
254,168,-179.12,3.62,145.45,0.0065,0.0446,0,collision
255,331,-212.46,3.51,273.20,0.0036,0.0640,0,collision
256,400,-125.77,3.14,354.74,0.0000,0.1122,0,timeout
257,382,-235.85,3.39,236.12,0.0037,0.0663,0,collision
258,321,-197.26,3.48,332.36,0.0000,0.0669,0,collision
259,179,-177.99,4.00,140.02,0.0062,0.0445,0,collision
260,400,-99.21,3.27,289.70,0.0000,0.0822,0,timeout
262,400,-58.47,4.43,469.27,0.0000,0.0682,0,timeout
263,333,-251.81,3.43,325.27,0.0012,0.0676,0,collision
264,217,-182.28,3.54,196.80,0.0043,0.0747,0,collision
265,194,-184.56,3.42,195.14,0.0062,0.0457,0,collision
266,329,-220.25,3.39,276.71,0.0000,0.0816,0,collision
267,305,-199.08,3.64,247.44,0.0000,0.0847,0,collision
268,307,-226.52,3.64,285.12,0.0040,0.0298,0,collision
261,274,-198.44,4.07,316.52,0.0085,0.0345,0,collision
262,259,-199.49,4.30,277.81,0.0060,0.0471,0,collision
263,278,-209.89,4.00,312.31,0.0060,0.0519,0,collision
264,175,-189.80,4.29,285.35,0.0148,0.0628,0,collision
265,356,-205.87,3.77,463.15,0.0022,0.1144,0,collision
266,296,-227.19,3.87,206.26,0.0063,0.0495,0,collision
267,305,-199.98,3.64,325.26,0.0000,0.0222,0,collision
268,144,-167.17,4.15,203.50,0.0042,0.0264,0,collision
269,301,-180.79,3.70,358.11,0.0000,0.0290,0,collision
270,304,-209.85,3.66,255.34,0.0000,0.0430,0,collision
269,400,-77.55,3.85,495.77,0.0000,0.0896,0,timeout
270,275,-188.72,4.35,347.42,0.0065,0.0551,0,collision
271,279,-180.98,4.04,295.73,0.0000,0.0337,0,collision
272,290,-194.05,3.80,390.97,0.0000,0.0396,0,collision
273,297,-188.80,3.76,286.34,0.0000,0.0344,0,collision
274,320,-215.20,4.01,381.15,0.0033,0.1011,0,collision
275,126,-164.57,4.74,171.67,0.0121,0.0415,0,collision
271,271,-188.76,4.12,301.06,0.0000,0.0702,0,collision
272,256,-177.88,4.37,281.82,0.0000,0.0437,0,collision
273,285,-182.65,3.91,346.74,0.0000,0.0487,0,collision
274,249,-174.06,4.49,353.76,0.0000,0.0483,0,collision
275,250,-177.45,4.47,245.40,0.0000,0.0430,0,collision
276,255,-194.20,4.61,271.93,0.0047,0.0812,0,collision
277,259,-183.04,4.30,283.57,0.0000,0.0408,0,collision
278,270,-172.89,4.13,338.90,0.0000,0.0460,0,collision
279,266,-177.41,4.20,241.83,0.0000,0.0348,0,collision
280,312,-192.46,4.24,371.13,0.0034,0.1132,0,collision
276,400,-81.69,4.30,375.99,0.0000,0.0470,0,timeout
277,263,-187.17,4.24,257.39,0.0000,0.0437,0,collision
278,361,-236.01,3.84,367.29,0.0043,0.1124,0,collision
279,377,-232.69,3.85,345.60,0.0050,0.1067,0,collision
280,270,-180.84,4.13,213.36,0.0000,0.0453,0,collision
281,254,-186.08,4.40,313.55,0.0000,0.0378,0,collision
282,269,-174.77,4.15,290.23,0.0000,0.0425,0,collision
281,236,-177.77,4.72,311.72,0.0000,0.0028,0,collision
282,247,-173.83,4.51,361.39,0.0000,0.0025,0,collision
283,246,-182.55,4.53,276.68,0.0000,0.0366,0,collision
284,270,-173.96,4.12,257.39,0.0000,0.0356,0,collision
285,250,-172.52,4.46,280.76,0.0000,0.0014,0,collision
286,129,-164.45,4.72,181.05,0.0052,0.0223,0,collision
287,187,-155.51,5.52,186.99,0.0062,0.0053,0,collision
288,314,-219.06,4.11,375.23,0.0054,0.1075,0,collision
289,250,-163.07,4.47,262.61,0.0000,0.0503,0,collision
290,192,-153.88,5.26,266.73,0.0088,0.0497,0,collision
283,400,-73.68,4.56,499.12,0.0000,0.0687,0,timeout
284,250,-178.83,4.46,262.07,0.0000,0.0412,0,collision
285,269,-184.16,4.14,294.90,0.0000,0.0365,0,collision
286,261,-182.85,4.61,295.39,0.0037,0.0497,0,collision
287,256,-171.95,4.39,272.17,0.0000,0.0342,0,collision
288,233,-160.59,4.76,223.37,0.0048,0.0411,0,collision
289,370,-218.57,4.10,355.47,0.0024,0.1047,0,collision
290,103,-152.20,5.47,150.01,0.0057,0.0684,0,collision
291,121,-149.65,6.01,142.54,0.0111,0.0089,0,collision
292,246,-182.29,4.49,292.08,0.0000,0.0400,0,collision
293,276,-203.89,4.81,349.87,0.0058,0.0761,0,collision
294,252,-164.67,4.43,294.12,0.0000,0.0434,0,collision
295,222,-160.76,5.03,260.11,0.0000,0.0035,0,collision
296,264,-175.62,4.22,315.30,0.0000,0.0380,0,collision
297,261,-176.58,4.27,307.14,0.0000,0.0022,0,collision
298,251,-165.25,4.44,298.86,0.0000,0.0360,0,collision
299,293,-180.61,4.53,362.86,0.0025,0.0662,0,collision
300,231,-170.95,4.83,261.23,0.0000,0.0005,0,collision
291,273,-159.15,4.88,278.15,0.0000,0.0453,0,collision
292,231,-158.97,4.83,307.33,0.0000,0.0029,0,collision
293,255,-167.86,4.41,317.21,0.0000,0.0000,0,collision
294,232,-173.20,4.78,341.18,0.0066,0.0062,0,collision
295,323,-187.21,4.68,447.86,0.0010,0.1016,0,collision
296,232,-165.07,4.81,228.21,0.0000,0.0047,0,collision
297,236,-154.74,4.72,356.71,0.0000,0.0321,0,collision
298,224,-176.09,4.98,278.98,0.0079,0.0076,0,collision
301,261,-178.72,4.31,342.26,0.0000,0.0333,0,collision
302,250,-167.71,4.46,271.21,0.0000,0.0433,0,collision
303,263,-179.63,4.24,332.21,0.0000,0.0000,0,collision
304,262,-181.78,4.24,331.19,0.0000,0.0364,0,collision
305,266,-180.88,4.18,418.86,0.0000,0.0448,0,collision
306,265,-181.84,4.19,326.69,0.0000,0.0358,0,collision
307,268,-171.45,4.16,352.40,0.0000,0.0429,0,collision
308,351,-232.04,3.79,355.00,0.0058,0.0950,0,collision
309,295,-193.71,4.31,267.06,0.0032,0.0407,0,collision
310,262,-175.44,4.29,192.99,0.0000,0.0429,0,collision
299,385,-213.02,4.64,446.32,0.0033,0.1061,0,collision
300,269,-174.28,4.55,256.13,0.0033,0.0786,0,collision
301,258,-177.52,4.31,246.58,0.0000,0.0399,0,collision
302,252,-169.72,4.42,300.52,0.0000,0.0360,0,collision
303,247,-176.28,4.52,312.90,0.0000,0.0027,0,collision
304,272,-168.57,4.10,280.44,0.0000,0.0302,0,collision
305,251,-173.71,4.43,297.06,0.0000,0.0447,0,collision
311,269,-164.10,4.15,296.82,0.0000,0.0396,0,collision
312,244,-172.30,4.58,391.43,0.0000,0.0438,0,collision
313,260,-175.73,4.28,315.99,0.0000,0.0373,0,collision
314,280,-174.32,3.96,257.17,0.0000,0.0384,0,collision
315,262,-176.84,4.26,350.25,0.0000,0.0395,0,collision
316,400,-63.21,3.76,454.22,0.0000,0.1096,0,timeout
317,274,-185.39,4.07,257.32,0.0000,0.0031,0,collision
318,257,-171.01,4.34,390.13,0.0000,0.0419,0,collision
319,275,-171.82,4.06,257.04,0.0000,0.0364,0,collision
320,261,-178.45,4.28,317.15,0.0000,0.0464,0,collision
306,400,-26.11,4.99,477.03,0.0000,0.0500,0,timeout
307,278,-180.38,4.01,301.17,0.0000,0.0420,0,collision
308,251,-164.08,4.44,341.13,0.0000,0.0041,0,collision
309,250,-172.48,4.46,292.71,0.0000,0.0031,0,collision
310,258,-172.58,4.32,278.17,0.0000,0.0041,0,collision
311,272,-174.70,4.11,292.91,0.0000,0.0360,0,collision
312,285,-179.96,3.92,318.68,0.0000,0.0376,0,collision
321,268,-173.82,4.17,281.65,0.0000,0.0378,0,collision
322,286,-177.15,3.90,304.66,0.0000,0.0001,0,collision
323,277,-178.97,4.03,332.38,0.0000,0.0351,0,collision
324,259,-168.23,4.31,311.90,0.0000,0.0070,0,collision
325,264,-165.63,4.23,206.77,0.0000,0.0028,0,collision
326,145,-159.84,5.57,171.21,0.0073,0.0068,0,collision
327,250,-167.56,4.47,274.65,0.0000,0.0017,0,collision
328,257,-165.36,4.34,345.42,0.0000,0.0047,0,collision
329,259,-183.71,4.31,301.63,0.0000,0.0442,0,collision
330,274,-170.62,4.07,308.75,0.0000,0.0341,0,collision
313,400,-50.23,4.89,485.95,0.0000,0.0015,0,timeout
314,255,-169.90,4.38,312.54,0.0000,0.0058,0,collision
315,268,-189.13,4.17,391.67,0.0000,0.0025,0,collision
316,262,-171.38,4.26,258.92,0.0000,0.0446,0,collision
317,277,-163.60,4.03,321.82,0.0000,0.0389,0,collision
318,277,-178.86,4.02,304.92,0.0000,0.0373,0,collision
319,271,-184.40,4.12,249.77,0.0000,0.0028,0,collision
320,265,-182.19,4.21,387.88,0.0000,0.0030,0,collision
331,266,-179.95,4.18,292.28,0.0000,0.0716,0,collision
332,270,-168.56,4.14,263.51,0.0000,0.0035,0,collision
333,241,-166.05,4.63,307.61,0.0000,0.0040,0,collision
334,262,-158.49,4.26,300.22,0.0000,0.0021,0,collision
335,257,-165.90,4.34,350.16,0.0000,0.0030,0,collision
336,257,-162.40,4.34,392.38,0.0000,0.0439,0,collision
337,270,-155.16,4.14,261.80,0.0000,0.0048,0,collision
338,268,-159.91,4.17,252.07,0.0000,0.0411,0,collision
339,267,-175.86,4.18,378.53,0.0000,0.0027,0,collision
340,291,-176.83,3.84,292.24,0.0000,0.0341,0,collision
321,400,-101.77,3.82,431.88,0.0000,0.0936,0,timeout
322,400,-96.60,3.53,387.37,0.0000,0.0781,0,timeout
323,254,-171.98,4.39,286.31,0.0000,0.0031,0,collision
324,260,-160.66,4.30,223.62,0.0000,0.0037,0,collision
325,247,-159.08,4.51,305.78,0.0000,0.0026,0,collision
326,400,-122.91,3.32,365.85,0.0000,0.0902,0,timeout
341,327,-210.56,3.41,309.62,0.0000,0.0314,0,collision
342,305,-190.07,3.66,211.68,0.0000,0.0035,0,collision
343,288,-189.62,3.87,277.28,0.0000,0.0026,0,collision
344,292,-179.87,3.83,332.84,0.0000,0.0034,0,collision
345,276,-182.12,4.04,328.22,0.0000,0.0040,0,collision
346,292,-173.53,3.80,356.55,0.0000,0.0022,0,collision
347,295,-179.45,3.78,283.53,0.0000,0.0020,0,collision
348,287,-166.77,3.89,320.39,0.0000,0.0412,0,collision
349,303,-196.98,3.79,313.69,0.0048,0.0405,0,collision
350,267,-189.52,4.18,287.45,0.0058,0.0050,0,collision
327,399,-183.31,4.42,461.44,0.0000,0.0036,0,collision
328,294,-180.95,3.79,340.72,0.0000,0.0008,0,collision
329,400,-113.02,3.25,388.89,0.0000,0.0872,0,timeout
330,286,-168.89,3.90,251.11,0.0000,0.0359,0,collision
331,307,-200.80,3.86,397.58,0.0053,0.0732,0,collision
332,304,-185.58,3.68,362.27,0.0000,0.0356,0,collision
351,290,-171.66,3.85,343.55,0.0000,0.0032,0,collision
352,292,-181.15,3.83,201.18,0.0000,0.0384,0,collision
353,287,-191.46,3.89,339.60,0.0062,0.0044,0,collision
354,400,-139.57,3.10,305.28,0.0000,0.0771,0,timeout
355,110,-143.00,5.44,130.36,0.0101,0.0000,0,collision
356,290,-168.84,3.85,324.97,0.0000,0.0391,0,collision
357,302,-190.08,3.69,306.30,0.0000,0.0350,0,collision
358,294,-181.77,3.80,268.33,0.0000,0.0027,0,collision
359,304,-185.86,3.68,325.95,0.0000,0.0010,0,collision
360,302,-195.23,3.70,284.78,0.0000,0.0007,0,collision
333,400,-17.98,4.88,590.42,0.0000,0.0045,0,timeout
334,281,-174.19,3.98,299.58,0.0000,0.0026,0,collision
335,289,-169.30,3.87,318.25,0.0000,0.0368,0,collision
336,285,-176.98,3.91,239.00,0.0000,0.0040,0,collision
337,294,-187.52,3.80,274.19,0.0000,0.0046,0,collision
338,400,-98.99,3.30,362.73,0.0000,0.0740,0,timeout
339,266,-198.30,4.20,276.97,0.0060,0.0081,0,collision
361,312,-200.55,3.67,363.32,0.0018,0.0222,0,collision
362,319,-179.94,3.53,269.53,0.0000,0.0311,0,collision
363,118,-142.12,5.11,142.90,0.0038,0.0161,0,collision
364,110,-145.31,5.45,199.58,0.0077,0.0092,0,collision
365,323,-177.88,3.46,266.03,0.0000,0.0340,0,collision
366,327,-174.92,3.42,217.97,0.0000,0.0234,0,collision
367,308,-186.31,3.63,317.30,0.0000,0.0271,0,collision
368,309,-174.59,3.61,241.95,0.0000,0.0030,0,collision
369,400,-98.79,3.17,344.69,0.0000,0.0865,0,timeout
370,400,-81.35,3.28,381.49,0.0000,0.0749,0,timeout
340,322,-188.22,3.47,344.09,0.0000,0.0022,0,collision
341,307,-166.74,3.63,372.66,0.0000,0.0002,0,collision
342,307,-166.66,3.63,308.57,0.0000,0.0308,0,collision
343,316,-176.80,3.53,256.82,0.0000,0.0324,0,collision
344,125,-149.70,4.70,167.34,0.0069,0.0337,0,collision
345,111,-143.48,5.49,132.56,0.0112,0.0054,0,collision
346,347,-199.23,3.22,317.52,0.0000,0.0303,0,collision
371,311,-175.71,3.59,315.33,0.0000,0.0019,0,collision
372,320,-179.22,3.49,286.07,0.0000,0.0008,0,collision
373,400,-97.47,3.04,348.71,0.0000,0.0616,0,timeout
374,335,-203.42,3.33,335.10,0.0000,0.0374,0,collision
375,340,-197.78,3.28,339.07,0.0000,0.0011,0,collision
376,339,-187.06,3.30,272.49,0.0000,0.0338,0,collision
377,325,-187.34,3.47,287.70,0.0000,0.0007,0,collision
378,315,-169.78,3.55,335.30,0.0000,0.0352,0,collision
379,369,-234.26,3.36,359.20,0.0045,0.0428,0,collision
380,340,-199.63,3.29,276.14,0.0000,0.0337,0,collision
347,400,-0.66,4.58,507.19,0.0000,0.0310,0,timeout
348,334,-191.25,3.34,353.00,0.0000,0.0377,0,collision
349,312,-184.55,3.57,301.29,0.0000,0.0362,0,collision
350,119,-148.73,5.00,159.77,0.0142,0.0199,0,collision
351,325,-204.33,3.52,257.17,0.0032,0.0496,0,collision
352,338,-206.49,3.30,281.22,0.0000,0.0312,0,collision
353,349,-192.30,3.20,295.39,0.0000,0.0188,0,collision
381,344,-192.84,3.24,312.74,0.0000,0.0314,0,collision
382,326,-181.80,3.43,313.50,0.0000,0.0263,0,collision
383,357,-188.03,3.12,242.93,0.0000,0.0257,0,collision
384,342,-188.91,3.27,296.87,0.0000,0.0266,0,collision
385,340,-175.88,3.28,298.70,0.0000,0.0314,0,collision
386,327,-177.40,3.42,292.53,0.0000,0.0308,0,collision
387,337,-182.84,3.31,269.37,0.0000,0.0277,0,collision
388,312,-184.48,3.58,333.43,0.0000,0.0000,0,collision
389,359,-183.75,3.11,230.29,0.0000,0.0237,0,collision
390,365,-207.95,3.06,321.69,0.0000,0.0224,0,collision
354,378,-157.42,4.19,364.55,0.0018,0.0250,0,collision
355,339,-186.66,3.29,287.87,0.0000,0.0320,0,collision
356,351,-196.53,3.18,258.51,0.0000,0.0302,0,collision
357,337,-184.23,3.31,317.97,0.0000,0.0289,0,collision
358,180,-152.51,4.53,208.63,0.0061,0.0500,0,collision
359,107,-147.96,5.39,139.62,0.0033,0.0176,0,collision
360,368,-181.11,3.06,334.48,0.0000,0.0232,0,collision
391,383,-211.88,2.94,305.67,0.0000,0.0163,0,collision
392,139,-138.58,4.29,137.58,0.0061,0.0380,0,collision
393,374,-205.86,2.99,328.64,0.0000,0.0224,0,collision
394,400,-103.03,2.83,297.75,0.0000,0.0470,0,timeout
395,124,-146.12,4.80,193.88,0.0145,0.0315,0,collision
396,400,-100.12,2.79,350.69,0.0000,0.0199,0,timeout
397,400,-102.13,2.79,339.49,0.0000,0.0206,0,timeout
398,400,-113.22,2.79,358.22,0.0000,0.0470,0,timeout
399,399,-227.69,2.80,299.91,0.0000,0.0174,0,collision
400,358,-183.04,3.12,284.03,0.0000,0.0269,0,collision
361,400,-23.45,3.58,376.19,0.0000,0.0189,0,timeout
362,387,-243.54,2.89,348.34,0.0000,0.0017,0,collision
363,396,-214.64,2.82,295.80,0.0000,0.0259,0,collision
364,387,-230.40,2.89,356.90,0.0000,0.0020,0,collision
365,361,-190.93,3.09,283.27,0.0000,0.0181,0,collision
401,354,-187.09,3.16,258.35,0.0000,0.0280,0,collision
402,335,-183.30,3.33,279.62,0.0000,0.0296,0,collision
403,363,-192.36,3.08,276.35,0.0000,0.0265,0,collision
404,400,-63.48,3.00,363.83,0.0000,0.0330,0,timeout
405,350,-171.62,3.19,327.07,0.0000,0.0262,0,collision
406,345,-186.22,3.21,340.34,0.0000,0.0317,0,collision
407,347,-183.79,3.22,378.31,0.0000,0.0267,0,collision
408,354,-172.10,3.16,283.57,0.0000,0.0246,0,collision
409,347,-170.44,3.22,252.58,0.0000,0.0293,0,collision
410,374,-196.08,2.99,316.56,0.0000,0.0235,0,collision
366,400,15.35,4.39,374.16,0.0000,0.0536,0,timeout
367,329,-173.91,3.39,262.43,0.0000,0.0326,0,collision
368,111,-141.57,5.46,170.00,0.0076,0.0201,0,collision
369,335,-166.96,3.33,295.12,0.0000,0.0302,0,collision
370,344,-179.05,3.25,243.46,0.0000,0.0322,0,collision
371,348,-176.77,3.21,281.45,0.0000,0.0316,0,collision
372,348,-182.98,3.21,334.30,0.0000,0.0287,0,collision
411,343,-162.74,3.26,270.01,0.0000,0.0198,0,collision
412,354,-174.24,3.16,266.77,0.0000,0.0286,0,collision
413,379,-183.30,2.94,365.29,0.0000,0.0268,0,collision
414,370,-177.62,3.02,234.05,0.0000,0.0248,0,collision
415,136,-139.21,4.55,149.50,0.0076,0.0259,0,collision
416,322,-181.25,3.41,313.42,0.0023,0.0330,0,collision
417,400,-100.56,2.82,285.29,0.0000,0.0836,0,timeout
418,365,-192.32,3.06,275.58,0.0000,0.0354,0,collision
419,371,-181.91,3.01,323.52,0.0000,0.0247,0,collision
420,400,-61.53,2.91,264.07,0.0000,0.0303,0,timeout
373,370,-163.28,3.27,325.02,0.0000,0.0206,0,collision
374,354,-185.67,3.12,307.48,0.0027,0.0306,0,collision
375,373,-205.88,3.00,346.80,0.0000,0.0290,0,collision
376,366,-175.43,3.05,337.20,0.0000,0.0251,0,collision
377,384,-202.84,2.91,333.69,0.0000,0.0315,0,collision
421,308,-148.85,3.63,284.17,0.0000,0.0415,0,collision
422,332,-150.36,3.36,291.48,0.0000,0.0317,0,collision
423,327,-145.39,3.41,296.24,0.0000,0.0302,0,collision
424,327,-156.00,3.41,317.87,0.0000,0.0335,0,collision
425,355,-165.25,3.14,299.43,0.0000,0.0303,0,collision
426,335,-159.67,3.33,299.40,0.0000,0.0279,0,collision
427,306,-142.79,3.65,297.80,0.0000,0.0389,0,collision
428,336,-169.42,3.32,327.19,0.0000,0.0348,0,collision
429,325,-155.80,3.44,351.94,0.0000,0.0314,0,collision
430,318,-153.39,3.50,307.94,0.0000,0.0314,0,collision
378,400,14.66,4.26,392.25,0.0000,0.0832,0,timeout
379,336,-145.10,3.33,336.66,0.0000,0.0227,0,collision
380,339,-159.08,3.29,298.68,0.0000,0.0279,0,collision
381,339,-171.14,3.30,299.57,0.0000,0.0450,0,collision
382,311,-159.36,3.59,307.09,0.0000,0.0320,0,collision
383,400,-52.97,3.00,251.88,0.0000,0.0667,0,timeout
431,394,-201.21,2.83,332.49,0.0000,0.0192,0,collision
432,366,-171.65,3.04,331.23,0.0000,0.0183,0,collision
433,136,-144.26,4.20,145.72,0.0024,0.0848,0,collision
434,382,-184.35,2.92,260.66,0.0000,0.0300,0,collision
435,380,-181.53,2.94,258.24,0.0000,0.0282,0,collision
436,358,-171.10,3.12,319.63,0.0000,0.0205,0,collision
437,385,-193.04,2.90,338.98,0.0000,0.0774,0,collision
438,363,-170.07,3.08,312.86,0.0000,0.0250,0,collision
439,174,-141.97,4.45,231.20,0.0045,0.0568,0,collision
440,307,-140.80,3.46,304.29,0.0016,0.0210,0,collision
384,400,19.54,4.15,404.34,0.0000,0.0462,0,timeout
385,396,-197.16,2.82,278.50,0.0000,0.0190,0,collision
386,365,-183.30,3.06,323.53,0.0000,0.0258,0,collision
387,344,-175.08,3.19,324.12,0.0052,0.0207,0,collision
388,350,-165.09,3.17,321.10,0.0035,0.0223,0,collision
441,400,-189.93,2.79,267.35,0.0000,0.0210,0,timeout
442,368,-158.19,3.04,308.51,0.0000,0.0308,0,collision
443,364,-159.14,3.07,295.43,0.0000,0.0312,0,collision
444,356,-160.21,3.14,317.11,0.0000,0.0205,0,collision
445,400,-56.26,2.88,277.58,0.0000,0.0348,0,timeout
446,355,-149.34,3.15,262.04,0.0000,0.0255,0,collision
447,352,-163.49,3.17,316.89,0.0000,0.0294,0,collision
448,400,-193.19,2.79,292.40,0.0000,0.0142,0,timeout
449,286,-125.86,3.74,243.93,0.0056,0.0237,0,collision
450,371,-164.69,3.01,304.79,0.0000,0.0272,0,collision
389,400,-6.40,3.48,394.28,0.0000,0.0234,0,timeout
390,400,-52.75,2.79,307.69,0.0000,0.0191,0,timeout
391,387,-166.03,2.89,301.43,0.0000,0.0209,0,collision
392,367,-158.52,3.05,251.21,0.0000,0.0272,0,collision
393,353,-146.95,3.16,321.53,0.0000,0.0257,0,collision
394,381,-166.71,2.93,338.15,0.0000,0.0161,0,collision
451,400,-28.87,2.74,321.22,0.0000,0.0177,0,timeout
452,400,-17.36,2.73,269.40,0.0000,0.0542,0,timeout
453,400,-22.59,2.73,265.95,0.0000,0.0486,0,timeout
454,400,-23.15,2.77,259.57,0.0000,0.0164,0,timeout
455,400,-28.55,2.77,277.39,0.0000,0.0518,0,timeout
456,400,-23.53,2.76,287.73,0.0000,0.0531,0,timeout
457,400,-25.78,2.76,279.18,0.0000,0.0192,0,timeout
458,400,-34.74,2.73,274.57,0.0000,0.0546,0,timeout
459,400,-44.66,2.73,229.34,0.0000,0.0619,0,timeout
460,400,-34.95,2.75,226.43,0.0000,0.0592,0,timeout
395,400,16.05,3.66,389.52,0.0000,0.0882,0,timeout
396,400,-37.30,2.73,235.42,0.0000,0.0479,0,timeout
397,400,-4.22,2.79,236.26,0.0000,0.0206,0,timeout
398,158,-141.33,3.72,136.36,0.0075,0.0638,0,collision
399,400,-40.06,2.71,273.47,0.0000,0.0205,0,timeout
461,400,-16.71,2.69,223.55,0.0000,0.0410,0,timeout
462,400,-27.31,2.66,245.93,0.0000,0.0485,0,timeout
463,400,-20.13,2.72,293.20,0.0000,0.0441,0,timeout
464,400,6.33,2.67,243.43,0.0000,0.0162,0,timeout
465,400,-15.56,2.71,273.67,0.0000,0.0413,0,timeout
466,400,-12.61,2.70,271.31,0.0000,0.0234,0,timeout
467,400,-17.22,2.69,260.30,0.0000,0.0484,0,timeout
468,400,-31.82,2.68,251.08,0.0000,0.0524,0,timeout
469,400,-23.82,2.70,290.25,0.0000,0.0459,0,timeout
470,400,-20.02,2.71,281.31,0.0000,0.0428,0,timeout
400,400,-31.09,2.81,247.55,0.0000,0.0656,0,timeout
401,400,-3.08,2.69,282.90,0.0000,0.0392,0,timeout
402,400,-32.78,2.66,306.49,0.0000,0.0381,0,timeout
403,400,-24.03,2.68,268.95,0.0000,0.0544,0,timeout
404,400,-32.96,2.69,266.40,0.0000,0.0161,0,timeout
405,400,-27.48,2.70,275.33,0.0000,0.0558,0,timeout
471,400,-13.00,2.67,289.06,0.0000,0.0698,0,timeout
472,400,-7.18,2.77,268.04,0.0000,0.0550,0,timeout
473,400,-9.69,2.76,268.55,0.0000,0.0386,0,timeout
474,400,-15.63,2.79,255.80,0.0000,0.0537,0,timeout
475,400,-9.95,2.79,234.36,0.0000,0.0533,0,timeout
476,400,-3.31,2.77,232.52,0.0000,0.0584,0,timeout
477,400,1.48,2.74,279.72,0.0000,0.0491,0,timeout
478,400,-0.72,2.78,282.99,0.0000,0.0485,0,timeout
479,400,-3.84,2.69,232.63,0.0000,0.0428,0,timeout
480,400,-6.74,2.75,284.79,0.0000,0.0150,0,timeout
406,400,19.68,3.10,279.68,0.0000,0.0543,0,timeout
407,400,-1.62,2.77,267.26,0.0000,0.0430,0,timeout
408,400,-24.25,2.73,282.19,0.0000,0.0504,0,timeout
409,400,-5.50,2.69,281.19,0.0000,0.0501,0,timeout
410,400,2.07,2.75,267.60,0.0000,0.0501,0,timeout
481,400,-7.76,2.79,258.34,0.0000,0.0203,0,timeout
482,400,-10.17,2.79,247.18,0.0000,0.0182,0,timeout
483,400,-9.05,2.79,264.39,0.0000,0.0621,0,timeout
484,400,-5.58,2.79,289.39,0.0000,0.0549,0,timeout
485,400,18.54,2.79,252.67,0.0000,0.0441,0,timeout
486,400,11.21,2.79,231.97,0.0000,0.0192,0,timeout
487,310,-112.65,3.28,223.74,0.0042,0.0744,0,collision
488,400,-13.13,2.79,266.12,0.0000,0.0250,0,timeout
489,400,-0.74,2.79,282.61,0.0000,0.0432,0,timeout
490,400,14.92,2.78,239.71,0.0000,0.0481,0,timeout
411,400,39.98,3.54,308.36,0.0000,0.0404,0,timeout
412,400,-19.12,2.79,276.74,0.0000,0.0495,0,timeout
413,387,-131.94,2.87,231.70,0.0030,0.0655,0,collision
414,400,15.81,2.76,270.42,0.0000,0.0206,0,timeout
415,400,12.05,2.79,238.60,0.0000,0.0584,0,timeout
491,400,21.57,2.73,227.37,0.0000,0.0484,0,timeout
492,400,9.02,2.71,222.03,0.0000,0.0462,0,timeout
493,400,12.66,2.70,239.83,0.0000,0.0448,0,timeout
494,400,4.74,2.72,247.46,0.0000,0.0198,0,timeout
495,400,8.46,2.65,218.05,0.0000,0.0258,0,timeout
496,400,13.26,2.69,227.10,0.0000,0.0614,0,timeout
497,400,9.42,2.66,216.75,0.0000,0.0658,0,timeout
498,400,-0.86,2.72,231.94,0.0000,0.0349,0,timeout
499,400,15.98,2.72,238.76,0.0000,0.0221,0,timeout
500,400,-6.21,2.68,270.09,0.0000,0.0528,0,timeout
416,400,55.62,3.56,333.13,0.0000,0.0578,0,timeout
417,400,14.88,2.71,237.01,0.0000,0.0437,0,timeout
418,400,1.39,2.70,227.17,0.0000,0.0480,0,timeout
419,400,10.57,2.77,251.79,0.0000,0.0497,0,timeout
420,400,6.98,2.71,255.84,0.0000,0.0395,0,timeout
501,400,10.04,2.79,249.76,0.0000,0.0518,0,timeout
502,400,6.06,2.79,239.18,0.0000,0.0463,0,timeout
503,400,20.59,2.79,236.75,0.0000,0.0252,0,timeout
504,400,5.27,2.79,215.69,0.0000,0.0159,0,timeout
505,400,11.86,2.79,206.28,0.0000,0.0193,0,timeout
506,400,16.27,2.75,242.10,0.0000,0.0529,0,timeout
507,400,14.90,2.79,230.56,0.0000,0.0199,0,timeout
508,400,2.26,2.79,228.03,0.0000,0.0170,0,timeout
509,400,-4.04,2.79,237.62,0.0000,0.0157,0,timeout
510,392,-125.34,2.85,264.55,0.0000,0.0604,0,collision
421,400,58.95,3.73,279.55,0.0000,0.0384,0,timeout
422,400,-0.62,2.79,214.02,0.0000,0.0163,0,timeout
423,400,9.90,2.79,228.76,0.0000,0.0175,0,timeout
424,400,2.87,2.79,240.00,0.0000,0.0211,0,timeout
425,400,6.65,2.79,232.00,0.0000,0.0158,0,timeout
511,394,-114.16,2.84,199.38,0.0000,0.0620,0,collision
512,400,8.48,2.79,241.47,0.0000,0.0433,0,timeout
513,400,4.59,2.79,204.70,0.0000,0.0582,0,timeout
514,400,20.32,2.79,276.55,0.0000,0.0565,0,timeout
515,382,-109.12,2.92,226.81,0.0000,0.0180,0,collision
516,396,-117.32,2.82,239.26,0.0000,0.0178,0,collision
517,394,-116.14,2.83,232.06,0.0000,0.0157,0,collision
518,386,-110.75,2.89,204.60,0.0000,0.0167,0,collision
519,387,-113.41,2.89,198.18,0.0000,0.0189,0,collision
520,392,-106.96,2.85,206.62,0.0000,0.0552,0,collision
426,400,65.83,3.81,292.70,0.0000,0.0738,0,timeout
427,400,-104.72,2.79,230.63,0.0000,0.0463,0,timeout
428,400,-112.78,2.79,205.41,0.0000,0.0173,0,timeout
429,390,-113.55,2.86,229.30,0.0000,0.0201,0,collision
430,390,-109.32,2.86,205.83,0.0000,0.0202,0,collision
521,400,28.11,2.73,222.38,0.0000,0.0180,0,timeout
522,400,45.10,2.73,212.08,0.0000,0.0238,0,timeout
523,400,40.63,2.79,182.23,0.0000,0.0266,0,timeout
524,400,54.41,2.75,217.91,0.0000,0.0188,0,timeout
525,400,33.10,2.69,212.71,0.0000,0.0183,0,timeout
526,400,35.59,2.66,202.92,0.0000,0.0429,0,timeout
527,400,46.74,2.78,218.78,0.0000,0.0192,0,timeout
528,400,47.10,2.74,205.36,0.0000,0.0184,0,timeout
529,400,41.11,2.74,227.65,0.0000,0.0232,0,timeout
530,400,49.13,2.75,222.00,0.0000,0.0212,0,timeout
431,400,56.77,3.46,278.63,0.0000,0.0234,0,timeout
432,400,37.59,2.79,219.75,0.0000,0.0164,0,timeout
433,400,27.88,2.67,224.43,0.0000,0.0293,0,timeout
434,400,25.62,2.70,226.04,0.0000,0.0171,0,timeout
435,400,46.35,2.71,232.24,0.0000,0.0373,0,timeout
531,400,40.13,2.58,190.94,0.0000,0.0229,0,timeout
532,400,49.72,2.62,210.21,0.0000,0.0185,0,timeout
533,400,48.72,2.52,174.32,0.0000,0.0215,0,timeout
534,400,38.50,2.52,190.46,0.0000,0.0227,0,timeout
535,400,41.99,2.51,163.81,0.0000,0.0306,0,timeout
536,400,46.37,2.60,208.33,0.0000,0.0329,0,timeout
537,400,50.55,2.60,205.19,0.0000,0.0441,0,timeout
538,400,53.57,2.51,182.42,0.0000,0.0234,0,timeout
539,400,28.37,2.55,173.39,0.0000,0.0489,0,timeout
540,400,32.88,2.59,192.96,0.0000,0.0411,0,timeout
436,400,55.18,3.06,234.85,0.0000,0.0210,0,timeout
437,400,34.64,2.57,179.37,0.0000,0.0395,0,timeout
438,400,41.78,2.59,187.14,0.0000,0.0369,0,timeout
439,400,40.64,2.58,177.93,0.0000,0.0358,0,timeout
440,400,46.23,2.60,197.10,0.0000,0.0190,0,timeout
441,400,28.78,2.54,188.47,0.0000,0.0220,0,timeout
541,400,40.76,2.55,192.53,0.0000,0.0293,0,timeout
542,400,41.19,2.49,179.95,0.0000,0.0305,0,timeout
543,400,39.61,2.55,207.54,0.0000,0.0335,0,timeout
544,400,40.62,2.57,183.70,0.0000,0.0332,0,timeout
545,400,38.19,2.48,190.96,0.0000,0.0212,0,timeout
546,400,38.81,2.51,196.16,0.0000,0.0280,0,timeout
547,400,52.80,2.54,176.48,0.0000,0.0421,0,timeout
548,400,35.81,2.57,185.38,0.0000,0.0204,0,timeout
549,400,53.02,2.53,167.46,0.0000,0.0338,0,timeout
550,400,55.52,2.58,196.78,0.0000,0.0365,0,timeout
442,400,46.54,2.60,183.09,0.0000,0.0421,0,timeout
443,400,48.94,2.60,172.09,0.0000,0.0181,0,timeout
444,400,44.16,2.64,183.74,0.0000,0.0362,0,timeout
445,400,42.97,2.55,167.85,0.0000,0.0240,0,timeout
446,400,52.78,2.57,178.41,0.0000,0.0382,0,timeout
551,400,50.52,2.64,158.55,0.0000,0.0195,0,timeout
552,400,47.85,2.63,183.57,0.0000,0.0210,0,timeout
553,400,52.35,2.63,158.02,0.0000,0.0487,0,timeout
554,400,65.23,2.69,167.10,0.0000,0.0357,0,timeout
555,400,49.96,2.67,180.84,0.0000,0.0199,0,timeout
556,400,65.31,2.74,184.55,0.0000,0.0169,0,timeout
557,400,58.74,2.68,157.24,0.0000,0.0231,0,timeout
558,400,68.10,2.70,166.80,0.0000,0.0462,0,timeout
559,400,60.39,2.68,174.49,0.0000,0.0198,0,timeout
560,400,51.49,2.67,157.99,0.0000,0.0212,0,timeout
447,400,71.62,3.10,197.30,0.0000,0.0388,0,timeout
448,400,54.82,2.72,170.79,0.0000,0.0185,0,timeout
449,400,56.33,2.67,194.96,0.0000,0.0386,0,timeout
450,400,68.08,2.76,165.69,0.0000,0.0169,0,timeout
451,400,53.72,2.64,182.77,0.0000,0.0197,0,timeout
561,400,53.02,2.47,166.14,0.0000,0.0232,0,timeout
562,400,56.02,2.46,145.64,0.0000,0.0217,0,timeout
563,400,68.80,2.47,151.17,0.0000,0.0236,0,timeout
564,400,64.38,2.54,165.46,0.0000,0.0286,0,timeout
565,400,59.37,2.49,162.04,0.0000,0.0224,0,timeout
566,400,58.38,2.52,149.51,0.0000,0.0268,0,timeout
567,400,66.30,2.52,153.77,0.0000,0.0289,0,timeout
568,400,60.00,2.43,143.42,0.0000,0.0231,0,timeout
569,400,58.93,2.50,145.47,0.0000,0.0326,0,timeout
570,400,62.20,2.47,157.19,0.0000,0.0218,0,timeout
452,400,71.00,3.07,193.61,0.0000,0.0269,0,timeout
453,400,61.27,2.50,139.57,0.0000,0.0251,0,timeout
454,400,60.85,2.46,146.04,0.0000,0.0230,0,timeout
455,400,54.61,2.44,154.14,0.0000,0.0230,0,timeout
456,400,53.54,2.43,160.86,0.0000,0.0227,0,timeout
571,400,66.10,2.59,161.87,0.0000,0.0329,0,timeout
572,400,63.86,2.56,150.41,0.0000,0.0338,0,timeout
573,400,61.28,2.62,147.05,0.0000,0.0445,0,timeout
574,400,65.92,2.64,156.80,0.0000,0.0205,0,timeout
575,400,68.97,2.62,155.68,0.0000,0.0358,0,timeout
576,400,70.79,2.60,143.32,0.0000,0.0204,0,timeout
577,400,69.69,2.60,148.82,0.0000,0.0245,0,timeout
578,400,67.90,2.65,146.65,0.0000,0.0203,0,timeout
579,400,68.15,2.60,160.86,0.0000,0.0283,0,timeout
580,400,70.52,2.65,140.22,0.0000,0.0221,0,timeout
457,400,86.00,3.19,189.56,0.0000,0.0437,0,timeout
458,400,67.10,2.57,153.10,0.0000,0.0301,0,timeout
459,400,77.32,2.61,140.84,0.0000,0.0370,0,timeout
460,400,79.71,2.65,173.53,0.0000,0.0338,0,timeout
461,400,71.14,2.58,172.50,0.0000,0.0306,0,timeout
581,400,81.94,2.66,148.55,0.0000,0.0262,0,timeout
582,400,88.31,2.68,151.16,0.0000,0.0265,0,timeout
583,400,81.43,2.68,160.56,0.0000,0.0220,0,timeout
584,400,80.88,2.66,152.16,0.0000,0.0199,0,timeout
585,400,72.35,2.64,154.69,0.0000,0.0374,0,timeout
586,400,79.18,2.68,144.97,0.0000,0.0215,0,timeout
587,400,75.86,2.59,165.40,0.0000,0.0218,0,timeout
588,400,80.57,2.68,158.01,0.0000,0.0412,0,timeout
589,400,81.94,2.61,150.20,0.0000,0.0242,0,timeout
590,400,79.23,2.69,160.81,0.0000,0.0253,0,timeout
462,400,86.54,3.27,198.40,0.0000,0.0419,0,timeout
463,400,81.58,2.65,150.88,0.0000,0.0251,0,timeout
464,400,78.62,2.70,139.05,0.0000,0.0203,0,timeout
465,400,84.82,2.70,139.31,0.0000,0.0371,0,timeout
466,400,76.10,2.66,151.51,0.0000,0.0331,0,timeout
591,400,88.05,2.76,157.44,0.0000,0.0200,0,timeout
592,400,86.67,2.76,148.92,0.0000,0.0285,0,timeout
593,400,68.45,2.79,157.76,0.0000,0.0246,0,timeout
594,400,85.27,2.79,141.71,0.0000,0.0222,0,timeout
595,400,83.79,2.79,149.67,0.0000,0.0285,0,timeout
596,400,74.35,2.79,152.44,0.0000,0.0231,0,timeout
597,400,72.54,2.79,151.25,0.0000,0.0222,0,timeout
598,400,73.58,2.79,145.44,0.0000,0.0205,0,timeout
599,400,62.79,2.79,157.94,0.0000,0.0200,0,timeout
600,400,79.18,2.79,145.06,0.0000,0.0191,0,timeout
467,400,97.51,3.32,190.93,0.0000,0.0588,0,timeout
468,400,76.38,2.79,147.17,0.0000,0.0314,0,timeout
469,400,83.57,2.79,144.14,0.0000,0.0230,0,timeout
470,400,80.38,2.79,146.55,0.0000,0.0182,0,timeout
471,400,88.81,2.79,156.09,0.0000,0.0188,0,timeout
601,374,-66.61,2.99,127.12,0.0000,0.0217,0,collision
602,396,-64.59,2.82,148.52,0.0000,0.0259,0,collision
603,383,-62.06,2.91,125.21,0.0000,0.0270,0,collision
604,398,-63.14,2.81,156.95,0.0000,0.0502,0,collision
605,371,-55.23,3.01,127.55,0.0000,0.0169,0,collision
606,380,-68.94,2.94,150.26,0.0000,0.0211,0,collision
607,390,-59.59,2.86,156.02,0.0000,0.0189,0,collision
608,372,-64.61,3.00,150.86,0.0000,0.0170,0,collision
609,395,-66.65,2.83,138.77,0.0000,0.0254,0,collision
610,385,-65.82,2.90,148.13,0.0000,0.0203,0,collision
472,400,101.80,3.42,154.78,0.0000,0.0470,0,timeout
473,400,59.99,2.79,124.49,0.0000,0.0177,0,timeout
474,387,-66.24,2.89,135.99,0.0000,0.0185,0,collision
475,384,-67.01,2.91,142.12,0.0000,0.0178,0,collision
476,388,-62.76,2.88,168.15,0.0000,0.0183,0,collision
477,377,-69.37,2.96,149.12,0.0000,0.0215,0,collision
611,338,-71.22,3.31,140.05,0.0000,0.0245,0,collision
612,350,-66.36,3.19,118.79,0.0000,0.0226,0,collision
613,347,-68.42,3.21,156.36,0.0000,0.0205,0,collision
614,349,-70.53,3.20,150.79,0.0000,0.0181,0,collision
615,347,-67.48,3.22,145.03,0.0000,0.0197,0,collision
616,354,-69.88,3.16,128.84,0.0000,0.0223,0,collision
617,342,-73.05,3.26,137.74,0.0000,0.0198,0,collision
618,347,-69.60,3.22,140.90,0.0000,0.0232,0,collision
619,364,-67.07,3.07,152.56,0.0000,0.0218,0,collision
620,338,-73.99,3.30,149.93,0.0000,0.0296,0,collision
478,363,-68.00,3.20,178.98,0.0000,0.0191,0,collision
479,343,-71.72,3.25,154.88,0.0000,0.0272,0,collision
480,334,-72.04,3.34,126.16,0.0000,0.0243,0,collision
481,352,-69.68,3.17,158.15,0.0000,0.0193,0,collision
482,348,-71.03,3.21,154.93,0.0000,0.0190,0,collision
621,371,-69.18,3.01,164.52,0.0000,0.0170,0,collision
622,371,-67.79,3.01,137.39,0.0000,0.0203,0,collision
623,351,-73.12,3.18,166.78,0.0000,0.0162,0,collision
624,374,-69.28,2.99,131.36,0.0000,0.0198,0,collision
625,375,-65.75,2.98,165.78,0.0000,0.0152,0,collision
626,361,-70.27,3.09,133.44,0.0000,0.0228,0,collision
627,377,-70.56,2.96,142.61,0.0000,0.0160,0,collision
628,371,-68.26,3.01,145.08,0.0000,0.0198,0,collision
629,380,-64.99,2.94,136.27,0.0000,0.0186,0,collision
630,367,-66.13,3.04,122.26,0.0000,0.0209,0,collision
483,400,106.25,3.71,192.28,0.0000,0.0198,0,timeout
484,370,-67.78,3.02,163.50,0.0000,0.0177,0,collision
485,359,-71.60,3.11,148.69,0.0000,0.0254,0,collision
486,360,-69.14,3.10,136.49,0.0000,0.0179,0,collision
487,371,-61.90,3.01,139.17,0.0000,0.0202,0,collision
488,373,-73.89,2.99,158.15,0.0000,0.0173,0,collision
631,375,-62.79,2.98,143.29,0.0000,0.0181,0,collision
632,398,-65.76,2.81,135.45,0.0000,0.0169,0,collision
633,392,-64.58,2.85,139.34,0.0000,0.0197,0,collision
634,383,-67.59,2.92,175.58,0.0000,0.0158,0,collision
635,388,-65.68,2.88,150.55,0.0000,0.0200,0,collision
636,394,-68.46,2.84,153.75,0.0000,0.0247,0,collision
637,389,-71.09,2.85,190.78,0.0000,0.0169,0,collision
638,394,-65.05,2.83,144.81,0.0000,0.0200,0,collision
639,379,-71.44,2.95,157.77,0.0000,0.0235,0,collision
640,392,-68.94,2.85,151.21,0.0000,0.0221,0,collision
489,400,107.69,3.72,194.55,0.0000,0.0363,0,timeout
490,384,-71.49,2.91,163.83,0.0000,0.0235,0,collision
491,383,-61.56,2.91,151.20,0.0000,0.0174,0,collision
492,389,-70.18,2.87,155.67,0.0000,0.0186,0,collision
493,388,-64.34,2.88,144.65,0.0000,0.0214,0,collision
641,389,-65.78,2.87,139.09,0.0000,0.0267,0,collision
642,395,-65.79,2.83,145.55,0.0000,0.0209,0,collision
643,400,54.17,2.79,175.86,0.0000,0.0217,0,timeout
644,400,68.88,2.78,168.57,0.0000,0.0259,0,timeout
645,392,-69.85,2.85,150.07,0.0000,0.0613,0,collision
646,400,64.26,2.79,162.65,0.0000,0.0200,0,timeout
647,400,73.99,2.79,149.00,0.0000,0.0194,0,timeout
648,400,67.50,2.79,128.79,0.0000,0.0173,0,timeout
649,399,-63.37,2.80,128.70,0.0000,0.0161,0,collision
650,395,-66.01,2.83,132.62,0.0000,0.0218,0,collision
494,400,102.70,3.69,206.50,0.0000,0.0437,0,timeout
495,395,-67.02,2.83,132.53,0.0000,0.0222,0,collision
496,400,77.68,2.79,143.83,0.0000,0.0182,0,timeout
497,390,-61.09,2.86,150.32,0.0000,0.0136,0,collision
498,400,61.85,2.79,160.05,0.0000,0.0155,0,timeout
651,400,85.65,2.76,155.66,0.0000,0.0195,0,timeout
652,400,83.94,2.77,156.92,0.0000,0.0161,0,timeout
653,400,78.74,2.79,145.86,0.0000,0.0170,0,timeout
654,400,82.75,2.77,149.39,0.0000,0.0200,0,timeout
655,400,80.01,2.79,165.53,0.0000,0.0162,0,timeout
656,400,90.91,2.79,134.34,0.0000,0.0177,0,timeout
657,400,84.12,2.77,143.64,0.0000,0.0159,0,timeout
658,400,81.21,2.79,151.35,0.0000,0.0147,0,timeout
659,400,87.30,2.79,128.42,0.0000,0.0573,0,timeout
660,400,76.37,2.76,126.95,0.0000,0.0567,0,timeout
499,400,105.23,3.49,162.49,0.0000,0.0237,0,timeout
500,400,92.02,2.78,149.21,0.0000,0.0174,0,timeout
501,400,81.18,2.79,142.91,0.0000,0.0246,0,timeout
502,400,82.56,2.76,140.10,0.0000,0.0517,0,timeout
503,149,-112.09,4.02,90.48,0.0037,0.0503,0,collision
504,400,81.06,2.78,152.56,0.0000,0.0150,0,timeout
661,400,73.38,2.79,134.48,0.0000,0.0224,0,timeout
662,400,76.74,2.79,135.88,0.0000,0.0166,0,timeout
663,400,68.19,2.79,140.41,0.0000,0.0155,0,timeout
664,400,74.54,2.79,141.13,0.0000,0.0161,0,timeout
665,400,89.24,2.76,150.11,0.0000,0.0162,0,timeout
666,400,79.49,2.79,165.10,0.0000,0.0165,0,timeout
667,400,84.79,2.79,172.67,0.0000,0.0160,0,timeout
668,400,78.78,2.79,171.88,0.0000,0.0160,0,timeout
669,400,80.83,2.79,140.35,0.0000,0.0184,0,timeout
670,400,75.44,2.79,122.98,0.0000,0.0197,0,timeout
505,400,105.06,3.83,184.06,0.0000,0.0356,0,timeout
506,400,76.99,2.79,159.37,0.0000,0.0136,0,timeout
507,400,73.96,2.79,155.03,0.0000,0.0174,0,timeout
508,400,83.74,2.79,156.74,0.0000,0.0167,0,timeout
509,400,81.38,2.79,166.14,0.0000,0.0194,0,timeout
671,400,84.38,2.58,130.96,0.0000,0.0427,0,timeout
672,400,87.87,2.57,133.49,0.0000,0.0357,0,timeout
673,400,85.01,2.60,123.32,0.0000,0.0420,0,timeout
674,400,91.69,2.64,128.02,0.0000,0.0383,0,timeout
675,400,79.19,2.61,133.75,0.0000,0.0369,0,timeout
676,400,84.53,2.61,143.04,0.0000,0.0491,0,timeout
677,400,83.01,2.59,133.61,0.0000,0.0266,0,timeout
678,400,87.37,2.55,117.71,0.0000,0.0356,0,timeout
679,400,87.27,2.60,130.94,0.0000,0.0357,0,timeout
680,400,89.20,2.62,139.69,0.0000,0.0383,0,timeout
510,400,107.41,3.48,180.18,0.0000,0.0238,0,timeout
511,400,79.45,2.56,130.74,0.0000,0.0315,0,timeout
512,400,76.27,2.59,142.15,0.0000,0.0334,0,timeout
513,400,81.64,2.58,138.08,0.0000,0.0366,0,timeout
514,400,83.26,2.58,130.74,0.0000,0.0296,0,timeout
681,400,95.00,2.53,125.87,0.0000,0.0206,0,timeout
682,400,89.23,2.54,125.07,0.0000,0.0325,0,timeout
683,400,91.56,2.50,130.70,0.0000,0.0276,0,timeout
684,400,87.76,2.55,122.53,0.0000,0.0294,0,timeout
685,400,88.00,2.56,131.69,0.0000,0.0400,0,timeout
686,400,89.71,2.52,128.64,0.0000,0.0278,0,timeout
687,400,90.39,2.52,139.63,0.0000,0.0255,0,timeout
688,400,86.01,2.54,125.82,0.0000,0.0280,0,timeout
689,400,87.54,2.52,119.67,0.0000,0.0206,0,timeout
690,400,79.30,2.54,122.59,0.0000,0.0415,0,timeout
515,400,107.63,3.04,151.72,0.0000,0.0310,0,timeout
516,400,85.22,2.58,132.01,0.0000,0.0348,0,timeout
517,400,91.27,2.52,121.11,0.0000,0.0308,0,timeout
518,400,86.17,2.55,127.90,0.0000,0.0257,0,timeout
519,400,82.84,2.55,139.65,0.0000,0.0279,0,timeout
691,400,89.92,2.57,130.44,0.0000,0.0463,0,timeout
692,400,94.07,2.59,110.45,0.0000,0.0323,0,timeout
693,400,91.98,2.58,125.15,0.0000,0.0321,0,timeout
694,400,93.92,2.60,132.53,0.0000,0.0470,0,timeout
695,400,95.29,2.59,120.99,0.0000,0.0437,0,timeout
696,400,87.74,2.57,128.92,0.0000,0.0315,0,timeout
697,400,94.47,2.61,121.64,0.0000,0.0380,0,timeout
698,400,91.64,2.57,120.04,0.0000,0.0325,0,timeout
699,400,94.41,2.59,128.64,0.0000,0.0391,0,timeout
700,400,96.74,2.60,128.73,0.0000,0.0304,0,timeout
520,400,99.90,2.82,147.56,0.0000,0.0206,0,timeout
521,400,97.31,2.59,122.16,0.0000,0.0375,0,timeout
522,400,89.04,2.61,116.53,0.0000,0.0359,0,timeout
523,400,88.52,2.61,140.03,0.0000,0.0403,0,timeout
524,400,97.98,2.63,118.18,0.0000,0.0387,0,timeout
701,26,-155.69,0.00,2.60,0.0000,0.0000,0,collision
702,26,-155.13,0.00,2.60,0.0000,0.0000,0,collision
703,26,-155.78,0.00,2.60,0.0000,0.0000,0,collision
704,26,-155.46,0.00,2.60,0.0000,0.0000,0,collision
705,26,-154.52,0.00,2.60,0.0000,0.0000,0,collision
706,26,-154.40,0.00,2.60,0.0000,0.0000,0,collision
707,26,-154.54,0.00,2.60,0.0000,0.0000,0,collision
708,26,-155.43,0.00,2.60,0.0000,0.0000,0,collision
709,26,-155.46,0.00,2.60,0.0000,0.0000,0,collision
710,26,-155.10,0.00,2.60,0.0000,0.0000,0,collision
525,400,79.07,2.58,132.36,0.0000,0.0440,0,timeout
526,26,-154.37,0.00,2.60,0.0000,0.0000,0,collision
527,26,-154.73,0.00,2.60,0.0000,0.0000,0,collision
528,26,-155.18,0.00,2.60,0.0000,0.0000,0,collision
529,26,-155.82,0.00,2.60,0.0000,0.0000,0,collision
530,26,-155.35,0.00,2.60,0.0000,0.0000,0,collision
531,26,-154.30,0.00,2.60,0.0000,0.0000,0,collision
532,26,-155.01,0.00,2.60,0.0000,0.0000,0,collision
533,26,-156.01,0.00,2.60,0.0000,0.0000,0,collision
534,26,-154.99,0.00,2.60,0.0000,0.0000,0,collision
535,26,-154.99,0.00,2.60,0.0000,0.0000,0,collision
536,26,-155.35,0.00,2.60,0.0000,0.0000,0,collision
537,26,-154.92,0.00,2.60,0.0000,0.0000,0,collision
538,26,-155.31,0.00,2.60,0.0000,0.0000,0,collision
539,26,-153.59,0.00,2.60,0.0000,0.0000,0,collision
540,26,-155.78,0.00,2.60,0.0000,0.0000,0,collision
541,26,-154.16,0.00,2.60,0.0000,0.0000,0,collision
542,26,-154.38,0.00,2.60,0.0000,0.0000,0,collision
543,26,-154.22,0.00,2.60,0.0000,0.0000,0,collision
544,26,-154.05,0.00,2.60,0.0000,0.0000,0,collision
545,26,-154.77,0.00,2.60,0.0000,0.0000,0,collision
546,26,-154.68,0.00,2.60,0.0000,0.0000,0,collision
547,26,-155.28,0.00,2.60,0.0000,0.0000,0,collision
548,26,-154.92,0.00,2.60,0.0000,0.0000,0,collision
549,26,-155.04,0.00,2.60,0.0000,0.0000,0,collision
550,26,-155.83,0.00,2.60,0.0000,0.0000,0,collision
551,26,-154.74,0.00,2.60,0.0000,0.0000,0,collision
552,26,-154.70,0.00,2.60,0.0000,0.0000,0,collision
553,26,-155.52,0.00,2.60,0.0000,0.0000,0,collision
554,26,-154.95,0.00,2.60,0.0000,0.0000,0,collision
555,26,-155.67,0.00,2.60,0.0000,0.0000,0,collision
556,26,-155.42,0.00,2.60,0.0000,0.0000,0,collision
557,26,-154.86,0.00,2.60,0.0000,0.0000,0,collision
558,26,-155.04,0.00,2.60,0.0000,0.0000,0,collision
559,26,-154.47,0.00,2.60,0.0000,0.0000,0,collision
560,26,-155.56,0.00,2.60,0.0000,0.0000,0,collision
561,26,-154.17,0.00,2.60,0.0000,0.0000,0,collision
562,26,-155.40,0.00,2.60,0.0000,0.0000,0,collision
563,26,-153.93,0.00,2.60,0.0000,0.0000,0,collision
564,26,-155.73,0.00,2.60,0.0000,0.0000,0,collision
565,26,-154.61,0.00,2.60,0.0000,0.0000,0,collision
566,26,-154.84,0.00,2.60,0.0000,0.0000,0,collision
567,26,-154.64,0.00,2.60,0.0000,0.0000,0,collision
568,26,-155.13,0.00,2.60,0.0000,0.0000,0,collision
569,26,-155.00,0.00,2.60,0.0000,0.0000,0,collision
570,26,-155.31,0.00,2.60,0.0000,0.0000,0,collision
571,26,-154.87,0.00,2.60,0.0000,0.0000,0,collision
572,26,-154.71,0.00,2.60,0.0000,0.0000,0,collision
573,26,-154.41,0.00,2.60,0.0000,0.0000,0,collision
574,26,-154.69,0.00,2.60,0.0000,0.0000,0,collision
575,26,-155.32,0.00,2.60,0.0000,0.0000,0,collision
576,26,-154.67,0.00,2.60,0.0000,0.0000,0,collision
577,26,-154.86,0.00,2.60,0.0000,0.0000,0,collision
578,26,-155.28,0.00,2.60,0.0000,0.0000,0,collision
579,26,-154.34,0.00,2.60,0.0000,0.0000,0,collision
580,26,-155.90,0.00,2.60,0.0000,0.0000,0,collision
581,26,-154.67,0.00,2.60,0.0000,0.0000,0,collision
582,26,-154.53,0.00,2.60,0.0000,0.0000,0,collision
583,26,-155.46,0.00,2.60,0.0000,0.0000,0,collision
584,26,-155.53,0.00,2.60,0.0000,0.0000,0,collision
585,26,-156.31,0.00,2.60,0.0000,0.0000,0,collision
586,26,-155.24,0.00,2.60,0.0000,0.0000,0,collision
587,26,-154.58,0.00,2.60,0.0000,0.0000,0,collision
588,26,-155.10,0.00,2.60,0.0000,0.0000,0,collision
589,26,-154.77,0.00,2.60,0.0000,0.0000,0,collision
590,26,-155.00,0.00,2.60,0.0000,0.0000,0,collision
591,26,-155.24,0.00,2.60,0.0000,0.0000,0,collision
592,26,-154.22,0.00,2.60,0.0000,0.0000,0,collision
593,26,-155.94,0.00,2.60,0.0000,0.0000,0,collision
594,26,-155.66,0.00,2.60,0.0000,0.0000,0,collision
595,26,-154.01,0.00,2.60,0.0000,0.0000,0,collision
596,26,-154.81,0.00,2.60,0.0000,0.0000,0,collision
597,26,-155.22,0.00,2.60,0.0000,0.0000,0,collision
598,26,-155.13,0.00,2.60,0.0000,0.0000,0,collision
599,26,-155.40,0.00,2.60,0.0000,0.0000,0,collision
600,26,-155.15,0.00,2.60,0.0000,0.0000,0,collision
601,26,-155.57,0.00,2.60,0.0000,0.0000,0,collision
602,26,-155.62,0.00,2.60,0.0000,0.0000,0,collision
603,26,-155.21,0.00,2.60,0.0000,0.0000,0,collision
711,26,-154.90,0.00,2.60,0.0000,0.0000,0,collision
712,26,-154.70,0.00,2.60,0.0000,0.0000,0,collision
713,26,-155.87,0.00,2.60,0.0000,0.0000,0,collision
714,26,-154.83,0.00,2.60,0.0000,0.0000,0,collision
715,26,-154.69,0.00,2.60,0.0000,0.0000,0,collision
716,26,-154.88,0.00,2.60,0.0000,0.0000,0,collision
717,26,-155.15,0.00,2.60,0.0000,0.0000,0,collision
718,26,-154.73,0.00,2.60,0.0000,0.0000,0,collision
719,26,-154.51,0.00,2.60,0.0000,0.0000,0,collision
720,26,-154.91,0.00,2.60,0.0000,0.0000,0,collision
604,26,-154.91,0.00,2.60,0.0000,0.0000,0,collision
605,26,-154.27,0.00,2.60,0.0000,0.0000,0,collision
606,26,-153.98,0.00,2.60,0.0000,0.0000,0,collision
607,26,-154.81,0.00,2.60,0.0000,0.0000,0,collision
608,26,-156.36,0.00,2.60,0.0000,0.0000,0,collision
609,26,-154.29,0.00,2.60,0.0000,0.0000,0,collision
610,26,-154.29,0.00,2.60,0.0000,0.0000,0,collision
611,26,-154.48,0.00,2.60,0.0000,0.0000,0,collision
612,26,-155.67,0.00,2.60,0.0000,0.0000,0,collision
613,26,-155.27,0.00,2.60,0.0000,0.0000,0,collision
614,26,-154.99,0.00,2.60,0.0000,0.0000,0,collision
615,26,-155.44,0.00,2.60,0.0000,0.0000,0,collision
616,26,-155.51,0.00,2.60,0.0000,0.0000,0,collision
617,26,-155.00,0.00,2.60,0.0000,0.0000,0,collision
618,26,-154.65,0.00,2.60,0.0000,0.0000,0,collision
619,26,-154.37,0.00,2.60,0.0000,0.0000,0,collision
620,26,-154.29,0.00,2.60,0.0000,0.0000,0,collision
621,26,-154.79,0.00,2.60,0.0000,0.0000,0,collision
622,26,-155.24,0.00,2.60,0.0000,0.0000,0,collision
623,26,-154.95,0.00,2.60,0.0000,0.0000,0,collision
624,26,-154.62,0.00,2.60,0.0000,0.0000,0,collision
625,26,-154.45,0.00,2.60,0.0000,0.0000,0,collision
626,26,-154.11,0.00,2.60,0.0000,0.0000,0,collision
627,26,-155.89,0.00,2.60,0.0000,0.0000,0,collision
628,26,-155.23,0.00,2.60,0.0000,0.0000,0,collision
629,26,-154.83,0.00,2.60,0.0000,0.0000,0,collision
630,26,-155.13,0.00,2.60,0.0000,0.0000,0,collision
631,26,-154.66,0.00,2.60,0.0000,0.0000,0,collision
632,26,-154.86,0.00,2.60,0.0000,0.0000,0,collision
633,26,-155.48,0.00,2.60,0.0000,0.0000,0,collision
634,26,-154.59,0.00,2.60,0.0000,0.0000,0,collision
635,26,-154.53,0.00,2.60,0.0000,0.0000,0,collision
636,26,-155.55,0.00,2.60,0.0000,0.0000,0,collision
637,26,-156.18,0.00,2.60,0.0000,0.0000,0,collision
638,26,-154.59,0.00,2.60,0.0000,0.0000,0,collision
639,26,-155.05,0.00,2.60,0.0000,0.0000,0,collision
640,26,-154.89,0.00,2.60,0.0000,0.0000,0,collision
641,26,-154.85,0.00,2.60,0.0000,0.0000,0,collision
642,26,-154.86,0.00,2.60,0.0000,0.0000,0,collision
643,26,-154.43,0.00,2.60,0.0000,0.0000,0,collision
644,26,-154.56,0.00,2.60,0.0000,0.0000,0,collision
645,26,-155.62,0.00,2.60,0.0000,0.0000,0,collision
646,26,-154.71,0.00,2.60,0.0000,0.0000,0,collision
647,26,-154.40,0.00,2.60,0.0000,0.0000,0,collision
648,26,-154.33,0.00,2.60,0.0000,0.0000,0,collision
649,26,-154.03,0.00,2.60,0.0000,0.0000,0,collision
650,26,-155.16,0.00,2.60,0.0000,0.0000,0,collision
651,26,-154.43,0.00,2.60,0.0000,0.0000,0,collision
652,26,-154.86,0.00,2.60,0.0000,0.0000,0,collision
653,26,-154.52,0.00,2.60,0.0000,0.0000,0,collision
654,26,-154.58,0.00,2.60,0.0000,0.0000,0,collision
655,26,-154.36,0.00,2.60,0.0000,0.0000,0,collision
656,26,-155.10,0.00,2.60,0.0000,0.0000,0,collision
657,26,-155.00,0.00,2.60,0.0000,0.0000,0,collision
658,26,-155.30,0.00,2.60,0.0000,0.0000,0,collision
659,26,-155.22,0.00,2.60,0.0000,0.0000,0,collision
660,26,-154.04,0.00,2.60,0.0000,0.0000,0,collision
661,26,-154.22,0.00,2.60,0.0000,0.0000,0,collision
662,26,-154.85,0.00,2.60,0.0000,0.0000,0,collision
663,26,-155.25,0.00,2.60,0.0000,0.0000,0,collision
664,26,-154.52,0.00,2.60,0.0000,0.0000,0,collision
665,26,-154.34,0.00,2.60,0.0000,0.0000,0,collision
666,26,-154.87,0.00,2.60,0.0000,0.0000,0,collision
667,26,-155.09,0.00,2.60,0.0000,0.0000,0,collision
668,26,-154.85,0.00,2.60,0.0000,0.0000,0,collision
669,26,-154.44,0.00,2.60,0.0000,0.0000,0,collision
670,26,-155.03,0.00,2.60,0.0000,0.0000,0,collision
671,26,-155.12,0.00,2.60,0.0000,0.0000,0,collision
672,26,-154.91,0.00,2.60,0.0000,0.0000,0,collision
673,26,-155.11,0.00,2.60,0.0000,0.0000,0,collision
674,26,-154.77,0.00,2.60,0.0000,0.0000,0,collision
675,26,-154.46,0.00,2.60,0.0000,0.0000,0,collision
676,26,-154.96,0.00,2.60,0.0000,0.0000,0,collision
677,26,-155.31,0.00,2.60,0.0000,0.0000,0,collision
678,26,-154.72,0.00,2.60,0.0000,0.0000,0,collision
679,26,-154.26,0.00,2.60,0.0000,0.0000,0,collision
680,26,-154.42,0.00,2.60,0.0000,0.0000,0,collision
681,26,-154.55,0.00,2.60,0.0000,0.0000,0,collision
682,26,-154.51,0.00,2.60,0.0000,0.0000,0,collision
721,263,-78.96,4.24,102.53,0.0000,0.0451,0,collision
722,277,-76.72,4.03,136.18,0.0000,0.0363,0,collision
723,278,-82.81,4.01,114.36,0.0000,0.0771,0,collision
724,264,-79.08,4.22,116.00,0.0000,0.0424,0,collision
725,283,-76.06,3.94,131.00,0.0000,0.0757,0,collision
726,273,-77.83,4.09,114.15,0.0000,0.0389,0,collision
727,279,-78.88,3.99,119.80,0.0000,0.0771,0,collision
728,270,-80.18,4.13,126.84,0.0000,0.0409,0,collision
729,273,-76.09,4.09,131.14,0.0000,0.0372,0,collision
730,272,-76.53,4.10,113.06,0.0000,0.0388,0,collision
683,283,-83.45,3.95,143.79,0.0000,0.0756,0,collision
684,274,-75.60,4.07,118.25,0.0000,0.0369,0,collision
685,269,-81.41,4.14,120.22,0.0000,0.0449,0,collision
686,284,-78.62,3.93,137.35,0.0000,0.0733,0,collision
687,276,-78.47,4.04,141.89,0.0000,0.0338,0,collision
688,271,-77.79,4.11,109.66,0.0000,0.0408,0,collision
689,274,-77.36,4.07,134.11,0.0000,0.0359,0,collision
731,256,-83.82,4.35,123.60,0.0000,0.0471,0,collision
732,260,-83.53,4.29,129.07,0.0000,0.0451,0,collision
733,256,-84.23,4.35,124.87,0.0000,0.0458,0,collision
734,254,-86.11,4.40,125.63,0.0000,0.0476,0,collision
735,259,-82.15,4.31,115.87,0.0000,0.0443,0,collision
736,257,-80.45,4.34,128.99,0.0000,0.0468,0,collision
737,261,-80.00,4.28,126.14,0.0000,0.0465,0,collision
738,256,-81.17,4.36,136.26,0.0000,0.0464,0,collision
739,259,-81.16,4.30,121.42,0.0000,0.0481,0,collision
740,257,-84.19,4.34,133.87,0.0000,0.0458,0,collision
690,378,-51.62,4.31,185.33,0.0000,0.0391,0,collision
691,260,-80.04,4.29,120.98,0.0000,0.0456,0,collision
692,246,-84.82,4.53,119.43,0.0000,0.0481,0,collision
693,258,-82.73,4.33,130.45,0.0000,0.0475,0,collision
694,256,-84.47,4.36,135.22,0.0000,0.0465,0,collision
695,256,-82.65,4.37,116.17,0.0000,0.0460,0,collision
696,262,-82.25,4.24,145.83,0.0000,0.0419,0,collision
741,249,-80.24,4.47,117.28,0.0000,0.0490,0,collision
742,255,-81.12,4.38,120.80,0.0000,0.0473,0,collision
743,253,-85.55,4.41,122.38,0.0000,0.0470,0,collision
744,257,-83.53,4.34,114.94,0.0000,0.0439,0,collision
745,253,-85.95,4.40,120.85,0.0000,0.0463,0,collision
746,253,-84.18,4.40,119.02,0.0000,0.0474,0,collision
747,261,-81.43,4.26,129.45,0.0000,0.0441,0,collision
748,256,-82.29,4.36,129.18,0.0000,0.0459,0,collision
749,252,-82.23,4.42,120.44,0.0000,0.0432,0,collision
750,256,-81.74,4.36,139.05,0.0000,0.0453,0,collision
697,400,92.53,4.63,185.24,0.0000,0.0463,0,timeout
698,255,-82.15,4.36,121.77,0.0000,0.0465,0,collision
699,256,-87.04,4.35,130.60,0.0000,0.0440,0,collision
700,255,-83.41,4.36,127.75,0.0000,0.0469,0,collision
701,262,-81.92,4.26,137.46,0.0000,0.0464,0,collision
702,251,-82.75,4.45,129.48,0.0000,0.0473,0,collision
703,261,-82.64,4.27,134.10,0.0000,0.0456,0,collision
704,251,-83.44,4.45,110.61,0.0000,0.0477,0,collision
751,244,-91.44,4.56,119.51,0.0000,0.0452,0,collision
752,248,-88.23,4.50,128.01,0.0000,0.0449,0,collision
753,245,-90.70,4.56,129.75,0.0000,0.0442,0,collision
754,246,-82.94,4.53,119.29,0.0000,0.0440,0,collision
755,246,-86.52,4.53,132.63,0.0000,0.0467,0,collision
756,238,-89.65,4.68,136.24,0.0000,0.0452,0,collision
757,240,-87.44,4.63,120.00,0.0000,0.0474,0,collision
758,244,-84.57,4.57,120.11,0.0000,0.0451,0,collision
759,248,-85.55,4.49,121.47,0.0000,0.0465,0,collision
760,246,-86.56,4.53,120.03,0.0000,0.0467,0,collision
705,349,-57.63,4.64,179.74,0.0000,0.0398,0,collision
706,247,-84.78,4.52,130.64,0.0000,0.0464,0,collision
707,244,-86.85,4.57,128.80,0.0000,0.0465,0,collision
708,246,-84.25,4.54,116.10,0.0000,0.0441,0,collision
709,243,-87.46,4.58,134.50,0.0000,0.0494,0,collision
710,253,-82.38,4.40,135.50,0.0000,0.0469,0,collision
711,253,-83.27,4.41,132.96,0.0000,0.0441,0,collision
712,243,-85.64,4.58,119.98,0.0000,0.0455,0,collision
761,261,-79.62,4.27,126.49,0.0000,0.0443,0,collision
762,265,-81.59,4.20,111.54,0.0000,0.0444,0,collision
763,259,-84.97,4.31,114.97,0.0000,0.0421,0,collision
764,262,-82.27,4.25,138.92,0.0000,0.0462,0,collision
765,263,-82.76,4.24,133.29,0.0000,0.0433,0,collision
766,261,-82.80,4.26,127.27,0.0000,0.0462,0,collision
767,262,-83.13,4.25,120.52,0.0000,0.0449,0,collision
768,261,-82.45,4.26,113.44,0.0000,0.0450,0,collision
769,254,-80.33,4.39,131.01,0.0000,0.0453,0,collision
770,261,-81.44,4.27,121.87,0.0000,0.0441,0,collision
713,347,-55.53,4.29,168.03,0.0000,0.0318,0,collision
714,264,-82.77,4.22,112.48,0.0000,0.0438,0,collision
715,260,-84.92,4.29,132.21,0.0000,0.0451,0,collision
716,252,-82.22,4.43,112.23,0.0000,0.0444,0,collision
717,267,-80.99,4.17,138.45,0.0000,0.0452,0,collision
718,264,-82.04,4.23,126.15,0.0000,0.0455,0,collision
719,259,-85.33,4.30,136.38,0.0000,0.0443,0,collision
771,251,-82.03,4.43,155.07,0.0000,0.0460,0,collision
772,259,-81.25,4.30,132.35,0.0000,0.0441,0,collision
773,250,-84.41,4.46,103.30,0.0000,0.0440,0,collision
774,247,-82.31,4.51,127.02,0.0000,0.0428,0,collision
775,249,-83.72,4.49,110.13,0.0000,0.0412,0,collision
776,251,-83.69,4.44,131.13,0.0000,0.0427,0,collision
777,259,-79.48,4.30,115.23,0.0000,0.0429,0,collision
778,254,-84.58,4.39,121.37,0.0000,0.0423,0,collision
779,252,-81.34,4.42,127.42,0.0000,0.0443,0,collision
780,248,-81.66,4.49,133.02,0.0000,0.0434,0,collision
720,400,121.44,4.80,207.50,0.0000,0.0578,0,timeout
721,248,-84.81,4.51,117.94,0.0000,0.0442,0,collision
722,248,-88.23,4.51,143.25,0.0000,0.0447,0,collision
723,247,-85.66,4.52,121.47,0.0000,0.0466,0,collision
724,248,-83.50,4.49,126.53,0.0000,0.0418,0,collision
725,249,-84.96,4.48,130.21,0.0000,0.0411,0,collision
726,255,-82.02,4.36,123.41,0.0000,0.0463,0,collision
727,250,-83.96,4.45,125.48,0.0000,0.0416,0,collision
781,246,-83.11,4.53,105.67,0.0000,0.0443,0,collision
782,251,-84.06,4.44,130.90,0.0000,0.0447,0,collision
783,241,-86.48,4.62,132.63,0.0000,0.0435,0,collision
784,245,-83.98,4.55,129.89,0.0000,0.0470,0,collision
785,251,-84.78,4.45,134.22,0.0000,0.0479,0,collision
786,261,-78.70,4.28,122.77,0.0000,0.0466,0,collision
787,246,-85.59,4.52,124.63,0.0000,0.0431,0,collision
788,250,-83.65,4.47,131.41,0.0000,0.0445,0,collision
789,252,-81.78,4.43,125.72,0.0000,0.0441,0,collision
790,250,-83.18,4.45,122.18,0.0000,0.0453,0,collision
728,358,-52.82,4.70,189.34,0.0000,0.0342,0,collision
729,252,-83.16,4.44,127.86,0.0000,0.0462,0,collision
730,253,-81.41,4.42,129.27,0.0000,0.0458,0,collision
731,255,-80.85,4.37,132.49,0.0000,0.0438,0,collision
732,254,-84.68,4.40,130.93,0.0000,0.0429,0,collision
733,253,-83.76,4.41,138.27,0.0000,0.0452,0,collision
734,245,-83.59,4.56,112.11,0.0000,0.0421,0,collision
735,244,-83.81,4.56,117.62,0.0000,0.0431,0,collision
791,256,-82.80,4.36,136.09,0.0000,0.0437,0,collision
792,259,-84.24,4.30,129.53,0.0000,0.0466,0,collision
793,256,-81.63,4.36,118.93,0.0000,0.0458,0,collision
794,252,-81.93,4.43,119.24,0.0000,0.0464,0,collision
795,265,-79.16,4.20,136.69,0.0000,0.0441,0,collision
796,268,-74.83,4.16,115.85,0.0000,0.0465,0,collision
797,269,-81.00,4.15,120.93,0.0000,0.0446,0,collision
798,257,-82.45,4.34,118.56,0.0000,0.0461,0,collision
799,257,-83.27,4.33,123.68,0.0000,0.0465,0,collision
800,261,-78.34,4.27,129.83,0.0000,0.0452,0,collision
736,311,-69.41,4.19,164.52,0.0000,0.0388,0,collision
737,266,-74.57,4.20,124.24,0.0000,0.0437,0,collision
738,265,-78.00,4.20,117.60,0.0000,0.0449,0,collision
739,262,-76.45,4.25,104.44,0.0000,0.0437,0,collision
740,252,-81.93,4.42,121.96,0.0000,0.0435,0,collision
741,262,-79.44,4.26,142.96,0.0000,0.0430,0,collision
742,264,-79.48,4.22,128.96,0.0000,0.0445,0,collision
801,274,-76.24,4.07,123.42,0.0000,0.0422,0,collision
802,282,-74.74,3.96,118.21,0.0000,0.0350,0,collision
803,276,-77.60,4.04,122.06,0.0000,0.0391,0,collision
804,281,-74.19,3.97,122.50,0.0000,0.0413,0,collision
805,277,-70.50,4.03,115.41,0.0000,0.0404,0,collision
806,280,-75.07,3.99,122.95,0.0000,0.0349,0,collision
807,283,-75.51,3.95,147.97,0.0000,0.0352,0,collision
808,275,-78.76,4.05,135.62,0.0000,0.0402,0,collision
809,272,-72.03,4.10,119.38,0.0000,0.0426,0,collision
810,276,-76.86,4.04,121.19,0.0000,0.0395,0,collision
743,400,118.04,4.49,200.37,0.0000,0.0538,0,timeout
744,285,-71.94,3.92,125.69,0.0000,0.0368,0,collision
745,282,-72.51,3.95,129.62,0.0000,0.0388,0,collision
746,281,-74.52,3.97,126.99,0.0000,0.0367,0,collision
747,270,-80.03,4.12,131.66,0.0000,0.0415,0,collision
748,280,-71.70,3.99,120.18,0.0000,0.0373,0,collision
749,269,-77.76,4.15,137.21,0.0000,0.0447,0,collision
811,266,-82.45,4.20,132.20,0.0000,0.0404,0,collision
812,276,-77.99,4.04,114.52,0.0000,0.0438,0,collision
813,281,-76.08,3.97,115.53,0.0000,0.0377,0,collision
814,270,-80.80,4.13,147.41,0.0000,0.0424,0,collision
815,279,-77.31,4.00,132.34,0.0000,0.0447,0,collision
816,271,-75.36,4.11,114.65,0.0000,0.0447,0,collision
817,276,-79.53,4.05,136.20,0.0000,0.0432,0,collision
818,285,-75.39,3.91,135.75,0.0000,0.0372,0,collision
819,279,-76.80,4.00,131.10,0.0000,0.0397,0,collision
820,274,-80.77,4.07,118.62,0.0000,0.0445,0,collision
750,400,121.88,4.56,204.58,0.0000,0.0584,0,timeout
751,271,-77.89,4.12,95.14,0.0000,0.0443,0,collision
752,277,-73.31,4.03,126.86,0.0000,0.0419,0,collision
753,270,-78.70,4.12,128.10,0.0000,0.0429,0,collision
754,278,-73.63,4.01,124.55,0.0000,0.0414,0,collision
755,264,-80.28,4.22,133.57,0.0000,0.0422,0,collision
756,274,-73.28,4.07,130.54,0.0000,0.0437,0,collision
821,277,-76.78,4.04,135.66,0.0000,0.0424,0,collision
822,274,-77.72,4.07,142.16,0.0000,0.0413,0,collision
823,269,-74.36,4.15,124.40,0.0000,0.0452,0,collision
824,284,-72.56,3.93,125.50,0.0000,0.0405,0,collision
825,284,-71.80,3.93,128.74,0.0000,0.0384,0,collision
826,284,-73.69,3.93,140.10,0.0000,0.0373,0,collision
827,281,-76.30,3.98,119.73,0.0000,0.0371,0,collision
828,289,-72.21,3.86,123.43,0.0000,0.0366,0,collision
829,274,-75.89,4.07,129.32,0.0000,0.0420,0,collision
830,285,-70.94,3.91,126.63,0.0000,0.0400,0,collision
757,400,123.59,4.46,185.25,0.0000,0.0566,0,timeout
758,272,-76.59,4.10,129.17,0.0000,0.0454,0,collision
759,278,-75.92,4.01,124.45,0.0000,0.0409,0,collision
760,272,-74.33,4.10,109.99,0.0000,0.0448,0,collision
761,276,-75.21,4.04,119.79,0.0000,0.0444,0,collision
762,275,-73.84,4.06,138.19,0.0000,0.0432,0,collision
763,286,-73.78,3.90,134.70,0.0000,0.0400,0,collision
831,274,-74.82,4.07,110.65,0.0000,0.0434,0,collision
832,281,-69.37,3.96,127.38,0.0000,0.0420,0,collision
833,265,-78.00,4.20,134.20,0.0000,0.0400,0,collision
834,282,-73.63,3.95,131.35,0.0000,0.0421,0,collision
835,271,-71.71,4.12,112.88,0.0000,0.0407,0,collision
836,295,-65.87,3.79,125.95,0.0000,0.0344,0,collision
837,293,-70.70,3.80,136.20,0.0000,0.0354,0,collision
838,287,-70.61,3.88,112.42,0.0000,0.0419,0,collision
839,279,-72.15,3.99,101.74,0.0000,0.0386,0,collision
840,280,-72.89,3.99,112.68,0.0000,0.0392,0,collision
764,400,125.93,4.54,197.97,0.0000,0.0556,0,timeout
765,279,-72.74,4.00,122.75,0.0000,0.0414,0,collision
766,281,-71.32,3.97,123.09,0.0000,0.0417,0,collision
767,271,-77.01,4.12,139.03,0.0000,0.0396,0,collision
768,267,-76.40,4.18,128.82,0.0000,0.0405,0,collision
769,280,-68.98,3.98,113.09,0.0000,0.0395,0,collision
770,283,-70.01,3.94,114.66,0.0000,0.0398,0,collision
841,113,-257.25,0.04,11.51,0.0000,0.0000,0,collision
842,33,-162.76,0.01,3.32,0.0000,0.0000,0,collision
843,36,-165.79,0.02,3.62,0.0000,0.0000,0,collision
844,128,-278.54,0.03,12.99,0.0000,0.0000,0,collision
845,42,-175.80,0.00,4.21,0.0000,0.0000,0,collision
846,26,-155.16,0.00,2.60,0.0000,0.0000,0,collision
847,109,-258.09,0.04,11.72,0.0000,0.0000,0,collision
848,118,-265.14,0.03,11.98,0.0000,0.0000,0,collision
849,26,-154.68,0.00,2.60,0.0000,0.0000,0,collision
850,82,-220.85,0.04,8.37,0.0000,0.0000,0,collision
771,275,-165.01,3.26,98.94,0.0000,0.0396,0,collision
772,26,-154.08,0.00,2.60,0.0000,0.0000,0,collision
773,90,-232.43,0.02,9.11,0.0000,0.0000,0,collision
774,96,-237.50,0.03,9.76,0.0000,0.0000,0,collision
775,86,-222.14,0.04,8.77,0.0000,0.0000,0,collision
776,91,-227.09,0.05,9.33,0.0000,0.0000,0,collision
777,26,-154.90,0.00,2.60,0.0000,0.0000,0,collision
778,35,-164.18,0.01,3.52,0.0000,0.0000,0,collision
779,93,-233.08,0.05,9.83,0.0000,0.0000,0,collision
780,26,-154.89,0.00,2.60,0.0000,0.0000,0,collision
781,94,-236.28,0.04,9.56,0.0000,0.0000,0,collision
782,41,-173.00,0.00,4.11,0.0000,0.0000,0,collision
783,105,-249.96,0.04,10.77,0.0000,0.0000,0,collision
784,140,-293.54,0.03,14.24,0.0000,0.0000,0,collision
785,30,-159.44,0.02,3.03,0.0000,0.0000,0,collision
786,101,-246.08,0.02,10.22,0.0000,0.0000,0,collision
787,118,-265.93,0.04,12.07,0.0000,0.0000,0,collision
788,26,-154.87,0.00,2.60,0.0000,0.0000,0,collision
789,104,-250.41,0.03,10.57,0.0000,0.0000,0,collision
790,124,-273.70,0.03,12.57,0.0000,0.0000,0,collision
791,40,-171.03,0.02,4.04,0.0000,0.0000,0,collision
792,32,-161.65,0.01,3.21,0.0000,0.0000,0,collision
793,40,-171.92,0.00,4.01,0.0000,0.0000,0,collision
794,32,-160.89,0.01,3.21,0.0000,0.0000,0,collision
795,85,-221.60,0.04,8.64,0.0000,0.0000,0,collision
796,77,-212.29,0.04,7.85,0.0000,0.0000,0,collision
797,80,-217.54,0.04,8.25,0.0000,0.0000,0,collision
798,47,-179.33,0.01,4.72,0.0000,0.0000,0,collision
799,26,-154.22,0.00,2.60,0.0000,0.0000,0,collision
800,26,-154.39,0.00,2.60,0.0000,0.0000,0,collision
851,162,-315.05,0.04,16.48,0.0000,0.0000,0,collision
852,187,-350.01,0.04,19.04,0.0000,0.0000,0,collision
853,400,-490.25,0.03,40.78,0.0000,0.0000,0,timeout
854,26,-154.26,0.01,2.61,0.0000,0.0000,0,collision
855,124,-266.90,0.04,12.64,0.0000,0.0000,0,collision
856,163,-318.53,0.04,16.66,0.0000,0.0000,0,collision
857,142,-294.47,0.04,14.47,0.0000,0.0000,0,collision
858,84,-225.60,0.02,8.50,0.0000,0.0000,0,collision
859,33,-161.95,0.02,3.34,0.0000,0.0000,0,collision
860,112,-253.14,0.04,11.39,0.0000,0.0000,0,collision
801,69,-210.78,0.01,6.92,0.0000,0.0000,0,collision
802,218,-396.57,0.02,22.02,0.0000,0.0000,0,collision
803,180,-336.44,0.04,18.29,0.0000,0.0000,0,collision
804,286,-469.52,0.04,29.20,0.0000,0.0000,0,collision
805,28,-156.81,0.01,2.82,0.0000,0.0000,0,collision
806,91,-224.74,0.07,9.49,0.0000,0.0000,0,collision
807,325,-521.92,0.03,32.99,0.0000,0.0000,0,collision
808,36,-166.51,0.01,3.62,0.0000,0.0000,0,collision
809,371,-574.34,0.04,37.87,0.0000,0.0000,0,collision
810,141,-290.46,0.04,14.34,0.0000,0.0000,0,collision
811,270,-447.69,0.05,27.62,0.0000,0.0000,0,collision
861,192,-345.62,0.06,19.73,0.0000,0.0000,0,collision
862,400,-466.85,0.05,41.07,0.0000,0.0000,0,timeout
863,400,-468.75,0.04,40.84,0.0000,0.0000,0,timeout
864,400,-461.22,0.06,41.46,0.0000,0.0000,0,timeout
865,319,-484.07,0.06,32.91,0.0000,0.0000,0,collision
866,380,-570.23,0.06,39.03,0.0000,0.0000,0,collision
867,400,-469.15,0.05,41.14,0.0000,0.0000,0,timeout
868,288,-438.68,0.07,29.97,0.0000,0.0000,0,collision
869,372,-547.42,0.06,38.25,0.0000,0.0000,0,collision
870,267,-427.21,0.05,27.39,0.0000,0.0000,0,collision
812,400,-453.62,0.06,41.03,0.0000,0.0000,0,timeout
813,89,-222.03,0.08,9.28,0.0000,0.0000,0,collision
814,400,-475.37,0.05,41.06,0.0000,0.0000,0,timeout
815,272,-440.04,0.06,28.10,0.0000,0.0000,0,collision
816,293,-462.79,0.06,30.48,0.0000,0.0000,0,collision
817,205,-356.70,0.06,21.31,0.0000,0.0000,0,collision
818,190,-341.66,0.06,19.56,0.0000,0.0000,0,collision
871,400,-424.11,0.10,42.03,0.0000,0.0000,0,timeout
872,400,-437.54,0.08,41.89,0.0000,0.0000,0,timeout
873,300,-455.79,0.08,31.46,0.0000,0.0000,0,collision
874,400,-427.72,0.10,42.27,0.0000,0.0000,0,timeout
875,400,-412.30,0.11,42.74,0.0000,0.0000,0,timeout
876,400,-434.43,0.09,41.77,0.0000,0.0000,0,timeout
877,400,-430.74,0.09,41.91,0.0000,0.0000,0,timeout
878,400,-430.53,0.08,41.69,0.0000,0.0000,0,timeout
879,180,-309.21,0.10,18.95,0.0000,0.0000,0,collision
880,400,-438.47,0.09,42.28,0.0000,0.0000,0,timeout
819,400,-445.14,0.08,41.81,0.0000,0.0000,0,timeout
820,400,-436.49,0.09,41.96,0.0000,0.0000,0,timeout
821,400,-439.43,0.10,42.49,0.0000,0.0000,0,timeout
822,400,-437.20,0.09,41.88,0.0000,0.0000,0,timeout
823,400,-442.93,0.09,41.92,0.0000,0.0000,0,timeout
881,400,-412.69,0.11,42.72,0.0000,0.0000,0,timeout
882,400,-405.19,0.12,42.87,0.0000,0.0000,0,timeout
883,400,-409.58,0.12,42.72,0.0000,0.0000,0,timeout
884,400,-407.63,0.13,43.14,0.0000,0.0000,0,timeout
885,400,-409.74,0.12,43.37,0.0000,0.0000,0,timeout
886,400,-406.91,0.12,42.74,0.0000,0.0000,0,timeout
887,400,-418.82,0.11,42.94,0.0000,0.0000,0,timeout
888,400,-413.68,0.11,42.43,0.0000,0.0000,0,timeout
889,400,-417.36,0.11,42.46,0.0000,0.0000,0,timeout
890,400,-409.59,0.11,43.13,0.0000,0.0000,0,timeout
824,400,-430.71,0.10,42.00,0.0000,0.0000,0,timeout
825,400,-415.72,0.12,43.10,0.0000,0.0000,0,timeout
826,400,-410.28,0.11,42.53,0.0000,0.0000,0,timeout
827,400,-401.80,0.13,43.11,0.0000,0.0000,0,timeout
828,400,-406.99,0.12,43.13,0.0000,0.0000,0,timeout
891,400,-377.85,0.26,64.07,0.0000,0.0000,0,timeout
892,400,-369.14,0.16,43.78,0.0000,0.0000,0,timeout
893,400,-394.46,0.15,43.87,0.0000,0.0000,0,timeout
894,400,-388.50,0.15,43.66,0.0000,0.0000,0,timeout
895,400,-372.15,0.14,43.52,0.0000,0.0000,0,timeout
896,400,-385.32,0.15,43.67,0.0000,0.0000,0,timeout
897,400,-383.15,0.14,43.05,0.0000,0.0000,0,timeout
898,400,-378.38,0.16,43.84,0.0000,0.0000,0,timeout
899,400,-377.54,0.16,43.84,0.0000,0.0000,0,timeout
900,400,-369.41,0.16,43.55,0.0000,0.0000,0,timeout
829,400,-377.93,0.15,43.48,0.0000,0.0000,0,timeout
830,400,-381.10,0.15,43.46,0.0000,0.0000,0,timeout
831,400,-370.43,0.15,42.99,0.0000,0.0000,0,timeout
832,400,-317.99,0.63,53.93,0.0000,0.0000,0,timeout
833,400,-381.34,0.16,44.75,0.0000,0.0000,0,timeout
901,400,-120.69,2.04,130.31,0.0000,0.0313,0,timeout
902,400,-165.61,1.68,99.55,0.0000,0.0144,0,timeout
903,400,-116.93,1.95,111.96,0.0000,0.0291,0,timeout
904,400,-130.10,1.92,114.44,0.0000,0.0310,0,timeout
905,400,-105.20,2.01,120.82,0.0000,0.0303,0,timeout
906,400,-138.85,1.84,108.94,0.0000,0.0250,0,timeout
907,400,-170.92,1.60,120.79,0.0000,0.0109,0,timeout
908,400,-134.43,1.99,125.97,0.0000,0.0311,0,timeout
909,400,-180.31,1.54,121.77,0.0000,0.0137,0,timeout
910,400,-183.33,1.55,104.56,0.0000,0.0099,0,timeout
834,400,-374.08,0.15,43.69,0.0000,0.0000,0,timeout
835,400,-112.29,1.99,119.85,0.0000,0.0290,0,timeout
836,400,-139.31,1.72,106.92,0.0000,0.0181,0,timeout
837,400,-124.57,1.99,110.39,0.0000,0.0328,0,timeout
838,400,-148.46,1.87,105.19,0.0000,0.0254,0,timeout
839,400,-146.59,1.79,109.05,0.0000,0.0217,0,timeout
911,400,-299.26,0.77,74.24,0.0000,0.0000,0,timeout
912,400,-225.37,1.27,90.86,0.0000,0.0157,0,timeout
913,400,-239.90,1.19,114.88,0.0000,0.0096,0,timeout
914,400,-241.04,1.16,93.62,0.0000,0.0094,0,timeout
915,400,-240.62,1.21,93.28,0.0000,0.0134,0,timeout
916,400,-279.32,0.89,74.44,0.0000,0.0000,0,timeout
917,400,-194.46,1.46,98.22,0.0000,0.0133,0,timeout
918,400,-216.59,1.20,88.85,0.0000,0.0130,0,timeout
919,400,-223.66,1.25,96.82,0.0000,0.0169,0,timeout
920,400,-247.29,1.11,83.34,0.0000,0.0061,0,timeout
840,400,-227.32,1.11,96.12,0.0000,0.0039,0,timeout
841,400,-216.25,1.27,108.64,0.0000,0.0179,0,timeout
842,400,-209.10,1.29,104.20,0.0000,0.0171,0,timeout
843,400,-206.90,1.33,107.23,0.0000,0.0170,0,timeout
844,400,-263.08,0.98,87.57,0.0000,0.0000,0,timeout
921,26,-154.74,0.00,2.60,0.0000,0.0000,0,collision
922,106,-245.82,0.04,10.80,0.0000,0.0000,0,collision
923,82,-220.51,0.04,8.35,0.0000,0.0000,0,collision
924,99,-249.22,0.02,9.98,0.0000,0.0000,0,collision
925,105,-251.35,0.03,10.65,0.0000,0.0000,0,collision
926,128,-279.52,0.03,12.98,0.0000,0.0000,0,collision
927,39,-170.51,0.02,3.93,0.0000,0.0000,0,collision
928,33,-164.36,0.00,3.31,0.0000,0.0000,0,collision
929,140,-293.57,0.03,14.20,0.0000,0.0000,0,collision
930,114,-265.03,0.03,11.55,0.0000,0.0000,0,collision
845,134,-245.18,0.19,15.15,0.0000,0.0000,0,collision
846,87,-227.24,0.04,8.95,0.0000,0.0000,0,collision
847,151,-310.54,0.03,15.33,0.0000,0.0000,0,collision
848,189,-358.23,0.02,19.09,0.0000,0.0000,0,collision
849,26,-154.59,0.00,2.60,0.0000,0.0000,0,collision
850,126,-275.08,0.04,12.84,0.0000,0.0000,0,collision
851,270,-460.63,0.03,27.33,0.0000,0.0000,0,collision
852,26,-154.33,0.00,2.60,0.0000,0.0000,0,collision
853,26,-154.35,0.00,2.61,0.0000,0.0000,0,collision
854,126,-278.04,0.04,12.84,0.0000,0.0000,0,collision
855,195,-365.01,0.02,19.71,0.0000,0.0000,0,collision
856,207,-382.29,0.03,20.96,0.0000,0.0000,0,collision
857,155,-319.76,0.02,15.64,0.0000,0.0000,0,collision
858,289,-485.12,0.03,29.42,0.0000,0.0000,0,collision
859,79,-220.36,0.04,8.07,0.0000,0.0000,0,collision
931,26,-154.70,0.00,2.60,0.0000,0.0000,0,collision
932,26,-154.48,0.00,2.60,0.0000,0.0000,0,collision
933,26,-154.65,0.00,2.60,0.0000,0.0000,0,collision
934,26,-155.72,0.00,2.60,0.0000,0.0000,0,collision
935,26,-155.31,0.00,2.60,0.0000,0.0000,0,collision
936,26,-155.98,0.00,2.60,0.0000,0.0000,0,collision
937,26,-156.21,0.00,2.60,0.0000,0.0000,0,collision
938,26,-154.81,0.00,2.60,0.0000,0.0000,0,collision
939,26,-155.38,0.00,2.60,0.0000,0.0000,0,collision
940,26,-154.83,0.00,2.60,0.0000,0.0000,0,collision
860,81,-225.25,0.01,8.16,0.0000,0.0000,0,collision
861,26,-153.85,0.00,2.60,0.0000,0.0000,0,collision
862,26,-155.59,0.00,2.60,0.0000,0.0000,0,collision
863,26,-154.83,0.00,2.60,0.0000,0.0000,0,collision
864,26,-155.20,0.00,2.60,0.0000,0.0000,0,collision
865,26,-153.99,0.00,2.60,0.0000,0.0000,0,collision
866,26,-154.33,0.00,2.60,0.0000,0.0000,0,collision
867,26,-154.59,0.00,2.60,0.0000,0.0000,0,collision
868,26,-154.35,0.00,2.60,0.0000,0.0000,0,collision
869,26,-155.54,0.00,2.60,0.0000,0.0000,0,collision
870,26,-154.46,0.00,2.60,0.0000,0.0000,0,collision
871,26,-155.09,0.00,2.60,0.0000,0.0000,0,collision
872,26,-155.26,0.00,2.60,0.0000,0.0000,0,collision
873,26,-154.27,0.00,2.60,0.0000,0.0000,0,collision
874,26,-154.80,0.00,2.60,0.0000,0.0000,0,collision
875,26,-154.69,0.00,2.60,0.0000,0.0000,0,collision
876,26,-155.46,0.00,2.60,0.0000,0.0000,0,collision
877,26,-154.14,0.00,2.60,0.0000,0.0000,0,collision
878,26,-155.03,0.00,2.60,0.0000,0.0000,0,collision
879,26,-154.35,0.00,2.60,0.0000,0.0000,0,collision
880,26,-155.98,0.00,2.60,0.0000,0.0000,0,collision
881,49,-185.11,0.00,4.91,0.0000,0.0000,0,collision
882,26,-154.29,0.00,2.60,0.0000,0.0000,0,collision
883,26,-154.79,0.00,2.60,0.0000,0.0000,0,collision
884,26,-155.09,0.00,2.60,0.0000,0.0000,0,collision
885,26,-154.49,0.00,2.60,0.0000,0.0000,0,collision
886,26,-154.79,0.00,2.60,0.0000,0.0000,0,collision
887,26,-154.84,0.00,2.60,0.0000,0.0000,0,collision
888,26,-154.40,0.00,2.60,0.0000,0.0000,0,collision
889,26,-155.82,0.00,2.60,0.0000,0.0000,0,collision
890,26,-154.55,0.00,2.60,0.0000,0.0000,0,collision
891,26,-155.12,0.00,2.60,0.0000,0.0000,0,collision
892,26,-154.95,0.00,2.60,0.0000,0.0000,0,collision
893,26,-155.35,0.00,2.60,0.0000,0.0000,0,collision
894,26,-155.61,0.00,2.60,0.0000,0.0000,0,collision
895,26,-154.53,0.00,2.60,0.0000,0.0000,0,collision
896,26,-155.01,0.00,2.60,0.0000,0.0000,0,collision
897,26,-155.07,0.00,2.60,0.0000,0.0000,0,collision
898,26,-154.59,0.00,2.60,0.0000,0.0000,0,collision
899,26,-153.90,0.00,2.60,0.0000,0.0000,0,collision
900,26,-154.92,0.00,2.60,0.0000,0.0000,0,collision
901,26,-155.64,0.00,2.60,0.0000,0.0000,0,collision
902,26,-154.67,0.00,2.60,0.0000,0.0000,0,collision
903,30,-159.92,0.00,3.01,0.0000,0.0000,0,collision
904,26,-154.84,0.00,2.60,0.0000,0.0000,0,collision
905,26,-154.73,0.00,2.60,0.0000,0.0000,0,collision
906,26,-155.31,0.00,2.60,0.0000,0.0000,0,collision
907,26,-155.46,0.00,2.60,0.0000,0.0000,0,collision
908,26,-154.49,0.00,2.60,0.0000,0.0000,0,collision
909,26,-155.14,0.00,2.60,0.0000,0.0000,0,collision
910,26,-154.17,0.00,2.60,0.0000,0.0000,0,collision
911,26,-154.65,0.00,2.60,0.0000,0.0000,0,collision
912,26,-155.32,0.00,2.60,0.0000,0.0000,0,collision
913,26,-154.92,0.00,2.60,0.0000,0.0000,0,collision
914,26,-155.41,0.00,2.60,0.0000,0.0000,0,collision
915,26,-155.15,0.00,2.60,0.0000,0.0000,0,collision
916,26,-155.80,0.00,2.60,0.0000,0.0000,0,collision
917,26,-155.50,0.00,2.60,0.0000,0.0000,0,collision
918,26,-154.33,0.00,2.60,0.0000,0.0000,0,collision
919,26,-155.66,0.00,2.60,0.0000,0.0000,0,collision
920,26,-154.26,0.00,2.60,0.0000,0.0000,0,collision
921,26,-154.88,0.00,2.60,0.0000,0.0000,0,collision
922,26,-154.74,0.00,2.60,0.0000,0.0000,0,collision
923,26,-155.88,0.00,2.60,0.0000,0.0000,0,collision
924,26,-155.06,0.00,2.60,0.0000,0.0000,0,collision
925,26,-154.42,0.00,2.60,0.0000,0.0000,0,collision
926,26,-154.97,0.00,2.60,0.0000,0.0000,0,collision
927,26,-155.02,0.00,2.60,0.0000,0.0000,0,collision
928,26,-154.17,0.00,2.60,0.0000,0.0000,0,collision
929,26,-155.48,0.00,2.60,0.0000,0.0000,0,collision
930,26,-154.95,0.00,2.60,0.0000,0.0000,0,collision
931,26,-155.19,0.00,2.60,0.0000,0.0000,0,collision
932,26,-154.75,0.00,2.60,0.0000,0.0000,0,collision
933,26,-155.86,0.00,2.60,0.0000,0.0000,0,collision
934,26,-154.34,0.00,2.60,0.0000,0.0000,0,collision
935,26,-154.59,0.00,2.60,0.0000,0.0000,0,collision
936,26,-154.59,0.00,2.60,0.0000,0.0000,0,collision
941,26,-155.55,0.00,2.60,0.0000,0.0000,0,collision
942,26,-154.82,0.00,2.60,0.0000,0.0000,0,collision
943,26,-154.70,0.00,2.60,0.0000,0.0000,0,collision
944,26,-154.97,0.00,2.60,0.0000,0.0000,0,collision
945,26,-155.20,0.00,2.60,0.0000,0.0000,0,collision
946,26,-155.24,0.00,2.60,0.0000,0.0000,0,collision
947,26,-154.74,0.00,2.60,0.0000,0.0000,0,collision
948,26,-155.10,0.00,2.60,0.0000,0.0000,0,collision
949,26,-155.31,0.00,2.60,0.0000,0.0000,0,collision
950,26,-155.11,0.00,2.60,0.0000,0.0000,0,collision
937,26,-155.36,0.00,2.60,0.0000,0.0000,0,collision
938,26,-154.61,0.00,2.60,0.0000,0.0000,0,collision
939,26,-154.88,0.00,2.60,0.0000,0.0000,0,collision
940,26,-155.61,0.00,2.60,0.0000,0.0000,0,collision
941,26,-154.70,0.00,2.60,0.0000,0.0000,0,collision
942,26,-156.05,0.00,2.60,0.0000,0.0000,0,collision
943,26,-154.58,0.00,2.60,0.0000,0.0000,0,collision
944,26,-155.08,0.00,2.60,0.0000,0.0000,0,collision
945,26,-155.49,0.00,2.60,0.0000,0.0000,0,collision
946,26,-154.96,0.00,2.60,0.0000,0.0000,0,collision
947,26,-155.69,0.00,2.60,0.0000,0.0000,0,collision
948,26,-155.35,0.00,2.60,0.0000,0.0000,0,collision
949,26,-155.27,0.00,2.60,0.0000,0.0000,0,collision
950,26,-154.78,0.00,2.60,0.0000,0.0000,0,collision
951,26,-154.97,0.00,2.60,0.0000,0.0000,0,collision
952,26,-155.41,0.00,2.60,0.0000,0.0000,0,collision
953,26,-155.07,0.00,2.60,0.0000,0.0000,0,collision
954,26,-155.56,0.00,2.60,0.0000,0.0000,0,collision
955,26,-155.42,0.00,2.60,0.0000,0.0000,0,collision
956,26,-155.93,0.00,2.60,0.0000,0.0000,0,collision
957,26,-155.25,0.00,2.60,0.0000,0.0000,0,collision
958,26,-154.79,0.00,2.60,0.0000,0.0000,0,collision
959,26,-154.89,0.00,2.60,0.0000,0.0000,0,collision
960,26,-155.12,0.00,2.60,0.0000,0.0000,0,collision
961,26,-155.01,0.00,2.60,0.0000,0.0000,0,collision
962,26,-155.80,0.00,2.60,0.0000,0.0000,0,collision
963,26,-154.75,0.00,2.60,0.0000,0.0000,0,collision
964,26,-155.42,0.00,2.60,0.0000,0.0000,0,collision
965,26,-154.86,0.00,2.60,0.0000,0.0000,0,collision
966,26,-154.87,0.00,2.60,0.0000,0.0000,0,collision
967,26,-154.14,0.00,2.60,0.0000,0.0000,0,collision
968,26,-155.62,0.00,2.60,0.0000,0.0000,0,collision
969,26,-155.92,0.00,2.60,0.0000,0.0000,0,collision
970,26,-154.45,0.00,2.60,0.0000,0.0000,0,collision
971,26,-154.72,0.00,2.60,0.0000,0.0000,0,collision
972,26,-155.71,0.00,2.60,0.0000,0.0000,0,collision
973,26,-154.53,0.00,2.60,0.0000,0.0000,0,collision
974,26,-155.55,0.00,2.60,0.0000,0.0000,0,collision
975,26,-156.18,0.00,2.60,0.0000,0.0000,0,collision
976,26,-154.94,0.00,2.60,0.0000,0.0000,0,collision
977,26,-154.60,0.00,2.60,0.0000,0.0000,0,collision
978,26,-154.92,0.00,2.60,0.0000,0.0000,0,collision
979,26,-155.17,0.00,2.60,0.0000,0.0000,0,collision
980,26,-154.77,0.00,2.60,0.0000,0.0000,0,collision
981,26,-154.96,0.00,2.60,0.0000,0.0000,0,collision
982,26,-155.55,0.00,2.60,0.0000,0.0000,0,collision
983,26,-155.12,0.00,2.60,0.0000,0.0000,0,collision
984,26,-155.23,0.00,2.60,0.0000,0.0000,0,collision
985,26,-155.97,0.00,2.60,0.0000,0.0000,0,collision
986,26,-154.89,0.00,2.60,0.0000,0.0000,0,collision
987,26,-155.17,0.00,2.60,0.0000,0.0000,0,collision
988,26,-155.31,0.00,2.60,0.0000,0.0000,0,collision
989,26,-154.47,0.00,2.60,0.0000,0.0000,0,collision
990,26,-155.46,0.00,2.60,0.0000,0.0000,0,collision
991,26,-155.88,0.00,2.60,0.0000,0.0000,0,collision
992,26,-155.32,0.00,2.60,0.0000,0.0000,0,collision
993,26,-155.11,0.00,2.60,0.0000,0.0000,0,collision
994,26,-155.59,0.00,2.60,0.0000,0.0000,0,collision
995,26,-156.35,0.00,2.60,0.0000,0.0000,0,collision
996,26,-156.04,0.00,2.60,0.0000,0.0000,0,collision
997,26,-155.18,0.00,2.60,0.0000,0.0000,0,collision
998,26,-155.98,0.00,2.60,0.0000,0.0000,0,collision
999,26,-156.30,0.00,2.60,0.0000,0.0000,0,collision
1000,26,-155.97,0.00,2.60,0.0000,0.0000,0,collision
1001,26,-154.43,0.00,2.60,0.0000,0.0000,0,collision
1002,26,-154.89,0.00,2.60,0.0000,0.0000,0,collision
1003,26,-155.62,0.00,2.60,0.0000,0.0000,0,collision
1004,26,-155.38,0.00,2.60,0.0000,0.0000,0,collision
1005,26,-154.45,0.00,2.60,0.0000,0.0000,0,collision
1006,26,-155.96,0.00,2.60,0.0000,0.0000,0,collision
1007,26,-155.87,0.00,2.60,0.0000,0.0000,0,collision
1008,26,-154.76,0.00,2.60,0.0000,0.0000,0,collision
1009,26,-154.48,0.00,2.60,0.0000,0.0000,0,collision
1010,26,-155.52,0.00,2.60,0.0000,0.0000,0,collision
1011,26,-154.82,0.00,2.60,0.0000,0.0000,0,collision
1012,26,-155.61,0.00,2.60,0.0000,0.0000,0,collision
1013,26,-154.52,0.00,2.60,0.0000,0.0000,0,collision
1014,26,-155.43,0.00,2.60,0.0000,0.0000,0,collision
1015,26,-154.81,0.00,2.60,0.0000,0.0000,0,collision
951,26,-155.02,0.00,2.60,0.0000,0.0000,0,collision
952,26,-154.96,0.00,2.60,0.0000,0.0000,0,collision
953,26,-154.93,0.00,2.60,0.0000,0.0000,0,collision
954,26,-155.48,0.00,2.60,0.0000,0.0000,0,collision
955,26,-155.30,0.00,2.60,0.0000,0.0000,0,collision
956,26,-155.36,0.00,2.60,0.0000,0.0000,0,collision
957,26,-154.94,0.00,2.60,0.0000,0.0000,0,collision
958,26,-155.13,0.00,2.60,0.0000,0.0000,0,collision
959,26,-154.84,0.00,2.60,0.0000,0.0000,0,collision
960,26,-155.19,0.00,2.60,0.0000,0.0000,0,collision
1016,26,-154.30,0.00,2.60,0.0000,0.0000,0,collision
1017,26,-154.70,0.00,2.60,0.0000,0.0000,0,collision
1018,26,-155.50,0.00,2.60,0.0000,0.0000,0,collision
1019,26,-155.02,0.00,2.60,0.0000,0.0000,0,collision
1020,26,-154.43,0.00,2.60,0.0000,0.0000,0,collision
1021,26,-154.50,0.00,2.60,0.0000,0.0000,0,collision
1022,26,-154.98,0.00,2.60,0.0000,0.0000,0,collision
1023,26,-154.03,0.00,2.60,0.0000,0.0000,0,collision
1024,26,-154.98,0.00,2.60,0.0000,0.0000,0,collision
1025,26,-154.55,0.00,2.60,0.0000,0.0000,0,collision
1026,26,-156.18,0.00,2.60,0.0000,0.0000,0,collision
1027,26,-155.52,0.00,2.60,0.0000,0.0000,0,collision
1028,26,-155.05,0.00,2.60,0.0000,0.0000,0,collision
1029,26,-155.57,0.00,2.60,0.0000,0.0000,0,collision
1030,26,-154.91,0.00,2.60,0.0000,0.0000,0,collision
1031,26,-155.07,0.00,2.60,0.0000,0.0000,0,collision
1032,26,-154.90,0.00,2.60,0.0000,0.0000,0,collision
1033,26,-154.71,0.00,2.60,0.0000,0.0000,0,collision
1034,26,-156.10,0.00,2.60,0.0000,0.0000,0,collision
1035,26,-154.62,0.00,2.60,0.0000,0.0000,0,collision
1036,26,-154.90,0.00,2.60,0.0000,0.0000,0,collision
1037,26,-155.18,0.00,2.60,0.0000,0.0000,0,collision
1038,26,-155.18,0.00,2.60,0.0000,0.0000,0,collision
1039,26,-154.99,0.00,2.60,0.0000,0.0000,0,collision
1040,26,-156.09,0.00,2.60,0.0000,0.0000,0,collision
1041,26,-156.18,0.00,2.60,0.0000,0.0000,0,collision
1042,26,-154.68,0.00,2.60,0.0000,0.0000,0,collision
1043,26,-154.85,0.00,2.60,0.0000,0.0000,0,collision
1044,26,-155.28,0.00,2.60,0.0000,0.0000,0,collision
1045,26,-155.07,0.00,2.60,0.0000,0.0000,0,collision
1046,26,-154.88,0.00,2.60,0.0000,0.0000,0,collision
1047,26,-154.10,0.00,2.60,0.0000,0.0000,0,collision
1048,26,-154.12,0.00,2.60,0.0000,0.0000,0,collision
1049,26,-154.63,0.00,2.60,0.0000,0.0000,0,collision
1050,26,-155.30,0.00,2.60,0.0000,0.0000,0,collision
1051,26,-154.86,0.00,2.60,0.0000,0.0000,0,collision
1052,26,-155.48,0.00,2.60,0.0000,0.0000,0,collision
1053,26,-154.74,0.00,2.60,0.0000,0.0000,0,collision
1054,26,-154.59,0.00,2.60,0.0000,0.0000,0,collision
1055,26,-154.87,0.00,2.60,0.0000,0.0000,0,collision
1056,26,-154.88,0.00,2.60,0.0000,0.0000,0,collision
1057,26,-155.42,0.00,2.60,0.0000,0.0000,0,collision
1058,26,-155.58,0.00,2.60,0.0000,0.0000,0,collision
1059,26,-156.03,0.00,2.60,0.0000,0.0000,0,collision
1060,26,-155.12,0.00,2.60,0.0000,0.0000,0,collision
1061,26,-154.62,0.00,2.60,0.0000,0.0000,0,collision
1062,26,-155.08,0.00,2.60,0.0000,0.0000,0,collision
1063,26,-154.27,0.00,2.60,0.0000,0.0000,0,collision
1064,26,-154.93,0.00,2.60,0.0000,0.0000,0,collision
1065,26,-155.33,0.00,2.60,0.0000,0.0000,0,collision
1066,26,-155.22,0.00,2.60,0.0000,0.0000,0,collision
1067,26,-154.86,0.00,2.60,0.0000,0.0000,0,collision
1068,26,-155.46,0.00,2.60,0.0000,0.0000,0,collision
1069,26,-155.92,0.00,2.60,0.0000,0.0000,0,collision
1070,26,-155.12,0.00,2.60,0.0000,0.0000,0,collision
1071,26,-155.00,0.00,2.60,0.0000,0.0000,0,collision
1072,26,-154.62,0.00,2.60,0.0000,0.0000,0,collision
1073,26,-154.18,0.00,2.60,0.0000,0.0000,0,collision
1074,26,-155.36,0.00,2.60,0.0000,0.0000,0,collision
1075,26,-154.55,0.00,2.60,0.0000,0.0000,0,collision
1076,26,-155.00,0.00,2.60,0.0000,0.0000,0,collision
1077,26,-155.25,0.00,2.60,0.0000,0.0000,0,collision
1078,26,-154.68,0.00,2.60,0.0000,0.0000,0,collision
1079,26,-155.26,0.00,2.60,0.0000,0.0000,0,collision
1080,26,-155.18,0.00,2.60,0.0000,0.0000,0,collision
1081,26,-155.37,0.00,2.60,0.0000,0.0000,0,collision
1082,26,-155.26,0.00,2.60,0.0000,0.0000,0,collision
1083,26,-155.40,0.00,2.60,0.0000,0.0000,0,collision
1084,26,-154.39,0.00,2.60,0.0000,0.0000,0,collision
1085,26,-154.45,0.00,2.60,0.0000,0.0000,0,collision
1086,26,-154.83,0.00,2.60,0.0000,0.0000,0,collision
1087,26,-154.60,0.00,2.60,0.0000,0.0000,0,collision
1088,26,-154.95,0.00,2.60,0.0000,0.0000,0,collision
1089,26,-154.87,0.00,2.60,0.0000,0.0000,0,collision
1090,26,-154.95,0.00,2.60,0.0000,0.0000,0,collision
1091,26,-155.51,0.00,2.60,0.0000,0.0000,0,collision
1092,26,-155.86,0.00,2.60,0.0000,0.0000,0,collision
1093,26,-155.25,0.00,2.60,0.0000,0.0000,0,collision
1094,26,-154.54,0.00,2.60,0.0000,0.0000,0,collision
961,26,-154.71,0.00,2.60,0.0000,0.0000,0,collision
962,26,-156.16,0.00,2.60,0.0000,0.0000,0,collision
963,26,-155.12,0.00,2.60,0.0000,0.0000,0,collision
964,26,-155.73,0.00,2.60,0.0000,0.0000,0,collision
965,26,-154.45,0.00,2.60,0.0000,0.0000,0,collision
966,26,-154.75,0.00,2.60,0.0000,0.0000,0,collision
967,26,-153.83,0.00,2.60,0.0000,0.0000,0,collision
968,26,-154.40,0.00,2.60,0.0000,0.0000,0,collision
969,26,-155.16,0.00,2.60,0.0000,0.0000,0,collision
970,26,-153.85,0.00,2.60,0.0000,0.0000,0,collision
1095,26,-155.76,0.00,2.60,0.0000,0.0000,0,collision
1096,26,-155.81,0.00,2.60,0.0000,0.0000,0,collision
1097,26,-155.33,0.00,2.60,0.0000,0.0000,0,collision
1098,26,-155.46,0.00,2.60,0.0000,0.0000,0,collision
1099,26,-154.75,0.00,2.60,0.0000,0.0000,0,collision
1100,26,-153.57,0.00,2.60,0.0000,0.0000,0,collision
1101,26,-155.06,0.00,2.60,0.0000,0.0000,0,collision
1102,26,-154.39,0.00,2.60,0.0000,0.0000,0,collision
1103,26,-153.97,0.00,2.60,0.0000,0.0000,0,collision
1104,26,-154.56,0.00,2.60,0.0000,0.0000,0,collision
1105,26,-155.22,0.00,2.60,0.0000,0.0000,0,collision
1106,26,-154.01,0.00,2.60,0.0000,0.0000,0,collision
1107,26,-154.75,0.00,2.60,0.0000,0.0000,0,collision
1108,26,-154.39,0.00,2.60,0.0000,0.0000,0,collision
1109,26,-155.14,0.00,2.60,0.0000,0.0000,0,collision
1110,26,-154.71,0.00,2.60,0.0000,0.0000,0,collision
1111,26,-154.51,0.00,2.60,0.0000,0.0000,0,collision
1112,26,-153.94,0.00,2.60,0.0000,0.0000,0,collision
1113,26,-154.22,0.00,2.60,0.0000,0.0000,0,collision
1114,26,-154.65,0.00,2.60,0.0000,0.0000,0,collision
1115,26,-154.02,0.00,2.60,0.0000,0.0000,0,collision
1116,26,-154.23,0.00,2.60,0.0000,0.0000,0,collision
1117,26,-154.36,0.00,2.60,0.0000,0.0000,0,collision
1118,26,-154.49,0.00,2.60,0.0000,0.0000,0,collision
1119,26,-154.67,0.00,2.60,0.0000,0.0000,0,collision
1120,26,-154.73,0.00,2.60,0.0000,0.0000,0,collision
1121,26,-155.09,0.00,2.60,0.0000,0.0000,0,collision
1122,26,-154.71,0.00,2.60,0.0000,0.0000,0,collision
1123,26,-154.07,0.00,2.60,0.0000,0.0000,0,collision
1124,26,-155.23,0.00,2.60,0.0000,0.0000,0,collision
1125,26,-154.44,0.00,2.60,0.0000,0.0000,0,collision
1126,26,-155.23,0.00,2.60,0.0000,0.0000,0,collision
1127,26,-154.96,0.00,2.60,0.0000,0.0000,0,collision
1128,26,-154.24,0.00,2.60,0.0000,0.0000,0,collision
1129,26,-155.13,0.00,2.60,0.0000,0.0000,0,collision
1130,26,-155.45,0.00,2.60,0.0000,0.0000,0,collision
1131,26,-155.48,0.00,2.60,0.0000,0.0000,0,collision
1132,26,-154.81,0.00,2.60,0.0000,0.0000,0,collision
1133,43,-177.76,0.01,4.31,0.0000,0.0000,0,collision
1134,26,-154.92,0.00,2.60,0.0000,0.0000,0,collision
1135,26,-155.25,0.00,2.60,0.0000,0.0000,0,collision
1136,26,-154.40,0.00,2.60,0.0000,0.0000,0,collision
1137,26,-154.10,0.00,2.60,0.0000,0.0000,0,collision
1138,26,-154.89,0.00,2.60,0.0000,0.0000,0,collision
1139,26,-154.95,0.00,2.60,0.0000,0.0000,0,collision
1140,26,-154.64,0.00,2.60,0.0000,0.0000,0,collision
1141,26,-155.19,0.00,2.60,0.0000,0.0000,0,collision
1142,26,-154.76,0.00,2.60,0.0000,0.0000,0,collision
1143,26,-154.42,0.00,2.60,0.0000,0.0000,0,collision
1144,26,-155.24,0.00,2.60,0.0000,0.0000,0,collision
1145,26,-155.31,0.00,2.60,0.0000,0.0000,0,collision
1146,26,-154.91,0.00,2.60,0.0000,0.0000,0,collision
1147,26,-154.25,0.00,2.60,0.0000,0.0000,0,collision
1148,26,-154.53,0.00,2.60,0.0000,0.0000,0,collision
1149,26,-155.17,0.00,2.60,0.0000,0.0000,0,collision
1150,26,-155.66,0.00,2.60,0.0000,0.0000,0,collision
1151,26,-154.24,0.00,2.60,0.0000,0.0000,0,collision
1152,26,-154.03,0.00,2.60,0.0000,0.0000,0,collision
1153,26,-155.23,0.00,2.60,0.0000,0.0000,0,collision
1154,26,-154.11,0.00,2.60,0.0000,0.0000,0,collision
1155,26,-154.60,0.00,2.60,0.0000,0.0000,0,collision
1156,26,-154.06,0.00,2.60,0.0000,0.0000,0,collision
1157,26,-154.30,0.00,2.60,0.0000,0.0000,0,collision
1158,26,-154.42,0.00,2.60,0.0000,0.0000,0,collision
1159,26,-154.85,0.00,2.60,0.0000,0.0000,0,collision
1160,26,-155.15,0.00,2.60,0.0000,0.0000,0,collision
1161,26,-154.70,0.00,2.60,0.0000,0.0000,0,collision
1162,26,-155.13,0.00,2.60,0.0000,0.0000,0,collision
1163,26,-154.10,0.00,2.60,0.0000,0.0000,0,collision
1164,26,-154.95,0.00,2.60,0.0000,0.0000,0,collision
1165,26,-154.59,0.00,2.60,0.0000,0.0000,0,collision
1166,26,-155.31,0.00,2.60,0.0000,0.0000,0,collision
1167,26,-154.50,0.00,2.60,0.0000,0.0000,0,collision
1168,26,-154.36,0.00,2.60,0.0000,0.0000,0,collision
1169,26,-155.53,0.00,2.60,0.0000,0.0000,0,collision
1170,26,-155.01,0.00,2.60,0.0000,0.0000,0,collision
1171,26,-154.23,0.00,2.60,0.0000,0.0000,0,collision
1172,26,-154.66,0.00,2.60,0.0000,0.0000,0,collision
971,26,-154.40,0.00,2.60,0.0000,0.0000,0,collision
972,26,-154.16,0.00,2.60,0.0000,0.0000,0,collision
973,26,-155.55,0.00,2.60,0.0000,0.0000,0,collision
974,26,-154.57,0.00,2.60,0.0000,0.0000,0,collision
975,26,-154.85,0.00,2.60,0.0000,0.0000,0,collision
976,26,-155.33,0.00,2.60,0.0000,0.0000,0,collision
977,26,-155.28,0.00,2.60,0.0000,0.0000,0,collision
978,26,-154.52,0.00,2.60,0.0000,0.0000,0,collision
979,26,-154.00,0.00,2.60,0.0000,0.0000,0,collision
980,26,-155.11,0.00,2.60,0.0000,0.0000,0,collision
1173,26,-154.51,0.00,2.60,0.0000,0.0000,0,collision
1174,26,-154.68,0.00,2.60,0.0000,0.0000,0,collision
1175,26,-154.74,0.00,2.60,0.0000,0.0000,0,collision
1176,26,-154.18,0.00,2.60,0.0000,0.0000,0,collision
1177,26,-155.15,0.00,2.60,0.0000,0.0000,0,collision
1178,26,-154.39,0.00,2.60,0.0000,0.0000,0,collision
1179,26,-154.77,0.00,2.60,0.0000,0.0000,0,collision
1180,26,-154.69,0.00,2.60,0.0000,0.0000,0,collision
1181,26,-154.29,0.00,2.60,0.0000,0.0000,0,collision
1182,26,-154.11,0.00,2.60,0.0000,0.0000,0,collision
1183,26,-155.28,0.00,2.60,0.0000,0.0000,0,collision
1184,26,-155.45,0.00,2.60,0.0000,0.0000,0,collision
1185,26,-155.02,0.00,2.60,0.0000,0.0000,0,collision
1186,26,-154.68,0.00,2.60,0.0000,0.0000,0,collision
1187,26,-154.86,0.00,2.60,0.0000,0.0000,0,collision
1188,26,-154.66,0.00,2.60,0.0000,0.0000,0,collision
1189,26,-155.27,0.00,2.60,0.0000,0.0000,0,collision
1190,26,-155.47,0.00,2.60,0.0000,0.0000,0,collision
1191,26,-154.57,0.00,2.60,0.0000,0.0000,0,collision
