episode,steps,ep_reward,avg_speed,total_energy,wiggle,safety,success,reason
1,65,-218.36,1.90,81.54,0.0105,0.0146,0,collision
2,82,-233.98,1.74,81.73,0.0211,0.0014,0,collision
3,79,-190.26,3.92,196.21,0.0049,0.0000,0,collision
4,37,-191.90,6.47,151.10,0.0260,0.0108,0,collision
5,35,-199.05,3.43,79.74,0.0445,0.0000,0,collision
6,9,-204.40,0.76,2.92,0.1169,0.0000,0,collision
7,32,-214.84,0.83,10.34,0.0229,0.0000,0,collision
8,61,-196.02,3.32,148.00,0.0127,0.0000,0,collision
9,63,-200.44,3.44,132.59,0.0265,0.0000,0,collision
10,21,-211.25,0.69,9.65,0.0114,0.0000,0,collision
1,5,-202.13,0.09,0.42,0.2183,0.0000,0,collision
2,9,-201.30,1.38,9.71,0.0579,0.0000,0,collision
3,14,-205.32,0.82,5.90,0.0357,0.0000,0,collision
4,3,-200.85,0.69,1.84,0.0530,0.0000,0,collision
5,28,-212.14,0.81,18.81,0.0436,0.0000,0,collision
6,68,-212.38,2.52,117.27,0.0109,0.0000,0,collision
7,36,-206.96,1.79,41.35,0.0089,0.0000,0,collision
8,78,-181.75,5.36,293.56,0.0058,0.0000,0,collision
9,53,-220.24,1.50,56.84,0.0089,0.0000,0,collision
10,7,-200.51,2.10,10.59,0.0766,0.0000,0,collision
11,146,-203.34,3.57,307.79,0.0093,0.0039,0,collision
12,9,-207.70,0.23,2.44,0.0454,0.0000,0,collision
13,6,-201.92,0.62,2.09,0.1740,0.0000,0,collision
14,38,-201.58,2.93,58.53,0.0109,0.0153,0,collision
15,2,-201.10,0.00,0.10,0.6428,0.0000,0,collision
16,9,-202.08,1.47,8.26,0.1143,0.0000,0,collision
17,30,-217.54,1.24,22.34,0.0089,0.0622,0,collision
18,39,-209.58,3.29,87.98,0.0119,0.0000,0,collision
19,69,-218.92,3.44,127.80,0.0113,0.0094,0,collision
20,9,-203.68,0.94,6.36,0.0612,0.0000,0,collision
21,85,-176.94,7.62,355.97,0.0082,0.0111,0,collision
22,41,-191.29,5.97,132.73,0.0301,0.0111,0,collision
23,47,-211.33,1.87,48.24,0.0099,0.0000,0,collision
24,148,-209.14,4.82,392.62,0.0101,0.0000,0,collision
25,26,-215.03,0.77,12.09,0.0351,0.0000,0,collision
26,27,-192.41,6.24,158.44,0.0469,0.0000,0,collision
27,20,-198.95,2.41,30.75,0.0589,0.0000,0,collision
28,93,-196.94,4.57,235.07,0.0020,0.0090,0,collision
29,9,-200.72,1.47,8.86,0.1535,0.0049,0,collision
30,5,-203.17,0.42,2.04,0.2357,0.0000,0,collision
31,89,-219.91,1.85,96.51,0.0162,0.0000,0,collision
32,24,-199.38,2.29,43.85,0.0651,0.0000,0,collision
33,175,-184.61,4.74,458.60,0.0046,0.0000,0,collision
34,17,-201.60,1.60,18.14,0.0546,0.0514,0,collision
35,55,-196.68,4.87,179.13,0.0281,0.0035,0,collision
36,53,-224.75,0.87,29.74,0.0000,0.0000,0,collision
37,7,-201.15,1.32,4.12,0.1378,0.0352,0,collision
38,13,-200.29,1.79,21.05,0.0541,0.0000,0,collision
39,73,-188.53,8.85,199.58,0.0132,0.0000,0,collision
40,43,-190.17,5.41,158.47,0.0279,0.0000,0,collision
41,86,-191.27,8.46,212.98,0.0114,0.0565,0,collision
42,208,-231.64,2.80,382.68,0.0031,0.0000,0,collision
43,46,-192.44,7.13,274.46,0.0029,0.0634,0,collision
44,19,-204.60,1.41,17.20,0.0344,0.0000,0,collision
45,149,-203.18,3.61,341.46,0.0041,0.0000,0,collision
46,99,-192.35,5.81,282.27,0.0027,0.0292,0,collision
47,13,-203.98,1.26,14.60,0.0530,0.0000,0,collision
48,22,-199.80,2.18,26.72,0.0260,0.0000,0,collision
49,30,-207.30,1.37,31.25,0.0073,0.0000,0,collision
50,81,-177.38,7.33,344.74,0.0134,0.0032,0,collision
51,25,-205.30,1.43,21.51,0.0064,0.0000,0,collision
52,6,-201.29,0.79,3.51,0.0936,0.0000,0,collision
53,31,-194.43,2.83,57.79,0.0164,0.0000,0,collision
54,8,-203.32,0.97,11.23,0.0940,0.0000,0,collision
55,115,-186.06,4.65,383.31,0.0012,0.0201,0,collision
56,18,-213.74,0.29,5.04,0.0680,0.0398,0,collision
57,18,-205.40,1.24,17.31,0.0556,0.0000,0,collision
58,16,-205.36,1.19,14.39,0.0115,0.0927,0,collision
59,9,-201.20,1.59,10.00,0.0352,0.0000,0,collision
60,18,-193.80,5.43,72.25,0.0918,0.0000,0,collision
61,10,-204.66,0.75,2.03,0.0715,0.0000,0,collision
62,78,-191.05,8.33,175.68,0.0191,0.0979,0,collision
63,73,-188.82,4.59,267.88,0.0093,0.0411,0,collision
64,10,-203.44,1.04,9.48,0.0863,0.0000,0,collision
65,171,239.66,12.72,258.82,0.0000,0.0124,1,goal
66,30,-212.40,1.19,24.04,0.0384,0.0534,0,collision
67,36,-210.14,1.47,23.87,0.0228,0.0177,0,collision
68,3,-200.87,0.55,0.72,0.3752,0.0000,0,collision
69,251,-177.99,5.22,823.38,0.0044,0.0064,0,collision
70,242,-178.76,5.32,802.46,0.0041,0.0026,0,collision
71,21,-211.85,0.72,10.70,0.0446,0.0000,0,collision
72,40,-225.57,0.74,22.63,0.0283,0.0000,0,collision
73,56,-207.93,2.71,92.00,0.0127,0.0106,0,collision
74,9,-204.75,0.53,3.58,0.1132,0.0000,0,collision
75,7,-201.24,0.99,4.66,0.0722,0.0000,0,collision
76,18,-198.64,2.23,25.64,0.0477,0.0760,0,collision
77,69,-179.64,9.55,232.00,0.0229,0.0188,0,collision
78,24,-216.46,0.59,8.95,0.0178,0.0394,0,collision
79,40,-203.38,2.96,83.75,0.0166,0.0160,0,collision
11,60,-197.19,3.57,150.26,0.0250,0.0351,0,collision
12,69,-192.68,4.46,223.65,0.0110,0.0438,0,collision
13,3,-200.12,1.15,4.39,0.1868,0.0000,0,collision
14,84,-186.95,4.98,175.86,0.0073,0.0000,0,collision
15,116,-183.78,7.56,364.73,0.0074,0.0000,0,collision
16,68,-195.30,3.44,146.09,0.0111,0.0000,0,collision
17,72,-204.83,2.90,123.97,0.0205,0.0376,0,collision
18,47,-187.66,5.45,170.41,0.0232,0.0003,0,collision
19,14,-203.70,1.54,20.88,0.1130,0.0000,0,collision
20,37,-223.25,0.83,27.13,0.0421,0.0000,0,collision
80,225,-200.46,6.06,592.98,0.0044,0.0103,0,collision
81,38,-201.09,3.79,86.15,0.0293,0.0000,0,collision
82,84,-180.18,7.64,331.01,0.0045,0.0105,0,collision
83,4,-200.14,1.07,3.10,0.2928,0.0000,0,collision
84,20,-209.79,0.72,11.88,0.0108,0.0494,0,collision
85,25,-195.62,3.37,56.68,0.0076,0.0000,0,collision
86,98,-155.69,14.11,372.22,0.0079,0.0101,0,collision
87,106,-197.09,6.23,432.26,0.0056,0.0226,0,collision
88,8,-200.38,1.73,12.34,0.1739,0.0000,0,collision
89,27,-209.90,2.22,28.21,0.0290,0.0306,0,collision
90,10,-201.50,1.17,8.67,0.0510,0.0000,0,collision
91,207,-208.36,4.30,501.03,0.0040,0.0070,0,collision
92,100,-205.96,3.42,215.68,0.0098,0.0000,0,collision
93,4,-201.61,0.52,1.94,0.2464,0.0000,0,collision
94,6,-202.80,0.77,4.14,0.1099,0.0000,0,collision
95,98,-199.31,4.28,231.24,0.0126,0.0000,0,collision
96,7,-202.95,1.09,5.47,0.1186,0.2085,0,collision
97,20,-194.19,3.92,35.66,0.0588,0.0000,0,collision
98,45,-210.75,1.73,50.56,0.0320,0.0000,0,collision
99,7,-199.75,2.74,21.71,0.0230,0.0000,0,collision
100,61,-210.71,2.10,97.20,0.0230,0.0000,0,collision
101,22,-215.78,0.51,9.52,0.0721,0.0000,0,collision
102,183,-154.00,9.41,587.11,0.0030,0.0000,0,collision
103,29,-194.20,12.06,163.09,0.0517,0.0995,0,collision
104,117,-214.69,3.03,267.34,0.0068,0.0000,0,collision
105,60,-186.15,10.66,155.16,0.0224,0.0064,0,collision
106,15,-202.05,1.62,17.47,0.0759,0.0000,0,collision
107,4,-204.01,0.25,0.44,0.2578,0.4370,0,collision
108,30,-210.05,1.33,23.64,0.0240,0.0000,0,collision
109,138,-181.67,8.04,654.91,0.0043,0.0069,0,collision
110,16,-204.01,1.55,13.66,0.0397,0.0000,0,collision
111,21,-210.27,1.00,19.02,0.0601,0.0000,0,collision
112,88,-193.40,6.93,249.85,0.0056,0.0461,0,collision
113,59,-187.55,5.41,252.16,0.0076,0.0510,0,collision
114,154,-178.40,5.73,413.54,0.0061,0.0000,0,collision
115,84,-178.83,10.54,302.33,0.0129,0.0000,0,collision
116,40,-207.58,2.87,86.47,0.0148,0.0133,0,collision
117,6,-205.21,0.64,2.67,0.1536,0.5134,0,collision
118,40,-202.41,2.82,73.14,0.0180,0.0000,0,collision
119,14,-202.38,1.43,17.57,0.1174,0.0000,0,collision
120,18,-196.43,7.12,108.05,0.0262,0.0688,0,collision
121,199,-129.19,11.71,614.19,0.0040,0.0065,0,collision
122,16,-202.25,1.84,19.15,0.0790,0.0000,0,collision
123,3,-201.69,0.69,2.61,0.2164,0.3400,0,collision
124,34,-208.26,1.61,34.70,0.0311,0.0000,0,collision
125,25,-191.32,6.60,106.96,0.0308,0.0337,0,collision
126,142,-201.96,4.88,458.84,0.0036,0.0312,0,collision
127,20,-193.83,5.16,61.10,0.0338,0.0000,0,collision
128,10,-203.59,0.68,3.11,0.0966,0.0896,0,collision
129,124,-163.70,9.06,503.47,0.0076,0.0120,0,collision
130,32,-190.70,9.41,243.36,0.0329,0.0486,0,collision
131,36,-215.20,1.54,45.51,0.0331,0.0000,0,collision
132,6,-204.65,0.10,0.54,0.0618,0.0000,0,collision
133,7,-205.88,0.12,0.70,0.1546,0.0000,0,collision
134,86,-167.55,7.81,434.02,0.0071,0.0000,0,collision
135,76,-160.07,20.55,183.34,0.0062,0.0071,0,collision
136,24,-198.59,5.80,117.08,0.0250,0.1243,0,collision
137,45,-182.04,13.75,115.40,0.0038,0.0354,0,collision
138,124,-186.70,6.02,298.73,0.0083,0.0138,0,collision
139,10,-198.57,2.76,18.18,0.0812,0.0000,0,collision
140,85,-203.60,8.56,208.63,0.0119,0.0000,0,collision
141,224,-170.66,4.81,683.02,0.0026,0.0123,0,collision
142,96,-177.98,7.16,503.55,0.0104,0.0118,0,collision
143,241,242.87,8.37,825.73,0.0000,0.0229,1,goal
144,189,-178.46,9.19,409.69,0.0059,0.0136,0,collision
145,8,-198.68,3.57,46.19,0.0678,0.0000,0,collision
146,15,-204.07,1.75,31.08,0.0107,0.0000,0,collision
21,17,-206.27,1.32,18.65,0.0484,0.0000,0,collision
22,101,-190.50,6.73,265.34,0.0075,0.0000,0,collision
23,6,-199.17,2.23,6.48,0.0742,0.0000,0,collision
24,28,-211.59,0.92,15.38,0.0397,0.0000,0,collision
25,123,-176.23,12.72,271.48,0.0030,0.0027,0,collision
26,27,-198.66,2.70,37.74,0.0435,0.0000,0,collision
27,66,-176.92,10.36,302.64,0.0135,0.0000,0,collision
28,84,-173.29,6.68,372.54,0.0100,0.0000,0,collision
29,172,-240.82,1.93,218.13,0.0004,0.0115,0,collision
30,107,-198.25,5.23,326.98,0.0058,0.0000,0,collision
147,74,-203.87,2.76,170.41,0.0062,0.0000,0,collision
148,146,-220.09,3.96,315.92,0.0052,0.0274,0,collision
149,31,-198.84,3.23,72.98,0.0356,0.0000,0,collision
150,34,-194.23,3.92,87.81,0.0266,0.0245,0,collision
151,25,-221.18,0.32,6.76,0.0429,0.0000,0,collision
152,11,-208.59,0.32,2.23,0.0724,0.0000,0,collision
153,58,-196.90,3.02,126.26,0.0006,0.0410,0,collision
154,8,-198.08,3.51,22.06,0.0871,0.0000,0,collision
155,137,-180.04,5.07,389.18,0.0000,0.0038,0,collision
156,4,-202.65,0.26,0.90,0.1528,0.1579,0,collision
157,15,-200.18,2.72,23.58,0.0538,0.0000,0,collision
158,1,-200.00,0.00,0.00,0.0000,0.0000,0,collision
159,48,-193.37,4.91,109.29,0.0095,0.0329,0,collision
160,52,-203.33,5.53,214.52,0.0075,0.0963,0,collision
161,3,-201.03,0.30,0.67,0.0266,0.0000,0,collision
162,24,-197.60,3.23,55.26,0.0119,0.0000,0,collision
163,84,-184.93,6.50,241.67,0.0070,0.0000,0,collision
164,45,-208.85,2.26,64.51,0.0218,0.0016,0,collision
165,63,-200.96,3.75,162.22,0.0148,0.0000,0,collision
166,89,-186.85,7.35,412.41,0.0028,0.0021,0,collision
167,42,-202.72,2.16,42.19,0.0135,0.0000,0,collision
168,253,-153.77,7.45,1123.22,0.0026,0.0106,0,collision
169,6,-202.95,0.56,1.78,0.0447,0.0000,0,collision
170,16,-205.11,1.06,8.97,0.0268,0.0000,0,collision
171,125,-181.02,5.21,418.10,0.0069,0.0108,0,collision
172,22,-193.17,4.76,77.10,0.0285,0.0217,0,collision
173,13,-202.31,1.56,18.78,0.0422,0.0000,0,collision
174,49,-178.02,13.73,280.41,0.0066,0.0407,0,collision
175,89,-228.48,1.73,113.92,0.0073,0.0000,0,collision
176,121,-195.91,3.56,281.91,0.0125,0.0000,0,collision
177,89,-183.31,5.77,301.38,0.0130,0.0000,0,collision
178,18,-201.73,1.82,24.14,0.0540,0.0164,0,collision
179,5,-202.57,0.35,0.81,0.1585,0.0000,0,collision
180,101,-184.27,5.43,352.91,0.0051,0.0210,0,collision
181,23,-194.41,3.28,35.82,0.0013,0.0000,0,collision
182,7,-199.88,2.69,22.71,0.0881,0.0000,0,collision
183,131,-201.27,6.17,306.46,0.0073,0.0004,0,collision
184,6,-202.40,0.74,3.61,0.2275,0.0941,0,collision
185,97,-197.80,3.74,233.92,0.0114,0.0000,0,collision
186,42,-183.76,8.25,255.99,0.0050,0.0191,0,collision
187,88,-178.32,7.88,410.98,0.0144,0.0000,0,collision
188,129,-190.34,10.94,97.04,0.0122,0.0000,0,collision
189,280,-176.74,5.70,867.69,0.0001,0.0000,0,collision
190,6,-201.13,0.94,4.43,0.1879,0.0000,0,collision
191,9,-200.50,2.57,20.93,0.0932,0.0890,0,collision
192,55,-184.78,9.72,228.35,0.0191,0.0223,0,collision
193,6,-204.54,0.12,0.55,0.0485,0.0000,0,collision
194,55,-211.76,1.94,68.62,0.0040,0.0000,0,collision
195,48,-193.34,4.10,119.20,0.0105,0.0000,0,collision
196,9,-199.27,3.19,36.14,0.0439,0.0000,0,collision
197,28,-207.61,1.49,28.50,0.0396,0.0000,0,collision
198,45,-198.92,2.61,89.42,0.0183,0.0000,0,collision
199,142,-197.13,4.06,341.62,0.0015,0.0027,0,collision
200,8,-202.12,0.59,1.89,0.0878,0.0000,0,collision
201,109,-213.64,6.32,176.99,0.0067,0.0000,0,collision
202,34,-198.36,3.12,74.30,0.0383,0.0472,0,collision
203,9,-197.35,3.48,33.10,0.0260,0.0248,0,collision
204,13,-203.88,1.10,10.87,0.0854,0.0000,0,collision
205,168,-190.55,5.04,620.20,0.0074,0.0000,0,collision
206,110,-171.31,9.90,245.85,0.0083,0.0000,0,collision
207,202,-200.41,4.60,638.03,0.0050,0.0401,0,collision
208,161,-184.71,8.59,575.96,0.0095,0.0057,0,collision
209,56,-212.69,2.41,81.46,0.0164,0.1214,0,collision
210,2,-201.10,0.00,0.10,0.8996,0.0000,0,collision
211,101,-174.14,7.01,385.32,0.0013,0.0214,0,collision
212,4,-199.00,2.04,5.52,0.0645,0.0000,0,collision
213,8,-200.42,1.90,14.63,0.0365,0.1139,0,collision
31,295,235.01,7.40,891.03,0.0000,0.0022,1,goal
32,30,-194.50,11.32,113.63,0.0426,0.0887,0,collision
33,28,-202.27,4.87,150.71,0.0273,0.0931,0,collision
34,15,-196.33,4.61,55.29,0.0262,0.0624,0,collision
35,112,258.40,20.15,277.14,0.0000,0.0000,1,goal
36,11,-197.81,3.59,44.47,0.0051,0.0000,0,collision
37,85,-191.12,3.88,231.05,0.0093,0.0310,0,collision
38,110,-186.03,5.96,407.78,0.0083,0.0005,0,collision
39,154,-183.65,5.53,502.16,0.0047,0.0087,0,collision
40,45,-181.36,14.05,203.80,0.0024,0.0121,0,collision
214,73,-195.48,5.26,286.40,0.0071,0.0239,0,collision
215,15,-200.07,5.85,103.20,0.0553,0.3289,0,collision
216,47,-187.12,6.51,225.84,0.0184,0.0000,0,collision
217,226,-233.64,5.49,602.08,0.0047,0.0070,0,collision
218,30,-205.65,5.53,85.92,0.0372,0.1421,0,collision
219,94,-164.18,12.22,318.06,0.0162,0.0044,0,collision
220,70,-183.10,9.30,202.40,0.0129,0.0037,0,collision
221,7,-203.41,0.30,3.01,0.2779,0.0000,0,collision
222,13,-197.36,4.17,87.37,0.0867,0.0000,0,collision
223,29,-197.99,2.35,38.42,0.0464,0.0000,0,collision
224,157,-182.11,10.55,389.51,0.0018,0.0179,0,collision
225,100,-163.40,10.71,351.10,0.0085,0.0000,0,collision
226,53,-178.26,12.48,58.21,0.0230,0.0000,0,collision
227,57,-174.90,11.76,287.66,0.0040,0.0070,0,collision
228,98,-181.87,6.66,288.64,0.0096,0.0122,0,collision
229,6,-205.61,0.00,0.50,0.2381,0.0000,0,collision
230,49,-184.63,6.64,239.83,0.0002,0.0213,0,collision
231,164,-152.58,12.15,555.07,0.0038,0.0006,0,collision
232,11,-199.39,2.48,19.87,0.0794,0.0000,0,collision
233,12,-195.97,6.18,70.53,0.0172,0.0000,0,collision
234,63,-178.16,10.79,210.49,0.0070,0.0051,0,collision
235,53,-187.66,6.80,184.35,0.0046,0.0392,0,collision
236,7,-202.79,1.60,12.99,0.0610,0.1889,0,collision
237,76,-171.51,10.57,287.42,0.0121,0.0297,0,collision
238,193,-149.83,10.07,699.44,0.0047,0.0024,0,collision
239,56,-176.16,16.67,189.49,0.0178,0.0241,0,collision
240,82,-157.88,16.85,252.66,0.0198,0.0062,0,collision
241,16,-196.57,3.50,31.89,0.0418,0.0000,0,collision
242,126,257.21,15.98,325.87,0.0000,0.0072,1,goal
243,147,267.88,17.69,260.69,0.0000,0.0000,1,goal
244,63,-163.96,19.51,-0.59,0.0285,0.0000,0,collision
245,90,-165.88,14.90,168.34,0.0100,0.0291,0,collision
246,16,-198.47,2.89,38.79,0.0655,0.0556,0,collision
247,134,-159.66,10.33,462.84,0.0115,0.0015,0,collision
248,50,-179.96,13.34,50.00,0.0277,0.0000,0,collision
249,91,-193.60,6.96,422.46,0.0070,0.0400,0,collision
250,12,-203.14,1.68,15.68,0.0609,0.0000,0,collision
251,158,252.70,14.58,422.75,0.0000,0.0000,1,goal
252,32,-187.57,12.61,199.29,0.0187,0.0002,0,collision
253,120,-181.94,11.36,289.02,0.0044,0.0072,0,collision
254,26,-199.34,4.62,99.54,0.0274,0.1046,0,collision
255,142,253.11,14.77,790.12,0.0000,0.0000,1,goal
256,23,-191.76,11.25,164.10,0.0532,0.0608,0,collision
257,47,-211.64,6.00,231.52,0.0057,0.0000,0,collision
258,137,-196.38,8.45,305.27,0.0089,0.0050,0,collision
259,91,-174.38,7.34,410.65,0.0068,0.0080,0,collision
260,10,-200.30,2.45,34.16,0.1272,0.0000,0,collision
261,6,-200.67,1.50,5.67,0.1700,0.0000,0,collision
262,143,-191.52,9.62,385.79,0.0117,0.0000,0,collision
263,23,-193.56,7.16,156.48,0.0151,0.0000,0,collision
264,192,-194.04,8.76,696.94,0.0039,0.0150,0,collision
265,68,-160.55,21.20,320.03,0.0068,0.0064,0,collision
266,194,-228.40,7.63,397.63,0.0050,0.0286,0,collision
267,83,-180.64,10.92,406.77,0.0061,0.0000,0,collision
41,162,227.54,12.72,553.19,0.0000,0.0000,1,goal
42,198,217.52,10.34,559.58,0.0000,0.0001,1,goal
43,43,-178.04,16.50,225.68,0.0268,0.0011,0,collision
44,58,-181.18,12.26,291.16,0.0201,0.0915,0,collision
45,47,-198.04,3.68,146.11,0.0082,0.0174,0,collision
46,26,-189.50,13.76,169.45,0.0133,0.0000,0,collision
47,58,-186.00,11.20,266.58,0.0083,0.0045,0,collision
48,8,-197.78,3.15,21.79,0.0567,0.0000,0,collision
49,128,-192.91,10.08,392.19,0.0042,0.0289,0,collision
50,15,-197.86,4.56,42.61,0.0435,0.0104,0,collision
268,217,-200.90,12.46,599.97,0.0058,0.0090,0,collision
269,175,215.01,11.55,381.06,0.0000,0.0000,1,goal
270,13,-198.85,10.68,139.70,0.0457,0.3896,0,collision
271,59,-171.11,19.13,118.63,0.0133,0.0028,0,collision
272,99,-144.84,21.01,225.06,0.0109,0.0000,0,collision
273,23,-191.04,12.84,103.77,0.0438,0.0533,0,collision
274,126,-203.28,9.31,306.89,0.0061,0.0622,0,collision
275,49,-176.68,16.15,208.89,0.0026,0.0112,0,collision
276,129,-169.44,10.00,450.12,0.0018,0.0066,0,collision
277,140,263.43,16.40,332.10,0.0000,0.0000,1,goal
278,12,-200.10,2.76,40.91,0.1075,0.0000,0,collision
279,14,-199.42,2.45,20.64,0.0692,0.0000,0,collision
280,10,-197.93,2.58,18.09,0.0096,0.0639,0,collision
281,33,-188.43,12.90,150.92,0.0044,0.0747,0,collision
282,32,-182.85,19.42,139.01,0.0166,0.0086,0,collision
283,69,-199.04,9.28,125.97,0.0183,0.0000,0,collision
284,30,-188.85,15.40,148.59,0.0316,0.0590,0,collision
285,38,-191.00,3.42,104.66,0.0085,0.0000,0,collision
286,33,-186.15,11.63,172.10,0.0281,0.0373,0,collision
287,157,260.78,17.26,539.56,0.0000,0.0226,1,goal
288,33,-181.78,18.76,86.88,0.0272,0.0067,0,collision
289,83,-171.66,15.05,357.14,0.0100,0.0056,0,collision
290,30,-187.41,17.24,65.53,0.0333,0.0506,0,collision
291,20,-196.96,5.20,145.93,0.0223,0.0000,0,collision
292,32,-187.76,13.37,161.01,0.0507,0.0387,0,collision
293,51,-178.76,16.29,145.88,0.0115,0.0266,0,collision
294,5,-201.40,0.72,3.07,0.3299,0.0000,0,collision
295,53,-170.93,18.83,93.66,0.0094,0.0085,0,collision
296,32,-184.35,13.88,178.89,0.0300,0.0000,0,collision
297,27,-195.20,3.48,70.38,0.0140,0.0000,0,collision
298,50,-178.96,13.83,193.62,0.0273,0.0265,0,collision
299,50,-175.46,15.44,185.32,0.0144,0.0146,0,collision
300,62,-163.04,22.19,148.40,0.0236,0.0000,0,collision
301,12,-200.95,1.99,16.27,0.0844,0.0000,0,collision
302,47,-181.25,14.72,177.55,0.0046,0.0134,0,collision
303,114,-143.95,16.32,221.48,0.0040,0.0124,0,collision
304,72,259.97,32.87,132.15,0.0000,0.0000,1,goal
305,82,-173.33,13.53,265.54,0.0100,0.0237,0,collision
306,51,-169.74,24.07,42.81,0.0127,0.0092,0,collision
307,89,-172.94,10.73,255.88,0.0084,0.0000,0,collision
308,110,-163.16,15.31,298.00,0.0029,0.0165,0,collision
309,99,-187.66,8.45,366.19,0.0094,0.0262,0,collision
310,26,-193.44,11.88,117.32,0.0540,0.0895,0,collision
311,8,-201.31,1.37,8.52,0.0785,0.0000,0,collision
312,57,-177.32,13.94,147.38,0.0102,0.0113,0,collision
313,61,-163.77,20.47,149.51,0.0164,0.0022,0,collision
314,36,-187.59,15.60,105.64,0.0369,0.0335,0,collision
315,61,-170.92,19.69,247.81,0.0071,0.0162,0,collision
316,4,-201.47,0.67,1.62,0.3236,0.2010,0,collision
317,6,-199.33,1.50,5.85,0.1667,0.0000,0,collision
318,105,-175.79,12.60,382.81,0.0050,0.0000,0,collision
319,46,-179.93,17.24,112.77,0.0096,0.0128,0,collision
320,32,-192.63,9.17,142.77,0.0247,0.0143,0,collision
321,44,-177.87,18.16,181.28,0.0124,0.0244,0,collision
322,69,-165.55,16.44,285.04,0.0067,0.0000,0,collision
323,58,245.01,29.45,60.60,0.0000,0.0000,1,goal
324,93,-173.25,18.52,132.49,0.0089,0.0261,0,collision
325,24,-198.84,4.47,101.85,0.0292,0.1084,0,collision
326,76,-184.13,11.96,307.03,0.0162,0.1346,0,collision
327,25,-192.29,9.31,160.87,0.0333,0.0470,0,collision
328,117,-173.70,12.21,400.82,0.0034,0.0000,0,collision
329,31,-183.76,17.19,90.32,0.0094,0.0264,0,collision
330,55,-176.65,10.46,222.31,0.0233,0.0164,0,collision
331,41,-180.96,13.92,188.28,0.0100,0.0190,0,collision
332,30,-187.39,12.66,222.05,0.0454,0.0000,0,collision
333,53,-172.75,15.55,109.28,0.0021,0.0119,0,collision
334,37,-190.75,8.94,151.40,0.0039,0.0918,0,collision
335,63,-190.77,9.10,138.55,0.0116,0.0000,0,collision
336,28,-191.83,9.51,143.03,0.0342,0.0209,0,collision
337,104,-173.38,10.66,386.19,0.0097,0.0147,0,collision
338,21,-193.44,8.19,184.03,0.0067,0.0211,0,collision
339,17,-200.11,4.57,91.21,0.0350,0.1102,0,collision
340,39,-188.39,9.88,213.77,0.0407,0.0708,0,collision
341,7,-202.84,1.00,10.38,0.1358,0.0000,0,collision
342,28,-186.29,17.83,124.62,0.0405,0.0186,0,collision
343,15,-194.98,10.40,132.65,0.0092,0.0433,0,collision
51,22,-194.04,10.60,150.35,0.0147,0.0444,0,collision
52,46,-193.28,6.12,185.72,0.0163,0.0962,0,collision
53,58,-157.11,31.69,82.76,0.0000,0.0159,0,collision
54,19,-199.06,2.86,50.91,0.0032,0.0000,0,collision
55,74,-174.99,18.16,118.22,0.0024,0.0000,0,collision
56,16,-194.27,12.08,150.03,0.1089,0.0678,0,collision
57,22,-199.62,8.68,139.89,0.0468,0.1804,0,collision
58,131,-179.81,10.22,309.52,0.0090,0.0047,0,collision
59,45,-182.60,15.01,105.94,0.0182,0.0204,0,collision
60,130,-149.86,15.69,107.17,0.0037,0.0000,0,collision
344,64,-190.36,18.06,96.79,0.0079,0.0014,0,collision
345,12,-198.75,3.78,42.12,0.1067,0.0000,0,collision
346,66,-165.88,17.85,236.60,0.0062,0.0178,0,collision
347,80,-146.00,25.94,305.81,0.0109,0.0000,0,collision
348,97,-177.48,7.19,449.45,0.0038,0.0172,0,collision
349,6,-204.46,0.44,1.78,0.0749,0.1766,0,collision
350,79,-174.30,8.19,420.22,0.0090,0.0166,0,collision
351,79,-179.21,10.05,322.79,0.0042,0.0000,0,collision
352,57,-175.15,15.87,188.98,0.0224,0.0237,0,collision
353,9,-202.49,1.89,13.16,0.0985,0.1865,0,collision
354,140,-152.51,14.37,643.42,0.0041,0.0199,0,collision
355,41,-189.40,12.52,106.94,0.0223,0.0131,0,collision
356,51,-176.65,18.28,102.98,0.0245,0.0116,0,collision
357,91,-155.11,16.94,248.22,0.0061,0.0109,0,collision
358,32,-191.95,10.56,154.07,0.0219,0.0317,0,collision
359,50,-175.60,13.88,115.39,0.0315,0.0197,0,collision
360,143,-140.12,16.86,181.72,0.0072,0.0017,0,collision
361,13,-196.34,6.12,125.79,0.0019,0.0000,0,collision
362,27,-191.35,8.54,158.37,0.0000,0.0707,0,collision
363,65,-196.58,11.70,187.39,0.0160,0.0062,0,collision
364,60,-194.26,7.33,94.71,0.0037,0.0435,0,collision
365,118,-194.93,12.97,308.11,0.0023,0.0128,0,collision
366,51,-175.74,14.82,64.80,0.0042,0.0000,0,collision
367,29,-187.88,11.13,151.82,0.0272,0.0000,0,collision
368,54,-183.20,10.76,166.80,0.0068,0.0000,0,collision
369,47,-176.46,16.76,111.96,0.0174,0.0098,0,collision
370,147,247.88,14.47,523.00,0.0000,0.0000,1,goal
371,20,-194.41,11.61,112.54,0.0211,0.0594,0,collision
372,17,-196.55,6.64,95.20,0.0462,0.0000,0,collision
373,79,257.57,28.37,182.84,0.0000,0.0000,1,goal
374,141,-193.72,9.72,344.96,0.0076,0.0000,0,collision
375,104,-165.47,13.14,416.39,0.0151,0.0000,0,collision
376,230,182.66,9.21,539.02,0.0000,0.0000,1,goal
377,27,-190.33,12.59,173.92,0.0116,0.1062,0,collision
378,5,-202.48,0.56,2.34,0.2227,0.0000,0,collision
379,83,-187.79,7.80,285.16,0.0209,0.0000,0,collision
380,21,-196.78,4.43,74.54,0.0623,0.0000,0,collision
381,82,-188.15,8.35,204.10,0.0171,0.0000,0,collision
382,96,-162.63,13.55,286.19,0.0179,0.0000,0,collision
383,22,-196.65,3.09,49.52,0.0635,0.0000,0,collision
384,172,-176.17,10.78,554.38,0.0034,0.0054,0,collision
385,173,209.76,12.30,337.58,0.0000,0.0000,1,goal
386,22,-192.18,10.83,204.80,0.0456,0.0209,0,collision
387,219,-235.41,9.48,245.62,0.0027,0.0002,0,collision
388,32,-191.02,8.36,177.04,0.0198,0.0625,0,collision
389,82,-164.32,13.95,195.74,0.0105,0.0007,0,collision
390,91,263.79,26.42,-29.44,0.0000,0.0000,1,goal
391,46,-190.25,10.73,156.59,0.0303,0.0368,0,collision
392,52,-179.61,8.70,317.08,0.0089,0.0000,0,collision
393,38,-182.20,14.91,116.62,0.0071,0.0214,0,collision
394,143,-197.20,8.91,380.10,0.0094,0.0000,0,collision
395,60,-170.45,16.65,210.57,0.0149,0.0089,0,collision
396,111,-189.95,10.84,327.24,0.0036,0.0136,0,collision
397,83,-161.53,16.16,248.48,0.0194,0.0107,0,collision
398,63,-165.87,19.72,108.75,0.0171,0.0108,0,collision
61,54,-195.23,6.51,179.50,0.0240,0.0000,0,collision
62,133,242.35,14.21,263.47,0.0000,0.0000,1,goal
63,158,-123.93,16.20,421.14,0.0106,0.0000,0,collision
64,73,-172.90,11.15,326.66,0.0238,0.0000,0,collision
65,55,-172.41,19.71,74.36,0.0114,0.0095,0,collision
66,98,-187.03,10.54,185.64,0.0063,0.0000,0,collision
67,91,255.40,24.87,176.18,0.0000,0.0236,1,goal
68,107,-172.59,12.78,243.91,0.0063,0.0000,0,collision
69,88,-194.29,9.45,127.70,0.0207,0.0000,0,collision
70,116,262.95,18.06,135.21,0.0000,0.0038,1,goal
399,206,-212.17,10.53,667.42,0.0018,0.0266,0,collision
400,142,-164.14,10.98,258.38,0.0000,0.0093,0,collision
401,7,-203.02,0.61,3.68,0.0931,0.0000,0,collision
402,78,-163.83,15.60,142.32,0.0079,0.0148,0,collision
403,81,-188.99,7.50,270.42,0.0051,0.0000,0,collision
404,33,-201.01,3.20,58.46,0.0150,0.0070,0,collision
405,47,-177.08,16.21,220.11,0.0107,0.0167,0,collision
406,113,-197.31,9.43,249.19,0.0054,0.0000,0,collision
407,67,-182.77,9.37,198.87,0.0056,0.0122,0,collision
408,73,-178.14,10.90,146.30,0.0090,0.0000,0,collision
409,52,-190.10,10.16,130.85,0.0102,0.0224,0,collision
410,211,225.60,10.06,507.83,0.0000,0.0076,1,goal
411,116,262.31,18.46,216.44,0.0000,0.0000,1,goal
412,142,-169.72,10.60,577.10,0.0083,0.0129,0,collision
413,11,-203.51,0.83,4.13,0.1188,0.0000,0,collision
414,198,-179.66,7.57,557.32,0.0024,0.0000,0,collision
415,124,-171.45,16.16,347.80,0.0066,0.0052,0,collision
416,10,-198.01,3.37,22.75,0.0440,0.0000,0,collision
417,48,-173.42,19.48,71.43,0.0185,0.0194,0,collision
418,21,-200.71,2.71,30.07,0.0232,0.0000,0,collision
419,21,-193.74,9.88,145.35,0.0270,0.0940,0,collision
420,53,-176.43,12.07,288.57,0.0173,0.0190,0,collision
421,74,-174.40,8.85,253.52,0.0098,0.0000,0,collision
422,58,-174.55,10.98,186.91,0.0212,0.0115,0,collision
423,73,-152.90,23.23,95.69,0.0085,0.0117,0,collision
424,15,-201.27,1.76,20.84,0.0667,0.0000,0,collision
425,55,-169.45,18.21,222.96,0.0103,0.0136,0,collision
426,94,262.50,24.72,-45.89,0.0000,0.0000,1,goal
427,68,-173.85,11.64,373.39,0.0210,0.0080,0,collision
428,29,-191.63,11.67,165.04,0.0018,0.0382,0,collision
429,91,-168.84,15.56,163.63,0.0099,0.0000,0,collision
430,66,-177.87,10.68,264.77,0.0121,0.0484,0,collision
431,151,-210.65,10.78,392.16,0.0023,0.0000,0,collision
432,6,-204.04,0.23,0.84,0.0332,0.0000,0,collision
433,74,-168.23,14.72,233.26,0.0065,0.0300,0,collision
434,89,-165.74,12.74,304.05,0.0009,0.0545,0,collision
435,68,-156.04,23.55,98.01,0.0174,0.0137,0,collision
436,49,-186.95,14.11,98.47,0.0106,0.0048,0,collision
437,128,-176.09,10.34,494.59,0.0016,0.0080,0,collision
438,176,-158.39,11.33,668.18,0.0030,0.0128,0,collision
439,167,-238.61,7.69,257.21,0.0056,0.0051,0,collision
440,35,-190.21,10.49,98.63,0.0275,0.0383,0,collision
441,46,-176.01,17.71,111.11,0.0214,0.0206,0,collision
442,13,-195.81,5.13,70.26,0.0538,0.0000,0,collision
443,33,-188.74,15.78,114.48,0.0235,0.0504,0,collision
444,185,250.69,15.60,291.67,0.0000,0.0000,1,goal
445,143,240.61,14.72,470.16,0.0000,0.0067,1,goal
446,36,-180.83,17.80,149.89,0.0074,0.0211,0,collision
447,38,-185.60,10.31,231.88,0.0263,0.0415,0,collision
448,145,-197.51,9.21,472.99,0.0041,0.0067,0,collision
449,3,-199.43,1.29,2.10,0.3265,0.0000,0,collision
450,44,-184.33,15.29,153.52,0.0155,0.0376,0,collision
451,7,-200.38,1.86,17.47,0.1092,0.0000,0,collision
71,94,-204.62,7.10,377.32,0.0064,0.0000,0,collision
72,72,-167.71,14.07,195.61,0.0178,0.0000,0,collision
73,69,-175.12,9.31,355.84,0.0165,0.0138,0,collision
74,70,-173.61,10.51,179.27,0.0086,0.0000,0,collision
75,101,-175.67,9.78,393.42,0.0024,0.0119,0,collision
76,161,-140.36,11.48,634.19,0.0063,0.0137,0,collision
77,198,-152.35,10.32,701.69,0.0041,0.0000,0,collision
78,209,231.74,10.13,479.56,0.0000,0.0093,1,goal
79,136,-226.70,5.54,331.21,0.0081,0.0155,0,collision
80,73,-170.79,11.24,275.30,0.0116,0.0224,0,collision
452,99,-187.58,10.95,253.89,0.0046,0.0234,0,collision
453,27,-189.59,7.57,147.40,0.0280,0.0000,0,collision
454,53,-185.56,8.88,264.59,0.0101,0.0738,0,collision
455,6,-203.80,0.36,2.21,0.2452,0.0000,0,collision
456,53,-180.46,11.99,281.65,0.0000,0.0283,0,collision
457,11,-199.77,1.55,11.42,0.0646,0.0000,0,collision
458,214,-138.78,9.53,714.73,0.0030,0.0141,0,collision
459,107,-201.88,6.17,287.11,0.0100,0.0000,0,collision
460,6,-202.71,0.44,0.86,0.2147,0.0000,0,collision
461,26,-193.80,7.87,143.29,0.0024,0.0540,0,collision
462,15,-197.24,3.09,49.74,0.0601,0.0000,0,collision
463,37,-193.84,4.02,98.21,0.0229,0.0546,0,collision
464,52,-176.56,15.27,172.57,0.0084,0.0099,0,collision
465,52,-195.76,6.34,231.17,0.0078,0.0721,0,collision
466,9,-198.07,2.58,10.66,0.1846,0.0628,0,collision
467,27,-191.89,7.41,116.45,0.0250,0.0804,0,collision
468,101,-154.51,14.33,290.99,0.0025,0.0164,0,collision
469,197,-157.22,8.04,654.26,0.0004,0.0284,0,collision
470,226,231.30,8.84,795.27,0.0000,0.0000,1,goal
471,81,-166.75,15.57,123.11,0.0157,0.0091,0,collision
472,39,-189.76,8.80,174.16,0.0000,0.0000,0,collision
473,12,-205.14,1.43,26.15,0.0102,0.0000,0,collision
474,65,-180.60,8.61,218.14,0.0099,0.0076,0,collision
475,8,-202.91,1.04,5.75,0.0710,0.0000,0,collision
476,40,-183.38,14.65,206.68,0.0294,0.0169,0,collision
477,98,-211.11,7.00,220.75,0.0103,0.0000,0,collision
478,7,-201.02,1.80,12.43,0.1350,0.0103,0,collision
479,93,-173.48,8.63,358.69,0.0064,0.0000,0,collision
480,148,-170.26,11.14,522.77,0.0093,0.0212,0,collision
481,2,-199.66,1.04,2.51,0.3909,0.0000,0,collision
482,90,-193.87,10.14,110.90,0.0026,0.0000,0,collision
483,66,-183.47,9.38,295.17,0.0242,0.0108,0,collision
484,51,-194.33,4.91,154.82,0.0175,0.0150,0,collision
485,4,-201.63,0.40,0.54,0.1090,0.0193,0,collision
486,13,-195.49,5.87,86.23,0.1076,0.0000,0,collision
487,46,-188.39,7.78,204.30,0.0237,0.0384,0,collision
488,85,-200.16,8.52,173.28,0.0093,0.0698,0,collision
489,69,-174.41,8.62,370.84,0.0198,0.0005,0,collision
490,10,-198.47,3.07,25.01,0.0859,0.0000,0,collision
491,78,-192.48,4.94,354.50,0.0122,0.0037,0,collision
492,11,-207.69,0.52,4.05,0.0130,0.0000,0,collision
493,222,230.96,9.08,762.74,0.0000,0.0027,1,goal
494,4,-202.00,0.28,0.58,0.1667,0.0000,0,collision
495,37,-180.35,18.45,188.39,0.0020,0.0191,0,collision
496,100,-218.03,5.92,176.34,0.0080,0.0000,0,collision
497,9,-197.77,2.37,18.60,0.0800,0.0000,0,collision
498,65,-183.70,10.39,168.32,0.0126,0.0025,0,collision
499,17,-202.72,3.81,73.79,0.0483,0.1295,0,collision
500,122,-151.47,11.47,331.51,0.0130,0.0186,0,collision
501,163,243.40,12.85,416.70,0.0000,0.0046,1,goal
502,182,-200.56,8.62,306.23,0.0046,0.0020,0,collision
503,59,-172.40,13.86,117.21,0.0000,0.0231,0,collision
504,84,-203.15,7.94,172.01,0.0123,0.0000,0,collision
505,112,-153.36,12.58,431.88,0.0115,0.0100,0,collision
506,13,-201.78,1.74,22.20,0.0206,0.0000,0,collision
507,2,-201.10,0.00,0.10,0.9206,0.0000,0,collision
508,6,-200.45,1.23,9.18,0.1960,0.0197,0,collision
509,109,-181.42,12.82,59.59,0.0077,0.0035,0,collision
510,26,-190.81,9.97,161.84,0.0130,0.0446,0,collision
511,42,-181.34,15.18,155.09,0.0236,0.0213,0,collision
512,121,254.90,17.08,386.91,0.0000,0.0095,1,goal
513,3,-200.15,1.16,4.55,0.5123,0.0000,0,collision
514,102,257.31,18.70,249.78,0.0000,0.0000,1,goal
515,16,-197.03,4.16,45.88,0.0784,0.0000,0,collision
516,10,-197.11,3.29,33.21,0.1189,0.0205,0,collision
517,80,-166.66,13.71,263.15,0.0127,0.0372,0,collision
81,178,-175.87,11.27,639.78,0.0042,0.0076,0,collision
82,75,-181.32,9.00,357.48,0.0176,0.0000,0,collision
83,44,-190.02,5.73,235.90,0.0117,0.0391,0,collision
84,62,-200.48,3.40,165.52,0.0222,0.0906,0,collision
85,1,-200.00,0.00,0.00,0.0000,0.0000,0,collision
86,67,-170.34,18.25,129.46,0.0028,0.0438,0,collision
87,32,-188.75,10.93,184.86,0.0132,0.0440,0,collision
88,10,-199.82,3.37,32.91,0.0155,0.0000,0,collision
89,163,-230.28,5.57,515.91,0.0090,0.0000,0,collision
90,78,-183.76,10.94,330.83,0.0025,0.0275,0,collision
518,180,-202.55,12.19,662.77,0.0046,0.0049,0,collision
519,80,-163.26,13.91,293.24,0.0073,0.0000,0,collision
520,34,-194.30,5.65,180.37,0.0468,0.0444,0,collision
521,105,-204.70,9.19,197.17,0.0051,0.0587,0,collision
522,285,202.59,8.96,845.10,0.0000,0.0039,1,goal
523,136,-200.84,9.31,425.75,0.0076,0.0382,0,collision
524,141,-173.10,14.88,263.99,0.0007,0.0015,0,collision
525,132,-185.97,10.52,169.33,0.0092,0.0000,0,collision
526,146,-224.97,4.73,306.71,0.0075,0.0068,0,collision
527,21,-195.57,11.19,219.55,0.0140,0.1013,0,collision
528,5,-199.55,1.98,14.06,0.0000,0.0000,0,collision
529,18,-194.55,5.88,85.61,0.0594,0.0000,0,collision
530,41,-178.32,17.54,113.78,0.0210,0.0000,0,collision
531,111,-221.45,6.04,114.99,0.0113,0.0000,0,collision
532,31,-187.78,10.89,154.82,0.0095,0.0307,0,collision
533,8,-201.29,1.68,14.55,0.1885,0.0000,0,collision
534,54,-176.95,13.61,157.44,0.0128,0.0424,0,collision
535,67,-169.64,14.96,154.07,0.0086,0.0274,0,collision
536,217,246.64,10.45,791.56,0.0000,0.0000,1,goal
537,24,-193.94,5.23,101.20,0.0563,0.0000,0,collision
538,17,-196.49,5.46,88.43,0.0612,0.0382,0,collision
539,144,249.90,15.96,377.02,0.0000,0.0000,1,goal
540,54,-173.65,15.48,209.89,0.0128,0.0119,0,collision
541,12,-199.52,3.63,46.08,0.0697,0.0000,0,collision
542,51,-170.40,19.83,159.00,0.0235,0.0081,0,collision
543,71,-169.24,14.64,301.74,0.0115,0.0137,0,collision
544,63,-168.57,19.17,154.10,0.0070,0.0235,0,collision
545,59,-178.17,14.21,154.74,0.0131,0.0151,0,collision
546,111,-158.67,18.78,196.41,0.0104,0.0674,0,collision
547,87,-167.25,11.39,305.00,0.0112,0.0290,0,collision
548,84,-158.90,16.51,320.91,0.0024,0.0141,0,collision
549,57,-167.66,24.04,108.33,0.0166,0.0216,0,collision
550,147,-199.84,11.49,446.07,0.0085,0.0615,0,collision
551,6,-202.86,0.73,3.99,0.2155,0.0000,0,collision
552,77,-164.59,14.43,250.17,0.0200,0.0131,0,collision
553,76,-163.84,17.71,133.53,0.0159,0.0050,0,collision
554,128,-230.61,5.62,225.78,0.0044,0.0000,0,collision
555,51,-173.52,19.19,134.79,0.0058,0.0146,0,collision
556,59,-177.99,14.09,145.06,0.0095,0.0240,0,collision
557,228,-177.89,8.76,675.74,0.0068,0.0094,0,collision
558,35,-196.11,4.24,140.00,0.0049,0.0944,0,collision
559,2,-199.66,1.04,2.51,0.5823,0.0000,0,collision
560,41,-185.37,13.79,35.17,0.0023,0.0182,0,collision
561,88,-183.82,7.10,430.56,0.0075,0.0184,0,collision
562,22,-193.51,10.21,97.59,0.0196,0.0779,0,collision
563,75,-160.22,17.33,130.20,0.0034,0.0179,0,collision
564,125,-199.84,9.13,232.02,0.0058,0.0000,0,collision
565,4,-199.22,1.69,7.01,0.1606,0.0000,0,collision
566,162,251.92,16.33,246.19,0.0000,0.0060,1,goal
567,39,-209.20,1.89,71.34,0.0168,0.0144,0,collision
91,26,-191.79,8.41,154.68,0.0240,0.0000,0,collision
92,55,-183.53,12.38,135.17,0.0218,0.0024,0,collision
93,69,-190.73,5.39,271.26,0.0245,0.0101,0,collision
94,70,-187.64,9.86,290.25,0.0190,0.0000,0,collision
95,105,-196.47,7.96,245.01,0.0075,0.0000,0,collision
96,138,-171.60,7.89,540.32,0.0036,0.0029,0,collision
97,28,-191.75,7.26,142.61,0.0440,0.0064,0,collision
98,98,-172.69,11.17,234.15,0.0017,0.0194,0,collision
99,64,-165.35,19.69,151.33,0.0253,0.0097,0,collision
100,105,266.86,22.24,112.72,0.0000,0.0000,1,goal
568,188,-248.88,7.16,564.18,0.0032,0.0082,0,collision
569,59,-197.33,3.97,137.14,0.0042,0.0819,0,collision
570,75,-175.17,11.29,407.56,0.0177,0.0000,0,collision
571,25,-192.16,7.40,169.50,0.0219,0.0395,0,collision
572,35,-195.22,5.32,129.41,0.0387,0.0000,0,collision
573,68,-173.92,9.66,204.40,0.0129,0.0103,0,collision
574,128,-181.49,9.98,389.92,0.0073,0.0531,0,collision
575,7,-202.16,1.18,6.11,0.1949,0.0000,0,collision
576,111,-217.54,5.88,237.29,0.0146,0.0000,0,collision
577,56,-175.04,11.56,305.25,0.0244,0.0165,0,collision
578,83,-163.82,12.09,304.09,0.0094,0.0000,0,collision
579,78,-154.37,19.99,153.30,0.0163,0.0052,0,collision
580,6,-199.43,3.01,33.40,0.1751,0.0000,0,collision
581,44,-186.11,7.88,264.47,0.0106,0.0000,0,collision
582,200,-202.01,4.74,648.77,0.0055,0.0130,0,collision
583,102,-153.58,16.49,275.24,0.0067,0.0208,0,collision
584,123,-137.90,16.28,247.38,0.0000,0.0067,0,collision
585,59,-181.93,12.38,101.21,0.0278,0.0000,0,collision
586,58,-179.86,9.71,174.26,0.0263,0.0103,0,collision
587,240,215.58,9.58,644.44,0.0000,0.0153,1,goal
588,260,221.66,9.04,780.56,0.0000,0.0000,1,goal
589,9,-201.39,1.41,11.75,0.0775,0.0863,0,collision
590,153,-230.75,4.51,257.61,0.0067,0.0000,0,collision
591,110,-276.93,0.39,58.94,0.0114,0.0000,0,collision
592,226,244.05,9.89,841.20,0.0000,0.0000,1,goal
593,210,-122.35,10.72,1030.74,0.0007,0.0138,0,collision
594,45,-198.37,5.58,223.88,0.0272,0.0332,0,collision
595,123,-223.58,5.08,320.85,0.0050,0.0000,0,collision
596,51,-190.89,5.08,183.66,0.0014,0.0897,0,collision
597,135,266.63,17.81,241.31,0.0000,0.0000,1,goal
598,68,-189.04,4.50,203.95,0.0077,0.0254,0,collision
599,65,-185.31,5.86,229.41,0.0135,0.0155,0,collision
600,156,-195.78,8.73,398.10,0.0044,0.0000,0,collision
601,3,-200.87,0.62,1.43,0.2886,0.0000,0,collision
602,63,-195.58,9.30,173.86,0.0279,0.0079,0,collision
603,87,-184.21,12.84,247.95,0.0000,0.1211,0,collision
604,130,-176.04,7.35,528.24,0.0111,0.0120,0,collision
605,64,-163.44,18.69,123.18,0.0136,0.0000,0,collision
606,43,-202.95,3.07,83.15,0.0184,0.0000,0,collision
607,2,-199.84,0.60,0.90,0.0868,0.0000,0,collision
608,84,-181.28,6.31,353.93,0.0133,0.0013,0,collision
609,65,-182.71,10.11,145.20,0.0083,0.0000,0,collision
610,13,-203.77,1.34,10.31,0.1048,0.0000,0,collision
611,6,-199.40,2.16,9.95,0.1354,0.1545,0,collision
612,120,-216.97,5.44,211.87,0.0107,0.0000,0,collision
613,8,-198.19,2.14,15.34,0.1575,0.0000,0,collision
614,136,-182.42,11.49,247.98,0.0077,0.0059,0,collision
101,3,-199.81,1.16,1.48,0.2519,0.1030,0,collision
102,146,-244.31,3.98,297.00,0.0079,0.0000,0,collision
103,3,-200.51,0.36,0.85,0.2703,0.0000,0,collision
104,236,-229.12,6.37,811.85,0.0037,0.0082,0,collision
105,58,-178.42,12.20,306.43,0.0256,0.0000,0,collision
106,141,-226.02,5.98,375.85,0.0050,0.0071,0,collision
107,46,-181.95,11.08,152.52,0.0125,0.0097,0,collision
108,238,251.99,10.20,638.99,0.0000,0.0489,1,goal
109,8,-197.75,2.67,19.90,0.1352,0.0000,0,collision
110,138,-278.96,1.64,167.50,0.0100,0.0024,0,collision
615,54,-187.97,14.07,233.39,0.0113,0.0000,0,collision
616,88,-200.13,7.34,282.87,0.0194,0.0000,0,collision
617,70,-188.59,8.29,206.68,0.0092,0.0000,0,collision
618,91,254.01,23.41,-16.49,0.0000,0.0000,1,goal
619,6,-201.62,1.32,10.44,0.0661,0.0000,0,collision
620,150,-226.02,3.91,255.64,0.0046,0.0000,0,collision
621,49,-176.68,13.92,174.00,0.0100,0.0211,0,collision
622,126,-161.66,10.88,626.99,0.0090,0.0063,0,collision
623,108,-157.05,14.07,188.72,0.0104,0.0000,0,collision
624,131,-143.80,13.44,336.67,0.0061,0.0105,0,collision
625,7,-199.94,1.84,13.20,0.1542,0.0000,0,collision
626,37,-193.21,4.03,100.33,0.0354,0.0087,0,collision
627,89,-158.02,16.04,72.67,0.0097,0.0208,0,collision
628,88,-188.07,14.74,165.99,0.0044,0.0000,0,collision
629,68,-177.26,13.07,163.45,0.0080,0.0506,0,collision
630,53,-179.33,10.70,247.79,0.0029,0.0202,0,collision
631,15,-198.74,3.44,56.90,0.0624,0.0486,0,collision
632,46,-182.22,17.62,106.73,0.0131,0.0077,0,collision
633,43,-181.29,15.56,119.77,0.0055,0.0086,0,collision
634,36,-197.66,9.34,205.57,0.0184,0.2492,0,collision
635,139,-192.73,11.24,300.32,0.0106,0.0000,0,collision
636,32,-191.09,7.90,242.95,0.0146,0.1080,0,collision
637,76,-156.87,19.59,172.78,0.0214,0.0194,0,collision
638,41,-191.78,7.55,137.75,0.0296,0.0923,0,collision
639,264,-295.92,4.58,517.57,0.0045,0.0035,0,collision
640,8,-197.90,2.43,10.83,0.1155,0.0000,0,collision
641,5,-200.48,1.18,6.75,0.0526,0.0000,0,collision
642,67,-177.29,12.16,272.32,0.0037,0.1030,0,collision
643,45,-187.66,13.33,103.63,0.0071,0.1417,0,collision
644,68,-165.18,21.63,21.93,0.0129,0.0489,0,collision
645,70,-183.71,9.29,40.18,0.0061,0.0786,0,collision
646,44,-186.38,8.06,154.28,0.0183,0.0000,0,collision
647,9,-197.40,3.44,21.94,0.0403,0.0000,0,collision
648,61,-204.29,11.11,132.53,0.0138,0.0000,0,collision
649,147,237.75,14.36,186.98,0.0000,0.0313,1,goal
650,76,-198.18,8.95,124.58,0.0222,0.0000,0,collision
651,226,-234.26,7.98,748.83,0.0041,0.0114,0,collision
652,129,-139.23,13.70,290.50,0.0088,0.0000,0,collision
653,135,-178.67,10.17,288.44,0.0098,0.0000,0,collision
654,100,-151.91,15.86,109.36,0.0147,0.0073,0,collision
655,121,-149.84,11.77,392.54,0.0060,0.0020,0,collision
656,192,-273.95,3.72,393.23,0.0017,0.0211,0,collision
657,21,-199.60,10.15,128.50,0.0050,0.2829,0,collision
658,61,-183.10,9.47,112.40,0.0116,0.0570,0,collision
659,85,-197.13,8.27,214.04,0.0089,0.0000,0,collision
660,114,227.21,18.33,332.23,0.0000,0.0047,1,goal
661,233,-271.38,5.64,464.76,0.0086,0.0000,0,collision
662,4,-201.40,0.76,3.75,0.3168,0.0000,0,collision
663,129,-232.38,4.92,376.05,0.0080,0.0471,0,collision
111,10,-199.25,3.99,56.84,0.0272,0.1372,0,collision
112,54,-200.17,11.45,184.15,0.0149,0.0000,0,collision
113,152,-197.48,8.52,437.58,0.0063,0.0128,0,collision
114,100,-156.08,15.00,19.36,0.0005,0.0282,0,collision
115,46,-180.95,14.09,19.91,0.0093,0.0466,0,collision
116,68,-172.36,8.61,294.10,0.0137,0.0000,0,collision
117,147,211.95,14.18,422.84,0.0000,0.0033,1,goal
118,13,-196.46,4.49,52.71,0.0687,0.0000,0,collision
119,246,200.37,9.09,579.32,0.0000,0.0026,1,goal
120,103,-160.00,13.35,622.39,0.0035,0.0047,0,collision
664,92,-184.20,10.55,217.55,0.0097,0.0070,0,collision
665,161,243.66,12.71,491.22,0.0000,0.0000,1,goal
666,268,218.99,7.88,782.09,0.0000,0.0008,1,goal
667,22,-196.87,3.72,41.09,0.0430,0.0000,0,collision
668,13,-195.00,7.85,123.64,0.0153,0.0000,0,collision
669,4,-200.47,1.58,8.21,0.1069,0.1038,0,collision
670,80,-212.04,7.70,101.61,0.0054,0.0000,0,collision
671,78,-166.97,13.03,221.39,0.0061,0.0411,0,collision
672,13,-200.04,1.16,4.86,0.0846,0.0000,0,collision
673,29,-190.21,6.25,112.44,0.0422,0.0000,0,collision
674,20,-198.58,4.45,98.25,0.0300,0.0474,0,collision
675,129,-174.03,10.18,453.94,0.0005,0.0070,0,collision
676,18,-193.80,11.94,199.71,0.0091,0.0457,0,collision
677,103,-184.77,6.29,232.88,0.0077,0.0871,0,collision
678,103,-166.76,14.68,328.62,0.0145,0.0000,0,collision
679,118,248.59,19.09,170.33,0.0000,0.0000,1,goal
680,123,-222.84,6.86,334.53,0.0123,0.0000,0,collision
681,90,-151.23,19.11,-52.35,0.0130,0.0140,0,collision
682,20,-193.67,12.11,179.28,0.0576,0.0907,0,collision
683,73,-151.45,25.63,126.70,0.0127,0.0232,0,collision
684,34,-185.61,13.12,146.00,0.0281,0.0416,0,collision
685,84,-214.57,6.93,57.94,0.0054,0.0000,0,collision
686,83,-156.05,17.77,116.19,0.0025,0.0164,0,collision
687,187,-303.83,3.48,163.15,0.0020,0.0000,0,collision
688,104,-165.32,8.83,364.93,0.0076,0.0585,0,collision
689,54,-170.77,20.53,184.63,0.0083,0.0149,0,collision
690,120,-144.31,16.77,316.20,0.0014,0.0456,0,collision
691,182,257.94,14.87,610.13,0.0000,0.0000,1,goal
692,98,254.08,21.50,282.72,0.0000,0.0000,1,goal
693,143,-234.10,7.46,477.15,0.0101,0.0423,0,collision
694,68,-187.64,11.54,146.61,0.0011,0.0730,0,collision
695,156,-196.38,6.94,389.79,0.0026,0.0000,0,collision
696,3,-199.31,2.08,9.94,0.6355,0.0000,0,collision
697,118,-197.48,11.11,128.25,0.0105,0.0000,0,collision
698,248,-361.66,2.74,183.57,0.0046,0.0000,0,collision
699,140,-191.01,9.42,159.47,0.0009,0.1844,0,collision
700,33,-181.89,17.34,127.61,0.0153,0.0000,0,collision
701,67,-192.29,10.20,136.64,0.0107,0.0000,0,collision
702,3,-201.24,0.19,0.39,0.0805,0.0000,0,collision
703,121,242.97,17.56,107.14,0.0000,0.0011,1,goal
704,9,-202.14,1.11,6.63,0.0318,0.0000,0,collision
705,138,-248.73,4.86,102.07,0.0079,0.0000,0,collision
706,43,-178.31,16.96,38.73,0.0185,0.0070,0,collision
707,185,248.94,12.04,559.70,0.0000,0.0119,1,goal
708,110,-157.66,12.34,322.70,0.0075,0.0180,0,collision
709,52,-191.65,10.67,286.30,0.0052,0.2191,0,collision
121,51,-177.62,16.40,110.02,0.0000,0.0358,0,collision
122,15,-198.40,3.47,45.05,0.0754,0.0000,0,collision
123,206,185.21,10.07,220.81,0.0000,0.0000,1,goal
124,116,-147.69,16.00,374.12,0.0023,0.0222,0,collision
125,146,-226.04,5.56,279.20,0.0071,0.0161,0,collision
126,93,-172.15,7.58,338.15,0.0157,0.0151,0,collision
127,231,-169.29,8.00,675.48,0.0010,0.0107,0,collision
128,36,-192.41,5.41,159.42,0.0103,0.0592,0,collision
129,93,259.94,22.39,173.45,0.0000,0.0000,1,goal
130,97,-167.61,11.98,435.53,0.0090,0.0065,0,collision
710,78,-199.12,9.04,234.69,0.0197,0.0000,0,collision
711,100,-189.86,6.59,329.32,0.0079,0.0000,0,collision
712,56,-173.57,15.25,152.77,0.0094,0.0133,0,collision
713,30,-196.49,2.75,53.86,0.0147,0.0000,0,collision
714,95,-189.60,7.12,252.59,0.0136,0.0835,0,collision
715,74,-199.60,4.02,228.82,0.0174,0.0186,0,collision
716,160,-225.78,8.40,355.01,0.0106,0.0063,0,collision
717,19,-195.75,3.10,36.36,0.0557,0.0228,0,collision
718,4,-201.34,0.65,2.74,0.2203,0.0000,0,collision
719,243,-154.97,8.30,1003.36,0.0025,0.0268,0,collision
720,60,-177.21,10.64,378.86,0.0167,0.0174,0,collision
721,24,-192.88,6.60,141.92,0.0440,0.0386,0,collision
722,8,-197.84,5.31,80.36,0.1372,0.0000,0,collision
723,15,-194.22,7.43,142.07,0.0831,0.0000,0,collision
724,249,207.72,8.90,679.35,0.0000,0.0000,1,goal
725,217,-288.02,6.53,207.63,0.0071,0.0000,0,collision
726,7,-198.34,2.37,16.67,0.0761,0.0000,0,collision
727,9,-198.38,2.50,22.57,0.0634,0.0000,0,collision
728,47,-190.27,13.37,66.69,0.0352,0.0000,0,collision
729,110,-147.22,13.73,449.05,0.0079,0.0171,0,collision
730,191,-192.74,11.61,345.52,0.0032,0.0194,0,collision
731,157,233.33,13.70,406.73,0.0000,0.0122,1,goal
732,45,-177.08,15.39,111.63,0.0220,0.0211,0,collision
733,4,-202.97,0.02,0.30,0.0693,0.0000,0,collision
734,127,-166.71,11.89,419.62,0.0037,0.0125,0,collision
735,4,-198.96,2.79,18.01,0.2441,0.0000,0,collision
736,81,-175.99,10.38,318.54,0.0044,0.0232,0,collision
737,17,-194.61,4.48,78.68,0.0272,0.0074,0,collision
738,33,-187.49,8.33,212.43,0.0477,0.0253,0,collision
739,184,203.23,11.60,168.27,0.0000,0.0153,1,goal
740,145,-222.88,8.86,178.05,0.0065,0.0000,0,collision
741,83,-190.45,10.36,191.02,0.0142,0.0000,0,collision
742,12,-195.77,6.26,89.05,0.0966,0.0000,0,collision
743,87,-179.88,12.08,286.19,0.0086,0.0000,0,collision
744,28,-191.94,16.12,127.63,0.0260,0.1007,0,collision
745,114,-190.05,7.57,173.06,0.0020,0.0064,0,collision
746,21,-190.87,9.87,144.17,0.0370,0.0000,0,collision
747,171,-156.27,13.59,496.54,0.0007,0.0186,0,collision
748,26,-190.70,11.15,126.53,0.0124,0.0499,0,collision
749,118,263.47,19.18,327.53,0.0000,0.0000,1,goal
750,113,260.76,18.26,383.35,0.0000,0.0026,1,goal
751,115,-162.89,12.21,476.80,0.0075,0.0000,0,collision
752,56,-176.50,14.32,171.44,0.0179,0.0188,0,collision
753,160,-211.48,11.82,302.92,0.0084,0.0066,0,collision
754,51,-179.89,11.42,304.15,0.0177,0.0159,0,collision
755,31,-190.42,10.88,178.67,0.0133,0.0383,0,collision
756,57,-169.04,20.25,155.06,0.0175,0.0000,0,collision
757,86,-186.65,7.99,338.03,0.0148,0.0000,0,collision
758,171,-168.48,5.85,671.86,0.0092,0.0707,0,collision
131,32,-185.28,17.59,190.78,0.0162,0.0359,0,collision
132,57,-192.21,9.51,134.90,0.0175,0.0000,0,collision
133,134,-168.50,9.05,447.11,0.0081,0.0340,0,collision
134,50,-202.42,8.14,165.57,0.0270,0.0000,0,collision
135,4,-199.21,1.88,8.03,0.2129,0.0000,0,collision
136,9,-198.41,3.10,23.49,0.1142,0.0000,0,collision
137,74,245.88,24.32,47.81,0.0000,0.0159,1,goal
138,155,-238.67,5.08,249.43,0.0085,0.0000,0,collision
139,130,-152.52,10.81,490.14,0.0100,0.0000,0,collision
140,147,252.88,14.89,789.31,0.0000,0.0000,1,goal
759,138,-244.65,7.51,338.73,0.0049,0.2355,0,collision
760,47,-174.23,17.64,197.08,0.0232,0.0130,0,collision
761,74,-185.54,11.71,231.97,0.0099,0.0000,0,collision
762,10,-201.69,2.15,24.80,0.0457,0.0000,0,collision
763,47,-196.17,5.08,183.68,0.0058,0.0501,0,collision
764,20,-202.64,1.94,28.81,0.1000,0.1594,0,collision
765,98,-172.04,14.58,134.91,0.0073,0.0713,0,collision
766,65,-184.05,13.67,89.37,0.0260,0.0225,0,collision
767,80,-176.02,8.40,363.85,0.0105,0.0211,0,collision
768,74,-179.28,9.72,262.97,0.0170,0.0428,0,collision
769,132,-195.71,11.15,471.54,0.0076,0.0105,0,collision
770,165,-142.56,14.73,503.03,0.0117,0.0033,0,collision
771,90,-182.09,6.55,388.55,0.0026,0.0126,0,collision
772,56,-177.18,11.09,300.73,0.0059,0.0396,0,collision
773,97,-153.76,15.80,189.03,0.0058,0.0223,0,collision
774,105,-179.86,15.38,431.72,0.0020,0.0422,0,collision
775,137,-163.18,14.92,351.39,0.0110,0.0043,0,collision
776,9,-197.51,2.17,7.82,0.0508,0.0000,0,collision
777,173,-135.49,11.39,558.99,0.0030,0.0109,0,collision
778,50,-174.69,15.34,-36.50,0.0319,0.0070,0,collision
779,18,-203.55,1.22,12.29,0.0535,0.0000,0,collision
780,74,-182.49,8.97,247.88,0.0074,0.1382,0,collision
781,48,-191.74,12.00,32.27,0.0210,0.0100,0,collision
782,45,-176.49,15.59,159.00,0.0348,0.0000,0,collision
783,51,-186.27,12.65,88.69,0.0197,0.0000,0,collision
784,34,-190.20,11.34,133.60,0.0183,0.0772,0,collision
785,110,-195.90,11.44,486.60,0.0068,0.0069,0,collision
786,41,-179.92,17.12,231.20,0.0244,0.0311,0,collision
787,66,-204.91,9.85,231.32,0.0087,0.0606,0,collision
788,190,185.70,10.46,404.72,0.0000,0.0000,1,goal
789,99,-184.43,7.54,391.77,0.0119,0.1018,0,collision
790,161,240.79,12.54,428.86,0.0000,0.0076,1,goal
791,121,-219.16,5.45,177.58,0.0077,0.2257,0,collision
792,14,-202.77,1.77,21.45,0.0270,0.0297,0,collision
793,133,-251.29,4.93,147.62,0.0066,0.0075,0,collision
794,77,-172.90,8.66,445.92,0.0044,0.0266,0,collision
795,32,-183.63,17.27,122.43,0.0292,0.0000,0,collision
796,109,-187.69,12.24,250.96,0.0104,0.0000,0,collision
797,32,-186.80,15.22,125.03,0.0076,0.0650,0,collision
798,251,165.96,8.42,547.78,0.0000,0.0200,1,goal
799,87,-151.60,21.46,238.74,0.0090,0.0000,0,collision
800,89,-198.26,9.44,185.11,0.0102,0.0000,0,collision
801,21,-191.33,10.69,156.53,0.0261,0.0000,0,collision
802,52,-182.91,13.30,198.84,0.0261,0.0000,0,collision
803,42,-195.25,4.09,95.45,0.0285,0.0000,0,collision
804,24,-191.63,10.30,223.37,0.0159,0.0256,0,collision
805,76,-197.01,9.14,97.66,0.0103,0.0000,0,collision
806,147,-166.65,8.88,527.50,0.0045,0.0315,0,collision
807,116,-217.58,8.37,250.54,0.0066,0.0000,0,collision
808,59,-162.72,22.01,175.73,0.0186,0.0000,0,collision
141,122,270.74,18.72,387.30,0.0000,0.0000,1,goal
142,227,186.55,12.08,223.64,0.0000,0.0000,1,goal
143,52,-196.21,11.87,172.67,0.0136,0.0000,0,collision
144,123,-182.60,11.11,461.65,0.0118,0.0000,0,collision
145,63,-193.38,3.59,166.90,0.0021,0.0633,0,collision
146,167,257.14,12.56,569.72,0.0000,0.0000,1,goal
147,136,-159.23,11.12,406.58,0.0007,0.0758,0,collision
148,53,-175.60,11.24,250.47,0.0090,0.0000,0,collision
149,148,-192.25,9.25,390.45,0.0098,0.0000,0,collision
150,96,-161.93,10.50,476.23,0.0021,0.0147,0,collision
809,235,-251.16,10.95,843.01,0.0002,0.0132,0,collision
810,43,-178.56,21.71,53.61,0.0116,0.0736,0,collision
811,124,-244.79,4.36,291.30,0.0071,0.3061,0,collision
812,102,-206.65,8.38,106.04,0.0093,0.0000,0,collision
813,229,-179.66,9.41,604.53,0.0006,0.0437,0,collision
814,131,228.21,15.86,404.46,0.0000,0.0000,1,goal
815,2,-199.66,1.04,2.51,0.0021,0.0000,0,collision
816,97,-201.37,7.07,199.22,0.0099,0.0000,0,collision
817,138,-151.76,14.84,359.64,0.0043,0.0064,0,collision
818,96,-154.66,14.45,198.05,0.0110,0.0000,0,collision
819,2,-199.66,1.04,2.51,0.0060,0.0000,0,collision
820,137,251.29,15.68,211.53,0.0000,0.0115,1,goal
821,46,-180.20,12.25,162.24,0.0022,0.0427,0,collision
822,180,236.32,11.43,600.07,0.0000,0.0000,1,goal
823,61,-192.87,11.70,323.95,0.0138,0.0350,0,collision
824,16,-193.24,9.99,183.40,0.0215,0.0000,0,collision
825,220,-177.92,9.12,728.66,0.0063,0.0074,0,collision
826,92,-220.75,6.57,93.51,0.0000,0.0000,0,collision
827,95,256.29,23.29,394.57,0.0000,0.0146,1,goal
828,18,-193.21,7.64,167.67,0.0225,0.0000,0,collision
829,132,-182.92,11.83,281.56,0.0071,0.1062,0,collision
830,23,-188.40,15.48,145.46,0.0665,0.0430,0,collision
831,107,-173.75,6.68,495.93,0.0028,0.0346,0,collision
832,21,-198.65,3.01,38.65,0.0622,0.0000,0,collision
833,5,-200.54,1.49,10.24,0.1254,0.0000,0,collision
834,2,-199.67,0.81,1.56,0.3929,0.1171,0,collision
835,1,-200.00,0.00,0.00,0.0000,0.0000,0,collision
836,137,-201.71,10.30,446.14,0.0074,0.0000,0,collision
837,98,-215.56,7.47,185.86,0.0075,0.0000,0,collision
838,226,257.11,10.18,846.85,0.0000,0.0000,1,goal
839,13,-196.91,4.98,70.98,0.0467,0.0000,0,collision
840,199,-237.92,5.17,374.73,0.0040,0.0383,0,collision
841,119,-197.34,10.64,106.98,0.0049,0.0000,0,collision
842,240,-237.88,5.33,446.20,0.0051,0.0156,0,collision
843,68,-191.13,5.21,187.10,0.0165,0.0313,0,collision
844,70,-174.31,12.98,88.80,0.0045,0.0463,0,collision
845,10,-197.20,5.68,103.53,0.1630,0.0000,0,collision
846,134,-172.14,8.41,511.79,0.0021,0.0070,0,collision
847,19,-208.77,0.84,11.59,0.0581,0.0000,0,collision
848,86,-192.57,8.30,151.47,0.0155,0.0000,0,collision
849,5,-201.78,0.70,1.79,0.1231,0.0000,0,collision
850,37,-182.88,13.82,19.10,0.0214,0.0021,0,collision
851,126,-213.94,6.05,292.98,0.0041,0.0627,0,collision
852,45,-185.19,11.06,118.06,0.0254,0.0000,0,collision
853,75,-187.85,12.67,217.15,0.0143,0.0171,0,collision
151,203,229.65,11.87,429.66,0.0000,0.0230,1,goal
152,33,-180.45,19.60,100.44,0.0266,0.0282,0,collision
153,15,-194.00,13.57,161.77,0.0048,0.0539,0,collision
154,174,266.09,12.45,375.84,0.0000,0.0051,1,goal
155,55,-191.09,5.49,246.57,0.0195,0.0000,0,collision
156,101,-168.36,10.63,539.03,0.0018,0.0188,0,collision
157,137,234.50,14.80,418.94,0.0000,0.0000,1,goal
158,63,-179.69,11.06,149.17,0.0161,0.0254,0,collision
159,203,-160.28,7.30,784.36,0.0049,0.0135,0,collision
160,32,-191.98,6.21,154.66,0.0363,0.0000,0,collision
854,236,-232.18,5.52,862.73,0.0072,0.0661,0,collision
855,71,-158.17,19.87,-25.19,0.0009,0.0064,0,collision
856,25,-199.32,5.15,74.61,0.0300,0.1573,0,collision
857,131,-157.92,14.46,430.99,0.0038,0.0072,0,collision
858,123,-160.50,9.35,564.05,0.0008,0.0101,0,collision
859,159,273.21,15.01,293.49,0.0000,0.0000,1,goal
860,92,-150.87,17.24,198.92,0.0029,0.0000,0,collision
861,3,-201.18,0.74,1.26,0.0130,0.4109,0,collision
862,54,-167.50,21.99,134.63,0.0185,0.0221,0,collision
863,72,-179.14,8.34,159.69,0.0036,0.0000,0,collision
864,193,210.87,11.29,317.05,0.0000,0.0104,1,goal
865,45,-173.01,19.44,108.44,0.0101,0.0002,0,collision
866,180,-179.17,7.37,686.32,0.0063,0.0087,0,collision
867,138,-200.87,5.31,482.59,0.0081,0.0000,0,collision
868,60,-172.31,18.13,185.63,0.0073,0.0231,0,collision
869,195,-178.99,7.72,792.77,0.0011,0.0169,0,collision
870,236,-236.24,5.45,641.67,0.0035,0.0054,0,collision
871,187,-173.19,10.22,662.69,0.0064,0.0055,0,collision
872,28,-193.15,8.21,172.39,0.0233,0.0068,0,collision
873,102,264.70,23.03,103.22,0.0000,0.0067,1,goal
874,22,-191.82,7.40,165.87,0.0016,0.0000,0,collision
875,52,-192.96,5.92,203.01,0.0078,0.1619,0,collision
876,72,-197.87,8.35,223.33,0.0152,0.0000,0,collision
877,8,-199.27,2.82,25.83,0.1393,0.0000,0,collision
878,85,-169.40,9.86,473.31,0.0100,0.0285,0,collision
879,152,-173.01,13.40,299.14,0.0047,0.0354,0,collision
880,151,252.31,14.84,408.31,0.0000,0.0106,1,goal
881,57,-172.30,19.12,109.16,0.0105,0.0518,0,collision
882,104,-163.91,11.01,477.81,0.0119,0.0000,0,collision
883,53,-168.09,21.17,29.00,0.0264,0.0000,0,collision
884,64,-177.76,7.55,301.95,0.0203,0.0000,0,collision
885,20,-190.91,13.32,130.34,0.0708,0.0119,0,collision
886,7,-206.73,0.11,0.89,0.0652,0.3058,0,collision
887,83,-181.86,7.85,289.90,0.0149,0.0317,0,collision
888,20,-200.84,6.10,129.50,0.0504,0.0000,0,collision
889,115,-168.74,16.72,260.26,0.0144,0.0168,0,collision
890,10,-197.61,3.48,35.71,0.0401,0.0000,0,collision
891,23,-191.59,9.39,150.31,0.0230,0.0000,0,collision
892,165,-175.61,12.05,228.99,0.0067,0.0000,0,collision
893,22,-195.81,4.64,63.39,0.0128,0.0827,0,collision
894,81,-194.21,9.48,281.44,0.0014,0.0000,0,collision
895,3,-201.11,0.24,0.49,0.3990,0.0000,0,collision
896,36,-186.67,12.82,121.17,0.0135,0.0575,0,collision
897,168,-159.46,12.08,445.35,0.0011,0.0158,0,collision
898,71,-176.21,15.82,265.69,0.0040,0.0432,0,collision
899,28,-190.30,5.46,114.90,0.0226,0.0000,0,collision
900,54,-183.40,13.00,221.20,0.0161,0.0173,0,collision
901,59,-175.18,17.93,198.22,0.0206,0.0000,0,collision
161,128,-237.08,5.33,103.44,0.0098,0.0000,0,collision
162,135,-189.72,6.82,396.47,0.0023,0.0412,0,collision
163,4,-201.93,0.39,0.88,0.0877,0.0000,0,collision
164,31,-185.09,16.66,90.87,0.0446,0.0000,0,collision
165,85,-174.96,11.44,320.89,0.0079,0.0247,0,collision
166,95,259.36,22.05,27.30,0.0000,0.0000,1,goal
167,235,-154.02,6.37,797.70,0.0056,0.0187,0,collision
168,6,-199.42,2.62,26.40,0.1602,0.0000,0,collision
169,90,-190.71,6.20,337.42,0.0020,0.1084,0,collision
170,160,261.74,13.72,792.27,0.0000,0.0319,1,goal
902,43,-179.35,16.08,85.75,0.0116,0.0000,0,collision
903,4,-199.97,1.10,0.99,0.2981,0.0000,0,collision
904,31,-195.78,4.34,110.52,0.0377,0.0200,0,collision
905,97,-202.96,7.11,259.68,0.0128,0.0000,0,collision
906,81,-173.55,13.50,232.79,0.0130,0.0198,0,collision
907,24,-191.73,6.01,137.20,0.0036,0.0000,0,collision
908,152,-181.26,9.96,556.59,0.0104,0.0056,0,collision
909,119,-230.60,4.88,175.63,0.0108,0.0000,0,collision
910,105,-149.02,18.63,135.79,0.0081,0.0017,0,collision
911,39,-185.72,7.33,100.42,0.0074,0.0000,0,collision
912,246,271.78,11.56,857.67,0.0000,0.0000,1,goal
913,119,241.75,17.89,179.32,0.0000,0.0050,1,goal
914,90,-164.04,11.64,161.77,0.0144,0.0120,0,collision
915,40,-186.43,11.10,138.21,0.0267,0.0601,0,collision
916,254,211.13,8.96,823.98,0.0000,0.0000,1,goal
917,5,-198.66,2.66,15.67,0.0715,0.0000,0,collision
918,242,-191.31,9.42,700.81,0.0038,0.0006,0,collision
919,61,-164.98,21.56,36.24,0.0065,0.0310,0,collision
920,6,-202.32,0.96,9.23,0.2100,0.0000,0,collision
921,93,-174.76,7.39,333.27,0.0134,0.0163,0,collision
922,198,-222.23,8.44,594.50,0.0066,0.0039,0,collision
923,101,-184.28,9.80,432.30,0.0030,0.0238,0,collision
924,177,-160.61,9.48,351.40,0.0072,0.0061,0,collision
925,269,-177.44,7.98,766.34,0.0002,0.0715,0,collision
926,44,-186.35,13.28,102.69,0.0227,0.0919,0,collision
927,184,257.00,10.95,615.47,0.0000,0.0040,1,goal
928,234,-211.35,7.95,488.90,0.0018,0.1792,0,collision
929,44,-184.81,6.78,187.24,0.0269,0.0000,0,collision
930,87,-180.72,8.51,229.47,0.0151,0.0030,0,collision
931,141,274.97,16.45,288.20,0.0000,0.0000,1,goal
932,5,-202.21,0.42,2.03,0.1934,0.0051,0,collision
933,31,-194.81,4.04,100.59,0.0146,0.0045,0,collision
934,19,-192.37,9.19,132.84,0.0372,0.0000,0,collision
935,163,-154.12,8.69,705.77,0.0079,0.0072,0,collision
936,7,-200.76,1.44,9.78,0.2618,0.0000,0,collision
937,68,-161.91,18.21,50.01,0.0127,0.0000,0,collision
938,211,-161.55,7.89,678.06,0.0022,0.0023,0,collision
939,85,-218.32,4.35,140.57,0.0108,0.0874,0,collision
940,143,236.59,14.58,408.94,0.0000,0.0000,1,goal
941,60,-169.47,15.55,34.26,0.0136,0.0000,0,collision
171,60,-181.90,12.48,109.80,0.0145,0.0234,0,collision
172,142,-154.26,9.66,375.87,0.0069,0.0000,0,collision
173,9,-196.81,5.99,85.00,0.0355,0.0000,0,collision
174,6,-202.50,0.69,4.55,0.0542,0.0000,0,collision
175,8,-197.52,4.20,41.20,0.0257,0.0000,0,collision
176,157,-177.82,10.00,355.23,0.0026,0.0012,0,collision
177,126,250.14,16.73,144.77,0.0000,0.0000,1,goal
178,9,-197.79,3.51,44.39,0.1540,0.0000,0,collision
179,53,-197.81,3.42,112.32,0.0178,0.0000,0,collision
180,214,-206.34,8.81,587.85,0.0067,0.0000,0,collision
942,120,-216.00,6.79,502.18,0.0129,0.0000,0,collision
943,229,239.72,8.93,795.03,0.0000,0.0084,1,goal
944,173,243.03,11.83,574.98,0.0000,0.0071,1,goal
945,48,-181.13,15.31,70.85,0.0132,0.0438,0,collision
946,3,-202.48,0.32,0.36,0.2082,0.4010,0,collision
947,55,-189.14,4.67,162.93,0.0068,0.0057,0,collision
948,251,-184.97,7.80,1038.47,0.0049,0.0000,0,collision
949,73,-193.03,4.58,210.02,0.0184,0.0000,0,collision
950,162,274.19,14.10,498.25,0.0000,0.0000,1,goal
951,111,-153.02,11.69,353.92,0.0095,0.0000,0,collision
952,127,-184.72,7.35,326.21,0.0008,0.0000,0,collision
953,119,-205.80,5.61,108.45,0.0073,0.0013,0,collision
954,60,-192.03,10.94,188.28,0.0166,0.0576,0,collision
955,46,-180.72,17.40,128.12,0.0040,0.0448,0,collision
956,162,-248.81,4.20,272.71,0.0068,0.0000,0,collision
957,160,249.46,14.05,426.97,0.0000,0.0124,1,goal
958,26,-188.69,13.98,153.86,0.0130,0.0280,0,collision
959,149,-137.59,13.82,750.17,0.0048,0.0026,0,collision
960,182,-210.22,6.03,447.19,0.0032,0.0101,0,collision
961,223,-177.92,8.31,690.91,0.0066,0.0156,0,collision
962,108,-200.91,5.43,233.03,0.0070,0.0176,0,collision
963,19,-193.01,6.70,129.00,0.0616,0.0000,0,collision
964,91,-158.85,17.22,184.35,0.0092,0.0000,0,collision
965,117,264.34,19.97,169.90,0.0000,0.0000,1,goal
966,7,-204.75,0.27,1.47,0.0912,0.1400,0,collision
967,158,-169.14,12.61,433.71,0.0090,0.0039,0,collision
968,208,-248.82,5.42,331.40,0.0052,0.2545,0,collision
969,2,-201.03,0.16,0.17,0.5621,0.0000,0,collision
970,109,-216.53,6.08,120.37,0.0131,0.0000,0,collision
971,139,-156.88,10.19,252.68,0.0053,0.0133,0,collision
972,144,-257.16,4.55,83.18,0.0072,0.0000,0,collision
973,35,-198.35,2.53,44.52,0.0151,0.0000,0,collision
974,170,-203.75,7.13,405.25,0.0034,0.0000,0,collision
975,149,-175.06,12.22,617.79,0.0044,0.0258,0,collision
976,148,-184.89,8.89,121.97,0.0047,0.0000,0,collision
181,168,-269.79,4.08,224.60,0.0082,0.0030,0,collision
182,131,-174.18,10.40,593.41,0.0039,0.0000,0,collision
183,100,-177.66,6.37,374.79,0.0081,0.0198,0,collision
184,5,-198.53,3.86,27.23,0.1032,0.0000,0,collision
185,9,-198.10,3.40,27.96,0.1793,0.0000,0,collision
186,66,-200.18,10.51,161.49,0.0199,0.0000,0,collision
187,21,-193.16,4.01,56.44,0.0434,0.0000,0,collision
188,179,-212.33,7.04,531.94,0.0060,0.0000,0,collision
189,229,249.85,8.96,540.65,0.0000,0.0000,1,goal
190,52,-186.89,13.41,92.85,0.0241,0.0000,0,collision
977,194,-165.34,13.56,813.61,0.0023,0.0000,0,collision
978,157,256.87,14.41,338.20,0.0000,0.0000,1,goal
979,3,-199.38,1.54,3.85,0.4007,0.0000,0,collision
980,43,-197.39,6.09,184.99,0.0371,0.0000,0,collision
981,138,-241.34,4.79,128.24,0.0054,0.0000,0,collision
982,66,-209.36,2.60,127.93,0.0199,0.0000,0,collision
983,171,-163.02,11.79,483.03,0.0117,0.0187,0,collision
984,4,-199.17,1.65,7.16,0.2076,0.0000,0,collision
985,161,-177.18,8.26,439.77,0.0058,0.0010,0,collision
986,61,-172.66,13.29,245.03,0.0017,0.0287,0,collision
987,52,-178.15,10.87,162.84,0.0232,0.0000,0,collision
988,172,-185.73,8.26,500.96,0.0033,0.0000,0,collision
989,55,-182.47,6.86,252.66,0.0249,0.0146,0,collision
990,38,-206.94,1.87,54.70,0.0366,0.0430,0,collision
991,86,-181.70,10.06,182.52,0.0056,0.0165,0,collision
992,58,-161.94,23.38,53.38,0.0132,0.0000,0,collision
993,30,-209.20,1.82,42.93,0.0525,0.0031,0,collision
994,128,253.86,16.48,260.31,0.0000,0.0000,1,goal
995,100,261.30,20.55,68.98,0.0000,0.0000,1,goal
996,227,185.01,8.96,475.71,0.0000,0.1248,1,goal
997,4,-200.47,0.62,2.78,0.2246,0.0000,0,collision
998,148,-271.55,3.96,207.16,0.0060,0.0000,0,collision
999,201,215.33,10.04,576.31,0.0000,0.0244,1,goal
1000,255,-169.81,8.37,917.47,0.0014,0.0167,0,collision
1001,24,-194.56,4.07,79.28,0.0110,0.0000,0,collision
1002,39,-187.80,8.74,114.57,0.0243,0.0000,0,collision
1003,9,-205.42,0.61,4.16,0.1375,0.0865,0,collision
1004,90,-182.71,8.73,368.97,0.0105,0.1348,0,collision
1005,7,-199.09,2.66,17.58,0.0758,0.0000,0,collision
1006,9,-203.66,1.08,7.13,0.2123,0.1339,0,collision
1007,53,-194.86,7.55,293.70,0.0147,0.0000,0,collision
1008,189,-164.16,10.55,406.32,0.0048,0.0049,0,collision
1009,232,-207.90,8.80,296.74,0.0029,0.0180,0,collision
1010,32,-192.15,10.51,135.09,0.0544,0.2133,0,collision
1011,23,-197.33,3.09,30.89,0.0572,0.0443,0,collision
1012,94,-191.00,7.37,320.11,0.0100,0.0000,0,collision
1013,7,-202.93,0.63,3.06,0.0989,0.0000,0,collision
1014,71,-198.95,9.67,86.19,0.0154,0.0000,0,collision
1015,117,-158.91,9.81,399.85,0.0101,0.0000,0,collision
1016,69,-214.80,6.65,246.33,0.0000,0.0572,0,collision
1017,174,-238.14,4.10,465.54,0.0025,0.0254,0,collision
1018,6,-199.72,2.85,30.11,0.1262,0.0000,0,collision
1019,8,-200.05,1.96,8.38,0.0473,0.0000,0,collision
1020,5,-198.68,2.58,9.42,0.1034,0.0000,0,collision
1021,77,-197.63,3.85,216.90,0.0091,0.0000,0,collision
1022,33,-184.42,17.19,148.76,0.0275,0.0290,0,collision
1023,132,-163.37,12.83,206.82,0.0010,0.0167,0,collision
1024,2,-199.66,1.04,2.51,0.3375,0.0000,0,collision
191,26,-196.17,3.73,86.75,0.0296,0.0267,0,collision
192,246,-228.96,5.73,692.90,0.0031,0.0006,0,collision
193,214,-133.40,8.38,702.44,0.0044,0.0071,0,collision
194,69,-180.26,8.37,341.72,0.0003,0.0000,0,collision
195,16,-196.85,6.02,126.46,0.0916,0.0070,0,collision
196,154,-164.95,10.22,573.82,0.0056,0.0108,0,collision
197,107,-196.28,6.43,306.20,0.0098,0.0148,0,collision
198,3,-201.66,0.00,0.20,0.0556,0.0893,0,collision
199,98,-157.07,14.24,212.38,0.0097,0.0088,0,collision
200,270,-243.67,6.43,452.86,0.0052,0.0089,0,collision
1025,106,-169.76,10.16,484.78,0.0098,0.0000,0,collision
1026,78,-182.13,8.53,345.74,0.0059,0.0000,0,collision
1027,242,256.73,9.46,795.16,0.0000,0.0015,1,goal
1028,251,-295.37,5.75,239.42,0.0028,0.0000,0,collision
1029,404,-348.37,4.93,482.76,0.0018,0.0000,0,collision
1030,163,-191.30,11.22,145.08,0.0085,0.1421,0,collision
1031,178,-282.53,3.69,279.91,0.0085,0.0000,0,collision
1032,183,260.09,11.27,478.91,0.0000,0.0000,1,goal
1033,212,-127.06,8.80,926.71,0.0014,0.0315,0,collision
1034,199,-213.10,6.09,259.15,0.0036,0.0033,0,collision
1035,5,-199.80,1.24,4.89,0.1895,0.0000,0,collision
1036,256,-186.18,7.89,728.98,0.0020,0.0059,0,collision
1037,135,-243.89,4.97,241.02,0.0048,0.0000,0,collision
1038,104,-208.44,6.79,358.81,0.0063,0.1776,0,collision
1039,132,268.13,17.64,275.98,0.0000,0.0000,1,goal
1040,129,-155.52,14.06,477.27,0.0080,0.0103,0,collision
1041,129,-177.88,8.71,402.55,0.0092,0.0075,0,collision
1042,200,-138.57,10.18,458.01,0.0007,0.0215,0,collision
1043,536,-469.03,2.51,582.01,0.0021,0.0068,0,collision
1044,47,-200.02,4.15,126.95,0.0163,0.0000,0,collision
1045,293,-319.19,4.48,437.04,0.0048,0.0000,0,collision
1046,106,-163.85,13.29,420.96,0.0007,0.0852,0,collision
1047,31,-221.45,0.65,14.09,0.0465,0.0189,0,collision
201,72,-194.23,9.49,114.23,0.0137,0.0000,0,collision
202,221,277.54,9.79,742.65,0.0000,0.0000,1,goal
203,42,-200.29,5.27,128.39,0.0088,0.0000,0,collision
204,3,-202.13,0.13,0.29,0.0676,0.0000,0,collision
205,5,-202.48,0.55,3.69,0.1022,0.0000,0,collision
206,92,-214.84,4.64,179.87,0.0047,0.0061,0,collision
207,94,-178.22,10.91,504.13,0.0034,0.0259,0,collision
208,256,-142.99,7.02,920.36,0.0051,0.0018,0,collision
209,255,-282.90,5.67,242.16,0.0035,0.0000,0,collision
210,20,-192.46,7.79,149.50,0.0213,0.0000,0,collision
1048,327,-224.38,8.45,993.05,0.0010,0.0081,0,collision
1049,198,-181.06,6.95,504.91,0.0073,0.0000,0,collision
1050,151,-166.71,10.12,204.88,0.0017,0.0306,0,collision
1051,93,-263.79,1.11,99.37,0.0039,0.0000,0,collision
1052,52,-212.24,2.27,94.21,0.0246,0.0680,0,collision
1053,162,-152.92,9.64,424.99,0.0066,0.0000,0,collision
1054,168,-252.29,5.01,119.00,0.0091,0.0000,0,collision
1055,63,-186.69,6.06,277.68,0.0179,0.0000,0,collision
1056,103,-179.15,9.27,341.57,0.0113,0.0235,0,collision
1057,29,-189.30,8.83,116.68,0.0336,0.0000,0,collision
1058,33,-182.82,17.95,250.87,0.0218,0.0000,0,collision
1059,92,-228.19,2.60,138.97,0.0098,0.0072,0,collision
1060,123,-221.33,5.38,319.81,0.0105,0.0000,0,collision
1061,260,-225.23,5.57,417.80,0.0033,0.0000,0,collision
1062,179,264.26,12.57,783.10,0.0000,0.0170,1,goal
1063,171,-249.79,3.28,334.01,0.0031,0.0467,0,collision
1064,131,-228.36,5.08,138.14,0.0088,0.0000,0,collision
1065,307,202.88,7.62,595.09,0.0000,0.0988,1,goal
1066,56,-199.61,2.93,109.90,0.0223,0.0370,0,collision
1067,20,-196.63,3.76,54.97,0.0651,0.0038,0,collision
1068,306,270.04,9.02,673.78,0.0000,0.0006,1,goal
1069,137,-199.67,5.69,284.96,0.0081,0.0256,0,collision
1070,104,-198.08,6.83,108.57,0.0148,0.0000,0,collision
1071,175,-300.68,1.71,221.85,0.0038,0.0276,0,collision
1072,119,-217.54,7.05,246.31,0.0132,0.0000,0,collision
1073,38,-204.76,2.43,67.51,0.0421,0.0010,0,collision
1074,9,-201.53,1.05,6.57,0.0832,0.0000,0,collision
1075,108,-190.87,6.74,220.26,0.0095,0.0248,0,collision
1076,61,-217.99,2.47,113.60,0.0160,0.0331,0,collision
1077,139,-219.58,2.90,267.62,0.0010,0.0000,0,collision
211,22,-199.75,2.22,45.24,0.0680,0.0000,0,collision
212,219,248.03,10.60,352.28,0.0000,0.0454,1,goal
213,14,-195.06,6.86,79.04,0.0429,0.0000,0,collision
214,119,-162.31,11.85,215.23,0.0096,0.0000,0,collision
215,47,-210.03,2.54,113.81,0.0108,0.0000,0,collision
216,439,-352.49,2.74,644.87,0.0018,0.0293,0,collision
217,239,-174.36,6.04,953.20,0.0030,0.0022,0,collision
218,112,-222.76,4.90,234.72,0.0019,0.1098,0,collision
219,81,-180.54,11.69,287.48,0.0043,0.0069,0,collision
220,146,-207.10,3.56,346.71,0.0116,0.0315,0,collision
1078,505,102.28,5.47,762.68,0.0000,0.0419,1,goal
1079,68,-167.82,14.51,64.04,0.0078,0.0071,0,collision
1080,273,245.64,8.30,850.89,0.0000,0.0193,1,goal
1081,235,-205.59,4.44,586.90,0.0062,0.0229,0,collision
1082,25,-201.26,3.58,79.03,0.0504,0.0000,0,collision
1083,33,-200.26,2.02,37.44,0.0403,0.0000,0,collision
1084,64,-179.43,8.98,242.14,0.0126,0.0287,0,collision
1085,114,-169.13,13.65,121.90,0.0048,0.0000,0,collision
1086,4,-198.93,3.11,22.43,0.2390,0.0000,0,collision
1087,15,-206.49,1.14,18.54,0.0634,0.0000,0,collision
1088,258,-232.91,4.99,604.72,0.0038,0.0000,0,collision
1089,2,-200.19,0.21,0.20,0.4046,0.0000,0,collision
1090,321,-204.42,6.00,780.17,0.0019,0.0225,0,collision
1091,106,-226.44,3.03,209.25,0.0048,0.0000,0,collision
1092,57,-179.37,6.64,205.93,0.0136,0.0000,0,collision
1093,61,-178.20,11.50,104.40,0.0115,0.0000,0,collision
1094,215,-232.10,3.70,381.15,0.0052,0.0088,0,collision
1095,160,-251.12,4.15,191.58,0.0088,0.0000,0,collision
1096,166,-248.08,1.76,172.26,0.0040,0.0011,0,collision
1097,215,-283.02,3.87,390.38,0.0050,0.1788,0,collision
1098,242,-205.79,5.61,752.95,0.0037,0.0000,0,collision
1099,178,-263.43,3.82,184.84,0.0075,0.0000,0,collision
1100,294,-163.77,6.95,978.33,0.0019,0.0000,0,collision
1101,208,263.78,10.84,732.86,0.0000,0.0000,1,goal
1102,201,253.96,10.50,446.41,0.0000,0.0219,1,goal
1103,123,-213.78,2.63,221.49,0.0051,0.0000,0,collision
221,11,-199.05,3.58,41.18,0.0839,0.0000,0,collision
222,103,-167.21,10.11,311.92,0.0051,0.0000,0,collision
223,157,-222.81,4.37,396.24,0.0055,0.0000,0,collision
224,214,-180.87,6.44,782.62,0.0060,0.0008,0,collision
225,299,264.58,9.25,520.55,0.0000,0.0051,1,goal
226,172,-238.15,3.68,292.47,0.0061,0.0398,0,collision
227,173,-271.79,3.85,266.31,0.0057,0.0000,0,collision
228,188,223.29,11.05,391.46,0.0000,0.0000,1,goal
229,92,-209.27,7.64,129.72,0.0091,0.0000,0,collision
230,52,-169.88,18.50,270.10,0.0093,0.0000,0,collision
1104,491,-322.20,7.78,758.68,0.0004,0.0090,0,collision
1105,197,256.86,10.57,525.27,0.0000,0.0000,1,goal
1106,245,201.32,9.10,333.16,0.0000,0.0657,1,goal
1107,138,-214.71,6.20,213.44,0.0050,0.0000,0,collision
1108,44,-190.27,7.99,214.82,0.0213,0.0000,0,collision
1109,135,-174.20,11.81,573.61,0.0134,0.0068,0,collision
1110,95,-234.19,3.12,131.67,0.0058,0.0000,0,collision
1111,263,-189.90,5.75,637.88,0.0027,0.0064,0,collision
1112,218,-331.54,3.12,155.16,0.0033,0.0000,0,collision
1113,147,-188.88,9.54,330.30,0.0046,0.0000,0,collision
1114,140,-207.52,4.05,321.44,0.0038,0.0435,0,collision
1115,73,-185.85,6.79,292.87,0.0185,0.0111,0,collision
1116,309,-296.64,5.15,446.20,0.0028,0.0000,0,collision
1117,371,-247.14,4.07,760.51,0.0024,0.0430,0,collision
1118,172,-292.55,3.79,123.78,0.0051,0.0000,0,collision
1119,102,-238.51,6.38,250.27,0.0017,0.0000,0,collision
1120,7,-202.40,0.96,5.31,0.0262,0.0000,0,collision
1121,138,267.00,16.82,241.46,0.0000,0.0000,1,goal
1122,73,-182.15,6.07,315.43,0.0128,0.0071,0,collision
1123,4,-202.10,0.35,1.11,0.0427,0.0000,0,collision
1124,78,-188.67,6.74,244.60,0.0063,0.0000,0,collision
1125,236,-230.58,4.76,254.90,0.0071,0.0000,0,collision
1126,235,-228.98,6.44,697.31,0.0056,0.0203,0,collision
1127,45,-176.89,15.71,111.06,0.0052,0.0000,0,collision
1128,16,-203.78,1.80,23.36,0.0442,0.0462,0,collision
1129,133,-207.67,5.74,282.16,0.0015,0.0415,0,collision
231,375,-313.69,2.88,615.90,0.0011,0.0000,0,collision
232,123,247.92,16.12,385.40,0.0000,0.0000,1,goal
233,184,-184.59,6.51,442.33,0.0053,0.0066,0,collision
234,445,-246.88,5.67,1056.00,0.0012,0.0088,0,collision
235,39,-207.45,1.91,49.34,0.0001,0.0512,0,collision
236,129,-217.83,5.27,360.73,0.0071,0.0017,0,collision
237,334,183.20,6.27,856.06,0.0000,0.0015,1,goal
238,100,-235.73,1.67,113.00,0.0130,0.0303,0,collision
239,284,-309.40,2.34,287.99,0.0045,0.0000,0,collision
240,193,-161.26,5.93,777.64,0.0057,0.0000,0,collision
1130,518,-376.83,5.67,1007.21,0.0004,0.0038,0,collision
1131,55,-175.66,12.35,214.42,0.0254,0.0000,0,collision
1132,346,-261.45,4.60,638.09,0.0035,0.0000,0,collision
1133,187,-177.04,6.55,603.30,0.0016,0.0861,0,collision
1134,2,-201.10,0.00,0.10,0.3139,0.0000,0,collision
1135,374,-225.41,5.52,605.52,0.0020,0.0259,0,collision
1136,242,232.54,8.49,710.18,0.0000,0.0007,1,goal
1137,222,-214.08,6.36,289.42,0.0046,0.0000,0,collision
1138,258,-301.14,2.60,404.65,0.0041,0.0000,0,collision
1139,135,-217.49,4.24,308.69,0.0085,0.0558,0,collision
1140,225,-268.37,3.80,320.65,0.0026,0.0000,0,collision
1141,374,-198.71,4.09,892.03,0.0040,0.0447,0,collision
1142,224,-214.79,6.36,327.78,0.0048,0.1226,0,collision
1143,193,-231.60,4.07,493.84,0.0030,0.0015,0,collision
1144,392,-225.69,5.07,991.01,0.0019,0.0033,0,collision
1145,425,-331.75,4.92,706.69,0.0019,0.0085,0,collision
241,79,-235.20,1.33,74.41,0.0160,0.0295,0,collision
242,192,-249.70,3.62,404.46,0.0035,0.0553,0,collision
243,12,-203.25,1.41,15.02,0.0229,0.0000,0,collision
244,218,-288.91,3.22,392.53,0.0035,0.0000,0,collision
245,286,-239.51,5.54,600.23,0.0022,0.0000,0,collision
246,125,-165.29,12.43,202.38,0.0051,0.0000,0,collision
247,227,-188.65,6.20,569.89,0.0033,0.0000,0,collision
248,17,-199.53,2.36,27.36,0.0668,0.0000,0,collision
249,425,101.82,4.93,890.04,0.0000,0.0128,1,goal
250,4,-202.91,0.14,0.33,0.1247,0.0000,0,collision
1146,367,-235.69,8.11,758.88,0.0014,0.0049,0,collision
1147,195,274.74,14.05,476.64,0.0000,0.0006,1,goal
1148,241,-233.67,6.52,344.81,0.0048,0.0071,0,collision
1149,21,-193.50,5.16,78.93,0.0016,0.0000,0,collision
1150,233,226.02,8.02,581.28,0.0000,0.0000,1,goal
1151,174,-230.17,5.95,265.19,0.0038,0.0543,0,collision
1152,34,-188.45,7.02,159.72,0.0013,0.0000,0,collision
1153,187,-192.38,3.91,381.39,0.0058,0.0032,0,collision
1154,262,-211.08,5.39,597.94,0.0041,0.0098,0,collision
1155,37,-215.93,1.03,23.68,0.0261,0.0037,0,collision
1156,108,-188.88,3.14,236.96,0.0143,0.0000,0,collision
1157,90,-183.15,5.37,322.36,0.0090,0.0000,0,collision
1158,150,-154.03,7.60,463.69,0.0060,0.0000,0,collision
1159,11,-199.98,2.53,17.41,0.0502,0.0000,0,collision
1160,128,-176.50,5.30,343.57,0.0081,0.0000,0,collision
1161,142,-170.25,6.44,511.15,0.0058,0.0155,0,collision
1162,122,-216.99,7.03,195.76,0.0124,0.0024,0,collision
1163,148,-145.05,13.19,395.89,0.0055,0.0000,0,collision
1164,113,-203.59,5.27,193.05,0.0153,0.0000,0,collision
1165,113,-139.19,18.71,-39.42,0.0078,0.0112,0,collision
1166,182,-212.85,5.21,409.45,0.0060,0.0046,0,collision
1167,173,-173.56,6.85,532.59,0.0000,0.0511,0,collision
1168,45,-194.68,4.81,161.01,0.0191,0.0292,0,collision
1169,37,-184.84,12.79,162.22,0.0291,0.0187,0,collision
1170,169,-185.11,5.34,385.61,0.0054,0.0002,0,collision
1171,78,-200.00,9.11,146.22,0.0107,0.0000,0,collision
1172,114,-177.83,5.06,454.00,0.0060,0.0203,0,collision
1173,383,-366.10,4.15,227.93,0.0028,0.0000,0,collision
1174,22,-193.01,7.77,164.30,0.0371,0.0404,0,collision
251,284,-332.29,2.49,315.51,0.0032,0.0000,0,collision
252,225,-245.88,3.80,529.27,0.0061,0.0114,0,collision
253,218,-333.22,2.97,190.95,0.0018,0.0000,0,collision
254,182,-209.75,7.67,301.14,0.0039,0.0000,0,collision
255,251,-202.76,6.32,453.38,0.0038,0.0051,0,collision
256,76,-171.43,8.66,312.18,0.0203,0.0000,0,collision
257,278,-232.06,8.10,368.68,0.0036,0.0090,0,collision
258,73,-188.87,5.59,208.43,0.0133,0.0000,0,collision
259,293,-318.37,2.42,460.58,0.0026,0.0002,0,collision
260,423,-305.65,4.56,647.12,0.0027,0.0222,0,collision
1175,272,210.82,8.35,1098.53,0.0000,0.0000,1,goal
1176,41,-191.64,5.90,203.62,0.0000,0.0788,0,collision
1177,345,-258.18,3.71,759.07,0.0010,0.1043,0,collision
1178,269,-302.10,3.14,578.07,0.0043,0.0000,0,collision
1179,74,-158.21,19.29,-14.27,0.0129,0.0000,0,collision
1180,339,-306.22,3.23,605.34,0.0007,0.0000,0,collision
1181,112,-212.28,3.93,285.28,0.0144,0.0324,0,collision
1182,131,-205.33,5.16,425.03,0.0070,0.0000,0,collision
1183,13,-196.54,6.69,86.20,0.1216,0.0000,0,collision
1184,263,206.70,8.55,631.96,0.0000,0.0035,1,goal
1185,220,-257.51,7.17,192.05,0.0036,0.0000,0,collision
1186,354,-319.86,4.49,536.98,0.0030,0.0039,0,collision
1187,214,-241.19,6.10,364.33,0.0077,0.0001,0,collision
1188,16,-202.05,2.13,29.40,0.0174,0.0000,0,collision
1189,97,-160.45,9.46,611.68,0.0067,0.0000,0,collision
1190,109,-184.23,5.17,357.87,0.0068,0.0000,0,collision
1191,328,-339.64,3.22,488.27,0.0013,0.0000,0,collision
1192,312,-244.55,5.54,552.11,0.0017,0.0035,0,collision
1193,99,-160.40,12.18,244.22,0.0008,0.0249,0,collision
1194,244,-342.35,2.66,205.86,0.0029,0.0000,0,collision
1195,2,-199.75,0.80,1.52,0.2495,0.0000,0,collision
1196,146,-237.53,4.26,381.14,0.0026,0.1970,0,collision
261,323,-366.61,2.73,537.68,0.0017,0.0000,0,collision
262,215,205.12,9.80,445.05,0.0000,0.0000,1,goal
263,457,-378.04,2.57,627.34,0.0018,0.0430,0,collision
264,323,-373.73,2.61,407.59,0.0035,0.0067,0,collision
265,197,-194.91,6.23,487.46,0.0046,0.0000,0,collision
266,5,-201.27,1.10,6.62,0.2537,0.0000,0,collision
267,202,-278.55,5.19,53.31,0.0061,0.0000,0,collision
268,187,-292.35,3.65,232.41,0.0067,0.0000,0,collision
269,96,-250.94,2.77,157.17,0.0034,0.2418,0,collision
270,167,-185.13,5.83,331.38,0.0045,0.0287,0,collision
1197,384,-367.72,5.33,465.23,0.0035,0.0000,0,collision
1198,436,-344.03,5.04,358.65,0.0030,0.0030,0,collision
1199,463,-426.07,3.10,611.28,0.0007,0.0014,0,collision
1200,483,-432.74,3.00,525.15,0.0019,0.0000,0,collision
1201,992,-910.63,1.37,370.45,0.0009,0.0000,0,collision
1202,90,-164.04,12.58,171.05,0.0102,0.0433,0,collision
1203,1000,-804.06,0.70,263.78,0.0000,0.0000,0,timeout
1204,82,-178.36,10.25,367.94,0.0152,0.0472,0,collision
271,632,-569.03,1.83,479.76,0.0010,0.0133,0,collision
272,294,264.04,9.43,667.35,0.0000,0.0699,1,goal
273,184,-282.46,3.63,218.49,0.0070,0.0000,0,collision
274,198,226.79,10.81,384.65,0.0000,0.0000,1,goal
275,377,-435.13,2.23,217.11,0.0010,0.0000,0,collision
276,4,-199.56,1.79,7.74,0.0591,0.0881,0,collision
277,13,-195.65,6.90,95.01,0.0832,0.0000,0,collision
278,3,-199.42,1.28,2.05,0.1847,0.0000,0,collision
279,615,-594.06,1.15,448.23,0.0012,0.0000,0,collision
280,677,-725.47,0.55,174.25,0.0024,0.0000,0,collision
1205,809,-776.54,1.59,379.64,0.0009,0.0000,0,collision
1206,1000,-730.47,1.57,465.67,0.0000,0.0000,0,timeout
1207,72,-160.77,20.16,-33.83,0.0069,0.0517,0,collision
1208,313,-381.60,2.09,409.59,0.0027,0.0000,0,collision
1209,1000,-847.80,0.09,141.75,0.0000,0.0000,0,timeout
1210,69,-170.73,12.07,399.03,0.0142,0.0203,0,collision
1211,435,-489.51,1.53,253.64,0.0042,0.0000,0,collision
1212,186,-288.02,2.71,386.75,0.0044,0.0000,0,collision
1213,3,-201.76,0.17,0.25,0.1047,0.0000,0,collision
281,451,-511.66,1.89,106.55,0.0015,0.0000,0,collision
282,260,-338.06,2.70,229.38,0.0039,0.0000,0,collision
283,326,-309.09,3.51,669.42,0.0030,0.0154,0,collision
284,154,-142.05,13.85,328.09,0.0022,0.0166,0,collision
285,125,-166.09,9.30,508.64,0.0011,0.0924,0,collision
286,76,-177.78,11.28,189.28,0.0066,0.0637,0,collision
287,715,-649.16,2.01,455.31,0.0017,0.0000,0,collision
288,2,-199.76,0.78,1.46,0.4495,0.0000,0,collision
289,180,284.66,15.44,509.22,0.0000,0.0461,1,goal
290,792,-778.30,1.07,430.08,0.0012,0.0000,0,collision
1214,1000,-701.54,1.56,686.43,0.0000,0.0006,0,timeout
1215,150,-161.98,6.30,684.81,0.0021,0.0086,0,collision
1216,413,-469.96,1.49,278.84,0.0028,0.0000,0,collision
1217,196,-154.07,6.98,621.60,0.0002,0.0624,0,collision
1218,512,-509.63,1.36,477.30,0.0017,0.0161,0,collision
1219,1000,-750.64,0.59,436.61,0.0000,0.0000,0,timeout
1220,1000,-747.71,0.84,596.32,0.0000,0.0000,0,timeout
1221,90,-150.85,16.67,151.45,0.0088,0.0000,0,collision
291,509,-533.89,1.36,415.55,0.0021,0.0000,0,collision
292,672,-687.45,1.02,424.31,0.0017,0.0000,0,collision
293,429,-486.84,1.54,448.24,0.0016,0.0000,0,collision
294,201,-150.17,7.23,875.67,0.0022,0.0571,0,collision
295,844,-792.88,0.79,429.69,0.0017,0.0000,0,collision
296,176,285.35,13.19,522.36,0.0000,0.0000,1,goal
297,1000,-679.74,1.32,607.34,0.0000,0.0000,0,timeout
298,354,-405.30,1.95,241.12,0.0022,0.0000,0,collision
299,1000,-607.40,1.89,799.56,0.0000,0.0000,0,timeout
300,936,-817.85,0.91,465.61,0.0014,0.0119,0,collision
1222,550,-318.01,5.77,784.65,0.0024,0.0000,0,collision
1223,467,-424.32,1.47,445.51,0.0024,0.0000,0,collision
1224,330,-171.26,5.27,891.49,0.0027,0.0375,0,collision
1225,464,-479.87,1.49,445.47,0.0032,0.0000,0,collision
1226,47,-184.34,6.45,153.40,0.0168,0.0000,0,collision
1227,195,-220.32,3.53,460.27,0.0060,0.0000,0,collision
1228,1000,-721.27,0.59,391.42,0.0000,0.0000,0,timeout
1229,230,-244.24,3.05,435.46,0.0038,0.0104,0,collision
1230,1000,-688.58,0.69,550.67,0.0000,0.0000,0,timeout
301,512,-474.81,1.29,483.91,0.0031,0.0007,0,collision
302,1000,-542.57,1.45,862.56,0.0000,0.0097,0,timeout
303,626,160.61,3.68,1353.74,0.0000,0.0379,1,goal
304,742,-592.19,1.78,824.03,0.0010,0.0013,0,collision
305,1000,-717.16,0.68,470.25,0.0000,0.0154,0,timeout
306,1000,-566.76,1.34,883.77,0.0000,0.0067,0,timeout
307,504,-425.94,2.08,451.10,0.0012,0.0000,0,collision
308,148,-230.46,2.31,211.92,0.0051,0.0073,0,collision
309,773,-655.66,0.87,483.14,0.0011,0.0003,0,collision
310,100,-186.64,4.37,271.12,0.0080,0.0000,0,collision
1231,708,-543.69,1.39,702.47,0.0022,0.0026,0,collision
1232,188,-220.19,3.08,385.80,0.0059,0.0343,0,collision
1233,332,-237.08,4.26,661.64,0.0052,0.0006,0,collision
1234,638,-607.71,1.06,477.04,0.0015,0.0402,0,collision
1235,1000,-421.92,2.07,1258.99,0.0000,0.0000,0,timeout
1236,1000,-720.30,0.67,456.88,0.0000,0.0000,0,timeout
311,831,-753.38,0.90,522.47,0.0009,0.0018,0,collision
312,15,-194.45,6.01,86.51,0.0993,0.0000,0,collision
313,494,-462.43,1.40,494.38,0.0020,0.0000,0,collision
314,1000,-587.89,1.42,851.80,0.0000,0.0000,0,timeout
315,92,-191.97,4.29,210.10,0.0123,0.0000,0,collision
316,1000,-506.49,1.41,902.18,0.0000,0.0029,0,timeout
317,87,-173.99,6.43,274.17,0.0183,0.0000,0,collision
318,1000,-680.78,1.16,393.32,0.0000,0.0000,0,timeout
319,1000,-775.78,0.38,356.72,0.0000,0.0000,0,timeout
320,1000,-507.35,1.38,912.36,0.0000,0.0106,0,timeout
1237,785,-567.70,3.31,1085.43,0.0008,0.0646,0,collision
1238,1000,-758.97,0.29,279.15,0.0000,0.0000,0,timeout
1239,1000,-623.08,0.86,637.74,0.0000,0.0000,0,timeout
1240,1000,-616.12,0.85,564.48,0.0000,0.0000,0,timeout
1241,181,-198.93,2.89,322.24,0.0052,0.0151,0,collision
321,1000,-645.93,1.44,609.18,0.0000,0.0000,0,timeout
322,715,-489.10,1.97,823.38,0.0017,0.0157,0,collision
323,720,-569.03,1.67,846.58,0.0017,0.0126,0,collision
324,1000,-604.80,1.04,743.43,0.0000,0.0297,0,timeout
325,641,-636.35,1.11,472.64,0.0014,0.0000,0,collision
326,514,229.55,4.52,1368.52,0.0000,0.0025,1,goal
327,490,-486.94,1.19,462.23,0.0034,0.0046,0,collision
328,222,-255.05,3.20,348.78,0.0066,0.0000,0,collision
329,1000,-683.57,1.05,670.34,0.0000,0.0038,0,timeout
330,369,-318.20,2.32,555.99,0.0016,0.0052,0,collision
1242,1000,-293.30,3.13,1837.34,0.0000,0.0733,0,timeout
1243,160,-175.88,4.67,462.21,0.0019,0.0000,0,collision
1244,1000,-576.17,1.55,1051.42,0.0000,0.0006,0,timeout
1245,607,-211.50,4.34,1623.79,0.0001,0.0450,0,collision
1246,1000,-606.94,1.44,822.64,0.0000,0.0000,0,timeout
1247,730,-476.35,2.09,950.50,0.0010,0.0000,0,collision
331,316,-361.50,2.14,459.86,0.0033,0.0036,0,collision
332,1000,-721.54,0.66,467.98,0.0000,0.0000,0,timeout
333,1000,-794.12,0.29,353.22,0.0000,0.0000,0,timeout
334,945,-802.47,1.10,603.84,0.0016,0.0008,0,collision
335,1000,-681.62,0.69,543.14,0.0000,0.0000,0,timeout
336,471,169.94,4.96,1153.40,0.0000,0.0654,1,goal
337,519,-551.99,1.34,208.05,0.0027,0.0000,0,collision
338,1000,-733.13,0.84,560.46,0.0000,0.0000,0,timeout
339,1000,-779.37,0.60,337.64,0.0000,0.0000,0,timeout
340,853,-853.62,0.77,277.91,0.0017,0.0000,0,collision
1248,675,-347.19,4.39,1746.58,0.0010,0.0331,0,collision
1249,106,-185.94,3.77,279.14,0.0095,0.0000,0,collision
1250,1000,-716.94,1.03,629.63,0.0000,0.0000,0,timeout
1251,1000,-736.17,0.66,439.23,0.0000,0.0000,0,timeout
1252,48,-180.65,11.63,78.28,0.0020,0.0000,0,collision
1253,728,-771.37,0.73,272.27,0.0017,0.0000,0,collision
341,1000,-775.08,0.69,258.30,0.0000,0.0000,0,timeout
342,1000,-634.56,1.31,849.54,0.0000,0.0000,0,timeout
343,1000,-826.21,0.26,249.90,0.0000,0.0000,0,timeout
344,298,-368.61,2.00,164.26,0.0047,0.0000,0,collision
345,154,-180.05,7.50,363.18,0.0000,0.0178,0,collision
346,1000,-728.16,0.68,405.50,0.0000,0.0000,0,timeout
347,1000,-640.78,1.54,700.98,0.0000,0.0004,0,timeout
348,1000,-648.81,1.41,679.85,0.0000,0.0000,0,timeout
349,498,162.55,4.67,1319.81,0.0000,0.0957,1,goal
350,156,-161.48,6.34,541.81,0.0029,0.0163,0,collision
1254,1000,-614.24,2.68,1111.48,0.0000,0.0000,0,timeout
1255,1000,-659.64,1.22,785.12,0.0000,0.0077,0,timeout
1256,309,-160.46,6.00,994.78,0.0008,0.0239,0,collision
1257,343,267.22,7.97,1006.92,0.0000,0.0021,1,goal
1258,1000,-723.06,0.69,565.44,0.0000,0.0000,0,timeout
1259,1000,-759.96,0.59,219.10,0.0000,0.0000,0,timeout
351,7,-202.46,1.05,8.19,0.1429,0.0000,0,collision
352,1000,-784.56,0.71,353.44,0.0000,0.0000,0,timeout
353,725,-712.76,0.91,307.69,0.0013,0.0000,0,collision
354,1000,-633.00,1.59,655.49,0.0000,0.0060,0,timeout
355,1000,-707.58,0.89,393.50,0.0000,0.0000,0,timeout
356,1000,-854.38,1.58,701.84,0.0009,0.0000,0,collision
357,5,-198.89,1.63,5.04,0.1044,0.0000,0,collision
358,1000,-740.75,0.85,359.49,0.0000,0.0000,0,timeout
359,1000,-787.64,0.59,382.48,0.0000,0.0000,0,timeout
360,389,-205.38,4.31,1046.51,0.0026,0.0252,0,collision
1260,1000,-699.57,1.13,783.28,0.0000,0.0000,0,timeout
1261,1000,-740.65,0.70,513.94,0.0000,0.0000,0,timeout
1262,1000,-572.54,1.19,730.19,0.0000,0.0021,0,timeout
1263,1000,-728.77,0.50,423.24,0.0000,0.0029,0,timeout
361,1000,-718.45,0.67,453.57,0.0000,0.0000,0,timeout
362,1000,-678.33,0.89,484.21,0.0000,0.0000,0,timeout
363,355,237.69,6.79,1014.72,0.0000,0.0833,1,goal
364,222,-271.46,3.14,475.84,0.0068,0.0000,0,collision
365,1000,-468.61,1.89,1045.04,0.0000,0.0406,0,timeout
366,1000,-747.27,0.60,408.93,0.0000,0.0000,0,timeout
367,1000,-800.10,0.25,288.05,0.0000,0.0000,0,timeout
368,1000,-736.69,0.68,448.79,0.0000,0.0000,0,timeout
369,9,-201.23,1.59,17.22,0.0178,0.0000,0,collision
370,1000,-791.81,0.32,262.63,0.0000,0.0000,0,timeout
1264,689,-327.28,4.59,1602.90,0.0004,0.0030,0,collision
1265,63,-174.18,8.64,306.45,0.0147,0.0158,0,collision
1266,673,-677.45,1.27,174.67,0.0021,0.0000,0,collision
1267,779,-841.29,0.09,127.02,0.0017,0.0033,0,collision
1268,1000,-705.68,1.58,510.75,0.0000,0.0000,0,timeout
1269,117,-195.86,9.60,206.60,0.0087,0.0552,0,collision
371,375,-379.04,4.24,194.24,0.0031,0.0047,0,collision
372,294,-354.68,2.41,314.54,0.0035,0.0000,0,collision
373,1000,-733.74,1.22,424.27,0.0000,0.0000,0,timeout
374,386,-448.05,2.18,264.10,0.0036,0.0000,0,collision
375,79,-157.11,16.88,203.23,0.0088,0.0016,0,collision
376,1000,-719.86,0.89,462.61,0.0000,0.0027,0,timeout
377,1000,-753.26,0.37,282.38,0.0000,0.0000,0,timeout
378,70,-170.37,10.68,310.25,0.0091,0.0000,0,collision
379,271,-127.51,8.13,573.64,0.0037,0.0293,0,collision
380,1000,-781.36,0.64,298.04,0.0000,0.0000,0,timeout
1270,1000,-547.91,1.73,919.79,0.0000,0.0047,0,timeout
1271,205,-146.61,7.60,731.75,0.0052,0.0000,0,collision
1272,1000,-730.30,0.69,375.88,0.0000,0.0044,0,timeout
1273,1000,-702.10,1.32,564.86,0.0000,0.0000,0,timeout
1274,489,-471.15,2.95,464.74,0.0030,0.0000,0,collision
1275,1000,-634.15,1.59,918.29,0.0000,0.0000,0,timeout
381,1000,-742.36,0.71,352.12,0.0000,0.0000,0,timeout
382,1000,-685.94,1.32,690.35,0.0000,0.0004,0,timeout
383,1000,-764.68,0.32,282.41,0.0000,0.0045,0,timeout
384,378,-145.15,5.86,1095.24,0.0021,0.0143,0,collision
385,1000,-691.16,0.71,579.58,0.0000,0.0000,0,timeout
386,109,-200.85,2.42,153.21,0.0093,0.0000,0,collision
387,167,-230.31,3.86,359.42,0.0060,0.1172,0,collision
388,1000,-755.43,0.70,408.28,0.0000,0.0000,0,timeout
389,1000,-774.31,0.79,267.00,0.0000,0.0000,0,timeout
390,441,-437.40,1.93,313.48,0.0020,0.0000,0,collision
1276,1000,-522.81,1.91,1120.21,0.0000,0.0068,0,timeout
1277,1000,-770.65,0.66,282.53,0.0000,0.0000,0,timeout
1278,644,-215.91,3.58,1328.76,0.0025,0.0247,0,collision
1279,485,248.66,4.93,1274.27,0.0000,0.0046,1,goal
1280,1000,-727.87,0.84,503.80,0.0000,0.0000,0,timeout
391,132,-183.53,7.37,359.62,0.0029,0.0086,0,collision
392,360,-402.25,1.61,372.80,0.0032,0.0000,0,collision
393,1000,-788.64,0.27,244.87,0.0000,0.0000,0,timeout
394,1000,-757.08,0.54,454.34,0.0000,0.0006,0,timeout
395,530,-565.77,1.30,186.88,0.0013,0.0000,0,collision
396,2,-199.67,0.91,1.97,0.0853,0.0000,0,collision
397,1000,-747.26,0.66,478.74,0.0000,0.0000,0,timeout
398,2,-199.77,0.76,1.41,0.3132,0.0000,0,collision
399,1000,-773.60,0.59,290.36,0.0000,0.0000,0,timeout
400,1000,-781.29,0.27,248.64,0.0000,0.0000,0,timeout
1281,1000,-560.10,1.42,807.19,0.0000,0.0073,0,timeout
1282,1000,-684.91,0.90,617.19,0.0000,0.0019,0,timeout
1283,1000,-759.62,0.59,495.94,0.0000,0.0000,0,timeout
1284,288,304.12,9.51,1093.27,0.0000,0.0005,1,goal
1285,951,-883.19,0.90,487.01,0.0010,0.0000,0,collision
1286,51,-186.63,6.62,251.02,0.0138,0.0000,0,collision
401,1000,-548.47,1.88,1114.42,0.0000,0.0076,0,timeout
402,703,-545.70,1.63,790.41,0.0018,0.0132,0,collision
403,375,-419.96,1.85,571.03,0.0026,0.0000,0,collision
404,1000,-605.62,1.30,866.35,0.0000,0.0013,0,timeout
405,1000,-553.91,1.59,1028.24,0.0000,0.0000,0,timeout
406,394,-429.68,2.16,241.89,0.0027,0.0000,0,collision
407,48,-183.89,6.94,210.18,0.0243,0.0000,0,collision
408,1000,-734.38,0.84,470.20,0.0000,0.0000,0,timeout
409,241,288.49,9.63,995.30,0.0000,0.0090,1,goal
410,266,301.13,8.75,1199.38,0.0000,0.0077,1,goal
1287,1000,-677.91,1.25,934.57,0.0000,0.0000,0,timeout
1288,195,-152.69,8.03,778.55,0.0028,0.0184,0,collision
1289,1000,-747.38,0.39,272.42,0.0000,0.0000,0,timeout
1290,168,-148.44,8.72,510.94,0.0051,0.0000,0,collision
1291,39,-195.56,3.26,98.94,0.0233,0.0441,0,collision
1292,265,-282.50,3.23,456.70,0.0030,0.0000,0,collision
1293,1000,-807.28,0.25,284.21,0.0000,0.0007,0,timeout
411,1000,-773.29,0.68,331.50,0.0000,0.0000,0,timeout
412,184,288.94,15.05,274.28,0.0000,0.0000,1,goal
413,271,280.73,8.84,1381.41,0.0000,0.0201,1,goal
414,4,-202.01,0.37,1.13,0.1809,0.0000,0,collision
415,1000,-753.10,0.67,446.23,0.0000,0.0000,0,timeout
416,3,-200.38,0.94,3.58,0.0481,0.0000,0,collision
417,1000,-793.77,0.38,303.47,0.0000,0.0005,0,timeout
418,1000,-757.87,0.59,382.72,0.0000,0.0000,0,timeout
419,617,-622.85,1.38,325.58,0.0019,0.0000,0,collision
420,1000,-753.70,0.70,508.57,0.0000,0.0000,0,timeout
1294,927,-721.43,2.06,837.78,0.0011,0.0000,0,collision
1295,297,-353.37,2.22,326.10,0.0057,0.0587,0,collision
1296,425,-449.48,1.39,282.04,0.0019,0.0000,0,collision
1297,282,-307.70,2.50,367.80,0.0033,0.0000,0,collision
1298,1000,-747.13,0.71,377.22,0.0000,0.0000,0,timeout
1299,1000,-652.51,1.04,679.66,0.0000,0.0090,0,timeout
1300,226,261.54,9.83,646.73,0.0000,0.0000,1,goal
421,8,-200.43,1.50,9.94,0.0465,0.0000,0,collision
422,1000,-755.62,0.60,389.81,0.0000,0.0000,0,timeout
423,325,228.41,7.20,608.37,0.0000,0.0151,1,goal
424,311,265.43,7.57,999.11,0.0000,0.0274,1,goal
425,645,-614.20,1.31,312.42,0.0011,0.0000,0,collision
426,1000,-553.68,1.43,605.77,0.0000,0.0062,0,timeout
427,1000,-828.76,0.11,184.38,0.0000,0.0017,0,timeout
428,1000,-682.59,0.82,550.09,0.0000,0.0000,0,timeout
429,471,-490.24,0.95,327.86,0.0023,0.0044,0,collision
430,283,-144.35,8.01,795.44,0.0020,0.0756,0,collision
1301,985,-849.17,2.20,655.53,0.0017,0.0000,0,collision
1302,1000,-767.02,0.84,238.11,0.0000,0.0000,0,timeout
1303,231,252.38,10.38,825.65,0.0000,0.0109,1,goal
1304,3,-200.27,1.88,8.23,0.3559,0.3858,0,collision
1305,1000,-707.06,0.70,505.14,0.0000,0.0013,0,timeout
1306,1000,-745.84,1.15,358.25,0.0000,0.0000,0,timeout
431,1000,-766.26,0.29,337.39,0.0000,0.0003,0,timeout
432,1000,-759.49,1.15,119.83,0.0000,0.0000,0,timeout
433,367,-382.76,3.28,100.54,0.0035,0.0571,0,collision
434,1000,-778.69,0.59,299.44,0.0000,0.0000,0,timeout
435,2,-199.85,0.57,0.84,0.2659,0.0000,0,collision
436,113,-149.93,12.67,411.28,0.0015,0.0148,0,collision
437,1000,-659.77,1.21,635.03,0.0000,0.0327,0,timeout
438,142,276.53,16.49,249.12,0.0000,0.0000,1,goal
439,80,-198.41,6.85,96.27,0.0022,0.2115,0,collision
440,48,-185.38,7.31,278.02,0.0176,0.0000,0,collision
1307,1000,-656.27,1.78,806.67,0.0000,0.0038,0,timeout
1308,81,-156.05,15.94,149.35,0.0124,0.0000,0,collision
1309,1000,-699.80,1.31,348.18,0.0000,0.0000,0,timeout
1310,1000,-789.96,0.71,266.42,0.0000,0.0000,0,timeout
1311,1000,-641.01,1.77,453.74,0.0000,0.0000,0,timeout
441,470,-496.08,3.06,199.11,0.0021,0.0000,0,collision
442,4,-202.36,0.54,1.95,0.0460,0.1799,0,collision
443,130,-169.29,7.11,277.61,0.0071,0.0000,0,collision
444,6,-198.29,3.31,21.35,0.0149,0.0000,0,collision
445,35,-183.96,14.47,191.43,0.0347,0.0398,0,collision
446,1000,-749.60,0.89,232.20,0.0000,0.0187,0,timeout
447,1000,-780.38,0.69,213.44,0.0000,0.0013,0,timeout
448,1000,-723.78,1.43,360.41,0.0000,0.0000,0,timeout
449,68,-173.99,12.47,200.99,0.0027,0.0402,0,collision
450,186,-181.26,7.44,560.20,0.0004,0.0887,0,collision
1312,1000,-747.13,1.28,532.71,0.0000,0.0576,0,timeout
1313,237,-245.77,4.84,499.32,0.0039,0.0000,0,collision
1314,91,-154.30,14.42,360.08,0.0035,0.0016,0,collision
1315,1000,-740.84,1.04,530.54,0.0000,0.0004,0,timeout
1316,45,-175.63,15.40,86.80,0.0075,0.0000,0,collision
1317,149,-273.60,1.61,163.75,0.0045,0.0000,0,collision
1318,30,-200.88,6.87,74.04,0.0333,0.2270,0,collision
1319,1000,-776.00,0.65,203.20,0.0000,0.0000,0,timeout
1320,111,-178.52,7.72,327.47,0.0037,0.0945,0,collision
1321,101,-160.54,8.48,471.23,0.0067,0.0168,0,collision
1322,369,-437.86,1.59,176.27,0.0025,0.0000,0,collision
451,1000,-674.61,0.86,647.82,0.0000,0.0000,0,timeout
452,1000,-653.94,1.09,719.97,0.0000,0.0012,0,timeout
453,215,-192.57,5.41,507.89,0.0022,0.1114,0,collision
454,562,-624.73,0.38,198.10,0.0016,0.0000,0,collision
455,457,-366.78,3.17,994.34,0.0023,0.0000,0,collision
456,261,281.12,8.70,886.13,0.0000,0.0015,1,goal
457,128,-147.03,9.09,617.75,0.0008,0.0000,0,collision
458,509,-584.74,0.46,181.28,0.0010,0.0000,0,collision
459,653,-675.73,1.08,259.46,0.0011,0.0000,0,collision
460,54,-179.05,8.30,271.89,0.0132,0.0000,0,collision
1323,1000,-593.48,2.61,1079.71,0.0000,0.0000,0,timeout
1324,1000,-778.11,0.68,329.45,0.0000,0.0000,0,timeout
1325,301,299.16,7.94,1164.34,0.0000,0.0017,1,goal
1326,70,-169.56,10.11,267.96,0.0061,0.0000,0,collision
1327,1000,-564.47,1.58,994.91,0.0000,0.0000,0,timeout
1328,543,-341.90,2.60,978.12,0.0018,0.0042,0,collision
461,1000,-723.99,0.69,521.86,0.0000,0.0000,0,timeout
462,185,-219.24,3.68,449.60,0.0012,0.1596,0,collision
463,1000,-746.40,0.63,494.65,0.0000,0.0000,0,timeout
464,972,-749.26,1.63,865.79,0.0007,0.0138,0,collision
465,1000,-751.37,0.65,476.47,0.0000,0.0000,0,timeout
466,1000,-724.28,1.42,295.23,0.0000,0.0000,0,timeout
467,6,-199.83,1.98,14.38,0.1125,0.0000,0,collision
468,1000,-794.36,0.69,412.87,0.0000,0.0000,0,timeout
469,584,-572.65,1.16,332.97,0.0018,0.0000,0,collision
470,1000,-662.82,1.45,756.68,0.0000,0.0002,0,timeout
1329,945,-843.67,1.46,757.39,0.0007,0.0000,0,collision
1330,1000,-756.48,0.58,489.44,0.0000,0.0001,0,timeout
1331,1000,-720.58,1.50,471.39,0.0000,0.0000,0,timeout
1332,78,-188.59,8.95,168.35,0.0136,0.0000,0,collision
1333,570,-560.76,1.24,477.01,0.0017,0.0000,0,collision
1334,1000,-736.65,0.67,548.05,0.0000,0.0000,0,timeout
471,1000,-764.27,0.70,442.27,0.0000,0.0000,0,timeout
472,836,-737.66,1.89,633.83,0.0012,0.0000,0,collision
473,1000,-768.99,0.59,234.38,0.0000,0.0000,0,timeout
474,342,-333.94,4.64,353.66,0.0026,0.0000,0,collision
475,632,-684.49,0.93,190.20,0.0023,0.0000,0,collision
476,463,-503.21,1.45,446.74,0.0019,0.0000,0,collision
477,1000,-723.06,0.84,621.91,0.0000,0.0000,0,timeout
478,297,-159.12,5.91,1009.04,0.0038,0.0544,0,collision
479,132,-228.54,5.77,307.65,0.0061,0.0158,0,collision
480,351,-415.58,1.94,210.55,0.0029,0.0000,0,collision
1335,334,-326.35,5.35,885.98,0.0021,0.0067,0,collision
1336,704,-557.56,2.78,784.73,0.0023,0.0000,0,collision
1337,67,-234.70,1.47,54.85,0.0069,0.3838,0,collision
1338,233,286.61,9.96,563.91,0.0000,0.0000,1,goal
1339,60,-203.64,3.79,137.67,0.0045,0.3018,0,collision
1340,1000,-706.72,1.01,753.41,0.0000,0.0004,0,timeout
1341,1000,-756.56,0.67,410.56,0.0000,0.0000,0,timeout
481,1000,-646.33,1.59,629.48,0.0000,0.0005,0,timeout
482,147,-141.94,9.68,723.83,0.0009,0.0293,0,collision
483,61,-182.98,10.30,123.32,0.0131,0.0000,0,collision
484,748,-94.40,3.16,910.27,0.0000,0.0000,1,goal
485,528,-555.02,1.50,396.44,0.0026,0.0000,0,collision
486,257,-196.89,4.81,709.65,0.0052,0.1018,0,collision
487,847,-828.93,0.69,271.66,0.0012,0.0000,0,collision
488,520,-503.67,1.29,437.12,0.0013,0.0103,0,collision
489,53,-196.03,3.62,140.99,0.0135,0.0000,0,collision
490,125,-175.08,8.22,373.27,0.0010,0.1115,0,collision
1342,1000,-576.93,1.52,1025.37,0.0000,0.0032,0,timeout
1343,307,-330.29,2.30,374.46,0.0043,0.0000,0,collision
1344,528,-563.56,1.32,350.59,0.0014,0.0000,0,collision
1345,144,-180.92,4.67,403.50,0.0011,0.0855,0,collision
1346,2,-201.08,0.05,0.11,0.2378,0.0000,0,collision
1347,124,-154.37,11.80,272.53,0.0087,0.0000,0,collision
1348,699,-560.95,2.02,890.87,0.0015,0.0012,0,collision
1349,1000,-691.65,1.32,726.59,0.0000,0.0000,0,timeout
1350,759,-811.64,0.24,205.60,0.0015,0.0012,0,collision
491,880,-858.80,0.79,518.28,0.0016,0.0000,0,collision
492,1000,-718.99,1.03,547.59,0.0000,0.0001,0,timeout
493,1000,-548.72,2.04,1226.81,0.0000,0.0043,0,timeout
494,272,-367.95,2.57,268.49,0.0025,0.0000,0,collision
495,782,-697.79,2.03,556.60,0.0013,0.0000,0,collision
496,1000,-814.66,0.26,321.48,0.0000,0.0000,0,timeout
497,685,-496.13,2.94,922.11,0.0019,0.0073,0,collision
498,1000,-709.55,0.85,619.41,0.0000,0.0035,0,timeout
499,368,-426.86,1.59,178.06,0.0044,0.0000,0,collision
500,1000,-792.39,0.67,364.04,0.0000,0.0002,0,timeout
1351,1000,-642.58,1.84,1187.33,0.0000,0.0273,0,timeout
1352,367,-432.36,1.35,242.84,0.0026,0.0000,0,collision
1353,314,-198.08,5.82,596.88,0.0031,0.0429,0,collision
1354,468,-486.08,1.83,555.97,0.0018,0.0000,0,collision
1355,1000,-646.49,1.41,648.80,0.0000,0.0000,0,timeout
1356,991,-926.86,0.59,489.83,0.0012,0.0000,0,collision
501,1000,-730.14,0.60,517.12,0.0000,0.0000,0,timeout
502,1000,-612.75,1.32,872.79,0.0000,0.0015,0,timeout
503,1000,-727.32,0.66,595.56,0.0000,0.0000,0,timeout
504,1000,-767.86,0.69,440.97,0.0000,0.0000,0,timeout
505,343,-324.16,2.06,417.18,0.0039,0.0000,0,collision
506,1000,-642.98,1.44,695.31,0.0000,0.0000,0,timeout
507,1000,-722.47,0.67,468.40,0.0000,0.0000,0,timeout
508,354,-197.74,4.88,905.14,0.0003,0.0756,0,collision
509,1000,-720.68,0.71,534.48,0.0000,0.0000,0,timeout
510,1000,-656.73,1.16,596.12,0.0000,0.0000,0,timeout
1357,1000,-365.30,3.16,1700.30,0.0000,0.0176,0,timeout
1358,485,218.18,4.81,1415.45,0.0000,0.0551,1,goal
1359,854,-726.09,1.68,687.14,0.0016,0.0010,0,collision
1360,1000,-694.46,0.59,465.82,0.0000,0.0020,0,timeout
511,927,-741.01,1.52,850.73,0.0014,0.0023,0,collision
512,422,-235.60,3.61,920.89,0.0004,0.0247,0,collision
513,1000,-628.70,0.99,520.39,0.0000,0.0033,0,timeout
514,813,-756.03,0.87,566.97,0.0009,0.0000,0,collision
515,1000,-623.66,1.31,746.81,0.0000,0.0003,0,timeout
516,1000,-577.38,1.77,788.85,0.0000,0.0000,0,timeout
517,1000,-645.46,1.15,596.22,0.0000,0.0000,0,timeout
518,455,292.81,5.10,1468.83,0.0000,0.0015,1,goal
519,1000,-607.61,1.41,939.88,0.0000,0.0000,0,timeout
520,1000,-712.80,0.85,454.62,0.0000,0.0000,0,timeout
1361,1000,-669.73,1.07,738.33,0.0000,0.0015,0,timeout
1362,1000,-540.14,1.45,821.40,0.0000,0.0000,0,timeout
1363,1000,-775.77,0.68,282.79,0.0000,0.0000,0,timeout
1364,1000,-775.04,0.39,318.33,0.0000,0.0000,0,timeout
1365,1000,-713.85,1.10,450.00,0.0000,0.0000,0,timeout
521,1000,-659.51,1.30,796.36,0.0000,0.0000,0,timeout
522,883,-815.25,0.80,567.51,0.0010,0.0000,0,collision
523,1000,-751.21,0.85,331.18,0.0000,0.0000,0,timeout
524,217,-143.15,7.31,656.98,0.0023,0.0129,0,collision
525,254,279.67,9.42,841.27,0.0000,0.0000,1,goal
526,1000,-688.91,0.66,541.31,0.0000,0.0000,0,timeout
527,931,-880.64,0.71,534.15,0.0011,0.0002,0,collision
528,1000,-771.62,0.66,362.47,0.0000,0.0000,0,timeout
529,1000,-717.89,0.58,433.47,0.0000,0.0000,0,timeout
530,1000,-755.24,0.84,314.94,0.0000,0.0000,0,timeout
1366,1000,-599.96,1.73,1073.11,0.0000,0.0000,0,timeout
1367,1000,-743.69,0.59,454.70,0.0000,0.0021,0,timeout
1368,555,248.12,4.19,1363.21,0.0000,0.0037,1,goal
1369,1000,-729.22,0.59,469.89,0.0000,0.0000,0,timeout
531,690,-604.96,0.96,438.78,0.0012,0.0165,0,collision
532,79,-224.76,1.20,67.17,0.0125,0.0324,0,collision
533,700,-265.03,2.95,1281.35,0.0007,0.0112,0,collision
534,1000,-612.41,0.85,632.21,0.0000,0.0023,0,timeout
535,1000,-779.29,0.33,315.92,0.0000,0.0000,0,timeout
536,857,-378.21,2.63,1298.51,0.0012,0.0676,0,collision
537,395,-289.55,2.53,611.88,0.0019,0.0000,0,collision
538,536,182.60,4.39,1242.52,0.0000,0.0030,1,goal
539,1000,-633.68,0.63,477.41,0.0000,0.0016,0,timeout
540,1000,-629.27,0.70,489.40,0.0000,0.0102,0,timeout
1370,1000,-597.38,1.23,796.38,0.0000,0.0462,0,timeout
1371,1000,-691.89,0.69,465.51,0.0000,0.0035,0,timeout
1372,1000,-668.87,0.69,540.93,0.0000,0.0000,0,timeout
1373,669,-451.62,2.11,890.20,0.0014,0.0072,0,collision
1374,2,-199.66,1.04,2.51,0.1588,0.0000,0,collision
1375,151,-155.84,7.79,722.27,0.0056,0.0000,0,collision
1376,539,-215.52,4.26,1408.00,0.0012,0.0504,0,collision
541,598,148.93,3.91,1317.26,0.0000,0.0000,1,goal
542,1000,-494.19,1.94,1044.63,0.0000,0.0000,0,timeout
543,1000,-657.24,0.68,449.28,0.0000,0.0060,0,timeout
544,1000,-662.33,0.66,493.13,0.0000,0.0000,0,timeout
545,1000,-476.52,1.62,821.43,0.0000,0.0042,0,timeout
546,1000,-541.53,1.45,850.88,0.0000,0.0126,0,timeout
547,1000,-436.39,2.07,1231.84,0.0000,0.0000,0,timeout
548,431,-206.43,4.10,961.49,0.0021,0.0623,0,collision
549,1000,-751.82,0.31,292.06,0.0000,0.0000,0,timeout
550,178,-260.19,1.93,219.12,0.0050,0.0000,0,collision
1377,1000,-459.21,2.56,1520.40,0.0000,0.0017,0,timeout
1378,777,-722.93,0.89,485.85,0.0013,0.0054,0,collision
1379,1000,-688.37,0.71,505.98,0.0000,0.0009,0,timeout
1380,1000,-656.63,0.71,515.03,0.0000,0.0045,0,timeout
551,485,-318.16,2.92,812.30,0.0020,0.0029,0,collision
552,63,-204.81,2.28,110.12,0.0174,0.0000,0,collision
553,1000,-477.95,1.91,1211.57,0.0000,0.0473,0,timeout
554,639,-544.24,1.04,455.32,0.0011,0.0130,0,collision
555,1000,-670.41,1.15,627.24,0.0000,0.0001,0,timeout
556,1000,-609.93,0.85,584.50,0.0000,0.0004,0,timeout
557,1000,-700.45,0.65,482.83,0.0000,0.0035,0,timeout
558,1000,-701.70,0.71,519.81,0.0000,0.0000,0,timeout
559,1000,-788.61,0.28,312.39,0.0000,0.0000,0,timeout
560,477,230.63,5.79,992.17,0.0000,0.0000,1,goal
1381,1000,-586.12,1.31,823.23,0.0000,0.0000,0,timeout
1382,1000,-741.04,0.38,344.65,0.0000,0.0000,0,timeout
1383,1000,-857.11,0.02,126.32,0.0000,0.0000,0,timeout
1384,329,-302.32,2.01,468.27,0.0027,0.0077,0,collision
1385,358,270.75,6.32,1271.85,0.0000,0.0014,1,goal
1386,1000,-762.01,0.60,427.54,0.0000,0.0000,0,timeout
561,1000,-468.44,1.89,1200.72,0.0000,0.0179,0,timeout
562,1000,-718.39,0.68,436.98,0.0000,0.0141,0,timeout
563,1000,-502.72,1.63,1028.84,0.0000,0.0002,0,timeout
564,528,219.77,4.28,1354.54,0.0000,0.0225,1,goal
565,1000,-728.87,0.58,508.64,0.0000,0.0099,0,timeout
566,1000,-535.91,1.83,1009.04,0.0000,0.0132,0,timeout
567,2,-200.46,0.32,0.33,0.0608,0.0000,0,collision
568,1000,-696.47,0.86,573.82,0.0000,0.0000,0,timeout
569,1000,-742.60,0.67,519.77,0.0000,0.0000,0,timeout
570,737,-700.06,0.80,409.55,0.0012,0.0000,0,collision
1387,212,204.41,4.83,645.40,0.0000,0.0087,1,goal
1388,449,256.90,6.17,1429.15,0.0000,0.0121,1,goal
1389,1000,-633.83,0.85,615.15,0.0000,0.0015,0,timeout
1390,1000,-658.35,0.86,623.10,0.0000,0.0014,0,timeout
1391,392,273.06,5.95,1365.06,0.0000,0.0000,1,goal
1392,274,-269.84,2.54,439.70,0.0036,0.0081,0,collision
571,1000,-777.74,0.55,413.80,0.0000,0.0000,0,timeout
572,1000,-719.89,0.67,526.35,0.0000,0.0036,0,timeout
573,1000,-752.07,0.85,408.20,0.0000,0.0000,0,timeout
574,446,-494.82,1.57,374.00,0.0029,0.0000,0,collision
575,1000,-781.31,0.58,317.44,0.0000,0.0000,0,timeout
576,1000,-669.87,1.40,564.47,0.0000,0.0000,0,timeout
577,1000,-751.07,0.85,380.80,0.0000,0.0000,0,timeout
578,536,-509.86,1.66,413.82,0.0016,0.0052,0,collision
579,1000,-769.00,0.59,333.59,0.0000,0.0000,0,timeout
580,1000,-610.52,1.44,540.68,0.0000,0.0000,0,timeout
1393,1000,-631.75,1.47,981.19,0.0000,0.0000,0,timeout
1394,1000,-794.91,0.29,313.90,0.0000,0.0003,0,timeout
1395,100,-197.75,5.73,227.81,0.0014,0.0000,0,collision
1396,321,257.51,7.23,1115.11,0.0000,0.0042,1,goal
1397,1000,-757.45,0.66,452.93,0.0000,0.0000,0,timeout
1398,565,-567.58,1.17,445.57,0.0012,0.0000,0,collision
581,1000,-689.28,2.01,459.01,0.0000,0.0007,0,timeout
582,1000,-770.41,0.67,181.87,0.0000,0.0000,0,timeout
583,1000,-715.29,0.87,531.37,0.0000,0.0002,0,timeout
584,313,-375.33,2.22,354.50,0.0041,0.0000,0,collision
585,2,-199.66,1.04,2.51,0.0894,0.0000,0,collision
586,931,-921.82,0.59,296.81,0.0008,0.0019,0,collision
587,1000,-689.45,1.32,441.33,0.0000,0.0003,0,timeout
588,1000,-711.21,1.42,347.45,0.0000,0.0000,0,timeout
589,106,-138.75,19.23,99.08,0.0009,0.0115,0,collision
590,222,275.01,10.76,955.56,0.0000,0.0060,1,goal
1399,1000,-685.64,1.13,624.06,0.0000,0.0000,0,timeout
1400,79,-161.56,15.91,308.81,0.0073,0.0168,0,collision
1401,1000,-832.11,0.11,212.07,0.0000,0.0000,0,timeout
1402,777,-697.19,1.32,519.71,0.0020,0.0024,0,collision
1403,1000,-721.19,0.66,476.95,0.0000,0.0000,0,timeout
1404,1000,-729.03,0.71,513.95,0.0000,0.0000,0,timeout
1405,122,-186.49,5.51,265.39,0.0032,0.0326,0,collision
591,1000,-644.50,1.58,710.17,0.0000,0.0000,0,timeout
592,1000,-760.50,0.57,398.75,0.0000,0.0017,0,timeout
593,1000,-787.03,0.65,206.45,0.0000,0.0000,0,timeout
594,120,-144.32,13.53,467.90,0.0029,0.0000,0,collision
595,1000,-769.36,0.66,285.77,0.0000,0.0000,0,timeout
596,1000,-779.92,0.63,320.60,0.0000,0.0000,0,timeout
597,839,-783.09,1.07,523.73,0.0008,0.0031,0,collision
598,1000,-685.28,1.07,435.18,0.0000,0.0128,0,timeout
599,1000,-731.11,0.85,570.40,0.0000,0.0000,0,timeout
600,1000,-766.55,0.59,358.95,0.0000,0.0000,0,timeout
1406,358,-223.68,7.83,1168.79,0.0019,0.0366,0,collision
1407,1000,-653.13,1.59,651.70,0.0000,0.0000,0,timeout
1408,1000,-765.95,0.64,293.87,0.0000,0.0000,0,timeout
1409,125,-146.54,10.00,530.59,0.0005,0.0000,0,collision
1410,1000,-775.12,0.66,403.91,0.0000,0.0000,0,timeout
601,146,277.72,15.90,223.87,0.0000,0.0076,1,goal
602,1000,-683.64,1.42,768.45,0.0000,0.0000,0,timeout
603,200,-168.17,5.72,701.78,0.0044,0.0491,0,collision
604,120,-144.43,12.06,215.39,0.0080,0.0000,0,collision
605,1000,-710.15,1.42,295.16,0.0000,0.0000,0,timeout
606,1000,-757.41,0.69,266.17,0.0000,0.0000,0,timeout
607,177,-189.50,4.74,453.86,0.0046,0.0937,0,collision
608,1000,-779.85,0.67,373.65,0.0000,0.0000,0,timeout
609,1000,-748.79,0.69,441.12,0.0000,0.0000,0,timeout
610,62,-194.10,5.53,217.29,0.0059,0.1701,0,collision
1411,1000,-743.34,0.91,621.84,0.0000,0.0000,0,timeout
1412,2,-199.67,0.86,1.78,0.2201,0.0000,0,collision
1413,1000,-789.83,0.32,335.08,0.0000,0.0000,0,timeout
1414,94,-155.99,12.68,448.28,0.0095,0.0000,0,collision
1415,1000,-731.49,0.71,539.36,0.0000,0.0000,0,timeout
1416,1000,-628.37,1.41,837.71,0.0000,0.0038,0,timeout
611,1000,-547.25,1.43,937.18,0.0000,0.0018,0,timeout
612,3,-202.02,0.28,0.35,0.0132,0.0000,0,collision
613,1000,-775.85,0.60,249.77,0.0000,0.0000,0,timeout
614,556,-146.38,4.01,1424.74,0.0007,0.0402,0,collision
615,1000,-641.65,1.00,707.52,0.0000,0.0030,0,timeout
616,2,-201.10,0.00,0.10,0.0833,0.0000,0,collision
617,1000,-605.59,1.05,732.53,0.0000,0.0074,0,timeout
618,1000,-733.46,0.60,408.54,0.0000,0.0000,0,timeout
619,1000,-651.10,0.69,559.38,0.0000,0.0000,0,timeout
620,1000,-810.73,0.22,310.44,0.0000,0.0000,0,timeout
1417,1000,-737.25,0.86,550.20,0.0000,0.0000,0,timeout
1418,267,-243.14,2.47,486.02,0.0062,0.0000,0,collision
1419,1000,-753.65,0.71,427.27,0.0000,0.0000,0,timeout
1420,1000,-502.98,1.45,875.40,0.0000,0.0040,0,timeout
1421,417,-230.39,2.90,760.92,0.0003,0.0213,0,collision
1422,740,104.69,3.06,1413.48,0.0000,0.0680,1,goal
621,50,-230.59,0.92,34.20,0.0181,0.0322,0,collision
622,108,-240.06,1.42,83.33,0.0041,0.0000,0,collision
623,163,-235.53,1.92,209.62,0.0084,0.0000,0,collision
624,1000,-645.35,0.71,506.24,0.0000,0.0000,0,timeout
625,1000,-675.80,0.59,428.48,0.0000,0.0000,0,timeout
626,1000,-654.62,0.68,438.07,0.0000,0.0000,0,timeout
627,1000,-512.67,1.15,650.05,0.0000,0.0020,0,timeout
628,1000,-316.70,2.00,1209.03,0.0000,0.1003,0,timeout
629,1000,-322.64,1.59,1063.51,0.0000,0.0105,0,timeout
630,171,-287.75,1.35,171.15,0.0008,0.1381,0,collision
1423,1000,-379.57,2.24,1381.38,0.0000,0.0158,0,timeout
1424,1000,-670.66,0.60,491.17,0.0000,0.0000,0,timeout
1425,852,53.47,2.73,1397.09,0.0000,0.0881,1,goal
1426,1000,-767.62,0.29,310.63,0.0000,0.0000,0,timeout
631,1000,-584.36,1.05,722.00,0.0000,0.0127,0,timeout
632,1000,-587.68,1.08,757.59,0.0000,0.0016,0,timeout
633,597,220.09,3.79,1360.22,0.0000,0.0110,1,goal
634,1000,-631.91,0.86,650.91,0.0000,0.0000,0,timeout
635,1000,-586.04,1.41,868.73,0.0000,0.0000,0,timeout
636,353,-295.56,1.81,460.56,0.0015,0.0197,0,collision
637,997,-871.24,0.68,487.08,0.0008,0.0000,0,collision
638,1000,-712.94,0.56,506.55,0.0000,0.0036,0,timeout
639,1000,-477.79,1.95,1110.42,0.0000,0.0023,0,timeout
640,968,-819.18,0.88,651.31,0.0008,0.0014,0,collision
1427,1000,-290.10,3.28,1959.01,0.0000,0.0293,0,timeout
1428,7,-203.87,0.69,4.88,0.0742,0.0000,0,collision
1429,1000,-660.73,0.68,478.58,0.0000,0.0042,0,timeout
1430,3,-200.81,0.69,1.84,0.3333,0.0000,0,collision
1431,1000,-619.35,1.19,758.11,0.0000,0.0000,0,timeout
1432,315,277.29,7.39,978.20,0.0000,0.0022,1,goal
1433,1000,-590.14,1.41,523.06,0.0000,0.0000,0,timeout
641,1000,-688.73,0.70,462.09,0.0000,0.0000,0,timeout
642,1000,-535.67,1.59,1055.34,0.0000,0.0000,0,timeout
643,84,-213.75,3.18,183.38,0.0137,0.0331,0,collision
644,1000,-621.44,1.15,845.12,0.0000,0.0000,0,timeout
645,522,-390.91,3.05,823.44,0.0015,0.0000,0,collision
646,145,-182.38,4.35,388.04,0.0055,0.0892,0,collision
647,477,267.76,5.02,1439.51,0.0000,0.0089,1,goal
648,270,-265.84,2.29,377.67,0.0008,0.1495,0,collision
649,338,-167.01,3.96,813.02,0.0001,0.0345,0,collision
650,408,-150.81,4.36,1059.90,0.0005,0.0251,0,collision
1434,1000,-795.69,0.32,356.70,0.0000,0.0000,0,timeout
1435,1000,-776.11,0.39,300.55,0.0000,0.0000,0,timeout
1436,1000,-683.01,0.70,533.21,0.0000,0.0029,0,timeout
1437,1000,-710.99,0.67,515.34,0.0000,0.0000,0,timeout
651,1000,-701.56,1.14,567.20,0.0000,0.0000,0,timeout
652,1000,-748.30,0.59,442.08,0.0000,0.0000,0,timeout
653,1000,-854.21,0.02,125.19,0.0000,0.0000,0,timeout
654,1000,-708.73,0.69,550.93,0.0000,0.0000,0,timeout
655,1000,-733.69,0.85,332.05,0.0000,0.0000,0,timeout
656,1000,-604.58,1.96,670.52,0.0000,0.0000,0,timeout
657,1000,-760.78,0.60,372.84,0.0000,0.0000,0,timeout
658,1000,-739.99,0.69,488.78,0.0000,0.0000,0,timeout
659,1000,-742.75,0.66,545.39,0.0000,0.0000,0,timeout
660,1000,-707.47,0.69,551.67,0.0000,0.0000,0,timeout
1438,1000,-652.28,0.97,750.12,0.0000,0.0163,0,timeout
1439,196,285.51,12.20,895.21,0.0000,0.0000,1,goal
1440,1000,-620.76,1.41,1056.81,0.0000,0.0000,0,timeout
1441,1000,-641.06,1.44,486.42,0.0000,0.0000,0,timeout
1442,1000,-741.41,0.68,505.82,0.0000,0.0000,0,timeout
661,39,-200.86,3.19,98.33,0.0214,0.1532,0,collision
662,1000,-674.41,1.05,695.60,0.0000,0.0000,0,timeout
663,1000,-688.21,0.66,490.74,0.0000,0.0002,0,timeout
664,1000,-635.45,1.59,903.86,0.0000,0.0002,0,timeout
665,113,-143.76,14.20,511.65,0.0055,0.0000,0,collision
666,84,-175.58,7.48,433.11,0.0005,0.0878,0,collision
667,1000,-675.42,1.04,614.41,0.0000,0.0000,0,timeout
668,1000,-733.12,0.98,463.10,0.0000,0.0000,0,timeout
669,1000,-712.44,1.15,494.12,0.0000,0.0000,0,timeout
670,74,-177.35,7.44,252.43,0.0113,0.0154,0,collision
1443,1000,-636.87,1.53,789.11,0.0000,0.0000,0,timeout
1444,59,-173.47,10.11,300.20,0.0155,0.0000,0,collision
1445,91,-191.90,4.78,299.55,0.0088,0.0414,0,collision
1446,1000,-725.28,0.68,593.53,0.0000,0.0000,0,timeout
1447,1000,-662.30,1.59,677.35,0.0000,0.0000,0,timeout
1448,2,-199.66,1.04,2.51,0.2045,0.0000,0,collision
1449,1000,-697.98,1.31,689.64,0.0000,0.0000,0,timeout
671,1000,-605.68,0.84,658.45,0.0000,0.0017,0,timeout
672,1000,-670.80,0.66,442.62,0.0000,0.0000,0,timeout
673,1000,-418.64,1.94,1194.28,0.0000,0.0021,0,timeout
674,126,-174.16,5.61,414.92,0.0089,0.0000,0,collision
675,1000,-682.52,0.68,539.51,0.0000,0.0067,0,timeout
676,1000,-777.53,0.19,270.69,0.0000,0.0003,0,timeout
677,485,-250.60,2.83,806.00,0.0011,0.0634,0,collision
678,1000,-695.40,0.60,513.75,0.0000,0.0000,0,timeout
679,520,250.04,4.49,1320.95,0.0000,0.0037,1,goal
680,1000,-726.11,0.71,469.77,0.0000,0.0000,0,timeout
1450,1000,-697.13,1.02,681.22,0.0000,0.0107,0,timeout
1451,1000,-663.82,0.68,566.30,0.0000,0.0000,0,timeout
1452,1000,-628.66,0.66,521.03,0.0000,0.0152,0,timeout
1453,1000,-663.48,0.85,583.11,0.0000,0.0007,0,timeout
1454,185,-205.79,3.39,426.68,0.0067,0.0092,0,collision
681,1000,-533.01,1.59,1059.57,0.0000,0.0016,0,timeout
682,315,-200.91,4.95,959.24,0.0032,0.1449,0,collision
683,1000,-720.64,0.69,518.80,0.0000,0.0004,0,timeout
684,1000,-735.71,0.69,426.65,0.0000,0.0000,0,timeout
685,318,-154.85,6.06,884.02,0.0001,0.0676,0,collision
686,1000,-455.24,1.59,959.25,0.0000,0.0067,0,timeout
687,1000,-693.11,0.66,517.43,0.0000,0.0000,0,timeout
688,1000,-600.72,1.41,869.72,0.0000,0.0000,0,timeout
689,1000,-600.78,1.42,809.82,0.0000,0.0000,0,timeout
690,362,-227.05,3.58,890.22,0.0002,0.1700,0,collision
1455,1000,-613.83,1.18,873.01,0.0000,0.0033,0,timeout
1456,1000,-391.28,2.06,1234.00,0.0000,0.0128,0,timeout
1457,1000,-579.14,1.32,923.56,0.0000,0.0000,0,timeout
1458,197,-138.09,7.64,886.57,0.0028,0.0097,0,collision
1459,1000,-581.30,1.41,862.43,0.0000,0.0000,0,timeout
691,1000,-742.68,0.71,486.10,0.0000,0.0000,0,timeout
692,571,199.35,4.18,1214.00,0.0000,0.0096,1,goal
693,1000,-590.28,1.55,892.04,0.0000,0.0017,0,timeout
694,1000,-567.00,1.41,926.40,0.0000,0.0001,0,timeout
695,1000,-507.43,1.59,1044.70,0.0000,0.0022,0,timeout
696,1000,-467.69,1.91,1229.49,0.0000,0.0001,0,timeout
697,1000,-708.40,0.85,514.71,0.0000,0.0000,0,timeout
698,1000,-688.35,0.69,558.10,0.0000,0.0000,0,timeout
699,1000,-438.80,2.06,1139.20,0.0000,0.0080,0,timeout
700,596,-218.21,4.42,1620.01,0.0013,0.0916,0,collision
1460,1000,-661.38,1.38,867.96,0.0000,0.0000,0,timeout
1461,1000,-704.46,0.71,539.93,0.0000,0.0000,0,timeout
1462,1000,-833.90,0.22,267.41,0.0000,0.0000,0,timeout
1463,1000,-765.11,0.86,250.05,0.0000,0.0000,0,timeout
701,2,-200.69,0.18,0.18,0.0748,0.0000,0,collision
702,1000,-735.25,0.42,329.13,0.0000,0.0000,0,timeout
703,1000,-717.33,0.68,557.72,0.0000,0.0000,0,timeout
704,1000,-549.97,1.89,1053.57,0.0000,0.0000,0,timeout
705,1000,-548.40,1.63,903.96,0.0000,0.0011,0,timeout
706,1000,-766.06,0.69,413.07,0.0000,0.0000,0,timeout
707,1000,-699.66,0.84,491.03,0.0000,0.0000,0,timeout
708,1000,-795.83,0.44,275.37,0.0000,0.0000,0,timeout
709,34,-189.99,8.18,226.66,0.0027,0.0000,0,collision
710,325,-151.99,7.06,824.25,0.0001,0.0584,0,collision
1464,1000,-471.46,2.25,1382.45,0.0000,0.0033,0,timeout
1465,1000,-643.01,1.56,710.10,0.0000,0.0000,0,timeout
1466,1000,-741.17,0.71,586.96,0.0000,0.0000,0,timeout
1467,1000,-761.30,0.63,449.64,0.0000,0.0000,0,timeout
711,1000,-630.01,1.45,930.82,0.0000,0.0030,0,timeout
712,1000,-792.51,0.30,342.24,0.0000,0.0000,0,timeout
713,502,229.25,5.36,1438.98,0.0000,0.0420,1,goal
714,173,-156.63,6.64,676.44,0.0041,0.0921,0,collision
715,1000,-743.71,0.69,397.75,0.0000,0.0000,0,timeout
716,1000,-583.84,1.77,998.17,0.0000,0.0000,0,timeout
717,1000,-723.97,1.14,484.21,0.0000,0.0000,0,timeout
718,1000,-712.12,0.68,587.92,0.0000,0.0035,0,timeout
719,192,-142.53,7.64,813.90,0.0048,0.0000,0,collision
720,378,-141.26,6.00,1107.71,0.0001,0.0583,0,collision
1468,1000,-565.60,1.52,1011.39,0.0000,0.0038,0,timeout
1469,1000,-725.35,0.56,382.29,0.0000,0.0037,0,timeout
1470,1000,-716.79,0.85,572.53,0.0000,0.0044,0,timeout
1471,1000,-769.60,0.59,359.93,0.0000,0.0000,0,timeout
721,1000,-763.18,0.69,397.15,0.0000,0.0000,0,timeout
722,1000,-797.29,0.30,328.86,0.0000,0.0000,0,timeout
723,166,-182.05,6.80,530.59,0.0040,0.1480,0,collision
724,1000,-658.20,1.01,717.40,0.0000,0.0000,0,timeout
725,1000,-742.67,0.69,368.77,0.0000,0.0000,0,timeout
726,1000,-690.74,1.44,638.78,0.0000,0.0000,0,timeout
727,1000,-721.44,0.58,513.39,0.0000,0.0000,0,timeout
728,240,301.41,9.69,1169.70,0.0000,0.0000,1,goal
729,82,-183.72,6.68,229.43,0.0035,0.1211,0,collision
730,1000,-762.04,0.38,338.05,0.0000,0.0000,0,timeout
1472,1000,-680.18,1.27,828.86,0.0000,0.0002,0,timeout
1473,1000,-696.36,0.85,611.09,0.0000,0.0000,0,timeout
1474,1000,-602.32,1.44,901.48,0.0000,0.0000,0,timeout
1475,1000,-739.10,0.70,540.37,0.0000,0.0000,0,timeout
731,1000,-714.37,0.62,446.39,0.0000,0.0000,0,timeout
732,415,-160.03,4.54,1125.85,0.0002,0.0248,0,collision
733,110,-169.06,6.40,461.98,0.0077,0.0000,0,collision
734,1000,-821.04,0.24,253.29,0.0000,0.0000,0,timeout
735,1000,-681.73,0.81,671.53,0.0000,0.0000,0,timeout
736,1000,-719.95,0.59,536.54,0.0000,0.0000,0,timeout
737,228,-189.49,4.52,550.13,0.0008,0.0168,0,collision
738,1000,-658.28,1.44,675.42,0.0000,0.0000,0,timeout
739,1000,-554.13,1.89,1155.29,0.0000,0.0442,0,timeout
740,1000,-621.96,1.45,755.39,0.0000,0.0000,0,timeout
1476,1000,-388.40,2.90,1793.51,0.0000,0.0052,0,timeout
1477,1000,-580.22,1.41,868.24,0.0000,0.0000,0,timeout
1478,90,-185.67,3.69,261.51,0.0096,0.0000,0,collision
1479,1000,-676.55,1.03,656.74,0.0000,0.0000,0,timeout
1480,1000,-569.73,1.45,876.44,0.0000,0.0045,0,timeout
1481,257,-198.08,3.99,644.24,0.0028,0.0401,0,collision
741,1000,-732.30,0.69,502.40,0.0000,0.0000,0,timeout
742,1000,-725.50,0.71,462.71,0.0000,0.0000,0,timeout
743,1000,-721.28,0.71,590.17,0.0000,0.0000,0,timeout
744,1000,-602.54,1.41,603.81,0.0000,0.0000,0,timeout
745,370,278.32,6.30,1223.63,0.0000,0.0010,1,goal
746,1000,-591.78,1.31,872.81,0.0000,0.0000,0,timeout
747,1000,-476.48,1.76,1078.27,0.0000,0.0000,0,timeout
748,346,-176.78,3.93,835.80,0.0004,0.0437,0,collision
749,1000,-594.41,1.44,932.16,0.0000,0.0000,0,timeout
750,1000,-469.25,1.94,1306.85,0.0000,0.0000,0,timeout
1482,356,-298.24,3.88,837.97,0.0006,0.0000,0,collision
1483,1000,-538.51,1.40,980.07,0.0000,0.0000,0,timeout
1484,1000,-575.70,1.89,1004.02,0.0000,0.0000,0,timeout
1485,1000,-708.78,0.59,457.03,0.0000,0.0000,0,timeout
751,1000,-750.64,0.58,492.39,0.0000,0.0000,0,timeout
752,266,-194.13,4.67,703.66,0.0006,0.1340,0,collision
753,1000,-703.38,0.69,526.01,0.0000,0.0069,0,timeout
754,1000,-778.10,0.30,280.29,0.0000,0.0000,0,timeout
755,1000,-641.99,2.05,491.70,0.0000,0.0000,0,timeout
756,1000,-641.23,0.87,616.81,0.0000,0.0000,0,timeout
757,243,-129.98,6.57,637.08,0.0004,0.0148,0,collision
758,1000,-698.89,1.31,559.55,0.0000,0.0000,0,timeout
759,350,-149.86,7.66,859.03,0.0029,0.1151,0,collision
760,114,-161.39,7.64,385.01,0.0017,0.0000,0,collision
1486,1000,-629.59,2.11,858.33,0.0000,0.0000,0,timeout
1487,1000,-650.92,1.21,545.49,0.0000,0.0004,0,timeout
1488,1000,-687.30,1.15,364.54,0.0000,0.0000,0,timeout
1489,1000,-761.20,0.59,485.33,0.0000,0.0000,0,timeout
1490,1000,-745.06,0.59,503.24,0.0000,0.0000,0,timeout
761,1000,-691.48,1.41,418.04,0.0000,0.0000,0,timeout
762,1000,-721.73,0.84,504.04,0.0000,0.0027,0,timeout
763,1000,-752.94,0.84,343.85,0.0000,0.0000,0,timeout
764,1000,-774.52,0.49,383.19,0.0000,0.0207,0,timeout
765,295,-203.52,5.09,892.83,0.0034,0.1135,0,collision
766,283,278.41,8.44,779.80,0.0000,0.0557,1,goal
767,1000,-671.60,1.38,423.38,0.0000,0.0000,0,timeout
768,1000,-700.38,1.04,736.36,0.0000,0.0000,0,timeout
769,1000,-747.88,0.59,477.33,0.0000,0.0000,0,timeout
770,1000,-616.98,1.42,922.97,0.0000,0.0000,0,timeout
1491,1000,-566.96,2.17,928.29,0.0000,0.0032,0,timeout
1492,130,-152.53,10.92,452.51,0.0015,0.0213,0,collision
1493,1000,-627.51,1.45,973.55,0.0000,0.0026,0,timeout
1494,1000,-521.54,2.02,1211.28,0.0000,0.0000,0,timeout
1495,1000,-771.47,0.59,387.03,0.0000,0.0000,0,timeout
1496,3,-199.31,1.84,6.89,0.2764,0.0000,0,collision
771,267,-181.50,5.22,781.95,0.0006,0.1320,0,collision
772,378,-170.48,5.88,1140.56,0.0007,0.1046,0,collision
773,1000,-560.06,1.59,773.81,0.0000,0.0000,0,timeout
774,1000,-651.17,1.44,739.18,0.0000,0.0000,0,timeout
775,1000,-661.74,0.84,670.66,0.0000,0.0000,0,timeout
776,1000,-527.50,2.06,1163.71,0.0000,0.0000,0,timeout
777,1000,-691.94,0.85,649.82,0.0000,0.0000,0,timeout
778,392,252.14,5.75,1229.57,0.0000,0.0465,1,goal
779,222,-186.47,3.85,448.69,0.0026,0.0446,0,collision
780,1000,-738.65,0.69,492.42,0.0000,0.0000,0,timeout
1497,1000,-721.85,0.42,381.40,0.0000,0.0000,0,timeout
1498,1000,-740.47,0.70,544.26,0.0000,0.0000,0,timeout
1499,1000,-777.97,0.26,274.56,0.0000,0.0000,0,timeout
1500,1000,-767.19,0.38,333.39,0.0000,0.0000,0,timeout
781,6,-203.49,0.48,2.52,0.0316,0.0000,0,collision
782,1000,-756.43,0.59,370.70,0.0000,0.0001,0,timeout
783,318,-167.10,5.91,923.88,0.0022,0.0438,0,collision
784,1000,-681.90,0.66,506.49,0.0000,0.0031,0,timeout
785,322,-147.47,5.31,882.34,0.0014,0.0174,0,collision
786,1000,-513.63,1.59,991.04,0.0000,0.0000,0,timeout
787,1000,-679.44,0.65,468.45,0.0000,0.0000,0,timeout
788,1000,-534.92,1.59,732.95,0.0000,0.0023,0,timeout
789,364,272.37,6.42,1003.86,0.0000,0.0059,1,goal
790,1000,-735.32,0.78,546.62,0.0000,0.0024,0,timeout
1501,1000,-566.54,2.26,1084.42,0.0000,0.0000,0,timeout
1502,310,-144.61,5.38,930.62,0.0022,0.0196,0,collision
1503,1000,-723.06,0.70,460.67,0.0000,0.0000,0,timeout
1504,1000,-747.15,0.59,462.36,0.0000,0.0013,0,timeout
791,1000,-637.75,0.68,542.48,0.0000,0.0210,0,timeout
792,1000,-452.63,1.30,844.72,0.0000,0.0199,0,timeout
793,1000,-459.39,1.29,850.39,0.0000,0.0285,0,timeout
794,1000,-310.92,2.14,1230.29,0.0000,0.0107,0,timeout
795,1000,-626.64,0.71,485.00,0.0000,0.0375,0,timeout
796,1000,-597.48,0.70,446.64,0.0000,0.0116,0,timeout
797,1000,-528.58,1.14,788.16,0.0000,0.0000,0,timeout
798,1000,-679.34,0.60,477.54,0.0000,0.0059,0,timeout
799,1000,-555.79,0.85,568.12,0.0000,0.0101,0,timeout
800,1000,-640.29,0.67,490.39,0.0000,0.0086,0,timeout
1505,1000,-758.58,0.39,394.68,0.0000,0.0000,0,timeout
1506,1000,-578.56,0.90,639.02,0.0000,0.0043,0,timeout
1507,1000,-407.42,1.52,952.43,0.0000,0.0295,0,timeout
1508,1000,-460.27,1.41,879.81,0.0000,0.0134,0,timeout
1509,1000,-705.90,0.69,490.05,0.0000,0.0000,0,timeout
1510,7,-201.29,1.22,4.63,0.0047,0.0000,0,collision
801,1000,-636.40,1.22,646.11,0.0000,0.0000,0,timeout
802,1000,-717.76,0.67,548.94,0.0000,0.0000,0,timeout
803,522,207.93,4.15,1092.76,0.0000,0.0071,1,goal
804,1000,-575.60,1.58,899.98,0.0000,0.0000,0,timeout
805,1000,-695.74,0.70,554.63,0.0000,0.0000,0,timeout
806,1000,-562.97,1.15,818.47,0.0000,0.0000,0,timeout
807,1000,-413.06,2.06,1112.07,0.0000,0.0050,0,timeout
808,1000,-611.30,0.98,701.06,0.0000,0.0431,0,timeout
809,1000,-696.83,0.85,538.29,0.0000,0.0017,0,timeout
810,1000,-684.43,0.69,494.45,0.0000,0.0000,0,timeout
1511,1000,-492.97,1.96,1294.56,0.0000,0.0015,0,timeout
1512,1000,-743.03,0.38,341.17,0.0000,0.0000,0,timeout
1513,291,279.41,8.07,1027.87,0.0000,0.0000,1,goal
1514,1000,-746.56,0.48,345.10,0.0000,0.0000,0,timeout
811,1000,-700.60,0.66,469.24,0.0000,0.0000,0,timeout
812,1000,-783.78,0.32,348.87,0.0000,0.0000,0,timeout
813,1000,-756.55,0.70,456.97,0.0000,0.0000,0,timeout
814,1000,-612.26,1.22,724.79,0.0000,0.0000,0,timeout
815,1000,-557.08,1.45,877.10,0.0000,0.0062,0,timeout
816,2,-199.66,1.04,2.51,0.2489,0.0000,0,collision
817,1000,-750.01,0.70,483.39,0.0000,0.0000,0,timeout
818,1000,-659.66,0.66,458.65,0.0000,0.0028,0,timeout
819,1000,-646.74,1.04,771.68,0.0000,0.0040,0,timeout
820,1000,-600.71,1.56,652.31,0.0000,0.0000,0,timeout
1515,1000,-634.64,1.96,808.56,0.0000,0.0000,0,timeout
1516,1000,-661.80,1.44,423.00,0.0000,0.0000,0,timeout
1517,1000,-594.76,1.41,833.10,0.0000,0.0030,0,timeout
1518,1000,-638.06,1.74,769.03,0.0000,0.0000,0,timeout
821,1000,-782.22,0.59,331.45,0.0000,0.0000,0,timeout
822,1000,-769.54,0.63,394.38,0.0000,0.0000,0,timeout
823,1000,-625.97,1.22,745.69,0.0000,0.0070,0,timeout
824,1000,-720.99,0.82,338.05,0.0000,0.0000,0,timeout
825,1000,-577.95,2.06,645.12,0.0000,0.0000,0,timeout
826,1000,-768.88,0.70,499.39,0.0000,0.0001,0,timeout
827,1000,-628.77,1.44,729.29,0.0000,0.0001,0,timeout
828,1000,-778.17,0.59,383.23,0.0000,0.0000,0,timeout
829,1000,-780.25,0.67,191.58,0.0000,0.0000,0,timeout
830,124,271.57,17.83,275.38,0.0000,0.0000,1,goal
1519,922,-857.42,1.57,245.02,0.0000,0.0000,0,collision
1520,1000,-757.05,0.69,311.54,0.0000,0.0000,0,timeout
1521,433,229.66,5.39,1110.60,0.0000,0.0351,1,goal
1522,1000,-705.37,0.85,526.30,0.0000,0.0000,0,timeout
1523,127,-200.12,4.20,365.71,0.0041,0.1397,0,collision
1524,1000,-749.24,0.84,427.61,0.0000,0.0000,0,timeout
831,1000,-750.38,0.85,281.50,0.0000,0.0000,0,timeout
832,168,289.29,16.45,423.21,0.0000,0.0029,1,goal
833,166,280.63,13.99,196.36,0.0000,0.0000,1,goal
834,1000,-669.86,1.42,718.38,0.0000,0.0000,0,timeout
835,1000,-667.96,1.08,666.60,0.0000,0.0000,0,timeout
836,158,281.67,14.70,429.78,0.0000,0.0000,1,goal
837,3,-199.33,1.61,4.49,0.0903,0.0000,0,collision
838,1000,-735.71,1.30,220.82,0.0000,0.0000,0,timeout
839,1000,-656.38,2.07,275.76,0.0000,0.0000,0,timeout
840,1000,-704.41,1.41,547.25,0.0000,0.0000,0,timeout
1525,1000,-719.82,0.88,482.53,0.0000,0.0000,0,timeout
1526,1000,-714.75,0.67,460.78,0.0000,0.0082,0,timeout
1527,1000,-771.84,0.59,236.09,0.0000,0.0000,0,timeout
1528,1000,-727.73,1.31,279.54,0.0000,0.0000,0,timeout
841,1000,-790.90,0.33,294.35,0.0000,0.0000,0,timeout
842,1000,-601.08,1.86,587.43,0.0000,0.0136,0,timeout
843,1000,-670.30,2.06,350.30,0.0000,0.0000,0,timeout
844,1000,-679.25,2.07,442.54,0.0000,0.0000,0,timeout
845,161,282.52,14.79,514.49,0.0000,0.0000,1,goal
846,118,273.08,19.83,139.19,0.0000,0.0000,1,goal
847,2,-199.70,0.92,1.99,0.0949,0.0000,0,collision
848,1000,-788.29,0.59,291.51,0.0000,0.0011,0,timeout
849,151,-197.03,8.01,287.63,0.0058,0.2083,0,collision
850,127,272.60,18.29,286.73,0.0000,0.0050,1,goal
1529,1000,-768.69,1.31,615.66,0.0000,0.0000,0,timeout
1530,2,-199.66,1.04,2.51,0.1031,0.0000,0,collision
1531,1000,-784.23,0.68,344.71,0.0000,0.0000,0,timeout
1532,1000,-770.89,0.85,240.75,0.0000,0.0000,0,timeout
1533,1000,-660.74,2.07,376.09,0.0000,0.0000,0,timeout
851,1000,-764.82,0.59,401.79,0.0000,0.0000,0,timeout
852,1000,-602.18,2.05,831.00,0.0000,0.0775,0,timeout
853,1000,-772.74,0.67,460.82,0.0000,0.0000,0,timeout
854,1000,-754.12,0.84,342.54,0.0000,0.0000,0,timeout
855,1000,-695.62,1.14,536.58,0.0000,0.0000,0,timeout
856,1000,-751.92,0.68,479.11,0.0000,0.0000,0,timeout
857,1000,-666.89,1.44,711.96,0.0000,0.0000,0,timeout
858,1000,-778.75,0.69,355.36,0.0000,0.0000,0,timeout
859,1000,-701.75,1.14,807.74,0.0000,0.0000,0,timeout
860,1000,-770.71,0.67,417.42,0.0000,0.0000,0,timeout
1534,1000,-714.88,1.25,495.57,0.0000,0.0000,0,timeout
1535,1000,-763.37,0.59,412.37,0.0000,0.0000,0,timeout
1536,877,-738.74,1.77,974.04,0.0008,0.0000,0,collision
1537,1000,-638.71,1.44,789.04,0.0000,0.0000,0,timeout
861,433,289.94,6.27,1439.00,0.0000,0.0000,1,goal
862,1000,-728.23,0.59,379.03,0.0000,0.0000,0,timeout
863,213,289.98,10.94,817.26,0.0000,0.0000,1,goal
864,1000,-776.50,0.29,268.44,0.0000,0.0000,0,timeout
865,1,-200.00,0.00,0.00,0.0000,0.0000,0,collision
866,1000,-753.72,0.59,418.41,0.0000,0.0000,0,timeout
867,480,262.55,5.61,1329.48,0.0000,0.0326,1,goal
868,1000,-534.10,1.59,1086.98,0.0000,0.0000,0,timeout
869,1000,-642.52,1.31,802.34,0.0000,0.0000,0,timeout
870,1000,-745.93,0.70,579.02,0.0000,0.0000,0,timeout
1538,1000,-629.04,1.33,875.10,0.0000,0.0000,0,timeout
1539,1000,-698.34,1.43,642.89,0.0000,0.0000,0,timeout
1540,169,279.17,13.22,749.04,0.0000,0.0000,1,goal
1541,1000,-588.40,1.88,1105.57,0.0000,0.0049,0,timeout
1542,1000,-697.68,0.68,487.76,0.0000,0.0021,0,timeout
1543,337,272.77,6.88,1210.72,0.0000,0.0000,1,goal
871,1000,-715.07,0.66,510.63,0.0000,0.0000,0,timeout
872,1000,-721.88,1.14,597.91,0.0000,0.0000,0,timeout
873,1000,-742.07,0.78,568.72,0.0000,0.0061,0,timeout
874,1000,-645.65,1.59,843.03,0.0000,0.0000,0,timeout
875,655,-619.19,1.29,468.99,0.0022,0.0000,0,collision
876,1000,-676.04,1.45,601.42,0.0000,0.0000,0,timeout
877,1000,-755.75,0.59,388.91,0.0000,0.0000,0,timeout
878,1000,-696.29,1.30,611.43,0.0000,0.0000,0,timeout
879,1000,-673.83,1.09,670.42,0.0000,0.0000,0,timeout
880,1000,-766.31,0.60,402.60,0.0000,0.0000,0,timeout
1544,634,-556.37,2.53,650.26,0.0005,0.0000,0,collision
1545,1000,-724.66,0.65,547.75,0.0000,0.0007,0,timeout
1546,456,-413.38,3.11,654.11,0.0015,0.0000,0,collision
1547,411,145.08,5.74,1274.04,0.0000,0.2406,1,goal
1548,1000,-785.13,0.30,367.43,0.0000,0.0000,0,timeout
1549,1000,-696.98,1.44,578.89,0.0000,0.0000,0,timeout
1550,68,-170.06,10.56,180.30,0.0032,0.0000,0,collision
881,106,-176.52,6.61,373.87,0.0048,0.0000,0,collision
882,1000,-755.54,0.69,445.45,0.0000,0.0000,0,timeout
883,1000,-735.72,0.67,551.49,0.0000,0.0000,0,timeout
884,1000,-630.65,1.20,759.71,0.0000,0.0048,0,timeout
885,1000,-774.24,0.71,192.82,0.0000,0.0000,0,timeout
886,1000,-765.23,0.69,388.44,0.0000,0.0000,0,timeout
887,1000,-608.61,1.56,938.22,0.0000,0.0171,0,timeout
888,1000,-735.35,0.66,470.18,0.0000,0.0000,0,timeout
889,1000,-638.36,0.91,716.04,0.0000,0.0000,0,timeout
890,1000,-611.11,1.58,1011.36,0.0000,0.0001,0,timeout
1551,1000,-720.90,0.97,535.23,0.0000,0.0000,0,timeout
1552,1000,-650.34,1.45,798.83,0.0000,0.0069,0,timeout
1553,332,-165.45,6.91,1095.93,0.0017,0.0935,0,collision
1554,1000,-628.69,1.31,919.57,0.0000,0.0000,0,timeout
891,1000,-528.91,1.91,1193.22,0.0000,0.0120,0,timeout
892,1000,-631.40,1.31,936.62,0.0000,0.0003,0,timeout
893,1000,-711.63,0.59,470.32,0.0000,0.0156,0,timeout
894,1000,-676.73,0.66,524.66,0.0000,0.0020,0,timeout
895,1000,-743.72,0.59,515.15,0.0000,0.0000,0,timeout
896,1000,-716.79,0.60,495.54,0.0000,0.0016,0,timeout
897,1,-200.00,0.00,0.00,0.0000,0.0000,0,collision
898,395,-115.79,6.44,1577.71,0.0003,0.0091,0,collision
899,1000,-762.56,0.70,405.15,0.0000,0.0000,0,timeout
900,1000,-645.85,1.45,921.91,0.0000,0.0000,0,timeout
1555,1000,-597.80,1.98,1004.58,0.0000,0.0000,0,timeout
1556,1000,-718.07,0.66,470.11,0.0000,0.0000,0,timeout
1557,1000,-729.07,0.85,507.93,0.0000,0.0048,0,timeout
1558,1000,-622.98,1.32,941.51,0.0000,0.0000,0,timeout
901,1000,-755.32,0.85,456.75,0.0000,0.0000,0,timeout
902,1000,-756.63,0.35,354.23,0.0000,0.0000,0,timeout
903,1000,-727.56,0.67,514.95,0.0000,0.0000,0,timeout
904,1000,-689.50,0.69,553.20,0.0000,0.0014,0,timeout
905,1000,-593.35,1.32,827.52,0.0000,0.0018,0,timeout
906,1000,-640.84,1.58,703.55,0.0000,0.0020,0,timeout
907,1000,-699.80,0.67,582.99,0.0000,0.0006,0,timeout
908,1000,-435.55,2.07,1265.51,0.0000,0.0082,0,timeout
909,1000,-562.96,1.41,930.44,0.0000,0.0000,0,timeout
910,368,260.83,6.48,1307.53,0.0000,0.0006,1,goal
1559,1000,-489.86,1.77,1198.36,0.0000,0.0264,0,timeout
1560,958,-911.10,0.74,346.82,0.0007,0.0000,0,collision
1561,69,-179.74,8.07,253.04,0.0106,0.0000,0,collision
1562,1000,-742.59,0.58,482.76,0.0000,0.0000,0,timeout
1563,582,180.75,3.49,1262.80,0.0000,0.0071,1,goal
1564,1000,-712.41,0.71,509.11,0.0000,0.0000,0,timeout
911,374,269.64,6.27,1076.95,0.0000,0.0000,1,goal
912,1000,-648.11,1.15,655.55,0.0000,0.0002,0,timeout
913,1000,-673.36,0.85,545.29,0.0000,0.0001,0,timeout
914,1000,-531.94,1.85,904.18,0.0000,0.0087,0,timeout
915,1000,-734.60,0.86,461.76,0.0000,0.0000,0,timeout
916,1000,-764.50,0.85,502.93,0.0000,0.0000,0,timeout
917,293,-333.93,2.91,381.56,0.0055,0.0000,0,collision
918,1000,-709.59,0.85,474.44,0.0000,0.0000,0,timeout
919,1000,-739.94,0.68,493.89,0.0000,0.0000,0,timeout
920,1000,-700.59,0.84,331.00,0.0000,0.0000,0,timeout
1565,1000,-513.13,2.12,1254.83,0.0000,0.0097,0,timeout
1566,394,290.43,5.89,1259.00,0.0000,0.0061,1,goal
1567,1000,-716.85,0.69,499.91,0.0000,0.0000,0,timeout
1568,1000,-670.05,0.85,613.50,0.0000,0.0000,0,timeout
1569,2,-199.85,0.57,0.84,0.0447,0.0000,0,collision
1570,1000,-524.31,1.59,1053.28,0.0000,0.0000,0,timeout
921,1000,-735.90,0.67,495.83,0.0000,0.0000,0,timeout
922,1000,-690.80,0.82,613.27,0.0000,0.0000,0,timeout
923,375,-165.06,5.05,1018.02,0.0022,0.0965,0,collision
924,1000,-587.27,1.15,783.05,0.0000,0.0060,0,timeout
925,1000,-804.42,0.22,284.24,0.0000,0.0000,0,timeout
926,1000,-570.14,1.83,1246.24,0.0000,0.0000,0,timeout
927,1000,-737.11,0.59,441.27,0.0000,0.0000,0,timeout
928,1000,-479.80,1.96,1296.72,0.0000,0.0057,0,timeout
929,1000,-750.61,0.71,388.26,0.0000,0.0000,0,timeout
930,1000,-720.92,0.66,493.29,0.0000,0.0000,0,timeout
1571,1000,-564.79,1.64,1171.55,0.0000,0.0000,0,timeout
1572,1000,-538.52,1.77,1048.63,0.0000,0.0000,0,timeout
1573,1000,-626.43,0.85,654.58,0.0000,0.0061,0,timeout
1574,1000,-808.23,0.22,259.36,0.0000,0.0000,0,timeout
931,58,-180.40,5.31,177.34,0.0099,0.0000,0,collision
932,364,251.62,6.40,1241.37,0.0000,0.0028,1,goal
933,1000,-661.03,1.11,584.05,0.0000,0.0000,0,timeout
934,1000,-750.50,0.69,411.33,0.0000,0.0000,0,timeout
935,1000,-662.17,1.31,823.63,0.0000,0.0021,0,timeout
936,1000,-703.65,1.04,768.91,0.0000,0.0000,0,timeout
937,1000,-744.30,0.85,483.60,0.0000,0.0000,0,timeout
938,155,-142.30,9.70,485.34,0.0034,0.0117,0,collision
939,1000,-733.13,0.65,532.71,0.0000,0.0000,0,timeout
940,1000,-701.99,0.84,567.41,0.0000,0.0022,0,timeout
1575,1000,-566.40,1.63,1151.89,0.0000,0.0000,0,timeout
1576,1000,-611.45,1.42,623.56,0.0000,0.0000,0,timeout
1577,1000,-754.33,0.52,426.13,0.0000,0.0000,0,timeout
1578,342,282.88,6.97,1139.13,0.0000,0.0059,1,goal
941,1000,-486.23,1.88,1286.41,0.0000,0.0001,0,timeout
942,567,-216.43,4.76,1642.02,0.0005,0.1211,0,collision
943,1,-200.00,0.00,0.00,0.0000,0.0000,0,collision
944,1000,-764.93,0.71,513.52,0.0000,0.0000,0,timeout
945,1000,-707.03,0.71,622.49,0.0000,0.0000,0,timeout
946,1000,-709.81,0.69,524.27,0.0000,0.0000,0,timeout
947,1000,-725.27,0.41,349.71,0.0000,0.0000,0,timeout
948,1000,-473.55,1.40,937.67,0.0000,0.0025,0,timeout
949,1000,-449.28,1.70,1082.35,0.0000,0.0000,0,timeout
950,1000,-812.52,0.12,232.84,0.0000,0.0030,0,timeout
1579,1000,-592.20,1.47,956.18,0.0000,0.0004,0,timeout
1580,1000,-473.43,2.07,1330.16,0.0000,0.0048,0,timeout
1581,1000,-702.53,0.71,529.61,0.0000,0.0000,0,timeout
1582,1000,-683.83,0.71,521.54,0.0000,0.0072,0,timeout
1583,71,-188.66,5.27,246.45,0.0182,0.0799,0,collision
951,161,278.23,16.81,286.62,0.0000,0.0204,1,goal
952,1000,-766.71,0.71,462.07,0.0000,0.0000,0,timeout
953,1000,-769.25,0.66,257.05,0.0000,0.0000,0,timeout
954,58,-173.40,12.41,292.69,0.0000,0.0000,0,collision
955,1000,-704.89,1.31,522.85,0.0000,0.0000,0,timeout
956,1,-200.00,0.00,0.00,0.0000,0.0000,0,collision
957,101,-162.40,11.50,247.10,0.0062,0.0633,0,collision
958,889,-864.58,0.96,553.09,0.0008,0.0000,0,collision
959,1000,-724.39,1.11,651.34,0.0000,0.0020,0,timeout
960,97,-146.22,16.41,54.44,0.0025,0.0000,0,collision
1584,1000,-556.99,1.54,849.21,0.0000,0.0000,0,timeout
1585,1000,-763.52,0.86,329.50,0.0000,0.0004,0,timeout
1586,1000,-789.12,0.68,320.21,0.0000,0.0000,0,timeout
1587,1000,-736.32,0.69,433.13,0.0000,0.0000,0,timeout
1588,232,301.86,11.91,975.67,0.0000,0.0003,1,goal
1589,42,-182.65,11.98,215.08,0.0148,0.0268,0,collision
961,225,-290.73,2.94,467.57,0.0034,0.0000,0,collision
962,133,-151.05,11.37,384.59,0.0000,0.0473,0,collision
963,1000,-769.59,0.52,394.07,0.0000,0.0000,0,timeout
964,2,-199.66,1.04,2.51,0.0867,0.0000,0,collision
965,126,-177.02,5.74,421.75,0.0040,0.0441,0,collision
966,1000,-637.77,1.58,773.78,0.0000,0.0000,0,timeout
967,1000,-770.34,0.47,420.96,0.0000,0.0000,0,timeout
968,184,287.68,12.69,650.04,0.0000,0.0000,1,goal
969,1000,-736.66,0.85,456.37,0.0000,0.0000,0,timeout
970,1000,-729.72,0.67,387.14,0.0000,0.0055,0,timeout
1590,944,-732.60,2.44,1263.78,0.0009,0.0000,0,collision
1591,1000,-713.93,0.69,557.51,0.0000,0.0000,0,timeout
1592,1000,-675.97,1.41,539.25,0.0000,0.0000,0,timeout
1593,1000,-712.16,0.85,577.46,0.0000,0.0000,0,timeout
1594,97,-172.48,7.13,409.03,0.0079,0.0595,0,collision
971,1000,-767.56,0.69,244.75,0.0000,0.0000,0,timeout
972,67,-166.17,15.86,163.87,0.0065,0.0011,0,collision
973,1000,-789.35,0.59,224.99,0.0000,0.0000,0,timeout
974,1000,-704.39,1.42,360.07,0.0000,0.0000,0,timeout
975,151,-162.80,9.92,564.06,0.0000,0.1238,0,collision
976,1000,-752.76,0.67,472.38,0.0000,0.0000,0,timeout
977,1000,-720.57,1.59,320.11,0.0000,0.0000,0,timeout
978,1000,-767.90,0.85,134.83,0.0000,0.0000,0,timeout
979,52,-175.18,11.42,162.82,0.0175,0.0000,0,collision
980,60,-175.97,12.23,323.60,0.0143,0.0306,0,collision
1595,1000,-728.83,1.18,581.51,0.0000,0.0000,0,timeout
1596,571,-460.34,3.60,745.49,0.0015,0.0000,0,collision
1597,1000,-774.32,0.66,309.62,0.0000,0.0000,0,timeout
1598,180,-117.36,12.51,470.83,0.0056,0.0121,0,collision
1599,1000,-744.77,0.59,546.12,0.0000,0.0000,0,timeout
1600,1000,-757.06,0.70,381.51,0.0000,0.0000,0,timeout
1601,113,270.03,20.79,246.23,0.0000,0.0000,1,goal
981,1000,-780.34,0.68,301.27,0.0000,0.0000,0,timeout
982,1000,-729.00,0.66,454.50,0.0000,0.0000,0,timeout
983,1000,-734.74,0.70,453.68,0.0000,0.0000,0,timeout
984,1000,-730.02,0.86,437.59,0.0000,0.0004,0,timeout
985,99,-163.49,12.71,315.84,0.0049,0.0131,0,collision
986,3,-200.45,0.94,1.57,0.1732,0.0976,0,collision
987,997,-886.62,1.44,331.07,0.0007,0.0000,0,collision
988,1000,-771.15,0.67,550.34,0.0000,0.0004,0,timeout
989,1000,-784.51,0.71,260.65,0.0000,0.0000,0,timeout
990,1000,-759.95,0.44,396.31,0.0000,0.0000,0,timeout
1602,252,-186.84,8.49,1043.20,0.0004,0.0118,0,collision
1603,1000,-735.82,0.69,542.76,0.0000,0.0000,0,timeout
1604,1000,-772.04,0.69,201.28,0.0000,0.0000,0,timeout
1605,1000,-750.29,1.25,105.30,0.0000,0.0000,0,timeout
1606,3,-200.36,2.08,9.94,0.2110,0.4624,0,collision
1607,511,-560.69,1.35,115.49,0.0015,0.0000,0,collision
991,99,-188.28,6.75,247.06,0.0026,0.0564,0,collision
992,141,273.33,16.52,273.04,0.0000,0.0000,1,goal
993,1000,-743.72,1.29,261.86,0.0000,0.0000,0,timeout
994,1000,-730.79,1.59,291.00,0.0000,0.0000,0,timeout
995,1000,-761.85,0.84,222.17,0.0000,0.0000,0,timeout
996,108,-174.14,9.55,593.83,0.0060,0.1499,0,collision
997,34,-181.28,20.57,153.66,0.0175,0.0256,0,collision
998,1000,-741.03,1.40,121.21,0.0000,0.0000,0,timeout
999,58,-185.91,5.90,187.38,0.0092,0.0975,0,collision
1000,107,-153.19,12.23,452.41,0.0057,0.0048,0,collision
1608,1000,-681.54,2.02,449.01,0.0000,0.0000,0,timeout
1609,1,-200.00,0.00,0.00,0.0000,0.0000,0,collision
1610,1000,-780.31,0.71,371.84,0.0000,0.0000,0,timeout
1611,134,-247.94,4.37,54.26,0.0051,0.0000,0,collision
1612,1000,-767.84,0.69,189.89,0.0000,0.0000,0,timeout
1613,1000,-776.66,0.59,268.54,0.0000,0.0003,0,timeout
1001,1000,-796.34,0.63,319.34,0.0000,0.0000,0,timeout
1002,514,-522.96,3.07,121.90,0.0019,0.0000,0,collision
1003,1000,-765.37,0.70,257.95,0.0000,0.0000,0,timeout
1004,47,-167.63,25.33,140.24,0.0009,0.0083,0,collision
1005,56,-175.06,14.54,122.56,0.0075,0.0426,0,collision
1006,71,250.72,26.34,225.34,0.0000,0.0000,1,goal
1007,38,-187.38,14.50,116.44,0.0263,0.0191,0,collision
1008,42,-185.76,8.52,152.03,0.0000,0.0711,0,collision
1009,1000,-779.41,0.84,255.70,0.0000,0.0009,0,timeout
1010,1000,-783.73,0.57,235.28,0.0000,0.0000,0,timeout
1614,1000,-720.81,1.51,318.11,0.0000,0.0000,0,timeout
1615,1000,-754.18,0.66,298.17,0.0000,0.0000,0,timeout
1616,1000,-791.07,0.67,307.79,0.0000,0.0000,0,timeout
1617,1000,-787.68,0.69,324.81,0.0000,0.0000,0,timeout
1618,79,-145.91,24.76,28.22,0.0000,0.0118,0,collision
1011,24,-188.94,18.44,125.98,0.0287,0.0515,0,collision
1012,2,-199.66,1.04,2.51,0.0000,0.0000,0,collision
1013,1000,-790.76,0.70,215.68,0.0000,0.0000,0,timeout
1014,1000,-808.50,0.50,235.19,0.0000,0.0000,0,timeout
1015,27,-197.22,14.22,174.93,0.0000,0.2090,0,collision
1016,1000,-772.45,0.70,371.29,0.0000,0.0000,0,timeout
1017,1000,-783.05,0.84,170.69,0.0000,0.0000,0,timeout
1018,37,-175.74,25.35,104.28,0.0114,0.0160,0,collision
1019,46,-182.22,9.88,196.29,0.0127,0.0479,0,collision
1020,41,-184.15,7.57,195.14,0.0244,0.0000,0,collision
1619,436,-55.18,2.97,386.42,0.0000,0.0000,1,goal
1620,97,267.81,24.14,161.92,0.0000,0.0000,1,goal
1621,36,-187.30,9.82,172.99,0.0018,0.0483,0,collision
1622,1000,-796.83,0.51,263.95,0.0000,0.0000,0,timeout
1623,1000,-720.94,1.59,134.35,0.0000,0.0000,0,timeout
1624,1000,-791.17,0.68,204.51,0.0000,0.0000,0,timeout
1625,40,-180.10,16.25,171.53,0.0070,0.0373,0,collision
1021,45,-174.75,18.42,283.48,0.0031,0.0144,0,collision
1022,28,-192.48,7.92,138.63,0.0170,0.0667,0,collision
1023,80,263.12,29.85,46.31,0.0000,0.0000,1,goal
1024,1000,-791.59,0.68,181.00,0.0000,0.0000,0,timeout
1025,74,260.75,31.38,29.63,0.0000,0.0000,1,goal
1026,31,-194.45,10.05,209.43,0.0000,0.1716,0,collision
1027,29,-190.03,11.84,173.91,0.0263,0.0234,0,collision
1028,1000,-798.24,0.65,217.43,0.0000,0.0000,0,timeout
1029,1000,-793.11,0.84,166.70,0.0000,0.0000,0,timeout
1030,3,-201.10,1.01,1.49,0.0297,0.4359,0,collision
1626,887,-871.28,1.78,116.56,0.0000,0.0000,0,collision
1627,32,-179.25,21.49,62.56,0.0182,0.0067,0,collision
1628,1000,-763.72,1.40,232.93,0.0000,0.0000,0,timeout
1629,1000,-797.53,0.66,223.45,0.0000,0.0000,0,timeout
1630,1000,-738.62,2.04,83.98,0.0000,0.0000,0,timeout
1631,1000,-792.47,0.70,195.16,0.0000,0.0000,0,timeout
1031,50,-175.60,14.30,80.71,0.0152,0.0312,0,collision
1032,31,-187.56,12.04,96.97,0.0043,0.0654,0,collision
1033,25,-193.46,12.47,114.22,0.0346,0.1260,0,collision
1034,1000,-821.19,0.24,215.58,0.0000,0.0000,0,timeout
1035,32,-185.65,12.53,151.70,0.0281,0.0235,0,collision
1036,46,-174.99,15.50,83.87,0.0000,0.0000,0,collision
1037,1000,-761.66,1.40,200.60,0.0000,0.0000,0,timeout
1038,1000,-785.35,0.67,287.93,0.0000,0.0000,0,timeout
1039,22,-189.25,19.32,101.60,0.0071,0.0543,0,collision
1040,1000,-802.03,0.57,185.88,0.0000,0.0000,0,timeout
1632,126,-187.56,14.65,107.27,0.0037,0.0108,0,collision
1633,1000,-738.42,1.56,270.81,0.0000,0.0000,0,timeout
1634,1000,-795.77,0.50,214.66,0.0000,0.0000,0,timeout
1635,1000,-789.74,0.59,194.66,0.0000,0.0000,0,timeout
1636,38,-170.79,30.37,187.06,0.0108,0.0230,0,collision
1041,1000,-784.26,0.69,169.22,0.0000,0.0000,0,timeout
1042,20,-191.57,16.16,132.29,0.0030,0.0363,0,collision
1043,1000,-778.22,0.64,171.01,0.0000,0.0000,0,timeout
1044,1000,-791.23,0.68,197.37,0.0000,0.0000,0,timeout
1045,1000,-784.27,0.69,338.43,0.0000,0.0000,0,timeout
1046,1000,-798.87,0.67,243.22,0.0000,0.0000,0,timeout
1047,1000,-837.32,0.20,285.50,0.0000,0.0000,0,timeout
1048,1000,-756.03,1.56,257.40,0.0000,0.0000,0,timeout
1049,1000,-780.00,1.37,188.82,0.0000,0.0000,0,timeout
1050,1000,-720.14,1.77,166.72,0.0000,0.0000,0,timeout
1637,1000,-774.99,0.70,342.77,0.0000,0.0000,0,timeout
1638,359,-453.37,1.77,99.91,0.0020,0.0000,0,collision
1639,61,258.84,39.48,-57.25,0.0000,0.0000,1,goal
1640,1000,-796.09,0.71,192.59,0.0000,0.0000,0,timeout
1641,42,-170.89,26.21,58.64,0.0050,0.0161,0,collision
1642,1000,-779.19,0.69,254.76,0.0000,0.0000,0,timeout
1643,35,-180.85,17.40,91.69,0.0061,0.0077,0,collision
1644,1000,-779.93,0.66,144.07,0.0000,0.0000,0,timeout
1051,1000,-784.03,0.65,207.13,0.0000,0.0000,0,timeout
1052,1000,-773.21,0.65,174.06,0.0000,0.0000,0,timeout
1053,1000,-758.58,1.44,249.70,0.0000,0.0000,0,timeout
1054,57,256.97,41.20,11.02,0.0000,0.0000,1,goal
1055,37,-179.41,18.12,109.23,0.0000,0.0110,0,collision
1056,1000,-807.30,0.67,266.22,0.0000,0.0000,0,timeout
1057,1000,-769.35,0.88,165.94,0.0000,0.0000,0,timeout
1058,30,-179.65,27.44,93.01,0.0000,0.0345,0,collision
1059,1000,-805.25,0.81,263.47,0.0000,0.0000,0,timeout
1060,34,-177.73,22.69,75.27,0.0168,0.0019,0,collision
1645,1000,-731.34,1.99,304.65,0.0000,0.0000,0,timeout
1646,26,-184.42,20.12,170.06,0.0239,0.0141,0,collision
1647,45,-165.76,28.57,92.48,0.0000,0.0101,0,collision
1648,1000,-773.69,1.42,300.92,0.0000,0.0000,0,timeout
1649,19,-192.69,17.26,169.46,0.0000,0.0947,0,collision
1650,31,-186.63,18.03,168.04,0.0090,0.0595,0,collision
1651,1000,-788.72,0.66,198.75,0.0000,0.0000,0,timeout
1652,1000,-754.16,1.40,186.00,0.0000,0.0000,0,timeout
1061,1000,-754.39,2.06,192.84,0.0000,0.0000,0,timeout
1062,2,-199.66,1.04,2.51,0.0000,0.0000,0,collision
1063,23,-189.15,16.16,84.47,0.0314,0.0513,0,collision
1064,49,-166.08,26.82,21.96,0.0005,0.0261,0,collision
1065,1000,-787.53,0.70,337.92,0.0000,0.0000,0,timeout
1066,41,-173.56,23.76,64.57,0.0081,0.0116,0,collision
1067,44,-168.97,26.82,72.93,0.0005,0.0221,0,collision
1068,1000,-781.89,0.60,124.07,0.0000,0.0000,0,timeout
1069,1000,-789.72,0.70,296.61,0.0000,0.0000,0,timeout
1070,1000,-764.11,1.40,161.44,0.0000,0.0000,0,timeout
1653,598,-602.22,3.42,351.60,0.0004,0.0004,0,collision
1654,75,-138.59,31.68,145.03,0.0030,0.0000,0,collision
1655,1000,-803.47,0.59,190.76,0.0000,0.0000,0,timeout
1656,1000,-785.61,1.00,206.37,0.0000,0.0000,0,timeout
1657,38,-166.82,35.00,97.37,0.0000,0.0209,0,collision
1658,1000,-773.24,0.70,175.46,0.0000,0.0000,0,timeout
1071,71,267.62,38.88,128.23,0.0000,0.0000,1,goal
1072,32,-176.61,27.40,102.00,0.0000,0.0080,0,collision
1073,41,-177.34,19.09,152.22,0.0000,0.0318,0,collision
1074,33,-185.06,19.12,219.95,0.0046,0.0584,0,collision
1075,20,-191.80,12.61,147.66,0.0203,0.0533,0,collision
1076,38,-178.98,17.40,181.18,0.0004,0.0045,0,collision
1077,1000,-792.16,0.68,211.47,0.0000,0.0000,0,timeout
1078,1000,-808.88,0.68,290.69,0.0000,0.0000,0,timeout
1079,55,-150.04,36.86,82.59,0.0000,0.0083,0,collision
1080,16,-193.67,13.02,116.08,0.0000,0.0562,0,collision
1659,989,-930.58,1.61,372.79,0.0000,0.0007,0,collision
1660,20,-192.09,13.21,138.47,0.0194,0.0576,0,collision
1661,1000,-749.00,1.30,200.73,0.0000,0.0000,0,timeout
1662,1000,-832.10,0.19,172.30,0.0000,0.0000,0,timeout
1663,1000,-758.11,1.40,194.23,0.0000,0.0000,0,timeout
1664,1000,-755.86,1.28,405.91,0.0000,0.0000,0,timeout
1081,1000,-793.32,0.59,208.64,0.0000,0.0000,0,timeout
1082,21,-189.31,17.38,140.37,0.0093,0.0375,0,collision
1083,1000,-789.36,0.93,182.77,0.0000,0.0000,0,timeout
1084,23,-189.75,10.97,129.39,0.0338,0.0000,0,collision
1085,36,-178.36,21.53,111.68,0.0000,0.0327,0,collision
1086,25,-188.80,14.67,144.88,0.0000,0.0349,0,collision
1087,1000,-781.36,0.70,67.08,0.0000,0.0000,0,timeout
1088,27,-197.03,8.95,185.90,0.0315,0.2093,0,collision
1089,32,-182.87,17.19,167.74,0.0000,0.0110,0,collision
1090,31,-179.61,24.41,219.46,0.0000,0.0198,0,collision
1665,1000,-741.88,2.12,445.98,0.0000,0.0000,0,timeout
1666,1000,-786.08,0.64,220.18,0.0000,0.0000,0,timeout
1667,31,-180.07,23.47,199.66,0.0000,0.0139,0,collision
1668,1000,-807.39,0.18,269.08,0.0000,0.0000,0,timeout
1669,1000,-729.28,1.44,381.06,0.0000,0.0000,0,timeout
1670,34,-188.93,13.78,165.32,0.0294,0.1611,0,collision
1671,20,-191.96,12.90,76.12,0.0265,0.0279,0,collision
1091,38,-174.78,23.95,164.78,0.0000,0.0135,0,collision
1092,1000,-796.87,0.66,202.37,0.0000,0.0000,0,timeout
1093,1000,-795.81,0.71,191.33,0.0000,0.0000,0,timeout
1094,1000,-815.88,0.20,197.62,0.0000,0.0000,0,timeout
1095,29,-188.93,8.75,163.23,0.0136,0.0282,0,collision
1096,36,-189.99,7.95,118.58,0.0000,0.0219,0,collision
1097,1000,-759.12,0.86,73.44,0.0000,0.0000,0,timeout
1098,1000,-702.21,2.04,135.31,0.0000,0.0000,0,timeout
1099,43,-174.56,18.75,74.98,0.0000,0.0096,0,collision
1100,37,-179.28,20.23,220.99,0.0000,0.0320,0,collision
1672,53,-206.10,12.13,145.55,0.0004,0.0000,0,collision
1673,1000,-775.22,0.68,205.90,0.0000,0.0000,0,timeout
1674,1000,-774.08,1.17,186.29,0.0000,0.0000,0,timeout
1675,1000,-805.68,0.68,194.30,0.0000,0.0000,0,timeout
1676,1000,-812.09,0.14,217.23,0.0000,0.0000,0,timeout
1101,1000,-775.96,0.66,224.74,0.0000,0.0000,0,timeout
1102,1000,-794.39,0.63,248.68,0.0000,0.0000,0,timeout
1103,1000,-791.94,0.72,222.19,0.0000,0.0000,0,timeout
1104,1000,-789.79,0.60,214.65,0.0000,0.0000,0,timeout
1105,1000,-804.04,0.68,316.27,0.0000,0.0000,0,timeout
1106,1000,-775.18,0.69,212.50,0.0000,0.0000,0,timeout
1107,1000,-846.79,0.03,156.21,0.0000,0.0000,0,timeout
1108,24,-188.30,12.99,130.43,0.0188,0.0000,0,collision
1109,21,-192.18,11.46,158.43,0.0000,0.0366,0,collision
1110,1000,-801.28,0.67,179.63,0.0000,0.0000,0,timeout
1677,1000,-730.35,2.07,367.23,0.0000,0.0000,0,timeout
1678,1000,-777.72,0.67,157.63,0.0000,0.0000,0,timeout
1679,1000,-793.45,0.69,225.70,0.0000,0.0000,0,timeout
1680,22,-188.62,18.09,102.54,0.0053,0.0200,0,collision
1681,1000,-812.52,0.67,231.55,0.0000,0.0000,0,timeout
1111,1000,-757.34,1.18,246.01,0.0000,0.0000,0,timeout
1112,1000,-799.27,0.65,235.94,0.0000,0.0000,0,timeout
1113,18,-195.40,8.01,161.87,0.0166,0.1106,0,collision
1114,1000,-731.23,1.40,353.28,0.0000,0.0000,0,timeout
1115,48,-174.66,16.63,64.30,0.0037,0.0150,0,collision
1116,27,-189.82,10.13,148.06,0.0151,0.0493,0,collision
1117,35,-177.82,22.32,193.88,0.0000,0.0000,0,collision
1118,45,-184.62,8.12,210.76,0.0000,0.0230,0,collision
1119,1000,-844.25,0.06,191.34,0.0000,0.0000,0,timeout
1120,37,-177.50,19.38,160.64,0.0265,0.0000,0,collision
1682,192,-294.56,5.81,321.85,0.0000,0.0038,0,collision
1683,23,-188.53,18.54,117.43,0.0000,0.0557,0,collision
1684,1000,-770.05,0.67,142.13,0.0000,0.0000,0,timeout
1685,43,-168.60,26.62,146.18,0.0000,0.0000,0,collision
1686,1000,-810.25,0.60,215.34,0.0000,0.0000,0,timeout
1687,28,-183.67,19.96,179.60,0.0000,0.0171,0,collision
1688,1000,-776.93,1.03,223.03,0.0000,0.0000,0,timeout
1121,1000,-768.38,1.30,193.74,0.0000,0.0000,0,timeout
1122,21,-189.48,18.07,141.02,0.0000,0.0172,0,collision
1123,23,-193.19,12.94,113.12,0.0078,0.0519,0,collision
1124,1000,-775.73,0.64,240.81,0.0000,0.0000,0,timeout
1125,60,-141.35,39.48,-12.20,0.0074,0.0000,0,collision
1126,1000,-806.36,0.67,213.61,0.0000,0.0000,0,timeout
1127,78,-141.21,30.31,1.20,0.0002,0.0423,0,collision
1128,17,-193.82,15.66,103.86,0.0000,0.0943,0,collision
1129,45,-174.21,20.75,115.73,0.0021,0.0272,0,collision
1130,2,-199.66,1.04,2.51,0.0000,0.0000,0,collision
1689,1000,-756.75,1.08,336.39,0.0000,0.0000,0,timeout
1690,34,-177.48,22.78,131.43,0.0000,0.0041,0,collision
1691,1000,-801.12,0.69,222.82,0.0000,0.0000,0,timeout
1692,10,-201.60,7.78,87.31,0.0000,0.6763,0,collision
1693,15,-194.50,13.31,105.56,0.0000,0.0436,0,collision
1694,34,-179.41,21.63,212.21,0.0001,0.0160,0,collision
1695,32,-185.90,16.79,153.78,0.0000,0.0837,0,collision
1696,35,-177.25,23.83,207.63,0.0029,0.0235,0,collision
1697,2,-199.66,1.04,2.51,0.0000,0.0000,0,collision
1698,44,-173.24,22.15,141.56,0.0000,0.0144,0,collision
1699,1000,-752.62,1.50,127.99,0.0000,0.0000,0,timeout
1700,35,-185.34,11.89,180.32,0.0000,0.0281,0,collision
1701,40,-175.92,20.15,147.86,0.0000,0.0228,0,collision
1702,31,-187.73,13.29,132.96,0.0020,0.0453,0,collision
1703,1000,-759.48,1.56,225.48,0.0000,0.0000,0,timeout
1131,1000,-786.35,0.68,266.60,0.0000,0.0000,0,timeout
1132,22,-188.39,20.91,104.61,0.0000,0.0462,0,collision
1133,52,-172.87,16.12,238.63,0.0000,0.0077,0,collision
1134,1000,-791.06,0.71,246.41,0.0000,0.0000,0,timeout
1135,18,-192.80,12.81,123.26,0.0180,0.0488,0,collision
1136,1000,-803.11,0.58,232.78,0.0000,0.0000,0,timeout
1137,32,-178.09,24.30,112.08,0.0000,0.0068,0,collision
1138,25,-185.30,22.70,115.80,0.0000,0.0410,0,collision
1139,41,-169.12,29.73,169.30,0.0000,0.0194,0,collision
1140,1000,-800.80,0.29,245.51,0.0000,0.0000,0,timeout
1704,793,-814.17,1.24,222.44,0.0000,0.0013,0,collision
1705,22,-193.61,9.41,157.60,0.0000,0.0714,0,collision
1706,1000,-764.60,1.15,238.08,0.0000,0.0000,0,timeout
1707,1000,-802.14,0.68,218.34,0.0000,0.0000,0,timeout
1708,1000,-793.90,0.35,186.25,0.0000,0.0000,0,timeout
1709,1000,-778.59,0.61,218.53,0.0000,0.0000,0,timeout
1141,1000,-828.37,0.29,255.31,0.0000,0.0000,0,timeout
1142,1000,-784.21,0.71,223.88,0.0000,0.0000,0,timeout
1143,1000,-812.96,0.36,208.37,0.0000,0.0000,0,timeout
1144,59,-138.83,44.35,90.24,0.0117,0.0092,0,collision
1145,1000,-769.70,1.44,213.78,0.0000,0.0000,0,timeout
1146,1000,-770.16,0.70,206.43,0.0000,0.0000,0,timeout
1147,42,-183.32,11.85,227.38,0.0000,0.0271,0,collision
1148,1000,-778.46,0.67,205.05,0.0000,0.0000,0,timeout
1149,45,-174.80,17.73,132.65,0.0116,0.0160,0,collision
1150,1000,-781.94,0.67,256.25,0.0000,0.0000,0,timeout
1710,1000,-690.34,2.68,540.13,0.0000,0.0000,0,timeout
1711,20,-192.01,11.84,154.90,0.0144,0.0615,0,collision
1712,1000,-805.90,0.65,241.43,0.0000,0.0000,0,timeout
1713,59,258.05,39.71,-6.44,0.0000,0.0000,1,goal
1714,1000,-783.63,0.67,229.81,0.0000,0.0000,0,timeout
1715,65,260.70,37.16,70.65,0.0000,0.0000,1,goal
1716,26,-190.24,12.77,80.39,0.0000,0.0131,0,collision
1151,34,-179.01,21.87,179.71,0.0000,0.0150,0,collision
1152,1000,-755.69,1.29,236.63,0.0000,0.0000,0,timeout
1153,1000,-795.14,0.67,228.76,0.0000,0.0000,0,timeout
1154,54,-145.43,43.57,118.04,0.0000,0.0184,0,collision
1155,1000,-774.43,0.66,329.23,0.0000,0.0000,0,timeout
1156,1000,-771.64,1.40,239.35,0.0000,0.0000,0,timeout
1157,1000,-763.52,1.31,202.46,0.0000,0.0000,0,timeout
1158,1,-200.00,0.00,0.00,0.0000,0.0000,0,collision
1159,1000,-788.75,0.67,217.42,0.0000,0.0000,0,timeout
1160,35,-172.88,29.49,95.05,0.0000,0.0074,0,collision
1717,1000,-695.18,2.12,397.22,0.0000,0.0000,0,timeout
1718,31,-180.98,23.54,106.94,0.0000,0.0344,0,collision
1719,1000,-792.88,0.64,158.78,0.0000,0.0000,0,timeout
1720,33,-180.99,18.45,160.75,0.0000,0.0127,0,collision
1721,1000,-763.96,0.68,286.41,0.0000,0.0000,0,timeout
1722,35,-180.68,18.39,146.78,0.0000,0.0140,0,collision
1723,1000,-810.35,0.59,244.72,0.0000,0.0000,0,timeout
1724,35,-170.59,33.82,97.32,0.0000,0.0260,0,collision
1161,30,-177.92,26.80,131.54,0.0000,0.0042,0,collision
1162,1000,-811.39,0.67,236.06,0.0000,0.0000,0,timeout
1163,1000,-790.40,0.66,187.36,0.0000,0.0000,0,timeout
1164,22,-192.22,12.23,89.90,0.0000,0.0278,0,collision
1165,28,-181.27,26.28,127.79,0.0000,0.0351,0,collision
1166,1000,-796.35,0.62,200.76,0.0000,0.0000,0,timeout
1167,39,-168.78,31.91,167.94,0.0000,0.0161,0,collision
1168,22,-192.31,8.64,159.81,0.0112,0.0505,0,collision
1169,1000,-780.05,0.65,206.11,0.0000,0.0000,0,timeout
1170,1000,-774.76,1.27,198.24,0.0000,0.0000,0,timeout
1725,933,-965.05,0.20,187.79,0.0000,0.0000,0,collision
1726,37,-170.53,30.44,135.93,0.0000,0.0027,0,collision
1727,1000,-775.17,0.67,222.03,0.0000,0.0000,0,timeout
1728,1000,-798.90,0.63,221.97,0.0000,0.0000,0,timeout
1729,25,-186.63,19.28,108.99,0.0000,0.0219,0,collision
1730,16,-198.65,12.89,99.82,0.0000,0.2541,0,collision
1731,19,-191.28,14.93,137.89,0.0416,0.0306,0,collision
1732,57,257.19,40.99,1.79,0.0000,0.0000,1,goal
1733,1000,-757.33,1.30,186.52,0.0000,0.0000,0,timeout
1734,35,-177.86,19.89,53.04,0.0012,0.0000,0,collision
1735,18,-193.65,13.00,89.84,0.0013,0.0820,0,collision
1171,41,-163.97,36.40,97.55,0.0000,0.0054,0,collision
1172,1000,-810.71,0.38,190.14,0.0000,0.0000,0,timeout
1173,20,-192.32,10.94,175.74,0.0000,0.0242,0,collision
1174,1000,-799.55,0.71,255.98,0.0000,0.0000,0,timeout
1175,1000,-776.28,0.85,303.56,0.0000,0.0000,0,timeout
1176,2,-199.66,1.04,2.51,0.0000,0.0000,0,collision
1177,1000,-807.59,0.82,174.96,0.0000,0.0003,0,timeout
1178,1000,-778.87,0.87,204.28,0.0000,0.0000,0,timeout
1179,1000,-797.92,0.68,180.88,0.0000,0.0000,0,timeout
1180,1000,-776.86,1.38,175.54,0.0000,0.0000,0,timeout
1736,918,-897.29,1.55,272.32,0.0000,0.0001,0,collision
1737,1000,-791.55,0.63,205.82,0.0000,0.0000,0,timeout
1738,1000,-802.24,0.64,206.93,0.0000,0.0000,0,timeout
1739,24,-185.33,22.22,89.68,0.0000,0.0117,0,collision
1740,1000,-816.23,0.16,190.84,0.0000,0.0000,0,timeout
1741,1000,-800.01,0.66,202.63,0.0000,0.0000,0,timeout
1181,36,-170.85,31.15,130.74,0.0000,0.0000,0,collision
1182,1000,-803.34,0.85,210.69,0.0000,0.0000,0,timeout
1183,1000,-812.31,0.57,188.10,0.0000,0.0000,0,timeout
1184,1000,-782.18,0.67,222.38,0.0000,0.0000,0,timeout
1185,20,-189.56,17.84,84.88,0.0000,0.0335,0,collision
1186,1000,-822.44,0.09,191.14,0.0000,0.0000,0,timeout
1187,1000,-787.47,0.84,189.24,0.0000,0.0000,0,timeout
1188,22,-187.20,21.79,92.01,0.0000,0.0433,0,collision
1189,21,-188.15,20.71,92.01,0.0000,0.0265,0,collision
1190,1000,-781.58,1.42,180.59,0.0000,0.0000,0,timeout
1742,1000,-764.61,1.33,285.63,0.0000,0.0000,0,timeout
1743,1000,-772.98,1.78,209.25,0.0000,0.0000,0,timeout
1744,29,-177.16,27.85,107.71,0.0000,0.0000,0,collision
1745,21,-189.49,16.71,119.72,0.0000,0.0379,0,collision
1746,17,-194.05,13.12,66.39,0.0245,0.0319,0,collision
1747,18,-192.28,13.78,179.26,0.0000,0.0256,0,collision
1748,52,256.26,45.32,106.89,0.0000,0.0000,1,goal
1749,48,254.82,48.95,98.77,0.0000,0.0000,1,goal
1750,1000,-758.78,1.87,166.53,0.0000,0.0000,0,timeout
1751,33,-174.64,29.19,74.74,0.0000,0.0080,0,collision
1752,15,-193.90,14.53,92.01,0.0000,0.0382,0,collision
1191,1000,-791.23,0.66,189.54,0.0000,0.0000,0,timeout
1192,1000,-771.83,0.86,201.44,0.0000,0.0000,0,timeout
1193,1000,-749.92,1.49,185.06,0.0000,0.0000,0,timeout
1194,1000,-782.12,0.66,253.65,0.0000,0.0000,0,timeout
1195,17,-193.29,16.60,92.01,0.0000,0.0354,0,collision
1196,2,-199.66,1.04,2.51,0.0000,0.0000,0,collision
1197,1000,-782.10,0.57,256.42,0.0000,0.0000,0,timeout
1198,19,-190.07,17.80,109.19,0.0000,0.0264,0,collision
1199,1000,-791.15,0.45,223.77,0.0000,0.0000,0,timeout
1200,1000,-796.17,0.70,196.18,0.0000,0.0000,0,timeout
1753,914,-914.98,0.81,272.05,0.0000,0.0064,0,collision
1754,1000,-768.31,1.29,194.47,0.0000,0.0000,0,timeout
1755,1000,-764.66,1.50,253.55,0.0000,0.0000,0,timeout
1756,1000,-823.98,0.30,205.74,0.0000,0.0000,0,timeout
1757,28,-178.88,26.93,101.78,0.0000,0.0000,0,collision
1758,34,-179.84,22.02,145.13,0.0000,0.0217,0,collision
1759,1000,-781.01,0.64,219.81,0.0000,0.0000,0,timeout
1201,25,-182.64,24.82,92.01,0.0000,0.0103,0,collision
1202,1000,-800.78,0.66,189.54,0.0000,0.0009,0,timeout
1203,17,-193.75,16.33,87.42,0.0000,0.0662,0,collision
1204,2,-199.66,1.04,2.51,0.0000,0.0000,0,collision
1205,1000,-788.96,0.69,183.86,0.0000,0.0000,0,timeout
1206,1000,-781.34,0.67,185.49,0.0000,0.0000,0,timeout
1207,35,-171.00,31.39,105.77,0.0000,0.0000,0,collision
1208,1000,-785.51,0.66,211.57,0.0000,0.0008,0,timeout
1209,27,-181.70,24.78,96.40,0.0000,0.0069,0,collision
1210,15,-193.39,14.53,92.01,0.0000,0.0275,0,collision
1760,1000,-796.62,0.89,269.95,0.0000,0.0000,0,timeout
1761,37,-165.94,37.35,92.01,0.0000,0.0199,0,collision
1762,19,-192.11,18.35,86.57,0.0000,0.1067,0,collision
1763,16,-196.22,14.95,110.88,0.0000,0.1244,0,collision
1764,1000,-763.90,1.43,188.29,0.0000,0.0000,0,timeout
1765,1000,-780.11,0.57,189.74,0.0000,0.0000,0,timeout
1766,46,-153.27,43.72,98.57,0.0000,0.0169,0,collision
1767,1000,-783.33,1.39,165.35,0.0000,0.0000,0,timeout
1211,49,257.09,49.26,107.44,0.0000,0.0000,1,goal
1212,1000,-780.14,0.67,202.55,0.0000,0.0000,0,timeout
1213,12,-199.49,11.35,92.01,0.0000,0.3666,0,collision
1214,1000,-776.14,0.66,187.59,0.0000,0.0000,0,timeout
1215,1000,-827.19,0.19,190.74,0.0000,0.0000,0,timeout
1216,3,-199.29,2.08,9.94,0.0000,0.0000,0,collision
1217,1000,-778.70,1.00,266.60,0.0000,0.0000,0,timeout
1218,25,-182.81,22.63,93.35,0.0026,0.0000,0,collision
1219,1000,-757.22,1.40,189.64,0.0000,0.0000,0,timeout
1220,1000,-788.97,0.67,189.54,0.0000,0.0000,0,timeout
1768,1000,-772.70,0.66,274.09,0.0000,0.0000,0,timeout
1769,1000,-797.03,0.83,189.24,0.0000,0.0000,0,timeout
1770,1000,-795.88,0.67,177.99,0.0000,0.0000,0,timeout
1771,1000,-776.21,0.65,166.65,0.0000,0.0000,0,timeout
1772,15,-193.38,14.53,92.01,0.0000,0.0257,0,collision
1221,1000,-772.06,1.44,188.34,0.0000,0.0000,0,timeout
1222,32,-176.24,29.04,116.64,0.0000,0.0000,0,collision
1223,20,-189.48,19.71,92.01,0.0000,0.0239,0,collision
1224,1000,-800.23,0.56,221.29,0.0000,0.0000,0,timeout
1225,27,-182.33,24.78,140.19,0.0000,0.0322,0,collision
1226,1000,-785.61,1.27,252.11,0.0000,0.0000,0,timeout
1227,14,-194.82,12.62,107.49,0.0000,0.0790,0,collision
1228,19,-190.31,17.12,92.76,0.0000,0.0287,0,collision
1229,1000,-808.22,0.57,214.30,0.0000,0.0000,0,timeout
1230,3,-199.29,2.08,9.94,0.0000,0.0000,0,collision
1773,1000,-749.22,1.53,298.64,0.0000,0.0000,0,timeout
1774,1000,-795.35,0.78,189.34,0.0000,0.0000,0,timeout
1775,35,-173.50,28.57,69.12,0.0000,0.0125,0,collision
1776,1000,-767.23,1.49,214.15,0.0000,0.0000,0,timeout
1777,1000,-776.97,0.66,177.99,0.0000,0.0000,0,timeout
1778,23,-186.69,22.83,92.01,0.0000,0.0260,0,collision
1231,1000,-795.33,0.67,187.41,0.0000,0.0000,0,timeout
1232,31,-176.69,28.70,138.26,0.0000,0.0208,0,collision
1233,48,256.34,50.50,92.01,0.0000,0.0000,1,goal
1234,25,-184.74,24.90,92.01,0.0000,0.0626,0,collision
1235,33,-172.01,33.20,92.01,0.0000,0.0000,0,collision
1236,26,-181.89,25.70,92.01,0.0000,0.0049,0,collision
1237,1000,-817.83,0.49,178.39,0.0000,0.0000,0,timeout
1238,33,-172.33,33.20,92.01,0.0000,0.0258,0,collision
1239,1000,-781.76,1.13,237.97,0.0000,0.0010,0,timeout
1240,1000,-768.18,1.03,188.94,0.0000,0.0000,0,timeout
1779,1000,-726.34,2.43,259.43,0.0000,0.0000,0,timeout
1780,20,-189.35,19.54,121.64,0.0000,0.0415,0,collision
1781,1000,-790.91,0.63,189.54,0.0000,0.0000,0,timeout
1782,42,-157.24,42.22,92.01,0.0000,0.0044,0,collision
1783,36,-168.35,35.90,92.01,0.0000,0.0259,0,collision
1784,25,-182.71,24.82,92.01,0.0000,0.0141,0,collision
1785,1000,-788.23,0.64,178.09,0.0000,0.0000,0,timeout
1786,21,-187.32,20.45,92.01,0.0000,0.0115,0,collision
1787,1000,-746.93,1.90,171.85,0.0000,0.0000,0,timeout
1241,28,-178.81,28.01,92.01,0.0000,0.0137,0,collision
1242,1000,-740.77,2.04,187.64,0.0000,0.0000,0,timeout
1243,1000,-786.55,0.62,189.64,0.0000,0.0000,0,timeout
1244,1000,-793.90,0.56,208.38,0.0000,0.0000,0,timeout
1245,26,-181.79,25.94,92.01,0.0000,0.0077,0,collision
1246,1000,-778.12,0.84,189.24,0.0000,0.0000,0,timeout
1247,1000,-779.55,0.57,189.74,0.0000,0.0000,0,timeout
1248,1000,-774.10,1.40,210.59,0.0000,0.0000,0,timeout
1249,1000,-779.00,0.67,170.90,0.0000,0.0000,0,timeout
1250,28,-178.81,28.01,92.01,0.0000,0.0131,0,collision
1788,1000,-750.83,1.37,257.82,0.0000,0.0000,0,timeout
1789,1000,-842.87,0.03,162.79,0.0000,0.0000,0,timeout
1790,1000,-774.98,0.69,199.51,0.0000,0.0000,0,timeout
1791,1000,-776.55,0.66,178.09,0.0000,0.0000,0,timeout
1251,1000,-792.83,0.67,189.54,0.0000,0.0000,0,timeout
1252,1000,-797.94,0.57,189.74,0.0000,0.0000,0,timeout
1253,1000,-799.68,0.83,201.02,0.0000,0.0000,0,timeout
1254,1000,-777.69,0.67,189.54,0.0000,0.0000,0,timeout
1255,1000,-798.26,0.84,189.24,0.0000,0.0000,0,timeout
1256,25,-182.53,24.90,92.01,0.0000,0.0024,0,collision
1257,20,-189.75,19.71,92.01,0.0000,0.0531,0,collision
1258,1000,-783.74,0.67,189.54,0.0000,0.0000,0,timeout
1259,1000,-801.89,0.57,189.74,0.0000,0.0000,0,timeout
1260,1000,-775.15,1.29,188.54,0.0000,0.0000,0,timeout
1792,1000,-756.93,2.08,277.85,0.0000,0.0000,0,timeout
1793,36,-167.54,36.31,92.01,0.0000,0.0235,0,collision
1794,1000,-753.98,1.83,207.73,0.0000,0.0000,0,timeout
1795,1000,-758.94,1.40,179.34,0.0000,0.0000,0,timeout
1796,1000,-807.79,0.35,190.24,0.0000,0.0000,0,timeout
1261,1000,-824.92,0.32,190.34,0.0000,0.0000,0,timeout
1262,1000,-804.41,0.62,189.64,0.0000,0.0000,0,timeout
1263,30,-177.56,29.38,97.42,0.0000,0.0309,0,collision
1264,1000,-760.74,1.58,165.15,0.0000,0.0000,0,timeout
1265,28,-178.82,27.08,106.96,0.0000,0.0000,0,collision
1266,1000,-801.52,0.83,189.24,0.0000,0.0005,0,timeout
1267,1000,-787.07,0.65,184.43,0.0000,0.0000,0,timeout
1268,51,-143.83,46.10,70.69,0.0000,0.0000,0,collision
1269,1000,-773.66,1.12,249.05,0.0000,0.0000,0,timeout
1270,1000,-817.95,0.28,190.44,0.0000,0.0000,0,timeout
1797,1000,-739.20,1.93,268.57,0.0000,0.0000,0,timeout
1798,1000,-801.64,0.84,189.24,0.0000,0.0008,0,timeout
1799,1000,-815.33,0.35,190.24,0.0000,0.0000,0,timeout
1800,1000,-773.36,0.84,189.24,0.0000,0.0000,0,timeout
1271,1000,-779.55,0.57,178.29,0.0000,0.0000,0,timeout
1272,1000,-746.95,1.53,196.26,0.0000,0.0000,0,timeout
1273,1000,-814.22,0.34,180.20,0.0000,0.0000,0,timeout
1274,1000,-803.96,0.57,189.74,0.0000,0.0000,0,timeout
1275,1000,-809.59,0.24,181.78,0.0000,0.0000,0,timeout
1276,1000,-788.45,0.69,180.15,0.0000,0.0000,0,timeout
1277,1000,-788.03,0.85,199.02,0.0000,0.0000,0,timeout
1278,1000,-808.35,0.39,190.14,0.0000,0.0000,0,timeout
1279,14,-197.45,13.16,116.00,0.0000,0.1453,0,collision
1280,1000,-806.36,0.59,198.88,0.0000,0.0000,0,timeout
1801,1000,-750.17,1.30,279.15,0.0000,0.0000,0,timeout
1802,22,-186.99,18.54,104.78,0.0190,0.0000,0,collision
1803,1000,-758.76,1.48,146.89,0.0000,0.0000,0,timeout
1804,1000,-781.97,0.67,189.54,0.0000,0.0000,0,timeout
1805,24,-186.36,23.10,109.01,0.0000,0.0269,0,collision
1806,15,-193.85,14.53,92.01,0.0000,0.0345,0,collision
1807,42,-158.94,40.68,80.57,0.0000,0.0162,0,collision
1808,1000,-781.96,0.67,189.54,0.0000,0.0000,0,timeout
1809,16,-194.03,13.01,109.99,0.0000,0.0679,0,collision
1810,27,-181.19,26.98,92.01,0.0000,0.0303,0,collision
1281,1000,-794.17,0.66,210.32,0.0000,0.0000,0,timeout
1282,1000,-800.67,0.84,189.24,0.0000,0.0008,0,timeout
1283,1000,-779.59,0.85,227.57,0.0000,0.0000,0,timeout
1284,1000,-795.60,0.68,166.55,0.0000,0.0000,0,timeout
1285,1000,-776.41,0.62,206.14,0.0000,0.0000,0,timeout
1286,1000,-805.63,0.66,177.99,0.0000,0.0000,0,timeout
1287,1000,-775.71,0.65,213.22,0.0000,0.0000,0,timeout
1288,1000,-810.53,0.22,190.64,0.0000,0.0000,0,timeout
1289,2,-200.09,1.04,2.51,0.0000,0.2623,0,collision
1290,17,-190.57,16.58,92.01,0.0000,0.0000,0,collision
1811,302,-360.02,6.77,208.03,0.0008,0.0000,0,collision
1812,1000,-811.42,0.67,220.38,0.0000,0.0000,0,timeout
1813,1000,-780.92,0.57,189.74,0.0000,0.0000,0,timeout
1814,31,-174.56,31.13,92.01,0.0000,0.0000,0,collision
1815,35,-170.09,35.28,92.01,0.0000,0.0292,0,collision
1816,1000,-809.83,0.62,177.43,0.0000,0.0000,0,timeout
1817,1000,-775.38,1.26,188.54,0.0000,0.0000,0,timeout
1291,40,-163.18,37.39,99.37,0.0000,0.0000,0,collision
1292,15,-196.32,13.16,80.57,0.0000,0.1132,0,collision
1293,16,-193.01,15.44,92.01,0.0000,0.0418,0,collision
1294,1000,-796.64,0.67,247.56,0.0000,0.0000,0,timeout
1295,1000,-775.58,0.66,189.54,0.0000,0.0000,0,timeout
1296,33,-173.73,33.20,92.01,0.0000,0.0276,0,collision
1297,1000,-775.27,0.67,189.54,0.0000,0.0000,0,timeout
1298,1000,-775.84,0.66,178.09,0.0000,0.0000,0,timeout
1299,34,-170.88,34.24,92.01,0.0000,0.0036,0,collision
1300,30,-177.39,29.41,112.21,0.0000,0.0253,0,collision
1818,19,-197.42,12.56,132.15,0.0000,0.0224,0,collision
1819,50,-145.23,46.63,121.02,0.0000,0.0000,0,collision
1820,25,-183.97,24.90,92.01,0.0000,0.0282,0,collision
1821,1000,-835.16,0.16,190.84,0.0000,0.0000,0,timeout
1822,1000,-810.39,0.66,189.54,0.0000,0.0000,0,timeout
1823,1000,-775.54,0.67,189.54,0.0000,0.0000,0,timeout
1824,1000,-789.83,0.65,236.76,0.0000,0.0000,0,timeout
1301,1000,-780.03,0.63,214.10,0.0000,0.0000,0,timeout
1302,1000,-780.65,0.67,245.59,0.0000,0.0000,0,timeout
1303,43,243.10,40.89,188.44,0.0000,0.0000,1,goal
1304,17,-192.32,16.15,112.86,0.0000,0.0505,0,collision
1305,14,-194.59,13.49,92.01,0.0063,0.0351,0,collision
1306,1000,-808.94,0.57,185.60,0.0000,0.0000,0,timeout
1307,1000,-791.20,0.63,239.95,0.0000,0.0000,0,timeout
1308,1000,-806.04,0.67,189.54,0.0000,0.0000,0,timeout
1309,21,-187.56,18.47,119.00,0.0000,0.0000,0,collision
1310,27,-180.66,26.98,92.01,0.0000,0.0227,0,collision
1825,50,-172.20,35.89,161.14,0.0000,0.0268,0,collision
1826,1000,-783.26,1.42,176.89,0.0000,0.0000,0,timeout
1827,1000,-784.55,0.42,178.59,0.0000,0.0000,0,timeout
1828,19,-190.58,18.68,92.01,0.0000,0.0298,0,collision
1829,1000,-774.37,0.68,209.19,0.0000,0.0000,0,timeout
1830,1000,-779.60,0.57,189.74,0.0000,0.0000,0,timeout
1311,1000,-803.27,0.67,189.54,0.0000,0.0000,0,timeout
1312,1000,-775.61,0.66,184.96,0.0000,0.0000,0,timeout
1313,1000,-769.04,0.87,177.69,0.0000,0.0000,0,timeout
1314,20,-189.10,18.79,105.39,0.0000,0.0240,0,collision
1315,1000,-811.31,0.67,189.54,0.0000,0.0000,0,timeout
1316,47,-150.45,43.97,75.54,0.0000,0.0000,0,collision
1317,1000,-790.38,0.67,189.54,0.0000,0.0000,0,timeout
1318,34,-170.73,33.23,107.27,0.0000,0.0000,0,collision
1319,1000,-791.22,0.62,189.64,0.0000,0.0000,0,timeout
1320,24,-185.73,23.85,92.01,0.0000,0.0469,0,collision
1831,1000,-754.16,1.24,304.64,0.0000,0.0000,0,timeout
1832,26,-182.04,25.75,88.22,0.0000,0.0265,0,collision
1833,48,-145.29,48.06,92.01,0.0150,0.0000,0,collision
1834,24,-183.76,23.70,92.01,0.0000,0.0000,0,collision
1835,1000,-784.24,0.51,166.95,0.0000,0.0002,0,timeout
1836,1000,-808.72,0.62,189.64,0.0000,0.0000,0,timeout
1837,48,-145.26,47.68,92.01,0.0092,0.0000,0,collision
1838,48,-146.08,47.20,80.57,0.0000,0.0000,0,collision
1321,1000,-791.14,0.67,189.54,0.0000,0.0000,0,timeout
1322,17,-191.66,16.60,92.01,0.0000,0.0322,0,collision
1323,1000,-805.80,0.67,189.54,0.0000,0.0000,0,timeout
1324,16,-192.46,15.56,92.01,0.0000,0.0208,0,collision
1325,31,-174.93,31.13,92.01,0.0000,0.0000,0,collision
1326,1000,-802.40,0.67,189.54,0.0000,0.0000,0,timeout
1327,19,-191.08,18.68,92.01,0.0000,0.0460,0,collision
1328,1000,-764.89,1.38,206.12,0.0000,0.0000,0,timeout
1329,1000,-763.70,1.37,188.44,0.0000,0.0000,0,timeout
1330,1000,-794.11,0.67,189.54,0.0000,0.0000,0,timeout
1839,1000,-757.75,1.29,273.39,0.0000,0.0000,0,timeout
1840,1000,-784.05,0.66,220.62,0.0000,0.0000,0,timeout
1841,1000,-788.21,0.78,189.34,0.0000,0.0000,0,timeout
1842,1000,-806.90,0.65,180.03,0.0000,0.0000,0,timeout
1843,50,-145.72,45.63,77.47,0.0000,0.0000,0,collision
1844,34,-174.37,28.18,120.41,0.0000,0.0000,0,collision
1845,24,-185.02,23.81,91.13,0.0000,0.0128,0,collision
1846,49,-144.90,47.80,69.12,0.0000,0.0000,0,collision
1331,1000,-794.84,0.57,189.74,0.0000,0.0000,0,timeout
1332,1000,-792.11,0.67,189.54,0.0000,0.0000,0,timeout
1333,1000,-805.00,0.52,189.84,0.0000,0.0000,0,timeout
1334,13,-195.93,11.95,114.14,0.0000,0.1017,0,collision
1335,34,-171.40,33.62,92.01,0.0000,0.0154,0,collision
1336,1000,-776.49,1.52,297.07,0.0000,0.0000,0,timeout
1337,1000,-778.03,0.70,199.54,0.0000,0.0000,0,timeout
1338,54,-136.85,50.33,59.89,0.0000,0.0000,0,collision
1339,1000,-811.99,0.61,192.26,0.0000,0.0000,0,timeout
1340,1000,-793.72,0.67,189.54,0.0000,0.0000,0,timeout
1847,900,-875.74,1.45,272.45,0.0000,0.0000,0,collision
1848,43,-158.50,39.93,142.41,0.0000,0.0126,0,collision
1849,1000,-775.18,0.84,189.24,0.0000,0.0000,0,timeout
1850,17,-191.72,16.19,116.02,0.0000,0.0218,0,collision
1851,1000,-776.38,0.67,188.22,0.0000,0.0000,0,timeout
1852,1000,-794.62,0.67,189.54,0.0000,0.0000,0,timeout
1853,29,-177.89,29.05,92.01,0.0000,0.0121,0,collision
1341,1000,-795.61,0.65,236.36,0.0000,0.0000,0,timeout
1342,24,-185.58,22.58,100.20,0.0000,0.0445,0,collision
1343,29,-178.71,28.75,92.01,0.0000,0.0324,0,collision
1344,18,-192.01,17.50,92.01,0.0000,0.0337,0,collision
1345,1000,-757.39,1.30,188.54,0.0000,0.0011,0,timeout
1346,1000,-822.70,0.28,190.44,0.0000,0.0000,0,timeout
1347,1000,-781.52,0.52,189.84,0.0000,0.0000,0,timeout
1348,30,-176.40,30.09,92.01,0.0000,0.0019,0,collision
1349,16,-192.48,15.51,92.01,0.0117,0.0195,0,collision
1350,1000,-775.94,0.65,178.09,0.0000,0.0000,0,timeout
1854,995,-987.48,0.86,271.74,0.0000,0.0005,0,collision
1855,1000,-789.88,0.62,189.64,0.0000,0.0000,0,timeout
1856,32,-174.64,30.68,80.57,0.0000,0.0187,0,collision
1857,1000,-780.57,1.09,188.84,0.0000,0.0000,0,timeout
1858,1000,-806.32,0.55,209.81,0.0000,0.0000,0,timeout
1859,34,-171.33,33.04,86.40,0.0000,0.0009,0,collision
1860,28,-178.88,26.99,117.66,0.0000,0.0000,0,collision
1351,1000,-803.88,0.67,189.54,0.0000,0.0000,0,timeout
1352,1000,-793.39,0.57,257.47,0.0000,0.0000,0,timeout
1353,1000,-767.68,0.89,198.57,0.0000,0.0000,0,timeout
1354,34,-172.27,32.17,80.57,0.0000,0.0027,0,collision
1355,1000,-790.87,0.65,219.46,0.0000,0.0000,0,timeout
1356,21,-189.29,19.92,114.87,0.0005,0.0210,0,collision
1357,1000,-799.28,0.83,189.24,0.0000,0.0000,0,timeout
1358,1000,-816.51,0.56,216.38,0.0000,0.0000,0,timeout
1359,1000,-779.72,0.57,189.74,0.0000,0.0000,0,timeout
1360,1000,-796.45,0.57,189.74,0.0000,0.0000,0,timeout
1861,1000,-776.93,0.78,280.45,0.0000,0.0000,0,timeout
1862,1000,-768.10,1.82,212.48,0.0000,0.0011,0,timeout
1863,18,-197.95,11.01,149.13,0.0000,0.2258,0,collision
1864,1000,-790.47,0.83,189.24,0.0000,0.0000,0,timeout
1865,1000,-800.85,0.57,188.61,0.0000,0.0000,0,timeout
1866,29,-180.56,25.57,80.57,0.0000,0.0474,0,collision
1867,33,-172.41,32.70,92.01,0.0000,0.0025,0,collision
1868,1000,-809.65,0.66,179.55,0.0000,0.0000,0,timeout
1361,1000,-813.00,0.64,206.87,0.0000,0.0000,0,timeout
1362,1,-200.00,0.00,0.00,0.0000,0.0000,0,collision
1363,1000,-781.77,0.69,215.63,0.0000,0.0000,0,timeout
1364,1000,-796.18,0.67,215.92,0.0000,0.0000,0,timeout
1365,25,-183.65,24.90,92.01,0.0000,0.0331,0,collision
1366,1000,-783.62,0.52,201.72,0.0000,0.0002,0,timeout
1367,1000,-789.81,0.67,189.54,0.0000,0.0000,0,timeout
1368,1000,-775.38,0.65,232.50,0.0000,0.0000,0,timeout
1369,51,-146.42,44.80,113.68,0.0000,0.0000,0,collision
1370,23,-185.38,22.83,92.01,0.0000,0.0123,0,collision
1869,18,-197.78,11.64,132.15,0.0000,0.0228,0,collision
1870,1000,-772.68,1.36,188.44,0.0000,0.0000,0,timeout
1871,1000,-803.70,0.68,256.98,0.0000,0.0000,0,timeout
1872,18,-190.72,17.04,110.76,0.0000,0.0071,0,collision
1873,1000,-800.54,0.65,249.66,0.0000,0.0000,0,timeout
1874,14,-199.00,13.45,92.01,0.0000,0.3160,0,collision
1875,28,-181.73,24.89,111.97,0.0000,0.0098,0,collision
1876,1000,-780.16,1.40,241.86,0.0000,0.0000,0,timeout
1371,1000,-783.74,1.27,177.09,0.0000,0.0000,0,timeout
1372,1000,-827.77,0.25,190.54,0.0000,0.0000,0,timeout
1373,1000,-755.16,1.38,160.02,0.0000,0.0000,0,timeout
1374,1000,-810.64,0.65,201.23,0.0000,0.0007,0,timeout
1375,1000,-755.90,1.29,199.47,0.0000,0.0008,0,timeout
1376,15,-193.40,14.33,87.20,0.0000,0.0227,0,collision
1377,31,-174.98,31.13,92.01,0.0000,0.0025,0,collision
1378,3,-199.29,2.08,9.94,0.0000,0.0000,0,collision
1379,1000,-768.78,1.54,188.24,0.0000,0.0000,0,timeout
1380,1000,-790.86,0.67,189.54,0.0000,0.0000,0,timeout
1877,669,-709.11,1.79,234.60,0.0015,0.0000,0,collision
1878,1000,-779.61,1.16,188.74,0.0000,0.0000,0,timeout
1879,31,-174.95,31.13,92.01,0.0000,0.0018,0,collision
1880,1000,-790.60,0.59,237.03,0.0000,0.0000,0,timeout
1881,27,-181.58,25.86,107.50,0.0000,0.0221,0,collision
1882,1000,-820.24,0.43,190.04,0.0000,0.0000,0,timeout
1883,32,-173.78,32.16,92.01,0.0000,0.0232,0,collision
1884,26,-182.62,24.51,126.79,0.0000,0.0206,0,collision
1885,28,-178.81,28.01,92.01,0.0000,0.0137,0,collision
1886,17,-190.56,16.60,92.01,0.0000,0.0000,0,collision
1381,48,255.22,49.72,69.12,0.0000,0.0176,1,goal
1382,1000,-776.93,0.66,178.09,0.0000,0.0000,0,timeout
1383,1000,-775.57,0.67,189.54,0.0000,0.0000,0,timeout
1384,33,-171.54,33.20,92.01,0.0000,0.0000,0,collision
1385,1000,-762.61,1.28,177.09,0.0000,0.0000,0,timeout
1386,1000,-783.10,0.59,178.19,0.0000,0.0000,0,timeout
1387,28,-178.29,28.01,92.01,0.0000,0.0000,0,collision
1388,1000,-775.65,1.03,188.94,0.0000,0.0000,0,timeout
1389,1000,-799.37,0.72,189.44,0.0000,0.0000,0,timeout
1390,15,-193.42,14.34,92.01,0.0000,0.0228,0,collision
1887,1000,-762.44,1.49,277.64,0.0000,0.0000,0,timeout
1888,767,-803.76,0.88,166.13,0.0011,0.0000,0,collision
1889,1000,-774.04,1.12,189.90,0.0000,0.0000,0,timeout
1890,1000,-782.38,0.67,189.54,0.0000,0.0000,0,timeout
1391,23,-185.78,22.79,92.01,0.0000,0.0150,0,collision
1392,1000,-771.67,1.35,188.44,0.0000,0.0000,0,timeout
1393,1000,-795.95,0.84,189.24,0.0000,0.0000,0,timeout
1394,16,-193.78,13.19,104.15,0.0000,0.0398,0,collision
1395,1000,-824.08,0.21,209.25,0.0000,0.0000,0,timeout
1396,53,-143.97,43.36,104.63,0.0020,0.0000,0,collision
1397,17,-194.46,13.94,108.31,0.0121,0.1231,0,collision
1398,41,-165.61,33.08,95.72,0.0000,0.0052,0,collision
1399,18,-191.56,16.54,95.65,0.0000,0.0364,0,collision
1400,1000,-766.79,1.43,192.26,0.0000,0.0000,0,timeout
1891,1000,-765.31,1.19,279.35,0.0000,0.0000,0,timeout
1892,51,256.27,46.79,56.65,0.0000,0.0000,1,goal
1893,31,-175.03,30.89,92.01,0.0066,0.0000,0,collision
1894,1000,-796.61,0.67,189.54,0.0000,0.0000,0,timeout
1895,19,-190.82,18.68,92.01,0.0000,0.0578,0,collision
1896,1000,-786.68,0.62,166.65,0.0000,0.0000,0,timeout
1897,1000,-806.96,0.67,189.54,0.0000,0.0000,0,timeout
1898,2,-199.98,1.04,2.51,0.0000,0.1559,0,collision
1401,55,261.92,48.97,66.75,0.0000,0.0079,1,goal
1402,1000,-804.57,0.58,179.89,0.0000,0.0000,0,timeout
1403,33,-174.13,30.21,80.23,0.0000,0.0190,0,collision
1404,1000,-765.60,1.38,188.44,0.0000,0.0000,0,timeout
1405,1000,-791.34,0.67,178.09,0.0000,0.0000,0,timeout
1406,19,-189.95,18.51,92.01,0.0000,0.0429,0,collision
1407,1000,-804.24,0.59,181.78,0.0000,0.0000,0,timeout
1408,1000,-790.78,0.57,189.74,0.0000,0.0000,0,timeout
1409,37,-166.59,36.60,92.01,0.0000,0.0000,0,collision
1410,1000,-758.02,1.41,153.85,0.0000,0.0000,0,timeout
1899,635,-649.02,2.98,267.05,0.0000,0.0008,0,collision
1900,1000,-775.94,0.66,178.09,0.0000,0.0000,0,timeout
1901,15,-195.10,14.53,92.01,0.0000,0.0998,0,collision
1902,30,-178.28,26.63,85.88,0.0000,0.0248,0,collision
1903,29,-178.11,27.75,104.63,0.0058,0.0045,0,collision
1904,33,-172.22,33.07,92.01,0.0000,0.0118,0,collision
1905,28,-180.27,28.01,92.01,0.0000,0.0280,0,collision
1906,15,-194.14,12.00,103.23,0.0000,0.0381,0,collision
1907,2,-199.66,1.04,2.51,0.0000,0.0000,0,collision
1908,18,-189.63,16.57,93.29,0.0027,0.0000,0,collision
1909,1000,-783.90,1.40,234.72,0.0000,0.0000,0,timeout
1910,13,-198.94,12.45,92.01,0.0000,0.2760,0,collision
1911,1000,-759.34,1.36,215.02,0.0000,0.0000,0,timeout
1411,1000,-776.83,0.84,189.24,0.0000,0.0000,0,timeout
1412,1000,-770.56,0.84,189.24,0.0000,0.0000,0,timeout
1413,1000,-774.86,1.16,188.74,0.0000,0.0000,0,timeout
1414,1000,-775.35,0.67,189.54,0.0000,0.0000,0,timeout
1415,27,-181.19,26.98,92.01,0.0000,0.0303,0,collision
1416,1000,-798.56,0.67,214.61,0.0000,0.0000,0,timeout
1417,15,-194.58,14.23,120.85,0.0000,0.0698,0,collision
1418,1000,-777.11,0.71,177.99,0.0000,0.0000,0,timeout
1419,1000,-782.63,0.67,189.54,0.0000,0.0000,0,timeout
1420,3,-199.29,2.08,9.94,0.0000,0.0000,0,collision
1912,1000,-776.60,1.24,279.25,0.0000,0.0000,0,timeout
1913,1000,-820.01,0.43,178.59,0.0000,0.0000,0,timeout
1914,47,253.76,49.44,92.01,0.0000,0.0187,1,goal
1915,1000,-787.61,0.71,177.99,0.0000,0.0000,0,timeout
1916,1000,-792.06,0.66,189.54,0.0000,0.0000,0,timeout
1917,14,-192.74,13.49,92.01,0.0000,0.0000,0,collision
1421,32,-173.56,32.16,92.01,0.0000,0.0061,0,collision
1422,14,-194.82,13.49,92.01,0.0000,0.0629,0,collision
1423,11,-200.18,10.16,115.56,0.0000,0.4932,0,collision
1424,1000,-749.07,1.92,164.80,0.0000,0.0000,0,timeout
1425,14,-194.81,13.34,88.91,0.0000,0.0552,0,collision
1426,1000,-790.22,0.65,210.64,0.0000,0.0000,0,timeout
1427,1000,-783.86,1.40,176.89,0.0000,0.0000,0,timeout
1428,1000,-743.86,1.59,164.73,0.0000,0.0000,0,timeout
1429,21,-190.47,19.30,127.15,0.0000,0.0455,0,collision
1430,39,-163.09,39.11,92.01,0.0000,0.0173,0,collision
1918,949,-912.54,1.70,312.54,0.0000,0.0008,0,collision
1919,1000,-797.29,0.35,190.24,0.0000,0.0000,0,timeout
1920,14,-197.53,13.49,92.01,0.0000,0.1610,0,collision
1921,19,-190.79,18.68,92.01,0.0000,0.0524,0,collision
1922,1000,-785.35,1.38,188.44,0.0000,0.0000,0,timeout
1923,1000,-819.62,0.28,190.44,0.0000,0.0000,0,timeout
1924,17,-191.77,15.97,112.29,0.0000,0.0163,0,collision
1925,1000,-773.48,1.42,188.34,0.0000,0.0000,0,timeout
1431,1000,-790.88,0.66,166.55,0.0000,0.0000,0,timeout
1432,18,-192.56,17.00,113.25,0.0000,0.0281,0,collision
1433,1,-200.00,0.00,0.00,0.0000,0.0000,0,collision
1434,20,-193.25,17.12,128.60,0.0000,0.1271,0,collision
1435,1000,-761.34,1.13,177.29,0.0000,0.0000,0,timeout
1436,1000,-782.65,0.67,189.54,0.0000,0.0000,0,timeout
1437,19,-189.85,17.01,119.58,0.0000,0.0054,0,collision
1438,1000,-774.77,0.67,210.13,0.0000,0.0000,0,timeout
1439,1000,-791.15,0.67,189.54,0.0000,0.0000,0,timeout
1440,29,-178.56,27.46,146.10,0.0000,0.0243,0,collision
1926,1000,-758.23,1.88,278.35,0.0000,0.0000,0,timeout
1927,1000,-780.34,0.85,221.48,0.0000,0.0000,0,timeout
1928,29,-177.94,28.34,115.94,0.0000,0.0195,0,collision
1929,35,-169.71,35.28,92.01,0.0000,0.0027,0,collision
1930,1000,-798.60,0.42,167.15,0.0000,0.0000,0,timeout
1931,1000,-796.17,0.62,189.64,0.0000,0.0000,0,timeout
1441,1000,-768.34,1.43,211.66,0.0000,0.0000,0,timeout
1442,1000,-784.34,1.30,187.31,0.0000,0.0000,0,timeout
1443,17,-193.54,16.45,88.42,0.0109,0.0611,0,collision
1444,1000,-766.63,1.47,218.30,0.0000,0.0000,0,timeout
1445,1000,-802.32,0.57,189.74,0.0000,0.0000,0,timeout
1446,15,-194.25,13.00,128.75,0.0023,0.0262,0,collision
1447,1000,-763.15,1.39,188.32,0.0000,0.0001,0,timeout
1448,23,-190.23,16.67,127.14,0.0031,0.0543,0,collision
1449,1000,-778.83,0.56,167.16,0.0000,0.0000,0,timeout
1450,886,-887.27,0.75,210.05,0.0007,0.0000,0,collision
1932,82,-139.48,35.18,154.49,0.0000,0.0050,0,collision
1933,1000,-799.50,0.57,189.74,0.0000,0.0000,0,timeout
1934,17,-192.83,15.14,154.26,0.0000,0.0642,0,collision
1935,17,-192.41,15.87,140.53,0.0000,0.0420,0,collision
1936,53,-144.42,44.98,61.06,0.0142,0.0000,0,collision
1937,20,-189.80,17.60,186.41,0.0000,0.0411,0,collision
1938,1000,-769.85,1.57,232.19,0.0000,0.0000,0,timeout
1939,1000,-776.18,0.66,251.79,0.0000,0.0000,0,timeout
1451,1000,-804.13,0.69,188.27,0.0000,0.0000,0,timeout
1452,1000,-794.27,0.44,190.04,0.0000,0.0000,0,timeout
1453,1000,-777.34,0.63,155.20,0.0000,0.0000,0,timeout
1454,15,-196.88,14.07,121.08,0.0000,0.1379,0,collision
1455,1000,-789.25,0.70,234.88,0.0000,0.0000,0,timeout
1456,1000,-772.00,0.88,191.68,0.0000,0.0013,0,timeout
1457,1000,-764.77,1.05,193.90,0.0000,0.0000,0,timeout
1458,1000,-785.13,0.68,203.48,0.0000,0.0000,0,timeout
1459,1000,-820.03,0.39,233.20,0.0000,0.0003,0,timeout
1460,1000,-774.85,0.63,189.81,0.0000,0.0000,0,timeout
1940,1000,-777.15,1.32,292.53,0.0000,0.0000,0,timeout
1941,29,-181.68,21.54,95.01,0.0000,0.0123,0,collision
1942,27,-183.76,19.96,91.38,0.0000,0.0061,0,collision
1943,28,-181.60,26.46,80.57,0.0000,0.0401,0,collision
1944,1000,-806.35,0.67,189.54,0.0000,0.0000,0,timeout
1945,1000,-747.93,1.58,164.56,0.0000,0.0011,0,timeout
1946,37,-177.18,21.71,186.30,0.0120,0.0229,0,collision
1947,1000,-771.88,0.69,184.00,0.0000,0.0000,0,timeout
1461,48,-174.27,22.50,184.52,0.0126,0.0723,0,collision
1462,47,-168.60,24.60,28.05,0.0035,0.0191,0,collision
1463,25,-189.69,13.56,120.24,0.0266,0.0478,0,collision
1464,1000,-775.85,0.66,189.24,0.0000,0.0000,0,timeout
1465,1000,-766.44,1.01,166.05,0.0000,0.0000,0,timeout
1466,1000,-780.24,0.57,189.74,0.0000,0.0000,0,timeout
1467,1000,-800.88,0.65,211.12,0.0000,0.0000,0,timeout
1468,1000,-773.46,1.32,278.88,0.0000,0.0000,0,timeout
1469,15,-194.45,13.09,131.73,0.0126,0.0487,0,collision
1470,1000,-799.28,0.61,231.96,0.0000,0.0000,0,timeout
1948,950,-916.46,1.55,362.38,0.0000,0.0009,0,collision
1949,1000,-742.29,1.77,229.69,0.0000,0.0000,0,timeout
1950,42,-169.87,26.56,169.28,0.0000,0.0000,0,collision
1951,1000,-782.61,0.49,204.41,0.0000,0.0000,0,timeout
1952,41,-176.07,19.62,149.51,0.0116,0.0214,0,collision
1953,1000,-788.08,0.66,189.54,0.0000,0.0000,0,timeout
1954,16,-197.36,12.76,79.78,0.0385,0.2007,0,collision
1955,35,-180.13,19.80,152.92,0.0243,0.0319,0,collision
1471,70,261.59,34.62,92.67,0.0000,0.0000,1,goal
1472,1000,-806.06,0.56,178.19,0.0000,0.0000,0,timeout
1473,60,-142.67,39.36,20.11,0.0039,0.0000,0,collision
1474,1000,-797.84,0.68,245.79,0.0000,0.0000,0,timeout
1475,18,-195.02,9.53,137.42,0.0397,0.0634,0,collision
1476,1000,-786.94,0.66,178.09,0.0000,0.0000,0,timeout
1477,1000,-816.65,0.56,234.91,0.0000,0.0000,0,timeout
1478,35,-177.32,24.16,197.61,0.0088,0.0165,0,collision
1479,47,-159.42,34.63,88.06,0.0002,0.0158,0,collision
1480,18,-193.96,12.55,124.81,0.0350,0.0407,0,collision
1956,1000,-716.19,2.27,469.85,0.0000,0.0000,0,timeout
1957,1,-200.00,0.00,0.00,0.0000,0.0000,0,collision
1958,1000,-751.75,1.30,127.96,0.0000,0.0057,0,timeout
1959,1000,-777.13,0.63,224.64,0.0000,0.0000,0,timeout
1960,1000,-797.09,0.70,214.37,0.0000,0.0000,0,timeout
1961,1000,-796.36,0.67,212.99,0.0000,0.0000,0,timeout
1481,733,-737.93,1.62,194.44,0.0012,0.0000,0,collision
1482,264,-359.15,2.43,174.92,0.0031,0.0002,0,collision
1483,1000,-825.53,0.29,170.01,0.0000,0.0000,0,timeout
1484,1000,-787.37,0.84,188.68,0.0000,0.0000,0,timeout
1485,699,-730.79,0.95,139.95,0.0014,0.0000,0,collision
1486,35,-172.93,29.19,69.28,0.0168,0.0000,0,collision
1487,35,-178.03,25.02,90.90,0.0034,0.0497,0,collision
1488,42,-169.49,27.09,135.94,0.0000,0.0020,0,collision
1489,1000,-772.55,0.64,184.66,0.0000,0.0000,0,timeout
1490,1000,-779.33,0.68,231.28,0.0000,0.0000,0,timeout
1962,64,245.96,24.38,86.63,0.0000,0.0000,1,goal
1963,1000,-775.81,1.43,109.41,0.0000,0.0000,0,timeout
