episode,steps,ep_reward,avg_speed,total_energy,wiggle,safety,success,reason,route
1,49,-241.86,1.24,41.78,0.0167,0.0457,0,collision,
2,41,-242.71,0.98,23.36,0.0309,0.0000,0,collision,
3,21,-224.00,0.60,6.70,0.0952,0.0000,0,collision,
4,94,-268.27,1.66,103.09,0.0071,0.0965,0,collision,
5,1,-200.00,0.00,0.00,0.0000,0.0000,0,collision,
6,30,-224.89,1.21,28.78,0.0667,0.0000,0,collision,
7,21,-223.60,0.69,11.49,0.0886,0.0000,0,collision,
8,85,-210.39,4.09,205.61,0.0031,0.0000,0,collision,
9,64,-203.44,4.82,270.17,0.0000,0.0162,0,collision,
10,6,-200.05,2.17,10.38,0.0532,0.0000,0,collision,
1,70,-245.47,1.87,72.45,0.0225,0.0000,0,collision,
2,62,-223.00,2.76,126.04,0.0197,0.0000,0,collision,
3,43,-217.46,3.47,113.45,0.0465,0.0605,0,collision,
4,18,-213.25,1.35,20.10,0.0884,0.0924,0,collision,
5,331,-236.55,4.58,882.51,0.0045,0.0011,0,collision,
6,19,-195.86,4.09,55.60,0.0464,0.0207,0,collision,
7,3,-202.54,0.00,0.20,0.0723,0.0000,0,collision,
8,42,-228.84,1.45,35.61,0.0000,0.0000,0,collision,
9,61,-255.19,1.01,36.85,0.0327,0.0000,0,collision,
10,19,-215.48,1.23,12.03,0.0489,0.0000,0,collision,
11,141,-276.71,2.28,195.89,0.0028,0.0000,0,collision,
12,108,-278.55,1.73,119.31,0.0083,0.0000,0,collision,
13,87,-260.37,1.55,74.23,0.0209,0.0096,0,collision,
14,6,-205.81,0.57,3.43,0.1290,0.0000,0,collision,
15,26,-224.73,1.02,12.40,0.0435,0.0000,0,collision,
16,22,-220.46,1.05,7.08,0.0309,0.0000,0,collision,
17,4,-202.39,0.86,2.08,0.4510,0.0000,0,collision,
18,106,-224.63,2.84,226.87,0.0124,0.0000,0,collision,
19,5,-206.13,0.13,0.43,0.0624,0.1296,0,collision,
20,23,-226.95,0.43,7.06,0.0086,0.0000,0,collision,
21,7,-200.27,2.84,12.64,0.2054,0.0000,0,collision,
22,76,-233.15,2.47,118.64,0.0011,0.0000,0,collision,
23,55,-220.80,2.39,77.14,0.0175,0.0000,0,collision,
24,212,-264.62,3.47,470.63,0.0054,0.0075,0,collision,
25,16,-208.90,1.66,12.95,0.0770,0.0000,0,collision,
26,5,-203.16,0.37,2.28,0.1678,0.0000,0,collision,
27,116,-298.85,1.21,106.19,0.0085,0.0000,0,collision,
28,7,-207.29,0.37,0.83,0.0624,0.0000,0,collision,
29,64,-238.77,1.99,56.17,0.0157,0.0115,0,collision,
30,43,-237.15,1.02,32.56,0.0465,0.0000,0,collision,
31,59,-238.31,1.74,71.59,0.0109,0.0131,0,collision,
32,8,-205.94,1.17,9.22,0.0000,0.0000,0,collision,
33,5,-200.91,2.31,13.54,0.0476,0.1336,0,collision,
34,61,-218.64,5.63,190.94,0.0081,0.1242,0,collision,
35,74,-211.67,3.54,185.53,0.0077,0.0000,0,collision,
36,21,-207.51,2.99,42.37,0.0422,0.0000,0,collision,
37,46,-235.12,1.45,36.67,0.0435,0.0000,0,collision,
38,30,-194.88,5.07,119.74,0.0618,0.1416,0,collision,
39,98,-312.74,0.89,63.57,0.0062,0.0210,0,collision,
40,35,-228.49,0.94,26.55,0.0012,0.0000,0,collision,
41,121,-237.95,3.80,219.32,0.0119,0.0152,0,collision,
42,10,-199.28,3.32,21.61,0.1057,0.0000,0,collision,
43,39,-226.70,1.68,32.77,0.0126,0.0211,0,collision,
44,2,-200.42,0.88,1.83,0.1483,0.0000,0,collision,
45,130,-265.38,2.43,254.96,0.0109,0.0138,0,collision,
46,91,-276.45,1.21,65.84,0.0154,0.0000,0,collision,
47,17,-223.48,0.31,5.20,0.0295,0.0000,0,collision,
48,38,-228.06,1.73,67.22,0.0127,0.0124,0,collision,
49,48,-235.89,1.97,84.30,0.0372,0.0000,0,collision,
50,9,-208.34,0.73,2.69,0.1853,0.1240,0,collision,
51,86,-264.58,1.69,109.69,0.0161,0.0000,0,collision,
52,46,-222.14,2.04,64.74,0.0099,0.0000,0,collision,
53,72,-253.17,1.80,90.05,0.0199,0.0000,0,collision,
54,46,-218.69,2.81,50.69,0.0435,0.0000,0,collision,
55,104,-307.38,1.03,73.75,0.0008,0.0200,0,collision,
56,16,-218.16,0.67,9.53,0.0707,0.0000,0,collision,
57,24,-228.77,0.68,10.92,0.0286,0.0000,0,collision,
58,14,-219.02,0.28,3.39,0.1107,0.0000,0,collision,
59,34,-200.66,4.56,96.76,0.0072,0.0000,0,collision,
60,90,-245.71,2.18,131.82,0.0066,0.0012,0,collision,
61,6,-205.84,0.71,3.74,0.0109,0.0000,0,collision,
62,33,-241.75,0.63,16.62,0.0576,0.0617,0,collision,
63,56,-221.07,2.13,77.17,0.0208,0.0000,0,collision,
64,168,-312.86,1.79,197.50,0.0001,0.0039,0,collision,
65,72,-245.38,1.76,75.97,0.0203,0.0108,0,collision,
66,13,-209.38,1.61,28.77,0.0661,0.0415,0,collision,
67,3,-202.90,0.00,0.20,0.2279,0.1650,0,collision,
68,14,-203.26,2.77,32.05,0.0000,0.0000,0,collision,
69,41,-207.78,2.86,66.60,0.0005,0.0250,0,collision,
70,42,-207.92,3.70,93.53,0.0186,0.1234,0,collision,
71,12,-199.67,3.12,34.08,0.0718,0.0000,0,collision,
72,31,-191.22,4.92,118.26,0.0124,0.0000,0,collision,
73,65,-234.34,1.90,75.11,0.0308,0.0084,0,collision,
74,13,-215.53,0.49,4.51,0.0639,0.0175,0,collision,
75,126,-269.25,3.58,245.18,0.0000,0.0451,0,collision,
76,13,-218.80,0.16,3.61,0.1012,0.0000,0,collision,
77,100,-302.58,1.06,76.96,0.0030,0.0000,0,collision,
78,5,-205.84,0.00,0.40,0.3974,0.0000,0,collision,
11,22,-206.06,2.64,40.08,0.0269,0.0000,0,collision,
12,51,-215.33,3.27,113.11,0.0311,0.0000,0,collision,
13,287,-282.41,3.48,752.92,0.0000,0.0089,0,collision,
14,9,-200.58,2.95,27.94,0.0662,0.0000,0,collision,
15,24,-227.23,0.72,17.80,0.0532,0.0000,0,collision,
16,98,-218.08,3.80,239.42,0.0204,0.0190,0,collision,
17,7,-206.29,0.55,1.90,0.1313,0.0000,0,collision,
18,20,-198.98,3.59,50.77,0.0524,0.0000,0,collision,
19,27,-231.87,0.68,12.91,0.0512,0.0000,0,collision,
20,25,-220.31,1.16,18.03,0.0228,0.0000,0,collision,
79,38,-205.06,2.91,76.90,0.0486,0.0000,0,collision,
80,37,-224.47,1.63,41.13,0.0336,0.0000,0,collision,
81,29,-218.13,1.85,27.75,0.0341,0.0000,0,collision,
82,85,-223.87,2.61,121.46,0.0048,0.0000,0,collision,
83,220,-255.86,3.40,520.54,0.0000,0.0026,0,collision,
84,164,-193.79,6.88,493.11,0.0000,0.0186,0,collision,
85,174,-287.19,2.41,267.65,0.0081,0.0239,0,collision,
86,9,-209.09,0.77,7.68,0.0976,0.1312,0,collision,
87,6,-200.00,3.04,33.61,0.0263,0.0000,0,collision,
88,126,-189.08,5.35,403.84,0.0119,0.0213,0,collision,
89,14,-199.32,2.80,26.57,0.0000,0.0000,0,collision,
90,126,-231.27,3.51,317.00,0.0000,0.0000,0,collision,
91,3,-201.71,0.55,1.74,0.0190,0.0000,0,collision,
92,8,-207.41,0.65,3.72,0.0000,0.0000,0,collision,
93,153,-179.47,4.97,443.73,0.0013,0.0000,0,collision,
94,79,-272.18,1.23,55.05,0.0011,0.0000,0,collision,
95,63,-234.90,2.16,106.06,0.0104,0.0000,0,collision,
96,435,-363.91,3.76,933.55,0.0027,0.0165,0,collision,
97,14,-201.97,2.73,36.91,0.0230,0.0083,0,collision,
98,44,-241.01,1.08,29.57,0.0025,0.0180,0,collision,
99,357,-285.47,5.72,591.78,0.0056,0.0097,0,collision,
100,56,-203.01,4.54,158.26,0.0037,0.0000,0,collision,
101,99,-233.38,3.54,224.23,0.0113,0.0000,0,collision,
102,72,-148.87,14.05,242.55,0.0049,0.0000,0,collision,
103,37,-240.08,0.88,22.95,0.0131,0.0258,0,collision,
104,265,-238.62,5.66,561.36,0.0001,0.0079,0,collision,
105,143,-119.76,12.82,501.35,0.0140,0.0123,0,collision,
106,24,-204.81,2.57,45.89,0.0414,0.0000,0,collision,
107,44,-206.57,2.82,82.85,0.0292,0.0000,0,collision,
108,25,-217.12,1.67,21.88,0.0166,0.0000,0,collision,
109,17,-215.75,0.93,13.09,0.0213,0.0000,0,collision,
110,9,-211.29,0.26,2.76,0.1949,0.0000,0,collision,
111,32,-192.04,5.25,110.36,0.0050,0.0000,0,collision,
112,33,-189.02,4.90,91.08,0.0137,0.0805,0,collision,
113,41,-225.27,2.62,94.92,0.0386,0.0000,0,collision,
114,64,-199.13,4.15,172.46,0.0000,0.0174,0,collision,
115,53,-235.82,1.63,51.43,0.0243,0.0000,0,collision,
116,22,-202.83,2.68,34.05,0.0019,0.0000,0,collision,
117,69,-223.83,2.58,132.65,0.0001,0.0000,0,collision,
118,44,-232.24,1.63,49.61,0.0187,0.0267,0,collision,
119,5,-205.91,0.00,0.40,0.2333,0.0000,0,collision,
120,77,-191.60,4.73,236.84,0.0037,0.0000,0,collision,
121,11,-197.66,2.97,21.28,0.1142,0.0000,0,collision,
122,65,-235.11,3.39,188.45,0.0209,0.0000,0,collision,
123,513,171.47,5.61,1400.41,0.0000,0.0143,1,goal,
124,10,-195.85,4.71,48.90,0.0386,0.0000,0,collision,
21,68,-178.75,10.08,177.29,0.0255,0.0432,0,collision,
22,52,-218.09,2.58,89.13,0.0144,0.0000,0,collision,
23,99,-225.42,3.23,217.22,0.0083,0.0000,0,collision,
24,284,-97.59,8.03,911.81,0.0032,0.0000,0,collision,
25,190,291.36,12.13,398.78,0.0000,0.0033,1,goal,
26,41,-177.36,6.43,224.09,0.0109,0.0052,0,collision,
27,190,-289.10,2.57,294.02,0.0061,0.0211,0,collision,
28,46,-203.91,3.73,121.33,0.0158,0.0000,0,collision,
29,5,-205.08,0.17,0.49,0.1325,0.0000,0,collision,
30,9,-195.52,5.29,43.73,0.1037,0.0000,0,collision,
125,106,-197.49,5.05,354.41,0.0043,0.0092,0,collision,
126,213,-250.70,3.49,476.78,0.0029,0.0027,0,collision,
127,35,-213.32,2.45,84.89,0.0341,0.0391,0,collision,
128,120,-209.90,5.78,283.70,0.0018,0.1699,0,collision,
129,6,-204.94,0.57,1.40,0.1813,0.0000,0,collision,
130,92,-220.10,3.08,191.10,0.0122,0.0073,0,collision,
131,82,-233.77,2.23,116.73,0.0081,0.0000,0,collision,
132,6,-204.99,0.19,0.63,0.2615,0.0000,0,collision,
133,266,-117.93,7.14,1125.04,0.0001,0.0250,0,collision,
134,5,-203.70,0.66,3.02,0.0685,0.0000,0,collision,
135,24,-200.71,3.42,67.72,0.0623,0.0000,0,collision,
136,46,-199.07,4.61,152.19,0.0057,0.0182,0,collision,
137,331,-180.17,5.69,789.17,0.0016,0.0067,0,collision,
138,7,-203.09,1.43,8.99,0.0757,0.0000,0,collision,
139,110,-203.53,4.67,241.51,0.0062,0.0000,0,collision,
140,73,-255.63,1.59,86.12,0.0024,0.0000,0,collision,
141,7,-209.78,0.12,0.67,0.0177,0.0000,0,collision,
142,64,-231.11,2.18,101.78,0.0146,0.0109,0,collision,
143,17,-205.41,1.97,23.56,0.0823,0.0000,0,collision,
144,3,-202.08,0.69,2.61,0.6667,0.0000,0,collision,
145,37,-189.44,4.48,109.51,0.0000,0.0000,0,collision,
146,88,-227.62,2.83,179.34,0.0177,0.0000,0,collision,
147,11,-213.00,0.51,4.60,0.1542,0.0478,0,collision,
148,74,-184.73,4.86,298.36,0.0046,0.0133,0,collision,
149,7,-203.83,1.11,1.60,0.0378,0.0000,0,collision,
150,33,-230.72,1.29,23.17,0.0219,0.0000,0,collision,
151,92,-260.11,1.78,110.81,0.0074,0.0000,0,collision,
152,15,-214.61,0.85,4.27,0.0496,0.0000,0,collision,
153,3,-202.06,0.69,2.61,0.6027,0.0000,0,collision,
154,5,-200.89,1.86,6.72,0.1504,0.0000,0,collision,
155,142,-284.86,2.22,217.25,0.0080,0.0000,0,collision,
156,129,-120.58,10.75,484.35,0.0004,0.0162,0,collision,
157,8,-198.44,3.11,25.31,0.1319,0.0000,0,collision,
158,22,-218.27,1.24,19.43,0.0391,0.0000,0,collision,
159,96,-220.38,3.59,267.96,0.0011,0.0000,0,collision,
160,44,-201.16,3.84,130.87,0.0022,0.0000,0,collision,
161,109,303.60,19.73,400.84,0.0000,0.0078,1,goal,
162,22,-213.08,1.90,33.52,0.0237,0.0190,0,collision,
163,144,-145.41,10.49,417.09,0.0117,0.0036,0,collision,
164,205,-191.31,6.75,412.13,0.0034,0.0001,0,collision,
165,31,-220.19,2.18,58.51,0.0057,0.0308,0,collision,
166,5,-205.43,0.30,1.07,0.0414,0.0000,0,collision,
167,4,-201.40,1.60,6.60,0.0611,0.2954,0,collision,
168,61,-211.70,3.41,120.67,0.0246,0.0000,0,collision,
169,29,-180.46,8.56,178.81,0.0142,0.0100,0,collision,
170,53,-212.03,3.37,129.66,0.0092,0.0000,0,collision,
171,21,-210.53,1.76,30.57,0.0296,0.0000,0,collision,
172,74,-150.81,11.23,311.44,0.0132,0.0156,0,collision,
173,66,-163.02,10.18,194.15,0.0064,0.0206,0,collision,
174,30,-199.45,5.94,156.65,0.0113,0.2404,0,collision,
175,115,-245.99,2.53,207.55,0.0042,0.0063,0,collision,
176,121,-136.28,9.73,489.56,0.0013,0.0291,0,collision,
177,4,-205.05,0.05,0.32,0.0167,0.2490,0,collision,
178,27,-191.54,8.37,197.71,0.0164,0.0478,0,collision,
179,132,-235.11,3.14,316.40,0.0117,0.0038,0,collision,
180,7,-207.13,0.50,2.58,0.2137,0.0000,0,collision,
181,37,-182.46,8.84,226.58,0.0351,0.1357,0,collision,
182,220,285.23,11.26,543.87,0.0000,0.0000,1,goal,
183,46,-238.78,1.29,36.61,0.0435,0.0000,0,collision,
184,46,-173.25,7.55,221.78,0.0001,0.0000,0,collision,
185,6,-208.36,0.00,0.50,0.0797,0.0000,0,collision,
186,8,-204.05,1.22,3.72,0.2500,0.0000,0,collision,
187,20,-218.23,1.20,21.50,0.0282,0.0000,0,collision,
188,24,-206.79,2.48,40.89,0.0312,0.0000,0,collision,
189,34,-218.42,1.77,54.72,0.0140,0.0000,0,collision,
190,41,-209.32,2.85,93.20,0.0103,0.1009,0,collision,
191,7,-203.50,1.31,9.69,0.0751,0.0000,0,collision,
31,97,-138.50,8.38,453.77,0.0177,0.0266,0,collision,
32,5,-199.97,1.85,7.50,0.1464,0.0000,0,collision,
33,68,-164.81,10.35,127.76,0.0038,0.0115,0,collision,
34,217,-262.52,6.37,386.20,0.0070,0.0187,0,collision,
35,65,-181.01,10.08,195.79,0.0153,0.0152,0,collision,
36,33,-191.23,9.19,200.93,0.0356,0.0929,0,collision,
37,128,-169.22,7.55,371.66,0.0014,0.0105,0,collision,
38,61,-205.13,3.71,173.60,0.0118,0.0081,0,collision,
39,50,-166.36,11.92,371.45,0.0000,0.0114,0,collision,
40,184,290.12,13.56,179.45,0.0000,0.0161,1,goal,
192,126,-218.52,11.06,423.91,0.0041,0.0159,0,collision,
193,68,-181.93,10.91,329.17,0.0007,0.0135,0,collision,
194,95,-147.95,11.79,430.20,0.0111,0.0158,0,collision,
195,145,-165.64,10.16,457.15,0.0069,0.0000,0,collision,
196,70,-135.12,19.88,142.36,0.0286,0.0082,0,collision,
197,5,-201.26,1.37,5.56,0.0478,0.0000,0,collision,
198,285,263.20,8.35,597.66,0.0000,0.0006,1,goal,
199,67,-189.89,5.17,276.98,0.0097,0.0043,0,collision,
200,7,-199.24,3.39,28.71,0.0572,0.2315,0,collision,
201,8,-201.29,2.25,16.95,0.0910,0.0000,0,collision,
202,83,-157.61,10.19,347.27,0.0095,0.0372,0,collision,
203,122,-140.98,11.47,398.70,0.0093,0.0086,0,collision,
204,106,-197.01,7.27,428.56,0.0135,0.0054,0,collision,
205,14,-204.29,2.03,23.73,0.0815,0.0000,0,collision,
206,7,-201.90,2.26,15.18,0.2275,0.0987,0,collision,
207,90,-158.70,10.61,242.76,0.0000,0.0187,0,collision,
208,59,-254.69,1.63,65.04,0.0039,0.0444,0,collision,
209,34,-202.64,2.77,60.18,0.0008,0.0392,0,collision,
210,32,-187.95,6.98,225.13,0.0344,0.0591,0,collision,
211,43,-183.39,12.58,262.36,0.0131,0.0601,0,collision,
212,92,-128.54,18.46,151.79,0.0008,0.0116,0,collision,
213,71,-138.76,18.34,254.59,0.0162,0.0000,0,collision,
214,46,-174.19,7.62,270.38,0.0000,0.0000,0,collision,
215,34,-227.72,1.66,44.30,0.0413,0.0000,0,collision,
216,57,-185.67,5.21,221.17,0.0000,0.0000,0,collision,
217,39,-224.81,1.61,39.21,0.0000,0.0000,0,collision,
218,84,-134.06,15.97,183.33,0.0173,0.0000,0,collision,
219,15,-206.75,1.63,14.06,0.0382,0.0000,0,collision,
220,63,-168.94,10.13,349.00,0.0000,0.0941,0,collision,
221,5,-199.84,2.12,13.30,0.1331,0.0000,0,collision,
222,90,-226.31,2.79,172.19,0.0086,0.0288,0,collision,
223,62,-186.86,6.42,215.71,0.0000,0.0426,0,collision,
224,43,-174.44,9.16,227.11,0.0248,0.0000,0,collision,
225,7,-199.54,2.35,13.49,0.0736,0.0000,0,collision,
226,70,-147.63,16.05,176.57,0.0016,0.0000,0,collision,
227,82,-134.05,16.70,220.24,0.0131,0.0000,0,collision,
228,15,-211.66,1.30,12.85,0.0418,0.1186,0,collision,
229,46,-187.66,14.47,66.05,0.0055,0.0155,0,collision,
230,87,-128.39,15.59,293.05,0.0000,0.0211,0,collision,
231,34,-194.01,6.04,153.39,0.0388,0.0000,0,collision,
232,39,-175.60,16.89,105.90,0.0279,0.0029,0,collision,
233,146,-133.99,12.38,458.79,0.0001,0.0214,0,collision,
234,1,-200.00,0.00,0.00,0.0000,0.0000,0,collision,
235,65,-151.88,14.52,166.88,0.0000,0.0122,0,collision,
236,17,-219.05,0.72,8.58,0.0672,0.0067,0,collision,
237,97,-155.60,10.93,377.14,0.0171,0.0051,0,collision,
238,66,-168.79,10.94,235.47,0.0080,0.0195,0,collision,
239,16,-199.28,2.85,26.13,0.0996,0.0000,0,collision,
240,51,-166.57,12.99,131.83,0.0138,0.0142,0,collision,
241,127,-118.19,15.05,196.86,0.0019,0.0099,0,collision,
242,141,-101.24,20.21,230.90,0.0016,0.0178,0,collision,
243,128,293.30,21.76,271.53,0.0000,0.0000,1,goal,
244,7,-210.03,0.01,0.60,0.1691,0.0000,0,collision,
245,21,-218.70,1.15,15.02,0.0930,0.0000,0,collision,
246,43,-170.72,15.16,185.30,0.0384,0.0163,0,collision,
247,116,-144.24,10.21,368.93,0.0031,0.0259,0,collision,
248,47,-170.70,14.27,300.74,0.0055,0.0209,0,collision,
249,153,-146.20,9.52,261.13,0.0025,0.0410,0,collision,
250,142,-198.75,3.63,359.10,0.0022,0.0000,0,collision,
251,78,-149.09,11.20,490.23,0.0091,0.0000,0,collision,
252,85,-189.77,8.98,274.26,0.0184,0.0461,0,collision,
253,13,-195.58,4.28,37.49,0.0669,0.0297,0,collision,
41,71,-151.76,16.73,158.19,0.0008,0.0088,0,collision,
42,39,-194.92,9.96,174.20,0.0206,0.0454,0,collision,
43,5,-202.44,1.16,5.26,0.0151,0.0000,0,collision,
44,13,-198.72,3.73,33.41,0.0582,0.0000,0,collision,
45,141,297.46,16.34,355.01,0.0000,0.0000,1,goal,
46,51,-152.61,22.29,147.17,0.0179,0.0392,0,collision,
47,51,-143.10,30.40,251.97,0.0030,0.0103,0,collision,
48,26,-189.23,4.95,92.21,0.0505,0.0000,0,collision,
49,116,-117.78,15.98,385.26,0.0118,0.0106,0,collision,
50,5,-204.37,0.00,0.40,0.2229,0.0000,0,collision,
254,85,-227.48,9.71,240.27,0.0000,0.0097,0,collision,
255,74,-146.42,18.70,217.15,0.0253,0.0076,0,collision,
256,2,-200.32,1.04,2.51,0.0416,0.0000,0,collision,
257,51,-172.46,11.02,139.89,0.0184,0.0109,0,collision,
258,56,-150.22,22.55,54.85,0.0190,0.0127,0,collision,
259,8,-197.54,4.75,65.09,0.1984,0.0000,0,collision,
260,76,-132.11,19.78,151.89,0.0116,0.0110,0,collision,
261,2,-201.66,0.00,0.10,0.5579,0.0000,0,collision,
262,95,-134.69,13.55,267.69,0.0105,0.0193,0,collision,
263,62,-144.39,20.87,99.13,0.0323,0.0033,0,collision,
264,7,-207.85,0.34,0.90,0.0000,0.0000,0,collision,
265,42,-177.07,15.05,168.75,0.0000,0.0253,0,collision,
266,71,-166.17,9.73,284.89,0.0059,0.0132,0,collision,
267,46,-169.92,13.89,193.36,0.0175,0.0574,0,collision,
268,67,-148.32,22.83,157.02,0.0269,0.0084,0,collision,
269,35,-180.64,13.90,21.00,0.0066,0.0476,0,collision,
270,12,-213.08,0.67,5.69,0.0744,0.0000,0,collision,
271,167,-118.22,12.41,477.18,0.0104,0.0017,0,collision,
272,20,-198.65,3.93,69.64,0.0222,0.0515,0,collision,
273,52,-156.38,17.73,143.51,0.0286,0.0000,0,collision,
274,150,303.68,15.79,266.90,0.0000,0.0000,1,goal,
275,85,-144.26,19.02,178.40,0.0000,0.0275,0,collision,
276,103,-141.94,7.98,559.71,0.0035,0.0215,0,collision,
277,76,-156.80,16.25,257.65,0.0040,0.0003,0,collision,
278,64,-148.24,15.89,266.57,0.0136,0.0003,0,collision,
279,120,-106.89,17.38,270.06,0.0032,0.0095,0,collision,
280,98,-129.94,13.82,247.64,0.0068,0.0292,0,collision,
281,6,-206.37,0.44,2.94,0.0867,0.0000,0,collision,
282,136,-132.00,9.82,709.01,0.0066,0.0187,0,collision,
283,45,-160.19,20.58,199.61,0.0057,0.0279,0,collision,
284,44,-188.45,6.51,186.90,0.0095,0.0349,0,collision,
285,69,-154.72,17.29,88.34,0.0135,0.0148,0,collision,
286,34,-190.03,9.61,137.22,0.0000,0.0456,0,collision,
287,61,-146.65,22.06,147.99,0.0000,0.0107,0,collision,
288,12,-198.29,4.90,76.15,0.0474,0.0000,0,collision,
289,47,-185.12,7.24,198.44,0.0166,0.0000,0,collision,
290,95,-129.65,17.92,393.37,0.0128,0.0080,0,collision,
291,124,-116.33,19.09,450.47,0.0077,0.0369,0,collision,
292,140,-106.05,15.53,458.49,0.0032,0.0177,0,collision,
293,24,-183.86,14.13,83.29,0.0646,0.0000,0,collision,
294,57,-146.09,23.01,95.82,0.0351,0.0066,0,collision,
295,94,297.43,26.51,88.27,0.0000,0.0000,1,goal,
296,1,-200.00,0.00,0.00,0.0000,0.0000,0,collision,
297,29,-180.65,12.07,212.52,0.0387,0.0015,0,collision,
298,5,-203.37,1.13,4.90,0.2262,0.0000,0,collision,
299,12,-194.44,5.28,67.50,0.0771,0.0000,0,collision,
300,20,-197.38,3.89,61.90,0.0126,0.0532,0,collision,
301,38,-174.34,13.50,278.96,0.0007,0.0213,0,collision,
302,42,-169.09,15.54,137.11,0.0145,0.0082,0,collision,
303,173,278.32,16.31,231.55,0.0000,0.0101,1,goal,
304,26,-203.59,3.07,67.60,0.0146,0.0000,0,collision,
305,39,-168.96,16.50,96.80,0.0283,0.0284,0,collision,
306,29,-177.20,16.11,208.92,0.0081,0.0000,0,collision,
307,46,-165.01,18.09,148.48,0.0000,0.0177,0,collision,
308,20,-201.87,3.99,73.78,0.0876,0.0000,0,collision,
309,48,-174.70,12.06,126.38,0.0220,0.0276,0,collision,
310,54,-192.92,8.82,148.56,0.0000,0.0183,0,collision,
311,28,-194.51,6.23,168.26,0.0508,0.0601,0,collision,
312,101,-121.84,20.56,290.58,0.0003,0.0124,0,collision,
313,37,-171.56,16.36,82.81,0.0353,0.0168,0,collision,
314,52,-153.37,22.87,138.73,0.0111,0.0098,0,collision,
315,50,-160.69,24.23,177.47,0.0033,0.0140,0,collision,
316,92,-129.47,17.06,-29.12,0.0202,0.0213,0,collision,
317,14,-197.64,4.95,83.65,0.1267,0.0000,0,collision,
318,60,-147.00,22.00,143.18,0.0031,0.0303,0,collision,
319,6,-199.47,2.92,17.80,0.0197,0.0000,0,collision,
320,196,-270.57,8.29,227.36,0.0052,0.0235,0,collision,
321,80,-112.39,28.46,134.10,0.0130,0.0000,0,collision,
322,6,-202.06,1.27,11.66,0.0000,0.0000,0,collision,
323,14,-194.53,7.05,123.93,0.0475,0.0000,0,collision,
51,74,-166.93,9.50,248.30,0.0009,0.0000,0,collision,
52,11,-194.01,5.77,98.95,0.0063,0.0000,0,collision,
53,122,-89.06,22.40,338.11,0.0047,0.0000,0,collision,
54,68,-137.21,18.55,206.08,0.0294,0.0000,0,collision,
55,100,-146.81,11.74,94.59,0.0128,0.0000,0,collision,
56,8,-206.06,1.06,6.78,0.0361,0.0000,0,collision,
57,26,-204.75,3.57,79.25,0.0579,0.0256,0,collision,
58,37,-172.66,13.50,140.14,0.0068,0.0131,0,collision,
59,7,-201.52,2.34,24.29,0.0000,0.0000,0,collision,
60,38,-170.13,15.39,80.81,0.0416,0.0000,0,collision,
324,117,-150.45,12.49,593.41,0.0012,0.0024,0,collision,
325,79,-144.95,21.05,-33.43,0.0124,0.0344,0,collision,
326,4,-200.41,1.84,8.09,0.3151,0.0000,0,collision,
327,114,-195.93,10.18,371.61,0.0035,0.0398,0,collision,
328,28,-180.95,14.33,226.86,0.0114,0.0613,0,collision,
329,7,-203.18,1.70,15.36,0.1146,0.0000,0,collision,
330,52,-165.86,13.52,88.43,0.0201,0.0000,0,collision,
331,104,-125.75,17.12,247.38,0.0064,0.0091,0,collision,
332,129,296.66,17.45,308.46,0.0000,0.0000,1,goal,
333,39,-167.85,16.87,164.65,0.0000,0.0293,0,collision,
334,83,-146.77,15.90,252.15,0.0168,0.0040,0,collision,
335,78,-127.77,21.37,83.26,0.0058,0.0281,0,collision,
336,10,-197.56,4.39,59.76,0.1158,0.0122,0,collision,
337,113,-164.93,13.58,395.95,0.0015,0.0865,0,collision,
338,56,-148.10,24.20,69.89,0.0102,0.0230,0,collision,
339,77,-158.22,11.53,340.35,0.0000,0.0530,0,collision,
340,122,308.48,19.62,396.00,0.0000,0.0071,1,goal,
341,50,-156.09,19.00,77.16,0.0083,0.0124,0,collision,
342,33,-189.08,8.15,161.14,0.0162,0.0359,0,collision,
343,36,-173.04,10.66,285.48,0.0556,0.0000,0,collision,
344,89,-126.12,17.50,238.81,0.0043,0.0008,0,collision,
345,35,-177.01,12.38,85.01,0.0082,0.0455,0,collision,
346,67,-152.85,12.42,140.38,0.0278,0.0000,0,collision,
347,89,-147.10,16.22,189.55,0.0042,0.0040,0,collision,
348,94,-107.69,22.31,189.65,0.0168,0.0064,0,collision,
349,42,-168.81,19.47,91.27,0.0000,0.0042,0,collision,
350,37,-175.81,7.72,171.47,0.0162,0.0000,0,collision,
351,55,-155.19,24.58,139.81,0.0364,0.0086,0,collision,
352,59,-152.31,18.03,93.48,0.0184,0.0104,0,collision,
353,43,-167.72,13.31,266.21,0.0242,0.0160,0,collision,
354,19,-203.44,2.74,38.98,0.0263,0.0000,0,collision,
355,126,-86.50,21.33,255.36,0.0069,0.0000,0,collision,
356,83,-117.89,23.19,174.85,0.0066,0.0081,0,collision,
357,24,-191.96,12.29,169.78,0.0389,0.0685,0,collision,
358,71,-138.95,19.00,95.75,0.0128,0.0065,0,collision,
359,77,-137.60,19.61,296.69,0.0046,0.0420,0,collision,
360,40,-174.69,16.01,181.82,0.0141,0.0689,0,collision,
361,53,-171.12,13.04,236.43,0.0142,0.0706,0,collision,
362,48,-166.86,13.21,286.56,0.0000,0.0128,0,collision,
363,2,-200.32,1.04,2.51,0.4225,0.0000,0,collision,
364,30,-186.77,13.36,141.86,0.0232,0.1704,0,collision,
365,53,-152.19,21.65,201.27,0.0319,0.0183,0,collision,
366,52,-163.66,13.08,262.41,0.0049,0.0263,0,collision,
367,31,-173.90,17.80,133.25,0.0076,0.0221,0,collision,
368,71,-152.88,16.08,369.63,0.0105,0.0160,0,collision,
369,29,-177.84,16.46,153.24,0.0551,0.0323,0,collision,
370,149,-220.04,10.94,415.57,0.0060,0.0382,0,collision,
371,88,-132.64,15.80,257.32,0.0000,0.0086,0,collision,
372,41,-174.86,16.53,119.77,0.0039,0.0280,0,collision,
373,118,-118.58,20.46,382.48,0.0076,0.0218,0,collision,
374,33,-170.69,19.47,60.39,0.0000,0.0133,0,collision,
375,174,-247.60,9.84,172.75,0.0087,0.0072,0,collision,
376,48,-177.46,11.70,224.60,0.0000,0.2290,0,collision,
377,78,-118.14,26.18,77.17,0.0018,0.0013,0,collision,
378,23,-187.59,9.29,143.07,0.0323,0.0900,0,collision,
379,6,-202.89,1.23,6.29,0.2472,0.0151,0,collision,
380,24,-192.06,4.47,76.86,0.0374,0.0000,0,collision,
381,28,-179.13,16.80,185.87,0.0000,0.0000,0,collision,
382,30,-186.66,8.71,150.31,0.0667,0.0640,0,collision,
383,102,-124.77,16.22,308.05,0.0006,0.0137,0,collision,
384,43,-165.34,15.11,139.32,0.0181,0.0135,0,collision,
385,71,-126.78,24.82,-6.01,0.0000,0.0097,0,collision,
386,8,-205.75,0.96,6.20,0.0115,0.0000,0,collision,
387,9,-198.96,3.56,41.58,0.0345,0.0000,0,collision,
388,40,-168.57,15.97,153.31,0.0367,0.0159,0,collision,
389,22,-186.51,10.27,122.43,0.0402,0.0000,0,collision,
390,60,-141.64,22.63,100.78,0.0000,0.0000,0,collision,
391,5,-203.88,0.87,4.57,0.0910,0.0000,0,collision,
392,26,-178.60,14.49,154.74,0.0408,0.0000,0,collision,
393,42,-163.10,17.25,191.61,0.0088,0.0000,0,collision,
394,40,-173.63,14.94,227.67,0.0184,0.0183,0,collision,
395,69,-142.31,22.01,60.82,0.0151,0.0069,0,collision,
61,47,-171.34,14.28,261.65,0.0189,0.0388,0,collision,
62,96,-167.38,15.71,303.48,0.0017,0.0082,0,collision,
63,7,-199.16,4.02,48.84,0.0255,0.0000,0,collision,
64,22,-191.12,12.08,82.31,0.0000,0.0086,0,collision,
65,38,-164.45,20.78,148.22,0.0208,0.0000,0,collision,
66,40,-175.91,13.85,244.72,0.0220,0.0151,0,collision,
67,48,-168.42,19.12,14.32,0.0231,0.0000,0,collision,
68,46,-149.90,29.18,123.95,0.0000,0.0172,0,collision,
69,88,-142.66,20.39,242.69,0.0016,0.0090,0,collision,
70,25,-184.51,14.14,149.43,0.0029,0.0846,0,collision,
396,129,-148.20,20.59,337.48,0.0043,0.0000,0,collision,
397,61,-134.03,28.30,41.20,0.0000,0.0037,0,collision,
398,71,-136.78,20.36,230.27,0.0000,0.0034,0,collision,
399,79,295.05,31.52,69.87,0.0000,0.0000,1,goal,
400,103,-117.04,19.58,393.29,0.0194,0.0060,0,collision,
401,54,-163.28,18.59,167.37,0.0093,0.0202,0,collision,
402,33,-179.10,15.23,45.99,0.0464,0.0275,0,collision,
403,7,-200.28,2.78,24.65,0.1180,0.0000,0,collision,
404,59,-142.88,23.04,241.89,0.0000,0.0019,0,collision,
405,36,-171.14,18.26,193.25,0.0066,0.0233,0,collision,
406,11,-197.81,4.90,58.46,0.1080,0.0255,0,collision,
407,28,-180.99,17.45,124.45,0.0025,0.0160,0,collision,
408,6,-204.72,1.02,4.96,0.0085,0.0000,0,collision,
409,67,-140.32,24.62,201.96,0.0211,0.0000,0,collision,
410,100,-159.19,14.84,396.55,0.0050,0.0006,0,collision,
411,22,-187.13,6.50,141.47,0.0176,0.0000,0,collision,
412,38,-165.50,21.24,156.83,0.0003,0.0164,0,collision,
413,75,-126.31,24.17,218.07,0.0267,0.0055,0,collision,
414,79,-111.04,29.63,109.94,0.0134,0.0045,0,collision,
415,50,-166.39,14.89,166.32,0.0383,0.0354,0,collision,
416,25,-180.99,15.50,208.44,0.0386,0.0000,0,collision,
417,26,-185.12,12.20,127.63,0.0000,0.0788,0,collision,
418,170,-235.94,10.64,240.23,0.0045,0.0030,0,collision,
419,19,-185.81,11.96,127.63,0.0693,0.0000,0,collision,
420,22,-185.83,16.55,119.81,0.0000,0.0679,0,collision,
421,100,-113.12,21.38,279.67,0.0097,0.0084,0,collision,
422,22,-185.42,12.15,132.95,0.0307,0.0299,0,collision,
423,33,-175.14,18.65,107.76,0.0096,0.0000,0,collision,
424,8,-207.93,0.85,6.98,0.0000,0.0000,0,collision,
425,67,287.44,36.91,31.50,0.0000,0.0000,1,goal,
426,43,-156.37,26.56,89.58,0.0091,0.0028,0,collision,
427,20,-189.42,9.28,139.00,0.0513,0.1978,0,collision,
428,25,-185.69,9.02,158.44,0.0130,0.0590,0,collision,
429,12,-198.21,3.68,64.19,0.0187,0.0000,0,collision,
430,27,-182.62,15.80,127.70,0.0058,0.0220,0,collision,
431,46,-172.11,13.22,130.66,0.0132,0.0195,0,collision,
432,44,-171.87,15.76,90.72,0.0169,0.0000,0,collision,
433,106,307.20,27.15,279.29,0.0000,0.0000,1,goal,
434,68,-156.43,15.52,269.05,0.0000,0.0090,0,collision,
435,47,-160.51,18.38,162.41,0.0019,0.0309,0,collision,
436,57,-143.57,23.46,39.76,0.0000,0.0014,0,collision,
437,28,-179.77,15.51,123.33,0.0255,0.0649,0,collision,
438,24,-181.61,18.77,125.97,0.0127,0.0239,0,collision,
439,36,-173.73,14.53,149.96,0.0377,0.0175,0,collision,
440,93,-119.02,22.88,130.76,0.0090,0.0201,0,collision,
441,44,-166.63,14.60,183.89,0.0063,0.0099,0,collision,
442,41,-158.87,22.76,49.91,0.0371,0.0208,0,collision,
443,33,-173.70,17.45,140.52,0.0188,0.0000,0,collision,
444,55,-161.19,17.49,133.22,0.0265,0.0031,0,collision,
445,54,-165.54,15.55,105.08,0.0239,0.0000,0,collision,
446,37,-170.59,17.18,160.38,0.0024,0.0174,0,collision,
447,63,-153.08,18.76,193.91,0.0000,0.0000,0,collision,
448,27,-183.92,8.20,148.75,0.0000,0.0687,0,collision,
449,30,-179.49,13.93,176.84,0.0000,0.0315,0,collision,
450,4,-198.91,3.11,22.43,0.0000,0.0000,0,collision,
451,2,-201.52,0.17,0.17,0.4201,0.0000,0,collision,
452,57,-134.88,29.99,272.34,0.0132,0.0000,0,collision,
453,10,-194.16,7.75,100.18,0.0582,0.0000,0,collision,
454,116,-198.65,15.16,319.12,0.0078,0.0441,0,collision,
455,42,-178.29,13.77,130.18,0.0288,0.0285,0,collision,
456,22,-187.87,14.50,136.25,0.0000,0.1922,0,collision,
457,138,-234.17,7.92,355.22,0.0012,0.0373,0,collision,
458,55,-147.53,22.72,219.27,0.0163,0.0042,0,collision,
459,185,-230.14,8.44,642.29,0.0000,0.0091,0,collision,
460,97,-140.81,14.04,287.14,0.0178,0.0060,0,collision,
461,67,-135.32,23.17,139.34,0.0000,0.0146,0,collision,
462,36,-170.80,18.29,28.69,0.0384,0.0135,0,collision,
463,21,-194.59,8.60,101.65,0.0101,0.0543,0,collision,
464,46,-189.20,6.76,154.31,0.0032,0.0000,0,collision,
465,14,-193.36,9.18,86.37,0.0000,0.1326,0,collision,
466,4,-199.35,3.11,22.43,0.2152,0.1400,0,collision,
467,72,-122.37,27.20,144.70,0.0006,0.0000,0,collision,
468,12,-193.74,7.60,76.74,0.0538,0.0000,0,collision,
469,11,-196.74,3.89,44.83,0.0000,0.0000,0,collision,
470,28,-188.03,8.55,198.02,0.0147,0.0345,0,collision,
471,29,-173.44,21.85,118.14,0.0371,0.0482,0,collision,
472,19,-191.13,4.46,70.44,0.0362,0.0370,0,collision,
473,83,-152.35,11.61,236.51,0.0204,0.0157,0,collision,
474,32,-175.30,14.46,48.04,0.0522,0.0280,0,collision,
475,74,-176.51,14.17,276.29,0.0000,0.0040,0,collision,
476,45,-167.72,12.85,171.71,0.0057,0.0582,0,collision,
477,92,-188.99,9.21,182.73,0.0049,0.0056,0,collision,
478,37,-168.14,17.73,175.64,0.0087,0.0217,0,collision,
71,52,-156.14,16.56,241.87,0.0357,0.0000,0,collision,
72,147,-262.10,7.16,401.25,0.0053,0.0049,0,collision,
73,34,-171.92,16.25,137.52,0.0000,0.0203,0,collision,
74,64,-132.71,30.43,109.49,0.0132,0.0050,0,collision,
75,23,-193.52,8.92,91.55,0.0131,0.2662,0,collision,
76,96,300.70,25.75,-10.09,0.0000,0.0000,1,goal,
77,8,-204.91,1.20,8.80,0.0166,0.0000,0,collision,
78,159,-220.22,9.47,357.66,0.0055,0.0081,0,collision,
79,58,-165.86,10.49,274.33,0.0060,0.0163,0,collision,
80,62,-137.04,26.93,157.90,0.0120,0.0136,0,collision,
479,83,-162.64,21.00,224.91,0.0000,0.0110,0,collision,
480,48,-153.21,23.73,214.05,0.0087,0.0206,0,collision,
481,46,-163.63,17.92,141.69,0.0000,0.0000,0,collision,
482,57,-130.79,34.27,125.82,0.0000,0.0098,0,collision,
483,122,-116.29,18.35,55.29,0.0034,0.0336,0,collision,
484,52,-155.68,25.17,105.66,0.0000,0.0000,0,collision,
485,31,-175.79,16.35,224.19,0.0000,0.0291,0,collision,
486,110,-150.82,17.49,156.72,0.0104,0.0086,0,collision,
487,38,-168.09,16.64,163.24,0.0189,0.0150,0,collision,
488,25,-184.13,10.85,167.28,0.0510,0.0458,0,collision,
489,4,-200.45,1.69,8.44,0.5000,0.0000,0,collision,
490,43,-167.96,14.96,279.72,0.0128,0.0282,0,collision,
491,75,-130.06,22.62,12.05,0.0122,0.0133,0,collision,
492,121,-142.09,20.27,323.80,0.0060,0.0815,0,collision,
493,100,292.00,25.26,122.09,0.0000,0.0000,1,goal,
494,26,-179.94,17.52,65.20,0.0363,0.0313,0,collision,
495,51,-166.59,16.32,188.48,0.0358,0.0091,0,collision,
496,104,-127.32,13.75,276.63,0.0006,0.0000,0,collision,
497,6,-202.12,2.23,18.85,0.0386,0.2416,0,collision,
498,7,-199.09,2.66,21.50,0.2857,0.0000,0,collision,
499,45,-169.25,14.74,131.00,0.0153,0.0135,0,collision,
500,55,-142.68,26.24,12.75,0.0222,0.0187,0,collision,
501,44,-174.31,12.75,165.33,0.0179,0.0270,0,collision,
502,27,-181.67,13.06,151.18,0.0709,0.0135,0,collision,
503,58,-147.92,25.45,86.91,0.0217,0.0052,0,collision,
504,39,-168.76,17.86,140.54,0.0176,0.0468,0,collision,
505,22,-207.41,2.52,45.81,0.0221,0.0134,0,collision,
506,18,-191.05,8.70,128.34,0.0117,0.1271,0,collision,
507,55,-154.28,18.55,279.53,0.0273,0.0180,0,collision,
508,126,316.13,23.22,204.04,0.0000,0.0000,1,goal,
509,35,-171.38,14.79,89.99,0.0025,0.0232,0,collision,
510,22,-187.66,10.96,157.47,0.0000,0.0367,0,collision,
511,9,-196.91,5.21,66.77,0.2222,0.0000,0,collision,
512,29,-189.43,9.75,154.01,0.0501,0.0000,0,collision,
513,44,-169.74,12.80,172.28,0.0273,0.0408,0,collision,
514,30,-195.03,6.81,156.36,0.0172,0.0000,0,collision,
515,30,-174.19,18.63,91.48,0.0104,0.0286,0,collision,
516,64,-155.30,16.75,127.52,0.0308,0.0081,0,collision,
517,69,-115.88,33.67,260.96,0.0207,0.0000,0,collision,
518,32,-176.73,14.94,183.14,0.0334,0.0603,0,collision,
519,75,-123.45,24.32,24.99,0.0000,0.0000,0,collision,
520,35,-191.38,8.62,147.56,0.0000,0.0567,0,collision,
521,71,-160.87,16.40,295.19,0.0272,0.0000,0,collision,
522,59,-138.34,25.97,134.87,0.0000,0.0233,0,collision,
523,10,-199.74,4.07,76.45,0.1115,0.0000,0,collision,
524,46,-160.34,17.92,283.64,0.0199,0.0000,0,collision,
525,100,-106.21,22.03,262.52,0.0152,0.0088,0,collision,
526,113,-235.08,7.24,341.84,0.0058,0.0424,0,collision,
527,1,-200.00,0.00,0.00,0.0000,0.0000,0,collision,
528,52,-141.41,29.37,121.85,0.0295,0.0029,0,collision,
529,48,-165.58,12.30,230.13,0.0019,0.0000,0,collision,
530,86,-120.50,22.33,390.79,0.0000,0.0048,0,collision,
531,80,-170.16,12.63,260.46,0.0164,0.0096,0,collision,
532,38,-168.19,17.03,193.24,0.0171,0.0281,0,collision,
533,92,281.42,25.11,190.25,0.0000,0.0084,1,goal,
534,47,-160.12,20.66,89.16,0.0013,0.0110,0,collision,
535,31,-171.63,21.09,151.00,0.0266,0.0233,0,collision,
536,67,-124.97,30.24,-11.03,0.0107,0.0095,0,collision,
537,91,-131.59,16.98,275.62,0.0091,0.0438,0,collision,
538,36,-169.86,20.94,108.58,0.0111,0.0151,0,collision,
539,57,-169.31,15.63,242.29,0.0081,0.0454,0,collision,
540,44,-164.18,16.66,168.22,0.0086,0.0171,0,collision,
541,89,307.25,33.21,64.56,0.0000,0.0108,1,goal,
542,3,-199.63,2.08,9.94,0.0000,0.0000,0,collision,
543,7,-201.83,1.81,9.85,0.0976,0.0000,0,collision,
544,185,-237.30,10.10,270.13,0.0002,0.0052,0,collision,
545,31,-175.84,17.41,120.98,0.0000,0.0188,0,collision,
546,73,-116.82,33.92,112.58,0.0125,0.0000,0,collision,
547,39,-172.13,15.65,212.10,0.0000,0.0064,0,collision,
548,30,-172.28,21.26,134.61,0.0081,0.0234,0,collision,
549,38,-167.80,17.60,167.58,0.0335,0.0205,0,collision,
550,12,-196.46,3.32,28.46,0.0188,0.0000,0,collision,
551,61,-149.54,15.76,19.33,0.0124,0.0000,0,collision,
552,8,-198.31,3.35,29.93,0.2437,0.0000,0,collision,
553,34,-176.38,18.62,101.13,0.0106,0.0373,0,collision,
554,23,-189.26,11.15,127.80,0.0274,0.0165,0,collision,
555,40,-169.59,15.48,79.38,0.0000,0.0156,0,collision,
556,112,286.31,23.59,267.93,0.0000,0.0000,1,goal,
557,30,-183.40,14.60,121.72,0.0350,0.0413,0,collision,
81,38,-170.69,16.66,220.20,0.0043,0.0151,0,collision,
82,70,-115.44,34.04,-12.82,0.0193,0.0120,0,collision,
83,36,-180.21,7.52,285.57,0.0107,0.0296,0,collision,
84,14,-205.35,2.20,26.93,0.0482,0.0000,0,collision,
85,77,-134.33,20.24,181.76,0.0216,0.0092,0,collision,
86,72,-139.82,17.16,151.51,0.0082,0.0000,0,collision,
87,5,-205.43,0.51,2.84,0.3186,0.2255,0,collision,
88,67,-143.90,22.18,166.82,0.0027,0.0385,0,collision,
89,48,-168.72,14.04,140.31,0.0246,0.0254,0,collision,
90,60,-147.57,21.03,156.94,0.0078,0.0146,0,collision,
558,53,-180.54,16.87,173.62,0.0360,0.0458,0,collision,
559,120,-126.48,17.19,293.11,0.0090,0.0155,0,collision,
560,19,-204.19,2.54,42.67,0.0379,0.0000,0,collision,
561,83,281.67,25.17,101.22,0.0000,0.0194,1,goal,
562,25,-182.88,13.51,169.60,0.0252,0.0495,0,collision,
563,21,-187.34,11.96,128.11,0.0007,0.1387,0,collision,
564,76,-128.38,27.66,110.57,0.0234,0.0064,0,collision,
565,29,-183.37,13.63,149.87,0.0499,0.0410,0,collision,
566,56,-147.71,23.53,133.54,0.0004,0.0030,0,collision,
567,66,-139.38,20.17,200.90,0.0075,0.0016,0,collision,
568,9,-198.98,4.66,81.32,0.0330,0.0000,0,collision,
569,68,-135.32,22.41,-22.14,0.0106,0.0210,0,collision,
570,8,-203.73,2.05,20.65,0.0212,0.2073,0,collision,
571,24,-189.23,7.22,158.99,0.0609,0.0746,0,collision,
572,39,-163.33,21.23,126.08,0.0232,0.0163,0,collision,
573,9,-202.89,2.56,31.41,0.0000,0.1399,0,collision,
574,71,-129.00,27.13,12.03,0.0151,0.0072,0,collision,
575,88,-124.62,18.36,102.07,0.0087,0.0069,0,collision,
576,4,-200.50,1.74,7.56,0.5000,0.0000,0,collision,
577,14,-195.67,4.59,72.71,0.0000,0.0000,0,collision,
578,90,-121.80,20.36,115.10,0.0000,0.0000,0,collision,
579,29,-187.94,11.95,83.35,0.0000,0.0024,0,collision,
580,7,-199.39,2.47,15.56,0.0320,0.0000,0,collision,
581,29,-179.17,10.53,240.71,0.0394,0.0000,0,collision,
582,76,-110.73,30.92,-60.61,0.0080,0.0000,0,collision,
583,84,-144.80,12.61,120.58,0.0075,0.0205,0,collision,
584,82,-138.69,18.19,238.47,0.0028,0.0382,0,collision,
585,64,-176.15,9.20,304.71,0.0220,0.0593,0,collision,
586,122,297.33,20.11,103.65,0.0000,0.0000,1,goal,
587,8,-202.65,1.59,11.80,0.0206,0.0000,0,collision,
588,29,-175.42,18.36,139.65,0.0341,0.0255,0,collision,
589,83,-125.83,18.60,102.51,0.0029,0.0023,0,collision,
590,14,-194.30,6.67,132.28,0.0462,0.0000,0,collision,
591,106,-105.06,21.92,28.33,0.0009,0.0032,0,collision,
592,23,-192.37,7.66,174.59,0.0155,0.1698,0,collision,
593,87,-103.91,29.69,32.26,0.0230,0.0044,0,collision,
594,148,-185.01,9.84,379.87,0.0135,0.0216,0,collision,
595,33,-175.48,13.98,156.07,0.0582,0.0404,0,collision,
596,8,-198.67,4.12,43.89,0.2317,0.0000,0,collision,
597,31,-184.15,9.99,143.19,0.0079,0.0477,0,collision,
598,75,-132.63,20.16,208.92,0.0208,0.0000,0,collision,
599,118,322.85,24.01,-48.04,0.0000,0.0000,1,goal,
600,121,297.98,20.37,296.96,0.0000,0.0000,1,goal,
601,67,-157.43,13.99,196.88,0.0109,0.0255,0,collision,
602,151,-151.50,14.22,376.55,0.0120,0.0031,0,collision,
603,107,-110.97,20.78,222.20,0.0039,0.0073,0,collision,
604,155,-74.72,15.85,279.36,0.0122,0.0175,0,collision,
605,7,-204.30,0.96,3.69,0.0000,0.0000,0,collision,
606,86,-126.97,16.75,147.50,0.0026,0.0000,0,collision,
607,65,-143.30,23.36,108.40,0.0060,0.0138,0,collision,
608,84,-143.89,12.44,314.52,0.0053,0.0097,0,collision,
609,2,-200.32,1.04,2.51,1.0000,0.0000,0,collision,
610,42,-190.58,3.79,120.53,0.0178,0.0000,0,collision,
611,83,-134.46,16.78,248.48,0.0127,0.0347,0,collision,
612,25,-217.34,1.44,23.65,0.0231,0.0000,0,collision,
613,109,-122.39,15.90,333.94,0.0000,0.0170,0,collision,
614,168,310.33,15.10,401.79,0.0000,0.0317,1,goal,
615,46,-166.72,14.35,129.92,0.0174,0.0134,0,collision,
616,60,-150.78,18.50,125.83,0.0140,0.0000,0,collision,
617,67,-144.02,16.28,259.71,0.0299,0.0078,0,collision,
618,5,-204.58,0.84,2.26,0.1500,0.1293,0,collision,
619,88,-174.78,9.57,426.71,0.0039,0.0327,0,collision,
620,86,-120.42,26.80,203.38,0.0195,0.0271,0,collision,
621,1,-200.00,0.00,0.00,0.0000,0.0000,0,collision,
622,20,-201.47,2.74,29.95,0.0000,0.0269,0,collision,
623,24,-185.98,11.22,94.29,0.0700,0.0451,0,collision,
624,95,-145.26,13.85,449.30,0.0057,0.0124,0,collision,
625,4,-200.57,1.51,5.87,0.1731,0.0000,0,collision,
626,81,-132.35,20.07,316.76,0.0068,0.0262,0,collision,
627,36,-189.02,5.59,193.17,0.0142,0.0000,0,collision,
628,6,-205.02,0.81,4.46,0.0059,0.1640,0,collision,
91,46,-177.32,14.27,129.99,0.0048,0.0180,0,collision,
92,72,-130.47,24.95,111.75,0.0030,0.0059,0,collision,
93,14,-191.42,7.55,110.40,0.0358,0.0000,0,collision,
94,58,-172.35,10.02,341.32,0.0281,0.0254,0,collision,
95,57,-173.96,11.61,120.85,0.0266,0.0296,0,collision,
96,61,-160.60,10.78,189.36,0.0014,0.0289,0,collision,
97,98,-124.67,15.59,170.28,0.0196,0.0063,0,collision,
98,16,-194.77,5.54,77.47,0.0077,0.0000,0,collision,
99,20,-187.67,9.50,82.76,0.0061,0.0000,0,collision,
100,145,245.20,15.34,102.55,0.0000,0.0000,1,goal,
629,46,-196.87,16.91,167.28,0.0066,0.0156,0,collision,
630,41,-181.63,7.18,192.35,0.0488,0.0421,0,collision,
631,21,-198.21,3.99,72.50,0.0207,0.0000,0,collision,
632,6,-205.81,0.69,4.55,0.0000,0.0000,0,collision,
633,10,-194.76,5.18,41.51,0.0628,0.0000,0,collision,
634,43,-177.64,9.61,197.28,0.0250,0.0243,0,collision,
635,151,-113.25,13.24,589.73,0.0000,0.0765,0,collision,
636,98,-120.63,20.67,275.54,0.0050,0.0041,0,collision,
637,56,-160.53,12.48,227.57,0.0265,0.0069,0,collision,
638,75,-130.93,21.76,235.39,0.0183,0.0516,0,collision,
639,8,-197.33,3.78,26.49,0.0785,0.0112,0,collision,
640,47,-174.22,13.00,229.13,0.0426,0.0175,0,collision,
641,3,-200.66,1.55,3.97,0.1667,0.0000,0,collision,
642,153,-207.89,8.99,429.69,0.0099,0.0298,0,collision,
643,12,-206.84,2.40,28.01,0.0720,0.5638,0,collision,
644,79,-139.32,17.00,112.12,0.0040,0.0190,0,collision,
645,58,-142.85,23.01,163.08,0.0119,0.0000,0,collision,
646,120,-108.72,16.39,266.33,0.0015,0.0253,0,collision,
647,104,296.23,21.87,216.67,0.0000,0.0037,1,goal,
648,85,-150.62,13.36,173.30,0.0108,0.0307,0,collision,
649,47,-156.82,20.08,199.86,0.0024,0.0000,0,collision,
650,121,-150.70,12.45,115.53,0.0130,0.0305,0,collision,
651,4,-204.12,0.28,0.94,0.0183,0.0000,0,collision,
652,6,-197.53,4.18,30.12,0.1411,0.0000,0,collision,
653,82,-160.33,9.69,336.30,0.0144,0.0237,0,collision,
654,51,-162.41,16.42,83.87,0.0143,0.0415,0,collision,
655,38,-181.91,6.79,190.22,0.0453,0.0226,0,collision,
656,1,-200.00,0.00,0.00,0.0000,0.0000,0,collision,
657,7,-203.30,1.39,6.95,0.2853,0.0000,0,collision,
658,118,-121.08,13.19,306.49,0.0111,0.0063,0,collision,
659,124,318.48,20.48,216.19,0.0000,0.0010,1,goal,
660,5,-198.32,2.91,9.30,0.1581,0.0000,0,collision,
661,2,-201.66,0.00,0.10,0.7294,0.0000,0,collision,
662,121,294.38,17.32,7.88,0.0000,0.0079,1,goal,
663,93,-151.89,13.78,261.12,0.0049,0.0626,0,collision,
664,57,-163.29,14.84,199.29,0.0055,0.0850,0,collision,
665,43,-167.66,15.20,23.43,0.0465,0.0208,0,collision,
666,55,-150.07,21.72,53.03,0.0030,0.0000,0,collision,
667,157,-117.92,8.95,394.25,0.0017,0.0000,0,collision,
668,55,-164.27,12.29,267.34,0.0052,0.0693,0,collision,
669,96,-139.82,12.79,220.97,0.0012,0.0089,0,collision,
670,203,-73.22,11.08,726.60,0.0018,0.0004,0,collision,
671,91,-142.78,13.43,268.04,0.0032,0.0193,0,collision,
672,48,-173.77,10.88,127.50,0.0154,0.0386,0,collision,
673,138,333.37,22.49,193.03,0.0000,0.0211,1,goal,
674,23,-201.48,2.70,47.99,0.0412,0.0000,0,collision,
675,67,-150.33,16.95,108.30,0.0129,0.0800,0,collision,
676,20,-205.47,2.30,29.24,0.0380,0.0000,0,collision,
677,4,-202.23,0.89,3.72,0.0962,0.0000,0,collision,
678,62,-175.84,10.23,150.87,0.0087,0.1069,0,collision,
679,52,-169.60,10.69,111.57,0.0109,0.0227,0,collision,
680,172,-117.33,17.28,242.95,0.0029,0.0160,0,collision,
681,139,313.68,18.64,518.98,0.0000,0.0129,1,goal,
682,60,-182.43,9.46,168.51,0.0102,0.0180,0,collision,
683,98,300.71,25.17,285.12,0.0000,0.0000,1,goal,
684,163,-162.42,12.62,448.27,0.0094,0.0118,0,collision,
685,47,-189.96,5.96,145.47,0.0426,0.0909,0,collision,
686,138,-114.37,10.15,513.89,0.0052,0.0164,0,collision,
687,25,-204.07,4.63,107.94,0.0148,0.0000,0,collision,
101,10,-201.89,2.43,23.07,0.1857,0.0879,0,collision,
102,15,-192.54,4.65,49.68,0.0173,0.0000,0,collision,
103,74,-139.02,19.05,230.44,0.0125,0.0293,0,collision,
104,62,-151.43,15.10,196.44,0.0000,0.0000,0,collision,
105,52,-158.53,19.09,12.18,0.0187,0.0218,0,collision,
106,4,-198.91,3.11,22.43,0.0000,0.0000,0,collision,
107,40,-168.81,14.95,124.80,0.0022,0.0406,0,collision,
108,17,-198.54,4.99,82.05,0.0062,0.0000,0,collision,
109,134,-83.07,20.45,8.67,0.0016,0.0006,0,collision,
110,9,-198.28,2.76,18.89,0.0899,0.0000,0,collision,
688,101,-167.96,12.85,474.88,0.0041,0.0068,0,collision,
689,121,-139.41,15.08,264.19,0.0066,0.0099,0,collision,
690,31,-175.04,17.32,173.10,0.0406,0.0512,0,collision,
691,76,-152.77,13.08,102.21,0.0119,0.0386,0,collision,
692,54,-169.36,12.84,96.65,0.0342,0.0245,0,collision,
693,44,-176.44,7.22,249.28,0.0144,0.0292,0,collision,
694,39,-167.85,16.29,219.04,0.0407,0.0168,0,collision,
695,25,-203.89,3.10,69.24,0.0039,0.0000,0,collision,
696,14,-196.79,3.95,41.01,0.0015,0.0000,0,collision,
697,50,-188.54,12.09,115.31,0.0019,0.0625,0,collision,
698,161,-122.15,9.37,731.12,0.0059,0.0136,0,collision,
699,6,-203.03,1.23,8.29,0.3333,0.0000,0,collision,
700,34,-184.61,10.04,226.09,0.0481,0.1132,0,collision,
701,44,-169.49,14.05,151.51,0.0067,0.0328,0,collision,
702,24,-189.58,12.61,141.21,0.0130,0.0389,0,collision,
703,79,-138.09,17.26,121.25,0.0000,0.0248,0,collision,
704,59,-166.96,10.32,218.28,0.0235,0.0000,0,collision,
705,27,-192.91,9.74,151.75,0.0233,0.0355,0,collision,
706,54,-171.94,10.38,154.24,0.0370,0.0306,0,collision,
707,31,-192.63,6.86,137.74,0.0573,0.0000,0,collision,
708,94,-135.55,14.40,339.04,0.0037,0.0081,0,collision,
709,81,-119.92,26.87,80.27,0.0128,0.0117,0,collision,
710,50,-178.00,15.46,97.17,0.0178,0.0398,0,collision,
711,44,-171.17,17.44,53.10,0.0000,0.0292,0,collision,
712,87,-126.72,20.76,-14.40,0.0115,0.0132,0,collision,
713,95,-114.14,19.52,191.11,0.0143,0.0000,0,collision,
714,95,-142.56,15.07,175.54,0.0147,0.0237,0,collision,
715,88,-141.62,8.54,515.99,0.0039,0.0000,0,collision,
716,127,-114.23,18.42,263.78,0.0077,0.0038,0,collision,
717,73,-137.42,18.97,-33.95,0.0039,0.0448,0,collision,
718,5,-201.77,1.30,4.34,0.1003,0.0000,0,collision,
719,98,-129.00,21.85,201.01,0.0059,0.0022,0,collision,
720,72,-184.54,11.74,143.82,0.0148,0.0056,0,collision,
721,4,-200.57,1.50,8.97,0.1569,0.0000,0,collision,
722,137,308.88,16.72,385.96,0.0000,0.0000,1,goal,
723,136,-99.88,17.71,299.31,0.0000,0.0032,0,collision,
724,101,-115.42,22.49,141.02,0.0106,0.0116,0,collision,
725,89,-113.05,22.83,222.17,0.0225,0.0054,0,collision,
726,38,-198.66,6.66,167.51,0.0052,0.0727,0,collision,
727,78,-154.23,15.64,81.72,0.0203,0.0263,0,collision,
728,110,-99.56,20.72,79.61,0.0008,0.0041,0,collision,
729,26,-179.48,13.51,144.06,0.0523,0.0000,0,collision,
730,109,-113.30,18.64,162.87,0.0141,0.0000,0,collision,
731,127,-115.98,10.86,469.30,0.0157,0.0478,0,collision,
732,53,-167.95,13.40,100.11,0.0099,0.0166,0,collision,
733,9,-208.75,0.82,8.16,0.1244,0.0000,0,collision,
734,15,-197.57,3.29,36.48,0.0184,0.0000,0,collision,
735,126,-126.27,10.53,411.10,0.0091,0.0030,0,collision,
736,84,-161.46,10.23,242.03,0.0191,0.0207,0,collision,
737,213,-234.15,9.52,307.24,0.0028,0.0055,0,collision,
738,55,-152.54,23.09,136.64,0.0170,0.0000,0,collision,
739,63,-161.60,17.01,96.32,0.0013,0.0230,0,collision,
740,13,-211.32,0.95,10.34,0.0844,0.0000,0,collision,
741,206,344.57,11.28,900.33,0.0000,0.0058,1,goal,
742,10,-200.34,4.55,91.61,0.1929,0.0000,0,collision,
743,40,-186.63,5.78,184.29,0.0161,0.0587,0,collision,
744,71,-161.79,8.38,292.34,0.0037,0.0676,0,collision,
745,20,-201.81,2.76,40.31,0.0242,0.0000,0,collision,
746,11,-194.14,4.71,28.64,0.0772,0.0000,0,collision,
111,226,-167.56,7.03,608.45,0.0072,0.0070,0,collision,
112,7,-206.22,0.95,5.54,0.1652,0.0000,0,collision,
113,126,-108.55,18.81,34.64,0.0055,0.0133,0,collision,
114,98,-114.12,20.09,402.50,0.0046,0.0071,0,collision,
115,6,-200.33,1.75,12.09,0.0450,0.0000,0,collision,
116,110,-206.13,3.85,307.20,0.0124,0.0000,0,collision,
117,42,-195.24,6.10,206.40,0.0468,0.0593,0,collision,
118,4,-203.32,0.52,2.71,0.0000,0.1748,0,collision,
119,213,320.92,11.10,567.34,0.0000,0.0000,1,goal,
120,12,-206.00,1.75,17.76,0.1667,0.1669,0,collision,
747,135,-127.23,13.42,416.47,0.0047,0.0444,0,collision,
748,17,-206.02,1.94,21.98,0.0171,0.0000,0,collision,
749,135,-123.50,18.00,165.47,0.0036,0.0000,0,collision,
750,6,-202.18,1.79,11.32,0.0510,0.0000,0,collision,
751,3,-202.66,0.69,2.61,0.0000,0.2558,0,collision,
752,112,-118.33,18.41,-71.37,0.0051,0.0084,0,collision,
753,83,-144.66,22.08,5.55,0.0000,0.0000,0,collision,
754,34,-177.17,13.73,36.13,0.0051,0.0000,0,collision,
755,91,-134.25,17.20,123.31,0.0107,0.0776,0,collision,
756,49,-198.88,6.32,148.03,0.0099,0.0203,0,collision,
757,33,-192.79,5.46,170.84,0.0433,0.0000,0,collision,
758,201,289.55,11.31,703.84,0.0000,0.0437,1,goal,
759,49,-172.44,13.69,88.48,0.0028,0.0399,0,collision,
760,18,-190.42,5.45,78.93,0.0024,0.0000,0,collision,
761,173,313.23,13.00,218.93,0.0000,0.0052,1,goal,
762,33,-197.96,3.85,92.66,0.0336,0.0568,0,collision,
763,147,-219.04,4.42,427.47,0.0017,0.0796,0,collision,
764,48,-178.51,6.78,293.33,0.0417,0.0000,0,collision,
765,4,-202.39,1.09,2.46,0.2818,0.0000,0,collision,
766,46,-175.58,13.10,154.97,0.0435,0.0273,0,collision,
767,161,-110.25,7.99,779.97,0.0112,0.0116,0,collision,
768,77,-145.59,13.29,118.52,0.0077,0.0078,0,collision,
769,166,-117.71,14.47,-67.68,0.0044,0.0054,0,collision,
770,92,-130.67,13.83,130.26,0.0016,0.0209,0,collision,
771,10,-203.55,1.51,10.16,0.0010,0.0000,0,collision,
772,79,-164.12,8.02,312.93,0.0115,0.0280,0,collision,
773,105,-145.31,10.59,312.59,0.0045,0.0109,0,collision,
774,54,-166.56,12.25,82.44,0.0213,0.0746,0,collision,
775,71,-148.99,18.92,82.12,0.0160,0.0109,0,collision,
776,78,-163.72,7.58,335.69,0.0168,0.0855,0,collision,
777,17,-202.23,3.01,44.64,0.0000,0.0000,0,collision,
778,110,-160.84,12.48,367.01,0.0036,0.0060,0,collision,
779,49,-164.70,14.61,156.35,0.0408,0.0412,0,collision,
780,31,-186.14,5.65,123.28,0.0324,0.0283,0,collision,
781,38,-172.16,15.04,-1.43,0.0000,0.0357,0,collision,
782,63,-197.03,4.70,199.59,0.0140,0.0448,0,collision,
783,50,-166.56,12.71,190.08,0.0313,0.0220,0,collision,
784,82,-146.37,16.82,263.45,0.0045,0.0109,0,collision,
785,31,-180.96,9.58,155.23,0.0426,0.0000,0,collision,
786,64,-156.57,10.15,261.50,0.0043,0.0370,0,collision,
787,48,-161.94,17.64,67.29,0.0106,0.0256,0,collision,
788,25,-205.63,2.78,66.90,0.0000,0.1222,0,collision,
789,60,-165.14,11.24,143.68,0.0006,0.0265,0,collision,
790,23,-187.93,7.76,174.72,0.0401,0.0779,0,collision,
791,2,-200.32,1.04,2.51,1.0000,0.0000,0,collision,
792,97,-170.12,9.35,304.73,0.0120,0.0147,0,collision,
793,38,-180.36,9.02,130.36,0.0365,0.0827,0,collision,
794,6,-201.11,2.26,17.72,0.0795,0.0000,0,collision,
795,59,-178.66,14.02,168.17,0.0154,0.0389,0,collision,
796,128,-125.50,13.55,306.25,0.0012,0.0325,0,collision,
797,14,-205.26,4.01,71.31,0.0995,0.1937,0,collision,
798,63,-165.16,15.90,-28.94,0.0139,0.0253,0,collision,
799,134,-118.75,11.66,551.18,0.0006,0.0119,0,collision,
800,43,-172.49,14.35,104.99,0.0123,0.1004,0,collision,
801,107,-108.73,20.79,52.85,0.0187,0.0087,0,collision,
802,72,-138.49,19.33,183.75,0.0105,0.0182,0,collision,
803,6,-200.74,1.78,13.50,0.0976,0.0000,0,collision,
804,44,-174.53,13.21,61.05,0.0206,0.0259,0,collision,
805,2,-200.32,1.04,2.51,1.0000,0.0000,0,collision,
806,111,315.32,24.96,59.88,0.0000,0.0000,1,goal,
807,85,-140.75,9.66,429.78,0.0003,0.0228,0,collision,
808,11,-207.01,1.35,10.95,0.0986,0.0527,0,collision,
809,125,-98.16,16.19,196.43,0.0160,0.0098,0,collision,
121,4,-200.07,2.30,13.18,0.3136,0.0000,0,collision,
122,80,-152.73,16.80,158.30,0.0083,0.0000,0,collision,
123,185,292.13,14.16,442.21,0.0000,0.0000,1,goal,
124,183,320.09,13.43,493.72,0.0000,0.0069,1,goal,
125,171,-138.78,8.29,654.39,0.0008,0.0035,0,collision,
126,24,-189.88,11.52,104.43,0.0329,0.1150,0,collision,
127,193,310.76,12.54,629.41,0.0000,0.0025,1,goal,
128,176,-126.20,9.29,534.93,0.0000,0.0130,0,collision,
129,67,-179.30,9.75,130.81,0.0211,0.0136,0,collision,
130,6,-202.31,1.38,5.02,0.3026,0.0000,0,collision,
810,212,-255.93,9.68,138.97,0.0065,0.0000,0,collision,
811,1,-200.00,0.00,0.00,0.0000,0.0000,0,collision,
812,69,-171.55,10.12,285.65,0.0119,0.0000,0,collision,
813,240,304.63,10.13,613.35,0.0000,0.0398,1,goal,
814,139,320.04,20.77,186.59,0.0000,0.0029,1,goal,
815,197,-170.67,8.15,603.65,0.0047,0.0385,0,collision,
816,173,-90.36,14.84,457.83,0.0116,0.0040,0,collision,
817,250,-69.39,9.75,1031.05,0.0000,0.0071,0,collision,
818,139,-162.63,6.62,511.00,0.0116,0.0064,0,collision,
819,14,-203.01,2.33,23.39,0.0215,0.0000,0,collision,
820,123,-97.80,19.92,134.39,0.0041,0.0053,0,collision,
821,172,-69.60,14.54,511.66,0.0007,0.0000,0,collision,
822,132,316.91,17.69,229.16,0.0000,0.0000,1,goal,
823,254,-300.57,5.39,540.51,0.0059,0.0114,0,collision,
824,7,-200.34,2.54,13.36,0.0171,0.0000,0,collision,
825,141,-136.22,10.28,529.62,0.0003,0.0034,0,collision,
826,80,-239.65,2.34,138.78,0.0032,0.0205,0,collision,
827,15,-209.68,1.34,13.58,0.0000,0.0000,0,collision,
828,32,-205.56,3.11,78.34,0.0043,0.0074,0,collision,
829,65,-163.80,10.31,292.17,0.0191,0.0320,0,collision,
830,63,-159.25,10.35,283.52,0.0091,0.0170,0,collision,
831,65,-217.32,3.66,139.86,0.0000,0.0405,0,collision,
832,43,-180.98,5.33,115.82,0.0000,0.0000,0,collision,
833,71,-229.43,2.88,177.23,0.0052,0.0000,0,collision,
834,66,-141.63,20.05,151.98,0.0086,0.0108,0,collision,
835,194,337.58,14.40,396.02,0.0000,0.0000,1,goal,
836,245,313.48,10.02,711.93,0.0000,0.0135,1,goal,
837,167,-257.73,3.67,416.79,0.0097,0.0000,0,collision,
838,158,-127.68,11.10,487.31,0.0032,0.0217,0,collision,
839,36,-179.45,8.09,192.85,0.0070,0.0000,0,collision,
840,89,-189.45,10.02,128.26,0.0178,0.1688,0,collision,
841,336,310.94,8.67,1013.69,0.0000,0.0028,1,goal,
842,114,-257.74,2.17,182.19,0.0093,0.0099,0,collision,
131,78,-198.46,3.92,244.72,0.0117,0.0000,0,collision,
132,143,-247.12,2.65,259.56,0.0024,0.0007,0,collision,
133,32,-215.16,2.89,78.44,0.0000,0.0000,0,collision,
134,16,-198.07,2.70,18.93,0.0344,0.0000,0,collision,
135,18,-203.80,2.53,23.35,0.0565,0.0000,0,collision,
136,58,-239.80,1.68,63.95,0.0000,0.0000,0,collision,
137,83,-180.05,11.87,212.54,0.0176,0.0159,0,collision,
138,248,-132.49,8.86,432.72,0.0054,0.0026,0,collision,
139,436,147.24,6.07,777.57,0.0000,0.0459,1,goal,
140,67,-197.41,5.56,253.25,0.0007,0.0511,0,collision,
843,125,-199.43,7.21,339.61,0.0085,0.0219,0,collision,
844,204,-183.54,5.66,645.47,0.0012,0.0246,0,collision,
845,3,-199.63,2.08,9.94,0.6667,0.0000,0,collision,
846,212,-200.22,6.17,550.77,0.0065,0.0143,0,collision,
847,276,-345.35,2.22,401.32,0.0017,0.0177,0,collision,
848,212,-89.58,11.06,642.18,0.0011,0.0108,0,collision,
849,130,-197.37,6.78,219.72,0.0000,0.0449,0,collision,
850,10,-205.66,1.47,9.45,0.0870,0.0000,0,collision,
851,2,-201.66,0.00,0.10,0.3018,0.0000,0,collision,
852,108,-141.12,13.42,285.50,0.0185,0.0000,0,collision,
853,23,-224.32,0.88,19.53,0.0238,0.0249,0,collision,
854,19,-201.28,3.39,72.11,0.0047,0.0000,0,collision,
855,20,-220.09,0.91,11.63,0.0715,0.0000,0,collision,
856,264,-345.64,2.32,429.16,0.0024,0.0669,0,collision,
857,53,-163.66,11.67,226.01,0.0377,0.0157,0,collision,
858,94,-123.53,19.40,83.60,0.0098,0.0056,0,collision,
859,131,-140.98,11.73,112.05,0.0033,0.0024,0,collision,
860,194,-230.28,6.81,173.76,0.0013,0.0127,0,collision,
861,170,-125.93,11.87,314.87,0.0025,0.0182,0,collision,
862,45,-222.51,2.09,79.94,0.0350,0.0000,0,collision,
863,152,335.07,17.30,288.42,0.0000,0.0000,1,goal,
864,134,275.05,17.32,2.62,0.0000,0.0000,1,goal,
865,2,-201.66,0.00,0.10,0.1708,0.0000,0,collision,
866,137,314.95,16.89,297.22,0.0000,0.0000,1,goal,
867,126,-111.62,14.35,223.21,0.0104,0.0000,0,collision,
868,204,-117.92,12.71,456.93,0.0019,0.0606,0,collision,
869,197,322.54,13.57,486.52,0.0000,0.0080,1,goal,
870,119,-130.77,13.93,471.83,0.0119,0.0133,0,collision,
871,246,-182.20,8.32,371.77,0.0050,0.0023,0,collision,
872,103,-227.74,2.94,200.11,0.0000,0.0000,0,collision,
873,89,-156.41,8.34,464.33,0.0115,0.0230,0,collision,
874,110,-136.84,10.13,536.46,0.0038,0.0224,0,collision,
875,3,-203.25,0.07,0.23,0.1092,0.0000,0,collision,
876,13,-193.79,5.72,71.42,0.1131,0.0000,0,collision,
877,138,-130.48,11.09,259.38,0.0013,0.0290,0,collision,
141,11,-198.76,5.34,104.16,0.0057,0.0000,0,collision,
142,55,-176.22,10.13,177.02,0.0191,0.0373,0,collision,
143,23,-205.31,3.70,81.36,0.0479,0.0000,0,collision,
144,6,-205.24,0.61,3.70,0.0429,0.0000,0,collision,
145,61,-180.05,8.59,295.33,0.0059,0.1048,0,collision,
146,159,-126.97,11.33,291.15,0.0056,0.0130,0,collision,
147,2,-200.32,1.04,2.51,0.0000,0.0000,0,collision,
148,113,-116.74,13.21,362.16,0.0141,0.0261,0,collision,
149,72,-157.08,12.94,299.34,0.0078,0.1253,0,collision,
150,164,-117.57,9.80,685.88,0.0081,0.0092,0,collision,
878,155,-156.21,10.47,670.79,0.0000,0.0287,0,collision,
879,42,-197.44,4.91,188.73,0.0120,0.0000,0,collision,
880,134,-82.56,22.70,79.20,0.0009,0.0041,0,collision,
881,72,-148.84,16.13,116.67,0.0110,0.0000,0,collision,
882,63,-169.90,11.87,322.59,0.0317,0.0000,0,collision,
883,114,-173.99,5.94,473.06,0.0065,0.0174,0,collision,
884,78,297.32,34.66,150.27,0.0000,0.0000,1,goal,
885,69,-144.24,18.08,71.42,0.0183,0.0635,0,collision,
886,57,-156.21,12.30,245.76,0.0063,0.0000,0,collision,
887,39,-172.29,14.96,142.20,0.0319,0.0159,0,collision,
888,60,-159.26,11.57,309.32,0.0127,0.0478,0,collision,
889,64,-204.84,4.59,208.90,0.0224,0.0000,0,collision,
890,121,-96.25,16.89,126.42,0.0033,0.0217,0,collision,
891,200,286.01,14.63,50.42,0.0000,0.0205,1,goal,
892,145,-121.07,13.77,164.05,0.0107,0.0000,0,collision,
893,125,-97.34,18.16,4.99,0.0008,0.0013,0,collision,
894,46,-168.46,12.98,324.81,0.0309,0.0000,0,collision,
895,189,-271.31,5.16,389.60,0.0041,0.0000,0,collision,
896,38,-184.70,5.42,159.22,0.0156,0.0000,0,collision,
897,60,-186.55,4.89,222.88,0.0132,0.0000,0,collision,
898,11,-209.52,1.12,12.32,0.0000,0.0000,0,collision,
899,55,-166.15,12.37,100.23,0.0314,0.0878,0,collision,
900,36,-172.89,16.80,118.41,0.0182,0.0286,0,collision,
901,89,-141.02,11.42,314.00,0.0065,0.0000,0,collision,
902,27,-199.61,4.21,93.77,0.0286,0.0000,0,collision,
903,2,-200.70,0.55,0.77,0.3103,0.0000,0,collision,
904,119,-132.40,11.47,323.07,0.0099,0.0238,0,collision,
905,119,-130.62,11.05,461.89,0.0136,0.0223,0,collision,
906,25,-186.36,12.83,146.88,0.0037,0.0037,0,collision,
907,87,-149.08,13.38,78.99,0.0197,0.0000,0,collision,
908,93,-141.27,14.52,247.59,0.0010,0.0139,0,collision,
909,39,-179.28,10.89,215.75,0.0000,0.1520,0,collision,
910,16,-196.38,6.52,118.40,0.0860,0.0000,0,collision,
911,203,306.18,12.03,813.23,0.0000,0.0003,1,goal,
912,30,-197.00,5.12,94.37,0.0000,0.0524,0,collision,
913,128,289.76,17.43,140.73,0.0000,0.0000,1,goal,
914,1,-200.00,0.00,0.00,0.0000,0.0000,0,collision,
915,26,-184.89,8.02,135.10,0.0708,0.0000,0,collision,
916,225,353.90,12.70,767.70,0.0000,0.0022,1,goal,
917,29,-177.38,15.28,121.11,0.0413,0.0334,0,collision,
918,5,-203.30,1.13,6.02,0.0000,0.0000,0,collision,
919,39,-177.41,7.31,210.85,0.0302,0.0000,0,collision,
920,121,-181.94,5.90,317.16,0.0032,0.0000,0,collision,
921,44,-220.52,1.82,52.48,0.0103,0.0033,0,collision,
922,12,-210.63,0.97,7.78,0.0893,0.0000,0,collision,
923,19,-193.14,5.23,118.97,0.1053,0.0000,0,collision,
924,152,-96.57,14.56,520.89,0.0000,0.0075,0,collision,
925,135,-81.45,20.37,-42.75,0.0064,0.0033,0,collision,
926,40,-194.20,3.99,126.96,0.0163,0.0000,0,collision,
927,38,-191.88,5.71,166.01,0.0526,0.0000,0,collision,
928,224,305.88,10.45,638.80,0.0000,0.0101,1,goal,
929,25,-189.87,9.42,168.98,0.0247,0.0579,0,collision,
930,4,-202.52,0.64,1.30,0.3476,0.0000,0,collision,
151,18,-188.70,9.33,106.64,0.0116,0.0000,0,collision,
152,65,-149.49,17.51,172.89,0.0159,0.0196,0,collision,
153,50,-212.63,2.80,88.06,0.0253,0.0113,0,collision,
154,7,-207.85,0.48,2.71,0.1684,0.0000,0,collision,
155,32,-191.19,9.88,94.32,0.0440,0.1244,0,collision,
156,54,-156.23,19.76,139.04,0.0058,0.0272,0,collision,
157,9,-196.53,4.83,38.45,0.1331,0.0000,0,collision,
158,76,-153.31,9.48,376.43,0.0007,0.0477,0,collision,
159,130,-162.85,11.56,226.80,0.0017,0.0080,0,collision,
160,91,-132.79,19.45,22.18,0.0220,0.0087,0,collision,
931,152,-251.58,8.71,213.29,0.0091,0.0078,0,collision,
932,138,311.88,17.90,161.59,0.0000,0.0326,1,goal,
933,98,-129.57,14.31,278.41,0.0104,0.0105,0,collision,
934,148,320.37,20.02,-32.97,0.0000,0.0000,1,goal,
935,12,-207.44,1.66,15.61,0.1539,0.0515,0,collision,
936,156,-131.41,14.48,100.11,0.0071,0.0020,0,collision,
937,90,-290.63,1.16,64.12,0.0025,0.3401,0,collision,
938,195,317.97,13.30,540.32,0.0000,0.0827,1,goal,
939,73,-140.81,16.81,38.91,0.0146,0.0114,0,collision,
940,62,-175.00,12.87,119.06,0.0004,0.0033,0,collision,
941,7,-196.88,4.02,39.26,0.1109,0.0000,0,collision,
942,19,-193.45,5.08,61.50,0.1053,0.0000,0,collision,
943,139,-115.63,17.03,191.58,0.0112,0.0198,0,collision,
944,49,-158.29,18.28,56.54,0.0056,0.0212,0,collision,
945,32,-191.29,4.96,122.28,0.0344,0.1442,0,collision,
946,111,-132.30,13.47,158.95,0.0058,0.0000,0,collision,
947,163,323.28,16.97,448.45,0.0000,0.0000,1,goal,
948,115,-116.58,13.61,248.18,0.0174,0.0104,0,collision,
949,143,-92.90,15.71,164.81,0.0035,0.0178,0,collision,
950,90,-152.49,15.24,34.32,0.0050,0.0158,0,collision,
951,133,-106.38,13.09,556.86,0.0043,0.0322,0,collision,
952,5,-201.92,1.54,3.76,0.2556,0.0000,0,collision,
953,23,-210.16,2.54,46.81,0.0116,0.0000,0,collision,
954,87,-133.63,14.65,15.45,0.0039,0.0262,0,collision,
955,52,-182.00,11.52,126.83,0.0022,0.0302,0,collision,
956,70,-158.80,12.24,231.13,0.0201,0.0141,0,collision,
957,49,-167.21,14.67,129.32,0.0046,0.0183,0,collision,
958,116,301.87,19.93,277.38,0.0000,0.0000,1,goal,
959,6,-206.35,0.35,2.14,0.1941,0.0000,0,collision,
960,93,-189.83,7.82,149.34,0.0028,0.0000,0,collision,
961,64,-154.76,12.02,216.66,0.0144,0.0000,0,collision,
962,61,-175.52,11.83,62.53,0.0301,0.0413,0,collision,
963,5,-201.40,1.45,10.64,0.3843,0.0000,0,collision,
964,157,-152.21,9.25,515.66,0.0000,0.0447,0,collision,
965,23,-185.06,14.74,206.16,0.0202,0.0894,0,collision,
966,114,291.32,20.07,34.93,0.0000,0.0025,1,goal,
967,6,-199.14,2.65,23.52,0.3333,0.0000,0,collision,
968,189,343.71,13.62,684.04,0.0000,0.0256,1,goal,
969,173,299.53,16.36,429.08,0.0000,0.0221,1,goal,
970,125,312.84,22.72,153.59,0.0000,0.0000,1,goal,
971,7,-204.07,1.13,6.40,0.1960,0.0000,0,collision,
972,69,-164.51,9.19,299.73,0.0290,0.0381,0,collision,
973,57,-178.21,9.47,133.67,0.0116,0.0005,0,collision,
974,145,-201.79,7.16,474.56,0.0112,0.1062,0,collision,
975,151,-147.05,11.79,175.06,0.0033,0.0921,0,collision,
976,57,-164.39,12.13,182.62,0.0198,0.0000,0,collision,
977,115,-149.66,10.98,348.48,0.0113,0.0414,0,collision,
161,60,-193.47,10.34,102.17,0.0281,0.0000,0,collision,
162,18,-188.72,7.23,153.18,0.0925,0.0000,0,collision,
163,61,-221.09,4.92,173.61,0.0214,0.4278,0,collision,
164,26,-185.04,7.92,209.13,0.0351,0.0203,0,collision,
165,4,-202.38,0.51,1.04,0.1504,0.0000,0,collision,
166,71,-148.92,15.63,88.03,0.0110,0.0237,0,collision,
167,124,-211.92,5.56,366.57,0.0069,0.0030,0,collision,
168,125,-113.69,14.74,201.27,0.0139,0.0076,0,collision,
169,46,-168.10,13.36,224.13,0.0142,0.0448,0,collision,
170,130,315.34,19.02,206.47,0.0000,0.0010,1,goal,
978,93,-166.03,13.96,333.67,0.0215,0.0000,0,collision,
979,1,-200.00,0.00,0.00,0.0000,0.0000,0,collision,
980,109,301.78,21.32,-24.05,0.0000,0.0185,1,goal,
981,2,-200.86,1.04,2.51,0.9491,0.3531,0,collision,
982,124,-145.13,10.72,366.27,0.0042,0.0104,0,collision,
983,178,281.02,15.71,552.23,0.0000,0.0070,1,goal,
984,89,-160.04,8.93,340.40,0.0177,0.0707,0,collision,
985,291,-110.80,10.37,687.27,0.0026,0.0101,0,collision,
986,5,-198.19,3.94,35.14,0.2552,0.0000,0,collision,
987,228,-331.22,5.13,372.41,0.0072,0.0277,0,collision,
988,70,-150.27,18.37,25.41,0.0201,0.0382,0,collision,
989,162,299.98,16.10,262.72,0.0000,0.0000,1,goal,
990,24,-196.45,9.29,117.16,0.0113,0.1312,0,collision,
991,83,-168.49,10.54,106.26,0.0030,0.0448,0,collision,
992,25,-203.31,3.56,97.25,0.0439,0.0040,0,collision,
993,7,-201.28,2.70,18.99,0.2161,0.3128,0,collision,
994,165,326.37,17.62,40.30,0.0000,0.0000,1,goal,
995,75,-160.21,9.47,439.88,0.0084,0.0443,0,collision,
996,13,-193.36,6.60,106.27,0.0000,0.0000,0,collision,
997,95,-139.80,16.04,253.94,0.0195,0.0733,0,collision,
998,209,317.25,13.68,374.83,0.0000,0.0017,1,goal,
999,49,-166.23,12.19,174.15,0.0065,0.0310,0,collision,
1000,33,-184.82,7.13,131.54,0.0000,0.0000,0,collision,
1001,10,-200.31,2.53,21.54,0.0000,0.0000,0,collision,
1002,195,-119.73,13.98,156.82,0.0016,0.0208,0,collision,
1003,170,324.22,14.81,330.34,0.0000,0.0000,1,goal,
1004,130,-135.05,12.65,445.87,0.0023,0.0132,0,collision,
1005,125,-174.78,10.12,452.06,0.0000,0.0000,0,collision,
1006,153,-95.13,16.98,382.58,0.0004,0.0123,0,collision,
1007,23,-189.86,6.05,132.33,0.0086,0.0000,0,collision,
1008,283,276.61,8.94,747.24,0.0000,0.0048,1,goal,
1009,140,327.66,20.09,-57.67,0.0000,0.0094,1,goal,
1010,90,301.09,28.23,50.82,0.0000,0.0000,1,goal,
1011,10,-209.35,0.88,6.65,0.1193,0.0000,0,collision,
1012,63,-190.08,10.77,126.17,0.0070,0.2452,0,collision,
1013,10,-209.49,0.78,9.10,0.0000,0.0000,0,collision,
1014,173,341.07,16.76,250.62,0.0000,0.0157,1,goal,
1015,137,-123.27,13.03,177.03,0.0109,0.0031,0,collision,
1016,58,-165.39,12.43,194.62,0.0000,0.1095,0,collision,
1017,60,-152.70,23.01,91.57,0.0000,0.0000,0,collision,
1018,33,-172.19,18.89,112.14,0.0406,0.0345,0,collision,
1019,126,309.83,19.60,163.87,0.0000,0.0000,1,goal,
171,196,248.85,13.02,435.02,0.0000,0.1419,1,goal,
172,63,-143.69,21.09,76.19,0.0223,0.0153,0,collision,
173,82,-187.83,6.72,209.59,0.0016,0.0367,0,collision,
174,215,213.68,11.92,461.61,0.0000,0.0000,1,goal,
175,150,-151.42,13.66,57.67,0.0108,0.0934,0,collision,
176,56,-163.38,15.53,127.42,0.0152,0.0049,0,collision,
177,56,-158.81,13.36,144.35,0.0038,0.0133,0,collision,
178,59,-140.11,25.26,51.21,0.0015,0.0166,0,collision,
179,117,315.67,22.62,-45.02,0.0000,0.0000,1,goal,
180,30,-185.50,10.65,119.18,0.0602,0.0331,0,collision,
1020,85,-196.59,11.21,387.21,0.0000,0.0258,0,collision,
1021,205,-188.88,7.80,592.25,0.0003,0.0729,0,collision,
1022,1,-200.00,0.00,0.00,0.0000,0.0000,0,collision,
1023,116,318.72,24.73,-2.45,0.0000,0.0000,1,goal,
1024,84,-124.80,19.93,55.09,0.0130,0.0007,0,collision,
1025,79,-196.19,8.62,191.31,0.0135,0.1859,0,collision,
1026,175,266.13,14.87,599.42,0.0000,0.0098,1,goal,
1027,41,-174.66,13.73,54.10,0.0070,0.0736,0,collision,
1028,259,-138.88,8.99,630.58,0.0058,0.0214,0,collision,
1029,200,257.16,13.34,289.78,0.0000,0.1346,1,goal,
1030,142,317.06,17.75,294.56,0.0000,0.0064,1,goal,
1031,13,-200.52,4.70,63.77,0.0532,0.0000,0,collision,
1032,246,291.63,10.07,660.77,0.0000,0.0360,1,goal,
1033,22,-205.78,2.48,32.21,0.0034,0.0205,0,collision,
1034,53,-190.08,12.99,128.24,0.0111,0.0423,0,collision,
1035,61,-159.84,17.08,284.19,0.0157,0.0097,0,collision,
1036,97,297.01,24.23,-46.31,0.0000,0.0000,1,goal,
1037,4,-198.91,3.11,22.43,0.0168,0.0000,0,collision,
1038,223,-156.80,10.20,533.39,0.0023,0.0598,0,collision,
1039,45,-170.25,14.58,117.25,0.0010,0.0297,0,collision,
1040,105,-148.93,18.21,138.61,0.0102,0.0701,0,collision,
1041,186,325.34,15.13,125.58,0.0000,0.0089,1,goal,
1042,93,-140.98,16.66,258.09,0.0213,0.0086,0,collision,
1043,63,-163.28,14.42,207.94,0.0308,0.0505,0,collision,
1044,186,-279.93,4.76,386.21,0.0104,0.1126,0,collision,
1045,33,-190.59,12.24,186.72,0.0149,0.0689,0,collision,
1046,254,323.43,11.41,514.88,0.0000,0.0000,1,goal,
1047,109,-104.47,19.99,127.00,0.0085,0.0090,0,collision,
1048,78,-235.73,2.15,138.42,0.0093,0.0017,0,collision,
1049,1,-200.00,0.00,0.00,0.0000,0.0000,0,collision,
1050,114,-144.46,7.77,516.20,0.0000,0.0133,0,collision,
1051,131,325.28,22.50,173.56,0.0000,0.0057,1,goal,
1052,49,-178.41,8.72,241.92,0.0000,0.0402,0,collision,
1053,135,330.51,22.32,-136.82,0.0000,0.0034,1,goal,
1054,3,-200.66,1.51,3.91,0.2402,0.0000,0,collision,
1055,82,-131.84,16.71,188.97,0.0000,0.0320,0,collision,
1056,54,-146.59,25.55,46.66,0.0031,0.0182,0,collision,
1057,75,-184.54,9.87,226.91,0.0113,0.0401,0,collision,
1058,6,-197.45,4.75,48.05,0.0000,0.0000,0,collision,
1059,65,-160.33,16.12,106.58,0.0067,0.0323,0,collision,
1060,99,-127.88,18.04,222.67,0.0104,0.0131,0,collision,
1061,16,-191.86,6.39,88.43,0.0715,0.0000,0,collision,
1062,15,-192.45,6.39,110.44,0.0040,0.0000,0,collision,
181,112,-124.26,17.83,109.42,0.0036,0.0108,0,collision,
182,262,330.31,9.38,986.44,0.0000,0.0049,1,goal,
183,95,-125.22,19.12,34.32,0.0000,0.0132,0,collision,
184,319,271.39,8.73,1036.28,0.0000,0.0354,1,goal,
185,105,-157.28,8.09,596.28,0.0138,0.0230,0,collision,
186,82,-130.90,18.72,-2.57,0.0000,0.0230,0,collision,
187,98,-173.90,7.95,451.52,0.0013,0.0303,0,collision,
188,103,-110.99,19.63,409.46,0.0127,0.0314,0,collision,
189,3,-203.35,0.00,0.20,0.2864,0.0000,0,collision,
190,122,306.37,18.64,64.27,0.0000,0.0000,1,goal,
1063,159,-181.97,18.60,305.80,0.0105,0.0000,0,collision,
1064,307,-138.37,8.84,648.63,0.0039,0.0013,0,collision,
1065,102,303.47,27.15,54.80,0.0000,0.0000,1,goal,
1066,102,-132.70,13.03,245.55,0.0101,0.0075,0,collision,
1067,62,-141.95,22.60,7.57,0.0000,0.0000,0,collision,
1068,26,-223.49,1.23,25.48,0.0554,0.0505,0,collision,
1069,72,-148.39,18.42,105.28,0.0021,0.0104,0,collision,
1070,159,-233.27,5.47,299.53,0.0123,0.0000,0,collision,
1071,229,290.88,11.02,479.59,0.0000,0.0000,1,goal,
1072,210,-181.25,12.47,142.98,0.0023,0.0167,0,collision,
1073,101,-141.12,13.25,344.25,0.0111,0.0245,0,collision,
1074,168,237.23,15.49,97.15,0.0000,0.0057,1,goal,
1075,35,-198.15,3.84,103.98,0.0081,0.0000,0,collision,
1076,34,-176.55,9.37,193.67,0.0376,0.0000,0,collision,
1077,352,-237.60,5.42,1137.93,0.0031,0.1355,0,collision,
1078,171,291.06,13.64,268.85,0.0000,0.0138,1,goal,
1079,78,-144.57,17.45,109.48,0.0016,0.0212,0,collision,
1080,52,-158.76,14.04,128.60,0.0004,0.0000,0,collision,
1081,189,-214.01,7.14,570.19,0.0037,0.0000,0,collision,
1082,113,301.43,20.60,52.08,0.0000,0.0355,1,goal,
1083,68,-216.77,4.97,257.19,0.0000,0.0540,0,collision,
1084,111,301.99,21.99,187.18,0.0000,0.0456,1,goal,
1085,147,281.57,16.72,131.12,0.0000,0.0000,1,goal,
1086,112,-105.35,24.18,150.87,0.0118,0.0120,0,collision,
1087,32,-180.56,7.82,181.74,0.0625,0.0000,0,collision,
1088,165,-198.12,8.10,547.66,0.0101,0.0694,0,collision,
1089,185,-122.14,13.07,433.08,0.0059,0.0067,0,collision,
1090,262,200.75,8.61,441.55,0.0000,0.0025,1,goal,
1091,185,290.58,13.10,247.95,0.0000,0.0191,1,goal,
1092,31,-182.81,7.43,161.28,0.0088,0.0000,0,collision,
191,3,-202.20,0.56,1.78,0.6033,0.0000,0,collision,
192,159,-141.02,12.12,158.64,0.0011,0.0000,0,collision,
193,63,-206.70,3.38,144.41,0.0113,0.0026,0,collision,
194,51,-166.96,13.06,143.51,0.0097,0.0669,0,collision,
195,125,319.76,20.67,306.55,0.0000,0.0000,1,goal,
196,51,-179.65,6.34,285.37,0.0187,0.0171,0,collision,
197,45,-173.05,12.95,142.88,0.0178,0.0535,0,collision,
198,116,303.94,22.32,223.34,0.0000,0.0021,1,goal,
199,45,-217.07,5.06,105.19,0.0178,0.4050,0,collision,
200,265,235.80,10.50,345.16,0.0000,0.0875,1,goal,
1093,121,-139.56,9.96,469.66,0.0000,0.0072,0,collision,
1094,3,-202.06,0.69,1.84,0.5690,0.0000,0,collision,
1095,90,-129.21,19.97,1.78,0.0068,0.0317,0,collision,
1096,275,180.04,9.35,704.43,0.0000,0.0216,1,goal,
1097,7,-201.23,1.88,10.11,0.1385,0.0000,0,collision,
1098,18,-195.04,6.97,152.66,0.0590,0.0000,0,collision,
1099,71,-163.56,9.79,370.86,0.0119,0.0484,0,collision,
1100,41,-170.93,14.65,104.82,0.0488,0.0393,0,collision,
1101,279,-142.57,7.79,855.91,0.0016,0.0019,0,collision,
1102,133,249.15,16.98,211.71,0.0000,0.0000,1,goal,
1103,153,-112.69,14.13,440.30,0.0066,0.0260,0,collision,
1104,226,-58.29,11.91,843.51,0.0032,0.0011,0,collision,
1105,45,-164.80,19.13,101.22,0.0089,0.0706,0,collision,
1106,237,-177.14,11.95,289.20,0.0071,0.1136,0,collision,
1107,37,-172.28,17.34,181.00,0.0000,0.0379,0,collision,
1108,75,-213.57,8.47,126.63,0.0248,0.2600,0,collision,
1109,39,-178.19,14.50,96.10,0.0092,0.0376,0,collision,
1110,134,-171.01,11.37,253.93,0.0149,0.0538,0,collision,
1111,264,287.73,9.91,687.30,0.0000,0.0132,1,goal,
1112,190,298.58,14.08,399.32,0.0000,0.0000,1,goal,
1113,53,-174.40,8.58,204.48,0.0344,0.0000,0,collision,
1114,220,-172.75,7.89,473.13,0.0091,0.1038,0,collision,
1115,107,-101.70,20.93,98.74,0.0026,0.0056,0,collision,
1116,27,-188.32,13.65,128.41,0.0459,0.0868,0,collision,
1117,180,328.65,14.32,508.37,0.0000,0.0000,1,goal,
1118,74,-134.36,20.03,156.57,0.0077,0.0000,0,collision,
1119,2,-200.32,1.04,2.51,0.7848,0.0000,0,collision,
1120,140,-97.76,15.35,223.27,0.0002,0.0463,0,collision,
1121,18,-207.42,2.03,34.77,0.0934,0.0000,0,collision,
1122,38,-197.02,6.54,147.17,0.0000,0.0290,0,collision,
1123,138,305.44,16.54,47.06,0.0000,0.0122,1,goal,
1124,26,-190.28,6.30,122.45,0.0196,0.0000,0,collision,
1125,189,269.22,14.02,240.89,0.0000,0.0254,1,goal,
1126,133,305.72,19.08,132.75,0.0000,0.0004,1,goal,
1127,208,263.41,8.60,640.16,0.0000,0.0366,1,goal,
1128,45,-215.13,6.26,122.87,0.0286,0.4339,0,collision,
1129,5,-205.87,0.00,0.40,0.2600,0.0000,0,collision,
1130,4,-201.39,1.56,10.04,0.0000,0.0000,0,collision,
1131,137,-88.98,16.11,170.59,0.0000,0.0016,0,collision,
201,209,-139.31,11.31,278.31,0.0096,0.0133,0,collision,
202,235,-247.60,4.63,605.59,0.0085,0.0737,0,collision,
203,82,-162.84,13.60,112.41,0.0042,0.0736,0,collision,
204,71,-172.10,12.32,217.81,0.0178,0.0859,0,collision,
205,93,-152.39,12.94,228.25,0.0064,0.0480,0,collision,
206,130,326.11,21.92,120.14,0.0000,0.0000,1,goal,
207,48,-169.31,12.16,115.39,0.0417,0.0000,0,collision,
208,54,-229.07,2.88,124.76,0.0112,0.0000,0,collision,
209,211,287.18,12.10,431.62,0.0000,0.0320,1,goal,
210,17,-194.09,6.20,139.09,0.1013,0.0000,0,collision,
1132,219,-355.84,7.44,232.77,0.0068,0.0000,0,collision,
1133,75,-232.40,2.46,120.28,0.0107,0.0000,0,collision,
1134,59,-148.96,19.36,119.92,0.0201,0.0000,0,collision,
1135,109,-107.18,19.70,18.43,0.0049,0.0000,0,collision,
1136,94,-193.35,6.16,306.54,0.0213,0.1317,0,collision,
1137,2,-201.66,0.00,0.10,0.0000,0.0000,0,collision,
1138,68,-210.55,5.76,174.42,0.0011,0.0166,0,collision,
1139,224,284.17,12.55,204.59,0.0000,0.0242,1,goal,
1140,292,182.28,10.42,432.25,0.0000,0.0880,1,goal,
1141,80,-174.96,11.94,137.27,0.0000,0.0293,0,collision,
1142,189,255.46,10.11,569.10,0.0000,0.1127,1,goal,
1143,160,-94.51,12.96,646.88,0.0000,0.0124,0,collision,
1144,62,-209.18,3.93,142.31,0.0000,0.0212,0,collision,
1145,92,-108.09,23.39,7.73,0.0000,0.0218,0,collision,
1146,2,-201.66,0.00,0.10,0.1205,0.0000,0,collision,
1147,3,-202.01,0.73,1.80,0.2017,0.0181,0,collision,
1148,271,-148.32,9.27,682.87,0.0074,0.0123,0,collision,
1149,114,-161.94,13.45,97.51,0.0147,0.0241,0,collision,
1150,107,-139.22,10.41,463.19,0.0121,0.0000,0,collision,
1151,212,-170.67,8.27,698.87,0.0066,0.0175,0,collision,
1152,262,296.38,9.73,603.12,0.0000,0.0098,1,goal,
1153,226,-128.12,9.56,631.79,0.0000,0.0037,0,collision,
1154,119,-192.78,5.16,455.10,0.0006,0.0000,0,collision,
1155,49,-167.02,19.43,44.51,0.0104,0.0426,0,collision,
1156,214,292.21,11.61,571.94,0.0000,0.0096,1,goal,
1157,213,-178.80,6.46,641.34,0.0027,0.0465,0,collision,
1158,225,302.91,10.20,663.28,0.0000,0.0000,1,goal,
1159,81,-276.94,1.08,51.05,0.0101,0.0000,0,collision,
1160,94,298.06,26.62,82.31,0.0000,0.0000,1,goal,
1161,15,-206.34,2.12,29.00,0.1208,0.0648,0,collision,
1162,27,-229.40,0.78,18.32,0.0138,0.0000,0,collision,
211,15,-195.43,6.86,127.96,0.0830,0.0000,0,collision,
212,43,-181.19,9.06,230.74,0.0154,0.0000,0,collision,
213,21,-184.40,11.32,159.04,0.0741,0.0000,0,collision,
214,289,354.02,9.76,1021.41,0.0000,0.0174,1,goal,
215,1,-200.00,0.00,0.00,0.0000,0.0000,0,collision,
216,278,-122.39,8.53,844.46,0.0046,0.0024,0,collision,
217,231,261.63,9.48,613.80,0.0000,0.0053,1,goal,
218,244,355.35,11.76,759.38,0.0000,0.0122,1,goal,
219,3,-201.53,0.69,2.61,0.0205,0.0000,0,collision,
220,202,-189.65,10.60,455.93,0.0056,0.0000,0,collision,
1163,239,-192.76,10.96,327.63,0.0001,0.0000,0,collision,
1164,112,-87.68,22.90,-112.17,0.0033,0.0053,0,collision,
1165,26,-201.20,2.85,56.67,0.0320,0.0000,0,collision,
1166,139,-153.26,10.01,502.23,0.0110,0.0361,0,collision,
1167,14,-194.18,4.78,78.67,0.0104,0.0000,0,collision,
1168,357,-73.25,7.20,1640.83,0.0019,0.0077,0,collision,
1169,177,273.97,13.34,283.64,0.0000,0.0044,1,goal,
1170,79,-161.62,15.29,120.59,0.0000,0.0301,0,collision,
1171,202,-104.76,10.77,756.91,0.0000,0.0049,0,collision,
1172,109,-210.11,6.08,246.38,0.0046,0.1724,0,collision,
1173,220,343.27,10.23,838.92,0.0000,0.0042,1,goal,
1174,114,300.91,19.60,121.58,0.0000,0.0097,1,goal,
1175,158,312.21,14.38,171.65,0.0000,0.0009,1,goal,
1176,37,-200.50,6.45,140.02,0.0312,0.2092,0,collision,
1177,225,279.35,11.84,475.49,0.0000,0.0048,1,goal,
1178,99,-137.77,15.31,241.89,0.0022,0.0206,0,collision,
1179,105,-102.76,22.47,-51.48,0.0098,0.0115,0,collision,
1180,174,-211.58,8.97,321.10,0.0088,0.0402,0,collision,
1181,90,-171.94,6.88,372.27,0.0070,0.1046,0,collision,
1182,136,-87.06,15.74,184.25,0.0013,0.0000,0,collision,
1183,148,-79.18,19.56,-74.17,0.0135,0.0009,0,collision,
1184,79,-170.82,12.01,211.07,0.0091,0.0928,0,collision,
1185,89,-211.44,7.52,121.46,0.0051,0.0840,0,collision,
1186,209,179.76,10.03,237.73,0.0000,0.0086,1,goal,
1187,52,-164.94,18.50,53.42,0.0159,0.0213,0,collision,
1188,213,-181.45,11.05,419.48,0.0021,0.1099,0,collision,
1189,210,-226.88,8.17,157.29,0.0028,0.0557,0,collision,
1190,310,-136.83,8.41,787.68,0.0005,0.0166,0,collision,
1191,36,-175.87,17.55,60.53,0.0491,0.0621,0,collision,
1192,3,-199.63,2.08,9.94,0.1871,0.0000,0,collision,
1193,9,-209.56,0.75,6.24,0.1383,0.0000,0,collision,
221,88,-136.47,17.24,-42.06,0.0034,0.0681,0,collision,
222,98,-124.70,14.56,194.32,0.0070,0.0000,0,collision,
223,83,-117.14,24.34,100.39,0.0036,0.0000,0,collision,
224,309,343.57,8.92,1007.31,0.0000,0.0121,1,goal,
225,73,-168.30,9.49,229.78,0.0077,0.0503,0,collision,
226,108,306.60,22.20,48.54,0.0000,0.0000,1,goal,
227,30,-180.42,9.46,144.63,0.0603,0.0000,0,collision,
228,171,321.15,13.51,467.49,0.0000,0.0000,1,goal,
229,319,286.25,8.95,1154.23,0.0000,0.0467,1,goal,
230,81,-138.38,15.99,83.09,0.0066,0.0170,0,collision,
1194,258,-337.47,7.64,203.28,0.0039,0.0000,0,collision,
1195,154,-82.77,14.82,381.05,0.0072,0.0000,0,collision,
1196,113,308.34,20.89,-31.11,0.0000,0.0019,1,goal,
1197,67,-189.49,5.73,277.49,0.0240,0.0000,0,collision,
1198,94,-181.61,6.67,390.45,0.0000,0.0101,0,collision,
1199,102,-121.96,14.37,325.63,0.0036,0.0446,0,collision,
1200,158,-152.30,9.07,495.08,0.0072,0.0284,0,collision,
1201,114,-185.39,8.35,279.43,0.0041,0.0102,0,collision,
1202,125,-206.17,4.49,426.72,0.0101,0.0244,0,collision,
1203,132,308.67,18.68,249.08,0.0000,0.0079,1,goal,
1204,35,-208.16,3.34,127.26,0.0261,0.1387,0,collision,
1205,42,-216.33,2.27,80.40,0.0098,0.0201,0,collision,
1206,261,-200.59,6.12,968.18,0.0034,0.0980,0,collision,
1207,131,-141.38,13.23,93.79,0.0075,0.0146,0,collision,
1208,41,-181.81,9.91,32.60,0.0219,0.0000,0,collision,
1209,10,-200.34,3.23,33.80,0.2000,0.0000,0,collision,
1210,32,-195.80,4.79,130.30,0.0024,0.0000,0,collision,
1211,98,-223.08,3.10,233.64,0.0098,0.0051,0,collision,
1212,61,-140.81,21.37,26.50,0.0000,0.0162,0,collision,
1213,37,-187.21,7.00,213.53,0.0251,0.0000,0,collision,
1214,86,-141.01,14.21,135.93,0.0162,0.0512,0,collision,
1215,14,-196.98,3.86,40.02,0.0000,0.0000,0,collision,
1216,138,-109.33,13.02,69.62,0.0011,0.0103,0,collision,
1217,46,-170.31,13.82,279.50,0.0000,0.0505,0,collision,
1218,222,-100.81,11.20,506.24,0.0032,0.0174,0,collision,
1219,82,-152.74,14.17,180.77,0.0080,0.0205,0,collision,
1220,7,-206.22,0.99,6.57,0.0167,0.0000,0,collision,
1221,67,-146.72,15.57,278.44,0.0197,0.0109,0,collision,
1222,60,-158.05,13.34,132.51,0.0187,0.0205,0,collision,
1223,173,273.52,13.31,568.74,0.0000,0.0144,1,goal,
1224,235,332.31,10.97,766.53,0.0000,0.0050,1,goal,
1225,51,-181.83,6.47,293.16,0.0215,0.0000,0,collision,
1226,29,-175.37,18.15,150.55,0.0690,0.0000,0,collision,
1227,199,-143.85,10.97,288.94,0.0018,0.0542,0,collision,
1228,114,299.29,20.06,-24.75,0.0000,0.0000,1,goal,
1229,197,-128.99,11.21,523.85,0.0039,0.1232,0,collision,
1230,148,-137.76,12.52,-41.82,0.0084,0.1284,0,collision,
1231,131,298.67,17.15,90.07,0.0000,0.0000,1,goal,
1232,2,-200.35,0.26,0.26,0.1254,0.0000,0,collision,
1233,53,-162.09,13.69,49.20,0.0226,0.0000,0,collision,
1234,53,-167.81,14.52,137.92,0.0032,0.1045,0,collision,
231,230,318.70,10.32,801.81,0.0000,0.0014,1,goal,
232,246,329.47,9.92,736.33,0.0000,0.0252,1,goal,
233,150,-135.05,10.44,281.79,0.0133,0.0000,0,collision,
234,170,-108.18,12.66,332.24,0.0020,0.0092,0,collision,
235,263,336.90,11.60,665.55,0.0000,0.0000,1,goal,
236,38,-209.12,2.67,80.89,0.0526,0.0030,0,collision,
237,35,-209.32,3.18,117.83,0.0571,0.0663,0,collision,
238,185,-83.79,13.23,542.70,0.0007,0.0178,0,collision,
239,117,-231.31,2.97,271.32,0.0069,0.0058,0,collision,
240,7,-207.61,0.44,2.92,0.0603,0.0000,0,collision,
1235,152,-265.34,9.92,206.68,0.0007,0.0043,0,collision,
1236,398,238.92,7.21,1197.83,0.0000,0.0000,1,goal,
1237,18,-190.60,10.44,158.10,0.0269,0.0000,0,collision,
1238,302,289.14,9.58,852.88,0.0000,0.0079,1,goal,
1239,241,281.54,10.04,774.17,0.0000,0.0666,1,goal,
1240,139,-223.66,4.83,465.00,0.0000,0.0406,0,collision,
1241,223,360.04,13.19,754.84,0.0000,0.0021,1,goal,
1242,23,-204.75,2.58,43.74,0.0000,0.0000,0,collision,
1243,49,-201.94,3.39,128.35,0.0194,0.0033,0,collision,
1244,4,-200.27,1.92,7.97,0.2012,0.0000,0,collision,
1245,128,-158.27,7.13,495.44,0.0156,0.0238,0,collision,
1246,463,203.65,6.07,1666.88,0.0000,0.0702,1,goal,
1247,123,-153.63,10.62,358.63,0.0000,0.0000,0,collision,
1248,85,-227.73,2.64,190.55,0.0235,0.0118,0,collision,
1249,193,347.62,14.09,643.09,0.0000,0.0296,1,goal,
1250,64,-170.84,10.00,300.32,0.0104,0.0181,0,collision,
1251,248,304.03,9.71,677.12,0.0000,0.0078,1,goal,
1252,256,279.28,8.80,544.54,0.0000,0.0000,1,goal,
1253,271,301.56,9.79,759.29,0.0000,0.0388,1,goal,
1254,363,194.81,6.17,1186.99,0.0000,0.0143,1,goal,
1255,63,-211.89,4.60,209.53,0.0070,0.0000,0,collision,
1256,116,-179.48,7.46,394.25,0.0000,0.0000,0,collision,
1257,8,-207.44,0.83,6.79,0.1464,0.0000,0,collision,
1258,5,-201.02,2.00,17.00,0.1971,0.0000,0,collision,
241,202,-148.47,9.03,672.23,0.0099,0.0151,0,collision,
242,59,-224.45,2.14,104.65,0.0102,0.0000,0,collision,
243,109,-137.16,17.08,157.46,0.0058,0.0069,0,collision,
244,9,-210.63,0.27,1.57,0.1484,0.0000,0,collision,
245,206,312.13,12.13,680.12,0.0000,0.0051,1,goal,
246,274,253.88,9.03,601.13,0.0000,0.0375,1,goal,
247,10,-207.91,0.95,4.48,0.0814,0.0000,0,collision,
248,4,-203.78,0.52,1.94,0.4269,0.0000,0,collision,
249,53,-160.27,15.46,166.30,0.0000,0.0000,0,collision,
250,85,-204.24,3.66,278.38,0.0000,0.0000,0,collision,
1259,286,-268.10,9.10,519.32,0.0042,0.0920,0,collision,
1260,314,-156.56,8.64,709.67,0.0036,0.0003,0,collision,
1261,240,229.13,11.51,300.53,0.0000,0.0358,1,goal,
1262,2,-200.32,1.04,2.51,0.3126,0.0000,0,collision,
1263,25,-189.32,9.03,83.21,0.0138,0.0000,0,collision,
1264,201,267.66,11.83,441.75,0.0000,0.0000,1,goal,
1265,175,-102.95,12.74,530.44,0.0007,0.0086,0,collision,
1266,138,-207.34,4.97,558.01,0.0061,0.0000,0,collision,
1267,316,228.54,7.53,940.78,0.0000,0.1181,1,goal,
1268,283,309.54,8.95,1058.15,0.0000,0.0000,1,goal,
1269,33,-185.13,8.41,176.06,0.0145,0.0000,0,collision,
1270,249,302.28,11.09,509.33,0.0000,0.0042,1,goal,
1271,143,308.81,17.55,225.24,0.0000,0.0000,1,goal,
1272,51,-162.89,12.59,229.43,0.0392,0.0000,0,collision,
1273,210,279.47,11.52,388.61,0.0000,0.0633,1,goal,
1274,91,297.92,27.20,-52.70,0.0000,0.0000,1,goal,
1275,83,-128.02,18.72,77.26,0.0241,0.0329,0,collision,
1276,2,-200.86,0.00,0.10,0.9588,0.0000,0,collision,
1277,225,266.49,9.98,598.02,0.0000,0.0038,1,goal,
1278,96,-124.41,17.38,51.32,0.0148,0.0604,0,collision,
1279,193,310.86,12.85,625.76,0.0000,0.0042,1,goal,
1280,178,309.31,13.60,404.27,0.0000,0.0059,1,goal,
1281,147,331.65,19.32,138.73,0.0000,0.0012,1,goal,
1282,250,-113.34,9.18,648.41,0.0080,0.0253,0,collision,
1283,159,-265.24,3.04,425.57,0.0126,0.0056,0,collision,
1284,7,-200.45,2.60,20.83,0.2857,0.1803,0,collision,
1285,131,-184.77,9.28,451.25,0.0026,0.0000,0,collision,
251,59,-161.21,12.51,184.28,0.0000,0.0141,0,collision,
252,89,-168.58,8.71,300.16,0.0147,0.0247,0,collision,
253,25,-197.82,4.93,115.63,0.0011,0.0000,0,collision,
254,183,330.32,16.33,50.75,0.0000,0.0000,1,goal,
255,158,290.60,15.89,308.51,0.0000,0.0037,1,goal,
256,97,284.84,23.90,-67.44,0.0000,0.0000,1,goal,
257,44,-190.55,6.91,84.22,0.0000,0.0000,0,collision,
258,112,-138.04,12.31,271.51,0.0123,0.0165,0,collision,
259,189,-82.66,13.02,500.63,0.0053,0.0103,0,collision,
260,58,-187.06,14.95,117.64,0.0056,0.1207,0,collision,
1286,152,-203.01,10.56,602.62,0.0016,0.0000,0,collision,
1287,57,-153.06,17.81,86.23,0.0334,0.0238,0,collision,
1288,110,-141.63,9.24,514.32,0.0052,0.0000,0,collision,
1289,92,295.22,27.13,-72.19,0.0000,0.0000,1,goal,
1290,81,275.43,25.61,-27.88,0.0000,0.0082,1,goal,
1291,120,294.96,21.13,61.12,0.0000,0.0585,1,goal,
1292,206,250.32,13.25,179.85,0.0000,0.1147,1,goal,
1293,169,228.93,13.79,92.18,0.0000,0.2193,1,goal,
1294,38,-166.19,20.22,110.74,0.0077,0.0000,0,collision,
1295,43,-171.20,14.10,51.83,0.0012,0.0000,0,collision,
1296,204,319.40,13.32,550.61,0.0000,0.0008,1,goal,
1297,133,308.15,18.86,72.96,0.0000,0.0352,1,goal,
1298,210,315.50,10.82,684.96,0.0000,0.0120,1,goal,
1299,68,-162.39,11.36,234.58,0.0000,0.0028,0,collision,
1300,44,-165.49,15.01,171.49,0.0128,0.0243,0,collision,
1301,318,203.89,8.17,556.93,0.0000,0.0027,1,goal,
1302,279,270.48,8.77,878.46,0.0000,0.0317,1,goal,
1303,180,-136.60,8.78,626.78,0.0041,0.0006,0,collision,
1304,219,-145.16,9.83,513.77,0.0091,0.0000,0,collision,
1305,114,-193.76,5.15,390.91,0.0089,0.0370,0,collision,
1306,90,-163.06,9.24,367.21,0.0085,0.0441,0,collision,
1307,44,-166.61,13.21,185.78,0.0449,0.0000,0,collision,
1308,225,-131.20,10.14,345.71,0.0014,0.0001,0,collision,
1309,147,-274.65,10.10,120.69,0.0078,0.4474,0,collision,
1310,71,-147.17,14.60,164.53,0.0000,0.0231,0,collision,
1311,308,277.10,8.11,654.22,0.0000,0.0049,1,goal,
1312,216,-168.95,6.42,890.78,0.0000,0.0000,0,collision,
261,248,302.85,11.02,585.16,0.0000,0.0000,1,goal,
262,297,323.77,9.35,897.62,0.0000,0.0019,1,goal,
263,95,-147.42,11.67,232.55,0.0211,0.0121,0,collision,
264,84,-149.14,13.47,209.50,0.0238,0.0467,0,collision,
265,262,267.91,9.37,919.22,0.0000,0.0477,1,goal,
266,245,276.48,11.32,619.36,0.0000,0.0111,1,goal,
267,149,241.07,16.86,217.03,0.0000,0.0000,1,goal,
268,179,-111.23,11.48,626.36,0.0044,0.0572,0,collision,
269,126,-128.99,12.70,78.11,0.0009,0.0058,0,collision,
270,73,-157.68,13.55,234.32,0.0032,0.0000,0,collision,
1313,248,-209.44,10.17,584.10,0.0041,0.0289,0,collision,
1314,138,289.95,16.93,412.29,0.0000,0.0000,1,goal,
1315,70,-157.92,12.36,225.12,0.0267,0.0000,0,collision,
1316,131,-83.38,20.05,120.85,0.0035,0.0202,0,collision,
1317,187,-61.64,14.97,114.40,0.0034,0.0156,0,collision,
1318,188,339.90,16.02,185.07,0.0000,0.0102,1,goal,
1319,130,-126.68,13.30,339.26,0.0031,0.0498,0,collision,
1320,227,241.11,10.42,331.81,0.0000,0.0366,1,goal,
1321,70,-147.87,14.21,214.57,0.0055,0.0020,0,collision,
1322,128,273.78,18.94,195.87,0.0000,0.0000,1,goal,
1323,159,-102.17,11.68,490.35,0.0124,0.0000,0,collision,
1324,52,-163.35,12.70,55.77,0.0236,0.0439,0,collision,
1325,196,272.89,11.79,551.70,0.0000,0.0000,1,goal,
1326,2,-200.32,1.04,2.51,0.0000,0.0000,0,collision,
1327,58,-171.13,12.26,176.45,0.0012,0.0734,0,collision,
1328,256,284.75,9.68,640.09,0.0000,0.0011,1,goal,
1329,221,311.22,12.58,264.03,0.0000,0.0282,1,goal,
1330,232,300.48,10.96,700.71,0.0000,0.0027,1,goal,
1331,346,152.66,7.42,847.32,0.0000,0.0066,1,goal,
1332,130,-225.44,5.38,219.17,0.0000,0.0024,0,collision,
1333,67,-132.99,25.41,57.26,0.0000,0.0124,0,collision,
1334,2,-200.86,0.00,0.10,1.0000,0.0000,0,collision,
1335,3,-203.17,0.00,0.20,0.3010,0.2743,0,collision,
1336,82,-157.59,13.73,175.56,0.0127,0.0208,0,collision,
1337,179,-174.99,9.73,274.36,0.0074,0.0179,0,collision,
1338,331,-207.73,6.23,782.47,0.0000,0.0100,0,collision,
1339,5,-200.07,1.95,15.45,0.3022,0.0000,0,collision,
1340,261,-204.76,9.21,336.53,0.0026,0.0008,0,collision,
1341,117,-130.33,9.65,531.02,0.0171,0.0298,0,collision,
271,168,287.52,14.51,253.05,0.0000,0.0000,1,goal,
272,194,292.88,11.73,454.59,0.0000,0.0005,1,goal,
273,118,-172.47,8.05,292.95,0.0169,0.0006,0,collision,
274,236,259.45,7.72,821.45,0.0000,0.0006,1,goal,
275,303,266.39,9.12,958.91,0.0000,0.0864,1,goal,
276,168,308.39,14.83,334.70,0.0000,0.0072,1,goal,
277,50,-179.39,14.26,206.98,0.0002,0.0000,0,collision,
278,151,-126.02,10.36,469.91,0.0132,0.0155,0,collision,
279,346,298.73,7.08,1124.12,0.0000,0.0000,1,goal,
280,328,364.99,9.67,1486.56,0.0000,0.0000,1,goal,
1342,199,-220.12,9.59,325.80,0.0101,0.0006,0,collision,
1343,115,-247.58,2.80,227.69,0.0074,0.0710,0,collision,
1344,13,-198.98,3.00,36.83,0.0803,0.0000,0,collision,
1345,184,270.90,11.48,409.99,0.0000,0.0012,1,goal,
1346,3,-201.53,0.17,0.23,0.2254,0.0000,0,collision,
1347,385,182.33,6.34,1160.73,0.0000,0.0597,1,goal,
1348,2,-200.32,1.04,2.51,1.0000,0.0000,0,collision,
1349,62,-129.31,29.46,26.62,0.0000,0.0000,0,collision,
1350,174,-108.03,9.15,676.32,0.0011,0.0055,0,collision,
1351,7,-208.75,0.38,2.28,0.0234,0.0965,0,collision,
1352,132,-139.78,7.84,642.96,0.0011,0.0000,0,collision,
1353,142,-186.90,5.41,600.98,0.0053,0.0236,0,collision,
1354,278,343.04,10.79,716.26,0.0000,0.0190,1,goal,
1355,58,-167.22,12.02,171.81,0.0233,0.0000,0,collision,
1356,108,304.45,21.62,47.66,0.0000,0.0000,1,goal,
1357,18,-197.90,3.32,49.34,0.0066,0.0000,0,collision,
1358,153,-125.01,10.52,345.03,0.0119,0.0106,0,collision,
1359,209,319.34,13.35,437.90,0.0000,0.0141,1,goal,
1360,308,310.98,10.02,797.75,0.0000,0.0027,1,goal,
1361,270,294.93,8.97,717.44,0.0000,0.0021,1,goal,
1362,169,319.70,15.75,105.36,0.0000,0.0000,1,goal,
1363,140,295.73,18.75,-17.91,0.0000,0.0000,1,goal,
1364,172,294.99,13.09,463.86,0.0000,0.0011,1,goal,
1365,145,-187.77,6.00,480.88,0.0079,0.0031,0,collision,
1366,218,-73.14,12.35,299.05,0.0062,0.0000,0,collision,
1367,37,-219.65,2.59,100.48,0.0191,0.0000,0,collision,
1368,145,-200.97,6.09,388.98,0.0052,0.0052,0,collision,
1369,12,-197.55,3.06,35.97,0.0277,0.0000,0,collision,
1370,88,-183.33,6.47,307.46,0.0056,0.0003,0,collision,
1371,211,-83.08,10.65,670.66,0.0047,0.0049,0,collision,
281,102,-132.28,15.86,-85.07,0.0034,0.0000,0,collision,
282,84,-166.17,13.10,43.30,0.0000,0.0336,0,collision,
283,322,282.79,8.82,987.53,0.0000,0.0000,1,goal,
284,340,105.27,7.52,477.77,0.0000,0.2494,1,goal,
285,73,-189.45,7.07,170.96,0.0274,0.0053,0,collision,
286,1,-200.00,0.00,0.00,0.0000,0.0000,0,collision,
287,162,-105.54,12.70,250.92,0.0123,0.0503,0,collision,
288,289,217.22,9.61,324.99,0.0000,0.0102,1,goal,
289,48,-162.27,16.35,43.90,0.0086,0.0355,0,collision,
290,113,-237.46,5.87,276.28,0.0177,0.3163,0,collision,
1372,92,-320.49,1.12,132.16,0.0077,0.0638,0,collision,
1373,14,-216.41,0.53,8.00,0.1429,0.0000,0,collision,
1374,38,-228.09,1.90,66.04,0.0000,0.0167,0,collision,
1375,16,-191.06,4.92,88.24,0.0000,0.0000,0,collision,
1376,257,286.11,8.71,1062.37,0.0000,0.0623,1,goal,
1377,162,-147.94,10.76,190.52,0.0002,0.0152,0,collision,
1378,296,255.00,6.93,1061.47,0.0000,0.0165,1,goal,
1379,15,-195.12,3.87,51.83,0.0489,0.0000,0,collision,
1380,26,-206.11,2.45,51.42,0.0182,0.0000,0,collision,
1381,369,282.92,7.37,964.91,0.0000,0.0000,1,goal,
1382,357,309.21,7.30,1341.25,0.0000,0.0074,1,goal,
1383,228,339.49,10.62,752.30,0.0000,0.0000,1,goal,
1384,236,240.78,10.64,668.72,0.0000,0.0650,1,goal,
1385,155,-205.53,7.64,301.18,0.0000,0.0277,0,collision,
1386,163,307.22,14.54,313.31,0.0000,0.0162,1,goal,
1387,76,-131.49,22.34,56.97,0.0000,0.0000,0,collision,
1388,190,296.59,12.88,810.28,0.0000,0.0000,1,goal,
1389,118,-217.14,7.32,231.46,0.0022,0.0000,0,collision,
1390,256,-122.48,8.70,716.71,0.0015,0.0184,0,collision,
1391,210,306.88,11.10,867.93,0.0000,0.0048,1,goal,
1392,72,-165.76,9.35,229.84,0.0000,0.0254,0,collision,
1393,163,-180.16,9.66,185.58,0.0123,0.1788,0,collision,
1394,216,313.02,12.25,561.13,0.0000,0.0000,1,goal,
1395,286,283.88,10.30,689.31,0.0000,0.0036,1,goal,
291,164,-160.15,7.69,619.38,0.0000,0.0455,0,collision,
292,187,-80.74,11.72,431.63,0.0075,0.0209,0,collision,
293,249,-176.93,8.90,610.40,0.0000,0.1437,0,collision,
294,58,-171.85,11.37,182.36,0.0000,0.0360,0,collision,
295,79,-135.78,17.26,78.90,0.0209,0.0769,0,collision,
296,92,-167.70,7.58,304.11,0.0217,0.0000,0,collision,
297,94,302.27,27.67,-50.85,0.0000,0.0000,1,goal,
298,139,-121.99,14.62,241.16,0.0000,0.0082,0,collision,
299,78,-135.82,16.46,-66.11,0.0000,0.0246,0,collision,
300,84,-146.75,14.33,-35.83,0.0000,0.0182,0,collision,
1396,149,-194.80,10.34,304.80,0.0070,0.0233,0,collision,
1397,171,256.66,13.16,423.62,0.0000,0.0000,1,goal,
1398,241,227.68,9.57,288.31,0.0000,0.0239,1,goal,
1399,90,-135.34,23.15,-42.15,0.0118,0.0081,0,collision,
1400,299,305.39,9.47,890.70,0.0000,0.0227,1,goal,
1401,36,-170.24,17.28,38.38,0.0524,0.0193,0,collision,
1402,55,-162.71,12.14,149.92,0.0121,0.0211,0,collision,
1403,108,-144.26,14.85,84.55,0.0152,0.0130,0,collision,
1404,94,-131.18,18.43,187.61,0.0139,0.0033,0,collision,
1405,120,-109.03,17.29,247.73,0.0009,0.0000,0,collision,
1406,97,-102.75,23.84,-190.96,0.0000,0.0076,0,collision,
1407,81,-148.47,15.07,287.29,0.0117,0.0000,0,collision,
1408,61,-163.58,11.82,200.28,0.0156,0.0000,0,collision,
1409,55,-166.39,10.11,236.95,0.0136,0.0508,0,collision,
1410,218,332.45,13.28,766.13,0.0000,0.0448,1,goal,
1411,174,331.53,15.42,291.02,0.0000,0.0000,1,goal,
1412,41,-179.52,12.31,164.93,0.0089,0.0266,0,collision,
1413,107,-128.21,12.58,386.79,0.0000,0.0124,0,collision,
1414,4,-200.50,1.70,7.37,0.0700,0.0000,0,collision,
1415,302,239.87,8.83,651.71,0.0000,0.0878,1,goal,
1416,157,316.68,15.21,227.95,0.0000,0.0107,1,goal,
1417,90,-137.58,15.49,243.08,0.0023,0.0067,0,collision,
1418,259,332.55,10.74,1063.29,0.0000,0.0000,1,goal,
1419,124,-118.27,11.23,299.91,0.0133,0.0000,0,collision,
1420,229,313.00,10.48,635.01,0.0000,0.0000,1,goal,
1421,112,-311.80,2.14,198.74,0.0163,0.4948,0,collision,
1422,154,321.51,15.86,134.90,0.0000,0.0052,1,goal,
1423,54,-203.30,3.07,134.58,0.0059,0.0000,0,collision,
1424,14,-202.47,2.70,32.81,0.0175,0.0000,0,collision,
1425,83,-141.05,13.42,185.44,0.0000,0.0206,0,collision,
1426,93,-123.30,20.74,92.34,0.0077,0.0108,0,collision,
1427,136,315.41,16.82,110.36,0.0000,0.0080,1,goal,
1428,148,323.12,18.88,272.69,0.0000,0.0013,1,goal,
301,296,-86.39,8.64,1123.94,0.0016,0.0000,0,collision,
302,59,-214.02,3.37,201.77,0.0339,0.0031,0,collision,
303,103,-170.11,11.15,239.22,0.0130,0.0000,0,collision,
304,309,285.68,9.91,818.21,0.0000,0.0128,1,goal,
305,238,296.45,11.73,330.44,0.0000,0.0094,1,goal,
306,164,269.66,8.91,575.90,0.0000,0.0000,1,goal,
307,238,286.00,10.87,613.75,0.0000,0.0000,1,goal,
308,75,-162.47,7.61,381.35,0.0000,0.0443,0,collision,
309,246,314.65,9.91,748.23,0.0000,0.0022,1,goal,
310,157,321.69,14.44,263.99,0.0000,0.0018,1,goal,
1429,68,-180.27,14.82,286.12,0.0000,0.0000,0,collision,
1430,20,-202.46,3.49,60.43,0.0359,0.0000,0,collision,
1431,278,281.69,10.22,804.94,0.0000,0.0005,1,goal,
1432,288,306.71,8.57,1005.79,0.0000,0.0164,1,goal,
1433,171,-216.81,7.51,410.97,0.0022,0.0000,0,collision,
1434,205,305.92,12.14,346.38,0.0000,0.0000,1,goal,
1435,185,312.59,13.89,267.70,0.0000,0.0006,1,goal,
1436,82,291.79,27.56,14.64,0.0000,0.0000,1,goal,
1437,53,-182.25,9.14,187.80,0.0377,0.0181,0,collision,
1438,208,-148.45,8.03,695.91,0.0000,0.0065,0,collision,
1439,347,336.67,8.02,1437.66,0.0000,0.0038,1,goal,
1440,381,239.72,6.75,1216.37,0.0000,0.0033,1,goal,
1441,217,317.55,13.04,525.44,0.0000,0.0151,1,goal,
1442,26,-226.44,0.94,13.82,0.0503,0.0454,0,collision,
1443,202,-103.54,11.96,369.09,0.0025,0.0033,0,collision,
1444,207,-235.95,3.74,622.56,0.0023,0.0284,0,collision,
1445,77,-152.59,13.79,195.02,0.0007,0.0227,0,collision,
1446,150,-117.92,13.37,3.26,0.0000,0.0140,0,collision,
1447,138,311.53,16.46,374.14,0.0000,0.0021,1,goal,
1448,319,160.54,7.59,522.59,0.0000,0.0090,1,goal,
1449,2,-200.32,1.04,2.51,0.0000,0.0000,0,collision,
1450,223,-176.10,5.91,875.40,0.0054,0.0123,0,collision,
1451,264,-187.06,9.13,492.49,0.0030,0.0000,0,collision,
311,2,-200.86,0.00,0.10,1.0000,0.0000,0,collision,
312,4,-205.03,0.00,0.30,0.3971,0.0000,0,collision,
313,132,319.79,20.38,141.50,0.0000,0.0289,1,goal,
314,234,327.80,12.01,552.26,0.0000,0.0152,1,goal,
315,236,304.11,11.17,514.16,0.0000,0.0070,1,goal,
316,162,281.23,13.69,304.59,0.0000,0.0065,1,goal,
317,77,-167.04,12.08,160.56,0.0153,0.0126,0,collision,
318,33,-191.50,8.88,163.70,0.0532,0.2416,0,collision,
319,95,-122.01,18.53,14.28,0.0010,0.0166,0,collision,
320,116,-80.18,25.96,-173.56,0.0069,0.0065,0,collision,
1452,99,-162.38,14.11,358.00,0.0024,0.0553,0,collision,
1453,261,277.17,9.03,883.09,0.0000,0.0253,1,goal,
1454,183,-103.49,14.06,383.28,0.0009,0.0192,0,collision,
1455,118,-106.38,17.41,-63.21,0.0026,0.0197,0,collision,
1456,92,295.40,24.28,-95.06,0.0000,0.0048,1,goal,
1457,108,-206.46,6.31,217.40,0.0058,0.0152,0,collision,
1458,84,-226.17,3.22,265.89,0.0238,0.0694,0,collision,
1459,138,-104.06,15.15,183.07,0.0006,0.0000,0,collision,
1460,28,-182.00,16.11,65.42,0.0281,0.0575,0,collision,
1461,94,-134.54,14.81,83.24,0.0053,0.0187,0,collision,
1462,83,-177.08,10.33,146.50,0.0241,0.0227,0,collision,
1463,181,313.66,13.61,260.55,0.0000,0.0001,1,goal,
1464,120,-187.87,11.80,52.74,0.0112,0.1851,0,collision,
1465,1,-200.00,0.00,0.00,0.0000,0.0000,0,collision,
1466,230,-196.72,9.46,373.21,0.0087,0.0000,0,collision,
1467,188,-153.67,8.36,574.80,0.0078,0.0098,0,collision,
1468,55,-147.93,22.99,44.99,0.0107,0.0062,0,collision,
1469,120,-108.08,16.00,-18.10,0.0007,0.0100,0,collision,
1470,211,335.94,13.54,204.36,0.0000,0.0212,1,goal,
1471,197,279.95,12.31,354.81,0.0000,0.0000,1,goal,
1472,53,-161.93,15.06,231.54,0.0303,0.0095,0,collision,
1473,2,-200.70,0.54,0.76,0.2391,0.0000,0,collision,
1474,352,236.23,7.70,1076.47,0.0000,0.0585,1,goal,
1475,78,-133.60,21.55,-34.34,0.0016,0.0573,0,collision,
1476,101,309.35,26.27,-90.22,0.0000,0.0000,1,goal,
1477,315,-147.88,6.65,940.46,0.0063,0.0070,0,collision,
1478,193,-136.32,9.00,716.01,0.0008,0.0334,0,collision,
1479,145,275.89,15.89,-22.10,0.0000,0.0000,1,goal,
1480,167,-194.21,8.37,457.79,0.0000,0.0000,0,collision,
321,233,261.28,9.85,209.12,0.0000,0.0000,1,goal,
322,235,327.41,9.55,964.69,0.0000,0.0007,1,goal,
323,246,346.67,11.94,808.88,0.0000,0.0180,1,goal,
324,267,347.10,11.37,1121.18,0.0000,0.0119,1,goal,
325,144,-125.59,12.21,289.47,0.0093,0.0273,0,collision,
326,303,286.84,9.36,803.55,0.0000,0.0130,1,goal,
327,90,-116.54,24.60,-103.42,0.0143,0.0000,0,collision,
328,1,-200.00,0.00,0.00,0.0000,0.0000,0,collision,
329,319,267.21,8.38,886.20,0.0000,0.0118,1,goal,
330,433,296.05,6.60,1571.90,0.0000,0.0007,1,goal,
1481,594,-713.18,3.89,614.41,0.0034,0.0003,0,collision,
1482,159,288.19,13.10,323.14,0.0000,0.0000,1,goal,
1483,306,356.08,9.32,1350.66,0.0000,0.0000,1,goal,
1484,412,244.87,6.89,1238.31,0.0000,0.0032,1,goal,
1485,360,299.85,8.02,1345.75,0.0000,0.0077,1,goal,
1486,93,-189.71,5.68,320.72,0.0081,0.0463,0,collision,
1487,74,-140.73,19.12,3.05,0.0000,0.0289,0,collision,
1488,37,-170.76,18.71,200.94,0.0267,0.0000,0,collision,
1489,205,-147.92,10.35,399.66,0.0098,0.1097,0,collision,
1490,284,367.08,10.50,1132.29,0.0000,0.0024,1,goal,
1491,219,-278.21,4.83,590.32,0.0000,0.2318,0,collision,
1492,296,264.94,8.63,826.42,0.0000,0.0319,1,goal,
1493,338,371.48,8.76,1122.18,0.0000,0.0000,1,goal,
1494,43,-231.67,1.58,57.10,0.0395,0.0000,0,collision,
1495,226,307.09,11.60,462.71,0.0000,0.0040,1,goal,
1496,320,295.22,7.14,1195.65,0.0000,0.0145,1,goal,
1497,217,-45.36,10.34,904.26,0.0054,0.0136,0,collision,
331,3,-202.04,0.69,2.61,0.3793,0.0000,0,collision,
332,105,-115.19,19.48,74.46,0.0181,0.0275,0,collision,
333,58,-156.88,17.07,-43.76,0.0345,0.0335,0,collision,
334,1,-200.00,0.00,0.00,0.0000,0.0000,0,collision,
335,163,257.39,16.13,84.67,0.0000,0.0293,1,goal,
336,172,285.08,15.68,135.49,0.0000,0.0000,1,goal,
337,62,-209.92,6.02,154.83,0.0099,0.0282,0,collision,
338,39,-177.93,11.01,126.78,0.0000,0.0329,0,collision,
339,168,-120.68,11.84,285.44,0.0074,0.0297,0,collision,
340,56,-158.74,13.55,169.89,0.0022,0.0000,0,collision,
1498,65,-187.70,12.76,212.85,0.0308,0.0133,0,collision,
1499,32,-174.84,13.92,177.52,0.0491,0.0000,0,collision,
1500,58,-194.33,12.38,210.40,0.0333,0.0570,0,collision,
1501,51,-165.34,14.06,204.12,0.0277,0.0000,0,collision,
1502,41,-168.91,15.71,88.75,0.0000,0.0633,0,collision,
1503,101,-134.61,13.10,234.35,0.0159,0.0461,0,collision,
1504,114,-174.39,13.32,195.81,0.0000,0.0043,0,collision,
1505,85,-127.93,22.92,-31.02,0.0031,0.0226,0,collision,
1506,110,302.58,21.08,-5.81,0.0000,0.0132,1,goal,
1507,2,-200.32,1.04,2.51,0.9767,0.0000,0,collision,
1508,234,223.36,8.82,461.71,0.0000,0.0064,1,goal,
1509,206,326.20,14.57,518.36,0.0000,0.0000,1,goal,
1510,119,-97.68,19.55,-17.59,0.0000,0.0099,0,collision,
1511,276,278.12,9.10,789.43,0.0000,0.0007,1,goal,
1512,100,275.77,22.99,-60.43,0.0000,0.0138,1,goal,
1513,274,241.94,8.42,769.48,0.0000,0.0339,1,goal,
1514,89,282.15,25.76,-85.46,0.0000,0.0000,1,goal,
1515,235,296.70,11.01,692.52,0.0000,0.0166,1,goal,
1516,86,297.69,29.06,-45.34,0.0000,0.0000,1,goal,
1517,184,-115.45,12.45,765.38,0.0109,0.0109,0,collision,
1518,106,-144.45,12.11,294.67,0.0178,0.0515,0,collision,
1519,192,-87.89,10.80,828.73,0.0065,0.0344,0,collision,
1520,93,-121.41,17.83,43.71,0.0064,0.0157,0,collision,
1521,50,-169.94,12.87,133.94,0.0400,0.0331,0,collision,
1522,281,316.89,9.86,787.79,0.0000,0.0380,1,goal,
1523,46,-166.93,14.62,167.44,0.0249,0.0468,0,collision,
1524,79,-190.99,8.39,187.64,0.0190,0.2265,0,collision,
1525,144,310.75,15.72,232.68,0.0000,0.0282,1,goal,
1526,78,-162.54,8.88,348.95,0.0172,0.0016,0,collision,
1527,86,-142.05,16.13,44.04,0.0093,0.0000,0,collision,
1528,209,333.63,13.55,532.81,0.0000,0.0088,1,goal,
1529,230,271.87,9.80,657.64,0.0000,0.0173,1,goal,
1530,41,-190.53,11.17,26.15,0.0049,0.0000,0,collision,
341,1,-200.00,0.00,0.00,0.0000,0.0000,0,collision,
342,39,-186.32,4.82,180.63,0.0086,0.0017,0,collision,
343,101,-168.49,6.37,579.42,0.0093,0.0220,0,collision,
344,74,-150.68,16.63,-13.52,0.0053,0.0172,0,collision,
345,258,289.44,8.75,826.30,0.0000,0.0047,1,goal,
346,325,237.59,7.95,874.00,0.0000,0.0279,1,goal,
347,97,297.84,24.09,-72.81,0.0000,0.0033,1,goal,
348,113,-194.96,7.70,144.49,0.0156,0.0000,0,collision,
349,239,356.25,12.05,875.79,0.0000,0.0000,1,goal,
350,169,304.11,13.61,416.31,0.0000,0.0558,1,goal,
1531,170,-240.52,9.98,643.71,0.0014,0.0027,0,collision,
1532,233,-207.57,6.54,649.96,0.0000,0.0000,0,collision,
1533,131,287.45,19.77,119.72,0.0000,0.0459,1,goal,
1534,166,284.08,13.69,323.26,0.0000,0.0151,1,goal,
1535,62,-153.72,21.29,77.11,0.0320,0.0484,0,collision,
1536,223,301.36,10.28,749.30,0.0000,0.0469,1,goal,
1537,91,296.92,25.35,56.92,0.0000,0.0000,1,goal,
1538,64,-152.89,17.12,4.82,0.0000,0.0419,0,collision,
1539,198,-176.87,7.30,445.17,0.0000,0.0000,0,collision,
1540,85,-221.82,7.79,174.14,0.0047,0.2330,0,collision,
1541,185,326.92,13.11,598.25,0.0000,0.0002,1,goal,
1542,294,311.43,9.64,766.10,0.0000,0.0170,1,goal,
1543,271,-121.18,9.04,756.81,0.0013,0.0104,0,collision,
1544,26,-197.18,5.15,152.09,0.0117,0.0000,0,collision,
1545,68,-152.36,10.61,318.90,0.0007,0.0000,0,collision,
1546,125,312.70,20.39,-94.81,0.0000,0.0020,1,goal,
1547,332,272.79,6.85,1251.70,0.0000,0.0130,1,goal,
1548,115,-167.48,9.33,363.85,0.0141,0.0000,0,collision,
1549,112,282.72,14.35,154.43,0.0000,0.0000,1,goal,
1550,194,-184.60,6.81,558.17,0.0034,0.0205,0,collision,
1551,251,214.25,9.85,778.28,0.0000,0.1500,1,goal,
1552,196,271.92,11.11,279.91,0.0000,0.0063,1,goal,
1553,32,-177.77,14.94,133.47,0.0514,0.0485,0,collision,
1554,113,300.82,21.99,47.40,0.0000,0.0000,1,goal,
1555,202,264.70,11.45,293.44,0.0000,0.0000,1,goal,
351,97,-160.38,11.89,305.03,0.0000,0.0274,0,collision,
352,47,-174.24,14.78,183.74,0.0426,0.0000,0,collision,
353,81,-135.13,17.58,8.48,0.0076,0.0355,0,collision,
354,68,-146.67,19.74,62.66,0.0104,0.0466,0,collision,
355,62,-155.81,11.36,373.29,0.0000,0.0262,0,collision,
356,85,286.28,27.31,11.92,0.0000,0.0000,1,goal,
357,127,297.46,20.74,208.17,0.0000,0.0006,1,goal,
358,122,-119.72,18.11,152.09,0.0005,0.0000,0,collision,
359,2,-200.86,0.00,0.10,0.0903,0.0000,0,collision,
360,134,313.79,16.68,189.52,0.0000,0.0120,1,goal,
1556,278,-145.57,11.02,906.14,0.0000,0.0050,0,collision,
1557,115,-105.60,16.79,160.59,0.0000,0.0128,0,collision,
1558,57,-154.89,19.05,29.09,0.0342,0.0261,0,collision,
1559,259,160.67,7.94,532.74,0.0000,0.0124,1,goal,
1560,157,-118.53,10.39,519.09,0.0124,0.0704,0,collision,
1561,38,-185.56,5.68,194.35,0.0232,0.0730,0,collision,
1562,231,-131.41,12.26,486.25,0.0041,0.0431,0,collision,
1563,4,-203.73,0.00,0.30,0.0000,0.0000,0,collision,
1564,149,-111.73,11.85,656.19,0.0000,0.0032,0,collision,
1565,125,267.92,18.43,174.02,0.0000,0.0183,1,goal,
1566,277,224.18,9.77,564.69,0.0000,0.0710,1,goal,
1567,90,-163.79,7.28,477.29,0.0081,0.0466,0,collision,
1568,3,-204.37,0.00,0.20,0.3221,0.4312,0,collision,
1569,88,-262.12,2.39,186.05,0.0182,0.1736,0,collision,
1570,202,-88.24,10.12,783.36,0.0099,0.0098,0,collision,
1571,61,-156.16,13.98,178.73,0.0328,0.0272,0,collision,
1572,280,227.26,9.86,569.90,0.0000,0.0066,1,goal,
1573,71,-142.85,17.35,126.90,0.0057,0.0210,0,collision,
1574,87,-158.30,13.60,117.02,0.0019,0.0006,0,collision,
1575,202,260.43,13.69,379.92,0.0000,0.0000,1,goal,
1576,132,-314.00,5.04,162.83,0.0152,0.5189,0,collision,
1577,201,-58.07,14.54,352.34,0.0100,0.0040,0,collision,
1578,88,282.15,25.90,100.41,0.0000,0.0000,1,goal,
1579,204,259.88,14.75,294.46,0.0000,0.1534,1,goal,
1580,159,-111.27,18.19,165.32,0.0001,0.0070,0,collision,
1581,376,173.11,6.89,892.55,0.0000,0.0071,1,goal,
1582,204,324.92,11.32,746.76,0.0000,0.0023,1,goal,
1583,48,-175.25,12.89,85.96,0.0302,0.0923,0,collision,
361,127,-143.16,12.63,216.11,0.0133,0.0000,0,collision,
362,42,-189.30,5.54,271.07,0.0368,0.0129,0,collision,
363,269,274.82,10.24,617.00,0.0000,0.0000,1,goal,
364,262,315.06,8.85,1262.81,0.0000,0.0000,1,goal,
365,181,318.44,13.53,384.61,0.0000,0.0019,1,goal,
366,84,288.72,27.19,9.35,0.0000,0.0000,1,goal,
367,447,234.52,7.01,1144.69,0.0000,0.0413,1,goal,
368,271,-274.27,6.44,466.42,0.0001,0.1193,0,collision,
369,159,331.15,17.73,145.47,0.0000,0.0069,1,goal,
370,312,217.08,8.12,866.49,0.0000,0.0062,1,goal,
1584,132,-151.09,15.85,362.62,0.0023,0.0196,0,collision,
1585,114,299.33,20.37,-66.76,0.0000,0.0057,1,goal,
1586,156,313.61,16.41,281.84,0.0000,0.0242,1,goal,
1587,69,-134.99,22.07,-122.90,0.0053,0.0359,0,collision,
1588,272,324.70,9.15,1063.52,0.0000,0.0000,1,goal,
1589,203,338.71,12.46,725.73,0.0000,0.0000,1,goal,
1590,388,174.42,6.74,798.34,0.0000,0.0713,1,goal,
1591,226,352.61,11.68,654.90,0.0000,0.0000,1,goal,
1592,352,261.25,6.41,1230.57,0.0000,0.0100,1,goal,
1593,185,334.41,12.51,716.28,0.0000,0.0000,1,goal,
1594,162,-119.60,11.34,618.06,0.0118,0.0000,0,collision,
1595,40,-173.40,15.80,48.46,0.0271,0.0411,0,collision,
1596,238,299.40,9.49,837.97,0.0000,0.0026,1,goal,
1597,125,-170.58,9.85,333.58,0.0081,0.0565,0,collision,
1598,284,263.41,8.96,488.12,0.0000,0.0029,1,goal,
1599,341,-224.65,7.46,645.18,0.0059,0.1434,0,collision,
1600,241,-114.33,9.14,944.96,0.0074,0.0091,0,collision,
1601,3,-202.46,0.59,1.65,0.1011,0.1275,0,collision,
1602,376,197.41,6.59,1007.59,0.0000,0.0000,1,goal,
1603,233,287.33,10.44,674.18,0.0000,0.0040,1,goal,
371,210,271.48,10.89,592.44,0.0000,0.0643,1,goal,
372,343,235.99,8.00,1043.19,0.0000,0.0204,1,goal,
373,359,199.09,6.86,897.41,0.0000,0.0036,1,goal,
374,250,296.70,9.73,671.79,0.0000,0.0105,1,goal,
375,273,351.99,10.50,1012.62,0.0000,0.0068,1,goal,
376,314,215.09,8.11,694.39,0.0000,0.0030,1,goal,
377,324,242.23,8.24,870.95,0.0000,0.0000,1,goal,
378,147,297.20,15.82,134.57,0.0000,0.0000,1,goal,
379,53,-174.91,11.82,255.99,0.0105,0.0000,0,collision,
380,376,-282.16,4.70,1206.97,0.0000,0.1518,0,collision,
1604,203,-336.31,5.16,394.44,0.0014,0.0028,0,collision,
1605,309,305.84,8.71,972.03,0.0000,0.0000,1,goal,
1606,203,-228.08,5.78,497.54,0.0064,0.0026,0,collision,
1607,165,317.30,14.07,253.37,0.0000,0.0046,1,goal,
1608,33,-178.88,16.62,33.67,0.0246,0.0696,0,collision,
1609,308,275.34,9.35,497.57,0.0000,0.0055,1,goal,
1610,1,-200.00,0.00,0.00,0.0000,0.0000,0,collision,
1611,70,-208.93,3.46,201.24,0.0125,0.0000,0,collision,
1612,267,291.06,9.55,846.41,0.0000,0.0000,1,goal,
1613,151,327.71,18.42,123.04,0.0000,0.0199,1,goal,
1614,190,299.99,12.03,575.79,0.0000,0.0138,1,goal,
1615,234,349.70,11.36,926.73,0.0000,0.0068,1,goal,
1616,200,310.48,11.38,652.82,0.0000,0.0004,1,goal,
1617,18,-206.65,2.52,40.14,0.0000,0.1229,0,collision,
1618,7,-204.76,1.59,13.86,0.2012,0.1912,0,collision,
1619,294,225.99,8.82,529.93,0.0000,0.0000,1,goal,
1620,209,-162.70,11.58,63.66,0.0000,0.1203,0,collision,
1621,79,-145.13,17.32,35.97,0.0248,0.0864,0,collision,
1622,206,339.93,13.48,690.32,0.0000,0.0000,1,goal,
1623,139,-159.48,14.22,94.18,0.0144,0.1382,0,collision,
1624,148,-265.47,4.47,270.83,0.0000,0.0024,0,collision,
1625,313,297.40,7.15,1370.41,0.0000,0.0007,1,goal,
1626,20,-219.31,1.11,21.24,0.0120,0.0266,0,collision,
1627,259,284.67,8.95,923.21,0.0000,0.0001,1,goal,
381,207,-212.47,6.54,502.34,0.0004,0.0075,0,collision,
382,507,141.13,5.57,1325.22,0.0000,0.0000,1,goal,
383,72,-237.65,2.14,120.19,0.0133,0.0000,0,collision,
384,262,-227.30,5.18,680.26,0.0073,0.0019,0,collision,
385,157,314.17,14.23,373.33,0.0000,0.0084,1,goal,
386,41,-168.55,16.97,64.66,0.0488,0.0883,0,collision,
387,12,-209.31,1.19,12.98,0.1667,0.0000,0,collision,
388,296,295.64,9.10,924.21,0.0000,0.0000,1,goal,
389,76,-272.70,0.99,64.54,0.0000,0.0687,0,collision,
390,213,262.16,11.07,521.04,0.0000,0.0062,1,goal,
1628,350,-450.54,3.94,872.88,0.0035,0.0050,0,collision,
1629,322,263.06,8.10,872.40,0.0000,0.0036,1,goal,
1630,300,255.40,9.61,613.91,0.0000,0.0000,1,goal,
1631,160,-74.29,17.98,335.67,0.0000,0.0085,0,collision,
1632,538,158.71,5.27,1435.13,0.0000,0.0112,1,goal,
1633,299,257.99,9.42,590.51,0.0000,0.0066,1,goal,
1634,21,-223.81,0.79,13.33,0.0000,0.0958,0,collision,
1635,534,116.03,5.20,1557.86,0.0000,0.1193,1,goal,
1636,483,132.65,6.16,1258.10,0.0000,0.0337,1,goal,
1637,117,-182.05,6.39,428.30,0.0023,0.0000,0,collision,
1638,214,300.27,11.94,821.19,0.0000,0.0000,1,goal,
1639,3,-199.63,2.08,9.94,0.6667,0.0000,0,collision,
1640,68,-185.20,5.10,234.28,0.0000,0.0364,0,collision,
1641,450,204.53,5.28,1666.86,0.0000,0.0068,1,goal,
1642,205,-217.72,5.78,734.89,0.0000,0.0000,0,collision,
391,233,271.09,12.19,338.40,0.0000,0.0334,1,goal,
392,1,-200.00,0.00,0.00,0.0000,0.0000,0,collision,
393,348,240.16,7.41,980.69,0.0000,0.0138,1,goal,
394,312,278.85,8.28,1108.31,0.0000,0.0270,1,goal,
395,203,343.98,13.97,384.27,0.0000,0.0000,1,goal,
396,110,301.01,20.20,-132.08,0.0000,0.0000,1,goal,
397,159,316.08,17.57,139.25,0.0000,0.0000,1,goal,
398,24,-201.91,4.40,160.08,0.0178,0.0000,0,collision,
399,312,161.83,8.27,522.13,0.0000,0.1162,1,goal,
400,336,-149.72,8.11,772.87,0.0018,0.0132,0,collision,
1643,197,-105.35,13.73,488.50,0.0102,0.0199,0,collision,
1644,312,297.60,8.49,1275.82,0.0000,0.0001,1,goal,
1645,185,311.39,13.39,368.57,0.0000,0.0000,1,goal,
1646,7,-209.90,0.07,0.63,0.2350,0.0000,0,collision,
1647,234,208.27,10.76,224.12,0.0000,0.0233,1,goal,
1648,259,319.64,10.72,337.32,0.0000,0.0046,1,goal,
1649,161,272.91,14.06,217.42,0.0000,0.0698,1,goal,
1650,108,-144.84,12.12,288.53,0.0000,0.0135,0,collision,
1651,220,172.82,8.15,306.29,0.0000,0.0580,1,goal,
1652,333,342.09,9.22,1158.13,0.0000,0.0080,1,goal,
1653,40,-165.35,20.40,-11.57,0.0404,0.0871,0,collision,
1654,197,-115.99,8.79,950.85,0.0073,0.0210,0,collision,
1655,37,-191.24,7.97,184.25,0.0541,0.0000,0,collision,
1656,142,294.57,17.47,127.23,0.0000,0.0487,1,goal,
1657,256,254.56,10.94,501.90,0.0000,0.0000,1,goal,
1658,45,-159.70,19.87,48.36,0.0000,0.0188,0,collision,
1659,191,-161.06,7.33,621.72,0.0001,0.0000,0,collision,
1660,86,-107.72,27.79,-36.45,0.0000,0.0110,0,collision,
1661,103,305.52,24.24,-52.86,0.0000,0.0000,1,goal,
1662,307,222.01,9.10,629.22,0.0000,0.0272,1,goal,
1663,402,118.92,6.84,817.54,0.0000,0.0894,1,goal,
1664,107,-118.44,13.11,421.63,0.0187,0.0000,0,collision,
1665,194,324.01,14.16,89.77,0.0000,0.0009,1,goal,
401,208,236.55,13.21,78.70,0.0000,0.1007,1,goal,
402,208,-214.43,6.86,299.22,0.0006,0.0720,0,collision,
403,334,133.00,7.38,595.21,0.0000,0.0117,1,goal,
404,184,-131.67,15.14,58.77,0.0100,0.0049,0,collision,
405,148,313.34,15.73,319.03,0.0000,0.0160,1,goal,
406,159,314.83,15.71,116.81,0.0000,0.0000,1,goal,
407,247,224.25,9.93,247.88,0.0000,0.0542,1,goal,
408,117,299.90,19.16,-70.84,0.0000,0.0093,1,goal,
409,294,230.85,8.44,934.48,0.0000,0.0580,1,goal,
410,227,224.36,8.82,315.88,0.0000,0.0000,1,goal,
1666,315,-302.67,8.79,253.15,0.0063,0.0000,0,collision,
1667,146,308.44,15.50,476.88,0.0000,0.0347,1,goal,
1668,234,351.84,12.98,732.17,0.0000,0.0037,1,goal,
1669,188,-117.84,11.47,548.41,0.0084,0.0093,0,collision,
1670,167,323.27,15.70,272.55,0.0000,0.0000,1,goal,
1671,445,142.20,6.04,953.01,0.0000,0.0075,1,goal,
1672,315,280.96,7.97,1085.25,0.0000,0.0022,1,goal,
1673,196,161.41,8.91,145.71,0.0000,0.0889,1,goal,
1674,178,299.60,14.50,335.60,0.0000,0.0000,1,goal,
1675,258,-63.55,11.19,915.71,0.0000,0.0102,0,collision,
1676,184,-106.99,12.47,475.09,0.0040,0.0000,0,collision,
1677,102,-151.93,11.54,268.89,0.0040,0.0811,0,collision,
1678,155,295.54,14.93,307.29,0.0000,0.0015,1,goal,
1679,80,-131.10,18.73,-9.33,0.0000,0.0217,0,collision,
1680,212,-137.54,10.64,459.04,0.0023,0.0000,0,collision,
1681,131,-119.80,16.50,115.71,0.0027,0.0239,0,collision,
1682,293,220.47,6.93,848.88,0.0000,0.0079,1,goal,
1683,253,289.48,9.59,818.84,0.0000,0.0030,1,goal,
1684,338,310.97,8.44,1189.23,0.0000,0.0000,1,goal,
411,346,192.97,7.52,845.23,0.0000,0.0054,1,goal,
412,208,197.55,11.78,293.91,0.0000,0.1886,1,goal,
413,132,-188.70,7.49,349.41,0.0119,0.0000,0,collision,
414,272,320.20,9.58,1113.62,0.0000,0.0000,1,goal,
415,230,-116.52,9.12,776.08,0.0018,0.0456,0,collision,
416,178,-212.34,9.60,351.45,0.0000,0.0065,0,collision,
417,138,-142.56,15.05,142.89,0.0029,0.0000,0,collision,
418,145,309.00,17.75,6.32,0.0000,0.0000,1,goal,
419,76,-148.01,13.37,348.89,0.0150,0.0114,0,collision,
420,199,325.36,14.08,382.94,0.0000,0.0112,1,goal,
1685,112,-240.25,7.03,215.15,0.0024,0.0084,0,collision,
1686,236,316.69,10.28,555.91,0.0000,0.0036,1,goal,
1687,213,333.18,11.55,788.90,0.0000,0.0010,1,goal,
1688,279,307.89,8.83,760.97,0.0000,0.0011,1,goal,
1689,225,309.96,11.53,315.13,0.0000,0.0043,1,goal,
1690,333,292.66,8.66,782.47,0.0000,0.0000,1,goal,
1691,184,301.36,13.16,193.67,0.0000,0.0064,1,goal,
1692,177,335.40,15.09,515.06,0.0000,0.0000,1,goal,
1693,30,-190.18,5.02,169.45,0.0000,0.0023,0,collision,
1694,284,223.06,7.95,753.32,0.0000,0.0072,1,goal,
1695,69,-180.59,7.07,345.21,0.0000,0.0000,0,collision,
1696,91,-134.58,17.39,-115.47,0.0151,0.0716,0,collision,
1697,50,-160.46,13.46,146.94,0.0081,0.0000,0,collision,
1698,137,-88.68,20.35,59.98,0.0018,0.0213,0,collision,
1699,91,-120.66,18.71,5.23,0.0183,0.0000,0,collision,
1700,146,-199.98,9.00,209.82,0.0000,0.0456,0,collision,
1701,92,-126.55,15.93,133.44,0.0072,0.0100,0,collision,
1702,16,-191.51,8.48,116.59,0.0267,0.0000,0,collision,
1703,125,-159.89,10.87,469.30,0.0001,0.0534,0,collision,
1704,228,-127.62,11.01,488.17,0.0078,0.0132,0,collision,
1705,33,-182.40,9.08,186.41,0.0606,0.1114,0,collision,
1706,96,-122.44,19.74,158.62,0.0047,0.0059,0,collision,
1707,120,-175.04,6.95,511.30,0.0000,0.0157,0,collision,
1708,263,-174.89,7.43,727.06,0.0052,0.0550,0,collision,
1709,74,-186.38,7.63,214.86,0.0242,0.1464,0,collision,
1710,116,-108.58,18.84,25.61,0.0000,0.0159,0,collision,
1711,261,294.82,10.74,443.26,0.0000,0.0000,1,goal,
421,1,-200.00,0.00,0.00,0.0000,0.0000,0,collision,
422,217,222.11,8.28,402.82,0.0000,0.0041,1,goal,
423,247,-188.92,7.33,935.99,0.0081,0.1417,0,collision,
424,101,-119.78,16.71,281.06,0.0000,0.0189,0,collision,
425,121,301.82,16.43,362.44,0.0000,0.0000,1,goal,
426,166,340.46,16.99,242.33,0.0000,0.0089,1,goal,
427,126,-95.29,18.32,64.43,0.0014,0.0008,0,collision,
428,66,-195.79,9.12,96.45,0.0228,0.2543,0,collision,
429,55,-164.36,12.19,144.92,0.0364,0.0242,0,collision,
430,87,-118.94,24.55,-48.47,0.0000,0.0271,0,collision,
1712,106,-212.40,11.77,252.51,0.0000,0.0075,0,collision,
1713,142,-130.28,11.63,452.47,0.0008,0.0441,0,collision,
1714,238,292.17,10.47,485.45,0.0000,0.0032,1,goal,
1715,106,-123.45,15.47,212.18,0.0016,0.0267,0,collision,
1716,93,-125.73,17.46,77.80,0.0000,0.0556,0,collision,
1717,150,310.35,17.46,197.54,0.0000,0.0076,1,goal,
1718,2,-201.66,0.00,0.10,0.7255,0.0000,0,collision,
1719,208,283.79,11.86,604.75,0.0000,0.0208,1,goal,
1720,74,-235.43,4.44,127.45,0.0011,0.3151,0,collision,
1721,89,-143.65,17.72,9.86,0.0000,0.0131,0,collision,
1722,53,-192.19,9.37,85.04,0.0377,0.1786,0,collision,
1723,66,-140.44,21.13,133.24,0.0000,0.0134,0,collision,
1724,98,-109.75,22.25,-37.33,0.0031,0.0089,0,collision,
1725,92,-217.59,6.90,158.89,0.0217,0.2626,0,collision,
1726,83,291.80,27.79,96.75,0.0000,0.0000,1,goal,
1727,81,292.28,28.64,-76.53,0.0000,0.0000,1,goal,
1728,237,294.22,10.46,884.63,0.0000,0.1022,1,goal,
1729,313,195.81,7.40,837.52,0.0000,0.0100,1,goal,
1730,107,304.05,21.08,7.73,0.0000,0.0000,1,goal,
1731,81,-131.44,19.56,106.91,0.0159,0.0000,0,collision,
1732,303,-118.97,9.45,867.08,0.0000,0.0427,0,collision,
1733,264,-246.73,7.69,472.13,0.0000,0.0723,0,collision,
1734,340,240.02,7.20,1003.60,0.0000,0.0217,1,goal,
1735,174,278.27,12.54,463.91,0.0000,0.0536,1,goal,
1736,108,-175.87,12.81,-28.92,0.0107,0.1611,0,collision,
1737,4,-203.24,0.52,1.94,0.5000,0.0000,0,collision,
1738,168,286.18,15.18,239.11,0.0000,0.0000,1,goal,
1739,275,-185.58,7.89,715.06,0.0035,0.0227,0,collision,
431,135,300.97,18.27,27.91,0.0000,0.0000,1,goal,
432,194,231.64,11.78,107.59,0.0000,0.0535,1,goal,
433,288,226.66,8.05,426.00,0.0000,0.0000,1,goal,
434,228,336.36,12.94,362.12,0.0000,0.0000,1,goal,
435,127,-179.47,7.63,268.48,0.0002,0.0530,0,collision,
436,2,-200.32,1.04,2.51,0.0000,0.0000,0,collision,
437,271,-150.21,8.05,762.39,0.0001,0.0008,0,collision,
438,188,244.01,14.32,102.11,0.0000,0.0384,1,goal,
439,181,280.58,14.24,308.21,0.0000,0.0000,1,goal,
440,283,279.42,10.22,662.90,0.0000,0.0107,1,goal,
1740,338,-431.44,5.69,388.72,0.0038,0.0049,0,collision,
1741,146,-109.32,17.23,201.17,0.0007,0.0000,0,collision,
1742,214,-117.84,9.80,601.61,0.0001,0.0085,0,collision,
1743,195,292.36,12.20,274.14,0.0000,0.0076,1,goal,
1744,142,-110.18,12.85,425.00,0.0141,0.0000,0,collision,
1745,182,-135.56,10.40,623.75,0.0040,0.0406,0,collision,
1746,170,337.13,16.11,54.39,0.0000,0.0000,1,goal,
1747,338,272.97,8.23,1046.31,0.0000,0.0779,1,goal,
1748,190,312.64,11.83,566.13,0.0000,0.0000,1,goal,
1749,189,315.25,13.58,473.04,0.0000,0.0000,1,goal,
1750,231,309.46,9.68,801.41,0.0000,0.0000,1,goal,
1751,117,-97.07,22.35,-44.87,0.0000,0.0294,0,collision,
1752,58,-218.40,5.76,144.47,0.0345,0.3203,0,collision,
1753,64,-158.57,18.52,63.00,0.0289,0.0430,0,collision,
1754,281,317.50,9.82,969.98,0.0000,0.0327,1,goal,
1755,227,323.82,10.21,968.00,0.0000,0.0000,1,goal,
1756,108,302.20,20.89,-124.44,0.0000,0.0000,1,goal,
1757,83,-153.26,11.44,331.36,0.0152,0.0205,0,collision,
1758,262,314.25,9.64,900.33,0.0000,0.0077,1,goal,
1759,131,-178.91,8.62,392.48,0.0005,0.0270,0,collision,
1760,33,-189.81,9.38,84.43,0.0000,0.0000,0,collision,
1761,209,278.12,12.13,311.96,0.0000,0.0529,1,goal,
1762,142,-161.91,6.16,613.36,0.0020,0.0000,0,collision,
441,202,-114.62,8.53,814.61,0.0037,0.0000,0,collision,
442,195,337.76,14.67,404.97,0.0000,0.0089,1,goal,
443,97,-190.18,5.03,349.10,0.0192,0.0091,0,collision,
444,211,299.97,12.89,131.48,0.0000,0.0069,1,goal,
445,193,343.20,14.33,456.15,0.0000,0.0000,1,goal,
446,144,319.45,17.31,77.08,0.0000,0.0000,1,goal,
447,39,-164.76,18.64,18.87,0.0000,0.0000,0,collision,
448,131,309.64,19.75,-150.62,0.0000,0.0000,1,goal,
449,120,-132.30,11.94,234.48,0.0167,0.0355,0,collision,
450,220,324.76,11.23,513.45,0.0000,0.0089,1,goal,
1763,248,-187.87,13.32,529.57,0.0036,0.0046,0,collision,
1764,37,-182.79,6.37,214.93,0.0541,0.0637,0,collision,
1765,258,-177.83,8.17,487.14,0.0002,0.0300,0,collision,
1766,422,232.85,6.24,1318.66,0.0000,0.0031,1,goal,
1767,137,295.51,16.93,230.73,0.0000,0.0000,1,goal,
1768,208,295.59,11.16,623.58,0.0000,0.0000,1,goal,
1769,29,-193.71,4.43,107.40,0.0168,0.0000,0,collision,
1770,199,326.93,12.89,536.65,0.0000,0.0000,1,goal,
1771,252,295.51,10.95,517.65,0.0000,0.0263,1,goal,
1772,149,317.21,16.66,299.90,0.0000,0.0000,1,goal,
1773,228,-216.90,6.03,692.19,0.0009,0.0179,0,collision,
1774,309,294.87,9.34,805.43,0.0000,0.0391,1,goal,
1775,152,-131.14,12.89,205.65,0.0000,0.0000,0,collision,
1776,151,-106.14,14.44,382.18,0.0132,0.0000,0,collision,
1777,290,-161.63,7.28,795.28,0.0004,0.0132,0,collision,
1778,277,271.10,8.15,893.01,0.0000,0.0174,1,goal,
1779,150,-107.54,13.62,206.91,0.0069,0.0140,0,collision,
1780,267,266.44,8.65,832.20,0.0000,0.0000,1,goal,
1781,3,-202.05,0.69,2.61,0.0000,0.0000,0,collision,
1782,316,210.41,7.34,1008.37,0.0000,0.1096,1,goal,
451,206,-217.73,4.34,653.13,0.0097,0.0003,0,collision,
452,364,234.09,7.88,831.29,0.0000,0.0107,1,goal,
453,173,313.62,13.26,347.01,0.0000,0.0000,1,goal,
454,137,-157.38,7.52,758.92,0.0000,0.0397,0,collision,
455,260,281.15,11.20,384.86,0.0000,0.0073,1,goal,
456,237,-114.06,10.07,469.15,0.0080,0.0059,0,collision,
457,229,-193.17,5.58,558.33,0.0048,0.0000,0,collision,
458,3,-202.05,0.69,2.61,0.0000,0.0000,0,collision,
459,178,-59.38,15.02,414.38,0.0112,0.0037,0,collision,
460,145,-235.19,6.87,316.13,0.0138,0.1141,0,collision,
1783,296,-230.94,9.84,247.98,0.0000,0.0000,0,collision,
1784,229,-216.70,6.67,611.60,0.0087,0.0196,0,collision,
1785,221,283.07,11.21,758.21,0.0000,0.0331,1,goal,
1786,214,305.48,10.49,545.87,0.0000,0.0111,1,goal,
1787,200,-107.44,9.97,678.89,0.0099,0.0000,0,collision,
1788,210,-103.32,9.84,618.87,0.0078,0.0000,0,collision,
1789,157,-59.99,17.89,86.95,0.0000,0.0119,0,collision,
1790,137,-132.80,9.83,548.70,0.0146,0.0000,0,collision,
1791,153,302.54,14.80,46.40,0.0000,0.0000,1,goal,
1792,126,-80.88,22.32,-70.86,0.0060,0.0000,0,collision,
1793,138,-123.47,10.51,605.31,0.0000,0.0000,0,collision,
1794,331,-104.05,8.79,842.52,0.0000,0.0109,0,collision,
1795,190,-98.29,11.78,332.30,0.0000,0.0000,0,collision,
1796,228,325.73,10.04,1213.98,0.0000,0.0015,1,goal,
1797,115,311.43,22.45,18.56,0.0000,0.0000,1,goal,
1798,134,-224.17,5.20,268.64,0.0000,0.0000,0,collision,
1799,142,330.52,19.70,-137.38,0.0000,0.0000,1,goal,
1800,415,110.27,6.53,955.53,0.0000,0.0724,1,goal,
1801,219,333.05,12.27,892.17,0.0000,0.0000,1,goal,
1802,171,324.77,13.71,475.45,0.0000,0.0048,1,goal,
1803,3,-202.53,0.00,0.20,0.2833,0.0000,0,collision,
461,2,-201.66,0.00,0.10,1.0000,0.0000,0,collision,
462,205,294.84,12.33,389.57,0.0000,0.0000,1,goal,
463,122,-229.48,5.42,304.59,0.0017,0.1525,0,collision,
464,96,-146.99,10.71,372.08,0.0208,0.0024,0,collision,
465,92,-128.44,13.40,412.01,0.0000,0.0085,0,collision,
466,212,301.18,11.30,502.35,0.0000,0.0052,1,goal,
467,71,-126.72,27.51,-19.15,0.0056,0.0000,0,collision,
468,86,-177.14,6.87,399.21,0.0000,0.0000,0,collision,
469,91,-147.51,9.65,391.28,0.0096,0.0000,0,collision,
470,267,321.16,10.02,930.58,0.0000,0.0023,1,goal,
1804,284,-223.65,7.09,936.24,0.0030,0.0043,0,collision,
1805,173,297.55,14.16,291.17,0.0000,0.0026,1,goal,
1806,153,-127.95,9.89,593.04,0.0113,0.0101,0,collision,
1807,351,226.10,8.20,682.06,0.0000,0.0183,1,goal,
1808,138,-103.45,15.87,139.60,0.0000,0.0080,0,collision,
1809,172,-168.35,12.07,176.43,0.0116,0.1186,0,collision,
1810,144,304.03,21.38,-71.95,0.0000,0.0113,1,goal,
1811,303,304.54,9.27,1071.63,0.0000,0.0369,1,goal,
1812,83,-144.36,13.78,40.89,0.0000,0.0221,0,collision,
1813,119,-129.88,14.50,378.43,0.0093,0.0136,0,collision,
1814,321,312.70,8.60,1301.24,0.0000,0.0350,1,goal,
1815,122,-81.80,23.28,-300.91,0.0095,0.0110,0,collision,
1816,131,304.92,17.70,230.77,0.0000,0.0000,1,goal,
1817,200,-106.92,8.74,838.27,0.0084,0.0000,0,collision,
1818,4,-204.18,0.00,0.30,0.5000,0.0000,0,collision,
1819,217,-176.99,7.02,725.50,0.0092,0.0952,0,collision,
1820,69,-192.09,6.03,339.09,0.0250,0.0000,0,collision,
1821,71,-112.60,34.42,-122.49,0.0001,0.0087,0,collision,
1822,97,-230.77,6.21,291.48,0.0206,0.3673,0,collision,
1823,350,179.21,7.05,916.22,0.0000,0.0332,1,goal,
1824,272,359.79,10.27,1033.03,0.0000,0.0022,1,goal,
1825,120,282.84,18.16,102.17,0.0000,0.0011,1,goal,
1826,23,-190.19,6.63,159.97,0.0457,0.0000,0,collision,
1827,50,-211.28,5.08,244.03,0.0254,0.3048,0,collision,
1828,324,191.91,9.10,545.86,0.0000,0.1457,1,goal,
471,101,-204.28,6.71,267.36,0.0198,0.1859,0,collision,
472,38,-185.12,11.93,115.72,0.0515,0.0392,0,collision,
473,127,-131.16,14.10,337.16,0.0102,0.0000,0,collision,
474,196,319.21,13.52,684.24,0.0000,0.0029,1,goal,
475,90,299.06,27.64,-19.53,0.0000,0.0000,1,goal,
476,39,-168.19,15.54,10.73,0.0403,0.0156,0,collision,
477,286,-108.76,9.04,1061.92,0.0049,0.0161,0,collision,
478,77,-178.52,8.67,341.07,0.0186,0.0611,0,collision,
479,187,350.75,14.97,429.90,0.0000,0.0000,1,goal,
480,110,-96.54,20.10,-3.16,0.0109,0.0000,0,collision,
1829,61,-239.17,4.10,200.36,0.0048,0.0671,0,collision,
1830,2,-200.32,1.04,2.51,0.9932,0.0000,0,collision,
1831,164,306.35,14.69,315.25,0.0000,0.0050,1,goal,
1832,290,304.15,8.41,1045.64,0.0000,0.0037,1,goal,
1833,93,-114.70,23.32,-112.46,0.0059,0.0240,0,collision,
1834,120,305.43,18.95,-170.89,0.0000,0.0145,1,goal,
1835,135,-144.87,10.21,217.24,0.0000,0.0137,0,collision,
1836,2,-200.43,0.86,1.77,0.0834,0.0000,0,collision,
1837,159,305.84,15.13,378.81,0.0000,0.0393,1,goal,
1838,142,-113.26,15.07,163.84,0.0119,0.1034,0,collision,
1839,21,-191.30,7.46,185.55,0.0628,0.0000,0,collision,
1840,313,244.08,7.42,1017.26,0.0000,0.0141,1,goal,
1841,3,-202.03,0.66,2.43,0.0129,0.0000,0,collision,
1842,181,-74.60,11.51,817.80,0.0087,0.0000,0,collision,
1843,199,354.97,14.19,661.27,0.0000,0.0000,1,goal,
1844,150,-146.67,9.61,464.94,0.0000,0.0299,0,collision,
1845,46,-192.51,5.28,233.83,0.0435,0.0000,0,collision,
1846,178,-66.06,15.07,307.70,0.0035,0.0111,0,collision,
1847,150,290.30,16.52,50.83,0.0000,0.0000,1,goal,
1848,145,329.76,17.99,158.69,0.0000,0.0000,1,goal,
1849,176,331.09,16.68,310.17,0.0000,0.0056,1,goal,
1850,69,-151.93,13.24,165.72,0.0205,0.0000,0,collision,
1851,133,-108.26,11.74,623.68,0.0105,0.0112,0,collision,
1852,2,-200.50,0.79,1.50,0.8803,0.0000,0,collision,
1853,172,326.22,17.39,42.96,0.0000,0.0095,1,goal,
1854,276,230.34,9.95,616.70,0.0000,0.1539,1,goal,
1855,275,254.51,7.48,826.92,0.0000,0.0000,1,goal,
1856,190,-186.25,7.16,522.78,0.0000,0.0372,0,collision,
1857,70,-218.85,3.32,244.98,0.0086,0.0377,0,collision,
481,362,201.39,6.22,1162.45,0.0000,0.0053,1,goal,
482,177,307.97,15.98,179.32,0.0000,0.0000,1,goal,
483,109,287.04,21.29,-126.82,0.0000,0.0090,1,goal,
484,4,-200.03,2.17,11.05,0.5000,0.0000,0,collision,
485,21,-191.03,7.46,179.38,0.0000,0.0000,0,collision,
486,181,-159.05,10.97,429.78,0.0110,0.0551,0,collision,
487,297,324.70,9.51,1021.89,0.0000,0.0000,1,goal,
488,242,280.95,10.14,530.69,0.0000,0.0075,1,goal,
489,300,331.36,9.34,1166.70,0.0000,0.0000,1,goal,
490,212,-132.04,10.64,482.30,0.0050,0.0177,0,collision,
1858,366,-271.03,5.41,1444.21,0.0040,0.0316,0,collision,
1859,123,306.71,19.59,95.44,0.0000,0.0044,1,goal,
1860,224,315.83,10.94,604.29,0.0000,0.0000,1,goal,
1861,381,283.12,7.85,1194.30,0.0000,0.0000,1,goal,
1862,96,-192.53,5.95,522.73,0.0161,0.0000,0,collision,
1863,102,-152.17,13.37,137.52,0.0093,0.0000,0,collision,
1864,97,-191.25,6.49,308.81,0.0017,0.0000,0,collision,
1865,312,-335.93,3.80,897.95,0.0058,0.1678,0,collision,
1866,180,304.73,12.96,517.41,0.0000,0.0000,1,goal,
1867,55,-184.88,7.27,258.29,0.0168,0.0000,0,collision,
1868,1,-200.00,0.00,0.00,0.0000,0.0000,0,collision,
1869,325,223.20,7.23,1060.31,0.0000,0.0283,1,goal,
1870,186,247.27,12.11,194.53,0.0000,0.0299,1,goal,
1871,2,-200.86,0.00,0.10,0.0265,0.0000,0,collision,
1872,106,-112.39,18.04,221.07,0.0000,0.0000,0,collision,
1873,57,-150.42,19.36,69.09,0.0280,0.0098,0,collision,
1874,261,297.98,10.59,745.91,0.0000,0.0072,1,goal,
1875,193,-127.08,10.46,575.83,0.0057,0.0567,0,collision,
1876,2,-200.32,1.04,2.51,0.1213,0.0000,0,collision,
1877,95,-133.29,15.57,25.31,0.0170,0.0178,0,collision,
1878,246,229.52,9.79,336.57,0.0000,0.0229,1,goal,
1879,107,-129.62,14.65,183.84,0.0076,0.0125,0,collision,
1880,228,294.37,10.88,502.53,0.0000,0.0000,1,goal,
1881,118,-184.01,10.17,281.57,0.0079,0.0654,0,collision,
1882,106,-158.43,10.18,334.88,0.0000,0.0091,0,collision,
1883,305,227.67,8.39,652.88,0.0000,0.0113,1,goal,
491,154,-75.23,18.17,232.31,0.0076,0.0476,0,collision,
492,257,278.43,10.41,448.23,0.0000,0.0214,1,goal,
493,288,295.21,8.88,841.26,0.0000,0.0081,1,goal,
494,171,-150.78,11.26,364.86,0.0116,0.0584,0,collision,
495,328,-247.82,6.85,565.91,0.0043,0.0534,0,collision,
496,47,-159.30,17.93,18.78,0.0271,0.0302,0,collision,
497,184,331.26,15.13,346.90,0.0000,0.0000,1,goal,
498,139,298.22,17.11,30.29,0.0000,0.0237,1,goal,
499,76,-145.47,11.68,291.32,0.0185,0.0094,0,collision,
500,100,-153.85,10.61,278.95,0.0152,0.0000,0,collision,
1884,140,-278.06,6.08,404.52,0.0058,0.0012,0,collision,
1885,16,-210.17,1.62,23.20,0.0318,0.0000,0,collision,
1886,257,297.16,10.61,562.62,0.0000,0.0075,1,goal,
1887,162,296.50,13.89,311.26,0.0000,0.0000,1,goal,
1888,162,321.91,13.97,344.18,0.0000,0.0061,1,goal,
1889,118,-113.86,18.19,81.45,0.0169,0.0127,0,collision,
1890,169,327.97,13.51,799.31,0.0000,0.0035,1,goal,
1891,168,346.67,17.10,355.34,0.0000,0.0000,1,goal,
1892,167,310.80,18.12,-26.28,0.0000,0.0095,1,goal,
1893,306,286.88,8.25,1283.28,0.0000,0.0036,1,goal,
1894,338,167.60,8.58,519.29,0.0000,0.0729,1,goal,
1895,181,332.37,15.42,179.45,0.0000,0.0061,1,goal,
1896,229,265.60,12.03,492.45,0.0000,0.0095,1,goal,
1897,133,-117.54,11.51,386.21,0.0117,0.0123,0,collision,
1898,88,-171.24,10.40,303.02,0.0227,0.0127,0,collision,
1899,170,282.30,10.49,724.11,0.0000,0.0272,1,goal,
1900,157,-123.96,13.67,497.50,0.0127,0.0081,0,collision,
1901,106,-104.46,23.14,2.13,0.0189,0.0000,0,collision,
1902,177,319.28,16.03,169.04,0.0000,0.0000,1,goal,
1903,169,-78.97,16.04,269.17,0.0118,0.0077,0,collision,
1904,212,-106.50,9.58,585.80,0.0033,0.0170,0,collision,
1905,235,-95.39,9.53,711.88,0.0085,0.0414,0,collision,
501,184,-164.87,10.31,214.16,0.0105,0.0356,0,collision,
502,99,299.68,23.95,-34.49,0.0000,0.0000,1,goal,
503,207,275.65,11.60,351.06,0.0000,0.0571,1,goal,
504,223,-170.54,9.54,353.46,0.0040,0.0361,0,collision,
505,290,184.11,9.79,343.69,0.0000,0.1165,1,goal,
506,363,164.34,6.57,935.62,0.0000,0.0380,1,goal,
507,210,297.53,11.65,637.04,0.0000,0.0339,1,goal,
508,252,217.03,9.70,488.52,0.0000,0.0050,1,goal,
509,50,-173.50,11.32,75.68,0.0400,0.0000,0,collision,
510,54,-194.04,4.57,220.81,0.0000,0.0011,0,collision,
1906,413,-240.51,9.33,699.14,0.0027,0.1409,0,collision,
1907,125,290.80,19.74,-5.04,0.0000,0.0581,1,goal,
1908,67,-147.36,17.01,107.07,0.0052,0.0213,0,collision,
1909,42,-171.42,14.47,62.84,0.0007,0.0486,0,collision,
1910,112,-167.39,14.01,169.51,0.0000,0.0095,0,collision,
1911,50,-176.91,10.84,243.53,0.0037,0.0821,0,collision,
1912,151,312.43,14.69,334.46,0.0000,0.0003,1,goal,
1913,2,-200.32,1.04,2.51,0.0584,0.0000,0,collision,
1914,8,-201.00,2.71,15.91,0.2500,0.0000,0,collision,
1915,7,-201.41,2.38,19.47,0.0107,0.0000,0,collision,
1916,280,-281.96,5.96,641.78,0.0011,0.1985,0,collision,
1917,40,-168.93,16.14,71.61,0.0000,0.0456,0,collision,
1918,199,290.55,12.24,416.47,0.0000,0.0292,1,goal,
1919,273,-197.70,8.91,458.75,0.0000,0.0047,0,collision,
1920,134,-107.08,16.84,308.38,0.0016,0.0185,0,collision,
1921,160,-159.82,7.32,610.44,0.0000,0.0331,0,collision,
1922,11,-195.05,5.38,82.15,0.1422,0.0000,0,collision,
1923,142,-178.60,8.95,447.01,0.0008,0.0418,0,collision,
1924,209,-131.15,11.39,386.22,0.0070,0.0047,0,collision,
1925,45,-223.70,1.96,86.19,0.0444,0.1271,0,collision,
1926,342,234.83,8.26,833.42,0.0000,0.0921,1,goal,
1927,240,289.87,10.50,554.10,0.0000,0.0050,1,goal,
1928,2,-201.66,0.00,0.10,1.0000,0.0000,0,collision,
1929,244,275.13,9.43,609.02,0.0000,0.0225,1,goal,
1930,313,257.89,8.75,857.75,0.0000,0.0052,1,goal,
1931,135,-140.26,6.98,829.53,0.0000,0.0000,0,collision,
1932,243,306.09,11.18,686.44,0.0000,0.0464,1,goal,
1933,359,150.11,6.52,622.43,0.0000,0.0656,1,goal,
511,225,308.85,13.38,188.06,0.0000,0.0343,1,goal,
512,319,-124.36,8.31,1090.02,0.0000,0.0258,0,collision,
513,236,330.16,10.78,745.13,0.0000,0.0035,1,goal,
514,234,-199.51,5.98,563.76,0.0085,0.0441,0,collision,
515,8,-201.16,2.35,20.68,0.2307,0.0000,0,collision,
516,135,278.10,15.22,243.13,0.0000,0.0080,1,goal,
517,14,-192.69,6.91,129.31,0.1429,0.0000,0,collision,
518,45,-163.45,16.83,105.34,0.0444,0.0000,0,collision,
519,109,-162.78,6.93,405.32,0.0000,0.0000,0,collision,
520,224,289.37,10.85,437.98,0.0000,0.0058,1,goal,
1934,71,-218.48,10.00,130.08,0.0093,0.0000,0,collision,
1935,270,323.10,11.71,477.29,0.0000,0.0000,1,goal,
1936,187,307.09,15.09,287.15,0.0000,0.0058,1,goal,
1937,391,249.40,8.18,1300.19,0.0000,0.0077,1,goal,
1938,192,292.75,11.96,700.85,0.0000,0.0000,1,goal,
1939,296,256.41,8.89,602.53,0.0000,0.0013,1,goal,
1940,227,280.01,10.24,517.65,0.0000,0.0160,1,goal,
1941,195,-72.58,12.63,709.88,0.0103,0.0023,0,collision,
1942,330,283.87,8.48,1083.73,0.0000,0.0040,1,goal,
1943,34,-187.42,7.56,228.56,0.0588,0.0274,0,collision,
1944,51,-162.86,13.65,145.48,0.0392,0.0000,0,collision,
1945,15,-196.13,5.29,81.33,0.0478,0.0625,0,collision,
1946,89,-140.80,11.43,331.56,0.0000,0.0173,0,collision,
1947,156,272.87,14.57,256.54,0.0000,0.0953,1,goal,
1948,186,269.10,12.19,159.46,0.0000,0.0020,1,goal,
1949,32,-198.89,3.92,118.30,0.0171,0.0000,0,collision,
1950,250,311.97,9.07,1042.61,0.0000,0.0133,1,goal,
1951,126,-128.87,13.30,329.17,0.0159,0.0256,0,collision,
1952,116,299.76,19.38,-74.73,0.0000,0.0000,1,goal,
1953,62,-161.26,14.03,77.73,0.0000,0.0150,0,collision,
1954,261,365.02,10.81,1338.03,0.0000,0.0000,1,goal,
1955,257,-88.11,9.37,1022.94,0.0078,0.0035,0,collision,
1956,117,302.52,19.48,4.26,0.0000,0.0155,1,goal,
1957,102,298.47,22.22,-253.15,0.0000,0.0000,1,goal,
521,99,-153.89,13.97,204.85,0.0177,0.0454,0,collision,
522,69,-178.39,8.96,288.78,0.0000,0.0218,0,collision,
523,226,311.46,9.98,652.55,0.0000,0.0140,1,goal,
524,170,-140.59,8.68,568.66,0.0118,0.0075,0,collision,
525,112,-157.63,6.19,537.90,0.0051,0.0000,0,collision,
526,63,-171.76,9.12,306.65,0.0288,0.0291,0,collision,
527,115,-188.21,8.91,288.37,0.0174,0.1837,0,collision,
528,117,-132.40,11.99,475.25,0.0140,0.0096,0,collision,
529,137,-183.14,11.02,30.59,0.0059,0.1775,0,collision,
530,8,-204.55,1.41,11.97,0.2500,0.0714,0,collision,
1958,166,-187.29,12.36,-20.43,0.0000,0.0000,0,collision,
1959,60,-145.41,21.92,35.66,0.0000,0.0394,0,collision,
1960,118,-107.27,15.59,166.61,0.0000,0.0000,0,collision,
1961,174,317.11,14.29,441.04,0.0000,0.0000,1,goal,
1962,148,-136.25,13.15,14.83,0.0135,0.0253,0,collision,
1963,46,-167.44,14.94,36.68,0.0000,0.0310,0,collision,
1964,147,-68.46,20.18,280.46,0.0136,0.0025,0,collision,
1965,246,334.54,11.96,753.66,0.0000,0.0000,1,goal,
1966,130,327.16,21.44,-236.88,0.0000,0.0000,1,goal,
1967,135,321.91,19.19,-169.12,0.0000,0.0000,1,goal,
1968,47,-180.45,13.83,42.55,0.0426,0.2000,0,collision,
1969,226,316.54,12.31,177.72,0.0000,0.0436,1,goal,
1970,58,-221.73,9.00,145.26,0.0345,0.1097,0,collision,
1971,46,-210.46,6.17,187.35,0.0082,0.1012,0,collision,
1972,47,-162.42,14.67,16.76,0.0065,0.0393,0,collision,
1973,56,-153.99,14.83,146.01,0.0348,0.0170,0,collision,
1974,88,-124.49,16.46,28.02,0.0227,0.0000,0,collision,
1975,96,-125.28,14.66,225.87,0.0170,0.0126,0,collision,
1976,178,292.20,13.15,309.89,0.0000,0.0008,1,goal,
1977,82,-139.25,14.11,61.65,0.0005,0.0518,0,collision,
1978,130,-145.98,10.69,235.83,0.0000,0.0106,0,collision,
1979,215,-91.95,11.62,614.17,0.0059,0.0264,0,collision,
1980,278,326.90,9.85,1039.35,0.0000,0.0096,1,goal,
1981,196,-161.96,11.16,332.79,0.0041,0.0458,0,collision,
1982,238,304.61,11.67,320.35,0.0000,0.0000,1,goal,
1983,282,349.59,9.10,1459.43,0.0000,0.0025,1,goal,
1984,94,-180.29,7.38,393.91,0.0209,0.0091,0,collision,
1985,221,339.18,12.39,674.81,0.0000,0.0000,1,goal,
531,165,319.38,15.43,194.56,0.0000,0.0157,1,goal,
532,221,311.34,11.68,352.12,0.0000,0.0048,1,goal,
533,312,284.84,9.11,843.84,0.0000,0.0127,1,goal,
534,55,-211.67,4.61,126.65,0.0136,0.1949,0,collision,
535,193,299.18,14.62,137.59,0.0000,0.0188,1,goal,
536,36,-184.34,6.21,220.67,0.0556,0.0012,0,collision,
537,88,-128.42,17.12,102.59,0.0000,0.0000,0,collision,
538,395,263.42,6.90,1464.12,0.0000,0.0010,1,goal,
539,326,280.75,8.12,1050.98,0.0000,0.0120,1,goal,
540,128,300.17,17.83,-66.58,0.0000,0.0024,1,goal,
1986,411,-297.28,6.57,882.99,0.0049,0.0208,0,collision,
1987,228,-172.82,9.35,469.96,0.0039,0.0552,0,collision,
1988,270,232.26,8.53,664.25,0.0000,0.0427,1,goal,
1989,339,333.65,8.57,1396.93,0.0000,0.0000,1,goal,
1990,214,-191.23,7.49,525.93,0.0000,0.0177,0,collision,
1991,121,-195.08,5.69,548.65,0.0165,0.0305,0,collision,
1992,142,-131.76,13.00,270.13,0.0026,0.0000,0,collision,
1993,149,-135.10,11.81,196.06,0.0000,0.0000,0,collision,
1994,132,236.73,13.90,195.69,0.0000,0.0554,1,goal,
1995,106,290.00,16.14,55.09,0.0000,0.0000,1,goal,
1996,235,291.14,9.59,818.77,0.0000,0.0185,1,goal,
1997,252,288.37,9.27,776.89,0.0000,0.0014,1,goal,
1998,302,-161.64,8.79,705.68,0.0026,0.0000,0,collision,
1999,213,247.06,10.04,263.39,0.0000,0.0000,1,goal,
2000,257,294.22,9.54,890.58,0.0000,0.0104,1,goal,
2001,64,-152.48,11.07,362.14,0.0000,0.0000,0,collision,
2002,300,272.52,8.84,1042.57,0.0000,0.0000,1,goal,
2003,139,-132.09,10.55,265.31,0.0064,0.0000,0,collision,
2004,243,316.09,10.73,568.14,0.0000,0.0000,1,goal,
2005,133,-204.74,6.92,399.81,0.0150,0.0000,0,collision,
541,269,213.60,9.29,517.85,0.0000,0.0173,1,goal,
542,137,-111.11,12.11,594.35,0.0146,0.0244,0,collision,
543,100,-190.21,6.79,234.20,0.0028,0.1012,0,collision,
544,110,-183.55,9.61,299.24,0.0000,0.0137,0,collision,
545,193,324.54,12.32,458.71,0.0000,0.0050,1,goal,
546,273,-126.64,8.09,978.04,0.0020,0.0004,0,collision,
547,240,-102.68,11.29,691.49,0.0083,0.0097,0,collision,
548,191,280.75,10.71,516.26,0.0000,0.0000,1,goal,
549,142,319.93,18.62,37.28,0.0000,0.0000,1,goal,
550,144,318.81,16.03,158.99,0.0000,0.0000,1,goal,
2006,215,-179.99,12.40,454.82,0.0000,0.0217,0,collision,
2007,308,315.99,9.28,1140.34,0.0000,0.0000,1,goal,
2008,343,332.42,8.18,1542.66,0.0000,0.0039,1,goal,
2009,47,-182.46,6.34,289.79,0.0000,0.1308,0,collision,
2010,304,274.34,8.89,845.54,0.0000,0.0000,1,goal,
2011,273,251.65,10.07,691.93,0.0000,0.0006,1,goal,
2012,315,280.11,8.14,1147.43,0.0000,0.0139,1,goal,
2013,240,318.39,11.91,688.96,0.0000,0.0621,1,goal,
2014,26,-186.94,6.47,148.71,0.0097,0.0000,0,collision,
2015,154,290.45,16.87,150.10,0.0000,0.0235,1,goal,
2016,251,285.79,11.07,706.44,0.0000,0.0000,1,goal,
2017,126,-248.74,5.27,110.56,0.0056,0.2548,0,collision,
2018,115,-104.02,17.97,183.30,0.0000,0.0092,0,collision,
2019,285,-225.11,4.83,1009.64,0.0070,0.0272,0,collision,
2020,199,-133.52,12.89,519.89,0.0021,0.1033,0,collision,
2021,142,318.05,16.50,226.37,0.0000,0.0000,1,goal,
2022,117,-201.03,7.22,244.96,0.0000,0.0294,0,collision,
2023,32,-173.77,18.08,-31.98,0.0000,0.0569,0,collision,
2024,168,326.57,14.66,81.65,0.0000,0.0000,1,goal,
2025,241,211.85,9.49,396.79,0.0000,0.1312,1,goal,
2026,57,-163.46,14.41,86.99,0.0351,0.0171,0,collision,
2027,72,-146.38,12.59,290.12,0.0190,0.0000,0,collision,
2028,45,-176.01,13.07,221.06,0.0000,0.0023,0,collision,
551,70,-208.38,9.12,80.30,0.0119,0.3265,0,collision,
552,350,247.58,7.99,944.13,0.0000,0.0642,1,goal,
553,137,-189.02,8.53,262.43,0.0098,0.0025,0,collision,
554,256,336.41,10.87,517.64,0.0000,0.0097,1,goal,
555,310,283.56,8.36,951.07,0.0000,0.0155,1,goal,
556,332,183.51,8.06,889.57,0.0000,0.1249,1,goal,
557,148,-102.68,14.82,214.68,0.0135,0.0182,0,collision,
558,282,257.11,8.33,692.89,0.0000,0.0031,1,goal,
559,400,174.08,7.09,1064.42,0.0000,0.0939,1,goal,
560,293,201.98,8.32,591.01,0.0000,0.0715,1,goal,
2029,138,-151.28,10.51,471.40,0.0016,0.0000,0,collision,
2030,41,-188.57,13.55,81.08,0.0488,0.0732,0,collision,
2031,41,-211.42,2.93,127.89,0.0404,0.0321,0,collision,
2032,2,-201.27,0.00,0.10,0.0000,0.2487,0,collision,
2033,1,-200.00,0.00,0.00,0.0000,0.0000,0,collision,
2034,187,-237.49,5.80,559.23,0.0001,0.1789,0,collision,
2035,220,320.51,10.42,949.21,0.0000,0.0000,1,goal,
2036,156,-154.61,7.65,555.44,0.0063,0.0108,0,collision,
2037,270,-192.23,7.27,966.82,0.0000,0.0050,0,collision,
2038,308,178.09,7.81,725.98,0.0000,0.0142,1,goal,
2039,227,308.56,11.44,624.36,0.0000,0.0177,1,goal,
2040,147,-160.29,14.09,-160.14,0.0000,0.1134,0,collision,
2041,331,266.31,7.16,1238.04,0.0000,0.0305,1,goal,
2042,46,-166.14,14.00,167.98,0.0134,0.0626,0,collision,
2043,50,-160.27,13.43,104.39,0.0083,0.0000,0,collision,
2044,285,317.75,10.11,644.27,0.0000,0.0380,1,goal,
2045,119,300.64,19.43,-35.47,0.0000,0.0000,1,goal,
2046,272,302.71,10.83,637.93,0.0000,0.0769,1,goal,
2047,248,309.40,9.87,829.54,0.0000,0.0020,1,goal,
2048,285,234.96,6.25,909.49,0.0000,0.0029,1,goal,
2049,166,287.76,15.11,240.27,0.0000,0.0153,1,goal,
2050,334,330.09,8.54,1193.27,0.0000,0.0124,1,goal,
2051,171,-163.61,10.92,172.86,0.0000,0.0307,0,collision,
561,112,291.96,20.07,51.82,0.0000,0.0000,1,goal,
562,58,-159.85,17.41,48.63,0.0345,0.0099,0,collision,
563,298,229.83,9.31,560.04,0.0000,0.0103,1,goal,
564,190,-122.95,9.54,617.03,0.0062,0.0062,0,collision,
565,136,-163.07,10.52,369.46,0.0147,0.1647,0,collision,
566,290,-210.78,6.82,587.29,0.0047,0.0668,0,collision,
567,8,-203.82,1.89,24.50,0.0000,0.0000,0,collision,
568,4,-198.91,3.11,22.43,0.0000,0.0000,0,collision,
569,6,-201.05,1.82,8.26,0.3333,0.0000,0,collision,
570,110,-139.91,12.36,122.84,0.0022,0.0364,0,collision,
2052,198,-180.82,7.69,746.93,0.0043,0.0005,0,collision,
2053,120,-154.80,15.50,-158.22,0.0061,0.1786,0,collision,
2054,185,-148.58,11.72,140.45,0.0008,0.0476,0,collision,
2055,46,-200.03,4.41,209.01,0.0435,0.0109,0,collision,
2056,150,-185.12,10.80,50.67,0.0133,0.0014,0,collision,
2057,299,273.45,8.42,939.51,0.0000,0.0626,1,goal,
2058,306,-257.67,7.38,730.03,0.0000,0.1666,0,collision,
2059,162,245.25,13.02,149.49,0.0000,0.0154,1,goal,
2060,110,315.10,25.92,-255.28,0.0000,0.0000,1,goal,
2061,199,269.02,11.78,253.83,0.0000,0.0010,1,goal,
2062,228,219.31,12.24,-59.28,0.0000,0.0647,1,goal,
2063,76,-270.82,2.27,161.31,0.0216,0.5150,0,collision,
2064,111,-155.23,11.53,122.56,0.0012,0.1076,0,collision,
2065,290,307.43,8.99,1075.10,0.0000,0.0000,1,goal,
2066,266,318.80,10.34,907.37,0.0000,0.0289,1,goal,
2067,203,207.91,11.77,335.03,0.0000,0.2021,1,goal,
2068,347,-314.26,5.45,749.15,0.0014,0.1711,0,collision,
2069,42,-167.77,13.81,103.34,0.0139,0.0305,0,collision,
2070,289,339.72,9.54,1275.82,0.0000,0.0000,1,goal,
2071,94,-188.46,5.00,460.32,0.0213,0.0115,0,collision,
2072,158,295.40,16.05,34.13,0.0000,0.0324,1,goal,
2073,49,-176.72,13.38,-7.90,0.0082,0.0483,0,collision,
2074,241,-210.60,8.62,510.70,0.0083,0.0482,0,collision,
571,117,-160.20,13.75,6.25,0.0000,0.0612,0,collision,
572,122,-109.26,15.23,332.23,0.0164,0.0174,0,collision,
573,55,-165.60,11.77,102.55,0.0000,0.0517,0,collision,
574,154,-179.21,8.59,411.31,0.0089,0.0000,0,collision,
575,113,-141.27,12.31,325.99,0.0000,0.0506,0,collision,
576,17,-197.60,3.77,74.48,0.0000,0.0183,0,collision,
577,287,271.15,10.67,357.47,0.0000,0.0031,1,goal,
578,307,302.91,7.49,1450.08,0.0000,0.0013,1,goal,
579,70,-161.48,8.94,473.83,0.0000,0.0000,0,collision,
580,164,-238.63,9.18,12.54,0.0000,0.0280,0,collision,
2075,152,-107.91,22.47,-72.86,0.0000,0.0027,0,collision,
2076,52,-205.40,5.37,290.20,0.0025,0.2582,0,collision,
2077,188,-172.80,14.77,-14.67,0.0012,0.1937,0,collision,
2078,176,320.36,15.61,472.28,0.0000,0.0000,1,goal,
2079,235,282.85,11.32,633.19,0.0000,0.0070,1,goal,
2080,195,246.66,13.06,68.90,0.0000,0.1417,1,goal,
2081,39,-166.07,17.17,136.79,0.0000,0.0000,0,collision,
2082,139,-150.47,10.70,269.88,0.0022,0.0279,0,collision,
2083,1,-200.00,0.00,0.00,0.0000,0.0000,0,collision,
2084,230,273.26,10.73,389.90,0.0000,0.0053,1,goal,
2085,111,307.40,25.84,49.79,0.0000,0.0000,1,goal,
2086,196,332.95,15.02,187.73,0.0000,0.0329,1,goal,
2087,251,272.61,10.22,655.92,0.0000,0.0446,1,goal,
2088,3,-199.63,2.08,9.94,0.2822,0.0596,0,collision,
2089,202,300.63,14.40,88.46,0.0000,0.0066,1,goal,
2090,238,184.21,10.48,306.09,0.0000,0.2003,1,goal,
2091,294,-198.87,7.10,612.98,0.0000,0.0089,0,collision,
2092,128,-260.05,6.55,183.28,0.0144,0.2794,0,collision,
2093,215,306.48,10.51,570.89,0.0000,0.0175,1,goal,
2094,142,280.89,17.04,563.52,0.0000,0.0281,1,goal,
2095,264,251.03,9.77,572.05,0.0000,0.0353,1,goal,
2096,85,-133.15,18.80,-51.20,0.0058,0.0419,0,collision,
2097,74,-128.88,21.71,-141.11,0.0270,0.0000,0,collision,
2098,155,336.04,18.25,-65.20,0.0000,0.0043,1,goal,
2099,108,-171.11,6.15,523.32,0.0000,0.0036,0,collision,
2100,10,-201.23,2.53,20.43,0.2000,0.0647,0,collision,
2101,120,302.59,19.51,10.34,0.0000,0.0003,1,goal,
581,269,311.99,9.34,930.97,0.0000,0.0178,1,goal,
582,3,-199.93,1.61,6.93,0.0000,0.0000,0,collision,
583,257,270.02,9.77,705.63,0.0000,0.0418,1,goal,
584,269,284.72,9.48,815.66,0.0000,0.0173,1,goal,
585,208,302.18,11.20,657.65,0.0000,0.0000,1,goal,
586,114,-112.61,15.75,145.96,0.0175,0.0098,0,collision,
587,199,295.88,11.83,528.81,0.0000,0.0051,1,goal,
588,266,335.98,10.74,691.10,0.0000,0.0007,1,goal,
589,246,205.60,9.39,628.89,0.0000,0.0797,1,goal,
590,92,-208.26,4.69,397.08,0.0104,0.0018,0,collision,
2102,232,-283.11,7.28,416.53,0.0086,0.0040,0,collision,
2103,158,315.90,15.45,265.38,0.0000,0.0000,1,goal,
2104,139,270.22,15.56,307.66,0.0000,0.0567,1,goal,
2105,98,298.14,24.05,-89.46,0.0000,0.0056,1,goal,
2106,261,296.27,10.48,960.47,0.0000,0.0101,1,goal,
2107,39,-214.78,3.28,122.82,0.0292,0.0000,0,collision,
2108,231,160.71,10.48,77.33,0.0000,0.2677,1,goal,
2109,251,215.25,9.92,232.40,0.0000,0.0001,1,goal,
2110,283,319.68,7.98,1011.62,0.0000,0.0000,1,goal,
2111,102,-103.51,20.65,-68.87,0.0000,0.0000,0,collision,
2112,57,-190.84,4.56,237.49,0.0000,0.0167,0,collision,
2113,140,282.17,15.69,163.54,0.0000,0.0000,1,goal,
2114,178,288.77,13.78,239.97,0.0000,0.0273,1,goal,
2115,101,-182.39,7.03,362.65,0.0168,0.0000,0,collision,
2116,74,-174.76,13.88,168.75,0.0000,0.0560,0,collision,
2117,95,-224.20,6.68,194.65,0.0168,0.3171,0,collision,
2118,156,317.64,14.79,347.81,0.0000,0.0100,1,goal,
2119,65,-141.13,21.87,-135.46,0.0000,0.0342,0,collision,
2120,227,325.98,11.46,611.16,0.0000,0.0037,1,goal,
2121,51,-192.38,5.45,200.04,0.0392,0.0000,0,collision,
2122,62,-142.43,24.31,-65.81,0.0321,0.0421,0,collision,
2123,228,-78.08,12.11,660.42,0.0000,0.0066,0,collision,
2124,47,-164.82,12.78,203.56,0.0000,0.0280,0,collision,
2125,2,-200.32,1.04,2.51,0.0000,0.0000,0,collision,
2126,165,290.51,13.80,555.33,0.0000,0.0200,1,goal,
2127,99,-175.41,8.76,390.53,0.0175,0.0151,0,collision,
2128,245,295.02,11.45,622.33,0.0000,0.0490,1,goal,
2129,260,256.05,8.90,689.43,0.0000,0.0034,1,goal,
2130,159,-174.48,6.84,526.67,0.0022,0.0000,0,collision,
591,274,199.46,8.15,402.34,0.0000,0.0294,1,goal,
592,262,209.18,8.63,466.96,0.0000,0.0685,1,goal,
593,153,-71.74,18.06,14.24,0.0000,0.0000,0,collision,
594,216,-119.48,9.91,758.23,0.0087,0.0467,0,collision,
595,180,320.99,15.98,277.67,0.0000,0.0111,1,goal,
596,125,311.98,19.14,251.76,0.0000,0.0000,1,goal,
597,70,-134.44,22.10,-149.69,0.0279,0.0314,0,collision,
598,119,310.48,20.50,-46.18,0.0000,0.0000,1,goal,
599,253,248.73,9.81,668.27,0.0000,0.0554,1,goal,
600,111,-158.34,12.41,260.28,0.0180,0.0357,0,collision,
2131,153,-242.94,10.42,167.01,0.0077,0.0218,0,collision,
2132,126,-100.67,20.73,16.31,0.0061,0.0217,0,collision,
2133,130,328.17,22.45,-28.55,0.0000,0.0000,1,goal,
2134,189,-162.46,11.09,289.32,0.0069,0.1932,0,collision,
2135,75,-129.75,25.29,13.34,0.0000,0.0238,0,collision,
2136,1,-200.00,0.00,0.00,0.0000,0.0000,0,collision,
2137,95,-137.36,13.91,87.88,0.0211,0.0098,0,collision,
2138,108,302.57,22.17,202.37,0.0000,0.0000,1,goal,
2139,2,-200.86,0.00,0.10,0.6948,0.0000,0,collision,
2140,275,300.90,9.23,960.84,0.0000,0.0113,1,goal,
2141,155,-64.92,19.33,-19.90,0.0000,0.0032,0,collision,
2142,237,238.08,11.80,436.74,0.0000,0.0027,1,goal,
2143,137,-81.98,19.94,-93.24,0.0146,0.0018,0,collision,
2144,82,289.72,27.92,-84.89,0.0000,0.0071,1,goal,
2145,183,-278.25,6.50,370.73,0.0019,0.0158,0,collision,
2146,270,251.65,10.62,459.34,0.0000,0.0486,1,goal,
2147,15,-201.43,3.09,59.44,0.0000,0.0000,0,collision,
2148,67,-141.37,18.42,12.53,0.0000,0.0105,0,collision,
2149,167,329.74,16.43,387.68,0.0000,0.0000,1,goal,
2150,27,-191.39,5.95,148.45,0.0619,0.0000,0,collision,
2151,117,296.31,19.57,79.13,0.0000,0.0342,1,goal,
2152,151,-249.02,6.01,276.23,0.0024,0.1201,0,collision,
2153,275,212.69,9.78,345.90,0.0000,0.0128,1,goal,
2154,101,298.26,24.39,-12.66,0.0000,0.0000,1,goal,
2155,218,297.01,11.81,508.42,0.0000,0.0347,1,goal,
2156,266,-190.07,7.52,744.68,0.0075,0.1079,0,collision,
2157,178,-233.46,8.92,153.57,0.0065,0.0819,0,collision,
2158,172,292.49,15.05,407.31,0.0000,0.0186,1,goal,
2159,172,328.95,13.32,564.70,0.0000,0.0022,1,goal,
2160,1,-200.00,0.00,0.00,0.0000,0.0000,0,collision,
601,108,295.79,21.16,52.17,0.0000,0.0000,1,goal,
602,135,310.93,17.21,151.12,0.0000,0.0001,1,goal,
603,149,-126.88,13.15,183.50,0.0134,0.0000,0,collision,
604,21,-191.74,7.40,162.55,0.0000,0.0000,0,collision,
605,202,-181.59,10.62,264.34,0.0028,0.0803,0,collision,
606,122,317.47,23.80,62.95,0.0000,0.0439,1,goal,
607,110,297.46,22.93,140.75,0.0000,0.0000,1,goal,
608,165,-127.41,14.74,237.19,0.0056,0.0636,0,collision,
609,2,-200.32,1.04,2.51,1.0000,0.0000,0,collision,
610,59,-147.01,19.78,101.67,0.0318,0.0265,0,collision,
2161,122,-275.49,6.25,350.06,0.0022,0.0092,0,collision,
2162,107,-170.87,12.30,170.22,0.0187,0.2065,0,collision,
2163,64,-143.12,21.08,62.36,0.0000,0.0239,0,collision,
2164,89,-111.29,27.52,-61.62,0.0225,0.0154,0,collision,
2165,56,-161.47,18.66,106.02,0.0000,0.0150,0,collision,
2166,314,217.46,8.61,624.04,0.0000,0.0683,1,goal,
2167,174,329.22,16.72,-148.36,0.0000,0.0045,1,goal,
2168,31,-205.61,2.83,85.54,0.0231,0.0666,0,collision,
2169,86,304.48,32.64,-175.28,0.0000,0.0000,1,goal,
2170,177,265.28,13.03,231.47,0.0000,0.0026,1,goal,
2171,133,-108.38,17.42,135.17,0.0150,0.0000,0,collision,
2172,159,247.26,14.64,-13.93,0.0000,0.1340,1,goal,
2173,195,-201.10,8.77,402.83,0.0057,0.1497,0,collision,
2174,247,316.02,12.05,710.84,0.0000,0.0970,1,goal,
2175,2,-200.76,1.04,2.51,1.0000,0.2785,0,collision,
2176,207,207.59,12.24,250.18,0.0000,0.0000,1,goal,
2177,44,-192.25,4.23,201.85,0.0455,0.0000,0,collision,
2178,73,-139.47,16.13,103.98,0.0274,0.0143,0,collision,
2179,36,-165.55,21.14,62.87,0.0000,0.0000,0,collision,
2180,50,-160.75,13.79,145.35,0.0000,0.0000,0,collision,
2181,94,290.68,24.60,36.89,0.0000,0.0000,1,goal,
2182,272,238.50,10.28,585.43,0.0000,0.0959,1,goal,
2183,232,233.90,10.28,414.93,0.0000,0.1234,1,goal,
2184,13,-194.92,5.10,72.15,0.0000,0.0000,0,collision,
2185,224,307.71,13.10,479.67,0.0000,0.0701,1,goal,
2186,246,-102.67,9.28,743.67,0.0081,0.0038,0,collision,
2187,307,211.05,7.95,558.84,0.0000,0.0530,1,goal,
2188,132,310.87,17.05,191.57,0.0000,0.0078,1,goal,
2189,90,-135.87,17.22,108.01,0.0222,0.0729,0,collision,
611,2,-200.32,1.04,2.51,0.0000,0.0000,0,collision,
612,105,-103.30,20.29,-66.24,0.0190,0.0000,0,collision,
613,122,307.06,18.63,-36.10,0.0000,0.0000,1,goal,
614,2,-200.32,1.04,2.51,0.0000,0.0000,0,collision,
615,361,150.92,7.28,723.71,0.0000,0.0936,1,goal,
616,25,-194.73,5.30,162.54,0.0296,0.0000,0,collision,
617,175,319.52,16.69,311.08,0.0000,0.0000,1,goal,
618,250,240.56,9.90,640.26,0.0000,0.0000,1,goal,
619,337,290.07,8.70,1293.71,0.0000,0.0058,1,goal,
620,12,-198.61,3.62,46.75,0.1335,0.0000,0,collision,
2190,235,-177.75,11.91,293.63,0.0000,0.0264,0,collision,
2191,48,-171.98,13.53,94.44,0.0000,0.0682,0,collision,
2192,149,-122.08,13.68,541.79,0.0000,0.0045,0,collision,
2193,281,283.41,9.56,733.92,0.0000,0.0046,1,goal,
2194,1,-200.00,0.00,0.00,0.0000,0.0000,0,collision,
2195,178,289.24,14.77,319.88,0.0000,0.0115,1,goal,
2196,78,-128.97,19.80,23.72,0.0000,0.0000,0,collision,
2197,112,303.22,24.70,38.76,0.0000,0.0000,1,goal,
2198,202,281.18,12.57,477.24,0.0000,0.0078,1,goal,
2199,45,-238.40,1.66,72.65,0.0444,0.0315,0,collision,
2200,105,304.00,22.28,-54.22,0.0000,0.0000,1,goal,
2201,61,-158.09,21.93,59.94,0.0124,0.0239,0,collision,
2202,121,304.93,20.34,268.63,0.0000,0.0000,1,goal,
2203,185,318.88,12.48,650.00,0.0000,0.0000,1,goal,
2204,224,235.92,10.06,549.04,0.0000,0.0224,1,goal,
2205,229,-82.15,12.11,397.82,0.0000,0.0096,0,collision,
2206,171,309.65,12.83,708.27,0.0000,0.0009,1,goal,
2207,2,-200.32,1.04,2.51,0.0000,0.0000,0,collision,
2208,94,295.72,26.14,-38.13,0.0000,0.0041,1,goal,
2209,177,318.00,17.31,-109.71,0.0000,0.0361,1,goal,
2210,405,99.67,6.56,751.83,0.0000,0.0009,1,goal,
2211,262,256.46,10.72,466.52,0.0000,0.0852,1,goal,
2212,235,305.09,10.80,766.11,0.0000,0.0000,1,goal,
2213,94,285.97,26.82,-11.30,0.0000,0.0000,1,goal,
2214,214,205.14,10.47,344.04,0.0000,0.1507,1,goal,
2215,190,348.73,15.44,177.74,0.0000,0.0050,1,goal,
2216,83,-171.87,10.51,51.74,0.0000,0.0404,0,collision,
621,107,-245.16,6.21,113.14,0.0181,0.2636,0,collision,
622,74,293.33,35.06,-94.38,0.0000,0.0000,1,goal,
623,149,-106.16,11.82,555.94,0.0000,0.0335,0,collision,
624,176,265.27,14.29,101.02,0.0000,0.0476,1,goal,
625,2,-200.32,1.04,2.50,0.3258,0.0000,0,collision,
626,177,318.43,14.67,79.71,0.0000,0.0109,1,goal,
627,201,284.25,13.67,32.57,0.0000,0.0000,1,goal,
628,268,254.10,10.04,584.18,0.0000,0.0020,1,goal,
629,16,-190.57,8.66,134.13,0.0223,0.0000,0,collision,
630,262,-193.29,6.42,928.67,0.0045,0.0230,0,collision,
2217,155,-181.22,17.20,72.77,0.0129,0.0688,0,collision,
2218,341,116.08,7.28,767.84,0.0000,0.2020,1,goal,
2219,184,328.74,13.08,539.06,0.0000,0.0026,1,goal,
2220,135,324.93,21.78,75.78,0.0000,0.0003,1,goal,
2221,122,-242.94,5.44,171.11,0.0146,0.0708,0,collision,
2222,58,-158.27,13.45,255.32,0.0345,0.0000,0,collision,
2223,144,-184.84,6.84,704.99,0.0139,0.0000,0,collision,
2224,15,-191.78,7.88,178.20,0.1205,0.0000,0,collision,
2225,202,294.90,11.85,583.59,0.0000,0.0000,1,goal,
2226,7,-205.23,1.20,7.39,0.1554,0.0093,0,collision,
2227,176,318.37,14.02,455.25,0.0000,0.0000,1,goal,
2228,368,-272.46,5.32,1038.56,0.0001,0.0018,0,collision,
2229,60,-211.94,6.44,134.96,0.0333,0.3000,0,collision,
2230,125,-227.20,4.99,299.91,0.0160,0.0080,0,collision,
2231,461,104.77,5.60,1171.07,0.0000,0.0031,1,goal,
2232,110,-172.49,9.47,449.07,0.0000,0.0000,0,collision,
2233,311,157.81,8.84,449.37,0.0000,0.0002,1,goal,
2234,192,-194.76,5.23,670.70,0.0000,0.0059,0,collision,
2235,111,316.72,25.33,-185.18,0.0000,0.0000,1,goal,
2236,236,298.23,9.86,986.12,0.0000,0.0000,1,goal,
2237,405,85.42,5.91,1322.90,0.0000,0.0762,1,goal,
631,14,-197.93,4.16,76.14,0.0957,0.2039,0,collision,
632,363,227.75,7.85,783.57,0.0000,0.0041,1,goal,
633,259,324.88,10.21,1079.59,0.0000,0.0026,1,goal,
634,177,300.45,15.81,549.96,0.0000,0.0000,1,goal,
635,308,226.23,8.05,1099.00,0.0000,0.0403,1,goal,
636,75,-126.95,24.76,-39.85,0.0018,0.0000,0,collision,
637,166,-169.89,7.83,615.45,0.0027,0.0096,0,collision,
638,216,247.71,10.84,364.72,0.0000,0.0129,1,goal,
639,136,-169.58,8.80,342.15,0.0147,0.0000,0,collision,
640,300,147.07,7.62,522.66,0.0000,0.0087,1,goal,
2238,362,-291.87,10.54,318.20,0.0000,0.1668,0,collision,
2239,289,199.87,10.24,347.86,0.0000,0.0422,1,goal,
2240,72,-157.72,9.42,396.33,0.0278,0.0666,0,collision,
2241,2,-200.32,1.04,2.51,0.0000,0.0000,0,collision,
2242,169,-216.10,7.64,187.65,0.0118,0.0122,0,collision,
2243,179,245.16,14.06,198.07,0.0000,0.0260,1,goal,
2244,230,-293.68,5.79,387.35,0.0000,0.1993,0,collision,
2245,333,304.94,8.09,1475.17,0.0000,0.0000,1,goal,
2246,96,-225.69,10.75,-8.67,0.0208,0.4111,0,collision,
2247,233,234.21,12.42,14.46,0.0000,0.0373,1,goal,
2248,114,293.79,21.30,107.54,0.0000,0.0000,1,goal,
2249,250,267.30,10.98,555.03,0.0000,0.0285,1,goal,
2250,225,277.67,10.88,467.40,0.0000,0.0000,1,goal,
2251,181,-179.48,8.82,475.80,0.0000,0.0000,0,collision,
2252,212,333.15,13.62,484.67,0.0000,0.0064,1,goal,
2253,312,66.40,7.38,249.12,0.0000,0.1570,1,goal,
2254,369,171.65,5.42,1185.67,0.0000,0.0036,1,goal,
2255,389,127.90,7.26,652.31,0.0000,0.0724,1,goal,
2256,176,332.18,14.23,262.54,0.0000,0.0000,1,goal,
641,47,-159.22,24.18,-31.27,0.0000,0.0197,0,collision,
642,3,-199.63,2.08,9.94,0.3103,0.0000,0,collision,
643,119,-94.76,18.28,89.58,0.0000,0.0090,0,collision,
644,45,-167.74,13.43,11.51,0.0192,0.0000,0,collision,
645,71,-145.04,14.20,144.31,0.0058,0.0099,0,collision,
646,13,-200.24,3.01,38.32,0.1538,0.0000,0,collision,
647,74,-262.72,2.45,174.62,0.0179,0.4369,0,collision,
648,50,-149.01,27.86,-56.14,0.0000,0.0115,0,collision,
649,93,-176.88,7.75,302.88,0.0019,0.0321,0,collision,
650,30,-182.18,7.86,273.73,0.0007,0.0000,0,collision,
2257,185,-154.44,11.03,404.28,0.0108,0.0091,0,collision,
2258,101,297.63,24.65,-113.86,0.0000,0.0027,1,goal,
2259,51,-156.36,22.38,-95.21,0.0306,0.0796,0,collision,
2260,181,214.69,12.58,182.40,0.0000,0.0991,1,goal,
2261,140,303.82,18.04,103.99,0.0000,0.0087,1,goal,
2262,181,257.09,16.30,29.67,0.0000,0.1188,1,goal,
2263,306,217.52,9.32,627.34,0.0000,0.0586,1,goal,
2264,155,316.71,17.93,211.70,0.0000,0.0000,1,goal,
2265,32,-189.69,9.09,164.32,0.0105,0.0000,0,collision,
2266,190,299.77,13.46,108.10,0.0000,0.0010,1,goal,
2267,288,196.56,8.98,565.00,0.0000,0.0214,1,goal,
2268,244,202.85,11.27,212.50,0.0000,0.1667,1,goal,
2269,170,302.37,17.50,182.87,0.0000,0.0016,1,goal,
2270,90,-144.55,20.09,114.94,0.0025,0.0277,0,collision,
2271,43,-160.10,20.20,22.61,0.0127,0.0000,0,collision,
2272,53,-150.74,23.98,-0.97,0.0000,0.0316,0,collision,
2273,61,-139.00,24.66,-46.62,0.0000,0.0266,0,collision,
2274,118,300.36,19.66,26.26,0.0000,0.0000,1,goal,
2275,210,268.73,12.33,556.76,0.0000,0.1086,1,goal,
2276,180,295.89,15.39,315.47,0.0000,0.0257,1,goal,
2277,1,-200.00,0.00,0.00,0.0000,0.0000,0,collision,
2278,194,-153.93,10.27,236.84,0.0102,0.0106,0,collision,
2279,204,240.79,14.10,63.56,0.0000,0.0091,1,goal,
2280,176,-89.37,16.12,358.77,0.0038,0.0253,0,collision,
2281,159,-186.87,14.95,14.16,0.0064,0.0042,0,collision,
2282,24,-185.74,11.14,60.96,0.0833,0.1111,0,collision,
2283,350,167.72,6.97,835.25,0.0000,0.0521,1,goal,
651,99,297.31,24.68,240.40,0.0000,0.0000,1,goal,
652,151,-93.95,15.49,436.16,0.0067,0.0610,0,collision,
653,161,-124.14,11.35,419.14,0.0000,0.0427,0,collision,
654,127,304.33,22.62,91.52,0.0000,0.0146,1,goal,
655,128,-92.21,20.06,64.75,0.0000,0.0211,0,collision,
656,120,-105.56,17.52,-130.72,0.0167,0.0200,0,collision,
657,181,-122.58,12.12,327.31,0.0000,0.0184,0,collision,
658,140,-122.71,15.89,146.80,0.0023,0.0040,0,collision,
659,123,-197.85,9.64,157.94,0.0000,0.0097,0,collision,
660,291,184.11,8.40,244.94,0.0000,0.0425,1,goal,
2284,283,-488.70,3.20,386.28,0.0000,0.1976,0,collision,
2285,58,-152.51,17.50,112.71,0.0345,0.0434,0,collision,
2286,168,322.89,16.52,23.04,0.0000,0.0207,1,goal,
2287,115,310.33,21.49,71.11,0.0000,0.0055,1,goal,
2288,61,-173.23,13.88,152.90,0.0000,0.0207,0,collision,
2289,224,-145.38,10.60,320.31,0.0000,0.0106,0,collision,
2290,134,-142.59,11.17,319.34,0.0000,0.0000,0,collision,
2291,150,275.56,16.46,100.34,0.0000,0.0102,1,goal,
2292,2,-200.32,1.04,2.51,0.0000,0.0000,0,collision,
2293,124,281.13,19.75,153.55,0.0000,0.0152,1,goal,
2294,188,-97.07,13.87,626.08,0.0000,0.0713,0,collision,
2295,118,284.18,16.36,160.36,0.0000,0.0000,1,goal,
2296,175,266.94,13.14,167.88,0.0000,0.0713,1,goal,
2297,139,-146.35,12.03,237.17,0.0043,0.0310,0,collision,
2298,197,303.37,13.34,510.91,0.0000,0.0136,1,goal,
2299,48,-155.92,25.01,-13.48,0.0000,0.0174,0,collision,
2300,260,146.02,9.89,211.78,0.0000,0.1870,1,goal,
2301,107,-118.62,16.10,108.61,0.0018,0.0222,0,collision,
2302,132,-172.42,10.29,222.83,0.0029,0.0000,0,collision,
2303,320,203.05,8.75,733.44,0.0000,0.1211,1,goal,
2304,134,-189.53,9.34,211.98,0.0149,0.0536,0,collision,
2305,256,208.57,10.61,227.84,0.0000,0.1161,1,goal,
2306,150,316.21,17.05,308.93,0.0000,0.0228,1,goal,
2307,189,304.12,15.26,398.46,0.0000,0.0000,1,goal,
2308,88,-157.40,15.57,98.03,0.0000,0.0000,0,collision,
2309,77,-146.76,16.16,62.91,0.0260,0.0534,0,collision,
2310,107,300.69,23.17,152.30,0.0000,0.0000,1,goal,
2311,56,-226.47,4.89,129.25,0.0357,0.2839,0,collision,
2312,85,-113.09,24.72,-61.73,0.0235,0.0116,0,collision,
2313,8,-200.96,2.45,20.52,0.0421,0.0000,0,collision,
661,232,261.03,10.70,491.05,0.0000,0.0114,1,goal,
662,45,-168.21,15.35,27.58,0.0000,0.0532,0,collision,
663,137,-241.96,5.38,273.63,0.0000,0.0381,0,collision,
664,268,290.71,10.84,539.85,0.0000,0.0260,1,goal,
665,83,-116.79,26.00,-39.40,0.0000,0.0067,0,collision,
666,69,-138.66,18.22,-98.66,0.0290,0.0063,0,collision,
667,193,359.05,15.80,418.12,0.0000,0.0153,1,goal,
668,93,-157.33,10.27,271.90,0.0004,0.0721,0,collision,
669,99,300.36,22.95,57.92,0.0000,0.0000,1,goal,
670,32,-183.46,14.65,129.82,0.0242,0.0143,0,collision,
2314,178,-210.87,10.99,260.28,0.0112,0.0000,0,collision,
2315,79,286.29,31.48,-44.25,0.0000,0.0000,1,goal,
2316,232,254.57,10.97,640.15,0.0000,0.0223,1,goal,
2317,38,-170.46,15.05,84.21,0.0526,0.0000,0,collision,
2318,190,-136.45,11.20,476.33,0.0076,0.0367,0,collision,
2319,167,-228.63,8.16,284.63,0.0009,0.1096,0,collision,
2320,48,-162.64,17.44,32.73,0.0417,0.0636,0,collision,
2321,107,-216.78,4.44,427.23,0.0000,0.0161,0,collision,
2322,65,-138.99,21.40,-30.54,0.0308,0.0240,0,collision,
2323,151,-104.49,15.88,281.43,0.0124,0.0155,0,collision,
2324,105,-139.22,12.66,258.34,0.0000,0.0163,0,collision,
2325,107,-116.57,14.40,123.90,0.0000,0.0158,0,collision,
2326,198,296.90,11.96,579.97,0.0000,0.0484,1,goal,
2327,34,-167.02,22.81,99.24,0.0588,0.0197,0,collision,
2328,150,-74.81,15.33,530.36,0.0052,0.0080,0,collision,
2329,37,-176.54,14.19,54.78,0.0541,0.0880,0,collision,
2330,75,-121.84,27.23,65.49,0.0134,0.0338,0,collision,
2331,171,292.02,15.60,-26.78,0.0000,0.0033,1,goal,
2332,179,322.31,15.36,146.43,0.0000,0.0021,1,goal,
2333,54,-159.59,15.46,25.80,0.0000,0.0699,0,collision,
2334,114,302.29,20.08,-18.38,0.0000,0.0050,1,goal,
2335,63,-152.03,13.81,102.01,0.0229,0.0000,0,collision,
2336,303,-119.46,8.45,927.78,0.0001,0.0049,0,collision,
2337,38,-168.63,15.85,80.95,0.0526,0.0000,0,collision,
2338,45,-158.34,23.14,10.61,0.0430,0.0093,0,collision,
2339,280,313.57,10.24,755.99,0.0000,0.0209,1,goal,
2340,120,-99.18,20.13,118.90,0.0167,0.0669,0,collision,
2341,246,242.28,11.10,128.47,0.0000,0.0485,1,goal,
2342,237,-108.72,9.64,637.02,0.0084,0.0280,0,collision,
2343,211,-90.98,12.88,480.07,0.0000,0.0075,0,collision,
2344,64,-157.19,18.83,6.09,0.0064,0.0911,0,collision,
671,120,304.54,22.80,-95.16,0.0000,0.0000,1,goal,
672,121,308.69,18.96,164.25,0.0000,0.0000,1,goal,
673,169,315.13,15.59,306.18,0.0000,0.0000,1,goal,
674,188,292.93,12.96,587.57,0.0000,0.0187,1,goal,
675,61,-237.67,3.71,234.01,0.0040,0.4065,0,collision,
676,143,318.32,16.22,170.10,0.0000,0.0203,1,goal,
677,320,294.13,9.08,1019.28,0.0000,0.0000,1,goal,
678,12,-197.58,5.67,96.84,0.0000,0.0457,0,collision,
679,266,293.38,9.76,945.54,0.0000,0.0034,1,goal,
680,35,-167.54,18.84,95.15,0.0571,0.0000,0,collision,
2345,197,-250.96,9.16,375.36,0.0031,0.0000,0,collision,
2346,2,-200.32,1.04,2.51,0.0000,0.0000,0,collision,
2347,170,338.31,17.94,145.28,0.0000,0.0000,1,goal,
2348,100,297.17,22.83,-55.80,0.0000,0.0000,1,goal,
2349,268,264.31,10.22,713.29,0.0000,0.0238,1,goal,
2350,202,301.25,11.43,693.30,0.0000,0.0421,1,goal,
2351,99,-215.60,4.16,416.98,0.0202,0.0000,0,collision,
2352,174,350.96,17.62,184.18,0.0000,0.0070,1,goal,
2353,96,-148.72,12.91,388.40,0.0208,0.0066,0,collision,
2354,147,315.39,17.07,172.54,0.0000,0.0307,1,goal,
2355,52,-161.36,16.99,83.24,0.0385,0.0272,0,collision,
2356,249,245.78,10.64,318.13,0.0000,0.0133,1,goal,
2357,168,329.21,16.37,21.81,0.0000,0.0055,1,goal,
2358,86,-192.59,5.91,393.75,0.0000,0.1361,0,collision,
2359,295,280.77,9.46,687.67,0.0000,0.0052,1,goal,
2360,203,277.91,13.12,232.59,0.0000,0.0224,1,goal,
2361,81,-130.89,17.72,128.50,0.0247,0.0000,0,collision,
2362,65,-136.75,23.82,-74.19,0.0000,0.0151,0,collision,
2363,82,-133.02,18.78,126.68,0.0164,0.0274,0,collision,
2364,81,289.63,28.71,-144.75,0.0000,0.0074,1,goal,
2365,196,-104.73,11.81,475.94,0.0058,0.0052,0,collision,
2366,130,317.11,21.41,-168.82,0.0000,0.0000,1,goal,
2367,169,281.22,15.37,39.72,0.0000,0.1150,1,goal,
2368,122,-149.64,15.19,-84.72,0.0164,0.1554,0,collision,
2369,259,289.63,10.71,706.19,0.0000,0.0173,1,goal,
2370,66,-148.49,17.63,100.77,0.0000,0.0100,0,collision,
2371,321,-225.69,9.00,533.86,0.0062,0.0999,0,collision,
2372,1,-200.00,0.00,0.00,0.0000,0.0000,0,collision,
2373,66,-150.53,14.46,175.24,0.0041,0.0000,0,collision,
681,196,319.17,13.42,307.17,0.0000,0.0000,1,goal,
682,126,305.39,18.35,226.62,0.0000,0.0066,1,goal,
683,127,-103.86,17.36,110.74,0.0046,0.0070,0,collision,
684,93,-171.17,9.82,341.75,0.0215,0.0343,0,collision,
685,175,-174.92,7.28,316.08,0.0000,0.0093,0,collision,
686,6,-201.36,1.77,13.40,0.0000,0.1526,0,collision,
687,218,323.28,10.34,1037.58,0.0000,0.0000,1,goal,
688,146,-153.51,7.81,607.16,0.0000,0.0000,0,collision,
689,62,-159.52,13.67,90.47,0.0247,0.0000,0,collision,
690,188,301.39,14.42,499.95,0.0000,0.0497,1,goal,
2374,288,-258.47,9.64,550.57,0.0069,0.0000,0,collision,
2375,259,249.63,11.02,134.44,0.0000,0.0207,1,goal,
2376,54,-160.20,13.13,120.58,0.0323,0.0000,0,collision,
2377,115,-210.54,5.70,530.05,0.0034,0.1428,0,collision,
2378,169,-210.18,5.53,583.12,0.0118,0.0000,0,collision,
2379,128,307.89,19.52,107.26,0.0000,0.0000,1,goal,
2380,171,329.69,16.05,-70.33,0.0000,0.0000,1,goal,
2381,150,-134.04,9.38,656.13,0.0000,0.0000,0,collision,
2382,90,-151.55,12.48,294.67,0.0101,0.0000,0,collision,
2383,97,-129.12,16.01,130.49,0.0062,0.0000,0,collision,
2384,40,-168.48,15.32,74.73,0.0000,0.0368,0,collision,
2385,150,298.33,15.17,52.67,0.0000,0.0000,1,goal,
2386,317,334.16,9.52,1085.42,0.0000,0.0249,1,goal,
2387,106,-127.74,16.87,271.94,0.0189,0.0165,0,collision,
2388,91,-137.68,17.24,55.92,0.0000,0.0248,0,collision,
2389,2,-200.76,0.47,0.61,0.2717,0.0445,0,collision,
2390,33,-188.52,7.70,246.21,0.0346,0.0000,0,collision,
2391,173,253.31,15.44,25.87,0.0000,0.0192,1,goal,
2392,29,-179.10,15.91,126.68,0.0690,0.0203,0,collision,
2393,3,-202.14,0.61,1.42,0.5651,0.0000,0,collision,
2394,67,-145.75,21.36,17.87,0.0299,0.0254,0,collision,
2395,366,261.92,8.01,1404.88,0.0000,0.0839,1,goal,
2396,214,230.16,11.91,143.63,0.0000,0.0000,1,goal,
2397,204,-175.80,7.67,740.57,0.0021,0.0790,0,collision,
2398,152,-148.13,12.68,-1.79,0.0132,0.0488,0,collision,
2399,107,-115.42,21.08,121.18,0.0117,0.0102,0,collision,
2400,72,-151.42,10.20,541.34,0.0000,0.0000,0,collision,
2401,168,-118.05,14.87,-26.51,0.0119,0.1087,0,collision,
2402,210,-82.86,12.87,471.52,0.0035,0.0524,0,collision,
691,237,256.05,10.76,798.04,0.0000,0.0258,1,goal,
692,118,-102.48,17.83,307.52,0.0083,0.0000,0,collision,
693,233,316.38,11.15,638.75,0.0000,0.0224,1,goal,
694,284,327.78,9.95,1053.68,0.0000,0.0161,1,goal,
695,269,233.16,8.39,742.50,0.0000,0.0161,1,goal,
696,122,-175.65,5.79,620.43,0.0094,0.0017,0,collision,
697,10,-198.41,5.30,84.38,0.2000,0.0000,0,collision,
698,112,-115.76,12.92,379.82,0.0000,0.0143,0,collision,
699,128,-101.43,17.15,125.54,0.0059,0.0387,0,collision,
700,2,-200.32,1.04,2.51,0.0000,0.0000,0,collision,
2403,587,-608.67,6.37,905.39,0.0000,0.0050,0,collision,
2404,170,298.63,14.66,148.42,0.0000,0.0000,1,goal,
2405,287,-76.25,9.50,1103.93,0.0070,0.0426,0,collision,
2406,306,-237.71,8.36,665.06,0.0005,0.1666,0,collision,
2407,114,305.55,20.22,38.29,0.0000,0.0000,1,goal,
2408,190,-154.43,11.08,130.86,0.0053,0.0302,0,collision,
2409,259,-103.16,11.48,491.15,0.0077,0.0000,0,collision,
2410,30,-178.82,13.98,48.19,0.0119,0.0056,0,collision,
2411,225,267.41,10.21,431.28,0.0000,0.0068,1,goal,
2412,179,-186.96,8.15,318.79,0.0000,0.0230,0,collision,
2413,149,298.27,16.32,287.40,0.0000,0.0198,1,goal,
2414,132,271.86,17.07,-55.47,0.0000,0.0277,1,goal,
2415,198,285.08,13.86,152.71,0.0000,0.0596,1,goal,
2416,235,184.21,9.61,138.31,0.0000,0.0000,1,goal,
2417,182,-165.98,8.57,615.84,0.0110,0.0713,0,collision,
2418,37,-197.67,5.33,189.04,0.0085,0.1008,0,collision,
2419,251,270.02,11.61,535.93,0.0000,0.0007,1,goal,
2420,180,331.80,13.77,226.56,0.0000,0.0000,1,goal,
2421,124,-263.31,6.75,100.21,0.0161,0.3956,0,collision,
2422,92,294.13,26.02,-80.39,0.0000,0.0000,1,goal,
2423,182,311.38,14.43,529.15,0.0000,0.0000,1,goal,
701,327,260.39,7.91,1074.85,0.0000,0.0193,1,goal,
702,232,255.37,9.01,625.58,0.0000,0.0092,1,goal,
703,228,279.08,12.29,192.56,0.0000,0.0409,1,goal,
704,98,-137.89,13.37,157.27,0.0000,0.0332,0,collision,
705,117,275.58,14.54,120.87,0.0000,0.0058,1,goal,
706,260,323.14,9.34,1044.24,0.0000,0.0040,1,goal,
707,119,-100.55,18.12,220.34,0.0000,0.0000,0,collision,
708,3,-200.85,1.44,4.86,0.1050,0.0000,0,collision,
709,118,-108.77,17.42,140.93,0.0169,0.0204,0,collision,
710,206,-85.16,13.03,358.88,0.0000,0.0213,0,collision,
2424,208,-163.54,15.28,112.99,0.0000,0.0032,0,collision,
2425,56,-137.46,29.74,-21.87,0.0097,0.0128,0,collision,
2426,75,-136.00,17.87,132.24,0.0000,0.0190,0,collision,
2427,147,321.39,16.50,152.80,0.0000,0.0000,1,goal,
2428,239,226.07,10.97,166.92,0.0000,0.0048,1,goal,
2429,122,-82.35,23.73,-62.18,0.0000,0.0026,0,collision,
2430,91,-113.28,20.57,-81.76,0.0220,0.0000,0,collision,
2431,118,280.55,21.79,35.81,0.0000,0.0227,1,goal,
2432,179,-84.14,14.17,617.39,0.0000,0.0139,0,collision,
2433,171,323.21,15.66,91.77,0.0000,0.0033,1,goal,
2434,106,-96.44,23.16,-46.67,0.0126,0.0072,0,collision,
2435,120,303.96,20.61,9.53,0.0000,0.0308,1,goal,
2436,58,-176.70,8.80,465.26,0.0345,0.0363,0,collision,
2437,99,-124.00,13.77,212.88,0.0000,0.0214,0,collision,
2438,179,-126.18,11.92,97.87,0.0107,0.0107,0,collision,
2439,82,-173.01,8.46,255.43,0.0021,0.1150,0,collision,
2440,53,-163.82,11.87,262.73,0.0271,0.0464,0,collision,
2441,112,-106.47,19.70,100.85,0.0179,0.0039,0,collision,
2442,225,-132.55,9.23,702.43,0.0000,0.0030,0,collision,
2443,149,-133.99,8.68,711.51,0.0134,0.0186,0,collision,
2444,19,-188.15,7.49,145.02,0.0590,0.0000,0,collision,
2445,51,-168.85,13.64,35.24,0.0234,0.0000,0,collision,
2446,139,304.85,16.12,-151.13,0.0000,0.0480,1,goal,
2447,155,310.96,14.78,411.92,0.0000,0.0000,1,goal,
2448,48,-174.54,7.39,253.74,0.0054,0.0000,0,collision,
2449,212,275.89,12.68,429.57,0.0000,0.0196,1,goal,
2450,228,-127.07,11.45,417.11,0.0000,0.1043,0,collision,
2451,110,-102.58,17.72,179.91,0.0039,0.0000,0,collision,
2452,53,-155.02,21.76,-42.75,0.0093,0.0178,0,collision,
2453,203,-107.35,9.93,677.63,0.0060,0.0233,0,collision,
2454,360,196.24,7.58,1072.75,0.0000,0.0805,1,goal,
711,243,293.45,10.54,771.41,0.0000,0.0000,1,goal,
712,83,-188.27,4.91,370.41,0.0241,0.0000,0,collision,
713,131,309.25,19.71,-9.83,0.0000,0.0122,1,goal,
714,44,-170.38,15.91,100.19,0.0000,0.0000,0,collision,
715,155,319.28,18.02,110.51,0.0000,0.0000,1,goal,
716,207,312.01,13.50,122.32,0.0000,0.0000,1,goal,
717,54,-158.89,12.68,179.41,0.0000,0.0000,0,collision,
718,268,229.04,8.47,447.68,0.0000,0.0027,1,goal,
719,83,-228.11,6.90,141.72,0.0241,0.2649,0,collision,
720,121,-236.13,5.95,375.22,0.0000,0.2039,0,collision,
2455,75,-185.41,16.12,85.04,0.0000,0.0262,0,collision,
2456,124,-102.68,17.85,37.28,0.0161,0.0161,0,collision,
2457,141,314.08,17.38,164.78,0.0000,0.0000,1,goal,
2458,295,-139.80,7.06,1108.21,0.0002,0.0000,0,collision,
2459,167,-98.23,12.39,430.61,0.0066,0.0197,0,collision,
2460,223,301.70,11.30,824.53,0.0000,0.0025,1,goal,
2461,356,196.75,8.00,937.28,0.0000,0.0187,1,goal,
2462,207,-79.62,12.39,594.20,0.0036,0.0017,0,collision,
2463,119,303.42,18.26,60.00,0.0000,0.0081,1,goal,
2464,3,-201.24,1.10,4.26,0.0000,0.0000,0,collision,
2465,213,284.63,10.88,563.11,0.0000,0.0532,1,goal,
2466,164,339.38,16.99,157.20,0.0000,0.0000,1,goal,
2467,212,-71.37,12.28,791.59,0.0094,0.0230,0,collision,
2468,300,-203.39,6.94,747.17,0.0067,0.0584,0,collision,
2469,215,-86.07,10.46,781.94,0.0000,0.0037,0,collision,
2470,2,-200.32,1.04,2.51,1.0000,0.0000,0,collision,
2471,229,280.66,11.54,182.61,0.0000,0.0052,1,goal,
2472,1,-200.00,0.00,0.00,0.0000,0.0000,0,collision,
2473,238,236.90,9.57,317.05,0.0000,0.0158,1,goal,
2474,213,345.25,12.83,470.60,0.0000,0.0000,1,goal,
2475,174,322.66,14.12,266.21,0.0000,0.0000,1,goal,
2476,38,-166.88,18.47,11.36,0.0526,0.0000,0,collision,
2477,216,321.73,11.55,633.26,0.0000,0.0018,1,goal,
2478,196,294.11,14.07,431.11,0.0000,0.0347,1,goal,
721,67,-159.51,11.85,127.92,0.0000,0.0141,0,collision,
722,109,305.41,22.71,-106.52,0.0000,0.0000,1,goal,
723,180,-220.53,8.49,268.62,0.0111,0.2439,0,collision,
724,122,-122.97,16.62,-13.88,0.0013,0.0688,0,collision,
725,215,-80.66,12.45,421.79,0.0000,0.0044,0,collision,
726,98,-111.43,21.26,-146.47,0.0000,0.0000,0,collision,
727,2,-201.66,0.00,0.10,0.4845,0.0000,0,collision,
728,310,228.54,7.25,608.29,0.0000,0.0075,1,goal,
729,75,-159.79,9.20,388.65,0.0000,0.0327,0,collision,
730,344,206.28,7.23,803.53,0.0000,0.0294,1,goal,
2479,117,-239.75,11.99,22.70,0.0164,0.1589,0,collision,
2480,327,-143.16,7.07,1229.26,0.0061,0.0001,0,collision,
2481,150,-91.99,12.87,535.80,0.0000,0.0094,0,collision,
2482,154,307.29,17.02,73.10,0.0000,0.0021,1,goal,
2483,255,248.78,8.95,478.89,0.0000,0.0000,1,goal,
2484,291,315.74,9.80,711.25,0.0000,0.0000,1,goal,
2485,114,-275.22,4.28,396.55,0.0175,0.3092,0,collision,
2486,92,-175.51,15.31,49.10,0.0217,0.2082,0,collision,
2487,206,356.46,14.41,197.44,0.0000,0.0129,1,goal,
2488,5,-202.11,1.38,7.31,0.0000,0.0000,0,collision,
2489,118,-92.74,20.36,-24.33,0.0169,0.0128,0,collision,
2490,131,-114.35,13.05,262.65,0.0112,0.0101,0,collision,
2491,178,305.86,12.96,209.63,0.0000,0.0101,1,goal,
2492,174,284.46,13.08,404.58,0.0000,0.0210,1,goal,
2493,209,322.37,10.94,702.72,0.0000,0.0027,1,goal,
2494,134,312.47,17.19,-17.00,0.0000,0.0000,1,goal,
2495,289,281.18,9.74,940.48,0.0000,0.0028,1,goal,
2496,238,338.64,12.12,826.58,0.0000,0.0000,1,goal,
2497,327,-123.80,7.94,1269.92,0.0000,0.0000,0,collision,
2498,232,300.93,11.89,400.17,0.0000,0.0340,1,goal,
2499,204,310.07,13.27,403.36,0.0000,0.0003,1,goal,
731,30,-174.36,19.51,29.57,0.0667,0.0123,0,collision,
732,142,280.53,14.47,17.77,0.0000,0.0000,1,goal,
733,236,280.38,9.68,797.38,0.0000,0.0000,1,goal,
734,2,-201.66,0.00,0.10,0.2749,0.0000,0,collision,
735,234,293.50,11.58,408.93,0.0000,0.0000,1,goal,
736,153,-115.47,9.81,815.88,0.0131,0.0136,0,collision,
737,232,299.39,9.94,861.18,0.0000,0.0584,1,goal,
738,25,-182.97,10.17,134.53,0.0000,0.0000,0,collision,
739,81,296.93,31.06,-135.58,0.0000,0.0078,1,goal,
740,169,244.30,12.87,238.86,0.0000,0.1246,1,goal,
2500,233,-139.66,14.34,69.88,0.0023,0.0033,0,collision,
2501,75,-148.17,13.04,166.77,0.0000,0.0737,0,collision,
2502,85,-266.06,1.14,97.14,0.0027,0.0000,0,collision,
2503,64,-153.27,14.24,101.43,0.0000,0.0000,0,collision,
2504,47,-161.14,14.84,46.89,0.0364,0.0000,0,collision,
2505,132,304.81,18.88,139.30,0.0000,0.0000,1,goal,
2506,23,-189.32,6.53,151.83,0.0000,0.0830,0,collision,
2507,237,284.59,10.73,761.04,0.0000,0.0000,1,goal,
2508,104,-164.37,10.14,251.78,0.0000,0.0000,0,collision,
2509,158,278.14,14.33,141.87,0.0000,0.0658,1,goal,
2510,149,-179.54,10.39,244.81,0.0080,0.0000,0,collision,
2511,161,287.27,11.34,637.91,0.0000,0.0847,1,goal,
2512,305,-194.91,6.84,998.62,0.0000,0.0677,0,collision,
2513,159,336.71,17.43,100.47,0.0000,0.0000,1,goal,
2514,25,-189.22,5.09,131.09,0.0198,0.0000,0,collision,
2515,88,-142.16,12.03,293.22,0.0122,0.0000,0,collision,
2516,213,-186.99,9.99,443.72,0.0000,0.1590,0,collision,
2517,270,214.80,8.29,381.22,0.0000,0.0118,1,goal,
2518,176,344.46,15.91,24.20,0.0000,0.0067,1,goal,
2519,101,-164.19,7.05,473.16,0.0035,0.0000,0,collision,
2520,99,299.74,23.42,-199.13,0.0000,0.0000,1,goal,
2521,203,280.03,11.99,177.18,0.0000,0.0230,1,goal,
2522,120,-121.43,17.46,237.31,0.0167,0.0411,0,collision,
2523,283,272.39,10.27,429.81,0.0000,0.0324,1,goal,
2524,155,313.62,16.04,427.68,0.0000,0.0481,1,goal,
2525,235,316.38,12.22,607.62,0.0000,0.0000,1,goal,
2526,230,-141.72,9.38,606.92,0.0033,0.0259,0,collision,
2527,91,-131.63,17.53,101.59,0.0099,0.0140,0,collision,
741,205,320.11,13.43,375.69,0.0000,0.0126,1,goal,
742,178,329.19,12.72,469.57,0.0000,0.0000,1,goal,
743,194,329.99,12.01,672.46,0.0000,0.0000,1,goal,
744,38,-172.54,11.90,198.29,0.0526,0.0000,0,collision,
745,168,308.53,13.18,544.29,0.0000,0.0000,1,goal,
746,201,333.88,14.12,246.54,0.0000,0.0001,1,goal,
747,153,-117.32,9.34,828.28,0.0000,0.0000,0,collision,
748,291,269.09,9.66,664.98,0.0000,0.0143,1,goal,
749,250,127.38,10.69,-69.41,0.0000,0.2689,1,goal,
750,252,309.76,11.62,715.45,0.0000,0.0000,1,goal,
2528,34,-187.09,10.58,59.12,0.0588,0.0000,0,collision,
2529,34,-186.64,8.49,123.46,0.0189,0.0000,0,collision,
2530,340,235.97,8.93,769.71,0.0000,0.0000,1,goal,
2531,118,303.24,20.71,233.56,0.0000,0.0000,1,goal,
2532,2,-200.32,1.04,2.51,0.0000,0.0000,0,collision,
2533,209,272.89,10.58,464.21,0.0000,0.0041,1,goal,
2534,126,-125.02,12.27,369.33,0.0000,0.0090,0,collision,
2535,47,-170.72,11.99,237.01,0.0419,0.0456,0,collision,
2536,253,220.39,11.27,178.79,0.0000,0.0345,1,goal,
2537,110,295.85,20.61,77.66,0.0000,0.0000,1,goal,
2538,210,320.02,13.65,300.53,0.0000,0.0000,1,goal,
2539,1,-200.00,0.00,0.00,0.0000,0.0000,0,collision,
2540,25,-188.55,7.26,185.93,0.0157,0.0055,0,collision,
2541,195,314.24,11.87,778.37,0.0000,0.0000,1,goal,
2542,89,290.77,24.57,42.57,0.0000,0.0064,1,goal,
2543,158,282.67,14.75,100.13,0.0000,0.0000,1,goal,
2544,273,352.58,10.65,1012.98,0.0000,0.0000,1,goal,
2545,107,-150.77,10.92,440.60,0.0095,0.0000,0,collision,
2546,72,-172.40,9.43,155.46,0.0000,0.0463,0,collision,
2547,127,312.19,18.68,144.64,0.0000,0.0000,1,goal,
2548,301,252.25,9.48,662.89,0.0000,0.1051,1,goal,
2549,152,-83.00,15.98,175.97,0.0000,0.0090,0,collision,
2550,176,286.10,13.04,477.20,0.0000,0.0080,1,goal,
2551,230,284.14,10.11,525.21,0.0000,0.0096,1,goal,
2552,159,-168.12,10.71,295.14,0.0078,0.1473,0,collision,
2553,58,-161.44,15.29,-36.37,0.0325,0.0333,0,collision,
2554,123,294.24,22.84,-74.09,0.0000,0.0057,1,goal,
2555,229,-116.12,12.38,172.03,0.0086,0.0000,0,collision,
2556,3,-199.63,2.08,9.94,0.6667,0.0000,0,collision,
751,174,-214.67,7.84,258.13,0.0039,0.0132,0,collision,
752,47,-169.17,17.70,-29.06,0.0000,0.0532,0,collision,
753,175,-158.23,14.62,-60.45,0.0028,0.0237,0,collision,
754,259,-302.50,5.90,310.05,0.0077,0.1191,0,collision,
755,139,286.02,16.25,30.23,0.0000,0.0121,1,goal,
756,156,-87.71,15.04,543.87,0.0011,0.0000,0,collision,
757,31,-194.46,8.81,84.52,0.0000,0.0715,0,collision,
758,26,-182.89,7.91,198.60,0.0000,0.0000,0,collision,
759,203,-90.51,10.57,557.97,0.0019,0.0000,0,collision,
760,127,-207.88,5.12,560.21,0.0000,0.0110,0,collision,
2557,299,-360.99,7.90,29.29,0.0000,0.1326,0,collision,
2558,186,301.78,12.39,342.80,0.0000,0.0165,1,goal,
2559,239,302.60,10.91,549.67,0.0000,0.0000,1,goal,
2560,173,329.76,15.65,161.87,0.0000,0.0050,1,goal,
2561,222,284.48,11.49,480.36,0.0000,0.0000,1,goal,
2562,177,-172.61,7.99,411.08,0.0010,0.0480,0,collision,
2563,133,-139.43,10.89,622.02,0.0000,0.0051,0,collision,
2564,63,-149.12,17.51,44.88,0.0000,0.0284,0,collision,
2565,188,-88.90,11.51,747.73,0.0000,0.0113,0,collision,
2566,89,-123.58,17.69,-62.99,0.0005,0.0000,0,collision,
2567,101,294.45,21.84,-34.67,0.0000,0.0137,1,goal,
2568,176,267.26,11.80,437.00,0.0000,0.0036,1,goal,
2569,140,-95.21,14.56,559.08,0.0108,0.0254,0,collision,
2570,74,-157.84,14.66,-34.29,0.0085,0.0214,0,collision,
2571,276,-135.99,9.21,885.90,0.0048,0.0119,0,collision,
2572,204,243.94,10.86,196.06,0.0000,0.0000,1,goal,
2573,152,272.64,14.70,74.39,0.0000,0.0248,1,goal,
2574,62,-158.14,11.54,79.79,0.0255,0.0000,0,collision,
2575,30,-191.73,5.85,174.85,0.0567,0.0540,0,collision,
2576,190,251.27,12.39,145.53,0.0000,0.0034,1,goal,
2577,266,-149.77,8.37,854.72,0.0010,0.0098,0,collision,
2578,137,-85.19,15.96,62.05,0.0000,0.0000,0,collision,
2579,162,286.35,13.81,-4.84,0.0000,0.0038,1,goal,
2580,37,-169.24,15.49,67.44,0.0000,0.0000,0,collision,
2581,181,305.22,14.03,311.11,0.0000,0.0128,1,goal,
2582,253,218.27,9.59,497.02,0.0000,0.0003,1,goal,
761,341,-307.39,6.27,798.38,0.0000,0.2577,0,collision,
762,165,304.65,14.00,249.59,0.0000,0.0000,1,goal,
763,250,282.70,10.59,489.35,0.0000,0.0199,1,goal,
764,76,-163.58,9.49,203.73,0.0091,0.0000,0,collision,
765,176,346.32,17.00,545.16,0.0000,0.0000,1,goal,
766,188,291.50,13.41,161.22,0.0000,0.0162,1,goal,
767,2,-200.32,1.04,2.51,0.0000,0.0000,0,collision,
768,162,293.61,14.46,127.66,0.0000,0.0000,1,goal,
769,222,289.28,10.47,654.29,0.0000,0.0040,1,goal,
770,131,-144.56,9.00,598.88,0.0153,0.0000,0,collision,
2583,196,-205.00,13.45,-6.79,0.0048,0.0000,0,collision,
2584,331,286.79,8.74,913.51,0.0000,0.0187,1,goal,
2585,308,207.38,8.58,684.88,0.0000,0.0698,1,goal,
2586,301,308.63,9.34,1110.79,0.0000,0.0056,1,goal,
2587,326,190.44,7.76,852.37,0.0000,0.1299,1,goal,
2588,115,315.01,24.93,-222.49,0.0000,0.0058,1,goal,
2589,198,-78.59,13.46,320.28,0.0101,0.0000,0,collision,
2590,216,322.51,13.60,548.16,0.0000,0.0017,1,goal,
2591,239,-177.00,6.52,733.86,0.0047,0.0000,0,collision,
2592,305,245.50,7.42,1071.69,0.0000,0.0664,1,goal,
2593,149,279.12,15.59,157.91,0.0000,0.0282,1,goal,
2594,279,242.91,10.06,368.77,0.0000,0.0250,1,goal,
2595,335,-243.11,7.09,710.56,0.0060,0.0682,0,collision,
2596,327,251.64,7.24,957.54,0.0000,0.0250,1,goal,
2597,139,321.12,18.78,168.44,0.0000,0.0000,1,goal,
2598,135,-127.94,13.59,286.55,0.0000,0.0632,0,collision,
2599,102,301.62,22.57,6.02,0.0000,0.0000,1,goal,
771,150,-217.61,6.83,329.86,0.0133,0.0000,0,collision,
772,104,-188.22,7.07,300.58,0.0192,0.0000,0,collision,
773,237,-189.68,8.71,579.05,0.0040,0.0070,0,collision,
774,66,-198.06,4.73,291.33,0.0017,0.0506,0,collision,
775,164,320.50,16.65,414.67,0.0000,0.0184,1,goal,
776,79,-151.83,10.90,412.79,0.0253,0.0306,0,collision,
777,270,175.08,8.68,251.13,0.0000,0.0606,1,goal,
778,245,-117.37,8.40,932.72,0.0043,0.0072,0,collision,
779,261,286.42,9.47,1070.10,0.0000,0.0191,1,goal,
780,144,-81.75,17.74,220.44,0.0139,0.0409,0,collision,
2600,351,-519.86,3.12,414.12,0.0057,0.0198,0,collision,
2601,227,-116.32,10.69,499.98,0.0000,0.0253,0,collision,
2602,76,-134.53,22.90,-76.58,0.0263,0.0368,0,collision,
2603,100,282.61,23.17,79.15,0.0000,0.0000,1,goal,
2604,191,270.30,12.77,305.08,0.0000,0.0476,1,goal,
2605,28,-188.11,16.09,121.24,0.0000,0.0281,0,collision,
2606,118,282.18,20.60,63.68,0.0000,0.0140,1,goal,
2607,24,-185.99,14.73,100.79,0.0155,0.0684,0,collision,
2608,32,-188.34,10.22,126.51,0.0486,0.0833,0,collision,
2609,302,156.91,7.14,876.15,0.0000,0.0129,1,goal,
2610,68,-158.61,13.46,182.47,0.0000,0.0187,0,collision,
2611,147,265.44,15.94,24.17,0.0000,0.0000,1,goal,
2612,178,329.60,13.07,416.53,0.0000,0.0067,1,goal,
2613,222,266.56,11.87,505.80,0.0000,0.0395,1,goal,
2614,180,-121.51,11.51,464.04,0.0010,0.0110,0,collision,
2615,67,-147.26,16.46,61.11,0.0123,0.0270,0,collision,
2616,139,325.69,20.40,36.04,0.0000,0.0000,1,goal,
2617,125,-107.66,16.76,-206.49,0.0160,0.0069,0,collision,
2618,179,314.40,14.16,236.72,0.0000,0.0003,1,goal,
2619,149,-128.27,10.93,501.68,0.0000,0.0430,0,collision,
2620,127,312.37,17.81,11.17,0.0000,0.0047,1,goal,
2621,194,285.83,11.73,435.23,0.0000,0.0219,1,goal,
2622,46,-166.57,13.86,197.88,0.0000,0.0237,0,collision,
2623,248,224.55,9.81,435.64,0.0000,0.0675,1,goal,
2624,211,313.46,13.28,453.40,0.0000,0.0272,1,goal,
2625,243,271.35,9.28,868.31,0.0000,0.0342,1,goal,
2626,87,-133.61,19.06,-229.11,0.0052,0.0532,0,collision,
2627,1,-200.00,0.00,0.00,0.0000,0.0000,0,collision,
781,5,-204.03,0.94,5.15,0.4000,0.0000,0,collision,
782,156,-85.36,13.78,378.28,0.0128,0.0287,0,collision,
783,177,301.55,15.65,327.74,0.0000,0.0000,1,goal,
784,2,-201.58,0.09,0.12,0.4549,0.0000,0,collision,
785,182,337.41,15.19,625.10,0.0000,0.0010,1,goal,
786,193,-134.70,13.81,227.81,0.0104,0.0022,0,collision,
787,197,311.83,14.54,238.42,0.0000,0.0000,1,goal,
788,304,276.96,9.40,657.73,0.0000,0.0151,1,goal,
789,116,305.20,19.45,30.93,0.0000,0.0040,1,goal,
790,325,-227.58,6.62,956.90,0.0062,0.0810,0,collision,
2628,436,-376.67,9.71,482.20,0.0034,0.0079,0,collision,
2629,295,169.08,8.19,423.71,0.0000,0.1343,1,goal,
2630,205,277.21,10.93,278.88,0.0000,0.0167,1,goal,
2631,121,-132.32,14.29,105.07,0.0165,0.0099,0,collision,
2632,321,-137.61,8.65,872.69,0.0062,0.0587,0,collision,
2633,229,264.45,9.92,503.68,0.0000,0.0798,1,goal,
2634,104,-121.30,18.80,-88.70,0.0115,0.0124,0,collision,
2635,105,-103.62,20.07,-50.54,0.0000,0.0170,0,collision,
2636,227,278.83,10.20,640.64,0.0000,0.0057,1,goal,
2637,115,-132.49,17.79,-44.37,0.0043,0.0104,0,collision,
2638,222,305.60,10.14,880.22,0.0000,0.0072,1,goal,
2639,131,312.13,17.61,3.28,0.0000,0.0000,1,goal,
2640,54,-156.67,16.32,99.87,0.0292,0.0000,0,collision,
2641,23,-185.29,11.81,168.17,0.0000,0.0000,0,collision,
2642,1,-200.00,0.00,0.00,0.0000,0.0000,0,collision,
2643,154,322.47,15.21,356.15,0.0000,0.0000,1,goal,
2644,71,-136.86,25.33,9.52,0.0282,0.0000,0,collision,
2645,176,338.18,14.05,723.31,0.0000,0.0140,1,goal,
2646,194,296.72,11.71,513.10,0.0000,0.0000,1,goal,
2647,22,-191.94,5.92,164.09,0.0266,0.0000,0,collision,
2648,2,-200.32,1.04,2.51,0.1604,0.0000,0,collision,
2649,69,-142.33,20.26,50.44,0.0000,0.0000,0,collision,
2650,161,-111.85,12.99,384.41,0.0124,0.0581,0,collision,
2651,74,-142.70,15.30,44.96,0.0052,0.0329,0,collision,
2652,51,-163.56,10.51,196.80,0.0341,0.0000,0,collision,
2653,38,-182.03,9.87,158.25,0.0000,0.0255,0,collision,
2654,173,-210.72,7.60,401.08,0.0044,0.1451,0,collision,
2655,253,244.31,9.73,779.53,0.0000,0.0000,1,goal,
791,277,303.52,10.23,846.49,0.0000,0.0000,1,goal,
792,154,-183.55,9.93,317.25,0.0130,0.0043,0,collision,
793,239,200.52,9.54,377.16,0.0000,0.1167,1,goal,
794,156,290.26,14.86,268.03,0.0000,0.0153,1,goal,
795,145,297.32,15.68,92.28,0.0000,0.0000,1,goal,
796,241,299.01,11.62,634.68,0.0000,0.0112,1,goal,
797,158,-160.07,11.78,-4.06,0.0127,0.1863,0,collision,
798,141,304.97,16.29,398.63,0.0000,0.0117,1,goal,
799,246,-152.77,8.47,752.73,0.0000,0.0412,0,collision,
800,309,207.48,9.25,425.65,0.0000,0.1045,1,goal,
2656,309,-148.80,7.88,1239.42,0.0000,0.0061,0,collision,
2657,206,322.17,11.17,778.39,0.0000,0.0000,1,goal,
2658,232,324.01,12.85,656.50,0.0000,0.0949,1,goal,
2659,253,257.81,8.98,583.64,0.0000,0.0206,1,goal,
2660,248,270.27,9.80,575.54,0.0000,0.0253,1,goal,
2661,152,-177.00,6.28,803.57,0.0132,0.0116,0,collision,
2662,188,307.97,12.40,345.32,0.0000,0.0000,1,goal,
2663,126,-141.24,11.01,276.51,0.0065,0.0124,0,collision,
2664,209,306.00,12.19,738.88,0.0000,0.0312,1,goal,
2665,159,303.22,14.60,57.82,0.0000,0.0119,1,goal,
2666,272,259.87,10.11,692.09,0.0000,0.0134,1,goal,
2667,226,-157.09,8.21,897.33,0.0088,0.0104,0,collision,
2668,176,-148.63,10.40,371.45,0.0114,0.0000,0,collision,
2669,3,-202.08,0.69,2.61,0.0000,0.0000,0,collision,
2670,224,344.61,12.74,486.44,0.0000,0.0134,1,goal,
2671,393,214.75,7.19,1249.45,0.0000,0.0000,1,goal,
2672,223,-194.54,10.07,210.69,0.0090,0.0283,0,collision,
2673,249,-208.58,6.52,578.40,0.0000,0.0000,0,collision,
2674,188,-70.17,13.38,504.86,0.0000,0.0121,0,collision,
2675,180,-69.84,15.25,194.90,0.0070,0.0114,0,collision,
801,2,-200.32,1.04,2.51,1.0000,0.0000,0,collision,
802,352,268.69,7.01,1241.76,0.0000,0.0018,1,goal,
803,215,315.92,10.90,483.00,0.0000,0.0005,1,goal,
804,249,317.23,10.74,570.26,0.0000,0.0036,1,goal,
805,219,313.63,12.01,340.44,0.0000,0.0062,1,goal,
806,133,318.79,18.83,-217.07,0.0000,0.0050,1,goal,
807,151,-173.90,6.06,714.45,0.0000,0.0000,0,collision,
808,172,-201.02,5.42,648.23,0.0000,0.0000,0,collision,
809,120,-156.76,9.83,222.86,0.0000,0.0000,0,collision,
810,212,338.38,12.97,498.07,0.0000,0.0000,1,goal,
2676,143,-229.16,4.31,434.67,0.0000,0.0106,0,collision,
2677,14,-193.68,5.25,115.30,0.0000,0.0000,0,collision,
2678,261,320.80,9.45,886.77,0.0000,0.0000,1,goal,
2679,112,-104.28,16.49,70.95,0.0166,0.0000,0,collision,
2680,379,325.13,7.27,1622.24,0.0000,0.0000,1,goal,
2681,285,343.56,10.19,1210.16,0.0000,0.0169,1,goal,
2682,104,-164.50,6.97,634.16,0.0192,0.0000,0,collision,
2683,321,230.62,8.10,479.16,0.0000,0.0000,1,goal,
2684,162,-138.18,9.93,451.69,0.0000,0.0075,0,collision,
2685,313,288.43,8.28,996.20,0.0000,0.0000,1,goal,
2686,268,-149.98,5.74,1243.13,0.0075,0.0309,0,collision,
2687,204,325.80,12.49,675.27,0.0000,0.0000,1,goal,
2688,155,299.96,14.99,0.90,0.0000,0.0000,1,goal,
2689,294,310.16,9.31,1109.95,0.0000,0.0057,1,goal,
2690,160,325.15,14.23,701.59,0.0000,0.0053,1,goal,
2691,189,362.12,16.85,-114.42,0.0000,0.0000,1,goal,
2692,141,-108.63,13.18,345.94,0.0019,0.0000,0,collision,
2693,220,305.09,11.69,318.04,0.0000,0.0000,1,goal,
2694,214,326.71,13.43,150.32,0.0000,0.0049,1,goal,
2695,1,-200.00,0.00,0.00,0.0000,0.0000,0,collision,
2696,116,-257.11,4.98,221.50,0.0172,0.1626,0,collision,
811,211,308.75,14.33,222.77,0.0000,0.0056,1,goal,
812,52,-201.07,4.73,192.11,0.0000,0.0649,0,collision,
813,184,-259.37,5.62,292.44,0.0000,0.0000,0,collision,
814,116,-157.11,12.10,23.46,0.0000,0.0156,0,collision,
815,372,151.13,7.27,720.24,0.0000,0.1514,1,goal,
816,273,310.69,9.25,1039.41,0.0000,0.0052,1,goal,
817,227,282.10,10.87,536.48,0.0000,0.0468,1,goal,
818,121,-154.71,7.88,535.38,0.0165,0.0000,0,collision,
819,91,-144.68,16.56,120.66,0.0000,0.0125,0,collision,
820,30,-188.46,5.84,191.59,0.0000,0.0000,0,collision,
2697,374,-493.22,3.39,654.95,0.0000,0.0101,0,collision,
2698,194,347.48,13.30,892.81,0.0000,0.0047,1,goal,
2699,104,-109.63,20.45,-158.96,0.0192,0.0070,0,collision,
2700,136,309.36,16.75,-43.42,0.0000,0.0128,1,goal,
2701,298,-291.87,4.89,1097.19,0.0067,0.1868,0,collision,
2702,346,156.77,6.49,622.14,0.0000,0.0221,1,goal,
2703,206,-103.27,10.57,671.07,0.0000,0.0105,0,collision,
2704,280,256.19,9.18,905.10,0.0000,0.0000,1,goal,
2705,176,292.66,12.91,344.30,0.0000,0.0079,1,goal,
2706,2,-200.32,1.04,2.51,1.0000,0.0000,0,collision,
2707,119,-133.41,14.79,59.10,0.0000,0.0144,0,collision,
2708,275,217.03,9.05,483.30,0.0000,0.1187,1,goal,
2709,246,325.54,11.23,1130.41,0.0000,0.0428,1,goal,
2710,213,-285.23,5.04,550.52,0.0000,0.2553,0,collision,
2711,228,-151.95,9.90,477.33,0.0088,0.0369,0,collision,
2712,27,-182.10,11.59,157.70,0.0672,0.0000,0,collision,
2713,73,-152.36,16.09,72.36,0.0109,0.0000,0,collision,
2714,182,305.60,13.55,477.33,0.0000,0.0095,1,goal,
2715,312,-138.99,8.45,818.17,0.0000,0.0132,0,collision,
2716,156,-125.71,12.66,544.30,0.0043,0.0121,0,collision,
2717,108,-149.64,12.40,223.76,0.0011,0.0683,0,collision,
2718,205,-126.69,11.98,414.57,0.0000,0.0055,0,collision,
821,2,-200.32,1.04,2.51,1.0000,0.0000,0,collision,
822,202,314.51,12.28,509.85,0.0000,0.0000,1,goal,
823,73,-130.79,21.95,-17.98,0.0095,0.0000,0,collision,
824,88,-137.62,13.63,152.43,0.0111,0.0000,0,collision,
825,326,225.03,7.24,1020.43,0.0000,0.0299,1,goal,
826,286,189.63,8.60,355.99,0.0000,0.0817,1,goal,
827,340,288.69,7.84,1410.77,0.0000,0.0029,1,goal,
828,2,-200.45,0.84,1.70,0.0931,0.0000,0,collision,
829,213,299.95,11.47,852.47,0.0000,0.0360,1,goal,
830,219,-118.27,8.87,839.79,0.0069,0.0333,0,collision,
2719,195,-286.06,7.35,764.70,0.0103,0.0556,0,collision,
2720,44,-181.73,7.16,242.85,0.0000,0.0625,0,collision,
2721,135,314.14,18.28,222.47,0.0000,0.0000,1,goal,
2722,306,221.33,8.00,900.22,0.0000,0.0860,1,goal,
2723,209,-76.10,13.95,14.65,0.0000,0.0096,0,collision,
2724,47,-185.83,7.02,301.03,0.0200,0.0000,0,collision,
2725,154,-71.91,17.87,272.28,0.0090,0.0000,0,collision,
2726,166,-107.32,12.91,394.85,0.0120,0.0651,0,collision,
2727,198,257.99,9.48,600.31,0.0000,0.0080,1,goal,
2728,113,311.45,24.36,-171.84,0.0000,0.0000,1,goal,
2729,189,336.72,14.08,500.68,0.0000,0.0024,1,goal,
2730,65,-144.05,18.73,8.26,0.0089,0.0082,0,collision,
2731,127,-139.16,13.89,171.87,0.0002,0.0000,0,collision,
2732,46,-179.61,7.08,321.02,0.0000,0.0000,0,collision,
2733,157,311.98,14.64,339.23,0.0000,0.0000,1,goal,
2734,122,-133.02,10.68,574.62,0.0038,0.0000,0,collision,
2735,258,324.88,10.09,728.71,0.0000,0.0040,1,goal,
2736,87,-157.38,10.52,301.54,0.0202,0.0085,0,collision,
2737,288,330.74,9.86,945.98,0.0000,0.0026,1,goal,
2738,205,308.13,12.31,510.28,0.0000,0.0000,1,goal,
2739,37,-191.28,6.75,241.85,0.0541,0.0000,0,collision,
2740,93,-163.07,7.78,532.77,0.0101,0.0000,0,collision,
2741,232,-153.29,7.90,665.99,0.0000,0.0298,0,collision,
2742,182,-149.96,7.65,673.76,0.0110,0.0502,0,collision,
2743,308,299.12,9.22,912.45,0.0000,0.0000,1,goal,
831,411,250.58,6.83,1399.92,0.0000,0.0035,1,goal,
832,333,270.75,8.52,1092.69,0.0000,0.0190,1,goal,
833,67,-181.29,6.36,372.11,0.0000,0.0000,0,collision,
834,155,-203.79,5.09,488.75,0.0129,0.0068,0,collision,
835,256,-233.80,5.39,736.90,0.0001,0.0466,0,collision,
836,20,-197.37,4.22,106.87,0.0000,0.0000,0,collision,
837,3,-202.08,0.69,1.84,0.6590,0.0000,0,collision,
838,312,321.83,9.13,1076.32,0.0000,0.0117,1,goal,
839,214,-99.59,9.49,724.05,0.0056,0.0002,0,collision,
840,226,254.51,9.30,357.78,0.0000,0.0000,1,goal,
2744,209,-171.51,8.17,929.37,0.0000,0.0000,0,collision,
2745,259,280.50,10.08,822.15,0.0000,0.0031,1,goal,
2746,302,252.52,9.36,825.57,0.0000,0.0009,1,goal,
2747,295,264.94,8.35,1027.03,0.0000,0.0012,1,goal,
2748,293,239.97,9.03,473.85,0.0000,0.0004,1,goal,
2749,265,315.27,10.30,927.71,0.0000,0.0164,1,goal,
2750,29,-182.11,6.84,212.15,0.0690,0.0000,0,collision,
2751,64,-178.19,6.27,376.63,0.0000,0.0000,0,collision,
2752,325,-322.71,3.80,1039.78,0.0057,0.0973,0,collision,
2753,373,184.18,7.41,745.82,0.0000,0.0578,1,goal,
2754,58,-207.70,3.57,208.77,0.0000,0.0000,0,collision,
2755,119,-195.24,7.16,368.18,0.0129,0.1727,0,collision,
2756,144,-98.15,16.05,32.01,0.0089,0.0171,0,collision,
2757,122,320.62,22.39,-148.17,0.0000,0.0000,1,goal,
2758,158,307.29,15.63,312.41,0.0000,0.0119,1,goal,
2759,51,-180.26,6.10,279.41,0.0310,0.0000,0,collision,
2760,38,-167.44,18.45,123.94,0.0526,0.0000,0,collision,
2761,55,-171.94,10.33,364.50,0.0000,0.0723,0,collision,
2762,143,-136.39,10.87,573.87,0.0140,0.0092,0,collision,
2763,120,-145.32,9.73,529.23,0.0000,0.0062,0,collision,
2764,53,-148.53,23.27,14.59,0.0000,0.0000,0,collision,
2765,173,311.62,16.11,193.27,0.0000,0.0393,1,goal,
2766,198,-73.91,11.12,851.74,0.0000,0.0070,0,collision,
2767,72,-189.17,5.46,385.07,0.0000,0.0064,0,collision,
2768,121,314.36,21.08,-121.15,0.0000,0.0000,1,goal,
2769,141,325.59,18.18,-14.09,0.0000,0.0000,1,goal,
841,78,-148.65,17.67,126.06,0.0000,0.0451,0,collision,
842,90,-134.24,17.16,-129.13,0.0000,0.0187,0,collision,
843,156,-179.41,14.27,-39.37,0.0021,0.0234,0,collision,
844,203,287.97,12.57,525.29,0.0000,0.0102,1,goal,
845,262,316.50,10.74,966.38,0.0000,0.0228,1,goal,
846,104,-112.49,19.47,98.55,0.0133,0.0059,0,collision,
847,126,296.87,15.00,93.47,0.0000,0.0208,1,goal,
848,38,-197.05,4.82,169.82,0.0078,0.0000,0,collision,
849,227,301.11,10.25,908.27,0.0000,0.0000,1,goal,
850,46,-161.66,18.89,86.34,0.0435,0.0000,0,collision,
2770,545,-870.88,0.95,297.18,0.0024,0.0038,0,collision,
2771,258,307.77,11.00,432.10,0.0000,0.0036,1,goal,
2772,144,275.59,17.65,187.32,0.0000,0.0185,1,goal,
2773,193,284.74,12.67,197.49,0.0000,0.0038,1,goal,
2774,310,310.06,9.76,880.77,0.0000,0.0054,1,goal,
2775,163,-85.00,14.76,319.40,0.0000,0.0066,0,collision,
2776,278,-126.90,9.82,699.66,0.0054,0.0298,0,collision,
2777,34,-170.67,20.12,90.02,0.0588,0.0000,0,collision,
2778,151,328.41,18.03,304.54,0.0000,0.0000,1,goal,
2779,158,246.90,14.21,106.77,0.0000,0.0068,1,goal,
2780,157,-102.77,14.26,364.93,0.0127,0.0024,0,collision,
2781,134,-135.88,14.24,10.63,0.0000,0.0534,0,collision,
2782,155,-177.66,12.72,-0.62,0.0042,0.1362,0,collision,
2783,213,348.86,13.13,657.54,0.0000,0.0000,1,goal,
2784,10,-203.47,2.06,23.08,0.0000,0.0000,0,collision,
2785,161,326.66,14.20,245.01,0.0000,0.0000,1,goal,
2786,88,-168.02,9.82,64.78,0.0227,0.0000,0,collision,
2787,13,-208.56,1.53,19.02,0.0515,0.0230,0,collision,
2788,4,-202.49,1.04,4.35,0.5000,0.0000,0,collision,
2789,147,-186.92,7.56,526.56,0.0070,0.0034,0,collision,
2790,113,-117.21,16.92,49.96,0.0032,0.0560,0,collision,
2791,143,299.01,15.38,212.97,0.0000,0.0873,1,goal,
2792,34,-210.03,4.37,146.92,0.0000,0.1075,0,collision,
2793,194,-260.77,7.82,75.36,0.0103,0.1689,0,collision,
2794,123,-111.17,15.50,131.46,0.0000,0.0161,0,collision,
2795,164,-122.12,10.69,408.28,0.0122,0.0000,0,collision,
851,195,311.35,11.58,445.33,0.0000,0.0032,1,goal,
852,148,-181.33,13.74,-152.84,0.0125,0.2501,0,collision,
853,5,-198.32,3.34,23.04,0.4000,0.0000,0,collision,
854,219,-223.61,10.15,157.76,0.0000,0.2074,0,collision,
855,60,-151.78,14.40,17.60,0.0121,0.0000,0,collision,
856,209,317.09,11.85,866.51,0.0000,0.0012,1,goal,
857,158,279.83,13.64,372.59,0.0000,0.0000,1,goal,
858,240,209.13,10.26,299.76,0.0000,0.1750,1,goal,
859,202,-151.12,11.06,322.30,0.0000,0.0034,0,collision,
860,210,268.86,10.90,413.87,0.0000,0.0097,1,goal,
2796,298,-448.81,5.95,-28.88,0.0062,0.0682,0,collision,
2797,194,291.61,12.29,292.81,0.0000,0.0053,1,goal,
2798,298,311.25,9.30,819.87,0.0000,0.0087,1,goal,
2799,221,239.02,12.64,105.44,0.0000,0.0000,1,goal,
2800,48,-267.08,0.56,25.21,0.0417,0.6049,0,collision,
2801,126,304.99,20.26,-105.91,0.0000,0.0000,1,goal,
2802,27,-197.54,5.72,161.22,0.0741,0.0000,0,collision,
2803,3,-202.55,0.00,0.20,0.1079,0.0000,0,collision,
2804,2,-200.32,1.04,2.51,0.0000,0.0000,0,collision,
2805,116,308.62,21.31,54.70,0.0000,0.0000,1,goal,
2806,249,244.89,10.95,127.80,0.0000,0.0511,1,goal,
2807,107,-136.05,12.40,516.98,0.0107,0.0083,0,collision,
2808,252,237.73,9.21,498.74,0.0000,0.0225,1,goal,
2809,330,-120.90,6.67,1572.65,0.0000,0.0000,0,collision,
2810,141,258.36,17.81,136.09,0.0000,0.0106,1,goal,
2811,3,-200.68,1.14,4.47,0.6667,0.0000,0,collision,
2812,350,321.35,8.10,1578.66,0.0000,0.0060,1,goal,
2813,186,253.54,12.27,91.14,0.0000,0.0267,1,goal,
2814,104,-140.85,12.83,136.58,0.0000,0.0119,0,collision,
2815,309,274.06,8.42,912.45,0.0000,0.0165,1,goal,
2816,185,299.27,12.41,662.17,0.0000,0.0257,1,goal,
2817,2,-200.80,0.43,0.52,0.2932,0.0000,0,collision,
2818,81,-222.29,6.95,106.12,0.0247,0.3315,0,collision,
2819,167,346.47,17.87,-99.84,0.0000,0.0057,1,goal,
2820,39,-168.04,15.92,51.89,0.0130,0.0000,0,collision,
2821,300,164.37,8.52,468.68,0.0000,0.1243,1,goal,
861,108,-121.05,21.25,-43.00,0.0185,0.0000,0,collision,
862,1,-200.00,0.00,0.00,0.0000,0.0000,0,collision,
863,355,155.68,6.98,1040.27,0.0000,0.1850,1,goal,
864,141,-158.27,10.92,186.07,0.0137,0.0788,0,collision,
865,50,-159.32,16.90,59.87,0.0057,0.0198,0,collision,
866,286,241.52,8.56,540.49,0.0000,0.0000,1,goal,
867,206,291.62,11.96,523.85,0.0000,0.0025,1,goal,
868,226,282.15,11.55,581.60,0.0000,0.0000,1,goal,
869,37,-190.31,6.30,218.63,0.0000,0.0776,0,collision,
870,102,304.57,22.92,-52.12,0.0000,0.0000,1,goal,
2822,62,-180.07,19.29,169.04,0.0094,0.0097,0,collision,
2823,177,-186.51,6.91,617.10,0.0113,0.0692,0,collision,
2824,149,-127.86,10.59,448.48,0.0000,0.0182,0,collision,
2825,24,-184.66,7.17,199.12,0.0000,0.0000,0,collision,
2826,256,223.59,9.10,308.79,0.0000,0.0353,1,goal,
2827,24,-203.81,4.49,161.14,0.0000,0.0168,0,collision,
2828,176,318.18,17.05,283.45,0.0000,0.0000,1,goal,
2829,281,229.24,10.09,427.94,0.0000,0.0750,1,goal,
2830,239,259.96,11.32,367.04,0.0000,0.0431,1,goal,
2831,124,-142.66,11.72,285.35,0.0161,0.0432,0,collision,
2832,56,-227.60,5.15,133.63,0.0000,0.0743,0,collision,
2833,63,-145.18,24.25,-86.22,0.0087,0.0235,0,collision,
2834,209,311.81,12.49,385.61,0.0000,0.0009,1,goal,
2835,209,-143.74,6.93,823.81,0.0000,0.0011,0,collision,
2836,232,343.71,12.70,399.64,0.0000,0.0052,1,goal,
2837,175,336.68,16.07,172.64,0.0000,0.0079,1,goal,
2838,18,-202.67,4.02,130.69,0.0948,0.0000,0,collision,
2839,173,308.57,14.81,75.86,0.0000,0.0000,1,goal,
2840,317,294.58,8.75,1230.79,0.0000,0.0137,1,goal,
2841,136,-170.85,6.73,644.83,0.0000,0.0009,0,collision,
2842,258,266.06,8.95,664.44,0.0000,0.0060,1,goal,
2843,215,255.19,9.86,677.25,0.0000,0.0000,1,goal,
2844,130,282.00,18.97,28.89,0.0000,0.0546,1,goal,
2845,122,-94.81,18.96,24.14,0.0000,0.0106,0,collision,
2846,41,-173.07,14.90,136.68,0.0488,0.0000,0,collision,
2847,226,327.72,11.45,620.61,0.0000,0.0024,1,goal,
871,43,-158.93,21.20,128.74,0.0435,0.0000,0,collision,
872,250,265.66,10.10,503.30,0.0000,0.0338,1,goal,
873,62,-154.03,18.70,-49.16,0.0000,0.0263,0,collision,
874,47,-165.28,13.04,100.08,0.0260,0.0406,0,collision,
875,152,277.68,15.77,322.29,0.0000,0.0113,1,goal,
876,74,-165.68,8.59,410.37,0.0270,0.0000,0,collision,
877,35,-167.89,22.25,27.81,0.0000,0.0226,0,collision,
878,72,-189.99,6.25,309.12,0.0204,0.0000,0,collision,
879,124,301.04,22.02,4.74,0.0000,0.0000,1,goal,
880,250,313.82,10.44,815.02,0.0000,0.0110,1,goal,
2848,144,-356.62,2.40,167.92,0.0139,0.0049,0,collision,
2849,325,289.86,8.82,941.93,0.0000,0.0109,1,goal,
2850,309,265.84,9.51,691.83,0.0000,0.0957,1,goal,
2851,140,-172.72,7.81,522.28,0.0000,0.0223,0,collision,
2852,342,-275.49,5.79,891.80,0.0058,0.0899,0,collision,
2853,26,-190.54,9.63,28.83,0.0000,0.0879,0,collision,
2854,64,-141.71,20.39,-13.54,0.0312,0.0000,0,collision,
2855,105,292.49,25.78,-183.73,0.0000,0.0000,1,goal,
2856,135,293.94,16.78,429.32,0.0000,0.0252,1,goal,
2857,109,-110.61,16.61,168.35,0.0000,0.0101,0,collision,
2858,6,-205.86,0.66,1.89,0.0758,0.0000,0,collision,
2859,119,-116.39,11.81,420.46,0.0041,0.0426,0,collision,
2860,132,310.64,18.96,113.98,0.0000,0.0086,1,goal,
2861,130,309.86,17.74,205.32,0.0000,0.0000,1,goal,
2862,100,314.16,28.73,-225.99,0.0000,0.0000,1,goal,
2863,93,287.98,23.11,-58.63,0.0000,0.0000,1,goal,
2864,47,-164.57,18.85,132.83,0.0000,0.0213,0,collision,
2865,119,292.29,19.48,-147.94,0.0000,0.1082,1,goal,
2866,90,-118.42,21.09,-19.75,0.0000,0.0042,0,collision,
2867,173,296.39,17.35,57.64,0.0000,0.0051,1,goal,
2868,163,-209.81,5.69,390.67,0.0000,0.0356,0,collision,
2869,98,-183.86,6.63,328.06,0.0000,0.0228,0,collision,
2870,83,-169.02,10.21,327.62,0.0241,0.0487,0,collision,
2871,95,-138.39,12.80,242.72,0.0095,0.0000,0,collision,
2872,2,-200.32,1.04,2.51,0.0000,0.0000,0,collision,
2873,208,287.18,13.64,505.51,0.0000,0.0584,1,goal,
2874,156,326.61,18.26,38.91,0.0000,0.0216,1,goal,
2875,165,271.73,13.59,317.70,0.0000,0.0152,1,goal,
2876,96,297.07,24.03,-153.10,0.0000,0.0046,1,goal,
2877,251,218.04,9.92,525.21,0.0000,0.1488,1,goal,
2878,97,307.75,29.00,-170.99,0.0000,0.0068,1,goal,
881,186,205.67,12.23,-97.32,0.0000,0.0771,1,goal,
882,188,270.99,11.50,280.36,0.0000,0.0337,1,goal,
883,132,-184.11,7.16,503.46,0.0000,0.0373,0,collision,
884,141,272.82,17.29,42.37,0.0000,0.0000,1,goal,
885,182,262.52,13.46,545.10,0.0000,0.0072,1,goal,
886,70,-145.70,20.19,41.05,0.0000,0.0189,0,collision,
887,219,251.24,11.40,173.85,0.0000,0.0082,1,goal,
888,241,-153.33,10.80,780.51,0.0083,0.0277,0,collision,
889,204,242.41,10.39,235.79,0.0000,0.0000,1,goal,
890,239,-205.13,9.24,162.64,0.0083,0.0306,0,collision,
2879,759,-1161.53,1.87,256.15,0.0024,0.0000,0,collision,
2880,196,233.12,11.47,186.05,0.0000,0.1130,1,goal,
2881,121,-164.75,7.18,463.17,0.0047,0.0044,0,collision,
2882,122,-154.48,9.29,338.94,0.0028,0.0130,0,collision,
2883,142,295.16,18.93,178.44,0.0000,0.0294,1,goal,
2884,120,314.77,24.64,-261.24,0.0000,0.0000,1,goal,
2885,131,304.44,17.74,386.27,0.0000,0.0000,1,goal,
2886,83,-188.08,7.87,146.32,0.0000,0.0644,0,collision,
2887,80,-108.81,31.66,-191.47,0.0250,0.0197,0,collision,
2888,89,299.79,27.77,-61.65,0.0000,0.0000,1,goal,
2889,255,-101.53,11.21,654.22,0.0072,0.0452,0,collision,
2890,51,-157.54,16.25,83.76,0.0392,0.0206,0,collision,
2891,75,-121.29,27.28,-48.48,0.0000,0.0212,0,collision,
2892,289,177.44,9.13,667.19,0.0000,0.1182,1,goal,
2893,77,-121.04,25.19,-78.99,0.0000,0.0177,0,collision,
2894,136,277.51,17.15,76.24,0.0000,0.0068,1,goal,
2895,77,-131.40,18.78,-140.02,0.0260,0.0207,0,collision,
2896,160,-163.68,8.51,544.51,0.0000,0.0121,0,collision,
2897,117,-116.28,17.58,58.64,0.0000,0.0148,0,collision,
2898,67,-203.31,10.55,77.98,0.0000,0.2204,0,collision,
2899,166,310.90,16.59,9.95,0.0000,0.0078,1,goal,
2900,69,-125.93,27.90,-62.90,0.0000,0.0079,0,collision,
2901,107,-151.56,13.90,108.21,0.0000,0.0044,0,collision,
2902,225,260.83,12.38,399.28,0.0000,0.0563,1,goal,
2903,86,-136.98,22.63,-98.26,0.0233,0.0343,0,collision,
2904,2,-201.66,0.00,0.10,1.0000,0.0000,0,collision,
2905,61,-169.17,13.95,122.56,0.0328,0.0165,0,collision,
2906,39,-186.73,16.54,99.97,0.0136,0.0666,0,collision,
2907,122,-100.83,16.23,167.84,0.0164,0.0098,0,collision,
891,27,-185.45,7.92,245.28,0.0741,0.1073,0,collision,
892,86,-119.37,22.64,-268.76,0.0233,0.0345,0,collision,
893,223,247.65,10.03,254.26,0.0000,0.0654,1,goal,
894,234,-242.27,9.39,71.81,0.0085,0.2605,0,collision,
895,130,305.67,20.24,19.97,0.0000,0.0000,1,goal,
896,169,-237.93,7.63,127.08,0.0000,0.1464,0,collision,
897,156,293.01,18.06,120.46,0.0000,0.0000,1,goal,
898,138,290.27,18.36,38.42,0.0000,0.0832,1,goal,
899,76,-185.91,6.55,428.19,0.0000,0.0497,0,collision,
900,67,-140.76,20.08,-43.21,0.0065,0.0252,0,collision,
2908,107,-179.26,11.10,203.77,0.0000,0.1148,0,collision,
2909,128,-75.35,22.59,-267.34,0.0140,0.0107,0,collision,
2910,163,291.13,13.97,304.41,0.0000,0.0057,1,goal,
2911,111,-252.15,5.78,278.92,0.0063,0.4217,0,collision,
2912,218,233.51,10.89,371.93,0.0000,0.0176,1,goal,
2913,199,-235.31,7.57,140.67,0.0101,0.0052,0,collision,
2914,122,-97.78,18.20,144.70,0.0000,0.0147,0,collision,
2915,155,326.16,18.96,162.64,0.0000,0.0000,1,goal,
2916,80,-166.44,11.41,123.77,0.0247,0.0000,0,collision,
2917,140,-141.66,13.93,190.02,0.0143,0.0390,0,collision,
2918,162,301.01,13.92,147.47,0.0000,0.0000,1,goal,
2919,25,-182.51,12.57,80.71,0.0000,0.0000,0,collision,
2920,43,-158.98,22.22,40.29,0.0000,0.0183,0,collision,
2921,116,307.76,21.32,-26.98,0.0000,0.0000,1,goal,
2922,27,-183.61,10.31,134.78,0.0741,0.1089,0,collision,
2923,102,-136.23,17.44,88.57,0.0196,0.0390,0,collision,
2924,88,-128.56,17.31,-22.76,0.0000,0.0411,0,collision,
2925,64,-185.69,9.70,50.16,0.0000,0.0194,0,collision,
2926,45,-175.57,15.44,30.22,0.0000,0.0523,0,collision,
2927,164,-75.03,14.67,406.18,0.0122,0.0053,0,collision,
2928,194,-189.86,11.23,152.49,0.0103,0.0428,0,collision,
2929,98,-123.46,20.39,-145.05,0.0000,0.0349,0,collision,
2930,118,-164.85,8.83,479.82,0.0169,0.0116,0,collision,
2931,43,-167.71,15.83,7.54,0.0465,0.0537,0,collision,
2932,284,267.99,10.22,309.93,0.0000,0.0178,1,goal,
2933,76,288.49,30.47,0.63,0.0000,0.0000,1,goal,
2934,64,-168.56,15.61,139.43,0.0302,0.0804,0,collision,
2935,124,304.97,18.46,93.72,0.0000,0.0124,1,goal,
2936,47,-159.21,18.44,-30.99,0.0264,0.0208,0,collision,
2937,41,-167.56,14.94,66.57,0.0000,0.0251,0,collision,
2938,289,126.40,9.25,327.71,0.0000,0.2169,1,goal,
2939,85,-161.82,12.11,175.92,0.0235,0.1276,0,collision,
2940,69,-145.17,16.79,-7.89,0.0290,0.0000,0,collision,
2941,66,-142.59,21.31,-84.75,0.0000,0.0203,0,collision,
2942,223,-143.59,12.51,-74.48,0.0000,0.0154,0,collision,
901,250,154.82,8.92,296.10,0.0000,0.1125,1,goal,
902,2,-200.32,1.04,2.51,0.0000,0.0000,0,collision,
903,124,207.25,14.00,-57.92,0.0000,0.0000,1,goal,
904,113,290.16,21.05,-34.85,0.0000,0.0173,1,goal,
905,224,156.27,11.00,190.09,0.0000,0.2648,1,goal,
906,3,-200.65,1.66,4.98,0.1999,0.0000,0,collision,
907,194,287.42,13.69,287.97,0.0000,0.0660,1,goal,
908,187,313.94,13.04,301.53,0.0000,0.0067,1,goal,
909,212,-90.56,13.21,-38.98,0.0094,0.0044,0,collision,
910,225,306.50,11.10,665.69,0.0000,0.0001,1,goal,
2943,192,-114.27,17.52,262.36,0.0104,0.0103,0,collision,
2944,141,286.15,19.75,-6.36,0.0000,0.0000,1,goal,
2945,264,-113.78,10.41,908.87,0.0076,0.0344,0,collision,
2946,259,275.99,10.10,490.68,0.0000,0.0053,1,goal,
2947,148,-135.27,10.81,309.61,0.0000,0.0092,0,collision,
2948,2,-200.32,1.04,2.51,1.0000,0.0000,0,collision,
2949,47,-163.93,15.53,-35.13,0.0079,0.0000,0,collision,
2950,118,309.34,19.72,-20.43,0.0000,0.0000,1,goal,
2951,44,-169.75,15.44,85.47,0.0000,0.0211,0,collision,
2952,129,-141.43,13.29,108.96,0.0155,0.0000,0,collision,
2953,213,321.94,12.79,311.03,0.0000,0.0172,1,goal,
2954,127,307.53,17.99,-253.80,0.0000,0.0000,1,goal,
2955,48,-159.77,16.22,174.28,0.0000,0.0000,0,collision,
2956,40,-196.04,10.02,116.17,0.0025,0.1990,0,collision,
2957,127,296.03,18.78,-37.10,0.0000,0.0107,1,goal,
2958,136,-90.32,19.06,-10.79,0.0000,0.0115,0,collision,
2959,215,-168.70,9.80,196.89,0.0000,0.0007,0,collision,
2960,371,243.41,8.23,933.86,0.0000,0.0558,1,goal,
2961,151,298.05,19.04,-104.20,0.0000,0.0000,1,goal,
2962,255,-222.61,6.33,818.40,0.0013,0.0743,0,collision,
2963,137,-206.51,7.21,373.64,0.0146,0.0306,0,collision,
2964,108,-190.60,4.31,487.21,0.0000,0.0357,0,collision,
2965,213,344.86,13.78,397.49,0.0000,0.0018,1,goal,
2966,175,294.05,13.37,415.60,0.0000,0.0000,1,goal,
2967,178,-149.79,12.09,49.13,0.0112,0.0200,0,collision,
2968,214,333.32,13.68,386.03,0.0000,0.0000,1,goal,
2969,57,-204.44,3.90,254.53,0.0351,0.1321,0,collision,
911,152,-173.23,9.41,340.00,0.0000,0.0000,0,collision,
912,186,-207.45,5.24,576.92,0.0108,0.0000,0,collision,
913,30,-178.08,19.97,34.99,0.0549,0.0233,0,collision,
914,153,308.76,15.67,94.74,0.0000,0.0000,1,goal,
915,71,-163.10,7.72,516.35,0.0131,0.0000,0,collision,
916,265,232.85,9.72,521.39,0.0000,0.0394,1,goal,
917,276,293.27,8.86,1149.40,0.0000,0.0000,1,goal,
918,152,-89.83,12.91,737.50,0.0132,0.0036,0,collision,
919,2,-200.32,1.04,2.51,1.0000,0.0000,0,collision,
920,235,-199.36,8.96,325.09,0.0064,0.0018,0,collision,
2970,624,-937.10,1.60,303.65,0.0010,0.0000,0,collision,
2971,210,242.18,12.73,117.89,0.0000,0.0000,1,goal,
2972,226,275.03,10.42,586.15,0.0000,0.0000,1,goal,
2973,111,304.85,20.94,-11.28,0.0000,0.0000,1,goal,
2974,217,270.09,10.56,330.93,0.0000,0.0000,1,goal,
2975,190,228.24,13.10,-20.06,0.0000,0.0456,1,goal,
2976,358,174.42,7.14,895.71,0.0000,0.1035,1,goal,
2977,307,-144.16,9.51,776.07,0.0065,0.0132,0,collision,
2978,214,-101.24,9.06,976.77,0.0000,0.0000,0,collision,
2979,136,311.26,18.21,-65.29,0.0000,0.0041,1,goal,
2980,79,-136.83,14.02,259.01,0.0000,0.0000,0,collision,
2981,158,-145.79,8.81,599.26,0.0000,0.0158,0,collision,
2982,189,-150.95,11.53,315.41,0.0094,0.0084,0,collision,
2983,207,335.07,13.59,144.34,0.0000,0.0000,1,goal,
2984,155,341.18,18.50,40.64,0.0000,0.0000,1,goal,
2985,194,205.73,11.98,188.95,0.0000,0.0000,1,goal,
2986,290,227.78,8.26,619.30,0.0000,0.0039,1,goal,
2987,168,304.26,17.23,48.10,0.0000,0.0000,1,goal,
921,321,-306.68,6.55,671.27,0.0000,0.1737,0,collision,
922,233,233.93,12.11,190.98,0.0000,0.1642,1,goal,
923,174,-79.10,17.25,121.23,0.0000,0.0380,0,collision,
924,166,309.49,13.97,294.17,0.0000,0.0000,1,goal,
925,182,300.39,12.49,381.90,0.0000,0.0000,1,goal,
926,186,-209.36,7.27,669.56,0.0000,0.1341,0,collision,
927,290,208.69,8.18,760.78,0.0000,0.1297,1,goal,
928,110,292.93,22.23,45.12,0.0000,0.0000,1,goal,
929,53,-161.82,18.95,63.17,0.0000,0.0131,0,collision,
930,171,-142.02,8.93,855.56,0.0116,0.0085,0,collision,
2988,276,-252.61,7.23,785.59,0.0000,0.0000,0,collision,
2989,244,296.69,10.64,549.64,0.0000,0.0017,1,goal,
2990,60,-138.98,24.96,12.45,0.0000,0.0150,0,collision,
2991,307,242.01,7.74,1218.02,0.0000,0.0386,1,goal,
2992,110,-133.83,15.03,282.46,0.0134,0.0210,0,collision,
2993,188,246.39,9.69,420.85,0.0000,0.0155,1,goal,
2994,39,-168.22,18.07,48.38,0.0036,0.0893,0,collision,
2995,120,322.39,24.38,-17.69,0.0000,0.0000,1,goal,
2996,156,-121.49,15.01,86.40,0.0000,0.0026,0,collision,
2997,326,-236.14,7.41,760.86,0.0061,0.0658,0,collision,
2998,259,279.14,8.89,686.15,0.0000,0.0033,1,goal,
2999,136,-161.41,16.33,-148.36,0.0138,0.2198,0,collision,
3000,278,209.17,8.18,450.87,0.0000,0.0589,1,goal,
3001,350,169.72,6.95,958.09,0.0000,0.0679,1,goal,
3002,164,312.04,13.81,71.74,0.0000,0.0000,1,goal,
3003,2,-201.66,0.00,0.10,0.8344,0.0000,0,collision,
3004,108,299.65,21.59,-39.37,0.0000,0.0000,1,goal,
3005,161,314.19,14.80,409.93,0.0000,0.0177,1,goal,
3006,45,-197.90,6.48,71.58,0.0444,0.1047,0,collision,
3007,178,-203.55,8.21,579.14,0.0112,0.0692,0,collision,
3008,281,-179.39,7.97,625.08,0.0071,0.0126,0,collision,
3009,124,318.19,21.63,-239.66,0.0000,0.0000,1,goal,
3010,2,-200.32,1.04,2.51,1.0000,0.0000,0,collision,
931,96,-173.79,9.76,235.84,0.0160,0.0009,0,collision,
932,223,275.63,10.82,298.35,0.0000,0.0191,1,goal,
933,134,322.76,19.45,-235.46,0.0000,0.0016,1,goal,
934,148,-123.81,9.50,626.17,0.0135,0.0000,0,collision,
935,219,237.71,11.71,433.76,0.0000,0.0156,1,goal,
936,271,294.23,10.70,518.26,0.0000,0.0449,1,goal,
937,161,271.08,14.99,394.66,0.0000,0.0176,1,goal,
938,44,-172.93,13.23,112.94,0.0245,0.0000,0,collision,
939,23,-187.84,6.76,187.67,0.0603,0.0698,0,collision,
940,101,294.21,23.69,-64.97,0.0000,0.0123,1,goal,
3011,434,-325.35,6.80,845.62,0.0000,0.1318,0,collision,
3012,8,-207.18,0.92,8.06,0.1056,0.0000,0,collision,
3013,211,-173.07,6.91,593.83,0.0055,0.0113,0,collision,
3014,242,301.01,9.67,1012.09,0.0000,0.0022,1,goal,
3015,47,-168.34,14.52,105.88,0.0000,0.0345,0,collision,
3016,45,-171.35,11.06,151.81,0.0433,0.0000,0,collision,
3017,113,306.70,20.65,-291.36,0.0000,0.0000,1,goal,
3018,3,-201.24,0.69,2.61,0.6667,0.0000,0,collision,
3019,68,-186.50,11.44,216.70,0.0294,0.0139,0,collision,
3020,75,-141.56,18.90,-51.32,0.0000,0.0216,0,collision,
3021,124,311.04,19.68,-19.81,0.0000,0.0000,1,goal,
3022,102,305.13,27.87,-270.23,0.0000,0.0000,1,goal,
3023,339,172.57,7.33,710.48,0.0000,0.0000,1,goal,
3024,147,-132.53,13.58,199.00,0.0023,0.0584,0,collision,
3025,141,-86.93,18.91,37.60,0.0000,0.0053,0,collision,
3026,186,-62.82,14.28,581.34,0.0108,0.0058,0,collision,
3027,115,-122.78,15.68,241.42,0.0000,0.0336,0,collision,
3028,300,168.86,8.24,564.96,0.0000,0.0870,1,goal,
3029,35,-174.91,11.92,164.20,0.0000,0.0000,0,collision,
3030,265,317.65,9.57,1004.19,0.0000,0.0000,1,goal,
3031,298,332.40,9.43,1201.65,0.0000,0.0025,1,goal,
3032,147,332.25,17.54,-107.28,0.0000,0.0066,1,goal,
3033,322,210.14,7.05,819.91,0.0000,0.0000,1,goal,
3034,245,321.16,10.90,441.80,0.0000,0.0000,1,goal,
3035,113,298.03,20.37,-36.34,0.0000,0.0000,1,goal,
3036,151,316.55,15.51,226.58,0.0000,0.0011,1,goal,
3037,54,-192.74,5.50,343.20,0.0000,0.0419,0,collision,
941,286,282.90,8.38,1225.85,0.0000,0.0126,1,goal,
942,196,295.59,11.84,708.00,0.0000,0.0147,1,goal,
943,129,311.55,17.74,261.91,0.0000,0.0000,1,goal,
944,297,208.96,8.77,506.38,0.0000,0.1865,1,goal,
945,213,284.58,12.07,264.89,0.0000,0.0000,1,goal,
946,271,266.25,9.83,690.65,0.0000,0.0000,1,goal,
947,234,320.25,11.20,925.07,0.0000,0.0000,1,goal,
948,381,141.53,6.26,1193.35,0.0000,0.0766,1,goal,
949,192,318.37,14.37,536.22,0.0000,0.0000,1,goal,
950,287,239.05,10.00,503.39,0.0000,0.0265,1,goal,
3038,90,-138.65,14.37,-9.79,0.0222,0.0000,0,collision,
3039,111,-174.72,5.98,554.75,0.0180,0.0212,0,collision,
3040,132,-112.05,15.51,255.95,0.0000,0.0042,0,collision,
3041,104,-126.02,15.72,79.63,0.0000,0.0326,0,collision,
3042,143,-106.78,14.82,315.86,0.0000,0.0121,0,collision,
3043,159,-130.39,11.54,336.02,0.0060,0.0173,0,collision,
3044,288,235.07,10.18,268.18,0.0000,0.1044,1,goal,
3045,194,-174.01,7.83,704.27,0.0000,0.0755,0,collision,
3046,163,-146.92,9.46,515.86,0.0025,0.0091,0,collision,
3047,189,-173.67,7.42,618.38,0.0106,0.0093,0,collision,
3048,97,288.27,25.78,5.23,0.0000,0.0000,1,goal,
3049,146,-102.13,14.89,80.88,0.0000,0.0000,0,collision,
3050,183,-234.51,5.43,467.79,0.0007,0.0744,0,collision,
3051,42,-176.94,6.49,324.98,0.0083,0.0000,0,collision,
3052,157,322.63,16.67,266.00,0.0000,0.0000,1,goal,
3053,232,322.72,11.83,880.90,0.0000,0.0031,1,goal,
3054,111,312.85,24.22,-145.42,0.0000,0.0000,1,goal,
3055,1,-200.00,0.00,0.00,0.0000,0.0000,0,collision,
