episode,steps,ep_reward,avg_speed,total_energy,wiggle,safety,success,reason
1,8,-207.25,0.80,4.20,0.1305,0.0000,0,collision
2,11,-214.54,0.28,1.63,0.1196,0.0396,0,collision
3,5,-203.44,1.44,3.74,0.0031,0.2022,0,collision
4,54,-180.73,5.84,248.77,0.0275,0.0000,0,collision
5,29,-212.98,2.32,51.85,0.0008,0.0083,0,collision
6,186,-242.09,3.39,332.14,0.0022,0.0288,0,collision
7,81,-229.29,2.79,171.10,0.0045,0.0000,0,collision
8,18,-218.35,0.94,12.16,0.0155,0.1704,0,collision
9,13,-198.22,3.65,21.80,0.0579,0.0000,0,collision
10,13,-210.92,1.14,14.11,0.0178,0.0000,0,collision
1,43,-230.05,2.43,49.52,0.0155,0.0205,0,collision
2,14,-218.36,0.74,8.32,0.0792,0.0000,0,collision
3,31,-228.08,1.35,32.15,0.0129,0.0250,0,collision
4,19,-223.41,0.57,10.68,0.0116,0.0513,0,collision
5,14,-216.67,0.44,3.82,0.1267,0.0267,0,collision
6,26,-231.34,0.37,8.08,0.0399,0.0000,0,collision
7,10,-204.57,1.92,12.01,0.1277,0.0946,0,collision
8,9,-200.23,2.65,13.13,0.0000,0.1541,0,collision
9,93,-243.78,2.44,153.88,0.0070,0.0020,0,collision
10,3,-203.25,0.00,0.20,0.0000,0.0000,0,collision
11,44,-224.99,1.75,36.49,0.0368,0.0000,0,collision
12,19,-223.26,0.75,10.58,0.0056,0.0000,0,collision
13,23,-221.08,1.34,26.53,0.0356,0.0579,0,collision
14,30,-217.46,2.15,29.90,0.0605,0.0534,0,collision
15,6,-203.01,1.27,12.55,0.2456,0.0000,0,collision
16,28,-213.65,2.83,49.83,0.0569,0.1154,0,collision
17,19,-209.25,1.93,21.73,0.1053,0.0000,0,collision
18,68,-261.56,1.16,51.51,0.0050,0.0000,0,collision
19,52,-241.13,1.49,46.24,0.0138,0.0000,0,collision
20,5,-206.77,0.46,3.08,0.0000,0.2515,0,collision
21,45,-240.72,1.45,39.03,0.0139,0.0677,0,collision
22,29,-224.88,1.53,37.79,0.0690,0.0584,0,collision
23,11,-208.65,1.07,7.82,0.0000,0.0000,0,collision
24,21,-225.06,0.75,10.24,0.0188,0.0000,0,collision
25,13,-209.57,1.19,14.22,0.1189,0.0000,0,collision
26,27,-197.52,5.72,100.51,0.0058,0.0359,0,collision
27,10,-201.64,2.14,9.28,0.0601,0.0000,0,collision
28,10,-204.72,1.79,14.28,0.0002,0.0000,0,collision
29,17,-221.60,0.57,5.34,0.0822,0.0000,0,collision
30,74,-254.49,1.65,74.91,0.0253,0.0000,0,collision
31,5,-204.79,0.00,0.40,0.0000,0.0000,0,collision
32,1,-200.00,0.00,0.00,0.0000,0.0000,0,collision
33,7,-204.06,1.15,2.43,0.0438,0.0000,0,collision
34,2,-201.81,0.00,0.10,0.4041,0.0000,0,collision
35,15,-191.11,6.03,69.11,0.0388,0.0000,0,collision
36,4,-202.87,0.79,1.43,0.0044,0.0000,0,collision
37,69,-227.84,3.12,152.48,0.0081,0.0000,0,collision
38,16,-211.91,1.42,17.87,0.0184,0.0000,0,collision
39,4,-203.03,0.52,1.94,0.3204,0.0000,0,collision
40,3,-202.45,0.55,1.13,0.0544,0.0000,0,collision
41,19,-215.16,1.15,16.11,0.0995,0.1321,0,collision
42,6,-201.07,1.62,7.54,0.3063,0.0000,0,collision
43,4,-200.45,1.96,10.29,0.5000,0.1904,0,collision
44,18,-215.20,1.13,15.13,0.0616,0.0000,0,collision
45,90,-262.13,1.74,92.45,0.0213,0.0124,0,collision
46,48,-176.27,7.89,279.73,0.0064,0.0000,0,collision
47,8,-205.55,0.83,2.50,0.1103,0.0000,0,collision
48,35,-231.99,0.77,18.78,0.0130,0.0000,0,collision
49,11,-213.51,0.42,2.48,0.0758,0.0000,0,collision
50,54,-171.94,8.66,328.55,0.0254,0.0800,0,collision
51,6,-208.06,0.10,0.56,0.1435,0.0000,0,collision
52,128,-305.88,1.56,131.44,0.0156,0.0122,0,collision
53,13,-205.98,2.22,21.97,0.0993,0.0000,0,collision
54,7,-201.89,1.99,12.49,0.1093,0.0000,0,collision
55,17,-224.48,0.31,3.27,0.0399,0.0613,0,collision
56,77,-205.17,4.55,183.10,0.0044,0.0060,0,collision
57,7,-208.55,0.63,3.04,0.1692,0.2952,0,collision
58,21,-222.91,0.79,11.68,0.0646,0.0000,0,collision
59,66,-235.77,2.10,105.02,0.0080,0.0070,0,collision
60,14,-217.23,0.50,5.56,0.0311,0.0000,0,collision
61,8,-209.95,0.27,1.01,0.0426,0.0684,0,collision
62,32,-210.68,3.47,107.11,0.0262,0.0000,0,collision
63,104,-269.35,1.88,117.59,0.0063,0.0000,0,collision
64,37,-240.41,1.35,37.63,0.0020,0.0697,0,collision
65,8,-207.30,0.59,1.16,0.1048,0.0000,0,collision
66,23,-227.97,0.73,9.34,0.0503,0.0000,0,collision
67,9,-211.00,0.37,2.43,0.0545,0.0000,0,collision
68,61,-226.22,2.93,131.39,0.0328,0.0000,0,collision
69,76,-242.22,2.60,149.10,0.0097,0.0000,0,collision
70,29,-213.40,1.78,28.61,0.0225,0.0000,0,collision
71,7,-205.86,0.82,5.52,0.1472,0.0041,0,collision
72,4,-202.58,0.76,1.24,0.0322,0.0000,0,collision
73,124,-261.28,3.25,260.97,0.0022,0.0329,0,collision
74,93,-278.01,1.56,100.64,0.0096,0.0081,0,collision
75,13,-215.87,0.53,4.05,0.0874,0.0492,0,collision
76,5,-203.68,0.72,1.74,0.0751,0.0000,0,collision
77,11,-212.68,0.80,11.87,0.1507,0.0000,0,collision
78,36,-239.04,0.91,20.82,0.0062,0.0548,0,collision
79,5,-206.72,0.00,0.40,0.0616,0.0000,0,collision
80,81,-269.20,1.89,117.79,0.0041,0.0212,0,collision
81,5,-205.66,0.16,0.47,0.1939,0.0000,0,collision
82,10,-198.61,3.60,30.87,0.0000,0.0000,0,collision
83,55,-231.92,2.51,81.87,0.0199,0.0169,0,collision
84,63,-238.99,2.43,109.13,0.0223,0.0000,0,collision
85,27,-231.14,0.88,10.95,0.0504,0.0269,0,collision
86,25,-212.53,2.28,31.95,0.0013,0.0000,0,collision
87,57,-254.34,1.15,50.85,0.0127,0.0214,0,collision
88,30,-218.89,1.84,37.46,0.0292,0.0000,0,collision
89,39,-231.30,1.67,32.79,0.0132,0.0000,0,collision
90,24,-223.96,1.00,11.75,0.0795,0.0000,0,collision
91,11,-204.91,1.88,15.68,0.0000,0.0339,0,collision
92,22,-224.61,0.89,14.68,0.0075,0.0000,0,collision
93,6,-206.87,0.51,2.33,0.3333,0.0000,0,collision
94,184,-265.21,5.54,367.37,0.0016,0.0567,0,collision
95,30,-220.25,1.80,49.28,0.0007,0.0252,0,collision
96,14,-218.54,0.45,1.77,0.1427,0.0183,0,collision
97,55,-245.37,1.94,69.68,0.0190,0.0253,0,collision
98,20,-215.59,1.34,13.63,0.0412,0.0468,0,collision
99,2,-200.47,0.99,2.29,0.8700,0.0000,0,collision
100,23,-195.64,4.89,95.22,0.0323,0.0126,0,collision
101,205,-402.60,1.43,200.55,0.0098,0.0032,0,collision
102,9,-205.63,0.94,3.72,0.0521,0.0000,0,collision
103,14,-215.01,0.85,7.62,0.0706,0.0000,0,collision
104,5,-206.29,0.23,0.72,0.1586,0.0000,0,collision
105,8,-210.70,0.49,3.54,0.0584,0.0000,0,collision
106,57,-223.31,3.21,130.90,0.0266,0.0095,0,collision
107,35,-208.04,2.57,56.29,0.0186,0.0312,0,collision
108,92,-300.00,0.96,64.79,0.0152,0.0185,0,collision
109,7,-199.12,2.28,14.16,0.0493,0.0000,0,collision
110,17,-191.38,5.16,72.51,0.0733,0.0000,0,collision
111,12,-216.40,0.34,3.08,0.1022,0.0000,0,collision
112,4,-202.98,0.02,0.30,0.0363,0.0000,0,collision
113,20,-217.75,1.03,14.27,0.0097,0.0000,0,collision
114,57,-270.96,0.74,28.87,0.0199,0.0087,0,collision
115,14,-208.70,1.59,19.60,0.0791,0.0000,0,collision
116,3,-201.97,0.69,2.61,0.2257,0.0000,0,collision
117,8,-209.17,0.80,6.15,0.2080,0.0340,0,collision
118,29,-220.18,1.76,34.24,0.0690,0.0000,0,collision
119,9,-201.41,1.95,16.23,0.2222,0.0000,0,collision
120,76,-278.97,1.47,89.68,0.0145,0.0100,0,collision
121,1,-200.00,0.00,0.00,0.0000,0.0000,0,collision
122,5,-206.18,0.50,2.47,0.3494,0.1897,0,collision
123,146,-227.24,3.89,348.27,0.0019,0.0050,0,collision
124,4,-203.12,0.33,0.45,0.0761,0.0000,0,collision
125,5,-205.79,0.05,0.44,0.1506,0.0000,0,collision
126,16,-215.84,0.80,9.53,0.0576,0.0010,0,collision
127,5,-202.57,0.76,2.19,0.1761,0.0000,0,collision
128,43,-243.67,0.97,23.12,0.0110,0.0000,0,collision
129,124,-307.64,1.60,129.66,0.0161,0.0129,0,collision
11,120,-283.35,1.56,131.67,0.0000,0.0007,0,collision
12,133,-261.84,3.00,238.03,0.0099,0.0000,0,collision
13,115,-266.91,5.75,251.13,0.0050,0.0152,0,collision
14,44,-235.86,1.47,39.06,0.0249,0.0000,0,collision
15,101,-312.45,1.84,118.97,0.0000,0.0070,0,collision
16,179,-364.98,1.53,163.58,0.0112,0.0026,0,collision
17,114,-293.94,1.81,129.57,0.0000,0.0041,0,collision
18,37,-227.63,2.29,45.11,0.0165,0.0929,0,collision
19,71,-261.12,1.52,57.08,0.0012,0.0000,0,collision
20,63,-279.53,0.74,40.67,0.0224,0.0000,0,collision
130,45,-233.40,2.12,72.40,0.0085,0.0000,0,collision
131,36,-234.06,1.83,45.99,0.0037,0.0371,0,collision
132,38,-235.77,1.27,42.44,0.0000,0.0446,0,collision
133,3,-203.14,0.00,0.20,0.0533,0.0000,0,collision
134,41,-231.09,1.52,43.35,0.0144,0.0090,0,collision
135,6,-206.32,0.23,0.75,0.3333,0.0000,0,collision
136,8,-203.88,1.48,10.00,0.1458,0.0000,0,collision
137,104,-257.13,2.78,208.31,0.0144,0.0110,0,collision
138,92,-242.64,2.99,188.84,0.0103,0.0000,0,collision
139,53,-235.48,1.32,43.30,0.0085,0.0000,0,collision
140,55,-230.18,2.18,74.66,0.0179,0.0728,0,collision
141,16,-217.26,0.72,9.32,0.0570,0.0000,0,collision
142,120,-230.35,4.81,291.14,0.0041,0.0081,0,collision
143,7,-205.52,0.86,6.00,0.0000,0.0000,0,collision
144,10,-205.40,1.65,14.29,0.1001,0.0000,0,collision
145,25,-226.72,1.05,21.56,0.0342,0.0000,0,collision
146,82,-200.58,4.21,235.70,0.0085,0.0119,0,collision
147,17,-213.20,1.35,12.08,0.0000,0.0321,0,collision
148,92,-234.01,3.23,98.44,0.0018,0.0196,0,collision
149,60,-231.01,4.09,177.45,0.0020,0.0049,0,collision
150,18,-223.36,0.31,3.48,0.0441,0.0014,0,collision
151,26,-223.28,1.06,16.30,0.0530,0.0000,0,collision
152,95,-262.08,2.12,107.04,0.0122,0.0000,0,collision
153,15,-211.78,1.10,11.43,0.0061,0.0000,0,collision
154,31,-214.58,1.82,53.59,0.0430,0.0000,0,collision
155,84,-257.78,3.30,172.06,0.0238,0.0000,0,collision
156,26,-221.53,1.52,28.19,0.0000,0.0128,0,collision
157,15,-210.37,2.22,22.87,0.0830,0.1008,0,collision
158,36,-232.15,1.33,25.99,0.0081,0.0221,0,collision
159,260,-390.93,2.44,409.81,0.0007,0.0193,0,collision
160,56,-198.16,3.87,141.36,0.0050,0.0000,0,collision
161,57,-248.96,1.86,67.87,0.0098,0.0000,0,collision
162,9,-208.60,0.77,5.80,0.0890,0.0000,0,collision
163,162,-337.23,1.88,204.90,0.0038,0.0366,0,collision
164,5,-202.14,1.07,6.62,0.3226,0.0000,0,collision
165,3,-202.36,0.35,0.43,0.3148,0.1171,0,collision
166,38,-214.74,2.48,58.64,0.0429,0.0011,0,collision
167,2,-201.74,0.00,0.10,0.2250,0.0000,0,collision
168,4,-201.66,1.55,9.91,0.4616,0.0000,0,collision
169,21,-208.08,2.51,28.59,0.0705,0.0518,0,collision
170,59,-233.17,1.59,53.35,0.0202,0.0375,0,collision
171,27,-219.96,1.36,24.89,0.0536,0.0000,0,collision
172,14,-220.35,0.36,4.17,0.0417,0.0455,0,collision
173,15,-219.18,0.63,6.61,0.0796,0.0000,0,collision
174,77,-217.84,2.41,129.67,0.0248,0.0000,0,collision
175,41,-236.72,1.49,38.02,0.0023,0.0000,0,collision
176,95,-287.93,1.61,95.09,0.0102,0.0000,0,collision
177,115,-275.54,3.45,235.70,0.0174,0.0000,0,collision
178,20,-219.06,1.38,31.95,0.0464,0.0348,0,collision
179,12,-213.05,0.46,2.14,0.0000,0.0000,0,collision
180,4,-202.27,0.52,2.71,0.3233,0.0000,0,collision
181,159,-381.48,1.25,133.68,0.0054,0.0039,0,collision
182,39,-242.87,0.59,20.34,0.0243,0.0000,0,collision
183,43,-248.14,0.99,29.57,0.0452,0.0214,0,collision
184,11,-204.95,1.69,15.33,0.1591,0.0000,0,collision
185,112,-254.78,2.11,149.86,0.0115,0.0129,0,collision
186,13,-208.87,1.26,13.60,0.1103,0.0000,0,collision
187,44,-253.49,0.72,22.98,0.0000,0.0000,0,collision
188,3,-201.97,0.46,0.58,0.1410,0.0000,0,collision
189,23,-223.97,1.24,21.49,0.0437,0.0000,0,collision
190,75,-228.49,3.09,159.90,0.0254,0.0068,0,collision
191,20,-222.41,0.60,4.87,0.0779,0.0000,0,collision
192,27,-220.91,1.65,38.00,0.0424,0.0135,0,collision
193,27,-228.93,1.16,23.76,0.0687,0.0000,0,collision
194,7,-210.50,0.00,0.60,0.0732,0.0000,0,collision
195,13,-202.71,2.66,29.66,0.0824,0.0466,0,collision
196,97,-270.86,1.78,131.97,0.0057,0.0150,0,collision
197,10,-213.39,0.46,3.48,0.1242,0.0000,0,collision
198,93,-298.80,1.33,58.86,0.0180,0.0000,0,collision
199,38,-214.74,3.34,77.45,0.0426,0.0386,0,collision
200,171,-322.87,2.14,209.66,0.0008,0.0058,0,collision
201,7,-205.98,0.79,4.51,0.0535,0.0000,0,collision
202,17,-217.95,0.99,14.01,0.0627,0.0912,0,collision
203,100,-224.70,3.07,217.47,0.0042,0.0000,0,collision
204,76,-215.11,2.62,108.83,0.0230,0.0000,0,collision
205,58,-229.25,2.26,93.28,0.0254,0.0000,0,collision
206,20,-202.47,3.52,70.26,0.0157,0.0000,0,collision
207,45,-237.06,1.47,54.48,0.0276,0.0000,0,collision
208,65,-259.29,1.24,54.77,0.0178,0.0000,0,collision
209,7,-205.63,0.96,7.74,0.0936,0.0000,0,collision
210,9,-208.99,0.44,2.85,0.1283,0.0000,0,collision
211,104,-325.15,0.89,61.47,0.0165,0.0000,0,collision
212,67,-271.83,1.15,66.30,0.0165,0.0044,0,collision
213,56,-266.07,0.78,28.69,0.0008,0.0000,0,collision
214,3,-203.12,0.00,0.20,0.3774,0.0000,0,collision
215,22,-229.36,0.51,9.45,0.0603,0.0110,0,collision
216,5,-206.55,0.00,0.40,0.2868,0.0000,0,collision
217,4,-202.05,1.52,9.45,0.3831,0.2721,0,collision
21,71,-227.23,4.46,236.18,0.0091,0.0210,0,collision
22,285,-515.09,1.35,247.22,0.0022,0.0132,0,collision
23,33,-225.02,1.39,23.10,0.0363,0.0130,0,collision
24,69,-242.75,2.26,104.50,0.0134,0.0000,0,collision
25,23,-221.47,1.32,24.18,0.0112,0.0000,0,collision
26,4,-204.00,0.60,2.72,0.5000,0.1036,0,collision
27,242,-457.87,1.32,235.01,0.0000,0.0036,0,collision
28,98,-324.51,0.88,63.32,0.0088,0.0085,0,collision
29,11,-211.33,0.87,11.35,0.1818,0.0000,0,collision
30,2,-201.72,0.01,0.10,0.2099,0.0000,0,collision
218,183,-403.65,1.25,145.03,0.0016,0.0080,0,collision
219,44,-230.82,1.63,42.63,0.0000,0.0000,0,collision
220,93,-333.42,1.00,57.00,0.0079,0.1318,0,collision
221,83,-249.37,1.87,84.63,0.0094,0.0109,0,collision
222,3,-202.29,0.00,0.20,0.0000,0.0000,0,collision
223,17,-223.09,0.58,14.63,0.0650,0.0000,0,collision
224,12,-216.07,0.32,3.01,0.1435,0.0000,0,collision
225,4,-201.16,1.49,7.12,0.4021,0.1606,0,collision
226,75,-256.52,1.86,79.39,0.0082,0.0000,0,collision
227,46,-247.17,1.16,33.88,0.0084,0.0000,0,collision
228,186,-434.88,0.84,99.96,0.0023,0.0000,0,collision
229,26,-232.81,0.59,12.83,0.0030,0.0000,0,collision
230,4,-205.16,0.28,1.03,0.2230,0.2157,0,collision
231,94,-305.94,0.85,58.93,0.0213,0.0084,0,collision
232,19,-224.46,0.48,6.68,0.0161,0.0716,0,collision
233,4,-200.54,1.70,4.82,0.1508,0.0000,0,collision
234,13,-220.37,0.19,2.86,0.1159,0.0000,0,collision
235,129,-291.03,1.63,147.35,0.0018,0.0243,0,collision
236,47,-224.65,2.13,62.99,0.0054,0.0652,0,collision
237,305,-499.57,2.01,445.00,0.0017,0.0013,0,collision
238,18,-222.68,0.60,5.22,0.0000,0.0000,0,collision
239,27,-204.55,3.52,39.62,0.0018,0.0000,0,collision
240,25,-202.90,3.25,57.71,0.0366,0.0166,0,collision
241,212,-418.95,1.72,243.99,0.0010,0.0196,0,collision
242,4,-203.39,0.62,1.32,0.0335,0.0000,0,collision
243,12,-211.30,1.00,6.85,0.0904,0.0154,0,collision
244,173,-365.25,1.05,139.39,0.0058,0.0033,0,collision
245,25,-225.01,1.11,16.36,0.0369,0.0000,0,collision
246,74,-281.04,1.28,67.31,0.0143,0.0000,0,collision
247,39,-232.94,0.94,20.53,0.0014,0.0166,0,collision
248,111,-342.79,1.20,91.06,0.0038,0.0385,0,collision
249,31,-222.92,1.90,42.11,0.0110,0.0000,0,collision
250,25,-237.74,0.31,6.05,0.0404,0.0000,0,collision
251,47,-239.69,1.15,35.04,0.0426,0.0772,0,collision
252,44,-257.38,0.73,20.04,0.0241,0.0186,0,collision
253,7,-208.54,0.08,0.63,0.1029,0.0000,0,collision
254,3,-203.29,0.00,0.20,0.1553,0.0000,0,collision
255,41,-246.14,1.20,33.66,0.0106,0.0802,0,collision
256,90,-312.97,0.76,42.50,0.0022,0.0000,0,collision
257,158,-257.97,2.40,246.62,0.0127,0.0166,0,collision
258,18,-218.26,0.83,7.70,0.0088,0.0459,0,collision
259,10,-211.22,0.68,5.87,0.0788,0.1316,0,collision
260,5,-202.56,1.08,2.52,0.3111,0.0000,0,collision
261,20,-220.60,1.09,18.09,0.0000,0.0000,0,collision
262,25,-216.98,1.86,32.71,0.0000,0.0134,0,collision
263,23,-226.54,0.77,12.30,0.0115,0.0226,0,collision
264,15,-221.24,0.40,3.82,0.1265,0.0000,0,collision
265,3,-202.39,0.35,0.43,0.0312,0.1530,0,collision
266,1,-200.00,0.00,0.00,0.0000,0.0000,0,collision
267,8,-197.44,4.32,36.84,0.1924,0.0723,0,collision
268,93,-283.24,2.13,113.80,0.0061,0.0492,0,collision
269,16,-217.21,0.95,13.68,0.0738,0.0410,0,collision
270,15,-212.83,1.16,8.20,0.0763,0.0541,0,collision
271,19,-205.34,3.05,48.13,0.0104,0.1470,0,collision
272,149,-299.69,2.36,251.80,0.0061,0.0000,0,collision
273,78,-309.77,0.51,31.77,0.0001,0.0000,0,collision
274,35,-246.37,0.58,17.47,0.0233,0.0000,0,collision
275,75,-247.51,1.58,85.19,0.0218,0.0131,0,collision
276,29,-217.70,1.84,31.99,0.0118,0.0159,0,collision
277,35,-227.99,1.98,46.73,0.0266,0.0000,0,collision
278,84,-294.92,1.04,59.70,0.0110,0.0000,0,collision
279,2,-200.41,1.04,2.51,0.9497,0.0000,0,collision
280,77,-270.34,1.48,77.81,0.0245,0.0069,0,collision
281,77,-193.58,4.13,198.65,0.0089,0.0000,0,collision
282,85,-282.24,1.44,62.13,0.0090,0.0000,0,collision
283,43,-187.33,6.88,186.97,0.0438,0.0000,0,collision
284,219,-364.70,1.59,239.17,0.0057,0.0066,0,collision
285,28,-227.04,1.17,15.70,0.0067,0.0000,0,collision
286,37,-251.43,0.48,13.11,0.0255,0.0000,0,collision
287,105,-321.53,0.62,42.80,0.0066,0.0000,0,collision
288,29,-217.91,2.59,44.53,0.0089,0.0000,0,collision
289,1,-200.00,0.00,0.00,0.0000,0.0000,0,collision
290,6,-206.71,0.20,0.57,0.1441,0.0000,0,collision
291,105,-274.15,2.43,177.52,0.0075,0.0000,0,collision
31,4,-204.06,0.12,0.33,0.1791,0.0000,0,collision
32,37,-222.72,2.84,63.54,0.0264,0.0387,0,collision
33,71,-280.48,1.10,52.16,0.0255,0.0000,0,collision
34,1,-200.00,0.00,0.00,0.0000,0.0000,0,collision
35,5,-205.87,0.00,0.40,0.0712,0.0000,0,collision
36,52,-235.86,1.24,47.89,0.0299,0.0000,0,collision
37,41,-228.17,1.80,44.16,0.0086,0.0000,0,collision
38,20,-203.83,3.14,70.24,0.0282,0.0000,0,collision
39,186,-341.70,2.00,238.36,0.0029,0.0025,0,collision
40,5,-201.98,1.15,5.14,0.0843,0.0000,0,collision
292,117,-324.63,1.12,95.11,0.0079,0.0000,0,collision
293,30,-227.40,1.19,20.20,0.0283,0.0387,0,collision
294,28,-221.83,1.84,22.00,0.0276,0.0000,0,collision
295,3,-202.82,0.00,0.20,0.1792,0.0000,0,collision
296,48,-241.54,1.06,39.15,0.0252,0.0000,0,collision
297,26,-225.64,0.85,27.92,0.0000,0.0000,0,collision
298,21,-203.84,3.50,44.36,0.0505,0.0117,0,collision
299,59,-202.31,4.87,199.14,0.0183,0.0217,0,collision
300,105,-214.64,5.08,344.89,0.0066,0.0332,0,collision
301,27,-221.60,2.06,55.26,0.0000,0.0000,0,collision
302,186,-235.26,5.11,478.96,0.0000,0.0000,0,collision
303,100,-280.33,1.54,106.82,0.0052,0.0161,0,collision
304,57,-257.74,0.77,27.96,0.0167,0.0000,0,collision
305,17,-219.64,1.37,26.07,0.0368,0.0000,0,collision
306,7,-207.26,0.73,4.98,0.0659,0.0000,0,collision
307,99,-252.62,2.53,209.90,0.0174,0.0036,0,collision
308,90,-224.49,3.89,229.86,0.0145,0.0076,0,collision
309,44,-237.49,0.85,24.91,0.0371,0.0049,0,collision
310,32,-194.88,5.60,135.95,0.0625,0.0000,0,collision
311,55,-258.57,0.71,31.45,0.0291,0.0033,0,collision
312,6,-208.30,0.07,0.52,0.0000,0.0000,0,collision
313,1,-200.00,0.00,0.00,0.0000,0.0000,0,collision
314,24,-214.04,1.36,21.05,0.0161,0.0000,0,collision
315,176,-343.73,1.69,202.34,0.0041,0.0016,0,collision
316,6,-206.93,0.47,2.49,0.0976,0.1415,0,collision
317,30,-230.45,0.87,15.84,0.0082,0.0000,0,collision
318,3,-202.38,0.00,0.20,0.0322,0.0000,0,collision
319,4,-203.54,0.59,2.72,0.3178,0.0000,0,collision
320,80,-230.00,2.26,116.43,0.0027,0.0000,0,collision
321,38,-242.32,1.04,31.77,0.0474,0.0000,0,collision
322,6,-207.89,0.30,1.42,0.2180,0.0329,0,collision
323,30,-203.26,3.00,55.70,0.0401,0.0000,0,collision
324,43,-222.75,1.87,50.14,0.0103,0.0367,0,collision
325,62,-249.28,2.44,101.43,0.0130,0.0150,0,collision
326,85,-241.69,2.88,155.69,0.0046,0.0000,0,collision
327,8,-198.75,2.77,11.93,0.2043,0.0000,0,collision
328,73,-254.11,2.33,127.56,0.0105,0.0168,0,collision
329,31,-218.42,1.57,39.31,0.0007,0.0000,0,collision
330,29,-209.88,2.61,51.71,0.0690,0.1108,0,collision
331,94,-238.94,2.56,145.69,0.0197,0.0091,0,collision
332,23,-234.85,0.23,3.01,0.0225,0.0000,0,collision
333,38,-233.86,1.25,37.98,0.0109,0.0000,0,collision
334,61,-231.96,2.28,100.87,0.0212,0.0000,0,collision
335,51,-252.95,1.12,36.28,0.0044,0.0172,0,collision
336,155,-262.75,2.54,253.01,0.0005,0.0152,0,collision
337,83,-264.09,1.95,135.87,0.0028,0.0000,0,collision
338,45,-259.43,0.89,22.54,0.0083,0.0000,0,collision
339,7,-206.73,0.11,0.74,0.0143,0.0000,0,collision
340,148,-196.47,9.92,224.96,0.0086,0.0049,0,collision
341,12,-212.20,0.54,4.29,0.0814,0.0000,0,collision
342,36,-224.85,1.47,42.52,0.0075,0.0877,0,collision
343,7,-209.59,0.22,1.01,0.1212,0.0000,0,collision
344,6,-206.46,0.35,2.14,0.1721,0.0000,0,collision
345,32,-232.88,1.01,19.02,0.0182,0.0604,0,collision
346,57,-225.92,2.72,102.98,0.0150,0.0000,0,collision
347,123,-329.46,2.36,170.24,0.0035,0.0000,0,collision
348,60,-174.69,8.86,327.91,0.0080,0.0330,0,collision
349,123,-262.06,2.43,197.40,0.0142,0.0050,0,collision
350,24,-208.05,2.93,54.96,0.0298,0.0000,0,collision
351,46,-233.90,1.70,66.08,0.0435,0.0000,0,collision
352,68,-226.07,4.10,219.55,0.0010,0.0614,0,collision
353,21,-197.86,3.43,45.11,0.0358,0.0000,0,collision
354,93,-222.70,2.24,139.09,0.0024,0.0125,0,collision
355,37,-207.78,3.42,80.08,0.0418,0.0505,0,collision
356,7,-205.51,0.76,2.07,0.1936,0.0035,0,collision
357,4,-204.94,0.14,0.44,0.1315,0.0000,0,collision
358,32,-203.14,3.47,87.02,0.0474,0.0139,0,collision
359,24,-205.37,2.68,49.57,0.0400,0.0000,0,collision
360,106,-229.93,6.97,93.28,0.0040,0.0000,0,collision
361,18,-197.23,3.64,49.22,0.0283,0.0000,0,collision
362,25,-214.78,1.67,29.96,0.0208,0.0033,0,collision
363,136,-275.38,2.07,163.30,0.0032,0.0213,0,collision
364,6,-208.17,0.20,0.66,0.2007,0.0000,0,collision
365,132,-260.13,3.07,256.97,0.0152,0.0000,0,collision
366,1,-200.00,0.00,0.00,0.0000,0.0000,0,collision
367,90,-271.27,1.64,101.22,0.0032,0.0146,0,collision
368,54,-231.22,2.16,84.18,0.0254,0.0000,0,collision
369,1,-200.00,0.00,0.00,0.0000,0.0000,0,collision
370,6,-208.32,0.13,0.55,0.0008,0.0000,0,collision
371,12,-208.00,1.79,28.79,0.0427,0.0000,0,collision
372,83,-249.40,2.37,126.46,0.0114,0.0143,0,collision
41,50,-205.25,3.12,127.28,0.0136,0.0000,0,collision
42,56,-214.69,2.40,94.58,0.0162,0.0425,0,collision
43,86,-196.45,9.30,106.44,0.0011,0.0213,0,collision
44,27,-199.32,6.29,181.24,0.0027,0.0000,0,collision
45,25,-220.23,1.58,24.14,0.0289,0.0702,0,collision
46,104,-287.72,1.81,107.23,0.0000,0.0025,0,collision
47,13,-213.90,0.63,6.81,0.0919,0.0000,0,collision
48,57,-208.13,3.82,172.32,0.0351,0.0148,0,collision
49,241,-264.60,3.48,601.17,0.0036,0.0031,0,collision
50,155,-293.81,1.66,172.52,0.0088,0.0119,0,collision
373,140,-246.58,5.80,480.33,0.0018,0.0320,0,collision
374,1,-200.00,0.00,0.00,0.0000,0.0000,0,collision
375,2,-201.04,0.00,0.10,0.3628,0.0000,0,collision
376,65,-270.68,1.25,49.85,0.0000,0.0151,0,collision
377,2,-201.74,0.00,0.10,0.4447,0.0000,0,collision
378,6,-207.41,0.00,0.50,0.2236,0.0000,0,collision
379,130,-214.67,3.83,377.07,0.0154,0.0000,0,collision
380,17,-218.80,0.93,12.51,0.0484,0.0000,0,collision
381,11,-209.66,1.07,7.16,0.0902,0.0000,0,collision
382,61,-260.24,1.23,40.65,0.0147,0.0000,0,collision
383,233,-501.29,1.27,208.94,0.0051,0.0043,0,collision
384,17,-219.08,0.61,6.80,0.0291,0.0679,0,collision
385,11,-196.31,5.02,44.94,0.0287,0.0000,0,collision
386,41,-224.07,1.23,33.12,0.0252,0.0000,0,collision
387,121,-213.96,3.37,242.83,0.0000,0.0202,0,collision
388,132,-274.36,2.15,173.30,0.0002,0.0053,0,collision
389,44,-256.77,0.91,24.33,0.0329,0.0440,0,collision
390,29,-218.35,2.10,37.72,0.0196,0.0000,0,collision
391,10,-207.30,0.93,6.00,0.0732,0.0000,0,collision
392,17,-206.76,2.18,33.25,0.0271,0.0000,0,collision
393,114,-315.79,1.39,105.05,0.0094,0.0000,0,collision
394,88,-191.89,7.37,437.85,0.0087,0.0109,0,collision
395,10,-211.03,0.69,7.19,0.1336,0.1891,0,collision
396,189,-274.10,2.73,381.48,0.0106,0.0022,0,collision
397,26,-221.41,1.11,23.14,0.0213,0.1509,0,collision
398,66,-248.67,2.02,107.14,0.0151,0.0000,0,collision
399,5,-201.24,1.71,6.09,0.1459,0.0000,0,collision
400,51,-208.41,4.69,183.74,0.0295,0.1378,0,collision
401,82,-239.28,3.73,230.00,0.0083,0.0000,0,collision
402,150,-362.23,1.33,136.40,0.0069,0.0289,0,collision
403,8,-206.13,1.28,8.33,0.0748,0.2327,0,collision
404,26,-233.06,0.77,14.80,0.0419,0.0000,0,collision
405,173,-370.16,2.07,247.97,0.0000,0.0040,0,collision
406,11,-210.37,1.14,11.21,0.0398,0.0000,0,collision
407,154,-322.02,2.23,247.99,0.0039,0.0000,0,collision
408,24,-221.96,0.97,18.09,0.0319,0.0000,0,collision
409,37,-210.88,3.00,78.25,0.0061,0.0620,0,collision
410,233,-402.28,3.02,494.37,0.0024,0.0079,0,collision
411,3,-202.80,0.00,0.20,0.0000,0.1055,0,collision
412,30,-228.88,1.34,25.06,0.0485,0.1342,0,collision
413,27,-216.70,2.31,52.80,0.0101,0.0113,0,collision
414,5,-205.41,0.75,4.09,0.3064,0.0826,0,collision
415,97,-237.99,3.61,255.58,0.0074,0.0000,0,collision
416,79,-221.98,5.12,198.69,0.0018,0.0000,0,collision
417,2,-200.61,0.75,1.35,0.1406,0.0000,0,collision
418,116,-308.34,1.61,139.11,0.0133,0.0362,0,collision
419,6,-206.78,0.61,1.31,0.0217,0.0000,0,collision
420,40,-247.13,0.94,23.88,0.0026,0.0000,0,collision
421,137,-246.49,4.86,372.06,0.0001,0.0164,0,collision
422,71,-229.29,3.09,110.65,0.0183,0.0346,0,collision
423,121,-195.89,5.66,488.98,0.0080,0.0220,0,collision
424,69,-251.50,2.09,107.96,0.0058,0.0000,0,collision
425,4,-204.55,0.00,0.30,0.0297,0.0493,0,collision
426,132,-182.90,6.91,408.63,0.0040,0.0616,0,collision
427,1,-200.00,0.00,0.00,0.0000,0.0000,0,collision
428,38,-214.94,2.75,100.70,0.0000,0.0000,0,collision
429,72,-186.86,9.03,226.13,0.0000,0.0296,0,collision
430,84,-266.16,1.73,95.58,0.0037,0.0498,0,collision
431,46,-212.64,3.57,138.51,0.0232,0.0000,0,collision
432,19,-209.13,3.11,50.03,0.0000,0.0000,0,collision
433,21,-220.67,0.85,14.07,0.0235,0.0000,0,collision
434,79,-261.50,2.09,97.28,0.0133,0.0116,0,collision
435,11,-209.17,0.78,4.42,0.0680,0.0000,0,collision
436,253,-311.92,3.20,527.54,0.0001,0.0415,0,collision
437,19,-219.12,1.71,17.56,0.0120,0.1013,0,collision
51,16,-220.35,0.73,11.89,0.0071,0.0000,0,collision
52,17,-209.41,1.88,16.95,0.0366,0.0499,0,collision
53,140,-300.25,2.74,325.78,0.0142,0.0000,0,collision
54,1,-200.00,0.00,0.00,0.0000,0.0000,0,collision
55,10,-211.05,0.74,4.94,0.0795,0.0000,0,collision
56,68,-167.37,8.85,225.79,0.0291,0.0482,0,collision
57,67,-230.98,2.09,86.81,0.0146,0.0000,0,collision
58,91,-250.18,2.76,155.32,0.0038,0.0170,0,collision
59,180,-277.55,3.86,499.30,0.0057,0.0221,0,collision
60,2,-201.04,0.00,0.10,1.0000,0.0000,0,collision
438,194,-340.37,2.47,327.16,0.0054,0.0250,0,collision
439,349,-443.64,3.46,797.92,0.0020,0.0000,0,collision
440,75,-222.61,5.02,188.41,0.0064,0.0000,0,collision
441,338,-281.23,4.26,944.74,0.0027,0.0000,0,collision
442,94,-254.33,3.01,194.46,0.0123,0.0000,0,collision
443,23,-188.10,6.95,132.92,0.0368,0.0000,0,collision
444,88,-221.25,2.76,189.32,0.0077,0.0244,0,collision
445,13,-200.46,2.77,30.45,0.0623,0.0000,0,collision
446,37,-199.58,4.32,101.89,0.0109,0.0000,0,collision
447,6,-207.74,0.18,0.73,0.3264,0.0000,0,collision
448,79,-244.56,1.87,96.88,0.0081,0.0122,0,collision
449,310,-282.27,4.93,788.20,0.0028,0.0129,0,collision
450,27,-202.40,2.78,46.46,0.0629,0.0481,0,collision
451,23,-220.34,2.80,60.22,0.0138,0.0977,0,collision
452,14,-204.54,3.23,51.11,0.0043,0.0000,0,collision
453,58,-157.78,10.32,229.88,0.0174,0.0185,0,collision
454,12,-210.09,1.18,8.70,0.0725,0.0692,0,collision
455,135,-330.35,4.28,266.01,0.0114,0.0097,0,collision
456,66,-237.43,3.16,145.66,0.0021,0.0000,0,collision
457,25,-217.18,1.93,34.89,0.0217,0.0129,0,collision
458,32,-207.80,4.65,144.76,0.0548,0.0000,0,collision
459,129,-183.15,4.43,376.05,0.0000,0.0577,0,collision
460,1,-200.00,0.00,0.00,0.0000,0.0000,0,collision
461,94,-234.09,2.47,212.46,0.0082,0.0000,0,collision
462,181,-308.35,3.62,337.38,0.0034,0.0039,0,collision
463,29,-207.82,2.46,48.98,0.0365,0.1341,0,collision
464,250,-378.43,2.66,427.67,0.0006,0.0000,0,collision
465,161,-296.84,4.23,440.44,0.0100,0.0000,0,collision
466,112,-289.20,2.89,142.46,0.0071,0.0246,0,collision
467,6,-204.85,0.96,4.49,0.0938,0.0000,0,collision
468,36,-215.65,3.91,120.15,0.0203,0.1235,0,collision
469,58,-178.27,9.68,286.70,0.0000,0.0000,0,collision
470,50,-178.11,11.92,155.91,0.0180,0.0000,0,collision
471,71,-245.64,2.66,133.93,0.0282,0.0039,0,collision
472,9,-201.35,2.08,8.69,0.0006,0.0000,0,collision
473,69,-257.17,1.94,84.22,0.0290,0.0000,0,collision
474,77,-189.37,8.20,361.27,0.0046,0.0329,0,collision
475,27,-209.85,1.78,35.30,0.0545,0.0000,0,collision
476,38,-219.59,4.23,149.48,0.0193,0.0546,0,collision
477,14,-202.91,2.68,35.72,0.0065,0.0000,0,collision
478,96,-232.28,3.86,243.38,0.0023,0.0604,0,collision
479,183,-213.38,3.99,473.85,0.0022,0.0012,0,collision
480,299,-294.32,5.46,746.63,0.0026,0.0451,0,collision
481,101,-226.19,3.83,238.69,0.0143,0.0109,0,collision
61,102,-233.67,6.79,316.04,0.0196,0.0000,0,collision
62,44,-181.97,14.19,80.75,0.0048,0.0207,0,collision
63,41,-220.47,1.98,87.21,0.0224,0.0114,0,collision
64,8,-198.45,3.28,18.13,0.2500,0.0000,0,collision
65,7,-208.78,0.18,0.66,0.2857,0.0000,0,collision
66,75,-194.37,4.76,233.00,0.0038,0.0772,0,collision
67,173,-173.15,8.27,678.77,0.0116,0.0054,0,collision
68,89,-177.50,7.55,411.97,0.0016,0.0261,0,collision
69,71,-198.97,7.67,301.92,0.0149,0.0297,0,collision
70,115,-214.45,6.89,274.88,0.0003,0.0000,0,collision
482,100,-241.16,3.08,207.55,0.0007,0.0033,0,collision
483,61,-238.22,2.72,125.07,0.0317,0.0679,0,collision
484,106,-177.38,6.81,307.50,0.0009,0.0000,0,collision
485,117,-224.31,5.12,403.95,0.0096,0.0000,0,collision
486,115,-141.69,12.06,279.39,0.0033,0.0028,0,collision
487,41,-189.20,8.17,274.62,0.0075,0.0000,0,collision
488,68,-285.27,3.58,192.41,0.0109,0.0000,0,collision
489,70,-182.96,10.45,359.95,0.0066,0.0085,0,collision
490,2,-200.97,0.00,0.10,0.2079,0.0000,0,collision
491,68,-197.73,8.78,186.31,0.0132,0.0240,0,collision
492,97,-213.73,7.91,240.49,0.0059,0.0258,0,collision
493,119,-312.37,2.05,194.90,0.0000,0.0000,0,collision
494,151,-288.23,3.12,384.73,0.0066,0.0006,0,collision
495,119,-180.58,4.77,309.66,0.0029,0.0000,0,collision
496,117,-218.33,5.21,486.46,0.0008,0.0000,0,collision
497,24,-202.29,5.24,80.58,0.0168,0.0000,0,collision
498,73,-202.16,3.35,188.11,0.0152,0.0235,0,collision
499,19,-208.95,2.09,34.98,0.0320,0.0000,0,collision
500,1,-200.00,0.00,0.00,0.0000,0.0000,0,collision
501,3,-201.49,0.83,1.75,0.0557,0.0000,0,collision
502,43,-180.71,5.39,155.23,0.0227,0.0000,0,collision
503,103,-237.23,5.69,333.18,0.0111,0.0000,0,collision
504,95,-165.89,10.55,202.88,0.0040,0.0000,0,collision
505,40,-173.98,12.66,122.90,0.0299,0.0039,0,collision
506,40,-232.61,2.28,68.18,0.0000,0.1230,0,collision
507,165,-375.99,1.91,193.32,0.0104,0.0000,0,collision
508,8,-209.93,0.37,2.83,0.1068,0.0000,0,collision
509,157,-257.17,4.14,459.57,0.0049,0.0064,0,collision
510,68,-171.08,15.48,115.59,0.0182,0.0418,0,collision
511,35,-178.88,8.01,157.55,0.0000,0.0757,0,collision
512,1,-200.00,0.00,0.00,0.0000,0.0000,0,collision
513,8,-205.33,1.12,7.14,0.2018,0.0000,0,collision
514,49,-211.88,3.25,123.20,0.0254,0.0000,0,collision
515,80,-191.73,10.40,254.78,0.0037,0.0284,0,collision
516,190,-141.62,4.78,675.15,0.0033,0.0232,0,collision
517,42,-206.41,2.93,108.29,0.0000,0.0000,0,collision
518,57,-159.30,17.30,145.37,0.0043,0.0173,0,collision
519,53,-181.41,8.24,315.77,0.0112,0.2117,0,collision
520,147,-293.26,4.83,294.67,0.0049,0.0000,0,collision
521,57,-179.58,14.38,317.94,0.0212,0.0171,0,collision
522,102,-155.20,15.65,53.58,0.0146,0.0000,0,collision
523,69,-159.81,7.99,299.84,0.0102,0.0000,0,collision
524,2,-200.41,1.04,2.51,0.2714,0.0000,0,collision
525,56,-160.81,13.27,146.67,0.0346,0.0000,0,collision
526,8,-211.20,0.35,2.60,0.0237,0.0000,0,collision
527,50,-178.99,11.82,343.59,0.0272,0.4031,0,collision
528,91,-210.77,11.68,212.22,0.0056,0.0000,0,collision
529,10,-209.94,0.97,7.25,0.0454,0.0000,0,collision
530,306,-379.32,4.29,789.24,0.0015,0.0050,0,collision
531,25,-206.98,3.80,70.49,0.0164,0.0372,0,collision
532,75,-219.90,4.12,249.08,0.0192,0.0720,0,collision
533,7,-204.67,1.29,2.77,0.0059,0.0000,0,collision
534,6,-207.34,0.00,0.50,0.0708,0.0000,0,collision
535,96,-166.89,5.02,305.93,0.0163,0.1142,0,collision
536,172,-150.96,7.74,538.25,0.0027,0.0348,0,collision
537,31,-194.79,8.25,152.61,0.0176,0.0481,0,collision
538,28,-193.27,4.47,95.23,0.0355,0.0000,0,collision
539,73,-185.31,6.08,374.75,0.0209,0.0000,0,collision
540,13,-204.41,4.20,81.43,0.0349,0.0000,0,collision
71,3,-199.56,2.08,9.94,0.0547,0.0000,0,collision
72,11,-195.28,5.67,74.64,0.1588,0.0000,0,collision
73,31,-226.76,1.08,33.92,0.0645,0.0000,0,collision
74,42,-207.74,3.10,95.67,0.0476,0.0000,0,collision
75,70,-195.32,5.42,270.19,0.0141,0.0589,0,collision
76,9,-202.68,1.58,17.44,0.2222,0.0000,0,collision
77,73,-150.04,9.30,324.15,0.0207,0.0240,0,collision
78,94,-224.02,7.20,306.17,0.0050,0.0011,0,collision
79,122,-223.24,4.37,373.20,0.0016,0.0000,0,collision
80,7,-199.71,2.54,9.46,0.0000,0.0000,0,collision
541,123,-249.77,5.10,365.89,0.0133,0.0011,0,collision
542,101,-228.29,4.94,357.78,0.0121,0.0000,0,collision
543,128,-277.10,5.16,413.68,0.0120,0.0000,0,collision
544,219,-215.13,7.50,505.14,0.0064,0.0000,0,collision
545,3,-199.95,1.71,5.93,0.0267,0.0000,0,collision
546,116,-267.41,5.68,368.17,0.0116,0.0000,0,collision
547,168,-419.81,1.93,239.00,0.0032,0.0009,0,collision
548,58,-177.71,11.11,251.46,0.0034,0.0204,0,collision
549,34,-206.35,5.18,162.18,0.0418,0.0468,0,collision
550,113,-236.34,4.50,356.83,0.0076,0.0237,0,collision
551,67,-233.06,6.39,200.71,0.0140,0.0148,0,collision
552,35,-185.14,7.32,130.08,0.0326,0.0189,0,collision
553,51,-195.56,14.03,57.34,0.0285,0.0316,0,collision
554,277,-575.40,1.72,340.90,0.0000,0.0081,0,collision
555,107,-252.88,6.34,208.33,0.0187,0.0000,0,collision
556,58,-167.83,10.08,256.49,0.0137,0.0216,0,collision
557,109,-255.89,3.29,261.12,0.0070,0.0754,0,collision
558,269,-263.53,7.01,561.76,0.0032,0.0029,0,collision
559,24,-200.92,2.76,40.96,0.0305,0.0000,0,collision
560,128,-200.09,4.85,450.14,0.0122,0.0110,0,collision
561,2,-200.55,0.88,1.82,0.5205,0.0000,0,collision
562,64,-257.52,3.85,168.55,0.0121,0.0000,0,collision
563,108,-220.87,6.02,433.65,0.0068,0.0954,0,collision
564,20,-213.58,1.40,18.95,0.0565,0.0000,0,collision
565,121,-95.60,14.83,315.43,0.0019,0.0079,0,collision
566,33,-195.85,8.55,192.58,0.0223,0.0000,0,collision
567,20,-189.54,9.28,153.68,0.0003,0.0000,0,collision
568,4,-203.15,0.39,1.07,0.0000,0.0000,0,collision
569,121,-121.22,17.05,248.02,0.0000,0.0070,0,collision
570,31,-192.44,9.68,120.12,0.0145,0.0740,0,collision
571,93,-172.51,6.41,230.90,0.0118,0.0681,0,collision
572,50,-221.85,3.87,169.24,0.0103,0.0213,0,collision
573,127,-203.10,5.35,401.54,0.0136,0.0109,0,collision
574,6,-203.28,0.89,4.78,0.2309,0.1638,0,collision
575,17,-202.33,3.52,70.94,0.0422,0.0250,0,collision
576,38,-171.58,15.11,97.79,0.0032,0.0331,0,collision
577,2,-200.50,0.54,0.76,0.2394,0.0000,0,collision
578,4,-201.47,1.42,5.24,0.1122,0.0000,0,collision
579,211,-235.37,5.34,621.64,0.0022,0.0000,0,collision
580,76,-145.32,8.12,455.33,0.0215,0.0000,0,collision
581,138,-136.45,10.21,441.02,0.0108,0.0125,0,collision
582,22,-188.43,9.24,152.26,0.0221,0.0470,0,collision
583,199,-295.11,7.25,258.43,0.0043,0.0000,0,collision
584,71,-221.14,3.90,255.05,0.0195,0.0257,0,collision
585,69,-249.83,3.00,186.68,0.0247,0.0113,0,collision
586,15,-208.88,1.82,39.96,0.1275,0.0000,0,collision
587,59,-209.87,5.92,245.21,0.0000,0.1251,0,collision
588,11,-212.22,0.90,7.11,0.0899,0.0759,0,collision
589,21,-197.36,6.16,99.20,0.0834,0.1330,0,collision
81,54,-215.67,4.15,149.43,0.0012,0.0547,0,collision
82,105,-201.43,9.04,359.68,0.0002,0.0234,0,collision
83,385,-569.13,2.72,639.76,0.0014,0.0000,0,collision
84,96,-176.02,8.95,306.08,0.0119,0.0449,0,collision
85,11,-207.24,1.91,15.47,0.0255,0.0000,0,collision
86,249,-377.60,3.42,369.03,0.0012,0.0027,0,collision
87,242,-211.06,7.53,531.76,0.0052,0.0122,0,collision
88,101,-185.55,7.86,250.78,0.0109,0.0000,0,collision
89,29,-228.57,1.31,25.96,0.0464,0.0232,0,collision
90,164,-351.64,4.49,228.41,0.0046,0.0060,0,collision
590,337,-338.97,5.69,1051.76,0.0000,0.0000,0,collision
591,49,-253.81,4.08,128.26,0.0346,0.0000,0,collision
592,2,-201.24,0.00,0.10,0.0482,0.0000,0,collision
593,9,-209.51,0.80,5.18,0.0358,0.1099,0,collision
594,62,-198.46,6.55,201.69,0.0097,0.0148,0,collision
595,188,-259.71,6.97,446.10,0.0056,0.0030,0,collision
596,128,-151.19,9.12,362.82,0.0016,0.0151,0,collision
597,2,-200.71,0.00,0.10,0.0693,0.0000,0,collision
598,61,-270.43,1.14,49.38,0.0230,0.0325,0,collision
599,2,-200.99,0.00,0.10,0.3241,0.0000,0,collision
600,78,-245.40,2.67,158.93,0.0254,0.0531,0,collision
601,124,-340.40,1.93,215.35,0.0108,0.0043,0,collision
602,2,-200.45,0.27,0.27,0.5623,0.0000,0,collision
603,55,-233.28,5.10,119.44,0.0293,0.3674,0,collision
604,126,-359.63,1.63,145.00,0.0013,0.0059,0,collision
605,171,-412.33,1.27,154.51,0.0055,0.0193,0,collision
606,9,-211.78,0.47,4.43,0.1899,0.0000,0,collision
607,207,-319.94,3.04,440.50,0.0094,0.0244,0,collision
608,129,-176.21,11.18,364.28,0.0120,0.0000,0,collision
609,10,-196.49,4.15,43.32,0.1940,0.0000,0,collision
610,55,-195.38,5.83,266.17,0.0268,0.0110,0,collision
611,135,-281.35,3.02,238.10,0.0093,0.0186,0,collision
612,135,-302.76,2.83,294.13,0.0099,0.0052,0,collision
613,93,-228.92,6.20,288.63,0.0082,0.0042,0,collision
614,51,-212.29,3.75,129.24,0.0251,0.1451,0,collision
615,8,-211.90,0.04,0.72,0.0634,0.0000,0,collision
616,168,-342.79,4.10,362.82,0.0076,0.0000,0,collision
617,2,-201.01,0.00,0.10,0.3376,0.0000,0,collision
618,44,-191.77,5.50,174.33,0.0081,0.0000,0,collision
619,3,-201.01,1.31,5.23,0.0057,0.0000,0,collision
620,35,-221.05,2.12,44.34,0.0528,0.0018,0,collision
621,15,-200.80,2.75,39.42,0.0271,0.0000,0,collision
622,20,-218.01,1.54,27.04,0.0600,0.0000,0,collision
623,39,-195.33,3.64,92.35,0.0259,0.0000,0,collision
624,9,-197.70,3.11,29.75,0.0571,0.0025,0,collision
625,44,-194.02,6.37,157.13,0.0185,0.0000,0,collision
626,47,-192.24,5.26,130.37,0.0222,0.0000,0,collision
627,2,-201.74,0.00,0.10,0.3361,0.0000,0,collision
628,3,-203.20,0.08,0.23,0.3703,0.0000,0,collision
629,144,-276.28,3.53,296.37,0.0083,0.0111,0,collision
630,148,-299.06,3.45,277.87,0.0113,0.0076,0,collision
631,36,-198.11,3.47,82.40,0.0216,0.0000,0,collision
632,12,-196.27,3.55,36.28,0.1567,0.0000,0,collision
633,326,-402.20,3.14,680.87,0.0045,0.0000,0,collision
634,33,-199.11,4.02,99.40,0.0275,0.0000,0,collision
635,192,-149.30,6.85,819.27,0.0028,0.0167,0,collision
636,59,-232.94,3.21,164.22,0.0270,0.0290,0,collision
637,6,-202.40,1.66,16.04,0.0923,0.0000,0,collision
638,330,-337.75,2.74,661.03,0.0024,0.0138,0,collision
639,229,-373.20,3.47,555.29,0.0082,0.0137,0,collision
91,175,-338.77,3.15,339.81,0.0000,0.0138,0,collision
92,492,-365.73,5.02,1445.56,0.0022,0.0938,0,collision
93,76,-231.24,2.43,138.21,0.0065,0.0000,0,collision
94,21,-194.09,6.22,96.70,0.0270,0.0000,0,collision
95,231,-342.31,2.65,406.69,0.0002,0.0000,0,collision
96,132,-162.34,6.42,615.02,0.0016,0.0543,0,collision
97,2,-200.80,1.04,2.51,0.0000,0.2349,0,collision
98,115,-238.30,3.75,226.07,0.0000,0.0118,0,collision
99,185,-180.64,5.18,536.61,0.0038,0.0087,0,collision
100,61,-280.84,0.79,34.37,0.0180,0.0000,0,collision
640,164,-267.45,4.55,439.00,0.0107,0.0002,0,collision
641,177,-337.32,3.39,349.10,0.0013,0.1732,0,collision
642,57,-169.88,11.32,236.68,0.0003,0.0182,0,collision
643,47,-223.93,3.13,103.82,0.0301,0.0000,0,collision
644,1,-200.00,0.00,0.00,0.0000,0.0000,0,collision
645,62,-191.48,5.28,229.11,0.0144,0.0032,0,collision
646,144,-335.22,1.89,167.59,0.0042,0.0082,0,collision
647,2,-201.74,0.00,0.10,0.3094,0.0000,0,collision
648,91,-276.93,1.94,139.29,0.0000,0.0958,0,collision
649,6,-206.56,0.56,2.79,0.1154,0.0000,0,collision
650,118,-140.16,9.81,279.91,0.0056,0.0209,0,collision
651,123,-285.21,2.19,184.00,0.0114,0.0032,0,collision
652,29,-206.62,3.16,60.67,0.0068,0.0256,0,collision
653,111,-254.47,2.65,166.95,0.0107,0.0025,0,collision
654,3,-203.03,0.57,1.86,0.5844,0.2842,0,collision
655,217,-302.90,3.59,557.15,0.0065,0.0013,0,collision
656,3,-202.91,0.00,0.20,0.3806,0.0000,0,collision
657,226,-368.41,3.14,453.44,0.0023,0.0014,0,collision
658,66,-205.88,3.76,210.16,0.0129,0.0781,0,collision
659,33,-185.66,8.96,154.98,0.0574,0.0804,0,collision
660,67,-179.11,9.29,360.28,0.0052,0.0157,0,collision
661,227,-312.16,4.60,598.39,0.0075,0.1003,0,collision
662,35,-178.81,4.74,119.27,0.0188,0.0847,0,collision
663,54,-170.42,11.44,118.44,0.0011,0.0437,0,collision
664,201,-441.31,1.56,213.37,0.0013,0.0000,0,collision
665,112,-203.79,6.41,439.66,0.0110,0.0122,0,collision
666,109,-276.95,2.60,177.98,0.0083,0.0026,0,collision
667,21,-208.48,2.85,31.80,0.0000,0.0000,0,collision
668,191,-417.27,3.48,299.42,0.0038,0.0822,0,collision
669,288,-500.78,3.43,243.20,0.0011,0.0587,0,collision
670,322,-382.39,6.58,330.65,0.0026,0.0000,0,collision
671,279,-533.61,2.47,401.03,0.0008,0.0000,0,collision
672,303,-149.86,6.49,728.99,0.0029,0.0085,0,collision
101,110,-217.71,6.14,426.96,0.0001,0.0436,0,collision
102,151,-378.19,4.39,198.90,0.0006,0.0000,0,collision
103,78,-174.89,8.38,345.97,0.0158,0.0103,0,collision
104,2,-200.46,0.25,0.25,0.4709,0.0000,0,collision
105,37,-199.35,9.38,174.56,0.0199,0.0208,0,collision
106,9,-205.95,1.13,4.15,0.1419,0.0729,0,collision
107,186,-376.18,3.64,429.33,0.0052,0.0000,0,collision
108,1,-200.00,0.00,0.00,0.0000,0.0000,0,collision
109,14,-204.27,2.58,26.13,0.0325,0.0000,0,collision
110,155,-419.91,1.91,163.11,0.0094,0.0000,0,collision
673,313,-495.68,2.78,562.74,0.0060,0.0000,0,collision
674,115,-137.01,11.59,242.80,0.0028,0.0118,0,collision
675,536,-1125.74,0.55,226.27,0.0010,0.0000,0,collision
676,52,-203.61,3.58,162.24,0.0197,0.0000,0,collision
677,601,-1129.51,0.99,440.80,0.0025,0.0007,0,collision
678,35,-189.20,10.73,277.45,0.0127,0.0148,0,collision
679,63,-175.54,12.14,134.28,0.0188,0.1054,0,collision
680,56,-158.03,22.18,167.74,0.0102,0.0162,0,collision
681,4,-203.99,0.52,1.94,0.2716,0.1546,0,collision
682,144,-329.86,4.88,189.01,0.0062,0.0000,0,collision
683,214,-327.88,4.76,440.09,0.0086,0.0000,0,collision
684,109,-200.18,7.85,508.16,0.0074,0.0070,0,collision
685,29,-176.46,13.77,162.43,0.0261,0.0000,0,collision
686,67,-147.57,9.45,343.20,0.0031,0.0325,0,collision
687,76,-167.39,8.73,123.31,0.0064,0.0133,0,collision
688,135,-204.44,9.42,245.34,0.0011,0.0069,0,collision
689,61,-223.77,3.79,181.77,0.0226,0.0421,0,collision
690,73,-217.67,2.80,161.97,0.0006,0.1605,0,collision
691,113,-281.95,5.87,148.77,0.0005,0.0000,0,collision
692,187,-170.84,9.70,698.43,0.0046,0.0089,0,collision
693,78,-154.82,7.51,353.05,0.0158,0.0018,0,collision
694,252,-245.14,6.35,790.08,0.0019,0.0051,0,collision
695,82,-178.94,5.69,261.43,0.0111,0.1218,0,collision
696,66,-188.56,9.75,245.90,0.0206,0.0212,0,collision
697,193,-388.46,2.01,236.85,0.0009,0.0000,0,collision
698,3,-199.89,1.84,6.92,0.5544,0.0000,0,collision
699,262,-590.43,1.14,226.80,0.0025,0.0000,0,collision
700,72,-250.28,2.51,143.65,0.0049,0.0199,0,collision
701,152,-117.59,10.92,651.15,0.0132,0.0511,0,collision
702,167,-106.84,8.00,658.57,0.0050,0.0000,0,collision
703,5,-206.01,0.34,1.42,0.4000,0.0000,0,collision
111,3,-203.48,0.00,0.20,0.0337,0.0000,0,collision
112,3,-202.19,0.69,2.61,0.0000,0.0000,0,collision
113,17,-198.42,7.01,132.88,0.0000,0.2570,0,collision
114,29,-191.48,5.99,118.96,0.0545,0.0534,0,collision
115,142,-142.15,8.40,704.02,0.0068,0.0279,0,collision
116,110,-238.53,3.15,225.44,0.0000,0.0390,0,collision
117,205,-336.12,5.11,521.83,0.0085,0.0000,0,collision
118,129,-280.28,5.40,359.33,0.0068,0.0000,0,collision
119,33,-176.73,8.00,197.01,0.0116,0.0000,0,collision
120,137,-231.46,9.28,202.97,0.0020,0.0842,0,collision
704,144,-169.74,13.49,586.59,0.0103,0.0152,0,collision
705,346,-673.67,1.71,367.06,0.0058,0.0000,0,collision
706,154,-172.50,5.19,460.87,0.0063,0.0219,0,collision
707,27,-189.61,13.09,191.66,0.0511,0.0525,0,collision
708,107,-236.95,5.71,365.12,0.0038,0.0362,0,collision
709,95,-206.16,6.57,303.13,0.0078,0.0566,0,collision
710,2,-201.68,0.06,0.11,0.0667,0.0000,0,collision
711,363,-720.56,1.87,334.69,0.0002,0.0000,0,collision
712,25,-192.93,9.02,180.14,0.0022,0.0692,0,collision
713,24,-195.09,3.68,68.09,0.0197,0.0000,0,collision
714,534,-1006.45,1.65,429.26,0.0019,0.0000,0,collision
715,108,-272.33,3.57,288.95,0.0053,0.0000,0,collision
716,158,-386.74,5.32,162.82,0.0002,0.0000,0,collision
717,1,-200.00,0.00,0.00,0.0000,0.0000,0,collision
718,163,-161.45,8.90,436.52,0.0048,0.0036,0,collision
719,153,-248.71,6.81,343.91,0.0000,0.0152,0,collision
720,174,-315.92,4.07,401.10,0.0091,0.0081,0,collision
721,2,-200.97,1.04,2.51,1.0000,0.2998,0,collision
722,2,-201.24,0.00,0.10,0.2851,0.0000,0,collision
723,84,-193.07,6.92,238.89,0.0155,0.0262,0,collision
724,49,-187.69,10.20,192.72,0.0207,0.0213,0,collision
725,45,-192.58,5.56,165.87,0.0078,0.0980,0,collision
726,315,-327.83,4.11,939.65,0.0013,0.0015,0,collision
727,65,-161.09,9.05,304.62,0.0059,0.0689,0,collision
728,98,-215.27,4.54,287.59,0.0138,0.0000,0,collision
729,678,-911.49,2.52,1067.32,0.0028,0.0000,0,collision
730,78,-201.55,8.00,220.89,0.0158,0.0135,0,collision
121,135,-231.87,6.97,379.85,0.0025,0.0516,0,collision
122,80,-169.40,4.69,217.33,0.0063,0.0392,0,collision
123,35,-208.83,3.99,93.96,0.0175,0.0925,0,collision
124,193,-275.84,3.53,462.83,0.0014,0.0006,0,collision
125,5,-203.44,0.36,0.71,0.0043,0.0000,0,collision
126,84,-210.01,4.78,291.81,0.0040,0.0000,0,collision
127,114,-279.03,5.22,185.37,0.0093,0.0000,0,collision
128,76,-166.76,8.57,236.82,0.0263,0.0134,0,collision
129,262,-319.83,3.98,716.70,0.0045,0.0105,0,collision
130,66,-160.69,9.54,373.87,0.0079,0.0999,0,collision
731,181,-314.16,4.90,474.36,0.0035,0.0045,0,collision
732,101,-182.88,11.30,193.59,0.0004,0.0220,0,collision
733,2,-202.15,0.00,0.10,0.0188,0.2579,0,collision
734,81,-179.04,15.19,242.55,0.0033,0.0000,0,collision
735,75,-190.20,9.37,228.42,0.0080,0.0117,0,collision
736,371,-745.17,2.41,102.18,0.0041,0.0000,0,collision
737,91,-290.27,2.68,146.65,0.0137,0.0000,0,collision
738,291,-612.74,2.32,429.95,0.0007,0.0007,0,collision
739,1,-200.00,0.00,0.00,0.0000,0.0000,0,collision
740,200,-419.82,5.17,166.41,0.0051,0.0000,0,collision
741,127,-391.03,1.19,108.74,0.0157,0.1316,0,collision
742,79,-144.99,10.34,378.96,0.0145,0.0221,0,collision
743,143,-229.66,4.16,381.87,0.0025,0.0000,0,collision
744,42,-207.96,4.83,193.15,0.0382,0.0466,0,collision
745,66,-206.69,4.63,156.50,0.0138,0.0000,0,collision
746,94,-193.11,6.10,294.12,0.0055,0.0193,0,collision
747,170,-205.35,6.01,600.35,0.0090,0.0000,0,collision
748,26,-216.36,3.61,64.92,0.0481,0.0862,0,collision
749,82,-171.80,6.79,285.49,0.0032,0.0323,0,collision
750,63,-245.69,1.76,111.17,0.0163,0.0000,0,collision
751,30,-205.82,2.38,49.31,0.0667,0.0000,0,collision
752,69,-226.78,2.63,126.05,0.0237,0.0408,0,collision
753,4,-203.34,0.52,2.71,0.0229,0.0000,0,collision
754,42,-240.80,1.21,34.74,0.0123,0.0129,0,collision
755,123,-272.07,2.84,216.51,0.0088,0.0025,0,collision
756,121,-251.05,2.20,171.43,0.0000,0.0365,0,collision
757,214,-203.87,7.54,750.57,0.0009,0.0086,0,collision
758,677,-1414.26,0.29,190.46,0.0018,0.0000,0,collision
759,83,-285.67,1.53,63.84,0.0135,0.1502,0,collision
760,89,-191.62,7.03,186.47,0.0196,0.0049,0,collision
761,106,-211.61,8.06,249.90,0.0144,0.0000,0,collision
762,175,-236.82,3.81,446.40,0.0063,0.0474,0,collision
763,3,-202.88,0.54,1.08,0.4652,0.1803,0,collision
764,96,-228.98,4.42,213.28,0.0203,0.0000,0,collision
765,44,-218.16,3.81,134.10,0.0183,0.0489,0,collision
131,27,-207.02,2.11,44.91,0.0531,0.0168,0,collision
132,1,-200.00,0.00,0.00,0.0000,0.0000,0,collision
133,394,-808.31,2.02,241.87,0.0019,0.0014,0,collision
134,117,-195.15,4.40,322.58,0.0021,0.0156,0,collision
135,97,-232.69,3.29,194.57,0.0206,0.0069,0,collision
136,64,-170.70,9.27,281.76,0.0105,0.0296,0,collision
137,6,-204.85,0.69,4.55,0.0000,0.0000,0,collision
138,79,-286.44,1.34,79.50,0.0231,0.1703,0,collision
139,175,-318.77,3.97,469.62,0.0052,0.0330,0,collision
140,18,-219.22,0.55,7.35,0.0323,0.0000,0,collision
766,141,-245.95,4.45,417.07,0.0060,0.0000,0,collision
767,2,-200.44,1.04,2.51,0.0123,0.0000,0,collision
768,15,-201.86,4.62,101.14,0.0873,0.0000,0,collision
769,146,-234.79,7.17,367.18,0.0014,0.0000,0,collision
770,41,-208.32,4.31,130.10,0.0006,0.0180,0,collision
771,96,-249.69,7.26,260.15,0.0051,0.0000,0,collision
772,4,-203.96,0.37,0.76,0.4931,0.0000,0,collision
773,11,-198.44,2.99,34.28,0.0711,0.0000,0,collision
774,122,-332.06,1.90,154.47,0.0077,0.0163,0,collision
775,4,-202.96,0.88,2.50,0.2033,0.0000,0,collision
776,118,-271.44,2.97,209.89,0.0131,0.0286,0,collision
777,105,-148.23,13.39,554.79,0.0036,0.0159,0,collision
778,10,-209.44,0.92,9.52,0.1882,0.0000,0,collision
779,169,-297.51,3.52,373.89,0.0101,0.0000,0,collision
780,345,-335.64,5.02,700.92,0.0036,0.0000,0,collision
781,3,-203.55,0.00,0.20,0.2416,0.0000,0,collision
782,83,-194.18,8.36,249.33,0.0241,0.0000,0,collision
783,218,-184.34,5.34,684.27,0.0010,0.0446,0,collision
784,113,-199.06,6.22,500.52,0.0084,0.0000,0,collision
785,5,-204.01,0.68,1.15,0.2582,0.0000,0,collision
786,157,-268.92,4.53,465.98,0.0017,0.0316,0,collision
787,197,-231.50,5.88,527.38,0.0093,0.0182,0,collision
788,181,-238.51,2.87,337.99,0.0076,0.0363,0,collision
789,73,-193.22,3.93,209.49,0.0133,0.0439,0,collision
790,51,-202.29,4.97,168.39,0.0304,0.0000,0,collision
791,109,-253.18,4.42,233.98,0.0080,0.1113,0,collision
792,154,-325.89,4.43,374.65,0.0050,0.0000,0,collision
793,12,-214.85,0.72,8.54,0.0421,0.0000,0,collision
794,199,-183.02,4.75,561.57,0.0082,0.0076,0,collision
795,252,-655.27,0.46,154.56,0.0034,0.0000,0,collision
796,63,-189.80,6.93,278.73,0.0028,0.0256,0,collision
797,37,-222.60,1.54,56.10,0.0314,0.0000,0,collision
798,372,-245.73,3.42,669.70,0.0019,0.0000,0,collision
799,11,-207.93,1.50,9.74,0.1701,0.0000,0,collision
800,304,-155.52,9.05,599.09,0.0061,0.0391,0,collision
801,53,-194.96,7.13,238.63,0.0178,0.0219,0,collision
802,2,-200.39,1.04,2.51,0.7455,0.0000,0,collision
803,73,-195.83,4.73,191.18,0.0067,0.0228,0,collision
804,150,-239.82,5.53,302.54,0.0133,0.0472,0,collision
141,5,-203.98,0.48,3.16,0.2396,0.0000,0,collision
142,101,-197.55,8.20,417.15,0.0009,0.0722,0,collision
143,133,-216.52,7.71,404.37,0.0007,0.0962,0,collision
144,61,-182.19,10.38,266.86,0.0103,0.0127,0,collision
145,113,-309.68,6.16,272.63,0.0113,0.0000,0,collision
146,71,-246.65,4.15,241.20,0.0000,0.0563,0,collision
147,300,-632.86,2.33,302.99,0.0031,0.0051,0,collision
148,135,-319.04,3.81,325.39,0.0000,0.0000,0,collision
149,46,-174.76,15.25,148.38,0.0435,0.0000,0,collision
150,175,-351.88,3.19,358.85,0.0000,0.0304,0,collision
805,197,-180.22,12.14,729.67,0.0102,0.0110,0,collision
806,77,-215.85,7.84,156.23,0.0173,0.0401,0,collision
807,358,-626.77,1.90,462.55,0.0040,0.0094,0,collision
808,126,-286.27,5.44,286.28,0.0082,0.0000,0,collision
809,105,-214.23,6.04,376.37,0.0053,0.0767,0,collision
810,338,-174.98,6.64,1033.06,0.0034,0.0000,0,collision
811,69,-290.38,1.30,64.85,0.0100,0.1206,0,collision
812,152,-262.54,4.44,499.48,0.0029,0.0135,0,collision
813,9,-213.58,0.14,1.09,0.2170,0.0000,0,collision
814,2,-200.81,0.51,0.68,0.1631,0.0000,0,collision
815,124,-296.49,2.12,197.00,0.0064,0.0000,0,collision
816,57,-210.29,5.51,145.56,0.0308,0.0000,0,collision
817,1001,-1761.36,0.90,427.27,0.0000,0.0000,0,timeout
818,8,-207.56,0.81,3.89,0.1933,0.0000,0,collision
819,119,-201.13,6.79,530.12,0.0073,0.0580,0,collision
820,76,-240.67,2.83,126.15,0.0025,0.0535,0,collision
821,553,-1119.15,1.24,285.11,0.0000,0.0000,0,collision
822,105,-149.39,10.02,369.76,0.0003,0.0210,0,collision
823,263,289.93,11.16,855.16,0.0000,0.0029,1,goal
824,145,-223.25,4.57,399.33,0.0030,0.1085,0,collision
825,44,-188.82,5.02,161.48,0.0000,0.0000,0,collision
826,67,-200.74,5.87,249.29,0.0270,0.0000,0,collision
151,10,-204.21,1.66,19.35,0.0150,0.0000,0,collision
152,171,-118.63,8.82,743.70,0.0117,0.0000,0,collision
153,2,-200.95,0.00,0.10,0.9565,0.0000,0,collision
154,97,-217.23,2.67,195.71,0.0071,0.0000,0,collision
155,55,-180.01,12.17,133.57,0.0067,0.0174,0,collision
156,101,-145.28,13.00,270.95,0.0071,0.0199,0,collision
157,81,-168.95,9.12,214.58,0.0134,0.0161,0,collision
158,172,-450.47,1.02,130.78,0.0116,0.0011,0,collision
159,2,-200.46,0.49,0.64,0.1003,0.0016,0,collision
160,160,-277.78,4.05,319.41,0.0075,0.0437,0,collision
827,109,-188.93,6.17,479.62,0.0151,0.0456,0,collision
828,58,-259.63,1.70,96.14,0.0156,0.0207,0,collision
829,95,-136.94,6.69,350.76,0.0000,0.0065,0,collision
830,87,-232.86,2.86,157.66,0.0175,0.3273,0,collision
831,32,-197.16,4.93,166.93,0.0587,0.0392,0,collision
832,158,-127.35,9.00,399.44,0.0019,0.0872,0,collision
833,343,-715.49,0.91,277.94,0.0014,0.0000,0,collision
834,106,-180.68,10.33,373.92,0.0160,0.0498,0,collision
835,425,-814.34,1.04,332.24,0.0009,0.0000,0,collision
836,100,-153.41,7.47,428.60,0.0119,0.0233,0,collision
837,231,-134.22,8.87,760.91,0.0039,0.0058,0,collision
838,85,-208.37,3.70,193.34,0.0092,0.0000,0,collision
839,609,-1228.52,0.52,253.12,0.0019,0.0000,0,collision
840,64,-172.42,7.09,175.93,0.0125,0.0000,0,collision
841,168,-161.70,8.53,629.00,0.0013,0.0071,0,collision
842,367,-654.91,3.59,367.15,0.0003,0.0000,0,collision
843,100,-145.52,12.64,234.25,0.0147,0.0034,0,collision
844,87,-130.00,11.64,436.52,0.0093,0.0251,0,collision
845,320,-266.12,4.03,864.83,0.0023,0.0158,0,collision
846,10,-198.67,2.62,31.24,0.0377,0.0000,0,collision
847,53,-221.83,7.10,198.35,0.0152,0.3168,0,collision
848,2,-200.49,0.88,1.85,0.4805,0.0000,0,collision
849,25,-180.82,11.20,82.91,0.0705,0.0773,0,collision
850,390,259.47,6.78,1347.18,0.0000,0.0000,1,goal
851,93,-103.13,21.56,201.90,0.0083,0.0022,0,collision
161,206,-228.61,4.09,452.92,0.0000,0.1426,0,collision
162,2,-201.02,0.54,0.75,0.2413,0.3310,0,collision
163,85,-169.58,6.47,224.18,0.0017,0.0333,0,collision
164,69,-155.59,9.03,335.45,0.0063,0.0239,0,collision
165,499,-636.53,2.89,995.74,0.0015,0.0095,0,collision
166,211,-186.14,5.92,609.24,0.0073,0.0367,0,collision
167,223,-82.25,8.95,760.17,0.0046,0.0000,0,collision
168,229,-489.77,2.20,244.53,0.0002,0.0000,0,collision
169,1001,-1833.86,0.28,360.82,0.0000,0.0000,0,timeout
170,46,-203.15,3.59,90.14,0.0239,0.0128,0,collision
852,153,-244.30,4.67,493.61,0.0008,0.0000,0,collision
853,2,-200.96,0.00,0.10,0.7781,0.0000,0,collision
854,238,-344.90,4.70,574.49,0.0027,0.0102,0,collision
855,17,-196.65,4.31,51.83,0.0280,0.0000,0,collision
856,137,-276.41,4.23,299.94,0.0074,0.1369,0,collision
857,80,-141.96,7.38,411.87,0.0031,0.0150,0,collision
858,2,-200.40,0.99,2.28,0.0240,0.0000,0,collision
859,614,-1195.28,1.39,403.99,0.0000,0.0000,0,collision
860,2,-200.71,0.00,0.10,1.0000,0.0000,0,collision
861,140,-192.84,9.26,546.53,0.0109,0.0301,0,collision
862,148,-202.30,3.49,409.10,0.0020,0.0350,0,collision
863,191,-177.38,6.25,521.68,0.0072,0.0166,0,collision
864,52,-183.54,4.80,179.29,0.0072,0.0564,0,collision
865,108,-267.79,3.69,277.40,0.0063,0.0000,0,collision
866,193,-419.14,1.51,179.62,0.0034,0.0017,0,collision
867,280,-104.97,8.02,1218.98,0.0038,0.0860,0,collision
868,1001,-1827.24,0.30,321.04,0.0000,0.0000,0,timeout
869,238,-334.49,4.85,559.84,0.0028,0.0000,0,collision
870,2,-200.57,0.42,0.50,0.3963,0.0634,0,collision
871,57,-153.27,9.71,356.18,0.0075,0.0239,0,collision
872,175,-149.92,7.39,558.65,0.0032,0.0980,0,collision
873,13,-194.44,3.74,46.64,0.0811,0.0000,0,collision
874,109,-239.98,5.96,308.33,0.0183,0.1491,0,collision
875,33,-195.79,5.90,115.39,0.0164,0.0000,0,collision
171,100,-152.99,13.04,214.39,0.0200,0.0173,0,collision
172,355,-499.91,3.62,648.83,0.0024,0.0544,0,collision
173,114,-129.15,10.09,553.06,0.0006,0.0110,0,collision
174,170,-155.01,12.24,526.26,0.0084,0.0213,0,collision
175,38,-211.32,3.31,101.09,0.0526,0.0000,0,collision
176,158,-343.03,2.44,255.17,0.0113,0.0000,0,collision
177,126,-210.34,14.28,115.43,0.0098,0.0000,0,collision
178,1001,-1783.63,0.69,288.74,0.0000,0.0000,0,timeout
179,70,-192.17,9.04,117.64,0.0103,0.0318,0,collision
180,36,-205.76,6.71,235.86,0.0100,0.0324,0,collision
876,238,-495.04,3.38,251.57,0.0069,0.0208,0,collision
877,53,-222.04,3.13,137.66,0.0188,0.0498,0,collision
878,3,-202.90,0.00,0.20,0.6027,0.1608,0,collision
879,167,-371.17,4.70,139.59,0.0051,0.0000,0,collision
880,78,-214.01,8.49,231.87,0.0207,0.0000,0,collision
881,153,-191.39,8.62,465.38,0.0000,0.0059,0,collision
882,127,-298.45,5.09,277.42,0.0013,0.2806,0,collision
883,255,-546.97,3.34,137.88,0.0005,0.0000,0,collision
884,159,-360.59,5.24,325.12,0.0024,0.0000,0,collision
885,244,-492.66,2.80,349.58,0.0082,0.0000,0,collision
886,228,-227.81,9.40,180.15,0.0005,0.0000,0,collision
887,157,-287.90,5.75,276.08,0.0007,0.0000,0,collision
888,4,-199.32,2.75,14.78,0.1362,0.0000,0,collision
889,116,-188.23,8.25,323.94,0.0159,0.0374,0,collision
890,125,-240.95,5.49,474.25,0.0035,0.0000,0,collision
891,5,-204.35,0.54,2.07,0.1470,0.0000,0,collision
892,4,-201.22,1.24,2.77,0.2096,0.0000,0,collision
893,153,-334.81,3.80,213.20,0.0005,0.0000,0,collision
894,163,-198.54,8.46,699.50,0.0090,0.0170,0,collision
895,132,-160.43,9.03,357.91,0.0036,0.0407,0,collision
896,256,-461.42,2.39,483.18,0.0034,0.0000,0,collision
897,6,-208.00,0.13,0.87,0.1540,0.0571,0,collision
898,216,-369.45,1.83,299.39,0.0054,0.0073,0,collision
899,170,-395.84,4.95,167.64,0.0000,0.0000,0,collision
900,79,-202.72,5.10,205.74,0.0205,0.0000,0,collision
901,302,-343.01,5.25,528.74,0.0050,0.0011,0,collision
902,56,-193.16,4.21,176.84,0.0061,0.0000,0,collision
903,94,-226.32,5.87,256.18,0.0000,0.0447,0,collision
904,1,-200.00,0.00,0.00,0.0000,0.0000,0,collision
905,151,-118.27,14.93,305.46,0.0132,0.0075,0,collision
906,34,-192.50,12.39,186.47,0.0174,0.0592,0,collision
907,72,-221.45,4.57,203.68,0.0150,0.0000,0,collision
181,1,-200.00,0.00,0.00,0.0000,0.0000,0,collision
182,39,-235.88,0.77,22.64,0.0195,0.0038,0,collision
183,97,-197.37,5.93,375.95,0.0033,0.0256,0,collision
184,247,-256.14,5.74,642.43,0.0060,0.0099,0,collision
185,69,-245.55,1.60,86.17,0.0198,0.0448,0,collision
186,159,-277.48,2.00,188.49,0.0006,0.0969,0,collision
187,84,-271.75,1.98,111.94,0.0045,0.0000,0,collision
188,195,-328.30,3.20,399.20,0.0050,0.1703,0,collision
189,2,-201.24,0.00,0.10,0.6042,0.0000,0,collision
190,542,-891.55,1.57,507.39,0.0012,0.0115,0,collision
908,593,-861.88,1.80,646.97,0.0014,0.0107,0,collision
909,51,-207.33,11.38,188.95,0.0162,0.0000,0,collision
910,111,-254.47,4.77,379.45,0.0084,0.1490,0,collision
911,57,-218.34,2.05,75.63,0.0135,0.0000,0,collision
912,83,-239.80,3.95,210.97,0.0087,0.0000,0,collision
913,97,-359.86,0.78,94.41,0.0174,0.0100,0,collision
914,593,-1143.78,1.11,306.89,0.0021,0.0001,0,collision
915,47,-183.78,8.45,263.17,0.0266,0.0000,0,collision
916,304,-259.39,2.58,514.93,0.0017,0.1000,0,collision
917,54,-186.86,9.30,317.95,0.0150,0.0187,0,collision
918,3,-202.39,0.59,1.94,0.0500,0.0605,0,collision
919,91,-221.69,2.46,143.04,0.0075,0.0000,0,collision
920,111,-169.01,14.39,131.62,0.0000,0.0261,0,collision
921,146,-308.06,4.60,286.74,0.0115,0.0000,0,collision
922,108,-252.26,7.79,235.43,0.0038,0.0000,0,collision
923,188,-445.03,1.66,201.15,0.0061,0.0000,0,collision
924,117,-263.18,7.04,252.45,0.0110,0.2238,0,collision
925,1,-200.00,0.00,0.00,0.0000,0.0000,0,collision
926,69,-249.62,1.35,61.18,0.0185,0.0000,0,collision
927,190,-162.36,5.50,578.14,0.0024,0.0316,0,collision
928,185,-148.98,6.97,650.20,0.0003,0.0072,0,collision
929,45,-240.97,0.97,33.74,0.0347,0.0695,0,collision
930,106,-216.92,7.88,256.61,0.0013,0.1453,0,collision
931,54,-182.92,12.15,47.94,0.0155,0.0212,0,collision
932,120,-138.31,15.37,127.82,0.0016,0.0172,0,collision
933,93,-214.87,6.07,327.97,0.0061,0.2158,0,collision
934,160,-154.75,8.37,637.09,0.0070,0.0052,0,collision
935,114,-185.48,4.52,348.57,0.0159,0.0000,0,collision
936,283,-670.10,0.87,187.22,0.0058,0.0000,0,collision
191,203,-393.23,3.40,308.68,0.0061,0.0000,0,collision
192,263,-132.43,5.25,846.92,0.0038,0.0534,0,collision
193,412,-525.58,3.53,878.28,0.0025,0.0258,0,collision
194,324,-359.51,4.90,805.60,0.0026,0.0091,0,collision
195,149,-160.50,10.37,398.97,0.0050,0.0142,0,collision
196,122,-278.41,5.56,184.91,0.0065,0.0220,0,collision
197,131,-317.80,2.47,217.46,0.0112,0.0050,0,collision
198,346,-687.00,1.71,310.71,0.0018,0.0000,0,collision
199,334,-699.93,2.08,182.37,0.0002,0.0000,0,collision
200,503,-1024.22,1.61,254.81,0.0010,0.0000,0,collision
937,298,-190.72,4.65,895.31,0.0033,0.0043,0,collision
938,91,-214.32,6.94,319.51,0.0006,0.1719,0,collision
939,108,-305.30,4.68,131.99,0.0066,0.0000,0,collision
940,135,-247.72,5.14,437.28,0.0014,0.0207,0,collision
941,230,-232.57,5.44,470.23,0.0000,0.0835,0,collision
942,253,-383.72,4.10,425.47,0.0017,0.0087,0,collision
943,122,-252.68,4.77,303.68,0.0001,0.0000,0,collision
944,159,-398.21,1.46,182.18,0.0067,0.0000,0,collision
945,534,-1002.49,1.11,415.97,0.0012,0.0000,0,collision
946,42,-193.20,7.47,167.87,0.0034,0.0088,0,collision
947,156,-205.80,7.27,281.67,0.0029,0.1193,0,collision
948,650,-371.62,3.84,1516.52,0.0011,0.0268,0,collision
949,310,-460.77,3.20,377.05,0.0039,0.0206,0,collision
950,66,-252.04,1.98,109.44,0.0060,0.0000,0,collision
951,460,-409.30,2.09,658.50,0.0030,0.0192,0,collision
952,202,-277.13,3.73,463.98,0.0077,0.0000,0,collision
953,152,-198.28,4.54,378.65,0.0037,0.0008,0,collision
954,1,-200.00,0.00,0.00,0.0000,0.0000,0,collision
201,540,123.96,4.92,1438.09,0.0000,0.0049,1,goal
202,285,-212.95,6.68,847.51,0.0005,0.0000,0,collision
203,574,-428.00,3.71,1314.25,0.0000,0.1476,0,collision
204,306,-444.50,3.01,641.08,0.0003,0.0000,0,collision
205,77,-193.23,5.36,240.93,0.0183,0.0073,0,collision
206,570,134.38,5.01,1610.44,0.0000,0.0166,1,goal
207,28,-218.69,2.82,90.81,0.0000,0.0454,0,collision
208,294,-505.44,2.35,435.89,0.0006,0.0118,0,collision
209,200,-260.74,3.61,466.61,0.0045,0.0193,0,collision
210,123,-266.09,5.38,287.25,0.0125,0.0000,0,collision
955,634,-229.26,5.98,1500.29,0.0015,0.0275,0,collision
956,36,-172.95,7.36,217.25,0.0089,0.0000,0,collision
957,1001,-1433.25,1.40,1009.30,0.0000,0.0451,0,timeout
958,271,-586.37,2.49,217.40,0.0036,0.0000,0,collision
959,415,220.02,7.11,1187.17,0.0000,0.0079,1,goal
960,10,-207.71,1.48,14.64,0.1166,0.0000,0,collision
961,355,-752.74,0.82,205.70,0.0014,0.0011,0,collision
962,939,-1588.50,1.89,601.19,0.0006,0.0095,0,collision
211,1001,-1638.43,0.69,549.56,0.0000,0.0000,0,timeout
212,55,-179.36,6.50,235.50,0.0105,0.0000,0,collision
213,1001,-1664.30,0.67,524.57,0.0000,0.0000,0,timeout
214,950,-1847.90,0.35,272.32,0.0011,0.0000,0,collision
215,53,-195.33,4.51,178.44,0.0239,0.0011,0,collision
216,24,-207.23,1.98,29.97,0.0003,0.0000,0,collision
217,3,-204.25,0.15,0.32,0.0491,0.3334,0,collision
218,285,-599.24,2.44,195.53,0.0038,0.0000,0,collision
219,165,-284.74,3.30,392.39,0.0084,0.0000,0,collision
220,92,-254.38,7.22,259.64,0.0217,0.0000,0,collision
963,953,-1547.25,1.91,876.80,0.0004,0.0009,0,collision
964,408,-574.61,2.68,579.48,0.0017,0.0362,0,collision
965,1001,-1689.15,0.67,424.80,0.0000,0.0003,0,timeout
966,956,-1810.70,0.69,402.75,0.0010,0.0000,0,collision
967,333,-271.07,6.93,949.25,0.0038,0.0192,0,collision
968,200,-418.82,1.92,287.09,0.0010,0.0000,0,collision
969,2,-200.39,1.04,2.51,0.7809,0.0000,0,collision
970,31,-184.51,9.51,143.24,0.0417,0.1209,0,collision
971,147,-269.97,4.90,463.60,0.0079,0.0565,0,collision
972,5,-205.33,0.29,1.06,0.0916,0.0000,0,collision
973,260,-74.98,7.79,450.72,0.0036,0.0136,0,collision
974,89,-195.70,5.99,340.42,0.0078,0.1780,0,collision
975,57,-156.17,16.50,156.99,0.0125,0.0317,0,collision
976,125,-297.71,5.41,85.53,0.0024,0.0000,0,collision
977,144,-105.03,9.38,628.40,0.0015,0.0000,0,collision
221,498,-572.09,3.21,906.69,0.0002,0.0000,0,collision
222,3,-201.75,0.22,0.44,0.4379,0.0000,0,collision
223,119,-243.47,2.19,179.22,0.0134,0.0723,0,collision
224,2,-200.53,1.04,2.51,0.1313,0.0000,0,collision
225,3,-202.02,0.30,0.32,0.3273,0.0000,0,collision
226,559,-590.65,3.64,1144.62,0.0026,0.1298,0,collision
227,86,-290.36,1.42,82.90,0.0140,0.1391,0,collision
228,71,-247.11,1.13,51.86,0.0030,0.0000,0,collision
229,327,-582.31,1.73,378.27,0.0019,0.0461,0,collision
230,40,-173.22,8.40,219.71,0.0500,0.0000,0,collision
978,292,-286.32,6.78,707.03,0.0037,0.0293,0,collision
979,234,-93.71,9.58,713.48,0.0075,0.0101,0,collision
980,153,-154.17,9.89,416.22,0.0001,0.0140,0,collision
981,80,-274.68,1.71,88.30,0.0070,0.0000,0,collision
982,134,-379.02,1.92,178.49,0.0000,0.0055,0,collision
983,651,-745.25,3.31,904.72,0.0013,0.0186,0,collision
984,359,129.50,5.99,818.96,0.0000,0.1114,1,goal
985,114,-287.20,5.88,275.55,0.0057,0.0080,0,collision
986,613,-1068.67,1.80,659.99,0.0018,0.0000,0,collision
987,527,-732.94,3.30,602.39,0.0015,0.0808,0,collision
988,297,-329.78,3.93,559.02,0.0021,0.0441,0,collision
989,2,-201.53,0.00,0.10,0.6106,0.3176,0,collision
231,482,-574.72,3.19,764.95,0.0015,0.0787,0,collision
232,3,-201.60,0.64,0.63,0.1595,0.0000,0,collision
233,408,-219.62,5.06,1213.55,0.0025,0.0101,0,collision
234,9,-213.43,0.19,1.58,0.0554,0.0000,0,collision
235,315,-684.10,0.69,168.94,0.0021,0.0000,0,collision
236,175,-314.94,2.66,297.32,0.0018,0.0000,0,collision
237,112,-248.11,2.66,191.78,0.0094,0.0203,0,collision
238,677,-1233.59,1.01,535.96,0.0005,0.0000,0,collision
239,375,-515.14,2.60,614.46,0.0006,0.0014,0,collision
240,437,-771.73,1.59,423.94,0.0003,0.0156,0,collision
990,862,-1071.08,2.56,1258.56,0.0012,0.0245,0,collision
991,300,-553.44,1.98,340.79,0.0000,0.0104,0,collision
992,322,-526.09,2.65,526.47,0.0000,0.0239,0,collision
993,28,-223.51,1.60,37.25,0.0158,0.0286,0,collision
994,540,-1083.42,1.29,103.18,0.0037,0.0000,0,collision
995,254,-207.15,4.78,584.31,0.0038,0.0195,0,collision
996,423,-622.45,2.73,523.98,0.0047,0.0744,0,collision
997,920,-1827.82,0.76,348.92,0.0000,0.0001,0,collision
998,467,-604.81,2.82,854.91,0.0034,0.0049,0,collision
999,280,-507.34,2.64,309.26,0.0042,0.0897,0,collision
1000,2,-200.54,1.04,2.51,0.8837,0.0000,0,collision
241,1001,-1505.00,1.02,706.45,0.0000,0.0154,0,timeout
242,201,-321.64,2.84,345.03,0.0000,0.0254,0,collision
243,759,-1464.61,0.78,368.63,0.0011,0.0038,0,collision
244,190,-203.42,3.43,424.01,0.0005,0.0684,0,collision
245,11,-199.22,2.41,25.68,0.0748,0.0000,0,collision
246,1,-200.00,0.00,0.00,0.0000,0.0000,0,collision
247,339,-607.22,1.81,397.92,0.0017,0.1383,0,collision
248,385,-335.01,5.38,526.22,0.0018,0.1049,0,collision
249,2,-201.04,0.00,0.10,0.4702,0.0000,0,collision
250,721,-334.16,3.84,1365.75,0.0000,0.0131,1,goal
1001,526,-237.70,5.03,1357.05,0.0013,0.0759,0,collision
1002,1001,-1602.62,0.71,428.13,0.0000,0.0647,0,timeout
1003,318,-525.29,1.84,367.57,0.0029,0.0465,0,collision
1004,756,-945.35,2.74,1155.97,0.0010,0.0759,0,collision
1005,128,-270.01,1.91,180.31,0.0036,0.1008,0,collision
1006,4,-204.65,0.17,0.57,0.1438,0.0000,0,collision
1007,768,-631.47,3.47,1091.43,0.0012,0.0686,0,collision
1008,700,-1273.85,2.02,286.86,0.0011,0.0000,0,collision
251,550,-1059.57,2.03,106.88,0.0008,0.0000,0,collision
252,242,-442.93,3.49,432.93,0.0000,0.0000,0,collision
253,62,-157.87,9.53,192.80,0.0132,0.0000,0,collision
254,10,-204.93,1.30,4.01,0.1307,0.0372,0,collision
255,334,-237.72,4.56,841.11,0.0046,0.0314,0,collision
256,690,-1254.14,1.00,481.27,0.0012,0.0137,0,collision
257,25,-205.85,2.43,52.23,0.0077,0.0000,0,collision
258,349,-280.92,4.09,929.22,0.0023,0.0038,0,collision
259,115,-177.05,6.68,297.64,0.0071,0.0000,0,collision
260,414,32.08,6.04,937.43,0.0000,0.0609,1,goal
1009,397,-612.97,3.03,734.95,0.0050,0.0000,0,collision
1010,47,-199.73,6.47,195.62,0.0033,0.0000,0,collision
1011,682,-1145.87,1.77,510.27,0.0005,0.0000,0,collision
1012,291,-110.43,5.73,1069.26,0.0056,0.0249,0,collision
1013,36,-197.80,8.35,182.84,0.0048,0.0731,0,collision
1014,2,-200.96,0.00,0.10,0.3270,0.0816,0,collision
1015,164,-274.48,3.89,326.67,0.0068,0.0000,0,collision
1016,251,-387.73,4.18,508.53,0.0000,0.0116,0,collision
1017,70,-182.80,6.02,305.81,0.0231,0.0000,0,collision
1018,91,-115.29,16.65,117.84,0.0066,0.0158,0,collision
1019,613,-1345.72,0.04,70.75,0.0018,0.0000,0,collision
1020,1001,-1778.13,0.30,265.71,0.0000,0.0000,0,timeout
1021,116,-243.80,5.72,274.07,0.0116,0.0000,0,collision
1022,520,233.89,5.49,1524.63,0.0000,0.0367,1,goal
1023,85,-276.95,2.50,125.76,0.0196,0.3336,0,collision
261,620,-611.29,2.51,840.86,0.0004,0.0234,0,collision
262,1001,-1139.17,2.10,1101.64,0.0000,0.0774,0,timeout
263,471,-728.87,1.93,386.41,0.0000,0.0097,0,collision
264,207,-277.04,2.33,315.70,0.0021,0.0329,0,collision
265,296,-626.75,1.01,207.01,0.0018,0.0000,0,collision
266,1,-200.00,0.00,0.00,0.0000,0.0000,0,collision
267,351,-363.27,5.00,773.68,0.0000,0.0000,0,collision
268,258,-545.48,1.34,223.53,0.0072,0.0328,0,collision
269,548,-650.49,2.34,806.77,0.0019,0.0639,0,collision
270,783,-1358.03,2.02,651.27,0.0000,0.0037,0,collision
1024,320,-306.22,6.47,886.31,0.0063,0.0028,0,collision
1025,450,-969.69,1.15,64.48,0.0002,0.0000,0,collision
1026,762,-916.44,2.94,1038.38,0.0007,0.0674,0,collision
1027,146,-133.71,9.61,318.38,0.0018,0.0000,0,collision
1028,97,-313.17,1.76,99.03,0.0003,0.0693,0,collision
1029,275,-333.04,2.15,393.56,0.0050,0.0832,0,collision
1030,369,-771.46,1.42,283.76,0.0000,0.0591,0,collision
1031,1001,-1654.02,0.68,504.31,0.0000,0.0197,0,timeout
1032,722,-1165.75,1.27,615.15,0.0001,0.0233,0,collision
271,204,-494.91,0.75,113.39,0.0030,0.0021,0,collision
272,387,-689.04,1.28,330.28,0.0000,0.0140,0,collision
273,477,-894.07,0.77,255.52,0.0000,0.0275,0,collision
274,146,-351.07,1.65,155.87,0.0000,0.0218,0,collision
275,232,-403.11,2.27,315.81,0.0017,0.0008,0,collision
276,1001,-1701.31,0.71,499.20,0.0000,0.0044,0,timeout
277,114,-213.16,4.25,241.89,0.0063,0.0000,0,collision
278,513,-1028.74,0.76,280.81,0.0000,0.0298,0,collision
279,225,-450.48,2.95,416.09,0.0054,0.1910,0,collision
280,1001,-1371.43,1.37,877.36,0.0000,0.0287,0,timeout
1033,192,-304.78,6.44,205.19,0.0102,0.0096,0,collision
1034,1001,-1613.74,0.89,545.76,0.0000,0.0101,0,timeout
1035,897,-1273.47,2.56,1025.60,0.0010,0.0323,0,collision
1036,1001,-1517.01,0.71,469.73,0.0000,0.0436,0,timeout
1037,272,-559.32,2.19,360.54,0.0063,0.0043,0,collision
1038,313,-335.86,2.23,434.38,0.0000,0.0229,0,collision
281,1001,-1851.62,0.20,249.38,0.0000,0.0006,0,timeout
282,352,214.23,6.56,667.99,0.0000,0.0000,1,goal
283,548,-470.68,5.16,575.88,0.0013,0.0663,0,collision
284,75,-163.29,5.93,282.54,0.0117,0.0124,0,collision
285,120,-241.65,2.20,174.34,0.0070,0.0000,0,collision
286,399,-472.53,3.04,425.19,0.0023,0.0169,0,collision
287,503,-828.72,1.53,426.12,0.0010,0.0208,0,collision
288,70,-237.45,1.89,104.05,0.0022,0.0185,0,collision
289,180,-344.27,2.78,288.05,0.0020,0.0161,0,collision
290,1001,-712.40,2.17,1251.15,0.0000,0.0068,0,timeout
1039,821,-437.28,5.46,1556.26,0.0024,0.0186,0,collision
1040,362,-702.26,1.83,432.39,0.0004,0.1936,0,collision
1041,200,-267.76,2.56,393.41,0.0000,0.0063,0,collision
1042,337,-603.79,1.98,433.84,0.0021,0.1681,0,collision
1043,637,-869.02,2.31,759.88,0.0000,0.1049,0,collision
1044,183,-321.90,1.30,141.40,0.0016,0.0352,0,collision
1045,1001,-1842.64,0.24,232.80,0.0000,0.0000,0,timeout
1046,348,-288.06,2.57,520.79,0.0011,0.0000,0,collision
1047,310,-519.30,4.14,435.87,0.0039,0.2099,0,collision
291,349,-590.33,1.86,476.13,0.0057,0.0146,0,collision
292,1001,-1150.17,1.76,971.67,0.0000,0.0474,0,timeout
293,916,-1487.84,1.24,771.71,0.0022,0.0657,0,collision
294,371,-415.26,1.90,450.87,0.0019,0.0227,0,collision
295,538,-656.02,2.53,708.44,0.0005,0.1158,0,collision
296,395,-333.25,2.43,632.94,0.0003,0.0045,0,collision
297,477,-548.22,2.14,620.74,0.0016,0.0164,0,collision
298,4,-204.69,0.15,0.34,0.1896,0.0000,0,collision
299,578,-707.95,2.08,756.51,0.0001,0.0113,0,collision
300,356,-721.67,1.08,264.81,0.0000,0.0000,0,collision
1048,537,-871.92,2.74,565.60,0.0004,0.0000,0,collision
1049,1001,-1201.09,1.50,1004.14,0.0000,0.0077,0,timeout
1050,1001,-1286.88,1.42,659.12,0.0000,0.0054,0,timeout
1051,896,-251.68,3.06,1210.26,0.0000,0.0584,1,goal
1052,239,-226.59,2.96,452.89,0.0000,0.0198,0,collision
1053,104,-252.29,2.29,122.63,0.0045,0.0063,0,collision
301,746,-1050.56,1.90,883.06,0.0027,0.0000,0,collision
302,1001,-1078.36,1.90,1255.46,0.0000,0.0096,0,timeout
303,274,-410.72,3.15,461.52,0.0031,0.1327,0,collision
304,612,-484.50,3.57,1313.44,0.0014,0.0284,0,collision
305,1001,-1193.33,1.75,951.40,0.0000,0.0282,0,timeout
306,2,-201.50,0.00,0.10,0.3509,0.3165,0,collision
307,1001,-1776.69,0.66,305.35,0.0000,0.0000,0,timeout
308,289,-162.64,5.58,611.87,0.0057,0.0075,0,collision
309,1,-200.00,0.00,0.00,0.0000,0.0000,0,collision
310,409,-700.45,1.67,477.16,0.0025,0.0024,0,collision
1054,819,-1207.01,1.91,901.54,0.0005,0.0821,0,collision
1055,431,-756.53,1.65,495.62,0.0029,0.0585,0,collision
1056,321,204.80,7.20,342.94,0.0000,0.0350,1,goal
1057,728,-627.74,2.88,1125.11,0.0008,0.0506,0,collision
1058,563,-741.03,2.42,619.90,0.0008,0.1172,0,collision
1059,1,-200.00,0.00,0.00,0.0000,0.0000,0,collision
1060,102,-161.35,5.45,359.51,0.0072,0.0231,0,collision
1061,142,-165.05,8.82,192.29,0.0007,0.0139,0,collision
1062,384,-598.86,2.52,588.10,0.0000,0.1136,0,collision
1063,136,-386.90,1.05,76.42,0.0007,0.0716,0,collision
1064,178,356.42,15.39,444.07,0.0000,0.0000,1,goal
1065,203,-183.79,7.72,654.29,0.0000,0.0000,0,collision
311,300,-442.22,5.80,414.87,0.0041,0.0294,0,collision
312,174,-356.52,2.98,338.08,0.0006,0.0000,0,collision
313,45,-176.27,18.27,113.08,0.0133,0.0366,0,collision
314,50,-243.98,0.99,25.07,0.0011,0.0257,0,collision
315,3,-201.42,0.40,1.00,0.0696,0.0000,0,collision
316,269,-284.09,7.63,391.98,0.0013,0.0019,0,collision
317,238,-425.53,4.79,253.58,0.0084,0.2758,0,collision
318,588,-1038.72,1.78,682.78,0.0004,0.0000,0,collision
319,27,-214.92,1.76,39.26,0.0114,0.0750,0,collision
320,1001,-1877.90,0.30,178.35,0.0000,0.0000,0,timeout
1066,1001,-1453.19,1.35,821.08,0.0000,0.0027,0,timeout
1067,774,-1581.33,0.84,252.60,0.0019,0.0000,0,collision
1068,42,-184.24,13.36,102.82,0.0000,0.0567,0,collision
1069,292,241.45,8.36,802.50,0.0000,0.0359,1,goal
1070,685,-1359.35,1.29,147.49,0.0022,0.0000,0,collision
1071,2,-202.04,0.00,0.10,0.0000,0.1351,0,collision
1072,66,-159.34,8.42,280.46,0.0072,0.0557,0,collision
1073,134,-99.16,11.03,318.35,0.0056,0.0000,0,collision
1074,128,-286.46,4.01,268.41,0.0000,0.1318,0,collision
1075,2,-200.39,1.04,2.51,0.3131,0.0000,0,collision
1076,89,-169.21,9.42,531.30,0.0110,0.0479,0,collision
1077,11,-194.21,5.50,61.49,0.0873,0.0000,0,collision
1078,178,-224.49,7.71,423.44,0.0093,0.0221,0,collision
1079,105,-214.80,6.12,234.42,0.0056,0.0097,0,collision
1080,226,-400.37,3.04,439.77,0.0042,0.0000,0,collision
1081,727,-1283.42,1.02,540.01,0.0016,0.0000,0,collision
321,143,-117.94,8.47,609.17,0.0045,0.0008,0,collision
322,125,-161.33,10.66,366.80,0.0052,0.0000,0,collision
323,282,-697.32,0.20,63.48,0.0070,0.0089,0,collision
324,621,-1022.38,1.67,691.28,0.0016,0.0046,0,collision
325,6,-208.01,0.21,0.85,0.1440,0.0000,0,collision
326,419,-645.05,3.38,487.78,0.0001,0.0000,0,collision
327,293,-538.50,3.53,163.10,0.0000,0.0000,0,collision
328,500,-883.29,2.26,384.07,0.0023,0.0000,0,collision
329,101,-295.95,2.10,155.58,0.0174,0.6090,0,collision
330,659,-584.46,2.88,875.18,0.0002,0.1699,0,collision
1082,505,-911.70,3.44,573.10,0.0034,0.0020,0,collision
1083,370,-238.18,5.80,701.12,0.0030,0.0277,0,collision
1084,638,-1307.11,1.06,198.88,0.0001,0.0338,0,collision
1085,123,-341.46,4.77,188.74,0.0087,0.0000,0,collision
1086,307,-483.11,4.56,198.28,0.0018,0.1440,0,collision
1087,176,-260.68,4.73,458.93,0.0004,0.0774,0,collision
1088,467,-885.30,1.66,279.75,0.0040,0.0121,0,collision
1089,113,-341.88,2.48,246.35,0.0007,0.0000,0,collision
1090,3,-202.28,0.69,2.61,0.6286,0.0000,0,collision
1091,122,-218.27,5.06,352.20,0.0047,0.0588,0,collision
1092,2,-201.74,0.00,0.10,0.4500,0.0000,0,collision
1093,79,-199.31,7.25,145.34,0.0253,0.2810,0,collision
1094,403,-725.21,3.12,469.68,0.0014,0.0018,0,collision
1095,42,-193.41,4.79,162.45,0.0060,0.0018,0,collision
1096,6,-206.12,0.70,3.11,0.0977,0.2059,0,collision
1097,44,-159.81,14.33,158.17,0.0224,0.0000,0,collision
1098,118,-152.80,7.41,523.18,0.0102,0.0000,0,collision
1099,496,-794.27,2.69,619.95,0.0022,0.0000,0,collision
1100,44,-179.52,14.66,138.12,0.0320,0.0556,0,collision
1101,233,-373.70,4.48,478.91,0.0000,0.0000,0,collision
331,46,-218.38,4.24,146.71,0.0243,0.2177,0,collision
332,1001,-1726.04,1.42,148.91,0.0000,0.0000,0,timeout
333,155,-372.44,2.90,363.60,0.0054,0.0386,0,collision
334,479,-932.53,1.07,317.43,0.0012,0.0859,0,collision
335,116,-288.61,4.42,238.86,0.0062,0.2845,0,collision
336,143,-310.14,2.04,160.43,0.0058,0.3117,0,collision
337,85,-184.10,9.29,300.34,0.0211,0.0198,0,collision
338,269,-297.24,4.23,660.42,0.0000,0.0156,0,collision
339,176,-291.01,3.94,424.28,0.0018,0.0000,0,collision
340,24,-194.11,3.91,70.45,0.0833,0.0001,0,collision
1102,336,-204.77,8.04,1165.48,0.0058,0.0906,0,collision
1103,10,-214.61,0.69,4.86,0.1200,0.3510,0,collision
1104,526,-965.78,1.23,415.94,0.0029,0.0041,0,collision
1105,98,-163.16,10.14,296.23,0.0030,0.0232,0,collision
1106,168,-241.03,4.41,511.85,0.0119,0.0148,0,collision
1107,2,-200.98,0.00,0.10,0.0903,0.0187,0,collision
1108,6,-206.78,0.58,3.50,0.3324,0.0000,0,collision
1109,467,-896.04,2.55,246.52,0.0024,0.0043,0,collision
1110,87,-135.28,8.08,429.34,0.0183,0.0000,0,collision
1111,268,-164.64,5.21,845.49,0.0073,0.0810,0,collision
1112,574,-1103.66,1.16,339.93,0.0008,0.0000,0,collision
1113,234,-109.27,6.74,781.11,0.0085,0.0000,0,collision
1114,294,-454.99,4.82,290.38,0.0023,0.0927,0,collision
1115,813,-1445.36,1.04,606.06,0.0014,0.0093,0,collision
1116,240,-314.76,4.18,367.37,0.0041,0.0128,0,collision
1117,162,-321.37,3.84,332.93,0.0052,0.1558,0,collision
341,37,-216.58,2.17,41.23,0.0057,0.0451,0,collision
342,97,-138.58,14.99,149.86,0.0203,0.0261,0,collision
343,778,-1626.46,0.50,219.26,0.0017,0.0000,0,collision
344,118,-281.33,6.73,185.07,0.0077,0.2260,0,collision
345,95,-246.36,6.84,317.35,0.0196,0.2703,0,collision
346,238,-229.52,8.62,792.70,0.0030,0.0814,0,collision
347,147,-140.25,13.99,319.95,0.0077,0.0156,0,collision
348,595,-1127.40,1.69,279.78,0.0000,0.0000,0,collision
349,156,-283.43,4.13,177.63,0.0083,0.3506,0,collision
350,121,-190.91,12.49,275.58,0.0014,0.1480,0,collision
1118,217,-364.67,2.59,397.66,0.0020,0.0017,0,collision
1119,295,-317.65,4.39,602.13,0.0019,0.1505,0,collision
1120,616,-1286.59,1.10,125.62,0.0023,0.0000,0,collision
1121,303,-296.72,4.61,591.81,0.0066,0.1194,0,collision
1122,2,-200.43,0.66,1.07,0.7154,0.0000,0,collision
1123,195,-223.14,6.65,524.21,0.0020,0.0927,0,collision
1124,48,-161.54,9.16,261.57,0.0143,0.0000,0,collision
1125,4,-204.92,0.00,0.30,0.4716,0.0883,0,collision
1126,434,-945.19,0.88,224.81,0.0022,0.0000,0,collision
1127,63,-206.83,6.64,201.90,0.0231,0.0350,0,collision
1128,2,-200.96,0.00,0.10,0.0154,0.0000,0,collision
1129,318,-235.55,5.70,825.18,0.0018,0.0130,0,collision
1130,27,-193.89,9.11,145.69,0.0252,0.1387,0,collision
1131,168,-239.68,5.07,410.87,0.0038,0.1105,0,collision
1132,2,-200.58,0.29,0.30,0.4924,0.0000,0,collision
1133,62,-186.90,8.21,226.32,0.0073,0.0184,0,collision
1134,237,-473.46,2.51,274.40,0.0022,0.0578,0,collision
1135,360,-805.02,0.83,113.21,0.0004,0.0102,0,collision
1136,3,-202.40,0.69,1.84,0.1283,0.1593,0,collision
1137,216,-265.32,6.56,519.84,0.0003,0.0623,0,collision
1138,343,-352.47,5.35,840.72,0.0000,0.0675,0,collision
1139,136,-311.68,5.07,268.61,0.0070,0.0000,0,collision
351,431,-460.84,6.04,688.89,0.0038,0.0958,0,collision
352,126,-159.59,9.97,529.37,0.0159,0.0151,0,collision
353,94,-203.88,6.90,313.71,0.0114,0.1334,0,collision
354,125,-90.55,16.95,81.91,0.0091,0.0209,0,collision
355,930,-1882.45,0.80,229.28,0.0006,0.0000,0,collision
356,545,-1073.83,1.56,321.59,0.0012,0.0000,0,collision
357,1001,-1718.61,1.26,374.33,0.0000,0.0001,0,timeout
358,107,-179.26,8.45,427.44,0.0063,0.0928,0,collision
359,41,-190.28,12.53,105.15,0.0048,0.0379,0,collision
360,507,-1081.56,0.70,165.10,0.0028,0.0000,0,collision
1140,99,-171.14,7.07,412.33,0.0081,0.0210,0,collision
1141,117,-281.29,5.90,244.87,0.0069,0.3135,0,collision
1142,1001,-1576.33,1.01,545.50,0.0000,0.0026,0,timeout
1143,43,-220.13,5.34,134.97,0.0354,0.3036,0,collision
1144,255,-310.90,5.49,680.86,0.0015,0.1253,0,collision
1145,112,-233.75,2.60,190.18,0.0091,0.0996,0,collision
1146,1,-200.00,0.00,0.00,0.0000,0.0000,0,collision
1147,354,337.89,8.21,1146.18,0.0000,0.0070,1,goal
1148,63,-197.16,9.74,179.59,0.0032,0.1722,0,collision
1149,1001,-1799.13,0.59,255.61,0.0000,0.0000,0,timeout
1150,102,-307.92,2.06,129.22,0.0084,0.2653,0,collision
1151,25,-213.18,1.55,19.71,0.0531,0.0000,0,collision
1152,35,-211.51,2.07,52.66,0.0047,0.0000,0,collision
1153,43,-212.07,2.14,55.95,0.0166,0.0000,0,collision
361,411,-386.57,3.14,905.52,0.0024,0.0112,0,collision
362,139,-259.36,4.76,492.88,0.0048,0.2154,0,collision
363,939,-1467.15,1.52,1016.81,0.0000,0.0418,0,collision
364,1001,-1678.76,0.59,488.18,0.0000,0.0202,0,timeout
365,349,-434.04,4.00,715.39,0.0045,0.0000,0,collision
366,104,-266.25,2.98,198.33,0.0071,0.0000,0,collision
367,61,-232.52,1.86,72.80,0.0076,0.0332,0,collision
368,627,-1153.63,1.11,469.21,0.0011,0.0000,0,collision
369,1001,-1650.79,1.00,584.27,0.0000,0.0000,0,timeout
370,1,-200.00,0.00,0.00,0.0000,0.0000,0,collision
1154,950,-1948.38,0.32,220.88,0.0001,0.0000,0,collision
1155,2,-201.74,0.00,0.10,0.5582,0.0000,0,collision
1156,268,-281.33,3.12,460.21,0.0000,0.1537,0,collision
1157,512,-915.54,1.36,502.31,0.0018,0.0046,0,collision
1158,315,-467.60,2.32,399.76,0.0034,0.0096,0,collision
1159,73,-173.49,9.01,299.48,0.0049,0.0000,0,collision
1160,1001,-1901.80,0.12,189.82,0.0000,0.0149,0,timeout
1161,740,-1514.24,0.42,319.45,0.0017,0.0000,0,collision
1162,582,-712.56,2.48,912.85,0.0001,0.0079,0,collision
1163,34,-221.32,1.15,18.60,0.0161,0.0222,0,collision
1164,150,-183.63,6.67,385.13,0.0026,0.0000,0,collision
1165,84,-360.55,0.34,19.89,0.0000,0.2241,0,collision
1166,19,-198.04,3.01,32.73,0.0287,0.0000,0,collision
371,460,-546.68,3.07,823.75,0.0005,0.0564,0,collision
372,706,-1256.39,1.45,548.98,0.0012,0.0000,0,collision
373,2,-201.24,0.00,0.10,0.1652,0.0000,0,collision
374,441,-558.38,3.22,826.41,0.0024,0.0000,0,collision
375,27,-184.36,9.63,104.25,0.0068,0.1685,0,collision
376,35,-219.28,1.61,26.45,0.0000,0.1012,0,collision
377,301,-500.51,2.83,397.45,0.0019,0.0003,0,collision
378,248,-279.30,4.23,698.07,0.0032,0.0125,0,collision
379,329,-411.82,4.64,614.25,0.0061,0.0484,0,collision
380,1001,-1772.04,0.38,377.52,0.0000,0.0000,0,timeout
1167,342,-518.58,2.66,524.70,0.0002,0.0069,0,collision
1168,474,-802.31,1.40,440.03,0.0018,0.0147,0,collision
1169,292,-182.38,4.93,881.81,0.0000,0.0209,0,collision
1170,5,-204.87,0.30,1.08,0.4000,0.0310,0,collision
1171,246,-233.10,5.30,575.64,0.0045,0.0249,0,collision
1172,2,-201.74,0.00,0.10,0.1294,0.0000,0,collision
1173,265,-553.32,2.23,326.83,0.0002,0.0000,0,collision
1174,211,-390.81,2.49,354.48,0.0012,0.0108,0,collision
1175,1001,-1692.97,0.68,322.16,0.0000,0.0020,0,timeout
1176,272,-642.48,0.51,88.34,0.0072,0.0011,0,collision
1177,421,-770.38,1.37,330.71,0.0000,0.0032,0,collision
1178,45,-177.35,7.97,141.46,0.0092,0.0000,0,collision
1179,114,-307.36,2.60,159.65,0.0007,0.4806,0,collision
1180,73,-226.40,1.90,128.25,0.0110,0.0100,0,collision
381,2,-200.96,0.00,0.10,0.2917,0.0000,0,collision
382,1001,-1664.78,0.69,489.66,0.0000,0.0233,0,timeout
383,200,-321.59,1.86,244.58,0.0035,0.0349,0,collision
384,1,-200.00,0.00,0.00,0.0000,0.0000,0,collision
385,2,-201.74,0.00,0.10,0.5126,0.0000,0,collision
386,1001,-1581.97,0.71,500.50,0.0000,0.0127,0,timeout
387,1001,-1676.56,0.42,347.62,0.0000,0.0010,0,timeout
388,6,-204.46,1.26,8.24,0.0077,0.0000,0,collision
389,1001,-1198.81,1.39,858.48,0.0000,0.0250,0,timeout
390,280,-357.12,1.83,334.54,0.0000,0.0323,0,collision
1181,707,-1221.22,1.14,457.14,0.0004,0.0020,0,collision
1182,195,-323.53,1.93,282.72,0.0057,0.0063,0,collision
1183,549,-959.11,1.27,487.23,0.0017,0.0185,0,collision
1184,1001,-1605.09,0.69,493.84,0.0000,0.0438,0,timeout
1185,479,-365.02,3.90,993.50,0.0002,0.0007,0,collision
1186,1001,-1777.64,0.49,412.23,0.0000,0.0132,0,timeout
1187,2,-202.21,0.00,0.10,0.6510,0.3084,0,collision
1188,200,-502.66,1.25,150.43,0.0042,0.1086,0,collision
1189,601,-1038.78,0.94,399.14,0.0000,0.0362,0,collision
391,1001,-1761.37,0.46,428.39,0.0000,0.0000,0,timeout
392,1001,-1543.54,1.01,540.73,0.0000,0.0156,0,timeout
393,481,-613.76,4.36,857.32,0.0017,0.1396,0,collision
394,1001,-1608.64,1.21,677.01,0.0000,0.0000,0,timeout
395,166,-296.17,2.65,289.60,0.0020,0.0045,0,collision
396,258,-325.32,3.32,496.78,0.0032,0.2833,0,collision
397,239,-432.75,1.79,299.28,0.0006,0.0000,0,collision
398,149,-293.54,1.98,203.27,0.0011,0.0992,0,collision
399,234,-416.69,2.69,414.07,0.0034,0.0501,0,collision
400,1001,-1402.96,1.80,857.46,0.0000,0.0346,0,timeout
1190,215,-427.77,1.83,299.97,0.0008,0.0025,0,collision
1191,8,-209.29,0.30,1.81,0.0954,0.0000,0,collision
1192,1001,-1405.65,1.36,841.64,0.0000,0.0007,0,timeout
1193,195,-246.35,3.01,377.46,0.0004,0.0963,0,collision
1194,2,-201.02,0.25,0.25,0.1060,0.0000,0,collision
1195,498,-755.87,2.73,700.49,0.0014,0.0331,0,collision
1196,388,-254.72,5.93,921.52,0.0029,0.0058,0,collision
1197,323,-158.75,6.54,930.00,0.0045,0.0146,0,collision
1198,6,-209.36,0.00,0.50,0.0093,0.3171,0,collision
1199,1001,-1490.99,1.20,680.76,0.0000,0.0062,0,timeout
1200,368,-170.91,6.62,654.02,0.0014,0.0583,0,collision
401,1001,-1784.33,0.68,323.72,0.0000,0.0000,0,timeout
402,1,-200.00,0.00,0.00,0.0000,0.0000,0,collision
403,192,-244.78,3.57,391.27,0.0023,0.0056,0,collision
404,1001,-1426.30,1.76,879.60,0.0000,0.0025,0,timeout
405,396,-394.14,5.16,893.09,0.0017,0.0984,0,collision
406,1001,-1694.41,0.70,483.29,0.0000,0.0038,0,timeout
407,1001,-1352.01,1.42,868.78,0.0000,0.0039,0,timeout
408,322,-379.96,4.45,690.98,0.0025,0.1195,0,collision
409,1001,-1776.97,0.55,409.15,0.0000,0.0000,0,timeout
410,504,-327.67,4.00,1285.24,0.0030,0.0331,0,collision
1201,128,-266.88,5.75,353.24,0.0142,0.2055,0,collision
1202,1001,-1590.92,1.31,569.11,0.0000,0.0000,0,timeout
1203,494,-352.30,4.47,1281.49,0.0008,0.0498,0,collision
1204,1001,-1625.59,1.42,618.17,0.0000,0.0000,0,timeout
1205,1001,-1800.91,0.51,285.97,0.0000,0.0051,0,timeout
411,314,-391.74,3.60,623.34,0.0012,0.0513,0,collision
412,1001,-1486.24,1.56,735.07,0.0000,0.0051,0,timeout
413,1001,-1805.63,0.68,176.27,0.0000,0.0053,0,timeout
414,1001,-1523.53,1.20,808.36,0.0000,0.0019,0,timeout
415,60,-249.58,2.48,128.77,0.0007,0.0428,0,collision
416,1001,-1821.65,0.59,284.75,0.0000,0.0000,0,timeout
417,123,-203.24,4.86,413.04,0.0147,0.0216,0,collision
418,152,-192.49,6.37,571.98,0.0087,0.0182,0,collision
419,1001,-1831.05,0.64,266.42,0.0000,0.0000,0,timeout
420,1001,-1805.44,0.59,345.47,0.0000,0.0000,0,timeout
1206,829,-1216.61,2.43,1131.23,0.0016,0.0330,0,collision
1207,2,-202.12,0.00,0.10,0.4174,0.2213,0,collision
1208,358,155.54,7.36,974.48,0.0000,0.0173,1,goal
1209,1001,-1510.86,1.77,872.20,0.0000,0.0098,0,timeout
1210,1001,-1368.97,1.77,1111.28,0.0000,0.0152,0,timeout
1211,60,-182.22,11.70,162.25,0.0083,0.0000,0,collision
1212,1001,-1739.84,0.84,450.36,0.0000,0.0000,0,timeout
1213,1,-200.00,0.00,0.00,0.0000,0.0000,0,collision
1214,1,-200.00,0.00,0.00,0.0000,0.0000,0,collision
1215,34,-180.16,18.66,106.61,0.0031,0.0275,0,collision
1216,25,-197.30,8.76,200.58,0.0216,0.0616,0,collision
1217,1,-200.00,0.00,0.00,0.0000,0.0000,0,collision
1218,2,-200.39,1.04,2.51,0.0162,0.0000,0,collision
1219,2,-200.99,0.29,0.30,0.5089,0.0592,0,collision
1220,41,-178.98,13.22,149.94,0.0220,0.0132,0,collision
421,323,-145.37,4.52,886.57,0.0062,0.0000,0,collision
422,1001,-1198.44,2.03,1344.96,0.0000,0.0000,0,timeout
423,338,-205.58,3.90,783.38,0.0008,0.0254,0,collision
424,30,-208.68,2.25,45.07,0.0105,0.0000,0,collision
425,59,-187.67,10.58,266.72,0.0143,0.0196,0,collision
426,92,-272.52,2.69,184.49,0.0030,0.0591,0,collision
427,1001,-1631.18,1.28,571.72,0.0000,0.0029,0,timeout
428,3,-201.14,0.64,2.27,0.6422,0.0000,0,collision
429,116,-308.89,1.92,163.07,0.0172,0.0146,0,collision
430,243,-294.92,5.33,588.00,0.0021,0.1786,0,collision
1221,466,-835.02,1.58,479.39,0.0033,0.0000,0,collision
1222,129,-192.47,5.13,243.81,0.0084,0.0781,0,collision
1223,210,-340.98,2.62,386.64,0.0046,0.0587,0,collision
1224,298,-195.46,5.22,811.51,0.0001,0.0738,0,collision
1225,24,-212.88,1.79,38.24,0.0108,0.0000,0,collision
1226,623,79.60,4.05,1436.78,0.0000,0.0348,1,goal
1227,129,-202.39,3.43,275.80,0.0028,0.0238,0,collision
1228,1001,-1711.73,0.71,475.55,0.0000,0.0000,0,timeout
1229,120,-311.61,2.23,172.22,0.0110,0.1373,0,collision
1230,236,-318.02,2.75,449.13,0.0067,0.0921,0,collision
1231,168,341.87,14.72,512.24,0.0000,0.0048,1,goal
431,211,-146.65,10.73,538.86,0.0095,0.0078,0,collision
432,1001,-1684.59,0.91,587.55,0.0000,0.0000,0,timeout
433,91,-140.84,15.28,254.14,0.0050,0.0124,0,collision
434,76,-269.68,2.72,152.69,0.0211,0.6117,0,collision
435,108,-115.39,13.26,341.19,0.0051,0.0279,0,collision
436,1,-200.00,0.00,0.00,0.0000,0.0000,0,collision
437,1001,-1788.89,0.85,240.99,0.0000,0.0000,0,timeout
438,205,-288.69,3.10,340.02,0.0058,0.1450,0,collision
439,1001,-1755.39,0.59,421.48,0.0000,0.0044,0,timeout
440,162,-208.19,8.24,581.50,0.0029,0.0230,0,collision
1232,1001,-1756.54,0.74,569.42,0.0000,0.0000,0,timeout
1233,76,-185.28,12.41,81.11,0.0263,0.1120,0,collision
1234,45,-171.82,11.54,58.90,0.0025,0.0308,0,collision
1235,276,-282.42,7.86,536.67,0.0017,0.1098,0,collision
1236,113,-273.75,6.45,107.44,0.0033,0.1112,0,collision
1237,1001,-1802.79,0.29,299.40,0.0000,0.0000,0,timeout
1238,57,-176.51,10.22,329.93,0.0036,0.0280,0,collision
1239,114,-119.67,16.02,288.75,0.0131,0.0263,0,collision
1240,1001,-1560.67,1.20,380.58,0.0000,0.0089,0,timeout
1241,2,-201.01,0.00,0.10,1.0000,0.0000,0,collision
1242,1001,-1611.50,1.80,326.73,0.0000,0.0000,0,timeout
441,1001,-1677.47,0.91,410.43,0.0000,0.0258,0,timeout
442,137,-207.90,3.53,381.29,0.0058,0.0114,0,collision
443,39,-184.83,15.73,147.73,0.0300,0.0511,0,collision
444,1,-200.00,0.00,0.00,0.0000,0.0000,0,collision
445,1001,-1757.74,0.85,290.50,0.0000,0.0018,0,timeout
446,203,-177.62,8.37,900.56,0.0046,0.0043,0,collision
447,208,-127.08,10.24,844.77,0.0041,0.0107,0,collision
448,1,-200.00,0.00,0.00,0.0000,0.0000,0,collision
449,307,-242.67,6.79,825.03,0.0050,0.0866,0,collision
450,285,-260.53,7.04,508.75,0.0027,0.1347,0,collision
1243,462,-664.25,3.86,912.91,0.0043,0.0077,0,collision
1244,49,-209.40,7.12,207.40,0.0342,0.2454,0,collision
1245,1001,-1587.45,1.59,536.37,0.0000,0.0513,0,timeout
1246,173,-293.90,6.14,374.63,0.0066,0.1099,0,collision
1247,77,-158.89,15.31,219.87,0.0085,0.0119,0,collision
1248,100,-202.89,5.60,151.66,0.0101,0.1935,0,collision
1249,39,-165.82,17.66,141.50,0.0226,0.0540,0,collision
1250,1001,-1847.69,0.29,292.48,0.0000,0.0000,0,timeout
1251,116,-124.32,12.89,211.50,0.0058,0.0000,0,collision
1252,1001,-1715.13,1.27,297.25,0.0000,0.0000,0,timeout
1253,1,-200.00,0.00,0.00,0.0000,0.0000,0,collision
451,2,-200.41,0.70,1.19,0.1644,0.0000,0,collision
452,1001,-1412.77,1.77,1210.22,0.0000,0.0083,0,timeout
453,70,-164.95,8.23,186.10,0.0073,0.0195,0,collision
454,100,-241.14,6.59,181.50,0.0109,0.1959,0,collision
455,238,238.49,10.83,498.22,0.0000,0.0037,1,goal
456,1001,-1803.72,0.59,347.87,0.0000,0.0000,0,timeout
457,1001,-1808.42,0.60,405.33,0.0000,0.0000,0,timeout
458,1,-200.00,0.00,0.00,0.0000,0.0000,0,collision
459,1001,-1830.98,0.29,281.27,0.0000,0.0017,0,timeout
460,1001,-1610.01,1.03,613.43,0.0000,0.0042,0,timeout
1254,685,-1240.57,1.28,406.43,0.0000,0.0000,0,collision
1255,86,-156.01,11.11,421.92,0.0075,0.0282,0,collision
1256,1001,-1748.91,0.69,345.61,0.0000,0.0000,0,timeout
1257,1001,-1811.89,0.71,354.53,0.0000,0.0000,0,timeout
1258,1001,-1701.27,0.84,454.52,0.0000,0.0000,0,timeout
1259,430,366.89,6.78,1505.09,0.0000,0.0187,1,goal
461,121,-200.43,7.50,447.81,0.0097,0.0426,0,collision
462,1001,-1892.16,0.20,224.87,0.0000,0.0000,0,timeout
463,72,-179.29,6.64,267.30,0.0070,0.0205,0,collision
464,67,-142.48,10.05,350.08,0.0171,0.0324,0,collision
465,1001,-1766.11,0.71,290.10,0.0000,0.0069,0,timeout
466,373,-206.15,7.03,1284.12,0.0010,0.0444,0,collision
467,1001,-1780.26,0.48,423.40,0.0000,0.0182,0,timeout
468,275,-68.88,9.03,1054.65,0.0033,0.0081,0,collision
469,1001,-1790.77,0.68,305.53,0.0000,0.0043,0,timeout
470,156,-253.18,3.08,219.91,0.0075,0.1922,0,collision
1260,475,-731.43,3.56,552.18,0.0006,0.0054,0,collision
1261,1,-200.00,0.00,0.00,0.0000,0.0000,0,collision
1262,3,-203.26,0.00,0.20,0.2234,0.0000,0,collision
1263,209,-287.86,7.16,308.44,0.0018,0.1061,0,collision
1264,208,-137.39,7.53,572.20,0.0049,0.0137,0,collision
1265,3,-202.05,0.24,0.49,0.4053,0.0000,0,collision
1266,1001,-1465.42,2.20,675.94,0.0000,0.0076,0,timeout
1267,1001,-1802.51,0.59,284.49,0.0000,0.0000,0,timeout
1268,137,-142.61,9.98,492.61,0.0011,0.0325,0,collision
1269,1001,-1733.66,0.59,416.79,0.0000,0.0046,0,timeout
1270,389,-78.77,6.25,1039.36,0.0036,0.0197,0,collision
471,172,-254.00,3.23,400.10,0.0056,0.0688,0,collision
472,315,-514.31,1.93,378.42,0.0018,0.0619,0,collision
473,1001,-1432.40,1.20,951.03,0.0000,0.0010,0,timeout
474,179,-233.14,5.51,494.24,0.0006,0.0000,0,collision
475,151,-422.79,1.09,118.01,0.0051,0.2064,0,collision
476,1001,-1577.51,1.44,624.50,0.0000,0.0000,0,timeout
477,456,53.71,5.17,1221.02,0.0000,0.0000,1,goal
478,1001,-1724.34,0.50,477.16,0.0000,0.0000,0,timeout
479,333,-517.50,2.47,517.96,0.0000,0.1152,0,collision
480,250,-223.37,3.49,558.88,0.0030,0.0061,0,collision
1271,118,-268.25,3.17,254.21,0.0065,0.1005,0,collision
1272,373,-345.08,3.60,627.13,0.0010,0.1357,0,collision
1273,1001,-1855.49,0.20,223.52,0.0000,0.0111,0,timeout
1274,1001,-1264.96,1.42,657.87,0.0000,0.0021,0,timeout
1275,1001,-1727.72,0.66,495.05,0.0000,0.0036,0,timeout
1276,373,-204.97,5.67,1105.65,0.0000,0.0837,0,collision
481,426,-478.46,3.43,865.76,0.0025,0.0598,0,collision
482,6,-206.49,0.73,4.56,0.2014,0.0000,0,collision
483,1001,-1780.21,0.24,248.68,0.0000,0.0000,0,timeout
484,128,-179.25,5.53,395.61,0.0010,0.0805,0,collision
485,1001,-1799.45,0.40,337.32,0.0000,0.0084,0,timeout
486,143,-193.30,3.53,351.64,0.0019,0.0000,0,collision
487,480,-124.17,4.34,814.16,0.0000,0.2042,1,goal
488,1001,-1528.14,1.40,794.54,0.0000,0.0000,0,timeout
489,1001,-1684.29,0.67,536.09,0.0000,0.0000,0,timeout
490,2,-201.74,0.00,0.10,0.0300,0.0000,0,collision
1277,421,-706.33,2.08,344.13,0.0002,0.0052,0,collision
1278,1001,-1748.35,0.55,447.91,0.0000,0.0245,0,timeout
1279,1001,-1755.52,0.59,484.78,0.0000,0.0000,0,timeout
1280,166,349.38,13.46,662.07,0.0000,0.0039,1,goal
1281,69,-166.34,7.86,255.07,0.0072,0.1656,0,collision
1282,1001,-1791.49,0.52,495.91,0.0000,0.0000,0,timeout
491,1001,-1636.30,1.44,462.52,0.0000,0.0000,0,timeout
492,69,-182.03,8.87,307.85,0.0051,0.0000,0,collision
493,58,-160.53,9.26,192.89,0.0081,0.0458,0,collision
494,124,-129.20,12.46,577.34,0.0078,0.0238,0,collision
495,216,-230.03,7.40,558.86,0.0093,0.0175,0,collision
496,1001,-1778.15,0.75,457.87,0.0000,0.0000,0,timeout
497,138,-240.58,4.46,412.68,0.0003,0.0796,0,collision
498,1001,-1780.08,0.68,408.99,0.0000,0.0000,0,timeout
499,1001,-1612.57,1.31,739.70,0.0000,0.0000,0,timeout
500,105,-106.57,13.71,220.68,0.0004,0.0251,0,collision
1283,734,-1423.63,1.36,294.80,0.0007,0.0000,0,collision
1284,1001,-1825.74,0.22,241.12,0.0000,0.0000,0,timeout
1285,1001,-1801.37,0.60,295.31,0.0000,0.0000,0,timeout
1286,1001,-1765.84,0.84,359.64,0.0000,0.0000,0,timeout
1287,59,-191.25,11.01,264.90,0.0240,0.0272,0,collision
1288,271,-304.66,4.34,792.94,0.0074,0.0539,0,collision
1289,52,-160.17,8.96,259.22,0.0182,0.0477,0,collision
1290,98,-188.78,6.55,422.94,0.0040,0.0808,0,collision
1291,266,-96.58,7.20,867.27,0.0014,0.0038,0,collision
1292,114,-142.80,6.07,438.58,0.0072,0.0753,0,collision
1293,6,-208.77,0.28,1.09,0.1265,0.1915,0,collision
1294,66,-212.65,7.73,128.29,0.0003,0.1419,0,collision
501,1,-200.00,0.00,0.00,0.0000,0.0000,0,collision
502,112,-253.67,1.90,132.30,0.0007,0.2364,0,collision
503,115,-149.20,5.65,398.96,0.0019,0.0135,0,collision
504,265,-87.94,8.43,890.53,0.0047,0.0379,0,collision
505,1001,-1332.11,1.76,901.82,0.0000,0.0191,0,timeout
506,1001,-1864.46,0.29,195.62,0.0000,0.0000,0,timeout
507,1001,-1740.45,0.82,400.92,0.0000,0.0000,0,timeout
508,1001,-1536.07,1.36,611.77,0.0000,0.0137,0,timeout
509,428,-189.08,6.11,1440.61,0.0029,0.0611,0,collision
510,1001,-1710.19,0.69,583.94,0.0000,0.0000,0,timeout
1295,193,-365.48,3.27,365.69,0.0079,0.0284,0,collision
1296,188,-264.14,4.36,552.03,0.0095,0.0229,0,collision
1297,131,-267.53,5.07,412.99,0.0147,0.1926,0,collision
1298,131,-106.06,11.01,540.80,0.0000,0.0260,0,collision
1299,1001,-1544.75,1.42,802.95,0.0000,0.0252,0,timeout
1300,1001,-1646.57,0.71,548.88,0.0000,0.0098,0,timeout
1301,377,242.93,6.59,1036.27,0.0000,0.0000,1,goal
1302,1001,-1577.90,0.85,653.08,0.0000,0.0000,0,timeout
1303,2,-201.74,0.00,0.10,0.0758,0.0000,0,collision
511,1001,-1762.45,0.84,342.68,0.0000,0.0000,0,timeout
512,1001,-1817.51,0.20,227.86,0.0000,0.0004,0,timeout
513,2,-200.98,0.00,0.10,0.1072,0.0000,0,collision
514,1001,-1649.27,0.71,415.67,0.0000,0.0020,0,timeout
515,1001,-1788.46,0.36,356.33,0.0000,0.0004,0,timeout
516,1001,-1841.88,0.30,389.02,0.0000,0.0000,0,timeout
517,164,-240.23,3.59,432.50,0.0104,0.2487,0,collision
518,1001,-1945.10,0.04,132.95,0.0000,0.0203,0,timeout
519,1001,-1388.13,1.45,945.24,0.0000,0.0223,0,timeout
520,1001,-1779.54,0.67,311.83,0.0000,0.0000,0,timeout
1304,526,-352.61,4.57,1437.22,0.0021,0.0000,0,collision
1305,1001,-1665.61,0.91,553.02,0.0000,0.0000,0,timeout
1306,1001,-1855.52,0.29,226.54,0.0000,0.0000,0,timeout
1307,1001,-1274.88,1.97,840.65,0.0000,0.1047,0,timeout
521,1001,-1457.33,1.42,857.72,0.0000,0.0109,0,timeout
522,1001,-1729.40,0.61,472.77,0.0000,0.0045,0,timeout
523,1001,-1819.38,0.35,303.46,0.0000,0.0000,0,timeout
524,69,-191.18,8.31,276.66,0.0030,0.0557,0,collision
525,1001,-1488.43,1.44,862.80,0.0000,0.0028,0,timeout
526,162,-165.09,8.44,222.93,0.0013,0.0000,0,collision
527,1001,-1845.95,0.21,257.72,0.0000,0.0000,0,timeout
528,261,-327.15,4.87,759.82,0.0054,0.1166,0,collision
529,1001,-1848.02,0.24,261.65,0.0000,0.0000,0,timeout
530,433,233.06,6.64,1422.30,0.0000,0.0386,1,goal
1308,899,-1577.16,1.85,756.55,0.0021,0.0040,0,collision
1309,508,232.37,5.31,1463.52,0.0000,0.0619,1,goal
1310,2,-200.42,0.57,0.83,0.3792,0.0000,0,collision
1311,102,-211.47,5.49,282.56,0.0196,0.2743,0,collision
1312,105,-239.71,6.18,370.02,0.0118,0.2604,0,collision
1313,1001,-1701.11,0.68,526.88,0.0000,0.0000,0,timeout
1314,1001,-1396.17,1.77,1206.65,0.0000,0.0050,0,timeout
1315,226,-267.03,4.09,577.61,0.0011,0.0269,0,collision
1316,2,-200.46,0.00,0.10,0.0355,0.0000,0,collision
1317,1001,-1852.78,0.31,303.74,0.0000,0.0000,0,timeout
1318,2,-200.51,1.04,2.51,0.0226,0.0000,0,collision
531,116,-180.57,6.21,367.71,0.0103,0.0537,0,collision
532,1001,-1447.24,0.98,781.32,0.0000,0.0043,0,timeout
533,1001,-1528.97,1.04,739.69,0.0000,0.0311,0,timeout
534,124,-239.94,4.98,358.66,0.0161,0.0239,0,collision
535,711,-245.94,3.73,1195.36,0.0000,0.0539,1,goal
536,1001,-1791.62,0.69,268.54,0.0000,0.0000,0,timeout
537,1001,-1459.64,1.20,821.06,0.0000,0.0000,0,timeout
538,246,-258.33,2.47,414.19,0.0045,0.0103,0,collision
539,1001,-930.87,1.92,1251.39,0.0000,0.0051,0,timeout
540,712,-324.10,3.30,1197.43,0.0000,0.0485,1,goal
1319,188,-232.80,7.14,752.29,0.0003,0.0000,0,collision
1320,1001,-849.08,2.16,1419.80,0.0000,0.0291,0,timeout
1321,424,-299.40,3.95,857.12,0.0000,0.0164,0,collision
1322,1001,-1200.08,1.42,973.38,0.0000,0.0207,0,timeout
1323,157,-249.99,3.87,423.47,0.0057,0.3175,0,collision
1324,1001,-1329.23,1.25,889.68,0.0000,0.0094,0,timeout
541,1001,-1753.26,0.68,387.76,0.0000,0.0000,0,timeout
542,356,-467.52,3.22,693.77,0.0000,0.1932,0,collision
543,471,-274.52,5.10,1386.19,0.0019,0.0195,0,collision
544,298,-400.45,2.03,428.81,0.0063,0.2550,0,collision
545,1001,-1602.79,0.68,524.46,0.0000,0.0042,0,timeout
546,606,32.79,4.59,1526.23,0.0000,0.0396,1,goal
547,457,102.48,5.96,1104.42,0.0000,0.0957,1,goal
548,1001,-1881.69,0.09,164.19,0.0000,0.0000,0,timeout
549,1001,-1633.43,0.80,600.64,0.0000,0.0020,0,timeout
550,1001,-1816.97,0.22,237.64,0.0000,0.0028,0,timeout
1325,645,-518.45,4.85,1176.56,0.0008,0.0821,0,collision
1326,596,-730.39,2.76,1082.58,0.0002,0.1036,0,collision
1327,1001,-1407.74,1.45,971.42,0.0000,0.0025,0,timeout
1328,1001,-1670.63,0.67,531.06,0.0000,0.0082,0,timeout
1329,1001,-1752.92,0.69,427.42,0.0000,0.0373,0,timeout
551,238,-214.13,8.23,504.12,0.0018,0.2327,0,collision
552,1001,-1766.80,0.69,291.24,0.0000,0.0068,0,timeout
553,1,-200.00,0.00,0.00,0.0000,0.0000,0,collision
554,1001,-1730.88,0.69,511.42,0.0000,0.0000,0,timeout
555,1001,-1737.57,0.71,566.54,0.0000,0.0006,0,timeout
556,1001,-1584.57,1.23,698.33,0.0000,0.0057,0,timeout
557,269,184.89,9.34,489.75,0.0000,0.0560,1,goal
558,1001,-1635.34,1.31,582.15,0.0000,0.0000,0,timeout
559,1001,-1671.33,1.05,703.00,0.0000,0.0134,0,timeout
560,191,-164.67,10.08,409.90,0.0021,0.0845,0,collision
1330,236,-303.04,5.74,541.57,0.0026,0.0365,0,collision
1331,1001,-1713.42,1.41,223.22,0.0000,0.0014,0,timeout
1332,58,-182.06,10.67,202.27,0.0345,0.0768,0,collision
1333,1001,-1564.92,1.31,747.31,0.0000,0.0017,0,timeout
1334,1001,-1753.65,0.39,378.40,0.0000,0.0000,0,timeout
561,48,-173.26,7.99,177.94,0.0376,0.1033,0,collision
562,347,-385.86,5.11,678.12,0.0010,0.0470,0,collision
563,3,-199.90,1.73,5.70,0.2238,0.0469,0,collision
564,151,-192.29,7.71,401.93,0.0074,0.0000,0,collision
565,69,-164.56,7.83,279.95,0.0074,0.0794,0,collision
566,1,-200.00,0.00,0.00,0.0000,0.0000,0,collision
567,231,-251.39,6.55,515.10,0.0009,0.0915,0,collision
568,1001,-1611.86,1.77,335.38,0.0000,0.0000,0,timeout
569,1001,-1781.35,0.60,462.91,0.0000,0.0000,0,timeout
570,1001,-1772.58,0.59,463.74,0.0000,0.0000,0,timeout
1335,1001,-1785.94,0.62,431.05,0.0000,0.0000,0,timeout
1336,1001,-1833.53,0.31,328.99,0.0000,0.0000,0,timeout
1337,1001,-1626.85,1.03,629.27,0.0000,0.0064,0,timeout
1338,1001,-1833.82,0.62,200.26,0.0000,0.0000,0,timeout
1339,296,-245.77,5.29,1087.18,0.0000,0.0038,0,collision
1340,303,-156.50,7.17,1118.61,0.0007,0.0526,0,collision
1341,145,-229.32,5.47,538.92,0.0000,0.1461,0,collision
1342,91,-185.92,7.35,444.51,0.0073,0.0163,0,collision
571,1001,-1771.52,0.59,443.37,0.0000,0.0011,0,timeout
572,429,31.90,5.06,768.28,0.0000,0.0574,1,goal
573,437,123.95,5.21,1273.30,0.0000,0.0000,1,goal
574,310,-271.70,4.68,876.23,0.0005,0.1178,0,collision
575,259,358.16,8.30,1323.58,0.0000,0.0000,1,goal
576,415,-183.97,5.62,1156.02,0.0024,0.0270,0,collision
577,1001,-1432.71,1.59,1054.66,0.0000,0.0001,0,timeout
578,1001,-1776.03,0.66,423.52,0.0000,0.0000,0,timeout
579,1001,-1647.06,0.85,609.01,0.0000,0.0076,0,timeout
580,1,-200.00,0.00,0.00,0.0000,0.0000,0,collision
1343,613,-843.85,2.26,822.52,0.0016,0.0000,0,collision
1344,334,188.45,5.46,788.57,0.0000,0.0561,1,goal
1345,195,-288.60,4.21,466.23,0.0091,0.1088,0,collision
1346,271,-319.87,3.94,542.80,0.0000,0.1084,0,collision
1347,216,-170.42,9.90,729.90,0.0021,0.0389,0,collision
1348,307,353.59,8.93,989.70,0.0000,0.0000,1,goal
1349,156,-228.05,3.87,438.50,0.0100,0.2571,0,collision
1350,150,-292.85,4.22,455.95,0.0029,0.2074,0,collision
1351,1001,-1698.54,0.69,581.32,0.0000,0.0026,0,timeout
1352,1001,-1425.45,1.96,1050.79,0.0000,0.0210,0,timeout
1353,3,-200.73,1.38,5.48,0.5835,0.1839,0,collision
581,1001,-1625.30,0.85,541.55,0.0000,0.0000,0,timeout
582,1001,-1757.21,0.69,355.16,0.0000,0.0000,0,timeout
583,1001,-1642.29,0.85,658.45,0.0000,0.0000,0,timeout
584,1001,-1663.40,0.68,486.78,0.0000,0.0000,0,timeout
585,319,-345.24,2.12,438.76,0.0005,0.1915,0,collision
586,1001,-1828.85,0.32,311.33,0.0000,0.0000,0,timeout
587,1001,-1570.64,1.42,601.22,0.0000,0.0000,0,timeout
588,1001,-1592.23,1.49,496.26,0.0000,0.0000,0,timeout
589,1001,-1204.84,1.82,1128.05,0.0000,0.0123,0,timeout
590,1001,-1763.71,0.59,432.57,0.0000,0.0000,0,timeout
1354,341,-289.05,6.05,873.09,0.0059,0.0578,0,collision
1355,376,-295.79,3.51,783.56,0.0022,0.1150,0,collision
1356,2,-200.43,0.49,0.65,0.2428,0.0000,0,collision
1357,1001,-1853.75,0.30,261.73,0.0000,0.0000,0,timeout
1358,2,-201.74,0.00,0.10,0.4873,0.0000,0,collision
1359,1001,-1770.15,0.36,328.88,0.0000,0.0004,0,timeout
1360,149,-166.30,4.66,433.59,0.0010,0.0064,0,collision
1361,1001,-1373.78,1.85,943.32,0.0000,0.0000,0,timeout
591,1001,-1623.71,1.32,557.91,0.0000,0.0000,0,timeout
592,73,-194.77,7.43,289.59,0.0150,0.0293,0,collision
593,186,-339.21,3.49,367.38,0.0073,0.2744,0,collision
594,495,140.51,5.82,1399.46,0.0000,0.0150,1,goal
595,1001,-1669.27,0.65,620.14,0.0000,0.0000,0,timeout
596,1,-200.00,0.00,0.00,0.0000,0.0000,0,collision
597,1001,-1606.58,1.09,489.15,0.0000,0.0000,0,timeout
598,1001,-1632.46,0.85,668.98,0.0000,0.0001,0,timeout
599,206,-395.28,3.07,306.22,0.0028,0.1769,0,collision
600,1001,-1880.98,0.12,200.71,0.0000,0.0000,0,timeout
1362,1001,-1143.87,1.04,819.84,0.0000,0.0000,0,timeout
1363,375,-384.47,4.54,1108.52,0.0022,0.1643,0,collision
1364,124,-273.89,4.63,182.89,0.0097,0.0671,0,collision
1365,1001,-1686.19,0.68,516.13,0.0000,0.0120,0,timeout
1366,68,-147.02,9.70,234.29,0.0156,0.0332,0,collision
1367,326,-249.46,7.00,689.86,0.0061,0.1834,0,collision
1368,357,-241.69,6.47,1074.51,0.0006,0.0433,0,collision
1369,1001,-1657.24,0.85,574.73,0.0000,0.0000,0,timeout
601,1,-200.00,0.00,0.00,0.0000,0.0000,0,collision
602,256,339.08,9.00,757.59,0.0000,0.0000,1,goal
603,224,285.37,10.25,704.92,0.0000,0.0156,1,goal
604,1001,-1851.40,0.24,264.54,0.0000,0.0000,0,timeout
605,1001,-1818.34,0.39,374.61,0.0000,0.0000,0,timeout
606,198,-287.02,3.40,520.63,0.0082,0.0268,0,collision
607,151,-358.22,1.97,167.50,0.0034,0.1580,0,collision
608,339,224.15,6.84,931.29,0.0000,0.0215,1,goal
609,471,175.10,6.16,1557.35,0.0000,0.0780,1,goal
610,365,-537.06,2.41,523.29,0.0032,0.3103,0,collision
1370,749,-740.62,3.34,1020.81,0.0012,0.0000,0,collision
1371,1001,-1440.16,1.49,768.86,0.0000,0.0000,0,timeout
1372,1001,-1703.81,0.59,534.80,0.0000,0.0011,0,timeout
1373,1001,-1699.58,0.69,522.93,0.0000,0.0000,0,timeout
611,163,-286.82,3.79,412.31,0.0079,0.1215,0,collision
612,1001,-1738.63,1.13,497.94,0.0000,0.0000,0,timeout
613,188,285.66,12.44,468.05,0.0000,0.0000,1,goal
614,120,-186.00,5.75,456.63,0.0000,0.2085,0,collision
615,2,-202.26,0.00,0.10,0.5526,0.3414,0,collision
616,1001,-1799.42,0.69,326.65,0.0000,0.0000,0,timeout
617,252,166.70,9.21,401.15,0.0000,0.0073,1,goal
618,283,296.52,8.08,959.86,0.0000,0.0000,1,goal
619,1001,-1771.98,0.59,365.43,0.0000,0.0006,0,timeout
620,1001,-1801.76,0.59,461.49,0.0000,0.0000,0,timeout
1374,634,-659.87,3.61,205.17,0.0000,0.0015,1,goal
1375,172,-80.05,11.24,674.79,0.0090,0.0085,0,collision
1376,1001,-1612.80,1.44,636.70,0.0000,0.0298,0,timeout
1377,1001,-1764.62,0.59,536.34,0.0000,0.0000,0,timeout
1378,246,-213.74,6.48,684.62,0.0036,0.0032,0,collision
1379,134,-273.64,4.15,320.37,0.0126,0.2154,0,collision
1380,187,-299.58,6.28,366.04,0.0067,0.1185,0,collision
1381,1001,-1695.65,0.66,612.82,0.0000,0.0005,0,timeout
621,245,-265.04,4.95,534.30,0.0062,0.1072,0,collision
622,2,-201.74,0.00,0.10,0.0218,0.0000,0,collision
623,1001,-1786.19,0.65,323.48,0.0000,0.0000,0,timeout
624,1001,-1667.80,0.66,576.48,0.0000,0.0000,0,timeout
625,63,-212.72,3.12,147.01,0.0159,0.2399,0,collision
626,239,275.47,9.90,496.25,0.0000,0.0052,1,goal
627,1001,-1875.76,0.26,204.08,0.0000,0.0000,0,timeout
628,171,-125.35,9.24,662.82,0.0003,0.0137,0,collision
629,1001,-1741.58,0.70,495.26,0.0000,0.0000,0,timeout
630,1001,-1629.36,1.15,713.85,0.0000,0.0008,0,timeout
1382,301,-221.78,6.21,1001.07,0.0066,0.0210,0,collision
1383,2,-200.41,0.79,1.49,0.1204,0.0000,0,collision
1384,213,-127.88,10.35,843.72,0.0013,0.0252,0,collision
1385,218,-116.92,7.17,775.28,0.0037,0.0719,0,collision
1386,3,-201.14,0.69,2.61,0.5726,0.0000,0,collision
1387,3,-201.11,1.67,5.12,0.0304,0.2363,0,collision
1388,1001,-1623.83,1.04,619.35,0.0000,0.0055,0,timeout
1389,1,-200.00,0.00,0.00,0.0000,0.0000,0,collision
1390,124,-172.71,6.22,275.94,0.0031,0.1064,0,collision
1391,147,-295.37,3.40,332.74,0.0048,0.1040,0,collision
1392,1001,-1665.32,0.69,581.15,0.0000,0.0000,0,timeout
1393,150,-141.57,7.94,695.28,0.0088,0.0165,0,collision
1394,366,282.87,7.45,1140.53,0.0000,0.1046,1,goal
1395,119,-298.58,6.27,166.10,0.0029,0.2659,0,collision
1396,175,-297.94,3.61,443.82,0.0085,0.0728,0,collision
631,1001,-1761.73,0.66,500.01,0.0000,0.0000,0,timeout
632,210,-65.32,11.84,619.76,0.0008,0.0597,0,collision
633,327,210.12,7.01,982.69,0.0000,0.0355,1,goal
634,86,-157.29,16.36,115.96,0.0000,0.0544,0,collision
635,1001,-1566.11,1.88,440.19,0.0000,0.0000,0,timeout
636,1001,-1630.91,1.03,738.82,0.0000,0.0030,0,timeout
637,1001,-1705.12,0.85,517.01,0.0000,0.0186,0,timeout
638,1001,-1783.02,0.67,454.54,0.0000,0.0000,0,timeout
639,1001,-1705.07,0.71,413.64,0.0000,0.0481,0,timeout
640,1001,-1836.90,0.30,294.61,0.0000,0.0000,0,timeout
1397,1001,-1038.37,2.58,1057.80,0.0000,0.0000,0,timeout
1398,93,-211.52,6.62,376.99,0.0191,0.1287,0,collision
1399,1001,-1694.23,0.69,454.50,0.0000,0.0074,0,timeout
1400,1001,-1764.97,0.45,397.89,0.0000,0.0000,0,timeout
1401,203,-261.04,3.10,407.34,0.0019,0.2786,0,collision
1402,284,332.21,7.59,962.39,0.0000,0.0059,1,goal
1403,229,-319.49,5.50,504.86,0.0081,0.0623,0,collision
1404,452,58.33,5.02,1183.60,0.0000,0.1854,1,goal
641,564,-441.02,3.34,1106.05,0.0023,0.1316,0,collision
642,274,-439.82,2.69,489.02,0.0053,0.2260,0,collision
643,1001,-1705.52,1.04,510.72,0.0000,0.0000,0,timeout
644,1001,-1729.73,0.53,392.50,0.0000,0.0023,0,timeout
645,570,140.14,4.82,1542.93,0.0000,0.0383,1,goal
646,1001,-1775.77,0.71,348.68,0.0000,0.0000,0,timeout
647,275,264.86,8.46,1020.56,0.0000,0.0013,1,goal
648,1,-200.00,0.00,0.00,0.0000,0.0000,0,collision
649,1001,-1735.52,0.66,504.57,0.0000,0.0000,0,timeout
650,599,-576.35,3.39,1228.84,0.0008,0.1204,0,collision
1405,389,-424.90,5.72,817.65,0.0012,0.0108,0,collision
1406,722,-230.95,3.32,1137.34,0.0000,0.1125,1,goal
1407,3,-203.86,0.10,0.25,0.0653,0.3030,0,collision
1408,395,-76.03,7.48,1027.97,0.0044,0.0179,0,collision
1409,111,-194.26,5.84,369.43,0.0000,0.2217,0,collision
1410,82,-167.29,7.53,284.34,0.0084,0.0004,0,collision
1411,118,-327.38,3.03,175.53,0.0153,0.3592,0,collision
1412,1001,-1673.26,0.69,481.45,0.0000,0.0010,0,timeout
1413,1001,-1890.00,0.17,265.72,0.0000,0.0000,0,timeout
651,194,-192.56,6.62,473.11,0.0004,0.1631,0,collision
652,1001,-1540.52,1.05,771.10,0.0000,0.0000,0,timeout
653,1001,-1312.55,1.95,1317.86,0.0000,0.0022,0,timeout
654,1001,-1651.62,0.85,652.94,0.0000,0.0018,0,timeout
655,95,-173.41,8.51,124.76,0.0074,0.0659,0,collision
656,247,-186.52,7.01,659.06,0.0007,0.0744,0,collision
657,177,-249.97,3.92,291.81,0.0019,0.2171,0,collision
658,3,-203.25,0.00,0.20,0.4932,0.0269,0,collision
659,2,-200.48,0.27,0.27,0.2698,0.0000,0,collision
660,1001,-1456.31,1.45,895.49,0.0000,0.0033,0,timeout
1414,708,-1055.73,2.91,844.55,0.0014,0.0106,0,collision
1415,112,-315.32,1.61,141.29,0.0041,0.1067,0,collision
1416,1001,-1787.30,0.58,462.67,0.0000,0.0000,0,timeout
1417,99,-185.02,7.10,109.47,0.0000,0.0444,0,collision
1418,267,-180.21,6.50,900.82,0.0033,0.0902,0,collision
1419,437,-355.95,3.95,876.49,0.0021,0.0527,0,collision
1420,1001,-1630.84,0.85,638.40,0.0000,0.0000,0,timeout
1421,225,-177.31,3.72,531.67,0.0034,0.0263,0,collision
1422,187,-203.29,5.43,474.24,0.0005,0.0393,0,collision
661,1001,-1479.06,1.41,982.61,0.0000,0.0019,0,timeout
662,1001,-1704.76,0.67,424.35,0.0000,0.0269,0,timeout
663,1001,-1717.16,0.85,600.25,0.0000,0.0000,0,timeout
664,550,80.48,5.40,1292.87,0.0000,0.0057,1,goal
665,1001,-1219.00,2.08,1047.79,0.0000,0.0667,0,timeout
666,1001,-1265.64,1.48,978.57,0.0000,0.0024,0,timeout
667,1001,-1089.39,1.94,1351.80,0.0000,0.0064,0,timeout
668,487,-451.25,2.73,877.86,0.0013,0.0493,0,collision
669,1001,-1742.19,0.39,320.04,0.0000,0.0006,0,timeout
670,147,-193.35,4.52,532.30,0.0057,0.1174,0,collision
1423,758,-1411.97,0.97,585.28,0.0011,0.0000,0,collision
1424,359,-232.64,3.89,750.96,0.0012,0.1374,0,collision
1425,233,-242.21,6.76,623.40,0.0052,0.0962,0,collision
1426,535,5.40,3.69,1283.58,0.0000,0.0000,1,goal
1427,261,-256.71,4.02,672.52,0.0077,0.1262,0,collision
1428,1001,-1627.33,0.69,532.01,0.0000,0.0103,0,timeout
1429,1001,-1704.73,1.04,413.48,0.0000,0.0000,0,timeout
671,307,-236.59,2.90,563.23,0.0048,0.0120,0,collision
672,1001,-1660.83,0.68,520.53,0.0000,0.0019,0,timeout
673,1001,-1807.22,0.58,350.51,0.0000,0.0000,0,timeout
674,88,-272.36,2.42,146.08,0.0226,0.1983,0,collision
675,454,-276.95,4.19,1311.52,0.0025,0.0212,0,collision
676,1001,-1573.55,1.04,705.58,0.0000,0.0045,0,timeout
677,170,-349.34,3.90,471.47,0.0107,0.3189,0,collision
678,1001,-1728.53,0.69,556.91,0.0000,0.0000,0,timeout
679,681,-516.53,2.39,1021.75,0.0012,0.1238,0,collision
680,1001,-1774.74,0.49,418.87,0.0000,0.0000,0,timeout
1430,1001,-1343.20,1.56,1007.70,0.0000,0.0268,0,timeout
1431,369,209.21,5.03,966.47,0.0000,0.0111,1,goal
1432,779,73.19,3.46,1717.54,0.0000,0.0251,1,goal
1433,605,72.82,3.80,1464.66,0.0000,0.0149,1,goal
1434,40,-209.00,5.22,115.73,0.0500,0.1782,0,collision
1435,1,-200.00,0.00,0.00,0.0000,0.0000,0,collision
1436,812,-594.48,2.64,1370.52,0.0007,0.0944,0,collision
1437,825,47.71,3.45,1735.16,0.0000,0.0319,1,goal
681,2,-201.08,1.04,2.51,0.1815,0.3879,0,collision
682,138,-242.56,4.91,406.86,0.0033,0.1266,0,collision
683,1001,-1523.52,1.58,858.11,0.0000,0.0000,0,timeout
684,90,-223.60,6.42,283.40,0.0222,0.1084,0,collision
685,177,-278.35,3.66,467.53,0.0091,0.0251,0,collision
686,93,-182.50,6.96,380.62,0.0035,0.0376,0,collision
687,272,-103.47,5.42,797.39,0.0074,0.0094,0,collision
688,406,-229.95,5.17,1239.05,0.0017,0.0478,0,collision
689,1001,-1781.80,0.59,444.39,0.0000,0.0000,0,timeout
690,1001,-1707.02,0.68,540.21,0.0000,0.0089,0,timeout
1438,1001,-683.42,3.00,1954.58,0.0000,0.0091,0,timeout
1439,1001,-1292.14,1.45,1067.40,0.0000,0.0085,0,timeout
1440,1001,-1647.36,0.85,569.33,0.0000,0.0034,0,timeout
1441,269,-139.73,7.75,1071.84,0.0006,0.0314,0,collision
1442,45,-207.61,8.06,222.49,0.0041,0.0905,0,collision
1443,1001,-1743.22,0.59,468.71,0.0000,0.0100,0,timeout
691,1001,-1839.44,0.29,306.18,0.0000,0.0000,0,timeout
692,435,-258.78,4.80,1154.88,0.0017,0.1156,0,collision
693,184,-274.61,2.31,306.83,0.0045,0.0620,0,collision
694,12,-217.05,0.35,2.73,0.1240,0.0000,0,collision
695,116,-233.01,5.60,310.37,0.0159,0.1250,0,collision
696,135,280.64,17.32,92.03,0.0000,0.0000,1,goal
697,45,-197.60,9.37,172.01,0.0137,0.0000,0,collision
698,1001,-1790.38,0.33,294.36,0.0000,0.0125,0,timeout
699,1001,-1574.75,1.10,708.44,0.0000,0.0000,0,timeout
700,3,-201.19,1.03,3.75,0.2017,0.0390,0,collision
1444,505,-400.12,5.65,1481.94,0.0008,0.0305,0,collision
1445,3,-201.59,0.84,2.60,0.0740,0.0000,0,collision
1446,127,-157.13,4.96,417.95,0.0090,0.0000,0,collision
1447,3,-203.27,0.14,0.31,0.0916,0.1213,0,collision
1448,1001,-1800.38,0.65,453.52,0.0000,0.0005,0,timeout
1449,1,-200.00,0.00,0.00,0.0000,0.0000,0,collision
1450,2,-201.74,0.00,0.10,0.4330,0.0000,0,collision
1451,1001,-1528.44,1.58,786.96,0.0000,0.0019,0,timeout
1452,59,-200.58,10.01,161.82,0.0177,0.1748,0,collision
1453,1001,-1571.94,1.02,673.17,0.0000,0.0000,0,timeout
1454,248,-317.40,6.23,490.64,0.0067,0.1586,0,collision
1455,2,-200.70,0.63,1.01,0.1942,0.0000,0,collision
701,71,-198.19,8.18,276.94,0.0231,0.0331,0,collision
702,2,-202.16,0.00,0.10,0.9943,0.2658,0,collision
703,90,-177.67,6.67,400.80,0.0000,0.0290,0,collision
704,259,389.72,10.34,1242.96,0.0000,0.0424,1,goal
705,1001,-1805.35,0.38,374.92,0.0000,0.0000,0,timeout
706,203,-164.04,5.75,750.63,0.0020,0.0266,0,collision
707,363,266.59,7.16,1249.32,0.0000,0.0758,1,goal
708,1001,-1808.04,0.68,307.73,0.0000,0.0000,0,timeout
709,371,-83.63,8.08,849.52,0.0013,0.0892,0,collision
710,23,-189.58,5.43,94.13,0.0093,0.1549,0,collision
1456,1001,-980.58,2.19,1224.25,0.0000,0.0067,0,timeout
1457,195,-115.48,7.01,782.77,0.0103,0.0101,0,collision
1458,185,-163.59,10.78,588.60,0.0108,0.0216,0,collision
1459,1,-200.00,0.00,0.00,0.0000,0.0000,0,collision
1460,1001,-1679.62,1.43,367.67,0.0000,0.0000,0,timeout
1461,531,-33.67,4.50,1321.66,0.0000,0.0346,1,goal
1462,109,-234.93,5.69,246.87,0.0015,0.0713,0,collision
1463,1001,-1419.20,1.94,996.39,0.0000,0.0157,0,timeout
711,132,-170.81,6.05,385.44,0.0050,0.1095,0,collision
712,109,-218.29,5.56,387.23,0.0002,0.0247,0,collision
713,153,-261.94,3.81,414.61,0.0089,0.0260,0,collision
714,426,343.11,6.68,1381.42,0.0000,0.0060,1,goal
715,2,-200.99,0.00,0.10,0.6452,0.0000,0,collision
716,1001,-1752.89,0.71,462.19,0.0000,0.0000,0,timeout
717,1001,-1861.23,0.24,268.05,0.0000,0.0000,0,timeout
718,1001,-1823.32,0.45,357.01,0.0000,0.0000,0,timeout
719,1001,-1664.79,0.69,580.93,0.0000,0.0014,0,timeout
720,1001,-1537.17,1.41,643.47,0.0000,0.0000,0,timeout
1464,1001,-1251.94,0.98,759.78,0.0000,0.0000,0,timeout
1465,1001,-1564.98,1.32,609.26,0.0000,0.0066,0,timeout
1466,381,-104.86,7.36,1283.75,0.0005,0.0514,0,collision
1467,1001,-1740.52,0.66,595.85,0.0000,0.0009,0,timeout
1468,181,-247.80,3.09,299.26,0.0021,0.0713,0,collision
1469,392,281.59,5.79,1195.68,0.0000,0.0345,1,goal
721,384,-296.54,4.73,1115.43,0.0049,0.1722,0,collision
722,1001,-1838.27,0.39,337.02,0.0000,0.0000,0,timeout
723,199,323.18,11.89,908.99,0.0000,0.0000,1,goal
724,1001,-1774.43,0.66,460.91,0.0000,0.0045,0,timeout
725,413,310.69,6.61,1340.83,0.0000,0.0197,1,goal
726,3,-201.81,1.21,1.71,0.0294,0.2875,0,collision
727,1,-200.00,0.00,0.00,0.0000,0.0000,0,collision
728,1001,-1518.06,1.63,620.10,0.0000,0.0000,0,timeout
729,1001,-1683.39,0.66,558.14,0.0000,0.0000,0,timeout
730,1001,-1543.09,1.04,750.64,0.0000,0.0000,0,timeout
1470,611,-443.09,6.63,1422.86,0.0003,0.0000,0,collision
1471,279,366.67,8.30,1201.80,0.0000,0.0186,1,goal
1472,85,-249.10,7.98,112.11,0.0054,0.1763,0,collision
1473,1001,-1848.53,0.20,265.27,0.0000,0.0000,0,timeout
1474,1001,-1782.58,0.59,412.59,0.0000,0.0112,0,timeout
1475,1001,-1617.11,1.32,768.59,0.0000,0.0000,0,timeout
1476,295,215.90,8.14,1024.63,0.0000,0.0000,1,goal
731,1001,-1740.77,0.68,531.14,0.0000,0.0000,0,timeout
732,164,-323.90,3.68,396.90,0.0072,0.1943,0,collision
733,1001,-1567.29,0.94,604.04,0.0000,0.0028,0,timeout
734,173,-238.50,5.76,469.77,0.0002,0.0873,0,collision
735,424,256.79,6.27,1224.05,0.0000,0.0793,1,goal
736,68,-195.22,2.87,101.86,0.0096,0.0750,0,collision
737,217,314.51,9.36,749.52,0.0000,0.0000,1,goal
738,242,-193.72,7.31,943.81,0.0033,0.0000,0,collision
739,84,-244.14,6.67,143.58,0.0059,0.2600,0,collision
740,348,408.13,7.75,1533.71,0.0000,0.0037,1,goal
1477,385,-448.77,5.09,761.51,0.0013,0.0897,0,collision
1478,100,-199.51,6.78,251.82,0.0044,0.2063,0,collision
1479,1001,-1726.67,0.66,537.20,0.0000,0.0087,0,timeout
1480,346,346.57,6.21,1194.38,0.0000,0.0000,1,goal
1481,2,-200.50,0.88,1.83,0.0766,0.0000,0,collision
1482,1001,-1534.21,1.40,774.55,0.0000,0.0033,0,timeout
1483,1001,-1681.79,0.69,570.90,0.0000,0.0053,0,timeout
741,1001,-1706.46,0.59,478.63,0.0000,0.0000,0,timeout
742,804,-200.27,2.91,1484.50,0.0000,0.0370,1,goal
743,1001,-1731.67,0.38,342.85,0.0000,0.0000,0,timeout
744,1001,-1616.11,0.67,495.43,0.0000,0.0178,0,timeout
745,451,-474.36,2.97,828.36,0.0017,0.1040,0,collision
746,1,-200.00,0.00,0.00,0.0000,0.0000,0,collision
747,141,-179.92,4.95,495.58,0.0051,0.0193,0,collision
748,1001,-1477.87,1.20,827.61,0.0000,0.0000,0,timeout
749,1001,-1653.57,0.89,697.45,0.0000,0.0000,0,timeout
750,1,-200.00,0.00,0.00,0.0000,0.0000,0,collision
1484,1001,-1163.81,1.80,808.91,0.0000,0.0208,0,timeout
1485,599,-140.63,3.89,1094.32,0.0000,0.0010,1,goal
1486,1001,-1566.22,1.02,760.30,0.0000,0.0063,0,timeout
1487,237,-364.81,2.70,420.25,0.0053,0.0729,0,collision
1488,194,-230.96,4.00,465.86,0.0021,0.1177,0,collision
1489,1001,-1448.85,1.00,791.94,0.0000,0.0003,0,timeout
751,359,386.82,6.82,1399.88,0.0000,0.0220,1,goal
752,1001,-1660.68,0.67,509.26,0.0000,0.0000,0,timeout
753,549,-18.38,3.61,1301.34,0.0000,0.0172,1,goal
754,1001,-1620.23,1.03,608.02,0.0000,0.0170,0,timeout
755,1001,-1395.14,1.54,995.19,0.0000,0.0043,0,timeout
756,1001,-1803.80,0.30,333.03,0.0000,0.0000,0,timeout
757,377,-344.97,3.79,862.60,0.0039,0.1200,0,collision
758,2,-200.97,0.00,0.10,0.3150,0.0241,0,collision
759,534,-633.37,2.45,869.60,0.0035,0.0809,0,collision
760,510,139.85,4.61,1368.73,0.0000,0.0009,1,goal
1490,1001,-773.45,3.13,1913.72,0.0000,0.0026,0,timeout
1491,25,-193.10,7.77,93.58,0.0800,0.0000,0,collision
1492,218,-214.79,3.92,523.14,0.0006,0.1723,0,collision
1493,1001,-1742.59,0.59,526.27,0.0000,0.0000,0,timeout
1494,129,-260.01,3.12,288.75,0.0155,0.0000,0,collision
1495,1001,-1651.43,0.81,556.92,0.0000,0.0043,0,timeout
1496,1001,-1677.17,0.69,529.72,0.0000,0.0010,0,timeout
761,2,-201.04,0.22,0.21,0.6047,0.0000,0,collision
762,1001,-1672.41,0.96,453.65,0.0000,0.0047,0,timeout
763,1001,-1766.32,0.71,395.44,0.0000,0.0000,0,timeout
764,1001,-1832.04,0.30,282.31,0.0000,0.0106,0,timeout
765,169,-99.23,9.20,698.13,0.0058,0.0947,0,collision
766,1,-200.00,0.00,0.00,0.0000,0.0000,0,collision
767,1001,-1720.92,1.43,302.34,0.0000,0.0000,0,timeout
768,40,-190.29,8.08,241.92,0.0500,0.0000,0,collision
769,34,-197.01,9.11,154.77,0.0198,0.0000,0,collision
770,1001,-1709.49,0.85,451.14,0.0000,0.0007,0,timeout
1497,559,-220.45,6.84,1821.70,0.0033,0.0185,0,collision
1498,1001,-1842.77,0.29,312.69,0.0000,0.0000,0,timeout
1499,173,-196.33,3.91,471.65,0.0000,0.1110,0,collision
1500,343,296.06,8.25,1268.94,0.0000,0.0313,1,goal
1501,52,-156.14,12.98,98.75,0.0361,0.0352,0,collision
1502,141,-158.71,8.64,451.12,0.0004,0.0697,0,collision
1503,229,-247.63,6.11,517.58,0.0087,0.0542,0,collision
1504,2,-200.46,1.04,2.51,0.0317,0.0000,0,collision
1505,129,-206.34,4.46,423.95,0.0121,0.2170,0,collision
1506,510,112.38,5.19,1521.76,0.0000,0.0258,1,goal
1507,216,-146.80,6.77,540.15,0.0030,0.0148,0,collision
1508,1001,-1624.06,0.98,506.05,0.0000,0.0031,0,timeout
771,1001,-1680.77,0.54,447.59,0.0000,0.0000,0,timeout
772,1001,-1847.77,0.39,415.60,0.0000,0.0000,0,timeout
773,2,-200.53,0.27,0.27,0.0996,0.0000,0,collision
774,526,308.60,5.57,1799.44,0.0000,0.0370,1,goal
775,1,-200.00,0.00,0.00,0.0000,0.0000,0,collision
776,164,-195.18,5.02,529.78,0.0032,0.1707,0,collision
777,559,-74.52,4.27,1569.12,0.0000,0.1128,1,goal
778,1001,-1105.85,2.07,1381.58,0.0000,0.0231,0,timeout
779,3,-203.25,0.00,0.20,0.3324,0.0000,0,collision
780,170,-343.25,3.87,342.86,0.0026,0.1822,0,collision
1509,15,-211.43,1.81,23.11,0.0568,0.0000,0,collision
1510,1001,-1473.72,1.44,859.91,0.0000,0.0463,0,timeout
1511,162,-192.12,6.50,629.38,0.0113,0.0000,0,collision
1512,68,-168.50,8.13,282.38,0.0158,0.0024,0,collision
1513,1001,-1591.86,1.23,638.54,0.0000,0.0087,0,timeout
1514,134,-149.39,8.86,476.99,0.0009,0.0381,0,collision
1515,117,-157.05,11.09,489.67,0.0066,0.0226,0,collision
1516,1001,-1370.79,1.42,919.80,0.0000,0.0066,0,timeout
781,1001,-1686.79,0.68,585.19,0.0000,0.0000,0,timeout
782,1001,-1741.08,0.49,458.86,0.0000,0.0000,0,timeout
783,1001,-1351.39,1.39,972.05,0.0000,0.0065,0,timeout
784,1,-200.00,0.00,0.00,0.0000,0.0000,0,collision
785,1001,-1377.67,1.41,950.43,0.0000,0.0000,0,timeout
786,3,-202.71,0.30,0.33,0.0719,0.0000,0,collision
787,1001,-1451.80,1.41,944.26,0.0000,0.0045,0,timeout
788,77,-247.10,3.06,112.19,0.0001,0.2025,0,collision
789,1001,-1817.11,0.39,401.77,0.0000,0.0000,0,timeout
790,114,-222.02,6.31,489.50,0.0046,0.0073,0,collision
1517,1001,-1339.43,1.49,957.05,0.0000,0.0021,0,timeout
1518,1001,-1583.00,1.26,604.44,0.0000,0.0000,0,timeout
1519,1001,-1707.24,0.69,467.03,0.0000,0.0274,0,timeout
1520,2,-200.97,0.00,0.10,0.6708,0.0000,0,collision
1521,1001,-1826.86,0.29,285.10,0.0000,0.0000,0,timeout
791,1001,-1772.38,0.68,447.43,0.0000,0.0000,0,timeout
792,77,-183.81,4.07,197.24,0.0036,0.0000,0,collision
793,116,-282.31,1.57,109.93,0.0073,0.2845,0,collision
794,58,-166.71,7.08,265.77,0.0010,0.0000,0,collision
795,1001,-1516.54,1.05,751.75,0.0000,0.0013,0,timeout
796,1001,-1756.37,0.69,448.85,0.0000,0.0000,0,timeout
797,283,-392.54,3.34,608.85,0.0006,0.1516,0,collision
798,1001,-1808.09,0.32,295.83,0.0000,0.0000,0,timeout
799,405,-251.80,3.84,1047.62,0.0020,0.0929,0,collision
800,418,-251.49,5.27,974.15,0.0011,0.0630,0,collision
1522,1001,-803.55,2.69,1758.02,0.0000,0.0186,0,timeout
1523,243,-186.47,5.21,711.59,0.0069,0.0442,0,collision
1524,128,-199.07,4.17,250.40,0.0007,0.1221,0,collision
1525,1001,-1645.51,0.66,563.15,0.0000,0.0000,0,timeout
1526,1001,-1637.71,0.80,598.15,0.0000,0.0017,0,timeout
1527,1001,-1775.06,0.71,261.91,0.0000,0.0000,0,timeout
801,118,-205.76,5.48,429.45,0.0013,0.0287,0,collision
802,116,-177.28,8.73,572.14,0.0019,0.0472,0,collision
803,119,-236.44,5.18,274.17,0.0043,0.0433,0,collision
804,2,-200.95,0.00,0.10,0.3818,0.0000,0,collision
805,1001,-1619.82,1.20,708.06,0.0000,0.0066,0,timeout
806,71,-155.42,10.41,307.41,0.0143,0.0000,0,collision
807,1001,-1835.08,0.26,320.61,0.0000,0.0000,0,timeout
808,44,-179.61,12.05,286.85,0.0103,0.0000,0,collision
809,1001,-1717.25,0.57,470.30,0.0000,0.0000,0,timeout
810,1001,-1806.60,0.65,350.66,0.0000,0.0000,0,timeout
1528,579,-920.21,2.16,773.73,0.0011,0.0464,0,collision
1529,396,318.65,7.69,1169.99,0.0000,0.0100,1,goal
1530,3,-202.22,0.45,1.24,0.0618,0.0000,0,collision
1531,1001,-1675.75,1.03,535.90,0.0000,0.0000,0,timeout
1532,341,264.78,6.70,995.32,0.0000,0.0143,1,goal
1533,56,-174.76,5.89,229.11,0.0084,0.0000,0,collision
1534,185,-255.82,6.09,530.21,0.0091,0.0968,0,collision
1535,1001,-1698.83,0.63,477.74,0.0000,0.0000,0,timeout
811,95,-234.29,4.40,292.03,0.0211,0.0224,0,collision
812,171,-129.98,11.98,506.19,0.0112,0.0182,0,collision
813,86,-216.11,5.85,243.24,0.0134,0.1552,0,collision
814,1001,-1840.85,0.35,322.35,0.0000,0.0056,0,timeout
815,27,-190.65,4.50,125.64,0.0272,0.0000,0,collision
816,1001,-1608.54,1.14,527.25,0.0000,0.0000,0,timeout
817,1001,-1745.89,0.67,479.62,0.0000,0.0000,0,timeout
818,1001,-1694.43,0.84,614.20,0.0000,0.0015,0,timeout
819,1001,-1478.26,1.58,997.81,0.0000,0.0000,0,timeout
820,134,-108.84,11.84,278.02,0.0120,0.0015,0,collision
1536,1001,-1593.88,1.31,742.95,0.0000,0.0000,0,timeout
1537,154,-118.57,7.67,592.69,0.0042,0.0854,0,collision
1538,1001,-1684.01,0.88,592.10,0.0000,0.0000,0,timeout
1539,124,-222.26,6.52,346.27,0.0079,0.2198,0,collision
1540,326,310.12,7.67,1319.94,0.0000,0.0117,1,goal
1541,94,-114.90,13.89,388.21,0.0000,0.0151,0,collision
1542,1001,-1531.46,1.25,536.72,0.0000,0.0042,0,timeout
1543,1001,-1697.57,0.66,524.90,0.0000,0.0000,0,timeout
1544,20,-195.92,4.71,70.33,0.0512,0.0000,0,collision
1545,83,-240.88,2.98,167.82,0.0041,0.0780,0,collision
1546,240,-207.20,5.88,649.99,0.0075,0.1299,0,collision
821,1001,-1619.36,1.20,769.20,0.0000,0.0000,0,timeout
822,2,-200.95,0.06,0.11,0.2281,0.0000,0,collision
823,533,-121.72,5.24,1358.78,0.0003,0.0368,0,collision
824,1,-200.00,0.00,0.00,0.0000,0.0000,0,collision
825,79,-253.57,2.58,123.61,0.0012,0.0786,0,collision
826,242,-186.72,4.98,554.25,0.0033,0.0968,0,collision
827,2,-201.08,0.00,0.10,0.8386,0.0000,0,collision
828,307,281.28,7.61,1091.65,0.0000,0.0000,1,goal
829,1001,-1605.82,0.70,509.00,0.0000,0.0000,0,timeout
830,2,-200.39,1.04,2.51,0.6923,0.0000,0,collision
1547,1001,-1151.48,0.72,608.83,0.0000,0.0005,0,timeout
1548,1001,-1578.27,0.91,663.90,0.0000,0.0114,0,timeout
1549,481,246.93,5.64,1637.28,0.0000,0.0059,1,goal
1550,1001,-1726.05,0.60,402.05,0.0000,0.0000,0,timeout
1551,228,-250.38,5.31,615.65,0.0068,0.1013,0,collision
1552,152,-268.57,2.39,242.79,0.0085,0.0809,0,collision
831,425,-325.15,3.11,865.45,0.0047,0.0565,0,collision
832,263,-118.14,7.95,1120.80,0.0076,0.0027,0,collision
833,2,-200.99,0.00,0.10,0.3989,0.0000,0,collision
834,356,-196.09,5.94,1170.16,0.0056,0.0536,0,collision
835,153,-247.93,4.11,440.41,0.0062,0.0163,0,collision
836,438,-172.87,4.40,1048.68,0.0020,0.0260,0,collision
837,510,-457.97,3.01,883.47,0.0035,0.1134,0,collision
838,2,-200.45,1.03,2.49,0.9975,0.0000,0,collision
839,1001,-1388.10,1.32,936.22,0.0000,0.0000,0,timeout
840,1001,-1793.09,0.39,345.17,0.0000,0.0000,0,timeout
1553,944,-679.51,3.71,2239.30,0.0003,0.0704,0,collision
1554,1001,-1701.41,0.68,577.37,0.0000,0.0001,0,timeout
1555,1001,-1541.53,1.14,789.42,0.0000,0.0008,0,timeout
1556,1001,-1654.76,0.69,539.86,0.0000,0.0000,0,timeout
841,172,-286.10,3.41,345.32,0.0038,0.1515,0,collision
842,1001,-1654.12,0.67,542.59,0.0000,0.0000,0,timeout
843,528,304.96,5.19,1507.73,0.0000,0.0105,1,goal
844,2,-201.74,0.00,0.10,0.5707,0.0000,0,collision
845,1001,-1171.97,2.18,1441.95,0.0000,0.0108,0,timeout
846,1001,-1765.14,0.38,309.87,0.0000,0.0000,0,timeout
847,1001,-1416.32,1.41,979.59,0.0000,0.0000,0,timeout
848,235,-286.09,4.51,613.55,0.0034,0.0537,0,collision
849,1001,-1554.31,0.91,620.71,0.0000,0.0186,0,timeout
850,207,-279.02,3.83,469.48,0.0025,0.0687,0,collision
1557,598,-953.09,1.92,809.67,0.0014,0.0176,0,collision
1558,624,-188.51,4.61,1641.02,0.0001,0.0349,0,collision
1559,364,243.47,5.24,1021.02,0.0000,0.0000,1,goal
1560,1001,-1674.53,0.85,494.65,0.0000,0.0000,0,timeout
1561,1001,-1655.66,0.66,495.64,0.0000,0.0000,0,timeout
851,1001,-1706.16,0.59,491.78,0.0000,0.0000,0,timeout
852,603,93.29,4.47,1473.22,0.0000,0.0046,1,goal
853,1001,-1627.42,0.70,550.10,0.0000,0.0002,0,timeout
854,658,32.68,3.99,1645.20,0.0000,0.0133,1,goal
855,747,-109.67,3.48,1228.30,0.0000,0.0768,1,goal
856,1001,-1802.39,0.29,312.87,0.0000,0.0000,0,timeout
857,1001,-1005.52,2.15,1348.41,0.0000,0.0035,0,timeout
858,1001,-1205.75,2.00,1127.07,0.0000,0.0045,0,timeout
859,664,-32.27,4.17,1549.06,0.0000,0.0258,1,goal
860,1001,-1637.40,0.69,516.65,0.0000,0.0000,0,timeout
1562,1001,-1653.21,0.80,547.73,0.0000,0.0000,0,timeout
1563,97,-190.80,4.27,248.51,0.0072,0.0778,0,collision
1564,1,-200.00,0.00,0.00,0.0000,0.0000,0,collision
1565,992,-742.24,2.84,1629.48,0.0009,0.1537,0,collision
1566,159,-206.62,3.10,358.75,0.0126,0.0091,0,collision
1567,24,-248.81,0.33,6.74,0.0023,0.7934,0,collision
1568,341,-174.98,4.33,930.71,0.0006,0.0007,0,collision
1569,1001,-1467.20,1.05,721.33,0.0000,0.0000,0,timeout
1570,537,-4.53,4.35,1184.50,0.0000,0.0133,1,goal
861,705,-773.52,2.73,1292.46,0.0000,0.1343,0,collision
862,574,-709.22,2.34,888.70,0.0030,0.0651,0,collision
863,772,-805.73,2.36,1189.05,0.0015,0.0891,0,collision
864,1001,-1593.75,0.84,637.77,0.0000,0.0000,0,timeout
865,1001,-1662.65,0.66,538.08,0.0000,0.0000,0,timeout
866,1001,-1632.96,0.66,440.29,0.0000,0.0068,0,timeout
867,1001,-1538.77,0.83,556.32,0.0000,0.0198,0,timeout
868,468,-475.78,3.56,919.57,0.0043,0.0763,0,collision
869,1001,-1685.56,0.55,432.26,0.0000,0.0000,0,timeout
870,89,-227.05,4.80,300.50,0.0027,0.0000,0,collision
1571,1001,-1365.55,2.01,958.97,0.0000,0.0000,0,timeout
1572,202,-214.45,3.36,398.51,0.0099,0.0763,0,collision
1573,109,-183.86,4.67,348.68,0.0117,0.0000,0,collision
1574,535,-426.78,2.35,740.94,0.0002,0.1160,0,collision
1575,1001,-1319.44,1.56,1041.80,0.0000,0.0032,0,timeout
1576,1001,-1075.40,2.05,1363.70,0.0000,0.0738,0,timeout
1577,582,-463.01,3.62,1390.48,0.0023,0.0919,0,collision
871,1001,-1324.09,1.35,995.71,0.0000,0.0000,0,timeout
872,1001,-1750.87,0.53,441.08,0.0000,0.0197,0,timeout
873,1001,-1630.53,0.60,463.05,0.0000,0.0017,0,timeout
874,1001,-837.91,1.95,1234.88,0.0000,0.0404,0,timeout
875,1001,-665.59,2.29,1428.66,0.0000,0.0061,0,timeout
876,729,153.67,4.03,1713.17,0.0000,0.0180,1,goal
877,694,240.60,4.18,1866.46,0.0000,0.0107,1,goal
878,1001,-851.94,2.13,1345.98,0.0000,0.0070,0,timeout
879,348,-214.27,5.39,984.17,0.0016,0.0202,0,collision
880,1001,-1840.10,0.30,258.68,0.0000,0.0000,0,timeout
1578,737,-1168.18,1.76,829.78,0.0023,0.0173,0,collision
1579,664,-432.75,3.30,1298.17,0.0005,0.0703,0,collision
1580,178,-274.76,3.98,440.08,0.0052,0.0000,0,collision
1581,1001,-1462.32,1.45,784.66,0.0000,0.0044,0,timeout
1582,1001,-1339.47,1.44,911.44,0.0000,0.0162,0,timeout
1583,65,-243.80,3.50,152.14,0.0293,0.1482,0,collision
881,1001,-1520.70,1.05,755.40,0.0000,0.0000,0,timeout
882,332,-278.06,2.68,605.44,0.0005,0.0709,0,collision
883,1001,-1530.93,1.10,706.45,0.0000,0.0001,0,timeout
884,1001,-1656.59,0.58,422.90,0.0000,0.0035,0,timeout
885,216,-211.90,3.35,451.23,0.0019,0.0000,0,collision
886,1001,-1289.96,1.62,999.30,0.0000,0.0014,0,timeout
887,1001,-1538.57,1.20,814.18,0.0000,0.0025,0,timeout
888,1001,-1600.37,0.90,667.77,0.0000,0.0020,0,timeout
889,170,-198.07,3.21,334.94,0.0051,0.0000,0,collision
890,1001,-1433.25,1.42,987.38,0.0000,0.0000,0,timeout
1584,1001,-1411.87,1.68,946.65,0.0000,0.0021,0,timeout
1585,131,-255.43,4.95,429.21,0.0008,0.1544,0,collision
1586,631,229.36,4.64,1642.98,0.0000,0.0132,1,goal
1587,691,-270.55,3.90,1705.90,0.0012,0.0249,0,collision
1588,1001,-1391.28,1.41,963.05,0.0000,0.0432,0,timeout
1589,583,-650.79,2.53,986.42,0.0018,0.2404,0,collision
1590,120,-138.70,5.78,445.77,0.0036,0.0000,0,collision
1591,393,-220.17,3.64,956.09,0.0012,0.0326,0,collision
1592,2,-201.74,0.00,0.10,0.8608,0.0000,0,collision
891,1001,-1730.24,0.46,354.67,0.0000,0.0033,0,timeout
892,1001,-1388.05,1.31,852.88,0.0000,0.0155,0,timeout
893,122,-154.94,5.69,409.16,0.0074,0.0000,0,collision
894,1001,-1840.23,0.29,308.92,0.0000,0.0000,0,timeout
895,454,-179.20,4.96,1267.25,0.0002,0.0514,0,collision
896,814,78.02,3.53,1794.05,0.0000,0.1045,1,goal
897,730,-604.71,3.81,1309.02,0.0027,0.2239,0,collision
898,1001,-1237.27,1.87,1231.20,0.0000,0.0223,0,timeout
899,443,-210.16,5.24,1287.98,0.0045,0.1142,0,collision
900,1,-200.00,0.00,0.00,0.0000,0.0000,0,collision
1593,549,-483.08,2.26,573.47,0.0000,0.0000,1,goal
1594,1001,-1752.42,0.56,472.16,0.0000,0.0000,0,timeout
1595,96,-328.76,1.44,95.74,0.0067,0.2642,0,collision
1596,1001,-1234.29,1.91,901.37,0.0000,0.0012,0,timeout
1597,1001,-1756.59,0.59,436.08,0.0000,0.0508,0,timeout
901,163,-167.38,10.10,508.99,0.0040,0.0381,0,collision
902,1001,-1650.61,1.00,760.72,0.0000,0.0000,0,timeout
903,1001,-1803.28,0.39,385.92,0.0000,0.0000,0,timeout
904,141,-257.02,4.50,435.68,0.0057,0.0835,0,collision
905,1001,-1758.92,0.69,437.61,0.0000,0.0000,0,timeout
906,1001,-1532.99,1.50,691.20,0.0000,0.0000,0,timeout
907,1001,-1795.10,0.58,377.32,0.0000,0.0000,0,timeout
908,116,-237.62,4.37,326.97,0.0080,0.0701,0,collision
909,1001,-1685.46,0.83,425.33,0.0000,0.0050,0,timeout
910,258,-167.33,8.30,876.56,0.0074,0.0824,0,collision
1598,1001,-1454.17,1.22,824.46,0.0000,0.0037,0,timeout
1599,2,-200.98,0.00,0.10,0.2785,0.0000,0,collision
1600,236,267.04,9.94,881.88,0.0000,0.0000,1,goal
1601,1,-200.00,0.00,0.00,0.0000,0.0000,0,collision
1602,1001,-1750.11,0.85,398.49,0.0000,0.0000,0,timeout
1603,119,-161.46,10.18,449.31,0.0077,0.0350,0,collision
1604,2,-200.43,1.04,2.51,0.0198,0.0000,0,collision
1605,1001,-1561.85,1.61,741.67,0.0000,0.0000,0,timeout
1606,1001,-1770.92,0.66,382.41,0.0000,0.0000,0,timeout
1607,1,-200.00,0.00,0.00,0.0000,0.0000,0,collision
911,1001,-1837.85,0.29,320.36,0.0000,0.0000,0,timeout
912,87,-245.32,3.62,236.73,0.0053,0.1551,0,collision
913,211,391.71,11.56,1086.89,0.0000,0.0000,1,goal
914,102,-233.54,6.48,298.61,0.0046,0.0817,0,collision
915,232,-67.08,6.80,928.18,0.0025,0.0214,0,collision
916,1001,-1720.81,0.59,481.73,0.0000,0.0173,0,timeout
917,1001,-1772.92,0.59,491.26,0.0000,0.0000,0,timeout
918,236,-180.31,7.63,841.84,0.0075,0.1202,0,collision
919,1,-200.00,0.00,0.00,0.0000,0.0000,0,collision
920,1001,-1710.30,0.67,561.23,0.0000,0.0000,0,timeout
1608,734,-1353.39,1.63,513.51,0.0005,0.0040,0,collision
1609,113,-181.35,5.73,376.00,0.0084,0.2117,0,collision
1610,2,-200.39,1.04,2.51,0.2086,0.0000,0,collision
1611,150,-284.91,4.09,313.07,0.0129,0.0232,0,collision
1612,267,-295.31,5.86,588.07,0.0029,0.2377,0,collision
1613,275,301.79,10.14,1000.33,0.0000,0.0196,1,goal
1614,115,-203.95,5.78,328.76,0.0137,0.2715,0,collision
1615,96,-241.13,3.57,178.61,0.0155,0.0831,0,collision
1616,135,-201.20,6.71,349.43,0.0016,0.0575,0,collision
1617,1001,-1409.16,1.76,1006.56,0.0000,0.0000,0,timeout
1618,3,-203.57,0.00,0.20,0.1462,0.2292,0,collision
1619,339,-115.09,5.96,965.14,0.0026,0.0428,0,collision
1620,102,-204.78,5.85,407.40,0.0013,0.0236,0,collision
1621,1001,-1638.57,1.03,584.73,0.0000,0.0000,0,timeout
1622,231,285.22,10.04,943.59,0.0000,0.0000,1,goal
921,181,-184.68,6.46,641.98,0.0024,0.0163,0,collision
922,1001,-1745.21,0.68,360.30,0.0000,0.0000,0,timeout
923,191,-167.15,6.94,644.26,0.0009,0.0802,0,collision
924,234,263.11,9.72,575.43,0.0000,0.0043,1,goal
925,172,-180.90,5.33,576.25,0.0000,0.0402,0,collision
926,1001,-1851.32,0.25,297.80,0.0000,0.0000,0,timeout
927,223,-152.77,8.38,846.67,0.0014,0.1003,0,collision
928,286,411.58,9.81,887.33,0.0000,0.0069,1,goal
929,131,-137.16,10.26,436.33,0.0037,0.0000,0,collision
930,1001,-1609.49,1.10,631.55,0.0000,0.0000,0,timeout
1623,1001,-1082.86,1.35,862.09,0.0000,0.0065,0,timeout
1624,268,368.18,9.24,1105.78,0.0000,0.0041,1,goal
1625,110,-195.61,6.17,294.70,0.0080,0.2478,0,collision
1626,109,-138.23,6.62,455.98,0.0034,0.0000,0,collision
1627,1001,-1455.32,1.40,847.64,0.0000,0.0000,0,timeout
1628,104,-174.59,11.38,243.48,0.0125,0.0175,0,collision
1629,1001,-1449.83,1.74,928.76,0.0000,0.0000,0,timeout
1630,101,-149.76,6.83,386.92,0.0102,0.1167,0,collision
1631,40,-198.93,4.45,133.22,0.0151,0.0975,0,collision
1632,2,-200.97,0.00,0.10,0.8610,0.0241,0,collision
931,1001,-1776.14,0.69,470.53,0.0000,0.0000,0,timeout
932,154,-215.07,3.80,390.85,0.0091,0.1338,0,collision
933,1001,-1857.08,0.22,294.79,0.0000,0.0007,0,timeout
934,79,-180.48,8.05,318.96,0.0077,0.0230,0,collision
935,114,-171.20,5.30,351.32,0.0125,0.0943,0,collision
936,1001,-1750.00,0.66,499.07,0.0000,0.0000,0,timeout
937,3,-201.02,0.61,0.92,0.2718,0.0000,0,collision
938,216,-177.80,6.45,762.03,0.0023,0.0450,0,collision
939,1001,-1796.66,0.59,338.24,0.0000,0.0000,0,timeout
940,1001,-1818.78,0.59,164.06,0.0000,0.0000,0,timeout
1633,698,-1234.56,1.72,1001.96,0.0001,0.0000,0,collision
1634,313,359.71,8.03,1338.63,0.0000,0.0000,1,goal
1635,1001,-1621.75,0.91,657.55,0.0000,0.0006,0,timeout
1636,1001,-1802.76,0.70,285.81,0.0000,0.0000,0,timeout
1637,217,-202.97,8.16,821.04,0.0027,0.0511,0,collision
1638,112,-197.66,6.06,269.32,0.0040,0.1425,0,collision
1639,1001,-1464.25,1.71,807.65,0.0000,0.0002,0,timeout
941,1001,-1789.80,0.67,282.82,0.0000,0.0000,0,timeout
942,115,-249.19,4.25,333.15,0.0000,0.1200,0,collision
943,379,235.45,7.05,1234.49,0.0000,0.0225,1,goal
944,1001,-1675.74,1.41,372.28,0.0000,0.0000,0,timeout
945,235,-170.30,5.93,886.58,0.0018,0.0798,0,collision
946,129,-172.88,5.29,413.46,0.0077,0.0279,0,collision
947,1001,-1723.02,0.59,437.12,0.0000,0.0000,0,timeout
948,257,-177.07,5.18,707.83,0.0078,0.0876,0,collision
949,1001,-1747.34,0.59,525.95,0.0000,0.0000,0,timeout
950,1001,-1765.18,0.70,263.02,0.0000,0.0000,0,timeout
1640,919,-1030.79,3.66,1823.94,0.0001,0.1226,0,collision
1641,333,-124.97,4.82,992.88,0.0058,0.0157,0,collision
1642,338,216.64,5.88,869.83,0.0000,0.0336,1,goal
1643,1001,-1694.60,0.67,566.21,0.0000,0.0004,0,timeout
1644,1001,-1882.53,0.10,181.54,0.0000,0.0035,0,timeout
951,1001,-1549.80,1.41,900.69,0.0000,0.0001,0,timeout
952,412,-365.87,4.80,1090.26,0.0022,0.1087,0,collision
953,2,-200.97,0.00,0.10,0.4123,0.0000,0,collision
954,458,308.51,6.75,1416.08,0.0000,0.0594,1,goal
955,319,348.42,6.94,1219.10,0.0000,0.0000,1,goal
956,1001,-1494.75,1.37,946.37,0.0000,0.0000,0,timeout
957,1001,-1089.98,2.13,1445.51,0.0000,0.0027,0,timeout
958,314,324.86,7.89,1136.74,0.0000,0.0052,1,goal
959,1001,-1768.78,0.66,399.58,0.0000,0.0000,0,timeout
960,1001,-1708.04,0.69,552.04,0.0000,0.0000,0,timeout
1645,1001,-1482.92,1.68,1078.22,0.0000,0.0018,0,timeout
1646,6,-205.88,0.49,2.23,0.1353,0.0000,0,collision
1647,120,-179.73,7.20,592.12,0.0147,0.0000,0,collision
1648,310,303.01,7.50,1242.26,0.0000,0.0058,1,goal
1649,245,-273.31,5.61,662.94,0.0016,0.1307,0,collision
1650,116,-140.45,5.94,435.56,0.0006,0.0000,0,collision
1651,138,-162.85,7.98,459.61,0.0005,0.0939,0,collision
1652,88,-265.65,2.96,182.09,0.0158,0.0763,0,collision
1653,1001,-1589.25,1.32,565.65,0.0000,0.0215,0,timeout
1654,100,-244.43,4.27,268.90,0.0106,0.1490,0,collision
1655,1001,-1800.20,0.40,295.83,0.0000,0.0002,0,timeout
1656,83,-179.16,8.14,282.32,0.0015,0.0000,0,collision
1657,129,-264.09,3.51,306.15,0.0113,0.1118,0,collision
961,348,-284.75,4.88,940.47,0.0012,0.0575,0,collision
962,170,-221.62,3.05,323.06,0.0065,0.0000,0,collision
963,137,-212.25,4.41,396.54,0.0027,0.0392,0,collision
964,238,-224.87,5.88,616.78,0.0008,0.0294,0,collision
965,1001,-1769.17,0.68,435.98,0.0000,0.0000,0,timeout
966,117,-183.32,5.53,387.65,0.0000,0.0257,0,collision
967,1,-200.00,0.00,0.00,0.0000,0.0000,0,collision
968,462,-157.25,4.50,1296.02,0.0014,0.0107,0,collision
969,122,-247.37,3.63,266.77,0.0075,0.0445,0,collision
970,1001,-1508.28,1.15,689.89,0.0000,0.0030,0,timeout
1658,1001,-1418.25,0.98,750.74,0.0000,0.0013,0,timeout
1659,1001,-1672.21,0.81,620.48,0.0000,0.0000,0,timeout
1660,1001,-1674.60,0.69,606.34,0.0000,0.0000,0,timeout
1661,106,-231.28,5.99,373.40,0.0189,0.1086,0,collision
1662,1001,-1665.94,0.69,586.95,0.0000,0.0000,0,timeout
971,344,-359.28,2.02,404.11,0.0011,0.0318,0,collision
972,214,-249.92,2.69,345.55,0.0039,0.0253,0,collision
973,1001,-542.94,2.11,1340.41,0.0000,0.0096,0,timeout
974,1001,-1603.72,0.69,422.53,0.0000,0.0000,0,timeout
975,1001,-1764.69,0.29,290.59,0.0000,0.0000,0,timeout
976,1001,-1287.80,1.31,841.23,0.0000,0.0012,0,timeout
977,268,-303.92,2.45,473.97,0.0007,0.0150,0,collision
978,1001,-697.28,1.58,978.67,0.0000,0.0157,0,timeout
979,1001,-1485.05,0.85,625.00,0.0000,0.0018,0,timeout
980,3,-202.25,0.68,2.55,0.4599,0.2260,0,collision
1663,1001,-1131.08,1.75,969.72,0.0000,0.0310,0,timeout
1664,1001,-1735.54,0.38,332.01,0.0000,0.0053,0,timeout
1665,1001,-521.18,2.18,1337.56,0.0000,0.0201,0,timeout
1666,2,-201.74,0.00,0.10,0.7780,0.0000,0,collision
1667,1,-200.00,0.00,0.00,0.0000,0.0000,0,collision
1668,1001,-1784.01,0.29,271.43,0.0000,0.0000,0,timeout
981,1001,-1433.10,1.15,753.66,0.0000,0.0241,0,timeout
982,964,-979.08,2.04,1228.31,0.0002,0.0064,0,collision
983,1001,-871.73,1.94,1193.92,0.0000,0.0034,0,timeout
984,1001,-1438.70,1.30,846.10,0.0000,0.0014,0,timeout
985,1001,-1257.21,1.56,979.52,0.0000,0.0033,0,timeout
986,1001,-496.27,2.45,1529.66,0.0000,0.0755,0,timeout
987,142,-194.43,3.57,365.83,0.0101,0.0000,0,collision
