episode,steps,ep_reward,avg_speed,total_energy,wiggle,safety,success,reason
1,278,-158.62,2.12,30.65,0.0014,0.0236,0,collision
2,287,-127.65,2.33,117.25,0.0036,0.0386,0,collision
3,352,-243.13,1.67,179.41,0.0032,0.0466,0,collision
4,335,-231.74,1.77,73.95,0.0038,0.0250,0,collision
5,432,-259.60,1.59,146.60,0.0036,0.0000,0,collision
6,554,-268.80,1.65,153.29,0.0015,0.0221,0,collision
7,367,-243.36,1.62,85.77,0.0035,0.0363,0,collision
8,383,-267.85,1.54,111.45,0.0058,0.0150,0,collision
9,544,-433.04,1.12,147.09,0.0016,0.0058,0,collision
10,380,-291.96,1.56,129.45,0.0048,0.0304,0,collision
1,562,-443.18,1.15,176.35,0.0033,0.0000,0,collision
2,433,-341.64,1.39,96.32,0.0028,0.0362,0,collision
3,338,-218.52,1.80,57.03,0.0020,0.0465,0,collision
4,541,-370.14,1.36,164.60,0.0004,0.0000,0,collision
11,281,-166.94,2.05,66.30,0.0062,0.0000,0,collision
12,328,-62.75,2.52,182.15,0.0045,0.0544,0,collision
13,380,-231.97,1.75,147.47,0.0054,0.0149,0,collision
14,272,-133.99,2.42,120.52,0.0061,0.0022,0,collision
15,371,-191.11,1.91,119.02,0.0039,0.0152,0,collision
16,574,-295.95,1.70,174.83,0.0032,0.0047,0,collision
17,344,-235.94,1.72,61.79,0.0029,0.0047,0,collision
18,557,-237.80,1.69,252.60,0.0021,0.0000,0,collision
19,184,-69.73,3.30,55.88,0.0062,0.0004,0,collision
20,180,-16.15,4.70,155.63,0.0145,0.0095,0,collision
5,465,-198.55,1.96,121.12,0.0054,0.0003,0,collision
6,254,-113.65,2.39,156.50,0.0097,0.0481,0,collision
7,311,-226.51,1.81,125.91,0.0048,0.0319,0,collision
8,289,-85.86,2.51,205.94,0.0053,0.0374,0,collision
9,354,-225.36,1.66,165.46,0.0073,0.0489,0,collision
10,286,-177.18,2.14,166.77,0.0072,0.0098,0,collision
11,143,-44.08,4.15,55.04,0.0106,0.0675,0,collision
21,201,-102.82,3.06,115.01,0.0057,0.1131,0,collision
22,251,-78.29,2.73,133.71,0.0083,0.0000,0,collision
23,246,-74.76,2.49,100.91,0.0088,0.0000,0,collision
24,130,-7.95,6.35,-11.30,0.0061,0.0000,0,collision
25,365,-166.27,2.07,53.22,0.0065,0.0000,0,collision
26,290,-164.41,2.00,162.57,0.0030,0.0200,0,collision
27,282,-164.26,2.20,132.92,0.0083,0.0480,0,collision
28,225,-114.04,2.94,145.55,0.0082,0.0000,0,collision
29,183,-99.47,3.22,12.10,0.0074,0.0359,0,collision
30,130,-16.42,5.37,197.81,0.0145,0.0000,0,collision
12,393,-35.93,2.64,257.94,0.0021,0.0186,0,collision
13,366,-291.30,1.57,144.39,0.0038,0.0462,0,collision
14,253,-126.52,2.39,125.87,0.0021,0.0040,0,collision
15,216,-10.62,3.66,168.69,0.0037,0.0000,0,collision
16,289,-138.88,2.35,126.70,0.0056,0.0561,0,collision
17,333,-199.08,1.79,136.30,0.0049,0.0207,0,collision
18,127,-36.40,5.13,18.29,0.0058,0.0173,0,collision
31,150,-85.46,3.86,108.41,0.0124,0.0117,0,collision
32,247,-119.81,2.42,103.56,0.0080,0.0354,0,collision
33,109,-37.24,6.98,-30.36,0.0088,0.0000,0,collision
34,214,-115.09,2.77,60.05,0.0074,0.0497,0,collision
35,151,-21.52,3.95,81.72,0.0074,0.0469,0,collision
36,196,-83.94,3.03,171.76,0.0066,0.0698,0,collision
37,132,-53.21,4.45,44.35,0.0106,0.0000,0,collision
38,130,81.34,6.14,118.58,0.0136,0.0000,0,collision
39,240,-171.45,2.45,-24.66,0.0058,0.0661,0,collision
40,135,-45.43,4.75,79.85,0.0093,0.0541,0,collision
19,284,-21.32,3.10,210.88,0.0030,0.0214,0,collision
20,114,-21.92,6.04,84.70,0.0073,0.0000,0,collision
21,234,-111.82,2.78,210.16,0.0050,0.0017,0,collision
22,126,62.82,7.23,157.87,0.0212,0.0000,0,collision
23,217,-129.20,3.06,116.09,0.0021,0.0193,0,collision
24,212,-122.68,2.65,51.74,0.0040,0.0252,0,collision
25,178,-3.56,4.18,73.86,0.0021,0.0000,0,collision
26,303,-141.14,2.16,137.00,0.0029,0.0046,0,collision
27,255,-167.87,2.34,136.82,0.0038,0.0458,0,collision
28,227,-106.77,2.62,72.75,0.0087,0.0000,0,collision
41,116,14.96,6.14,156.88,0.0142,0.0480,0,collision
42,248,-137.92,2.34,-7.86,0.0067,0.0729,0,collision
43,115,21.48,7.17,84.62,0.0087,0.0000,0,collision
44,112,-4.00,5.41,118.44,0.0139,0.0000,0,collision
45,79,-42.41,7.75,84.12,0.0160,0.0000,0,collision
46,161,-33.31,4.32,116.46,0.0163,0.0298,0,collision
47,101,-42.74,5.98,36.04,0.0011,0.0116,0,collision
48,118,37.85,5.89,105.55,0.0043,0.0000,0,collision
49,216,-97.74,2.89,115.66,0.0018,0.0820,0,collision
50,142,-14.26,4.37,146.25,0.0066,0.0535,0,collision
29,213,29.09,4.99,105.65,0.0058,0.0105,0,collision
30,33,-55.84,22.65,12.18,0.0184,0.0000,0,collision
31,204,-106.35,2.82,313.44,0.0091,0.0524,0,collision
32,165,-102.49,3.89,36.87,0.0102,0.0000,0,collision
33,142,-51.86,3.99,96.12,0.0096,0.0398,0,collision
34,209,-6.07,3.68,31.92,0.0093,0.0606,0,collision
35,168,-27.30,4.04,40.86,0.0032,0.0000,0,collision
36,96,-16.43,6.34,194.74,0.0111,0.0000,0,collision
37,130,-24.68,4.77,46.55,0.0084,0.0240,0,collision
38,185,-77.65,3.18,176.19,0.0055,0.0682,0,collision
39,106,-19.17,6.01,111.22,0.0063,0.0131,0,collision
40,218,-54.80,3.79,169.90,0.0040,0.0000,0,collision
51,108,51.34,7.02,316.58,0.0143,0.0000,0,collision
52,29,-73.01,25.05,79.88,0.0391,0.0359,0,collision
53,162,101.68,6.24,160.57,0.0125,0.0000,0,collision
54,214,106.59,5.57,238.38,0.0030,0.0240,0,collision
55,90,-31.35,6.60,61.37,0.0060,0.0000,0,collision
56,119,4.50,5.70,58.01,0.0117,0.0811,0,collision
57,109,-42.47,5.17,126.10,0.0025,0.0500,0,collision
58,138,83.71,6.36,103.61,0.0050,0.0000,0,collision
59,132,52.11,6.54,192.55,0.0061,0.0000,0,collision
60,138,-54.93,4.83,73.58,0.0052,0.0297,0,collision
41,374,230.78,4.57,189.51,0.0020,0.0000,0,collision
42,162,79.37,5.25,80.68,0.0053,0.0000,0,collision
43,109,-17.07,6.98,61.24,0.0089,0.0000,0,collision
44,136,88.98,8.35,23.09,0.0107,0.0264,0,collision
45,164,124.81,6.19,205.13,0.0060,0.0000,0,collision
46,116,-46.96,5.11,59.65,0.0117,0.0062,0,collision
47,134,-10.55,4.61,143.03,0.0057,0.0070,0,collision
48,122,16.71,6.96,49.79,0.0147,0.0000,0,collision
49,66,58.03,14.66,350.93,0.0289,0.0188,0,collision
50,107,-42.98,5.37,156.91,0.0180,0.0000,0,collision
51,128,182.04,11.64,47.97,0.0123,0.0000,0,collision
52,93,26.57,6.70,154.07,0.0133,0.0351,0,collision
53,103,-42.41,6.57,74.76,0.0176,0.0000,0,collision
54,167,51.59,5.67,-7.69,0.0058,0.0172,0,collision
55,83,100.48,13.13,32.05,0.0144,0.0052,0,collision
56,190,294.63,7.83,143.18,0.0067,0.0103,0,collision
61,46,-7.28,18.66,-19.82,0.0502,0.0015,0,collision
62,109,-17.65,6.94,64.78,0.0113,0.0000,0,collision
63,143,166.80,7.22,93.86,0.0150,0.0000,0,collision
64,112,-8.89,5.41,97.76,0.0105,0.0000,0,collision
65,139,96.71,6.35,199.57,0.0127,0.0000,0,collision
66,161,25.52,7.08,149.99,0.0071,0.0604,0,collision
67,147,130.17,7.74,156.77,0.0098,0.0369,0,collision
68,136,34.87,6.00,171.04,0.0156,0.0000,0,collision
69,57,20.37,16.56,0.93,0.0153,0.0000,0,collision
70,59,21.32,15.61,179.38,0.0038,0.0155,0,collision
57,192,171.93,6.63,197.91,0.0032,0.0000,0,collision
58,110,18.08,6.94,92.34,0.0070,0.0000,0,collision
59,122,121.17,9.60,120.08,0.0043,0.0000,0,collision
60,30,-72.06,24.24,99.17,0.0175,0.0333,0,collision
61,164,151.62,7.18,317.90,0.0039,0.0018,0,collision
62,46,-19.14,18.21,-2.74,0.0108,0.0255,0,collision
63,151,100.71,6.94,107.25,0.0144,0.0000,0,collision
64,148,102.96,8.76,177.20,0.0061,0.0337,0,collision
65,119,166.02,10.57,21.18,0.0096,0.0274,0,collision
66,126,70.87,6.75,101.06,0.0074,0.0285,0,collision
67,126,80.71,7.08,194.16,0.0086,0.0000,0,collision
68,131,-36.78,4.24,104.72,0.0122,0.0915,0,collision
69,95,111.36,15.81,178.09,0.0128,0.0000,0,collision
70,99,-37.48,6.58,226.65,0.0158,0.0000,0,collision
71,150,73.19,5.83,175.36,0.0034,0.0000,0,collision
72,115,-5.88,7.01,63.51,0.0087,0.0000,0,collision
73,126,74.27,6.86,121.46,0.0103,0.0000,0,collision
71,121,177.14,12.59,84.70,0.0172,0.0006,0,collision
72,139,104.57,8.06,87.35,0.0088,0.0259,0,collision
73,61,23.00,15.41,52.78,0.0139,0.0176,0,collision
74,141,155.84,7.88,285.11,0.0091,0.0266,0,collision
75,56,24.41,15.62,36.11,0.0288,0.0000,0,collision
76,143,176.66,8.75,209.38,0.0151,0.0610,0,collision
77,79,33.57,13.30,79.93,0.0152,0.0081,0,collision
78,40,-29.64,19.89,-65.58,0.0209,0.0384,0,collision
79,123,33.44,5.75,139.53,0.0013,0.0293,0,collision
80,179,122.64,6.25,308.15,0.0111,0.0655,0,collision
74,169,160.08,7.98,121.73,0.0058,0.0063,0,collision
75,123,216.89,12.70,175.36,0.0041,0.0066,0,collision
76,149,204.12,7.67,140.96,0.0135,0.0341,0,collision
77,64,3.25,9.30,90.86,0.0248,0.0000,0,collision
78,123,93.56,6.81,268.26,0.0054,0.0104,0,collision
79,40,-32.84,19.63,-22.75,0.0259,0.0217,0,collision
80,131,238.38,10.38,258.74,0.0251,0.0098,0,collision
81,158,82.11,7.32,89.52,0.0083,0.0369,0,collision
82,131,242.45,11.60,351.33,0.0142,0.0000,0,collision
83,165,143.09,7.62,74.24,0.0203,0.0127,0,collision
84,62,34.31,14.88,36.06,0.0220,0.0108,0,collision
85,172,113.85,6.72,205.78,0.0064,0.0428,0,collision
86,140,104.11,8.01,101.53,0.0057,0.0532,0,collision
87,141,111.51,6.61,244.37,0.0153,0.0083,0,collision
88,155,196.88,7.59,252.27,0.0022,0.0664,0,collision
89,100,11.34,6.84,109.39,0.0092,0.0000,0,collision
81,142,211.50,10.62,-0.93,0.0116,0.0073,0,collision
82,130,172.51,11.84,82.08,0.0059,0.0118,0,collision
83,138,140.18,8.17,108.74,0.0016,0.0102,0,collision
84,137,242.99,10.90,180.05,0.0036,0.0041,0,collision
85,56,11.74,16.19,22.96,0.0241,0.0082,0,collision
86,148,243.20,10.21,298.14,0.0078,0.0095,0,collision
87,137,126.69,8.41,220.56,0.0087,0.0155,0,collision
88,149,113.79,7.50,224.00,0.0039,0.0631,0,collision
89,130,93.18,8.71,208.86,0.0107,0.0224,0,collision
90,136,162.37,10.89,158.13,0.0051,0.0039,0,collision
90,188,291.60,10.05,299.84,0.0058,0.0000,0,collision
91,116,198.48,12.78,274.86,0.0094,0.0088,0,collision
92,128,105.38,10.45,51.86,0.0141,0.0186,0,collision
93,151,35.73,7.43,177.50,0.0146,0.0420,0,collision
94,113,199.90,13.25,355.13,0.0096,0.0050,0,collision
95,145,179.82,7.88,330.18,0.0083,0.0677,0,collision
96,103,125.96,10.75,220.23,0.0088,0.0000,0,collision
97,141,178.97,7.96,142.47,0.0013,0.0284,0,collision
98,128,108.12,8.93,249.09,0.0100,0.0000,0,collision
99,164,240.19,7.62,236.52,0.0081,0.0045,0,collision
100,128,143.31,9.53,140.55,0.0129,0.0135,0,collision
101,134,161.58,8.73,258.65,0.0086,0.0495,0,collision
102,165,148.38,6.68,230.09,0.0096,0.0154,0,collision
103,109,217.44,15.29,50.74,0.0060,0.0141,0,collision
104,178,394.76,11.72,240.93,0.0139,0.0006,0,collision
91,113,4.34,5.90,189.92,0.0086,0.0125,0,collision
92,74,80.73,14.47,121.97,0.0106,0.0037,0,collision
93,187,97.17,5.54,193.14,0.0060,0.0489,0,collision
94,71,-38.87,8.19,163.18,0.0086,0.0000,0,collision
95,134,-54.42,4.45,131.79,0.0190,0.0081,0,collision
96,113,-5.58,5.54,164.50,0.0097,0.0158,0,collision
97,42,-13.40,19.23,60.68,0.0334,0.0145,0,collision
98,139,-47.57,4.76,149.40,0.0039,0.0096,0,collision
99,140,-10.87,5.31,185.95,0.0184,0.0135,0,collision
100,145,58.69,6.54,220.31,0.0176,0.0000,0,collision
105,164,218.47,10.85,163.49,0.0081,0.0288,0,collision
106,52,6.73,16.72,-1.69,0.0197,0.0122,0,collision
107,148,17.37,5.37,121.28,0.0120,0.0000,0,collision
108,193,19.16,4.66,204.17,0.0059,0.0152,0,collision
109,123,242.61,12.28,111.12,0.0219,0.0119,0,collision
110,207,152.04,5.14,178.34,0.0045,0.0071,0,collision
111,58,24.33,15.89,41.39,0.0378,0.0000,0,collision
112,118,165.16,12.64,26.38,0.0101,0.0103,0,collision
113,184,-75.63,4.69,-46.94,0.0033,0.0045,0,collision
114,132,-44.30,4.96,179.66,0.0099,0.0126,0,collision
115,241,7.48,4.35,164.26,0.0092,0.0002,0,collision
116,81,60.71,13.16,225.02,0.0055,0.0122,0,collision
117,129,212.07,11.62,118.20,0.0069,0.0035,0,collision
118,123,-73.77,5.23,130.19,0.0085,0.0040,0,collision
101,103,172.38,14.54,181.10,0.0146,0.0055,0,collision
102,120,76.15,9.38,127.95,0.0204,0.0000,0,collision
103,170,133.76,6.64,203.98,0.0079,0.0136,0,collision
104,125,111.09,8.70,64.22,0.0155,0.0158,0,collision
105,37,-34.99,20.89,85.02,0.0360,0.0424,0,collision
106,57,20.80,15.49,100.83,0.0317,0.0000,0,collision
107,127,36.66,8.99,185.71,0.0106,0.0000,0,collision
108,116,68.88,6.62,194.74,0.0102,0.0000,0,collision
109,139,85.25,6.17,169.92,0.0075,0.0020,0,collision
110,150,105.91,8.17,135.32,0.0197,0.0455,0,collision
119,301,617.80,10.23,243.10,0.0029,0.0239,0,collision
120,54,16.25,16.74,-50.85,0.0260,0.0244,0,collision
121,133,76.83,6.71,95.96,0.0096,0.0278,0,collision
122,148,35.45,7.22,81.07,0.0050,0.0129,0,collision
123,182,202.13,7.40,303.34,0.0072,0.0244,0,collision
124,122,182.38,10.56,230.85,0.0064,0.0168,0,collision
125,160,91.30,6.93,217.39,0.0023,0.0289,0,collision
126,46,-37.32,18.16,-12.54,0.0226,0.0180,0,collision
127,33,-66.34,21.84,106.96,0.0296,0.0008,0,collision
128,155,296.15,9.83,222.27,0.0053,0.0099,0,collision
129,35,-64.21,22.08,-13.25,0.0177,0.0277,0,collision
130,83,81.49,13.08,64.88,0.0066,0.0228,0,collision
131,99,-16.09,6.94,99.84,0.0099,0.0000,0,collision
132,124,-71.10,4.74,82.20,0.0090,0.0066,0,collision
133,56,11.20,16.07,9.50,0.0170,0.0160,0,collision
134,126,61.93,8.92,44.58,0.0067,0.0123,0,collision
135,106,46.13,11.10,68.00,0.0275,0.0000,0,collision
136,108,218.70,14.05,60.29,0.0111,0.0096,0,collision
111,58,6.97,15.71,71.89,0.0121,0.0160,0,collision
112,135,174.32,12.16,216.96,0.0035,0.0194,0,collision
113,42,-41.43,19.07,113.21,0.0135,0.0103,0,collision
114,151,166.10,9.86,25.75,0.0036,0.0575,0,collision
115,153,133.19,7.44,256.89,0.0122,0.0112,0,collision
116,125,15.37,9.09,157.22,0.0144,0.0000,0,collision
117,38,-55.86,20.35,24.16,0.0553,0.0000,0,collision
118,46,-13.47,17.56,116.60,0.0108,0.0148,0,collision
119,140,246.08,10.65,295.96,0.0096,0.0000,0,collision
120,84,34.78,13.09,182.97,0.0109,0.0079,0,collision
137,243,304.26,7.66,356.54,0.0043,0.0269,0,collision
138,165,279.94,11.42,-3.57,0.0028,0.0054,0,collision
139,118,180.57,13.06,113.12,0.0162,0.0000,0,collision
140,139,186.49,10.70,203.16,0.0017,0.0044,0,collision
141,99,138.90,15.41,-108.42,0.0190,0.0115,0,collision
142,77,35.02,13.36,84.39,0.0142,0.0680,0,collision
143,35,-60.43,21.66,39.54,0.0409,0.0171,0,collision
144,137,179.27,10.75,322.13,0.0100,0.0052,0,collision
145,148,260.43,10.09,268.29,0.0079,0.0119,0,collision
146,139,130.90,8.18,32.52,0.0094,0.0555,0,collision
147,34,-62.31,21.55,6.18,0.0212,0.0119,0,collision
148,112,160.07,13.42,217.99,0.0035,0.0092,0,collision
149,131,75.74,9.30,162.94,0.0064,0.0094,0,collision
150,116,179.20,13.07,-39.10,0.0129,0.0047,0,collision
151,136,25.90,5.50,25.43,0.0089,0.0000,0,collision
152,52,0.08,18.05,36.19,0.0096,0.0000,0,collision
153,157,77.91,6.46,103.83,0.0016,0.0000,0,collision
154,40,-31.34,20.21,-47.53,0.0269,0.0648,0,collision
121,92,-3.04,6.62,71.77,0.0077,0.0000,0,collision
122,166,68.94,6.28,92.47,0.0097,0.0055,0,collision
123,45,-42.10,18.04,43.62,0.0171,0.0090,0,collision
124,89,-24.81,6.71,114.61,0.0216,0.0000,0,collision
125,113,73.59,7.28,148.43,0.0116,0.0000,0,collision
126,125,81.62,9.04,277.50,0.0033,0.0183,0,collision
127,131,229.36,11.44,389.59,0.0059,0.0072,0,collision
128,133,30.50,6.14,134.88,0.0098,0.0131,0,collision
129,141,73.78,8.04,11.62,0.0068,0.0485,0,collision
130,101,-4.14,6.55,67.46,0.0114,0.0000,0,collision
155,222,255.29,7.74,322.98,0.0024,0.0000,0,collision
156,119,72.80,9.63,56.38,0.0188,0.0000,0,collision
157,166,13.67,4.07,214.19,0.0067,0.0255,0,collision
158,123,33.44,6.90,-44.39,0.0111,0.0000,0,collision
159,123,-0.85,5.42,122.09,0.0027,0.0222,0,collision
160,109,-39.52,5.32,187.32,0.0214,0.0000,0,collision
161,128,74.93,6.96,212.19,0.0154,0.0000,0,collision
162,77,13.42,7.87,213.97,0.0182,0.0000,0,collision
163,168,96.84,6.58,109.69,0.0037,0.0582,0,collision
164,146,77.21,6.31,120.87,0.0105,0.0000,0,collision
165,129,31.65,8.91,90.19,0.0123,0.0050,0,collision
166,88,-15.55,6.81,106.50,0.0291,0.0000,0,collision
167,192,363.25,11.08,359.05,0.0037,0.0000,0,collision
168,153,126.48,7.22,49.89,0.0112,0.0013,0,collision
169,68,-20.48,8.54,6.34,0.0215,0.0000,0,collision
170,120,230.89,12.74,231.92,0.0108,0.0078,0,collision
131,165,201.93,7.52,299.57,0.0063,0.0211,0,collision
132,119,1.06,7.10,249.69,0.0076,0.0000,0,collision
133,143,49.65,8.29,92.72,0.0072,0.0460,0,collision
134,137,98.29,8.50,261.26,0.0027,0.0215,0,collision
135,144,176.08,7.81,151.94,0.0042,0.0610,0,collision
136,159,33.87,7.12,61.14,0.0092,0.0742,0,collision
137,153,192.33,8.64,346.81,0.0152,0.0332,0,collision
138,127,31.79,6.93,133.03,0.0186,0.0000,0,collision
139,165,145.69,6.72,49.84,0.0049,0.0083,0,collision
140,142,92.06,8.02,22.44,0.0219,0.0504,0,collision
171,47,-53.27,17.73,42.74,0.0409,0.0170,0,collision
172,101,-45.51,6.40,104.93,0.0140,0.0000,0,collision
173,122,205.13,12.41,157.64,0.0060,0.0067,0,collision
174,154,192.02,9.83,146.62,0.0194,0.0090,0,collision
175,171,100.64,6.93,89.02,0.0067,0.0392,0,collision
176,105,-8.74,7.07,67.50,0.0116,0.0000,0,collision
177,104,27.22,6.69,67.48,0.0067,0.0000,0,collision
178,41,-48.57,19.19,21.15,0.0181,0.0132,0,collision
179,41,-41.06,19.49,156.05,0.0067,0.0202,0,collision
180,112,130.20,13.42,99.62,0.0112,0.0000,0,collision
181,41,-37.24,19.11,11.49,0.0103,0.0105,0,collision
182,87,-51.64,6.63,96.37,0.0210,0.0000,0,collision
183,154,216.66,8.56,303.98,0.0077,0.0424,0,collision
184,147,79.75,6.73,241.39,0.0140,0.0000,0,collision
185,117,-22.43,5.41,115.77,0.0269,0.0000,0,collision
186,125,154.98,10.46,118.25,0.0041,0.0290,0,collision
187,155,16.59,5.51,280.86,0.0063,0.0039,0,collision
188,136,157.90,8.28,118.95,0.0105,0.0235,0,collision
141,164,177.01,7.10,310.07,0.0101,0.0418,0,collision
142,136,198.16,8.69,272.53,0.0045,0.0402,0,collision
143,148,97.76,6.60,136.53,0.0024,0.0000,0,collision
144,123,78.09,7.14,-14.72,0.0159,0.0000,0,collision
145,139,167.22,8.44,59.13,0.0083,0.0054,0,collision
146,138,78.80,7.09,100.50,0.0065,0.0000,0,collision
147,122,-24.86,4.92,57.51,0.0124,0.0175,0,collision
148,40,-32.02,20.06,31.14,0.0299,0.0205,0,collision
149,141,119.26,7.89,9.52,0.0032,0.0181,0,collision
150,134,102.93,9.38,152.31,0.0066,0.0261,0,collision
189,186,246.77,8.63,160.44,0.0098,0.0000,0,collision
190,117,-39.62,7.07,27.25,0.0062,0.0104,0,collision
191,125,48.88,6.68,288.06,0.0160,0.0000,0,collision
192,39,-41.24,21.00,92.14,0.0363,0.0418,0,collision
193,62,-65.03,9.89,28.29,0.0280,0.0000,0,collision
194,135,208.34,12.17,254.19,0.0012,0.0303,0,collision
195,127,34.99,7.08,83.97,0.0106,0.0000,0,collision
196,170,158.37,6.95,351.26,0.0071,0.0314,0,collision
197,38,-37.03,20.85,-61.13,0.0280,0.0416,0,collision
198,122,195.16,10.71,155.92,0.0164,0.0176,0,collision
199,117,70.90,6.93,59.90,0.0043,0.0137,0,collision
200,100,-4.94,6.50,140.48,0.0153,0.0000,0,collision
201,161,211.76,8.77,108.82,0.0015,0.0224,0,collision
202,132,17.40,6.11,78.97,0.0074,0.0000,0,collision
203,167,129.61,6.92,185.08,0.0083,0.0000,0,collision
204,178,119.38,5.66,250.29,0.0056,0.0000,0,collision
205,137,129.78,8.36,327.04,0.0070,0.0227,0,collision
151,125,54.36,8.85,217.77,0.0033,0.0000,0,collision
152,132,176.34,11.33,189.77,0.0054,0.0062,0,collision
153,126,145.36,8.75,65.77,0.0056,0.0000,0,collision
154,118,153.93,12.90,175.07,0.0105,0.0131,0,collision
155,130,159.11,8.85,131.18,0.0103,0.0005,0,collision
156,166,152.66,7.37,303.38,0.0104,0.0439,0,collision
157,146,85.88,7.86,325.15,0.0007,0.0367,0,collision
158,126,166.35,11.93,240.35,0.0107,0.0130,0,collision
159,142,95.53,6.09,227.50,0.0047,0.0000,0,collision
160,106,138.98,14.51,-51.12,0.0183,0.0081,0,collision
206,228,310.71,6.65,360.52,0.0044,0.0715,0,collision
207,39,-31.96,20.50,10.58,0.0065,0.0410,0,collision
208,156,115.92,7.36,339.72,0.0130,0.0189,0,collision
209,167,118.29,6.85,74.34,0.0112,0.0407,0,collision
210,162,153.68,7.65,186.60,0.0033,0.0071,0,collision
211,126,89.00,8.89,193.10,0.0026,0.0000,0,collision
212,161,248.00,8.60,191.42,0.0160,0.0203,0,collision
213,117,195.16,12.83,245.03,0.0096,0.0028,0,collision
214,69,17.89,13.76,62.33,0.0380,0.1993,0,collision
215,183,224.73,7.55,210.86,0.0073,0.0178,0,collision
216,58,-54.08,14.46,73.98,0.0182,0.0709,0,collision
217,152,263.31,11.75,268.16,0.0036,0.0062,0,collision
218,141,152.23,8.25,181.84,0.0128,0.0222,0,collision
219,111,-21.61,10.71,91.83,0.0073,0.0425,0,collision
220,121,180.02,12.65,79.42,0.0088,0.0074,0,collision
161,117,116.90,10.32,73.41,0.0073,0.0174,0,collision
162,148,2.84,5.43,55.87,0.0076,0.0389,0,collision
163,120,220.38,12.23,164.04,0.0073,0.0039,0,collision
164,139,-93.99,4.74,15.48,0.0050,0.0089,0,collision
165,127,79.76,8.89,62.59,0.0018,0.0013,0,collision
166,167,-1.92,5.27,107.86,0.0049,0.0057,0,collision
167,120,196.77,12.53,86.19,0.0074,0.0094,0,collision
168,111,83.73,13.40,193.63,0.0054,0.0045,0,collision
169,190,156.91,5.83,334.53,0.0071,0.1002,0,collision
170,140,130.78,8.23,198.95,0.0120,0.0009,0,collision
221,225,61.69,6.24,112.85,0.0069,0.0014,0,collision
222,136,18.89,5.89,184.33,0.0117,0.0270,0,collision
223,159,-76.75,3.71,141.55,0.0032,0.0046,0,collision
224,156,112.01,7.23,191.02,0.0083,0.0640,0,collision
225,110,-11.33,6.30,137.34,0.0213,0.0150,0,collision
226,137,129.40,9.03,65.31,0.0093,0.0515,0,collision
227,135,215.40,11.38,456.16,0.0171,0.0010,0,collision
228,143,-74.36,4.14,187.01,0.0048,0.0048,0,collision
229,209,72.99,5.16,252.51,0.0017,0.0474,0,collision
230,128,238.29,11.88,279.92,0.0057,0.0111,0,collision
231,146,72.48,7.51,89.61,0.0149,0.0372,0,collision
232,107,123.79,15.28,193.26,0.0123,0.0111,0,collision
233,236,61.97,4.67,283.35,0.0087,0.0509,0,collision
234,100,-55.68,5.72,133.83,0.0131,0.0070,0,collision
171,136,168.50,8.77,80.58,0.0078,0.0070,0,collision
172,140,145.44,8.16,178.85,0.0081,0.0018,0,collision
173,36,-30.63,21.12,77.34,0.0271,0.0238,0,collision
174,159,7.14,5.76,253.10,0.0035,0.0000,0,collision
175,114,-68.51,5.59,87.08,0.0120,0.0168,0,collision
176,164,108.36,6.07,126.67,0.0110,0.0000,0,collision
177,127,56.98,6.50,256.54,0.0205,0.0104,0,collision
178,117,-69.32,5.04,97.79,0.0060,0.0254,0,collision
179,119,152.14,10.65,213.18,0.0076,0.0176,0,collision
180,143,-8.00,5.66,281.95,0.0080,0.0119,0,collision
235,183,132.80,6.29,285.41,0.0061,0.0741,0,collision
236,142,242.25,10.70,191.55,0.0144,0.0052,0,collision
237,164,-23.02,4.15,16.95,0.0097,0.0000,0,collision
238,123,84.25,10.25,149.64,0.0078,0.0062,0,collision
239,97,-41.56,6.61,130.97,0.0110,0.0058,0,collision
240,153,289.39,12.12,113.86,0.0057,0.0451,0,collision
241,139,158.69,8.79,185.51,0.0187,0.0262,0,collision
242,175,67.30,5.84,63.73,0.0070,0.0112,0,collision
243,141,65.89,6.50,166.10,0.0070,0.0000,0,collision
244,166,179.41,7.48,188.31,0.0041,0.0193,0,collision
245,142,108.35,8.06,109.30,0.0133,0.0220,0,collision
246,183,105.26,5.95,385.82,0.0070,0.0149,0,collision
247,38,-40.96,20.38,26.60,0.0154,0.0000,0,collision
248,145,119.38,7.76,140.47,0.0053,0.0512,0,collision
181,165,119.15,7.09,142.58,0.0086,0.0070,0,collision
182,95,-69.70,6.18,51.39,0.0072,0.0000,0,collision
183,141,54.50,7.97,150.63,0.0039,0.0709,0,collision
184,149,140.03,8.02,258.85,0.0085,0.0407,0,collision
185,179,284.16,8.66,72.86,0.0022,0.0191,0,collision
186,129,75.79,6.93,119.98,0.0131,0.0000,0,collision
187,188,55.71,5.97,210.72,0.0092,0.0785,0,collision
188,163,184.50,6.72,172.25,0.0024,0.0219,0,collision
189,159,110.96,6.42,192.20,0.0060,0.0000,0,collision
190,179,123.87,6.97,203.55,0.0040,0.0483,0,collision
249,134,244.49,13.63,259.50,0.0103,0.0048,0,collision
250,96,-5.67,6.82,162.30,0.0060,0.0281,0,collision
251,163,187.86,8.13,59.32,0.0058,0.0358,0,collision
252,139,88.66,8.83,109.83,0.0095,0.0000,0,collision
253,145,93.86,7.26,155.07,0.0112,0.0000,0,collision
254,154,36.63,5.58,152.66,0.0138,0.0402,0,collision
255,104,-76.11,5.90,110.43,0.0031,0.0086,0,collision
256,121,187.16,12.34,208.20,0.0057,0.0089,0,collision
257,120,34.12,7.02,95.90,0.0092,0.0000,0,collision
258,100,-41.77,6.11,122.52,0.0097,0.0077,0,collision
259,103,42.29,11.36,71.45,0.0115,0.0000,0,collision
260,209,118.14,5.24,179.37,0.0056,0.0141,0,collision
261,149,-50.60,4.03,26.98,0.0030,0.0065,0,collision
262,116,64.38,9.46,201.38,0.0014,0.0000,0,collision
263,137,-116.86,4.64,64.33,0.0133,0.0102,0,collision
191,185,171.71,7.24,182.64,0.0079,0.0664,0,collision
192,121,172.58,12.57,181.78,0.0108,0.0064,0,collision
193,117,44.43,6.98,109.10,0.0075,0.0000,0,collision
194,133,24.71,6.24,270.31,0.0239,0.0424,0,collision
195,168,233.49,8.01,255.07,0.0038,0.0264,0,collision
196,144,13.89,4.81,171.40,0.0013,0.0096,0,collision
197,111,-3.45,5.32,138.08,0.0122,0.0000,0,collision
198,127,240.38,12.62,167.31,0.0077,0.0171,0,collision
199,130,6.30,4.71,82.68,0.0149,0.0077,0,collision
200,148,275.84,10.10,-1.63,0.0072,0.0049,0,collision
264,239,79.04,4.92,241.95,0.0060,0.0145,0,collision
265,191,190.74,7.57,346.34,0.0047,0.0281,0,collision
266,129,156.92,8.83,46.71,0.0119,0.0000,0,collision
267,131,194.72,11.60,176.19,0.0056,0.0000,0,collision
268,148,110.61,7.15,94.17,0.0101,0.0052,0,collision
269,113,55.46,6.74,137.10,0.0075,0.0000,0,collision
270,129,2.50,6.55,-17.72,0.0211,0.0000,0,collision
271,117,18.38,6.51,62.14,0.0127,0.0000,0,collision
272,147,102.31,6.74,216.10,0.0146,0.0000,0,collision
273,174,172.93,6.67,50.14,0.0028,0.0133,0,collision
274,125,196.61,9.44,140.45,0.0081,0.0051,0,collision
275,98,120.27,15.58,22.62,0.0056,0.0088,0,collision
276,144,155.19,7.57,197.61,0.0051,0.0460,0,collision
277,160,121.35,6.30,251.57,0.0065,0.0000,0,collision
201,165,192.06,7.05,164.93,0.0067,0.0375,0,collision
202,111,105.33,10.52,160.47,0.0068,0.0000,0,collision
203,61,18.45,14.87,38.82,0.0079,0.0029,0,collision
204,97,128.65,15.40,207.45,0.0206,0.0041,0,collision
205,107,132.82,13.79,121.84,0.0206,0.0051,0,collision
206,134,115.30,8.37,96.79,0.0154,0.0145,0,collision
207,118,107.18,10.55,140.15,0.0257,0.0061,0,collision
208,133,229.34,10.17,365.08,0.0120,0.0000,0,collision
209,104,100.33,10.62,149.70,0.0121,0.0000,0,collision
210,141,113.79,7.77,143.60,0.0089,0.0101,0,collision
278,256,380.36,10.14,223.07,0.0036,0.0051,0,collision
279,129,63.10,9.02,204.78,0.0097,0.0000,0,collision
280,116,185.67,13.02,148.48,0.0033,0.0494,0,collision
281,127,186.56,11.60,147.13,0.0052,0.0027,0,collision
282,100,139.78,15.25,164.15,0.0049,0.0118,0,collision
283,146,109.41,7.22,296.56,0.0039,0.0105,0,collision
284,120,150.95,12.37,241.73,0.0111,0.0073,0,collision
285,118,100.96,10.68,87.69,0.0133,0.0072,0,collision
286,137,125.11,8.35,61.25,0.0095,0.0131,0,collision
287,144,137.09,7.15,159.89,0.0069,0.0000,0,collision
288,33,-59.96,24.84,-5.47,0.0506,0.0336,0,collision
289,230,194.93,5.56,246.01,0.0038,0.0023,0,collision
290,89,51.48,16.54,24.57,0.0058,0.0042,0,collision
291,136,169.65,8.45,175.01,0.0112,0.0051,0,collision
292,116,189.35,12.94,147.53,0.0120,0.0000,0,collision
293,69,36.03,14.25,179.56,0.0150,0.0492,0,collision
211,63,51.40,15.03,-29.54,0.0286,0.0197,0,collision
212,90,-45.35,6.42,178.48,0.0119,0.0122,0,collision
213,120,120.85,10.70,261.95,0.0115,0.0000,0,collision
214,128,98.17,8.50,158.97,0.0090,0.0245,0,collision
215,71,13.61,14.04,81.42,0.0124,0.0075,0,collision
216,146,192.91,10.30,83.02,0.0090,0.0186,0,collision
217,65,5.06,14.68,74.69,0.0167,0.0086,0,collision
218,151,116.82,7.79,194.55,0.0080,0.0609,0,collision
219,151,61.23,5.20,101.86,0.0063,0.0623,0,collision
220,119,193.82,12.42,265.81,0.0160,0.0067,0,collision
294,155,250.90,13.11,157.98,0.0118,0.0433,0,collision
295,163,190.44,7.77,188.99,0.0112,0.0008,0,collision
296,122,131.77,9.68,73.35,0.0089,0.0000,0,collision
297,39,-60.30,20.33,72.06,0.0152,0.0195,0,collision
298,183,97.10,6.07,250.16,0.0048,0.0333,0,collision
299,138,130.89,10.99,221.85,0.0027,0.0099,0,collision
300,76,64.65,13.10,238.34,0.0109,0.0318,0,collision
301,134,149.39,11.27,141.08,0.0113,0.0111,0,collision
302,125,172.79,12.09,286.70,0.0162,0.0075,0,collision
303,138,175.24,10.88,51.61,0.0065,0.0072,0,collision
304,130,193.94,11.51,277.00,0.0040,0.0106,0,collision
305,106,148.86,14.12,129.91,0.0056,0.0068,0,collision
306,65,-39.85,9.02,28.62,0.0085,0.0000,0,collision
307,69,36.20,14.07,106.08,0.0134,0.0748,0,collision
308,153,114.85,7.36,204.30,0.0033,0.0837,0,collision
309,77,72.00,13.22,82.70,0.0242,0.0078,0,collision
310,116,162.58,13.02,231.46,0.0142,0.0000,0,collision
311,120,179.73,12.47,226.23,0.0084,0.0242,0,collision
221,164,208.78,8.81,204.33,0.0079,0.0019,0,collision
222,124,190.87,10.30,117.11,0.0071,0.0071,0,collision
223,137,180.83,11.03,176.81,0.0109,0.0075,0,collision
224,109,196.25,13.70,150.17,0.0163,0.0036,0,collision
225,118,119.47,9.62,337.57,0.0032,0.0000,0,collision
226,113,96.83,10.01,199.17,0.0138,0.0000,0,collision
227,141,117.00,8.06,160.65,0.0130,0.0267,0,collision
228,123,126.77,10.40,162.50,0.0113,0.0061,0,collision
229,118,110.78,10.30,61.39,0.0192,0.0012,0,collision
230,62,11.20,14.96,1.04,0.0387,0.0134,0,collision
312,93,108.41,13.99,70.99,0.0181,0.0068,0,collision
313,137,112.36,8.20,188.76,0.0086,0.0089,0,collision
314,116,80.16,9.46,254.67,0.0063,0.0000,0,collision
315,107,177.92,14.29,258.26,0.0045,0.0280,0,collision
316,128,240.55,11.47,234.55,0.0054,0.0163,0,collision
317,148,228.11,10.04,293.36,0.0041,0.0180,0,collision
318,112,-74.62,5.29,158.35,0.0260,0.0094,0,collision
319,159,160.58,9.50,115.59,0.0032,0.0113,0,collision
320,66,9.62,14.32,53.66,0.0136,0.0101,0,collision
321,99,72.37,15.21,110.09,0.0095,0.0052,0,collision
322,69,24.44,13.76,43.92,0.0061,0.0548,0,collision
323,125,110.01,8.72,102.83,0.0102,0.0114,0,collision
324,123,143.41,9.29,361.23,0.0150,0.0040,0,collision
325,103,145.52,10.97,426.34,0.0117,0.0000,0,collision
326,28,-84.34,25.57,-2.46,0.0440,0.0000,0,collision
327,66,16.25,14.33,135.67,0.0341,0.0113,0,collision
328,82,74.84,13.22,54.74,0.0230,0.0108,0,collision
329,57,40.13,16.25,87.43,0.0282,0.0230,0,collision
330,139,210.93,10.72,338.72,0.0148,0.0106,0,collision
331,33,-81.54,22.50,40.66,0.0447,0.0000,0,collision
332,34,-71.24,21.87,49.87,0.0381,0.0204,0,collision
231,126,128.30,9.11,268.22,0.0069,0.0184,0,collision
232,117,-9.27,5.83,184.08,0.0108,0.0065,0,collision
233,130,127.15,8.80,373.75,0.0058,0.0138,0,collision
234,61,19.31,14.85,41.54,0.0202,0.0195,0,collision
235,53,-5.78,16.35,-28.73,0.0316,0.1111,0,collision
236,117,233.00,12.81,137.77,0.0047,0.0059,0,collision
237,101,-37.49,6.05,159.40,0.0145,0.0000,0,collision
238,126,182.73,11.84,216.08,0.0097,0.0120,0,collision
239,136,-2.93,5.92,183.86,0.0063,0.0141,0,collision
240,121,179.13,12.31,152.28,0.0066,0.0104,0,collision
333,234,260.51,7.22,375.92,0.0063,0.0738,0,collision
334,167,92.68,6.90,255.21,0.0050,0.0798,0,collision
335,49,-39.03,17.12,87.15,0.0306,0.0375,0,collision
336,165,89.92,7.06,90.77,0.0078,0.0237,0,collision
337,128,120.16,11.65,127.38,0.0099,0.0015,0,collision
338,135,83.01,7.23,259.17,0.0130,0.0000,0,collision
339,34,-73.42,22.28,78.38,0.0231,0.0246,0,collision
340,187,325.57,10.97,225.67,0.0085,0.0025,0,collision
341,125,103.58,8.73,127.61,0.0064,0.0201,0,collision
342,188,366.91,11.03,236.53,0.0040,0.0055,0,collision
343,105,129.22,10.79,77.91,0.0098,0.0000,0,collision
344,39,-27.68,19.89,-30.66,0.0383,0.0085,0,collision
345,247,424.87,8.67,257.89,0.0035,0.0406,0,collision
346,47,-26.77,17.06,119.04,0.0330,0.0065,0,collision
347,182,109.02,5.94,246.49,0.0028,0.0562,0,collision
241,121,38.58,6.59,77.07,0.0057,0.0000,0,collision
242,139,143.28,8.53,133.86,0.0120,0.0240,0,collision
243,127,81.73,8.91,238.56,0.0084,0.0000,0,collision
244,140,223.89,10.69,220.17,0.0007,0.0085,0,collision
245,123,195.98,12.30,101.58,0.0059,0.0137,0,collision
246,203,138.47,6.10,150.02,0.0005,0.0182,0,collision
247,111,145.43,13.69,-30.08,0.0119,0.0119,0,collision
248,131,116.25,9.14,145.02,0.0076,0.0000,0,collision
249,119,144.28,9.78,237.77,0.0073,0.0000,0,collision
250,136,11.61,5.88,94.35,0.0131,0.0060,0,collision
348,207,274.08,9.63,193.62,0.0047,0.0000,0,collision
349,147,264.36,10.26,154.53,0.0036,0.0219,0,collision
350,55,18.64,16.98,66.00,0.0130,0.0335,0,collision
351,39,-34.39,20.08,41.72,0.0512,0.0256,0,collision
352,97,-12.03,6.14,176.85,0.0209,0.0146,0,collision
353,185,136.72,5.85,195.26,0.0050,0.0109,0,collision
354,124,211.86,12.18,-68.22,0.0058,0.0066,0,collision
355,134,134.01,8.82,172.92,0.0209,0.0291,0,collision
356,128,136.80,9.42,110.26,0.0177,0.0000,0,collision
357,135,-14.61,4.55,105.87,0.0135,0.0205,0,collision
358,139,113.75,8.12,346.44,0.0073,0.0415,0,collision
359,122,119.93,9.38,283.81,0.0065,0.0000,0,collision
360,120,183.04,12.47,297.43,0.0111,0.0121,0,collision
361,142,71.52,8.80,296.38,0.0099,0.0403,0,collision
362,153,298.90,9.92,262.49,0.0037,0.0063,0,collision
363,123,166.81,12.28,363.97,0.0061,0.0042,0,collision
251,121,17.27,5.97,29.32,0.0097,0.0138,0,collision
252,100,22.84,6.67,99.34,0.0058,0.0070,0,collision
253,113,133.43,10.79,157.54,0.0051,0.0145,0,collision
254,144,209.91,10.75,125.93,0.0058,0.0318,0,collision
255,156,116.63,5.90,144.99,0.0094,0.0196,0,collision
256,159,152.09,7.18,319.22,0.0024,0.0572,0,collision
257,78,37.80,13.24,98.33,0.0086,0.0108,0,collision
258,131,163.16,9.27,251.79,0.0102,0.0082,0,collision
259,143,205.60,8.82,88.80,0.0029,0.0566,0,collision
260,67,38.92,14.35,125.72,0.0105,0.0139,0,collision
364,181,218.20,8.77,275.82,0.0049,0.0107,0,collision
365,126,101.19,8.62,182.60,0.0122,0.0252,0,collision
366,122,-2.67,5.58,180.12,0.0126,0.0122,0,collision
367,142,44.36,6.53,532.91,0.0077,0.0000,0,collision
368,170,88.96,6.67,211.71,0.0066,0.0299,0,collision
369,144,90.63,7.71,204.31,0.0058,0.0124,0,collision
370,134,85.10,8.18,176.50,0.0035,0.0265,0,collision
371,135,186.36,10.96,69.08,0.0123,0.0029,0,collision
372,158,279.72,9.82,102.65,0.0067,0.0000,0,collision
373,136,175.85,8.32,45.80,0.0067,0.0435,0,collision
374,58,21.51,15.64,65.05,0.0237,0.0478,0,collision
375,143,96.57,9.15,192.48,0.0116,0.0595,0,collision
376,46,-17.11,17.43,86.24,0.0233,0.0000,0,collision
377,160,178.55,8.43,278.98,0.0098,0.0009,0,collision
378,189,394.27,11.09,192.41,0.0076,0.0244,0,collision
261,158,224.03,8.77,252.53,0.0114,0.0000,0,collision
262,169,58.54,6.50,334.24,0.0048,0.0429,0,collision
263,200,150.85,5.68,299.37,0.0066,0.0222,0,collision
264,179,83.80,5.82,279.57,0.0068,0.0130,0,collision
265,129,232.40,11.71,168.05,0.0035,0.0056,0,collision
266,57,-10.33,15.76,-2.32,0.0143,0.0000,0,collision
267,112,180.81,13.63,24.91,0.0042,0.0095,0,collision
268,128,227.11,11.68,190.43,0.0011,0.0112,0,collision
269,202,219.90,6.80,318.50,0.0080,0.0462,0,collision
270,131,218.53,11.51,237.79,0.0092,0.0079,0,collision
379,206,369.62,10.37,229.45,0.0072,0.0012,0,collision
380,61,11.70,15.14,147.70,0.0354,0.0077,0,collision
381,150,252.16,9.72,310.01,0.0059,0.0045,0,collision
382,124,152.45,9.35,210.60,0.0154,0.0078,0,collision
383,262,362.30,8.15,166.92,0.0044,0.0647,0,collision
384,130,13.97,6.12,222.22,0.0103,0.0087,0,collision
385,134,178.58,11.11,3.79,0.0042,0.0010,0,collision
386,129,137.09,11.82,50.89,0.0041,0.0070,0,collision
387,127,148.58,9.46,148.05,0.0039,0.0134,0,collision
388,145,137.71,9.26,192.86,0.0162,0.0137,0,collision
389,129,171.00,11.87,63.44,0.0104,0.0065,0,collision
390,160,84.52,6.41,200.43,0.0031,0.0000,0,collision
391,161,107.84,7.07,66.10,0.0074,0.0000,0,collision
392,160,90.15,7.05,272.33,0.0062,0.0484,0,collision
271,129,130.81,9.09,76.71,0.0122,0.0000,0,collision
272,23,-97.44,29.16,-32.62,0.0676,0.0255,0,collision
273,127,152.78,8.87,170.77,0.0019,0.0157,0,collision
274,107,21.45,6.88,68.61,0.0258,0.0000,0,collision
275,149,60.25,6.79,224.89,0.0156,0.0000,0,collision
276,139,114.20,8.20,158.89,0.0068,0.0591,0,collision
277,108,-3.69,5.37,130.96,0.0099,0.0000,0,collision
278,140,193.60,10.85,166.43,0.0075,0.0159,0,collision
279,80,85.71,13.17,49.48,0.0263,0.0000,0,collision
280,118,159.76,9.57,332.85,0.0084,0.0000,0,collision
393,179,285.85,8.64,305.08,0.0087,0.0213,0,collision
394,107,181.39,14.19,139.62,0.0208,0.0049,0,collision
395,154,104.56,7.12,267.66,0.0122,0.0000,0,collision
396,162,60.57,6.30,99.06,0.0123,0.0000,0,collision
397,137,283.00,10.93,231.85,0.0028,0.0097,0,collision
398,128,177.94,12.03,88.48,0.0139,0.0178,0,collision
399,157,93.30,6.32,137.56,0.0060,0.0000,0,collision
400,123,28.05,6.97,80.34,0.0047,0.0000,0,collision
401,163,128.15,6.56,153.63,0.0035,0.0340,0,collision
402,177,8.96,4.50,301.06,0.0075,0.0000,0,collision
403,65,-12.24,9.50,29.47,0.0185,0.0000,0,collision
404,137,110.00,8.30,169.59,0.0117,0.0242,0,collision
405,165,56.81,5.19,425.50,0.0097,0.0000,0,collision
406,138,143.36,8.23,153.70,0.0059,0.0149,0,collision
281,148,102.99,6.69,154.56,0.0057,0.0000,0,collision
282,121,27.71,6.48,123.80,0.0094,0.0000,0,collision
283,129,19.29,7.16,144.00,0.0095,0.0000,0,collision
284,125,94.11,8.81,111.19,0.0036,0.0145,0,collision
285,125,66.00,8.82,113.43,0.0047,0.0251,0,collision
286,142,199.10,10.64,278.13,0.0060,0.0100,0,collision
287,26,-92.80,25.46,67.48,0.0551,0.0040,0,collision
288,140,13.24,6.59,107.82,0.0116,0.0000,0,collision
289,238,146.71,6.34,330.98,0.0038,0.1420,0,collision
290,122,111.03,9.80,101.44,0.0113,0.0000,0,collision
407,213,353.07,10.90,184.60,0.0068,0.0024,0,collision
408,143,90.63,7.66,215.44,0.0090,0.0077,0,collision
409,145,27.87,7.03,133.50,0.0137,0.0000,0,collision
410,58,28.95,15.84,95.59,0.0298,0.0420,0,collision
411,136,189.59,11.03,248.61,0.0053,0.0075,0,collision
412,90,-20.58,6.68,166.85,0.0255,0.0000,0,collision
413,138,91.36,8.09,215.36,0.0103,0.0365,0,collision
414,119,-3.17,7.08,91.54,0.0155,0.0000,0,collision
415,67,-2.42,14.11,183.41,0.0087,0.0072,0,collision
416,161,98.22,7.15,227.96,0.0075,0.0000,0,collision
417,119,200.86,12.57,242.16,0.0016,0.0043,0,collision
418,76,36.14,13.86,69.21,0.0148,0.0115,0,collision
419,113,146.11,13.13,156.72,0.0147,0.0050,0,collision
420,202,389.11,10.33,116.09,0.0064,0.0036,0,collision
421,169,94.76,6.98,141.35,0.0084,0.0344,0,collision
422,140,965.47,15.77,249.01,0.0000,0.0006,1,goal
291,160,90.85,7.38,163.27,0.0081,0.0037,0,collision
292,91,-55.63,6.68,140.55,0.0105,0.0102,0,collision
293,127,138.08,11.77,171.64,0.0063,0.0104,0,collision
294,82,66.74,12.91,80.35,0.0186,0.0000,0,collision
295,124,138.53,10.06,252.48,0.0095,0.0087,0,collision
296,131,134.30,11.06,161.66,0.0036,0.0050,0,collision
297,160,123.12,7.44,305.61,0.0039,0.0130,0,collision
298,73,46.85,13.91,79.92,0.0261,0.0117,0,collision
299,130,85.46,8.94,173.07,0.0103,0.0188,0,collision
300,133,116.91,10.08,139.64,0.0099,0.0000,0,collision
423,202,119.38,5.79,328.28,0.0059,0.0000,0,collision
424,119,125.79,12.48,75.37,0.0043,0.0043,0,collision
425,131,170.31,11.51,131.02,0.0114,0.0084,0,collision
426,129,41.57,8.81,229.14,0.0133,0.0103,0,collision
427,136,98.69,8.67,128.79,0.0043,0.0742,0,collision
428,128,27.42,9.31,194.19,0.0047,0.0075,0,collision
429,125,75.18,9.92,158.93,0.0117,0.0030,0,collision
430,111,139.89,13.55,131.14,0.0045,0.0000,0,collision
431,173,139.99,7.45,289.36,0.0068,0.0158,0,collision
432,114,86.22,13.22,90.47,0.0032,0.0000,0,collision
433,146,151.44,8.23,194.82,0.0025,0.0604,0,collision
434,145,184.31,10.40,181.52,0.0084,0.0053,0,collision
435,145,124.26,7.45,230.48,0.0077,0.0202,0,collision
436,166,124.84,8.47,155.74,0.0118,0.0283,0,collision
301,127,122.65,11.76,249.60,0.0065,0.0049,0,collision
302,133,112.20,10.99,279.88,0.0194,0.0019,0,collision
303,119,121.08,10.42,244.34,0.0054,0.0093,0,collision
304,142,37.62,6.41,238.68,0.0208,0.0000,0,collision
305,123,154.85,12.05,247.21,0.0090,0.0089,0,collision
306,128,100.84,8.52,211.68,0.0106,0.0154,0,collision
307,49,-30.41,17.12,155.00,0.0247,0.0192,0,collision
308,109,151.98,13.83,193.73,0.0041,0.0104,0,collision
309,64,-33.20,9.22,101.56,0.0064,0.0000,0,collision
310,108,154.38,13.83,251.52,0.0090,0.0063,0,collision
437,266,399.47,8.95,455.95,0.0042,0.0326,0,collision
438,131,144.12,11.07,182.32,0.0219,0.0035,0,collision
439,128,137.98,10.46,142.23,0.0172,0.0010,0,collision
440,130,122.92,11.36,206.10,0.0083,0.0000,0,collision
441,54,-5.41,16.56,257.29,0.0214,0.0370,0,collision
442,136,130.78,10.86,130.98,0.0098,0.0084,0,collision
443,110,129.15,13.48,200.50,0.0090,0.0064,0,collision
444,125,108.98,10.31,66.43,0.0115,0.0032,0,collision
445,137,148.65,9.13,116.18,0.0027,0.0014,0,collision
446,41,-32.86,18.60,116.79,0.0342,0.0000,0,collision
447,127,177.44,11.83,318.87,0.0047,0.0083,0,collision
448,121,172.48,12.44,311.53,0.0095,0.0104,0,collision
449,138,78.82,8.60,204.01,0.0047,0.0135,0,collision
450,127,133.46,11.80,202.78,0.0066,0.0034,0,collision
451,121,162.66,12.30,105.96,0.0195,0.0049,0,collision
452,63,-52.45,9.14,106.02,0.0298,0.0000,0,collision
453,115,-35.60,6.81,140.36,0.0109,0.0000,0,collision
311,132,124.35,11.04,207.56,0.0071,0.0042,0,collision
312,108,116.94,13.94,150.95,0.0127,0.0078,0,collision
313,124,122.68,12.06,192.36,0.0115,0.0060,0,collision
314,134,115.94,11.10,134.83,0.0048,0.0128,0,collision
315,147,30.65,7.43,178.85,0.0043,0.0101,0,collision
316,115,-12.65,10.04,250.95,0.0096,0.0032,0,collision
317,117,122.97,12.53,106.66,0.0020,0.0065,0,collision
318,112,125.56,15.80,217.01,0.0135,0.0000,0,collision
319,129,-9.84,8.67,276.77,0.0094,0.0123,0,collision
320,97,123.33,14.98,168.04,0.0176,0.0145,0,collision
454,233,362.39,10.10,567.03,0.0036,0.0021,0,collision
455,81,25.34,13.39,170.38,0.0279,0.0007,0,collision
456,121,73.34,12.39,118.76,0.0175,0.0077,0,collision
457,109,69.36,14.03,122.53,0.0220,0.0167,0,collision
458,75,29.28,13.47,21.89,0.0139,0.0134,0,collision
459,132,96.08,10.94,159.03,0.0050,0.0041,0,collision
460,107,60.27,13.76,275.60,0.0142,0.0043,0,collision
461,54,-36.14,16.68,49.12,0.0410,0.0661,0,collision
462,117,74.24,12.28,225.86,0.0170,0.0068,0,collision
463,106,125.60,13.80,90.70,0.0074,0.0041,0,collision
464,33,-69.36,22.20,77.09,0.0125,0.0188,0,collision
465,129,102.97,11.40,265.68,0.0036,0.0077,0,collision
466,113,94.23,13.03,81.52,0.0112,0.0069,0,collision
467,97,69.61,14.86,91.77,0.0072,0.0052,0,collision
468,96,-118.62,6.03,139.29,0.0068,0.0098,0,collision
469,98,105.93,15.26,129.85,0.0126,0.0115,0,collision
470,125,140.10,12.24,202.95,0.0124,0.0144,0,collision
471,116,33.08,12.41,219.87,0.0122,0.0034,0,collision
472,125,-36.72,8.49,140.47,0.0187,0.0087,0,collision
321,131,21.17,8.66,236.81,0.0027,0.0117,0,collision
322,101,-122.09,5.94,145.29,0.0147,0.0000,0,collision
323,136,160.76,10.62,217.21,0.0138,0.0052,0,collision
324,171,206.67,8.53,266.52,0.0027,0.0248,0,collision
325,149,91.80,8.47,321.47,0.0111,0.0573,0,collision
326,63,-4.46,14.27,147.23,0.0101,0.0236,0,collision
327,165,1.60,7.51,119.11,0.0114,0.0451,0,collision
328,112,142.70,13.31,159.29,0.0158,0.0083,0,collision
329,137,115.09,10.45,241.97,0.0100,0.0065,0,collision
330,116,52.68,10.19,233.59,0.0114,0.0000,0,collision
473,246,428.10,9.99,386.68,0.0049,0.0174,0,collision
474,106,174.54,14.15,81.23,0.0044,0.0119,0,collision
475,140,103.15,10.56,41.05,0.0170,0.0118,0,collision
476,106,116.77,13.78,166.81,0.0228,0.0055,0,collision
477,54,-20.72,16.04,65.40,0.0200,0.0199,0,collision
478,118,117.19,12.49,57.99,0.0234,0.0030,0,collision
479,107,115.66,13.94,80.35,0.0158,0.0050,0,collision
480,149,143.49,7.66,366.34,0.0089,0.0100,0,collision
481,115,141.68,13.12,219.51,0.0078,0.0127,0,collision
482,130,100.36,10.26,101.32,0.0165,0.0062,0,collision
483,169,52.68,6.87,211.56,0.0099,0.0555,0,collision
484,64,-29.28,9.09,138.35,0.0278,0.0000,0,collision
485,168,120.72,7.48,291.82,0.0095,0.0183,0,collision
486,133,130.06,11.04,116.00,0.0069,0.0039,0,collision
487,111,155.27,13.54,302.31,0.0115,0.0094,0,collision
488,115,150.89,12.99,83.88,0.0205,0.0000,0,collision
489,68,15.68,13.74,211.73,0.0048,0.0294,0,collision
331,120,166.61,12.55,186.77,0.0207,0.0059,0,collision
332,134,164.33,10.88,191.72,0.0064,0.0057,0,collision
333,34,-53.32,23.01,48.66,0.0539,0.0000,0,collision
334,169,187.09,7.65,248.96,0.0050,0.0932,0,collision
335,185,218.46,7.34,448.50,0.0068,0.0296,0,collision
336,144,138.33,7.91,259.93,0.0035,0.0730,0,collision
337,91,-57.15,6.64,134.45,0.0112,0.0000,0,collision
338,112,91.73,10.50,211.55,0.0111,0.0000,0,collision
339,101,49.19,14.53,70.99,0.0289,0.0537,0,collision
340,141,142.37,10.46,179.30,0.0139,0.0012,0,collision
490,177,245.25,12.24,339.19,0.0059,0.0061,0,collision
491,129,204.66,11.54,93.36,0.0077,0.0062,0,collision
492,111,148.05,13.30,252.59,0.0081,0.0069,0,collision
493,35,-74.96,22.52,35.08,0.0628,0.0000,0,collision
494,129,11.17,8.77,88.85,0.0040,0.0186,0,collision
495,133,10.14,6.04,184.39,0.0079,0.0000,0,collision
496,122,-55.95,4.85,193.11,0.0059,0.0081,0,collision
497,111,119.08,13.38,49.93,0.0024,0.0028,0,collision
498,139,115.95,8.11,179.03,0.0072,0.0000,0,collision
499,131,127.67,11.51,194.05,0.0123,0.0068,0,collision
500,125,152.54,12.23,194.51,0.0167,0.0034,0,collision
501,125,94.88,8.79,305.87,0.0044,0.0233,0,collision
502,173,103.49,6.28,245.58,0.0009,0.0373,0,collision
503,203,369.38,10.50,229.31,0.0020,0.0115,0,collision
504,134,-15.45,6.76,195.48,0.0113,0.0000,0,collision
505,88,-84.66,6.74,89.71,0.0125,0.0000,0,collision
341,100,154.50,15.01,123.39,0.0124,0.0076,0,collision
342,100,139.04,15.13,23.69,0.0115,0.0091,0,collision
343,38,-35.93,20.60,115.53,0.0281,0.0000,0,collision
344,151,131.13,7.87,297.84,0.0041,0.0255,0,collision
345,151,57.57,7.33,152.87,0.0159,0.0601,0,collision
346,126,124.71,11.65,152.48,0.0084,0.0103,0,collision
347,49,-24.17,16.86,-7.26,0.0179,0.0528,0,collision
348,128,135.78,11.55,118.78,0.0093,0.0050,0,collision
349,160,165.97,7.66,219.31,0.0036,0.0618,0,collision
350,116,197.53,12.91,250.65,0.0057,0.0126,0,collision
506,165,251.99,9.93,252.20,0.0124,0.0073,0,collision
507,145,56.97,7.33,359.62,0.0114,0.0213,0,collision
508,111,98.79,10.42,152.06,0.0127,0.0000,0,collision
509,120,150.15,12.49,190.34,0.0040,0.0093,0,collision
510,63,-22.40,9.24,159.43,0.0231,0.0000,0,collision
511,127,162.28,11.71,226.00,0.0044,0.0092,0,collision
512,103,150.12,14.58,181.12,0.0121,0.0820,0,collision
513,152,206.81,9.77,259.46,0.0050,0.0412,0,collision
514,130,115.00,11.39,205.46,0.0027,0.0064,0,collision
515,122,150.94,12.00,105.11,0.0096,0.0021,0,collision
516,124,148.87,11.36,86.37,0.0006,0.0019,0,collision
517,118,80.80,9.46,150.29,0.0091,0.0000,0,collision
518,157,137.91,8.54,239.23,0.0056,0.0546,0,collision
519,107,91.30,13.70,196.30,0.0115,0.0000,0,collision
520,130,174.46,11.52,138.70,0.0072,0.0034,0,collision
521,130,135.09,11.57,248.80,0.0102,0.0098,0,collision
351,129,196.56,12.54,125.57,0.0091,0.0257,0,collision
352,160,262.51,11.88,199.18,0.0129,0.0026,0,collision
353,126,107.26,9.35,198.03,0.0076,0.0137,0,collision
354,122,103.18,12.12,52.91,0.0188,0.0087,0,collision
355,67,34.76,14.23,164.82,0.0180,0.0063,0,collision
356,53,-9.24,16.14,169.72,0.0382,0.0956,0,collision
357,129,99.14,8.73,41.39,0.0065,0.0173,0,collision
358,135,115.05,8.06,264.48,0.0122,0.0277,0,collision
359,162,150.28,7.55,323.51,0.0059,0.0560,0,collision
360,153,214.76,9.70,240.56,0.0089,0.0127,0,collision
522,196,215.22,9.83,234.26,0.0047,0.0036,0,collision
523,147,98.30,7.78,212.74,0.0118,0.0543,0,collision
524,138,155.04,10.07,224.65,0.0043,0.0189,0,collision
525,149,130.03,7.79,159.32,0.0084,0.0301,0,collision
526,118,120.42,12.23,235.06,0.0027,0.0067,0,collision
527,138,127.88,7.89,230.01,0.0025,0.0073,0,collision
528,72,67.72,14.53,130.02,0.0134,0.0050,0,collision
529,55,-5.98,16.48,49.06,0.0381,0.0000,0,collision
530,150,198.35,9.48,341.90,0.0056,0.0104,0,collision
531,118,143.04,12.45,160.71,0.0077,0.0023,0,collision
532,110,159.45,13.22,109.88,0.0091,0.0080,0,collision
533,115,97.07,10.74,164.84,0.0117,0.0072,0,collision
534,120,156.42,12.75,-6.54,0.0083,0.0210,0,collision
535,98,94.75,15.13,75.06,0.0175,0.0000,0,collision
536,109,119.31,13.46,199.54,0.0087,0.0172,0,collision
537,67,1.97,14.31,97.05,0.0060,0.0064,0,collision
538,154,210.36,9.57,312.88,0.0086,0.0058,0,collision
361,115,120.72,10.34,211.48,0.0148,0.0067,0,collision
362,133,185.48,11.26,16.37,0.0114,0.0102,0,collision
363,130,178.98,11.34,208.07,0.0099,0.0181,0,collision
364,141,282.33,14.82,331.52,0.0154,0.0031,0,collision
365,78,32.32,13.27,75.57,0.0334,0.0000,0,collision
366,112,134.39,13.20,39.26,0.0105,0.0133,0,collision
367,108,184.43,13.74,37.02,0.0079,0.0529,0,collision
368,162,118.35,7.26,154.53,0.0026,0.0637,0,collision
369,128,107.15,10.08,306.89,0.0072,0.0000,0,collision
370,131,188.34,10.97,364.07,0.0058,0.0012,0,collision
539,200,309.10,10.36,404.07,0.0052,0.0000,0,collision
540,123,122.94,10.05,315.50,0.0125,0.0000,0,collision
541,107,86.53,13.99,170.44,0.0063,0.0082,0,collision
542,30,-65.85,23.61,19.71,0.0437,0.0086,0,collision
543,116,91.78,10.68,194.94,0.0174,0.0013,0,collision
544,117,146.16,12.91,57.62,0.0121,0.0162,0,collision
545,123,112.16,10.34,210.01,0.0111,0.0020,0,collision
546,116,152.76,12.54,46.58,0.0025,0.0066,0,collision
547,107,132.06,14.05,140.30,0.0050,0.0059,0,collision
548,73,33.08,13.79,64.41,0.0135,0.0122,0,collision
549,133,196.07,11.28,114.60,0.0007,0.0461,0,collision
550,94,115.56,16.03,92.64,0.0133,0.0793,0,collision
551,23,-101.51,27.76,-18.34,0.0435,0.0023,0,collision
552,150,49.99,6.80,234.65,0.0131,0.0000,0,collision
553,114,187.06,13.15,137.87,0.0177,0.0107,0,collision
554,111,124.20,13.56,127.42,0.0077,0.0124,0,collision
555,45,-37.05,18.07,148.39,0.0173,0.0085,0,collision
556,130,205.50,11.61,275.94,0.0057,0.0161,0,collision
557,36,-43.24,21.52,118.73,0.0412,0.0282,0,collision
558,104,142.79,14.32,337.60,0.0112,0.0101,0,collision
371,40,-49.78,19.65,96.94,0.0360,0.0194,0,collision
372,139,156.22,10.72,217.74,0.0042,0.0070,0,collision
373,123,85.06,9.39,246.06,0.0142,0.0000,0,collision
374,210,410.11,10.33,224.75,0.0081,0.0063,0,collision
375,46,-17.98,18.49,120.83,0.0201,0.0080,0,collision
376,106,152.32,13.96,288.20,0.0029,0.0061,0,collision
377,131,167.41,8.62,410.74,0.0069,0.0000,0,collision
378,124,140.24,12.71,81.85,0.0127,0.0175,0,collision
379,131,168.71,11.24,72.18,0.0132,0.0005,0,collision
380,157,246.21,9.72,231.78,0.0016,0.0071,0,collision
559,209,317.18,10.84,273.87,0.0035,0.0101,0,collision
560,127,124.62,10.31,304.11,0.0065,0.0224,0,collision
561,118,28.76,6.78,102.17,0.0070,0.0000,0,collision
562,163,147.47,7.27,558.31,0.0120,0.0053,0,collision
563,120,171.30,10.31,100.33,0.0089,0.0022,0,collision
564,118,118.39,12.89,71.39,0.0122,0.0112,0,collision
565,136,139.09,10.86,233.37,0.0149,0.0000,0,collision
566,125,109.15,11.80,92.36,0.0163,0.0143,0,collision
567,127,80.13,8.69,326.65,0.0115,0.0100,0,collision
568,134,201.66,11.15,279.62,0.0079,0.0126,0,collision
569,157,41.82,7.30,128.58,0.0039,0.0448,0,collision
570,125,93.05,8.54,210.06,0.0167,0.0296,0,collision
571,182,174.28,7.57,132.70,0.0119,0.0379,0,collision
572,133,159.48,9.21,67.93,0.0123,0.0000,0,collision
573,118,131.98,10.53,-9.33,0.0172,0.0164,0,collision
381,130,235.60,11.33,226.42,0.0127,0.0157,0,collision
382,53,-16.28,16.31,133.59,0.0189,0.0202,0,collision
383,123,91.83,10.35,92.05,0.0162,0.0078,0,collision
384,123,159.93,11.99,152.13,0.0020,0.0069,0,collision
385,146,128.48,7.48,288.51,0.0123,0.0240,0,collision
386,147,222.11,9.13,311.86,0.0059,0.0033,0,collision
387,120,46.14,10.28,134.78,0.0155,0.0000,0,collision
388,63,-107.68,9.24,-14.46,0.0213,0.0000,0,collision
389,112,138.78,12.97,223.55,0.0068,0.0049,0,collision
390,125,100.12,9.28,173.01,0.0168,0.0000,0,collision
574,90,-130.97,7.46,53.80,0.0097,0.0000,0,collision
575,144,256.59,10.30,199.68,0.0079,0.0077,0,collision
576,212,401.30,9.91,395.94,0.0045,0.0014,0,collision
577,166,71.12,6.41,150.85,0.0085,0.0158,0,collision
578,125,112.66,9.48,317.39,0.0171,0.0000,0,collision
579,140,93.85,8.68,404.97,0.0149,0.0223,0,collision
580,139,71.52,7.68,96.51,0.0121,0.0294,0,collision
581,154,71.07,7.04,246.44,0.0185,0.0000,0,collision
582,77,34.56,13.83,94.24,0.0142,0.0205,0,collision
583,135,83.87,10.18,145.73,0.0128,0.0000,0,collision
584,129,44.94,6.60,161.05,0.0126,0.0137,0,collision
585,64,-34.23,9.37,106.64,0.0393,0.0000,0,collision
586,126,231.20,11.98,48.03,0.0047,0.0091,0,collision
587,94,-33.90,6.20,138.27,0.0123,0.0000,0,collision
588,151,52.65,7.58,198.40,0.0047,0.0148,0,collision
589,114,41.80,10.55,185.18,0.0139,0.0042,0,collision
391,132,-3.25,6.00,279.19,0.0021,0.0087,0,collision
392,140,42.48,5.95,238.19,0.0110,0.0000,0,collision
393,141,75.27,7.18,179.40,0.0063,0.0000,0,collision
394,141,102.45,8.25,107.65,0.0161,0.0294,0,collision
395,126,143.77,9.24,191.40,0.0155,0.0000,0,collision
396,76,-34.42,7.85,28.93,0.0180,0.0000,0,collision
397,153,129.09,6.73,218.08,0.0104,0.0000,0,collision
398,144,134.21,7.86,262.83,0.0117,0.0442,0,collision
399,127,89.18,6.58,122.09,0.0195,0.0000,0,collision
400,88,-44.93,6.67,129.76,0.0360,0.0000,0,collision
590,190,140.34,5.88,190.97,0.0088,0.0300,0,collision
591,182,33.47,6.19,84.37,0.0109,0.0386,0,collision
592,159,99.97,7.34,202.87,0.0043,0.0356,0,collision
593,153,76.01,7.56,153.60,0.0121,0.0463,0,collision
594,164,68.38,6.60,265.30,0.0122,0.0215,0,collision
595,40,-53.73,19.05,42.31,0.0147,0.0320,0,collision
596,64,-83.53,9.36,-38.08,0.0283,0.0000,0,collision
597,152,88.02,7.13,155.22,0.0046,0.0407,0,collision
598,126,52.07,7.22,52.61,0.0129,0.0000,0,collision
599,95,-52.81,6.24,72.76,0.0126,0.0000,0,collision
600,171,65.19,6.82,184.99,0.0099,0.1007,0,collision
601,172,160.80,7.27,167.43,0.0077,0.0289,0,collision
602,136,123.39,8.36,116.58,0.0108,0.0068,0,collision
603,128,92.58,8.81,190.83,0.0074,0.0094,0,collision
604,112,-40.18,5.36,163.19,0.0243,0.0000,0,collision
401,181,68.78,6.25,180.76,0.0098,0.0883,0,collision
402,46,13.36,18.50,101.74,0.0280,0.0062,0,collision
403,48,7.67,18.29,-9.61,0.0283,0.0164,0,collision
404,136,162.36,11.17,121.12,0.0050,0.0146,0,collision
405,111,-47.84,5.96,197.49,0.0197,0.0000,0,collision
406,219,95.91,4.71,203.34,0.0120,0.0246,0,collision
407,203,375.45,10.61,-6.96,0.0115,0.0050,0,collision
408,48,-21.05,17.39,86.53,0.0496,0.0142,0,collision
409,153,153.05,9.96,26.18,0.0062,0.0643,0,collision
410,147,99.74,6.16,140.93,0.0105,0.0521,0,collision
605,153,70.70,6.07,164.92,0.0025,0.0353,0,collision
606,235,107.83,5.10,237.14,0.0065,0.0716,0,collision
607,110,-24.24,5.94,145.11,0.0160,0.0000,0,collision
608,144,150.09,7.66,128.37,0.0037,0.0380,0,collision
609,76,99.74,13.76,128.30,0.0176,0.0189,0,collision
610,83,1.65,7.19,40.20,0.0071,0.0000,0,collision
611,159,64.06,6.48,171.18,0.0059,0.0000,0,collision
612,140,182.83,10.83,140.10,0.0045,0.0583,0,collision
613,104,145.24,14.42,190.59,0.0080,0.0097,0,collision
614,136,59.08,5.92,132.71,0.0157,0.0017,0,collision
615,128,101.73,8.98,175.34,0.0146,0.0000,0,collision
616,147,247.90,10.15,222.63,0.0017,0.0506,0,collision
617,170,100.52,6.46,255.12,0.0041,0.0819,0,collision
618,147,29.00,5.87,181.63,0.0097,0.0000,0,collision
411,146,87.65,6.46,158.31,0.0079,0.0182,0,collision
412,126,26.46,6.89,118.25,0.0115,0.0000,0,collision
413,172,202.70,6.47,278.89,0.0012,0.0361,0,collision
414,150,117.40,6.50,154.63,0.0097,0.0000,0,collision
415,143,125.43,8.05,324.10,0.0102,0.0518,0,collision
416,150,110.00,6.08,151.02,0.0077,0.0000,0,collision
417,130,124.09,8.82,161.24,0.0087,0.0156,0,collision
418,165,156.88,7.55,162.50,0.0064,0.0468,0,collision
419,110,126.51,13.32,13.55,0.0033,0.0062,0,collision
420,113,113.73,10.55,252.96,0.0140,0.0153,0,collision
619,293,567.34,8.49,616.22,0.0034,0.0150,0,collision
620,146,100.69,7.61,258.08,0.0036,0.0179,0,collision
621,173,90.39,6.10,261.38,0.0079,0.0469,0,collision
622,212,376.88,10.17,238.87,0.0062,0.0022,0,collision
623,149,112.01,7.10,180.54,0.0083,0.0000,0,collision
624,148,166.52,7.63,192.76,0.0033,0.0120,0,collision
625,184,126.92,5.61,283.50,0.0111,0.0002,0,collision
626,173,112.51,6.61,315.21,0.0071,0.0465,0,collision
627,116,162.75,13.09,205.97,0.0055,0.0125,0,collision
628,192,5.02,5.86,219.79,0.0024,0.1359,0,collision
629,206,463.46,10.18,281.31,0.0033,0.0156,0,collision
630,124,196.65,9.50,434.46,0.0076,0.0000,0,collision
421,64,6.09,9.51,117.30,0.0258,0.0000,0,collision
422,113,179.60,10.88,212.30,0.0096,0.0000,0,collision
423,159,128.49,6.69,268.18,0.0131,0.0042,0,collision
424,214,323.25,9.87,224.69,0.0098,0.0444,0,collision
425,150,116.33,7.00,285.16,0.0138,0.0326,0,collision
426,158,77.87,7.08,110.95,0.0121,0.0796,0,collision
427,112,174.95,13.32,113.13,0.0114,0.0066,0,collision
428,208,440.80,10.06,461.80,0.0042,0.0019,0,collision
429,192,376.68,10.90,261.01,0.0034,0.0000,0,collision
430,125,125.99,8.93,283.34,0.0064,0.0250,0,collision
631,186,138.45,7.59,232.92,0.0112,0.0000,0,collision
632,122,66.20,9.30,225.66,0.0152,0.0049,0,collision
633,35,-45.59,23.08,54.54,0.0488,0.0000,0,collision
634,137,55.05,7.09,242.82,0.0182,0.0000,0,collision
635,159,56.88,7.20,146.80,0.0121,0.0385,0,collision
636,127,68.40,8.99,54.05,0.0123,0.0000,0,collision
637,34,-54.96,23.62,136.84,0.0325,0.0064,0,collision
638,150,191.79,7.59,317.21,0.0197,0.0429,0,collision
639,185,340.51,11.26,140.50,0.0047,0.0034,0,collision
640,61,32.45,15.18,151.70,0.0080,0.0099,0,collision
641,157,168.86,7.89,194.57,0.0113,0.0073,0,collision
642,141,37.53,6.92,103.47,0.0064,0.0000,0,collision
643,125,137.50,9.21,159.21,0.0068,0.0000,0,collision
644,152,124.60,6.63,260.08,0.0070,0.0284,0,collision
645,157,96.29,7.35,367.83,0.0145,0.0713,0,collision
646,77,17.51,13.18,103.48,0.0101,0.0063,0,collision
431,144,171.47,10.39,143.92,0.0014,0.0038,0,collision
432,120,172.97,12.80,118.95,0.0118,0.0040,0,collision
433,143,183.84,10.47,156.16,0.0102,0.0148,0,collision
434,145,181.24,10.30,78.10,0.0068,0.0141,0,collision
435,143,165.94,9.34,27.07,0.0060,0.0193,0,collision
436,142,160.06,10.58,315.04,0.0093,0.0081,0,collision
437,149,114.75,8.12,224.36,0.0050,0.0238,0,collision
438,33,-72.53,22.37,56.75,0.0327,0.0139,0,collision
439,142,257.02,10.23,277.09,0.0041,0.0103,0,collision
440,31,-81.03,23.46,33.47,0.0406,0.0000,0,collision
647,251,436.13,9.99,247.83,0.0073,0.0013,0,collision
648,57,-15.08,16.43,32.25,0.0188,0.0000,0,collision
649,131,177.92,10.24,316.87,0.0137,0.0018,0,collision
650,107,131.06,10.78,130.74,0.0065,0.0000,0,collision
651,153,86.72,7.52,167.25,0.0092,0.0150,0,collision
652,125,149.78,11.85,33.83,0.0129,0.0057,0,collision
653,143,120.25,8.01,210.95,0.0081,0.0000,0,collision
654,119,78.14,9.26,211.21,0.0114,0.0000,0,collision
655,137,214.86,10.96,221.22,0.0094,0.0078,0,collision
656,172,46.89,6.65,164.79,0.0144,0.0365,0,collision
657,151,227.64,9.99,336.04,0.0084,0.0232,0,collision
658,133,204.50,10.66,157.47,0.0164,0.0000,0,collision
659,26,-95.67,25.44,71.67,0.0607,0.0034,0,collision
660,129,110.02,8.95,86.63,0.0053,0.0000,0,collision
661,97,105.53,15.53,117.83,0.0114,0.0136,0,collision
662,139,96.40,8.22,216.33,0.0070,0.0135,0,collision
441,143,135.23,10.59,2.97,0.0067,0.0546,0,collision
442,156,236.72,9.54,313.10,0.0113,0.0080,0,collision
443,142,126.64,7.79,363.03,0.0026,0.0428,0,collision
444,81,87.02,13.21,238.71,0.0194,0.0000,0,collision
445,147,74.36,7.07,309.99,0.0131,0.0000,0,collision
446,158,94.20,7.06,110.54,0.0079,0.0954,0,collision
447,41,-27.81,19.36,48.78,0.0101,0.0111,0,collision
448,134,136.76,8.29,357.63,0.0091,0.0215,0,collision
449,105,141.00,10.85,133.19,0.0100,0.0000,0,collision
450,138,161.85,10.99,201.78,0.0061,0.0351,0,collision
663,233,379.04,10.26,134.77,0.0057,0.0067,0,collision
664,135,158.52,9.17,365.76,0.0061,0.0019,0,collision
665,181,71.32,6.18,227.03,0.0050,0.0327,0,collision
666,154,189.98,8.18,93.18,0.0110,0.0799,0,collision
667,137,273.23,10.93,423.35,0.0173,0.0000,0,collision
668,145,157.30,7.64,455.65,0.0061,0.0390,0,collision
669,190,57.15,5.98,205.78,0.0072,0.0911,0,collision
670,186,-32.35,6.16,135.37,0.0100,0.1346,0,collision
671,158,189.56,9.63,360.20,0.0078,0.0145,0,collision
672,187,364.20,11.13,217.91,0.0029,0.0031,0,collision
673,146,40.05,6.41,204.11,0.0161,0.0000,0,collision
674,119,128.94,10.39,119.92,0.0073,0.0079,0,collision
675,128,117.62,9.17,214.92,0.0065,0.0000,0,collision
451,156,273.57,9.68,111.76,0.0112,0.0102,0,collision
452,191,38.62,6.25,326.51,0.0069,0.1038,0,collision
453,113,151.76,13.12,296.79,0.0336,0.0032,0,collision
454,122,115.26,10.49,117.10,0.0087,0.0083,0,collision
455,152,224.15,9.73,203.54,0.0141,0.0093,0,collision
456,150,249.14,10.17,491.96,0.0074,0.0162,0,collision
457,127,238.37,11.88,398.62,0.0062,0.0158,0,collision
458,152,199.29,8.05,231.24,0.0152,0.0563,0,collision
459,104,131.30,14.40,260.74,0.0107,0.0033,0,collision
460,204,247.36,7.40,161.67,0.0063,0.0631,0,collision
676,173,287.25,11.68,165.14,0.0030,0.0000,0,collision
677,125,227.47,11.76,374.59,0.0156,0.0075,0,collision
678,64,-91.95,9.15,112.17,0.0106,0.0000,0,collision
679,104,151.09,14.43,75.16,0.0133,0.0133,0,collision
680,149,95.36,7.59,305.88,0.0109,0.0153,0,collision
681,125,207.48,12.03,129.17,0.0072,0.0138,0,collision
682,212,224.61,6.34,173.23,0.0041,0.0510,0,collision
683,141,191.30,10.80,239.30,0.0048,0.0754,0,collision
684,122,184.04,12.16,113.22,0.0135,0.0000,0,collision
685,129,169.73,10.42,135.52,0.0124,0.0024,0,collision
686,110,99.94,10.42,254.40,0.0259,0.0000,0,collision
687,101,73.73,14.72,139.81,0.0077,0.0015,0,collision
688,43,-46.54,18.14,140.89,0.0243,0.0000,0,collision
689,109,140.17,13.94,40.88,0.0048,0.0035,0,collision
690,63,-40.70,9.33,105.20,0.0210,0.0000,0,collision
691,117,184.26,12.46,257.47,0.0093,0.0079,0,collision
692,140,87.65,6.84,194.10,0.0128,0.0442,0,collision
461,171,185.88,6.69,316.42,0.0048,0.0386,0,collision
462,165,143.59,6.98,315.40,0.0047,0.0251,0,collision
463,158,26.15,5.01,92.34,0.0048,0.0000,0,collision
464,119,-29.51,6.56,138.51,0.0045,0.0000,0,collision
465,51,-19.41,16.89,48.61,0.0372,0.0631,0,collision
466,144,80.07,6.92,153.50,0.0107,0.0000,0,collision
467,162,128.31,6.66,355.41,0.0090,0.0339,0,collision
468,34,-58.47,21.37,-26.90,0.0468,0.0078,0,collision
469,188,81.17,6.18,242.19,0.0088,0.0751,0,collision
470,170,73.24,6.71,325.10,0.0036,0.0820,0,collision
693,178,277.70,9.73,201.34,0.0074,0.0000,0,collision
694,145,109.95,6.64,259.15,0.0125,0.0000,0,collision
695,158,156.50,6.74,383.85,0.0094,0.0033,0,collision
696,120,105.57,9.42,69.48,0.0164,0.0000,0,collision
697,138,97.76,8.20,191.08,0.0085,0.0089,0,collision
698,176,91.25,6.53,232.13,0.0074,0.0493,0,collision
699,140,196.23,10.77,55.95,0.0066,0.0891,0,collision
700,131,150.96,10.52,143.04,0.0132,0.0000,0,collision
701,41,-35.97,19.90,16.03,0.0434,0.0236,0,collision
702,210,390.46,10.02,347.62,0.0036,0.0242,0,collision
703,84,106.76,13.03,-8.30,0.0115,0.0000,0,collision
704,120,30.00,6.85,209.08,0.0110,0.0000,0,collision
705,139,179.23,8.68,393.33,0.0125,0.0183,0,collision
706,131,232.43,11.61,270.72,0.0043,0.0230,0,collision
707,142,104.96,7.73,172.33,0.0078,0.0286,0,collision
471,152,111.00,7.48,343.02,0.0080,0.0709,0,collision
472,134,197.92,11.00,93.17,0.0030,0.0163,0,collision
473,124,63.66,8.90,152.37,0.0120,0.0199,0,collision
474,149,235.23,9.93,209.95,0.0014,0.0085,0,collision
475,177,115.56,6.48,237.44,0.0087,0.0807,0,collision
476,136,147.29,10.95,246.27,0.0084,0.0093,0,collision
477,128,164.70,9.05,166.82,0.0103,0.0000,0,collision
478,81,33.83,13.16,123.86,0.0148,0.0000,0,collision
479,119,188.55,12.58,99.06,0.0190,0.0058,0,collision
480,109,173.00,14.02,39.77,0.0043,0.0256,0,collision
708,170,319.35,11.27,375.28,0.0059,0.0028,0,collision
709,149,78.71,8.40,278.58,0.0063,0.0399,0,collision
710,138,207.36,10.87,210.40,0.0008,0.0156,0,collision
711,35,-65.01,21.86,-22.30,0.0449,0.0295,0,collision
712,74,55.44,13.92,162.45,0.0130,0.0075,0,collision
713,139,87.16,8.10,295.94,0.0086,0.0094,0,collision
714,113,146.65,13.03,155.72,0.0098,0.0058,0,collision
715,166,75.63,6.42,200.26,0.0079,0.0542,0,collision
716,100,149.34,15.04,165.77,0.0163,0.0565,0,collision
717,125,112.17,8.83,292.48,0.0124,0.0000,0,collision
718,110,-21.29,6.38,203.51,0.0202,0.0142,0,collision
719,162,205.65,7.58,221.22,0.0100,0.0042,0,collision
720,143,107.27,7.63,450.96,0.0087,0.0195,0,collision
721,135,200.14,11.11,208.24,0.0066,0.0092,0,collision
722,39,-53.13,20.73,52.24,0.0593,0.0000,0,collision
723,169,-1.86,6.65,278.74,0.0041,0.0871,0,collision
481,130,83.91,8.83,91.52,0.0079,0.0180,0,collision
482,79,5.75,13.39,91.59,0.0296,0.0714,0,collision
483,134,23.98,8.34,53.77,0.0065,0.0216,0,collision
484,77,49.86,13.46,87.29,0.0182,0.0233,0,collision
485,131,106.08,8.65,190.16,0.0042,0.0231,0,collision
486,222,1118.35,9.91,376.63,0.0000,0.0194,1,goal
487,104,152.00,14.38,111.20,0.0162,0.0000,0,collision
488,107,-34.48,5.94,83.04,0.0101,0.0117,0,collision
489,104,9.81,5.68,175.04,0.0034,0.0000,0,collision
490,131,138.65,8.57,248.43,0.0118,0.0210,0,collision
724,251,582.28,12.03,228.24,0.0023,0.0140,0,collision
725,126,192.10,11.82,138.31,0.0081,0.0140,0,collision
726,32,-67.96,22.83,-13.53,0.0124,0.0225,0,collision
727,169,71.66,6.64,267.05,0.0048,0.0866,0,collision
728,122,18.97,6.39,106.68,0.0094,0.0259,0,collision
729,77,42.94,13.72,93.82,0.0254,0.0104,0,collision
730,170,31.14,6.45,199.14,0.0024,0.0160,0,collision
731,133,145.01,11.24,326.60,0.0046,0.0141,0,collision
732,141,207.03,10.43,322.20,0.0133,0.0073,0,collision
733,195,102.41,5.76,189.83,0.0091,0.0587,0,collision
734,79,83.62,13.46,136.00,0.0128,0.0120,0,collision
735,157,129.30,6.38,340.22,0.0133,0.0000,0,collision
736,112,174.27,13.34,176.76,0.0090,0.0038,0,collision
737,163,134.24,7.04,310.10,0.0060,0.0212,0,collision
738,46,-28.37,18.32,51.66,0.0422,0.0325,0,collision
739,142,290.30,10.57,429.70,0.0155,0.0026,0,collision
740,55,-22.50,15.94,9.51,0.0089,0.0544,0,collision
491,144,117.63,7.83,268.93,0.0051,0.0236,0,collision
492,115,-3.12,6.53,237.98,0.0120,0.0052,0,collision
493,185,167.97,7.39,338.70,0.0008,0.0663,0,collision
494,148,87.84,6.63,208.13,0.0121,0.0000,0,collision
495,160,67.47,5.51,89.83,0.0169,0.0064,0,collision
496,91,-42.84,6.53,155.84,0.0053,0.0126,0,collision
497,106,94.42,11.06,184.81,0.0122,0.0000,0,collision
498,171,139.64,6.79,192.22,0.0059,0.0121,0,collision
499,79,-20.21,7.52,33.50,0.0300,0.0000,0,collision
500,132,219.35,11.41,194.36,0.0070,0.0053,0,collision
741,150,16.54,5.92,69.16,0.0091,0.0000,0,collision
742,107,-26.40,6.98,-27.10,0.0226,0.0578,0,collision
743,185,123.41,6.16,250.39,0.0095,0.0540,0,collision
744,137,202.78,11.13,276.26,0.0043,0.0158,0,collision
745,122,20.04,6.58,111.97,0.0046,0.0168,0,collision
746,160,104.21,6.24,61.75,0.0178,0.0143,0,collision
747,121,53.11,6.50,217.37,0.0078,0.0001,0,collision
748,128,-22.99,4.74,213.05,0.0087,0.0111,0,collision
749,232,154.59,5.08,213.77,0.0055,0.0331,0,collision
750,130,222.13,11.61,132.86,0.0169,0.0086,0,collision
751,116,-7.87,5.04,190.27,0.0117,0.0000,0,collision
752,111,-68.00,5.43,111.99,0.0078,0.0000,0,collision
753,118,214.81,12.84,103.66,0.0102,0.0106,0,collision
754,170,69.45,5.46,103.93,0.0134,0.0059,0,collision
501,138,245.92,10.96,386.96,0.0120,0.0052,0,collision
502,89,-81.59,6.57,99.86,0.0149,0.0000,0,collision
503,162,86.23,5.88,314.58,0.0141,0.0133,0,collision
504,102,-23.71,6.64,122.58,0.0165,0.0391,0,collision
505,132,37.78,6.03,149.66,0.0128,0.0000,0,collision
506,161,70.89,6.41,360.33,0.0078,0.0393,0,collision
507,131,-53.38,5.04,168.58,0.0219,0.0481,0,collision
508,109,-2.25,5.55,185.44,0.0079,0.0092,0,collision
509,196,62.26,4.74,147.02,0.0066,0.0000,0,collision
510,123,13.04,7.11,146.30,0.0141,0.0000,0,collision
755,304,199.68,4.61,165.91,0.0050,0.0431,0,collision
756,144,197.83,10.34,262.75,0.0129,0.0047,0,collision
757,174,138.83,6.39,320.80,0.0059,0.0175,0,collision
758,108,11.83,6.23,246.81,0.0161,0.0273,0,collision
759,100,-34.77,6.67,94.55,0.0054,0.0094,0,collision
760,111,226.12,13.65,119.29,0.0192,0.0090,0,collision
761,161,118.40,7.15,194.36,0.0063,0.0163,0,collision
762,161,75.93,7.08,151.44,0.0124,0.0172,0,collision
763,138,150.26,8.14,208.11,0.0066,0.0076,0,collision
764,245,129.12,4.76,339.21,0.0052,0.0827,0,collision
765,102,-36.74,6.25,133.58,0.0120,0.0167,0,collision
766,174,89.59,6.68,173.86,0.0096,0.0279,0,collision
767,136,76.10,7.10,207.89,0.0103,0.0000,0,collision
511,182,252.20,7.45,368.11,0.0030,0.0209,0,collision
512,163,127.40,6.96,293.13,0.0070,0.0000,0,collision
513,168,116.61,6.79,143.55,0.0077,0.0002,0,collision
514,143,219.73,10.11,381.78,0.0055,0.0066,0,collision
515,168,119.72,6.80,428.36,0.0106,0.0780,0,collision
516,112,193.66,13.24,205.26,0.0123,0.0072,0,collision
517,148,76.92,7.21,223.78,0.0140,0.0172,0,collision
518,129,98.50,10.32,134.42,0.0114,0.0091,0,collision
519,132,166.48,11.15,324.23,0.0125,0.0086,0,collision
520,131,20.22,6.12,144.83,0.0107,0.0000,0,collision
768,134,162.19,10.53,176.19,0.0082,0.0000,0,collision
769,155,150.13,7.31,229.20,0.0029,0.0656,0,collision
770,140,86.50,6.88,145.44,0.0126,0.0000,0,collision
771,136,45.87,7.04,212.16,0.0203,0.0000,0,collision
772,67,-20.02,9.06,109.74,0.0224,0.0000,0,collision
773,139,184.31,10.13,382.59,0.0042,0.0203,0,collision
774,187,267.48,7.38,340.08,0.0113,0.0539,0,collision
775,142,123.47,8.05,381.36,0.0038,0.0141,0,collision
776,193,259.78,7.72,250.86,0.0049,0.0465,0,collision
777,136,96.47,8.14,230.03,0.0005,0.0243,0,collision
778,137,205.68,10.96,235.00,0.0152,0.0019,0,collision
779,135,149.59,11.14,202.88,0.0043,0.0090,0,collision
780,137,159.28,10.96,195.87,0.0060,0.0158,0,collision
781,180,49.52,6.26,259.01,0.0069,0.0599,0,collision
521,169,133.75,7.22,176.42,0.0100,0.0100,0,collision
522,152,104.27,7.14,350.64,0.0098,0.0081,0,collision
523,143,101.80,6.73,355.33,0.0084,0.0000,0,collision
524,140,83.16,6.61,131.08,0.0114,0.0000,0,collision
525,127,127.57,11.71,309.29,0.0088,0.0054,0,collision
526,169,65.65,6.67,95.99,0.0059,0.0766,0,collision
527,190,202.48,7.58,148.70,0.0057,0.1307,0,collision
528,31,-70.37,23.29,41.51,0.0470,0.0133,0,collision
529,141,224.71,10.75,290.42,0.0068,0.0062,0,collision
530,126,148.17,9.09,248.02,0.0077,0.0134,0,collision
782,224,270.41,7.82,332.36,0.0048,0.0047,0,collision
783,144,67.69,8.05,321.80,0.0128,0.0554,0,collision
784,188,84.96,6.08,145.22,0.0104,0.0567,0,collision
785,72,27.87,13.59,163.12,0.0106,0.0130,0,collision
786,140,180.91,8.06,283.91,0.0097,0.0275,0,collision
787,166,-29.33,5.92,240.52,0.0082,0.0000,0,collision
788,107,22.42,6.85,190.06,0.0100,0.0067,0,collision
789,135,190.55,10.98,258.03,0.0133,0.0028,0,collision
790,125,146.33,9.43,112.17,0.0069,0.0000,0,collision
791,157,117.98,6.96,337.10,0.0071,0.0109,0,collision
792,173,137.26,6.54,405.41,0.0039,0.0269,0,collision
793,161,158.54,6.55,186.34,0.0099,0.0062,0,collision
794,112,144.84,10.74,286.27,0.0151,0.0000,0,collision
795,186,214.14,6.71,289.28,0.0029,0.0641,0,collision
531,136,93.36,8.22,-43.71,0.0075,0.0273,0,collision
532,136,204.43,10.93,363.42,0.0098,0.0036,0,collision
533,159,95.90,7.26,310.32,0.0101,0.0790,0,collision
534,131,202.58,11.34,138.31,0.0132,0.0129,0,collision
535,142,193.97,10.55,127.84,0.0053,0.0120,0,collision
536,117,145.54,12.57,211.67,0.0089,0.0087,0,collision
537,127,226.92,11.76,358.41,0.0087,0.0103,0,collision
538,139,209.49,10.94,205.97,0.0048,0.0108,0,collision
539,41,-26.35,19.14,50.00,0.0339,0.0108,0,collision
540,122,215.01,12.49,214.82,0.0103,0.0097,0,collision
796,176,293.18,10.72,170.72,0.0018,0.0066,0,collision
797,136,168.55,11.02,151.24,0.0069,0.0123,0,collision
798,71,61.15,14.29,229.53,0.0236,0.0016,0,collision
799,149,193.22,9.98,208.80,0.0028,0.0060,0,collision
800,183,183.18,7.43,299.36,0.0053,0.0529,0,collision
801,154,128.76,7.70,341.45,0.0049,0.0567,0,collision
802,26,-91.99,27.46,51.60,0.0554,0.0000,0,collision
803,117,123.35,12.66,174.63,0.0062,0.0131,0,collision
804,162,127.97,7.01,143.91,0.0106,0.1225,0,collision
805,135,162.87,11.03,297.00,0.0057,0.0042,0,collision
806,140,189.49,10.86,136.60,0.0046,0.0416,0,collision
807,135,236.42,11.05,263.82,0.0045,0.0130,0,collision
808,110,16.08,6.07,195.63,0.0106,0.0343,0,collision
809,149,116.52,7.18,261.84,0.0122,0.0081,0,collision
810,126,231.82,12.00,277.68,0.0193,0.0208,0,collision
541,164,158.99,8.62,187.90,0.0019,0.0343,0,collision
542,154,206.63,9.68,264.40,0.0120,0.0564,0,collision
543,124,183.69,12.05,198.35,0.0087,0.0379,0,collision
544,146,121.55,7.88,267.41,0.0138,0.0255,0,collision
545,122,205.75,12.53,199.35,0.0096,0.0072,0,collision
546,129,194.97,10.26,168.45,0.0090,0.0115,0,collision
547,129,210.74,11.65,134.93,0.0119,0.0080,0,collision
548,132,245.24,11.40,251.28,0.0063,0.0128,0,collision
549,137,211.80,10.91,153.29,0.0059,0.0132,0,collision
550,147,113.09,7.12,197.84,0.0128,0.0000,0,collision
811,338,661.59,8.26,746.16,0.0066,0.0605,0,collision
812,133,160.39,11.37,139.61,0.0012,0.0080,0,collision
813,194,268.57,7.43,308.52,0.0042,0.0807,0,collision
814,120,224.85,12.46,346.53,0.0163,0.0064,0,collision
815,81,68.27,13.22,12.40,0.0044,0.0358,0,collision
816,193,1087.92,11.49,310.63,0.0000,0.0226,1,goal
817,152,66.01,7.10,200.44,0.0078,0.0313,0,collision
818,123,160.36,11.95,39.19,0.0084,0.0058,0,collision
819,106,170.44,14.08,318.76,0.0111,0.0166,0,collision
820,69,-10.16,8.68,115.88,0.0130,0.0000,0,collision
821,140,238.91,10.74,423.71,0.0090,0.0197,0,collision
822,75,63.07,14.18,62.48,0.0313,0.0039,0,collision
823,130,201.88,11.40,206.69,0.0028,0.0037,0,collision
824,147,174.19,7.25,235.85,0.0024,0.0025,0,collision
825,122,226.35,12.35,256.30,0.0060,0.0104,0,collision
551,121,-25.00,5.52,220.33,0.0183,0.0540,0,collision
552,164,175.69,6.86,364.09,0.0098,0.0290,0,collision
553,171,133.67,6.77,194.27,0.0089,0.0718,0,collision
554,160,47.56,7.24,189.39,0.0160,0.0480,0,collision
555,175,193.22,7.75,272.84,0.0073,0.0772,0,collision
556,190,195.13,7.40,362.85,0.0061,0.0805,0,collision
557,141,101.72,7.87,164.76,0.0090,0.0243,0,collision
558,145,53.42,6.83,123.64,0.0034,0.0000,0,collision
559,114,-9.74,6.79,203.22,0.0103,0.0140,0,collision
560,92,79.94,16.39,171.60,0.0181,0.0031,0,collision
826,163,362.58,14.49,391.11,0.0046,0.0143,0,collision
827,145,73.00,7.25,338.56,0.0080,0.0000,0,collision
828,173,28.67,6.67,238.36,0.0085,0.0952,0,collision
829,145,91.75,7.16,414.70,0.0081,0.0000,0,collision
830,173,80.68,6.52,161.25,0.0154,0.0621,0,collision
831,157,91.43,6.72,171.22,0.0108,0.0000,0,collision
832,158,90.55,6.39,174.99,0.0138,0.0001,0,collision
833,151,150.05,7.61,277.86,0.0107,0.0353,0,collision
834,246,383.51,8.39,491.90,0.0143,0.0655,0,collision
835,141,54.28,7.84,294.93,0.0106,0.0240,0,collision
836,151,60.70,7.29,103.44,0.0075,0.0356,0,collision
837,187,202.65,6.65,46.77,0.0121,0.0249,0,collision
561,141,23.01,6.79,181.01,0.0056,0.0000,0,collision
562,172,52.37,6.68,211.93,0.0018,0.0668,0,collision
563,147,206.94,8.98,320.95,0.0041,0.0000,0,collision
564,136,66.93,7.00,333.67,0.0053,0.0000,0,collision
565,162,178.07,7.40,433.27,0.0066,0.0851,0,collision
566,144,126.33,7.00,250.76,0.0064,0.0000,0,collision
567,174,140.13,7.02,376.29,0.0087,0.0466,0,collision
568,150,140.02,7.12,132.44,0.0078,0.0000,0,collision
569,137,203.01,10.91,236.56,0.0040,0.0119,0,collision
570,168,149.91,7.04,229.00,0.0112,0.0261,0,collision
838,302,412.04,6.72,441.62,0.0048,0.0660,0,collision
839,177,164.41,7.35,288.38,0.0126,0.0320,0,collision
840,163,104.67,6.36,221.75,0.0055,0.0007,0,collision
841,150,85.13,7.06,346.16,0.0048,0.0156,0,collision
842,115,-59.76,5.76,195.80,0.0089,0.0073,0,collision
843,141,33.91,8.11,291.07,0.0029,0.0195,0,collision
844,181,344.98,11.37,282.72,0.0149,0.0000,0,collision
845,151,70.99,6.96,327.15,0.0077,0.0000,0,collision
846,151,62.22,7.32,148.45,0.0039,0.0401,0,collision
847,188,220.95,7.86,219.98,0.0060,0.0512,0,collision
848,135,171.83,9.40,266.07,0.0103,0.0066,0,collision
849,144,109.10,7.07,263.22,0.0063,0.0000,0,collision
571,161,147.07,6.76,353.46,0.0061,0.0352,0,collision
572,156,41.66,6.65,243.14,0.0098,0.0012,0,collision
573,146,218.46,10.30,342.74,0.0168,0.0261,0,collision
574,139,148.22,8.33,353.63,0.0136,0.0000,0,collision
575,125,111.49,8.85,281.29,0.0072,0.0303,0,collision
576,141,118.57,7.15,309.95,0.0113,0.0000,0,collision
577,114,13.31,6.61,170.87,0.0161,0.0105,0,collision
578,142,101.00,7.24,300.14,0.0117,0.0000,0,collision
579,134,102.78,8.78,312.25,0.0103,0.0164,0,collision
580,117,173.86,12.70,85.78,0.0019,0.0137,0,collision
850,230,245.96,7.83,469.34,0.0080,0.0332,0,collision
851,128,225.50,11.64,234.07,0.0092,0.0175,0,collision
852,142,37.55,7.26,166.11,0.0149,0.0000,0,collision
853,126,69.82,6.59,278.51,0.0010,0.0000,0,collision
854,117,35.96,6.65,175.26,0.0094,0.0000,0,collision
855,132,220.76,11.44,206.22,0.0130,0.0117,0,collision
856,43,-62.11,18.25,153.89,0.0061,0.0320,0,collision
857,137,266.01,11.15,203.91,0.0211,0.0108,0,collision
858,155,100.36,7.43,148.16,0.0098,0.0590,0,collision
859,145,214.92,10.39,179.89,0.0119,0.0427,0,collision
860,144,89.27,6.48,205.66,0.0087,0.0000,0,collision
861,134,251.92,11.10,265.54,0.0113,0.0090,0,collision
862,103,155.04,14.51,226.73,0.0155,0.0029,0,collision
863,153,255.85,9.74,180.30,0.0109,0.0110,0,collision
864,63,-46.37,9.44,161.47,0.0191,0.0000,0,collision
865,58,6.83,15.71,153.56,0.0221,0.0000,0,collision
866,201,1066.88,11.11,206.33,0.0000,0.0530,1,goal
581,137,70.49,7.10,225.86,0.0132,0.0000,0,collision
582,125,164.17,10.31,232.28,0.0079,0.0061,0,collision
583,171,50.52,6.86,180.10,0.0069,0.0568,0,collision
584,126,169.75,11.89,127.00,0.0070,0.0076,0,collision
585,140,31.08,6.92,187.32,0.0102,0.0367,0,collision
586,203,242.16,6.56,332.50,0.0093,0.0023,0,collision
587,30,-66.76,23.89,-42.10,0.0268,0.0069,0,collision
588,139,57.09,6.94,271.65,0.0054,0.0000,0,collision
589,150,104.38,7.73,257.11,0.0100,0.0357,0,collision
590,153,269.14,9.76,313.46,0.0069,0.0220,0,collision
867,140,64.71,5.92,206.72,0.0035,0.0000,0,collision
868,141,127.59,8.11,303.29,0.0164,0.0266,0,collision
869,132,-8.08,6.53,87.71,0.0027,0.0000,0,collision
870,157,76.41,6.53,110.33,0.0067,0.0000,0,collision
871,142,49.08,7.01,184.96,0.0094,0.0000,0,collision
872,124,99.36,9.02,234.56,0.0173,0.0000,0,collision
873,124,-14.45,6.52,144.58,0.0162,0.0000,0,collision
874,127,106.63,9.19,373.24,0.0177,0.0000,0,collision
875,156,273.47,9.58,298.26,0.0042,0.0043,0,collision
876,203,309.86,10.12,263.94,0.0047,0.0038,0,collision
877,163,74.17,6.86,227.69,0.0044,0.0917,0,collision
878,95,-34.18,6.62,217.65,0.0072,0.0182,0,collision
879,185,155.60,6.62,297.93,0.0046,0.0275,0,collision
880,157,51.92,6.48,194.73,0.0089,0.0000,0,collision
591,130,202.63,11.36,418.67,0.0128,0.0043,0,collision
592,161,72.12,7.03,172.10,0.0110,0.0478,0,collision
593,135,205.13,11.07,238.24,0.0017,0.0038,0,collision
594,163,82.79,7.00,202.05,0.0122,0.0390,0,collision
595,118,186.79,12.63,151.68,0.0064,0.0166,0,collision
596,139,-13.59,6.90,227.88,0.0053,0.0000,0,collision
597,140,34.94,6.54,184.36,0.0200,0.0000,0,collision
598,128,104.68,9.05,252.52,0.0036,0.0000,0,collision
599,132,257.25,12.07,158.11,0.0063,0.0191,0,collision
600,207,1144.42,10.69,431.35,0.0000,0.0634,1,goal
881,143,158.86,8.01,358.66,0.0151,0.0010,0,collision
882,142,200.00,10.39,248.67,0.0044,0.0285,0,collision
883,74,29.41,13.67,-1.20,0.0185,0.0099,0,collision
884,152,166.84,8.91,224.52,0.0111,0.0030,0,collision
885,61,-34.65,15.22,-21.36,0.0290,0.0066,0,collision
886,60,-8.26,15.60,106.23,0.0134,0.0167,0,collision
887,270,1183.93,8.19,331.13,0.0000,0.0000,1,goal
888,178,166.65,7.55,209.80,0.0074,0.0803,0,collision
889,142,35.28,6.74,95.37,0.0030,0.0000,0,collision
890,142,137.17,8.25,128.31,0.0117,0.0286,0,collision
891,210,1078.89,10.31,509.99,0.0000,0.0000,1,goal
892,107,161.30,14.33,111.07,0.0069,0.0402,0,collision
893,111,109.51,13.49,300.24,0.0068,0.0072,0,collision
894,140,27.98,7.00,250.67,0.0069,0.0000,0,collision
601,212,438.08,10.02,326.56,0.0091,0.0062,0,collision
602,149,245.70,9.96,188.39,0.0054,0.0093,0,collision
603,138,258.46,10.86,156.05,0.0053,0.0098,0,collision
604,147,14.21,6.22,290.55,0.0051,0.0065,0,collision
605,66,4.30,8.92,108.47,0.0165,0.0000,0,collision
606,146,12.80,6.46,130.08,0.0108,0.0000,0,collision
607,57,-13.33,15.46,158.99,0.0068,0.0000,0,collision
608,150,29.73,5.95,418.31,0.0165,0.0273,0,collision
609,111,-76.95,5.39,91.63,0.0130,0.0000,0,collision
610,146,145.41,7.51,361.11,0.0255,0.0356,0,collision
895,294,485.18,9.09,562.21,0.0069,0.0504,0,collision
896,138,176.53,10.16,324.20,0.0129,0.0000,0,collision
897,122,176.78,12.49,182.07,0.0145,0.0234,0,collision
898,121,187.34,12.37,144.19,0.0092,0.0109,0,collision
899,165,125.28,6.83,469.09,0.0071,0.0447,0,collision
900,37,-43.22,20.91,61.15,0.0209,0.0244,0,collision
901,162,140.28,7.01,411.48,0.0051,0.0200,0,collision
902,141,73.70,6.94,314.82,0.0094,0.0000,0,collision
903,216,1100.06,10.11,639.66,0.0000,0.0000,1,goal
904,154,217.81,9.54,327.17,0.0052,0.0092,0,collision
905,265,1092.94,8.33,514.88,0.0000,0.0297,1,goal
906,111,49.31,13.44,-48.93,0.0068,0.0021,0,collision
907,134,160.49,11.27,335.08,0.0021,0.0068,0,collision
611,125,-33.49,6.40,226.60,0.0112,0.0000,0,collision
612,221,89.33,6.10,361.24,0.0037,0.0423,0,collision
613,123,-28.30,6.32,175.16,0.0060,0.0107,0,collision
614,148,76.43,7.05,164.53,0.0052,0.0000,0,collision
615,117,-82.71,6.99,216.08,0.0227,0.0000,0,collision
616,134,67.62,8.20,216.41,0.0094,0.0221,0,collision
617,132,90.57,8.52,344.76,0.0108,0.0601,0,collision
618,151,130.15,7.82,458.88,0.0057,0.0031,0,collision
619,153,100.38,7.64,206.48,0.0107,0.0507,0,collision
620,143,98.93,7.74,370.61,0.0050,0.0483,0,collision
908,245,312.39,9.18,344.52,0.0079,0.0000,0,collision
909,160,37.72,6.72,272.18,0.0031,0.0408,0,collision
910,111,-74.49,6.37,192.44,0.0200,0.0176,0,collision
911,139,-1.94,6.32,163.59,0.0088,0.0000,0,collision
912,43,-43.18,18.88,113.69,0.0141,0.0130,0,collision
913,188,95.65,5.93,379.06,0.0017,0.0085,0,collision
914,137,-82.72,6.92,262.69,0.0073,0.0324,0,collision
915,102,-86.73,5.94,138.60,0.0075,0.0154,0,collision
916,145,209.13,10.13,159.02,0.0061,0.0289,0,collision
917,135,92.08,8.39,264.07,0.0120,0.0190,0,collision
918,71,-59.92,8.20,41.79,0.0035,0.0000,0,collision
919,145,201.57,10.29,176.04,0.0048,0.0216,0,collision
920,130,8.52,6.94,266.17,0.0208,0.0000,0,collision
921,144,158.61,7.76,280.61,0.0068,0.0196,0,collision
922,129,-121.65,4.72,293.41,0.0033,0.0059,0,collision
621,123,125.77,12.19,152.91,0.0046,0.0087,0,collision
622,148,-81.77,6.03,204.63,0.0145,0.0233,0,collision
623,124,86.54,8.77,246.41,0.0111,0.0225,0,collision
624,88,-80.17,6.61,125.75,0.0182,0.0000,0,collision
625,121,122.71,12.04,266.85,0.0160,0.0085,0,collision
626,125,42.15,8.65,254.51,0.0019,0.0199,0,collision
627,183,174.39,7.33,316.83,0.0066,0.0424,0,collision
628,118,137.36,12.59,174.75,0.0034,0.0113,0,collision
629,123,124.80,11.93,233.20,0.0128,0.0053,0,collision
630,102,-128.22,5.91,64.28,0.0039,0.0000,0,collision
923,262,347.58,9.52,380.86,0.0047,0.0052,0,collision
924,103,132.54,14.45,125.37,0.0203,0.0057,0,collision
925,143,15.32,6.27,128.17,0.0073,0.0000,0,collision
926,154,137.19,8.47,272.00,0.0029,0.0918,0,collision
927,128,53.22,8.50,209.33,0.0150,0.0115,0,collision
928,134,-63.48,6.88,378.64,0.0045,0.0000,0,collision
929,171,-52.94,5.55,202.20,0.0132,0.0213,0,collision
930,63,-90.42,9.28,167.28,0.0109,0.0000,0,collision
931,133,47.46,8.52,368.76,0.0065,0.0061,0,collision
932,123,164.70,11.81,363.53,0.0053,0.0064,0,collision
933,129,38.30,6.83,469.92,0.0051,0.0000,0,collision
934,147,119.29,8.58,214.11,0.0069,0.0619,0,collision
935,128,224.30,11.72,150.89,0.0051,0.0127,0,collision
936,136,48.16,8.64,306.29,0.0044,0.0172,0,collision
937,111,143.44,13.46,408.82,0.0052,0.0094,0,collision
631,141,11.61,6.24,268.67,0.0118,0.0000,0,collision
632,126,184.31,12.02,145.54,0.0082,0.0826,0,collision
633,143,56.65,7.95,236.62,0.0091,0.0376,0,collision
634,133,129.45,11.33,157.09,0.0079,0.0063,0,collision
635,144,41.16,7.58,274.93,0.0153,0.0207,0,collision
636,141,113.95,10.13,125.72,0.0139,0.0000,0,collision
637,119,175.21,12.56,200.00,0.0057,0.0190,0,collision
638,143,77.90,7.93,287.06,0.0065,0.0577,0,collision
639,141,0.30,6.52,187.29,0.0063,0.0071,0,collision
640,146,67.86,7.72,346.31,0.0187,0.0456,0,collision
938,181,212.48,10.22,416.56,0.0010,0.0088,0,collision
939,130,31.30,6.65,279.75,0.0091,0.0000,0,collision
940,178,184.41,8.50,323.19,0.0028,0.0286,0,collision
941,138,-10.32,6.55,139.36,0.0073,0.0000,0,collision
942,175,56.00,6.82,273.13,0.0050,0.0661,0,collision
943,133,154.62,8.65,287.40,0.0018,0.0118,0,collision
944,183,23.69,4.91,374.02,0.0089,0.0128,0,collision
945,146,49.87,6.63,313.50,0.0079,0.0000,0,collision
946,133,85.62,6.96,260.65,0.0169,0.0000,0,collision
947,215,343.77,9.77,245.48,0.0085,0.0000,0,collision
948,151,60.96,7.33,269.36,0.0088,0.0799,0,collision
949,164,22.57,6.73,225.58,0.0053,0.0535,0,collision
950,173,143.75,9.09,376.32,0.0071,0.0046,0,collision
641,126,-45.04,4.77,182.85,0.0147,0.0000,0,collision
642,191,-33.59,4.19,237.19,0.0117,0.0039,0,collision
643,148,-86.76,4.45,217.59,0.0109,0.0000,0,collision
644,110,-62.91,5.73,196.68,0.0104,0.0078,0,collision
645,149,0.04,5.31,143.35,0.0028,0.0166,0,collision
646,169,47.72,6.66,149.94,0.0063,0.1197,0,collision
647,116,-94.23,5.19,127.15,0.0078,0.0000,0,collision
648,146,37.44,6.15,225.80,0.0145,0.0067,0,collision
649,150,-50.52,6.08,150.58,0.0112,0.0000,0,collision
650,150,105.19,8.33,196.19,0.0079,0.1179,0,collision
951,272,301.14,6.65,449.82,0.0058,0.0000,0,collision
952,159,-79.01,3.67,135.58,0.0032,0.0000,0,collision
953,161,31.66,5.17,154.47,0.0048,0.0000,0,collision
954,102,-21.65,5.82,127.87,0.0208,0.0000,0,collision
955,101,-22.03,5.96,189.84,0.0119,0.0000,0,collision
956,139,-53.58,4.20,169.83,0.0143,0.0000,0,collision
957,75,-3.06,8.12,284.73,0.0204,0.0000,0,collision
958,111,-37.23,5.37,139.86,0.0167,0.0090,0,collision
959,140,2.71,6.42,167.89,0.0150,0.0000,0,collision
960,123,14.83,6.09,78.61,0.0132,0.0105,0,collision
961,160,68.22,5.56,273.55,0.0134,0.0000,0,collision
962,158,-52.25,3.79,131.00,0.0105,0.0002,0,collision
963,144,68.29,6.19,201.11,0.0032,0.0028,0,collision
964,99,-44.05,6.08,138.25,0.0093,0.0000,0,collision
965,147,146.27,7.75,412.25,0.0013,0.0463,0,collision
651,120,-90.23,4.96,76.11,0.0039,0.0083,0,collision
652,107,-68.95,5.45,111.89,0.0149,0.0000,0,collision
653,156,7.63,4.47,156.89,0.0093,0.0000,0,collision
654,138,76.19,6.34,317.37,0.0127,0.0000,0,collision
655,145,18.63,5.73,273.75,0.0147,0.0301,0,collision
656,144,49.07,5.67,225.14,0.0092,0.0088,0,collision
657,186,46.64,4.92,447.30,0.0119,0.0000,0,collision
658,129,83.03,7.08,246.91,0.0130,0.0000,0,collision
659,100,-55.54,6.02,103.99,0.0066,0.0058,0,collision
660,183,131.21,6.04,219.72,0.0025,0.0209,0,collision
966,197,67.87,5.07,186.39,0.0074,0.0260,0,collision
967,352,74.86,3.70,327.03,0.0010,0.0435,0,collision
968,113,-66.89,5.15,140.62,0.0086,0.0088,0,collision
969,177,126.62,6.23,353.05,0.0061,0.0600,0,collision
970,257,18.40,4.27,239.94,0.0040,0.0262,0,collision
971,120,-40.75,5.73,42.00,0.0132,0.0021,0,collision
972,152,40.32,6.55,192.86,0.0101,0.0000,0,collision
973,148,105.88,5.92,280.39,0.0037,0.0000,0,collision
974,187,36.70,4.93,208.96,0.0062,0.0000,0,collision
975,177,16.35,5.56,122.40,0.0061,0.0095,0,collision
976,135,51.16,6.87,298.70,0.0097,0.0074,0,collision
661,101,-11.12,5.86,188.33,0.0275,0.0000,0,collision
662,124,6.80,6.87,112.29,0.0067,0.0000,0,collision
663,156,83.57,6.42,192.90,0.0218,0.0302,0,collision
664,143,72.67,5.77,76.79,0.0058,0.0000,0,collision
665,187,97.11,5.98,289.03,0.0095,0.0087,0,collision
666,128,8.28,5.87,148.98,0.0090,0.0092,0,collision
667,167,5.19,5.77,149.04,0.0094,0.0269,0,collision
668,118,48.59,6.50,242.96,0.0192,0.0000,0,collision
669,139,153.41,8.67,250.82,0.0087,0.0146,0,collision
670,96,-36.98,6.47,115.36,0.0202,0.0492,0,collision
977,201,226.81,7.53,505.24,0.0103,0.0050,0,collision
978,239,25.31,5.00,425.38,0.0076,0.1138,0,collision
979,94,-45.39,6.40,221.70,0.0114,0.0000,0,collision
980,105,-42.62,5.83,281.42,0.0108,0.0000,0,collision
981,149,149.06,7.13,165.70,0.0090,0.0044,0,collision
982,139,112.34,7.20,208.90,0.0101,0.0000,0,collision
983,89,-39.20,6.61,127.57,0.0123,0.0000,0,collision
984,260,426.56,8.36,284.94,0.0066,0.0029,0,collision
985,157,227.32,9.50,229.09,0.0015,0.0719,0,collision
986,94,-36.57,6.47,223.79,0.0095,0.0107,0,collision
987,149,88.73,7.49,197.70,0.0108,0.0728,0,collision
988,158,69.12,6.70,265.16,0.0104,0.0039,0,collision
989,115,37.90,6.96,173.78,0.0042,0.0581,0,collision
990,130,76.69,6.83,408.65,0.0103,0.0000,0,collision
671,224,166.07,4.86,342.71,0.0128,0.0211,0,collision
672,210,135.01,5.45,157.27,0.0075,0.0225,0,collision
673,148,87.55,6.11,290.49,0.0095,0.0122,0,collision
674,309,-74.44,2.95,332.51,0.0037,0.0029,0,collision
675,260,7.20,4.29,221.13,0.0048,0.0204,0,collision
676,201,62.30,4.48,287.92,0.0029,0.0124,0,collision
677,272,79.90,3.93,276.04,0.0068,0.0254,0,collision
678,128,-57.50,4.87,166.90,0.0049,0.0139,0,collision
679,166,60.92,5.60,187.34,0.0088,0.0064,0,collision
680,90,-50.34,6.64,69.77,0.0115,0.0000,0,collision
991,144,-37.09,4.75,123.41,0.0074,0.0125,0,collision
992,149,-38.40,4.04,246.16,0.0135,0.0067,0,collision
993,276,254.82,5.29,404.59,0.0069,0.0020,0,collision
994,165,83.27,5.56,293.28,0.0098,0.0055,0,collision
995,163,-40.99,4.63,190.10,0.0096,0.0080,0,collision
996,278,83.01,3.92,324.38,0.0058,0.0185,0,collision
997,196,-68.02,2.91,221.06,0.0012,0.0325,0,collision
998,150,72.55,5.99,302.16,0.0069,0.0000,0,collision
999,145,61.39,6.58,99.76,0.0073,0.0000,0,collision
1000,113,-35.88,5.32,200.87,0.0062,0.0089,0,collision
1001,133,134.49,8.89,379.04,0.0107,0.0401,0,collision
1002,126,2.45,5.48,190.59,0.0074,0.0001,0,collision
681,133,195.14,11.55,183.12,0.0075,0.0144,0,collision
682,125,-45.31,4.78,197.94,0.0035,0.0075,0,collision
683,251,465.29,8.40,436.34,0.0083,0.0000,0,collision
684,187,40.62,6.20,268.66,0.0090,0.0542,0,collision
685,154,164.79,7.48,267.58,0.0064,0.0054,0,collision
686,124,35.17,6.57,157.24,0.0235,0.0000,0,collision
687,160,149.57,5.87,238.45,0.0094,0.0063,0,collision
688,142,69.33,7.83,257.20,0.0042,0.0227,0,collision
689,124,-46.56,4.79,120.76,0.0033,0.0000,0,collision
690,145,136.57,7.71,184.43,0.0098,0.0107,0,collision
1003,158,227.75,10.33,74.07,0.0115,0.0042,0,collision
1004,127,96.19,8.70,213.54,0.0163,0.0126,0,collision
1005,112,173.85,13.46,145.55,0.0106,0.0187,0,collision
1006,114,35.19,7.00,336.67,0.0046,0.0000,0,collision
1007,135,147.04,8.20,293.60,0.0128,0.0246,0,collision
1008,137,74.35,6.76,313.20,0.0035,0.0073,0,collision
1009,162,121.29,5.70,216.85,0.0062,0.0000,0,collision
1010,158,9.45,5.40,231.70,0.0096,0.0056,0,collision
1011,139,7.98,6.51,168.33,0.0088,0.0000,0,collision
1012,240,80.15,4.61,303.17,0.0010,0.0176,0,collision
1013,153,5.62,5.41,198.86,0.0118,0.0313,0,collision
1014,139,53.46,6.54,209.22,0.0039,0.0000,0,collision
1015,153,201.32,7.87,224.03,0.0035,0.0667,0,collision
1016,139,89.02,6.93,324.01,0.0062,0.0000,0,collision
691,160,64.21,7.02,76.71,0.0128,0.0300,0,collision
692,110,-15.12,5.91,321.03,0.0199,0.0207,0,collision
693,137,43.50,5.92,251.17,0.0063,0.0069,0,collision
694,92,-42.97,6.36,172.04,0.0093,0.0122,0,collision
695,139,86.83,7.03,184.51,0.0232,0.0000,0,collision
696,257,17.08,4.11,227.98,0.0043,0.0244,0,collision
697,226,119.34,4.78,283.08,0.0092,0.0187,0,collision
698,168,142.54,5.90,303.63,0.0130,0.0000,0,collision
699,237,38.93,4.46,281.18,0.0088,0.0136,0,collision
700,306,39.40,4.29,348.72,0.0042,0.1038,0,collision
1017,124,4.74,6.32,215.00,0.0092,0.0000,0,collision
1018,166,174.23,6.74,264.33,0.0090,0.0126,0,collision
1019,119,-22.66,5.00,147.67,0.0145,0.0000,0,collision
1020,134,31.51,5.67,251.28,0.0115,0.0497,0,collision
1021,253,34.98,4.09,208.48,0.0072,0.0027,0,collision
1022,122,3.54,5.48,225.55,0.0228,0.0000,0,collision
1023,135,-27.42,6.22,272.54,0.0065,0.0300,0,collision
1024,165,43.27,5.21,274.90,0.0027,0.0021,0,collision
1025,158,161.74,6.70,251.77,0.0038,0.0074,0,collision
1026,119,7.84,6.54,251.67,0.0071,0.0049,0,collision
1027,90,-13.09,6.76,250.72,0.0137,0.0000,0,collision
1028,88,-21.99,6.62,288.80,0.0189,0.0000,0,collision
1029,111,13.71,5.37,181.90,0.0115,0.0000,0,collision
1030,200,33.66,4.37,171.14,0.0083,0.0000,0,collision
701,193,262.73,10.84,235.38,0.0075,0.1471,0,collision
702,142,82.67,6.96,196.90,0.0130,0.0000,0,collision
703,28,-76.26,25.34,27.61,0.0205,0.0331,0,collision
704,99,99.89,15.11,194.37,0.0066,0.0072,0,collision
705,147,235.48,10.06,297.01,0.0086,0.0107,0,collision
706,140,190.64,10.54,307.93,0.0111,0.0077,0,collision
707,79,95.26,12.95,216.34,0.0244,0.0080,0,collision
708,139,138.68,8.08,258.61,0.0074,0.0203,0,collision
709,140,196.74,9.23,246.80,0.0089,0.0000,0,collision
710,121,177.12,12.43,196.08,0.0159,0.0119,0,collision
1031,145,165.40,9.46,226.66,0.0100,0.0071,0,collision
1032,115,116.40,13.05,45.31,0.0115,0.0118,0,collision
1033,162,159.05,9.27,198.65,0.0117,0.1284,0,collision
1034,229,1081.24,9.51,306.71,0.0000,0.0054,1,goal
1035,174,229.30,8.58,389.36,0.0046,0.0416,0,collision
1036,141,197.29,10.55,324.55,0.0031,0.0134,0,collision
1037,164,221.05,8.97,475.65,0.0047,0.0050,0,collision
1038,107,99.40,13.83,71.50,0.0217,0.0051,0,collision
1039,190,98.20,6.43,343.53,0.0050,0.0429,0,collision
1040,288,183.82,5.09,404.62,0.0095,0.1338,0,collision
1041,134,12.23,6.78,255.62,0.0104,0.0000,0,collision
1042,70,-1.40,8.34,159.41,0.0186,0.0000,0,collision
1043,138,44.19,6.48,325.88,0.0065,0.0000,0,collision
711,198,1087.57,11.25,224.73,0.0000,0.0000,1,goal
712,105,181.79,14.18,311.76,0.0094,0.0160,0,collision
713,125,92.51,8.74,240.64,0.0028,0.0167,0,collision
714,153,57.80,6.97,231.17,0.0105,0.0000,0,collision
715,153,-16.06,5.93,139.64,0.0065,0.0000,0,collision
716,153,291.75,9.72,458.41,0.0034,0.0209,0,collision
717,137,201.01,10.98,179.85,0.0079,0.0174,0,collision
718,133,161.52,11.27,231.60,0.0062,0.0045,0,collision
719,122,196.97,12.31,368.43,0.0086,0.0079,0,collision
720,156,85.81,7.53,356.03,0.0058,0.0095,0,collision
1044,210,223.77,7.98,348.43,0.0041,0.0201,0,collision
1045,122,150.48,12.12,229.17,0.0013,0.0102,0,collision
1046,156,47.93,7.50,356.96,0.0060,0.0232,0,collision
1047,141,-3.25,6.78,116.15,0.0164,0.0000,0,collision
1048,211,1078.76,10.54,325.06,0.0000,0.0045,1,goal
1049,124,182.77,12.07,410.80,0.0103,0.0070,0,collision
1050,209,365.08,9.95,351.32,0.0052,0.0215,0,collision
1051,152,129.81,7.60,202.05,0.0109,0.0530,0,collision
1052,157,200.04,9.58,326.34,0.0049,0.0114,0,collision
1053,187,155.45,7.40,279.29,0.0041,0.0462,0,collision
1054,247,226.68,6.27,269.95,0.0043,0.0103,0,collision
1055,182,1070.38,12.15,346.47,0.0000,0.0055,1,goal
721,129,21.69,7.00,325.86,0.0145,0.0000,0,collision
722,181,119.36,6.69,263.84,0.0076,0.0551,0,collision
723,157,60.03,5.91,224.44,0.0137,0.0233,0,collision
724,132,20.41,6.04,269.38,0.0081,0.0083,0,collision
725,65,-36.88,9.35,125.41,0.0280,0.0000,0,collision
726,195,131.34,6.04,166.15,0.0093,0.0819,0,collision
727,140,58.93,6.22,233.40,0.0141,0.0000,0,collision
728,116,48.83,7.10,217.19,0.0082,0.0000,0,collision
729,130,49.95,7.16,246.40,0.0072,0.0000,0,collision
730,152,103.30,7.72,262.74,0.0047,0.0081,0,collision
1056,159,154.10,8.10,258.23,0.0065,0.0131,0,collision
1057,115,28.34,6.93,242.18,0.0176,0.0000,0,collision
1058,120,-1.61,6.82,145.20,0.0145,0.0000,0,collision
1059,107,-71.53,6.27,82.64,0.0133,0.0000,0,collision
1060,129,36.17,7.22,294.92,0.0175,0.0000,0,collision
1061,63,-75.61,9.31,88.68,0.0389,0.0000,0,collision
1062,113,28.31,6.98,69.60,0.0025,0.0067,0,collision
1063,188,1047.53,11.89,392.30,0.0000,0.0000,1,goal
1064,135,-11.53,5.15,152.30,0.0123,0.0000,0,collision
1065,158,247.93,9.70,252.19,0.0040,0.0016,0,collision
1066,148,50.12,7.31,205.36,0.0084,0.0036,0,collision
1067,156,146.52,7.65,286.92,0.0048,0.0296,0,collision
1068,125,24.15,6.44,190.48,0.0155,0.0000,0,collision
1069,197,153.26,6.38,162.40,0.0063,0.0506,0,collision
1070,73,-100.70,8.24,54.42,0.0203,0.0000,0,collision
731,140,180.46,9.91,327.74,0.0184,0.0063,0,collision
732,153,-11.63,6.10,249.28,0.0054,0.0000,0,collision
733,159,49.62,8.93,75.61,0.0185,0.0000,0,collision
734,129,118.38,11.62,139.48,0.0018,0.0101,0,collision
735,199,19.95,5.01,297.69,0.0099,0.0224,0,collision
736,115,195.43,12.82,416.56,0.0177,0.0035,0,collision
737,148,108.79,7.72,300.37,0.0049,0.0106,0,collision
738,121,100.52,9.72,201.47,0.0120,0.0000,0,collision
739,138,77.43,8.03,158.50,0.0105,0.0258,0,collision
740,135,81.93,8.66,247.88,0.0021,0.0160,0,collision
1071,241,381.91,8.60,457.74,0.0026,0.0748,0,collision
1072,146,89.88,7.86,441.76,0.0088,0.0243,0,collision
1073,135,64.62,8.29,179.00,0.0069,0.0109,0,collision
1074,137,131.14,8.01,287.42,0.0049,0.0149,0,collision
1075,134,170.33,11.10,329.72,0.0053,0.0061,0,collision
1076,138,206.72,11.11,234.04,0.0047,0.0097,0,collision
1077,140,187.12,8.69,421.16,0.0022,0.0299,0,collision
1078,141,110.02,10.56,275.38,0.0065,0.0196,0,collision
1079,106,18.82,6.66,158.32,0.0201,0.0078,0,collision
1080,139,91.87,6.94,312.05,0.0069,0.0000,0,collision
1081,136,114.25,7.96,323.38,0.0057,0.0221,0,collision
1082,137,81.25,8.76,239.92,0.0078,0.0205,0,collision
1083,128,100.16,8.72,243.67,0.0068,0.0365,0,collision
1084,138,243.92,11.00,259.82,0.0059,0.0109,0,collision
1085,127,33.34,8.62,349.22,0.0072,0.0165,0,collision
741,119,115.64,10.29,331.20,0.0115,0.0000,0,collision
742,128,217.68,11.56,77.79,0.0006,0.0073,0,collision
743,144,83.72,7.67,360.48,0.0165,0.0055,0,collision
744,142,108.65,8.44,214.54,0.0062,0.0337,0,collision
745,142,120.41,7.77,298.31,0.0064,0.0262,0,collision
746,136,76.25,8.03,123.59,0.0078,0.0211,0,collision
747,121,52.05,12.33,190.50,0.0052,0.0022,0,collision
748,142,58.79,8.26,189.38,0.0083,0.0621,0,collision
749,118,113.71,12.58,155.64,0.0037,0.0088,0,collision
750,127,220.47,11.79,235.67,0.0111,0.0085,0,collision
1086,88,89.54,12.41,322.50,0.0360,0.0426,0,collision
1087,199,1067.66,11.15,303.86,0.0000,0.0309,1,goal
1088,146,18.62,7.05,308.36,0.0186,0.0000,0,collision
1089,152,267.53,9.97,182.38,0.0141,0.0076,0,collision
1090,162,127.11,6.79,255.99,0.0082,0.0264,0,collision
1091,122,123.58,10.36,230.13,0.0071,0.0000,0,collision
1092,132,83.65,8.46,298.21,0.0175,0.0035,0,collision
1093,110,98.94,13.49,111.31,0.0114,0.0071,0,collision
1094,160,35.45,7.26,327.55,0.0031,0.0054,0,collision
1095,251,1093.75,8.71,397.99,0.0000,0.0426,1,goal
1096,145,212.90,10.26,303.22,0.0014,0.0544,0,collision
1097,132,-23.20,6.84,239.41,0.0034,0.0076,0,collision
1098,140,43.12,7.95,188.92,0.0086,0.0311,0,collision
751,154,111.31,6.74,429.75,0.0109,0.0062,0,collision
752,155,103.23,6.63,328.73,0.0049,0.0055,0,collision
753,149,107.67,7.76,239.79,0.0123,0.0375,0,collision
754,169,-2.55,6.28,284.31,0.0159,0.0129,0,collision
755,38,-65.50,20.81,55.67,0.0380,0.0000,0,collision
756,165,190.56,7.01,341.38,0.0071,0.0093,0,collision
757,203,384.97,10.13,509.57,0.0057,0.0090,0,collision
758,161,186.73,8.81,309.99,0.0105,0.0000,0,collision
759,134,85.50,6.80,293.34,0.0169,0.0075,0,collision
760,184,1065.84,12.14,42.83,0.0000,0.0020,1,goal
1099,330,630.20,8.93,784.10,0.0064,0.0000,0,collision
1100,143,101.76,7.60,90.16,0.0086,0.0112,0,collision
1101,122,40.69,6.97,246.63,0.0109,0.0000,0,collision
1102,129,98.80,7.02,189.17,0.0099,0.0000,0,collision
1103,158,73.11,6.52,236.71,0.0030,0.0224,0,collision
1104,174,140.35,6.81,303.66,0.0083,0.0000,0,collision
1105,175,242.59,8.87,242.68,0.0137,0.0000,0,collision
1106,174,73.60,6.20,262.47,0.0064,0.0330,0,collision
1107,260,1184.54,8.61,218.13,0.0000,0.0337,1,goal
1108,149,51.50,7.60,194.40,0.0125,0.0253,0,collision
1109,139,48.48,7.03,163.92,0.0108,0.0000,0,collision
1110,71,-89.92,8.52,86.58,0.0125,0.0000,0,collision
761,119,137.71,9.66,-1.82,0.0115,0.0000,0,collision
762,121,154.34,12.26,351.65,0.0083,0.0069,0,collision
763,119,82.02,6.85,344.82,0.0088,0.0141,0,collision
764,135,8.91,6.22,267.08,0.0114,0.0167,0,collision
765,143,88.81,7.76,194.52,0.0082,0.0114,0,collision
766,138,219.40,10.63,92.82,0.0053,0.0094,0,collision
767,143,241.88,10.24,242.66,0.0107,0.0026,0,collision
768,122,171.59,12.23,145.24,0.0043,0.0064,0,collision
769,135,143.37,10.91,271.16,0.0033,0.0066,0,collision
770,99,-23.50,6.00,172.05,0.0079,0.0089,0,collision
1111,319,589.19,9.04,414.61,0.0063,0.0545,0,collision
1112,76,51.06,13.49,177.74,0.0028,0.0643,0,collision
1113,126,97.72,8.70,247.87,0.0032,0.0062,0,collision
1114,112,107.88,10.40,318.54,0.0087,0.0000,0,collision
1115,165,138.54,6.50,248.12,0.0076,0.0269,0,collision
1116,131,132.45,10.32,103.51,0.0109,0.0036,0,collision
1117,201,1104.45,10.96,250.51,0.0000,0.0000,1,goal
1118,129,192.57,11.72,335.00,0.0051,0.0049,0,collision
1119,143,228.22,10.50,331.94,0.0139,0.0033,0,collision
1120,133,123.36,8.72,308.00,0.0182,0.0102,0,collision
1121,116,118.39,10.71,108.71,0.0112,0.0006,0,collision
1122,127,132.70,8.77,376.77,0.0036,0.0138,0,collision
1123,63,-46.78,9.27,186.51,0.0139,0.0000,0,collision
1124,131,219.69,11.59,146.35,0.0125,0.0067,0,collision
1125,145,221.38,10.51,197.00,0.0070,0.0139,0,collision
1126,64,-82.11,8.77,160.94,0.0338,0.0077,0,collision
771,146,178.90,7.76,183.34,0.0078,0.0143,0,collision
772,98,-13.19,6.47,119.74,0.0167,0.0059,0,collision
773,170,130.98,7.07,142.49,0.0103,0.0448,0,collision
774,243,1066.52,8.98,431.40,0.0000,0.0538,1,goal
775,100,-7.13,6.37,172.04,0.0185,0.0293,0,collision
776,203,69.65,4.88,245.01,0.0029,0.0257,0,collision
777,142,228.46,10.24,284.08,0.0177,0.0000,0,collision
778,161,132.02,6.44,233.91,0.0091,0.0000,0,collision
779,113,18.36,6.30,131.31,0.0088,0.0036,0,collision
780,127,133.15,8.84,179.17,0.0055,0.0278,0,collision
1127,166,66.05,5.89,291.88,0.0117,0.0069,0,collision
1128,177,279.53,7.52,260.16,0.0092,0.0308,0,collision
1129,203,195.99,6.34,170.30,0.0116,0.0336,0,collision
1130,146,124.61,10.34,68.44,0.0070,0.0325,0,collision
1131,102,-21.58,6.28,152.60,0.0068,0.0157,0,collision
1132,195,192.04,6.10,165.92,0.0054,0.0287,0,collision
1133,150,171.56,7.60,322.97,0.0100,0.0387,0,collision
1134,179,46.53,5.33,214.51,0.0030,0.0052,0,collision
1135,211,61.13,4.95,346.77,0.0023,0.0159,0,collision
1136,171,181.63,6.75,344.56,0.0158,0.0015,0,collision
1137,152,89.56,5.94,255.12,0.0090,0.0213,0,collision
781,165,138.30,7.03,393.86,0.0052,0.0022,0,collision
782,170,176.15,6.90,373.03,0.0025,0.0536,0,collision
783,141,167.48,8.32,224.11,0.0213,0.0318,0,collision
784,122,165.90,9.11,243.74,0.0057,0.0235,0,collision
785,143,104.21,7.97,281.54,0.0049,0.0132,0,collision
786,188,220.80,7.62,369.76,0.0047,0.0356,0,collision
787,147,204.63,8.06,263.97,0.0124,0.0428,0,collision
788,129,89.41,7.16,197.63,0.0124,0.0000,0,collision
789,115,-30.42,5.43,230.23,0.0070,0.0131,0,collision
790,137,235.37,10.39,282.92,0.0128,0.0000,0,collision
1138,378,518.39,6.70,654.83,0.0034,0.0450,0,collision
1139,178,92.03,5.17,159.15,0.0068,0.0158,0,collision
1140,165,146.59,6.96,201.05,0.0112,0.0167,0,collision
1141,89,-10.65,6.82,196.51,0.0250,0.0265,0,collision
1142,141,73.02,7.56,338.62,0.0022,0.0055,0,collision
1143,126,105.18,8.74,349.14,0.0083,0.0188,0,collision
1144,210,123.13,5.10,357.95,0.0110,0.0047,0,collision
1145,276,1146.53,8.09,265.66,0.0000,0.1075,1,goal
1146,188,1084.49,11.79,350.66,0.0000,0.0000,1,goal
1147,224,371.01,9.75,348.64,0.0070,0.0276,0,collision
1148,118,226.81,12.61,219.97,0.0108,0.0028,0,collision
1149,144,145.08,8.94,154.17,0.0198,0.0127,0,collision
791,141,117.42,7.92,353.56,0.0104,0.0241,0,collision
792,125,71.74,8.60,385.49,0.0160,0.0137,0,collision
793,115,-48.61,6.73,190.14,0.0096,0.0424,0,collision
794,115,167.91,13.12,312.11,0.0183,0.0066,0,collision
795,105,134.62,14.42,271.70,0.0085,0.0129,0,collision
796,136,185.92,11.02,346.93,0.0054,0.0089,0,collision
797,126,107.56,8.67,116.89,0.0152,0.0248,0,collision
798,163,153.88,7.77,162.88,0.0044,0.0732,0,collision
799,137,227.41,11.07,172.34,0.0140,0.0071,0,collision
800,124,121.88,8.83,280.19,0.0147,0.0226,0,collision
1150,167,262.56,9.62,318.05,0.0020,0.0187,0,collision
1151,151,194.40,8.03,334.72,0.0089,0.0574,0,collision
1152,127,260.86,12.00,301.13,0.0021,0.0136,0,collision
1153,163,83.20,7.05,240.32,0.0063,0.0256,0,collision
1154,146,230.97,10.11,212.61,0.0153,0.0001,0,collision
1155,162,95.47,6.81,210.11,0.0054,0.0271,0,collision
1156,118,120.43,12.79,276.12,0.0187,0.0070,0,collision
1157,136,192.60,11.08,188.85,0.0042,0.0095,0,collision
1158,153,174.47,7.55,176.27,0.0070,0.0487,0,collision
1159,169,155.11,6.47,463.01,0.0122,0.0534,0,collision
1160,104,143.19,14.33,265.14,0.0091,0.0058,0,collision
1161,159,216.69,9.59,489.50,0.0055,0.0152,0,collision
1162,135,235.76,10.78,322.39,0.0114,0.0198,0,collision
1163,103,91.52,10.75,318.28,0.0180,0.0000,0,collision
801,125,70.30,8.73,327.29,0.0014,0.0141,0,collision
802,130,201.29,11.66,266.62,0.0066,0.0095,0,collision
803,119,167.67,12.34,223.69,0.0102,0.0000,0,collision
804,88,-57.56,6.91,177.96,0.0149,0.0000,0,collision
805,136,220.62,10.70,287.56,0.0008,0.0042,0,collision
806,141,202.58,10.15,251.03,0.0197,0.0000,0,collision
807,132,-2.65,6.12,83.41,0.0095,0.0285,0,collision
808,143,72.13,7.75,244.16,0.0037,0.0233,0,collision
809,33,-61.92,22.78,69.08,0.0437,0.0273,0,collision
810,130,182.09,11.43,337.70,0.0105,0.0030,0,collision
1164,214,311.19,8.44,495.00,0.0060,0.0085,0,collision
1165,141,67.88,7.88,215.21,0.0085,0.0279,0,collision
1166,137,110.18,10.78,291.86,0.0069,0.0065,0,collision
1167,133,142.25,10.86,306.69,0.0120,0.0016,0,collision
1168,146,165.80,8.75,353.41,0.0080,0.0657,0,collision
1169,133,63.31,8.69,408.54,0.0035,0.0141,0,collision
1170,139,151.10,10.55,214.58,0.0082,0.0053,0,collision
1171,141,218.93,10.34,234.35,0.0164,0.0013,0,collision
1172,127,152.04,11.73,180.30,0.0033,0.0128,0,collision
1173,125,98.06,8.63,413.21,0.0052,0.0193,0,collision
1174,115,111.62,10.39,247.89,0.0245,0.0056,0,collision
1175,119,167.03,12.55,205.17,0.0183,0.0064,0,collision
1176,150,191.45,9.74,362.23,0.0039,0.0198,0,collision
1177,110,-7.81,6.67,265.00,0.0101,0.0085,0,collision
1178,143,132.24,8.53,220.76,0.0087,0.0507,0,collision
811,167,151.06,6.60,275.99,0.0042,0.0463,0,collision
812,150,50.07,7.46,130.72,0.0080,0.0211,0,collision
813,115,-4.51,6.57,111.27,0.0156,0.0108,0,collision
814,191,182.17,7.37,366.31,0.0021,0.0594,0,collision
815,136,106.93,8.26,176.04,0.0161,0.0165,0,collision
816,135,123.49,10.90,249.73,0.0067,0.0096,0,collision
817,162,124.59,7.24,357.89,0.0194,0.0518,0,collision
818,178,256.93,7.46,286.41,0.0028,0.0388,0,collision
819,184,167.02,7.62,167.73,0.0079,0.1139,0,collision
820,146,52.53,7.43,283.45,0.0024,0.0064,0,collision
1179,212,268.31,7.48,441.20,0.0039,0.0132,0,collision
1180,130,154.50,11.49,129.32,0.0047,0.0136,0,collision
1181,118,171.84,12.61,238.14,0.0091,0.0175,0,collision
1182,168,82.57,7.70,293.40,0.0116,0.0583,0,collision
1183,156,24.77,6.33,358.90,0.0103,0.0000,0,collision
1184,138,123.75,8.76,218.91,0.0060,0.0300,0,collision
1185,164,179.65,7.33,329.16,0.0075,0.0127,0,collision
1186,155,88.11,7.52,215.27,0.0078,0.0174,0,collision
1187,127,145.50,11.73,278.17,0.0148,0.0107,0,collision
1188,139,115.13,8.50,367.98,0.0073,0.0263,0,collision
1189,129,1.57,6.69,203.38,0.0072,0.0000,0,collision
1190,117,-84.98,5.58,195.19,0.0148,0.0245,0,collision
1191,157,100.83,7.60,283.44,0.0103,0.0908,0,collision
1192,131,151.59,11.20,320.66,0.0051,0.0044,0,collision
821,107,145.90,13.90,371.49,0.0156,0.0070,0,collision
822,139,148.56,10.55,345.88,0.0022,0.0029,0,collision
823,137,81.41,10.84,80.05,0.0061,0.0053,0,collision
824,136,99.04,11.15,202.27,0.0020,0.0083,0,collision
825,138,23.20,8.65,110.14,0.0056,0.0174,0,collision
826,138,131.52,8.71,323.17,0.0144,0.0303,0,collision
827,41,-30.60,19.93,37.47,0.0673,0.0000,0,collision
828,137,52.80,8.05,67.93,0.0051,0.0234,0,collision
829,117,-60.04,6.70,268.58,0.0059,0.0110,0,collision
830,143,219.35,10.17,260.21,0.0085,0.0111,0,collision
1193,172,228.42,11.26,416.15,0.0130,0.0042,0,collision
1194,146,37.58,7.92,196.13,0.0040,0.0780,0,collision
1195,55,-62.05,16.45,-23.81,0.0175,0.0182,0,collision
1196,138,97.09,8.69,154.45,0.0061,0.0162,0,collision
1197,132,150.66,11.21,281.86,0.0080,0.0038,0,collision
1198,63,-75.68,9.54,120.45,0.0254,0.0000,0,collision
1199,137,35.89,7.96,245.49,0.0127,0.0278,0,collision
1200,113,72.31,13.00,171.70,0.0095,0.0018,0,collision
1201,140,139.19,10.62,86.89,0.0058,0.0068,0,collision
1202,131,152.36,11.42,243.49,0.0136,0.0070,0,collision
1203,124,77.83,8.77,224.52,0.0245,0.0193,0,collision
1204,127,65.95,8.64,179.00,0.0115,0.0077,0,collision
1205,113,146.22,13.08,300.52,0.0174,0.0124,0,collision
1206,145,149.56,7.70,234.03,0.0067,0.0714,0,collision
1207,119,62.79,12.56,138.75,0.0107,0.0064,0,collision
1208,110,148.55,13.64,211.36,0.0065,0.0083,0,collision
831,137,96.58,10.50,296.77,0.0058,0.0047,0,collision
832,119,136.21,12.38,111.20,0.0111,0.0088,0,collision
833,117,122.42,12.57,210.24,0.0084,0.0088,0,collision
834,68,-9.75,13.62,246.94,0.0441,0.1263,0,collision
835,123,214.03,11.94,414.64,0.0041,0.0105,0,collision
836,94,72.10,15.44,312.21,0.0225,0.0487,0,collision
837,98,93.08,15.32,184.28,0.0135,0.0077,0,collision
838,143,31.45,7.73,285.39,0.0036,0.0417,0,collision
839,143,227.69,10.35,278.36,0.0149,0.0098,0,collision
840,134,141.36,11.05,332.36,0.0100,0.0101,0,collision
1209,259,442.56,11.01,494.43,0.0023,0.0030,0,collision
1210,118,125.19,12.61,257.69,0.0238,0.0055,0,collision
1211,182,157.68,7.33,352.83,0.0069,0.1148,0,collision
1212,32,-77.66,22.84,16.19,0.0164,0.0228,0,collision
1213,164,93.66,7.17,357.91,0.0013,0.0673,0,collision
1214,140,56.49,8.68,226.76,0.0092,0.0326,0,collision
1215,112,107.82,13.19,236.56,0.0063,0.0069,0,collision
1216,128,65.87,11.55,193.34,0.0108,0.0055,0,collision
1217,108,106.55,13.75,110.39,0.0145,0.0040,0,collision
1218,123,169.68,11.98,325.63,0.0120,0.0038,0,collision
1219,108,120.50,13.75,148.60,0.0102,0.0104,0,collision
1220,52,-29.52,16.72,72.61,0.0398,0.0480,0,collision
1221,128,156.45,11.38,219.35,0.0154,0.0020,0,collision
1222,153,25.74,7.23,187.73,0.0067,0.0089,0,collision
1223,126,200.14,11.49,284.39,0.0063,0.0040,0,collision
1224,139,16.83,8.28,224.46,0.0052,0.0251,0,collision
1225,84,68.13,17.07,131.13,0.0103,0.0078,0,collision
841,121,96.95,11.80,400.22,0.0090,0.0015,0,collision
842,143,-30.51,7.57,250.46,0.0116,0.0197,0,collision
843,119,99.36,12.11,263.47,0.0213,0.0025,0,collision
844,126,100.87,11.65,268.22,0.0138,0.0077,0,collision
845,100,64.21,14.82,163.30,0.0167,0.0062,0,collision
846,119,-23.13,9.35,176.28,0.0210,0.0000,0,collision
847,129,108.67,11.41,255.35,0.0149,0.0086,0,collision
848,131,32.37,8.49,203.20,0.0194,0.0068,0,collision
849,127,122.71,11.84,256.90,0.0144,0.0070,0,collision
850,106,112.05,13.93,193.27,0.0096,0.0024,0,collision
1226,78,17.28,14.59,184.94,0.0254,0.0181,0,collision
1227,93,-119.02,6.25,198.62,0.0229,0.0000,0,collision
1228,135,27.14,7.95,470.23,0.0215,0.0208,0,collision
1229,137,37.24,8.05,220.08,0.0030,0.0126,0,collision
1230,135,126.09,10.77,137.05,0.0021,0.0031,0,collision
1231,143,-21.69,6.28,226.47,0.0033,0.0000,0,collision
1232,142,112.29,10.25,299.06,0.0140,0.0098,0,collision
1233,125,44.05,8.80,260.21,0.0056,0.0216,0,collision
1234,132,84.10,11.18,215.07,0.0068,0.0015,0,collision
1235,90,97.61,15.84,194.33,0.0067,0.0232,0,collision
1236,117,156.17,12.59,249.95,0.0077,0.0032,0,collision
1237,141,14.18,7.74,210.65,0.0100,0.0145,0,collision
1238,118,161.24,12.51,222.38,0.0109,0.0096,0,collision
1239,131,71.12,8.60,240.08,0.0110,0.0252,0,collision
1240,124,51.72,8.65,321.17,0.0039,0.0086,0,collision
1241,133,92.47,10.96,285.90,0.0039,0.0044,0,collision
851,32,-96.34,21.75,52.81,0.0294,0.0000,0,collision
852,142,-5.74,7.67,169.84,0.0142,0.0198,0,collision
853,115,115.05,12.79,164.72,0.0117,0.0056,0,collision
854,104,98.65,13.84,196.33,0.0084,0.0060,0,collision
855,131,99.20,11.12,119.65,0.0134,0.0044,0,collision
856,116,95.32,12.59,94.43,0.0047,0.0062,0,collision
857,108,121.43,13.59,270.50,0.0171,0.0041,0,collision
858,116,98.38,12.20,-4.37,0.0164,0.0057,0,collision
859,144,-1.46,7.66,277.93,0.0138,0.0183,0,collision
860,132,159.40,11.20,448.89,0.0090,0.0085,0,collision
1242,233,262.47,10.18,219.21,0.0008,0.0118,0,collision
1243,111,139.71,13.25,275.74,0.0051,0.0034,0,collision
1244,104,-91.00,6.81,137.13,0.0131,0.0532,0,collision
1245,131,53.40,10.91,119.67,0.0108,0.0046,0,collision
1246,126,-16.66,8.35,214.22,0.0086,0.0103,0,collision
1247,105,114.73,13.96,99.44,0.0058,0.0048,0,collision
1248,124,79.01,11.82,188.63,0.0150,0.0043,0,collision
1249,97,40.03,15.00,-38.70,0.0157,0.0022,0,collision
1250,102,127.45,14.14,93.00,0.0290,0.0092,0,collision
1251,107,124.58,13.71,131.78,0.0157,0.0032,0,collision
1252,104,119.75,14.08,95.07,0.0075,0.0041,0,collision
1253,54,-4.60,16.15,186.18,0.0142,0.0340,0,collision
1254,94,99.17,15.40,136.52,0.0258,0.0125,0,collision
1255,48,-20.44,16.84,183.92,0.0189,0.0000,0,collision
1256,141,28.60,7.97,202.10,0.0186,0.0341,0,collision
1257,113,56.64,10.33,171.72,0.0277,0.0000,0,collision
1258,101,71.08,14.97,173.18,0.0150,0.0157,0,collision
1259,117,103.11,12.54,207.83,0.0076,0.0038,0,collision
1260,120,123.78,12.41,170.97,0.0171,0.0054,0,collision
861,139,130.42,10.87,117.72,0.0088,0.0090,0,collision
862,149,108.32,7.48,234.57,0.0154,0.0092,0,collision
863,132,81.99,8.63,225.34,0.0132,0.0173,0,collision
864,144,47.78,7.55,377.58,0.0063,0.0187,0,collision
865,125,103.53,11.62,312.62,0.0140,0.0036,0,collision
866,81,59.90,12.73,397.40,0.0288,0.0021,0,collision
867,136,154.44,10.95,107.87,0.0144,0.0048,0,collision
868,132,86.24,11.43,150.51,0.0066,0.0042,0,collision
869,46,-22.66,17.78,206.16,0.0134,0.0105,0,collision
870,146,83.91,7.64,287.85,0.0016,0.0145,0,collision
1261,143,92.39,8.71,109.31,0.0134,0.0000,0,collision
1262,133,117.92,11.40,89.42,0.0063,0.0094,0,collision
1263,154,208.97,9.70,285.23,0.0071,0.0060,0,collision
1264,128,123.75,11.42,218.18,0.0052,0.0123,0,collision
1265,134,122.48,11.03,153.47,0.0057,0.0177,0,collision
1266,121,181.98,12.21,-36.21,0.0072,0.0071,0,collision
1267,197,361.71,10.72,264.34,0.0038,0.0085,0,collision
1268,149,1.81,6.77,204.98,0.0059,0.0000,0,collision
1269,146,81.80,8.09,201.25,0.0175,0.0627,0,collision
1270,119,60.92,9.28,236.16,0.0099,0.0000,0,collision
1271,121,137.72,12.19,232.67,0.0021,0.0147,0,collision
1272,144,16.44,7.54,407.68,0.0052,0.0078,0,collision
1273,125,182.80,11.94,162.26,0.0141,0.0078,0,collision
1274,27,-84.07,25.74,95.82,0.0394,0.0179,0,collision
1275,142,206.11,10.58,369.92,0.0112,0.0198,0,collision
871,132,172.94,11.21,298.37,0.0077,0.0024,0,collision
872,130,131.33,11.21,220.71,0.0005,0.0048,0,collision
873,131,167.39,11.18,328.91,0.0125,0.0097,0,collision
874,58,2.59,15.47,23.79,0.0076,0.0256,0,collision
875,124,122.63,12.08,325.84,0.0104,0.0110,0,collision
876,108,109.76,13.51,250.03,0.0092,0.0036,0,collision
877,114,155.09,13.02,221.61,0.0148,0.0105,0,collision
878,72,24.46,14.58,209.08,0.0248,0.0860,0,collision
879,164,150.65,7.35,355.59,0.0043,0.0579,0,collision
880,58,-2.84,15.57,91.73,0.0085,0.0235,0,collision
1276,197,327.47,12.20,438.50,0.0107,0.0184,0,collision
1277,117,99.76,12.56,229.04,0.0093,0.0109,0,collision
1278,96,92.30,15.36,176.19,0.0059,0.0257,0,collision
1279,131,204.79,11.33,327.94,0.0099,0.0912,0,collision
1280,65,-62.18,8.96,6.92,0.0181,0.0000,0,collision
1281,105,138.51,14.19,274.26,0.0078,0.0047,0,collision
1282,135,106.99,8.52,299.05,0.0082,0.0810,0,collision
1283,118,184.16,12.78,182.15,0.0184,0.0357,0,collision
1284,143,152.96,10.17,241.18,0.0123,0.0070,0,collision
1285,71,-0.89,8.20,174.60,0.0125,0.0000,0,collision
1286,121,180.07,12.55,245.97,0.0054,0.0100,0,collision
1287,116,155.57,12.82,157.04,0.0054,0.0053,0,collision
1288,122,160.51,12.16,198.60,0.0093,0.0088,0,collision
1289,95,135.60,15.87,167.37,0.0243,0.0109,0,collision
1290,132,52.76,8.56,277.39,0.0049,0.0137,0,collision
1291,121,70.37,12.36,261.18,0.0083,0.0112,0,collision
1292,62,7.39,14.59,151.75,0.0155,0.0185,0,collision
1293,109,112.92,13.57,189.51,0.0123,0.0097,0,collision
881,213,1080.37,10.43,224.78,0.0000,0.0187,1,goal
882,133,149.77,11.07,376.34,0.0100,0.0116,0,collision
883,115,181.06,12.88,80.95,0.0104,0.0126,0,collision
884,126,194.48,11.70,232.65,0.0085,0.0269,0,collision
885,141,103.87,10.77,71.12,0.0091,0.0818,0,collision
886,130,-49.30,6.96,94.14,0.0060,0.0000,0,collision
887,199,1009.33,11.11,240.20,0.0000,0.0000,1,goal
888,150,29.93,7.50,366.72,0.0049,0.0328,0,collision
889,129,-8.26,7.15,180.77,0.0183,0.0000,0,collision
890,175,196.31,8.63,322.07,0.0112,0.0000,0,collision
1294,207,233.49,11.08,277.48,0.0094,0.0030,0,collision
1295,152,66.24,7.55,302.23,0.0143,0.0721,0,collision
1296,155,231.66,9.48,380.11,0.0080,0.0116,0,collision
1297,134,46.94,8.67,250.47,0.0054,0.0151,0,collision
1298,116,152.26,12.47,165.11,0.0186,0.0080,0,collision
1299,130,158.14,11.35,515.19,0.0064,0.0185,0,collision
1300,136,95.36,11.08,101.23,0.0067,0.0547,0,collision
1301,134,133.21,10.86,198.58,0.0113,0.0062,0,collision
1302,136,67.29,8.27,233.02,0.0140,0.0308,0,collision
1303,138,18.07,6.64,313.82,0.0069,0.0072,0,collision
1304,141,182.82,10.34,207.48,0.0057,0.0489,0,collision
1305,109,70.54,10.59,387.74,0.0333,0.0000,0,collision
1306,148,135.70,10.23,208.25,0.0128,0.0250,0,collision
1307,124,120.73,9.12,158.99,0.0130,0.0226,0,collision
891,144,125.95,10.26,138.10,0.0073,0.0210,0,collision
892,121,227.97,12.33,379.38,0.0147,0.0116,0,collision
893,116,108.45,12.86,209.17,0.0065,0.0223,0,collision
894,138,147.50,10.73,328.87,0.0068,0.0128,0,collision
895,126,78.27,8.62,311.68,0.0082,0.0333,0,collision
896,117,111.83,12.91,170.80,0.0115,0.0142,0,collision
897,35,-61.79,21.58,62.46,0.0364,0.0241,0,collision
898,104,152.58,14.16,272.35,0.0150,0.0097,0,collision
899,136,163.78,10.99,267.22,0.0135,0.0200,0,collision
900,48,-44.30,17.95,81.98,0.0484,0.0000,0,collision
1308,280,584.13,10.51,442.84,0.0060,0.0076,0,collision
1309,114,121.51,12.90,76.53,0.0124,0.0084,0,collision
1310,135,119.41,11.05,90.31,0.0087,0.0422,0,collision
1311,141,35.33,7.80,224.20,0.0164,0.0000,0,collision
1312,121,111.55,11.96,153.01,0.0074,0.0106,0,collision
1313,147,76.52,10.09,193.39,0.0080,0.0309,0,collision
1314,115,144.73,13.01,61.62,0.0049,0.0119,0,collision
1315,136,140.68,11.15,195.86,0.0048,0.0585,0,collision
1316,134,-42.17,6.71,319.96,0.0178,0.0000,0,collision
1317,131,106.00,11.49,203.60,0.0112,0.0102,0,collision
1318,238,1053.54,9.02,462.04,0.0000,0.0120,1,goal
1319,146,159.66,10.23,238.14,0.0022,0.0494,0,collision
1320,139,111.26,10.85,160.15,0.0022,0.0604,0,collision
1321,71,30.99,13.86,142.95,0.0131,0.1418,0,collision
1322,125,32.73,8.62,381.83,0.0061,0.0189,0,collision
901,223,1166.93,9.81,377.50,0.0000,0.0000,1,goal
902,217,306.80,9.29,189.70,0.0114,0.0112,0,collision
903,173,169.67,8.37,437.86,0.0067,0.0017,0,collision
904,195,1023.49,11.24,249.57,0.0000,0.0011,1,goal
905,151,98.12,8.07,355.79,0.0150,0.0709,0,collision
906,144,64.47,7.48,380.44,0.0061,0.0269,0,collision
907,231,397.51,8.85,469.68,0.0081,0.0023,0,collision
908,221,1117.03,10.09,239.24,0.0000,0.0000,1,goal
909,196,247.40,10.51,273.49,0.0058,0.0000,0,collision
910,152,227.73,9.72,285.86,0.0123,0.0586,0,collision
1323,201,291.71,8.88,546.58,0.0068,0.0146,0,collision
1324,218,1037.74,9.94,401.73,0.0000,0.0000,1,goal
1325,220,1024.44,9.98,209.59,0.0000,0.0199,1,goal
1326,213,1049.62,10.29,339.55,0.0000,0.0022,1,goal
1327,164,50.55,7.14,246.11,0.0070,0.0509,0,collision
1328,170,177.35,8.44,393.97,0.0059,0.0087,0,collision
1329,162,91.92,7.05,258.56,0.0218,0.0800,0,collision
1330,219,114.27,5.89,188.97,0.0146,0.0958,0,collision
1331,218,1057.48,10.05,354.98,0.0000,0.0040,1,goal
1332,47,-36.48,17.36,129.63,0.0340,0.0011,0,collision
1333,207,1010.17,10.63,456.92,0.0000,0.0000,1,goal
911,33,-72.48,21.18,74.17,0.0458,0.0014,0,collision
912,142,63.20,8.02,207.58,0.0119,0.0000,0,collision
913,65,-42.83,14.63,178.79,0.0213,0.0188,0,collision
914,121,137.18,12.43,196.84,0.0060,0.0191,0,collision
915,179,892.74,12.26,37.95,0.0000,0.0007,1,goal
916,140,124.14,9.01,229.12,0.0130,0.0000,0,collision
917,156,135.20,9.67,150.20,0.0068,0.0148,0,collision
918,216,1065.23,9.99,584.86,0.0000,0.0050,1,goal
919,194,252.06,10.79,85.04,0.0091,0.0220,0,collision
920,167,154.64,8.71,264.45,0.0084,0.0105,0,collision
1334,246,1212.07,11.21,369.06,0.0000,0.0106,1,goal
1335,31,-89.13,22.79,37.06,0.0638,0.0109,0,collision
1336,172,198.93,8.69,209.13,0.0170,0.0000,0,collision
1337,122,171.94,12.41,369.15,0.0063,0.0155,0,collision
1338,125,162.54,11.70,43.10,0.0140,0.0154,0,collision
1339,52,-30.16,17.03,69.45,0.0604,0.0000,0,collision
1340,149,167.56,9.80,268.66,0.0108,0.0124,0,collision
1341,54,-26.57,16.19,106.04,0.0618,0.0486,0,collision
1342,63,10.09,14.93,107.76,0.0118,0.0241,0,collision
1343,118,73.41,10.86,89.37,0.0191,0.0000,0,collision
1344,150,114.59,9.05,107.28,0.0104,0.0000,0,collision
1345,176,305.40,11.65,272.03,0.0022,0.0072,0,collision
1346,164,148.24,8.64,54.46,0.0051,0.0081,0,collision
1347,160,95.33,7.65,203.50,0.0185,0.0000,0,collision
1348,84,38.92,12.90,91.10,0.0250,0.0346,0,collision
1349,152,138.39,9.03,290.64,0.0148,0.0119,0,collision
921,169,13.52,6.57,236.16,0.0134,0.0440,0,collision
922,114,174.99,13.08,161.32,0.0214,0.0273,0,collision
923,144,116.30,8.15,313.69,0.0060,0.0519,0,collision
924,119,216.63,12.53,190.21,0.0115,0.0099,0,collision
925,131,158.14,11.28,195.69,0.0138,0.0105,0,collision
926,130,40.20,8.68,317.34,0.0129,0.0169,0,collision
927,125,153.96,11.98,307.02,0.0170,0.0071,0,collision
928,125,74.24,8.68,247.84,0.0135,0.0204,0,collision
929,161,54.52,6.93,296.45,0.0065,0.0476,0,collision
930,100,104.87,14.62,297.28,0.0135,0.0030,0,collision
1350,201,294.50,11.69,202.47,0.0075,0.0058,0,collision
1351,39,-88.54,19.41,31.46,0.0155,0.0253,0,collision
1352,134,233.10,11.14,333.28,0.0079,0.0119,0,collision
1353,42,-31.87,18.48,107.41,0.0203,0.0214,0,collision
1354,127,130.25,10.60,155.09,0.0158,0.0135,0,collision
1355,154,171.81,9.78,230.84,0.0048,0.0198,0,collision
1356,140,155.15,10.61,19.30,0.0091,0.0065,0,collision
1357,58,2.88,15.03,209.76,0.0232,0.0146,0,collision
1358,119,171.63,12.58,270.78,0.0090,0.0186,0,collision
1359,41,-46.00,18.09,88.25,0.0256,0.0000,0,collision
1360,73,32.58,13.28,212.16,0.0113,0.0591,0,collision
1361,209,1022.20,10.43,286.48,0.0000,0.0092,1,goal
1362,114,142.75,12.96,308.33,0.0102,0.0124,0,collision
1363,145,135.66,8.94,171.62,0.0045,0.0000,0,collision
1364,109,42.24,10.47,190.29,0.0133,0.0000,0,collision
1365,156,191.39,9.52,399.77,0.0085,0.0107,0,collision
1366,40,-57.80,19.66,-15.88,0.0567,0.0000,0,collision
1367,144,156.77,9.94,464.65,0.0105,0.0174,0,collision
931,26,-96.36,26.06,22.83,0.0654,0.0190,0,collision
932,218,1089.16,10.04,444.84,0.0000,0.0095,1,goal
933,128,38.42,8.41,234.83,0.0047,0.0346,0,collision
934,130,113.15,11.37,331.10,0.0189,0.0138,0,collision
935,56,-0.26,16.09,107.06,0.0353,0.0031,0,collision
936,159,143.50,9.35,118.70,0.0130,0.0060,0,collision
937,138,203.41,11.03,167.10,0.0058,0.0136,0,collision
938,110,135.03,13.63,239.76,0.0142,0.0236,0,collision
939,126,0.41,9.27,188.78,0.0169,0.0000,0,collision
940,189,1063.34,11.63,250.87,0.0000,0.0011,1,goal
1368,131,180.10,13.53,245.55,0.0049,0.0189,0,collision
1369,158,209.31,9.36,383.31,0.0044,0.0089,0,collision
1370,147,219.11,10.07,160.98,0.0156,0.0092,0,collision
1371,154,197.42,9.57,212.44,0.0054,0.0079,0,collision
1372,112,104.40,10.78,326.79,0.0125,0.0000,0,collision
1373,186,1006.58,11.66,299.26,0.0000,0.0062,1,goal
1374,154,168.87,8.89,199.17,0.0085,0.0000,0,collision
1375,138,146.87,10.71,338.23,0.0054,0.0166,0,collision
1376,81,69.26,13.14,16.40,0.0266,0.0007,0,collision
1377,63,-9.90,14.28,78.18,0.0129,0.0274,0,collision
1378,116,117.02,12.75,224.09,0.0111,0.0069,0,collision
1379,148,221.38,10.00,297.63,0.0121,0.0072,0,collision
1380,128,147.37,11.57,125.21,0.0029,0.0142,0,collision
1381,64,-26.38,14.48,85.87,0.0320,0.0159,0,collision
1382,151,188.21,8.92,265.45,0.0050,0.0000,0,collision
1383,107,135.54,13.88,122.43,0.0095,0.0266,0,collision
941,24,-100.35,28.23,22.47,0.0406,0.0242,0,collision
942,201,394.99,10.37,352.17,0.0154,0.0000,0,collision
943,153,65.56,6.56,330.56,0.0070,0.0247,0,collision
944,136,33.71,6.48,267.86,0.0083,0.0000,0,collision
945,141,79.48,8.09,195.00,0.0254,0.0000,0,collision
946,39,-47.34,21.01,124.58,0.0603,0.0000,0,collision
947,151,14.69,6.50,190.95,0.0110,0.0000,0,collision
948,118,157.87,10.50,254.25,0.0152,0.0000,0,collision
949,129,13.47,7.02,121.56,0.0081,0.0000,0,collision
950,135,-12.33,6.70,157.32,0.0216,0.0000,0,collision
1384,215,386.98,10.84,448.97,0.0107,0.0000,0,collision
1385,141,113.80,7.94,270.99,0.0084,0.0229,0,collision
1386,215,65.52,6.15,155.48,0.0078,0.0589,0,collision
1387,175,277.54,8.79,236.19,0.0125,0.0000,0,collision
1388,199,40.80,6.25,138.89,0.0093,0.0906,0,collision
1389,149,51.03,7.83,368.12,0.0123,0.0778,0,collision
1390,212,-26.71,5.49,226.26,0.0097,0.1053,0,collision
1391,47,-19.69,18.03,41.87,0.0534,0.0142,0,collision
1392,213,1115.66,10.13,443.63,0.0000,0.0068,1,goal
1393,220,1078.37,10.10,382.00,0.0000,0.0000,1,goal
1394,211,1084.77,10.31,438.07,0.0000,0.0049,1,goal
951,127,44.05,8.66,19.72,0.0043,0.0472,0,collision
952,259,74.85,4.88,258.41,0.0064,0.0705,0,collision
953,163,4.40,6.04,311.48,0.0152,0.0000,0,collision
954,171,54.07,5.83,262.53,0.0101,0.0255,0,collision
955,141,124.99,8.25,103.33,0.0120,0.0035,0,collision
956,141,113.33,7.19,383.09,0.0032,0.0000,0,collision
957,180,52.23,6.55,259.98,0.0112,0.0899,0,collision
958,129,37.91,7.00,300.59,0.0091,0.0000,0,collision
959,136,68.02,6.75,126.02,0.0220,0.0000,0,collision
960,173,195.49,8.52,136.50,0.0027,0.0039,0,collision
1395,278,182.92,7.21,354.65,0.0078,0.0000,0,collision
1396,140,50.16,7.10,280.21,0.0060,0.0000,0,collision
1397,214,1086.78,10.18,417.13,0.0000,0.0000,1,goal
1398,147,16.30,6.89,245.09,0.0143,0.0000,0,collision
1399,186,31.95,6.24,165.57,0.0117,0.1225,0,collision
1400,154,26.67,5.97,212.45,0.0028,0.0130,0,collision
1401,146,83.81,7.01,500.28,0.0241,0.0163,0,collision
1402,27,-87.37,26.02,49.64,0.0015,0.0249,0,collision
1403,140,94.52,8.28,225.68,0.0107,0.0194,0,collision
1404,217,1068.73,10.14,498.38,0.0000,0.0052,1,goal
1405,221,1044.68,9.99,422.86,0.0000,0.0042,1,goal
1406,313,41.03,4.38,240.27,0.0073,0.0916,0,collision
961,156,-4.75,6.66,237.92,0.0208,0.0001,0,collision
962,192,146.10,6.38,356.17,0.0136,0.0555,0,collision
963,180,92.09,6.14,188.93,0.0037,0.0618,0,collision
964,219,1076.13,9.93,412.27,0.0000,0.0100,1,goal
965,185,314.06,10.77,478.59,0.0152,0.0032,0,collision
966,230,989.43,9.53,323.21,0.0000,0.1065,1,goal
967,212,1100.13,10.28,314.37,0.0000,0.0000,1,goal
968,140,75.85,7.89,142.10,0.0254,0.0099,0,collision
969,167,2.29,5.89,192.78,0.0100,0.0000,0,collision
970,150,8.93,6.44,249.63,0.0112,0.0000,0,collision
1407,188,990.08,11.90,366.09,0.0000,0.0133,1,goal
1408,161,40.37,6.82,170.56,0.0094,0.0265,0,collision
1409,166,44.83,6.18,218.12,0.0104,0.0088,0,collision
1410,126,34.48,6.85,310.71,0.0175,0.0000,0,collision
1411,253,1033.00,8.64,392.92,0.0000,0.0483,1,goal
1412,167,48.65,6.71,185.70,0.0132,0.0369,0,collision
1413,214,175.94,6.13,263.13,0.0032,0.0308,0,collision
1414,196,-15.83,4.53,104.91,0.0000,0.0099,0,stuck_too_long
1415,189,93.07,5.88,241.12,0.0073,0.0387,0,collision
1416,141,19.25,7.09,132.21,0.0187,0.0000,0,collision
1417,172,40.70,6.35,324.65,0.0039,0.0257,0,collision
971,197,1044.55,11.04,460.72,0.0000,0.0000,1,goal
972,202,986.93,10.97,514.59,0.0000,0.0000,1,goal
973,134,145.95,11.05,121.23,0.0281,0.0050,0,collision
974,160,206.30,8.91,493.49,0.0138,0.0114,0,collision
975,140,48.79,7.83,224.21,0.0047,0.0195,0,collision
976,146,72.65,7.82,195.70,0.0093,0.0217,0,collision
977,134,-44.36,6.82,79.22,0.0221,0.0000,0,collision
978,145,29.15,6.89,121.37,0.0091,0.0000,0,collision
979,134,56.78,8.55,310.01,0.0069,0.0139,0,collision
980,179,188.63,7.62,290.10,0.0029,0.0706,0,collision
1418,236,355.44,9.46,453.27,0.0036,0.0051,0,collision
1419,193,31.68,5.91,248.14,0.0117,0.0713,0,collision
1420,140,199.87,10.77,220.97,0.0145,0.0545,0,collision
1421,233,156.91,6.47,214.02,0.0051,0.0389,0,collision
1422,136,-37.23,6.56,139.51,0.0159,0.0000,0,collision
1423,187,125.43,6.23,274.35,0.0059,0.0346,0,collision
1424,131,156.05,11.37,251.89,0.0052,0.0096,0,collision
1425,134,92.05,8.23,343.70,0.0173,0.0209,0,collision
1426,127,7.22,8.58,160.09,0.0100,0.0325,0,collision
1427,254,1095.97,8.57,413.50,0.0000,0.0032,1,goal
1428,141,157.78,10.57,342.86,0.0114,0.0354,0,collision
1429,155,131.26,9.69,189.05,0.0051,0.0113,0,collision
981,168,255.17,9.16,403.29,0.0117,0.0000,0,collision
982,136,156.30,11.21,155.14,0.0178,0.0235,0,collision
983,143,207.88,10.27,209.87,0.0134,0.0043,0,collision
984,156,81.14,7.45,202.90,0.0188,0.0079,0,collision
985,145,178.10,10.37,271.64,0.0032,0.0093,0,collision
986,131,210.20,11.44,351.53,0.0106,0.0113,0,collision
987,142,8.54,6.43,228.33,0.0049,0.0070,0,collision
988,129,94.30,11.50,151.28,0.0087,0.0096,0,collision
989,158,220.60,9.52,338.23,0.0065,0.0114,0,collision
990,148,114.42,7.94,315.34,0.0060,0.0359,0,collision
1430,192,33.26,7.88,177.02,0.0117,0.0000,0,collision
1431,126,-64.57,6.42,191.90,0.0066,0.0299,0,collision
1432,184,1054.51,12.06,429.00,0.0000,0.0029,1,goal
1433,203,155.02,6.48,387.65,0.0076,0.0666,0,collision
1434,160,115.82,7.37,317.34,0.0041,0.0222,0,collision
1435,144,35.29,7.82,249.38,0.0080,0.0131,0,collision
1436,108,157.98,13.53,192.56,0.0127,0.0083,0,collision
1437,130,146.43,11.15,246.21,0.0046,0.0054,0,collision
1438,134,173.89,11.08,374.76,0.0045,0.0115,0,collision
1439,109,90.84,13.80,86.09,0.0044,0.0098,0,collision
1440,174,-4.32,6.41,268.06,0.0055,0.0157,0,collision
1441,126,67.01,8.84,216.82,0.0119,0.0185,0,collision
1442,143,212.83,10.30,302.02,0.0080,0.0225,0,collision
1443,136,78.17,8.12,196.95,0.0059,0.0262,0,collision
991,179,126.45,7.79,365.87,0.0061,0.0708,0,collision
992,129,207.80,11.57,254.49,0.0014,0.0250,0,collision
993,205,1132.96,10.59,696.40,0.0000,0.0053,1,goal
994,198,1083.82,11.06,326.16,0.0000,0.0000,1,goal
995,37,-51.96,20.82,80.76,0.0476,0.0036,0,collision
996,129,80.55,11.57,180.91,0.0105,0.0089,0,collision
997,215,1014.42,10.17,347.51,0.0000,0.0633,1,goal
998,57,6.48,15.84,233.96,0.0095,0.0000,0,collision
999,133,-16.90,8.81,142.67,0.0108,0.0143,0,collision
1000,63,-57.79,9.41,139.96,0.0367,0.0000,0,collision
1444,163,165.48,8.70,467.41,0.0037,0.0130,0,collision
1445,40,-56.67,19.61,75.46,0.0353,0.0119,0,collision
1446,135,-38.13,6.68,217.13,0.0133,0.0000,0,collision
1447,153,175.37,9.68,363.59,0.0095,0.0240,0,collision
1448,207,1110.06,10.61,360.45,0.0000,0.0131,1,goal
1449,146,162.54,10.17,176.32,0.0077,0.0347,0,collision
1450,147,88.94,7.77,257.57,0.0074,0.0179,0,collision
1451,182,187.63,7.61,308.99,0.0136,0.1362,0,collision
1452,145,183.57,10.18,296.61,0.0042,0.0105,0,collision
1453,156,96.47,7.48,338.38,0.0079,0.0434,0,collision
1454,141,28.42,7.54,210.27,0.0130,0.0209,0,collision
1455,127,178.34,11.64,369.87,0.0021,0.0129,0,collision
1456,145,68.81,7.89,287.35,0.0063,0.0414,0,collision
1457,127,29.75,8.62,251.24,0.0183,0.0152,0,collision
1001,140,17.29,7.11,152.19,0.0096,0.0000,0,collision
1002,118,1.27,6.75,104.55,0.0055,0.0000,0,collision
1003,144,84.13,7.82,86.22,0.0114,0.0477,0,collision
1004,146,194.69,10.33,237.86,0.0084,0.0171,0,collision
1005,141,92.49,8.01,177.21,0.0095,0.0353,0,collision
1006,162,88.40,6.30,279.91,0.0171,0.0000,0,collision
1007,128,55.84,6.88,371.11,0.0114,0.0090,0,collision
1008,213,392.39,10.24,465.35,0.0130,0.0018,0,collision
1009,256,42.20,4.96,166.35,0.0056,0.1341,0,collision
1010,144,51.72,7.76,200.37,0.0060,0.0216,0,collision
1458,214,264.56,8.61,537.25,0.0053,0.0221,0,collision
1459,136,141.65,7.94,310.64,0.0015,0.0189,0,collision
1460,138,233.36,10.91,261.61,0.0055,0.0117,0,collision
1461,146,54.41,7.83,254.80,0.0072,0.0607,0,collision
1462,130,79.41,6.75,80.96,0.0219,0.0000,0,collision
1463,156,236.06,9.52,292.61,0.0023,0.0065,0,collision
1464,198,127.60,6.64,321.12,0.0091,0.0645,0,collision
1465,137,167.86,10.78,398.39,0.0079,0.0065,0,collision
1466,100,-37.81,6.05,207.86,0.0156,0.0083,0,collision
1467,110,77.37,10.56,111.44,0.0170,0.0071,0,collision
1468,137,141.05,8.13,161.79,0.0070,0.0143,0,collision
1469,179,98.38,6.59,323.72,0.0133,0.0320,0,collision
1470,136,111.28,8.09,375.16,0.0103,0.0253,0,collision
1471,148,98.76,7.51,456.97,0.0043,0.0173,0,collision
1011,38,-47.07,21.37,61.54,0.0134,0.0310,0,collision
1012,213,170.58,5.90,293.24,0.0125,0.0739,0,collision
1013,153,42.27,6.73,289.50,0.0125,0.0133,0,collision
1014,200,1060.66,10.98,375.36,0.0000,0.0000,1,goal
1015,154,128.18,6.93,314.09,0.0092,0.0000,0,collision
1016,143,210.28,9.29,398.28,0.0158,0.0131,0,collision
1017,146,231.64,10.38,236.56,0.0045,0.0119,0,collision
1018,173,100.89,7.04,279.10,0.0046,0.0550,0,collision
1019,33,-58.65,22.52,82.78,0.0214,0.0271,0,collision
1020,160,113.76,6.97,358.13,0.0041,0.0218,0,collision
1472,296,1258.86,9.69,475.09,0.0000,0.0000,1,goal
1473,239,278.64,8.70,456.19,0.0108,0.0326,0,collision
1474,131,41.98,6.96,233.15,0.0045,0.0000,0,collision
1475,186,195.67,6.99,289.84,0.0060,0.0069,0,collision
1476,148,134.46,9.14,221.84,0.0122,0.0000,0,collision
1477,160,96.63,7.02,348.66,0.0041,0.0247,0,collision
1478,162,116.94,6.49,380.91,0.0063,0.0413,0,collision
1479,148,53.59,6.91,287.80,0.0110,0.0000,0,collision
1480,107,144.43,14.13,78.48,0.0178,0.0039,0,collision
1481,182,109.84,6.25,395.02,0.0044,0.0969,0,collision
1482,216,1018.88,10.25,239.19,0.0000,0.0101,1,goal
1483,40,-49.48,19.23,154.49,0.0169,0.0357,0,collision
1021,111,-16.99,6.22,240.31,0.0085,0.0490,0,collision
1022,150,170.35,6.93,408.12,0.0077,0.0000,0,collision
1023,163,157.09,7.93,198.03,0.0103,0.0363,0,collision
1024,145,106.92,6.21,331.72,0.0104,0.0000,0,collision
1025,178,128.95,6.47,275.55,0.0086,0.0487,0,collision
1026,134,167.14,8.41,207.03,0.0167,0.0208,0,collision
1027,174,147.26,7.01,252.39,0.0101,0.0513,0,collision
1028,98,-10.59,6.75,189.10,0.0134,0.0000,0,collision
1029,65,-13.40,9.46,98.45,0.0105,0.0000,0,collision
1030,149,53.75,7.62,192.83,0.0153,0.0161,0,collision
1484,243,375.73,8.62,418.20,0.0114,0.0103,0,collision
1485,65,-10.29,14.83,221.62,0.0199,0.0296,0,collision
1486,140,60.91,9.33,111.93,0.0127,0.0000,0,collision
1487,211,182.69,5.99,487.76,0.0101,0.0035,0,collision
1488,142,242.28,10.57,318.26,0.0089,0.0189,0,collision
1489,129,80.40,6.97,214.33,0.0045,0.0000,0,collision
1490,185,95.90,6.19,287.99,0.0103,0.0516,0,collision
1491,120,46.59,6.93,222.66,0.0118,0.0000,0,collision
1492,62,-6.17,15.27,18.96,0.0083,0.0180,0,collision
1493,130,142.32,8.69,333.33,0.0033,0.0478,0,collision
1494,139,238.80,10.80,336.85,0.0038,0.0087,0,collision
1495,219,104.64,6.24,227.65,0.0077,0.0555,0,collision
1496,147,162.61,7.52,337.43,0.0103,0.0039,0,collision
1497,174,204.61,8.53,303.03,0.0080,0.0018,0,collision
1031,114,124.10,10.60,185.38,0.0069,0.0000,0,collision
1032,129,37.63,7.24,212.70,0.0081,0.0000,0,collision
1033,139,44.21,8.08,178.32,0.0131,0.0093,0,collision
1034,124,111.59,9.00,270.89,0.0067,0.0149,0,collision
1035,105,-3.72,6.25,241.79,0.0142,0.0089,0,collision
1036,117,29.61,6.80,170.13,0.0057,0.0107,0,collision
1037,122,26.90,6.93,272.29,0.0029,0.0000,0,collision
1038,304,181.54,4.63,317.62,0.0090,0.0600,0,collision
1039,138,254.86,10.29,272.52,0.0079,0.0119,0,collision
1040,157,232.06,9.57,278.90,0.0038,0.0142,0,collision
1498,92,46.87,11.51,281.25,0.0211,0.0160,0,collision
1499,143,164.93,8.26,272.07,0.0090,0.0740,0,collision
1500,213,1182.02,10.38,268.15,0.0000,0.0124,1,goal
1501,129,65.26,6.62,353.17,0.0006,0.0375,0,collision
1502,238,249.16,6.34,299.29,0.0035,0.0480,0,collision
1503,125,145.58,8.89,140.50,0.0197,0.0233,0,collision
1504,143,78.98,7.09,85.93,0.0119,0.0000,0,collision
1505,143,86.38,6.58,189.57,0.0044,0.0359,0,collision
1506,168,86.41,6.59,283.21,0.0081,0.0714,0,collision
1507,203,193.50,6.21,368.64,0.0070,0.0161,0,collision
1508,151,95.79,5.58,236.32,0.0238,0.0000,0,collision
1509,159,-18.39,5.06,273.22,0.0053,0.0000,0,collision
1041,147,132.68,6.92,293.11,0.0091,0.0053,0,collision
1042,150,101.58,6.68,289.10,0.0219,0.0000,0,collision
1043,167,94.93,5.72,188.54,0.0064,0.0000,0,collision
1044,211,447.63,9.86,344.16,0.0149,0.0038,0,collision
1045,116,183.98,10.82,194.44,0.0326,0.0000,0,collision
1046,240,1116.68,9.18,392.34,0.0000,0.0000,1,goal
1047,139,134.95,7.97,231.66,0.0131,0.0238,0,collision
1048,150,132.06,7.51,298.51,0.0036,0.0339,0,collision
1049,142,68.80,7.07,303.07,0.0090,0.0000,0,collision
1050,163,44.60,5.52,320.99,0.0061,0.0123,0,collision
1510,266,400.81,8.37,485.69,0.0044,0.0102,0,collision
1511,185,64.38,6.36,160.30,0.0078,0.1040,0,collision
1512,150,201.05,8.27,316.47,0.0132,0.0058,0,collision
1513,204,1120.25,10.72,247.82,0.0000,0.0080,1,goal
1514,148,130.54,7.66,272.68,0.0194,0.0435,0,collision
1515,153,242.23,9.98,163.59,0.0126,0.0312,0,collision
1516,149,168.39,8.02,316.14,0.0092,0.0625,0,collision
1517,145,88.08,6.75,310.40,0.0092,0.0000,0,collision
1518,219,1154.19,10.04,394.28,0.0000,0.0048,1,goal
1519,103,-26.59,6.26,179.94,0.0022,0.0067,0,collision
1520,170,204.39,7.23,435.80,0.0145,0.0315,0,collision
1521,187,48.64,6.31,292.74,0.0047,0.0428,0,collision
1051,56,-5.87,16.44,74.53,0.0277,0.0386,0,collision
1052,123,216.33,12.11,377.01,0.0016,0.0077,0,collision
1053,219,1117.99,10.16,353.12,0.0000,0.0065,1,goal
1054,166,237.44,8.76,387.72,0.0038,0.0054,0,collision
1055,130,229.78,11.60,226.01,0.0042,0.0116,0,collision
1056,207,1108.24,10.72,306.42,0.0000,0.0054,1,goal
1057,166,230.65,8.57,439.07,0.0103,0.0901,0,collision
1058,147,201.85,10.08,150.07,0.0088,0.0121,0,collision
1059,247,1041.73,8.85,730.95,0.0000,0.0797,1,goal
1060,181,1028.59,12.18,360.28,0.0000,0.0226,1,goal
1522,281,527.08,9.47,423.26,0.0054,0.0150,0,collision
1523,147,119.11,7.51,317.92,0.0072,0.0738,0,collision
1524,221,1174.99,9.90,499.58,0.0000,0.0090,1,goal
1525,137,52.03,8.10,217.82,0.0134,0.0030,0,collision
1526,159,259.05,9.52,312.96,0.0067,0.0043,0,collision
1527,126,129.26,8.59,283.96,0.0055,0.0389,0,collision
1528,207,1133.06,10.66,499.74,0.0000,0.0000,1,goal
1529,135,135.03,8.77,456.92,0.0207,0.0273,0,collision
1530,133,111.39,8.18,360.68,0.0119,0.0150,0,collision
1531,135,78.68,8.09,215.70,0.0023,0.0257,0,collision
1532,237,1146.15,9.18,393.23,0.0000,0.0000,1,goal
1533,144,150.03,8.00,454.93,0.0060,0.0735,0,collision
1061,42,-43.54,18.86,134.70,0.0257,0.0188,0,collision
1062,121,108.41,9.10,203.44,0.0116,0.0000,0,collision
1063,120,161.36,12.32,230.73,0.0280,0.0138,0,collision
1064,130,190.35,11.50,222.12,0.0044,0.0118,0,collision
1065,162,186.87,8.85,104.52,0.0168,0.0053,0,collision
1066,106,175.09,14.25,281.10,0.0093,0.0578,0,collision
1067,152,156.25,9.86,150.27,0.0079,0.0072,0,collision
1068,131,195.73,11.35,199.33,0.0132,0.0046,0,collision
1069,136,193.14,10.75,362.87,0.0073,0.0061,0,collision
1070,108,158.84,13.73,86.45,0.0292,0.0101,0,collision
1534,247,519.23,11.16,506.32,0.0082,0.0030,0,collision
1535,54,-7.45,17.34,280.01,0.0148,0.0359,0,collision
1536,108,168.62,13.64,198.19,0.0090,0.0319,0,collision
1537,194,1060.36,11.31,436.74,0.0000,0.0081,1,goal
1538,139,136.81,10.84,227.33,0.0114,0.0361,0,collision
1539,127,222.20,12.07,291.27,0.0082,0.0088,0,collision
1540,36,-67.17,19.89,115.15,0.0710,0.0000,0,collision
1541,77,64.27,13.23,146.79,0.0130,0.0105,0,collision
1542,54,-18.85,16.79,-22.67,0.0168,0.0708,0,collision
1543,122,149.25,12.37,309.95,0.0096,0.0083,0,collision
1544,136,159.11,10.69,344.18,0.0081,0.0076,0,collision
1545,193,1096.35,11.43,624.69,0.0000,0.0010,1,goal
1546,138,214.77,10.61,344.81,0.0128,0.0000,0,collision
1547,32,-70.28,24.89,-67.40,0.0101,0.0418,0,collision
1548,122,188.40,10.46,264.47,0.0297,0.0000,0,collision
1549,143,163.98,10.20,220.13,0.0085,0.0054,0,collision
1550,130,193.21,11.61,228.31,0.0138,0.0109,0,collision
1551,41,-64.57,18.68,67.00,0.0640,0.0000,0,collision
1071,184,1011.59,11.91,278.09,0.0000,0.0389,1,goal
1072,27,-85.45,25.44,55.31,0.0662,0.0102,0,collision
1073,119,127.01,12.46,352.49,0.0126,0.0074,0,collision
1074,111,202.36,13.47,400.52,0.0067,0.0080,0,collision
1075,145,208.69,10.37,209.45,0.0181,0.0132,0,collision
1076,136,235.78,11.08,329.28,0.0077,0.0098,0,collision
1077,135,223.72,9.76,428.45,0.0201,0.0000,0,collision
1078,76,57.42,13.46,196.27,0.0367,0.0007,0,collision
1079,108,185.57,13.60,306.28,0.0061,0.0073,0,collision
1080,103,145.90,14.41,121.81,0.0034,0.0054,0,collision
1552,198,383.74,12.41,570.33,0.0049,0.0146,0,collision
1553,112,174.20,13.34,296.09,0.0090,0.0102,0,collision
1554,150,156.78,10.00,314.57,0.0027,0.0093,0,collision
1555,119,113.13,12.43,177.83,0.0195,0.0048,0,collision
1556,113,141.81,13.22,154.48,0.0070,0.0114,0,collision
1557,114,207.43,13.12,79.25,0.0077,0.0193,0,collision
1558,107,176.32,14.01,334.32,0.0133,0.0067,0,collision
1559,195,1051.83,11.41,162.44,0.0000,0.0196,1,goal
1560,75,60.64,13.59,214.71,0.0287,0.0045,0,collision
1561,181,1024.45,12.26,142.45,0.0000,0.0000,1,goal
1562,146,69.32,7.67,220.50,0.0036,0.0140,0,collision
1563,134,194.34,10.36,270.94,0.0181,0.0000,0,collision
1564,120,195.17,12.68,252.11,0.0070,0.0092,0,collision
1565,25,-105.63,26.33,31.45,0.0562,0.0075,0,collision
1566,143,273.65,10.38,377.69,0.0157,0.0185,0,collision
1567,118,172.14,12.86,298.13,0.0195,0.0385,0,collision
1081,112,148.92,13.21,221.35,0.0092,0.0100,0,collision
1082,118,170.89,12.94,110.99,0.0068,0.0266,0,collision
1083,64,9.60,14.53,243.50,0.0338,0.0173,0,collision
1084,134,239.25,11.15,531.28,0.0063,0.0129,0,collision
1085,179,939.90,12.51,216.81,0.0000,0.0000,1,goal
1086,40,-46.77,20.43,-29.57,0.0365,0.0000,0,collision
1087,117,182.46,12.48,259.83,0.0133,0.0067,0,collision
1088,120,93.64,9.53,260.24,0.0232,0.0000,0,collision
1089,225,1019.16,9.79,374.55,0.0000,0.0423,1,goal
1090,123,106.94,12.00,345.75,0.0091,0.0165,0,collision
1568,237,441.37,10.61,771.46,0.0060,0.0074,0,collision
1569,80,15.38,12.62,85.47,0.0077,0.0271,0,collision
1570,125,42.60,8.72,221.86,0.0074,0.0195,0,collision
1571,107,117.97,13.69,170.76,0.0257,0.0016,0,collision
1572,102,67.18,10.76,244.49,0.0114,0.0223,0,collision
1573,128,148.40,11.49,160.16,0.0107,0.0540,0,collision
1574,185,353.86,10.58,446.58,0.0076,0.0250,0,collision
1575,120,179.66,12.62,315.30,0.0125,0.0197,0,collision
1576,93,95.07,16.24,37.39,0.0296,0.0240,0,collision
1577,165,219.60,9.99,140.86,0.0127,0.0061,0,collision
1578,78,-12.77,13.22,150.64,0.0120,0.0099,0,collision
1579,34,-54.27,24.34,93.15,0.0194,0.0000,0,collision
1580,142,75.06,10.22,91.84,0.0034,0.0028,0,collision
1581,62,-41.10,14.31,104.38,0.0181,0.0192,0,collision
1582,55,10.32,16.09,147.66,0.0311,0.0384,0,collision
1583,129,-7.96,8.68,168.84,0.0269,0.0237,0,collision
1584,122,164.93,12.05,364.37,0.0102,0.0111,0,collision
1585,159,170.80,9.10,65.89,0.0145,0.0000,0,collision
1091,189,350.01,10.45,492.63,0.0110,0.0105,0,collision
1092,46,-47.83,18.12,17.20,0.0219,0.0671,0,collision
1093,144,270.42,10.47,463.84,0.0105,0.0250,0,collision
1094,180,967.89,12.19,105.29,0.0000,0.0034,1,goal
1095,24,-96.49,28.02,53.15,0.0228,0.0304,0,collision
1096,157,175.43,8.83,313.34,0.0098,0.0000,0,collision
1097,158,173.36,9.53,162.63,0.0115,0.0122,0,collision
1098,56,-9.07,15.96,176.08,0.0039,0.0184,0,collision
1099,112,82.83,10.84,191.69,0.0109,0.0000,0,collision
1100,183,1045.61,12.24,354.88,0.0000,0.0004,1,goal
1586,211,336.84,10.37,448.04,0.0056,0.0013,0,collision
1587,27,-81.18,26.39,-1.76,0.0238,0.0413,0,collision
1588,157,228.16,9.44,132.51,0.0040,0.0107,0,collision
1589,38,-42.80,21.40,92.81,0.0377,0.0000,0,collision
1590,195,360.22,11.18,388.56,0.0034,0.0227,0,collision
1591,147,219.30,10.28,345.35,0.0058,0.0226,0,collision
1592,111,85.12,10.67,239.69,0.0333,0.0155,0,collision
1593,108,182.97,13.86,283.85,0.0195,0.0756,0,collision
1594,137,250.86,10.82,265.50,0.0040,0.0458,0,collision
1595,141,241.56,10.59,294.85,0.0149,0.0162,0,collision
1596,155,252.40,9.67,248.73,0.0032,0.0163,0,collision
1597,130,213.27,9.96,259.20,0.0167,0.0000,0,collision
1598,39,-43.45,20.58,-67.45,0.0025,0.0250,0,collision
1599,131,181.18,10.28,350.56,0.0135,0.0000,0,collision
1600,127,176.02,8.87,351.63,0.0143,0.0000,0,collision
1601,135,208.18,10.45,155.52,0.0027,0.0000,0,collision
1602,24,-103.43,28.05,37.27,0.0707,0.0312,0,collision
1101,222,461.11,9.65,391.74,0.0059,0.0000,0,collision
1102,244,17.89,4.74,364.96,0.0119,0.1230,0,collision
1103,169,111.80,8.94,218.52,0.0109,0.0000,0,collision
1104,245,47.71,4.77,210.11,0.0057,0.0931,0,collision
1105,147,165.29,7.71,359.28,0.0075,0.0634,0,collision
1106,169,187.22,8.70,292.08,0.0093,0.0145,0,collision
1107,199,409.02,10.43,284.33,0.0133,0.0000,0,collision
1108,202,1037.55,11.08,211.84,0.0000,0.0000,1,goal
1109,238,1214.93,9.16,349.62,0.0000,0.0000,1,goal
1110,200,1000.87,11.02,201.79,0.0000,0.0000,1,goal
1603,67,38.14,19.42,170.04,0.0083,0.0076,0,collision
1604,63,33.75,15.08,-43.56,0.0283,0.0173,0,collision
1605,197,1100.40,11.21,383.83,0.0000,0.0000,1,goal
1606,125,107.70,9.59,142.27,0.0084,0.0000,0,collision
1607,144,142.08,7.90,118.63,0.0186,0.0491,0,collision
1608,42,-20.06,19.25,61.40,0.0202,0.0165,0,collision
1609,193,63.63,5.79,236.52,0.0048,0.0908,0,collision
1610,206,1128.23,10.71,587.05,0.0000,0.0000,1,goal
1611,177,113.70,6.85,115.62,0.0084,0.0756,0,collision
1612,198,92.75,5.62,329.71,0.0074,0.0620,0,collision
1613,51,1.46,16.63,180.32,0.0214,0.0000,0,collision
1614,287,38.78,4.26,289.19,0.0074,0.1476,0,collision
1615,150,214.11,9.22,274.51,0.0167,0.0000,0,collision
1111,141,64.59,7.68,207.72,0.0101,0.0657,0,collision
1112,224,1140.83,9.96,207.27,0.0000,0.0000,1,goal
1113,235,957.28,9.53,117.28,0.0000,0.0515,1,goal
1114,127,141.10,9.35,360.51,0.0262,0.0000,0,collision
1115,268,103.23,5.06,361.29,0.0057,0.1068,0,collision
1116,169,93.71,6.76,286.89,0.0136,0.0272,0,collision
1117,254,1123.34,8.67,469.11,0.0000,0.0275,1,goal
1118,158,71.08,7.99,187.48,0.0121,0.0818,0,collision
1119,196,1025.89,11.19,334.74,0.0000,0.0083,1,goal
1120,206,145.47,6.26,365.85,0.0051,0.0865,0,collision
1616,331,542.30,8.62,670.88,0.0082,0.0047,0,collision
1617,241,174.79,6.30,375.93,0.0049,0.0787,0,collision
1618,135,142.17,8.81,287.84,0.0086,0.0212,0,collision
1619,148,133.74,7.41,543.66,0.0110,0.0133,0,collision
1620,143,0.65,6.77,229.96,0.0063,0.0000,0,collision
1621,242,-83.41,4.98,120.47,0.0155,0.0832,0,collision
1622,160,105.23,7.65,159.26,0.0084,0.0210,0,collision
1623,235,1113.17,9.33,462.87,0.0000,0.0002,1,goal
1624,282,165.69,5.37,156.95,0.0036,0.0905,0,collision
1625,136,192.47,10.38,304.82,0.0120,0.0000,0,collision
1626,179,41.31,6.37,147.90,0.0175,0.0658,0,collision
1121,143,130.77,8.73,234.79,0.0079,0.0371,0,collision
1122,145,95.06,8.30,188.48,0.0081,0.0183,0,collision
1123,237,236.35,6.28,491.98,0.0056,0.0187,0,collision
1124,145,12.96,6.85,285.93,0.0114,0.0000,0,collision
1125,144,56.47,7.66,320.15,0.0138,0.0370,0,collision
1126,201,1064.03,11.03,355.63,0.0000,0.0000,1,goal
1127,135,182.91,10.37,383.41,0.0105,0.0000,0,collision
1128,165,191.19,8.72,377.20,0.0109,0.0000,0,collision
1129,76,47.90,13.50,169.71,0.0242,0.0075,0,collision
1130,152,243.24,9.65,294.80,0.0039,0.0029,0,collision
1627,146,68.10,7.59,270.48,0.0079,0.0343,0,collision
1628,74,-37.27,8.22,80.48,0.0291,0.0000,0,collision
1629,129,72.43,7.08,391.65,0.0098,0.0000,0,collision
1630,145,175.61,10.20,303.40,0.0138,0.0012,0,collision
1631,134,199.13,10.45,244.15,0.0045,0.0000,0,collision
1632,143,200.89,10.58,386.67,0.0124,0.0078,0,collision
1633,130,229.01,11.77,245.54,0.0101,0.0141,0,collision
1634,123,178.69,10.42,487.39,0.0100,0.0080,0,collision
1635,124,138.52,8.63,150.22,0.0162,0.0238,0,collision
1636,129,79.37,8.95,287.75,0.0047,0.0509,0,collision
1637,130,72.72,8.82,162.80,0.0119,0.0271,0,collision
1638,216,238.61,6.43,403.36,0.0067,0.0759,0,collision
1639,149,101.55,7.42,349.38,0.0104,0.0359,0,collision
1640,128,56.24,8.71,273.99,0.0107,0.0357,0,collision
1131,169,193.37,8.79,369.09,0.0045,0.0048,0,collision
1132,174,214.91,8.84,467.10,0.0070,0.0000,0,collision
1133,248,1113.14,8.90,701.76,0.0000,0.0011,1,goal
1134,220,1100.69,9.92,327.90,0.0000,0.0000,1,goal
1135,225,1101.14,9.89,309.81,0.0000,0.0000,1,goal
1136,75,65.77,13.53,144.69,0.0306,0.0398,0,collision
1137,191,210.10,7.71,406.67,0.0132,0.0094,0,collision
1138,116,132.46,12.98,317.39,0.0029,0.0041,0,collision
1139,57,18.56,16.37,125.93,0.0411,0.0000,0,collision
1140,284,156.71,5.44,197.70,0.0057,0.0997,0,collision
1641,402,1429.66,8.34,854.08,0.0000,0.0341,1,goal
1642,120,143.33,10.58,206.60,0.0155,0.0000,0,collision
1643,164,182.99,9.02,110.23,0.0048,0.0091,0,collision
1644,125,160.28,10.38,396.82,0.0133,0.0000,0,collision
1645,125,129.25,8.90,278.21,0.0080,0.0299,0,collision
1646,220,395.45,9.68,198.16,0.0091,0.0001,0,collision
1647,235,1022.76,9.29,288.71,0.0000,0.0000,1,goal
1648,222,198.19,6.69,216.69,0.0068,0.0167,0,collision
1649,265,1169.11,8.25,391.38,0.0000,0.0000,1,goal
1650,134,103.17,8.46,274.96,0.0082,0.0218,0,collision
1141,188,41.15,4.73,293.99,0.0122,0.0081,0,collision
1142,143,109.02,7.05,237.83,0.0100,0.0000,0,collision
1143,161,53.12,6.94,209.03,0.0029,0.0524,0,collision
1144,100,-30.80,6.58,180.59,0.0145,0.0000,0,collision
1145,121,45.60,7.12,182.70,0.0136,0.0000,0,collision
1146,147,80.88,6.13,388.24,0.0138,0.0000,0,collision
1147,143,106.46,7.72,258.18,0.0055,0.0234,0,collision
1148,63,-14.65,9.17,135.94,0.0281,0.0000,0,collision
1149,303,60.35,4.75,218.10,0.0014,0.1756,0,collision
1150,213,44.72,5.63,330.28,0.0086,0.1261,0,collision
1651,304,483.71,7.31,354.43,0.0065,0.0000,0,collision
1652,135,72.19,6.61,288.62,0.0171,0.0000,0,collision
1653,292,59.61,4.37,232.37,0.0047,0.1494,0,collision
1654,133,86.33,6.89,184.95,0.0159,0.0054,0,collision
1655,147,123.93,7.63,260.36,0.0049,0.0857,0,collision
1656,248,153.27,5.11,213.22,0.0082,0.1122,0,collision
1657,280,60.99,4.64,280.31,0.0020,0.1306,0,collision
1658,178,21.49,6.73,271.95,0.0116,0.0530,0,collision
1659,179,121.44,6.57,102.03,0.0024,0.0748,0,collision
1660,125,57.54,7.09,163.32,0.0156,0.0000,0,collision
1661,134,91.65,6.17,201.78,0.0086,0.0000,0,collision
1151,147,112.78,6.33,201.98,0.0113,0.0068,0,collision
1152,151,7.87,4.42,235.41,0.0100,0.0000,0,collision
1153,192,33.86,4.21,117.03,0.0051,0.0000,0,collision
1154,117,78.03,7.07,233.74,0.0071,0.0000,0,collision
1155,236,95.85,5.04,317.19,0.0053,0.0805,0,collision
1156,127,-23.73,5.06,177.12,0.0252,0.0124,0,collision
1157,121,102.52,6.72,172.89,0.0295,0.0000,0,collision
1158,164,66.46,6.09,237.23,0.0060,0.0000,0,collision
1159,124,58.01,6.81,60.42,0.0179,0.0000,0,collision
1160,112,-5.45,5.37,213.25,0.0048,0.0092,0,collision
1662,225,294.39,7.75,321.76,0.0033,0.0044,0,collision
1663,197,131.93,5.14,370.92,0.0153,0.0000,0,collision
1664,211,32.50,5.04,259.69,0.0093,0.0159,0,collision
1665,157,19.34,6.29,123.18,0.0084,0.0220,0,collision
1666,123,98.11,6.88,87.58,0.0167,0.0000,0,collision
1667,148,77.64,5.49,321.46,0.0065,0.0076,0,collision
1668,130,119.66,8.96,239.97,0.0141,0.0284,0,collision
1669,169,120.22,6.50,245.87,0.0054,0.0172,0,collision
1670,129,96.27,7.22,312.17,0.0111,0.0000,0,collision
1671,177,98.96,5.83,228.32,0.0053,0.0000,0,collision
1672,167,40.00,6.45,240.94,0.0184,0.0013,0,collision
1161,191,79.54,4.70,111.93,0.0165,0.0131,0,collision
1162,203,187.69,5.85,289.77,0.0122,0.0429,0,collision
1163,138,122.22,8.01,220.71,0.0147,0.0212,0,collision
1164,132,-13.42,7.13,42.36,0.0046,0.0086,0,collision
1165,158,105.10,5.82,296.21,0.0028,0.0056,0,collision
1166,178,139.55,6.26,285.13,0.0051,0.0505,0,collision
1167,113,-1.72,5.46,236.75,0.0046,0.0138,0,collision
1168,245,71.74,3.87,224.67,0.0026,0.0048,0,collision
1169,239,100.87,5.16,331.93,0.0049,0.1115,0,collision
1170,175,17.54,6.29,179.70,0.0025,0.0441,0,collision
1673,741,302.78,3.94,556.75,0.0003,0.1098,0,collision
1674,188,77.12,6.64,387.75,0.0163,0.0587,0,collision
1675,132,70.56,6.92,94.59,0.0065,0.0076,0,collision
1676,167,42.33,5.47,170.95,0.0125,0.0060,0,collision
1677,139,114.48,7.14,235.30,0.0094,0.0000,0,collision
1678,146,48.57,6.75,95.48,0.0067,0.0065,0,collision
1679,126,-30.11,5.20,216.72,0.0148,0.0146,0,collision
1680,96,-66.09,6.60,220.06,0.0111,0.0135,0,collision
1681,132,59.89,6.39,210.38,0.0134,0.0000,0,collision
1682,142,95.28,7.11,325.69,0.0181,0.0000,0,collision
1683,101,7.59,6.03,136.47,0.0255,0.0000,0,collision
1684,132,65.23,5.80,344.98,0.0088,0.0000,0,collision
1171,145,47.18,6.85,191.31,0.0108,0.0000,0,collision
1172,165,37.60,6.15,84.35,0.0124,0.0000,0,collision
1173,121,44.97,6.82,290.41,0.0129,0.0000,0,collision
1174,109,22.82,7.06,173.11,0.0206,0.0000,0,collision
1175,147,213.15,10.31,126.02,0.0071,0.0249,0,collision
1176,133,162.00,8.80,218.84,0.0155,0.0101,0,collision
1177,148,188.28,7.84,194.74,0.0015,0.0426,0,collision
1178,140,14.51,7.22,160.16,0.0082,0.0000,0,collision
1179,309,1166.67,7.01,513.54,0.0000,0.0000,1,goal
1180,64,-17.91,9.21,251.39,0.0206,0.0000,0,collision
1685,241,247.55,7.33,384.75,0.0096,0.0078,0,collision
1686,204,181.85,6.71,226.47,0.0067,0.0531,0,collision
1687,144,28.90,7.68,187.36,0.0042,0.0467,0,collision
1688,129,-1.71,6.64,162.63,0.0114,0.0000,0,collision
1689,175,67.89,6.34,388.83,0.0021,0.0535,0,collision
1690,145,138.97,7.83,215.85,0.0062,0.0278,0,collision
1691,150,110.69,7.00,271.51,0.0110,0.0000,0,collision
1692,149,65.47,6.89,282.81,0.0093,0.0000,0,collision
1693,251,223.34,6.11,179.11,0.0061,0.0665,0,collision
1694,129,37.52,7.15,187.01,0.0170,0.0000,0,collision
1695,129,102.01,7.08,251.82,0.0117,0.0000,0,collision
1696,289,73.31,4.60,230.73,0.0064,0.0608,0,collision
1181,210,1117.94,10.45,389.62,0.0000,0.0041,1,goal
1182,182,151.30,5.79,276.86,0.0059,0.0003,0,collision
1183,145,217.56,10.44,238.01,0.0045,0.0125,0,collision
1184,98,-8.54,6.71,124.97,0.0060,0.0146,0,collision
1185,131,169.30,11.50,246.32,0.0054,0.0174,0,collision
1186,146,258.73,10.45,258.45,0.0069,0.0050,0,collision
1187,132,231.69,11.43,266.91,0.0136,0.0064,0,collision
1188,222,148.90,5.91,556.98,0.0048,0.0396,0,collision
1189,99,-6.96,6.05,236.49,0.0076,0.0151,0,collision
1190,146,250.10,10.23,337.17,0.0115,0.0139,0,collision
1697,236,1151.28,9.97,603.61,0.0000,0.0316,1,goal
1698,135,80.92,8.28,268.61,0.0066,0.0291,0,collision
1699,151,247.14,9.98,239.84,0.0075,0.0118,0,collision
1700,143,256.15,10.53,366.15,0.0070,0.0099,0,collision
1701,152,238.98,9.81,285.58,0.0110,0.0116,0,collision
1702,98,-14.96,6.14,171.59,0.0094,0.0121,0,collision
1703,145,116.99,7.11,362.60,0.0123,0.0000,0,collision
1704,141,228.13,10.66,336.28,0.0027,0.0052,0,collision
1705,144,134.24,8.08,244.38,0.0027,0.0144,0,collision
1706,183,134.24,6.09,273.80,0.0081,0.0181,0,collision
1707,138,46.12,8.32,48.71,0.0200,0.0301,0,collision
1708,125,216.84,12.13,347.62,0.0016,0.0108,0,collision
1709,140,60.44,6.58,159.38,0.0099,0.0000,0,collision
1191,146,223.38,10.23,306.91,0.0166,0.0115,0,collision
1192,165,129.62,7.55,461.70,0.0052,0.0275,0,collision
1193,43,-50.84,18.81,115.57,0.0170,0.0174,0,collision
1194,201,191.82,7.18,401.36,0.0054,0.1213,0,collision
1195,163,282.16,9.03,174.86,0.0071,0.0000,0,collision
1196,156,207.21,9.14,256.78,0.0128,0.0045,0,collision
1197,147,118.06,7.51,256.28,0.0156,0.0289,0,collision
1198,276,192.18,5.31,299.08,0.0056,0.0619,0,collision
1199,133,4.10,5.85,332.94,0.0102,0.0011,0,collision
1200,172,130.57,6.48,371.65,0.0079,0.0547,0,collision
1710,239,271.04,6.99,414.09,0.0056,0.0065,0,collision
1711,216,1186.89,10.20,308.78,0.0000,0.0171,1,goal
1712,237,203.43,5.94,456.04,0.0112,0.0508,0,collision
1713,130,74.99,6.79,332.90,0.0106,0.0022,0,collision
1714,168,125.19,6.88,197.15,0.0083,0.0241,0,collision
1715,135,53.26,8.01,306.17,0.0197,0.0107,0,collision
1716,133,-58.52,4.87,203.42,0.0104,0.0069,0,collision
1717,130,57.86,7.06,276.98,0.0028,0.0000,0,collision
1718,135,141.28,8.16,324.42,0.0114,0.0263,0,collision
1719,209,171.35,6.29,292.05,0.0105,0.0908,0,collision
1720,192,12.64,4.75,240.89,0.0060,0.0153,0,collision
1721,146,240.72,10.19,353.86,0.0073,0.0207,0,collision
1201,141,156.04,8.61,454.29,0.0162,0.0382,0,collision
1202,111,29.46,6.15,316.41,0.0049,0.0189,0,collision
1203,134,257.25,11.32,457.44,0.0107,0.0071,0,collision
1204,169,148.09,6.64,346.99,0.0021,0.0538,0,collision
1205,156,289.99,9.59,427.03,0.0026,0.0075,0,collision
1206,193,1048.51,11.47,386.30,0.0000,0.0000,1,goal
1207,140,146.23,7.78,272.64,0.0096,0.0208,0,collision
1208,211,1136.23,10.45,336.44,0.0000,0.0127,1,goal
1209,145,145.00,8.08,299.84,0.0047,0.0209,0,collision
1210,156,202.93,9.66,234.74,0.0068,0.0091,0,collision
1722,293,223.48,5.95,540.10,0.0070,0.0322,0,collision
1723,126,141.57,8.96,224.81,0.0099,0.0270,0,collision
1724,141,121.61,7.91,200.47,0.0063,0.0178,0,collision
1725,150,128.72,7.59,90.77,0.0132,0.0505,0,collision
1726,127,113.00,8.82,339.44,0.0047,0.0167,0,collision
1727,220,1118.28,10.03,600.87,0.0000,0.0021,1,goal
1728,159,283.44,9.49,365.14,0.0050,0.0053,0,collision
1729,160,118.17,7.41,301.89,0.0113,0.0069,0,collision
1730,313,1158.39,6.98,530.95,0.0000,0.0279,1,goal
1731,214,437.96,10.13,513.87,0.0123,0.0137,0,collision
1732,78,88.93,17.49,206.67,0.0137,0.0032,0,collision
1211,182,147.96,6.12,308.18,0.0045,0.0691,0,collision
1212,99,-29.52,6.00,184.34,0.0243,0.0000,0,collision
1213,141,-5.05,6.17,324.22,0.0150,0.0205,0,collision
1214,273,239.31,5.47,465.78,0.0030,0.0147,0,collision
1215,344,125.47,4.16,382.23,0.0022,0.1015,0,collision
1216,121,37.67,6.63,224.30,0.0240,0.0000,0,collision
1217,153,89.58,5.91,361.93,0.0102,0.0172,0,collision
1218,130,88.43,7.00,243.90,0.0166,0.0000,0,collision
1219,276,78.03,4.33,413.28,0.0073,0.1227,0,collision
1220,301,209.36,5.03,384.45,0.0123,0.0306,0,collision
1733,335,596.28,8.39,797.69,0.0013,0.0160,0,collision
1734,118,-18.50,5.84,169.71,0.0106,0.0025,0,collision
1735,184,137.75,6.55,171.62,0.0162,0.0573,0,collision
1736,165,128.59,6.42,345.13,0.0070,0.0396,0,collision
1737,245,261.03,6.12,504.22,0.0038,0.0621,0,collision
1738,142,85.73,7.02,267.44,0.0168,0.0000,0,collision
1739,213,1148.33,10.41,427.06,0.0000,0.0000,1,goal
1740,164,137.41,6.97,303.25,0.0047,0.0359,0,collision
1741,138,114.97,6.58,327.05,0.0038,0.0000,0,collision
1742,190,44.27,5.31,556.97,0.0146,0.0344,0,collision
1743,167,188.85,6.75,261.91,0.0065,0.0485,0,collision
1221,135,4.92,5.91,215.88,0.0123,0.0022,0,collision
1222,139,108.82,5.74,224.28,0.0100,0.0083,0,collision
1223,142,99.64,6.49,209.84,0.0094,0.0000,0,collision
1224,140,26.43,5.50,170.85,0.0093,0.0118,0,collision
1225,148,8.24,4.42,152.59,0.0076,0.0000,0,collision
1226,129,51.13,6.22,180.46,0.0086,0.0077,0,collision
1227,154,61.97,5.82,184.00,0.0156,0.0000,0,collision
1228,120,74.12,6.84,300.38,0.0200,0.0000,0,collision
1229,126,48.33,6.29,167.59,0.0150,0.0000,0,collision
1230,104,-12.24,5.86,193.45,0.0110,0.0074,0,collision
1744,278,367.21,6.35,512.88,0.0046,0.0076,0,collision
1745,169,114.39,6.59,136.55,0.0054,0.0453,0,collision
1746,165,150.93,6.68,287.81,0.0083,0.0210,0,collision
1747,120,86.79,6.63,219.51,0.0055,0.0138,0,collision
1748,149,12.23,4.39,265.73,0.0157,0.0000,0,collision
1749,124,13.86,5.37,282.40,0.0046,0.0193,0,collision
1750,148,62.42,5.45,251.98,0.0074,0.0084,0,collision
1751,116,29.62,6.18,241.78,0.0106,0.0076,0,collision
1752,149,43.93,5.05,253.32,0.0173,0.0000,0,collision
1753,136,122.67,6.76,190.15,0.0082,0.0000,0,collision
1754,211,173.60,5.72,515.86,0.0149,0.0871,0,collision
1755,224,28.98,3.71,232.88,0.0020,0.0015,0,collision
1231,231,185.51,4.82,289.74,0.0027,0.0119,0,collision
1232,148,-12.84,4.60,129.28,0.0029,0.0005,0,collision
1233,166,149.87,6.87,317.49,0.0045,0.0518,0,collision
1234,186,-57.67,3.25,260.29,0.0154,0.0000,0,collision
1235,232,30.89,4.07,191.42,0.0082,0.0000,0,collision
1236,132,32.72,6.12,272.27,0.0055,0.0097,0,collision
1237,439,351.78,4.65,588.15,0.0024,0.0029,0,collision
1238,180,10.31,4.31,221.75,0.0052,0.0015,0,collision
1239,231,-21.20,3.48,143.06,0.0127,0.0158,0,collision
1240,119,58.85,6.18,190.23,0.0132,0.0000,0,collision
1756,445,180.83,3.89,547.34,0.0009,0.0241,0,collision
1757,146,2.03,4.47,212.19,0.0123,0.0000,0,collision
1758,170,55.19,4.78,226.26,0.0084,0.0000,0,collision
1759,165,24.48,5.51,293.01,0.0125,0.0000,0,collision
1760,230,55.54,3.74,252.12,0.0093,0.0050,0,collision
1761,261,69.86,3.85,295.73,0.0092,0.0118,0,collision
1762,138,117.94,6.71,176.44,0.0106,0.0000,0,collision
1763,144,30.26,5.76,132.17,0.0163,0.0000,0,collision
1764,114,0.41,4.99,136.34,0.0033,0.0546,0,collision
1765,157,54.77,5.21,122.18,0.0156,0.0000,0,collision
1766,155,8.34,4.26,268.58,0.0015,0.0000,0,collision
1241,203,-87.79,3.28,207.96,0.0105,0.0388,0,collision
1242,232,-34.95,3.05,185.40,0.0088,0.0355,0,collision
1243,120,-25.22,4.69,180.91,0.0045,0.0024,0,collision
1244,149,6.29,4.41,322.61,0.0048,0.0000,0,collision
1245,125,42.78,5.50,158.88,0.0052,0.0000,0,collision
1246,146,-69.59,4.36,162.31,0.0061,0.0143,0,collision
1247,223,55.13,3.81,351.15,0.0084,0.0329,0,collision
1248,237,90.25,3.97,254.33,0.0060,0.0120,0,collision
1249,241,67.05,3.69,248.26,0.0074,0.0000,0,collision
1250,143,145.22,6.50,300.17,0.0104,0.0128,0,collision
1767,353,226.73,4.50,311.20,0.0013,0.0147,0,collision
1768,237,30.84,3.88,251.37,0.0057,0.0000,0,collision
1769,123,-15.20,4.43,51.50,0.0075,0.0470,0,collision
1770,130,81.03,5.75,218.04,0.0114,0.0000,0,collision
1771,220,28.95,3.70,76.83,0.0122,0.0000,0,collision
1772,116,17.41,6.13,182.10,0.0168,0.0084,0,collision
1773,217,-40.68,3.69,206.82,0.0112,0.0000,0,collision
1774,190,-48.01,3.20,185.36,0.0050,0.0478,0,collision
1775,151,66.07,5.43,228.89,0.0080,0.0000,0,collision
1776,261,93.21,3.82,364.97,0.0103,0.0000,0,collision
1777,157,-13.06,3.83,152.79,0.0068,0.0000,0,collision
1251,303,252.34,4.80,435.96,0.0053,0.0652,0,collision
1252,121,93.50,6.62,222.98,0.0177,0.0000,0,collision
1253,177,153.06,6.06,316.66,0.0109,0.0229,0,collision
1254,139,74.01,5.99,236.22,0.0117,0.0098,0,collision
1255,128,23.11,5.31,212.29,0.0063,0.0650,0,collision
1256,129,137.38,6.51,311.35,0.0153,0.0000,0,collision
1257,100,31.39,5.86,193.78,0.0171,0.0000,0,collision
1258,114,114.61,7.18,141.85,0.0041,0.0000,0,collision
1259,133,42.91,7.03,143.00,0.0151,0.0000,0,collision
1260,165,136.01,6.84,301.71,0.0099,0.0356,0,collision
1778,181,115.66,6.03,276.25,0.0129,0.0000,0,collision
1779,124,82.36,6.79,157.15,0.0184,0.0000,0,collision
1780,127,75.15,6.60,406.32,0.0117,0.0075,0,collision
1781,118,-4.25,7.19,112.19,0.0128,0.0000,0,collision
1782,111,97.42,6.57,181.28,0.0144,0.0000,0,collision
1783,267,129.90,5.48,333.60,0.0052,0.0656,0,collision
1784,144,65.22,6.96,138.26,0.0083,0.0000,0,collision
1785,110,-1.55,6.07,134.27,0.0089,0.0037,0,collision
1786,149,160.16,6.97,226.07,0.0144,0.0000,0,collision
1787,182,155.18,5.77,170.47,0.0125,0.0223,0,collision
1788,124,69.25,6.79,236.72,0.0088,0.0000,0,collision
1789,125,108.15,6.53,137.26,0.0128,0.0000,0,collision
1790,115,-5.52,6.10,175.73,0.0113,0.0243,0,collision
1791,128,59.49,5.93,53.95,0.0101,0.0000,0,collision
1261,116,24.94,6.62,223.89,0.0128,0.0000,0,collision
1262,128,109.16,6.40,185.60,0.0023,0.0000,0,collision
1263,190,36.08,6.13,314.49,0.0118,0.1124,0,collision
1264,186,174.25,5.95,345.41,0.0073,0.0228,0,collision
1265,266,279.97,5.29,355.74,0.0047,0.0181,0,collision
1266,225,47.02,3.55,310.27,0.0078,0.0257,0,collision
1267,127,126.18,6.76,159.40,0.0173,0.0000,0,collision
1268,161,12.41,4.04,206.10,0.0062,0.0504,0,collision
1269,138,25.00,7.21,177.98,0.0127,0.0000,0,collision
1270,64,27.76,9.38,185.88,0.0081,0.0000,0,collision
1792,265,301.32,5.93,408.83,0.0030,0.0493,0,collision
1793,103,-2.69,6.55,89.26,0.0304,0.0000,0,collision
1794,255,277.76,6.32,481.34,0.0045,0.0616,0,collision
1795,93,12.37,6.30,166.51,0.0092,0.0000,0,collision
1796,133,164.43,6.98,223.13,0.0062,0.0000,0,collision
1797,164,144.60,5.67,282.32,0.0199,0.0000,0,collision
1798,156,18.41,4.66,174.17,0.0131,0.0000,0,collision
1799,129,40.26,6.27,305.26,0.0185,0.0000,0,collision
1800,106,68.06,7.02,284.12,0.0182,0.0000,0,collision
1801,68,82.54,14.64,214.76,0.0207,0.0161,0,collision
1802,171,39.30,4.21,202.25,0.0121,0.0860,0,collision
1803,98,0.40,6.63,69.95,0.0116,0.0000,0,collision
1804,116,62.11,6.88,321.03,0.0271,0.0000,0,collision
1805,147,102.13,6.45,267.77,0.0019,0.0254,0,collision
1271,172,238.14,7.86,563.53,0.0023,0.0431,0,collision
1272,141,108.99,6.69,298.19,0.0161,0.0000,0,collision
1273,125,-20.03,4.56,100.95,0.0058,0.0000,0,collision
1274,100,20.77,6.00,108.50,0.0131,0.0000,0,collision
1275,159,110.56,6.97,352.27,0.0046,0.0200,0,collision
1276,133,69.78,7.12,298.77,0.0081,0.0000,0,collision
1277,152,95.68,7.60,378.01,0.0035,0.0161,0,collision
1278,115,13.56,5.05,213.43,0.0181,0.0000,0,collision
1279,165,194.52,6.66,249.81,0.0039,0.0468,0,collision
1280,179,50.03,4.68,259.76,0.0164,0.0092,0,collision
1806,258,224.45,5.51,382.42,0.0079,0.0119,0,collision
1807,142,180.75,10.78,272.08,0.0124,0.0340,0,collision
1808,72,4.58,8.55,142.48,0.0137,0.0000,0,collision
1809,125,945.25,17.96,282.44,0.0000,0.0149,1,goal
1810,158,119.09,6.68,334.42,0.0179,0.0000,0,collision
1811,140,87.48,7.98,242.80,0.0136,0.0202,0,collision
1812,131,92.28,6.97,243.47,0.0075,0.0050,0,collision
1813,214,264.73,6.81,614.95,0.0127,0.0937,0,collision
1814,177,99.99,4.94,357.26,0.0081,0.0000,0,collision
1815,127,18.49,5.39,146.65,0.0201,0.0376,0,collision
1816,154,1048.74,14.52,261.07,0.0000,0.0009,1,goal
1817,177,174.82,6.27,324.23,0.0021,0.0331,0,collision
1818,127,86.28,6.35,264.58,0.0037,0.0100,0,collision
1819,147,68.41,5.28,255.86,0.0067,0.0000,0,collision
1281,130,177.05,8.72,511.35,0.0044,0.0107,0,collision
1282,135,149.16,8.32,344.03,0.0014,0.0205,0,collision
1283,161,133.98,6.80,321.80,0.0069,0.0077,0,collision
1284,133,202.05,11.30,250.18,0.0113,0.0049,0,collision
1285,123,-1.15,5.42,206.65,0.0134,0.0000,0,collision
1286,121,176.89,12.29,330.96,0.0168,0.0050,0,collision
1287,137,108.01,8.08,253.11,0.0197,0.0201,0,collision
1288,148,168.16,8.20,552.80,0.0146,0.0521,0,collision
1289,170,182.69,6.60,360.50,0.0023,0.0248,0,collision
1290,169,174.42,6.57,459.47,0.0046,0.0225,0,collision
1820,210,261.63,7.14,365.87,0.0070,0.0385,0,collision
1821,157,183.61,7.67,221.37,0.0107,0.0058,0,collision
1822,130,153.46,8.94,300.61,0.0060,0.0090,0,collision
1823,144,190.00,7.74,299.35,0.0060,0.0179,0,collision
1824,109,27.77,6.86,91.35,0.0056,0.0048,0,collision
1825,163,162.24,6.86,347.46,0.0059,0.0471,0,collision
1826,127,237.85,11.83,454.94,0.0065,0.0028,0,collision
1827,130,97.60,7.04,443.96,0.0117,0.0000,0,collision
1828,165,159.65,6.74,453.15,0.0081,0.0259,0,collision
1829,111,3.14,6.96,219.48,0.0308,0.0047,0,collision
1830,176,231.92,6.95,371.46,0.0086,0.0080,0,collision
1831,135,146.13,8.28,374.07,0.0079,0.0142,0,collision
1832,145,153.59,7.90,320.44,0.0037,0.0178,0,collision
1833,144,156.69,8.17,360.49,0.0077,0.0284,0,collision
1291,112,148.45,13.37,146.64,0.0191,0.0082,0,collision
1292,118,175.65,12.80,163.44,0.0143,0.0062,0,collision
1293,166,163.14,7.59,303.18,0.0069,0.0111,0,collision
1294,130,233.94,11.68,408.92,0.0171,0.0003,0,collision
1295,136,171.91,10.31,408.52,0.0172,0.0165,0,collision
1296,133,190.49,11.16,405.28,0.0158,0.0000,0,collision
1297,130,99.08,7.04,200.72,0.0071,0.0000,0,collision
1298,131,31.19,7.06,205.92,0.0130,0.0000,0,collision
1299,114,183.05,10.62,335.91,0.0176,0.0064,0,collision
1300,136,167.64,10.97,516.27,0.0066,0.0174,0,collision
1834,143,216.82,12.14,532.80,0.0125,0.0000,0,collision
1835,136,186.75,11.04,423.59,0.0023,0.0055,0,collision
1836,109,198.22,13.75,456.01,0.0126,0.0022,0,collision
1837,131,128.28,8.77,297.97,0.0054,0.0051,0,collision
1838,139,123.33,8.01,373.58,0.0111,0.0139,0,collision
1839,58,31.45,15.49,311.72,0.0142,0.0000,0,collision
1840,132,146.96,11.19,164.16,0.0167,0.0018,0,collision
1841,117,155.35,12.96,202.24,0.0100,0.0079,0,collision
1842,153,123.37,6.85,341.57,0.0036,0.0000,0,collision
1843,63,-27.70,9.81,153.11,0.0249,0.0000,0,collision
1844,39,-52.36,20.66,120.75,0.0524,0.0035,0,collision
1845,118,183.32,12.63,282.99,0.0072,0.0011,0,collision
1846,129,60.22,11.61,287.24,0.0066,0.0026,0,collision
1847,129,1.41,7.04,170.91,0.0054,0.0000,0,collision
1848,128,163.48,11.90,282.77,0.0060,0.0065,0,collision
1849,134,132.90,11.01,353.66,0.0035,0.0049,0,collision
1850,135,51.14,8.22,368.29,0.0038,0.0153,0,collision
1301,138,44.01,8.58,190.78,0.0062,0.0092,0,collision
1302,116,38.31,6.77,127.00,0.0139,0.0000,0,collision
1303,125,129.32,8.90,270.59,0.0052,0.0228,0,collision
1304,99,-36.41,6.53,148.46,0.0059,0.0168,0,collision
1305,144,182.48,8.73,253.70,0.0070,0.0321,0,collision
1306,129,61.02,7.12,158.19,0.0031,0.0000,0,collision
1307,165,165.90,7.55,440.99,0.0033,0.0096,0,collision
1308,118,12.14,6.82,329.54,0.0182,0.0000,0,collision
1309,122,165.26,12.15,331.44,0.0156,0.0015,0,collision
1310,141,232.07,10.86,319.63,0.0162,0.0289,0,collision
1851,221,369.27,9.01,493.99,0.0062,0.0082,0,collision
1852,137,244.39,10.79,433.47,0.0159,0.0026,0,collision
1853,141,114.77,8.81,242.89,0.0133,0.0196,0,collision
1854,134,144.92,8.87,275.64,0.0033,0.0390,0,collision
1855,170,155.41,7.46,380.76,0.0101,0.0054,0,collision
1856,135,41.44,5.60,313.09,0.0143,0.0195,0,collision
1857,157,125.39,6.65,444.12,0.0083,0.0000,0,collision
1858,150,79.79,7.62,181.40,0.0121,0.0474,0,collision
1859,124,53.89,6.04,138.03,0.0032,0.0079,0,collision
1860,142,56.31,8.01,50.70,0.0022,0.0191,0,collision
1861,167,180.09,7.46,459.65,0.0041,0.0264,0,collision
1862,135,104.66,8.62,373.48,0.0031,0.0162,0,collision
1863,129,67.36,7.27,178.71,0.0213,0.0000,0,collision
1864,143,209.11,7.88,330.16,0.0090,0.0296,0,collision
1311,143,54.48,8.33,231.76,0.0150,0.0186,0,collision
1312,125,122.87,11.83,185.06,0.0120,0.0021,0,collision
1313,139,99.30,8.02,406.67,0.0114,0.0157,0,collision
1314,122,158.68,12.11,374.78,0.0131,0.0009,0,collision
1315,43,-24.67,18.54,60.78,0.0333,0.0108,0,collision
1316,134,137.86,10.97,454.49,0.0069,0.0189,0,collision
1317,113,143.96,13.47,197.39,0.0088,0.0055,0,collision
1318,117,163.75,12.86,271.29,0.0072,0.0037,0,collision
1319,130,82.68,11.46,183.81,0.0005,0.0032,0,collision
1320,132,199.36,11.41,252.93,0.0072,0.0072,0,collision
1865,167,192.75,8.58,456.89,0.0042,0.0135,0,collision
1866,127,153.48,10.06,372.78,0.0128,0.0000,0,collision
1867,132,124.31,11.41,261.05,0.0086,0.0078,0,collision
1868,125,87.00,8.75,158.11,0.0237,0.0182,0,collision
1869,133,105.28,11.31,347.36,0.0110,0.0116,0,collision
1870,126,165.55,11.79,413.73,0.0125,0.0021,0,collision
1871,142,155.62,8.16,520.79,0.0112,0.0099,0,collision
1872,118,122.83,12.73,251.72,0.0015,0.0078,0,collision
1873,140,194.45,10.36,427.79,0.0120,0.0034,0,collision
1874,101,89.60,14.59,130.65,0.0188,0.0058,0,collision
1875,118,118.05,12.56,292.26,0.0085,0.0034,0,collision
1876,94,111.96,15.59,357.53,0.0150,0.0042,0,collision
1877,112,110.09,12.91,313.25,0.0057,0.0021,0,collision
1878,136,205.64,10.94,451.84,0.0185,0.0031,0,collision
1879,37,-46.54,21.91,53.18,0.0460,0.0366,0,collision
1880,107,151.40,13.80,410.79,0.0102,0.0000,0,collision
1881,126,149.44,11.99,341.05,0.0045,0.0044,0,collision
1321,110,152.49,13.54,308.89,0.0070,0.0024,0,collision
1322,48,-27.77,17.51,67.93,0.0574,0.0111,0,collision
1323,128,146.30,11.51,248.80,0.0075,0.0045,0,collision
1324,138,130.17,8.16,234.65,0.0066,0.0000,0,collision
1325,178,121.99,6.33,437.50,0.0051,0.0079,0,collision
1326,143,138.88,7.81,463.46,0.0093,0.0228,0,collision
1327,132,132.94,11.17,276.92,0.0021,0.0042,0,collision
1328,111,165.33,13.68,253.88,0.0122,0.0047,0,collision
1329,110,153.80,13.55,284.20,0.0115,0.0033,0,collision
1330,128,85.38,11.85,114.42,0.0224,0.0106,0,collision
1882,162,362.41,14.46,308.29,0.0176,0.0063,0,collision
1883,140,228.31,10.79,327.89,0.0130,0.0075,0,collision
1884,132,186.69,11.33,375.08,0.0099,0.0046,0,collision
1885,128,139.77,11.42,212.42,0.0013,0.0014,0,collision
1886,122,161.28,12.46,332.23,0.0093,0.0097,0,collision
1887,129,160.44,11.47,227.03,0.0031,0.0030,0,collision
1888,154,216.03,8.61,436.69,0.0067,0.0792,0,collision
1889,108,147.94,13.85,362.38,0.0058,0.0035,0,collision
1890,126,71.94,6.97,426.27,0.0117,0.0000,0,collision
1891,119,178.19,10.48,388.55,0.0162,0.0000,0,collision
1892,145,17.76,7.67,303.35,0.0067,0.0133,0,collision
1893,125,151.45,11.91,331.51,0.0041,0.0045,0,collision
1894,121,48.37,6.94,360.05,0.0110,0.0000,0,collision
1895,145,193.47,7.71,382.41,0.0136,0.0246,0,collision
1896,144,68.52,7.94,328.98,0.0059,0.0206,0,collision
1331,110,191.70,13.65,307.58,0.0125,0.0110,0,collision
1332,189,319.05,7.70,490.84,0.0017,0.0254,0,collision
1333,163,145.88,6.85,414.55,0.0104,0.0311,0,collision
1334,71,63.11,14.04,183.15,0.0081,0.0193,0,collision
1335,142,94.60,8.06,308.36,0.0054,0.0483,0,collision
1336,109,157.21,13.67,262.81,0.0092,0.0125,0,collision
1337,134,226.26,11.10,336.28,0.0019,0.0067,0,collision
1338,162,185.85,7.48,419.98,0.0094,0.0646,0,collision
1339,130,239.43,11.44,212.22,0.0121,0.0052,0,collision
1340,132,218.70,11.51,321.96,0.0080,0.0070,0,collision
1897,236,540.24,10.37,771.70,0.0090,0.0048,0,collision
1898,110,181.62,13.57,218.89,0.0052,0.0023,0,collision
1899,110,160.06,13.81,278.34,0.0105,0.0119,0,collision
1900,129,227.88,11.76,451.12,0.0089,0.0072,0,collision
1901,58,6.06,15.97,167.00,0.0363,0.0000,0,collision
1902,103,96.04,14.23,274.34,0.0149,0.0025,0,collision
1903,116,179.58,12.90,197.81,0.0058,0.0094,0,collision
1904,136,146.34,8.24,352.43,0.0034,0.0133,0,collision
1905,115,192.90,12.92,299.67,0.0153,0.0079,0,collision
1906,117,163.03,12.93,159.72,0.0118,0.0089,0,collision
1907,171,229.10,7.36,416.10,0.0024,0.0371,0,collision
1908,118,200.69,12.81,361.69,0.0022,0.0076,0,collision
1909,141,108.90,7.89,210.15,0.0013,0.0368,0,collision
1910,66,36.83,14.58,141.37,0.0075,0.0238,0,collision
1911,35,-55.20,23.20,147.01,0.0816,0.0337,0,collision
1912,130,215.45,11.58,315.23,0.0044,0.0057,0,collision
1913,125,201.83,12.19,164.42,0.0136,0.0000,0,collision
1341,113,142.63,13.02,287.69,0.0095,0.0052,0,collision
1342,120,189.47,12.57,206.96,0.0100,0.0099,0,collision
1343,122,156.87,10.24,367.97,0.0055,0.0072,0,collision
1344,149,294.91,10.18,429.11,0.0083,0.0151,0,collision
1345,121,134.07,12.51,343.42,0.0069,0.0049,0,collision
1346,122,202.56,12.29,165.90,0.0192,0.0109,0,collision
1347,110,180.64,13.69,332.86,0.0066,0.0062,0,collision
1348,125,75.78,8.68,254.58,0.0136,0.0219,0,collision
1349,176,73.45,6.87,292.13,0.0021,0.0633,0,collision
1350,36,-47.50,21.28,126.72,0.0326,0.0314,0,collision
1914,185,385.41,12.14,414.48,0.0060,0.0113,0,collision
1915,142,118.41,10.26,279.07,0.0130,0.0000,0,collision
1916,112,171.77,13.23,306.46,0.0046,0.0169,0,collision
1917,131,255.42,11.71,543.60,0.0049,0.0100,0,collision
1918,118,193.94,12.59,555.82,0.0139,0.0000,0,collision
1919,93,145.57,16.03,381.13,0.0072,0.0181,0,collision
1920,155,276.31,8.89,400.89,0.0030,0.0163,0,collision
1921,130,129.07,11.49,219.08,0.0106,0.0181,0,collision
1922,116,153.35,13.10,422.48,0.0056,0.0081,0,collision
1923,167,191.89,7.52,538.95,0.0031,0.0290,0,collision
1924,142,205.41,10.42,441.41,0.0037,0.0042,0,collision
1925,106,103.14,14.40,233.95,0.0192,0.0456,0,collision
1926,109,131.46,10.79,245.99,0.0098,0.0000,0,collision
1927,186,176.53,7.42,532.54,0.0026,0.0127,0,collision
1928,107,180.85,13.59,205.29,0.0044,0.0026,0,collision
1929,165,173.35,7.59,395.84,0.0069,0.0442,0,collision
1351,170,125.48,5.49,310.49,0.0155,0.0072,0,collision
1352,207,100.57,4.44,454.90,0.0079,0.0048,0,collision
1353,111,156.64,10.96,317.63,0.0135,0.0000,0,collision
1354,135,139.30,8.35,415.25,0.0190,0.0259,0,collision
1355,225,-82.29,3.18,94.44,0.0058,0.0035,0,collision
1356,132,3.67,5.34,186.35,0.0043,0.0263,0,collision
1357,107,5.52,6.57,151.82,0.0141,0.0000,0,collision
1358,163,148.44,7.84,452.22,0.0041,0.0887,0,collision
1359,263,144.16,4.77,475.05,0.0021,0.0048,0,collision
1360,177,20.91,4.59,263.32,0.0047,0.0047,0,collision
1930,256,147.85,4.18,410.39,0.0059,0.0000,0,collision
1931,141,163.82,8.85,251.95,0.0011,0.0308,0,collision
1932,136,12.18,5.54,380.20,0.0131,0.0141,0,collision
1933,266,51.20,3.71,293.68,0.0049,0.0131,0,collision
1934,169,21.45,3.99,256.19,0.0105,0.0000,0,collision
1935,160,127.40,6.95,302.89,0.0112,0.0217,0,collision
1936,208,124.28,5.32,392.58,0.0081,0.0158,0,collision
1937,143,195.05,8.03,350.61,0.0027,0.0414,0,collision
1938,123,155.78,9.26,328.15,0.0167,0.0000,0,collision
1939,63,-45.83,9.48,195.58,0.0079,0.0000,0,collision
1940,226,301.95,6.23,294.15,0.0069,0.0578,0,collision
1361,133,227.88,11.40,165.24,0.0048,0.0105,0,collision
1362,223,-43.13,3.04,183.01,0.0044,0.0068,0,collision
1363,131,107.06,7.16,83.70,0.0147,0.0000,0,collision
1364,156,42.84,5.16,176.84,0.0099,0.0049,0,collision
1365,107,75.41,6.93,185.79,0.0074,0.0000,0,collision
1366,148,183.51,7.71,365.48,0.0036,0.0115,0,collision
1367,108,21.60,6.23,270.24,0.0123,0.0000,0,collision
1368,143,264.79,10.66,270.51,0.0125,0.0132,0,collision
1369,174,72.63,4.57,253.75,0.0058,0.0422,0,collision
1370,181,231.14,7.54,477.04,0.0106,0.0454,0,collision
1941,282,263.62,5.15,483.22,0.0058,0.0000,0,collision
1942,130,151.61,9.34,130.72,0.0109,0.0178,0,collision
1943,170,219.59,7.41,357.48,0.0040,0.0772,0,collision
1944,105,42.37,6.38,207.46,0.0226,0.0000,0,collision
1945,122,63.94,5.78,144.72,0.0144,0.0000,0,collision
1946,115,4.44,5.00,129.18,0.0169,0.0000,0,collision
1947,180,68.57,4.34,259.39,0.0173,0.0000,0,collision
1948,119,63.38,7.03,176.18,0.0072,0.0071,0,collision
1949,127,23.57,5.80,90.29,0.0017,0.0060,0,collision
1950,105,161.56,14.32,104.44,0.0073,0.0061,0,collision
1951,134,248.79,11.31,270.72,0.0066,0.0115,0,collision
1952,256,-10.82,3.85,293.63,0.0046,0.0036,0,collision
1953,152,113.95,6.12,217.39,0.0057,0.0000,0,collision
1371,222,68.58,3.79,399.58,0.0083,0.0000,0,collision
1372,118,93.43,7.09,169.44,0.0148,0.0000,0,collision
1373,131,34.76,6.36,264.29,0.0086,0.0000,0,collision
1374,161,10.08,4.30,173.37,0.0080,0.0873,0,collision
1375,223,229.03,6.23,502.82,0.0071,0.1121,0,collision
1376,129,114.87,7.16,241.62,0.0181,0.0000,0,collision
1377,164,-19.25,4.02,231.09,0.0025,0.0490,0,collision
1378,308,183.28,4.21,280.14,0.0022,0.0645,0,collision
1379,141,16.76,4.23,208.15,0.0074,0.0115,0,collision
1380,129,224.80,10.39,261.69,0.0065,0.0000,0,collision
1954,372,401.54,5.75,546.15,0.0034,0.0033,0,collision
1955,196,219.29,6.22,301.55,0.0162,0.1008,0,collision
1956,129,78.58,5.88,323.57,0.0052,0.0000,0,collision
1957,148,132.23,7.56,406.97,0.0028,0.0204,0,collision
1958,180,154.72,6.42,293.37,0.0180,0.1198,0,collision
1959,155,190.84,7.62,415.70,0.0068,0.0063,0,collision
1960,123,-28.71,4.74,147.49,0.0044,0.0000,0,collision
1961,128,134.14,6.91,313.53,0.0243,0.0000,0,collision
1962,125,-36.26,4.80,209.19,0.0145,0.0015,0,collision
1963,99,16.26,5.63,119.61,0.0118,0.0636,0,collision
1964,77,20.29,7.92,193.10,0.0018,0.0000,0,collision
1965,108,-7.02,6.99,218.58,0.0191,0.0000,0,collision
1966,207,-1.96,3.44,280.01,0.0043,0.0000,0,collision
1381,127,287.63,12.24,198.44,0.0180,0.0057,0,collision
1382,101,193.74,15.00,380.30,0.0037,0.0093,0,collision
1383,148,152.99,6.74,377.56,0.0063,0.0000,0,collision
1384,151,276.52,9.91,429.71,0.0094,0.0099,0,collision
1385,109,164.15,10.78,263.93,0.0100,0.0000,0,collision
1386,120,73.59,6.85,287.28,0.0160,0.0000,0,collision
1387,135,67.09,6.79,140.59,0.0066,0.0000,0,collision
1388,133,205.88,11.31,353.81,0.0085,0.0090,0,collision
1389,126,227.85,11.74,340.68,0.0028,0.0050,0,collision
1390,154,69.36,4.80,158.99,0.0060,0.0000,0,collision
1967,368,266.19,4.93,347.64,0.0003,0.0166,0,collision
1968,125,162.53,8.91,170.36,0.0176,0.0298,0,collision
1969,130,116.15,8.84,355.37,0.0037,0.0392,0,collision
1970,148,123.58,7.61,188.54,0.0026,0.0598,0,collision
1971,131,197.91,11.36,397.29,0.0165,0.0056,0,collision
1972,145,183.26,7.62,274.09,0.0087,0.0211,0,collision
1973,145,144.72,7.72,370.47,0.0130,0.0303,0,collision
1974,109,45.59,6.84,151.49,0.0183,0.0305,0,collision
1975,129,28.64,7.13,134.85,0.0070,0.0000,0,collision
1976,103,171.21,14.64,290.13,0.0067,0.0134,0,collision
1977,129,108.07,7.17,310.21,0.0171,0.0000,0,collision
1978,144,161.31,7.86,344.13,0.0036,0.0192,0,collision
1979,101,170.90,15.19,238.41,0.0143,0.0015,0,collision
1980,127,179.32,11.78,363.93,0.0164,0.0129,0,collision
1981,135,213.83,11.06,292.19,0.0013,0.0053,0,collision
1391,135,145.52,8.19,388.09,0.0020,0.0213,0,collision
1392,131,129.44,7.09,161.08,0.0113,0.0000,0,collision
1393,248,412.08,8.78,724.48,0.0034,0.0153,0,collision
1394,177,163.70,6.43,401.39,0.0010,0.0427,0,collision
1395,111,208.96,13.72,68.07,0.0007,0.0128,0,collision
1396,169,247.51,7.43,406.58,0.0073,0.0289,0,collision
1397,200,100.14,6.00,111.82,0.0122,0.0201,0,collision
1398,215,1126.06,10.23,461.46,0.0000,0.0468,1,goal
1399,177,276.01,7.57,357.08,0.0032,0.0236,0,collision
1400,109,32.37,5.47,171.58,0.0169,0.0000,0,collision
1982,254,439.52,7.52,548.10,0.0064,0.0000,0,collision
1983,135,234.82,11.10,296.23,0.0070,0.0036,0,collision
1984,195,297.44,7.29,305.74,0.0111,0.0391,0,collision
1985,128,116.38,8.90,304.37,0.0031,0.0307,0,collision
1986,115,119.12,10.61,183.52,0.0197,0.0000,0,collision
1987,122,-7.25,5.27,103.38,0.0046,0.0000,0,collision
1988,136,97.01,6.93,220.71,0.0036,0.0000,0,collision
1989,141,97.81,8.23,276.92,0.0130,0.0099,0,collision
1990,108,178.13,14.13,211.98,0.0133,0.0051,0,collision
1991,159,251.19,9.24,243.71,0.0048,0.0067,0,collision
1992,194,1117.28,11.43,435.43,0.0000,0.0012,1,goal
1993,170,144.00,6.80,234.24,0.0057,0.0000,0,collision
1994,204,-43.41,3.34,156.44,0.0038,0.0000,0,collision
1401,140,62.77,5.74,265.12,0.0038,0.0000,0,collision
1402,237,174.79,4.91,436.67,0.0090,0.0811,0,collision
1403,217,213.36,5.52,252.83,0.0073,0.0000,0,collision
1404,179,167.63,5.42,385.98,0.0127,0.0000,0,collision
1405,159,195.45,6.45,274.56,0.0210,0.0181,0,collision
1406,141,134.68,8.15,413.65,0.0039,0.0279,0,collision
1407,183,245.74,7.47,581.67,0.0081,0.0206,0,collision
1408,122,63.28,5.65,184.62,0.0191,0.0000,0,collision
1409,150,85.41,5.53,335.68,0.0062,0.0000,0,collision
1410,58,50.54,15.75,140.69,0.0154,0.0188,0,collision
1995,235,419.03,7.92,298.61,0.0080,0.0000,0,collision
1996,171,197.34,6.55,533.55,0.0036,0.0121,0,collision
1997,128,85.52,6.20,290.03,0.0231,0.0043,0,collision
1998,195,139.05,4.84,269.97,0.0041,0.0000,0,collision
1999,147,24.44,4.66,262.74,0.0126,0.0000,0,collision
2000,128,85.72,7.23,97.16,0.0033,0.0000,0,collision
2001,232,91.00,3.88,324.83,0.0041,0.0000,0,collision
2002,181,191.98,5.86,151.65,0.0135,0.0228,0,collision
2003,118,188.74,10.63,280.64,0.0175,0.0000,0,collision
2004,143,151.51,6.52,333.63,0.0063,0.0000,0,collision
2005,130,46.21,5.47,226.11,0.0123,0.0000,0,collision
2006,114,-20.89,5.91,187.97,0.0063,0.0000,0,collision
2007,98,6.32,6.27,95.01,0.0114,0.0000,0,collision
1411,129,172.78,7.37,343.91,0.0141,0.0000,0,collision
1412,150,36.26,5.38,146.12,0.0052,0.0019,0,collision
1413,225,200.63,5.30,332.98,0.0098,0.0081,0,collision
1414,267,3.93,3.02,302.88,0.0092,0.0000,0,collision
1415,126,83.72,5.96,90.67,0.0102,0.0000,0,collision
1416,198,-61.84,3.50,129.04,0.0049,0.0000,0,collision
1417,161,140.53,6.27,322.45,0.0086,0.0148,0,collision
1418,195,-40.49,3.13,223.11,0.0061,0.0000,0,collision
1419,176,17.04,4.62,276.56,0.0052,0.0142,0,collision
1420,169,17.69,4.21,258.19,0.0089,0.0000,0,collision
2008,243,259.01,6.30,380.50,0.0003,0.0000,0,collision
2009,188,159.96,6.25,311.47,0.0093,0.1178,0,collision
2010,149,-2.16,4.00,214.02,0.0093,0.0000,0,collision
2011,128,29.45,5.14,163.70,0.0117,0.0000,0,collision
2012,214,49.32,3.74,124.92,0.0068,0.0000,0,collision
2013,208,47.55,3.68,224.51,0.0094,0.0000,0,collision
2014,104,-6.13,5.72,184.11,0.0073,0.0000,0,collision
2015,111,-24.31,6.47,35.74,0.0160,0.0000,0,collision
2016,118,76.73,6.80,280.72,0.0101,0.0000,0,collision
2017,258,106.60,3.84,348.83,0.0027,0.0000,0,collision
2018,278,96.95,3.85,398.53,0.0075,0.0105,0,collision
2019,131,277.51,11.63,150.89,0.0044,0.0074,0,collision
1421,201,350.35,7.62,442.96,0.0063,0.0035,0,collision
1422,137,198.23,11.12,255.71,0.0084,0.0039,0,collision
1423,104,17.18,7.21,148.30,0.0246,0.0000,0,collision
1424,134,245.29,11.38,150.04,0.0062,0.0049,0,collision
1425,140,179.17,8.15,422.96,0.0042,0.0265,0,collision
1426,130,219.36,11.43,284.16,0.0009,0.0088,0,collision
1427,134,190.99,9.33,271.52,0.0091,0.0000,0,collision
1428,138,232.84,10.75,444.86,0.0145,0.0000,0,collision
1429,121,185.34,10.70,332.36,0.0113,0.0078,0,collision
1430,141,288.32,10.73,333.94,0.0134,0.0030,0,collision
2020,156,178.53,6.62,181.20,0.0099,0.0000,0,collision
2021,138,108.63,7.98,497.31,0.0105,0.0072,0,collision
2022,149,205.28,8.12,253.67,0.0080,0.0036,0,collision
2023,110,-56.50,7.03,172.33,0.0243,0.0000,0,collision
2024,153,218.86,7.61,235.92,0.0112,0.0098,0,collision
2025,139,206.99,10.40,176.92,0.0101,0.0000,0,collision
2026,149,172.76,7.69,367.99,0.0077,0.0189,0,collision
2027,106,169.82,14.26,412.92,0.0037,0.0078,0,collision
2028,171,285.12,7.48,534.52,0.0033,0.0272,0,collision
2029,176,239.70,7.94,389.42,0.0086,0.0322,0,collision
2030,137,1077.02,16.49,364.09,0.0000,0.0043,1,goal
2031,163,250.88,7.46,273.31,0.0094,0.0485,0,collision
2032,138,218.27,11.38,448.75,0.0149,0.0147,0,collision
2033,127,221.46,12.07,331.01,0.0198,0.0064,0,collision
1431,111,197.28,13.52,253.76,0.0080,0.0000,0,collision
1432,46,-7.86,19.45,119.18,0.0385,0.0042,0,collision
1433,177,328.45,10.47,433.33,0.0079,0.0000,0,collision
1434,41,-36.59,19.79,13.72,0.0147,0.0000,0,collision
1435,123,248.65,12.29,310.27,0.0249,0.0061,0,collision
1436,128,117.28,8.83,249.96,0.0013,0.0000,0,collision
1437,119,242.20,12.58,332.23,0.0119,0.0085,0,collision
1438,127,187.71,11.75,249.45,0.0224,0.0021,0,collision
1439,41,-36.29,19.99,9.46,0.0578,0.0000,0,collision
1440,121,151.44,9.57,297.10,0.0102,0.0000,0,collision
