episode,steps,ep_reward,avg_speed,total_energy,wiggle,safety,success,reason,route
1,8,-200.44,2.06,10.89,0.1755,0.0000,0,collision,
2,26,-200.75,3.22,71.21,0.0109,0.0000,0,collision,
3,91,-214.60,3.87,195.46,0.0008,0.0065,0,collision,
4,10,-205.97,1.07,8.78,0.0625,0.0000,0,collision,
5,9,-208.85,0.74,5.14,0.1174,0.0000,0,collision,
6,6,-200.02,2.14,11.78,0.0000,0.0000,0,collision,
7,7,-205.77,0.84,2.87,0.0386,0.0000,0,collision,
8,123,-121.29,14.65,466.75,0.0060,0.0005,0,collision,
9,7,-200.39,2.35,16.96,0.0257,0.0000,0,collision,
10,6,-207.10,0.16,0.66,0.0698,0.0000,0,collision,
1,5,-204.77,0.76,2.27,0.3218,0.1130,0,collision,
2,72,-240.18,1.99,105.37,0.0150,0.0000,0,collision,
3,144,-209.95,4.56,413.98,0.0040,0.0000,0,collision,
4,37,-214.53,2.37,55.81,0.0000,0.0337,0,collision,
5,139,-164.13,5.93,551.53,0.0093,0.0205,0,collision,
6,11,-205.47,1.79,17.17,0.1818,0.0784,0,collision,
7,17,-216.02,1.07,12.02,0.0288,0.0000,0,collision,
8,22,-224.14,0.79,9.88,0.0463,0.0000,0,collision,
9,33,-206.24,3.09,84.86,0.0000,0.0007,0,collision,
10,65,-214.33,2.52,87.85,0.0218,0.0000,0,collision,
11,39,-197.75,4.01,99.52,0.0195,0.0000,0,collision,
12,85,-210.12,5.80,169.69,0.0065,0.0022,0,collision,
13,34,-224.25,1.42,30.78,0.0240,0.0000,0,collision,
14,50,-165.20,12.20,152.70,0.0055,0.0221,0,collision,
15,290,-109.58,7.77,996.26,0.0018,0.0153,0,collision,
16,184,-182.49,5.12,557.38,0.0065,0.0675,0,collision,
17,20,-201.02,3.04,40.13,0.0533,0.0000,0,collision,
18,73,-250.39,1.49,64.68,0.0015,0.0000,0,collision,
19,46,-205.34,4.64,134.19,0.0152,0.0464,0,collision,
20,16,-195.23,5.44,76.78,0.0910,0.0000,0,collision,
21,45,-256.30,0.64,21.00,0.0255,0.0000,0,collision,
22,13,-205.11,1.94,22.41,0.0942,0.0341,0,collision,
23,25,-207.49,2.38,37.82,0.0418,0.0000,0,collision,
24,6,-204.98,0.79,3.04,0.2082,0.0000,0,collision,
25,20,-190.69,6.78,94.11,0.0084,0.0000,0,collision,
26,95,-172.12,6.04,417.34,0.0122,0.0211,0,collision,
27,54,-159.56,15.05,120.45,0.0202,0.0000,0,collision,
28,9,-197.64,3.44,30.68,0.1178,0.0000,0,collision,
29,69,-185.06,6.91,229.59,0.0229,0.0000,0,collision,
30,230,-116.13,9.80,668.20,0.0077,0.0016,0,collision,
31,100,-179.37,7.15,344.84,0.0130,0.0000,0,collision,
32,35,-221.81,1.76,50.20,0.0571,0.0000,0,collision,
33,86,-180.70,7.45,364.66,0.0000,0.0105,0,collision,
34,93,-184.08,6.76,332.61,0.0017,0.0129,0,collision,
35,23,-189.61,9.32,164.70,0.0335,0.1730,0,collision,
36,24,-203.83,2.77,49.99,0.0657,0.0257,0,collision,
37,32,-177.02,12.41,127.25,0.0000,0.0000,0,collision,
38,9,-195.38,5.43,71.02,0.1342,0.0000,0,collision,
39,88,-151.71,8.78,329.96,0.0084,0.0000,0,collision,
40,47,-206.01,3.23,105.03,0.0073,0.0488,0,collision,
41,68,-190.55,7.73,245.49,0.0095,0.0619,0,collision,
42,14,-216.01,0.63,5.61,0.0102,0.0000,0,collision,
43,53,-173.97,8.52,312.48,0.0089,0.0503,0,collision,
44,1,-200.00,0.00,0.00,0.0000,0.0000,0,collision,
45,48,-234.64,1.26,25.59,0.0100,0.0000,0,collision,
46,267,299.97,8.67,762.98,0.0000,0.0212,1,goal,
47,106,-185.47,6.81,287.93,0.0017,0.0189,0,collision,
48,6,-202.63,1.37,6.36,0.0555,0.0000,0,collision,
49,12,-211.57,0.77,5.45,0.0318,0.1749,0,collision,
50,18,-189.78,7.92,128.99,0.0303,0.0163,0,collision,
51,37,-184.98,5.83,152.60,0.0180,0.0162,0,collision,
52,2,-200.33,0.65,1.07,0.1844,0.0000,0,collision,
53,1,-200.00,0.00,0.00,0.0000,0.0000,0,collision,
54,11,-200.82,2.47,19.01,0.0325,0.0000,0,collision,
55,3,-202.53,0.00,0.20,0.3060,0.0586,0,collision,
56,82,-184.77,9.49,187.34,0.0016,0.0000,0,collision,
57,15,-203.73,2.19,25.26,0.0042,0.0000,0,collision,
58,7,-198.53,3.18,20.54,0.0769,0.0000,0,collision,
59,1,-200.00,0.00,0.00,0.0000,0.0000,0,collision,
60,159,-105.71,9.38,634.87,0.0088,0.0358,0,collision,
61,249,-188.27,7.56,383.84,0.0000,0.0000,0,collision,
62,31,-188.62,4.61,102.13,0.0232,0.0209,0,collision,
63,5,-202.48,1.02,7.61,0.3365,0.0000,0,collision,
64,17,-211.08,1.57,19.37,0.0365,0.0000,0,collision,
65,99,-194.66,4.59,277.83,0.0167,0.0000,0,collision,
66,5,-206.55,0.13,0.64,0.1249,0.1505,0,collision,
67,97,-144.72,11.65,335.47,0.0060,0.0114,0,collision,
68,106,-166.32,6.41,437.44,0.0062,0.0481,0,collision,
69,55,-201.90,5.10,240.73,0.0034,0.0054,0,collision,
70,15,-211.43,1.52,23.80,0.1022,0.0489,0,collision,
11,71,-161.27,12.34,113.80,0.0116,0.0427,0,collision,
12,91,-162.00,9.16,244.10,0.0067,0.0305,0,collision,
13,44,-212.28,3.15,91.76,0.0187,0.0000,0,collision,
14,10,-206.07,1.49,15.58,0.0806,0.0000,0,collision,
15,13,-199.79,3.46,20.49,0.0194,0.0000,0,collision,
16,22,-196.14,3.49,58.65,0.0527,0.0000,0,collision,
17,24,-191.97,5.10,71.97,0.0089,0.0000,0,collision,
18,32,-185.64,7.80,182.63,0.0326,0.0000,0,collision,
19,48,-179.91,8.62,263.45,0.0417,0.0618,0,collision,
20,13,-197.48,3.07,19.89,0.0339,0.0000,0,collision,
71,184,-289.28,5.90,577.73,0.0010,0.0055,0,collision,
72,63,-196.65,7.08,309.98,0.0180,0.0086,0,collision,
73,32,-205.34,2.81,61.33,0.0262,0.0190,0,collision,
74,71,-149.12,9.80,391.26,0.0173,0.0000,0,collision,
75,226,-90.01,12.16,376.82,0.0025,0.0000,0,collision,
76,35,-176.96,14.77,166.29,0.0118,0.0251,0,collision,
77,139,-85.57,16.35,319.99,0.0015,0.0137,0,collision,
78,20,-191.50,6.70,109.66,0.0307,0.0000,0,collision,
79,43,-248.17,0.98,34.91,0.0143,0.0194,0,collision,
80,83,-179.60,8.88,282.87,0.0199,0.0128,0,collision,
81,118,-149.62,6.99,538.40,0.0026,0.0149,0,collision,
82,132,304.11,17.09,392.60,0.0000,0.0065,1,goal,
83,63,-184.06,10.56,140.11,0.0185,0.0108,0,collision,
84,31,-196.49,4.17,99.21,0.0303,0.0289,0,collision,
85,3,-202.27,0.48,0.83,0.4349,0.0000,0,collision,
86,55,-198.28,4.01,127.40,0.0153,0.0000,0,collision,
87,47,-170.03,10.85,247.61,0.0234,0.0034,0,collision,
88,23,-206.74,2.82,56.80,0.0345,0.0000,0,collision,
89,96,-154.11,11.72,235.72,0.0000,0.0207,0,collision,
90,6,-205.63,0.44,1.78,0.1044,0.0000,0,collision,
91,74,-226.57,2.50,107.24,0.0264,0.0093,0,collision,
92,144,-217.48,3.23,317.46,0.0104,0.0000,0,collision,
93,5,-203.24,0.87,2.41,0.0030,0.0000,0,collision,
94,17,-194.46,5.84,71.70,0.0773,0.0000,0,collision,
95,56,-246.20,1.25,52.33,0.0050,0.0019,0,collision,
96,3,-201.73,0.25,0.52,0.1432,0.0000,0,collision,
97,24,-195.62,5.44,107.73,0.0028,0.0449,0,collision,
98,98,-162.41,10.63,178.87,0.0051,0.0238,0,collision,
99,221,-125.44,8.33,688.39,0.0063,0.0044,0,collision,
100,8,-198.82,3.22,31.14,0.1248,0.0000,0,collision,
101,126,297.01,17.97,259.29,0.0000,0.0000,1,goal,
102,44,-180.75,11.26,217.83,0.0261,0.0278,0,collision,
103,24,-188.91,12.05,55.52,0.0159,0.1567,0,collision,
104,45,-179.19,14.61,129.63,0.0046,0.0191,0,collision,
105,30,-172.99,21.03,218.17,0.0052,0.0061,0,collision,
106,279,245.62,8.83,687.80,0.0000,0.0036,1,goal,
107,5,-205.89,0.01,0.40,0.0000,0.0000,0,collision,
108,73,-161.96,10.40,365.78,0.0219,0.0133,0,collision,
109,11,-204.69,2.23,26.76,0.1462,0.1181,0,collision,
110,84,-158.17,10.53,292.33,0.0154,0.0303,0,collision,
111,66,-142.32,19.41,213.13,0.0296,0.0161,0,collision,
112,82,-171.43,7.38,343.39,0.0134,0.0466,0,collision,
113,34,-180.30,10.08,182.40,0.0000,0.0243,0,collision,
114,64,-161.14,17.70,165.65,0.0089,0.0170,0,collision,
115,95,-190.07,7.47,314.82,0.0146,0.0084,0,collision,
116,44,-219.00,2.23,67.72,0.0219,0.0000,0,collision,
117,59,-175.01,9.56,206.18,0.0161,0.0126,0,collision,
118,28,-190.10,7.70,197.30,0.0714,0.0347,0,collision,
119,114,-230.13,3.44,296.27,0.0131,0.0000,0,collision,
120,9,-200.28,2.37,19.32,0.0541,0.0000,0,collision,
121,8,-199.93,3.60,35.18,0.0841,0.0000,0,collision,
122,54,-174.26,12.57,130.12,0.0000,0.0269,0,collision,
123,110,-154.52,12.78,224.97,0.0103,0.0082,0,collision,
124,113,-133.10,17.18,224.08,0.0164,0.0394,0,collision,
125,42,-197.35,4.39,117.08,0.0002,0.0513,0,collision,
126,50,-201.33,5.42,167.69,0.0079,0.0000,0,collision,
127,129,-147.38,10.11,291.43,0.0074,0.0059,0,collision,
128,82,-142.55,16.80,184.81,0.0015,0.0056,0,collision,
129,84,-128.60,17.54,203.86,0.0225,0.0023,0,collision,
21,64,-170.69,17.33,126.36,0.0082,0.0000,0,collision,
22,284,359.01,10.00,929.74,0.0000,0.0024,1,goal,
23,55,-201.44,3.92,147.75,0.0235,0.0000,0,collision,
24,98,297.41,24.47,171.06,0.0000,0.0000,1,goal,
25,22,-190.20,7.91,119.34,0.0588,0.0000,0,collision,
26,124,-136.14,11.04,582.00,0.0156,0.0099,0,collision,
27,65,-162.58,9.93,274.40,0.0021,0.0164,0,collision,
28,155,283.34,14.91,380.60,0.0000,0.0095,1,goal,
29,36,-202.43,3.12,70.73,0.0000,0.0000,0,collision,
30,168,-91.75,13.12,402.87,0.0000,0.0433,0,collision,
130,38,-229.99,1.80,45.58,0.0526,0.0000,0,collision,
131,88,-164.02,8.06,281.41,0.0077,0.0000,0,collision,
132,19,-188.52,6.87,142.06,0.0368,0.0163,0,collision,
133,22,-215.06,1.62,27.19,0.0649,0.0282,0,collision,
134,85,-164.41,9.11,362.54,0.0018,0.0120,0,collision,
135,78,-133.64,16.70,134.92,0.0154,0.0078,0,collision,
136,42,-187.61,6.16,152.82,0.0172,0.0051,0,collision,
137,40,-203.01,3.31,93.11,0.0160,0.0000,0,collision,
138,54,-217.59,2.29,75.98,0.0102,0.0000,0,collision,
139,104,-209.07,7.63,286.75,0.0083,0.0978,0,collision,
140,108,-133.52,13.37,284.86,0.0070,0.0253,0,collision,
141,13,-203.80,2.30,20.78,0.1410,0.1182,0,collision,
142,12,-198.09,3.69,41.48,0.1011,0.0000,0,collision,
143,20,-197.30,3.72,76.46,0.0147,0.0562,0,collision,
144,30,-197.73,7.95,193.06,0.0000,0.1251,0,collision,
145,55,-162.27,17.70,198.97,0.0095,0.0075,0,collision,
146,140,-129.74,12.22,334.80,0.0020,0.0057,0,collision,
147,28,-183.65,13.17,168.73,0.0439,0.0622,0,collision,
148,18,-204.72,2.34,25.57,0.0954,0.0000,0,collision,
149,137,-162.81,5.94,498.59,0.0019,0.0000,0,collision,
150,29,-180.86,14.21,99.10,0.0543,0.0464,0,collision,
151,25,-217.98,1.41,26.19,0.0094,0.0392,0,collision,
152,33,-187.45,6.33,176.60,0.0044,0.0387,0,collision,
153,71,-188.18,8.21,154.55,0.0204,0.0514,0,collision,
154,22,-205.03,2.85,90.91,0.0647,0.0000,0,collision,
155,43,-203.73,3.53,82.15,0.0245,0.0181,0,collision,
156,33,-205.09,3.59,90.30,0.0517,0.0000,0,collision,
157,119,-110.15,14.62,464.24,0.0065,0.0299,0,collision,
158,64,-164.07,12.23,124.59,0.0165,0.0000,0,collision,
159,117,-133.07,12.04,397.69,0.0125,0.0000,0,collision,
160,13,-201.38,2.33,25.29,0.0872,0.0000,0,collision,
161,43,-170.27,14.72,164.48,0.0004,0.0135,0,collision,
162,22,-190.24,9.33,190.08,0.0439,0.0602,0,collision,
163,133,-168.95,7.09,429.31,0.0098,0.0037,0,collision,
164,10,-195.94,4.53,46.06,0.0428,0.0000,0,collision,
165,11,-212.97,0.39,3.60,0.0497,0.0000,0,collision,
166,30,-216.09,2.29,54.63,0.0220,0.0439,0,collision,
167,88,-176.24,7.88,269.67,0.0227,0.0025,0,collision,
168,13,-193.73,5.47,69.70,0.0000,0.0000,0,collision,
169,26,-186.71,6.32,109.67,0.0187,0.0000,0,collision,
170,32,-183.06,6.54,206.50,0.0152,0.0624,0,collision,
171,81,-146.16,13.36,254.24,0.0008,0.0059,0,collision,
172,115,-169.70,8.91,466.26,0.0018,0.0092,0,collision,
173,57,-166.29,12.86,198.72,0.0000,0.0527,0,collision,
174,7,-201.66,1.66,7.17,0.0722,0.0025,0,collision,
175,38,-198.15,7.16,88.34,0.0082,0.0274,0,collision,
176,62,-187.53,9.17,309.68,0.0149,0.0151,0,collision,
177,14,-192.67,6.66,113.49,0.0329,0.0000,0,collision,
178,59,-162.12,10.51,287.03,0.0054,0.0210,0,collision,
179,60,-183.84,10.96,206.24,0.0141,0.0179,0,collision,
180,56,-172.18,9.74,258.63,0.0257,0.0093,0,collision,
181,21,-215.60,1.52,22.78,0.0256,0.0000,0,collision,
182,111,-155.81,8.63,498.72,0.0057,0.0047,0,collision,
183,48,-160.63,14.09,213.25,0.0035,0.0000,0,collision,
184,21,-181.70,17.60,125.30,0.0745,0.0000,0,collision,
185,38,-171.51,17.24,180.02,0.0515,0.0000,0,collision,
186,50,-157.05,20.46,165.62,0.0041,0.0036,0,collision,
187,102,-125.59,12.72,344.81,0.0011,0.0143,0,collision,
188,45,-171.57,14.03,78.04,0.0268,0.0119,0,collision,
189,201,-269.23,6.69,346.79,0.0042,0.0258,0,collision,
190,159,-122.89,11.56,296.04,0.0002,0.0038,0,collision,
191,72,-132.14,21.39,247.72,0.0180,0.0028,0,collision,
192,54,-187.30,6.82,210.71,0.0166,0.0000,0,collision,
193,157,234.42,14.15,289.08,0.0000,0.0000,1,goal,
194,29,-188.20,6.28,83.34,0.0323,0.0000,0,collision,
195,5,-204.63,0.35,0.64,0.1430,0.0000,0,collision,
196,22,-208.86,3.12,57.06,0.0231,0.0426,0,collision,
197,35,-183.07,6.05,150.46,0.0138,0.0317,0,collision,
198,59,-154.85,14.88,33.28,0.0306,0.0000,0,collision,
199,11,-194.04,5.29,73.45,0.0606,0.0000,0,collision,
200,87,-129.07,19.41,275.54,0.0201,0.0033,0,collision,
201,63,-164.48,10.00,194.55,0.0017,0.0289,0,collision,
31,35,-182.91,9.98,124.95,0.0012,0.0154,0,collision,
32,63,-186.23,6.06,181.04,0.0062,0.0000,0,collision,
33,11,-209.22,0.99,10.11,0.1677,0.0000,0,collision,
34,159,-115.88,11.50,417.59,0.0047,0.0131,0,collision,
35,44,-196.31,4.75,157.94,0.0244,0.0035,0,collision,
36,78,-152.11,8.17,319.54,0.0044,0.0113,0,collision,
37,147,321.13,19.12,147.42,0.0000,0.0000,1,goal,
38,156,-258.05,5.04,307.82,0.0128,0.0007,0,collision,
39,238,214.17,10.82,507.17,0.0000,0.0000,1,goal,
40,21,-186.67,7.42,150.50,0.0332,0.0000,0,collision,
202,122,270.82,14.17,315.17,0.0000,0.0094,1,goal,
203,38,-176.31,12.05,154.85,0.0113,0.0922,0,collision,
204,6,-205.83,0.74,2.72,0.0719,0.1209,0,collision,
205,11,-206.17,1.77,18.00,0.0320,0.0606,0,collision,
206,91,-139.22,14.80,286.21,0.0139,0.0060,0,collision,
207,115,-150.43,7.05,595.58,0.0030,0.0127,0,collision,
208,13,-206.33,1.57,15.97,0.0848,0.0000,0,collision,
209,7,-204.66,0.95,4.85,0.1362,0.0000,0,collision,
210,26,-201.43,3.38,54.92,0.0000,0.0000,0,collision,
211,32,-202.64,2.92,53.33,0.0171,0.0761,0,collision,
212,46,-166.12,15.30,142.58,0.0218,0.0000,0,collision,
213,148,306.82,15.71,346.23,0.0000,0.0000,1,goal,
214,12,-197.13,3.98,33.98,0.0990,0.0000,0,collision,
215,186,-114.18,11.36,505.26,0.0037,0.0033,0,collision,
216,131,327.32,21.84,166.89,0.0000,0.0000,1,goal,
217,85,-144.41,13.85,269.13,0.0039,0.0063,0,collision,
218,28,-187.82,6.63,102.13,0.0256,0.0000,0,collision,
219,40,-183.43,12.63,260.71,0.0190,0.0510,0,collision,
220,27,-201.87,3.00,50.25,0.0132,0.0376,0,collision,
221,133,295.53,16.96,192.93,0.0000,0.0080,1,goal,
222,53,-169.77,11.76,205.34,0.0046,0.0154,0,collision,
223,39,-166.64,17.23,163.59,0.0286,0.0215,0,collision,
224,34,-213.72,4.16,190.79,0.0152,0.0631,0,collision,
225,18,-204.09,2.28,29.56,0.0316,0.0000,0,collision,
226,9,-197.19,4.19,41.27,0.1604,0.0000,0,collision,
227,119,-108.39,15.72,406.18,0.0129,0.0000,0,collision,
228,168,-124.93,13.23,617.42,0.0016,0.0122,0,collision,
229,145,-75.17,19.32,348.21,0.0000,0.0022,0,collision,
230,72,-151.43,10.25,303.86,0.0209,0.0128,0,collision,
231,108,-152.88,11.15,407.95,0.0047,0.0024,0,collision,
232,8,-202.61,1.46,5.18,0.0807,0.0000,0,collision,
233,9,-201.77,3.47,55.05,0.0014,0.3569,0,collision,
234,26,-189.48,7.62,193.19,0.0179,0.0319,0,collision,
235,180,318.31,12.69,612.63,0.0000,0.0150,1,goal,
236,64,-199.98,3.72,178.95,0.0000,0.0175,0,collision,
237,11,-203.86,2.77,54.47,0.1818,0.0000,0,collision,
238,7,-204.03,1.23,9.01,0.1886,0.0000,0,collision,
239,61,-158.63,11.12,297.26,0.0000,0.0218,0,collision,
240,21,-205.42,2.33,40.36,0.0613,0.0000,0,collision,
241,87,-170.73,11.56,285.22,0.0137,0.0669,0,collision,
242,89,-166.13,11.40,331.54,0.0050,0.0170,0,collision,
243,26,-188.69,5.77,126.96,0.0526,0.0000,0,collision,
244,32,-187.70,15.39,223.89,0.0625,0.1006,0,collision,
245,62,-167.57,9.68,239.54,0.0308,0.0278,0,collision,
246,124,297.65,18.63,117.76,0.0000,0.0060,1,goal,
247,7,-199.60,2.68,14.52,0.0484,0.0000,0,collision,
248,34,-197.13,3.62,93.32,0.0235,0.0000,0,collision,
249,13,-209.85,1.17,9.66,0.0000,0.0000,0,collision,
250,77,-153.68,10.02,457.40,0.0260,0.0105,0,collision,
251,224,-278.58,4.26,580.72,0.0089,0.0272,0,collision,
252,20,-207.00,1.97,25.28,0.0000,0.0000,0,collision,
253,65,-186.46,6.70,339.04,0.0080,0.0000,0,collision,
254,52,-216.04,4.69,156.09,0.0010,0.0853,0,collision,
255,103,-127.39,13.46,275.79,0.0041,0.0063,0,collision,
256,62,-155.67,13.04,226.05,0.0000,0.0158,0,collision,
257,30,-184.56,10.49,177.30,0.0114,0.0000,0,collision,
258,90,-184.55,4.09,271.89,0.0130,0.0107,0,collision,
259,21,-198.65,5.29,116.16,0.0288,0.0936,0,collision,
260,44,-167.71,14.26,187.71,0.0418,0.0097,0,collision,
261,28,-187.20,7.61,198.11,0.0508,0.0200,0,collision,
262,134,-181.63,4.62,449.15,0.0005,0.0319,0,collision,
263,22,-191.09,12.08,90.69,0.0526,0.0290,0,collision,
264,23,-191.37,8.99,134.84,0.0870,0.0636,0,collision,
265,106,-123.73,15.42,374.92,0.0001,0.0130,0,collision,
266,4,-202.37,0.73,1.33,0.0979,0.0000,0,collision,
267,32,-201.93,3.57,81.99,0.0086,0.0000,0,collision,
268,19,-198.08,4.64,82.06,0.0289,0.0000,0,collision,
41,303,231.31,9.35,685.23,0.0000,0.0042,1,goal,
42,10,-209.78,0.75,4.59,0.1510,0.0000,0,collision,
43,48,-175.54,11.95,234.92,0.0046,0.0281,0,collision,
44,76,-168.83,7.17,309.56,0.0263,0.0547,0,collision,
45,174,-145.81,10.82,466.19,0.0108,0.0024,0,collision,
46,79,-158.28,10.83,233.12,0.0134,0.0000,0,collision,
47,77,-163.71,11.16,171.12,0.0256,0.0000,0,collision,
48,44,-205.12,5.14,140.89,0.0178,0.0468,0,collision,
49,5,-204.71,0.56,2.36,0.0511,0.0000,0,collision,
50,57,-193.06,3.88,203.23,0.0351,0.0000,0,collision,
269,133,-233.79,5.30,429.68,0.0076,0.0016,0,collision,
270,15,-191.29,5.75,90.41,0.0584,0.0000,0,collision,
271,82,-165.42,11.50,164.76,0.0034,0.0136,0,collision,
272,6,-204.50,0.52,2.78,0.1475,0.0000,0,collision,
273,92,-135.85,9.74,459.45,0.0014,0.0176,0,collision,
274,126,320.96,22.57,-2.42,0.0000,0.0000,1,goal,
275,61,-162.47,9.58,236.94,0.0291,0.0360,0,collision,
276,148,-124.18,7.89,608.08,0.0135,0.0161,0,collision,
277,4,-198.99,2.49,12.69,0.0547,0.0000,0,collision,
278,229,301.41,9.50,925.41,0.0000,0.0076,1,goal,
279,77,-174.26,9.03,232.65,0.0026,0.0000,0,collision,
280,7,-204.07,1.10,6.83,0.0096,0.0084,0,collision,
281,7,-200.81,2.37,17.42,0.2857,0.0000,0,collision,
282,25,-189.66,5.54,103.99,0.0794,0.0000,0,collision,
283,111,-135.36,12.57,278.84,0.0038,0.0104,0,collision,
284,33,-190.14,4.75,185.73,0.0431,0.0521,0,collision,
285,157,-103.91,14.76,393.26,0.0106,0.0112,0,collision,
286,81,-137.21,16.10,129.48,0.0053,0.0152,0,collision,
287,21,-207.77,2.35,38.34,0.0002,0.0000,0,collision,
288,24,-195.09,4.57,114.97,0.0476,0.0000,0,collision,
289,15,-205.81,2.29,25.36,0.0502,0.0000,0,collision,
290,7,-202.14,1.92,13.12,0.1871,0.0000,0,collision,
291,4,-203.91,0.40,1.71,0.2299,0.0000,0,collision,
292,8,-198.85,2.76,8.68,0.1564,0.0193,0,collision,
293,3,-203.28,0.03,0.21,0.0381,0.0000,0,collision,
294,56,-159.75,19.25,105.69,0.0180,0.0344,0,collision,
295,61,-172.49,10.82,279.02,0.0194,0.0199,0,collision,
296,25,-185.06,8.81,174.99,0.0073,0.0470,0,collision,
297,139,-163.39,8.38,535.30,0.0144,0.0050,0,collision,
298,172,-169.61,6.89,589.14,0.0116,0.0000,0,collision,
299,15,-206.09,2.42,35.54,0.0064,0.0000,0,collision,
300,5,-201.36,1.71,14.16,0.3151,0.0000,0,collision,
301,40,-177.24,15.01,62.05,0.0075,0.0429,0,collision,
302,45,-193.31,4.65,153.92,0.0084,0.1755,0,collision,
303,5,-202.88,0.58,2.90,0.3435,0.0000,0,collision,
304,147,-143.40,10.22,512.19,0.0053,0.0423,0,collision,
305,7,-202.87,1.63,9.30,0.0923,0.0000,0,collision,
306,96,310.32,29.75,36.74,0.0000,0.0000,1,goal,
307,70,-161.80,9.60,425.17,0.0003,0.0231,0,collision,
308,67,-148.97,16.14,303.88,0.0000,0.0170,0,collision,
309,62,-177.16,8.55,255.81,0.0065,0.0000,0,collision,
310,147,-107.23,18.13,389.50,0.0074,0.0718,0,collision,
311,106,-156.66,8.42,530.25,0.0000,0.0288,0,collision,
312,7,-202.95,1.75,9.64,0.2288,0.0000,0,collision,
313,21,-201.74,3.19,61.21,0.0628,0.0000,0,collision,
314,101,-179.98,5.55,420.05,0.0034,0.0000,0,collision,
315,75,-190.85,4.49,264.24,0.0035,0.0000,0,collision,
316,151,-183.90,14.40,158.43,0.0132,0.0000,0,collision,
317,28,-183.24,9.58,145.30,0.0193,0.0991,0,collision,
318,125,-127.19,10.85,494.62,0.0023,0.0146,0,collision,
319,4,-203.19,0.58,2.72,0.0000,0.0000,0,collision,
320,60,-153.33,19.95,71.86,0.0225,0.0151,0,collision,
321,91,-134.81,15.56,222.02,0.0150,0.0272,0,collision,
322,170,-175.10,8.96,476.42,0.0006,0.0043,0,collision,
323,21,-189.50,5.75,101.45,0.0311,0.0000,0,collision,
324,134,321.81,18.35,288.22,0.0000,0.0000,1,goal,
325,162,314.32,17.32,539.00,0.0000,0.0050,1,goal,
326,5,-202.81,1.26,4.71,0.3991,0.0000,0,collision,
327,2,-201.66,0.00,0.10,0.7500,0.0000,0,collision,
328,20,-191.19,4.88,74.33,0.0289,0.0000,0,collision,
329,180,-153.61,7.90,798.15,0.0070,0.0141,0,collision,
51,35,-181.86,11.82,167.07,0.0571,0.0381,0,collision,
52,37,-195.02,5.22,114.17,0.0226,0.0000,0,collision,
53,10,-203.63,1.72,10.56,0.2000,0.0000,0,collision,
54,10,-204.51,1.58,7.94,0.0344,0.0000,0,collision,
55,65,-162.67,14.90,224.38,0.0221,0.0435,0,collision,
56,34,-185.16,5.08,129.64,0.0367,0.0000,0,collision,
57,23,-192.89,5.53,98.73,0.0665,0.0000,0,collision,
58,138,-175.92,9.52,397.14,0.0087,0.0235,0,collision,
59,39,-176.46,10.87,262.08,0.0288,0.0632,0,collision,
60,81,-161.19,11.54,167.45,0.0027,0.0067,0,collision,
330,98,-175.36,7.04,516.77,0.0027,0.0039,0,collision,
331,94,-139.27,15.98,275.27,0.0073,0.0045,0,collision,
332,132,-132.82,11.33,507.39,0.0078,0.0066,0,collision,
333,58,-161.98,11.65,230.12,0.0264,0.0161,0,collision,
334,30,-185.97,7.80,107.18,0.0667,0.0000,0,collision,
335,78,-122.17,25.21,192.80,0.0133,0.0029,0,collision,
336,40,-176.95,10.43,106.56,0.0246,0.0618,0,collision,
337,14,-197.89,4.89,73.63,0.1429,0.0436,0,collision,
338,8,-199.35,2.51,26.93,0.0000,0.0000,0,collision,
339,2,-200.32,1.04,2.51,0.0000,0.0000,0,collision,
340,87,-177.01,11.54,373.06,0.0114,0.0379,0,collision,
341,2,-201.64,0.03,0.10,0.3666,0.0000,0,collision,
342,68,-143.31,16.23,285.30,0.0294,0.0134,0,collision,
343,104,-131.13,14.07,248.71,0.0054,0.0119,0,collision,
344,175,255.39,14.36,344.77,0.0000,0.0021,1,goal,
345,76,-223.01,6.49,189.84,0.0000,0.0478,0,collision,
346,169,323.80,15.03,474.21,0.0000,0.0026,1,goal,
347,2,-200.60,0.66,1.08,0.1818,0.0000,0,collision,
348,10,-194.34,6.98,83.93,0.1255,0.0000,0,collision,
349,29,-181.45,11.98,160.94,0.0287,0.0296,0,collision,
350,24,-184.64,12.91,124.03,0.0000,0.0222,0,collision,
351,63,-150.25,14.83,161.77,0.0138,0.0000,0,collision,
352,67,-162.79,12.47,239.24,0.0186,0.0245,0,collision,
353,121,-150.52,17.09,307.14,0.0095,0.0422,0,collision,
354,72,-149.14,11.35,345.82,0.0028,0.0061,0,collision,
355,112,-165.16,11.84,461.85,0.0023,0.0000,0,collision,
356,13,-192.56,6.31,88.16,0.1538,0.0000,0,collision,
357,112,105.46,21.77,114.82,0.0000,0.0104,0,removed_unknown,
358,78,-168.77,12.74,353.01,0.0021,0.0694,0,collision,
359,71,-157.40,14.58,270.20,0.0175,0.0000,0,collision,
360,86,-130.32,15.66,257.32,0.0000,0.0142,0,collision,
361,161,323.92,17.15,287.50,0.0000,0.0043,1,goal,
362,12,-203.81,2.07,24.87,0.0520,0.0000,0,collision,
363,74,-135.65,16.88,173.56,0.0090,0.0032,0,collision,
364,25,-188.75,8.64,141.17,0.0000,0.1558,0,collision,
365,98,-130.76,15.87,235.61,0.0047,0.0056,0,collision,
366,77,-145.63,12.32,492.82,0.0082,0.0119,0,collision,
367,163,302.04,15.03,511.06,0.0000,0.0000,1,goal,
368,59,-185.87,5.46,222.50,0.0173,0.0000,0,collision,
369,32,-205.43,3.64,84.56,0.0579,0.0000,0,collision,
370,40,-187.24,7.36,159.03,0.0367,0.0345,0,collision,
371,117,-97.25,19.25,179.57,0.0101,0.0057,0,collision,
372,5,-205.89,0.00,0.40,0.2754,0.0000,0,collision,
373,91,-135.69,13.59,177.57,0.0063,0.0107,0,collision,
374,86,103.03,33.52,62.87,0.0233,0.0000,0,removed_unknown,
375,11,-198.95,3.38,37.08,0.0042,0.0173,0,collision,
376,87,-110.58,23.87,258.28,0.0077,0.0089,0,collision,
377,103,-103.09,21.72,253.06,0.0117,0.0092,0,collision,
378,114,-162.85,8.30,486.51,0.0121,0.0261,0,collision,
379,77,-125.75,27.53,69.66,0.0000,0.0000,0,collision,
380,4,-202.70,0.86,1.55,0.0579,0.0000,0,collision,
381,195,-125.87,12.10,238.54,0.0000,0.0074,0,collision,
382,42,-168.48,14.91,112.11,0.0473,0.0224,0,collision,
383,23,-214.03,1.79,34.67,0.0870,0.0000,0,collision,
384,35,-181.87,7.47,207.77,0.0128,0.0027,0,collision,
385,4,-204.22,0.00,0.30,0.0769,0.0000,0,collision,
386,84,-142.11,15.05,434.13,0.0014,0.0050,0,collision,
387,67,-159.39,15.56,101.23,0.0088,0.0000,0,collision,
388,19,-189.53,7.83,132.56,0.1053,0.0405,0,collision,
389,66,-136.16,23.43,155.19,0.0008,0.0091,0,collision,
390,96,-134.51,15.38,224.59,0.0022,0.0083,0,collision,
61,18,-189.63,11.51,108.33,0.0153,0.0685,0,collision,
62,78,-164.57,10.33,318.79,0.0040,0.0121,0,collision,
63,10,-196.06,4.68,44.92,0.1688,0.0000,0,collision,
64,4,-200.25,1.93,7.95,0.2039,0.0000,0,collision,
65,66,-127.74,27.66,193.47,0.0303,0.0124,0,collision,
66,35,-181.31,7.42,224.42,0.0013,0.0000,0,collision,
67,71,-157.59,12.08,224.69,0.0191,0.0197,0,collision,
68,69,-145.25,15.76,255.05,0.0166,0.0154,0,collision,
69,233,217.78,12.35,442.17,0.0000,0.0054,1,goal,
70,86,-145.01,19.42,93.55,0.0162,0.0498,0,collision,
391,70,-184.46,22.76,155.74,0.0161,0.0304,0,collision,
392,52,-161.19,16.56,127.26,0.0284,0.0000,0,collision,
393,34,-172.41,15.54,137.22,0.0267,0.0120,0,collision,
394,107,-143.62,12.31,492.46,0.0046,0.0430,0,collision,
395,115,-135.89,12.67,514.27,0.0152,0.0060,0,collision,
396,34,-180.58,10.49,111.71,0.0588,0.0518,0,collision,
397,54,-156.23,17.37,228.78,0.0238,0.0000,0,collision,
398,12,-197.11,3.87,67.90,0.1590,0.0000,0,collision,
399,7,-201.06,1.84,5.67,0.0271,0.0000,0,collision,
400,95,-122.52,17.96,212.76,0.0020,0.0066,0,collision,
401,80,-143.62,14.78,85.69,0.0002,0.0000,0,collision,
402,35,-184.94,6.57,168.76,0.0133,0.0000,0,collision,
403,38,-170.15,17.81,227.35,0.0047,0.0146,0,collision,
404,10,-196.62,4.91,80.50,0.0000,0.0000,0,collision,
405,57,-158.48,15.31,127.82,0.0131,0.0261,0,collision,
406,13,-197.31,5.48,97.32,0.1370,0.0000,0,collision,
407,59,-150.97,15.74,213.34,0.0061,0.0076,0,collision,
408,59,-202.10,4.30,198.82,0.0077,0.0256,0,collision,
409,61,-151.31,20.50,236.09,0.0214,0.0204,0,collision,
410,6,-198.74,2.94,16.27,0.2579,0.0000,0,collision,
411,96,-180.10,9.91,349.16,0.0199,0.0000,0,collision,
412,8,-202.77,2.01,12.47,0.0570,0.0000,0,collision,
413,56,-163.06,11.55,256.71,0.0054,0.0290,0,collision,
414,52,-169.33,13.89,146.66,0.0099,0.0000,0,collision,
415,110,-110.75,15.69,204.27,0.0000,0.0000,0,collision,
416,6,-205.02,0.84,2.93,0.2026,0.0000,0,collision,
417,1,-200.00,0.00,0.00,0.0000,0.0000,0,collision,
418,52,-173.57,12.54,246.54,0.0000,0.0200,0,collision,
419,52,-159.30,17.26,236.08,0.0226,0.0282,0,collision,
420,73,-159.27,7.60,384.39,0.0011,0.0324,0,collision,
421,96,-119.36,20.48,187.26,0.0000,0.0147,0,collision,
422,44,-165.57,14.52,185.63,0.0208,0.0343,0,collision,
423,62,-168.99,15.46,107.55,0.0097,0.0240,0,collision,
424,63,-184.57,8.86,222.32,0.0261,0.0093,0,collision,
425,113,282.02,15.85,300.95,0.0000,0.0015,1,goal,
426,14,-195.00,4.52,87.13,0.1191,0.0000,0,collision,
427,141,290.88,16.52,399.90,0.0000,0.0246,1,goal,
428,79,-172.68,12.33,161.08,0.0124,0.0240,0,collision,
429,140,-121.31,13.97,349.37,0.0047,0.0000,0,collision,
430,9,-205.42,1.41,8.69,0.2220,0.0000,0,collision,
431,40,-170.09,19.98,148.41,0.0176,0.0084,0,collision,
432,48,-167.04,14.08,123.30,0.0293,0.0241,0,collision,
433,33,-199.78,3.56,95.69,0.0606,0.0000,0,collision,
434,74,-121.52,27.49,161.76,0.0072,0.0124,0,collision,
435,77,-165.35,13.67,329.30,0.0000,0.0373,0,collision,
436,9,-204.52,1.55,11.42,0.0768,0.0000,0,collision,
437,62,-153.27,13.62,216.32,0.0068,0.0000,0,collision,
438,123,-180.85,10.85,377.24,0.0053,0.0099,0,collision,
439,59,-153.99,22.72,146.73,0.0169,0.0041,0,collision,
440,76,-245.58,3.78,198.17,0.0040,0.0543,0,collision,
441,10,-202.11,2.16,14.90,0.0669,0.0000,0,collision,
442,34,-176.81,13.96,279.11,0.0260,0.0180,0,collision,
443,33,-174.94,19.51,180.72,0.0252,0.0142,0,collision,
444,97,-126.01,17.64,175.92,0.0206,0.0192,0,collision,
445,185,-225.52,7.22,308.42,0.0072,0.0315,0,collision,
446,48,-163.53,14.62,224.26,0.0099,0.0253,0,collision,
447,5,-203.39,0.83,4.05,0.1017,0.0000,0,collision,
448,8,-206.06,1.04,12.08,0.0441,0.0000,0,collision,
449,111,-124.05,19.75,22.95,0.0000,0.0057,0,collision,
450,68,-152.08,13.08,218.94,0.0006,0.0000,0,collision,
451,225,-171.79,11.82,227.63,0.0014,0.0087,0,collision,
452,2,-200.32,0.94,2.09,0.0459,0.0845,0,collision,
453,97,-141.69,13.51,293.85,0.0062,0.0129,0,collision,
454,73,-169.44,13.68,364.58,0.0080,0.0501,0,collision,
455,20,-191.76,8.92,143.05,0.0496,0.1253,0,collision,
456,105,-121.89,16.28,318.32,0.0054,0.0045,0,collision,
457,86,292.14,28.15,56.05,0.0000,0.0000,1,goal,
458,18,-192.73,5.24,72.55,0.0606,0.0000,0,collision,
71,188,310.33,13.21,774.38,0.0000,0.0020,1,goal,
72,34,-176.77,15.18,143.75,0.0000,0.0190,0,collision,
73,45,-169.92,14.74,159.87,0.0032,0.0247,0,collision,
74,79,-117.03,26.07,178.27,0.0050,0.0053,0,collision,
75,344,329.39,8.86,1337.65,0.0000,0.0023,1,goal,
76,78,-138.27,17.53,172.43,0.0064,0.0204,0,collision,
77,75,-120.73,27.06,104.35,0.0052,0.0070,0,collision,
78,52,-146.49,26.71,136.91,0.0385,0.0111,0,collision,
79,7,-200.62,2.02,7.34,0.1765,0.0000,0,collision,
80,11,-195.06,4.89,82.32,0.1753,0.0000,0,collision,
459,64,-200.51,13.59,127.39,0.0145,0.0108,0,collision,
460,35,-175.36,15.40,144.42,0.0284,0.0445,0,collision,
461,50,-148.57,24.13,57.70,0.0230,0.0000,0,collision,
462,19,-190.27,7.39,152.14,0.0015,0.0000,0,collision,
463,54,-158.23,16.83,45.07,0.0164,0.0300,0,collision,
464,84,-140.61,16.08,161.91,0.0028,0.0063,0,collision,
465,35,-178.55,10.21,129.38,0.0059,0.0839,0,collision,
466,153,-116.98,14.77,243.51,0.0011,0.0000,0,collision,
467,50,-171.14,10.42,231.14,0.0142,0.0427,0,collision,
468,103,-122.18,12.57,496.32,0.0122,0.0058,0,collision,
469,48,-151.83,24.15,149.76,0.0119,0.0143,0,collision,
470,4,-202.87,0.58,3.01,0.0000,0.0000,0,collision,
471,41,-175.45,10.04,227.34,0.0210,0.0289,0,collision,
472,49,-177.63,13.09,75.45,0.0134,0.0009,0,collision,
473,20,-191.55,5.40,75.47,0.0393,0.0000,0,collision,
474,100,-152.97,7.47,348.31,0.0150,0.0200,0,collision,
475,167,-137.41,11.53,665.51,0.0048,0.0132,0,collision,
476,100,-119.07,15.56,187.53,0.0174,0.0071,0,collision,
477,35,-192.55,5.66,221.65,0.0064,0.0658,0,collision,
478,29,-182.15,9.40,204.85,0.0301,0.0404,0,collision,
479,117,-126.51,16.12,242.25,0.0061,0.0130,0,collision,
480,15,-191.81,7.04,115.58,0.1217,0.0000,0,collision,
481,77,-131.58,19.93,248.21,0.0009,0.0045,0,collision,
482,168,-244.87,8.12,452.32,0.0112,0.0070,0,collision,
483,38,-172.91,14.73,110.30,0.0235,0.0133,0,collision,
484,161,-189.11,12.71,295.03,0.0027,0.0032,0,collision,
485,17,-191.72,8.12,109.79,0.0825,0.0000,0,collision,
486,66,-173.48,14.43,350.39,0.0297,0.0645,0,collision,
487,2,-201.16,0.00,0.10,0.7459,0.0000,0,collision,
488,22,-191.14,4.22,66.18,0.0733,0.0199,0,collision,
489,108,-242.85,7.26,357.30,0.0120,0.0000,0,collision,
490,17,-190.96,5.85,114.23,0.0283,0.0000,0,collision,
491,2,-201.55,0.13,0.14,0.0483,0.0000,0,collision,
492,7,-202.23,1.79,13.71,0.1755,0.0000,0,collision,
493,14,-208.60,1.33,15.05,0.0383,0.0000,0,collision,
494,38,-167.00,19.30,173.41,0.0083,0.0232,0,collision,
495,115,307.83,21.25,197.01,0.0000,0.0108,1,goal,
496,95,292.98,23.59,83.04,0.0000,0.0065,1,goal,
497,5,-201.90,1.32,4.94,0.0163,0.0000,0,collision,
498,73,-152.26,12.22,250.60,0.0078,0.0323,0,collision,
499,41,-175.69,11.92,152.18,0.0488,0.0271,0,collision,
500,108,-143.22,9.46,396.13,0.0037,0.0567,0,collision,
501,92,294.59,25.32,8.33,0.0000,0.0000,1,goal,
502,92,-127.90,13.94,284.58,0.0003,0.0116,0,collision,
503,100,-108.18,19.78,374.13,0.0097,0.0051,0,collision,
504,22,-188.26,13.91,148.11,0.0262,0.1358,0,collision,
505,23,-185.02,13.58,109.42,0.0420,0.0457,0,collision,
506,29,-187.52,9.51,172.39,0.0156,0.0841,0,collision,
507,69,-157.76,9.56,388.03,0.0168,0.0308,0,collision,
508,170,-197.94,12.79,271.29,0.0067,0.0059,0,collision,
509,54,-152.46,21.31,18.90,0.0000,0.0180,0,collision,
510,48,-171.48,12.51,151.66,0.0150,0.0234,0,collision,
511,104,-127.70,12.99,329.93,0.0052,0.0073,0,collision,
512,27,-187.58,12.92,140.29,0.0546,0.0195,0,collision,
513,41,-169.55,12.97,233.09,0.0442,0.0000,0,collision,
514,74,-143.16,17.24,131.30,0.0064,0.0068,0,collision,
515,14,-191.43,7.32,87.31,0.0146,0.0000,0,collision,
516,96,-112.12,20.99,189.40,0.0082,0.0073,0,collision,
517,64,-155.66,11.21,249.29,0.0085,0.0795,0,collision,
518,2,-200.32,1.04,2.51,0.4828,0.0000,0,collision,
519,2,-200.63,0.51,0.69,0.4305,0.1260,0,collision,
520,57,-167.96,10.26,307.69,0.0079,0.0000,0,collision,
521,60,-176.54,10.83,201.96,0.0262,0.0229,0,collision,
522,59,-170.44,12.73,254.83,0.0248,0.1598,0,collision,
523,43,-180.95,10.85,228.05,0.0000,0.0737,0,collision,
524,3,-200.68,1.41,3.12,0.0220,0.0000,0,collision,
525,1,-200.00,0.00,0.00,0.0000,0.0000,0,collision,
526,82,-152.26,10.00,242.01,0.0000,0.0072,0,collision,
527,42,-167.79,13.63,77.26,0.0193,0.0303,0,collision,
528,6,-202.41,1.42,4.39,0.0043,0.0000,0,collision,
81,15,-201.79,2.65,30.06,0.0121,0.0000,0,collision,
82,182,-152.84,9.60,551.39,0.0014,0.0156,0,collision,
83,23,-204.46,2.57,49.51,0.0709,0.0104,0,collision,
84,42,-165.24,18.72,100.15,0.0368,0.0265,0,collision,
85,12,-202.60,2.31,16.18,0.1122,0.0140,0,collision,
86,185,327.05,14.97,359.83,0.0000,0.0009,1,goal,
87,103,-130.54,12.91,310.74,0.0036,0.0000,0,collision,
88,27,-190.91,8.02,136.86,0.0093,0.0564,0,collision,
89,117,-121.63,13.41,410.49,0.0171,0.0100,0,collision,
90,44,-172.21,8.85,250.90,0.0116,0.0145,0,collision,
529,132,-169.87,9.20,498.60,0.0094,0.0000,0,collision,
530,150,-83.11,18.59,346.45,0.0027,0.0268,0,collision,
531,271,229.38,9.42,727.23,0.0000,0.0001,1,goal,
532,138,-127.22,10.14,525.77,0.0121,0.0316,0,collision,
533,90,-119.81,17.52,308.96,0.0037,0.0094,0,collision,
534,42,-175.00,12.19,115.35,0.0476,0.0403,0,collision,
535,65,-218.89,6.47,195.54,0.0050,0.0844,0,collision,
536,73,-155.56,14.35,314.30,0.0274,0.0006,0,collision,
537,59,-160.79,14.09,246.34,0.0068,0.0222,0,collision,
538,12,-205.67,1.77,15.08,0.0284,0.0000,0,collision,
539,64,-166.31,15.95,149.85,0.0214,0.0139,0,collision,
540,17,-194.81,4.68,67.69,0.0704,0.0000,0,collision,
541,52,-157.14,16.52,134.16,0.0299,0.0092,0,collision,
542,24,-198.84,4.02,79.68,0.0285,0.0000,0,collision,
543,159,-118.98,12.95,268.21,0.0022,0.0131,0,collision,
544,19,-209.14,1.65,13.89,0.0125,0.0000,0,collision,
545,88,-157.34,13.79,87.86,0.0023,0.0065,0,collision,
546,9,-200.62,2.29,11.45,0.1146,0.0000,0,collision,
547,102,-159.61,10.17,425.86,0.0196,0.0288,0,collision,
548,9,-205.01,1.65,16.66,0.0741,0.1280,0,collision,
549,50,-161.22,13.51,93.41,0.0155,0.0000,0,collision,
550,88,-130.62,19.01,99.14,0.0013,0.0443,0,collision,
551,126,307.04,17.10,391.93,0.0000,0.0037,1,goal,
552,177,-97.33,10.20,660.60,0.0002,0.0391,0,collision,
553,73,-168.66,13.05,153.45,0.0179,0.0085,0,collision,
554,67,-155.24,10.08,365.37,0.0043,0.0286,0,collision,
555,61,-174.87,10.49,154.12,0.0288,0.0206,0,collision,
556,60,-158.06,12.36,337.00,0.0131,0.0202,0,collision,
557,5,-204.47,0.50,2.83,0.0000,0.0000,0,collision,
558,23,-192.25,6.61,140.53,0.0344,0.0000,0,collision,
559,91,-155.19,8.72,286.18,0.0044,0.0202,0,collision,
560,114,-137.00,11.43,323.44,0.0008,0.0140,0,collision,
561,115,-103.39,19.20,245.66,0.0000,0.0000,0,collision,
562,131,-99.49,15.76,166.27,0.0000,0.0000,0,collision,
563,7,-207.05,0.37,1.05,0.2857,0.0000,0,collision,
564,10,-202.58,3.10,42.85,0.1879,0.0000,0,collision,
565,99,-140.35,16.14,282.08,0.0156,0.0194,0,collision,
566,8,-197.57,3.08,22.49,0.0233,0.0000,0,collision,
567,30,-189.95,9.24,169.46,0.0512,0.1190,0,collision,
568,3,-202.06,0.69,1.84,0.3438,0.0000,0,collision,
569,62,-165.73,10.12,313.52,0.0128,0.0197,0,collision,
570,258,265.62,10.04,828.03,0.0000,0.0000,1,goal,
571,16,-204.52,2.65,30.72,0.0774,0.1190,0,collision,
572,56,-201.12,6.39,237.36,0.0059,0.0457,0,collision,
573,163,-220.16,6.41,276.08,0.0083,0.1092,0,collision,
574,7,-204.53,1.06,3.72,0.1493,0.0000,0,collision,
575,11,-202.23,2.20,23.51,0.0725,0.0000,0,collision,
576,72,-145.58,17.91,111.38,0.0138,0.0210,0,collision,
577,52,-206.62,3.62,133.87,0.0021,0.0000,0,collision,
578,4,-200.41,1.84,8.09,0.0000,0.0000,0,collision,
579,12,-193.13,6.16,80.73,0.0689,0.0000,0,collision,
580,46,-180.96,8.33,195.57,0.0381,0.0000,0,collision,
581,132,-125.71,10.05,471.39,0.0002,0.0555,0,collision,
582,40,-171.97,8.91,194.48,0.0500,0.0016,0,collision,
583,109,-128.30,13.00,469.15,0.0120,0.0186,0,collision,
584,43,-178.72,11.97,227.30,0.0023,0.0985,0,collision,
585,7,-200.23,1.88,12.26,0.2857,0.0000,0,collision,
586,7,-197.88,4.04,35.21,0.0548,0.0292,0,collision,
587,29,-188.05,9.92,170.47,0.0168,0.0316,0,collision,
91,49,-164.51,15.54,78.75,0.0103,0.0000,0,collision,
92,197,354.25,12.96,883.16,0.0000,0.0000,1,goal,
93,184,278.73,15.05,183.79,0.0000,0.0000,1,goal,
94,126,-104.02,21.40,5.13,0.0043,0.0000,0,collision,
95,32,-204.83,2.88,88.19,0.0000,0.0873,0,collision,
96,54,-162.09,12.70,181.68,0.0222,0.0180,0,collision,
97,63,-204.26,5.00,122.31,0.0057,0.2291,0,collision,
98,70,-228.53,2.97,160.69,0.0041,0.0000,0,collision,
99,180,-125.97,13.12,554.74,0.0021,0.0315,0,collision,
100,7,-205.87,0.80,4.61,0.0778,0.0000,0,collision,
588,181,-108.76,14.76,617.31,0.0007,0.0050,0,collision,
589,17,-197.17,5.27,115.21,0.0000,0.0000,0,collision,
590,49,-167.10,12.65,103.83,0.0084,0.0219,0,collision,
591,108,-150.57,9.96,392.09,0.0095,0.0067,0,collision,
592,4,-203.07,0.48,1.24,0.0790,0.0000,0,collision,
593,152,-95.32,14.39,577.64,0.0105,0.0247,0,collision,
594,92,-165.03,8.93,357.34,0.0217,0.0062,0,collision,
595,87,-146.29,9.57,442.49,0.0191,0.0176,0,collision,
596,240,-142.87,7.22,766.04,0.0032,0.0017,0,collision,
597,38,-182.46,6.99,190.80,0.0068,0.0000,0,collision,
598,62,-196.18,8.58,164.36,0.0053,0.0268,0,collision,
599,50,-196.85,5.50,196.12,0.0181,0.0000,0,collision,
600,82,-153.22,10.05,341.22,0.0061,0.0160,0,collision,
601,24,-193.79,9.09,112.19,0.0437,0.1154,0,collision,
602,37,-224.36,1.86,55.01,0.0433,0.0000,0,collision,
603,9,-210.38,0.32,2.53,0.0239,0.0000,0,collision,
604,6,-205.73,0.73,4.30,0.2498,0.0000,0,collision,
605,37,-188.69,5.95,150.58,0.0452,0.0000,0,collision,
606,46,-167.77,14.38,39.30,0.0435,0.0377,0,collision,
607,7,-200.50,2.90,26.55,0.0000,0.2306,0,collision,
608,37,-166.31,18.80,79.50,0.0376,0.0000,0,collision,
609,246,-96.86,8.71,914.36,0.0046,0.0088,0,collision,
610,31,-211.00,3.04,63.97,0.0047,0.0681,0,collision,
611,40,-171.99,11.48,181.73,0.0288,0.0029,0,collision,
612,26,-208.44,2.79,66.04,0.0359,0.0000,0,collision,
613,6,-203.69,1.15,4.03,0.0753,0.0000,0,collision,
614,6,-205.47,0.47,2.20,0.0000,0.0000,0,collision,
615,131,-143.67,11.91,427.63,0.0049,0.0048,0,collision,
616,42,-180.93,9.42,257.42,0.0131,0.0082,0,collision,
617,91,-127.03,15.39,324.09,0.0175,0.0199,0,collision,
618,66,-168.25,9.22,216.64,0.0288,0.0000,0,collision,
619,34,-189.75,6.65,152.86,0.0341,0.0801,0,collision,
620,77,-178.37,7.66,289.88,0.0198,0.0000,0,collision,
621,72,-176.64,8.39,198.35,0.0028,0.0000,0,collision,
622,96,-152.08,6.63,424.49,0.0109,0.0054,0,collision,
623,2,-200.33,0.68,1.13,0.0084,0.0000,0,collision,
624,48,-182.04,8.06,276.81,0.0120,0.0000,0,collision,
625,14,-215.40,0.61,6.06,0.0571,0.0000,0,collision,
626,35,-180.78,7.55,247.70,0.0487,0.0423,0,collision,
627,149,-128.24,8.58,448.61,0.0040,0.0348,0,collision,
628,245,-200.12,8.25,489.45,0.0043,0.0056,0,collision,
629,15,-199.88,3.80,38.71,0.0300,0.0000,0,collision,
630,195,-156.12,6.29,670.76,0.0093,0.0000,0,collision,
631,260,338.22,8.79,1019.00,0.0000,0.0000,1,goal,
632,98,-177.06,5.28,408.63,0.0007,0.0000,0,collision,
633,153,-186.69,4.46,423.56,0.0028,0.0111,0,collision,
634,42,-195.13,3.53,105.68,0.0453,0.0226,0,collision,
635,5,-198.23,3.69,27.18,0.1242,0.0000,0,collision,
636,45,-185.25,8.07,114.41,0.0021,0.0023,0,collision,
637,141,303.55,16.42,113.07,0.0000,0.0000,1,goal,
638,144,-243.20,6.26,306.87,0.0000,0.0048,0,collision,
639,275,339.24,9.23,1142.49,0.0000,0.0095,1,goal,
101,138,-113.75,10.93,598.63,0.0024,0.0164,0,collision,
102,139,-114.83,11.98,670.18,0.0072,0.0090,0,collision,
103,54,-171.53,10.65,113.79,0.0287,0.0250,0,collision,
104,11,-204.57,1.63,16.95,0.0242,0.0000,0,collision,
105,35,-182.30,8.88,227.48,0.0089,0.0000,0,collision,
106,20,-187.52,8.74,148.69,0.0000,0.0000,0,collision,
107,50,-168.97,14.26,105.27,0.0365,0.0000,0,collision,
108,13,-212.61,1.03,12.40,0.0130,0.0000,0,collision,
109,68,-153.08,12.91,303.03,0.0114,0.0103,0,collision,
110,65,-143.85,25.34,222.27,0.0210,0.0215,0,collision,
640,49,-176.27,9.76,228.30,0.0192,0.0000,0,collision,
641,135,-115.38,15.07,127.17,0.0033,0.0081,0,collision,
642,75,-137.89,19.94,69.27,0.0256,0.0000,0,collision,
643,95,97.85,24.27,182.62,0.0041,0.0000,0,removed_unknown,
644,51,-164.52,12.93,106.01,0.0000,0.0322,0,collision,
645,93,-157.95,7.10,440.19,0.0159,0.0166,0,collision,
646,5,-198.33,3.04,14.60,0.2674,0.0000,0,collision,
647,166,297.84,15.37,326.25,0.0000,0.0028,1,goal,
648,31,-183.17,8.15,180.27,0.0245,0.0000,0,collision,
649,109,299.93,21.44,108.00,0.0000,0.0044,1,goal,
650,42,-182.36,5.52,142.69,0.0000,0.0155,0,collision,
651,72,-167.61,14.04,133.02,0.0261,0.0290,0,collision,
652,93,264.95,18.31,196.23,0.0000,0.0000,1,goal,
653,63,-160.25,13.27,229.05,0.0317,0.0613,0,collision,
654,136,-103.82,14.64,358.88,0.0056,0.0078,0,collision,
655,156,319.48,15.03,430.73,0.0000,0.0000,1,goal,
656,47,-166.92,13.22,227.08,0.0373,0.0241,0,collision,
657,222,330.67,13.02,725.43,0.0000,0.0260,1,goal,
658,89,-120.81,20.10,195.27,0.0055,0.0000,0,collision,
659,39,-169.96,16.30,51.79,0.0339,0.0571,0,collision,
660,63,-165.07,11.13,435.81,0.0005,0.0507,0,collision,
661,144,334.68,21.33,348.95,0.0000,0.0048,1,goal,
662,117,-128.97,11.51,628.35,0.0053,0.0339,0,collision,
663,89,-141.11,20.23,40.63,0.0002,0.0447,0,collision,
664,75,-132.34,25.65,65.47,0.0000,0.0151,0,collision,
665,246,-221.19,9.72,211.70,0.0001,0.0033,0,collision,
666,15,-191.00,6.75,111.25,0.0125,0.0000,0,collision,
667,129,273.94,17.38,367.34,0.0000,0.0393,1,goal,
668,32,-174.35,17.65,129.38,0.0341,0.0057,0,collision,
669,47,-156.06,21.66,26.54,0.0326,0.0257,0,collision,
670,45,-171.21,15.10,73.25,0.0159,0.0139,0,collision,
671,31,-177.07,13.88,98.19,0.0203,0.0000,0,collision,
672,58,-138.19,25.27,38.17,0.0102,0.0000,0,collision,
673,90,-129.09,17.85,238.25,0.0034,0.0357,0,collision,
674,11,-195.82,4.70,45.38,0.0870,0.0000,0,collision,
675,26,-187.17,12.68,112.43,0.0728,0.0581,0,collision,
676,121,312.24,19.39,332.63,0.0000,0.0000,1,goal,
677,55,-172.91,11.04,188.58,0.0197,0.0412,0,collision,
678,36,-169.88,20.16,105.25,0.0517,0.0623,0,collision,
679,55,-188.69,6.76,187.24,0.0132,0.0306,0,collision,
680,102,-160.91,17.00,287.98,0.0019,0.0038,0,collision,
681,141,-93.42,15.85,240.92,0.0098,0.0072,0,collision,
682,22,-186.49,7.97,146.17,0.0585,0.0000,0,collision,
683,109,300.60,22.56,69.85,0.0000,0.0000,1,goal,
684,42,-169.36,13.79,269.92,0.0099,0.0331,0,collision,
685,112,309.85,22.09,114.72,0.0000,0.0000,1,goal,
686,74,-148.17,17.78,254.06,0.0270,0.0143,0,collision,
687,50,-169.67,12.74,151.57,0.0360,0.1177,0,collision,
688,2,-201.66,0.00,0.10,0.9224,0.0000,0,collision,
689,59,-144.50,22.25,46.31,0.0128,0.0172,0,collision,
690,66,-171.14,13.04,227.24,0.0248,0.0129,0,collision,
691,82,-129.83,16.85,239.99,0.0069,0.0075,0,collision,
111,3,-202.17,0.59,1.29,0.5091,0.0000,0,collision,
112,198,-79.51,12.54,768.11,0.0094,0.0117,0,collision,
113,28,-188.02,9.79,127.27,0.0596,0.1598,0,collision,
114,43,-166.71,14.67,200.93,0.0168,0.0000,0,collision,
115,45,-167.35,14.60,186.55,0.0397,0.0440,0,collision,
116,72,-148.22,16.65,209.44,0.0105,0.0508,0,collision,
117,40,-165.80,20.17,143.27,0.0421,0.0293,0,collision,
118,94,-178.90,8.09,390.34,0.0101,0.0394,0,collision,
119,47,-170.64,13.36,103.36,0.0005,0.0277,0,collision,
120,25,-200.64,3.34,72.18,0.0403,0.0544,0,collision,
692,65,-181.44,15.21,226.11,0.0032,0.0028,0,collision,
693,4,-200.53,1.56,7.56,0.0779,0.0000,0,collision,
694,144,-109.96,13.81,557.23,0.0066,0.0058,0,collision,
695,124,-112.15,11.70,470.66,0.0057,0.0221,0,collision,
696,43,-173.24,12.86,130.19,0.0187,0.0243,0,collision,
697,253,207.86,10.36,620.82,0.0000,0.0034,1,goal,
698,27,-194.37,4.77,103.42,0.0223,0.0000,0,collision,
699,109,-125.92,16.34,283.21,0.0157,0.0123,0,collision,
700,66,-151.14,16.63,104.64,0.0208,0.0204,0,collision,
701,27,-206.78,2.76,49.25,0.0741,0.0435,0,collision,
702,10,-200.02,3.54,48.94,0.0159,0.0000,0,collision,
703,7,-203.43,1.35,10.37,0.1810,0.0178,0,collision,
704,62,-149.11,17.12,240.85,0.0158,0.0000,0,collision,
705,53,-162.13,12.85,246.08,0.0029,0.0322,0,collision,
706,69,-145.69,16.89,101.78,0.0162,0.0062,0,collision,
707,118,-141.95,8.44,477.17,0.0110,0.0174,0,collision,
708,119,-152.06,8.97,374.24,0.0050,0.0203,0,collision,
709,30,-187.33,5.89,188.12,0.0228,0.0061,0,collision,
710,95,-115.32,19.52,-166.71,0.0121,0.0249,0,collision,
711,10,-197.26,4.93,71.28,0.0255,0.0446,0,collision,
712,101,-122.16,18.09,344.06,0.0134,0.0218,0,collision,
713,37,-173.84,17.86,116.11,0.0000,0.0368,0,collision,
714,48,-166.62,16.26,130.39,0.0109,0.1107,0,collision,
715,176,-120.15,8.75,784.47,0.0114,0.0559,0,collision,
716,67,-153.83,16.33,105.26,0.0152,0.0000,0,collision,
717,24,-186.99,7.13,79.28,0.0833,0.0000,0,collision,
718,50,-167.44,12.64,123.83,0.0000,0.0484,0,collision,
719,8,-200.30,2.16,9.74,0.0003,0.0000,0,collision,
720,77,-137.15,24.77,254.89,0.0000,0.0000,0,collision,
721,135,-116.35,13.30,405.37,0.0047,0.0069,0,collision,
722,36,-181.19,10.77,222.26,0.0556,0.0000,0,collision,
723,122,310.78,22.73,248.04,0.0000,0.0000,1,goal,
724,59,-151.67,15.20,185.94,0.0205,0.0000,0,collision,
725,52,-170.86,15.14,6.60,0.0056,0.0593,0,collision,
726,61,-159.13,15.24,182.82,0.0007,0.0130,0,collision,
727,160,341.52,18.87,-58.17,0.0000,0.0046,1,goal,
728,57,-142.24,25.23,59.41,0.0000,0.0106,0,collision,
729,115,-196.71,9.04,235.00,0.0023,0.0401,0,collision,
730,15,-212.60,1.14,13.43,0.0000,0.0000,0,collision,
731,15,-198.31,4.56,88.46,0.0370,0.0000,0,collision,
732,83,-146.84,12.02,416.27,0.0031,0.0000,0,collision,
733,98,-101.46,26.82,-149.33,0.0023,0.0240,0,collision,
734,7,-203.12,1.47,8.20,0.1329,0.0000,0,collision,
735,67,-156.89,8.40,402.50,0.0126,0.0321,0,collision,
736,153,335.57,19.36,-45.19,0.0000,0.0238,1,goal,
737,59,-161.44,8.63,371.58,0.0007,0.0000,0,collision,
738,80,-169.01,6.88,373.02,0.0163,0.0420,0,collision,
739,26,-185.93,9.23,228.27,0.0062,0.0475,0,collision,
740,54,-177.21,11.88,156.88,0.0053,0.0212,0,collision,
741,45,-162.89,15.08,132.26,0.0006,0.0000,0,collision,
742,61,-142.35,24.96,-38.81,0.0098,0.0068,0,collision,
743,149,-196.65,9.69,401.98,0.0002,0.0196,0,collision,
744,76,-146.49,18.99,110.84,0.0023,0.0187,0,collision,
745,101,-125.53,15.31,214.71,0.0000,0.0037,0,collision,
746,187,-104.66,10.75,940.32,0.0056,0.0099,0,collision,
121,115,-87.47,24.48,108.47,0.0000,0.0046,0,collision,
122,6,-199.13,3.37,38.44,0.0000,0.0000,0,collision,
123,48,-171.10,13.41,215.65,0.0417,0.0245,0,collision,
124,46,-164.86,14.41,108.71,0.0352,0.0694,0,collision,
125,76,-159.14,14.99,188.25,0.0263,0.0000,0,collision,
126,95,-135.79,16.92,269.64,0.0000,0.0038,0,collision,
127,40,-165.80,19.91,57.63,0.0476,0.0189,0,collision,
128,6,-206.39,0.40,1.86,0.0000,0.0364,0,collision,
129,119,-278.55,3.95,357.64,0.0076,0.0329,0,collision,
130,44,-159.08,20.07,132.70,0.0322,0.0224,0,collision,
747,161,34.98,18.69,587.45,0.0106,0.0000,0,removed_unknown,
748,44,-166.84,14.56,162.04,0.0187,0.0173,0,collision,
749,38,-176.44,11.33,173.75,0.0319,0.0929,0,collision,
750,88,-168.49,11.42,295.63,0.0029,0.0685,0,collision,
751,87,-151.39,12.25,295.06,0.0037,0.0228,0,collision,
752,66,-151.93,15.46,102.29,0.0088,0.0215,0,collision,
753,37,-164.59,22.71,54.40,0.0345,0.0000,0,collision,
754,36,-169.10,16.90,84.02,0.0305,0.0000,0,collision,
755,119,300.39,20.70,229.86,0.0000,0.0221,1,goal,
756,31,-171.69,19.50,128.72,0.0615,0.0000,0,collision,
757,57,-155.05,17.47,172.89,0.0104,0.0133,0,collision,
758,113,-102.13,18.84,162.27,0.0119,0.0117,0,collision,
759,101,-112.69,17.81,-45.41,0.0198,0.0079,0,collision,
760,57,-142.28,23.58,120.17,0.0000,0.0143,0,collision,
761,108,-104.67,21.82,115.55,0.0068,0.0095,0,collision,
762,31,-179.89,9.09,154.26,0.0407,0.0503,0,collision,
763,4,-203.51,0.00,0.30,0.3331,0.0000,0,collision,
764,11,-198.71,3.16,42.51,0.1810,0.0363,0,collision,
765,27,-185.95,5.96,154.75,0.0229,0.0000,0,collision,
766,43,-166.60,15.52,35.96,0.0277,0.0807,0,collision,
767,92,-145.04,19.22,195.96,0.0121,0.0250,0,collision,
768,71,-136.50,19.86,87.23,0.0183,0.0067,0,collision,
769,43,-162.10,19.41,44.92,0.0465,0.0185,0,collision,
770,97,-134.64,15.44,304.61,0.0000,0.0037,0,collision,
771,8,-198.97,3.27,20.93,0.0392,0.1100,0,collision,
772,99,-132.32,13.27,157.79,0.0086,0.0202,0,collision,
773,14,-194.67,7.32,154.35,0.0220,0.0000,0,collision,
774,64,-157.36,12.99,220.43,0.0312,0.0577,0,collision,
775,42,-166.30,15.35,230.40,0.0194,0.0254,0,collision,
776,147,-197.06,8.50,375.23,0.0111,0.0038,0,collision,
777,30,-188.26,8.28,197.14,0.0484,0.0529,0,collision,
778,60,-156.53,13.84,293.21,0.0024,0.0212,0,collision,
779,45,-166.39,14.56,108.71,0.0046,0.0242,0,collision,
780,24,-182.34,15.12,146.07,0.0763,0.0598,0,collision,
781,138,-218.56,9.07,202.32,0.0129,0.0026,0,collision,
782,20,-191.80,5.28,80.95,0.0635,0.0068,0,collision,
783,81,-127.03,20.35,14.59,0.0087,0.0254,0,collision,
784,62,-157.46,11.57,180.83,0.0304,0.0000,0,collision,
785,34,-171.92,15.62,186.75,0.0196,0.0228,0,collision,
786,104,-106.83,19.76,174.63,0.0127,0.0137,0,collision,
787,36,-172.89,14.11,82.49,0.0499,0.0469,0,collision,
788,74,-153.30,18.42,207.02,0.0000,0.0325,0,collision,
789,207,286.38,12.37,688.21,0.0000,0.0706,1,goal,
790,8,-203.81,1.46,9.37,0.0646,0.0000,0,collision,
791,49,-190.92,7.39,225.46,0.0000,0.0321,0,collision,
792,95,-172.88,10.42,146.62,0.0092,0.1264,0,collision,
793,74,-146.96,13.54,158.13,0.0159,0.0242,0,collision,
794,31,-181.45,9.40,257.21,0.0166,0.0395,0,collision,
795,47,-153.51,24.53,68.98,0.0083,0.0161,0,collision,
796,56,-174.01,12.79,87.10,0.0304,0.0302,0,collision,
797,24,-188.26,11.28,176.22,0.0000,0.0318,0,collision,
798,98,-145.58,15.85,96.73,0.0088,0.0059,0,collision,
799,246,-184.48,9.12,709.41,0.0012,0.0632,0,collision,
800,12,-193.06,6.83,92.91,0.0000,0.0000,0,collision,
801,56,-156.01,12.93,252.77,0.0063,0.0000,0,collision,
802,88,-123.44,17.83,7.28,0.0002,0.0000,0,collision,
803,33,-172.95,16.21,100.78,0.0064,0.0000,0,collision,
804,32,-182.68,5.96,143.58,0.0511,0.0000,0,collision,
805,21,-185.86,9.03,177.17,0.0176,0.0000,0,collision,
806,8,-201.48,2.93,44.83,0.2500,0.0000,0,collision,
807,18,-189.02,6.28,86.26,0.0000,0.0000,0,collision,
808,206,-213.17,9.24,106.13,0.0061,0.0138,0,collision,
131,81,-162.79,10.56,156.47,0.0016,0.0090,0,collision,
132,149,-151.69,12.32,493.53,0.0109,0.0113,0,collision,
133,110,302.83,22.40,-126.33,0.0000,0.0000,1,goal,
134,82,287.45,27.52,-46.82,0.0000,0.0110,1,goal,
135,79,-138.10,16.19,203.68,0.0134,0.0169,0,collision,
136,150,-186.88,8.21,614.98,0.0075,0.0279,0,collision,
137,117,-173.02,7.43,602.72,0.0104,0.0396,0,collision,
138,36,-180.72,9.61,161.36,0.0374,0.0000,0,collision,
139,43,-185.72,7.36,201.76,0.0015,0.0316,0,collision,
140,71,-154.11,11.81,196.17,0.0100,0.0575,0,collision,
809,219,70.15,18.07,204.70,0.0015,0.0119,0,removed_unknown,
810,26,-176.53,18.19,101.54,0.0769,0.0000,0,collision,
811,58,-162.23,10.39,327.45,0.0010,0.0831,0,collision,
812,124,315.73,19.95,-19.44,0.0000,0.0000,1,goal,
813,204,313.79,13.49,457.54,0.0000,0.0019,1,goal,
814,84,-128.48,17.81,181.81,0.0189,0.0222,0,collision,
815,50,-164.40,14.58,130.64,0.0330,0.0501,0,collision,
816,157,-62.95,18.43,-103.91,0.0000,0.0118,0,collision,
817,108,-93.09,24.00,10.78,0.0068,0.0102,0,collision,
818,66,-134.94,24.22,27.20,0.0265,0.0212,0,collision,
819,128,-139.09,11.76,200.49,0.0150,0.0322,0,collision,
820,147,-195.86,9.02,363.51,0.0101,0.0189,0,collision,
821,1,-200.00,0.00,0.00,0.0000,0.0000,0,collision,
822,39,-167.92,16.53,124.37,0.0144,0.0315,0,collision,
823,10,-202.54,2.30,21.24,0.1038,0.0000,0,collision,
824,48,-176.84,12.03,119.34,0.0042,0.0292,0,collision,
825,140,-101.86,16.91,109.22,0.0039,0.0095,0,collision,
826,101,-148.05,9.91,460.93,0.0189,0.0151,0,collision,
827,85,-141.24,11.36,378.08,0.0102,0.0563,0,collision,
828,28,-183.52,7.35,175.98,0.0545,0.0000,0,collision,
829,19,-196.46,4.30,102.32,0.0371,0.0561,0,collision,
830,5,-202.05,1.54,8.52,0.0000,0.0000,0,collision,
831,33,-176.86,15.15,185.81,0.0606,0.0144,0,collision,
832,104,-130.33,12.60,423.72,0.0000,0.0168,0,collision,
833,101,-122.30,15.91,68.66,0.0075,0.0037,0,collision,
834,185,-202.10,7.44,517.44,0.0005,0.0000,0,collision,
835,203,320.36,12.10,314.04,0.0000,0.0023,1,goal,
836,9,-197.52,4.33,47.30,0.0376,0.0000,0,collision,
837,220,-272.89,4.77,401.30,0.0030,0.0000,0,collision,
838,105,-120.49,15.14,150.63,0.0042,0.0349,0,collision,
839,76,-152.42,12.73,363.71,0.0034,0.1227,0,collision,
840,63,-155.64,12.84,389.01,0.0000,0.0145,0,collision,
841,8,-199.71,2.87,17.46,0.1399,0.0000,0,collision,
842,177,-91.10,14.67,339.11,0.0077,0.0089,0,collision,
843,130,-99.65,14.11,146.80,0.0127,0.0077,0,collision,
844,9,-200.89,2.47,13.03,0.0613,0.2092,0,collision,
845,143,311.56,15.44,-60.36,0.0000,0.0000,1,goal,
846,27,-183.48,11.03,120.91,0.0406,0.0513,0,collision,
847,8,-200.56,2.62,19.14,0.2063,0.0000,0,collision,
848,141,319.49,18.48,66.97,0.0000,0.0046,1,goal,
849,52,-159.22,15.56,22.20,0.0342,0.0316,0,collision,
850,54,-162.38,12.92,243.59,0.0066,0.0421,0,collision,
851,97,-119.35,16.30,163.32,0.0169,0.0244,0,collision,
852,117,-125.51,11.90,597.17,0.0000,0.0000,0,collision,
853,172,-73.40,13.26,592.49,0.0044,0.0114,0,collision,
141,24,-197.04,5.31,107.90,0.0381,0.0000,0,collision,
142,129,-158.39,8.98,280.01,0.0022,0.0362,0,collision,
143,177,331.41,12.52,690.94,0.0000,0.0000,1,goal,
144,7,-204.59,1.10,7.55,0.1732,0.0000,0,collision,
145,160,312.30,14.63,416.23,0.0000,0.0000,1,goal,
146,19,-198.30,3.54,49.01,0.0451,0.0000,0,collision,
147,244,316.36,10.30,1071.35,0.0000,0.0074,1,goal,
148,7,-204.55,1.10,7.20,0.0567,0.0416,0,collision,
149,5,-203.51,0.86,5.40,0.0000,0.0000,0,collision,
150,1,-200.00,0.00,0.00,0.0000,0.0000,0,collision,
854,149,-192.30,8.49,654.33,0.0069,0.1032,0,collision,
855,117,-215.34,5.08,296.38,0.0171,0.1674,0,collision,
856,122,-119.25,15.04,173.53,0.0052,0.0162,0,collision,
857,182,342.44,12.77,646.13,0.0000,0.0000,1,goal,
858,140,-104.60,12.67,460.92,0.0104,0.0328,0,collision,
859,38,-173.22,11.65,210.68,0.0109,0.0000,0,collision,
860,189,-108.59,10.78,462.30,0.0049,0.0536,0,collision,
861,54,-179.77,7.35,224.33,0.0021,0.0325,0,collision,
862,191,322.72,14.75,495.62,0.0000,0.0000,1,goal,
863,7,-197.04,3.60,23.12,0.1051,0.0000,0,collision,
864,157,-99.83,12.06,336.63,0.0049,0.0214,0,collision,
865,365,339.59,7.42,1319.77,0.0000,0.0173,1,goal,
866,148,321.95,15.33,367.70,0.0000,0.0199,1,goal,
867,210,335.74,12.16,745.45,0.0000,0.0004,1,goal,
868,2,-200.32,1.04,2.51,0.0131,0.0000,0,collision,
869,172,350.19,16.74,185.18,0.0000,0.0000,1,goal,
870,4,-201.37,1.56,10.04,0.3558,0.0000,0,collision,
871,2,-200.32,1.04,2.51,0.5339,0.0000,0,collision,
872,92,-166.97,8.84,353.44,0.0217,0.0000,0,collision,
873,41,-167.86,19.47,173.22,0.0308,0.0546,0,collision,
874,91,-138.11,15.81,61.77,0.0024,0.0095,0,collision,
875,140,-119.45,12.07,547.88,0.0001,0.0000,0,collision,
876,60,-158.54,11.80,213.56,0.0177,0.0000,0,collision,
877,25,-188.72,7.35,183.64,0.0000,0.0000,0,collision,
878,55,-143.22,25.09,-66.61,0.0000,0.0276,0,collision,
879,46,-188.00,5.91,178.67,0.0000,0.0313,0,collision,
880,59,-260.14,0.99,38.24,0.0029,0.0118,0,collision,
881,8,-197.46,3.51,31.01,0.1011,0.0000,0,collision,
882,185,-75.52,15.12,289.74,0.0024,0.0081,0,collision,
883,109,-201.86,8.07,158.36,0.0074,0.1292,0,collision,
884,133,-96.07,17.55,33.14,0.0146,0.0175,0,collision,
885,229,-59.39,11.24,826.64,0.0087,0.0104,0,collision,
886,77,-174.46,7.88,279.28,0.0146,0.0000,0,collision,
887,59,-173.94,6.05,261.53,0.0028,0.0000,0,collision,
888,97,-129.64,14.35,483.78,0.0077,0.0779,0,collision,
889,41,-196.86,6.84,188.62,0.0343,0.0589,0,collision,
890,39,-165.08,17.47,149.25,0.0249,0.0000,0,collision,
891,117,-150.25,13.57,127.80,0.0171,0.1099,0,collision,
892,95,-147.01,16.67,246.66,0.0007,0.0360,0,collision,
151,45,-166.43,18.27,21.84,0.0242,0.0189,0,collision,
152,3,-202.08,0.69,2.61,0.4169,0.0000,0,collision,
153,219,291.63,11.60,617.76,0.0000,0.0858,1,goal,
154,104,301.90,23.55,46.25,0.0000,0.0034,1,goal,
155,227,298.75,11.00,626.94,0.0000,0.0030,1,goal,
156,92,-175.66,7.50,337.91,0.0217,0.0152,0,collision,
157,42,-179.43,8.33,197.37,0.0028,0.0288,0,collision,
158,44,-161.19,19.31,149.93,0.0353,0.0134,0,collision,
159,64,-164.11,16.11,117.08,0.0016,0.0263,0,collision,
160,101,281.09,23.88,208.85,0.0000,0.0000,1,goal,
893,280,-209.93,11.13,784.79,0.0064,0.0052,0,collision,
894,2,-200.32,0.90,1.92,0.0655,0.0000,0,collision,
895,48,-214.64,5.77,102.77,0.0000,0.2964,0,collision,
896,73,-143.48,14.38,275.53,0.0060,0.0120,0,collision,
897,91,-116.39,23.68,-2.11,0.0101,0.0175,0,collision,
898,23,-195.10,7.61,139.54,0.0169,0.0000,0,collision,
899,39,-167.25,16.66,95.79,0.0153,0.0228,0,collision,
900,279,238.87,9.07,542.91,0.0000,0.0764,1,goal,
901,77,-146.38,16.68,227.63,0.0061,0.0288,0,collision,
902,51,-169.87,11.27,247.46,0.0070,0.0813,0,collision,
903,211,305.92,13.22,448.24,0.0000,0.0935,1,goal,
904,23,-185.01,9.19,206.90,0.0870,0.0000,0,collision,
905,4,-204.23,0.00,0.30,0.1308,0.0000,0,collision,
906,103,-140.63,11.62,271.74,0.0013,0.0983,0,collision,
907,144,309.13,15.18,481.80,0.0000,0.0000,1,goal,
908,50,-160.95,13.61,148.62,0.0066,0.0000,0,collision,
909,114,294.87,20.13,109.01,0.0000,0.0036,1,goal,
910,59,-149.00,24.04,81.98,0.0229,0.0184,0,collision,
911,16,-191.77,5.12,69.54,0.0000,0.0000,0,collision,
912,32,-196.73,5.90,146.30,0.0000,0.0663,0,collision,
913,181,-77.66,12.14,744.02,0.0008,0.0000,0,collision,
914,10,-195.71,5.19,87.02,0.0000,0.0000,0,collision,
915,80,295.38,32.10,110.31,0.0000,0.0000,1,goal,
916,65,-151.06,18.17,63.80,0.0160,0.0460,0,collision,
917,157,-100.11,13.78,475.27,0.0096,0.0832,0,collision,
918,6,-205.69,0.77,4.58,0.2089,0.0000,0,collision,
919,69,-136.90,21.25,-71.61,0.0000,0.0277,0,collision,
920,146,-173.08,7.34,484.59,0.0137,0.0041,0,collision,
921,21,-202.37,2.53,42.74,0.0000,0.0000,0,collision,
922,33,-224.11,1.45,35.54,0.0191,0.0169,0,collision,
923,169,-155.75,7.81,565.79,0.0076,0.0095,0,collision,
924,17,-188.76,9.04,171.57,0.0623,0.0000,0,collision,
925,118,-250.92,5.63,134.51,0.0016,0.3114,0,collision,
926,21,-190.71,6.94,109.23,0.0889,0.0000,0,collision,
927,165,322.48,16.47,361.57,0.0000,0.0054,1,goal,
928,18,-196.27,4.39,81.94,0.0795,0.0000,0,collision,
929,35,-214.48,2.15,51.53,0.0416,0.0000,0,collision,
930,213,-188.00,5.47,609.74,0.0082,0.0078,0,collision,
931,288,-125.56,7.83,906.39,0.0000,0.0103,0,collision,
932,152,297.93,15.71,208.93,0.0000,0.0000,1,goal,
933,196,-184.34,8.88,229.02,0.0063,0.0364,0,collision,
934,97,305.28,26.47,-197.04,0.0000,0.0010,1,goal,
935,74,-158.45,13.08,100.29,0.0100,0.0468,0,collision,
936,115,257.94,20.07,250.02,0.0000,0.0549,1,goal,
937,25,-181.50,13.05,151.81,0.0296,0.0000,0,collision,
161,5,-204.11,0.45,1.99,0.2626,0.0000,0,collision,
162,103,-121.46,15.02,244.33,0.0000,0.0018,0,collision,
163,23,-184.71,11.88,154.58,0.0870,0.0938,0,collision,
164,18,-201.46,3.34,50.47,0.0265,0.0000,0,collision,
165,158,-156.35,9.61,339.14,0.0000,0.0110,0,collision,
166,53,-171.53,7.30,271.32,0.0028,0.0000,0,collision,
167,164,245.61,14.47,113.14,0.0000,0.0050,1,goal,
168,109,-190.25,9.24,282.28,0.0027,0.0271,0,collision,
169,164,-105.40,12.40,577.75,0.0000,0.0233,0,collision,
170,88,-172.93,9.48,245.59,0.0172,0.0160,0,collision,
938,209,-146.60,12.21,1093.22,0.0000,0.0155,0,collision,
939,40,-174.00,12.32,160.78,0.0000,0.0229,0,collision,
940,32,-173.23,17.14,112.15,0.0183,0.0216,0,collision,
941,7,-203.21,1.75,21.91,0.0000,0.0000,0,collision,
942,18,-213.09,1.41,19.09,0.0369,0.0000,0,collision,
943,105,-132.75,14.38,272.59,0.0151,0.0804,0,collision,
944,158,268.17,15.53,315.93,0.0000,0.0000,1,goal,
945,17,-196.12,4.20,69.05,0.1176,0.0000,0,collision,
946,54,-194.32,4.56,164.80,0.0000,0.0209,0,collision,
947,48,-157.53,24.17,166.00,0.0000,0.0000,0,collision,
948,60,-146.59,23.23,118.80,0.0333,0.0059,0,collision,
949,110,306.62,22.55,173.34,0.0000,0.0000,1,goal,
950,123,-141.29,12.24,211.11,0.0000,0.0179,0,collision,
951,166,316.01,13.62,644.67,0.0000,0.0039,1,goal,
952,45,-189.17,4.29,140.54,0.0285,0.0000,0,collision,
953,165,-91.11,15.13,322.38,0.0051,0.0386,0,collision,
954,168,-149.01,10.51,28.30,0.0019,0.0000,0,collision,
955,154,-180.36,5.10,575.35,0.0044,0.0121,0,collision,
956,204,214.92,12.83,432.06,0.0000,0.0000,1,goal,
957,212,242.77,12.21,483.15,0.0000,0.1707,1,goal,
958,2,-200.86,0.00,0.10,0.8108,0.0000,0,collision,
959,39,-169.73,17.16,137.93,0.0010,0.0470,0,collision,
960,138,-113.38,15.76,270.38,0.0086,0.0052,0,collision,
961,162,-121.39,15.22,302.60,0.0123,0.0048,0,collision,
962,262,228.09,10.07,830.90,0.0000,0.1285,1,goal,
963,109,310.56,24.70,70.61,0.0000,0.0156,1,goal,
964,87,-112.84,23.27,163.88,0.0000,0.0105,0,collision,
965,16,-210.54,1.77,24.84,0.0553,0.0826,0,collision,
966,12,-207.82,1.51,14.33,0.0002,0.0287,0,collision,
967,12,-203.53,2.05,19.09,0.0097,0.0000,0,collision,
968,303,178.96,8.32,878.08,0.0000,0.0492,1,goal,
969,84,283.40,26.59,223.89,0.0000,0.0083,1,goal,
970,88,88.08,26.02,36.05,0.0164,0.0000,0,removed_unknown,
971,181,-157.60,11.75,212.83,0.0048,0.0424,0,collision,
972,46,-187.41,5.17,165.76,0.0005,0.0544,0,collision,
973,226,231.94,10.97,527.68,0.0000,0.0079,1,goal,
974,62,-142.92,22.41,77.81,0.0000,0.0000,0,collision,
171,16,-203.79,2.52,19.69,0.0825,0.0836,0,collision,
172,30,-200.85,3.42,93.23,0.0028,0.0164,0,collision,
173,113,295.80,20.61,2.61,0.0000,0.0000,1,goal,
174,105,-176.90,10.88,90.45,0.0000,0.0423,0,collision,
175,61,-151.77,17.79,44.01,0.0168,0.0385,0,collision,
176,103,-134.45,15.09,50.28,0.0020,0.0295,0,collision,
177,191,-128.48,12.71,199.54,0.0024,0.0101,0,collision,
178,75,-122.44,26.78,-73.57,0.0108,0.0057,0,collision,
179,95,-130.35,18.95,100.17,0.0105,0.0530,0,collision,
180,281,255.76,8.87,828.70,0.0000,0.0101,1,goal,
975,300,110.81,15.09,483.85,0.0024,0.0301,0,removed_unknown,
976,151,285.81,14.58,542.55,0.0000,0.0101,1,goal,
977,100,293.53,24.72,173.03,0.0000,0.0000,1,goal,
978,224,241.88,10.06,507.63,0.0000,0.0400,1,goal,
979,20,-188.01,9.78,167.49,0.0071,0.0805,0,collision,
980,37,-169.87,15.65,83.31,0.0229,0.0000,0,collision,
981,59,-194.15,4.58,289.00,0.0324,0.0025,0,collision,
982,45,-183.29,8.88,226.23,0.0000,0.0000,0,collision,
983,166,338.17,17.40,306.96,0.0000,0.0019,1,goal,
984,140,-175.09,12.45,312.64,0.0118,0.1113,0,collision,
985,177,-110.49,11.95,632.70,0.0061,0.0135,0,collision,
986,32,-170.90,19.34,59.10,0.0255,0.0000,0,collision,
987,54,-152.83,22.75,-40.14,0.0189,0.0456,0,collision,
988,99,293.08,23.13,95.56,0.0000,0.0000,1,goal,
989,69,-201.01,6.23,284.27,0.0000,0.0225,0,collision,
990,354,174.93,8.15,758.07,0.0000,0.0193,1,goal,
991,55,-143.44,28.16,29.54,0.0243,0.0144,0,collision,
992,131,-152.47,13.75,270.68,0.0089,0.1039,0,collision,
993,179,-122.30,10.42,454.77,0.0047,0.0049,0,collision,
994,112,-214.23,6.63,266.44,0.0000,0.0000,0,collision,
995,52,-187.45,5.30,190.52,0.0050,0.0000,0,collision,
996,202,299.03,12.71,447.84,0.0000,0.0031,1,goal,
997,181,292.70,15.15,127.79,0.0000,0.0463,1,goal,
998,109,-114.44,16.18,253.79,0.0000,0.0220,0,collision,
999,148,-110.31,13.58,447.85,0.0006,0.0101,0,collision,
1000,8,-203.88,2.12,29.09,0.0904,0.0529,0,collision,
1001,196,-128.85,12.32,296.78,0.0016,0.0282,0,collision,
1002,148,-196.31,11.24,217.68,0.0135,0.0018,0,collision,
1003,64,83.85,38.26,-29.88,0.0223,0.0000,0,removed_unknown,
1004,124,-81.92,21.15,241.19,0.0000,0.0035,0,collision,
1005,47,-160.13,19.48,98.40,0.0154,0.0426,0,collision,
1006,74,-148.09,14.95,294.60,0.0270,0.0000,0,collision,
1007,59,-152.70,14.97,141.97,0.0138,0.0000,0,collision,
1008,21,-195.34,5.11,114.28,0.0000,0.0000,0,collision,
1009,98,-115.35,16.19,327.59,0.0133,0.0000,0,collision,
1010,248,-178.43,8.96,534.46,0.0000,0.0271,0,collision,
181,112,305.85,22.52,175.01,0.0000,0.0000,1,goal,
182,49,-160.78,19.98,120.85,0.0000,0.0274,0,collision,
183,98,-98.13,26.41,-9.92,0.0000,0.0111,0,collision,
184,162,321.13,13.98,317.96,0.0000,0.0011,1,goal,
185,267,236.56,10.91,710.91,0.0000,0.0028,1,goal,
186,32,-171.22,18.76,79.26,0.0172,0.0000,0,collision,
187,172,35.98,14.10,311.49,0.0000,0.0000,0,removed_unknown,
188,86,-165.06,12.93,249.08,0.0150,0.0908,0,collision,
189,28,-177.09,16.79,33.14,0.0283,0.0000,0,collision,
190,107,-128.01,15.21,218.68,0.0000,0.0409,0,collision,
1011,26,-187.67,8.81,164.93,0.0070,0.0000,0,collision,
1012,114,-224.17,7.55,114.28,0.0024,0.1764,0,collision,
1013,1,-200.00,0.00,0.00,0.0000,0.0000,0,collision,
1014,52,-165.68,16.71,71.73,0.0059,0.0000,0,collision,
1015,221,-186.29,10.38,520.31,0.0075,0.0805,0,collision,
1016,73,-212.12,8.69,106.25,0.0069,0.3461,0,collision,
1017,147,-181.55,5.81,477.21,0.0000,0.0255,0,collision,
1018,8,-199.52,2.92,23.79,0.0429,0.0000,0,collision,
1019,107,-189.33,9.70,286.37,0.0110,0.0158,0,collision,
1020,81,-178.10,8.67,386.16,0.0000,0.0812,0,collision,
1021,130,317.60,19.44,-56.25,0.0000,0.0077,1,goal,
1022,125,-186.83,6.12,386.66,0.0081,0.0000,0,collision,
1023,132,-90.60,21.36,290.55,0.0087,0.0346,0,collision,
1024,136,-193.78,7.25,459.85,0.0113,0.0194,0,collision,
1025,81,-122.42,25.88,-1.74,0.0019,0.0191,0,collision,
1026,164,-207.79,7.35,338.20,0.0011,0.0269,0,collision,
1027,140,272.49,16.85,161.02,0.0000,0.0193,1,goal,
1028,211,-74.45,13.16,551.42,0.0002,0.0442,0,collision,
1029,36,-167.33,19.35,243.49,0.0028,0.0000,0,collision,
1030,239,-215.01,5.90,756.41,0.0014,0.0875,0,collision,
1031,90,-112.53,22.81,-2.67,0.0127,0.0149,0,collision,
1032,80,-178.68,4.95,324.71,0.0057,0.0000,0,collision,
1033,2,-200.32,1.04,2.51,0.0000,0.0000,0,collision,
1034,34,-175.63,15.16,120.40,0.0061,0.0417,0,collision,
1035,210,281.86,14.46,365.22,0.0000,0.0222,1,goal,
1036,113,-211.87,6.49,221.39,0.0054,0.0830,0,collision,
1037,90,-113.04,27.25,164.74,0.0023,0.0250,0,collision,
1038,142,-80.81,20.33,39.51,0.0019,0.0094,0,collision,
1039,83,291.27,28.09,37.69,0.0000,0.0098,1,goal,
1040,142,103.60,18.52,260.80,0.0035,0.0005,0,removed_unknown,
1041,110,86.16,20.38,287.54,0.0003,0.0038,0,removed_unknown,
1042,49,-164.98,10.71,253.69,0.0098,0.0168,0,collision,
1043,201,312.83,12.33,694.85,0.0000,0.0268,1,goal,
1044,83,-127.37,21.81,254.94,0.0190,0.0000,0,collision,
1045,10,-207.42,1.31,13.56,0.0485,0.0000,0,collision,
1046,40,-187.15,7.74,229.40,0.0369,0.0142,0,collision,
1047,60,-158.65,14.23,69.92,0.0175,0.0368,0,collision,
1048,68,-133.58,24.28,23.76,0.0294,0.0105,0,collision,
1049,206,301.23,12.91,538.00,0.0000,0.0072,1,goal,
191,161,-104.94,11.33,487.24,0.0116,0.0391,0,collision,
192,30,-194.96,4.04,102.72,0.0112,0.0000,0,collision,
193,261,-152.04,9.44,551.26,0.0077,0.1225,0,collision,
194,247,-147.97,9.39,306.55,0.0000,0.0060,0,collision,
195,110,-177.79,12.55,118.57,0.0062,0.2355,0,collision,
196,180,-226.24,4.00,505.01,0.0030,0.0040,0,collision,
197,245,303.01,10.46,666.91,0.0000,0.0083,1,goal,
198,93,-136.73,15.27,190.48,0.0131,0.0308,0,collision,
199,43,-167.07,15.88,81.90,0.0465,0.0226,0,collision,
200,94,257.31,18.89,-53.76,0.0000,0.0146,1,goal,
1050,166,115.13,26.37,543.63,0.0039,0.0000,0,removed_unknown,
1051,176,-133.22,12.84,241.27,0.0095,0.0023,0,collision,
1052,103,-105.48,23.01,-51.31,0.0179,0.0188,0,collision,
1053,101,-135.65,14.77,127.56,0.0198,0.0617,0,collision,
1054,358,-147.93,7.49,942.98,0.0026,0.0040,0,collision,
1055,360,-253.05,5.98,949.43,0.0023,0.0044,0,collision,
1056,70,-145.61,21.17,-1.61,0.0000,0.0222,0,collision,
1057,158,274.55,15.63,102.01,0.0000,0.1217,1,goal,
1058,27,-182.66,13.83,138.67,0.0741,0.0000,0,collision,
1059,107,-107.40,20.80,145.00,0.0000,0.0063,0,collision,
1060,126,309.16,21.43,190.15,0.0000,0.0000,1,goal,
1061,40,-167.87,15.90,96.37,0.0475,0.0000,0,collision,
1062,167,-134.31,12.39,338.63,0.0070,0.0374,0,collision,
1063,11,-193.49,7.05,74.09,0.1818,0.0000,0,collision,
1064,91,305.95,30.56,-69.23,0.0000,0.0000,1,goal,
1065,198,-150.16,11.03,460.76,0.0045,0.0139,0,collision,
1066,85,289.49,27.21,-110.26,0.0000,0.0068,1,goal,
1067,138,288.22,16.29,78.74,0.0000,0.0475,1,goal,
1068,367,208.52,7.70,736.69,0.0000,0.0061,1,goal,
1069,96,101.17,29.34,141.71,0.0132,0.0000,0,removed_unknown,
1070,230,290.62,11.27,585.56,0.0000,0.0000,1,goal,
1071,63,-140.59,24.81,82.58,0.0174,0.0073,0,collision,
1072,1,-200.00,0.00,0.00,0.0000,0.0000,0,collision,
1073,84,-124.68,20.38,32.88,0.0010,0.0005,0,collision,
1074,43,-206.44,7.63,94.39,0.0465,0.3941,0,collision,
1075,143,309.53,16.42,502.38,0.0000,0.0264,1,goal,
1076,164,320.75,16.91,359.39,0.0000,0.0037,1,goal,
1077,45,-203.87,6.70,178.02,0.0444,0.0000,0,collision,
1078,270,205.01,9.89,355.77,0.0000,0.0000,1,goal,
1079,31,-177.51,16.54,93.59,0.0347,0.0000,0,collision,
1080,7,-200.43,2.84,20.88,0.0350,0.0000,0,collision,
1081,140,-155.44,11.25,243.38,0.0042,0.0085,0,collision,
201,93,302.03,28.35,72.46,0.0000,0.0000,1,goal,
202,107,-127.80,13.52,327.72,0.0167,0.0000,0,collision,
203,2,-200.84,0.39,0.44,0.3142,0.0000,0,collision,
204,2,-200.32,1.04,2.51,1.0000,0.0000,0,collision,
205,147,-125.33,12.90,332.57,0.0130,0.0000,0,collision,
206,13,-199.02,3.03,29.80,0.0089,0.0000,0,collision,
207,42,-193.35,4.83,159.78,0.0476,0.0460,0,collision,
208,16,-193.29,6.75,120.61,0.0653,0.0000,0,collision,
209,301,253.63,9.53,751.63,0.0000,0.0065,1,goal,
210,43,-205.47,3.09,119.68,0.0000,0.0000,0,collision,
1082,50,-207.50,12.54,141.70,0.0162,0.0275,0,collision,
1083,160,-147.50,9.11,381.42,0.0041,0.0000,0,collision,
1084,193,277.61,12.23,401.49,0.0000,0.0089,1,goal,
1085,56,-182.34,4.59,208.78,0.0178,0.0000,0,collision,
1086,82,-141.55,20.30,83.43,0.0118,0.0029,0,collision,
1087,284,-200.47,7.72,736.29,0.0000,0.0259,0,collision,
1088,111,-216.64,6.03,245.38,0.0000,0.0055,0,collision,
1089,138,281.33,20.34,123.01,0.0000,0.0035,1,goal,
1090,80,-164.31,8.07,512.98,0.0089,0.0000,0,collision,
1091,68,-140.68,18.86,189.39,0.0038,0.0072,0,collision,
1092,58,-148.42,23.95,101.91,0.0036,0.0126,0,collision,
1093,75,-156.57,12.24,348.62,0.0031,0.0273,0,collision,
1094,1,-200.00,0.00,0.00,0.0000,0.0000,0,collision,
1095,109,298.94,22.11,-56.45,0.0000,0.0051,1,goal,
1096,105,-168.27,9.21,282.04,0.0000,0.0202,0,collision,
1097,212,-156.55,9.51,628.53,0.0006,0.0163,0,collision,
1098,45,-169.82,14.79,63.93,0.0444,0.1450,0,collision,
1099,131,311.14,19.32,259.50,0.0000,0.0149,1,goal,
1100,224,342.55,11.45,770.86,0.0000,0.0000,1,goal,
1101,48,-178.14,12.55,36.94,0.0332,0.0217,0,collision,
1102,22,-185.08,10.98,104.24,0.0000,0.0000,0,collision,
1103,107,-245.86,2.73,243.05,0.0000,0.2116,0,collision,
1104,206,-123.86,10.93,544.67,0.0000,0.0225,0,collision,
1105,109,290.69,24.06,-17.34,0.0000,0.0000,1,goal,
1106,71,-172.16,6.41,417.31,0.0000,0.0077,0,collision,
1107,74,-126.45,21.78,84.75,0.0139,0.0000,0,collision,
1108,50,-178.49,10.21,107.29,0.0000,0.0065,0,collision,
1109,131,-183.15,7.98,374.42,0.0035,0.0115,0,collision,
1110,141,-147.01,11.93,168.48,0.0023,0.0219,0,collision,
1111,152,117.92,18.12,228.71,0.0023,0.0222,0,removed_unknown,
1112,59,-169.58,16.98,86.69,0.0339,0.0300,0,collision,
1113,266,-268.45,7.43,492.92,0.0000,0.2249,0,collision,
1114,101,-142.21,10.91,273.63,0.0040,0.0000,0,collision,
1115,61,-145.39,21.32,30.69,0.0000,0.0173,0,collision,
1116,64,-141.55,21.27,-50.49,0.0135,0.0274,0,collision,
1117,144,313.19,19.70,318.21,0.0000,0.0029,1,goal,
211,240,-166.84,9.92,368.41,0.0026,0.0466,0,collision,
212,56,-179.40,5.73,261.73,0.0166,0.0000,0,collision,
213,57,-141.19,26.96,74.12,0.0000,0.0092,0,collision,
214,280,-100.15,9.70,542.13,0.0071,0.0121,0,collision,
215,102,-108.66,21.24,104.92,0.0059,0.0078,0,collision,
216,24,-187.22,8.71,118.19,0.0527,0.0000,0,collision,
217,276,-168.08,9.68,942.51,0.0057,0.0020,0,collision,
218,177,-138.90,9.19,517.97,0.0078,0.0124,0,collision,
219,207,280.88,13.33,335.12,0.0000,0.0048,1,goal,
220,4,-203.77,0.52,2.71,0.5000,0.0000,0,collision,
1118,133,-167.37,6.10,619.37,0.0083,0.0000,0,collision,
1119,180,321.13,14.94,248.28,0.0000,0.0440,1,goal,
1120,105,-252.48,3.10,259.40,0.0108,0.1831,0,collision,
1121,174,264.54,13.03,354.14,0.0000,0.0000,1,goal,
1122,158,-182.12,4.77,562.78,0.0127,0.0055,0,collision,
1123,13,-207.92,1.49,15.68,0.0162,0.0000,0,collision,
1124,51,-197.98,4.33,194.02,0.0242,0.0000,0,collision,
1125,93,288.72,24.69,217.37,0.0000,0.0000,1,goal,
1126,135,279.26,18.15,112.97,0.0000,0.0281,1,goal,
1127,2,-202.05,0.00,0.10,0.2029,0.2350,0,collision,
1128,191,-201.40,6.84,421.93,0.0000,0.0128,0,collision,
1129,43,-190.53,5.28,234.37,0.0000,0.0000,0,collision,
1130,153,316.45,18.66,289.44,0.0000,0.0000,1,goal,
1131,18,-212.42,1.58,17.13,0.0000,0.0530,0,collision,
1132,109,-134.55,13.08,404.51,0.0116,0.1146,0,collision,
1133,130,314.06,18.96,309.02,0.0000,0.0000,1,goal,
1134,70,-138.09,21.50,97.67,0.0087,0.0115,0,collision,
1135,91,-142.22,12.80,278.16,0.0159,0.0866,0,collision,
1136,8,-208.09,0.78,5.63,0.0000,0.0000,0,collision,
1137,152,283.58,16.39,187.04,0.0000,0.0153,1,goal,
1138,181,315.07,14.84,537.12,0.0000,0.0095,1,goal,
1139,153,76.44,11.48,517.40,0.0079,0.0000,0,removed_unknown,
1140,317,-247.76,7.01,683.34,0.0035,0.0350,0,collision,
1141,128,-157.75,12.03,550.58,0.0042,0.0134,0,collision,
1142,71,-195.77,12.16,148.21,0.0108,0.0532,0,collision,
1143,65,-149.47,17.43,56.51,0.0308,0.0105,0,collision,
1144,53,-187.57,7.61,228.85,0.0377,0.0000,0,collision,
1145,75,-172.19,6.64,387.51,0.0000,0.0000,0,collision,
1146,52,-187.09,5.10,190.09,0.0385,0.0065,0,collision,
1147,230,-180.57,9.77,402.26,0.0002,0.0081,0,collision,
1148,119,295.31,18.92,363.25,0.0000,0.0229,1,goal,
1149,178,233.67,12.41,429.80,0.0000,0.0070,1,goal,
1150,91,-130.40,19.71,73.60,0.0000,0.0127,0,collision,
1151,30,-175.23,14.70,148.40,0.0238,0.0000,0,collision,
1152,7,-202.09,2.03,10.36,0.0000,0.0000,0,collision,
1153,1,-200.00,0.00,0.00,0.0000,0.0000,0,collision,
1154,7,-204.72,2.04,9.87,0.2857,0.0000,0,collision,
1155,40,-223.44,2.17,60.97,0.0125,0.0788,0,collision,
1156,200,-158.80,9.42,434.55,0.0000,0.0223,0,collision,
1157,28,-193.74,4.50,140.75,0.0017,0.0000,0,collision,
1158,50,-159.63,16.97,117.68,0.0116,0.0113,0,collision,
221,164,299.69,14.74,381.34,0.0000,0.0079,1,goal,
222,85,83.27,26.56,-13.73,0.0090,0.0029,0,removed_unknown,
223,6,-202.46,1.54,6.23,0.0064,0.0421,0,collision,
224,7,-207.21,0.08,0.63,0.0132,0.0000,0,collision,
225,112,307.48,22.16,379.69,0.0000,0.0000,1,goal,
226,142,286.09,16.56,133.34,0.0000,0.0048,1,goal,
227,67,-180.44,7.68,158.74,0.0089,0.0000,0,collision,
228,9,-200.40,2.65,19.56,0.1172,0.0000,0,collision,
229,29,-182.17,15.13,143.07,0.0099,0.0680,0,collision,
230,46,-170.70,7.82,313.71,0.0006,0.0000,0,collision,
1159,184,-204.78,12.19,130.79,0.0012,0.0000,0,collision,
1160,108,302.72,22.64,83.25,0.0000,0.0000,1,goal,
1161,47,-178.47,8.69,179.72,0.0065,0.0000,0,collision,
1162,105,109.72,27.94,120.36,0.0190,0.0000,0,removed_unknown,
1163,106,-129.52,14.14,221.21,0.0099,0.0361,0,collision,
1164,186,285.39,14.45,76.24,0.0000,0.0025,1,goal,
1165,36,-178.43,16.61,65.55,0.0556,0.0000,0,collision,
1166,248,250.65,11.51,320.84,0.0000,0.0187,1,goal,
1167,78,-175.12,8.87,188.89,0.0087,0.0189,0,collision,
1168,22,-214.09,1.86,36.68,0.0415,0.0516,0,collision,
1169,109,312.68,25.67,-23.42,0.0000,0.0000,1,goal,
1170,139,320.78,19.84,139.83,0.0000,0.0097,1,goal,
1171,84,289.34,27.76,-148.86,0.0000,0.0131,1,goal,
1172,102,300.89,26.81,45.92,0.0000,0.0000,1,goal,
1173,5,-204.66,0.58,2.39,0.1597,0.0000,0,collision,
1174,192,-261.24,4.49,448.01,0.0027,0.0000,0,collision,
1175,32,-187.43,6.99,173.44,0.0625,0.0000,0,collision,
1176,78,298.73,35.42,53.46,0.0000,0.0000,1,goal,
1177,84,-128.15,20.24,110.68,0.0221,0.0396,0,collision,
1178,111,282.13,20.89,-29.55,0.0000,0.0528,1,goal,
1179,119,302.04,19.04,95.14,0.0000,0.0016,1,goal,
1180,44,-174.69,15.02,94.12,0.0114,0.0341,0,collision,
1181,36,-177.36,15.58,48.98,0.0018,0.0568,0,collision,
1182,26,-195.11,6.12,114.59,0.0265,0.0000,0,collision,
1183,272,316.19,10.57,816.33,0.0000,0.0002,1,goal,
1184,221,314.34,13.10,422.96,0.0000,0.0000,1,goal,
1185,114,-196.44,9.69,288.34,0.0082,0.0270,0,collision,
1186,137,-218.65,8.79,255.94,0.0000,0.2184,0,collision,
1187,49,-170.81,12.09,56.57,0.0180,0.0000,0,collision,
1188,129,298.29,19.70,126.11,0.0000,0.0139,1,goal,
1189,141,-188.73,11.78,123.75,0.0000,0.0337,0,collision,
1190,52,-154.54,23.05,116.19,0.0081,0.0128,0,collision,
1191,34,-192.68,4.98,155.71,0.0154,0.0000,0,collision,
1192,119,301.09,19.44,91.40,0.0000,0.0134,1,goal,
1193,136,329.70,20.20,-24.74,0.0000,0.0000,1,goal,
1194,67,-140.83,24.10,-54.72,0.0221,0.0030,0,collision,
1195,216,240.75,12.81,338.55,0.0000,0.0039,1,goal,
1196,169,281.61,16.52,223.57,0.0000,0.0408,1,goal,
231,209,-198.91,7.06,665.96,0.0000,0.0872,0,collision,
232,88,287.41,25.73,-127.30,0.0000,0.0000,1,goal,
233,112,309.27,22.58,-7.55,0.0000,0.0000,1,goal,
234,91,-173.20,10.16,177.96,0.0095,0.1364,0,collision,
235,44,-168.12,15.28,77.90,0.0165,0.0374,0,collision,
236,94,-108.80,22.98,281.08,0.0106,0.0000,0,collision,
237,65,-142.45,23.34,19.40,0.0000,0.0282,0,collision,
238,133,-187.86,9.42,361.16,0.0139,0.0140,0,collision,
239,60,-145.75,22.04,-51.06,0.0243,0.0242,0,collision,
240,1,-200.00,0.00,0.00,0.0000,0.0000,0,collision,
1197,121,-162.07,11.17,215.28,0.0158,0.0078,0,collision,
1198,288,216.77,8.49,629.90,0.0000,0.1022,1,goal,
1199,90,292.30,26.67,-108.09,0.0000,0.0000,1,goal,
1200,121,308.53,18.91,47.66,0.0000,0.0078,1,goal,
1201,113,281.87,21.73,109.89,0.0000,0.0198,1,goal,
1202,65,74.90,30.12,33.04,0.0000,0.0000,0,removed_unknown,
1203,85,-115.90,24.56,-133.71,0.0091,0.0124,0,collision,
1204,90,-128.91,19.57,-76.13,0.0222,0.0172,0,collision,
1205,196,338.93,15.28,475.33,0.0000,0.0030,1,goal,
1206,58,-148.63,22.78,146.99,0.0000,0.0317,0,collision,
1207,6,-204.47,1.07,5.02,0.0186,0.0000,0,collision,
1208,77,-162.19,8.42,464.41,0.0115,0.0151,0,collision,
1209,271,-153.05,10.25,498.35,0.0019,0.0230,0,collision,
1210,211,245.60,12.85,309.76,0.0000,0.0033,1,goal,
1211,69,-129.66,24.17,54.95,0.0000,0.0070,0,collision,
1212,100,-146.40,14.40,75.55,0.0136,0.0759,0,collision,
1213,129,-147.51,9.93,665.84,0.0000,0.0186,0,collision,
1214,63,-143.59,21.40,52.00,0.0000,0.0359,0,collision,
1215,43,-171.48,7.84,240.38,0.0093,0.0000,0,collision,
1216,29,-191.75,5.79,162.13,0.0035,0.0000,0,collision,
1217,52,-152.96,22.13,12.97,0.0385,0.0217,0,collision,
1218,132,299.33,16.67,180.48,0.0000,0.0018,1,goal,
1219,142,-131.93,10.65,334.91,0.0022,0.0110,0,collision,
1220,55,-171.59,8.36,329.01,0.0364,0.0000,0,collision,
1221,161,-193.60,9.00,213.41,0.0077,0.1061,0,collision,
1222,246,245.61,10.24,665.32,0.0000,0.0135,1,goal,
1223,54,-150.12,20.52,40.91,0.0340,0.0000,0,collision,
1224,56,-142.15,26.52,-23.09,0.0000,0.0240,0,collision,
1225,181,-110.55,14.49,137.10,0.0000,0.0091,0,collision,
1226,1,-200.00,0.00,0.00,0.0000,0.0000,0,collision,
1227,98,-95.52,27.11,138.11,0.0003,0.0049,0,collision,
1228,62,-138.70,24.13,14.88,0.0035,0.0127,0,collision,
1229,49,-205.07,5.70,140.60,0.0179,0.0080,0,collision,
1230,111,-132.88,12.73,445.67,0.0064,0.0169,0,collision,
1231,350,238.86,7.88,908.51,0.0000,0.0322,1,goal,
1232,173,302.31,17.38,222.29,0.0000,0.0048,1,goal,
241,82,-119.87,25.28,36.31,0.0000,0.0370,0,collision,
242,182,295.89,15.31,301.27,0.0000,0.0070,1,goal,
243,142,297.40,18.59,275.27,0.0000,0.0307,1,goal,
244,218,194.90,12.63,605.40,0.0000,0.0000,1,goal,
245,127,-104.69,17.59,144.56,0.0157,0.0025,0,collision,
246,50,-231.49,1.98,90.13,0.0400,0.0000,0,collision,
247,278,-107.40,9.77,738.58,0.0000,0.0095,0,collision,
248,174,-100.01,13.43,448.16,0.0015,0.0001,0,collision,
249,96,311.41,29.86,116.19,0.0000,0.0000,1,goal,
250,6,-202.47,1.24,7.94,0.0468,0.0000,0,collision,
1233,112,-203.54,8.30,460.05,0.0179,0.0102,0,collision,
1234,89,-110.62,29.43,-92.73,0.0044,0.0317,0,collision,
1235,22,-189.35,7.45,148.62,0.0566,0.0000,0,collision,
1236,120,-117.76,17.52,83.37,0.0106,0.0000,0,collision,
1237,271,259.79,10.54,391.59,0.0000,0.0019,1,goal,
1238,251,280.53,10.29,556.46,0.0000,0.0000,1,goal,
1239,151,-94.19,15.83,475.15,0.0102,0.0027,0,collision,
1240,33,-186.32,4.60,146.37,0.0000,0.0000,0,collision,
1241,120,318.68,22.98,318.96,0.0000,0.0000,1,goal,
1242,66,-158.89,16.04,78.03,0.0155,0.0118,0,collision,
1243,85,-151.24,12.99,70.20,0.0098,0.0083,0,collision,
1244,29,-177.20,16.78,82.33,0.0219,0.0272,0,collision,
1245,68,-142.98,18.77,125.52,0.0000,0.0104,0,collision,
1246,13,-193.45,7.73,81.07,0.0234,0.0000,0,collision,
1247,37,-184.83,12.99,159.51,0.0510,0.0451,0,collision,
1248,49,-177.77,10.36,107.42,0.0408,0.0385,0,collision,
1249,80,-144.65,14.96,353.10,0.0250,0.0289,0,collision,
1250,253,-191.29,10.34,428.47,0.0000,0.0147,0,collision,
1251,281,313.24,10.01,937.24,0.0000,0.0000,1,goal,
1252,254,-245.68,6.29,601.00,0.0007,0.1238,0,collision,
1253,44,-162.57,15.98,105.68,0.0104,0.0000,0,collision,
1254,119,314.51,20.87,-32.25,0.0000,0.0000,1,goal,
1255,295,193.11,8.05,629.90,0.0000,0.0951,1,goal,
1256,196,-63.55,11.84,714.29,0.0002,0.0095,0,collision,
1257,167,319.77,16.45,93.71,0.0000,0.0000,1,goal,
1258,248,-142.15,7.76,878.85,0.0062,0.0068,0,collision,
1259,32,-208.73,5.32,97.73,0.0431,0.0218,0,collision,
1260,150,-193.20,7.96,457.82,0.0074,0.1065,0,collision,
1261,135,314.53,16.95,129.12,0.0000,0.0013,1,goal,
1262,152,319.04,16.18,30.42,0.0000,0.0023,1,goal,
251,287,285.29,9.52,741.54,0.0000,0.0054,1,goal,
252,9,-199.28,3.32,30.08,0.1913,0.1729,0,collision,
253,191,219.63,12.92,249.16,0.0000,0.0000,1,goal,
254,137,307.79,17.28,160.01,0.0000,0.0034,1,goal,
255,179,293.47,13.96,584.12,0.0000,0.0199,1,goal,
256,96,-123.74,17.58,103.49,0.0208,0.0072,0,collision,
257,11,-193.82,6.12,127.00,0.0000,0.0000,0,collision,
258,2,-200.62,0.64,1.01,0.1928,0.0000,0,collision,
259,48,-162.08,16.23,18.90,0.0417,0.0362,0,collision,
260,221,331.36,11.71,815.70,0.0000,0.0070,1,goal,
1263,286,-268.63,8.57,417.96,0.0032,0.0122,0,collision,
1264,235,171.99,9.47,201.08,0.0000,0.0157,1,goal,
1265,71,-137.46,20.48,36.32,0.0095,0.0290,0,collision,
1266,322,143.23,7.40,433.64,0.0000,0.0698,1,goal,
1267,166,335.10,17.12,170.06,0.0000,0.0086,1,goal,
1268,181,327.31,14.78,422.94,0.0000,0.0001,1,goal,
1269,49,-158.33,18.09,-24.66,0.0017,0.0000,0,collision,
1270,78,-169.73,14.12,228.31,0.0156,0.0430,0,collision,
1271,174,-141.47,10.72,427.58,0.0067,0.0108,0,collision,
1272,220,327.84,12.40,533.22,0.0000,0.0333,1,goal,
1273,158,321.72,15.36,369.04,0.0000,0.0097,1,goal,
1274,189,297.28,13.79,554.35,0.0000,0.0480,1,goal,
1275,13,-200.43,3.21,43.87,0.0000,0.0000,0,collision,
1276,234,276.95,10.71,701.64,0.0000,0.0201,1,goal,
1277,188,-92.66,13.76,338.16,0.0061,0.0058,0,collision,
1278,218,-114.42,9.35,709.85,0.0000,0.0180,0,collision,
1279,325,218.00,7.62,1088.72,0.0000,0.0231,1,goal,
1280,200,304.96,12.32,508.34,0.0000,0.0455,1,goal,
1281,179,308.43,14.96,353.70,0.0000,0.0000,1,goal,
1282,176,297.89,14.51,330.18,0.0000,0.0000,1,goal,
1283,230,203.45,8.46,343.01,0.0000,0.0623,1,goal,
1284,51,-157.93,21.25,12.73,0.0324,0.0755,0,collision,
1285,36,-176.45,11.37,142.20,0.0390,0.0038,0,collision,
1286,230,343.39,12.06,900.78,0.0000,0.0022,1,goal,
261,105,-188.00,6.79,226.52,0.0000,0.0000,0,collision,
262,37,-175.02,9.34,187.22,0.0541,0.0000,0,collision,
263,282,265.93,7.87,884.01,0.0000,0.0451,1,goal,
264,158,314.51,14.44,416.50,0.0000,0.0086,1,goal,
265,306,349.71,9.17,1109.88,0.0000,0.0044,1,goal,
266,122,314.02,19.77,-105.98,0.0000,0.0000,1,goal,
267,188,267.69,15.25,442.68,0.0000,0.0000,1,goal,
268,82,-145.59,15.92,48.55,0.0000,0.0000,0,collision,
269,206,89.96,12.10,536.64,0.0021,0.0102,0,removed_unknown,
270,124,-103.06,21.16,354.91,0.0017,0.0207,0,collision,
1287,213,-213.86,12.08,366.90,0.0000,0.0000,0,collision,
1288,46,-163.53,12.94,128.30,0.0435,0.0000,0,collision,
1289,192,307.64,11.87,471.64,0.0000,0.0102,1,goal,
1290,233,-135.66,9.91,451.79,0.0074,0.0109,0,collision,
1291,107,315.87,25.91,-115.50,0.0000,0.0000,1,goal,
1292,170,-120.56,12.71,209.64,0.0118,0.0041,0,collision,
1293,336,179.72,8.67,534.27,0.0000,0.1375,1,goal,
1294,231,264.61,11.09,536.06,0.0000,0.0055,1,goal,
1295,217,267.00,11.53,353.71,0.0000,0.0008,1,goal,
1296,154,-155.95,9.95,292.13,0.0000,0.0081,0,collision,
1297,50,-159.33,14.13,156.88,0.0099,0.0000,0,collision,
1298,205,267.10,12.71,201.64,0.0000,0.0110,1,goal,
1299,83,-193.29,9.87,163.03,0.0052,0.1266,0,collision,
1300,18,-200.38,2.79,36.87,0.0680,0.0250,0,collision,
1301,160,323.70,14.63,457.36,0.0000,0.0026,1,goal,
1302,202,-103.11,11.12,767.78,0.0099,0.0153,0,collision,
1303,6,-204.27,1.00,2.76,0.3333,0.0452,0,collision,
1304,76,-170.27,13.35,147.22,0.0240,0.0909,0,collision,
1305,94,-151.31,16.88,181.69,0.0156,0.0003,0,collision,
1306,91,-146.79,17.95,71.11,0.0000,0.0101,0,collision,
1307,188,-115.14,10.17,673.71,0.0073,0.0468,0,collision,
1308,264,-84.16,9.63,800.33,0.0002,0.0022,0,collision,
1309,198,-99.00,11.05,454.59,0.0025,0.0170,0,collision,
1310,131,-132.05,9.45,687.51,0.0096,0.0000,0,collision,
1311,119,-129.57,13.08,123.76,0.0118,0.0016,0,collision,
1312,7,-208.33,0.27,0.91,0.0423,0.0000,0,collision,
1313,302,230.08,9.31,935.31,0.0000,0.0772,1,goal,
271,236,328.05,10.48,747.29,0.0000,0.0043,1,goal,
272,322,269.18,8.49,968.24,0.0000,0.0291,1,goal,
273,178,-132.03,12.85,369.16,0.0054,0.0059,0,collision,
274,40,-188.98,7.01,226.26,0.0178,0.0000,0,collision,
275,278,269.12,8.34,817.93,0.0000,0.0080,1,goal,
276,326,237.25,8.31,1000.44,0.0000,0.0929,1,goal,
277,110,305.65,22.51,60.36,0.0000,0.0080,1,goal,
278,230,287.58,11.29,624.13,0.0000,0.0042,1,goal,
279,181,327.25,15.63,515.79,0.0000,0.0202,1,goal,
280,298,-206.98,7.85,528.84,0.0001,0.0373,0,collision,
1314,236,-182.64,13.18,332.41,0.0070,0.0164,0,collision,
1315,241,322.81,12.02,741.59,0.0000,0.0000,1,goal,
1316,30,-182.53,7.23,197.32,0.0478,0.0000,0,collision,
1317,13,-191.94,8.07,117.70,0.0184,0.0000,0,collision,
1318,195,267.65,12.58,199.77,0.0000,0.0961,1,goal,
1319,165,-110.08,13.96,496.42,0.0083,0.0298,0,collision,
1320,247,363.60,11.58,845.84,0.0000,0.0000,1,goal,
1321,128,320.39,22.78,121.23,0.0000,0.0020,1,goal,
1322,143,-160.25,6.22,629.79,0.0085,0.0617,0,collision,
1323,57,-160.95,13.78,148.08,0.0000,0.0000,0,collision,
1324,344,-246.86,7.40,647.62,0.0022,0.1692,0,collision,
1325,89,-153.99,15.46,-17.22,0.0000,0.0000,0,collision,
1326,222,298.19,11.31,612.56,0.0000,0.0419,1,goal,
1327,338,110.93,8.48,584.62,0.0000,0.1948,1,goal,
1328,194,330.05,13.97,308.43,0.0000,0.0048,1,goal,
1329,141,269.28,18.05,222.49,0.0000,0.0000,1,goal,
1330,137,-158.45,8.15,509.64,0.0146,0.0000,0,collision,
1331,304,287.72,9.01,914.43,0.0000,0.0254,1,goal,
1332,301,234.98,9.39,547.47,0.0000,0.0298,1,goal,
1333,179,-95.68,13.22,233.78,0.0047,0.0000,0,collision,
1334,79,-139.67,14.04,168.82,0.0025,0.0000,0,collision,
1335,21,-188.07,7.34,95.83,0.0617,0.0308,0,collision,
1336,327,300.88,9.22,1067.35,0.0000,0.0290,1,goal,
281,166,314.78,17.33,36.79,0.0000,0.0579,1,goal,
282,164,308.83,14.53,290.34,0.0000,0.0028,1,goal,
283,112,294.50,21.18,38.38,0.0000,0.0131,1,goal,
284,201,333.48,15.14,251.50,0.0000,0.0551,1,goal,
285,53,-156.07,19.85,1.13,0.0377,0.0075,0,collision,
286,2,-200.32,1.04,2.51,0.1351,0.0000,0,collision,
287,179,-196.85,6.48,586.43,0.0000,0.0084,0,collision,
288,161,327.07,15.73,476.18,0.0000,0.0000,1,goal,
289,57,-157.14,12.87,143.65,0.0129,0.0000,0,collision,
290,51,-159.53,13.83,214.91,0.0298,0.0000,0,collision,
1337,165,-150.33,15.12,561.87,0.0121,0.0057,0,collision,
1338,48,-207.58,8.54,86.24,0.0000,0.1976,0,collision,
1339,148,322.38,16.57,308.60,0.0000,0.0132,1,goal,
1340,154,-164.14,13.13,16.30,0.0067,0.0079,0,collision,
1341,141,284.00,17.54,304.57,0.0000,0.0178,1,goal,
1342,122,307.63,18.56,77.21,0.0000,0.0001,1,goal,
1343,188,330.24,12.22,910.57,0.0000,0.0002,1,goal,
1344,56,-155.84,18.01,150.40,0.0353,0.0086,0,collision,
1345,117,309.65,19.91,55.57,0.0000,0.0000,1,goal,
1346,277,-134.93,9.63,816.64,0.0072,0.0054,0,collision,
1347,21,-198.06,4.42,112.45,0.0952,0.0529,0,collision,
1348,245,329.91,10.68,1010.68,0.0000,0.0056,1,goal,
1349,196,-258.56,6.28,302.95,0.0014,0.0348,0,collision,
1350,370,-179.14,6.48,974.84,0.0007,0.0063,0,collision,
1351,52,-183.03,12.36,185.83,0.0385,0.0057,0,collision,
1352,263,282.87,10.50,504.07,0.0000,0.0248,1,goal,
1353,100,-109.37,19.40,39.51,0.0054,0.0181,0,collision,
1354,204,312.64,12.37,627.15,0.0000,0.0335,1,goal,
1355,329,195.95,7.97,735.61,0.0000,0.0079,1,goal,
1356,133,-109.70,16.13,172.61,0.0150,0.0000,0,collision,
1357,276,201.71,8.74,622.33,0.0000,0.0821,1,goal,
1358,96,-174.59,9.05,238.89,0.0043,0.0671,0,collision,
1359,3,-202.09,0.38,0.95,0.0839,0.2024,0,collision,
1360,263,241.94,10.29,674.37,0.0000,0.0131,1,goal,
291,64,-157.87,7.53,385.36,0.0059,0.0000,0,collision,
292,150,-107.60,15.45,322.94,0.0128,0.0187,0,collision,
293,259,322.48,8.94,771.03,0.0000,0.0000,1,goal,
294,119,-137.33,11.70,256.06,0.0097,0.0318,0,collision,
295,156,-141.08,9.85,602.10,0.0126,0.0080,0,collision,
296,226,319.89,12.31,473.03,0.0000,0.0255,1,goal,
297,215,-126.58,6.37,1116.43,0.0025,0.0039,0,collision,
298,154,337.98,18.16,125.05,0.0000,0.0022,1,goal,
299,111,-152.18,7.46,610.43,0.0000,0.0000,0,collision,
300,215,290.61,12.73,418.10,0.0000,0.0101,1,goal,
1361,369,63.44,13.91,921.43,0.0000,0.0139,0,removed_unknown,
1362,3,-200.67,1.49,3.51,0.1761,0.0000,0,collision,
1363,45,-170.79,14.24,39.79,0.0199,0.0257,0,collision,
1364,54,-163.01,13.05,87.84,0.0350,0.0000,0,collision,
1365,2,-200.32,1.04,2.51,0.0068,0.0000,0,collision,
1366,205,270.54,11.79,385.30,0.0000,0.0498,1,goal,
1367,311,-273.84,5.46,700.82,0.0027,0.0727,0,collision,
1368,228,293.34,11.86,605.08,0.0000,0.0118,1,goal,
1369,242,304.17,10.05,837.09,0.0000,0.0301,1,goal,
1370,44,-165.65,13.15,76.28,0.0007,0.0000,0,collision,
1371,186,-127.11,8.76,841.12,0.0029,0.0049,0,collision,
1372,145,323.15,19.10,-43.04,0.0000,0.0000,1,goal,
1373,233,333.18,11.95,674.85,0.0000,0.0000,1,goal,
1374,54,-164.40,15.97,3.16,0.0177,0.0000,0,collision,
1375,106,-107.25,20.04,-115.82,0.0127,0.0097,0,collision,
1376,151,325.91,16.90,388.10,0.0000,0.0000,1,goal,
1377,72,-157.24,11.80,206.63,0.0246,0.0300,0,collision,
1378,156,317.95,16.56,110.84,0.0000,0.0365,1,goal,
1379,178,-106.32,11.35,606.34,0.0106,0.0188,0,collision,
1380,212,232.44,12.48,321.88,0.0000,0.0523,1,goal,
1381,155,295.83,14.63,433.55,0.0000,0.0406,1,goal,
1382,6,-204.76,1.04,10.24,0.0000,0.0000,0,collision,
1383,251,-258.31,6.38,664.08,0.0080,0.1727,0,collision,
1384,275,-216.20,7.67,463.08,0.0012,0.0230,0,collision,
1385,139,267.62,16.13,171.69,0.0000,0.0000,1,goal,
1386,215,297.99,11.84,709.91,0.0000,0.0078,1,goal,
1387,104,-144.72,10.19,308.77,0.0133,0.0311,0,collision,
301,208,318.08,13.25,575.49,0.0000,0.0755,1,goal,
302,155,323.64,18.68,147.84,0.0000,0.0147,1,goal,
303,150,342.37,20.43,235.17,0.0000,0.0000,1,goal,
304,128,302.86,17.63,167.56,0.0000,0.0000,1,goal,
305,169,-176.27,8.60,470.89,0.0024,0.0199,0,collision,
306,218,338.24,13.12,579.77,0.0000,0.0045,1,goal,
307,151,-112.11,13.85,345.24,0.0016,0.0506,0,collision,
308,165,254.21,13.49,336.00,0.0000,0.0000,1,goal,
309,140,-106.82,14.78,112.85,0.0073,0.0047,0,collision,
310,90,298.26,28.03,16.28,0.0000,0.0000,1,goal,
1388,372,5.69,10.28,1229.08,0.0000,0.0026,0,removed_unknown,
1389,90,-129.68,15.98,239.90,0.0031,0.0000,0,collision,
1390,267,247.20,9.03,654.40,0.0000,0.0418,1,goal,
1391,173,326.89,13.85,376.85,0.0000,0.0000,1,goal,
1392,146,320.94,19.67,192.43,0.0000,0.0000,1,goal,
1393,51,-166.46,13.06,175.88,0.0238,0.0616,0,collision,
1394,353,105.16,6.71,562.32,0.0000,0.1389,1,goal,
1395,122,296.58,18.92,210.09,0.0000,0.0176,1,goal,
1396,127,-134.07,16.43,-117.89,0.0000,0.0200,0,collision,
1397,137,261.53,17.83,243.85,0.0000,0.0020,1,goal,
1398,134,-94.80,15.84,198.44,0.0020,0.0043,0,collision,
1399,255,355.92,11.88,456.96,0.0000,0.0013,1,goal,
1400,159,-118.20,9.90,660.17,0.0000,0.0000,0,collision,
1401,164,-221.15,8.49,223.33,0.0041,0.1892,0,collision,
1402,158,346.08,20.01,-128.72,0.0000,0.0000,1,goal,
1403,181,282.33,15.92,127.38,0.0000,0.0000,1,goal,
1404,294,274.62,9.67,863.36,0.0000,0.0330,1,goal,
1405,77,-149.58,13.83,97.01,0.0000,0.0054,0,collision,
1406,302,277.36,9.25,841.72,0.0000,0.0082,1,goal,
1407,26,-179.81,19.43,59.68,0.0000,0.0257,0,collision,
1408,2,-200.32,0.97,2.20,0.2607,0.0000,0,collision,
1409,215,252.99,8.25,611.38,0.0000,0.0309,1,goal,
1410,162,312.23,13.84,465.62,0.0000,0.0285,1,goal,
1411,186,283.02,12.95,191.48,0.0000,0.0625,1,goal,
1412,95,298.41,25.81,1.94,0.0000,0.0020,1,goal,
311,111,304.82,21.02,-53.66,0.0000,0.0096,1,goal,
312,112,-149.90,8.22,606.64,0.0074,0.0109,0,collision,
313,76,-144.27,17.01,61.81,0.0204,0.0000,0,collision,
314,103,314.67,27.87,58.44,0.0000,0.0000,1,goal,
315,177,276.15,13.30,161.18,0.0000,0.0000,1,goal,
316,49,-162.24,15.29,25.42,0.0000,0.0000,0,collision,
317,167,349.45,18.08,122.13,0.0000,0.0000,1,goal,
318,196,289.09,14.32,349.62,0.0000,0.0000,1,goal,
319,309,-174.67,8.95,884.97,0.0002,0.1094,0,collision,
320,178,255.23,8.80,702.75,0.0000,0.0007,1,goal,
1413,118,-208.54,13.32,191.75,0.0131,0.0396,0,collision,
1414,2,-200.32,1.04,2.51,0.0000,0.0000,0,collision,
1415,172,343.95,16.97,45.09,0.0000,0.0000,1,goal,
1416,77,281.94,28.40,-59.51,0.0000,0.0000,1,goal,
1417,193,-90.78,13.36,421.55,0.0000,0.0405,0,collision,
1418,35,-172.99,15.27,158.81,0.0000,0.0000,0,collision,
1419,64,-146.51,15.34,192.08,0.0195,0.0000,0,collision,
1420,47,-160.07,17.74,-46.02,0.0392,0.0462,0,collision,
1421,166,302.95,13.66,607.07,0.0000,0.0227,1,goal,
1422,224,327.90,11.88,834.53,0.0000,0.0070,1,goal,
1423,304,-358.45,7.13,454.98,0.0066,0.4010,0,collision,
1424,81,258.77,18.95,122.01,0.0000,0.0268,1,goal,
1425,271,339.03,10.40,550.70,0.0000,0.0032,1,goal,
1426,257,313.49,11.16,611.37,0.0000,0.0000,1,goal,
1427,314,260.19,8.80,888.04,0.0000,0.0167,1,goal,
1428,213,293.09,13.61,370.17,0.0000,0.0060,1,goal,
1429,243,338.43,10.47,946.00,0.0000,0.0011,1,goal,
1430,52,-164.19,11.67,191.51,0.0001,0.0014,0,collision,
1431,132,-143.55,9.49,526.38,0.0133,0.0221,0,collision,
1432,131,292.19,17.09,300.65,0.0000,0.0194,1,goal,
1433,36,-188.96,7.73,175.03,0.0509,0.0000,0,collision,
1434,187,316.86,13.60,355.86,0.0000,0.0000,1,goal,
1435,89,-125.24,19.55,-57.85,0.0000,0.0251,0,collision,
1436,2,-200.97,0.22,0.21,0.3935,0.0000,0,collision,
1437,59,-164.46,12.13,111.47,0.0000,0.1326,0,collision,
1438,89,-129.07,18.97,-44.38,0.0225,0.0000,0,collision,
1439,15,-191.42,9.53,104.12,0.1333,0.0000,0,collision,
1440,226,299.87,10.96,633.80,0.0000,0.0090,1,goal,
1441,164,328.72,15.55,129.38,0.0000,0.0000,1,goal,
321,204,342.37,14.43,393.57,0.0000,0.0020,1,goal,
322,167,327.57,13.42,515.35,0.0000,0.0000,1,goal,
323,131,313.94,17.22,-15.46,0.0000,0.0000,1,goal,
324,182,336.17,14.44,345.26,0.0000,0.0027,1,goal,
325,192,295.55,11.63,155.13,0.0000,0.0130,1,goal,
326,59,-156.79,11.06,350.09,0.0082,0.0000,0,collision,
327,81,-132.33,17.57,153.90,0.0024,0.0000,0,collision,
328,183,336.64,15.18,484.50,0.0000,0.0000,1,goal,
329,141,305.20,16.50,130.73,0.0000,0.0000,1,goal,
330,117,311.58,21.67,98.42,0.0000,0.0000,1,goal,
1442,333,-7.81,10.92,895.27,0.0011,0.0084,0,removed_unknown,
1443,211,322.04,11.06,625.65,0.0000,0.0008,1,goal,
1444,233,339.03,10.68,873.58,0.0000,0.0081,1,goal,
1445,2,-200.32,1.04,2.51,0.0000,0.0000,0,collision,
1446,257,322.67,9.01,957.88,0.0000,0.0000,1,goal,
1447,19,-209.33,1.88,34.74,0.0674,0.0000,0,collision,
1448,239,330.37,10.76,704.34,0.0000,0.0099,1,goal,
1449,103,-153.25,8.79,430.76,0.0079,0.0017,0,collision,
1450,203,250.73,11.30,309.74,0.0000,0.0950,1,goal,
1451,147,311.57,15.30,315.90,0.0000,0.0047,1,goal,
1452,44,-163.86,17.93,109.43,0.0320,0.0179,0,collision,
1453,45,-164.79,14.48,184.63,0.0403,0.0000,0,collision,
1454,250,324.39,9.90,925.18,0.0000,0.0011,1,goal,
1455,61,-147.80,16.43,139.89,0.0040,0.0061,0,collision,
1456,1,-200.00,0.00,0.00,0.0000,0.0000,0,collision,
1457,162,-179.70,8.27,354.92,0.0123,0.1488,0,collision,
1458,137,-122.37,11.21,494.90,0.0055,0.0000,0,collision,
1459,25,-193.08,5.54,119.63,0.0052,0.0000,0,collision,
1460,310,198.38,7.41,539.27,0.0000,0.0439,1,goal,
1461,66,-169.49,8.38,238.18,0.0245,0.0129,0,collision,
1462,211,-152.34,9.42,519.70,0.0095,0.0707,0,collision,
1463,69,-157.98,8.52,353.15,0.0000,0.0020,0,collision,
1464,189,-77.77,12.69,726.85,0.0106,0.0050,0,collision,
1465,197,314.73,11.90,556.58,0.0000,0.0010,1,goal,
1466,140,-148.86,7.02,732.87,0.0024,0.0000,0,collision,
1467,19,-190.71,7.07,153.91,0.0157,0.0000,0,collision,
1468,263,325.78,10.69,1004.56,0.0000,0.0000,1,goal,
1469,202,320.55,12.15,796.91,0.0000,0.0177,1,goal,
331,201,305.28,11.51,386.44,0.0000,0.0000,1,goal,
332,155,338.14,17.76,151.67,0.0000,0.0000,1,goal,
333,9,-201.57,2.51,24.58,0.0000,0.0587,0,collision,
334,346,311.42,7.77,1535.95,0.0000,0.0074,1,goal,
335,9,-195.60,4.27,33.11,0.2168,0.0000,0,collision,
336,1,-200.00,0.00,0.00,0.0000,0.0000,0,collision,
337,186,270.32,12.19,365.71,0.0000,0.0445,1,goal,
338,202,324.62,14.42,161.58,0.0000,0.0422,1,goal,
339,53,-170.38,11.59,171.77,0.0195,0.0000,0,collision,
340,37,-176.00,13.36,183.22,0.0541,0.0000,0,collision,
1470,93,-176.35,5.52,408.06,0.0149,0.0000,0,collision,
1471,361,162.39,6.61,1031.14,0.0000,0.1078,1,goal,
1472,209,338.63,11.05,767.83,0.0000,0.0000,1,goal,
1473,29,-193.10,7.20,113.74,0.0000,0.0000,0,collision,
1474,238,341.66,12.42,669.22,0.0000,0.0000,1,goal,
1475,275,346.69,10.15,956.72,0.0000,0.0020,1,goal,
1476,258,297.53,10.14,886.20,0.0000,0.0004,1,goal,
1477,319,-283.61,6.42,692.44,0.0043,0.2210,0,collision,
1478,288,295.90,8.67,976.47,0.0000,0.0097,1,goal,
1479,203,320.86,11.15,863.70,0.0000,0.0000,1,goal,
1480,13,-202.01,2.36,22.90,0.0532,0.0266,0,collision,
1481,181,-136.11,8.86,792.87,0.0045,0.1242,0,collision,
1482,270,294.59,9.11,1174.53,0.0000,0.0631,1,goal,
1483,38,-184.82,5.73,181.48,0.0000,0.0103,0,collision,
1484,158,287.21,14.65,377.99,0.0000,0.0000,1,goal,
1485,229,273.18,8.58,699.91,0.0000,0.0084,1,goal,
1486,64,-167.38,7.18,410.40,0.0073,0.0283,0,collision,
1487,132,312.54,17.69,67.05,0.0000,0.0000,1,goal,
1488,345,211.69,8.31,961.73,0.0000,0.0136,1,goal,
1489,191,320.89,12.46,417.51,0.0000,0.0000,1,goal,
1490,56,-163.50,10.49,237.28,0.0357,0.0002,0,collision,
341,198,347.04,11.88,923.20,0.0000,0.0031,1,goal,
342,3,-199.63,2.08,9.94,0.0000,0.0000,0,collision,
343,244,251.37,9.98,481.77,0.0000,0.0036,1,goal,
344,39,-191.93,5.59,193.00,0.0101,0.0000,0,collision,
345,209,277.09,11.80,622.65,0.0000,0.0162,1,goal,
346,169,311.53,13.03,633.34,0.0000,0.0000,1,goal,
347,156,324.17,14.57,435.41,0.0000,0.0000,1,goal,
348,308,198.80,7.96,801.61,0.0000,0.0369,1,goal,
349,5,-204.25,0.83,4.45,0.0000,0.0000,0,collision,
350,189,330.03,15.03,423.28,0.0000,0.0000,1,goal,
1491,393,-157.53,10.29,1083.41,0.0006,0.0063,0,collision,
1492,95,-153.73,7.12,465.27,0.0047,0.0000,0,collision,
1493,231,261.42,11.45,506.31,0.0000,0.0779,1,goal,
1494,162,338.29,17.27,-43.03,0.0000,0.0044,1,goal,
1495,32,-176.99,13.53,40.98,0.0000,0.0603,0,collision,
1496,266,247.81,8.80,753.10,0.0000,0.0000,1,goal,
1497,25,-202.35,3.95,136.11,0.0000,0.0025,0,collision,
1498,180,311.95,15.09,168.99,0.0000,0.0136,1,goal,
1499,19,-202.48,4.40,126.58,0.0415,0.0000,0,collision,
1500,176,-249.98,5.02,425.41,0.0084,0.1287,0,collision,
1501,207,339.33,13.79,427.34,0.0000,0.0103,1,goal,
1502,242,261.43,9.54,519.89,0.0000,0.0241,1,goal,
1503,257,257.93,10.97,355.83,0.0000,0.0058,1,goal,
1504,324,319.37,8.43,1347.22,0.0000,0.0049,1,goal,
1505,156,311.49,14.84,348.24,0.0000,0.0000,1,goal,
1506,307,-256.84,6.75,661.17,0.0000,0.1311,0,collision,
1507,224,364.81,13.65,299.46,0.0000,0.0065,1,goal,
1508,108,304.38,21.22,-75.55,0.0000,0.0000,1,goal,
1509,156,285.98,14.05,186.69,0.0000,0.0410,1,goal,
1510,193,313.26,11.86,748.05,0.0000,0.0000,1,goal,
1511,2,-200.32,1.04,2.51,0.5752,0.0000,0,collision,
1512,2,-200.32,1.04,2.51,0.0000,0.0000,0,collision,
1513,27,-188.51,10.06,48.20,0.0000,0.0356,0,collision,
1514,61,-142.26,21.49,-74.13,0.0247,0.0261,0,collision,
1515,253,268.86,9.26,902.62,0.0000,0.0105,1,goal,
1516,95,-172.39,9.23,182.86,0.0106,0.0000,0,collision,
351,251,-101.85,8.76,1001.11,0.0029,0.0484,0,collision,
352,234,-173.77,8.90,653.84,0.0085,0.1185,0,collision,
353,110,-184.83,11.90,235.39,0.0182,0.0218,0,collision,
354,110,-118.20,17.83,4.14,0.0162,0.0131,0,collision,
355,263,300.97,10.61,906.03,0.0000,0.0258,1,goal,
356,193,-144.40,15.21,372.31,0.0054,0.0060,0,collision,
357,3,-202.55,0.00,0.20,0.4506,0.0000,0,collision,
358,299,-144.90,8.15,1171.72,0.0054,0.0035,0,collision,
359,106,-128.32,13.23,358.27,0.0189,0.0000,0,collision,
360,166,-67.06,16.62,11.49,0.0000,0.0064,0,collision,
1517,433,-262.30,8.47,757.23,0.0046,0.1866,0,collision,
1518,189,316.81,13.14,322.65,0.0000,0.0350,1,goal,
1519,204,317.39,13.65,198.99,0.0000,0.0093,1,goal,
1520,1,-200.00,0.00,0.00,0.0000,0.0000,0,collision,
1521,161,313.24,15.44,331.57,0.0000,0.0085,1,goal,
1522,106,-135.04,12.07,335.92,0.0000,0.0200,0,collision,
1523,109,306.15,21.57,-60.60,0.0000,0.0048,1,goal,
1524,123,310.83,22.89,145.96,0.0000,0.0003,1,goal,
1525,29,-189.67,9.85,128.21,0.0000,0.0286,0,collision,
1526,44,-164.68,16.76,229.09,0.0455,0.0215,0,collision,
1527,10,-199.02,3.14,46.91,0.0000,0.0000,0,collision,
1528,200,338.78,13.38,407.63,0.0000,0.0100,1,goal,
1529,25,-186.10,10.97,89.65,0.0000,0.0993,0,collision,
1530,76,-145.79,11.68,257.09,0.0114,0.0000,0,collision,
1531,154,301.12,15.37,381.50,0.0000,0.0135,1,goal,
1532,187,319.42,13.49,354.40,0.0000,0.0000,1,goal,
1533,135,73.71,17.91,245.41,0.0000,0.0000,0,removed_unknown,
1534,42,-201.60,7.29,76.00,0.0476,0.0918,0,collision,
1535,185,-59.18,13.93,459.15,0.0000,0.0060,0,collision,
1536,64,-159.50,14.92,131.33,0.0085,0.0142,0,collision,
1537,100,-119.44,18.03,169.25,0.0196,0.0000,0,collision,
1538,199,358.23,15.48,593.10,0.0000,0.0000,1,goal,
1539,98,300.31,26.88,50.86,0.0000,0.0030,1,goal,
1540,311,285.14,8.71,1396.74,0.0000,0.0268,1,goal,
1541,188,-116.34,13.27,139.80,0.0082,0.0541,0,collision,
1542,186,293.50,12.25,677.40,0.0000,0.0065,1,goal,
1543,56,-156.04,15.15,98.26,0.0291,0.0129,0,collision,
1544,139,321.78,18.58,190.67,0.0000,0.0000,1,goal,
1545,114,-102.88,22.67,126.01,0.0000,0.0078,0,collision,
1546,48,-163.36,13.43,171.32,0.0220,0.0336,0,collision,
1547,91,-129.27,14.84,226.77,0.0139,0.0198,0,collision,
1548,177,247.44,14.08,145.37,0.0000,0.0056,1,goal,
361,53,-161.85,15.74,144.67,0.0203,0.1198,0,collision,
362,60,-177.36,13.72,-8.82,0.0333,0.1765,0,collision,
363,250,-132.35,8.25,900.58,0.0000,0.0029,0,collision,
364,97,293.38,23.97,-114.58,0.0000,0.0436,1,goal,
365,198,-234.74,7.91,293.75,0.0000,0.0000,0,collision,
366,3,-199.63,2.08,9.94,0.4989,0.0000,0,collision,
367,377,148.94,7.75,1075.47,0.0000,0.1710,1,goal,
368,21,-198.17,3.69,79.88,0.0698,0.0000,0,collision,
369,129,296.20,17.47,14.35,0.0000,0.0525,1,goal,
370,47,-192.53,5.38,237.10,0.0343,0.0000,0,collision,
1549,148,85.85,27.60,-112.85,0.0000,0.0092,0,removed_unknown,
1550,162,334.70,18.54,-374.50,0.0000,0.0129,1,goal,
1551,285,266.72,9.16,563.37,0.0000,0.0555,1,goal,
1552,113,305.94,21.62,-143.35,0.0000,0.0000,1,goal,
1553,144,311.29,17.01,-47.74,0.0000,0.0149,1,goal,
1554,128,-118.66,17.40,197.64,0.0045,0.0319,0,collision,
1555,183,310.94,14.72,241.34,0.0000,0.0336,1,goal,
1556,143,316.49,17.35,-22.64,0.0000,0.0229,1,goal,
1557,250,240.75,10.43,417.44,0.0000,0.0000,1,goal,
1558,222,-137.27,9.58,654.96,0.0000,0.0337,0,collision,
1559,51,-160.64,16.93,103.25,0.0000,0.0090,0,collision,
1560,77,-135.04,18.24,127.67,0.0000,0.0000,0,collision,
1561,149,-89.78,14.97,175.86,0.0134,0.0096,0,collision,
1562,130,-99.56,14.60,384.45,0.0000,0.0017,0,collision,
1563,70,-159.24,15.57,73.81,0.0059,0.1345,0,collision,
1564,228,261.28,10.78,364.26,0.0000,0.0502,1,goal,
1565,28,-177.78,14.28,23.01,0.0210,0.0000,0,collision,
1566,126,-98.51,19.22,408.75,0.0000,0.0000,0,collision,
1567,151,-151.10,11.43,400.38,0.0000,0.1371,0,collision,
1568,104,-123.35,14.51,142.76,0.0192,0.0009,0,collision,
1569,101,300.69,23.44,-72.69,0.0000,0.0000,1,goal,
1570,389,193.62,6.90,1061.31,0.0000,0.0952,1,goal,
1571,181,265.68,12.53,310.41,0.0000,0.0687,1,goal,
1572,188,358.34,15.11,250.55,0.0000,0.0000,1,goal,
1573,194,-112.34,8.43,685.29,0.0000,0.0047,0,collision,
1574,2,-200.32,1.04,2.51,0.3953,0.0000,0,collision,
1575,103,-105.45,22.25,-8.48,0.0000,0.0128,0,collision,
1576,83,-150.54,11.40,356.88,0.0000,0.0000,0,collision,
371,171,337.30,14.24,577.83,0.0000,0.0000,1,goal,
372,169,335.07,14.90,266.81,0.0000,0.0000,1,goal,
373,131,-176.98,10.42,220.88,0.0058,0.0542,0,collision,
374,157,306.91,15.57,354.48,0.0000,0.0064,1,goal,
375,272,338.35,10.79,675.63,0.0000,0.0000,1,goal,
376,180,327.04,15.54,211.31,0.0000,0.0033,1,goal,
377,261,335.90,10.84,1212.31,0.0000,0.0095,1,goal,
378,129,317.85,19.32,119.50,0.0000,0.0000,1,goal,
379,203,330.07,11.06,602.06,0.0000,0.0000,1,goal,
380,190,-114.83,11.04,742.15,0.0016,0.0245,0,collision,
1577,60,-230.70,5.44,274.41,0.0156,0.0000,0,collision,
1578,186,305.27,12.21,510.61,0.0000,0.0110,1,goal,
1579,211,-152.22,7.67,752.39,0.0095,0.0158,0,collision,
1580,107,295.51,22.42,-54.56,0.0000,0.0000,1,goal,
1581,143,-76.16,19.14,-187.58,0.0093,0.0111,0,collision,
1582,288,327.15,9.92,750.70,0.0000,0.0000,1,goal,
1583,121,320.85,23.70,-146.91,0.0000,0.0094,1,goal,
1584,192,-190.85,11.69,54.14,0.0034,0.0073,0,collision,
1585,24,-183.02,9.95,71.81,0.0833,0.0000,0,collision,
1586,108,-136.88,18.36,88.85,0.0000,0.0308,0,collision,
1587,60,-156.79,14.68,80.50,0.0161,0.0242,0,collision,
1588,2,-200.32,1.04,2.51,0.0000,0.0000,0,collision,
1589,247,-161.57,10.96,350.91,0.0069,0.0296,0,collision,
1590,172,-148.06,8.31,495.56,0.0005,0.0941,0,collision,
1591,341,263.55,8.80,620.64,0.0000,0.0269,1,goal,
1592,48,-166.47,13.17,135.10,0.0000,0.0474,0,collision,
1593,53,-158.07,12.76,247.55,0.0000,0.0000,0,collision,
1594,3,-201.28,0.69,2.61,0.0633,0.0000,0,collision,
1595,225,287.07,12.11,56.04,0.0000,0.0424,1,goal,
1596,154,323.68,15.92,335.97,0.0000,0.0000,1,goal,
1597,172,343.54,16.43,289.72,0.0000,0.0007,1,goal,
1598,2,-202.23,0.00,0.10,0.1182,0.3697,0,collision,
1599,160,-201.40,9.35,167.86,0.0000,0.1576,0,collision,
1600,189,349.45,14.71,377.17,0.0000,0.0234,1,goal,
1601,322,287.59,8.48,1297.38,0.0000,0.0261,1,goal,
1602,44,-166.52,15.44,130.13,0.0455,0.0000,0,collision,
1603,248,267.60,11.24,440.25,0.0000,0.0000,1,goal,
1604,67,-148.07,16.74,34.08,0.0195,0.0383,0,collision,
1605,49,-173.41,12.50,83.72,0.0387,0.0396,0,collision,
1606,51,-152.33,20.17,19.70,0.0000,0.0000,0,collision,
381,222,345.34,12.78,509.90,0.0000,0.0010,1,goal,
382,124,-142.38,11.29,345.34,0.0108,0.1089,0,collision,
383,38,-179.22,6.81,270.54,0.0313,0.0076,0,collision,
384,183,346.74,14.66,312.62,0.0000,0.0011,1,goal,
385,73,-150.53,15.41,142.78,0.0274,0.0000,0,collision,
386,191,362.23,15.90,242.55,0.0000,0.0000,1,goal,
387,169,-95.40,10.57,800.45,0.0000,0.0000,0,collision,
388,191,333.64,12.53,584.90,0.0000,0.0000,1,goal,
389,86,-149.66,11.10,320.68,0.0141,0.0027,0,collision,
390,215,302.57,10.46,813.82,0.0000,0.0067,1,goal,
1607,165,-137.19,11.23,608.51,0.0003,0.0170,0,collision,
1608,34,-178.84,7.46,228.49,0.0182,0.0000,0,collision,
1609,49,-183.33,9.62,192.53,0.0058,0.1113,0,collision,
1610,174,302.74,13.32,215.77,0.0000,0.0056,1,goal,
1611,146,-111.86,9.78,833.47,0.0104,0.0000,0,collision,
1612,132,-133.79,8.59,580.40,0.0000,0.0000,0,collision,
1613,130,-179.08,7.95,362.41,0.0004,0.0207,0,collision,
1614,19,-194.74,4.65,103.37,0.0610,0.0275,0,collision,
1615,133,-148.70,10.41,324.85,0.0000,0.0244,0,collision,
1616,230,329.57,12.35,496.07,0.0000,0.0023,1,goal,
1617,9,-200.43,3.82,49.30,0.2222,0.0000,0,collision,
1618,190,320.64,13.87,140.42,0.0000,0.0137,1,goal,
1619,258,252.51,9.28,518.19,0.0000,0.0310,1,goal,
1620,115,-95.68,20.02,-65.45,0.0000,0.0114,0,collision,
1621,258,180.88,9.66,382.60,0.0000,0.1832,1,goal,
1622,144,325.94,17.25,139.24,0.0000,0.0000,1,goal,
1623,134,-148.35,9.10,404.82,0.0147,0.0598,0,collision,
1624,210,331.79,10.73,708.17,0.0000,0.0000,1,goal,
1625,180,348.56,15.20,573.50,0.0000,0.0008,1,goal,
1626,221,341.90,14.46,343.12,0.0000,0.0006,1,goal,
1627,213,313.61,10.85,660.30,0.0000,0.0000,1,goal,
1628,56,-167.71,11.98,164.81,0.0000,0.0000,0,collision,
1629,113,313.47,22.94,-100.41,0.0000,0.0000,1,goal,
1630,331,122.21,6.87,766.28,0.0000,0.0721,1,goal,
1631,302,309.88,9.30,907.29,0.0000,0.0021,1,goal,
1632,2,-200.32,1.04,2.51,0.0000,0.0000,0,collision,
1633,171,-146.49,10.86,368.20,0.0036,0.0884,0,collision,
391,160,318.16,17.27,-23.18,0.0000,0.0013,1,goal,
392,199,-167.77,9.26,267.07,0.0090,0.0008,0,collision,
393,264,274.98,10.41,629.35,0.0000,0.0000,1,goal,
394,78,-205.19,4.67,324.68,0.0038,0.0531,0,collision,
395,123,-138.96,8.45,700.35,0.0124,0.0157,0,collision,
396,14,-193.74,5.49,97.08,0.1429,0.1501,0,collision,
397,92,-111.25,21.41,114.94,0.0032,0.0102,0,collision,
398,91,-127.26,17.07,197.74,0.0000,0.0170,0,collision,
399,71,-240.26,6.54,99.07,0.0209,0.4756,0,collision,
400,5,-205.83,0.20,0.58,0.4000,0.0000,0,collision,
1634,239,-335.09,7.69,488.82,0.0000,0.0037,0,collision,
1635,123,314.15,21.43,-216.58,0.0000,0.0000,1,goal,
1636,72,-162.60,14.83,159.98,0.0000,0.0201,0,collision,
1637,119,-117.10,17.53,114.03,0.0000,0.0072,0,collision,
1638,46,-160.79,18.19,-64.59,0.0000,0.0415,0,collision,
1639,224,319.73,12.51,550.47,0.0000,0.0000,1,goal,
1640,189,356.67,16.28,425.16,0.0000,0.0000,1,goal,
1641,318,313.59,8.82,1086.88,0.0000,0.0358,1,goal,
1642,99,-148.21,14.25,16.34,0.0000,0.0000,0,collision,
1643,162,311.90,17.37,291.72,0.0000,0.0101,1,goal,
1644,216,324.69,10.44,874.60,0.0000,0.0111,1,goal,
1645,135,-113.03,15.14,181.62,0.0148,0.0072,0,collision,
1646,223,375.54,13.59,730.49,0.0000,0.0000,1,goal,
1647,102,305.36,24.10,-106.68,0.0000,0.0000,1,goal,
1648,132,-93.82,16.55,261.83,0.0055,0.0332,0,collision,
1649,184,351.62,15.59,200.29,0.0000,0.0000,1,goal,
1650,110,-187.84,9.66,347.97,0.0092,0.2022,0,collision,
1651,54,-162.01,15.56,148.28,0.0000,0.0350,0,collision,
1652,224,-75.08,11.77,544.38,0.0061,0.0633,0,collision,
1653,259,-89.57,10.72,687.42,0.0077,0.0358,0,collision,
1654,214,-174.72,7.27,585.30,0.0057,0.1355,0,collision,
1655,35,-185.73,11.58,106.79,0.0000,0.0215,0,collision,
1656,175,322.51,16.36,77.34,0.0000,0.0000,1,goal,
1657,202,325.49,12.21,401.58,0.0000,0.0002,1,goal,
1658,117,-109.49,13.80,366.17,0.0122,0.0000,0,collision,
1659,7,-203.90,1.06,5.96,0.2857,0.0000,0,collision,
401,117,304.78,19.88,-129.53,0.0000,0.0000,1,goal,
402,137,305.56,16.71,156.90,0.0000,0.0019,1,goal,
403,142,327.04,20.07,124.67,0.0000,0.0056,1,goal,
404,1,-200.00,0.00,0.00,0.0000,0.0000,0,collision,
405,291,294.23,8.40,1019.45,0.0000,0.0318,1,goal,
406,91,-170.98,9.81,275.22,0.0220,0.1008,0,collision,
407,184,276.93,12.68,407.56,0.0000,0.0125,1,goal,
408,143,316.23,15.89,198.80,0.0000,0.0139,1,goal,
409,163,280.28,15.42,180.88,0.0000,0.0000,1,goal,
410,118,-133.12,10.85,578.42,0.0169,0.0079,0,collision,
1660,386,-221.39,10.60,686.16,0.0000,0.0000,0,collision,
1661,2,-200.32,1.04,2.51,0.0000,0.0000,0,collision,
1662,207,366.44,14.61,527.36,0.0000,0.0051,1,goal,
1663,275,223.56,9.46,431.90,0.0000,0.1018,1,goal,
1664,148,335.56,18.47,-14.96,0.0000,0.0000,1,goal,
1665,376,191.95,7.26,904.31,0.0000,0.0146,1,goal,
1666,206,319.70,12.80,120.90,0.0000,0.0081,1,goal,
1667,102,-138.50,13.52,113.78,0.0196,0.0278,0,collision,
1668,82,294.19,29.61,-152.21,0.0000,0.0000,1,goal,
1669,128,289.78,15.66,243.76,0.0000,0.0260,1,goal,
1670,244,312.35,11.04,675.44,0.0000,0.0000,1,goal,
1671,99,-149.90,9.40,392.30,0.0041,0.0056,0,collision,
1672,145,-167.55,6.16,604.99,0.0121,0.0000,0,collision,
1673,230,205.74,12.00,50.04,0.0000,0.0000,1,goal,
1674,205,-223.37,7.10,351.66,0.0098,0.0153,0,collision,
1675,200,328.30,13.85,432.59,0.0000,0.0062,1,goal,
1676,308,282.63,8.82,809.30,0.0000,0.0546,1,goal,
1677,155,312.62,15.81,229.67,0.0000,0.0356,1,goal,
1678,106,297.37,23.44,47.05,0.0000,0.0000,1,goal,
1679,137,-127.57,12.80,234.35,0.0097,0.0233,0,collision,
1680,153,-88.75,14.23,35.52,0.0000,0.0508,0,collision,
1681,215,-55.61,12.88,971.19,0.0000,0.0228,0,collision,
411,178,-81.97,11.72,511.75,0.0052,0.0161,0,collision,
412,127,310.57,20.04,-82.45,0.0000,0.0000,1,goal,
413,97,-120.29,15.55,240.86,0.0206,0.0000,0,collision,
414,286,334.04,8.91,1225.86,0.0000,0.0007,1,goal,
415,54,-158.80,16.61,51.83,0.0000,0.0000,0,collision,
416,66,-148.75,12.91,224.29,0.0000,0.0000,0,collision,
417,173,-162.03,8.00,775.48,0.0012,0.0051,0,collision,
418,205,209.41,12.09,328.57,0.0000,0.0000,1,goal,
419,60,-151.30,14.44,237.71,0.0000,0.0000,0,collision,
420,139,-97.06,15.19,114.54,0.0000,0.0113,0,collision,
1682,337,-155.24,11.46,991.75,0.0012,0.0000,0,collision,
1683,84,-157.09,10.23,251.96,0.0000,0.0000,0,collision,
1684,173,336.72,15.06,218.94,0.0000,0.0000,1,goal,
1685,156,309.91,15.80,314.41,0.0000,0.0081,1,goal,
1686,205,297.12,12.12,556.88,0.0000,0.0735,1,goal,
1687,241,244.91,11.91,472.46,0.0000,0.1234,1,goal,
1688,152,287.13,17.07,-11.79,0.0000,0.0000,1,goal,
1689,111,-236.15,7.55,200.89,0.0180,0.3707,0,collision,
1690,101,303.80,24.19,-129.68,0.0000,0.0000,1,goal,
1691,19,-187.71,7.98,168.46,0.0000,0.0000,0,collision,
1692,7,-198.04,3.40,32.38,0.0000,0.0000,0,collision,
1693,1,-200.00,0.00,0.00,0.0000,0.0000,0,collision,
1694,307,209.40,8.63,723.20,0.0000,0.0230,1,goal,
1695,214,344.52,11.83,907.84,0.0000,0.0043,1,goal,
1696,159,239.93,11.64,47.16,0.0000,0.0598,1,goal,
1697,134,-177.52,10.73,157.42,0.0104,0.0000,0,collision,
1698,47,-174.50,13.15,96.02,0.0426,0.0370,0,collision,
1699,224,333.46,10.62,1107.72,0.0000,0.0632,1,goal,
1700,36,-203.99,3.75,134.36,0.0556,0.0000,0,collision,
1701,92,-131.98,13.84,257.65,0.0000,0.0066,0,collision,
1702,165,270.57,16.53,-9.52,0.0000,0.0000,1,goal,
1703,156,336.24,18.51,-62.59,0.0000,0.0000,1,goal,
1704,112,-114.27,18.13,-61.92,0.0000,0.0105,0,collision,
1705,180,345.23,13.73,593.18,0.0000,0.0000,1,goal,
1706,136,311.89,17.48,206.98,0.0000,0.0029,1,goal,
1707,251,232.71,10.06,402.56,0.0000,0.0211,1,goal,
1708,113,-153.43,11.82,23.26,0.0092,0.0753,0,collision,
1709,104,-143.07,15.50,136.34,0.0000,0.0000,0,collision,
1710,189,322.72,14.37,484.13,0.0000,0.0160,1,goal,
421,168,296.93,13.05,473.78,0.0000,0.0229,1,goal,
422,84,-137.08,15.48,31.71,0.0000,0.0594,0,collision,
423,2,-200.75,0.48,0.63,0.1666,0.0000,0,collision,
424,55,-166.25,12.58,172.49,0.0351,0.0662,0,collision,
425,204,-132.31,12.51,314.25,0.0094,0.0186,0,collision,
426,162,340.85,17.65,332.93,0.0000,0.0000,1,goal,
427,79,-134.27,17.94,48.71,0.0000,0.0340,0,collision,
428,53,-168.69,10.55,310.35,0.0000,0.0367,0,collision,
429,251,288.87,9.73,836.19,0.0000,0.0004,1,goal,
430,95,-147.24,14.21,125.06,0.0000,0.0000,0,collision,
1711,162,228.95,12.12,641.87,0.0000,0.0185,1,goal,
1712,175,-233.70,7.77,312.07,0.0114,0.0837,0,collision,
1713,2,-200.32,1.04,2.51,0.2184,0.0000,0,collision,
1714,139,-177.49,12.94,80.27,0.0000,0.0140,0,collision,
1715,118,320.73,23.22,119.80,0.0000,0.0000,1,goal,
1716,113,299.96,21.80,-74.00,0.0000,0.0000,1,goal,
1717,149,-135.04,14.58,154.51,0.0000,0.1134,0,collision,
1718,202,319.84,13.39,571.66,0.0000,0.0207,1,goal,
1719,25,-188.76,8.90,108.93,0.0000,0.0652,0,collision,
1720,253,-277.68,8.22,184.26,0.0065,0.1088,0,collision,
1721,126,309.85,21.79,-53.14,0.0000,0.0000,1,goal,
1722,231,291.83,11.27,588.55,0.0000,0.0183,1,goal,
1723,27,-178.07,18.15,56.37,0.0741,0.0000,0,collision,
1724,46,-197.08,8.13,116.53,0.0005,0.2278,0,collision,
1725,200,-122.74,13.13,167.78,0.0006,0.0842,0,collision,
1726,174,-97.38,14.94,280.87,0.0000,0.0056,0,collision,
1727,54,-150.83,19.84,57.52,0.0000,0.0000,0,collision,
1728,79,-151.82,12.29,321.00,0.0167,0.0303,0,collision,
1729,248,276.19,10.41,819.79,0.0000,0.0155,1,goal,
1730,113,299.88,20.99,-142.90,0.0000,0.0000,1,goal,
1731,91,287.36,27.21,-27.00,0.0000,0.0000,1,goal,
1732,2,-200.32,1.04,2.51,0.0000,0.0000,0,collision,
1733,58,-156.72,12.18,225.39,0.0345,0.0000,0,collision,
1734,170,324.86,14.21,104.73,0.0000,0.0079,1,goal,
1735,178,-178.90,10.37,266.76,0.0098,0.2155,0,collision,
1736,136,308.81,16.57,199.13,0.0000,0.0148,1,goal,
1737,54,-182.59,6.61,297.21,0.0370,0.1035,0,collision,
1738,192,252.66,11.44,390.17,0.0000,0.1132,1,goal,
1739,129,306.45,19.48,-5.55,0.0000,0.0000,1,goal,
1740,237,-169.76,9.38,481.69,0.0077,0.1210,0,collision,
1741,92,-129.01,14.25,112.63,0.0118,0.0000,0,collision,
1742,2,-200.32,1.04,2.51,0.1135,0.0000,0,collision,
431,68,-134.07,23.48,-16.58,0.0068,0.0000,0,collision,
432,108,309.21,24.80,78.71,0.0000,0.0000,1,goal,
433,96,-114.21,23.00,62.23,0.0121,0.0186,0,collision,
434,121,-297.81,2.33,203.49,0.0047,0.2810,0,collision,
435,220,316.59,11.25,669.81,0.0000,0.0065,1,goal,
436,1,-200.00,0.00,0.00,0.0000,0.0000,0,collision,
437,249,315.12,11.08,822.09,0.0000,0.0148,1,goal,
438,194,254.78,13.00,186.74,0.0000,0.0207,1,goal,
439,142,-96.82,12.22,743.09,0.0022,0.0000,0,collision,
440,162,-94.91,14.10,294.18,0.0094,0.0163,0,collision,
1743,231,-188.76,8.39,604.46,0.0033,0.0160,0,collision,
1744,88,-108.71,26.33,-150.70,0.0000,0.0108,0,collision,
1745,46,-182.27,6.57,279.94,0.0000,0.0000,0,collision,
1746,303,-197.17,9.56,446.23,0.0012,0.1666,0,collision,
1747,109,303.20,21.96,7.73,0.0000,0.0000,1,goal,
1748,189,332.74,15.12,523.76,0.0000,0.0000,1,goal,
1749,86,-137.63,12.51,404.20,0.0000,0.0000,0,collision,
1750,137,323.39,20.87,-36.59,0.0000,0.0000,1,goal,
1751,24,-205.04,2.63,57.91,0.0833,0.0000,0,collision,
1752,98,303.30,25.35,18.17,0.0000,0.0000,1,goal,
1753,132,311.90,17.25,176.99,0.0000,0.0110,1,goal,
1754,66,-165.70,13.43,9.23,0.0000,0.0297,0,collision,
1755,37,-197.02,4.46,157.82,0.0541,0.0000,0,collision,
1756,115,313.46,22.12,22.82,0.0000,0.0000,1,goal,
1757,40,-170.47,15.24,107.29,0.0162,0.0305,0,collision,
1758,151,-79.28,19.20,-75.73,0.0028,0.0163,0,collision,
1759,166,-229.51,7.74,189.11,0.0055,0.1941,0,collision,
1760,38,-167.77,18.16,73.75,0.0058,0.0491,0,collision,
1761,202,325.07,13.91,201.14,0.0000,0.0146,1,goal,
1762,59,-146.71,19.93,130.17,0.0258,0.0000,0,collision,
1763,159,311.41,14.19,333.27,0.0000,0.0061,1,goal,
1764,235,305.11,11.05,813.45,0.0000,0.0362,1,goal,
1765,33,-201.82,5.74,87.57,0.0000,0.0599,0,collision,
1766,196,286.05,12.45,707.76,0.0000,0.0464,1,goal,
1767,178,334.70,16.97,-60.95,0.0000,0.0146,1,goal,
1768,13,-193.73,7.21,128.95,0.0770,0.0000,0,collision,
1769,131,317.77,18.75,13.55,0.0000,0.0004,1,goal,
1770,200,-197.99,11.18,85.42,0.0100,0.0786,0,collision,
1771,30,-195.59,6.02,139.13,0.0000,0.0179,0,collision,
1772,239,347.13,12.10,863.81,0.0000,0.0000,1,goal,
1773,30,-175.10,17.18,48.56,0.0000,0.0000,0,collision,
1774,181,130.53,15.05,688.77,0.0000,0.0093,0,removed_unknown,
1775,211,280.48,11.72,683.49,0.0000,0.0222,1,goal,
441,110,306.87,21.23,76.00,0.0000,0.0000,1,goal,
442,247,245.20,9.73,719.11,0.0000,0.0057,1,goal,
443,220,323.24,11.08,578.31,0.0000,0.0064,1,goal,
444,234,30.83,11.61,340.89,0.0020,0.0000,0,removed_unknown,
445,164,276.07,14.83,366.70,0.0000,0.0289,1,goal,
446,114,277.17,20.34,-12.30,0.0000,0.0000,1,goal,
447,134,316.19,17.35,398.53,0.0000,0.0000,1,goal,
448,46,-163.75,15.27,110.79,0.0435,0.0000,0,collision,
449,333,230.86,6.81,1175.24,0.0000,0.0098,1,goal,
450,239,252.67,11.15,190.42,0.0000,0.0857,1,goal,
1776,255,-329.24,7.34,236.16,0.0016,0.0135,0,collision,
1777,72,-130.73,21.99,167.09,0.0000,0.0000,0,collision,
1778,89,-117.95,22.98,-72.29,0.0110,0.0000,0,collision,
1779,160,299.11,13.22,236.78,0.0000,0.0020,1,goal,
1780,292,-134.34,9.40,833.14,0.0000,0.0479,0,collision,
1781,197,336.89,14.54,357.78,0.0000,0.0000,1,goal,
1782,238,249.70,10.18,433.42,0.0000,0.0000,1,goal,
1783,203,336.74,13.87,854.33,0.0000,0.0000,1,goal,
1784,381,130.96,7.27,603.35,0.0000,0.0608,1,goal,
1785,213,311.45,13.45,726.93,0.0000,0.0050,1,goal,
1786,183,318.75,14.36,400.68,0.0000,0.0067,1,goal,
1787,327,192.29,7.29,781.09,0.0000,0.0174,1,goal,
1788,305,178.20,7.36,717.11,0.0000,0.0656,1,goal,
1789,121,86.90,19.99,-100.18,0.0055,0.0000,0,removed_unknown,
1790,128,315.66,18.99,-66.60,0.0000,0.0000,1,goal,
1791,115,300.15,19.18,-69.15,0.0000,0.0000,1,goal,
1792,207,310.61,12.58,695.97,0.0000,0.0033,1,goal,
1793,172,331.17,15.33,162.82,0.0000,0.0067,1,goal,
1794,148,322.89,17.44,219.79,0.0000,0.0000,1,goal,
1795,177,301.83,14.00,267.10,0.0000,0.0056,1,goal,
1796,116,307.31,19.94,-50.49,0.0000,0.0000,1,goal,
1797,2,-201.66,0.00,0.10,1.0000,0.0000,0,collision,
451,133,299.06,17.40,124.28,0.0000,0.0408,1,goal,
452,229,310.98,11.20,640.65,0.0000,0.0002,1,goal,
453,232,277.88,11.60,303.12,0.0000,0.0260,1,goal,
454,130,-107.15,15.02,165.03,0.0000,0.0000,0,collision,
455,337,173.42,7.14,830.31,0.0000,0.2184,1,goal,
456,325,165.76,7.41,755.79,0.0000,0.0718,1,goal,
457,227,304.53,11.99,458.27,0.0000,0.0481,1,goal,
458,26,-195.16,4.30,104.89,0.0164,0.1248,0,collision,
459,213,314.97,13.20,271.74,0.0000,0.0313,1,goal,
460,149,274.74,13.57,212.66,0.0000,0.0316,1,goal,
1798,374,-320.11,8.74,820.19,0.0035,0.0023,0,collision,
1799,178,-98.59,12.39,454.44,0.0000,0.0055,0,collision,
1800,60,-144.02,21.64,72.68,0.0000,0.0000,0,collision,
1801,251,249.01,9.18,563.34,0.0000,0.0086,1,goal,
1802,305,255.24,9.26,332.18,0.0000,0.0049,1,goal,
1803,234,226.81,10.25,381.82,0.0000,0.0117,1,goal,
1804,110,309.11,22.62,56.39,0.0000,0.0000,1,goal,
1805,176,-198.10,11.50,57.85,0.0000,0.0279,0,collision,
1806,315,262.35,9.26,669.33,0.0000,0.0221,1,goal,
1807,156,-136.10,10.27,267.30,0.0040,0.0138,0,collision,
1808,178,-111.36,11.52,343.08,0.0069,0.0667,0,collision,
1809,69,-195.48,11.17,123.76,0.0063,0.0463,0,collision,
1810,139,305.87,17.45,287.10,0.0000,0.0000,1,goal,
1811,339,-201.01,8.34,354.20,0.0028,0.0073,0,collision,
1812,256,269.29,10.05,601.19,0.0000,0.0000,1,goal,
1813,180,291.72,12.44,199.78,0.0000,0.0596,1,goal,
1814,120,298.28,19.04,-6.32,0.0000,0.0000,1,goal,
1815,179,227.60,13.60,342.83,0.0000,0.0000,1,goal,
1816,132,314.01,17.18,55.60,0.0000,0.0048,1,goal,
1817,260,284.12,11.16,578.13,0.0000,0.0407,1,goal,
1818,113,321.33,26.16,-73.08,0.0000,0.0000,1,goal,
461,232,220.93,10.55,293.72,0.0000,0.0023,1,goal,
462,42,-187.52,7.38,234.70,0.0476,0.0000,0,collision,
463,210,-152.87,10.08,572.43,0.0000,0.0740,0,collision,
464,72,-150.37,17.08,70.82,0.0000,0.0327,0,collision,
465,179,312.81,16.04,266.67,0.0000,0.0122,1,goal,
466,105,303.16,26.66,3.25,0.0000,0.0000,1,goal,
467,176,318.28,14.19,192.89,0.0000,0.0033,1,goal,
468,202,187.17,11.13,104.68,0.0000,0.2794,1,goal,
469,199,331.03,13.91,505.09,0.0000,0.0073,1,goal,
470,2,-201.58,0.10,0.12,0.4537,0.0000,0,collision,
1819,162,-205.18,10.16,480.24,0.0119,0.0014,0,collision,
1820,182,315.72,12.60,582.93,0.0000,0.0151,1,goal,
1821,202,295.29,13.99,334.15,0.0000,0.0281,1,goal,
1822,183,348.94,14.69,495.51,0.0000,0.0000,1,goal,
1823,12,-203.15,2.39,39.00,0.0000,0.0000,0,collision,
1824,169,337.65,16.38,255.73,0.0000,0.0000,1,goal,
1825,239,309.08,10.69,646.60,0.0000,0.0000,1,goal,
1826,288,276.44,10.02,504.34,0.0000,0.0039,1,goal,
1827,171,-195.97,8.72,581.24,0.0117,0.0000,0,collision,
1828,80,279.30,23.77,-37.36,0.0000,0.0000,1,goal,
1829,113,-106.53,22.58,-94.35,0.0000,0.0823,0,collision,
1830,306,249.07,9.03,496.38,0.0000,0.0295,1,goal,
1831,20,-186.33,8.98,92.01,0.0683,0.0000,0,collision,
1832,209,-57.21,14.36,123.07,0.0011,0.0020,0,collision,
1833,175,272.42,13.35,332.30,0.0000,0.0265,1,goal,
1834,92,-157.91,12.91,149.09,0.0059,0.0332,0,collision,
1835,157,316.50,17.79,-18.59,0.0000,0.0196,1,goal,
1836,172,306.15,15.76,288.40,0.0000,0.0075,1,goal,
1837,240,313.02,11.20,956.82,0.0000,0.0067,1,goal,
1838,2,-200.32,1.04,2.51,0.0000,0.0000,0,collision,
1839,160,321.01,19.09,273.12,0.0000,0.0242,1,goal,
1840,202,306.99,12.63,463.11,0.0000,0.0031,1,goal,
1841,123,-226.27,4.86,431.50,0.0041,0.0780,0,collision,
1842,60,-179.23,12.88,-52.16,0.0000,0.0317,0,collision,
1843,318,177.18,8.74,592.15,0.0000,0.0313,1,goal,
471,155,-180.81,8.40,408.43,0.0045,0.0067,0,collision,
472,122,298.22,19.02,-34.14,0.0000,0.0000,1,goal,
473,74,-148.41,16.31,136.64,0.0000,0.0130,0,collision,
474,153,118.75,18.54,122.85,0.0009,0.0171,0,removed_unknown,
475,166,249.53,14.33,56.62,0.0000,0.0217,1,goal,
476,90,85.04,25.52,140.15,0.0037,0.0070,0,removed_unknown,
477,140,316.13,17.60,127.59,0.0000,0.0000,1,goal,
478,255,213.51,10.93,106.35,0.0000,0.1064,1,goal,
479,167,308.76,15.60,97.35,0.0000,0.0239,1,goal,
480,237,306.80,12.44,356.17,0.0000,0.0676,1,goal,
1844,364,-120.07,11.46,1431.46,0.0055,0.0059,0,collision,
1845,159,323.72,15.94,111.71,0.0000,0.0086,1,goal,
1846,2,-200.32,1.04,2.51,0.0600,0.0000,0,collision,
1847,315,221.49,8.96,723.53,0.0000,0.0147,1,goal,
1848,126,298.07,17.93,256.44,0.0000,0.0101,1,goal,
1849,263,250.38,10.97,396.58,0.0000,0.1284,1,goal,
1850,231,-114.73,10.66,487.07,0.0000,0.0039,0,collision,
1851,6,-202.30,1.58,7.60,0.3333,0.0000,0,collision,
1852,214,271.46,12.69,373.43,0.0000,0.0695,1,goal,
1853,210,290.46,13.04,331.34,0.0000,0.0000,1,goal,
1854,328,231.00,7.98,831.15,0.0000,0.0329,1,goal,
1855,140,292.32,17.31,-44.61,0.0000,0.0000,1,goal,
1856,324,288.33,8.68,1061.33,0.0000,0.0222,1,goal,
1857,216,262.82,10.46,392.12,0.0000,0.0107,1,goal,
1858,21,-188.90,6.42,168.38,0.0000,0.0000,0,collision,
1859,198,-155.57,9.65,444.87,0.0101,0.0198,0,collision,
1860,302,282.09,10.04,656.71,0.0000,0.1055,1,goal,
1861,28,-180.93,11.42,167.03,0.0705,0.0000,0,collision,
1862,108,310.28,24.23,-128.93,0.0000,0.0000,1,goal,
1863,220,299.42,12.44,304.33,0.0000,0.0116,1,goal,
1864,251,295.28,10.78,541.31,0.0000,0.0291,1,goal,
1865,124,272.62,17.20,219.25,0.0000,0.0000,1,goal,
481,114,298.29,19.30,-84.55,0.0000,0.0132,1,goal,
482,178,-194.10,9.28,440.04,0.0112,0.1276,0,collision,
483,146,109.93,19.03,14.15,0.0033,0.0000,0,removed_unknown,
484,77,-234.34,6.39,120.50,0.0126,0.0776,0,collision,
485,202,178.93,12.22,-37.64,0.0000,0.2778,1,goal,
486,199,325.70,12.41,603.39,0.0000,0.0423,1,goal,
487,180,-131.40,11.17,600.99,0.0053,0.0313,0,collision,
488,204,-130.11,10.19,616.42,0.0098,0.0576,0,collision,
489,113,-112.33,16.86,272.82,0.0000,0.0000,0,collision,
490,275,219.14,8.94,640.37,0.0000,0.0079,1,goal,
1866,203,-223.41,9.52,378.10,0.0000,0.0001,0,collision,
1867,199,277.65,11.80,592.08,0.0000,0.0606,1,goal,
1868,194,276.69,14.25,148.57,0.0000,0.0094,1,goal,
1869,140,327.58,19.97,164.54,0.0000,0.0000,1,goal,
1870,311,235.24,8.15,1062.13,0.0000,0.0370,1,goal,
1871,214,292.96,11.65,527.49,0.0000,0.0043,1,goal,
1872,178,255.71,15.20,137.91,0.0000,0.0066,1,goal,
1873,197,203.20,12.96,30.58,0.0000,0.0000,1,goal,
1874,96,-201.35,7.72,257.92,0.0180,0.0559,0,collision,
1875,28,-181.98,9.30,189.30,0.0714,0.0646,0,collision,
1876,128,299.96,18.25,23.38,0.0000,0.0000,1,goal,
1877,232,303.94,10.52,625.24,0.0000,0.0000,1,goal,
1878,183,-134.39,12.25,250.87,0.0000,0.0090,0,collision,
1879,179,337.79,16.16,216.25,0.0000,0.0131,1,goal,
1880,261,239.49,10.32,445.68,0.0000,0.0000,1,goal,
1881,94,-135.47,16.72,122.71,0.0075,0.0227,0,collision,
1882,155,319.69,16.75,68.61,0.0000,0.0000,1,goal,
1883,93,108.76,30.39,129.59,0.0118,0.0000,0,removed_unknown,
1884,92,-108.41,25.88,-150.71,0.0118,0.0304,0,collision,
1885,9,-199.20,4.54,84.04,0.0000,0.0000,0,collision,
1886,333,-141.55,7.89,1148.06,0.0060,0.0027,0,collision,
1887,229,235.51,12.21,262.29,0.0000,0.0146,1,goal,
1888,268,-200.57,10.30,425.17,0.0033,0.0915,0,collision,
1889,111,-147.69,12.18,192.18,0.0068,0.0000,0,collision,
491,241,292.31,11.64,268.05,0.0000,0.0049,1,goal,
492,54,-163.89,8.42,347.94,0.0210,0.0000,0,collision,
493,151,-180.08,7.42,653.08,0.0024,0.0759,0,collision,
494,123,-117.76,12.06,368.32,0.0045,0.0000,0,collision,
495,283,297.34,8.74,947.64,0.0000,0.0083,1,goal,
496,243,315.32,10.70,811.61,0.0000,0.0085,1,goal,
497,293,256.10,8.88,1009.09,0.0000,0.0000,1,goal,
498,214,316.90,13.01,348.60,0.0000,0.0488,1,goal,
499,261,303.19,10.02,776.13,0.0000,0.0102,1,goal,
500,115,-115.63,13.53,324.23,0.0000,0.0000,0,collision,
1890,226,-25.95,12.02,684.51,0.0000,0.0080,0,removed_unknown,
1891,55,-160.62,16.07,83.20,0.0000,0.0311,0,collision,
1892,197,300.84,11.79,435.83,0.0000,0.0440,1,goal,
1893,91,-128.12,15.97,166.83,0.0000,0.0154,0,collision,
1894,128,312.55,17.92,85.04,0.0000,0.0000,1,goal,
1895,175,322.27,13.74,417.86,0.0000,0.0000,1,goal,
1896,130,-124.03,11.26,173.23,0.0079,0.0070,0,collision,
1897,129,331.98,23.92,-194.36,0.0000,0.0000,1,goal,
1898,238,298.76,9.83,479.76,0.0000,0.0002,1,goal,
1899,81,-153.94,11.64,313.99,0.0247,0.0281,0,collision,
1900,187,-110.53,10.40,703.09,0.0026,0.0000,0,collision,
1901,250,333.17,11.08,858.52,0.0000,0.0012,1,goal,
1902,322,241.08,8.44,916.03,0.0000,0.0677,1,goal,
1903,84,-136.11,15.99,98.54,0.0238,0.0325,0,collision,
1904,2,-200.32,1.04,2.51,0.2672,0.0000,0,collision,
1905,109,-128.37,17.57,-21.93,0.0000,0.0218,0,collision,
1906,200,-91.63,11.38,907.20,0.0100,0.0203,0,collision,
1907,119,313.02,20.62,-23.56,0.0000,0.0127,1,goal,
1908,141,300.77,15.26,339.89,0.0000,0.0181,1,goal,
1909,2,-200.32,1.04,2.51,1.0000,0.0000,0,collision,
1910,172,-117.29,14.85,-55.73,0.0114,0.1060,0,collision,
1911,288,259.49,9.62,1003.81,0.0000,0.1115,1,goal,
1912,111,288.52,16.59,116.07,0.0000,0.0229,1,goal,
1913,138,-139.54,10.17,235.81,0.0112,0.0119,0,collision,
1914,49,-174.25,11.20,187.54,0.0408,0.1208,0,collision,
1915,237,274.44,10.25,712.84,0.0000,0.0785,1,goal,
1916,112,305.79,20.24,60.66,0.0000,0.0000,1,goal,
1917,114,-101.37,18.18,-228.24,0.0000,0.0216,0,collision,
501,17,-194.33,5.06,108.45,0.1176,0.0170,0,collision,
502,39,-176.52,6.75,253.71,0.0498,0.0192,0,collision,
503,103,-158.10,12.42,190.61,0.0162,0.0227,0,collision,
504,172,318.64,13.23,569.19,0.0000,0.0078,1,goal,
505,143,112.81,19.35,176.66,0.0052,0.0000,0,removed_unknown,
506,190,339.17,15.91,421.43,0.0000,0.0000,1,goal,
507,251,264.91,10.54,286.79,0.0000,0.0000,1,goal,
508,95,-127.40,13.81,419.94,0.0211,0.0074,0,collision,
509,242,290.91,10.67,595.60,0.0000,0.0224,1,goal,
510,267,258.20,8.67,637.88,0.0000,0.0002,1,goal,
1918,148,-262.24,8.37,219.78,0.0135,0.0326,0,collision,
1919,171,267.70,15.93,-4.03,0.0000,0.1431,1,goal,
1920,314,264.65,8.78,1260.33,0.0000,0.0553,1,goal,
1921,281,298.28,9.84,950.01,0.0000,0.0694,1,goal,
1922,205,339.63,13.63,573.81,0.0000,0.0059,1,goal,
1923,179,-128.89,9.04,680.17,0.0000,0.0000,0,collision,
1924,231,317.49,12.74,465.35,0.0000,0.0043,1,goal,
1925,131,278.42,17.39,65.36,0.0000,0.0255,1,goal,
1926,2,-200.32,1.04,2.51,0.0000,0.0000,0,collision,
1927,309,210.42,7.81,794.38,0.0000,0.0000,1,goal,
1928,310,225.40,8.87,721.93,0.0000,0.0626,1,goal,
1929,341,215.97,7.61,914.15,0.0000,0.0221,1,goal,
1930,107,-371.32,0.35,35.94,0.0082,0.6721,0,collision,
1931,65,-175.49,12.91,10.08,0.0215,0.1872,0,collision,
1932,310,281.65,9.97,636.69,0.0000,0.0000,1,goal,
1933,249,312.99,11.53,878.48,0.0000,0.0339,1,goal,
1934,256,316.83,12.01,559.41,0.0000,0.0000,1,goal,
1935,285,339.04,10.07,1070.06,0.0000,0.0092,1,goal,
1936,226,-117.72,9.45,516.07,0.0000,0.0000,0,collision,
511,306,304.65,9.13,1093.92,0.0000,0.0004,1,goal,
512,126,308.32,17.99,161.70,0.0000,0.0000,1,goal,
513,133,-103.08,13.26,420.06,0.0150,0.0248,0,collision,
514,198,301.44,12.62,324.63,0.0000,0.0000,1,goal,
515,173,-100.90,11.58,400.11,0.0107,0.0000,0,collision,
516,211,329.50,13.56,469.84,0.0000,0.0000,1,goal,
517,139,318.72,16.66,249.01,0.0000,0.0079,1,goal,
518,170,309.01,13.94,39.85,0.0000,0.0104,1,goal,
519,280,319.96,10.77,535.93,0.0000,0.0098,1,goal,
520,175,312.52,13.61,217.95,0.0000,0.0061,1,goal,
1937,84,-220.58,6.21,460.86,0.0222,0.0000,0,collision,
1938,51,-166.00,9.18,437.56,0.0000,0.0000,0,collision,
1939,296,-145.00,8.88,795.19,0.0018,0.0102,0,collision,
1940,219,-122.84,9.74,644.79,0.0000,0.0347,0,collision,
1941,202,282.78,12.30,351.62,0.0000,0.0037,1,goal,
1942,126,-99.38,17.63,-23.31,0.0157,0.0037,0,collision,
1943,268,236.67,8.43,885.27,0.0000,0.0148,1,goal,
1944,76,-149.93,13.02,370.69,0.0031,0.0232,0,collision,
1945,66,-163.70,9.87,250.41,0.0000,0.0000,0,collision,
1946,256,177.71,8.83,70.39,0.0000,0.0001,1,goal,
1947,294,-149.28,7.49,1070.90,0.0046,0.0422,0,collision,
1948,154,326.93,16.02,372.34,0.0000,0.0003,1,goal,
1949,229,261.34,11.80,202.39,0.0000,0.0082,1,goal,
1950,209,323.14,10.70,758.51,0.0000,0.0091,1,goal,
1951,229,281.31,12.03,389.24,0.0000,0.0168,1,goal,
1952,2,-200.32,1.04,2.51,0.2992,0.0000,0,collision,
1953,384,309.00,7.58,1545.83,0.0000,0.0316,1,goal,
1954,177,-71.07,13.37,727.33,0.0113,0.0069,0,collision,
1955,293,259.85,8.41,1121.15,0.0000,0.0181,1,goal,
1956,197,322.52,14.76,307.61,0.0000,0.0011,1,goal,
1957,18,-188.35,10.60,115.40,0.0918,0.0000,0,collision,
521,94,296.49,24.93,-78.53,0.0000,0.0000,1,goal,
522,219,-127.03,9.35,463.72,0.0000,0.0197,0,collision,
523,262,338.61,11.10,1071.80,0.0000,0.0418,1,goal,
524,277,-202.10,7.95,767.16,0.0036,0.0220,0,collision,
525,240,279.59,11.47,789.26,0.0000,0.0065,1,goal,
526,249,223.54,11.18,254.78,0.0000,0.1331,1,goal,
527,316,-269.23,6.26,425.42,0.0000,0.0331,0,collision,
528,3,-199.63,2.08,9.94,0.0000,0.0000,0,collision,
529,148,336.46,20.30,-228.18,0.0000,0.0163,1,goal,
530,138,298.25,16.90,257.47,0.0000,0.0455,1,goal,
1958,342,-216.12,8.23,951.49,0.0000,0.0136,0,collision,
1959,197,79.64,11.66,409.15,0.0000,0.0018,0,removed_unknown,
1960,258,315.47,9.97,720.30,0.0000,0.0245,1,goal,
1961,105,299.93,22.86,-32.80,0.0000,0.0013,1,goal,
1962,197,239.99,12.45,166.27,0.0000,0.1651,1,goal,
1963,226,209.39,10.66,309.98,0.0000,0.0145,1,goal,
1964,99,-242.26,2.48,248.63,0.0202,0.1146,0,collision,
1965,172,339.70,17.60,193.44,0.0000,0.0000,1,goal,
1966,30,-173.18,21.03,43.50,0.0000,0.0532,0,collision,
1967,161,339.73,17.60,120.07,0.0000,0.0000,1,goal,
1968,2,-200.32,1.04,2.51,0.0000,0.0000,0,collision,
1969,222,-183.78,9.82,247.71,0.0090,0.0879,0,collision,
1970,184,348.58,15.39,668.29,0.0000,0.0000,1,goal,
1971,139,304.22,16.19,316.35,0.0000,0.0070,1,goal,
1972,57,-160.98,15.87,48.42,0.0026,0.0000,0,collision,
1973,189,309.47,13.37,403.87,0.0000,0.0073,1,goal,
1974,218,274.20,10.64,468.71,0.0000,0.0203,1,goal,
1975,153,-121.57,11.72,650.40,0.0000,0.0606,0,collision,
1976,53,-150.09,20.54,39.68,0.0000,0.0000,0,collision,
1977,169,335.50,16.95,52.57,0.0000,0.0000,1,goal,
1978,249,248.17,8.85,638.72,0.0000,0.0113,1,goal,
1979,226,201.74,11.65,3.57,0.0000,0.0051,1,goal,
1980,275,-133.74,8.08,976.41,0.0073,0.0000,0,collision,
1981,49,-161.98,13.99,94.34,0.0000,0.0000,0,collision,
1982,115,-111.68,13.98,100.28,0.0156,0.0000,0,collision,
1983,85,-193.58,7.82,235.94,0.0235,0.1849,0,collision,
1984,100,305.78,24.60,-159.14,0.0000,0.0000,1,goal,
531,146,310.96,18.34,71.07,0.0000,0.0000,1,goal,
532,166,-95.03,14.73,266.25,0.0000,0.0706,0,collision,
533,147,-108.23,15.30,205.01,0.0124,0.0042,0,collision,
534,53,-163.41,13.09,141.98,0.0000,0.0000,0,collision,
535,165,336.19,16.77,-75.13,0.0000,0.0076,1,goal,
536,27,-178.60,18.75,109.58,0.0000,0.0286,0,collision,
537,135,317.48,18.17,145.84,0.0000,0.0022,1,goal,
538,136,318.20,17.57,255.99,0.0000,0.0000,1,goal,
539,40,-169.46,15.24,55.49,0.0229,0.0000,0,collision,
540,149,329.74,17.31,83.63,0.0000,0.0000,1,goal,
1985,159,-101.76,17.13,259.01,0.0000,0.0000,0,collision,
1986,121,320.25,23.85,-138.30,0.0000,0.0040,1,goal,
1987,143,324.89,18.09,160.63,0.0000,0.0000,1,goal,
1988,78,-139.15,13.39,221.84,0.0161,0.0000,0,collision,
1989,3,-202.08,0.69,1.84,0.6667,0.0067,0,collision,
1990,160,-78.81,16.79,103.72,0.0000,0.0137,0,collision,
1991,102,289.63,22.75,50.72,0.0000,0.0002,1,goal,
1992,150,307.19,16.54,61.21,0.0000,0.0242,1,goal,
1993,244,-195.24,9.50,480.15,0.0046,0.1454,0,collision,
1994,178,304.85,14.76,336.37,0.0000,0.0204,1,goal,
1995,154,314.08,17.20,268.23,0.0000,0.0000,1,goal,
1996,156,-121.88,12.96,194.60,0.0000,0.0112,0,collision,
1997,28,-175.08,17.91,77.37,0.0000,0.0000,0,collision,
1998,127,312.67,19.50,-124.03,0.0000,0.0054,1,goal,
1999,163,339.85,18.48,151.79,0.0000,0.0002,1,goal,
2000,72,-129.56,22.37,4.56,0.0027,0.0000,0,collision,
2001,101,313.08,30.22,-229.94,0.0000,0.0000,1,goal,
2002,247,-252.30,9.59,195.03,0.0064,0.0207,0,collision,
2003,111,-108.69,17.89,160.07,0.0105,0.0142,0,collision,
2004,279,-134.13,8.30,808.62,0.0042,0.0386,0,collision,
2005,125,294.26,18.33,171.42,0.0000,0.0074,1,goal,
2006,178,-243.00,6.81,318.91,0.0112,0.1190,0,collision,
2007,34,-183.78,8.35,198.48,0.0000,0.0000,0,collision,
2008,153,240.62,16.88,-4.11,0.0000,0.0030,1,goal,
2009,2,-200.32,1.04,2.51,0.0000,0.0000,0,collision,
2010,200,273.53,14.11,143.56,0.0000,0.0058,1,goal,
2011,198,300.14,10.98,593.77,0.0000,0.0000,1,goal,
2012,164,325.98,18.45,198.77,0.0000,0.0738,1,goal,
2013,91,-125.22,15.34,184.54,0.0065,0.0000,0,collision,
2014,193,266.46,12.85,213.27,0.0000,0.0718,1,goal,
541,367,-340.56,4.74,932.01,0.0054,0.1879,0,collision,
542,144,319.97,18.09,23.80,0.0000,0.0156,1,goal,
543,132,-104.73,16.82,102.93,0.0135,0.0037,0,collision,
544,141,298.28,16.35,-4.90,0.0000,0.0758,1,goal,
545,141,-122.37,14.87,-40.93,0.0142,0.0952,0,collision,
546,224,329.24,13.00,459.32,0.0000,0.0000,1,goal,
547,136,305.78,16.99,196.42,0.0000,0.0000,1,goal,
548,2,-200.86,0.00,0.10,0.6574,0.0000,0,collision,
549,21,-225.44,0.51,10.81,0.0952,0.0000,0,collision,
550,180,-158.67,7.98,666.15,0.0005,0.0138,0,collision,
2015,137,-132.56,15.81,88.62,0.0000,0.0147,0,collision,
2016,211,291.52,11.09,685.71,0.0000,0.0000,1,goal,
2017,177,305.12,14.98,286.79,0.0000,0.0196,1,goal,
2018,162,286.87,14.63,203.30,0.0000,0.0055,1,goal,
2019,232,215.18,9.69,900.80,0.0000,0.0576,1,goal,
2020,101,298.06,22.45,-168.73,0.0000,0.0000,1,goal,
2021,198,328.86,12.37,588.86,0.0000,0.0293,1,goal,
2022,2,-200.32,1.04,2.51,0.0992,0.0000,0,collision,
2023,116,314.51,22.18,-167.33,0.0000,0.0080,1,goal,
2024,171,284.36,14.70,140.54,0.0000,0.0000,1,goal,
2025,229,278.23,10.13,558.54,0.0000,0.0247,1,goal,
2026,115,-110.37,15.42,157.43,0.0123,0.0000,0,collision,
2027,220,241.84,11.27,398.86,0.0000,0.0631,1,goal,
2028,192,328.16,15.79,156.33,0.0000,0.0138,1,goal,
2029,123,307.67,19.94,216.70,0.0000,0.0000,1,goal,
2030,78,-126.13,20.17,89.73,0.0000,0.0000,0,collision,
2031,174,-300.40,3.92,235.01,0.0000,0.2036,0,collision,
2032,164,291.19,15.79,185.48,0.0000,0.0000,1,goal,
2033,184,-102.55,12.81,267.72,0.0029,0.0209,0,collision,
2034,173,319.19,14.10,329.16,0.0000,0.0009,1,goal,
2035,9,-200.10,4.28,57.11,0.2222,0.0000,0,collision,
2036,55,-200.86,11.28,109.04,0.0025,0.1529,0,collision,
2037,150,-149.76,9.36,466.55,0.0050,0.0977,0,collision,
2038,162,315.55,17.11,183.06,0.0000,0.0009,1,goal,
2039,94,292.49,24.45,-96.84,0.0000,0.0000,1,goal,
2040,302,218.32,9.10,406.07,0.0000,0.0619,1,goal,
551,199,313.19,12.51,566.21,0.0000,0.0000,1,goal,
552,244,282.62,11.88,291.43,0.0000,0.0012,1,goal,
553,103,-116.92,20.19,-121.82,0.0119,0.0000,0,collision,
554,116,308.28,20.61,-147.25,0.0000,0.0000,1,goal,
555,197,279.06,11.70,496.66,0.0000,0.0765,1,goal,
556,311,-158.24,10.07,556.47,0.0000,0.0328,0,collision,
557,118,-85.00,22.75,-45.10,0.0169,0.0072,0,collision,
558,175,321.91,15.71,77.80,0.0000,0.0038,1,goal,
559,86,-250.00,3.12,315.55,0.0000,0.0526,0,collision,
560,211,232.13,9.81,325.00,0.0000,0.0028,1,goal,
2041,355,-230.85,7.75,732.84,0.0020,0.0181,0,collision,
2042,191,265.92,11.81,396.62,0.0000,0.0000,1,goal,
2043,252,108.06,7.44,572.67,0.0000,0.2961,1,goal,
2044,177,304.75,13.07,591.24,0.0000,0.0000,1,goal,
2045,209,337.45,13.66,453.92,0.0000,0.0196,1,goal,
2046,137,288.79,18.05,165.88,0.0000,0.0000,1,goal,
2047,238,219.63,7.81,485.55,0.0000,0.0326,1,goal,
2048,2,-200.32,1.04,2.51,0.0000,0.0000,0,collision,
2049,149,-98.01,18.89,5.20,0.0134,0.0076,0,collision,
2050,191,289.45,12.74,283.73,0.0000,0.0615,1,goal,
2051,231,309.61,10.95,761.97,0.0000,0.0707,1,goal,
2052,203,278.42,13.65,151.89,0.0000,0.0000,1,goal,
2053,144,317.33,19.83,-54.88,0.0000,0.0000,1,goal,
2054,137,305.16,19.78,86.29,0.0000,0.0111,1,goal,
2055,165,300.02,18.22,-38.47,0.0000,0.0481,1,goal,
2056,286,246.80,9.73,657.57,0.0000,0.0697,1,goal,
2057,185,-112.96,11.20,436.01,0.0007,0.0089,0,collision,
2058,139,-125.07,12.05,325.35,0.0055,0.0385,0,collision,
2059,120,-153.77,11.54,298.65,0.0095,0.0204,0,collision,
2060,70,-138.68,17.82,-21.84,0.0226,0.0000,0,collision,
2061,156,307.61,18.94,-114.65,0.0000,0.0000,1,goal,
2062,147,334.06,20.06,-279.23,0.0000,0.0173,1,goal,
2063,2,-200.32,1.04,2.51,0.0000,0.0000,0,collision,
2064,182,347.34,16.13,493.82,0.0000,0.0065,1,goal,
2065,156,332.33,16.30,223.71,0.0000,0.0000,1,goal,
561,209,261.59,11.58,389.28,0.0000,0.0382,1,goal,
562,65,-159.82,11.06,315.02,0.0000,0.0476,0,collision,
563,76,287.07,32.83,-114.01,0.0000,0.0000,1,goal,
564,101,294.72,21.63,-49.55,0.0000,0.0224,1,goal,
565,189,242.23,12.60,302.85,0.0000,0.1458,1,goal,
566,148,-125.28,13.63,113.70,0.0064,0.0012,0,collision,
567,143,255.87,12.03,362.97,0.0000,0.0087,1,goal,
568,107,303.56,25.13,-71.51,0.0000,0.0018,1,goal,
569,108,-225.19,7.64,161.24,0.0185,0.1985,0,collision,
570,160,296.06,14.09,35.80,0.0000,0.0000,1,goal,
2066,309,-391.88,6.14,418.23,0.0000,0.2332,0,collision,
2067,89,292.66,27.85,-93.50,0.0000,0.0000,1,goal,
2068,147,-72.42,18.57,24.30,0.0136,0.0082,0,collision,
2069,74,-119.60,28.54,-110.04,0.0270,0.0142,0,collision,
2070,94,301.42,26.98,-93.54,0.0000,0.0059,1,goal,
2071,252,256.22,9.23,430.02,0.0000,0.0023,1,goal,
2072,73,-141.38,16.21,154.69,0.0051,0.0000,0,collision,
2073,243,276.40,10.46,499.25,0.0000,0.0010,1,goal,
2074,200,315.48,14.02,311.61,0.0000,0.0069,1,goal,
2075,141,316.59,20.78,13.54,0.0000,0.0083,1,goal,
2076,178,303.38,15.52,217.92,0.0000,0.0000,1,goal,
2077,285,205.70,10.26,267.53,0.0000,0.0168,1,goal,
2078,151,253.58,16.37,-66.93,0.0000,0.0268,1,goal,
2079,174,256.82,13.70,124.53,0.0000,0.0000,1,goal,
2080,221,-76.03,14.27,326.49,0.0000,0.0037,0,collision,
2081,172,-183.66,8.03,336.97,0.0000,0.0793,0,collision,
2082,199,-87.48,12.18,619.28,0.0000,0.0346,0,collision,
2083,208,-95.46,13.46,204.64,0.0096,0.0462,0,collision,
2084,52,-156.22,21.42,-16.35,0.0297,0.0420,0,collision,
2085,150,-80.56,16.60,140.96,0.0000,0.0175,0,collision,
2086,57,-147.83,21.49,-70.53,0.0157,0.0015,0,collision,
2087,149,318.52,17.18,139.61,0.0000,0.0000,1,goal,
2088,164,-238.66,9.11,235.29,0.0000,0.2796,0,collision,
2089,132,319.18,21.97,27.11,0.0000,0.0261,1,goal,
2090,143,314.96,17.51,275.00,0.0000,0.0000,1,goal,
2091,52,-152.38,25.50,24.15,0.0151,0.0328,0,collision,
571,173,240.62,14.62,254.68,0.0000,0.0178,1,goal,
572,94,-189.43,9.12,181.68,0.0000,0.0648,0,collision,
573,177,123.50,15.47,614.83,0.0020,0.0083,0,removed_unknown,
574,124,-79.35,23.24,-274.27,0.0161,0.0069,0,collision,
575,301,296.38,10.21,909.80,0.0000,0.0576,1,goal,
576,65,-156.11,14.28,193.28,0.0141,0.0291,0,collision,
577,238,247.33,11.72,581.21,0.0000,0.0000,1,goal,
578,146,308.05,18.20,27.61,0.0000,0.0066,1,goal,
579,229,202.45,10.55,147.64,0.0000,0.0016,1,goal,
580,160,299.67,15.44,79.84,0.0000,0.0125,1,goal,
2092,165,-171.77,11.71,471.30,0.0070,0.0254,0,collision,
2093,103,313.13,27.74,-149.18,0.0000,0.0087,1,goal,
2094,218,-129.09,11.29,508.19,0.0041,0.0564,0,collision,
2095,3,-199.63,2.08,9.94,0.6667,0.0000,0,collision,
2096,224,-150.58,12.32,-18.87,0.0000,0.0094,0,collision,
2097,113,-106.35,17.21,-12.62,0.0040,0.0000,0,collision,
2098,249,251.55,10.09,356.74,0.0000,0.0095,1,goal,
2099,232,-132.54,11.09,470.68,0.0000,0.0097,0,collision,
2100,201,254.70,12.92,248.65,0.0000,0.0735,1,goal,
2101,114,-203.31,13.81,-91.13,0.0175,0.2794,0,collision,
2102,106,304.18,21.99,-151.78,0.0000,0.0000,1,goal,
2103,104,-208.77,7.98,142.84,0.0192,0.0196,0,collision,
2104,54,-202.62,4.65,159.76,0.0000,0.0000,0,collision,
2105,202,337.78,15.14,310.64,0.0000,0.0000,1,goal,
2106,3,-199.68,1.97,9.18,0.0000,0.0000,0,collision,
2107,99,303.39,24.71,-182.02,0.0000,0.0000,1,goal,
2108,181,242.97,13.44,161.20,0.0000,0.1003,1,goal,
2109,44,-162.74,16.15,117.64,0.0000,0.0000,0,collision,
2110,101,290.15,20.68,-34.91,0.0000,0.0089,1,goal,
2111,168,327.25,16.49,99.92,0.0000,0.0181,1,goal,
2112,121,311.61,21.80,-330.53,0.0000,0.0038,1,goal,
2113,98,300.36,23.96,-46.40,0.0000,0.0000,1,goal,
2114,153,-123.21,14.76,209.49,0.0002,0.0600,0,collision,
2115,112,308.10,22.32,19.20,0.0000,0.0000,1,goal,
2116,188,319.48,13.19,530.03,0.0000,0.0000,1,goal,
2117,45,-167.45,12.74,67.33,0.0444,0.0460,0,collision,
2118,96,102.54,27.41,-101.25,0.0208,0.0000,0,removed_unknown,
2119,243,216.23,11.12,537.23,0.0000,0.1224,1,goal,
2120,87,-216.27,7.21,168.55,0.0230,0.1895,0,collision,
2121,135,301.36,18.31,29.65,0.0000,0.0122,1,goal,
2122,36,-186.10,10.55,252.67,0.0000,0.1945,0,collision,
2123,143,-104.52,16.34,-8.40,0.0000,0.0405,0,collision,
581,81,-165.85,11.55,335.42,0.0089,0.0684,0,collision,
582,239,308.21,10.86,759.63,0.0000,0.0000,1,goal,
583,160,247.39,15.60,83.33,0.0000,0.0000,1,goal,
584,94,293.42,23.45,-109.65,0.0000,0.0049,1,goal,
585,164,258.09,15.17,203.61,0.0000,0.0061,1,goal,
586,143,309.76,17.35,161.40,0.0000,0.0665,1,goal,
587,91,-222.31,9.22,46.83,0.0220,0.3942,0,collision,
588,117,295.34,19.05,135.33,0.0000,0.0057,1,goal,
589,203,333.78,11.86,1019.50,0.0000,0.0000,1,goal,
590,176,288.74,12.68,197.49,0.0000,0.0000,1,goal,
2124,292,-346.60,8.78,138.76,0.0000,0.0000,0,collision,
2125,192,315.05,12.89,608.57,0.0000,0.0852,1,goal,
2126,245,249.54,8.71,615.48,0.0000,0.0791,1,goal,
2127,130,102.03,21.59,-25.40,0.0000,0.0186,0,removed_unknown,
2128,57,-159.67,18.07,11.84,0.0000,0.0345,0,collision,
2129,161,-165.17,10.53,329.16,0.0124,0.1514,0,collision,
2130,48,-167.96,12.41,164.49,0.0136,0.0505,0,collision,
2131,170,326.40,14.50,387.30,0.0000,0.0407,1,goal,
2132,105,66.81,16.67,284.95,0.0190,0.0000,0,removed_unknown,
2133,110,303.68,21.42,-120.83,0.0000,0.0000,1,goal,
2134,209,-157.77,9.48,386.99,0.0000,0.0098,0,collision,
2135,177,-184.17,11.78,280.14,0.0004,0.0392,0,collision,
2136,143,327.13,19.71,-269.90,0.0000,0.0105,1,goal,
2137,258,-149.54,10.52,798.42,0.0073,0.1130,0,collision,
2138,88,296.10,28.54,8.35,0.0000,0.0000,1,goal,
2139,38,-177.29,6.95,306.17,0.0000,0.0000,0,collision,
2140,109,314.51,26.20,-41.41,0.0000,0.0000,1,goal,
2141,200,238.77,13.24,60.25,0.0000,0.0182,1,goal,
2142,35,-175.26,14.86,146.62,0.0571,0.0238,0,collision,
2143,160,342.08,18.47,-242.39,0.0000,0.0000,1,goal,
2144,162,311.28,15.10,352.52,0.0000,0.0086,1,goal,
2145,60,-228.66,2.23,131.45,0.0333,0.0255,0,collision,
2146,124,309.04,19.99,-111.42,0.0000,0.0000,1,goal,
2147,253,313.39,10.36,798.61,0.0000,0.0126,1,goal,
2148,174,281.90,14.72,129.40,0.0000,0.0000,1,goal,
2149,2,-200.64,0.62,0.97,0.2011,0.0000,0,collision,
2150,235,-125.04,9.02,825.66,0.0000,0.0509,0,collision,
591,192,249.29,12.76,88.20,0.0000,0.0135,1,goal,
592,88,296.33,28.12,-141.28,0.0000,0.0000,1,goal,
593,44,-172.51,15.76,77.90,0.0455,0.0000,0,collision,
594,156,315.17,14.62,438.11,0.0000,0.0056,1,goal,
595,222,270.32,11.00,749.82,0.0000,0.0482,1,goal,
596,123,313.63,20.10,343.63,0.0000,0.0000,1,goal,
597,152,325.85,18.56,96.35,0.0000,0.0000,1,goal,
598,168,314.18,14.87,425.23,0.0000,0.0041,1,goal,
599,20,-183.39,15.40,69.12,0.0000,0.0000,0,collision,
600,168,320.66,13.15,504.77,0.0000,0.0000,1,goal,
2151,262,-217.31,8.00,551.47,0.0000,0.0610,0,collision,
2152,221,-118.89,10.48,422.65,0.0012,0.0103,0,collision,
2153,27,-177.88,14.54,109.48,0.0000,0.0000,0,collision,
2154,87,304.47,31.12,-108.83,0.0000,0.0000,1,goal,
2155,28,-185.61,6.57,179.84,0.0000,0.0000,0,collision,
2156,2,-200.32,1.04,2.51,0.0000,0.0000,0,collision,
2157,339,225.78,7.63,1114.00,0.0000,0.0280,1,goal,
2158,25,-186.23,9.71,121.13,0.0000,0.0000,0,collision,
2159,195,-154.17,12.37,200.74,0.0000,0.0022,0,collision,
2160,269,277.31,10.97,515.56,0.0000,0.0152,1,goal,
2161,197,314.12,12.39,419.76,0.0000,0.0041,1,goal,
2162,163,294.29,14.41,447.22,0.0000,0.0088,1,goal,
2163,72,-145.75,14.76,67.17,0.0278,0.0000,0,collision,
2164,74,-175.21,7.93,334.80,0.0000,0.0157,0,collision,
2165,206,-166.27,10.44,239.02,0.0000,0.0156,0,collision,
2166,41,-166.83,18.83,42.41,0.0488,0.0814,0,collision,
2167,131,329.48,22.15,-42.60,0.0000,0.0000,1,goal,
2168,271,-103.53,10.31,642.90,0.0074,0.0071,0,collision,
2169,98,303.81,26.56,-217.46,0.0000,0.0103,1,goal,
2170,245,328.54,10.66,848.16,0.0000,0.0082,1,goal,
2171,201,307.06,11.97,409.90,0.0000,0.0088,1,goal,
2172,153,327.96,16.16,238.52,0.0000,0.0000,1,goal,
2173,209,320.15,11.49,663.05,0.0000,0.0028,1,goal,
2174,215,340.26,13.60,67.73,0.0000,0.0000,1,goal,
2175,253,181.46,10.50,298.55,0.0000,0.0105,1,goal,
2176,210,342.71,13.46,519.79,0.0000,0.0027,1,goal,
601,94,-108.67,22.43,73.89,0.0000,0.0000,0,collision,
602,287,326.22,10.35,762.39,0.0000,0.0166,1,goal,
603,146,299.81,16.37,30.86,0.0000,0.0000,1,goal,
604,216,221.17,11.50,151.05,0.0000,0.0140,1,goal,
605,156,-126.11,14.07,65.50,0.0128,0.0219,0,collision,
606,10,-198.97,3.34,44.69,0.0000,0.0000,0,collision,
607,75,-144.36,15.72,57.81,0.0191,0.0283,0,collision,
608,113,-186.58,9.89,121.14,0.0177,0.0111,0,collision,
609,251,290.39,12.10,377.66,0.0000,0.0470,1,goal,
610,136,324.72,20.67,79.44,0.0000,0.0000,1,goal,
2177,197,-89.23,14.84,477.90,0.0000,0.0084,0,collision,
2178,20,-187.84,7.88,134.38,0.0062,0.0000,0,collision,
2179,142,269.35,15.84,130.07,0.0000,0.1127,1,goal,
2180,222,297.85,12.27,389.40,0.0000,0.0012,1,goal,
2181,301,196.19,9.06,712.47,0.0000,0.0004,1,goal,
2182,211,-123.48,10.99,288.00,0.0000,0.0083,0,collision,
2183,178,204.96,12.63,62.53,0.0000,0.0203,1,goal,
2184,86,290.93,27.22,-63.36,0.0000,0.0000,1,goal,
2185,158,260.42,14.91,284.22,0.0000,0.1050,1,goal,
2186,183,342.89,16.25,588.24,0.0000,0.0061,1,goal,
2187,3,-199.67,1.83,6.76,0.5474,0.0000,0,collision,
2188,240,-109.87,9.04,767.86,0.0000,0.0172,0,collision,
2189,251,268.19,11.53,246.78,0.0000,0.1152,1,goal,
2190,108,308.97,24.00,-216.29,0.0000,0.0000,1,goal,
2191,138,290.71,16.44,266.68,0.0000,0.0049,1,goal,
2192,312,263.43,9.17,501.04,0.0000,0.0179,1,goal,
2193,97,-149.99,10.58,342.36,0.0206,0.0184,0,collision,
2194,225,-124.53,12.71,278.76,0.0000,0.0434,0,collision,
2195,161,308.02,14.10,364.29,0.0000,0.0426,1,goal,
2196,191,60.11,12.89,237.94,0.0065,0.0328,0,removed_unknown,
2197,103,-120.24,18.16,40.79,0.0000,0.0000,0,collision,
2198,117,302.75,20.92,-18.37,0.0000,0.0106,1,goal,
2199,161,312.49,16.10,215.63,0.0000,0.0037,1,goal,
2200,57,-149.11,22.05,-70.85,0.0000,0.0167,0,collision,
2201,96,298.37,23.45,-85.32,0.0000,0.0000,1,goal,
2202,123,320.45,23.13,-37.21,0.0000,0.0036,1,goal,
2203,117,-111.60,21.02,70.28,0.0010,0.0439,0,collision,
611,83,-146.55,12.87,196.13,0.0017,0.0000,0,collision,
612,83,84.79,28.05,20.15,0.0051,0.0000,0,removed_unknown,
613,209,284.83,11.77,469.96,0.0000,0.0397,1,goal,
614,202,-183.12,7.80,543.16,0.0002,0.0071,0,collision,
615,45,-165.25,15.05,16.88,0.0444,0.0206,0,collision,
616,168,263.64,14.69,98.09,0.0000,0.0000,1,goal,
617,66,-191.93,12.39,73.86,0.0000,0.0100,0,collision,
618,32,-215.03,2.08,75.68,0.0625,0.0489,0,collision,
619,258,232.29,10.20,455.83,0.0000,0.0350,1,goal,
620,35,-168.19,20.17,-12.03,0.0000,0.0000,0,collision,
2204,102,-224.01,9.49,251.47,0.0011,0.0093,0,collision,
2205,97,297.74,23.87,-26.53,0.0000,0.0000,1,goal,
2206,103,295.43,24.86,142.50,0.0000,0.0000,1,goal,
2207,45,-157.66,21.78,-0.78,0.0084,0.0000,0,collision,
2208,81,-126.72,19.16,-5.91,0.0247,0.0000,0,collision,
2209,116,306.75,21.31,-50.72,0.0000,0.0000,1,goal,
2210,113,-114.36,14.59,145.66,0.0120,0.0311,0,collision,
2211,220,289.15,11.90,377.58,0.0000,0.0000,1,goal,
2212,204,270.63,12.15,480.66,0.0000,0.0000,1,goal,
2213,214,-72.15,13.12,545.42,0.0068,0.0318,0,collision,
2214,33,-170.52,18.96,33.44,0.0000,0.0000,0,collision,
2215,222,168.70,10.48,105.45,0.0000,0.1768,1,goal,
2216,144,249.84,16.16,153.22,0.0000,0.1034,1,goal,
2217,186,238.86,12.26,166.12,0.0000,0.1228,1,goal,
2218,2,-200.32,1.04,2.51,0.0000,0.0000,0,collision,
2219,124,-119.02,12.77,485.08,0.0083,0.0000,0,collision,
2220,209,315.72,12.39,840.59,0.0000,0.0000,1,goal,
2221,185,311.99,13.36,437.10,0.0000,0.0000,1,goal,
2222,253,311.41,10.96,388.59,0.0000,0.0374,1,goal,
2223,44,-161.13,18.55,-1.52,0.0455,0.0155,0,collision,
2224,165,335.09,15.69,191.85,0.0000,0.0138,1,goal,
2225,189,274.81,12.40,86.00,0.0000,0.0037,1,goal,
2226,323,-305.81,6.40,490.52,0.0000,0.2643,0,collision,
2227,122,-121.44,11.83,479.87,0.0000,0.0000,0,collision,
2228,161,-185.90,9.12,349.43,0.0090,0.0575,0,collision,
2229,112,-137.50,14.19,211.91,0.0179,0.0000,0,collision,
2230,107,-127.51,12.67,171.56,0.0187,0.0000,0,collision,
2231,193,322.92,15.65,317.46,0.0000,0.0306,1,goal,
621,316,116.78,7.89,123.51,0.0000,0.0000,1,goal,
622,155,336.14,18.59,167.99,0.0000,0.0000,1,goal,
623,60,-193.62,7.10,200.84,0.0333,0.0833,0,collision,
624,97,-168.28,9.36,242.98,0.0206,0.0476,0,collision,
625,221,297.38,12.57,394.24,0.0000,0.0775,1,goal,
626,39,-165.59,17.09,-1.61,0.0513,0.0000,0,collision,
627,106,300.28,22.16,-49.67,0.0000,0.0000,1,goal,
628,282,271.96,9.99,580.92,0.0000,0.0673,1,goal,
629,172,-121.16,9.65,564.76,0.0077,0.0021,0,collision,
630,82,-148.52,14.72,257.88,0.0244,0.0092,0,collision,
2232,421,-451.84,7.56,154.91,0.0017,0.0498,0,collision,
2233,91,288.04,24.62,59.07,0.0000,0.0000,1,goal,
2234,281,159.23,7.94,441.81,0.0000,0.0486,1,goal,
2235,60,-248.44,4.67,99.71,0.0333,0.5738,0,collision,
2236,250,-39.59,9.25,383.63,0.0070,0.1413,0,removed_unknown,
2237,257,289.67,11.41,314.63,0.0000,0.0072,1,goal,
2238,173,-108.35,11.12,560.28,0.0000,0.0099,0,collision,
2239,100,-101.71,23.18,-280.42,0.0097,0.0146,0,collision,
2240,325,139.71,8.01,460.04,0.0000,0.1312,1,goal,
2241,311,288.72,8.25,967.04,0.0000,0.0039,1,goal,
2242,302,285.25,8.56,1066.91,0.0000,0.0355,1,goal,
2243,185,-201.86,6.71,503.54,0.0000,0.0092,0,collision,
2244,296,-88.96,9.39,1024.07,0.0000,0.0057,0,collision,
2245,130,321.65,22.27,41.64,0.0000,0.0000,1,goal,
2246,297,-220.23,6.91,877.47,0.0047,0.0609,0,collision,
2247,213,233.58,10.65,328.19,0.0000,0.0716,1,goal,
2248,233,343.81,10.59,831.35,0.0000,0.0063,1,goal,
631,136,-87.45,20.37,-58.79,0.0000,0.0076,0,collision,
632,139,-240.97,4.49,342.60,0.0049,0.1518,0,collision,
633,249,307.63,10.47,466.67,0.0000,0.0057,1,goal,
634,364,181.15,7.52,1089.29,0.0000,0.1590,1,goal,
635,151,323.04,16.12,205.20,0.0000,0.0080,1,goal,
636,172,-118.01,13.10,59.99,0.0116,0.0230,0,collision,
637,236,201.07,10.90,244.67,0.0000,0.0272,1,goal,
638,255,284.05,9.05,960.00,0.0000,0.0001,1,goal,
639,125,296.04,19.82,48.05,0.0000,0.0000,1,goal,
640,125,-106.92,14.58,178.87,0.0160,0.0000,0,collision,
2249,452,-253.59,8.26,996.06,0.0009,0.0021,0,collision,
2250,157,324.08,15.67,440.37,0.0000,0.0091,1,goal,
2251,299,234.77,7.48,974.45,0.0000,0.0109,1,goal,
2252,203,334.39,14.53,67.82,0.0000,0.0375,1,goal,
2253,271,-99.50,8.25,965.70,0.0008,0.0236,0,collision,
2254,297,284.17,8.83,688.48,0.0000,0.0187,1,goal,
2255,180,318.71,12.86,455.29,0.0000,0.0000,1,goal,
2256,18,-194.31,5.00,114.65,0.1111,0.0560,0,collision,
2257,192,328.66,14.59,185.87,0.0000,0.0285,1,goal,
2258,171,327.22,17.05,74.86,0.0000,0.0000,1,goal,
2259,238,265.88,10.99,505.67,0.0000,0.0762,1,goal,
2260,231,260.24,10.58,266.88,0.0000,0.0204,1,goal,
2261,232,-183.05,10.12,259.79,0.0000,0.0053,0,collision,
2262,46,-155.94,25.40,38.62,0.0000,0.0359,0,collision,
2263,42,-164.95,16.66,93.64,0.0476,0.0000,0,collision,
2264,100,298.04,23.73,-173.42,0.0000,0.0098,1,goal,
2265,281,48.45,8.94,863.55,0.0000,0.0226,0,removed_unknown,
2266,182,261.05,12.84,277.99,0.0000,0.0000,1,goal,
2267,247,338.27,12.42,743.39,0.0000,0.0096,1,goal,
2268,153,336.58,18.58,71.72,0.0000,0.0073,1,goal,
2269,133,314.52,17.70,56.33,0.0000,0.0000,1,goal,
2270,97,-104.23,26.81,-267.46,0.0206,0.0352,0,collision,
641,90,-227.84,5.65,350.45,0.0056,0.0867,0,collision,
642,4,-202.25,1.16,4.19,0.0583,0.0000,0,collision,
643,143,299.65,17.18,-53.10,0.0000,0.0132,1,goal,
644,181,317.69,12.98,492.36,0.0000,0.0039,1,goal,
645,159,-209.47,7.29,206.90,0.0024,0.1079,0,collision,
646,232,309.96,10.84,632.88,0.0000,0.0075,1,goal,
647,31,-171.55,19.44,81.48,0.0523,0.0000,0,collision,
648,67,-200.26,4.47,307.33,0.0008,0.0048,0,collision,
649,183,314.16,15.80,147.09,0.0000,0.0168,1,goal,
650,55,-176.20,8.89,251.85,0.0227,0.0157,0,collision,
2271,259,-266.68,9.93,212.98,0.0000,0.0000,0,collision,
2272,149,334.68,18.52,-108.81,0.0000,0.0000,1,goal,
2273,168,335.36,18.04,-176.91,0.0000,0.0011,1,goal,
2274,25,-177.58,18.78,65.60,0.0000,0.0108,0,collision,
2275,275,157.81,8.16,499.46,0.0000,0.0397,1,goal,
2276,115,321.15,25.57,-231.11,0.0000,0.0000,1,goal,
2277,288,233.26,9.44,624.43,0.0000,0.0271,1,goal,
2278,231,266.45,9.29,740.00,0.0000,0.0129,1,goal,
2279,290,201.22,10.01,322.63,0.0000,0.2162,1,goal,
2280,346,199.89,6.83,960.13,0.0000,0.0170,1,goal,
2281,92,-150.99,14.95,159.68,0.0044,0.0346,0,collision,
2282,329,295.65,8.84,1083.01,0.0000,0.0035,1,goal,
2283,154,319.16,16.37,190.76,0.0000,0.0039,1,goal,
2284,311,275.71,7.78,1025.30,0.0000,0.0236,1,goal,
2285,177,-225.72,9.01,290.83,0.0000,0.0000,0,collision,
2286,219,343.26,11.63,602.14,0.0000,0.0045,1,goal,
2287,19,-188.25,7.11,142.17,0.0987,0.0000,0,collision,
2288,60,-211.09,5.22,68.86,0.0089,0.0000,0,collision,
2289,363,186.66,7.74,675.30,0.0000,0.0464,1,goal,
2290,39,-180.97,14.31,5.15,0.0000,0.0442,0,collision,
2291,238,-39.24,10.27,126.26,0.0010,0.0000,0,removed_unknown,
651,308,215.88,9.79,258.09,0.0000,0.0152,1,goal,
652,11,-195.39,5.16,62.78,0.0284,0.0000,0,collision,
653,118,-156.65,8.58,380.29,0.0036,0.0032,0,collision,
654,194,248.50,10.97,446.75,0.0000,0.0032,1,goal,
655,59,-171.21,15.42,113.55,0.0000,0.0141,0,collision,
656,257,247.89,9.44,650.52,0.0000,0.1245,1,goal,
657,70,-143.89,21.04,108.92,0.0000,0.0213,0,collision,
658,240,254.01,10.47,518.01,0.0000,0.0000,1,goal,
659,135,316.10,21.35,-110.10,0.0000,0.0009,1,goal,
660,256,314.12,8.93,1184.56,0.0000,0.0105,1,goal,
2292,243,-359.54,6.82,391.85,0.0074,0.0032,0,collision,
2293,266,304.58,10.60,801.37,0.0000,0.0125,1,goal,
2294,234,-107.93,9.12,630.67,0.0048,0.0099,0,collision,
2295,159,287.06,14.38,179.22,0.0000,0.0297,1,goal,
2296,172,342.01,16.04,214.04,0.0000,0.0130,1,goal,
2297,347,311.06,7.83,1667.53,0.0000,0.0328,1,goal,
2298,24,-190.24,6.13,175.09,0.0833,0.0000,0,collision,
2299,203,342.07,13.96,691.39,0.0000,0.0000,1,goal,
2300,180,-113.36,12.36,134.45,0.0097,0.0407,0,collision,
2301,252,251.86,9.75,455.28,0.0000,0.0100,1,goal,
2302,313,310.70,9.34,1026.58,0.0000,0.0000,1,goal,
2303,132,-130.91,16.26,-3.68,0.0152,0.0091,0,collision,
2304,102,-138.94,13.31,156.66,0.0184,0.0000,0,collision,
2305,40,-187.67,5.20,194.74,0.0446,0.0000,0,collision,
2306,56,-154.03,20.18,-33.86,0.0357,0.0767,0,collision,
2307,248,237.72,9.52,427.95,0.0000,0.0386,1,goal,
2308,344,338.29,8.17,1701.11,0.0000,0.0082,1,goal,
2309,238,328.01,10.41,1002.95,0.0000,0.0000,1,goal,
2310,226,330.03,12.27,547.83,0.0000,0.0000,1,goal,
2311,54,-168.71,11.65,232.80,0.0000,0.0028,0,collision,
2312,144,299.99,15.66,210.22,0.0000,0.0171,1,goal,
661,227,343.23,11.65,906.99,0.0000,0.0065,1,goal,
662,232,330.21,9.96,939.20,0.0000,0.0079,1,goal,
663,222,291.10,12.79,507.60,0.0000,0.0028,1,goal,
664,274,296.76,10.68,675.50,0.0000,0.0003,1,goal,
665,33,-196.69,5.25,182.45,0.0000,0.0469,0,collision,
666,68,-163.91,10.37,170.21,0.0203,0.0000,0,collision,
667,219,270.55,10.17,530.46,0.0000,0.0353,1,goal,
668,207,346.42,11.71,1010.90,0.0000,0.0000,1,goal,
669,131,-99.67,14.49,86.44,0.0000,0.0000,0,collision,
670,12,-215.90,0.39,4.50,0.0662,0.0000,0,collision,
2313,313,63.40,14.09,374.57,0.0000,0.0006,0,removed_unknown,
2314,37,-180.17,8.08,237.42,0.0000,0.0000,0,collision,
2315,192,318.05,11.68,867.05,0.0000,0.0000,1,goal,
2316,70,-138.70,18.37,29.36,0.0112,0.0000,0,collision,
2317,206,332.90,13.65,453.46,0.0000,0.0000,1,goal,
2318,253,272.17,10.99,357.32,0.0000,0.0337,1,goal,
2319,63,-176.33,6.24,388.55,0.0161,0.0000,0,collision,
2320,181,-136.53,8.98,659.88,0.0000,0.0322,0,collision,
2321,176,305.31,13.27,336.37,0.0000,0.0000,1,goal,
2322,157,330.42,17.92,-173.56,0.0000,0.0000,1,goal,
2323,232,317.76,10.43,1098.79,0.0000,0.0000,1,goal,
2324,284,283.73,9.43,757.53,0.0000,0.0215,1,goal,
2325,177,280.33,11.84,338.92,0.0000,0.0000,1,goal,
2326,182,273.12,12.98,60.72,0.0000,0.0272,1,goal,
2327,228,333.15,13.11,511.56,0.0000,0.0000,1,goal,
2328,77,-206.54,4.04,298.38,0.0000,0.0057,0,collision,
2329,68,-153.59,11.20,366.67,0.0000,0.0098,0,collision,
2330,206,192.01,11.93,57.15,0.0000,0.0994,1,goal,
2331,381,207.24,7.21,1353.20,0.0000,0.0106,1,goal,
2332,46,-201.23,4.86,147.05,0.0435,0.0000,0,collision,
2333,143,321.31,17.28,31.33,0.0000,0.0000,1,goal,
2334,82,-207.76,3.88,317.30,0.0124,0.0000,0,collision,
2335,229,287.23,11.62,402.76,0.0000,0.0018,1,goal,
2336,112,-196.29,4.45,545.97,0.0000,0.0000,0,collision,
2337,65,-142.59,17.98,8.61,0.0308,0.0000,0,collision,
671,75,-146.06,15.26,112.60,0.0267,0.0284,0,collision,
672,196,360.77,15.38,524.58,0.0000,0.0000,1,goal,
673,58,-158.48,11.45,201.73,0.0292,0.0000,0,collision,
674,104,-274.36,3.60,217.76,0.0000,0.4303,0,collision,
675,226,268.33,12.91,206.12,0.0000,0.0754,1,goal,
676,231,303.73,11.85,441.65,0.0000,0.0245,1,goal,
677,202,-170.55,9.93,354.11,0.0099,0.1448,0,collision,
678,218,296.71,11.26,542.25,0.0000,0.0127,1,goal,
679,227,-128.47,9.10,877.38,0.0042,0.0000,0,collision,
680,117,-181.11,12.65,-3.74,0.0000,0.0186,0,collision,
2338,187,-178.98,12.31,468.43,0.0000,0.0000,0,collision,
2339,137,315.98,20.72,38.38,0.0000,0.0000,1,goal,
2340,79,-145.50,13.51,211.31,0.0005,0.0000,0,collision,
2341,1,-200.00,0.00,0.00,0.0000,0.0000,0,collision,
2342,173,319.49,13.05,488.20,0.0000,0.0321,1,goal,
2343,292,243.68,8.53,577.49,0.0000,0.0000,1,goal,
2344,150,323.89,18.71,22.34,0.0000,0.0000,1,goal,
2345,257,293.62,10.84,576.77,0.0000,0.0115,1,goal,
2346,103,-127.88,13.86,195.19,0.0122,0.0272,0,collision,
2347,181,238.69,13.10,72.04,0.0000,0.1542,1,goal,
2348,74,-139.24,21.89,14.78,0.0270,0.0000,0,collision,
2349,287,242.86,8.39,644.58,0.0000,0.0327,1,goal,
2350,167,315.20,17.01,320.79,0.0000,0.0087,1,goal,
2351,167,291.68,15.58,180.83,0.0000,0.0000,1,goal,
2352,42,-172.55,9.64,254.28,0.0000,0.0000,0,collision,
2353,131,-290.76,2.81,260.42,0.0000,0.2490,0,collision,
2354,126,303.93,17.96,101.41,0.0000,0.0096,1,goal,
2355,237,329.18,10.77,888.04,0.0000,0.0000,1,goal,
2356,184,339.68,15.61,187.37,0.0000,0.0228,1,goal,
2357,132,-94.86,17.54,-23.25,0.0054,0.0000,0,collision,
2358,229,308.20,11.03,593.60,0.0000,0.0000,1,goal,
2359,81,292.86,28.94,-140.29,0.0000,0.0000,1,goal,
2360,168,-113.33,11.08,600.41,0.0000,0.0100,0,collision,
2361,284,315.08,11.35,513.55,0.0000,0.0198,1,goal,
2362,190,277.44,14.59,95.33,0.0000,0.0000,1,goal,
681,178,308.98,14.15,318.90,0.0000,0.0373,1,goal,
682,103,-126.75,14.45,292.29,0.0000,0.0098,0,collision,
683,237,331.71,9.73,1172.03,0.0000,0.0009,1,goal,
684,119,-88.54,23.54,-144.91,0.0153,0.0123,0,collision,
685,155,-97.12,17.25,133.84,0.0032,0.0173,0,collision,
686,66,-155.76,13.72,72.60,0.0303,0.0113,0,collision,
687,146,319.82,19.02,220.02,0.0000,0.0000,1,goal,
688,132,-211.19,10.34,-12.29,0.0025,0.1824,0,collision,
689,23,-182.63,18.23,46.33,0.0000,0.0184,0,collision,
690,39,-180.69,8.27,337.10,0.0000,0.1028,0,collision,
2363,212,-179.32,10.02,689.47,0.0000,0.0435,0,collision,
2364,212,273.45,10.93,393.80,0.0000,0.0000,1,goal,
2365,131,317.93,19.18,-79.32,0.0000,0.0000,1,goal,
2366,118,317.25,22.35,-165.07,0.0000,0.0000,1,goal,
2367,90,294.53,25.83,-146.20,0.0000,0.0073,1,goal,
2368,103,-169.59,7.02,634.21,0.0000,0.0506,0,collision,
2369,123,-175.12,12.15,58.10,0.0157,0.0000,0,collision,
2370,2,-200.67,0.58,0.86,0.2202,0.0000,0,collision,
2371,224,373.62,14.09,540.48,0.0000,0.0070,1,goal,
2372,58,-156.82,13.21,303.39,0.0345,0.0000,0,collision,
2373,128,312.44,19.42,117.72,0.0000,0.0174,1,goal,
2374,81,-144.05,11.38,397.14,0.0246,0.0000,0,collision,
2375,79,289.26,29.11,37.29,0.0000,0.0000,1,goal,
2376,41,-170.58,17.46,4.98,0.0287,0.0000,0,collision,
2377,190,271.10,12.13,519.56,0.0000,0.0136,1,goal,
2378,273,264.71,11.08,549.20,0.0000,0.1070,1,goal,
2379,204,240.47,10.98,44.25,0.0000,0.0728,1,goal,
2380,207,326.33,11.74,816.15,0.0000,0.0000,1,goal,
2381,267,211.27,9.24,494.31,0.0000,0.0000,1,goal,
2382,203,252.36,10.98,366.71,0.0000,0.0145,1,goal,
2383,87,298.58,28.54,-132.48,0.0000,0.0000,1,goal,
2384,2,-200.32,1.04,2.51,0.0000,0.0000,0,collision,
2385,144,327.97,20.13,-196.82,0.0000,0.0000,1,goal,
2386,85,-173.69,10.59,351.76,0.0000,0.0125,0,collision,
2387,261,244.02,8.89,776.51,0.0000,0.0069,1,goal,
2388,73,-172.61,9.22,258.48,0.0000,0.0105,0,collision,
2389,250,-155.64,8.73,764.18,0.0000,0.0100,0,collision,
2390,161,-165.28,8.35,482.75,0.0000,0.0758,0,collision,
2391,155,307.40,14.46,360.02,0.0000,0.0040,1,goal,
691,282,-92.31,10.67,929.74,0.0030,0.0296,0,collision,
692,121,314.53,23.95,-273.23,0.0000,0.0000,1,goal,
693,165,292.14,14.02,112.47,0.0000,0.0000,1,goal,
694,233,233.91,10.03,229.70,0.0000,0.0569,1,goal,
695,219,288.70,10.66,520.33,0.0000,0.0468,1,goal,
696,137,309.57,17.68,122.82,0.0000,0.0000,1,goal,
697,1,-200.00,0.00,0.00,0.0000,0.0000,0,collision,
698,234,268.74,12.35,253.20,0.0000,0.0000,1,goal,
699,237,196.41,11.63,177.89,0.0000,0.0070,1,goal,
700,247,-148.52,8.96,936.37,0.0000,0.1137,0,collision,
2392,155,81.34,21.87,-71.00,0.0000,0.0000,0,removed_unknown,
2393,82,-164.74,9.10,337.33,0.0000,0.0000,0,collision,
2394,127,-110.35,17.35,110.97,0.0000,0.0324,0,collision,
2395,59,-149.19,20.93,-44.71,0.0000,0.0000,0,collision,
2396,252,309.53,9.59,1331.27,0.0000,0.0511,1,goal,
2397,97,-167.90,11.49,62.43,0.0141,0.0356,0,collision,
2398,54,-153.23,21.63,-5.62,0.0000,0.0157,0,collision,
2399,168,-73.48,15.59,109.00,0.0000,0.0094,0,collision,
2400,303,161.94,6.34,713.23,0.0000,0.0358,1,goal,
2401,83,292.71,29.91,-33.39,0.0000,0.0000,1,goal,
2402,280,296.72,10.77,681.16,0.0000,0.0372,1,goal,
2403,165,306.43,12.77,372.58,0.0000,0.0132,1,goal,
2404,343,-164.60,7.98,957.14,0.0000,0.0261,0,collision,
2405,240,198.19,11.74,44.75,0.0000,0.1672,1,goal,
2406,228,-168.50,8.20,694.60,0.0000,0.0689,0,collision,
2407,178,327.78,14.48,136.05,0.0000,0.0133,1,goal,
2408,8,-210.47,0.28,2.35,0.1961,0.0000,0,collision,
2409,193,234.86,11.62,39.85,0.0000,0.0092,1,goal,
2410,152,-123.42,13.62,150.40,0.0002,0.0000,0,collision,
2411,5,-204.16,0.76,1.59,0.0000,0.0000,0,collision,
2412,181,321.51,12.77,479.30,0.0000,0.0000,1,goal,
2413,266,-212.72,8.20,581.05,0.0024,0.0121,0,collision,
2414,231,230.05,9.64,554.86,0.0000,0.0143,1,goal,
2415,297,186.76,8.37,854.27,0.0000,0.1421,1,goal,
701,152,301.51,15.24,150.62,0.0000,0.0181,1,goal,
702,98,299.98,23.18,-132.82,0.0000,0.0000,1,goal,
703,215,335.81,13.06,405.03,0.0000,0.0141,1,goal,
704,277,298.54,9.46,955.37,0.0000,0.0000,1,goal,
705,97,-159.84,11.35,252.10,0.0106,0.0267,0,collision,
706,75,-147.95,18.00,-18.73,0.0267,0.0328,0,collision,
707,199,304.22,15.25,113.35,0.0000,0.0713,1,goal,
708,136,-172.38,11.25,63.00,0.0000,0.0682,0,collision,
709,142,323.29,18.91,126.76,0.0000,0.0000,1,goal,
710,154,-77.74,17.45,5.97,0.0000,0.0059,0,collision,
2416,135,-224.68,9.99,406.87,0.0128,0.1316,0,collision,
2417,2,-200.77,0.99,2.31,0.9790,0.2774,0,collision,
2418,85,-128.75,16.56,140.22,0.0000,0.0000,0,collision,
2419,242,-108.55,8.45,1038.85,0.0083,0.0282,0,collision,
2420,154,304.73,16.39,35.15,0.0000,0.0000,1,goal,
2421,173,284.58,12.73,561.16,0.0000,0.0002,1,goal,
2422,186,322.11,12.70,622.25,0.0000,0.0075,1,goal,
2423,128,311.71,20.42,142.29,0.0000,0.0000,1,goal,
2424,135,290.65,16.99,186.70,0.0000,0.0287,1,goal,
2425,242,291.59,11.73,409.29,0.0000,0.0791,1,goal,
2426,201,251.13,13.94,49.35,0.0000,0.0766,1,goal,
2427,313,105.20,7.99,360.33,0.0000,0.0001,1,goal,
2428,73,-178.35,10.68,149.97,0.0219,0.0000,0,collision,
2429,251,236.82,10.08,576.82,0.0000,0.0690,1,goal,
2430,155,-114.89,9.90,605.15,0.0129,0.0143,0,collision,
2431,331,233.17,9.04,379.42,0.0000,0.0570,1,goal,
2432,51,-154.93,19.42,38.37,0.0000,0.0133,0,collision,
2433,86,-248.77,6.74,59.24,0.0233,0.4566,0,collision,
2434,170,-132.56,13.14,-100.43,0.0000,0.0678,0,collision,
2435,163,-184.28,10.90,351.55,0.0005,0.0518,0,collision,
2436,110,299.19,21.98,-56.97,0.0000,0.0084,1,goal,
2437,84,292.92,27.41,-220.31,0.0000,0.0000,1,goal,
2438,128,108.71,19.18,143.99,0.0047,0.0000,0,removed_unknown,
2439,185,319.44,16.53,-70.61,0.0000,0.0000,1,goal,
2440,126,312.50,20.04,-182.21,0.0000,0.0000,1,goal,
711,192,278.18,10.41,870.96,0.0000,0.0000,1,goal,
712,230,-134.46,9.69,474.48,0.0034,0.0010,0,collision,
713,230,-107.02,12.33,200.29,0.0000,0.0097,0,collision,
714,108,-134.26,12.80,232.46,0.0000,0.0236,0,collision,
715,135,309.42,17.78,-21.65,0.0000,0.0000,1,goal,
716,241,213.16,10.64,27.36,0.0000,0.0189,1,goal,
717,49,-168.80,11.78,267.20,0.0000,0.0191,0,collision,
718,61,-279.03,0.96,56.74,0.0328,0.5155,0,collision,
719,112,314.85,23.57,-251.86,0.0000,0.0000,1,goal,
720,138,-117.55,12.44,200.13,0.0090,0.0176,0,collision,
2441,291,-213.80,11.49,294.42,0.0010,0.0048,0,collision,
2442,245,303.22,10.54,633.50,0.0000,0.0407,1,goal,
2443,145,-172.32,15.35,-69.03,0.0000,0.2278,0,collision,
2444,117,300.65,18.93,89.40,0.0000,0.0000,1,goal,
2445,126,-231.17,7.70,221.65,0.0159,0.3491,0,collision,
2446,31,-189.16,10.38,47.83,0.0645,0.0000,0,collision,
2447,70,-154.34,18.31,-0.82,0.0188,0.1288,0,collision,
2448,96,285.71,23.89,-124.21,0.0000,0.0111,1,goal,
2449,79,287.72,28.12,-38.72,0.0000,0.0000,1,goal,
2450,174,-197.23,6.17,675.72,0.0115,0.0820,0,collision,
2451,132,-115.12,13.40,155.29,0.0136,0.0020,0,collision,
2452,108,-151.86,13.93,72.26,0.0116,0.0163,0,collision,
2453,89,-105.93,24.64,-152.39,0.0225,0.0182,0,collision,
2454,109,-144.39,12.96,15.88,0.0000,0.0222,0,collision,
2455,101,-123.80,13.90,236.76,0.0000,0.0255,0,collision,
2456,146,305.43,16.89,394.32,0.0000,0.0298,1,goal,
2457,101,-144.37,13.49,259.80,0.0000,0.0000,0,collision,
2458,248,262.96,10.29,624.88,0.0000,0.0180,1,goal,
2459,173,316.83,14.24,568.29,0.0000,0.0000,1,goal,
2460,48,-167.78,14.50,137.31,0.0417,0.0186,0,collision,
2461,177,-124.07,10.97,696.37,0.0000,0.0011,0,collision,
2462,122,312.20,19.72,141.06,0.0000,0.0117,1,goal,
2463,149,322.28,16.96,140.38,0.0000,0.0000,1,goal,
2464,27,-175.85,17.72,141.64,0.0740,0.0000,0,collision,
2465,113,306.80,21.69,-31.86,0.0000,0.0000,1,goal,
2466,243,259.03,8.37,704.38,0.0000,0.0080,1,goal,
2467,43,-186.26,5.87,236.55,0.0271,0.0194,0,collision,
2468,189,-156.76,11.24,400.21,0.0011,0.0504,0,collision,
2469,226,295.32,10.68,419.52,0.0000,0.0211,1,goal,
2470,229,350.00,12.86,505.45,0.0000,0.0125,1,goal,
2471,29,-186.05,9.74,111.60,0.0690,0.0712,0,collision,
721,197,305.71,13.31,513.37,0.0000,0.0370,1,goal,
722,87,-139.63,13.78,299.91,0.0057,0.0159,0,collision,
723,236,192.87,10.11,221.60,0.0000,0.2142,1,goal,
724,93,297.57,24.96,184.59,0.0000,0.0000,1,goal,
725,172,310.86,14.40,406.16,0.0000,0.0468,1,goal,
726,206,266.47,11.51,434.07,0.0000,0.0163,1,goal,
727,129,-178.31,9.78,82.21,0.0000,0.0065,0,collision,
728,222,329.51,12.29,567.98,0.0000,0.0153,1,goal,
729,180,-116.45,12.42,304.44,0.0000,0.0283,0,collision,
730,237,-76.62,12.14,623.38,0.0000,0.0495,0,collision,
2472,226,-288.41,6.66,623.43,0.0000,0.0914,0,collision,
2473,66,-142.47,19.56,79.15,0.0293,0.0129,0,collision,
2474,358,263.81,7.84,1213.07,0.0000,0.0791,1,goal,
2475,264,301.27,10.32,552.05,0.0000,0.0000,1,goal,
2476,89,-128.02,15.79,39.05,0.0167,0.0217,0,collision,
2477,99,103.48,24.90,-4.31,0.0000,0.0000,0,removed_unknown,
2478,106,298.96,21.72,-274.49,0.0000,0.0067,1,goal,
2479,79,-150.53,16.15,3.82,0.0084,0.0102,0,collision,
2480,146,-81.97,15.69,238.56,0.0128,0.0075,0,collision,
2481,67,-131.44,24.80,49.61,0.0049,0.0000,0,collision,
2482,186,289.02,14.90,179.51,0.0000,0.0905,1,goal,
2483,46,-166.34,21.65,19.50,0.0435,0.0453,0,collision,
2484,387,209.03,7.41,788.31,0.0000,0.0021,1,goal,
2485,186,294.62,13.36,288.94,0.0000,0.0000,1,goal,
2486,210,-209.28,6.79,508.83,0.0000,0.0001,0,collision,
2487,148,123.57,17.45,-128.53,0.0135,0.0000,0,removed_unknown,
2488,175,286.44,14.56,383.05,0.0000,0.0557,1,goal,
2489,164,307.38,14.16,438.37,0.0000,0.0021,1,goal,
2490,192,313.06,12.90,550.62,0.0000,0.0052,1,goal,
2491,85,-158.87,10.96,150.42,0.0000,0.0100,0,collision,
2492,166,335.56,14.79,493.74,0.0000,0.0000,1,goal,
2493,221,334.17,13.67,441.86,0.0000,0.0046,1,goal,
2494,244,141.15,6.70,246.32,0.0000,0.0030,1,goal,
2495,262,269.85,9.42,718.86,0.0000,0.0146,1,goal,
2496,50,-159.97,14.55,62.94,0.0000,0.0000,0,collision,
2497,3,-200.04,2.08,9.94,0.0000,0.1647,0,collision,
731,102,-109.18,20.41,-64.58,0.0196,0.0152,0,collision,
732,94,-179.17,7.33,432.52,0.0118,0.0000,0,collision,
733,220,333.48,12.43,573.13,0.0000,0.0050,1,goal,
734,230,220.20,11.23,42.94,0.0000,0.0000,1,goal,
735,187,287.66,12.03,172.00,0.0000,0.0122,1,goal,
736,243,231.80,10.81,177.62,0.0000,0.0000,1,goal,
737,179,273.79,12.66,217.77,0.0000,0.0533,1,goal,
738,229,301.59,10.41,589.73,0.0000,0.0019,1,goal,
739,121,286.44,18.50,84.99,0.0000,0.0324,1,goal,
740,168,-178.53,11.07,56.16,0.0000,0.0138,0,collision,
2498,102,-184.38,20.14,-169.94,0.0000,0.0156,0,collision,
2499,96,293.08,24.38,-229.88,0.0000,0.0055,1,goal,
2500,242,-116.67,8.58,851.19,0.0083,0.0241,0,collision,
2501,53,-160.96,13.96,98.62,0.0377,0.0000,0,collision,
2502,273,-210.35,9.11,660.76,0.0040,0.0025,0,collision,
2503,117,-206.15,5.82,364.62,0.0000,0.0000,0,collision,
2504,230,300.42,12.20,510.32,0.0000,0.0027,1,goal,
2505,207,356.40,14.02,762.77,0.0000,0.0000,1,goal,
2506,44,-171.25,12.86,141.71,0.0455,0.0000,0,collision,
2507,179,351.84,17.10,110.35,0.0000,0.0000,1,goal,
2508,276,243.70,9.56,710.40,0.0000,0.0038,1,goal,
2509,211,332.72,13.75,473.94,0.0000,0.0047,1,goal,
2510,212,257.28,12.97,424.55,0.0000,0.0043,1,goal,
2511,126,280.49,18.42,-65.16,0.0000,0.0000,1,goal,
2512,217,309.16,10.69,779.57,0.0000,0.0460,1,goal,
2513,285,187.88,7.41,537.34,0.0000,0.0534,1,goal,
2514,130,-155.78,11.09,144.82,0.0000,0.0073,0,collision,
2515,59,-164.22,11.30,292.42,0.0339,0.0461,0,collision,
2516,112,315.77,24.54,-61.92,0.0000,0.0000,1,goal,
2517,195,348.19,14.35,464.07,0.0000,0.0040,1,goal,
2518,224,198.82,10.00,291.20,0.0000,0.0079,1,goal,
2519,153,315.91,14.92,210.18,0.0000,0.0028,1,goal,
2520,203,-163.02,11.07,254.86,0.0099,0.0765,0,collision,
2521,148,-82.70,15.10,325.82,0.0135,0.0000,0,collision,
741,98,-154.35,6.81,544.42,0.0204,0.0000,0,collision,
742,70,-160.86,9.52,180.90,0.0000,0.0000,0,collision,
743,177,290.27,15.89,-35.80,0.0000,0.0462,1,goal,
744,237,332.36,12.38,733.95,0.0000,0.0064,1,goal,
745,70,-136.41,22.10,-68.12,0.0200,0.0774,0,collision,
746,34,-170.10,21.04,47.54,0.0494,0.0000,0,collision,
747,344,285.42,8.37,1480.64,0.0000,0.0054,1,goal,
748,41,-186.38,7.82,302.82,0.0000,0.0000,0,collision,
749,148,-138.35,9.67,464.49,0.0000,0.0156,0,collision,
750,46,-163.59,15.46,35.70,0.0126,0.0000,0,collision,
2522,70,-197.66,16.82,32.88,0.0033,0.0414,0,collision,
2523,247,247.88,9.42,681.80,0.0000,0.0777,1,goal,
2524,195,267.05,13.41,139.98,0.0000,0.0003,1,goal,
2525,236,189.48,9.42,151.20,0.0000,0.0000,1,goal,
2526,39,-164.86,18.29,3.47,0.0000,0.0000,0,collision,
2527,265,-133.42,8.73,805.80,0.0051,0.0075,0,collision,
2528,250,298.04,11.22,325.56,0.0000,0.0000,1,goal,
2529,54,-160.26,13.33,130.08,0.0370,0.0000,0,collision,
2530,238,-210.11,6.25,882.11,0.0016,0.0090,0,collision,
2531,186,299.11,12.11,382.06,0.0000,0.0000,1,goal,
2532,30,-180.62,10.08,212.21,0.0667,0.0000,0,collision,
2533,254,297.71,11.16,689.05,0.0000,0.0615,1,goal,
2534,126,-158.73,7.86,619.24,0.0000,0.0000,0,collision,
2535,179,-160.44,8.10,558.58,0.0046,0.0362,0,collision,
2536,56,-173.62,8.16,387.60,0.0169,0.0114,0,collision,
2537,326,310.01,7.92,1285.53,0.0000,0.0000,1,goal,
2538,113,-161.39,7.05,546.46,0.0000,0.0000,0,collision,
2539,241,-100.60,11.56,489.18,0.0000,0.0254,0,collision,
2540,345,-146.72,8.80,962.62,0.0027,0.0137,0,collision,
2541,271,277.36,9.85,630.52,0.0000,0.0020,1,goal,
2542,182,312.62,13.13,508.73,0.0000,0.0020,1,goal,
751,116,-125.48,13.20,182.17,0.0154,0.0000,0,collision,
752,111,303.92,20.63,130.66,0.0000,0.0000,1,goal,
753,109,310.04,23.12,-262.91,0.0000,0.0000,1,goal,
754,109,-128.00,16.50,285.63,0.0000,0.0139,0,collision,
755,156,138.74,17.79,201.89,0.0000,0.0051,0,removed_unknown,
756,125,301.60,18.64,-240.86,0.0000,0.0083,1,goal,
757,103,-273.50,2.68,244.61,0.0194,0.2871,0,collision,
758,162,-195.38,7.17,445.43,0.0123,0.0000,0,collision,
759,146,300.88,15.91,164.56,0.0000,0.0000,1,goal,
760,32,-184.56,5.48,201.27,0.0495,0.0000,0,collision,
2543,337,-215.27,7.66,1111.10,0.0000,0.0000,0,collision,
2544,156,313.47,14.77,386.43,0.0000,0.0237,1,goal,
2545,162,321.87,17.22,147.25,0.0000,0.0189,1,goal,
2546,209,-52.70,13.05,846.66,0.0090,0.0079,0,collision,
2547,129,-165.88,10.59,453.41,0.0129,0.0518,0,collision,
2548,174,312.90,16.41,164.92,0.0000,0.0000,1,goal,
2549,144,-146.34,11.25,184.05,0.0139,0.0260,0,collision,
2550,166,334.06,16.48,371.47,0.0000,0.0025,1,goal,
2551,99,-118.17,16.71,36.76,0.0136,0.0098,0,collision,
2552,2,-200.32,1.04,2.51,0.3141,0.0000,0,collision,
2553,108,-126.66,12.25,199.86,0.0000,0.0088,0,collision,
2554,176,310.11,14.66,390.00,0.0000,0.0017,1,goal,
2555,231,332.78,12.31,611.16,0.0000,0.0064,1,goal,
2556,46,-163.93,15.20,-29.10,0.0435,0.0000,0,collision,
2557,283,201.06,10.06,155.80,0.0000,0.0087,1,goal,
2558,163,322.84,16.28,249.19,0.0000,0.0000,1,goal,
2559,289,311.98,10.41,649.87,0.0000,0.0069,1,goal,
2560,301,139.29,7.66,351.02,0.0000,0.1390,1,goal,
2561,111,277.47,20.04,105.42,0.0000,0.0000,1,goal,
2562,313,185.07,7.76,583.47,0.0000,0.1024,1,goal,
2563,316,161.82,7.63,780.74,0.0000,0.1291,1,goal,
2564,118,283.12,16.64,348.76,0.0000,0.0396,1,goal,
2565,209,346.43,13.73,346.09,0.0000,0.0000,1,goal,
761,157,308.78,17.06,-58.39,0.0000,0.0000,1,goal,
762,220,286.91,11.55,519.02,0.0000,0.0294,1,goal,
763,73,-136.79,22.66,-20.73,0.0000,0.0133,0,collision,
764,88,-133.56,16.89,22.73,0.0000,0.0132,0,collision,
765,130,285.72,16.22,163.46,0.0000,0.0000,1,goal,
766,43,-169.19,16.21,147.05,0.0368,0.0000,0,collision,
767,25,-183.80,13.10,96.25,0.0764,0.0000,0,collision,
768,205,314.58,11.10,747.58,0.0000,0.0002,1,goal,
769,267,284.40,10.37,325.58,0.0000,0.0002,1,goal,
770,201,-182.54,10.60,122.90,0.0100,0.1219,0,collision,
2566,162,-262.52,7.10,525.95,0.0000,0.0000,0,collision,
2567,162,320.44,15.90,234.34,0.0000,0.0000,1,goal,
2568,32,-175.65,16.06,96.86,0.0000,0.0301,0,collision,
2569,172,294.77,13.00,358.99,0.0000,0.0170,1,goal,
2570,127,301.79,19.08,69.65,0.0000,0.0180,1,goal,
2571,106,-164.03,14.25,136.46,0.0000,0.0633,0,collision,
2572,143,329.92,19.28,103.66,0.0000,0.0000,1,goal,
2573,271,244.27,8.39,833.25,0.0000,0.0266,1,goal,
2574,218,254.57,10.41,388.78,0.0000,0.0000,1,goal,
2575,110,-133.50,11.37,511.54,0.0182,0.0000,0,collision,
2576,209,308.83,13.53,354.60,0.0000,0.0095,1,goal,
2577,2,-200.86,0.00,0.10,0.0000,0.0000,0,collision,
2578,106,298.76,21.58,-81.97,0.0000,0.0000,1,goal,
2579,308,209.96,8.05,679.02,0.0000,0.0000,1,goal,
2580,194,278.86,11.69,294.51,0.0000,0.0000,1,goal,
2581,167,296.31,14.06,186.70,0.0000,0.0000,1,goal,
2582,223,343.77,11.50,858.00,0.0000,0.0181,1,goal,
2583,134,327.23,21.27,-155.98,0.0000,0.0000,1,goal,
2584,226,-78.50,13.04,341.79,0.0000,0.0167,0,collision,
2585,102,-227.62,3.88,271.11,0.0017,0.0612,0,collision,
2586,137,328.44,20.18,36.98,0.0000,0.0000,1,goal,
2587,184,311.85,13.99,339.62,0.0000,0.0000,1,goal,
2588,206,274.83,10.94,495.22,0.0000,0.0210,1,goal,
2589,241,360.17,11.48,1230.17,0.0000,0.0000,1,goal,
771,150,286.91,16.70,165.88,0.0000,0.0076,1,goal,
772,82,-134.45,16.16,27.16,0.0000,0.0359,0,collision,
773,96,-139.40,14.65,190.49,0.0208,0.0000,0,collision,
774,378,118.12,7.28,729.63,0.0000,0.1013,1,goal,
775,151,-160.60,12.45,365.36,0.0000,0.1551,0,collision,
776,206,221.64,12.76,395.13,0.0000,0.0069,1,goal,
777,216,285.68,11.96,267.61,0.0000,0.1100,1,goal,
778,239,323.09,11.72,369.95,0.0000,0.0151,1,goal,
779,209,-243.68,9.92,123.07,0.0091,0.0163,0,collision,
780,153,-144.74,12.57,311.86,0.0040,0.0000,0,collision,
2590,297,-157.41,11.62,528.09,0.0000,0.0251,0,collision,
2591,43,-167.93,14.99,31.95,0.0465,0.0817,0,collision,
2592,221,338.10,12.95,398.39,0.0000,0.0028,1,goal,
2593,173,304.42,14.39,196.80,0.0000,0.0000,1,goal,
2594,52,-161.03,18.01,-1.77,0.0125,0.0000,0,collision,
2595,238,295.59,9.67,794.03,0.0000,0.0237,1,goal,
2596,103,-133.65,11.25,287.43,0.0000,0.0107,0,collision,
2597,95,299.16,24.53,-203.51,0.0000,0.0000,1,goal,
2598,288,146.62,8.07,646.14,0.0000,0.2293,1,goal,
2599,51,-198.11,11.94,2.53,0.0392,0.3163,0,collision,
2600,131,291.05,16.40,22.61,0.0000,0.0000,1,goal,
2601,232,211.70,9.47,342.05,0.0000,0.0025,1,goal,
2602,72,279.71,29.05,-44.53,0.0000,0.0000,1,goal,
2603,201,-98.47,13.67,309.90,0.0000,0.0725,0,collision,
2604,172,338.89,15.50,-12.01,0.0000,0.0000,1,goal,
2605,67,-131.02,27.04,-102.33,0.0000,0.0343,0,collision,
2606,49,-161.02,13.99,110.09,0.0000,0.0000,0,collision,
2607,2,-200.32,1.04,2.51,0.0000,0.0000,0,collision,
2608,119,299.97,18.80,-127.17,0.0000,0.0100,1,goal,
2609,148,338.38,21.15,-280.23,0.0000,0.0000,1,goal,
2610,135,-200.21,6.70,277.90,0.0000,0.0023,0,collision,
2611,164,327.33,16.25,38.77,0.0000,0.0000,1,goal,
2612,133,-111.46,15.41,50.82,0.0004,0.0117,0,collision,
2613,152,332.64,18.20,-100.46,0.0000,0.0000,1,goal,
2614,120,290.99,20.25,-59.67,0.0000,0.0194,1,goal,
2615,358,203.09,7.77,1004.82,0.0000,0.0612,1,goal,
2616,144,311.63,18.81,9.42,0.0000,0.0000,1,goal,
2617,144,-102.70,13.60,93.32,0.0130,0.0591,0,collision,
2618,154,-147.33,12.25,205.67,0.0130,0.0180,0,collision,
2619,7,-198.40,3.31,38.45,0.2857,0.0000,0,collision,
781,169,275.82,15.50,213.80,0.0000,0.0267,1,goal,
782,38,-165.61,18.16,-0.23,0.0327,0.0000,0,collision,
783,58,-173.18,7.87,369.33,0.0345,0.0000,0,collision,
784,208,283.42,11.52,651.05,0.0000,0.0000,1,goal,
785,313,232.33,8.64,517.89,0.0000,0.0195,1,goal,
786,311,282.22,9.58,736.62,0.0000,0.0023,1,goal,
787,285,243.05,10.19,275.11,0.0000,0.0091,1,goal,
788,247,-108.52,10.00,918.71,0.0081,0.0324,0,collision,
789,103,-114.05,21.39,-162.38,0.0000,0.0217,0,collision,
790,130,316.79,23.25,-57.17,0.0000,0.0000,1,goal,
2620,338,-97.18,10.94,455.06,0.0000,0.0395,0,removed_unknown,
2621,211,316.10,10.59,960.15,0.0000,0.0034,1,goal,
2622,143,283.71,15.79,33.06,0.0000,0.0021,1,goal,
2623,201,310.80,12.92,424.09,0.0000,0.0001,1,goal,
2624,172,-121.01,12.53,225.22,0.0000,0.0161,0,collision,
2625,185,281.06,14.86,111.14,0.0000,0.0000,1,goal,
2626,335,211.77,8.13,467.38,0.0000,0.0086,1,goal,
2627,252,288.31,11.05,495.89,0.0000,0.0048,1,goal,
2628,183,275.72,12.70,343.45,0.0000,0.0041,1,goal,
2629,190,293.08,13.07,193.98,0.0000,0.0103,1,goal,
2630,193,269.93,13.34,264.10,0.0000,0.0042,1,goal,
2631,191,317.17,11.69,512.63,0.0000,0.0000,1,goal,
2632,275,247.12,7.18,1276.48,0.0000,0.0190,1,goal,
2633,209,-81.74,12.03,534.16,0.0000,0.0139,0,collision,
2634,237,364.17,12.44,729.91,0.0000,0.0000,1,goal,
2635,222,335.65,12.00,777.68,0.0000,0.0090,1,goal,
2636,53,-163.30,10.68,207.29,0.0041,0.0000,0,collision,
2637,170,285.99,16.12,70.32,0.0000,0.0072,1,goal,
2638,237,251.19,9.79,546.87,0.0000,0.0411,1,goal,
791,2,-200.32,1.04,2.51,0.0000,0.0000,0,collision,
792,114,-102.71,18.73,-30.71,0.0099,0.0084,0,collision,
793,100,291.39,24.71,88.87,0.0000,0.0000,1,goal,
794,259,242.31,9.33,439.66,0.0000,0.0013,1,goal,
795,110,-118.70,12.70,362.72,0.0094,0.0000,0,collision,
796,176,-139.59,7.47,887.74,0.0000,0.0169,0,collision,
797,197,293.14,14.11,289.26,0.0000,0.0151,1,goal,
798,76,-134.55,18.46,-9.43,0.0143,0.0000,0,collision,
799,156,323.58,16.46,190.82,0.0000,0.0000,1,goal,
800,113,-167.66,11.95,203.81,0.0000,0.1071,0,collision,
2639,216,-158.40,10.69,550.91,0.0024,0.0000,0,collision,
2640,135,-206.14,9.69,217.54,0.0000,0.2431,0,collision,
2641,76,-203.38,8.56,45.31,0.0263,0.2310,0,collision,
2642,11,-205.76,1.63,22.02,0.1818,0.0000,0,collision,
2643,170,291.87,13.28,510.32,0.0000,0.0168,1,goal,
2644,226,287.47,12.52,519.95,0.0000,0.0896,1,goal,
2645,182,328.06,15.39,246.61,0.0000,0.0326,1,goal,
2646,358,306.34,8.02,1582.45,0.0000,0.0399,1,goal,
2647,168,-165.63,10.68,264.97,0.0081,0.1563,0,collision,
2648,244,263.54,10.08,544.42,0.0000,0.0016,1,goal,
2649,92,-157.71,17.11,-98.28,0.0094,0.1773,0,collision,
2650,240,-101.32,9.78,712.35,0.0083,0.0095,0,collision,
2651,284,249.97,9.19,524.49,0.0000,0.0013,1,goal,
2652,227,248.15,8.97,504.55,0.0000,0.0000,1,goal,
2653,198,326.14,14.47,330.01,0.0000,0.0099,1,goal,
2654,217,295.50,10.50,616.71,0.0000,0.0169,1,goal,
2655,159,245.68,11.12,122.33,0.0000,0.0084,1,goal,
2656,243,-184.85,9.46,396.17,0.0048,0.0052,0,collision,
2657,174,343.23,16.39,67.88,0.0000,0.0007,1,goal,
2658,323,277.66,7.85,855.91,0.0000,0.0000,1,goal,
2659,168,-147.75,11.02,189.13,0.0000,0.0070,0,collision,
2660,2,-200.86,0.00,0.10,1.0000,0.0000,0,collision,
801,98,-191.30,12.99,28.54,0.0000,0.2394,0,collision,
802,156,282.86,12.25,344.76,0.0000,0.0632,1,goal,
803,175,226.02,12.83,120.99,0.0000,0.0000,1,goal,
804,221,-117.03,11.29,407.59,0.0000,0.0018,0,collision,
805,205,330.73,11.70,773.22,0.0000,0.0000,1,goal,
806,2,-200.76,1.04,2.51,1.0000,0.2785,0,collision,
807,1,-200.00,0.00,0.00,0.0000,0.0000,0,collision,
808,208,310.79,10.75,681.00,0.0000,0.0085,1,goal,
809,249,312.06,11.42,596.25,0.0000,0.0369,1,goal,
810,191,321.15,13.07,425.34,0.0000,0.0049,1,goal,
2661,195,-233.45,11.69,368.03,0.0103,0.1623,0,collision,
2662,206,275.53,12.63,413.41,0.0000,0.0035,1,goal,
2663,42,-222.16,4.04,165.61,0.0256,0.4579,0,collision,
2664,94,306.82,29.25,-148.43,0.0000,0.0000,1,goal,
2665,159,298.24,14.78,339.95,0.0000,0.0126,1,goal,
2666,322,216.42,8.57,483.10,0.0000,0.0481,1,goal,
2667,122,-129.38,12.08,479.32,0.0018,0.0179,0,collision,
2668,166,-225.91,8.59,204.35,0.0000,0.2210,0,collision,
2669,289,253.11,8.15,784.02,0.0000,0.0497,1,goal,
2670,252,269.13,10.78,330.37,0.0000,0.0061,1,goal,
2671,158,288.72,14.17,463.52,0.0000,0.0005,1,goal,
2672,279,-130.59,7.95,1007.03,0.0072,0.0327,0,collision,
2673,194,-131.88,9.73,714.85,0.0000,0.0503,0,collision,
2674,64,-132.22,27.73,57.59,0.0272,0.0175,0,collision,
2675,104,310.75,27.96,-267.03,0.0000,0.0083,1,goal,
2676,117,319.99,26.19,-122.32,0.0000,0.0095,1,goal,
2677,211,275.72,13.44,242.73,0.0000,0.0000,1,goal,
2678,50,-165.88,12.78,202.11,0.0239,0.0000,0,collision,
2679,93,306.45,29.95,-175.23,0.0000,0.0000,1,goal,
2680,79,-253.73,2.77,188.65,0.0253,0.3561,0,collision,
2681,64,-178.28,9.71,208.36,0.0312,0.0000,0,collision,
2682,241,291.21,12.45,127.96,0.0000,0.0304,1,goal,
2683,276,-185.80,8.07,583.84,0.0072,0.0552,0,collision,
2684,202,325.91,13.41,167.78,0.0000,0.0294,1,goal,
2685,73,-126.45,25.96,-17.07,0.0274,0.0000,0,collision,
2686,131,-108.69,18.38,-154.22,0.0153,0.0315,0,collision,
811,75,-128.42,23.38,71.01,0.0000,0.0161,0,collision,
812,117,-168.38,12.30,127.95,0.0116,0.1985,0,collision,
813,137,322.20,18.35,-195.59,0.0000,0.0126,1,goal,
814,190,-130.43,14.59,-52.03,0.0105,0.1128,0,collision,
815,209,318.77,13.35,595.47,0.0000,0.0000,1,goal,
816,130,322.78,22.29,-133.32,0.0000,0.0000,1,goal,
817,113,312.76,24.60,-178.70,0.0000,0.0197,1,goal,
818,156,-135.56,13.56,194.54,0.0000,0.0718,0,collision,
819,38,-168.48,17.31,95.21,0.0000,0.0342,0,collision,
820,80,-146.45,11.48,190.33,0.0000,0.0000,0,collision,
2687,179,-238.89,10.36,364.47,0.0000,0.0000,0,collision,
2688,130,315.87,18.51,-171.60,0.0000,0.0133,1,goal,
2689,153,-148.51,9.31,642.93,0.0131,0.0006,0,collision,
2690,36,-173.14,18.46,23.80,0.0000,0.0491,0,collision,
2691,164,345.19,17.48,30.08,0.0000,0.0000,1,goal,
2692,65,-183.13,9.89,212.05,0.0308,0.1573,0,collision,
2693,177,309.05,15.18,244.10,0.0000,0.0612,1,goal,
2694,121,-130.40,10.25,508.85,0.0165,0.0108,0,collision,
2695,151,285.96,15.40,279.10,0.0000,0.0797,1,goal,
2696,2,-201.66,0.00,0.10,1.0000,0.0000,0,collision,
2697,169,293.28,16.40,255.67,0.0000,0.0199,1,goal,
2698,54,-161.12,16.18,11.89,0.0370,0.0526,0,collision,
2699,227,348.16,12.11,795.59,0.0000,0.0000,1,goal,
2700,128,312.29,21.51,-105.23,0.0000,0.0000,1,goal,
2701,50,-168.62,12.61,213.16,0.0000,0.0375,0,collision,
2702,3,-199.64,2.06,9.74,0.6599,0.0000,0,collision,
2703,220,349.33,12.60,847.02,0.0000,0.0017,1,goal,
2704,124,291.77,18.25,27.53,0.0000,0.1056,1,goal,
2705,180,295.07,12.80,242.99,0.0000,0.0000,1,goal,
2706,241,298.58,10.87,425.38,0.0000,0.0263,1,goal,
2707,111,-111.11,18.87,-154.68,0.0031,0.0232,0,collision,
2708,302,235.12,9.29,638.59,0.0000,0.0496,1,goal,
2709,142,-226.84,9.16,198.20,0.0000,0.0344,0,collision,
2710,140,329.10,20.53,-45.66,0.0000,0.0000,1,goal,
2711,82,89.01,27.93,-55.76,0.0244,0.0000,0,removed_unknown,
2712,102,294.37,22.38,41.70,0.0000,0.0000,1,goal,
2713,84,-185.49,7.55,275.71,0.0238,0.1050,0,collision,
2714,125,312.86,22.52,-107.37,0.0000,0.0000,1,goal,
2715,112,314.96,24.34,-211.56,0.0000,0.0055,1,goal,
2716,53,-154.65,22.97,-44.55,0.0000,0.0000,0,collision,
2717,193,319.17,13.18,575.17,0.0000,0.0000,1,goal,
821,202,365.26,14.55,452.37,0.0000,0.0047,1,goal,
822,233,327.07,10.59,885.07,0.0000,0.0088,1,goal,
823,197,-164.33,9.82,365.83,0.0000,0.0724,0,collision,
824,145,315.33,17.62,23.77,0.0000,0.0057,1,goal,
825,62,-146.95,18.75,-50.76,0.0000,0.0000,0,collision,
826,182,301.06,12.75,319.41,0.0000,0.0268,1,goal,
827,180,-142.69,7.83,638.83,0.0111,0.0166,0,collision,
828,101,301.11,22.55,32.30,0.0000,0.0000,1,goal,
829,202,263.43,13.98,123.99,0.0000,0.0394,1,goal,
830,242,210.59,10.92,290.92,0.0000,0.0000,1,goal,
2718,264,-185.85,13.58,250.07,0.0076,0.0018,0,collision,
2719,142,296.15,16.33,158.02,0.0000,0.0000,1,goal,
2720,108,298.53,23.60,-59.94,0.0000,0.0000,1,goal,
2721,117,313.83,23.55,-190.45,0.0000,0.0000,1,goal,
2722,210,302.71,10.06,855.60,0.0000,0.0000,1,goal,
2723,168,-138.90,12.27,320.39,0.0119,0.0456,0,collision,
2724,261,303.00,9.63,687.37,0.0000,0.0172,1,goal,
2725,204,-83.37,11.20,848.62,0.0009,0.0336,0,collision,
2726,87,-122.91,18.70,-89.19,0.0230,0.0027,0,collision,
2727,126,302.17,19.03,18.16,0.0000,0.0030,1,goal,
2728,113,289.80,22.48,53.92,0.0000,0.0090,1,goal,
2729,247,242.05,9.86,558.61,0.0000,0.1342,1,goal,
2730,78,-172.71,8.89,315.60,0.0256,0.0000,0,collision,
2731,165,-219.63,9.66,134.28,0.0121,0.2274,0,collision,
2732,208,-85.97,12.09,400.73,0.0095,0.0043,0,collision,
2733,229,-208.85,8.85,245.65,0.0087,0.1416,0,collision,
2734,119,321.90,23.34,-229.89,0.0000,0.0000,1,goal,
2735,295,-220.33,8.03,428.41,0.0000,0.0929,0,collision,
2736,169,311.79,15.14,477.90,0.0000,0.0026,1,goal,
2737,188,265.86,13.28,109.55,0.0000,0.0694,1,goal,
2738,158,310.23,14.68,157.65,0.0000,0.0124,1,goal,
2739,143,327.46,19.32,-63.19,0.0000,0.0000,1,goal,
2740,63,-243.25,4.48,103.55,0.0317,0.4809,0,collision,
2741,254,292.46,12.00,555.16,0.0000,0.0198,1,goal,
831,226,316.39,11.06,622.56,0.0000,0.0084,1,goal,
832,250,300.85,10.59,741.53,0.0000,0.0036,1,goal,
833,178,-188.42,7.52,593.72,0.0076,0.0375,0,collision,
834,283,139.77,7.17,688.76,0.0000,0.0013,1,goal,
835,178,328.47,15.58,309.55,0.0000,0.0000,1,goal,
836,327,310.53,8.92,1157.28,0.0000,0.0419,1,goal,
837,56,-154.03,19.58,136.80,0.0357,0.0000,0,collision,
838,251,202.82,9.10,225.94,0.0000,0.0713,1,goal,
839,126,308.84,18.26,234.93,0.0000,0.0000,1,goal,
840,155,-168.06,12.56,193.72,0.0129,0.1159,0,collision,
2742,215,39.49,12.73,401.48,0.0000,0.0086,0,removed_unknown,
2743,142,307.64,15.33,208.36,0.0000,0.0186,1,goal,
2744,251,-268.12,6.75,344.98,0.0000,0.0835,0,collision,
2745,236,-141.39,6.44,1177.82,0.0083,0.0442,0,collision,
2746,245,-112.82,9.01,1057.28,0.0000,0.0100,0,collision,
2747,181,204.39,9.13,367.26,0.0000,0.0143,1,goal,
2748,161,335.24,16.98,55.57,0.0000,0.0000,1,goal,
2749,75,-137.15,16.17,1.85,0.0000,0.0000,0,collision,
2750,237,-95.54,11.08,661.31,0.0052,0.0259,0,collision,
2751,255,320.48,10.64,651.07,0.0000,0.0337,1,goal,
2752,81,-126.69,22.30,-189.79,0.0247,0.0225,0,collision,
2753,110,-127.02,14.49,269.32,0.0182,0.0000,0,collision,
2754,74,-146.69,14.55,270.51,0.0270,0.0408,0,collision,
2755,68,-173.13,10.42,373.82,0.0013,0.0693,0,collision,
2756,2,-200.32,1.04,2.51,0.0000,0.0000,0,collision,
2757,230,287.71,9.87,716.51,0.0000,0.0000,1,goal,
2758,147,-86.26,16.31,278.80,0.0136,0.0160,0,collision,
2759,103,-134.09,11.06,541.33,0.0000,0.0000,0,collision,
2760,149,-155.25,6.46,806.01,0.0032,0.0000,0,collision,
2761,300,220.78,8.95,580.85,0.0000,0.1025,1,goal,
2762,1,-200.00,0.00,0.00,0.0000,0.0000,0,collision,
2763,96,-160.52,14.07,-52.72,0.0081,0.0390,0,collision,
2764,361,205.00,7.35,994.50,0.0000,0.1035,1,goal,
2765,247,261.71,10.64,91.50,0.0000,0.0000,1,goal,
2766,2,-200.65,1.04,2.51,0.0000,0.1764,0,collision,
841,300,267.59,8.49,889.01,0.0000,0.0000,1,goal,
842,221,336.94,12.94,331.09,0.0000,0.0000,1,goal,
843,134,-152.89,10.65,296.68,0.0000,0.0603,0,collision,
844,162,318.67,14.17,374.53,0.0000,0.0000,1,goal,
845,367,-238.95,5.76,798.83,0.0054,0.0217,0,collision,
846,297,224.41,7.51,944.20,0.0000,0.0986,1,goal,
847,4,-200.16,1.93,8.80,0.5000,0.0000,0,collision,
848,312,278.30,7.70,1334.12,0.0000,0.0000,1,goal,
849,136,-181.09,11.35,5.15,0.0147,0.2364,0,collision,
850,127,303.49,19.36,134.19,0.0000,0.0000,1,goal,
2767,559,-72.99,7.86,2074.56,0.0035,0.0115,0,removed_unknown,
2768,265,327.65,8.77,1165.74,0.0000,0.0000,1,goal,
2769,233,254.14,9.64,527.12,0.0000,0.0000,1,goal,
2770,2,-200.32,1.04,2.51,0.0000,0.0000,0,collision,
2771,309,300.00,7.96,1449.85,0.0000,0.0068,1,goal,
2772,352,196.09,6.40,1183.74,0.0000,0.0056,1,goal,
2773,294,242.51,9.49,363.29,0.0000,0.0274,1,goal,
2774,217,-137.69,6.58,994.55,0.0000,0.0283,0,collision,
2775,311,253.70,7.32,1087.01,0.0000,0.0288,1,goal,
2776,253,296.24,9.92,913.87,0.0000,0.0129,1,goal,
2777,239,305.04,10.69,755.48,0.0000,0.0065,1,goal,
2778,58,-152.55,16.54,7.26,0.0000,0.0437,0,collision,
2779,275,201.93,8.80,292.44,0.0000,0.0011,1,goal,
2780,154,-226.04,7.36,383.36,0.0000,0.1688,0,collision,
2781,167,329.43,13.71,469.25,0.0000,0.0000,1,goal,
2782,267,292.41,8.69,843.72,0.0000,0.0097,1,goal,
2783,154,-141.46,8.25,654.29,0.0130,0.0000,0,collision,
2784,149,-218.38,5.95,359.72,0.0134,0.0203,0,collision,
851,323,324.70,8.82,1330.09,0.0000,0.0000,1,goal,
852,4,-203.74,0.52,1.94,0.5000,0.0000,0,collision,
853,174,293.57,14.17,59.74,0.0000,0.0000,1,goal,
854,191,-207.63,4.58,794.86,0.0048,0.0000,0,collision,
855,142,-95.97,15.25,131.03,0.0141,0.0070,0,collision,
856,93,-184.97,6.41,261.84,0.0000,0.0000,0,collision,
857,245,261.19,10.53,517.59,0.0000,0.0740,1,goal,
858,296,215.57,8.24,578.49,0.0000,0.1167,1,goal,
859,162,329.56,18.17,1.01,0.0000,0.0000,1,goal,
860,102,-184.88,7.53,320.16,0.0196,0.0095,0,collision,
2785,100,-190.81,12.30,360.22,0.0200,0.0147,0,collision,
2786,178,327.91,15.86,80.61,0.0000,0.0017,1,goal,
2787,150,269.98,15.56,185.98,0.0000,0.0333,1,goal,
2788,79,-135.71,16.27,92.80,0.0000,0.0138,0,collision,
2789,62,-174.67,6.88,303.75,0.0000,0.0000,0,collision,
2790,262,312.29,10.33,732.75,0.0000,0.0137,1,goal,
2791,189,346.80,14.91,271.61,0.0000,0.0013,1,goal,
2792,206,301.16,11.80,465.65,0.0000,0.0000,1,goal,
2793,2,-201.66,0.00,0.10,0.0000,0.0000,0,collision,
2794,292,248.75,7.83,776.42,0.0000,0.0007,1,goal,
2795,281,303.85,9.86,909.27,0.0000,0.0000,1,goal,
2796,295,200.60,8.81,600.77,0.0000,0.0468,1,goal,
2797,228,302.00,12.51,299.55,0.0000,0.0001,1,goal,
2798,234,267.67,10.42,701.34,0.0000,0.0000,1,goal,
2799,5,-205.50,0.42,2.04,0.2792,0.0000,0,collision,
2800,93,-178.94,7.89,349.49,0.0207,0.0352,0,collision,
2801,282,286.98,9.20,965.99,0.0000,0.0239,1,goal,
2802,322,244.11,7.75,955.39,0.0000,0.0000,1,goal,
2803,150,315.22,14.34,303.72,0.0000,0.0260,1,goal,
2804,288,-160.15,8.40,699.59,0.0000,0.0187,0,collision,
2805,10,-212.61,0.42,4.19,0.2000,0.0000,0,collision,
2806,92,299.53,26.71,-87.55,0.0000,0.0000,1,goal,
2807,250,298.57,11.26,463.28,0.0000,0.0237,1,goal,
861,139,298.84,17.85,-148.01,0.0000,0.0000,1,goal,
862,121,-120.80,13.34,518.77,0.0000,0.0041,0,collision,
863,223,357.14,12.85,830.08,0.0000,0.0000,1,goal,
864,358,219.89,6.77,1517.57,0.0000,0.0983,1,goal,
865,234,314.97,10.62,594.17,0.0000,0.0000,1,goal,
866,201,320.75,11.23,674.01,0.0000,0.0000,1,goal,
867,260,268.84,10.82,510.65,0.0000,0.0140,1,goal,
868,192,297.38,14.36,410.17,0.0000,0.0363,1,goal,
869,55,-143.95,24.88,-67.72,0.0000,0.0000,0,collision,
870,174,316.47,16.48,287.96,0.0000,0.0135,1,goal,
2808,463,-216.17,7.44,1065.54,0.0024,0.0079,0,removed_unknown,
2809,316,-132.17,9.53,670.84,0.0063,0.0227,0,collision,
2810,285,-172.93,8.93,645.42,0.0021,0.0067,0,collision,
2811,20,-202.78,3.76,96.55,0.1000,0.0252,0,collision,
2812,219,308.71,12.32,376.65,0.0000,0.0008,1,goal,
2813,412,152.76,6.72,1310.85,0.0000,0.1494,1,goal,
2814,80,-208.87,7.91,101.09,0.0000,0.0475,0,collision,
2815,194,301.98,11.56,594.52,0.0000,0.0010,1,goal,
2816,41,-184.86,6.97,215.72,0.0368,0.0000,0,collision,
2817,264,284.74,10.73,616.95,0.0000,0.0139,1,goal,
2818,60,-139.76,24.12,-63.66,0.0333,0.0000,0,collision,
2819,70,-158.45,10.41,264.46,0.0000,0.0000,0,collision,
2820,247,281.40,10.29,562.13,0.0000,0.0000,1,goal,
2821,204,254.58,12.01,152.50,0.0000,0.0011,1,goal,
2822,118,-114.07,14.38,306.97,0.0114,0.0000,0,collision,
2823,208,-97.85,11.08,713.17,0.0096,0.0018,0,collision,
2824,198,-82.56,11.19,701.45,0.0101,0.0000,0,collision,
2825,258,-303.35,5.10,541.73,0.0000,0.0320,0,collision,
2826,270,308.74,10.43,381.98,0.0000,0.0058,1,goal,
2827,191,312.00,12.90,475.15,0.0000,0.0158,1,goal,
871,278,300.76,9.98,1059.00,0.0000,0.0091,1,goal,
872,153,319.73,17.23,133.78,0.0000,0.0000,1,goal,
873,265,264.35,9.23,880.11,0.0000,0.0492,1,goal,
874,42,-172.29,10.37,315.90,0.0476,0.0000,0,collision,
875,202,281.15,13.81,61.71,0.0000,0.0000,1,goal,
876,225,286.52,11.30,394.04,0.0000,0.0035,1,goal,
877,251,-230.82,9.64,79.15,0.0000,0.0097,0,collision,
878,158,310.84,16.18,257.27,0.0000,0.0134,1,goal,
879,435,164.14,6.71,1016.60,0.0000,0.0196,1,goal,
880,328,212.35,8.06,796.64,0.0000,0.0079,1,goal,
2828,122,-239.37,3.50,447.77,0.0028,0.0252,0,collision,
2829,238,217.95,9.30,260.61,0.0000,0.0157,1,goal,
2830,185,188.42,10.20,262.16,0.0000,0.0759,1,goal,
2831,140,303.62,16.01,41.27,0.0000,0.0168,1,goal,
2832,201,239.47,10.73,465.52,0.0000,0.0131,1,goal,
2833,21,-187.00,12.15,82.89,0.0746,0.0000,0,collision,
2834,24,-202.26,3.22,86.28,0.0000,0.0000,0,collision,
2835,221,211.70,10.03,319.54,0.0000,0.1109,1,goal,
2836,304,143.56,5.89,607.48,0.0000,0.0194,1,goal,
2837,101,-100.19,24.00,-233.35,0.0000,0.0041,0,collision,
2838,79,-240.84,3.64,265.18,0.0253,0.0598,0,collision,
2839,74,-167.51,9.71,248.59,0.0270,0.0000,0,collision,
2840,193,335.39,14.76,85.22,0.0000,0.0000,1,goal,
2841,97,-112.07,22.07,-281.69,0.0000,0.0000,0,collision,
2842,334,272.60,8.69,1001.23,0.0000,0.0244,1,goal,
2843,406,-327.29,4.37,1261.71,0.0000,0.0248,0,collision,
2844,2,-200.32,1.04,2.51,0.0000,0.0000,0,collision,
2845,171,-139.89,11.43,297.05,0.0117,0.0000,0,collision,
2846,231,-205.22,5.46,978.30,0.0087,0.0033,0,collision,
2847,289,270.37,8.19,952.89,0.0000,0.0011,1,goal,
2848,365,216.18,6.88,1143.53,0.0000,0.0113,1,goal,
2849,284,247.86,8.68,736.65,0.0000,0.0000,1,goal,
881,64,-144.88,18.20,-11.53,0.0312,0.0000,0,collision,
882,240,210.63,10.25,571.64,0.0000,0.0075,1,goal,
883,267,294.94,10.80,364.35,0.0000,0.0073,1,goal,
884,36,-211.61,2.22,79.66,0.0104,0.0024,0,collision,
885,305,234.73,8.50,912.50,0.0000,0.0008,1,goal,
886,163,-132.89,9.62,544.13,0.0123,0.0005,0,collision,
887,209,-212.58,6.77,463.75,0.0096,0.0098,0,collision,
888,150,299.47,14.84,135.46,0.0000,0.0000,1,goal,
889,303,220.77,7.63,605.32,0.0000,0.0000,1,goal,
890,220,-91.47,9.53,1165.77,0.0034,0.0000,0,collision,
2850,295,-503.32,2.66,312.61,0.0000,0.0000,0,collision,
2851,280,231.92,8.27,707.81,0.0000,0.0460,1,goal,
2852,266,261.52,10.25,375.65,0.0000,0.0167,1,goal,
2853,189,301.58,13.48,336.02,0.0000,0.0000,1,goal,
2854,167,331.61,14.48,530.41,0.0000,0.0000,1,goal,
2855,179,303.93,13.77,293.34,0.0000,0.0142,1,goal,
2856,177,318.97,15.70,176.07,0.0000,0.0103,1,goal,
2857,147,308.11,15.77,335.88,0.0000,0.0120,1,goal,
2858,134,-176.47,5.48,670.87,0.0000,0.0000,0,collision,
2859,49,-151.00,24.62,127.45,0.0408,0.0000,0,collision,
2860,102,291.17,23.62,-61.40,0.0000,0.0000,1,goal,
2861,107,302.32,23.08,-179.68,0.0000,0.0000,1,goal,
2862,192,319.15,14.23,118.09,0.0000,0.0038,1,goal,
2863,297,285.64,9.53,813.72,0.0000,0.0025,1,goal,
2864,116,-173.28,7.41,343.49,0.0015,0.0000,0,collision,
2865,41,-176.22,15.50,115.65,0.0398,0.0087,0,collision,
2866,327,201.68,8.70,480.45,0.0000,0.0069,1,goal,
2867,334,236.51,8.54,1017.86,0.0000,0.0216,1,goal,
2868,51,-171.20,12.72,120.84,0.0392,0.0338,0,collision,
2869,66,-139.97,20.35,-79.80,0.0303,0.0000,0,collision,
2870,216,303.93,12.38,42.99,0.0000,0.0064,1,goal,
2871,69,-174.61,9.92,120.40,0.0290,0.0000,0,collision,
2872,327,269.97,8.35,1002.74,0.0000,0.0000,1,goal,
891,37,-174.21,10.97,69.67,0.0376,0.0000,0,collision,
892,189,300.83,13.91,120.73,0.0000,0.0027,1,goal,
893,241,374.75,12.59,812.03,0.0000,0.0001,1,goal,
894,148,326.83,19.80,-93.05,0.0000,0.0052,1,goal,
895,213,308.49,12.69,415.62,0.0000,0.0054,1,goal,
896,169,-140.65,10.32,232.83,0.0000,0.0132,0,collision,
897,240,316.23,11.58,576.04,0.0000,0.0139,1,goal,
898,208,326.49,13.43,248.34,0.0000,0.0389,1,goal,
899,72,-160.69,10.37,346.77,0.0278,0.0000,0,collision,
900,206,-66.88,13.17,382.05,0.0000,0.0043,0,collision,
2873,195,-170.13,16.30,130.58,0.0000,0.0133,0,collision,
2874,258,210.10,9.92,567.33,0.0000,0.1021,1,goal,
2875,189,294.36,13.53,194.68,0.0000,0.0157,1,goal,
2876,279,-161.23,7.81,1017.96,0.0072,0.0699,0,collision,
2877,162,341.72,18.45,33.98,0.0000,0.0000,1,goal,
2878,270,245.71,9.09,474.85,0.0000,0.1013,1,goal,
2879,150,-128.55,9.68,507.97,0.0000,0.0000,0,collision,
2880,88,-212.72,7.04,224.99,0.0073,0.1358,0,collision,
2881,118,-161.15,7.77,575.43,0.0000,0.0000,0,collision,
2882,100,-129.60,13.10,220.81,0.0200,0.0000,0,collision,
2883,176,239.54,13.72,-14.87,0.0000,0.1142,1,goal,
2884,38,-179.55,8.41,166.81,0.0000,0.0000,0,collision,
2885,240,264.95,10.35,636.67,0.0000,0.0823,1,goal,
2886,193,271.16,11.50,545.44,0.0000,0.0245,1,goal,
2887,156,321.02,18.02,248.99,0.0000,0.0527,1,goal,
2888,77,-153.75,14.41,-30.94,0.0000,0.0000,0,collision,
2889,2,-200.32,1.04,2.51,0.0000,0.0000,0,collision,
2890,234,-148.14,9.07,664.08,0.0000,0.0139,0,collision,
2891,184,335.72,14.37,295.07,0.0000,0.0000,1,goal,
2892,291,246.89,8.73,890.31,0.0000,0.0098,1,goal,
2893,251,225.73,9.31,181.58,0.0000,0.0000,1,goal,
2894,68,-157.00,10.41,377.89,0.0000,0.0000,0,collision,
2895,53,-227.88,2.50,140.87,0.0377,0.0504,0,collision,
2896,274,316.53,10.09,698.98,0.0000,0.0051,1,goal,
901,62,-179.95,6.80,484.24,0.0323,0.0152,0,collision,
902,158,289.77,13.96,130.88,0.0000,0.0590,1,goal,
903,97,293.86,23.87,-167.84,0.0000,0.0000,1,goal,
904,86,-124.85,17.55,-21.83,0.0000,0.0077,0,collision,
905,34,-179.98,15.19,64.37,0.0588,0.0000,0,collision,
906,168,-128.11,11.53,557.45,0.0119,0.0946,0,collision,
907,44,-172.18,11.64,204.32,0.0455,0.0000,0,collision,
908,158,323.58,16.53,211.13,0.0000,0.0000,1,goal,
909,219,200.69,11.94,17.80,0.0000,0.0000,1,goal,
910,2,-200.86,0.00,0.10,0.7633,0.0000,0,collision,
2897,264,-190.66,12.25,121.19,0.0076,0.0361,0,collision,
2898,79,-147.18,17.92,-47.95,0.0000,0.0335,0,collision,
2899,187,236.67,13.09,-34.86,0.0000,0.0754,1,goal,
2900,32,-201.81,4.59,130.17,0.0215,0.0000,0,collision,
2901,43,-166.81,15.98,-10.99,0.0000,0.0341,0,collision,
2902,172,-147.35,10.78,417.32,0.0116,0.0333,0,collision,
2903,276,243.19,8.78,761.78,0.0000,0.1035,1,goal,
2904,122,-238.26,7.06,158.16,0.0164,0.1954,0,collision,
2905,213,322.44,11.17,570.20,0.0000,0.0131,1,goal,
2906,114,306.55,20.09,-20.75,0.0000,0.0000,1,goal,
2907,299,266.65,9.17,794.41,0.0000,0.0369,1,goal,
2908,115,-201.66,7.72,308.36,0.0174,0.0000,0,collision,
2909,308,-172.80,7.31,1069.00,0.0000,0.0044,0,collision,
2910,254,206.02,8.96,696.58,0.0000,0.1789,1,goal,
2911,203,327.47,12.81,334.62,0.0000,0.0034,1,goal,
2912,108,-112.89,19.60,-0.14,0.0000,0.0135,0,collision,
2913,211,324.69,13.90,118.10,0.0000,0.0000,1,goal,
2914,160,-154.44,12.20,249.05,0.0100,0.1269,0,collision,
2915,70,-150.27,18.15,-48.06,0.0286,0.0202,0,collision,
2916,208,283.78,13.32,70.56,0.0000,0.0198,1,goal,
2917,171,313.07,15.11,130.53,0.0000,0.0058,1,goal,
2918,110,-132.80,12.83,176.57,0.0069,0.0298,0,collision,
2919,217,-218.05,7.34,537.10,0.0081,0.1077,0,collision,
2920,112,-189.44,8.91,181.63,0.0143,0.0974,0,collision,
911,96,-140.98,14.58,0.50,0.0208,0.0587,0,collision,
912,179,339.18,16.43,288.33,0.0000,0.0372,1,goal,
913,230,269.01,10.46,518.23,0.0000,0.0343,1,goal,
914,132,-94.31,15.73,214.46,0.0127,0.0052,0,collision,
915,141,324.91,17.57,68.19,0.0000,0.0000,1,goal,
916,164,241.07,15.15,72.29,0.0000,0.0004,1,goal,
917,185,332.44,16.23,-29.85,0.0000,0.0213,1,goal,
918,248,240.31,11.32,91.37,0.0000,0.0051,1,goal,
919,46,-168.90,14.67,18.17,0.0435,0.0357,0,collision,
920,176,326.23,15.12,-52.25,0.0000,0.0140,1,goal,
2921,285,-270.66,9.64,654.34,0.0000,0.0504,0,collision,
2922,97,-132.58,14.61,177.39,0.0000,0.0208,0,collision,
2923,163,329.61,17.44,-228.98,0.0000,0.0000,1,goal,
2924,139,319.20,17.75,-23.38,0.0000,0.0000,1,goal,
2925,196,337.35,14.13,518.95,0.0000,0.0176,1,goal,
2926,190,340.44,14.46,443.63,0.0000,0.0052,1,goal,
2927,163,-82.26,14.97,401.34,0.0016,0.0000,0,collision,
2928,48,-201.15,6.16,155.99,0.0000,0.0000,0,collision,
2929,55,-168.98,13.42,46.57,0.0364,0.0141,0,collision,
2930,147,322.39,16.63,6.74,0.0000,0.0000,1,goal,
2931,292,236.29,9.54,562.47,0.0000,0.0846,1,goal,
2932,161,-70.29,16.43,60.19,0.0124,0.0648,0,collision,
2933,106,-229.46,6.13,179.45,0.0164,0.2409,0,collision,
2934,127,312.22,19.96,-268.00,0.0000,0.0242,1,goal,
2935,188,347.80,14.85,146.15,0.0000,0.0000,1,goal,
2936,80,-164.40,7.75,427.75,0.0000,0.0085,0,collision,
2937,90,-125.83,15.61,-25.41,0.0026,0.0107,0,collision,
2938,307,254.61,8.89,746.92,0.0000,0.0103,1,goal,
2939,127,311.88,18.94,-79.66,0.0000,0.0161,1,goal,
2940,200,-68.42,12.12,423.48,0.0099,0.0169,0,collision,
2941,18,-194.65,6.64,138.76,0.1111,0.0000,0,collision,
2942,221,351.06,13.35,458.02,0.0000,0.0026,1,goal,
2943,296,291.47,9.64,827.69,0.0000,0.0702,1,goal,
2944,188,310.08,11.98,732.27,0.0000,0.0063,1,goal,
2945,228,280.04,10.09,525.49,0.0000,0.0715,1,goal,
2946,104,-114.73,16.95,-42.26,0.0000,0.0280,0,collision,
921,173,335.35,16.30,211.22,0.0000,0.0175,1,goal,
922,195,276.37,12.89,400.76,0.0000,0.0462,1,goal,
923,29,-181.27,11.41,181.85,0.0435,0.0000,0,collision,
924,36,-170.27,15.31,49.64,0.0000,0.0076,0,collision,
925,203,-110.39,12.53,357.40,0.0023,0.0832,0,collision,
926,126,317.81,20.07,-51.17,0.0000,0.0000,1,goal,
927,86,-152.17,14.00,113.29,0.0000,0.0000,0,collision,
928,148,298.42,16.76,143.36,0.0000,0.0396,1,goal,
929,115,-208.59,5.60,471.68,0.0000,0.0545,0,collision,
930,130,323.85,21.24,-49.52,0.0000,0.0000,1,goal,
2947,156,-278.40,6.27,327.14,0.0000,0.0046,0,collision,
2948,246,333.13,12.01,393.20,0.0000,0.0000,1,goal,
2949,287,258.63,9.00,816.37,0.0000,0.0468,1,goal,
2950,164,-92.53,12.91,326.18,0.0026,0.0087,0,collision,
2951,213,346.04,13.15,477.07,0.0000,0.0000,1,goal,
2952,193,-132.69,10.81,419.26,0.0104,0.0873,0,collision,
2953,16,-190.78,7.94,167.01,0.1250,0.0000,0,collision,
2954,36,-168.98,17.28,89.81,0.0043,0.0000,0,collision,
2955,290,299.84,9.37,884.02,0.0000,0.0139,1,goal,
2956,123,-130.22,15.13,-53.33,0.0000,0.0000,0,collision,
2957,149,-165.27,13.38,-104.29,0.0000,0.1627,0,collision,
2958,300,186.12,8.10,574.42,0.0000,0.0768,1,goal,
2959,196,298.81,11.75,678.95,0.0000,0.0000,1,goal,
2960,168,305.21,13.81,354.55,0.0000,0.0070,1,goal,
2961,213,294.29,10.67,746.20,0.0000,0.0233,1,goal,
2962,135,318.23,17.85,-152.85,0.0000,0.0000,1,goal,
2963,189,-129.11,10.03,517.44,0.0100,0.0053,0,collision,
2964,193,301.68,12.53,316.11,0.0000,0.0153,1,goal,
2965,39,-177.82,10.69,110.27,0.0513,0.0225,0,collision,
2966,329,226.88,8.56,919.15,0.0000,0.0630,1,goal,
2967,221,245.65,8.78,657.02,0.0000,0.0476,1,goal,
931,34,-181.77,7.87,224.49,0.0000,0.0000,0,collision,
932,3,-200.66,1.59,4.29,0.2352,0.0000,0,collision,
933,273,318.91,8.98,1170.84,0.0000,0.0000,1,goal,
934,185,-137.62,7.68,791.62,0.0000,0.0000,0,collision,
935,244,227.12,10.98,277.35,0.0000,0.0756,1,goal,
936,1,-200.00,0.00,0.00,0.0000,0.0000,0,collision,
937,337,272.70,8.06,1145.08,0.0000,0.0257,1,goal,
938,199,316.05,12.34,551.72,0.0000,0.0000,1,goal,
939,47,-162.93,15.06,73.49,0.0000,0.0000,0,collision,
940,151,-143.27,7.53,702.91,0.0073,0.0000,0,collision,
2968,487,-62.73,9.22,1121.01,0.0000,0.0616,0,removed_unknown,
2969,135,311.51,17.05,6.40,0.0000,0.0000,1,goal,
2970,195,343.02,14.23,146.76,0.0000,0.0000,1,goal,
2971,221,-179.68,8.77,499.86,0.0021,0.0132,0,collision,
2972,176,334.57,16.04,89.52,0.0000,0.0000,1,goal,
2973,192,323.55,11.75,688.20,0.0000,0.0035,1,goal,
2974,118,-125.50,13.84,109.37,0.0169,0.0000,0,collision,
2975,232,319.39,11.39,761.75,0.0000,0.0177,1,goal,
2976,206,324.04,11.74,903.48,0.0000,0.0000,1,goal,
2977,289,313.22,8.75,1347.93,0.0000,0.0146,1,goal,
2978,112,284.66,15.87,138.17,0.0000,0.0000,1,goal,
2979,245,326.07,11.39,492.54,0.0000,0.0000,1,goal,
2980,256,195.64,8.87,203.88,0.0000,0.0073,1,goal,
2981,149,312.47,15.43,221.01,0.0000,0.0082,1,goal,
2982,83,-128.87,19.08,-54.23,0.0000,0.0387,0,collision,
2983,209,326.55,13.11,582.55,0.0000,0.0174,1,goal,
2984,182,314.01,13.64,325.51,0.0000,0.0057,1,goal,
2985,332,-209.38,8.63,426.88,0.0000,0.1803,0,collision,
2986,126,304.50,19.93,79.63,0.0000,0.0057,1,goal,
2987,41,-164.29,19.28,129.17,0.0000,0.0210,0,collision,
2988,233,300.64,9.46,850.91,0.0000,0.0266,1,goal,
941,232,276.35,11.74,331.94,0.0000,0.0096,1,goal,
942,165,345.31,17.44,214.31,0.0000,0.0000,1,goal,
943,165,316.34,17.45,227.88,0.0000,0.0215,1,goal,
944,175,316.00,15.87,318.27,0.0000,0.0008,1,goal,
945,70,-137.69,20.15,-12.60,0.0000,0.0000,0,collision,
946,229,246.85,10.35,556.58,0.0000,0.0102,1,goal,
947,216,231.01,10.45,447.11,0.0000,0.0856,1,goal,
948,235,271.02,9.86,543.13,0.0000,0.0000,1,goal,
949,306,-147.88,9.52,920.38,0.0065,0.1447,0,collision,
950,176,308.22,15.23,8.18,0.0000,0.0166,1,goal,
2989,213,-239.09,7.22,201.42,0.0000,0.0169,0,collision,
2990,68,-146.23,13.45,265.32,0.0000,0.0000,0,collision,
2991,317,237.96,6.92,1522.38,0.0000,0.0189,1,goal,
2992,117,305.49,19.74,-210.93,0.0000,0.0022,1,goal,
2993,185,-196.16,5.74,719.69,0.0049,0.0608,0,collision,
2994,313,217.76,9.12,757.56,0.0000,0.1479,1,goal,
2995,102,-141.69,12.74,84.71,0.0196,0.0613,0,collision,
2996,230,277.57,9.87,503.22,0.0000,0.0083,1,goal,
2997,149,-101.48,14.93,293.94,0.0134,0.0079,0,collision,
2998,145,333.75,19.63,4.83,0.0000,0.0000,1,goal,
2999,283,283.16,9.95,952.56,0.0000,0.0082,1,goal,
3000,188,342.10,15.91,484.72,0.0000,0.0089,1,goal,
3001,199,-100.72,12.03,612.27,0.0101,0.0048,0,collision,
3002,155,322.06,18.46,99.15,0.0000,0.0019,1,goal,
3003,53,-159.92,16.17,93.51,0.0000,0.0490,0,collision,
3004,223,349.82,13.13,354.07,0.0000,0.0052,1,goal,
3005,223,197.42,11.53,195.57,0.0000,0.0000,1,goal,
3006,163,304.87,14.01,157.16,0.0000,0.0270,1,goal,
3007,131,293.90,20.93,-6.40,0.0000,0.0084,1,goal,
3008,91,-149.69,11.23,392.67,0.0000,0.0147,0,collision,
3009,168,328.73,15.10,343.12,0.0000,0.0000,1,goal,
3010,145,-265.42,5.83,206.21,0.0000,0.2831,0,collision,
3011,55,-173.39,11.29,110.43,0.0364,0.0000,0,collision,
3012,197,335.90,14.87,209.43,0.0000,0.0000,1,goal,
951,173,-169.58,8.27,635.21,0.0000,0.0825,0,collision,
952,202,-157.93,10.27,511.41,0.0000,0.1138,0,collision,
953,228,289.96,10.00,753.47,0.0000,0.0302,1,goal,
954,160,323.33,16.43,65.97,0.0000,0.0000,1,goal,
955,252,321.61,10.29,821.25,0.0000,0.0000,1,goal,
956,111,300.18,20.31,19.11,0.0000,0.0082,1,goal,
957,52,-166.15,13.39,103.29,0.0247,0.0000,0,collision,
958,155,287.71,11.58,485.67,0.0000,0.0000,1,goal,
959,193,-76.75,13.04,392.23,0.0000,0.0241,0,collision,
960,171,310.82,14.16,219.79,0.0000,0.0262,1,goal,
3013,316,-343.64,6.81,350.24,0.0000,0.0215,0,collision,
3014,258,279.26,9.39,1038.97,0.0000,0.0126,1,goal,
3015,219,-99.68,10.15,465.72,0.0000,0.0000,0,collision,
3016,1,-200.00,0.00,0.00,0.0000,0.0000,0,collision,
3017,145,-91.66,13.72,532.06,0.0000,0.0000,0,collision,
3018,177,-200.28,11.93,83.63,0.0000,0.0000,0,collision,
3019,240,290.74,11.54,568.93,0.0000,0.0149,1,goal,
3020,201,-109.62,10.75,368.70,0.0060,0.0782,0,collision,
3021,104,-115.03,14.94,34.48,0.0054,0.0000,0,collision,
3022,177,321.02,14.27,230.51,0.0000,0.0064,1,goal,
3023,172,-179.48,10.19,318.87,0.0116,0.0000,0,collision,
3024,192,306.35,13.05,254.71,0.0000,0.0344,1,goal,
3025,173,329.87,15.69,99.39,0.0000,0.0143,1,goal,
3026,138,-190.91,9.95,163.35,0.0000,0.2168,0,collision,
3027,136,299.90,16.51,302.81,0.0000,0.0277,1,goal,
3028,136,325.78,20.19,-208.52,0.0000,0.0000,1,goal,
3029,56,-150.06,20.67,-70.58,0.0000,0.0285,0,collision,
3030,181,218.91,12.39,-139.03,0.0000,0.0000,1,goal,
3031,166,291.68,14.35,135.33,0.0000,0.0023,1,goal,
3032,142,301.04,16.44,81.93,0.0000,0.0312,1,goal,
3033,206,322.94,13.39,482.86,0.0000,0.0000,1,goal,
3034,131,321.99,22.53,-201.05,0.0000,0.0000,1,goal,
3035,176,251.14,12.87,128.55,0.0000,0.0000,1,goal,
3036,193,-95.56,13.38,152.41,0.0104,0.0131,0,collision,
961,162,316.97,13.96,245.31,0.0000,0.0223,1,goal,
962,171,-151.94,8.04,698.47,0.0049,0.0000,0,collision,
963,135,-215.21,7.08,310.14,0.0146,0.1899,0,collision,
964,128,-115.67,11.19,466.62,0.0000,0.0000,0,collision,
965,2,-201.66,0.00,0.10,1.0000,0.0000,0,collision,
966,265,-109.09,10.84,496.83,0.0000,0.0085,0,collision,
967,181,-198.87,7.74,641.58,0.0000,0.1969,0,collision,
968,362,117.50,6.52,851.51,0.0000,0.1667,1,goal,
969,242,306.80,11.67,351.02,0.0000,0.0000,1,goal,
970,184,300.41,14.15,405.25,0.0000,0.0316,1,goal,
3037,250,-262.49,4.80,906.43,0.0080,0.0293,0,collision,
3038,178,346.36,16.87,-160.55,0.0000,0.0044,1,goal,
3039,1,-200.00,0.00,0.00,0.0000,0.0000,0,collision,
3040,181,314.22,14.80,150.30,0.0000,0.0165,1,goal,
3041,174,337.24,16.59,279.93,0.0000,0.0056,1,goal,
3042,110,300.70,20.60,-160.23,0.0000,0.0074,1,goal,
3043,183,267.73,12.25,434.01,0.0000,0.0000,1,goal,
3044,157,319.46,13.39,455.11,0.0000,0.0000,1,goal,
3045,321,268.24,9.06,726.87,0.0000,0.0521,1,goal,
3046,198,332.89,12.80,550.59,0.0000,0.0091,1,goal,
3047,133,259.56,14.92,131.41,0.0000,0.0223,1,goal,
3048,78,-147.64,17.17,77.16,0.0000,0.0214,0,collision,
3049,175,331.91,16.33,-21.42,0.0000,0.0000,1,goal,
3050,136,322.25,20.20,-1.89,0.0000,0.0092,1,goal,
3051,105,299.49,23.35,-176.66,0.0000,0.0000,1,goal,
3052,99,301.92,24.67,-153.40,0.0000,0.0000,1,goal,
3053,192,341.51,15.65,9.98,0.0000,0.0000,1,goal,
3054,2,-200.32,1.04,2.51,0.0000,0.0000,0,collision,
3055,174,296.29,14.00,336.07,0.0000,0.0264,1,goal,
3056,177,317.01,16.09,113.12,0.0000,0.0342,1,goal,
3057,160,314.67,15.81,19.42,0.0000,0.0000,1,goal,
3058,115,-141.97,10.54,379.62,0.0079,0.0904,0,collision,
3059,182,315.60,14.45,345.62,0.0000,0.0214,1,goal,
3060,186,-105.18,14.63,-118.64,0.0020,0.0196,0,collision,
3061,238,285.40,9.63,901.02,0.0000,0.0000,1,goal,
3062,274,284.84,10.47,414.16,0.0000,0.0157,1,goal,
971,295,219.93,9.30,482.60,0.0000,0.1092,1,goal,
972,336,249.31,8.11,786.74,0.0000,0.0000,1,goal,
973,322,-96.70,9.27,1042.25,0.0062,0.0035,0,collision,
974,297,236.69,8.10,833.74,0.0000,0.0031,1,goal,
975,145,320.51,19.00,-9.21,0.0000,0.0000,1,goal,
976,253,281.25,11.15,463.36,0.0000,0.0009,1,goal,
977,133,311.75,17.41,113.79,0.0000,0.0014,1,goal,
978,233,334.73,11.06,610.89,0.0000,0.0007,1,goal,
979,304,259.68,8.84,642.67,0.0000,0.0052,1,goal,
980,190,313.80,15.07,167.56,0.0000,0.0000,1,goal,
3063,208,-247.71,8.20,322.19,0.0096,0.0000,0,collision,
3064,222,-158.62,6.85,1184.13,0.0000,0.0060,0,collision,
3065,214,270.86,10.64,598.15,0.0000,0.0825,1,goal,
3066,311,229.38,8.29,685.91,0.0000,0.0062,1,goal,
3067,312,269.49,8.86,707.66,0.0000,0.0358,1,goal,
3068,121,280.71,15.64,-34.87,0.0000,0.0000,1,goal,
3069,213,305.26,13.17,272.53,0.0000,0.0725,1,goal,
3070,283,318.72,8.99,946.51,0.0000,0.0000,1,goal,
3071,245,340.28,10.66,1151.33,0.0000,0.0000,1,goal,
3072,131,-128.35,10.46,392.24,0.0000,0.0000,0,collision,
3073,52,-160.72,17.51,94.57,0.0071,0.0000,0,collision,
3074,204,309.83,11.02,586.25,0.0000,0.0176,1,goal,
3075,196,310.04,11.80,702.39,0.0000,0.0000,1,goal,
3076,248,280.28,10.67,764.38,0.0000,0.0453,1,goal,
3077,119,-97.13,18.35,-229.41,0.0168,0.0000,0,collision,
3078,173,330.61,14.36,324.57,0.0000,0.0030,1,goal,
3079,3,-203.40,0.69,1.84,0.0000,0.5720,0,collision,
3080,127,310.95,19.67,-174.11,0.0000,0.0064,1,goal,
3081,108,-149.54,9.09,507.67,0.0185,0.0000,0,collision,
3082,377,181.73,7.60,791.63,0.0000,0.0001,1,goal,
3083,114,-119.88,12.96,123.69,0.0024,0.0071,0,collision,
981,129,-97.25,17.37,-82.56,0.0000,0.0000,0,collision,
982,119,-90.28,20.57,13.46,0.0092,0.0108,0,collision,
983,210,271.68,13.80,1.17,0.0000,0.0083,1,goal,
984,121,-189.09,11.56,-9.36,0.0165,0.2353,0,collision,
985,242,293.44,12.10,273.29,0.0000,0.1099,1,goal,
986,211,214.62,12.54,233.83,0.0000,0.0108,1,goal,
987,134,-162.58,10.40,176.63,0.0000,0.0000,0,collision,
988,271,270.89,9.51,752.96,0.0000,0.0312,1,goal,
989,165,-175.19,8.04,473.20,0.0074,0.0637,0,collision,
990,41,-172.60,16.56,93.74,0.0322,0.0312,0,collision,
3084,236,-304.12,7.80,166.66,0.0013,0.2703,0,collision,
3085,143,325.01,17.05,-18.04,0.0000,0.0000,1,goal,
3086,176,307.32,15.51,4.44,0.0000,0.0778,1,goal,
3087,270,182.49,8.96,394.78,0.0000,0.1572,1,goal,
3088,100,301.22,22.62,-183.90,0.0000,0.0028,1,goal,
3089,216,-82.04,12.77,296.62,0.0093,0.0436,0,collision,
3090,77,-228.06,8.24,60.80,0.0020,0.4053,0,collision,
3091,316,-102.94,7.87,1489.04,0.0000,0.0022,0,collision,
3092,108,316.59,26.48,-238.09,0.0000,0.0000,1,goal,
3093,133,321.27,19.78,9.67,0.0000,0.0000,1,goal,
3094,147,325.28,18.82,-169.60,0.0000,0.0000,1,goal,
3095,274,245.29,8.23,838.70,0.0000,0.0302,1,goal,
3096,73,-162.33,11.62,183.93,0.0140,0.0397,0,collision,
3097,95,-170.02,9.93,324.75,0.0000,0.0000,0,collision,
3098,163,259.96,14.57,220.19,0.0000,0.0197,1,goal,
3099,315,250.87,8.31,1165.80,0.0000,0.0410,1,goal,
3100,56,-178.86,12.36,61.44,0.0357,0.0617,0,collision,
3101,6,-201.03,1.79,12.02,0.3333,0.0000,0,collision,
3102,55,-146.48,24.99,-36.09,0.0000,0.0000,0,collision,
3103,252,-207.46,8.32,619.76,0.0001,0.0076,0,collision,
3104,250,289.55,11.12,458.67,0.0000,0.0031,1,goal,
3105,100,-106.20,20.75,-105.69,0.0000,0.0016,0,collision,
3106,97,-114.52,18.88,-35.27,0.0206,0.0000,0,collision,
3107,137,285.03,16.52,3.24,0.0000,0.0036,1,goal,
3108,163,-232.38,6.75,458.05,0.0123,0.0000,0,collision,
3109,26,-186.34,8.52,103.32,0.0769,0.0494,0,collision,
3110,74,-155.24,11.23,242.43,0.0270,0.0000,0,collision,
3111,184,-149.99,7.67,725.32,0.0109,0.0233,0,collision,
3112,8,-206.89,1.04,12.08,0.2500,0.0000,0,collision,
3113,27,-192.26,10.48,20.56,0.0000,0.1061,0,collision,
991,185,314.05,14.82,154.37,0.0000,0.0096,1,goal,
992,38,-173.35,10.81,266.28,0.0331,0.0000,0,collision,
993,171,-124.09,14.64,-41.49,0.0013,0.0000,0,collision,
994,154,-294.28,4.43,153.31,0.0130,0.0000,0,collision,
995,216,294.18,13.07,223.87,0.0000,0.0000,1,goal,
996,190,338.11,13.10,449.01,0.0000,0.0000,1,goal,
997,132,314.31,18.11,-6.45,0.0000,0.0000,1,goal,
998,193,299.97,13.09,503.31,0.0000,0.0000,1,goal,
999,213,326.87,10.54,867.51,0.0000,0.0095,1,goal,
1000,112,302.33,21.75,-49.89,0.0000,0.0094,1,goal,
3114,236,-352.32,5.35,573.28,0.0000,0.0000,0,collision,
3115,270,292.29,9.45,911.70,0.0000,0.0000,1,goal,
3116,260,258.38,9.79,726.34,0.0000,0.0747,1,goal,
3117,44,-168.25,15.25,32.26,0.0416,0.0000,0,collision,
3118,182,346.08,16.65,-28.42,0.0000,0.0061,1,goal,
3119,107,297.58,21.71,98.01,0.0000,0.0188,1,goal,
3120,3,-202.08,0.69,1.84,0.6667,0.0000,0,collision,
3121,283,173.27,8.99,468.37,0.0000,0.1308,1,goal,
3122,188,-127.69,10.73,377.72,0.0106,0.0820,0,collision,
3123,247,274.67,10.83,504.94,0.0000,0.0456,1,goal,
3124,284,259.65,8.10,932.98,0.0000,0.0070,1,goal,
3125,125,-115.56,11.46,491.57,0.0000,0.0000,0,collision,
3126,169,334.72,16.44,95.43,0.0000,0.0000,1,goal,
3127,355,271.60,7.90,1266.45,0.0000,0.0000,1,goal,
3128,241,332.65,12.29,785.55,0.0000,0.0040,1,goal,
3129,296,314.73,10.19,721.65,0.0000,0.0000,1,goal,
3130,379,302.38,7.52,1710.70,0.0000,0.0000,1,goal,
3131,323,157.22,7.30,1033.80,0.0000,0.1638,1,goal,
1001,342,-202.72,5.84,1441.53,0.0058,0.0000,0,collision,
1002,141,308.15,15.78,157.43,0.0000,0.0320,1,goal,
1003,253,274.91,9.37,529.40,0.0000,0.0394,1,goal,
1004,80,-176.44,7.88,402.01,0.0129,0.0751,0,collision,
1005,122,317.62,23.50,-168.17,0.0000,0.0000,1,goal,
1006,165,321.67,14.11,324.12,0.0000,0.0000,1,goal,
1007,134,316.47,16.91,-31.31,0.0000,0.0000,1,goal,
1008,232,301.84,12.24,708.64,0.0000,0.0000,1,goal,
1009,34,-181.71,7.06,298.64,0.0000,0.0000,0,collision,
1010,277,274.51,10.09,942.13,0.0000,0.0074,1,goal,
3132,485,-109.00,9.05,1254.03,0.0041,0.0299,0,removed_unknown,
3133,295,200.88,9.10,621.90,0.0000,0.0292,1,goal,
3134,258,305.08,10.80,564.71,0.0000,0.0027,1,goal,
3135,153,291.05,15.09,69.39,0.0000,0.0000,1,goal,
3136,168,268.49,10.77,463.77,0.0000,0.0117,1,goal,
3137,333,160.65,6.73,824.77,0.0000,0.0045,1,goal,
3138,148,-156.27,9.90,361.24,0.0117,0.0000,0,collision,
3139,92,-159.18,8.44,489.91,0.0217,0.0283,0,collision,
3140,257,296.67,10.53,970.31,0.0000,0.0138,1,goal,
3141,240,279.99,10.92,518.29,0.0000,0.0106,1,goal,
3142,182,340.74,15.18,410.40,0.0000,0.0000,1,goal,
3143,1,-200.00,0.00,0.00,0.0000,0.0000,0,collision,
3144,103,-196.33,5.33,558.72,0.0000,0.0000,0,collision,
3145,200,325.93,14.73,315.50,0.0000,0.0000,1,goal,
3146,42,-168.75,11.50,257.88,0.0476,0.0000,0,collision,
3147,189,285.37,11.87,330.49,0.0000,0.0000,1,goal,
3148,109,301.15,21.47,-91.21,0.0000,0.0000,1,goal,
3149,165,282.98,15.32,19.25,0.0000,0.0093,1,goal,
3150,176,287.83,12.88,538.41,0.0000,0.0000,1,goal,
3151,21,-184.25,15.62,119.47,0.0952,0.0000,0,collision,
3152,228,306.22,12.51,375.06,0.0000,0.0204,1,goal,
3153,337,-129.09,8.31,852.28,0.0000,0.0134,0,collision,
1011,266,307.60,10.22,1182.70,0.0000,0.0133,1,goal,
1012,415,152.63,6.07,1374.29,0.0000,0.1263,1,goal,
1013,231,281.64,10.32,415.76,0.0000,0.0000,1,goal,
1014,61,-147.06,22.93,-16.68,0.0328,0.0000,0,collision,
1015,132,-103.96,13.37,426.95,0.0000,0.0187,0,collision,
1016,264,283.81,11.55,324.71,0.0000,0.0406,1,goal,
1017,139,-175.15,14.33,124.62,0.0075,0.2151,0,collision,
1018,114,-132.88,13.27,202.67,0.0000,0.0027,0,collision,
1019,141,-167.47,7.09,676.02,0.0142,0.0601,0,collision,
1020,234,312.62,11.17,684.24,0.0000,0.0030,1,goal,
3154,406,-384.88,7.19,684.30,0.0000,0.0000,0,collision,
3155,189,346.64,14.46,183.61,0.0000,0.0024,1,goal,
3156,156,292.22,15.15,266.75,0.0000,0.0000,1,goal,
3157,285,-142.62,7.71,1200.33,0.0000,0.0000,0,collision,
3158,67,-157.12,13.06,191.66,0.0236,0.0447,0,collision,
3159,112,300.63,19.91,42.19,0.0000,0.0000,1,goal,
3160,179,308.88,14.84,208.71,0.0000,0.0189,1,goal,
3161,64,-171.02,10.14,119.55,0.0312,0.1472,0,collision,
3162,305,306.43,8.86,1010.49,0.0000,0.0000,1,goal,
3163,149,-123.80,13.72,135.14,0.0022,0.0471,0,collision,
3164,128,294.71,19.22,20.16,0.0000,0.0045,1,goal,
3165,195,-197.73,7.49,467.97,0.0103,0.0184,0,collision,
3166,80,-226.16,8.47,27.59,0.0204,0.3989,0,collision,
3167,64,-227.52,2.56,126.52,0.0000,0.0000,0,collision,
3168,302,203.40,8.25,659.46,0.0000,0.0264,1,goal,
3169,280,227.02,9.17,465.21,0.0000,0.0720,1,goal,
3170,53,-149.14,27.31,-49.60,0.0000,0.0235,0,collision,
3171,193,294.55,14.24,349.16,0.0000,0.0503,1,goal,
3172,239,249.38,9.43,577.43,0.0000,0.0012,1,goal,
3173,124,-101.23,16.72,-43.07,0.0161,0.0132,0,collision,
3174,210,294.27,12.53,359.52,0.0000,0.0185,1,goal,
3175,106,263.14,18.21,-31.97,0.0000,0.0000,1,goal,
1021,177,-102.95,15.74,182.93,0.0000,0.0280,0,collision,
1022,78,-236.62,2.51,224.06,0.0000,0.0843,0,collision,
1023,162,-88.60,14.56,353.26,0.0000,0.0350,0,collision,
1024,122,314.08,20.05,-144.32,0.0000,0.0000,1,goal,
1025,108,300.76,21.03,-184.48,0.0000,0.0032,1,goal,
1026,83,285.19,23.69,-106.49,0.0000,0.0000,1,goal,
1027,183,-144.22,9.33,703.34,0.0000,0.0547,0,collision,
1028,308,-103.70,8.79,1055.56,0.0000,0.0012,0,collision,
1029,179,-106.63,14.46,104.15,0.0112,0.0084,0,collision,
1030,142,-168.22,9.60,209.99,0.0000,0.0249,0,collision,
3176,367,-216.48,8.02,1233.28,0.0000,0.0009,0,collision,
3177,305,205.85,8.10,782.88,0.0000,0.1219,1,goal,
3178,3,-202.08,0.69,2.61,0.6667,0.0000,0,collision,
3179,81,-194.26,7.20,257.01,0.0000,0.0920,0,collision,
3180,147,-160.28,8.21,334.65,0.0000,0.0000,0,collision,
3181,107,-132.08,16.63,218.94,0.0000,0.0302,0,collision,
3182,56,-183.79,7.69,260.11,0.0000,0.0000,0,collision,
3183,102,262.85,16.62,-47.11,0.0000,0.0096,1,goal,
3184,136,311.73,17.96,-112.30,0.0000,0.0000,1,goal,
3185,148,303.66,16.20,29.60,0.0000,0.0000,1,goal,
3186,180,321.81,14.28,18.86,0.0000,0.0035,1,goal,
3187,14,-192.86,7.82,120.41,0.0000,0.0000,0,collision,
3188,80,-126.62,20.01,-145.33,0.0250,0.0000,0,collision,
3189,144,338.34,20.73,-212.71,0.0000,0.0068,1,goal,
3190,126,295.07,17.72,46.58,0.0000,0.0096,1,goal,
3191,128,323.39,22.33,-115.62,0.0000,0.0049,1,goal,
3192,344,243.52,8.81,744.63,0.0000,0.0168,1,goal,
3193,216,-151.80,9.81,617.82,0.0034,0.0103,0,collision,
3194,112,-118.83,13.89,245.13,0.0179,0.0211,0,collision,
3195,279,276.03,10.58,865.56,0.0000,0.0204,1,goal,
3196,231,326.92,12.88,586.29,0.0000,0.0000,1,goal,
3197,114,-174.39,6.85,503.61,0.0000,0.0000,0,collision,
3198,298,259.60,7.75,988.03,0.0000,0.0035,1,goal,
3199,180,302.67,12.96,422.76,0.0000,0.0252,1,goal,
3200,299,196.40,8.29,536.22,0.0000,0.0033,1,goal,
3201,167,-135.04,9.72,727.04,0.0120,0.0057,0,collision,
1031,173,-108.00,14.43,201.96,0.0000,0.0195,0,collision,
1032,228,-109.96,10.52,844.10,0.0000,0.0078,0,collision,
1033,123,-139.51,8.84,574.63,0.0163,0.0036,0,collision,
1034,153,323.67,15.16,235.25,0.0000,0.0000,1,goal,
1035,12,-205.23,2.05,30.94,0.1667,0.0000,0,collision,
1036,160,303.64,14.12,256.58,0.0000,0.0000,1,goal,
1037,191,119.37,14.93,200.37,0.0000,0.0007,0,removed_unknown,
1038,224,298.95,11.95,352.14,0.0000,0.0375,1,goal,
1039,295,220.65,8.58,436.47,0.0000,0.0038,1,goal,
1040,247,299.20,10.16,722.72,0.0000,0.0359,1,goal,
3202,62,-221.10,6.15,398.26,0.0231,0.0149,0,collision,
3203,251,227.26,9.20,454.11,0.0000,0.0409,1,goal,
3204,234,267.01,11.20,319.10,0.0000,0.0139,1,goal,
3205,52,-209.58,3.49,188.86,0.0000,0.0430,0,collision,
3206,307,274.24,8.54,1039.17,0.0000,0.0336,1,goal,
3207,144,322.40,17.51,24.02,0.0000,0.0000,1,goal,
3208,62,-221.18,4.07,244.46,0.0000,0.2537,0,collision,
3209,215,-170.55,9.67,369.73,0.0000,0.0048,0,collision,
3210,44,-197.97,3.79,174.34,0.0000,0.0000,0,collision,
3211,176,275.72,14.11,79.75,0.0000,0.0498,1,goal,
3212,272,-104.94,11.38,642.06,0.0038,0.0028,0,collision,
3213,183,273.42,10.15,435.33,0.0000,0.0000,1,goal,
3214,184,253.63,13.51,155.25,0.0000,0.0021,1,goal,
3215,216,314.12,13.90,224.15,0.0000,0.0629,1,goal,
3216,277,158.52,7.70,428.83,0.0000,0.0237,1,goal,
3217,146,313.79,15.40,412.45,0.0000,0.0053,1,goal,
3218,31,-194.74,6.72,181.62,0.0645,0.1193,0,collision,
3219,267,320.96,10.71,944.55,0.0000,0.0148,1,goal,
3220,82,-114.09,25.28,-107.31,0.0244,0.0000,0,collision,
3221,70,-149.81,13.63,358.23,0.0189,0.0579,0,collision,
3222,100,-111.11,18.43,-233.40,0.0200,0.0080,0,collision,
3223,104,-134.61,18.23,-98.11,0.0192,0.0483,0,collision,
3224,244,195.03,11.40,107.41,0.0000,0.2976,1,goal,
3225,213,-197.48,9.75,279.90,0.0000,0.1446,0,collision,
3226,68,-139.38,18.74,-65.12,0.0000,0.0257,0,collision,
1041,89,-180.36,9.68,254.56,0.0000,0.0063,0,collision,
1042,186,-176.94,10.81,255.36,0.0108,0.1090,0,collision,
1043,282,309.59,9.19,1145.20,0.0000,0.0000,1,goal,
1044,124,322.18,22.97,-21.89,0.0000,0.0000,1,goal,
1045,169,333.41,16.19,16.90,0.0000,0.0161,1,goal,
1046,78,-128.25,19.13,-158.74,0.0256,0.0000,0,collision,
1047,196,312.46,12.97,447.40,0.0000,0.0073,1,goal,
1048,28,-176.63,15.75,24.55,0.0714,0.0000,0,collision,
1049,246,-168.28,8.27,951.97,0.0000,0.0244,0,collision,
1050,74,-135.99,18.10,-106.07,0.0270,0.0000,0,collision,
3227,192,-189.11,12.22,204.14,0.0000,0.0240,0,collision,
3228,288,229.55,7.88,774.13,0.0000,0.0371,1,goal,
3229,380,114.00,6.20,948.29,0.0000,0.1267,1,goal,
3230,213,-105.97,12.07,480.71,0.0000,0.0146,0,collision,
3231,157,310.92,16.37,111.44,0.0000,0.0255,1,goal,
3232,139,309.35,19.88,-87.10,0.0000,0.0222,1,goal,
3233,122,301.83,22.14,-65.33,0.0000,0.0476,1,goal,
3234,217,-102.58,12.99,392.11,0.0000,0.0221,0,collision,
3235,297,-93.64,10.00,704.08,0.0000,0.0074,0,collision,
3236,234,271.29,10.81,324.39,0.0000,0.0365,1,goal,
3237,233,253.69,10.20,546.22,0.0000,0.0007,1,goal,
3238,185,-117.57,10.62,692.25,0.0000,0.0086,0,collision,
3239,101,-128.30,18.36,152.33,0.0000,0.0187,0,collision,
3240,178,-120.54,12.48,298.84,0.0112,0.0093,0,collision,
3241,151,90.32,16.47,346.93,0.0000,0.0723,0,removed_unknown,
3242,29,-192.75,8.94,140.00,0.0585,0.0000,0,collision,
3243,138,-80.90,18.77,-42.54,0.0145,0.0032,0,collision,
3244,43,-171.86,15.37,46.62,0.0020,0.0621,0,collision,
3245,114,305.95,20.29,95.15,0.0000,0.0000,1,goal,
3246,97,-117.78,15.84,0.83,0.0000,0.0081,0,collision,
3247,54,-201.40,4.84,221.15,0.0350,0.0655,0,collision,
3248,96,-152.15,13.85,225.06,0.0160,0.0756,0,collision,
3249,202,-173.36,9.25,298.92,0.0071,0.0544,0,collision,
3250,77,285.78,29.99,-123.00,0.0000,0.0000,1,goal,
3251,169,278.45,14.85,64.85,0.0000,0.0000,1,goal,
3252,42,-174.13,7.19,335.45,0.0225,0.0000,0,collision,
1051,219,319.84,11.32,661.28,0.0000,0.0000,1,goal,
1052,69,-154.09,10.21,373.95,0.0000,0.0000,0,collision,
1053,207,-273.72,6.17,207.99,0.0097,0.1182,0,collision,
1054,158,240.26,14.21,260.28,0.0000,0.0051,1,goal,
1055,157,-204.74,7.98,94.48,0.0011,0.0370,0,collision,
1056,216,274.36,13.31,262.71,0.0000,0.0085,1,goal,
1057,170,-202.30,8.04,469.74,0.0052,0.0000,0,collision,
1058,170,312.96,15.17,13.36,0.0000,0.0000,1,goal,
1059,245,266.11,11.61,290.72,0.0000,0.0336,1,goal,
1060,84,-140.83,16.83,-13.00,0.0000,0.0127,0,collision,
3253,92,-179.97,14.40,85.17,0.0000,0.0042,0,collision,
3254,245,290.80,10.00,698.01,0.0000,0.0035,1,goal,
3255,236,330.93,12.14,552.17,0.0000,0.0000,1,goal,
3256,43,-195.69,5.00,255.65,0.0000,0.0000,0,collision,
3257,138,310.55,17.79,251.23,0.0000,0.0000,1,goal,
3258,181,302.33,14.81,135.56,0.0000,0.0000,1,goal,
3259,158,302.45,17.69,201.69,0.0000,0.0000,1,goal,
3260,183,260.47,15.77,-127.23,0.0000,0.1461,1,goal,
3261,83,-141.04,12.72,245.05,0.0144,0.0000,0,collision,
3262,99,299.79,23.86,-161.07,0.0000,0.0000,1,goal,
3263,85,-137.84,15.29,-23.04,0.0000,0.0000,0,collision,
3264,154,-215.29,8.56,443.16,0.0130,0.1103,0,collision,
3265,179,-154.87,9.81,389.73,0.0112,0.0366,0,collision,
3266,67,-206.62,6.22,284.70,0.0000,0.0240,0,collision,
3267,211,-212.54,9.84,160.59,0.0095,0.0079,0,collision,
3268,112,-257.15,2.22,263.07,0.0091,0.0000,0,collision,
3269,184,-81.46,15.09,160.62,0.0000,0.0061,0,collision,
3270,123,308.16,19.96,-33.72,0.0000,0.0000,1,goal,
3271,80,-140.74,19.38,-114.22,0.0000,0.0204,0,collision,
3272,144,-94.20,15.51,81.10,0.0139,0.0033,0,collision,
3273,157,268.21,15.83,4.20,0.0000,0.0000,1,goal,
3274,279,284.32,9.15,1020.10,0.0000,0.0000,1,goal,
3275,64,-209.06,5.91,182.07,0.0312,0.0224,0,collision,
3276,2,-201.66,0.00,0.10,0.0000,0.0000,0,collision,
3277,1,-200.00,0.00,0.00,0.0000,0.0000,0,collision,
3278,291,-181.21,8.30,1001.36,0.0047,0.0057,0,collision,
3279,182,295.05,13.77,334.04,0.0000,0.0000,1,goal,
3280,325,176.82,8.80,895.70,0.0000,0.1382,1,goal,
1061,92,-191.10,7.93,134.30,0.0217,0.0086,0,collision,
1062,10,-200.09,3.55,42.28,0.1296,0.0616,0,collision,
1063,72,-127.52,27.14,-76.54,0.0278,0.0088,0,collision,
1064,188,229.34,13.08,254.13,0.0000,0.1561,1,goal,
1065,336,178.48,8.42,692.45,0.0000,0.0066,1,goal,
1066,228,296.76,10.81,536.06,0.0000,0.0000,1,goal,
1067,109,-193.00,6.86,407.94,0.0183,0.0272,0,collision,
1068,82,-222.63,3.33,233.42,0.0000,0.0000,0,collision,
1069,304,236.12,7.67,1103.77,0.0000,0.0150,1,goal,
1070,239,267.37,11.56,353.03,0.0000,0.0140,1,goal,
3281,174,-247.47,8.33,500.88,0.0000,0.1125,0,collision,
3282,169,292.48,13.94,464.69,0.0000,0.0394,1,goal,
3283,82,-166.29,8.88,286.69,0.0000,0.0000,0,collision,
3284,139,294.22,17.81,143.25,0.0000,0.0255,1,goal,
3285,183,304.32,14.18,462.30,0.0000,0.0000,1,goal,
3286,180,-114.32,11.60,496.58,0.0000,0.0003,0,collision,
3287,91,-121.82,20.78,-163.11,0.0220,0.0096,0,collision,
3288,2,-200.32,1.04,2.51,0.0000,0.0000,0,collision,
3289,173,-187.79,9.91,406.81,0.0116,0.1382,0,collision,
3290,124,314.41,21.00,-183.13,0.0000,0.0000,1,goal,
3291,155,326.28,19.06,479.11,0.0000,0.0000,1,goal,
3292,139,316.46,18.34,527.01,0.0000,0.0000,1,goal,
3293,161,257.43,13.38,100.84,0.0000,0.0014,1,goal,
3294,241,326.22,11.86,755.18,0.0000,0.0000,1,goal,
3295,4,-203.23,0.23,0.44,0.5000,0.0000,0,collision,
3296,293,271.24,9.82,716.01,0.0000,0.0305,1,goal,
3297,264,269.86,9.30,1046.95,0.0000,0.0302,1,goal,
3298,213,291.92,10.56,528.14,0.0000,0.0117,1,goal,
3299,27,-183.53,10.05,121.76,0.0285,0.0815,0,collision,
3300,124,311.15,20.62,-208.09,0.0000,0.0036,1,goal,
3301,314,247.03,8.67,689.40,0.0000,0.0225,1,goal,
3302,123,318.12,23.45,-224.86,0.0000,0.0000,1,goal,
3303,218,-193.74,10.01,379.47,0.0000,0.0633,0,collision,
3304,152,341.74,19.83,76.80,0.0000,0.0008,1,goal,
3305,159,295.22,15.45,343.65,0.0000,0.0738,1,goal,
1071,51,-191.82,4.36,263.99,0.0392,0.0406,0,collision,
1072,230,236.78,11.77,105.64,0.0000,0.0692,1,goal,
1073,133,320.84,17.49,175.67,0.0000,0.0000,1,goal,
1074,179,281.20,14.29,305.05,0.0000,0.0640,1,goal,
1075,118,-108.27,17.67,69.12,0.0000,0.0272,0,collision,
1076,144,-110.43,10.67,671.38,0.0139,0.0065,0,collision,
1077,88,-112.97,23.95,-108.61,0.0000,0.0082,0,collision,
1078,113,318.30,24.87,-279.46,0.0000,0.0001,1,goal,
1079,154,315.51,16.99,95.12,0.0000,0.0000,1,goal,
1080,25,-182.89,15.88,37.44,0.0691,0.0669,0,collision,
3306,313,253.20,10.75,1037.49,0.0000,0.0049,1,goal,
3307,66,-238.98,4.59,118.73,0.0173,0.3852,0,collision,
3308,6,-204.91,0.69,3.79,0.3333,0.0000,0,collision,
3309,123,113.18,23.50,33.61,0.0000,0.0104,0,removed_unknown,
3310,110,114.54,25.06,-34.42,0.0003,0.0000,0,removed_unknown,
3311,51,-144.42,27.13,-49.56,0.0000,0.0119,0,collision,
3312,172,-186.52,9.51,369.86,0.0088,0.0197,0,collision,
3313,141,-101.65,14.46,560.03,0.0142,0.0000,0,collision,
3314,140,311.84,20.71,155.50,0.0000,0.0222,1,goal,
3315,74,284.46,32.98,-95.25,0.0000,0.0000,1,goal,
3316,151,323.45,18.63,31.93,0.0000,0.0232,1,goal,
3317,114,280.05,22.37,3.37,0.0000,0.0448,1,goal,
3318,112,-331.98,1.01,119.36,0.0179,0.4599,0,collision,
3319,321,124.66,7.50,842.02,0.0000,0.0110,1,goal,
3320,7,-202.45,1.35,10.37,0.0000,0.0000,0,collision,
3321,170,-165.37,8.96,454.24,0.0062,0.0287,0,collision,
3322,91,294.98,24.88,-250.09,0.0000,0.0069,1,goal,
3323,158,316.12,15.66,363.59,0.0000,0.0040,1,goal,
3324,78,288.80,29.37,-170.87,0.0000,0.0000,1,goal,
3325,87,-126.84,23.63,-214.87,0.0002,0.0000,0,collision,
3326,159,-86.56,16.62,148.50,0.0126,0.0053,0,collision,
3327,40,-163.04,25.52,95.78,0.0236,0.0143,0,collision,
3328,2,-200.32,1.04,2.51,0.0000,0.0000,0,collision,
3329,217,297.03,12.26,224.04,0.0000,0.0149,1,goal,
3330,97,284.26,25.11,139.01,0.0000,0.0186,1,goal,
3331,153,-160.16,10.38,255.92,0.0131,0.0109,0,collision,
3332,214,278.24,11.94,346.10,0.0000,0.0055,1,goal,
3333,22,-187.65,10.16,129.58,0.0000,0.1151,0,collision,
3334,16,-194.70,7.39,125.45,0.0000,0.0000,0,collision,
3335,140,113.32,19.59,80.43,0.0000,0.0235,0,removed_unknown,
3336,80,-183.78,9.70,273.53,0.0000,0.0988,0,collision,
3337,93,294.41,24.80,-203.96,0.0000,0.0000,1,goal,
3338,86,-116.80,22.23,73.63,0.0000,0.0131,0,collision,
3339,222,319.71,13.71,280.02,0.0000,0.0050,1,goal,
3340,39,-166.19,17.20,-55.70,0.0069,0.0000,0,collision,
3341,255,231.02,9.36,521.25,0.0000,0.0167,1,goal,
1081,106,313.03,25.61,-164.87,0.0000,0.0017,1,goal,
1082,250,257.50,10.00,542.41,0.0000,0.1224,1,goal,
1083,154,327.01,16.60,104.77,0.0000,0.0000,1,goal,
1084,113,-87.94,25.00,-71.30,0.0177,0.0064,0,collision,
1085,193,88.62,14.32,93.09,0.0000,0.0088,0,removed_unknown,
1086,155,304.09,14.60,487.92,0.0000,0.0000,1,goal,
1087,37,-167.25,21.30,-35.60,0.0541,0.0147,0,collision,
1088,294,289.27,9.70,879.15,0.0000,0.0177,1,goal,
1089,113,-124.90,18.11,3.91,0.0000,0.0155,0,collision,
1090,200,319.59,14.29,296.09,0.0000,0.0066,1,goal,
3342,54,-191.30,14.52,69.92,0.0000,0.0642,0,collision,
3343,191,-158.34,12.17,251.90,0.0000,0.0927,0,collision,
3344,99,289.76,21.55,75.57,0.0000,0.0000,1,goal,
3345,101,306.12,25.85,-183.09,0.0000,0.0000,1,goal,
3346,136,308.11,18.60,282.24,0.0000,0.0000,1,goal,
3347,284,213.69,9.84,436.76,0.0000,0.0122,1,goal,
3348,229,193.92,10.70,84.73,0.0000,0.0130,1,goal,
3349,237,206.30,11.31,-51.41,0.0000,0.0815,1,goal,
3350,214,314.91,13.28,329.98,0.0000,0.0181,1,goal,
3351,181,90.37,15.59,-15.79,0.0000,0.0000,0,removed_unknown,
3352,243,-87.57,10.83,763.92,0.0082,0.0000,0,collision,
3353,307,170.20,7.85,611.33,0.0000,0.1401,1,goal,
3354,117,-147.33,10.06,418.61,0.0171,0.0868,0,collision,
3355,182,289.58,15.65,204.07,0.0000,0.0169,1,goal,
3356,271,-158.31,8.61,867.01,0.0074,0.0443,0,collision,
3357,88,-154.12,9.36,549.13,0.0000,0.0306,0,collision,
3358,219,-76.73,12.96,346.41,0.0000,0.0061,0,collision,
3359,128,-163.87,10.11,201.95,0.0000,0.0363,0,collision,
3360,95,308.23,30.86,-96.22,0.0000,0.0071,1,goal,
3361,126,307.57,18.81,-234.50,0.0000,0.0037,1,goal,
3362,310,195.42,8.24,730.00,0.0000,0.1015,1,goal,
3363,65,-144.18,19.88,-55.46,0.0000,0.0259,0,collision,
3364,75,-201.39,5.38,303.08,0.0000,0.0154,0,collision,
1091,71,-187.25,9.76,202.89,0.0282,0.0226,0,collision,
1092,96,-109.52,23.24,-256.15,0.0208,0.0000,0,collision,
1093,96,-125.81,16.08,114.58,0.0000,0.0161,0,collision,
1094,2,-200.32,1.04,2.51,0.0000,0.0000,0,collision,
1095,183,-138.82,11.23,328.12,0.0000,0.0000,0,collision,
1096,122,314.74,23.65,24.79,0.0000,0.0429,1,goal,
1097,172,-254.13,4.91,224.07,0.0000,0.0176,0,collision,
1098,367,-290.51,6.01,798.50,0.0054,0.2047,0,collision,
1099,100,-119.51,15.02,322.20,0.0000,0.0140,0,collision,
1100,233,-190.77,9.45,337.25,0.0086,0.1122,0,collision,
3365,187,-92.14,13.98,244.85,0.0000,0.0000,0,collision,
3366,37,-185.53,7.88,219.26,0.0541,0.0000,0,collision,
3367,46,-160.88,19.62,96.23,0.0000,0.0000,0,collision,
3368,222,229.39,10.89,221.58,0.0000,0.0127,1,goal,
3369,34,-169.50,19.99,24.81,0.0000,0.0322,0,collision,
3370,77,-131.14,18.47,99.27,0.0260,0.0000,0,collision,
3371,240,279.60,9.98,967.62,0.0000,0.0033,1,goal,
3372,163,281.49,14.97,479.75,0.0000,0.0000,1,goal,
3373,167,-182.21,7.93,508.39,0.0120,0.0259,0,collision,
3374,117,318.59,23.63,-282.48,0.0000,0.0000,1,goal,
3375,114,309.86,22.55,-11.10,0.0000,0.0000,1,goal,
3376,285,192.08,8.20,584.75,0.0000,0.0255,1,goal,
3377,269,305.70,8.93,1138.30,0.0000,0.0117,1,goal,
3378,166,321.73,14.39,250.02,0.0000,0.0000,1,goal,
3379,81,285.07,30.48,-99.30,0.0000,0.0000,1,goal,
3380,280,255.74,8.10,775.18,0.0000,0.0053,1,goal,
3381,162,-243.66,9.03,205.00,0.0123,0.1725,0,collision,
3382,88,295.52,27.09,-164.65,0.0000,0.0000,1,goal,
3383,186,191.18,10.20,271.32,0.0000,0.0153,1,goal,
3384,236,276.54,12.82,-87.54,0.0000,0.0786,1,goal,
3385,214,249.59,11.56,392.11,0.0000,0.0083,1,goal,
3386,185,-105.38,14.08,118.11,0.0108,0.0106,0,collision,
3387,214,267.76,10.93,440.28,0.0000,0.0502,1,goal,
3388,99,305.36,26.13,-295.13,0.0000,0.0005,1,goal,
3389,190,255.31,12.04,268.46,0.0000,0.0000,1,goal,
1101,283,191.15,10.29,154.78,0.0000,0.1744,1,goal,
1102,30,-172.31,22.28,0.45,0.0000,0.0361,0,collision,
1103,130,-133.33,13.78,120.82,0.0000,0.0251,0,collision,
1104,271,299.35,10.48,780.75,0.0000,0.0662,1,goal,
1105,223,210.35,10.51,406.82,0.0000,0.2360,1,goal,
1106,118,308.38,19.81,-128.94,0.0000,0.0283,1,goal,
1107,203,-170.00,10.12,337.87,0.0045,0.0501,0,collision,
1108,117,281.15,18.71,185.11,0.0000,0.0369,1,goal,
1109,284,206.24,8.19,847.40,0.0000,0.0379,1,goal,
1110,214,-79.38,12.57,686.05,0.0093,0.0049,0,collision,
3390,327,-332.24,9.53,335.89,0.0000,0.0894,0,collision,
3391,277,181.10,9.57,314.54,0.0000,0.1120,1,goal,
3392,174,318.66,16.64,24.71,0.0000,0.0035,1,goal,
3393,200,266.70,11.97,328.10,0.0000,0.0175,1,goal,
3394,250,253.26,11.91,606.50,0.0000,0.1316,1,goal,
3395,143,-188.40,11.24,244.92,0.0140,0.0192,0,collision,
3396,51,-153.95,21.58,-75.86,0.0392,0.0254,0,collision,
3397,195,212.24,14.14,48.00,0.0000,0.0000,1,goal,
3398,182,-182.39,9.24,250.56,0.0000,0.0657,0,collision,
3399,309,264.32,7.90,1316.27,0.0000,0.0762,1,goal,
3400,304,-278.75,6.92,640.57,0.0066,0.1617,0,collision,
3401,47,-172.29,14.13,10.28,0.0000,0.0494,0,collision,
3402,78,295.05,32.07,-40.48,0.0000,0.0000,1,goal,
3403,186,-175.67,10.83,274.20,0.0000,0.0277,0,collision,
3404,180,338.96,16.43,304.97,0.0000,0.0000,1,goal,
3405,157,-90.02,17.21,7.38,0.0127,0.0596,0,collision,
3406,230,-164.01,11.42,130.21,0.0000,0.0604,0,collision,
3407,60,-138.94,23.94,-81.18,0.0000,0.0218,0,collision,
3408,146,295.18,16.67,65.95,0.0000,0.0360,1,goal,
3409,230,255.84,11.99,414.44,0.0000,0.0103,1,goal,
3410,103,-104.13,21.02,15.70,0.0194,0.0000,0,collision,
3411,45,-166.44,12.99,156.25,0.0298,0.0000,0,collision,
3412,124,-81.21,23.09,-309.53,0.0000,0.0050,0,collision,
3413,179,302.93,16.98,-63.92,0.0000,0.0124,1,goal,
3414,106,-129.37,12.03,359.28,0.0000,0.0099,0,collision,
1111,50,-164.33,12.43,223.11,0.0084,0.0000,0,collision,
1112,29,-187.52,4.89,155.58,0.0000,0.0000,0,collision,
1113,152,234.84,14.94,219.16,0.0000,0.1263,1,goal,
1114,146,-114.50,14.82,194.11,0.0062,0.0060,0,collision,
1115,85,-117.53,24.89,-272.80,0.0235,0.0540,0,collision,
1116,3,-199.63,2.08,9.94,0.0000,0.0000,0,collision,
1117,177,322.21,15.56,123.92,0.0000,0.0055,1,goal,
1118,131,314.56,20.32,315.71,0.0000,0.0000,1,goal,
1119,203,250.69,11.02,275.63,0.0000,0.1023,1,goal,
1120,128,-104.85,16.54,187.66,0.0156,0.0252,0,collision,
3415,174,-37.56,14.75,111.77,0.0000,0.0164,0,removed_unknown,
3416,233,-207.04,8.56,161.85,0.0086,0.1185,0,collision,
3417,124,314.10,19.43,158.12,0.0000,0.0000,1,goal,
3418,101,-103.69,22.19,-109.68,0.0000,0.0177,0,collision,
3419,54,-164.00,9.97,371.87,0.0000,0.0493,0,collision,
3420,145,273.05,16.95,-23.68,0.0000,0.0000,1,goal,
3421,175,309.59,15.92,297.93,0.0000,0.0131,1,goal,
3422,167,302.61,13.27,580.67,0.0000,0.0000,1,goal,
3423,3,-199.63,2.08,9.94,0.6667,0.0000,0,collision,
3424,267,315.49,9.75,1121.08,0.0000,0.0077,1,goal,
3425,147,-178.57,7.82,609.76,0.0127,0.0884,0,collision,
3426,149,-164.95,12.66,-5.32,0.0081,0.0619,0,collision,
3427,136,303.02,16.43,233.04,0.0000,0.0089,1,goal,
3428,160,265.34,14.33,114.51,0.0000,0.0217,1,goal,
3429,87,88.57,26.26,95.19,0.0230,0.0000,0,removed_unknown,
3430,106,291.11,22.04,84.60,0.0000,0.0103,1,goal,
3431,79,-157.43,8.43,510.87,0.0000,0.0000,0,collision,
3432,173,-141.76,11.85,272.41,0.0000,0.0166,0,collision,
3433,34,-172.10,17.84,8.13,0.0588,0.0458,0,collision,
3434,256,252.50,11.07,480.15,0.0000,0.1307,1,goal,
3435,236,283.29,12.10,337.77,0.0000,0.0141,1,goal,
3436,207,248.62,10.25,439.82,0.0000,0.0170,1,goal,
3437,170,321.58,13.31,359.76,0.0000,0.0000,1,goal,
3438,181,319.54,15.69,67.31,0.0000,0.0241,1,goal,
3439,159,-190.30,12.37,197.37,0.0126,0.1176,0,collision,
3440,147,330.01,19.61,-103.78,0.0000,0.0044,1,goal,
1121,279,192.88,8.72,680.62,0.0000,0.0597,1,goal,
1122,114,310.52,22.00,-146.63,0.0000,0.0000,1,goal,
1123,151,-91.47,19.29,-98.54,0.0000,0.0060,0,collision,
1124,263,311.51,10.63,755.29,0.0000,0.0232,1,goal,
1125,173,318.01,15.69,318.03,0.0000,0.0044,1,goal,
1126,104,-123.72,14.35,266.94,0.0000,0.0096,0,collision,
1127,3,-199.63,2.08,9.94,0.0000,0.0000,0,collision,
1128,224,328.19,12.17,485.49,0.0000,0.0038,1,goal,
1129,65,-137.01,24.17,-121.48,0.0000,0.0234,0,collision,
1130,187,327.32,14.80,410.67,0.0000,0.0000,1,goal,
3441,368,-207.29,8.96,790.62,0.0021,0.0193,0,collision,
3442,178,-141.59,9.03,533.82,0.0085,0.0000,0,collision,
3443,137,-192.35,13.44,-236.56,0.0146,0.2820,0,collision,
3444,254,308.36,11.45,589.70,0.0000,0.0181,1,goal,
3445,103,294.82,23.50,68.74,0.0000,0.0000,1,goal,
3446,205,312.70,12.92,339.66,0.0000,0.0000,1,goal,
3447,127,322.22,21.93,-211.52,0.0000,0.0071,1,goal,
3448,126,291.51,17.68,223.08,0.0000,0.0000,1,goal,
3449,131,-85.56,18.72,-0.24,0.0153,0.0064,0,collision,
3450,58,-182.23,13.43,-16.26,0.0345,0.0740,0,collision,
3451,176,265.69,13.21,177.20,0.0000,0.0046,1,goal,
3452,198,-177.16,11.28,546.60,0.0101,0.0022,0,collision,
3453,237,304.03,10.55,849.93,0.0000,0.0163,1,goal,
3454,185,262.50,12.12,387.56,0.0000,0.0054,1,goal,
3455,31,-174.14,21.96,-11.00,0.0000,0.1135,0,collision,
3456,175,-116.98,11.88,454.44,0.0099,0.0000,0,collision,
3457,164,-202.16,7.07,419.25,0.0067,0.0168,0,collision,
3458,318,167.12,8.09,534.17,0.0000,0.0635,1,goal,
3459,152,311.86,18.17,-31.26,0.0000,0.0209,1,goal,
3460,120,296.63,19.05,-122.29,0.0000,0.0000,1,goal,
3461,106,-92.99,25.27,-259.80,0.0000,0.0224,0,collision,
3462,5,-200.64,2.49,22.53,0.0000,0.0000,0,collision,
3463,303,243.84,7.43,682.52,0.0000,0.0027,1,goal,
3464,301,142.42,7.88,523.24,0.0000,0.0622,1,goal,
3465,150,323.39,19.02,-169.77,0.0000,0.0000,1,goal,
1131,300,286.52,10.57,688.02,0.0000,0.0102,1,goal,
1132,184,277.98,8.53,811.75,0.0000,0.0039,1,goal,
1133,71,-171.82,6.79,530.63,0.0000,0.0000,0,collision,
1134,179,303.67,12.53,382.24,0.0000,0.0031,1,goal,
1135,210,294.40,13.96,80.84,0.0000,0.0000,1,goal,
1136,183,-170.06,7.69,432.30,0.0109,0.0000,0,collision,
1137,218,292.41,12.20,388.86,0.0000,0.0000,1,goal,
1138,221,-128.84,8.10,939.66,0.0000,0.0068,0,collision,
1139,97,306.46,28.06,-81.87,0.0000,0.0000,1,goal,
1140,228,323.87,12.90,186.05,0.0000,0.0102,1,goal,
3466,159,-264.20,9.69,359.57,0.0000,0.0168,0,collision,
3467,240,322.29,12.18,552.72,0.0000,0.0470,1,goal,
3468,87,-138.26,13.67,176.73,0.0230,0.0224,0,collision,
3469,124,-81.87,21.95,-192.38,0.0161,0.0000,0,collision,
3470,134,306.39,17.32,153.74,0.0000,0.0000,1,goal,
3471,41,-174.76,16.81,9.28,0.0000,0.0321,0,collision,
3472,245,355.23,11.97,898.21,0.0000,0.0000,1,goal,
3473,299,246.99,7.07,1218.70,0.0000,0.0606,1,goal,
3474,293,329.13,10.29,611.66,0.0000,0.0000,1,goal,
3475,254,-245.17,8.50,42.04,0.0079,0.1588,0,collision,
3476,1,-200.00,0.00,0.00,0.0000,0.0000,0,collision,
3477,86,-142.79,14.64,102.30,0.0000,0.0000,0,collision,
3478,165,324.87,15.21,276.67,0.0000,0.0015,1,goal,
3479,203,316.07,12.20,771.60,0.0000,0.0000,1,goal,
3480,230,328.01,12.33,552.97,0.0000,0.0000,1,goal,
3481,243,-101.25,7.98,1186.66,0.0000,0.0000,0,collision,
3482,36,-169.07,16.90,54.91,0.0556,0.0000,0,collision,
3483,177,318.60,13.13,277.79,0.0000,0.0000,1,goal,
3484,231,-157.42,8.13,844.55,0.0087,0.0085,0,collision,
3485,206,316.77,12.99,342.64,0.0000,0.0138,1,goal,
3486,178,-207.41,7.71,491.37,0.0000,0.1746,0,collision,
3487,366,256.53,8.80,983.24,0.0000,0.0384,1,goal,
1141,254,256.30,10.51,246.56,0.0000,0.0530,1,goal,
1142,168,300.38,13.57,293.09,0.0000,0.0070,1,goal,
1143,184,301.76,15.01,95.96,0.0000,0.0135,1,goal,
1144,226,257.40,10.77,476.67,0.0000,0.0000,1,goal,
1145,322,271.70,8.82,891.25,0.0000,0.0000,1,goal,
1146,104,287.57,21.91,-109.66,0.0000,0.0030,1,goal,
1147,79,-166.71,8.98,469.18,0.0000,0.0130,0,collision,
1148,52,-165.31,15.00,154.74,0.0385,0.0186,0,collision,
1149,70,-141.64,18.37,114.11,0.0000,0.0169,0,collision,
1150,146,-145.70,10.17,480.75,0.0000,0.0000,0,collision,
3488,280,-271.35,10.71,343.32,0.0000,0.0000,0,collision,
3489,262,334.97,10.65,808.66,0.0000,0.0000,1,goal,
3490,170,304.31,14.01,298.18,0.0000,0.0347,1,goal,
3491,273,201.84,8.29,509.63,0.0000,0.0126,1,goal,
3492,173,-248.32,6.26,406.61,0.0116,0.2473,0,collision,
3493,129,324.21,21.97,-59.98,0.0000,0.0000,1,goal,
3494,1,-200.00,0.00,0.00,0.0000,0.0000,0,collision,
3495,189,-128.05,9.81,545.15,0.0037,0.0041,0,collision,
3496,282,285.84,10.00,717.83,0.0000,0.0289,1,goal,
3497,182,316.58,12.43,397.41,0.0000,0.0000,1,goal,
3498,154,311.65,15.42,46.31,0.0000,0.0000,1,goal,
3499,2,-200.32,1.04,2.51,0.0000,0.0000,0,collision,
3500,152,306.20,15.51,356.79,0.0000,0.0000,1,goal,
3501,189,337.01,14.26,625.73,0.0000,0.0117,1,goal,
3502,134,-113.03,19.49,-31.51,0.0149,0.0090,0,collision,
3503,273,304.66,10.44,474.10,0.0000,0.0014,1,goal,
3504,130,-164.45,7.52,515.06,0.0000,0.0000,0,collision,
3505,195,308.64,10.97,635.00,0.0000,0.0036,1,goal,
3506,247,321.30,10.09,991.52,0.0000,0.0000,1,goal,
3507,119,321.02,23.88,-287.65,0.0000,0.0000,1,goal,
3508,182,270.29,12.04,600.72,0.0000,0.0161,1,goal,
3509,145,288.92,15.62,-278.83,0.0000,0.0000,1,goal,
3510,235,240.76,10.44,415.22,0.0000,0.0273,1,goal,
1151,196,-181.18,8.46,508.64,0.0102,0.0077,0,collision,
1152,329,250.28,8.61,774.38,0.0000,0.0000,1,goal,
1153,161,284.00,10.50,633.94,0.0000,0.0061,1,goal,
1154,106,292.13,21.93,60.65,0.0000,0.0000,1,goal,
1155,123,305.91,17.97,102.06,0.0000,0.0000,1,goal,
1156,110,-175.31,6.33,611.85,0.0182,0.0000,0,collision,
1157,197,300.33,12.54,415.13,0.0000,0.0095,1,goal,
1158,182,-134.17,7.91,988.04,0.0000,0.0028,0,collision,
1159,123,296.24,19.06,-173.98,0.0000,0.0000,1,goal,
1160,330,-101.34,8.09,1294.58,0.0029,0.0110,0,collision,
3511,160,-183.72,7.79,652.03,0.0000,0.0054,0,collision,
3512,237,328.61,12.79,71.56,0.0000,0.0000,1,goal,
3513,184,336.11,13.59,745.68,0.0000,0.0000,1,goal,
3514,52,-169.85,13.93,64.03,0.0130,0.0233,0,collision,
3515,23,-206.71,3.41,88.21,0.0870,0.0276,0,collision,
3516,347,191.98,6.96,728.12,0.0000,0.0079,1,goal,
3517,11,-200.76,2.73,41.69,0.1818,0.0000,0,collision,
3518,116,298.22,20.01,-81.68,0.0000,0.0375,1,goal,
3519,171,297.68,14.07,393.50,0.0000,0.0000,1,goal,
3520,279,191.45,10.20,143.14,0.0000,0.1191,1,goal,
3521,2,-200.86,0.00,0.10,1.0000,0.0975,0,collision,
3522,229,273.04,11.42,471.32,0.0000,0.0656,1,goal,
3523,133,318.09,19.22,-163.13,0.0000,0.0000,1,goal,
3524,325,260.78,7.51,917.96,0.0000,0.0000,1,goal,
3525,97,-111.75,23.80,-59.54,0.0000,0.0112,0,collision,
3526,343,254.35,7.88,1368.62,0.0000,0.0072,1,goal,
3527,173,-288.44,5.09,318.12,0.0116,0.2639,0,collision,
3528,217,-116.07,12.30,448.62,0.0000,0.0256,0,collision,
3529,80,-161.03,8.37,307.94,0.0000,0.0222,0,collision,
3530,153,-168.50,8.16,366.71,0.0131,0.0063,0,collision,
3531,3,-199.63,2.08,9.94,0.0000,0.0518,0,collision,
3532,141,335.53,21.69,-195.93,0.0000,0.0000,1,goal,
3533,79,-185.64,6.59,318.07,0.0178,0.0000,0,collision,
3534,5,-201.53,2.53,22.91,0.2317,0.5723,0,collision,
3535,162,-159.50,7.36,726.13,0.0000,0.0148,0,collision,
3536,341,297.63,8.12,1384.44,0.0000,0.0137,1,goal,
3537,124,-153.46,14.54,179.71,0.0000,0.0145,0,collision,
1161,225,315.99,12.32,372.36,0.0000,0.0575,1,goal,
1162,93,-196.70,4.76,505.58,0.0000,0.0857,0,collision,
1163,214,249.72,9.85,627.08,0.0000,0.0592,1,goal,
1164,288,-124.61,7.75,1300.50,0.0028,0.0042,0,collision,
1165,112,292.77,20.67,-105.51,0.0000,0.0000,1,goal,
1166,256,228.35,8.50,697.72,0.0000,0.0106,1,goal,
1167,222,-78.15,13.12,519.90,0.0000,0.0060,0,collision,
1168,164,-196.67,14.73,213.36,0.0000,0.2078,0,collision,
1169,30,-171.59,22.71,67.33,0.0042,0.0000,0,collision,
1170,5,-204.23,0.76,2.19,0.1761,0.0000,0,collision,
3538,29,-189.81,5.86,212.60,0.0000,0.0182,0,collision,
3539,145,331.57,20.80,-60.83,0.0000,0.0058,1,goal,
3540,318,-103.14,9.87,931.41,0.0000,0.0472,0,collision,
3541,109,-149.50,12.15,229.06,0.0183,0.1245,0,collision,
3542,55,-188.37,11.11,102.43,0.0364,0.0000,0,collision,
3543,4,-198.91,3.11,22.43,0.5000,0.0000,0,collision,
3544,2,-200.86,0.00,0.10,1.0000,0.0000,0,collision,
3545,41,-169.13,16.52,-28.25,0.0000,0.0704,0,collision,
3546,75,-263.68,3.75,165.09,0.0267,0.5307,0,collision,
3547,116,235.21,17.04,-24.54,0.0000,0.0106,1,goal,
3548,270,280.46,10.51,996.34,0.0000,0.0519,1,goal,
3549,233,234.63,9.22,447.11,0.0000,0.0092,1,goal,
3550,169,313.24,16.24,29.00,0.0000,0.0000,1,goal,
3551,194,308.36,15.80,-86.05,0.0000,0.0537,1,goal,
3552,123,-182.46,11.93,72.22,0.0163,0.0530,0,collision,
3553,242,319.67,10.50,822.70,0.0000,0.0152,1,goal,
3554,224,-144.52,9.38,807.88,0.0089,0.0076,0,collision,
3555,162,-102.44,13.99,346.56,0.0123,0.0363,0,collision,
3556,113,307.73,23.44,-80.03,0.0000,0.0493,1,goal,
3557,195,322.50,14.63,393.62,0.0000,0.0000,1,goal,
3558,112,-171.45,6.23,656.50,0.0000,0.0026,0,collision,
3559,145,305.12,16.68,335.63,0.0000,0.0000,1,goal,
3560,109,-152.06,9.91,276.16,0.0095,0.0000,0,collision,
3561,118,269.53,14.31,250.87,0.0000,0.0000,1,goal,
3562,46,-169.94,13.08,102.05,0.0435,0.0000,0,collision,
3563,205,263.90,13.21,260.13,0.0000,0.0500,1,goal,
3564,249,245.13,9.80,806.18,0.0000,0.0995,1,goal,
3565,6,-205.74,0.75,4.96,0.3333,0.0000,0,collision,
3566,1,-200.00,0.00,0.00,0.0000,0.0000,0,collision,
3567,232,-103.82,12.63,131.40,0.0000,0.0108,0,collision,
1171,127,289.24,18.38,-67.33,0.0000,0.0008,1,goal,
1172,255,-99.97,8.13,1244.11,0.0000,0.0186,0,collision,
1173,92,-277.10,3.25,111.83,0.0217,0.3846,0,collision,
1174,2,-200.32,1.04,2.51,1.0000,0.0000,0,collision,
1175,174,299.87,12.97,360.36,0.0000,0.0067,1,goal,
1176,124,322.69,22.35,31.54,0.0000,0.0000,1,goal,
1177,276,322.15,10.29,792.85,0.0000,0.0000,1,goal,
1178,114,305.13,20.46,153.27,0.0000,0.0000,1,goal,
1179,245,256.07,9.48,358.96,0.0000,0.0040,1,goal,
1180,190,307.82,13.87,329.44,0.0000,0.0398,1,goal,
3568,248,-214.33,9.86,395.13,0.0000,0.0000,0,collision,
3569,262,-134.93,10.40,918.26,0.0076,0.1192,0,collision,
3570,139,311.76,18.59,5.02,0.0000,0.0178,1,goal,
3571,195,281.77,14.14,215.88,0.0000,0.0423,1,goal,
3572,174,-113.90,11.12,545.13,0.0115,0.0058,0,collision,
3573,86,-129.28,21.48,-157.13,0.0011,0.0095,0,collision,
3574,47,-158.97,21.32,5.23,0.0000,0.0474,0,collision,
3575,93,-134.25,18.32,-45.25,0.0215,0.0259,0,collision,
3576,54,-175.47,10.69,197.99,0.0000,0.0618,0,collision,
3577,254,294.64,9.64,1078.15,0.0000,0.0109,1,goal,
3578,2,-200.86,0.00,0.10,1.0000,0.0000,0,collision,
3579,176,327.42,15.70,116.82,0.0000,0.0000,1,goal,
3580,194,283.76,11.97,202.86,0.0000,0.0000,1,goal,
3581,98,-131.20,15.85,-45.81,0.0000,0.0342,0,collision,
3582,361,215.38,7.14,1201.88,0.0000,0.0019,1,goal,
3583,89,297.32,27.78,-59.73,0.0000,0.0000,1,goal,
3584,186,313.83,12.48,394.33,0.0000,0.0294,1,goal,
3585,116,301.48,21.52,-206.49,0.0000,0.0026,1,goal,
3586,189,282.08,13.22,365.81,0.0000,0.0000,1,goal,
3587,106,-155.20,10.10,368.32,0.0000,0.0860,0,collision,
3588,278,276.52,9.02,1179.13,0.0000,0.1034,1,goal,
3589,216,334.57,12.31,429.50,0.0000,0.0000,1,goal,
3590,209,287.78,14.01,102.62,0.0000,0.0677,1,goal,
3591,198,340.83,14.38,394.04,0.0000,0.0000,1,goal,
1181,307,-295.05,5.16,563.68,0.0065,0.0195,0,collision,
1182,161,-264.59,6.36,274.55,0.0124,0.2907,0,collision,
1183,155,-103.49,16.15,141.27,0.0000,0.0291,0,collision,
1184,143,-88.77,16.62,150.82,0.0000,0.0061,0,collision,
1185,2,-200.34,0.54,0.76,0.7596,0.0000,0,collision,
1186,312,254.47,8.75,1129.98,0.0000,0.0790,1,goal,
1187,91,-178.09,9.62,289.44,0.0096,0.0551,0,collision,
1188,199,337.24,13.70,489.37,0.0000,0.0202,1,goal,
1189,59,-149.87,17.49,347.35,0.0159,0.0000,0,collision,
1190,150,316.90,19.32,-119.63,0.0000,0.0000,1,goal,
3592,267,-187.62,12.10,344.24,0.0075,0.0274,0,collision,
3593,119,307.72,18.98,-127.16,0.0000,0.0000,1,goal,
3594,123,295.11,20.34,-181.47,0.0000,0.0000,1,goal,
3595,194,228.83,11.57,-33.84,0.0000,0.0222,1,goal,
3596,107,301.39,23.25,-116.61,0.0000,0.0000,1,goal,
3597,137,285.58,16.16,-44.38,0.0000,0.0116,1,goal,
3598,112,-244.89,7.70,120.10,0.0179,0.0633,0,collision,
3599,69,-191.04,6.91,195.23,0.0000,0.0362,0,collision,
3600,240,342.68,12.40,608.31,0.0000,0.0220,1,goal,
3601,1,-200.00,0.00,0.00,0.0000,0.0000,0,collision,
3602,191,344.89,14.87,295.81,0.0000,0.0000,1,goal,
3603,183,313.42,12.81,323.88,0.0000,0.0351,1,goal,
3604,114,-135.53,13.07,331.33,0.0175,0.0038,0,collision,
3605,178,-105.24,13.04,311.39,0.0000,0.0061,0,collision,
3606,147,302.82,17.35,316.98,0.0000,0.0000,1,goal,
3607,44,-168.80,15.62,178.58,0.0455,0.0000,0,collision,
3608,251,234.26,8.55,670.51,0.0000,0.0721,1,goal,
3609,145,-107.56,15.44,5.62,0.0000,0.0371,0,collision,
3610,155,-132.11,14.25,401.19,0.0000,0.0020,0,collision,
3611,84,-128.33,17.62,61.55,0.0238,0.0000,0,collision,
3612,35,-194.67,6.76,107.90,0.0000,0.1321,0,collision,
3613,38,-170.17,16.95,62.44,0.0526,0.0244,0,collision,
3614,121,-129.24,12.25,186.95,0.0000,0.0448,0,collision,
3615,214,282.90,11.88,738.62,0.0000,0.0498,1,goal,
3616,79,89.98,29.30,-66.34,0.0000,0.0000,0,removed_unknown,
3617,195,296.19,12.22,525.26,0.0000,0.0328,1,goal,
3618,1,-200.00,0.00,0.00,0.0000,0.0000,0,collision,
3619,150,-131.57,14.58,122.14,0.0000,0.0523,0,collision,
3620,363,249.44,7.45,1631.00,0.0000,0.0381,1,goal,
3621,199,271.02,12.40,308.27,0.0000,0.0000,1,goal,
1191,2,-201.66,0.00,0.10,0.0000,0.0000,0,collision,
1192,182,281.19,15.11,-34.11,0.0000,0.0000,1,goal,
1193,1,-200.00,0.00,0.00,0.0000,0.0000,0,collision,
1194,84,-147.44,13.11,152.61,0.0238,0.0108,0,collision,
1195,139,324.50,21.22,-127.26,0.0000,0.0000,1,goal,
1196,176,-87.86,15.99,241.64,0.0114,0.0204,0,collision,
1197,7,-207.67,0.59,3.89,0.0000,0.0000,0,collision,
1198,51,-184.83,14.02,92.60,0.0392,0.0108,0,collision,
1199,251,210.53,11.10,69.43,0.0000,0.0117,1,goal,
1200,239,286.45,9.72,828.51,0.0000,0.0079,1,goal,
3622,223,35.59,15.31,214.40,0.0090,0.0065,0,removed_unknown,
3623,267,185.10,8.58,419.97,0.0000,0.1128,1,goal,
3624,222,265.84,11.55,603.84,0.0000,0.0553,1,goal,
3625,88,-128.84,15.62,40.29,0.0227,0.0089,0,collision,
3626,19,-188.52,7.35,177.14,0.1053,0.0342,0,collision,
3627,50,-201.92,7.24,101.82,0.0400,0.0955,0,collision,
3628,86,-157.94,17.78,50.96,0.0233,0.0227,0,collision,
3629,213,195.98,10.68,232.98,0.0000,0.0000,1,goal,
3630,204,269.00,11.81,120.47,0.0000,0.0053,1,goal,
3631,109,315.55,26.03,-292.86,0.0000,0.0000,1,goal,
3632,396,144.65,7.25,721.90,0.0000,0.0574,1,goal,
3633,265,270.82,9.93,425.03,0.0000,0.0609,1,goal,
3634,2,-200.32,1.04,2.51,0.2418,0.0000,0,collision,
3635,89,-158.07,10.15,198.93,0.0000,0.0108,0,collision,
3636,229,261.63,11.47,442.71,0.0000,0.0050,1,goal,
3637,191,256.03,11.80,39.56,0.0000,0.0207,1,goal,
3638,255,306.36,9.85,1051.49,0.0000,0.0004,1,goal,
3639,216,325.13,12.96,599.38,0.0000,0.0051,1,goal,
3640,172,-123.69,11.89,360.36,0.0000,0.0333,0,collision,
3641,137,306.99,16.86,-76.31,0.0000,0.0049,1,goal,
3642,105,-221.64,6.46,134.17,0.0190,0.2502,0,collision,
3643,142,310.81,18.66,-56.96,0.0000,0.0000,1,goal,
3644,175,312.12,13.02,473.80,0.0000,0.0017,1,goal,
1201,160,-136.58,10.29,377.08,0.0103,0.0201,0,collision,
1202,39,-201.48,3.71,157.26,0.0513,0.0000,0,collision,
1203,39,-173.33,14.37,2.57,0.0513,0.0527,0,collision,
1204,194,287.73,12.37,239.68,0.0000,0.0011,1,goal,
1205,204,309.51,11.55,360.80,0.0000,0.0221,1,goal,
1206,193,287.23,12.89,423.34,0.0000,0.0014,1,goal,
1207,40,-169.33,15.47,-8.10,0.0000,0.0688,0,collision,
1208,120,307.53,19.38,-203.80,0.0000,0.0073,1,goal,
1209,349,210.91,8.34,832.10,0.0000,0.0405,1,goal,
1210,162,-170.31,10.39,159.05,0.0000,0.0675,0,collision,
3645,317,-171.67,9.52,507.06,0.0063,0.0676,0,collision,
3646,135,304.53,17.29,42.90,0.0000,0.0000,1,goal,
3647,343,234.77,7.96,1109.24,0.0000,0.0259,1,goal,
3648,2,-200.86,0.00,0.10,1.0000,0.0000,0,collision,
3649,184,287.22,15.04,12.02,0.0000,0.0025,1,goal,
3650,81,289.31,28.57,-9.42,0.0000,0.0000,1,goal,
3651,160,-93.54,13.54,533.09,0.0000,0.0000,0,collision,
3652,126,314.57,20.35,85.48,0.0000,0.0000,1,goal,
3653,227,272.19,11.38,552.74,0.0000,0.0994,1,goal,
3654,172,265.66,15.01,97.81,0.0000,0.0707,1,goal,
3655,197,220.76,7.92,620.04,0.0000,0.0000,1,goal,
3656,143,-84.37,17.90,123.34,0.0000,0.0045,0,collision,
3657,221,245.76,11.99,397.00,0.0000,0.1104,1,goal,
3658,178,240.85,13.04,78.99,0.0000,0.0252,1,goal,
3659,213,225.07,11.54,361.90,0.0000,0.0000,1,goal,
3660,62,-155.94,15.49,-9.45,0.0323,0.0231,0,collision,
3661,295,288.44,8.45,1170.06,0.0000,0.0018,1,goal,
3662,300,327.19,9.89,841.45,0.0000,0.0000,1,goal,
3663,168,324.80,17.49,186.09,0.0000,0.0033,1,goal,
3664,45,-163.03,23.30,16.19,0.0444,0.0247,0,collision,
3665,187,307.15,15.02,101.47,0.0000,0.0314,1,goal,
3666,73,-138.16,19.30,-213.16,0.0000,0.0272,0,collision,
3667,9,-199.92,4.84,92.21,0.2222,0.0000,0,collision,
3668,251,298.57,9.82,743.58,0.0000,0.0000,1,goal,
3669,61,-155.23,12.14,220.29,0.0328,0.0000,0,collision,
3670,172,331.26,13.51,532.91,0.0000,0.0052,1,goal,
1211,166,232.64,14.50,176.10,0.0000,0.0062,1,goal,
1212,63,-158.11,13.99,294.58,0.0317,0.0000,0,collision,
1213,229,-232.17,9.69,333.72,0.0000,0.0199,0,collision,
1214,2,-200.32,1.04,2.51,0.0000,0.0000,0,collision,
1215,233,210.84,10.62,321.04,0.0000,0.0964,1,goal,
1216,169,328.00,15.26,272.82,0.0000,0.0000,1,goal,
1217,159,307.37,16.91,281.64,0.0000,0.0574,1,goal,
1218,100,-155.94,9.83,499.72,0.0000,0.0310,0,collision,
1219,220,220.47,11.64,-17.67,0.0000,0.0009,1,goal,
1220,160,336.58,16.71,75.04,0.0000,0.0000,1,goal,
3671,107,-154.66,15.59,176.26,0.0000,0.0126,0,collision,
3672,279,310.52,9.34,1252.53,0.0000,0.0506,1,goal,
3673,50,-171.58,13.74,54.49,0.0000,0.0292,0,collision,
3674,125,-143.77,17.35,-128.43,0.0090,0.1577,0,collision,
3675,68,-151.49,17.12,-46.30,0.0000,0.0659,0,collision,
3676,59,-162.65,11.71,182.89,0.0339,0.0000,0,collision,
3677,140,-134.72,14.07,188.12,0.0000,0.0194,0,collision,
3678,220,228.60,12.09,301.26,0.0000,0.0319,1,goal,
3679,19,-191.31,5.27,121.77,0.1053,0.0030,0,collision,
3680,122,-154.44,13.77,7.34,0.0000,0.0138,0,collision,
3681,151,276.81,17.39,174.49,0.0000,0.0000,1,goal,
3682,289,282.11,8.62,985.43,0.0000,0.0226,1,goal,
3683,27,-193.84,7.19,153.18,0.0004,0.0000,0,collision,
3684,256,258.35,8.96,905.16,0.0000,0.0791,1,goal,
3685,127,306.51,17.76,8.79,0.0000,0.0000,1,goal,
3686,237,312.30,11.62,375.92,0.0000,0.0131,1,goal,
3687,274,-263.52,7.95,113.21,0.0073,0.0182,0,collision,
3688,41,-192.66,8.37,112.37,0.0488,0.1877,0,collision,
3689,129,-130.65,10.61,503.43,0.0155,0.0352,0,collision,
3690,18,-198.43,4.53,93.18,0.0000,0.1556,0,collision,
3691,321,260.75,7.32,1083.59,0.0000,0.0558,1,goal,
3692,151,-171.79,9.57,160.22,0.0132,0.0000,0,collision,
3693,123,303.50,20.57,242.80,0.0000,0.0000,1,goal,
3694,112,-224.70,3.77,355.00,0.0179,0.0000,0,collision,
3695,283,216.82,9.91,402.99,0.0000,0.0271,1,goal,
3696,169,275.87,13.33,162.58,0.0000,0.0834,1,goal,
3697,156,-97.14,13.68,399.73,0.0128,0.0000,0,collision,
1221,244,-165.62,9.54,498.80,0.0082,0.0424,0,collision,
1222,4,-199.35,2.39,16.03,0.0000,0.0000,0,collision,
1223,335,248.60,8.41,1301.93,0.0000,0.0062,1,goal,
1224,3,-201.26,1.08,4.18,0.6667,0.0000,0,collision,
1225,248,-157.11,9.39,749.48,0.0081,0.0615,0,collision,
1226,150,325.28,19.64,-120.05,0.0000,0.0000,1,goal,
1227,39,-175.49,18.38,119.28,0.0000,0.0000,0,collision,
1228,147,258.24,19.56,39.40,0.0000,0.0000,1,goal,
1229,138,-117.08,15.49,121.87,0.0000,0.0096,0,collision,
1230,202,-110.00,14.51,-42.58,0.0099,0.0987,0,collision,
3698,253,269.06,10.14,509.23,0.0000,0.0025,1,goal,
3699,198,192.99,11.27,49.74,0.0000,0.0119,1,goal,
3700,216,-250.18,7.20,434.75,0.0093,0.2344,0,collision,
3701,84,-166.95,11.94,85.96,0.0139,0.0531,0,collision,
3702,72,-205.45,3.33,275.30,0.0000,0.0340,0,collision,
3703,115,-101.56,20.35,190.28,0.0000,0.0086,0,collision,
3704,114,-133.21,14.87,350.55,0.0000,0.0504,0,collision,
3705,278,-157.20,7.82,894.76,0.0072,0.0151,0,collision,
3706,323,189.42,8.31,715.51,0.0000,0.0286,1,goal,
3707,117,306.94,19.95,-218.21,0.0000,0.0000,1,goal,
3708,206,326.82,11.98,603.50,0.0000,0.0000,1,goal,
3709,251,-161.38,8.18,710.96,0.0000,0.0114,0,collision,
3710,63,-150.03,13.69,78.48,0.0317,0.0000,0,collision,
3711,4,-204.06,0.52,1.94,0.0789,0.0719,0,collision,
3712,215,-279.60,5.53,796.78,0.0093,0.3324,0,collision,
3713,54,-162.67,18.70,-52.23,0.0000,0.0390,0,collision,
3714,199,195.55,11.44,2.57,0.0000,0.0047,1,goal,
3715,252,-203.39,8.70,295.34,0.0000,0.0000,0,collision,
3716,47,-179.82,7.55,240.60,0.0426,0.0000,0,collision,
3717,172,332.84,14.40,243.04,0.0000,0.0058,1,goal,
3718,107,-130.35,14.90,-63.83,0.0000,0.0453,0,collision,
3719,203,312.00,13.71,674.66,0.0000,0.0000,1,goal,
3720,10,-200.31,3.34,35.77,0.2000,0.0000,0,collision,
3721,62,-184.47,8.35,155.35,0.0323,0.0157,0,collision,
3722,141,304.68,16.61,45.70,0.0000,0.0553,1,goal,
3723,275,190.51,6.85,702.52,0.0000,0.0680,1,goal,
3724,153,308.65,15.25,186.79,0.0000,0.0032,1,goal,
3725,2,-200.86,0.00,0.10,1.0000,0.0000,0,collision,
1231,205,-134.82,10.56,365.89,0.0015,0.0000,0,collision,
1232,228,269.72,10.86,356.54,0.0000,0.0010,1,goal,
1233,116,308.83,19.56,-136.53,0.0000,0.0000,1,goal,
1234,256,274.18,10.71,785.89,0.0000,0.0000,1,goal,
1235,155,334.86,18.59,-176.76,0.0000,0.0000,1,goal,
1236,194,331.92,14.20,522.99,0.0000,0.0000,1,goal,
1237,292,232.96,9.15,556.39,0.0000,0.0191,1,goal,
1238,262,224.85,9.25,546.72,0.0000,0.0217,1,goal,
1239,2,-200.32,1.04,2.51,0.0000,0.0000,0,collision,
1240,156,325.03,17.75,318.12,0.0000,0.0045,1,goal,
3726,158,-385.06,2.45,288.41,0.0000,0.0000,0,collision,
3727,224,240.57,10.40,563.99,0.0000,0.0655,1,goal,
3728,180,-154.63,12.40,212.07,0.0111,0.0035,0,collision,
3729,187,253.73,9.90,487.68,0.0000,0.0176,1,goal,
3730,43,-167.93,13.70,28.46,0.0000,0.0244,0,collision,
3731,236,299.07,12.43,324.03,0.0000,0.0011,1,goal,
3732,112,295.00,20.34,-106.27,0.0000,0.0075,1,goal,
3733,181,-164.18,9.65,156.37,0.0000,0.0205,0,collision,
3734,165,321.17,16.67,306.24,0.0000,0.0024,1,goal,
3735,19,-211.42,1.89,47.85,0.0000,0.0605,0,collision,
3736,109,299.86,22.08,64.09,0.0000,0.0000,1,goal,
3737,59,-168.45,14.19,110.20,0.0000,0.0151,0,collision,
3738,320,184.55,8.86,149.58,0.0000,0.0461,1,goal,
3739,75,-209.35,8.45,186.21,0.0267,0.3126,0,collision,
3740,316,322.05,9.62,1191.64,0.0000,0.0000,1,goal,
3741,64,-232.64,4.16,267.74,0.0312,0.3433,0,collision,
3742,133,-110.54,11.79,416.71,0.0150,0.0137,0,collision,
3743,147,317.11,18.86,-233.19,0.0000,0.0060,1,goal,
3744,102,300.99,22.88,-170.89,0.0000,0.0000,1,goal,
3745,26,-187.99,10.32,178.83,0.0000,0.0579,0,collision,
3746,218,299.22,10.48,724.48,0.0000,0.0061,1,goal,
3747,304,329.25,9.91,1119.71,0.0000,0.0100,1,goal,
3748,77,-172.40,11.19,337.41,0.0000,0.0003,0,collision,
3749,198,304.74,11.74,647.39,0.0000,0.0000,1,goal,
3750,42,-181.20,7.67,367.18,0.0476,0.0000,0,collision,
3751,126,-94.91,18.76,-65.48,0.0000,0.0040,0,collision,
3752,201,288.60,11.09,540.54,0.0000,0.0000,1,goal,
1241,244,303.98,11.24,500.30,0.0000,0.0247,1,goal,
1242,174,317.07,15.81,93.99,0.0000,0.0000,1,goal,
1243,189,272.20,12.03,492.09,0.0000,0.0000,1,goal,
1244,56,-160.38,14.08,231.56,0.0000,0.0175,0,collision,
1245,150,323.29,15.50,40.63,0.0000,0.0005,1,goal,
1246,78,-193.57,5.03,321.21,0.0161,0.0000,0,collision,
1247,267,291.01,9.23,979.20,0.0000,0.0000,1,goal,
1248,169,292.42,13.29,368.07,0.0000,0.0033,1,goal,
1249,218,309.70,10.41,839.91,0.0000,0.0053,1,goal,
1250,75,-141.68,18.86,56.49,0.0267,0.0357,0,collision,
3753,985,-1244.50,2.86,959.84,0.0000,0.0044,0,collision,
3754,262,261.23,8.84,950.68,0.0000,0.0000,1,goal,
3755,179,310.38,12.68,389.33,0.0000,0.0036,1,goal,
3756,273,202.06,9.97,473.64,0.0000,0.0033,1,goal,
3757,473,171.37,5.93,1807.95,0.0000,0.0208,1,goal,
3758,167,-182.60,9.60,380.41,0.0000,0.2109,0,collision,
3759,91,-225.41,7.79,92.31,0.0220,0.0000,0,collision,
3760,302,169.04,9.12,563.30,0.0000,0.0110,1,goal,
3761,198,244.66,12.86,-34.79,0.0000,0.0273,1,goal,
3762,127,-96.86,17.58,199.14,0.0000,0.0143,0,collision,
3763,71,-208.86,3.13,232.92,0.0282,0.0000,0,collision,
3764,296,-162.45,8.69,635.04,0.0068,0.0547,0,collision,
3765,207,327.18,12.01,579.03,0.0000,0.0052,1,goal,
3766,285,279.24,9.85,677.62,0.0000,0.0392,1,goal,
3767,192,-212.48,5.98,640.65,0.0000,0.0703,0,collision,
1251,234,328.92,12.34,412.04,0.0000,0.0036,1,goal,
1252,39,-203.35,6.35,157.72,0.0000,0.0755,0,collision,
1253,271,271.35,10.31,863.40,0.0000,0.0349,1,goal,
1254,2,-200.32,1.04,2.51,0.0000,0.0000,0,collision,
1255,133,273.30,18.88,-34.46,0.0000,0.0000,1,goal,
1256,44,-166.79,19.35,-1.55,0.0455,0.0000,0,collision,
1257,216,260.88,12.72,275.27,0.0000,0.0191,1,goal,
1258,89,-168.82,8.23,322.45,0.0020,0.0122,0,collision,
1259,258,231.61,10.31,535.52,0.0000,0.0479,1,goal,
1260,89,-192.80,8.36,318.51,0.0225,0.1747,0,collision,
3768,165,-225.13,7.41,753.99,0.0000,0.0478,0,collision,
3769,82,-145.88,16.25,-0.30,0.0244,0.0728,0,collision,
3770,31,-176.07,19.46,85.23,0.0000,0.0453,0,collision,
3771,233,310.28,11.45,836.12,0.0000,0.0021,1,goal,
3772,167,271.29,13.76,136.93,0.0000,0.0000,1,goal,
3773,144,-141.59,9.54,719.82,0.0045,0.0243,0,collision,
3774,94,308.60,30.97,-221.53,0.0000,0.0157,1,goal,
3775,20,-191.88,10.14,75.73,0.1000,0.0847,0,collision,
3776,262,221.74,11.20,268.79,0.0000,0.0757,1,goal,
3777,157,-104.82,13.97,171.70,0.0127,0.0125,0,collision,
3778,339,256.24,8.47,964.16,0.0000,0.0255,1,goal,
3779,129,-100.30,22.47,-107.41,0.0000,0.0373,0,collision,
3780,334,149.74,7.97,432.57,0.0000,0.1831,1,goal,
3781,217,290.84,10.51,720.53,0.0000,0.0476,1,goal,
3782,59,-182.27,10.84,101.87,0.0252,0.1419,0,collision,
3783,190,328.69,13.21,702.53,0.0000,0.0025,1,goal,
3784,3,-202.47,0.69,1.84,0.6667,0.1542,0,collision,
3785,296,274.81,9.44,941.28,0.0000,0.0692,1,goal,
3786,232,328.03,9.77,1099.29,0.0000,0.0000,1,goal,
3787,144,292.54,15.27,490.45,0.0000,0.0244,1,goal,
3788,179,319.50,12.96,383.37,0.0000,0.0000,1,goal,
3789,232,319.74,10.66,940.46,0.0000,0.0000,1,goal,
3790,122,-107.06,17.07,-7.47,0.0000,0.0230,0,collision,
3791,167,291.09,13.53,390.36,0.0000,0.0156,1,goal,
3792,48,-166.97,15.00,-38.94,0.0417,0.0008,0,collision,
3793,60,-157.68,19.10,72.62,0.0000,0.0268,0,collision,
1261,93,-235.55,2.87,297.99,0.0000,0.0000,0,collision,
1262,248,277.63,10.90,374.38,0.0000,0.0012,1,goal,
1263,143,-95.39,19.26,143.70,0.0000,0.0128,0,collision,
1264,83,-129.27,18.96,-117.80,0.0064,0.0245,0,collision,
1265,153,-199.30,7.42,319.31,0.0131,0.0000,0,collision,
1266,163,-162.64,8.84,490.60,0.0123,0.0821,0,collision,
1267,130,298.30,17.60,41.58,0.0000,0.0006,1,goal,
1268,69,-245.23,1.68,119.92,0.0165,0.0000,0,collision,
1269,251,300.77,9.66,783.53,0.0000,0.0082,1,goal,
1270,1,-200.00,0.00,0.00,0.0000,0.0000,0,collision,
3794,327,-55.91,9.08,1333.27,0.0061,0.0132,0,removed_unknown,
3795,148,-136.94,9.71,571.74,0.0000,0.0007,0,collision,
3796,52,-184.89,12.18,-35.44,0.0385,0.2070,0,collision,
3797,32,-187.62,8.80,171.56,0.0000,0.0681,0,collision,
3798,169,-114.12,10.02,628.71,0.0118,0.0046,0,collision,
3799,297,261.68,9.22,714.97,0.0000,0.0379,1,goal,
3800,91,297.96,25.37,-60.19,0.0000,0.0000,1,goal,
3801,177,269.64,10.82,410.72,0.0000,0.0000,1,goal,
3802,424,138.98,6.51,1160.63,0.0000,0.0000,1,goal,
3803,144,-109.41,12.52,541.81,0.0064,0.0000,0,collision,
3804,189,329.76,14.68,124.69,0.0000,0.0029,1,goal,
3805,5,-205.40,0.42,2.04,0.4000,0.0000,0,collision,
3806,42,-163.11,21.66,-20.55,0.0476,0.0457,0,collision,
3807,205,339.29,12.64,555.22,0.0000,0.0000,1,goal,
3808,136,-157.79,12.01,-1.29,0.0147,0.0615,0,collision,
3809,78,-158.76,11.64,325.23,0.0202,0.0396,0,collision,
3810,236,-112.36,9.38,680.25,0.0000,0.0057,0,collision,
3811,194,307.91,14.64,349.02,0.0000,0.0328,1,goal,
3812,191,-147.09,8.35,668.13,0.0000,0.0192,0,collision,
3813,89,-231.38,6.15,201.92,0.0225,0.3023,0,collision,
3814,2,-200.32,1.04,2.51,1.0000,0.0000,0,collision,
3815,161,323.05,15.47,165.49,0.0000,0.0105,1,goal,
3816,98,-139.68,13.41,212.64,0.0038,0.0000,0,collision,
3817,1,-200.00,0.00,0.00,0.0000,0.0000,0,collision,
3818,335,256.16,8.45,753.87,0.0000,0.0011,1,goal,
3819,232,316.28,12.48,238.34,0.0000,0.0000,1,goal,
1271,448,175.88,5.51,1652.23,0.0000,0.0499,1,goal,
1272,111,306.56,23.24,-141.45,0.0000,0.0000,1,goal,
1273,213,226.14,11.61,337.83,0.0000,0.0000,1,goal,
1274,126,311.89,18.43,-190.08,0.0000,0.0070,1,goal,
1275,202,324.82,14.66,392.76,0.0000,0.0052,1,goal,
1276,88,-150.61,9.11,678.46,0.0000,0.0000,0,collision,
1277,43,-176.47,11.94,226.54,0.0000,0.0333,0,collision,
1278,244,324.80,11.55,807.00,0.0000,0.0067,1,goal,
1279,158,343.13,17.90,-12.58,0.0000,0.0000,1,goal,
1280,96,-205.32,4.21,387.37,0.0005,0.0000,0,collision,
3820,399,17.74,10.10,1104.21,0.0000,0.0014,0,removed_unknown,
3821,155,302.60,12.36,439.14,0.0000,0.0063,1,goal,
3822,214,316.49,11.43,607.81,0.0000,0.0000,1,goal,
3823,320,230.04,7.88,790.35,0.0000,0.0031,1,goal,
3824,265,292.87,10.34,566.69,0.0000,0.0496,1,goal,
3825,2,-200.32,1.04,2.51,1.0000,0.0000,0,collision,
3826,139,319.01,16.70,304.91,0.0000,0.0000,1,goal,
3827,8,-205.91,1.18,10.47,0.2065,0.0000,0,collision,
3828,243,270.86,11.02,485.45,0.0000,0.0097,1,goal,
3829,259,256.13,9.50,364.20,0.0000,0.0046,1,goal,
3830,203,-214.28,6.37,638.05,0.0000,0.0119,0,collision,
3831,213,-170.81,9.03,397.42,0.0094,0.0602,0,collision,
3832,200,292.09,11.61,675.88,0.0000,0.0001,1,goal,
3833,143,-102.35,17.87,-122.24,0.0000,0.0282,0,collision,
3834,212,279.39,11.23,392.24,0.0000,0.0000,1,goal,
3835,113,310.47,25.34,-38.34,0.0000,0.0000,1,goal,
3836,76,-181.66,9.23,107.91,0.0263,0.0424,0,collision,
3837,37,-200.86,5.57,161.67,0.0000,0.0390,0,collision,
3838,163,277.64,12.47,487.50,0.0000,0.0004,1,goal,
3839,194,-48.60,14.85,392.32,0.0103,0.0043,0,collision,
3840,166,322.66,15.25,327.13,0.0000,0.0000,1,goal,
3841,92,-196.30,5.52,298.26,0.0217,0.0072,0,collision,
3842,183,-74.41,14.07,391.70,0.0109,0.0011,0,collision,
1281,41,-172.21,13.72,145.08,0.0000,0.0147,0,collision,
1282,199,232.82,12.77,206.42,0.0000,0.0252,1,goal,
1283,133,-173.23,7.80,589.18,0.0145,0.0787,0,collision,
1284,41,-166.25,17.68,-16.18,0.0488,0.0000,0,collision,
1285,33,-170.18,20.83,-11.00,0.0000,0.0340,0,collision,
1286,153,313.62,14.98,171.58,0.0000,0.0301,1,goal,
1287,240,-290.62,3.58,851.19,0.0000,0.1662,0,collision,
1288,28,-190.43,7.64,231.22,0.0000,0.0668,0,collision,
1289,126,-135.36,14.62,106.27,0.0115,0.0207,0,collision,
1290,102,-144.31,8.80,548.07,0.0196,0.0000,0,collision,
3843,438,-388.68,5.21,1233.14,0.0046,0.0028,0,collision,
3844,128,-236.60,6.55,86.27,0.0156,0.1688,0,collision,
3845,57,-169.91,11.49,244.44,0.0000,0.0205,0,collision,
3846,142,313.93,19.88,26.02,0.0000,0.0106,1,goal,
3847,91,294.74,25.48,-162.57,0.0000,0.0000,1,goal,
3848,111,-92.08,24.65,-248.50,0.0180,0.0365,0,collision,
3849,204,239.14,12.14,277.22,0.0000,0.0083,1,goal,
3850,167,325.26,16.77,148.07,0.0000,0.0000,1,goal,
3851,242,261.11,10.58,556.99,0.0000,0.0240,1,goal,
3852,259,269.81,9.92,625.63,0.0000,0.0289,1,goal,
3853,101,-138.57,15.53,-59.18,0.0000,0.0244,0,collision,
3854,54,-161.08,12.07,235.86,0.0000,0.0346,0,collision,
3855,114,-122.50,12.24,361.12,0.0000,0.0154,0,collision,
3856,98,296.95,23.49,-206.00,0.0000,0.0000,1,goal,
3857,238,343.53,12.03,463.09,0.0000,0.0000,1,goal,
3858,167,334.84,17.88,10.83,0.0000,0.0000,1,goal,
3859,202,-204.92,6.53,678.23,0.0000,0.0317,0,collision,
3860,126,-149.32,10.74,400.71,0.0159,0.0148,0,collision,
3861,244,284.77,9.84,459.92,0.0000,0.0000,1,goal,
3862,70,-169.54,9.77,248.07,0.0286,0.0494,0,collision,
3863,225,167.60,10.12,194.76,0.0000,0.1014,1,goal,
3864,118,309.43,20.66,-87.95,0.0000,0.0081,1,goal,
3865,73,-161.23,9.69,244.09,0.0000,0.0000,0,collision,
3866,117,301.69,19.28,-135.87,0.0000,0.0019,1,goal,
3867,150,315.37,15.92,463.65,0.0000,0.0045,1,goal,
3868,197,-174.76,7.26,847.43,0.0102,0.0990,0,collision,
1291,128,-95.88,17.14,134.43,0.0000,0.0188,0,collision,
1292,55,-163.66,10.39,284.91,0.0000,0.0411,0,collision,
1293,64,-145.07,20.62,113.27,0.0000,0.0024,0,collision,
1294,96,308.67,31.61,62.68,0.0000,0.0000,1,goal,
1295,150,111.90,18.04,283.39,0.0000,0.0000,0,removed_unknown,
1296,208,354.94,13.99,531.00,0.0000,0.0000,1,goal,
1297,120,303.95,19.02,-242.23,0.0000,0.0106,1,goal,
1298,53,-163.35,13.37,197.19,0.0000,0.0000,0,collision,
1299,175,-90.54,13.82,453.80,0.0000,0.0054,0,collision,
1300,131,-162.01,9.57,432.99,0.0000,0.0077,0,collision,
3869,419,-319.62,8.52,1345.66,0.0000,0.1094,0,collision,
3870,56,-180.66,6.63,348.87,0.0000,0.0000,0,collision,
3871,69,-226.56,4.34,306.53,0.0187,0.3142,0,collision,
3872,250,296.67,9.98,842.90,0.0000,0.0332,1,goal,
3873,270,286.12,10.61,742.46,0.0000,0.0007,1,goal,
3874,160,-219.90,10.97,-70.08,0.0000,0.2894,0,collision,
3875,34,-186.09,7.53,138.55,0.0000,0.0569,0,collision,
3876,126,-124.46,10.89,616.71,0.0000,0.0124,0,collision,
3877,298,64.10,8.99,1187.95,0.0067,0.0000,0,removed_unknown,
3878,103,-178.87,13.36,67.87,0.0000,0.0207,0,collision,
3879,151,-182.71,10.12,97.41,0.0132,0.0684,0,collision,
3880,60,-185.79,6.92,250.76,0.0000,0.0000,0,collision,
3881,52,-154.41,19.94,-23.38,0.0385,0.0191,0,collision,
3882,197,311.89,11.49,507.75,0.0000,0.0032,1,goal,
3883,283,307.38,10.12,760.54,0.0000,0.0063,1,goal,
3884,8,-210.23,0.52,4.75,0.2500,0.1898,0,collision,
3885,102,-147.16,8.65,409.94,0.0000,0.0000,0,collision,
3886,150,330.87,18.06,96.29,0.0000,0.0000,1,goal,
3887,184,-90.46,13.41,467.57,0.0109,0.0013,0,collision,
3888,130,322.98,22.47,-214.85,0.0000,0.0065,1,goal,
3889,236,295.67,9.83,841.81,0.0000,0.0044,1,goal,
3890,440,119.16,5.73,1372.57,0.0000,0.0281,1,goal,
3891,150,-131.74,9.63,620.44,0.0133,0.0000,0,collision,
3892,223,324.04,12.43,484.69,0.0000,0.0334,1,goal,
1301,247,334.56,11.77,790.96,0.0000,0.0000,1,goal,
1302,238,-203.89,5.26,997.07,0.0000,0.0146,0,collision,
1303,338,267.58,7.83,1164.15,0.0000,0.0046,1,goal,
1304,143,320.22,17.11,62.61,0.0000,0.0000,1,goal,
1305,268,-180.08,6.13,838.05,0.0000,0.0000,0,collision,
1306,139,-159.18,9.04,541.84,0.0144,0.0552,0,collision,
1307,412,265.26,7.05,1874.92,0.0000,0.0178,1,goal,
1308,313,-227.73,6.94,712.27,0.0000,0.0192,0,collision,
1309,238,297.44,10.50,792.48,0.0000,0.0016,1,goal,
1310,170,-265.87,7.10,71.28,0.0118,0.2597,0,collision,
3893,369,-74.35,10.81,1057.59,0.0000,0.0048,0,collision,
3894,163,322.40,14.93,405.40,0.0000,0.0000,1,goal,
3895,77,-137.18,19.13,-120.69,0.0000,0.0361,0,collision,
3896,275,349.30,10.05,1159.95,0.0000,0.0000,1,goal,
3897,79,-222.84,3.52,317.33,0.0253,0.0272,0,collision,
3898,180,283.83,12.36,197.40,0.0000,0.0387,1,goal,
3899,213,323.66,12.85,343.50,0.0000,0.0118,1,goal,
3900,200,-99.23,12.01,369.45,0.0100,0.0096,0,collision,
3901,108,-176.78,5.82,639.88,0.0185,0.0000,0,collision,
3902,227,-114.18,11.70,556.01,0.0000,0.0565,0,collision,
3903,188,-188.13,6.82,587.41,0.0106,0.0061,0,collision,
3904,13,-214.85,0.64,7.77,0.0000,0.0000,0,collision,
3905,152,301.81,15.30,41.88,0.0000,0.0025,1,goal,
3906,121,-172.72,10.49,142.58,0.0165,0.1663,0,collision,
3907,135,293.26,16.97,112.25,0.0000,0.0000,1,goal,
3908,45,-157.89,18.92,-2.39,0.0000,0.0000,0,collision,
3909,104,308.65,25.64,-10.35,0.0000,0.0000,1,goal,
3910,192,212.33,14.17,98.21,0.0000,0.0000,1,goal,
3911,124,-153.85,12.85,177.99,0.0000,0.0736,0,collision,
3912,147,294.13,15.32,239.36,0.0000,0.1263,1,goal,
3913,114,309.64,21.11,297.29,0.0000,0.0000,1,goal,
3914,228,-182.89,11.34,175.04,0.0000,0.0062,0,collision,
3915,261,184.19,8.80,441.79,0.0000,0.0109,1,goal,
3916,380,238.84,6.82,1765.71,0.0000,0.0207,1,goal,
1311,209,-211.36,6.12,622.81,0.0000,0.0096,0,collision,
1312,4,-200.41,1.84,8.09,0.0000,0.0000,0,collision,
1313,294,229.05,7.69,1075.46,0.0000,0.0351,1,goal,
1314,75,-186.45,13.42,152.46,0.0267,0.0303,0,collision,
1315,23,-188.72,9.39,167.53,0.0000,0.0837,0,collision,
1316,266,275.72,10.78,508.45,0.0000,0.0646,1,goal,
1317,271,219.81,10.36,268.75,0.0000,0.0000,1,goal,
1318,111,289.16,17.42,-29.91,0.0000,0.0000,1,goal,
1319,102,289.28,20.80,-99.89,0.0000,0.0000,1,goal,
1320,274,207.59,8.19,584.38,0.0000,0.0022,1,goal,
3917,331,-341.55,7.56,822.40,0.0011,0.0287,0,collision,
3918,65,-162.77,15.54,164.74,0.0000,0.0230,0,collision,
3919,182,240.49,13.28,216.46,0.0000,0.0000,1,goal,
3920,88,-126.78,18.04,-124.03,0.0000,0.0300,0,collision,
3921,234,-200.90,9.81,413.88,0.0085,0.0326,0,collision,
3922,160,-110.59,14.15,268.27,0.0125,0.0053,0,collision,
3923,129,314.91,18.82,40.22,0.0000,0.0000,1,goal,
3924,88,-204.46,4.16,417.84,0.0000,0.0000,0,collision,
3925,174,293.23,13.57,179.05,0.0000,0.0075,1,goal,
3926,196,313.50,13.50,493.26,0.0000,0.0037,1,goal,
3927,101,305.06,27.41,-133.34,0.0000,0.0000,1,goal,
3928,61,-169.81,11.65,72.26,0.0328,0.0599,0,collision,
3929,196,306.79,14.39,71.75,0.0000,0.0000,1,goal,
3930,1,-200.00,0.00,0.00,0.0000,0.0000,0,collision,
3931,98,297.15,23.53,-178.32,0.0000,0.0000,1,goal,
3932,174,250.19,12.67,575.36,0.0000,0.0091,1,goal,
3933,391,177.94,7.02,1065.14,0.0000,0.0137,1,goal,
3934,131,286.68,17.12,238.58,0.0000,0.0000,1,goal,
3935,76,-139.18,15.38,154.35,0.0000,0.0075,0,collision,
3936,81,-121.48,26.40,-126.71,0.0000,0.0160,0,collision,
3937,139,-108.68,15.51,317.34,0.0144,0.0039,0,collision,
3938,65,-149.55,15.90,-83.86,0.0308,0.0541,0,collision,
3939,231,226.90,11.01,275.80,0.0000,0.0701,1,goal,
3940,210,-167.67,10.19,210.02,0.0000,0.0278,0,collision,
3941,223,186.63,7.88,466.52,0.0000,0.1227,1,goal,
3942,143,321.73,16.36,602.42,0.0000,0.0000,1,goal,
3943,140,-144.57,10.51,286.53,0.0000,0.0429,0,collision,
1321,87,-178.05,8.39,406.23,0.0000,0.0568,0,collision,
1322,176,311.29,13.15,531.85,0.0000,0.0000,1,goal,
1323,30,-182.13,10.94,99.85,0.0000,0.1379,0,collision,
1324,136,279.60,16.97,-110.29,0.0000,0.0145,1,goal,
1325,74,-144.55,15.64,52.22,0.0270,0.0118,0,collision,
1326,167,328.90,15.05,182.74,0.0000,0.0083,1,goal,
1327,150,-167.33,9.86,618.31,0.0133,0.0790,0,collision,
1328,137,294.54,18.02,-117.00,0.0000,0.0000,1,goal,
1329,78,-163.83,13.51,109.49,0.0000,0.0194,0,collision,
1330,194,313.53,13.35,688.09,0.0000,0.0000,1,goal,
3944,313,-420.62,4.60,730.76,0.0007,0.0000,0,collision,
3945,204,-179.00,10.33,190.31,0.0000,0.0262,0,collision,
3946,112,-144.82,8.17,722.69,0.0179,0.0070,0,collision,
3947,42,-166.19,16.43,-18.18,0.0000,0.0437,0,collision,
3948,89,-135.96,15.87,-72.19,0.0066,0.0554,0,collision,
3949,114,-114.44,13.62,302.44,0.0175,0.0378,0,collision,
3950,184,-178.49,10.99,275.10,0.0000,0.0282,0,collision,
3951,223,-212.18,7.63,311.39,0.0000,0.1210,0,collision,
3952,142,281.18,18.19,193.13,0.0000,0.0000,1,goal,
3953,54,-161.34,11.62,251.48,0.0000,0.0220,0,collision,
3954,221,-188.15,12.27,194.98,0.0090,0.0563,0,collision,
3955,258,255.22,10.81,683.83,0.0000,0.1521,1,goal,
3956,52,-165.93,12.10,152.19,0.0385,0.0095,0,collision,
3957,1,-200.00,0.00,0.00,0.0000,0.0000,0,collision,
3958,101,-150.10,13.97,74.15,0.0000,0.0086,0,collision,
3959,283,265.36,9.14,702.41,0.0000,0.0570,1,goal,
3960,2,-200.32,1.04,2.51,0.0000,0.0000,0,collision,
3961,89,286.30,22.89,-99.09,0.0000,0.0387,1,goal,
3962,209,304.33,11.54,765.64,0.0000,0.0171,1,goal,
3963,295,-246.92,6.94,600.79,0.0068,0.0846,0,collision,
3964,244,280.75,9.38,614.62,0.0000,0.0065,1,goal,
3965,169,-83.47,13.36,549.14,0.0081,0.0311,0,collision,
3966,224,267.70,12.98,-100.37,0.0000,0.0237,1,goal,
3967,171,334.67,16.24,-37.35,0.0000,0.0182,1,goal,
3968,80,-134.51,17.65,-122.96,0.0000,0.0098,0,collision,
3969,249,354.77,11.41,943.64,0.0000,0.0000,1,goal,
1331,153,322.59,18.55,-95.81,0.0000,0.0159,1,goal,
1332,89,-154.28,9.55,347.28,0.0225,0.0000,0,collision,
1333,211,242.31,12.12,469.18,0.0000,0.0545,1,goal,
1334,208,351.02,13.96,391.58,0.0000,0.0000,1,goal,
1335,105,-143.84,13.19,250.77,0.0190,0.0220,0,collision,
1336,231,237.58,9.58,614.84,0.0000,0.0204,1,goal,
1337,197,287.82,11.07,635.93,0.0000,0.0762,1,goal,
1338,231,-225.37,7.90,435.15,0.0087,0.0397,0,collision,
1339,70,-143.38,17.98,107.77,0.0286,0.0000,0,collision,
1340,66,-149.16,23.93,-24.65,0.0223,0.0061,0,collision,
3970,180,-325.00,2.96,362.21,0.0092,0.0044,0,collision,
3971,174,237.29,11.89,168.48,0.0000,0.1635,1,goal,
3972,136,-89.69,15.62,384.14,0.0147,0.0000,0,collision,
3973,75,-130.80,20.75,-124.81,0.0000,0.0068,0,collision,
3974,70,-218.10,3.57,296.91,0.0286,0.0464,0,collision,
3975,217,-209.65,8.56,230.98,0.0092,0.2084,0,collision,
3976,280,239.48,10.23,288.86,0.0000,0.0080,1,goal,
3977,165,272.10,13.67,401.63,0.0000,0.0000,1,goal,
3978,81,-196.50,8.16,231.31,0.0079,0.2325,0,collision,
3979,202,283.64,12.73,625.57,0.0000,0.0016,1,goal,
3980,220,-111.10,13.54,251.51,0.0091,0.0689,0,collision,
3981,256,235.67,11.07,34.33,0.0000,0.0000,1,goal,
3982,254,301.27,9.69,990.57,0.0000,0.0151,1,goal,
3983,158,269.85,14.12,295.37,0.0000,0.0000,1,goal,
3984,201,330.93,12.67,692.38,0.0000,0.0000,1,goal,
3985,410,239.13,6.65,1694.47,0.0000,0.0330,1,goal,
3986,3,-201.28,0.69,2.61,0.6667,0.0000,0,collision,
3987,124,308.21,18.33,-184.49,0.0000,0.0000,1,goal,
3988,79,-168.54,11.92,110.41,0.0253,0.0113,0,collision,
3989,79,-149.04,13.90,53.24,0.0253,0.0384,0,collision,
3990,239,-129.75,6.80,1540.03,0.0000,0.0330,0,collision,
3991,19,-188.32,7.05,150.91,0.1053,0.0000,0,collision,
3992,172,322.10,14.53,201.06,0.0000,0.0000,1,goal,
3993,303,197.52,9.61,402.38,0.0000,0.1471,1,goal,
1341,293,279.30,9.12,990.18,0.0000,0.0109,1,goal,
1342,27,-191.70,6.49,243.83,0.0000,0.0000,0,collision,
1343,158,305.47,15.56,257.66,0.0000,0.0000,1,goal,
1344,175,283.35,13.43,184.85,0.0000,0.0000,1,goal,
1345,45,-161.97,20.12,45.06,0.0000,0.0484,0,collision,
1346,164,315.65,16.86,14.71,0.0000,0.0000,1,goal,
1347,175,298.65,14.67,455.19,0.0000,0.0018,1,goal,
1348,242,227.10,11.16,198.51,0.0000,0.1139,1,goal,
1349,74,-135.05,18.17,-55.90,0.0000,0.0170,0,collision,
1350,200,287.26,12.25,376.46,0.0000,0.0000,1,goal,
3994,74,-192.90,5.61,286.70,0.0270,0.0239,0,collision,
3995,299,-147.77,9.13,503.24,0.0000,0.0092,0,collision,
3996,257,268.95,10.63,537.90,0.0000,0.0169,1,goal,
3997,215,329.62,12.88,276.63,0.0000,0.0403,1,goal,
3998,155,-219.46,9.35,172.33,0.0000,0.0016,0,collision,
3999,113,296.53,20.31,1.30,0.0000,0.0266,1,goal,
4000,106,307.14,21.70,1.42,0.0000,0.0000,1,goal,
4001,132,301.69,16.80,105.54,0.0000,0.0047,1,goal,
4002,125,-193.36,7.74,419.63,0.0000,0.1765,0,collision,
4003,97,-148.82,13.40,157.89,0.0000,0.0000,0,collision,
4004,214,-181.43,9.50,352.65,0.0093,0.1449,0,collision,
4005,178,-177.63,11.81,157.93,0.0000,0.0935,0,collision,
4006,29,-182.66,13.59,84.80,0.0690,0.0000,0,collision,
4007,225,292.00,13.04,169.75,0.0000,0.0051,1,goal,
4008,197,298.60,14.40,153.06,0.0000,0.0418,1,goal,
4009,46,-161.62,19.05,-17.53,0.0000,0.0359,0,collision,
4010,255,229.37,8.85,786.92,0.0000,0.0083,1,goal,
4011,367,185.12,6.50,1412.16,0.0000,0.0066,1,goal,
4012,100,290.62,22.94,-168.34,0.0000,0.0000,1,goal,
4013,119,-163.17,9.79,481.05,0.0156,0.0000,0,collision,
4014,251,287.60,10.14,737.87,0.0000,0.0034,1,goal,
4015,111,-98.60,21.14,-67.33,0.0000,0.0161,0,collision,
4016,196,319.88,12.77,877.10,0.0000,0.0080,1,goal,
4017,211,338.16,13.10,401.32,0.0000,0.0000,1,goal,
1351,294,242.02,8.47,750.53,0.0000,0.0370,1,goal,
1352,165,264.17,15.95,67.97,0.0000,0.0128,1,goal,
1353,121,305.75,19.00,72.44,0.0000,0.0025,1,goal,
1354,125,-98.46,17.05,106.45,0.0160,0.0092,0,collision,
1355,123,294.97,17.51,23.56,0.0000,0.0405,1,goal,
1356,84,-118.79,24.98,-59.63,0.0000,0.0160,0,collision,
1357,217,307.23,11.85,419.05,0.0000,0.0032,1,goal,
1358,146,301.95,16.55,320.80,0.0000,0.0000,1,goal,
1359,252,257.87,11.40,209.66,0.0000,0.0896,1,goal,
1360,231,316.83,10.42,756.54,0.0000,0.0099,1,goal,
4018,98,-147.69,10.12,420.67,0.0204,0.0155,0,collision,
4019,263,-167.18,6.40,1206.98,0.0000,0.0141,0,collision,
4020,420,107.94,6.58,713.65,0.0000,0.1332,1,goal,
4021,229,256.71,10.48,505.19,0.0000,0.0247,1,goal,
4022,242,317.70,9.81,1080.80,0.0000,0.0000,1,goal,
4023,167,302.49,17.71,6.83,0.0000,0.0000,1,goal,
4024,197,257.31,12.48,341.10,0.0000,0.0845,1,goal,
4025,211,328.73,13.88,303.26,0.0000,0.0000,1,goal,
4026,196,222.79,12.44,205.21,0.0000,0.0000,1,goal,
4027,2,-200.32,1.04,2.51,0.0000,0.0000,0,collision,
4028,132,289.28,18.11,221.12,0.0000,0.0000,1,goal,
4029,155,-171.13,9.64,454.31,0.0129,0.0538,0,collision,
4030,178,325.93,14.57,237.59,0.0000,0.0171,1,goal,
4031,194,294.19,12.56,120.58,0.0000,0.0012,1,goal,
4032,112,90.78,22.02,35.90,0.0179,0.0000,0,removed_unknown,
4033,28,-183.62,12.57,110.34,0.0000,0.0000,0,collision,
4034,383,129.25,6.87,881.85,0.0000,0.0239,1,goal,
4035,117,300.23,22.80,-107.40,0.0000,0.0992,1,goal,
4036,254,-217.83,8.74,525.04,0.0079,0.2050,0,collision,
4037,69,278.57,29.62,-10.60,0.0000,0.0000,1,goal,
4038,141,-200.59,6.01,403.47,0.0142,0.0457,0,collision,
4039,155,293.14,15.04,23.75,0.0000,0.0269,1,goal,
4040,36,-169.97,19.16,32.24,0.0556,0.0000,0,collision,
4041,130,-144.55,12.19,121.32,0.0000,0.0298,0,collision,
1361,363,219.52,7.73,770.01,0.0000,0.0361,1,goal,
1362,119,-125.17,17.30,186.13,0.0000,0.0354,0,collision,
1363,220,282.66,12.24,271.82,0.0000,0.0274,1,goal,
1364,171,321.76,15.44,576.24,0.0000,0.0181,1,goal,
1365,147,308.43,15.65,330.26,0.0000,0.0000,1,goal,
1366,70,284.63,33.23,-100.02,0.0000,0.0158,1,goal,
1367,209,-213.42,10.42,102.25,0.0000,0.1767,0,collision,
1368,41,-168.72,18.95,74.59,0.0000,0.0653,0,collision,
1369,121,-126.02,11.70,551.99,0.0000,0.0203,0,collision,
1370,210,226.71,13.36,272.73,0.0000,0.0197,1,goal,
4042,139,-138.37,17.88,-78.52,0.0000,0.0023,0,collision,
4043,50,-167.40,11.43,164.93,0.0000,0.0249,0,collision,
4044,36,-172.64,17.21,27.06,0.0000,0.0489,0,collision,
4045,118,-179.93,8.48,403.68,0.0169,0.0509,0,collision,
4046,176,-106.26,12.84,291.45,0.0000,0.0193,0,collision,
4047,227,282.38,11.74,326.20,0.0000,0.0412,1,goal,
4048,118,-130.51,11.15,363.95,0.0169,0.0257,0,collision,
4049,162,-147.50,8.81,770.24,0.0027,0.0038,0,collision,
4050,231,219.85,11.59,322.97,0.0000,0.1360,1,goal,
4051,115,289.04,20.45,73.18,0.0000,0.0000,1,goal,
4052,138,289.24,16.38,153.86,0.0000,0.0000,1,goal,
4053,40,-162.93,19.75,105.14,0.0000,0.0000,0,collision,
4054,278,233.44,10.19,248.93,0.0000,0.1448,1,goal,
4055,151,301.04,14.98,415.69,0.0000,0.0556,1,goal,
4056,2,-200.32,1.04,2.51,0.7176,0.0000,0,collision,
4057,196,291.77,14.58,-100.73,0.0000,0.0000,1,goal,
4058,145,332.64,20.29,-351.49,0.0000,0.0000,1,goal,
4059,210,328.87,13.88,600.94,0.0000,0.0000,1,goal,
4060,148,296.59,15.72,209.80,0.0000,0.0096,1,goal,
4061,5,-202.59,1.48,7.76,0.4000,0.1369,0,collision,
4062,2,-201.00,1.04,2.51,0.0000,0.4417,0,collision,
4063,114,294.64,22.30,30.38,0.0000,0.0000,1,goal,
4064,52,-202.23,8.57,116.84,0.0000,0.1233,0,collision,
4065,308,241.24,9.94,574.63,0.0000,0.0405,1,goal,
4066,351,237.98,7.13,1231.43,0.0000,0.0118,1,goal,
4067,88,294.12,26.67,-118.78,0.0000,0.0000,1,goal,
4068,147,311.44,16.86,-262.49,0.0000,0.0000,1,goal,
4069,164,297.21,13.87,412.77,0.0000,0.0085,1,goal,
4070,239,305.62,10.39,864.15,0.0000,0.0040,1,goal,
1371,1,-200.00,0.00,0.00,0.0000,0.0000,0,collision,
1372,191,307.06,11.81,446.10,0.0000,0.0000,1,goal,
1373,195,288.80,12.67,284.79,0.0000,0.0087,1,goal,
1374,276,259.76,9.95,884.20,0.0000,0.0027,1,goal,
1375,242,-136.50,9.79,582.02,0.0081,0.0247,0,collision,
1376,115,-109.63,13.83,386.71,0.0000,0.0000,0,collision,
1377,91,298.90,27.12,-127.74,0.0000,0.0000,1,goal,
1378,103,-113.67,21.86,-81.78,0.0160,0.0152,0,collision,
1379,31,-181.36,16.98,50.92,0.0000,0.0554,0,collision,
1380,139,-96.19,15.59,175.39,0.0000,0.0176,0,collision,
4071,99,-210.02,9.84,425.10,0.0195,0.0000,0,collision,
4072,199,-132.29,11.22,356.83,0.0000,0.0156,0,collision,
4073,163,-125.10,12.07,472.12,0.0000,0.0084,0,collision,
4074,67,-156.01,14.37,94.11,0.0000,0.0222,0,collision,
4075,119,311.00,21.90,-199.20,0.0000,0.0062,1,goal,
4076,49,-187.53,10.24,136.12,0.0408,0.0331,0,collision,
4077,71,-152.54,17.35,165.58,0.0282,0.0209,0,collision,
4078,206,308.34,13.58,620.98,0.0000,0.0122,1,goal,
4079,114,-245.09,5.84,219.00,0.0000,0.0649,0,collision,
4080,209,218.57,13.27,195.30,0.0000,0.0027,1,goal,
4081,197,296.71,11.05,716.84,0.0000,0.0071,1,goal,
4082,8,-204.03,1.82,24.47,0.0000,0.0411,0,collision,
4083,102,-255.04,2.41,273.32,0.0149,0.0000,0,collision,
4084,326,41.35,9.08,634.04,0.0000,0.0045,0,removed_unknown,
4085,89,287.73,25.87,-124.14,0.0000,0.0000,1,goal,
4086,122,304.88,20.26,-24.92,0.0000,0.0215,1,goal,
4087,288,185.16,9.48,481.99,0.0000,0.2016,1,goal,
4088,52,-146.39,25.39,52.84,0.0072,0.0171,0,collision,
4089,254,273.60,10.48,622.30,0.0000,0.0614,1,goal,
4090,73,-143.01,18.48,-116.89,0.0000,0.0334,0,collision,
4091,262,261.57,11.08,530.79,0.0000,0.0740,1,goal,
4092,168,-256.09,6.84,229.05,0.0000,0.0141,0,collision,
4093,239,249.16,9.88,579.97,0.0000,0.1085,1,goal,
4094,117,286.59,23.44,-142.85,0.0000,0.0567,1,goal,
4095,212,311.49,11.58,696.91,0.0000,0.0000,1,goal,
4096,185,315.72,13.45,735.37,0.0000,0.0000,1,goal,
4097,84,-134.97,16.79,111.00,0.0238,0.0148,0,collision,
1381,163,308.30,15.08,-48.76,0.0000,0.0021,1,goal,
1382,37,-166.41,18.00,43.76,0.0541,0.0000,0,collision,
1383,271,275.17,10.42,474.83,0.0000,0.0574,1,goal,
1384,80,289.17,28.93,-179.23,0.0000,0.0000,1,goal,
1385,55,-166.90,12.60,62.87,0.0286,0.0729,0,collision,
1386,49,-156.81,21.80,20.47,0.0000,0.0509,0,collision,
1387,153,307.53,15.56,228.80,0.0000,0.0806,1,goal,
1388,58,-143.67,23.85,-18.51,0.0000,0.0292,0,collision,
1389,155,309.14,15.88,122.91,0.0000,0.0000,1,goal,
1390,102,297.69,23.14,-49.94,0.0000,0.0000,1,goal,
4098,110,-159.62,18.57,-42.56,0.0182,0.0119,0,collision,
4099,249,-153.11,9.83,432.54,0.0080,0.0016,0,collision,
4100,4,-203.78,0.52,1.94,0.2302,0.0000,0,collision,
4101,52,-180.98,13.33,-30.74,0.0385,0.0659,0,collision,
4102,205,228.25,12.24,-83.08,0.0000,0.0000,1,goal,
4103,249,304.52,10.38,762.67,0.0000,0.0096,1,goal,
4104,4,-200.41,1.84,8.09,0.5000,0.0000,0,collision,
4105,110,-139.71,12.65,402.90,0.0000,0.0000,0,collision,
4106,258,205.13,9.85,441.93,0.0000,0.0400,1,goal,
4107,53,-173.95,13.98,273.62,0.0298,0.0185,0,collision,
4108,200,266.40,14.59,152.61,0.0000,0.0680,1,goal,
4109,198,-148.89,9.09,516.70,0.0017,0.0010,0,collision,
4110,266,146.49,8.17,73.34,0.0000,0.0045,1,goal,
4111,263,-330.01,7.66,4.92,0.0076,0.0728,0,collision,
4112,228,-145.97,11.02,341.73,0.0000,0.0164,0,collision,
4113,2,-201.66,0.00,0.10,1.0000,0.0000,0,collision,
4114,98,-138.00,13.02,298.52,0.0204,0.0000,0,collision,
4115,257,193.54,10.25,162.18,0.0000,0.0945,1,goal,
4116,233,-140.96,9.10,686.78,0.0000,0.0154,0,collision,
4117,24,-204.15,2.93,94.33,0.0000,0.0000,0,collision,
4118,78,-130.66,18.15,-4.47,0.0256,0.0103,0,collision,
4119,81,-128.33,19.22,-115.10,0.0247,0.0000,0,collision,
4120,211,-234.59,9.68,353.82,0.0000,0.2718,0,collision,
4121,307,247.55,8.36,779.22,0.0000,0.0075,1,goal,
4122,143,285.74,16.14,-0.95,0.0000,0.0604,1,goal,
4123,48,-177.36,8.16,172.71,0.0000,0.0000,0,collision,
4124,160,-73.53,17.81,199.47,0.0125,0.0140,0,collision,
1391,104,298.16,20.77,-168.45,0.0000,0.0000,1,goal,
1392,127,314.97,19.47,-129.39,0.0000,0.0140,1,goal,
1393,103,302.54,23.40,-109.75,0.0000,0.0000,1,goal,
1394,302,222.14,9.86,509.81,0.0000,0.2106,1,goal,
1395,154,-141.23,16.55,-143.26,0.0130,0.0922,0,collision,
1396,174,263.39,15.89,32.83,0.0000,0.0000,1,goal,
1397,80,-184.81,9.52,343.57,0.0250,0.0062,0,collision,
1398,37,-177.02,7.96,227.70,0.0000,0.0000,0,collision,
1399,256,-243.85,5.48,721.55,0.0078,0.0084,0,collision,
1400,274,279.84,10.11,497.99,0.0000,0.0060,1,goal,
4125,210,-248.16,10.96,91.76,0.0000,0.0000,0,collision,
4126,240,262.29,10.38,686.40,0.0000,0.0000,1,goal,
4127,18,-187.35,12.00,156.50,0.1111,0.0392,0,collision,
4128,40,-200.90,4.92,143.83,0.0000,0.0000,0,collision,
4129,144,262.74,18.45,331.89,0.0000,0.0467,1,goal,
4130,121,300.83,21.02,53.79,0.0000,0.0048,1,goal,
4131,277,274.82,8.14,985.83,0.0000,0.0036,1,goal,
4132,69,-157.44,15.18,23.79,0.0000,0.0174,0,collision,
4133,288,-152.27,8.73,478.28,0.0069,0.0019,0,collision,
4134,216,301.23,12.87,139.64,0.0000,0.0002,1,goal,
4135,105,302.32,21.94,-200.52,0.0000,0.0000,1,goal,
4136,129,-182.69,7.69,549.88,0.0155,0.0000,0,collision,
4137,99,-97.44,26.50,-288.53,0.0202,0.0261,0,collision,
4138,206,325.48,12.65,629.73,0.0000,0.0126,1,goal,
4139,75,-214.31,2.92,240.89,0.0000,0.0083,0,collision,
4140,129,-187.66,5.43,624.75,0.0155,0.0000,0,collision,
4141,157,291.55,15.93,102.65,0.0000,0.0356,1,goal,
4142,182,337.16,12.78,805.76,0.0000,0.0000,1,goal,
4143,306,262.70,8.71,1043.80,0.0000,0.0000,1,goal,
4144,162,-127.78,14.13,-143.40,0.0000,0.0342,0,collision,
4145,55,-243.61,1.83,109.71,0.0000,0.2735,0,collision,
4146,202,291.70,11.90,356.24,0.0000,0.0105,1,goal,
4147,66,-208.77,3.62,267.52,0.0271,0.0770,0,collision,
4148,239,270.31,9.43,675.57,0.0000,0.0298,1,goal,
4149,228,303.36,10.74,738.13,0.0000,0.0000,1,goal,
4150,133,277.65,20.21,-85.82,0.0000,0.0251,1,goal,
4151,29,-210.53,2.18,69.56,0.0472,0.0000,0,collision,
1401,100,285.74,22.03,-195.81,0.0000,0.0065,1,goal,
1402,256,320.30,9.89,932.04,0.0000,0.0000,1,goal,
1403,72,-131.02,29.09,-116.62,0.0000,0.0347,0,collision,
1404,24,-219.48,1.33,34.80,0.0000,0.0244,0,collision,
1405,286,161.97,8.62,523.02,0.0000,0.1808,1,goal,
1406,174,322.15,14.90,290.47,0.0000,0.0063,1,goal,
1407,107,-117.47,18.74,35.24,0.0000,0.0248,0,collision,
1408,84,239.18,17.04,-40.52,0.0000,0.0000,1,goal,
1409,256,274.03,9.82,568.27,0.0000,0.0340,1,goal,
1410,62,-159.15,18.80,57.29,0.0000,0.0214,0,collision,
4152,69,-209.18,7.29,373.89,0.0290,0.0094,0,collision,
4153,72,-192.30,8.56,59.90,0.0000,0.1014,0,collision,
4154,200,74.66,12.25,304.47,0.0000,0.0000,0,removed_unknown,
4155,200,281.73,12.27,725.26,0.0000,0.0249,1,goal,
4156,216,281.26,10.78,346.96,0.0000,0.0000,1,goal,
4157,3,-202.52,0.00,0.20,0.0000,0.0000,0,collision,
4158,137,-134.28,12.14,475.65,0.0000,0.0000,0,collision,
4159,230,338.30,12.52,377.35,0.0000,0.0026,1,goal,
4160,116,-123.54,15.41,142.30,0.0000,0.0079,0,collision,
4161,260,208.71,9.95,647.86,0.0000,0.0067,1,goal,
4162,163,-190.60,9.33,217.56,0.0000,0.0341,0,collision,
4163,348,324.94,8.19,1666.01,0.0000,0.0088,1,goal,
4164,103,-138.69,13.77,123.72,0.0194,0.0082,0,collision,
4165,179,-102.77,15.45,193.61,0.0112,0.0451,0,collision,
4166,175,-144.32,9.78,681.84,0.0114,0.0514,0,collision,
4167,49,-186.18,7.09,169.84,0.0408,0.0000,0,collision,
4168,320,216.18,7.83,1078.26,0.0000,0.0020,1,goal,
4169,178,-74.98,15.33,280.36,0.0046,0.0142,0,collision,
4170,209,-159.91,7.31,845.39,0.0096,0.0021,0,collision,
4171,16,-213.53,1.18,20.98,0.0000,0.0000,0,collision,
4172,167,284.94,13.94,105.40,0.0000,0.0001,1,goal,
4173,60,-148.65,21.32,-125.10,0.0333,0.0520,0,collision,
4174,206,311.44,12.89,237.67,0.0000,0.0000,1,goal,
4175,138,294.49,18.17,145.73,0.0000,0.0000,1,goal,
4176,219,260.04,13.13,18.13,0.0000,0.0000,1,goal,
1411,156,281.50,16.75,19.06,0.0000,0.0000,1,goal,
1412,112,294.07,20.73,134.47,0.0000,0.0000,1,goal,
1413,96,-141.00,13.71,213.65,0.0000,0.0169,0,collision,
1414,51,-150.98,22.04,-19.28,0.0392,0.0173,0,collision,
1415,160,303.73,14.39,642.60,0.0000,0.0122,1,goal,
1416,64,-170.49,9.83,342.58,0.0000,0.0000,0,collision,
1417,74,-113.92,31.00,-127.13,0.0000,0.0044,0,collision,
1418,49,-189.24,5.75,247.02,0.0408,0.0000,0,collision,
1419,239,205.00,10.11,269.33,0.0000,0.0301,1,goal,
1420,239,348.68,10.99,1061.18,0.0000,0.0015,1,goal,
4177,173,-193.35,9.46,443.17,0.0000,0.0000,0,collision,
4178,3,-202.08,0.69,1.84,0.6667,0.0000,0,collision,
4179,149,295.74,15.16,105.43,0.0000,0.0087,1,goal,
4180,288,191.39,8.47,543.62,0.0000,0.0311,1,goal,
4181,203,231.17,11.57,184.25,0.0000,0.0001,1,goal,
4182,210,-160.02,9.40,579.19,0.0000,0.0632,0,collision,
4183,158,337.63,17.50,121.38,0.0000,0.0000,1,goal,
4184,169,266.20,13.84,204.39,0.0000,0.0275,1,goal,
4185,139,-144.76,9.85,419.34,0.0126,0.0000,0,collision,
4186,109,-121.33,16.58,26.73,0.0000,0.0343,0,collision,
4187,98,-143.25,15.22,50.95,0.0204,0.0890,0,collision,
4188,69,-174.46,13.17,-17.77,0.0000,0.0000,0,collision,
4189,144,283.23,17.27,-85.37,0.0000,0.0619,1,goal,
4190,208,-147.01,10.63,407.90,0.0096,0.0691,0,collision,
4191,109,-162.23,8.91,496.62,0.0135,0.0000,0,collision,
4192,91,296.12,25.47,-33.70,0.0000,0.0000,1,goal,
4193,146,292.05,15.67,24.37,0.0000,0.0054,1,goal,
4194,110,-117.89,16.70,94.24,0.0182,0.0041,0,collision,
4195,26,-208.25,3.21,94.75,0.0000,0.0532,0,collision,
4196,29,-193.28,5.55,184.14,0.0690,0.0222,0,collision,
4197,79,-210.47,4.76,371.50,0.0253,0.0169,0,collision,
4198,274,308.74,11.79,746.76,0.0000,0.0307,1,goal,
4199,262,278.88,10.42,702.27,0.0000,0.0000,1,goal,
4200,146,-138.91,11.54,474.24,0.0137,0.0068,0,collision,
4201,65,-137.51,24.51,-58.72,0.0000,0.0338,0,collision,
4202,179,281.65,15.21,109.88,0.0000,0.1036,1,goal,
4203,84,-121.34,24.23,-164.95,0.0000,0.0174,0,collision,
4204,84,-182.28,8.83,110.77,0.0170,0.0000,0,collision,
4205,91,-145.36,11.78,260.99,0.0220,0.0000,0,collision,
4206,283,260.73,8.21,858.08,0.0000,0.0027,1,goal,
1421,169,335.96,16.30,-2.36,0.0000,0.0000,1,goal,
1422,183,-231.96,8.54,365.02,0.0095,0.3359,0,collision,
1423,2,-201.16,0.00,0.10,1.0000,0.0000,0,collision,
1424,130,307.89,17.98,-91.48,0.0000,0.0037,1,goal,
1425,185,254.42,14.98,149.00,0.0000,0.0039,1,goal,
1426,123,313.98,23.40,-90.31,0.0000,0.0000,1,goal,
1427,35,-167.91,18.92,91.30,0.0000,0.0000,0,collision,
1428,97,288.66,24.61,62.16,0.0000,0.0000,1,goal,
1429,202,311.46,11.20,652.90,0.0000,0.0000,1,goal,
1430,298,315.53,9.32,884.90,0.0000,0.0000,1,goal,
4207,198,-363.42,7.85,58.37,0.0000,0.0398,0,collision,
4208,161,306.87,17.70,-86.94,0.0000,0.0184,1,goal,
4209,159,313.21,14.60,121.74,0.0000,0.0000,1,goal,
4210,166,-184.69,10.77,81.53,0.0120,0.0616,0,collision,
4211,130,-91.72,17.80,8.66,0.0154,0.0161,0,collision,
4212,144,273.08,14.40,-44.53,0.0000,0.0159,1,goal,
4213,261,234.53,8.69,599.85,0.0000,0.0326,1,goal,
4214,176,330.67,13.89,555.38,0.0000,0.0000,1,goal,
4215,190,-126.93,10.28,645.27,0.0000,0.0000,0,collision,
4216,94,306.76,28.19,-45.98,0.0000,0.0000,1,goal,
4217,241,-116.92,9.28,782.79,0.0079,0.0195,0,collision,
4218,126,304.28,18.09,170.41,0.0000,0.0056,1,goal,
4219,111,-152.00,12.33,289.22,0.0000,0.0372,0,collision,
4220,138,-123.19,11.83,253.82,0.0000,0.0191,0,collision,
4221,204,-266.01,7.47,309.78,0.0098,0.0239,0,collision,
4222,123,-108.03,15.77,621.96,0.0163,0.0000,0,collision,
4223,77,-168.54,8.27,249.97,0.0000,0.0000,0,collision,
4224,296,304.82,7.84,1279.27,0.0000,0.0068,1,goal,
4225,128,-101.97,16.85,-100.01,0.0000,0.0056,0,collision,
4226,2,-200.32,1.04,2.51,0.0000,0.0000,0,collision,
4227,366,221.20,7.69,852.02,0.0000,0.0346,1,goal,
4228,182,333.79,15.18,282.85,0.0000,0.0164,1,goal,
4229,164,281.96,15.51,8.94,0.0000,0.0855,1,goal,
4230,87,294.46,26.52,-114.74,0.0000,0.0000,1,goal,
1431,289,304.55,8.40,1399.40,0.0000,0.0073,1,goal,
1432,240,344.25,11.56,597.58,0.0000,0.0034,1,goal,
1433,127,-129.85,10.93,280.34,0.0157,0.0000,0,collision,
1434,116,-268.16,1.68,210.49,0.0000,0.0000,0,collision,
1435,309,159.97,7.85,593.79,0.0000,0.0860,1,goal,
1436,277,260.50,10.27,273.61,0.0000,0.0407,1,goal,
1437,56,-175.20,11.86,-7.27,0.0121,0.1256,0,collision,
1438,108,297.66,21.02,-58.57,0.0000,0.0060,1,goal,
1439,203,-200.54,5.29,866.32,0.0099,0.0000,0,collision,
1440,193,265.46,14.46,-53.92,0.0000,0.0105,1,goal,
4231,236,-285.13,6.77,208.81,0.0085,0.0008,0,collision,
4232,242,194.55,9.25,248.03,0.0000,0.1473,1,goal,
4233,305,189.18,7.61,592.20,0.0000,0.0053,1,goal,
4234,2,-201.66,0.00,0.10,1.0000,0.0000,0,collision,
4235,140,297.63,17.78,-17.00,0.0000,0.0000,1,goal,
4236,100,-157.79,10.97,312.08,0.0000,0.0000,0,collision,
4237,180,-85.76,15.82,93.68,0.0111,0.0842,0,collision,
4238,53,-166.65,13.25,257.02,0.0377,0.0207,0,collision,
4239,80,-207.31,4.50,394.53,0.0000,0.0566,0,collision,
4240,241,310.26,10.09,681.39,0.0000,0.0009,1,goal,
4241,88,301.02,30.12,-194.87,0.0000,0.0064,1,goal,
4242,235,210.63,11.30,237.34,0.0000,0.0216,1,goal,
4243,173,275.85,17.49,-39.53,0.0000,0.0050,1,goal,
4244,234,245.62,10.49,361.64,0.0000,0.0033,1,goal,
4245,282,-190.47,7.78,827.36,0.0071,0.0036,0,collision,
4246,52,-156.15,16.70,-63.93,0.0385,0.0329,0,collision,
4247,234,282.50,10.37,416.47,0.0000,0.0196,1,goal,
4248,35,-167.81,19.99,99.82,0.0087,0.0000,0,collision,
4249,188,262.24,12.60,227.83,0.0000,0.0028,1,goal,
4250,159,336.58,17.54,-45.44,0.0000,0.0000,1,goal,
4251,73,-162.16,16.04,-8.70,0.0274,0.0277,0,collision,
4252,237,-217.37,8.59,109.50,0.0000,0.0000,0,collision,
4253,19,-187.96,9.00,89.15,0.0804,0.0482,0,collision,
4254,323,222.01,6.76,1222.48,0.0000,0.0111,1,goal,
4255,158,300.33,12.56,398.14,0.0000,0.0000,1,goal,
4256,169,-150.50,10.52,474.13,0.0000,0.0067,0,collision,
1441,145,291.96,17.99,141.81,0.0000,0.0149,1,goal,
1442,64,-203.79,10.36,95.66,0.0312,0.3374,0,collision,
1443,70,-144.06,21.13,-84.16,0.0286,0.0549,0,collision,
1444,248,268.19,9.11,857.93,0.0000,0.0016,1,goal,
1445,285,313.36,10.69,953.77,0.0000,0.0000,1,goal,
1446,190,317.74,14.63,213.60,0.0000,0.0103,1,goal,
1447,159,294.89,14.50,207.45,0.0000,0.0000,1,goal,
1448,314,245.69,7.93,619.52,0.0000,0.0116,1,goal,
1449,59,-143.65,24.70,-57.51,0.0000,0.0003,0,collision,
1450,296,-240.35,7.61,565.00,0.0000,0.0382,0,collision,
4257,170,-235.84,10.52,413.59,0.0118,0.0329,0,collision,
4258,113,310.35,25.21,-270.19,0.0000,0.0000,1,goal,
4259,184,299.32,16.55,-100.22,0.0000,0.0189,1,goal,
4260,29,-183.42,11.39,139.30,0.0000,0.0000,0,collision,
4261,16,-205.17,2.49,56.19,0.1250,0.0000,0,collision,
4262,292,166.92,8.80,339.14,0.0000,0.1932,1,goal,
4263,234,-327.96,5.53,320.46,0.0000,0.0000,0,collision,
4264,155,-294.35,4.56,4.08,0.0129,0.0000,0,collision,
4265,259,251.71,10.21,428.81,0.0000,0.0109,1,goal,
4266,215,-165.84,9.53,228.20,0.0000,0.0094,0,collision,
4267,272,253.97,9.12,606.38,0.0000,0.0000,1,goal,
4268,61,-173.45,11.26,52.93,0.0000,0.0492,0,collision,
4269,30,-177.28,14.40,69.64,0.0000,0.0000,0,collision,
4270,3,-199.63,2.08,9.94,0.6667,0.0000,0,collision,
4271,2,-200.72,1.04,2.51,0.0000,0.2396,0,collision,
4272,43,-168.52,20.33,-39.31,0.0000,0.0435,0,collision,
4273,178,268.53,13.93,90.45,0.0000,0.0035,1,goal,
4274,197,184.45,13.81,110.83,0.0000,0.0000,1,goal,
4275,183,-135.93,8.48,882.07,0.0000,0.0000,0,collision,
4276,242,-182.49,8.60,674.74,0.0000,0.0043,0,collision,
4277,193,283.74,13.25,512.11,0.0000,0.0000,1,goal,
4278,286,177.28,9.18,242.45,0.0000,0.0777,1,goal,
4279,93,-196.96,9.33,117.56,0.0000,0.1037,0,collision,
4280,196,-122.56,11.96,583.82,0.0000,0.0081,0,collision,
4281,375,-319.57,6.93,575.37,0.0053,0.0567,0,collision,
4282,108,-105.05,20.21,-115.07,0.0185,0.0227,0,collision,
1451,192,316.19,14.26,225.49,0.0000,0.0000,1,goal,
1452,136,245.27,17.61,110.89,0.0000,0.0916,1,goal,
1453,163,-192.26,6.88,410.15,0.0123,0.0186,0,collision,
1454,2,-200.32,1.04,2.51,1.0000,0.0000,0,collision,
1455,189,302.25,12.10,419.13,0.0000,0.0083,1,goal,
1456,209,274.32,11.41,558.34,0.0000,0.0733,1,goal,
1457,94,-190.57,9.28,205.62,0.0000,0.0477,0,collision,
1458,99,-115.35,20.44,-53.97,0.0000,0.0037,0,collision,
1459,273,229.57,10.63,162.57,0.0000,0.0134,1,goal,
1460,176,257.23,14.63,-56.50,0.0000,0.0046,1,goal,
4283,67,-243.21,3.15,269.38,0.0000,0.0000,0,collision,
4284,22,-217.98,1.40,34.02,0.0000,0.0196,0,collision,
4285,172,-224.22,5.35,623.64,0.0000,0.0488,0,collision,
4286,292,-148.48,9.57,702.95,0.0068,0.0210,0,collision,
4287,69,-135.85,20.88,54.40,0.0000,0.0390,0,collision,
4288,210,-182.84,7.00,606.39,0.0000,0.0000,0,collision,
4289,41,-160.94,21.65,-12.83,0.0488,0.0000,0,collision,
4290,92,288.57,25.58,-106.12,0.0000,0.0000,1,goal,
4291,159,275.88,16.31,262.70,0.0000,0.0000,1,goal,
4292,223,-135.57,11.72,388.74,0.0000,0.0077,0,collision,
4293,122,-218.42,4.92,480.58,0.0000,0.0000,0,collision,
4294,21,-188.85,9.88,109.91,0.0952,0.0900,0,collision,
4295,107,-109.21,20.05,-83.78,0.0187,0.0117,0,collision,
4296,216,282.23,12.26,525.07,0.0000,0.0186,1,goal,
4297,196,-82.72,13.76,377.23,0.0000,0.0247,0,collision,
4298,237,264.72,11.27,414.80,0.0000,0.0691,1,goal,
4299,224,226.83,11.00,133.07,0.0000,0.0122,1,goal,
4300,58,-185.41,10.25,115.40,0.0345,0.0570,0,collision,
4301,147,-134.37,9.62,528.63,0.0000,0.0223,0,collision,
4302,236,-146.53,8.75,990.14,0.0000,0.0009,0,collision,
4303,3,-201.58,0.69,2.61,0.0000,0.0000,0,collision,
4304,299,232.68,7.74,935.54,0.0000,0.0373,1,goal,
4305,107,-187.30,6.26,394.97,0.0000,0.0000,0,collision,
4306,378,-154.58,7.53,1267.67,0.0026,0.0328,0,collision,
4307,134,-151.65,7.70,770.71,0.0149,0.0000,0,collision,
4308,130,-153.19,10.02,232.56,0.0000,0.0115,0,collision,
1461,58,-208.85,4.43,286.26,0.0000,0.0000,0,collision,
1462,195,329.54,14.77,227.08,0.0000,0.0036,1,goal,
1463,267,217.91,8.64,716.27,0.0000,0.0139,1,goal,
1464,119,-185.60,7.47,504.99,0.0044,0.0184,0,collision,
1465,2,-200.85,1.04,2.51,0.0000,0.3454,0,collision,
1466,80,-173.38,9.98,360.06,0.0250,0.0081,0,collision,
1467,232,-222.03,4.87,1047.28,0.0086,0.0523,0,collision,
1468,48,-186.72,6.49,200.63,0.0000,0.0225,0,collision,
1469,165,-130.75,10.72,527.08,0.0121,0.0116,0,collision,
1470,237,-173.76,7.82,817.14,0.0000,0.0050,0,collision,
4309,229,-237.42,5.97,888.14,0.0000,0.0000,0,collision,
4310,346,270.43,8.72,984.51,0.0000,0.0037,1,goal,
4311,201,-131.82,9.76,731.76,0.0000,0.0219,0,collision,
4312,2,-201.66,0.00,0.10,0.0000,0.0000,0,collision,
4313,262,-146.52,10.81,94.13,0.0002,0.0380,0,collision,
4314,192,-140.08,8.16,822.86,0.0000,0.0075,0,collision,
4315,53,-231.91,4.28,120.36,0.0182,0.4038,0,collision,
4316,46,-185.50,7.11,181.51,0.0073,0.0000,0,collision,
4317,186,-170.92,7.21,767.17,0.0108,0.0132,0,collision,
4318,83,-137.93,14.81,75.27,0.0000,0.0000,0,collision,
4319,234,247.77,10.99,158.02,0.0000,0.0052,1,goal,
4320,53,-181.84,5.87,352.36,0.0000,0.0185,0,collision,
4321,222,269.38,10.32,554.29,0.0000,0.0030,1,goal,
4322,227,-204.31,8.94,343.87,0.0088,0.2230,0,collision,
4323,218,290.74,13.38,247.60,0.0000,0.0000,1,goal,
4324,169,-174.14,7.09,617.40,0.0000,0.0000,0,collision,
4325,244,-68.96,9.83,1222.92,0.0000,0.0078,0,collision,
4326,321,-208.37,6.94,936.95,0.0062,0.0569,0,collision,
4327,184,345.48,16.04,268.52,0.0000,0.0054,1,goal,
4328,63,-255.05,2.44,166.01,0.0317,0.4543,0,collision,
4329,1,-200.00,0.00,0.00,0.0000,0.0000,0,collision,
4330,117,314.69,23.91,-249.29,0.0000,0.0064,1,goal,
4331,231,353.03,12.43,292.10,0.0000,0.0000,1,goal,
4332,250,260.22,8.97,1024.81,0.0000,0.0000,1,goal,
1471,58,-151.35,24.46,39.56,0.0000,0.0120,0,collision,
1472,72,-141.82,17.91,164.65,0.0278,0.0113,0,collision,
1473,209,286.00,12.28,489.97,0.0000,0.0000,1,goal,
1474,261,290.84,10.21,469.82,0.0000,0.0000,1,goal,
1475,245,315.51,11.77,585.45,0.0000,0.0171,1,goal,
1476,249,271.35,11.77,377.53,0.0000,0.0073,1,goal,
1477,97,-134.91,17.48,173.54,0.0000,0.0245,0,collision,
1478,25,-217.58,1.76,46.33,0.0000,0.0000,0,collision,
1479,327,255.98,9.37,893.21,0.0000,0.0055,1,goal,
1480,168,281.44,14.91,162.87,0.0000,0.0000,1,goal,
4333,199,-8.56,13.72,376.93,0.0045,0.0120,0,removed_unknown,
4334,374,277.89,7.24,1568.59,0.0000,0.0000,1,goal,
4335,263,-221.79,5.32,731.66,0.0000,0.0000,0,collision,
4336,121,-141.24,14.01,188.85,0.0000,0.0045,0,collision,
4337,157,295.83,14.83,497.50,0.0000,0.0002,1,goal,
4338,281,230.14,10.13,124.40,0.0000,0.0048,1,goal,
4339,379,122.54,6.52,1146.31,0.0000,0.0708,1,goal,
4340,166,-109.67,13.90,227.59,0.0120,0.0167,0,collision,
4341,80,-152.71,13.02,209.21,0.0183,0.0026,0,collision,
4342,174,-91.05,13.99,217.58,0.0000,0.0058,0,collision,
4343,299,214.78,8.48,764.39,0.0000,0.0235,1,goal,
4344,171,343.36,17.08,10.07,0.0000,0.0064,1,goal,
4345,363,190.11,7.73,932.13,0.0000,0.0844,1,goal,
4346,136,292.56,19.64,107.49,0.0000,0.0061,1,goal,
4347,291,272.45,10.15,754.48,0.0000,0.0209,1,goal,
4348,101,264.53,16.08,-27.08,0.0000,0.0563,1,goal,
4349,179,-109.16,10.86,570.03,0.0112,0.0000,0,collision,
4350,224,-180.05,8.66,316.41,0.0089,0.0468,0,collision,
1481,262,186.56,9.03,312.02,0.0000,0.0418,1,goal,
1482,229,-200.54,7.90,783.31,0.0000,0.1200,0,collision,
1483,365,224.03,7.18,1147.04,0.0000,0.0073,1,goal,
1484,251,-148.24,8.80,485.05,0.0000,0.0000,0,collision,
1485,43,-164.02,16.33,-23.02,0.0465,0.0000,0,collision,
1486,266,187.47,9.26,341.44,0.0000,0.0000,1,goal,
1487,170,-148.81,12.96,92.92,0.0118,0.0000,0,collision,
1488,311,217.80,7.52,1329.65,0.0000,0.0031,1,goal,
1489,192,-264.15,8.10,3.63,0.0093,0.2456,0,collision,
1490,281,258.57,9.00,746.92,0.0000,0.0016,1,goal,
4351,433,-349.71,5.31,1382.20,0.0000,0.0315,0,collision,
4352,116,-148.67,11.81,199.71,0.0172,0.0441,0,collision,
4353,94,-190.58,8.24,303.21,0.0213,0.0000,0,collision,
4354,326,296.49,9.25,1047.80,0.0000,0.0048,1,goal,
4355,192,-177.72,10.08,384.57,0.0104,0.0395,0,collision,
4356,159,-84.17,16.15,55.47,0.0126,0.0037,0,collision,
4357,423,157.01,7.03,1022.03,0.0000,0.0413,1,goal,
4358,135,327.89,20.67,-102.76,0.0000,0.0000,1,goal,
4359,348,277.22,8.22,1136.91,0.0000,0.0038,1,goal,
4360,113,-144.54,12.99,154.27,0.0087,0.0004,0,collision,
4361,319,157.81,7.33,895.48,0.0000,0.0756,1,goal,
4362,85,-216.45,3.46,331.51,0.0000,0.0000,0,collision,
4363,200,118.51,13.19,638.82,0.0100,0.0000,0,removed_unknown,
4364,207,296.65,12.12,193.30,0.0000,0.0053,1,goal,
4365,283,-164.22,8.46,675.84,0.0071,0.0156,0,collision,
4366,180,320.04,12.45,272.77,0.0000,0.0059,1,goal,
4367,146,321.55,15.97,148.87,0.0000,0.0000,1,goal,
4368,156,-202.56,7.50,303.92,0.0000,0.0281,0,collision,
4369,311,302.91,9.41,1104.39,0.0000,0.0000,1,goal,
4370,52,-170.52,15.62,-28.01,0.0000,0.0000,0,collision,
4371,47,-165.13,18.65,-63.85,0.0426,0.0000,0,collision,
1491,197,-232.79,7.01,487.19,0.0000,0.1369,0,collision,
1492,138,-195.92,6.71,486.33,0.0145,0.0230,0,collision,
1493,277,279.11,9.09,1044.75,0.0000,0.0230,1,goal,
1494,326,297.89,9.04,1070.66,0.0000,0.0166,1,goal,
1495,58,-146.93,23.25,-65.10,0.0345,0.0397,0,collision,
1496,207,285.70,11.97,630.54,0.0000,0.0000,1,goal,
1497,244,316.92,10.19,1177.81,0.0000,0.0053,1,goal,
1498,3,-202.52,0.00,0.20,0.0000,0.0000,0,collision,
1499,388,232.43,7.02,1284.96,0.0000,0.0000,1,goal,
1500,146,277.46,15.93,76.18,0.0000,0.0000,1,goal,
4372,182,-210.26,12.00,437.29,0.0000,0.0056,0,collision,
4373,95,-172.38,7.33,359.38,0.0211,0.0000,0,collision,
4374,238,299.95,9.46,865.32,0.0000,0.0091,1,goal,
4375,330,-178.67,6.27,1339.70,0.0000,0.0123,0,collision,
4376,161,330.79,15.95,148.23,0.0000,0.0000,1,goal,
4377,271,264.92,10.07,606.62,0.0000,0.0159,1,goal,
4378,100,-114.36,19.21,61.22,0.0000,0.0175,0,collision,
4379,204,318.82,11.19,803.94,0.0000,0.0000,1,goal,
4380,353,206.61,8.31,923.81,0.0000,0.0927,1,goal,
4381,122,-239.00,6.49,170.53,0.0000,0.1958,0,collision,
4382,209,-316.38,5.09,337.91,0.0096,0.2840,0,collision,
4383,118,292.59,19.12,171.12,0.0000,0.0000,1,goal,
4384,54,-160.60,17.66,79.77,0.0000,0.0272,0,collision,
4385,174,-86.03,12.67,536.22,0.0000,0.0000,0,collision,
4386,91,-145.56,10.29,286.69,0.0220,0.0000,0,collision,
4387,232,-154.82,9.65,582.10,0.0000,0.1124,0,collision,
4388,2,-201.66,0.00,0.10,1.0000,0.0000,0,collision,
4389,217,299.66,11.48,394.84,0.0000,0.0036,1,goal,
4390,84,-230.26,3.00,286.02,0.0238,0.0065,0,collision,
4391,299,193.19,8.70,246.42,0.0000,0.0930,1,goal,
4392,76,-241.98,3.73,188.83,0.0000,0.0432,0,collision,
4393,222,235.80,10.95,40.09,0.0000,0.0000,1,goal,
4394,220,333.05,12.71,616.02,0.0000,0.0025,1,goal,
1501,171,308.68,13.28,787.06,0.0000,0.0000,1,goal,
1502,258,260.61,8.58,1229.76,0.0000,0.0138,1,goal,
1503,178,-259.32,4.75,530.99,0.0112,0.0890,0,collision,
1504,273,226.13,9.15,507.22,0.0000,0.0000,1,goal,
1505,485,-360.70,5.68,827.22,0.0041,0.0508,0,collision,
1506,190,242.11,12.82,228.46,0.0000,0.0039,1,goal,
1507,180,262.91,12.70,374.85,0.0000,0.0238,1,goal,
1508,224,256.24,10.99,155.40,0.0000,0.0036,1,goal,
1509,193,-255.68,6.80,241.89,0.0104,0.0061,0,collision,
1510,140,-106.23,18.87,-76.24,0.0143,0.0302,0,collision,
4395,124,-205.68,10.69,227.00,0.0161,0.0234,0,collision,
4396,168,301.37,14.02,300.96,0.0000,0.0000,1,goal,
4397,332,220.94,7.58,921.45,0.0000,0.0203,1,goal,
4398,247,319.14,11.34,676.58,0.0000,0.0000,1,goal,
4399,212,256.36,11.86,534.89,0.0000,0.0021,1,goal,
4400,134,-230.13,6.06,296.33,0.0149,0.0089,0,collision,
4401,94,295.79,24.68,-105.74,0.0000,0.0000,1,goal,
4402,234,243.61,10.66,356.29,0.0000,0.0044,1,goal,
4403,128,322.50,22.69,-394.16,0.0000,0.0022,1,goal,
4404,250,256.12,12.03,222.91,0.0000,0.0042,1,goal,
4405,331,300.88,7.52,1857.99,0.0000,0.0000,1,goal,
4406,334,190.31,7.56,695.34,0.0000,0.0647,1,goal,
4407,40,-165.73,22.64,86.43,0.0500,0.0159,0,collision,
4408,286,-138.30,8.42,1178.83,0.0000,0.0085,0,collision,
4409,48,-163.43,18.12,-7.05,0.0218,0.0522,0,collision,
4410,33,-178.75,17.27,-19.83,0.0000,0.1886,0,collision,
4411,243,-204.79,7.70,443.92,0.0007,0.0164,0,collision,
4412,164,-131.60,11.06,661.49,0.0000,0.0229,0,collision,
4413,304,188.10,7.76,598.31,0.0000,0.0543,1,goal,
4414,100,-170.36,10.26,443.63,0.0000,0.0546,0,collision,
4415,229,294.59,10.87,831.26,0.0000,0.0032,1,goal,
1511,264,-86.42,9.52,1031.44,0.0000,0.0045,0,collision,
1512,106,297.82,24.38,-147.39,0.0000,0.0000,1,goal,
1513,2,-200.32,1.04,2.51,0.0000,0.0000,0,collision,
1514,264,323.47,10.55,809.38,0.0000,0.0478,1,goal,
1515,45,-165.70,14.40,148.38,0.0444,0.0182,0,collision,
1516,221,-93.40,9.58,929.34,0.0090,0.0288,0,collision,
1517,170,-206.22,8.11,679.80,0.0118,0.2645,0,collision,
1518,141,-220.55,6.31,324.58,0.0142,0.0217,0,collision,
1519,66,-139.26,20.58,-3.98,0.0000,0.0000,0,collision,
1520,95,-159.45,8.80,477.20,0.0000,0.0000,0,collision,
4416,235,-47.19,12.88,-91.13,0.0000,0.0172,0,removed_unknown,
4417,222,253.28,10.09,335.13,0.0000,0.0240,1,goal,
4418,123,-227.69,5.52,304.03,0.0163,0.0359,0,collision,
4419,68,-177.28,6.23,377.55,0.0000,0.0000,0,collision,
4420,254,263.09,9.06,797.24,0.0000,0.0016,1,goal,
4421,232,299.84,11.44,694.81,0.0000,0.0000,1,goal,
4422,292,233.81,8.52,717.89,0.0000,0.0049,1,goal,
4423,2,-201.66,0.00,0.10,0.0000,0.0000,0,collision,
4424,233,271.90,11.02,234.00,0.0000,0.0189,1,goal,
4425,133,-230.28,5.25,159.26,0.0150,0.0437,0,collision,
4426,299,249.00,8.40,901.94,0.0000,0.0282,1,goal,
4427,278,275.25,9.60,485.86,0.0000,0.0000,1,goal,
4428,171,-159.55,9.03,704.62,0.0000,0.0075,0,collision,
4429,53,-145.85,27.31,-13.64,0.0377,0.0000,0,collision,
4430,2,-200.86,0.00,0.10,0.3381,0.0000,0,collision,
4431,318,324.56,8.83,1396.30,0.0000,0.0212,1,goal,
4432,195,-139.00,8.66,791.00,0.0103,0.0100,0,collision,
4433,128,-100.73,20.14,162.05,0.0037,0.0101,0,collision,
4434,79,-166.05,18.12,124.18,0.0000,0.1034,0,collision,
4435,172,338.34,17.83,65.72,0.0000,0.0089,1,goal,
4436,155,299.86,15.39,103.94,0.0000,0.0000,1,goal,
4437,332,157.72,7.03,717.16,0.0000,0.0990,1,goal,
4438,62,-168.80,10.94,173.21,0.0323,0.0169,0,collision,
1521,144,315.73,18.59,713.82,0.0000,0.0253,1,goal,
1522,126,296.48,20.31,-39.22,0.0000,0.0092,1,goal,
1523,142,-80.87,18.83,-88.99,0.0000,0.0077,0,collision,
1524,48,-164.80,21.12,25.27,0.0000,0.0262,0,collision,
1525,160,278.68,16.67,168.49,0.0000,0.0695,1,goal,
1526,245,219.90,10.09,432.76,0.0000,0.0068,1,goal,
1527,103,305.18,27.12,-211.61,0.0000,0.0000,1,goal,
1528,283,298.57,9.33,878.05,0.0000,0.0010,1,goal,
1529,67,-161.31,17.81,26.48,0.0299,0.0000,0,collision,
1530,203,189.58,12.12,193.13,0.0000,0.0000,1,goal,
4439,172,220.32,8.07,461.42,0.0000,0.0000,1,goal,
4440,124,-85.89,24.01,-277.74,0.0000,0.0000,0,collision,
4441,83,-143.11,18.57,-52.85,0.0000,0.0175,0,collision,
4442,210,-158.99,7.89,708.47,0.0000,0.0205,0,collision,
4443,124,-94.79,17.43,67.85,0.0000,0.0000,0,collision,
4444,81,-142.40,12.99,292.40,0.0000,0.0000,0,collision,
4445,140,312.46,20.39,138.86,0.0000,0.0160,1,goal,
4446,187,-72.70,14.47,188.26,0.0000,0.0016,0,collision,
4447,64,-158.95,13.27,246.97,0.0000,0.0126,0,collision,
4448,148,289.20,15.23,39.58,0.0000,0.0094,1,goal,
4449,83,-127.34,26.96,-117.83,0.0241,0.0046,0,collision,
4450,25,-182.41,15.36,23.34,0.0000,0.0367,0,collision,
4451,200,-110.28,12.66,590.78,0.0000,0.0242,0,collision,
4452,98,-112.47,22.85,-131.07,0.0179,0.0483,0,collision,
4453,114,288.34,19.45,129.07,0.0000,0.0110,1,goal,
4454,123,273.33,19.06,45.03,0.0000,0.0237,1,goal,
4455,137,-97.20,15.59,341.34,0.0000,0.0303,0,collision,
4456,57,-157.44,16.72,-19.26,0.0351,0.0000,0,collision,
4457,189,242.73,14.16,421.87,0.0000,0.1548,1,goal,
4458,315,219.85,8.47,352.99,0.0000,0.0269,1,goal,
4459,202,-175.43,9.42,502.16,0.0000,0.0012,0,collision,
4460,150,-254.22,5.41,481.03,0.0005,0.3317,0,collision,
4461,290,202.55,8.57,651.19,0.0000,0.0048,1,goal,
4462,221,333.22,12.11,567.34,0.0000,0.0000,1,goal,
4463,83,-159.28,13.66,252.87,0.0000,0.0362,0,collision,
4464,158,-139.16,12.78,-16.77,0.0127,0.0896,0,collision,
4465,345,223.58,7.59,962.26,0.0000,0.0689,1,goal,
4466,93,-196.93,7.87,372.20,0.0215,0.1641,0,collision,
1531,229,213.71,8.80,462.12,0.0000,0.0941,1,goal,
1532,97,-156.60,15.32,253.23,0.0107,0.0168,0,collision,
1533,46,-176.85,14.05,84.74,0.0000,0.0439,0,collision,
1534,180,313.13,15.88,207.86,0.0000,0.0563,1,goal,
1535,134,302.30,19.29,159.69,0.0000,0.0000,1,goal,
1536,200,270.88,11.20,436.86,0.0000,0.0056,1,goal,
1537,46,-166.79,14.10,115.42,0.0000,0.0652,0,collision,
1538,228,247.12,12.54,410.96,0.0000,0.0000,1,goal,
1539,130,56.03,17.85,113.61,0.0154,0.0064,0,removed_unknown,
1540,218,-153.76,8.65,969.72,0.0092,0.0505,0,collision,
4467,111,-185.89,11.07,491.62,0.0000,0.0002,0,collision,
4468,222,272.13,11.02,658.17,0.0000,0.0000,1,goal,
4469,185,306.85,12.26,648.29,0.0000,0.0169,1,goal,
4470,181,299.02,13.74,616.69,0.0000,0.0000,1,goal,
4471,91,-122.62,21.39,20.21,0.0000,0.0069,0,collision,
4472,142,-126.36,12.74,528.82,0.0141,0.0090,0,collision,
4473,326,179.08,8.53,284.00,0.0000,0.0270,1,goal,
4474,106,-151.05,9.21,577.77,0.0000,0.0000,0,collision,
4475,254,-156.42,9.49,614.50,0.0079,0.0166,0,collision,
4476,293,-166.69,7.33,922.38,0.0000,0.0085,0,collision,
4477,271,260.72,11.31,457.86,0.0000,0.0000,1,goal,
4478,46,-176.44,14.42,-60.17,0.0435,0.0647,0,collision,
4479,240,-152.74,7.77,1024.15,0.0000,0.0223,0,collision,
4480,234,261.29,10.24,434.12,0.0000,0.0201,1,goal,
4481,63,-141.67,23.13,-52.16,0.0000,0.0329,0,collision,
4482,95,-129.78,13.80,187.27,0.0000,0.0267,0,collision,
4483,14,-193.37,5.96,124.55,0.0000,0.0000,0,collision,
4484,3,-202.08,0.69,1.84,0.6667,0.0000,0,collision,
4485,140,315.94,19.20,38.06,0.0000,0.0061,1,goal,
4486,250,184.40,9.01,591.09,0.0000,0.0163,1,goal,
4487,200,322.39,13.96,336.52,0.0000,0.0110,1,goal,
4488,210,-191.10,8.42,548.37,0.0095,0.0000,0,collision,
4489,314,-184.26,7.32,700.50,0.0000,0.0589,0,collision,
4490,102,-235.42,6.65,189.68,0.0000,0.3267,0,collision,
1541,97,-127.38,13.79,37.43,0.0206,0.0291,0,collision,
1542,5,-202.25,1.25,10.14,0.4000,0.0000,0,collision,
1543,304,268.61,8.73,1160.13,0.0000,0.0000,1,goal,
1544,345,289.85,8.07,1303.75,0.0000,0.0000,1,goal,
1545,247,260.50,10.07,544.90,0.0000,0.0197,1,goal,
1546,98,295.93,22.83,70.43,0.0000,0.0000,1,goal,
1547,129,-107.06,15.85,258.05,0.0000,0.0280,0,collision,
1548,329,221.46,7.07,1056.89,0.0000,0.0207,1,goal,
1549,106,306.74,24.43,101.50,0.0000,0.0000,1,goal,
1550,148,334.26,19.80,-116.87,0.0000,0.0000,1,goal,
4491,164,236.41,16.42,251.62,0.0000,0.0000,1,goal,
4492,21,-185.04,14.95,26.19,0.0952,0.0000,0,collision,
4493,316,212.94,8.46,568.14,0.0000,0.0053,1,goal,
4494,188,-92.07,14.98,167.04,0.0000,0.0098,0,collision,
4495,168,330.35,16.07,473.51,0.0000,0.0049,1,goal,
4496,199,342.45,14.28,402.67,0.0000,0.0047,1,goal,
4497,108,-226.40,5.29,483.50,0.0000,0.0517,0,collision,
4498,63,-204.10,5.07,212.43,0.0317,0.0000,0,collision,
4499,231,310.91,9.71,984.31,0.0000,0.0000,1,goal,
4500,109,-119.44,15.83,132.22,0.0000,0.0000,0,collision,
4501,353,147.42,6.97,953.73,0.0000,0.0830,1,goal,
4502,3,-199.63,2.08,9.94,0.6667,0.0000,0,collision,
4503,96,-174.99,6.46,484.54,0.0208,0.0000,0,collision,
4504,58,-138.01,26.33,-44.23,0.0000,0.0000,0,collision,
4505,116,-176.18,9.86,243.16,0.0000,0.0016,0,collision,
4506,185,300.10,13.40,432.89,0.0000,0.0144,1,goal,
4507,3,-202.08,0.69,2.61,0.6667,0.0000,0,collision,
4508,257,259.73,8.76,831.39,0.0000,0.0000,1,goal,
4509,114,-153.79,10.15,227.85,0.0175,0.0000,0,collision,
4510,141,-70.52,20.17,-225.01,0.0000,0.0064,0,collision,
4511,228,266.91,10.20,700.21,0.0000,0.0000,1,goal,
4512,57,-165.47,15.50,-84.75,0.0351,0.1003,0,collision,
4513,363,-261.13,6.74,975.10,0.0055,0.0023,0,collision,
4514,205,323.26,14.12,326.32,0.0000,0.0000,1,goal,
4515,198,-117.05,10.43,293.18,0.0101,0.0000,0,collision,
4516,200,-181.63,9.80,270.92,0.0000,0.0000,0,collision,
1551,349,166.82,7.08,773.94,0.0000,0.1177,1,goal,
1552,288,184.04,7.47,802.75,0.0000,0.0033,1,goal,
1553,193,250.58,12.82,133.19,0.0000,0.0000,1,goal,
1554,205,-280.76,4.71,404.09,0.0098,0.0489,0,collision,
1555,118,314.63,24.73,-174.45,0.0000,0.0015,1,goal,
1556,122,-261.55,3.63,362.24,0.0010,0.1713,0,collision,
1557,247,-112.21,11.73,536.73,0.0000,0.0156,0,collision,
1558,3,-202.08,0.69,2.61,0.6667,0.0000,0,collision,
1559,4,-203.74,0.52,1.94,0.0000,0.0000,0,collision,
1560,283,275.75,8.02,923.19,0.0000,0.0170,1,goal,
4517,56,-216.86,12.21,75.17,0.0000,0.0129,0,collision,
4518,168,328.73,19.05,-132.41,0.0000,0.0039,1,goal,
4519,406,157.01,7.09,773.49,0.0000,0.0185,1,goal,
4520,345,189.08,6.59,1159.28,0.0000,0.0403,1,goal,
4521,340,267.23,7.18,1363.58,0.0000,0.0228,1,goal,
4522,356,-176.27,6.76,1373.29,0.0056,0.0027,0,collision,
4523,172,-161.76,7.86,743.58,0.0000,0.0093,0,collision,
4524,283,263.92,9.85,1001.48,0.0000,0.0151,1,goal,
4525,351,188.44,6.97,973.02,0.0000,0.0057,1,goal,
4526,3,-199.63,2.08,9.94,0.0000,0.0000,0,collision,
4527,246,339.60,11.64,562.30,0.0000,0.0193,1,goal,
4528,334,243.19,8.20,873.06,0.0000,0.0014,1,goal,
4529,83,-197.46,4.34,391.85,0.0241,0.0000,0,collision,
4530,82,-217.09,3.81,237.56,0.0244,0.0000,0,collision,
4531,36,-210.32,3.16,127.53,0.0000,0.1151,0,collision,
4532,285,271.18,9.23,1028.05,0.0000,0.0168,1,goal,
4533,244,277.13,9.86,827.47,0.0000,0.0234,1,goal,
1561,44,-162.32,22.12,8.19,0.0000,0.0180,0,collision,
1562,114,-177.42,12.28,164.99,0.0175,0.2114,0,collision,
1563,147,-168.82,13.90,-43.72,0.0000,0.0427,0,collision,
1564,1,-200.00,0.00,0.00,0.0000,0.0000,0,collision,
1565,218,294.76,11.55,642.75,0.0000,0.0000,1,goal,
1566,294,-201.63,8.86,473.59,0.0000,0.0000,0,collision,
1567,43,-161.06,18.30,85.38,0.0465,0.0193,0,collision,
1568,64,-160.35,14.03,79.02,0.0000,0.0000,0,collision,
1569,100,-171.67,8.50,442.41,0.0200,0.0170,0,collision,
1570,177,-190.41,7.84,445.21,0.0000,0.0067,0,collision,
4534,385,-171.35,7.49,1683.52,0.0000,0.0059,0,collision,
4535,46,-177.49,8.54,266.92,0.0435,0.0711,0,collision,
4536,289,-232.10,7.86,571.42,0.0069,0.0867,0,collision,
4537,123,320.95,22.51,-110.65,0.0000,0.0000,1,goal,
4538,200,-116.16,10.64,347.72,0.0100,0.0177,0,collision,
4539,21,-189.92,11.28,73.89,0.0000,0.0281,0,collision,
4540,1,-200.00,0.00,0.00,0.0000,0.0000,0,collision,
4541,91,-164.78,13.76,20.06,0.0220,0.0078,0,collision,
4542,51,-204.95,4.85,230.00,0.0000,0.1273,0,collision,
4543,22,-184.75,9.97,178.41,0.0909,0.0000,0,collision,
4544,192,289.49,12.09,175.88,0.0000,0.0539,1,goal,
4545,18,-208.64,1.92,36.73,0.0000,0.0000,0,collision,
4546,211,-164.51,9.39,450.69,0.0000,0.0051,0,collision,
4547,6,-204.67,1.04,6.20,0.3333,0.0000,0,collision,
4548,161,-149.27,9.21,466.84,0.0000,0.0098,0,collision,
4549,108,289.47,21.36,45.60,0.0000,0.0000,1,goal,
4550,187,-223.88,6.19,391.95,0.0107,0.0022,0,collision,
4551,141,-195.46,11.86,259.32,0.0000,0.2073,0,collision,
4552,314,275.67,8.71,930.49,0.0000,0.0045,1,goal,
4553,53,-168.12,15.83,164.61,0.0329,0.0200,0,collision,
4554,240,296.95,9.44,736.18,0.0000,0.0089,1,goal,
4555,194,246.47,14.23,-13.84,0.0000,0.0268,1,goal,
4556,247,288.80,11.23,442.63,0.0000,0.0146,1,goal,
4557,345,257.15,8.21,1084.71,0.0000,0.0579,1,goal,
4558,259,226.69,10.46,239.66,0.0000,0.0000,1,goal,
4559,45,-177.28,15.54,67.49,0.0000,0.0000,0,collision,
4560,137,318.70,21.42,234.41,0.0000,0.0000,1,goal,
4561,245,304.44,9.95,750.30,0.0000,0.0000,1,goal,
1571,154,-148.60,11.79,365.48,0.0000,0.0126,0,collision,
1572,154,313.72,18.17,159.21,0.0000,0.0179,1,goal,
1573,67,-140.24,21.87,-94.24,0.0000,0.0154,0,collision,
1574,339,248.38,7.44,1435.75,0.0000,0.0031,1,goal,
1575,144,-137.91,10.70,552.79,0.0000,0.0270,0,collision,
1576,9,-204.10,1.69,16.93,0.2222,0.0000,0,collision,
1577,76,-157.56,10.54,301.85,0.0000,0.0000,0,collision,
1578,61,-208.93,4.15,280.98,0.0275,0.0964,0,collision,
1579,40,-204.99,3.61,193.37,0.0500,0.0056,0,collision,
1580,199,285.35,13.74,268.00,0.0000,0.0000,1,goal,
4562,179,-232.89,11.84,201.09,0.0000,0.0060,0,collision,
4563,175,-222.71,8.00,343.84,0.0114,0.2915,0,collision,
4564,358,208.36,6.46,1334.21,0.0000,0.0068,1,goal,
4565,216,-174.16,8.26,891.10,0.0062,0.1178,0,collision,
4566,138,-123.23,11.45,472.23,0.0000,0.0297,0,collision,
4567,181,267.99,12.13,154.09,0.0000,0.0263,1,goal,
4568,89,-141.98,16.80,29.42,0.0000,0.0086,0,collision,
4569,186,317.48,15.08,328.01,0.0000,0.0240,1,goal,
4570,43,-180.82,13.96,117.62,0.0465,0.0000,0,collision,
4571,212,-108.46,12.63,547.56,0.0000,0.0187,0,collision,
4572,73,286.59,31.78,-159.79,0.0000,0.0000,1,goal,
4573,143,315.14,18.64,93.29,0.0000,0.0197,1,goal,
4574,61,-156.20,21.76,-72.60,0.0328,0.0361,0,collision,
4575,214,296.31,13.65,9.45,0.0000,0.0000,1,goal,
4576,277,238.64,9.20,979.78,0.0000,0.0288,1,goal,
4577,122,-104.39,19.48,-99.76,0.0000,0.0323,0,collision,
4578,42,-166.79,15.06,110.84,0.0476,0.0000,0,collision,
4579,84,278.54,27.19,-113.68,0.0000,0.0000,1,goal,
4580,198,323.12,15.43,87.51,0.0000,0.0128,1,goal,
4581,129,278.72,17.97,112.55,0.0000,0.0132,1,goal,
4582,205,282.81,12.84,122.16,0.0000,0.0575,1,goal,
4583,159,300.47,17.26,146.99,0.0000,0.0000,1,goal,
4584,45,-171.32,14.97,44.52,0.0000,0.0000,0,collision,
4585,187,-126.75,11.83,456.35,0.0107,0.0416,0,collision,
4586,151,-215.36,5.86,595.73,0.0132,0.1126,0,collision,
4587,109,-110.94,17.93,340.94,0.0000,0.0179,0,collision,
1581,162,323.05,16.98,557.63,0.0000,0.0000,1,goal,
1582,57,-167.00,11.54,213.52,0.0000,0.0537,0,collision,
1583,159,299.78,13.79,161.24,0.0000,0.0000,1,goal,
1584,114,283.87,20.03,72.77,0.0000,0.0000,1,goal,
1585,153,301.29,14.78,289.01,0.0000,0.0000,1,goal,
1586,132,-90.16,18.49,-339.85,0.0152,0.0131,0,collision,
1587,154,-157.61,10.20,337.75,0.0000,0.0543,0,collision,
1588,55,-145.37,24.66,-71.76,0.0000,0.0175,0,collision,
1589,133,-117.56,13.03,380.30,0.0000,0.0048,0,collision,
1590,43,-167.80,15.05,-4.14,0.0000,0.0501,0,collision,
4588,278,-128.80,12.18,786.95,0.0000,0.0095,0,collision,
4589,249,283.24,10.30,727.57,0.0000,0.0161,1,goal,
4590,217,-168.73,9.43,690.95,0.0092,0.0095,0,collision,
4591,147,-105.13,12.33,560.81,0.0136,0.0273,0,collision,
4592,93,-162.44,11.21,326.99,0.0000,0.0000,0,collision,
4593,297,-109.61,10.21,617.02,0.0000,0.0096,0,collision,
4594,252,301.20,11.60,340.60,0.0000,0.0006,1,goal,
4595,206,321.94,13.98,314.21,0.0000,0.0505,1,goal,
4596,102,299.96,24.74,-156.09,0.0000,0.0264,1,goal,
4597,253,-151.95,10.49,315.68,0.0066,0.0216,0,collision,
4598,107,-136.94,14.52,69.97,0.0187,0.0098,0,collision,
4599,167,307.75,12.85,3.96,0.0000,0.0064,1,goal,
4600,90,-208.29,7.37,90.37,0.0222,0.2052,0,collision,
4601,93,-147.22,13.54,138.41,0.0000,0.0143,0,collision,
4602,2,-200.32,1.04,2.51,0.0000,0.0000,0,collision,
4603,243,220.71,10.65,287.40,0.0000,0.0468,1,goal,
4604,239,258.44,11.02,372.82,0.0000,0.0091,1,goal,
4605,133,-141.69,13.36,347.68,0.0000,0.0212,0,collision,
4606,197,318.75,12.36,548.61,0.0000,0.0000,1,goal,
4607,4,-203.84,0.52,1.94,0.5000,0.0000,0,collision,
4608,75,286.13,30.79,-57.44,0.0000,0.0000,1,goal,
4609,148,-128.28,13.40,431.13,0.0000,0.0289,0,collision,
4610,70,-219.76,4.27,309.20,0.0286,0.1883,0,collision,
4611,118,292.54,19.17,49.37,0.0000,0.0071,1,goal,
4612,167,341.08,18.19,105.40,0.0000,0.0258,1,goal,
4613,106,297.00,23.08,-90.47,0.0000,0.0000,1,goal,
4614,33,-192.73,8.08,261.61,0.0000,0.0000,0,collision,
4615,157,290.60,14.60,137.19,0.0000,0.0000,1,goal,
4616,42,-182.11,6.82,295.66,0.0000,0.0911,0,collision,
1591,28,-180.79,9.18,198.68,0.0714,0.0000,0,collision,
1592,90,-150.23,20.00,-151.53,0.0222,0.0388,0,collision,
1593,2,-200.32,1.04,2.51,0.0000,0.0000,0,collision,
1594,132,295.47,19.00,291.07,0.0000,0.0000,1,goal,
1595,114,296.77,19.75,138.36,0.0000,0.0000,1,goal,
1596,50,-162.20,18.79,69.50,0.0204,0.0322,0,collision,
1597,291,218.73,9.50,494.85,0.0000,0.0667,1,goal,
1598,240,312.86,12.67,498.87,0.0000,0.0054,1,goal,
1599,68,-156.16,15.80,102.27,0.0000,0.0117,0,collision,
1600,291,284.21,10.00,1037.72,0.0000,0.0007,1,goal,
4617,136,-220.87,14.48,371.78,0.0000,0.0237,0,collision,
4618,2,-201.16,0.00,0.10,1.0000,0.0000,0,collision,
4619,207,-179.02,9.98,322.10,0.0000,0.1232,0,collision,
4620,172,-87.83,14.45,76.99,0.0116,0.0052,0,collision,
4621,38,-179.35,8.70,241.19,0.0526,0.0000,0,collision,
4622,35,-182.58,13.39,76.26,0.0571,0.2203,0,collision,
4623,50,-169.60,9.95,336.69,0.0000,0.0000,0,collision,
4624,192,-115.59,11.68,151.64,0.0000,0.0194,0,collision,
4625,87,-144.77,13.45,300.95,0.0000,0.0613,0,collision,
4626,63,-194.22,8.24,175.74,0.0317,0.1191,0,collision,
4627,131,303.47,20.46,19.36,0.0000,0.0027,1,goal,
4628,123,-184.67,8.28,381.19,0.0163,0.0304,0,collision,
4629,23,-191.19,6.96,156.67,0.0000,0.0000,0,collision,
4630,107,-143.05,11.51,299.65,0.0187,0.0258,0,collision,
4631,130,-142.71,14.07,246.48,0.0000,0.0340,0,collision,
4632,70,-137.35,19.03,-36.33,0.0286,0.0000,0,collision,
4633,87,-184.61,7.64,305.37,0.0000,0.0764,0,collision,
4634,139,-167.53,7.65,581.48,0.0144,0.0141,0,collision,
4635,189,262.10,15.04,-216.15,0.0000,0.0000,1,goal,
4636,74,-132.42,20.70,-95.56,0.0127,0.0000,0,collision,
4637,143,-94.30,16.72,-29.61,0.0025,0.0054,0,collision,
4638,230,239.62,11.40,46.71,0.0000,0.0000,1,goal,
4639,15,-191.18,11.76,62.26,0.0000,0.0764,0,collision,
4640,80,269.17,22.97,-90.14,0.0000,0.0000,1,goal,
4641,225,251.80,12.46,251.68,0.0000,0.0000,1,goal,
4642,101,-117.57,17.32,-62.97,0.0000,0.0033,0,collision,
4643,217,233.79,11.49,-97.22,0.0000,0.0154,1,goal,
4644,135,312.36,22.45,-142.61,0.0000,0.0764,1,goal,
4645,90,-178.42,7.06,535.27,0.0222,0.1515,0,collision,
4646,180,333.93,16.21,121.80,0.0000,0.0041,1,goal,
4647,59,-180.05,7.06,276.27,0.0339,0.0414,0,collision,
4648,26,-183.55,12.74,186.06,0.0000,0.0133,0,collision,
4649,103,-141.15,11.66,467.55,0.0000,0.0000,0,collision,
4650,71,-159.14,9.50,355.79,0.0282,0.0390,0,collision,
4651,81,290.65,30.34,-77.85,0.0000,0.0000,1,goal,
1601,252,309.18,9.00,970.60,0.0000,0.0000,1,goal,
1602,161,321.04,16.35,254.54,0.0000,0.0063,1,goal,
1603,149,317.82,16.91,162.94,0.0000,0.0000,1,goal,
1604,112,-103.36,19.16,-97.60,0.0179,0.0000,0,collision,
1605,279,243.32,7.98,861.49,0.0000,0.0300,1,goal,
1606,117,109.62,23.70,95.56,0.0000,0.0000,0,removed_unknown,
1607,170,-141.06,7.61,1034.01,0.0118,0.0400,0,collision,
1608,62,-232.71,4.24,236.07,0.0323,0.4436,0,collision,
1609,282,248.48,9.20,527.34,0.0000,0.0119,1,goal,
1610,4,-203.84,0.52,1.94,0.5000,0.0000,0,collision,
4652,292,-115.73,8.39,1185.82,0.0068,0.0249,0,collision,
4653,191,-124.47,11.03,405.28,0.0105,0.0000,0,collision,
4654,200,-266.92,3.74,722.49,0.0000,0.1271,0,collision,
4655,154,-179.31,8.50,498.68,0.0124,0.0258,0,collision,
4656,246,329.47,11.53,862.80,0.0000,0.0000,1,goal,
4657,57,-210.21,3.07,197.28,0.0000,0.0000,0,collision,
4658,280,-112.67,7.85,1156.40,0.0061,0.0139,0,collision,
4659,350,159.70,7.80,671.32,0.0000,0.0804,1,goal,
4660,135,312.44,15.73,-46.34,0.0000,0.0086,1,goal,
4661,128,286.79,17.17,10.00,0.0000,0.0000,1,goal,
4662,286,223.67,8.28,736.32,0.0000,0.0834,1,goal,
4663,139,325.34,20.32,-102.12,0.0000,0.0046,1,goal,
4664,176,297.58,13.55,246.69,0.0000,0.0000,1,goal,
4665,77,292.23,31.74,-183.59,0.0000,0.0000,1,goal,
4666,303,-180.93,8.99,623.84,0.0066,0.0114,0,collision,
4667,106,-143.80,12.65,250.19,0.0000,0.0164,0,collision,
4668,199,227.94,11.99,335.09,0.0000,0.0000,1,goal,
4669,290,310.86,9.62,1150.61,0.0000,0.0043,1,goal,
4670,86,-138.57,16.75,-59.84,0.0233,0.0000,0,collision,
4671,46,-168.84,18.01,62.52,0.0000,0.0132,0,collision,
4672,281,312.80,8.57,1242.08,0.0000,0.0136,1,goal,
4673,96,-107.66,23.09,27.96,0.0000,0.0103,0,collision,
4674,205,348.79,14.79,138.61,0.0000,0.0000,1,goal,
1611,124,-164.88,6.99,554.12,0.0161,0.0000,0,collision,
1612,164,-215.64,10.82,170.95,0.0000,0.1440,0,collision,
1613,159,270.88,14.85,343.23,0.0000,0.0042,1,goal,
1614,216,258.19,12.13,525.17,0.0000,0.0185,1,goal,
1615,84,-136.54,25.45,-117.18,0.0000,0.0243,0,collision,
1616,334,-202.28,7.90,781.10,0.0060,0.1475,0,collision,
1617,26,-185.86,10.56,87.92,0.0000,0.1231,0,collision,
1618,281,-181.37,8.71,450.46,0.0000,0.0051,0,collision,
1619,209,-47.21,13.60,743.89,0.0039,0.0088,0,collision,
1620,181,197.75,12.52,-81.35,0.0000,0.2389,1,goal,
4675,179,-308.69,7.06,101.21,0.0112,0.0000,0,collision,
4676,51,-169.60,12.97,149.37,0.0000,0.0441,0,collision,
4677,181,317.71,13.01,644.16,0.0000,0.0000,1,goal,
4678,125,308.03,20.40,19.23,0.0000,0.0000,1,goal,
4679,149,296.03,15.57,264.14,0.0000,0.0000,1,goal,
4680,100,-147.85,15.10,115.29,0.0200,0.0193,0,collision,
4681,174,-150.64,10.65,632.06,0.0115,0.0227,0,collision,
4682,45,-214.46,3.30,165.52,0.0124,0.0160,0,collision,
4683,17,-204.91,2.37,51.38,0.0000,0.0000,0,collision,
4684,118,-145.59,9.84,520.51,0.0169,0.0197,0,collision,
4685,71,-142.77,17.44,-26.24,0.0000,0.0126,0,collision,
4686,187,-92.98,11.00,748.58,0.0107,0.0171,0,collision,
4687,129,307.14,22.87,-103.01,0.0000,0.0000,1,goal,
4688,247,309.02,9.16,1214.25,0.0000,0.0000,1,goal,
4689,105,-145.65,14.34,92.82,0.0000,0.0236,0,collision,
4690,162,315.01,16.11,360.59,0.0000,0.0000,1,goal,
4691,210,330.30,13.35,523.03,0.0000,0.0135,1,goal,
4692,154,-168.91,10.01,168.79,0.0000,0.0063,0,collision,
4693,185,337.33,13.46,440.25,0.0000,0.0000,1,goal,
4694,117,320.48,23.63,-156.42,0.0000,0.0000,1,goal,
4695,190,26.23,13.34,159.07,0.0000,0.0000,0,removed_unknown,
4696,191,294.72,13.18,423.08,0.0000,0.0461,1,goal,
4697,139,299.52,19.91,142.01,0.0000,0.0000,1,goal,
4698,39,-177.52,11.11,143.46,0.0000,0.0411,0,collision,
4699,111,303.38,24.73,140.37,0.0000,0.0000,1,goal,
4700,236,266.18,11.95,424.23,0.0000,0.0000,1,goal,
4701,4,-201.48,1.43,8.88,0.0000,0.0000,0,collision,
4702,189,-272.10,7.47,166.23,0.0106,0.3100,0,collision,
4703,229,-200.76,8.48,620.35,0.0000,0.1300,0,collision,
1621,74,-117.73,27.90,56.05,0.0000,0.0000,0,collision,
1622,174,-135.01,11.68,367.79,0.0000,0.0127,0,collision,
1623,182,301.63,12.75,525.50,0.0000,0.0000,1,goal,
1624,281,243.01,8.04,945.93,0.0000,0.0234,1,goal,
1625,142,-133.62,14.53,219.09,0.0000,0.0297,0,collision,
1626,73,-154.64,17.53,78.95,0.0274,0.0231,0,collision,
1627,167,220.30,11.12,116.75,0.0000,0.0065,1,goal,
1628,200,286.10,12.21,415.46,0.0000,0.0000,1,goal,
1629,232,271.37,10.52,287.09,0.0000,0.0025,1,goal,
1630,193,-213.83,6.33,670.23,0.0104,0.0064,0,collision,
4704,468,-437.23,7.60,974.11,0.0030,0.1149,0,collision,
4705,32,-200.41,4.97,221.75,0.0000,0.0000,0,collision,
4706,61,-184.21,9.47,215.49,0.0000,0.0918,0,collision,
4707,238,292.11,11.77,394.87,0.0000,0.0226,1,goal,
4708,90,294.50,24.88,-136.05,0.0000,0.0000,1,goal,
4709,130,280.54,18.05,117.09,0.0000,0.0000,1,goal,
4710,145,312.93,15.55,325.30,0.0000,0.0071,1,goal,
4711,120,304.17,22.79,214.43,0.0000,0.0000,1,goal,
4712,248,276.54,10.84,415.08,0.0000,0.0040,1,goal,
4713,50,-195.29,6.29,199.13,0.0000,0.0000,0,collision,
4714,257,293.88,10.00,864.91,0.0000,0.0072,1,goal,
4715,369,107.31,6.27,1171.51,0.0000,0.0674,1,goal,
4716,72,-133.97,25.06,-97.51,0.0000,0.0000,0,collision,
4717,2,-200.32,1.04,2.51,1.0000,0.0000,0,collision,
4718,334,177.51,7.69,861.90,0.0000,0.0778,1,goal,
4719,165,-130.49,13.54,177.07,0.0121,0.0041,0,collision,
4720,3,-202.08,0.69,1.84,0.1568,0.0000,0,collision,
4721,126,300.70,22.25,166.42,0.0000,0.0000,1,goal,
4722,335,233.50,5.91,1529.44,0.0000,0.0064,1,goal,
4723,234,254.24,9.57,311.78,0.0000,0.0016,1,goal,
4724,49,-180.67,13.40,-6.69,0.0000,0.0275,0,collision,
4725,342,191.80,7.63,913.17,0.0000,0.0299,1,goal,
4726,96,-103.15,23.34,-276.79,0.0208,0.0103,0,collision,
1631,336,182.47,6.72,825.32,0.0000,0.0131,1,goal,
1632,208,295.99,10.80,720.08,0.0000,0.0828,1,goal,
1633,155,327.16,17.30,-37.59,0.0000,0.0221,1,goal,
1634,245,277.79,9.26,985.18,0.0000,0.0000,1,goal,
1635,299,-223.30,7.29,447.53,0.0067,0.0000,0,collision,
1636,347,214.77,7.91,1069.78,0.0000,0.1224,1,goal,
1637,61,-241.86,3.24,159.99,0.0328,0.4033,0,collision,
1638,146,-181.30,8.92,491.48,0.0137,0.0000,0,collision,
1639,142,-118.47,16.63,124.52,0.0141,0.0154,0,collision,
1640,344,-169.90,7.67,720.65,0.0000,0.0423,0,collision,
4727,400,-189.91,11.03,850.93,0.0000,0.0021,0,collision,
4728,2,-201.16,0.00,0.10,1.0000,0.0000,0,collision,
4729,210,310.55,12.49,515.99,0.0000,0.0000,1,goal,
4730,168,-145.96,13.67,329.92,0.0000,0.0000,0,collision,
4731,175,304.59,13.06,494.12,0.0000,0.0000,1,goal,
4732,109,-230.12,5.91,253.54,0.0000,0.1558,0,collision,
4733,87,-172.64,11.50,189.94,0.0000,0.0123,0,collision,
4734,233,253.61,9.17,375.71,0.0000,0.0042,1,goal,
4735,368,280.56,8.26,740.53,0.0000,0.0024,1,goal,
4736,335,246.93,8.32,921.09,0.0000,0.0042,1,goal,
4737,75,-150.71,13.78,49.09,0.0267,0.0131,0,collision,
4738,77,282.66,26.09,-85.72,0.0000,0.0000,1,goal,
4739,233,-143.56,9.44,652.49,0.0086,0.0072,0,collision,
4740,67,-212.99,7.45,135.20,0.0000,0.0333,0,collision,
4741,150,318.97,17.33,346.85,0.0000,0.0018,1,goal,
4742,129,294.83,17.65,194.23,0.0000,0.0026,1,goal,
4743,268,-170.00,8.93,698.54,0.0000,0.0260,0,collision,
4744,1,-200.00,0.00,0.00,0.0000,0.0000,0,collision,
4745,46,-155.39,25.42,34.61,0.0435,0.0163,0,collision,
4746,199,-150.59,11.82,263.98,0.0101,0.0047,0,collision,
4747,197,315.23,15.26,181.80,0.0000,0.0000,1,goal,
4748,35,-170.27,18.41,-21.91,0.0000,0.0348,0,collision,
4749,72,-129.34,25.82,-176.90,0.0000,0.0322,0,collision,
4750,178,323.50,15.73,20.70,0.0000,0.0481,1,goal,
4751,138,-201.44,7.86,317.57,0.0088,0.1271,0,collision,
4752,241,-201.71,7.99,538.15,0.0000,0.1847,0,collision,
1641,50,-202.29,4.43,223.38,0.0000,0.0000,0,collision,
1642,44,-150.14,30.66,-11.00,0.0000,0.0216,0,collision,
1643,102,-233.74,6.64,286.68,0.0196,0.3913,0,collision,
1644,109,304.03,22.76,-73.63,0.0000,0.0000,1,goal,
1645,72,-153.34,18.68,32.47,0.0000,0.0417,0,collision,
1646,130,298.53,17.72,-110.26,0.0000,0.0000,1,goal,
1647,271,240.94,10.44,530.56,0.0000,0.0239,1,goal,
1648,71,-241.31,1.73,133.02,0.0000,0.1114,0,collision,
1649,64,-141.53,21.99,-63.74,0.0312,0.0000,0,collision,
1650,359,142.24,7.56,619.83,0.0000,0.0644,1,goal,
4753,446,-246.87,8.72,1385.30,0.0000,0.0062,0,collision,
4754,34,-179.74,10.98,86.72,0.0588,0.0000,0,collision,
4755,169,-166.39,10.31,422.78,0.0000,0.0360,0,collision,
4756,233,267.31,9.95,794.75,0.0000,0.0496,1,goal,
4757,340,279.83,7.89,1294.23,0.0000,0.0000,1,goal,
4758,168,334.71,17.29,277.20,0.0000,0.0000,1,goal,
4759,272,268.12,8.04,1190.98,0.0000,0.0382,1,goal,
4760,317,-133.68,7.10,1050.56,0.0000,0.0027,0,collision,
4761,167,336.05,16.72,-51.69,0.0000,0.0000,1,goal,
4762,178,269.63,15.34,260.01,0.0000,0.0056,1,goal,
4763,165,-272.22,6.18,358.67,0.0115,0.0738,0,collision,
4764,103,303.39,24.76,-46.64,0.0000,0.0067,1,goal,
4765,21,-186.57,13.00,77.90,0.0000,0.0589,0,collision,
4766,254,301.65,10.84,690.10,0.0000,0.0070,1,goal,
4767,30,-171.09,22.31,23.34,0.0000,0.0000,0,collision,
4768,155,-105.87,14.36,285.13,0.0000,0.0079,0,collision,
4769,2,-200.86,0.00,0.10,1.0000,0.1218,0,collision,
4770,230,219.71,10.47,349.40,0.0000,0.0169,1,goal,
4771,90,297.25,29.90,-31.43,0.0000,0.0131,1,goal,
4772,294,284.68,9.00,750.60,0.0000,0.0140,1,goal,
4773,208,-181.33,9.80,580.98,0.0006,0.0000,0,collision,
4774,124,296.38,18.29,152.77,0.0000,0.0013,1,goal,
4775,102,-176.56,11.15,128.67,0.0000,0.0675,0,collision,
4776,2,-200.32,1.04,2.51,1.0000,0.0000,0,collision,
4777,131,-179.04,8.87,460.07,0.0000,0.0576,0,collision,
1651,333,206.46,7.39,753.04,0.0000,0.0080,1,goal,
1652,187,282.78,16.07,-151.42,0.0000,0.0034,1,goal,
1653,126,294.67,21.39,-50.85,0.0000,0.0000,1,goal,
1654,300,-222.20,6.91,556.92,0.0000,0.0894,0,collision,
1655,187,305.70,15.65,193.12,0.0000,0.0056,1,goal,
1656,233,259.41,11.14,404.74,0.0000,0.0209,1,goal,
1657,207,-204.45,6.77,919.50,0.0097,0.0209,0,collision,
1658,35,-172.54,16.28,-31.78,0.0000,0.0000,0,collision,
1659,318,253.27,8.68,893.04,0.0000,0.0779,1,goal,
1660,143,-194.59,8.09,540.42,0.0000,0.1921,0,collision,
4778,172,-288.41,8.76,184.28,0.0091,0.0000,0,collision,
4779,2,-200.32,1.04,2.51,0.0000,0.0000,0,collision,
4780,391,220.10,7.27,1596.86,0.0000,0.0584,1,goal,
4781,103,-151.72,12.89,347.18,0.0015,0.0341,0,collision,
4782,231,304.39,11.87,425.56,0.0000,0.0000,1,goal,
4783,98,302.77,26.55,117.52,0.0000,0.0000,1,goal,
4784,279,-297.00,6.43,378.42,0.0000,0.0128,0,collision,
4785,419,196.01,7.11,1339.61,0.0000,0.0473,1,goal,
4786,103,-118.32,18.34,163.59,0.0000,0.0198,0,collision,
4787,113,290.54,20.56,79.64,0.0000,0.0000,1,goal,
4788,214,276.24,13.99,200.64,0.0000,0.0141,1,goal,
4789,47,-164.90,19.16,83.58,0.0000,0.0094,0,collision,
4790,242,310.31,9.28,687.64,0.0000,0.0019,1,goal,
4791,91,-136.95,18.28,117.66,0.0220,0.0000,0,collision,
4792,87,-168.82,7.64,364.40,0.0000,0.0406,0,collision,
4793,264,263.36,8.98,732.39,0.0000,0.0000,1,goal,
4794,228,314.26,12.13,642.90,0.0000,0.0386,1,goal,
4795,37,-165.11,22.26,11.90,0.0000,0.0317,0,collision,
4796,94,310.62,30.85,-239.22,0.0000,0.0000,1,goal,
4797,6,-206.71,0.69,4.55,0.0000,0.0000,0,collision,
4798,264,250.17,9.28,647.48,0.0000,0.0249,1,goal,
4799,86,294.24,28.67,-64.10,0.0000,0.0000,1,goal,
4800,63,-180.53,10.50,253.48,0.0000,0.0327,0,collision,
4801,3,-199.63,2.08,9.94,0.0000,0.0000,0,collision,
4802,122,-243.82,5.31,473.25,0.0000,0.3322,0,collision,
4803,79,-138.54,17.52,100.34,0.0000,0.0071,0,collision,
4804,134,-118.65,15.10,190.83,0.0000,0.0597,0,collision,
1661,153,306.16,17.91,-146.88,0.0000,0.0140,1,goal,
1662,257,241.44,11.67,107.77,0.0000,0.0900,1,goal,
1663,150,320.33,15.82,40.50,0.0000,0.0000,1,goal,
1664,282,264.07,10.71,1097.63,0.0000,0.0083,1,goal,
1665,127,-78.90,22.83,-358.28,0.0000,0.0059,0,collision,
1666,227,240.93,10.09,336.18,0.0000,0.0070,1,goal,
1667,181,106.49,15.21,641.86,0.0000,0.0130,0,removed_unknown,
1668,268,278.99,10.00,638.73,0.0000,0.0032,1,goal,
1669,281,216.36,8.08,673.64,0.0000,0.0602,1,goal,
1670,346,159.75,8.18,688.22,0.0000,0.0750,1,goal,
4805,234,-173.83,12.37,679.50,0.0000,0.0059,0,collision,
4806,274,272.94,9.34,604.65,0.0000,0.0037,1,goal,
4807,180,-227.25,4.01,790.44,0.0000,0.0000,0,collision,
4808,316,199.89,8.77,844.77,0.0000,0.0063,1,goal,
4809,128,-111.52,15.90,-190.60,0.0000,0.0132,0,collision,
4810,259,237.60,10.56,228.91,0.0000,0.0666,1,goal,
4811,111,291.51,20.95,44.97,0.0000,0.0000,1,goal,
4812,203,304.05,14.03,239.64,0.0000,0.0017,1,goal,
4813,170,-165.28,10.38,61.12,0.0118,0.0413,0,collision,
4814,126,-162.41,10.95,214.25,0.0159,0.0174,0,collision,
4815,157,258.65,14.04,-49.77,0.0000,0.0056,1,goal,
4816,62,-155.33,14.09,47.95,0.0000,0.0212,0,collision,
4817,79,-136.56,20.39,-20.10,0.0000,0.0204,0,collision,
4818,46,-187.07,9.36,142.50,0.0000,0.0000,0,collision,
4819,137,-209.92,10.99,-127.96,0.0000,0.1919,0,collision,
4820,113,-134.00,11.89,379.85,0.0000,0.0384,0,collision,
4821,197,-110.40,11.76,517.16,0.0000,0.0342,0,collision,
4822,78,-130.67,20.76,-129.42,0.0126,0.0000,0,collision,
4823,109,-107.98,20.23,78.60,0.0000,0.0125,0,collision,
4824,78,284.34,29.57,-182.69,0.0000,0.0138,1,goal,
4825,155,-131.65,9.58,669.46,0.0000,0.0078,0,collision,
4826,117,292.12,22.36,23.33,0.0000,0.0431,1,goal,
4827,103,-116.27,18.87,-97.24,0.0000,0.0169,0,collision,
4828,283,129.86,8.68,225.09,0.0000,0.0449,1,goal,
4829,108,-137.66,12.10,231.72,0.0185,0.0151,0,collision,
4830,3,-200.78,0.69,2.61,0.6667,0.0000,0,collision,
4831,14,-199.04,4.41,112.19,0.0000,0.0000,0,collision,
4832,94,286.81,23.96,-200.86,0.0000,0.0000,1,goal,
4833,244,224.38,10.19,389.09,0.0000,0.0246,1,goal,
1671,71,-224.39,10.65,-20.94,0.0282,0.0421,0,collision,
1672,264,41.64,9.18,758.28,0.0000,0.0316,0,removed_unknown,
1673,264,258.29,9.29,843.55,0.0000,0.0050,1,goal,
1674,331,-321.00,5.53,1003.25,0.0060,0.1465,0,collision,
1675,100,-183.73,5.63,575.17,0.0000,0.0638,0,collision,
1676,273,238.94,9.08,593.73,0.0000,0.0136,1,goal,
1677,260,290.15,8.89,983.72,0.0000,0.0000,1,goal,
1678,113,307.77,22.05,-71.11,0.0000,0.0027,1,goal,
1679,90,-291.49,2.12,220.96,0.0000,0.4746,0,collision,
1680,338,-276.54,6.42,633.60,0.0059,0.0733,0,collision,
4834,91,-173.83,6.69,583.33,0.0220,0.0000,0,collision,
4835,221,-208.24,6.29,693.95,0.0090,0.0227,0,collision,
4836,335,293.21,8.27,1217.58,0.0000,0.0000,1,goal,
4837,272,263.56,10.61,736.35,0.0000,0.0311,1,goal,
4838,237,291.66,10.72,532.87,0.0000,0.0116,1,goal,
4839,67,-157.18,10.39,297.87,0.0000,0.0000,0,collision,
4840,265,288.35,9.03,945.85,0.0000,0.0000,1,goal,
4841,63,-163.01,14.66,55.98,0.0000,0.0216,0,collision,
4842,198,-92.96,13.34,448.10,0.0000,0.0073,0,collision,
4843,127,315.36,19.30,-97.21,0.0000,0.0000,1,goal,
4844,72,-135.69,19.70,-169.49,0.0000,0.0166,0,collision,
4845,1,-200.00,0.00,0.00,0.0000,0.0000,0,collision,
4846,352,227.42,7.62,796.49,0.0000,0.0631,1,goal,
4847,356,-128.39,7.89,1160.04,0.0000,0.0065,0,collision,
4848,111,-215.06,5.73,432.74,0.0180,0.0698,0,collision,
4849,99,105.88,29.38,-0.76,0.0000,0.0000,0,removed_unknown,
4850,45,-171.24,14.61,105.68,0.0000,0.0278,0,collision,
4851,227,264.85,11.37,531.28,0.0000,0.0024,1,goal,
4852,158,305.85,14.34,376.56,0.0000,0.0235,1,goal,
4853,103,-192.61,6.86,243.08,0.0000,0.0000,0,collision,
4854,132,312.17,18.95,-226.60,0.0000,0.0000,1,goal,
4855,109,-154.83,12.83,175.13,0.0183,0.1506,0,collision,
4856,301,269.06,9.55,1064.35,0.0000,0.0288,1,goal,
1681,47,-172.80,13.82,-5.42,0.0426,0.0439,0,collision,
1682,132,313.68,18.96,53.81,0.0000,0.0104,1,goal,
1683,200,316.49,14.39,214.09,0.0000,0.0000,1,goal,
1684,226,-313.95,5.10,452.67,0.0000,0.1155,0,collision,
1685,299,255.91,8.68,634.87,0.0000,0.0063,1,goal,
1686,202,273.00,12.98,320.97,0.0000,0.0339,1,goal,
1687,5,-198.15,4.15,40.14,0.4000,0.0000,0,collision,
1688,2,-200.86,0.00,0.10,1.0000,0.0000,0,collision,
1689,381,185.28,7.35,1152.70,0.0000,0.0068,1,goal,
1690,385,-311.95,7.26,689.67,0.0052,0.1799,0,collision,
4857,361,-157.39,9.16,1074.54,0.0000,0.0277,0,collision,
4858,217,216.82,10.29,286.84,0.0000,0.1954,1,goal,
4859,45,-195.61,7.28,95.93,0.0444,0.0000,0,collision,
4860,257,248.43,10.05,530.40,0.0000,0.0000,1,goal,
4861,363,222.37,7.35,1125.59,0.0000,0.0247,1,goal,
4862,74,-162.81,10.18,182.40,0.0270,0.0000,0,collision,
4863,184,317.25,13.31,698.12,0.0000,0.0000,1,goal,
4864,278,266.76,8.70,901.33,0.0000,0.0032,1,goal,
4865,81,-179.99,7.76,245.32,0.0078,0.0290,0,collision,
4866,116,292.20,19.57,-187.54,0.0000,0.0000,1,goal,
4867,236,292.07,11.38,683.25,0.0000,0.0258,1,goal,
4868,66,-162.34,15.47,90.36,0.0000,0.0164,0,collision,
4869,180,335.91,15.43,78.20,0.0000,0.0167,1,goal,
4870,230,300.00,10.77,814.16,0.0000,0.0055,1,goal,
4871,3,-199.63,2.08,9.94,0.6667,0.0000,0,collision,
4872,128,319.30,22.14,-132.06,0.0000,0.0000,1,goal,
4873,209,340.34,12.37,670.12,0.0000,0.0000,1,goal,
4874,233,-184.76,5.93,1040.09,0.0000,0.0282,0,collision,
4875,146,302.70,16.04,97.51,0.0000,0.0146,1,goal,
4876,343,210.75,6.78,1252.90,0.0000,0.0231,1,goal,
4877,2,-200.32,1.04,2.51,0.0000,0.0000,0,collision,
4878,81,-162.97,9.76,339.13,0.0227,0.0000,0,collision,
4879,2,-200.32,1.04,2.51,0.0000,0.0000,0,collision,
4880,170,285.94,16.54,-163.45,0.0000,0.0000,1,goal,
4881,172,-122.59,12.85,591.55,0.0000,0.0197,0,collision,
1691,152,306.04,15.68,-13.97,0.0000,0.0000,1,goal,
1692,302,235.82,7.66,1022.65,0.0000,0.0181,1,goal,
1693,218,308.83,12.84,437.27,0.0000,0.0000,1,goal,
1694,65,-224.41,3.25,234.75,0.0308,0.2060,0,collision,
1695,173,311.67,14.15,569.18,0.0000,0.0000,1,goal,
1696,155,312.78,14.52,192.16,0.0000,0.0061,1,goal,
1697,29,-180.57,15.94,83.92,0.0000,0.0259,0,collision,
1698,173,-237.89,5.08,369.94,0.0000,0.0000,0,collision,
1699,291,207.61,10.53,284.28,0.0000,0.0986,1,goal,
1700,139,-95.15,16.57,173.58,0.0144,0.0046,0,collision,
4882,295,-145.53,13.68,332.69,0.0000,0.0000,0,collision,
4883,136,333.87,22.15,-152.05,0.0000,0.0057,1,goal,
4884,391,-411.36,3.93,1012.48,0.0000,0.1325,0,collision,
4885,84,-180.19,5.93,497.54,0.0012,0.0000,0,collision,
4886,244,260.48,11.79,337.59,0.0000,0.0329,1,goal,
4887,332,212.79,7.61,873.55,0.0000,0.0042,1,goal,
4888,171,324.67,12.83,620.44,0.0000,0.0069,1,goal,
4889,247,235.96,9.01,601.41,0.0000,0.0042,1,goal,
4890,300,296.80,9.77,617.27,0.0000,0.0028,1,goal,
4891,51,-158.76,17.85,62.52,0.0000,0.0399,0,collision,
4892,1,-200.00,0.00,0.00,0.0000,0.0000,0,collision,
4893,91,-195.85,6.07,291.99,0.0000,0.0000,0,collision,
4894,3,-202.92,0.69,2.61,0.6468,0.3388,0,collision,
4895,40,-220.17,2.15,95.19,0.0000,0.0000,0,collision,
4896,66,-149.77,17.11,96.49,0.0303,0.0253,0,collision,
4897,317,239.57,7.77,807.42,0.0000,0.0000,1,goal,
4898,227,312.43,11.47,556.26,0.0000,0.0183,1,goal,
4899,91,-210.07,7.59,67.79,0.0000,0.2045,0,collision,
4900,231,-137.39,8.18,1001.53,0.0000,0.0118,0,collision,
4901,35,-161.63,29.19,34.79,0.0571,0.0216,0,collision,
4902,266,300.97,10.25,802.84,0.0000,0.0026,1,goal,
4903,9,-210.99,0.46,4.09,0.2222,0.0000,0,collision,
4904,89,-127.74,19.58,-163.11,0.0225,0.0116,0,collision,
4905,226,-86.08,13.92,492.30,0.0088,0.0303,0,collision,
4906,3,-202.54,0.00,0.20,0.5057,0.0000,0,collision,
4907,118,-161.05,10.94,309.84,0.0000,0.0120,0,collision,
4908,65,-163.88,15.75,0.50,0.0308,0.0330,0,collision,
1701,61,-161.97,11.54,115.87,0.0328,0.0284,0,collision,
1702,294,272.92,9.99,610.70,0.0000,0.0149,1,goal,
1703,69,-169.59,9.13,371.31,0.0000,0.0000,0,collision,
1704,136,299.69,17.18,-34.46,0.0000,0.0439,1,goal,
1705,192,-77.64,12.75,226.85,0.0000,0.0000,0,collision,
1706,8,-205.91,1.18,10.47,0.2500,0.0000,0,collision,
1707,149,-170.47,7.08,700.80,0.0134,0.0178,0,collision,
1708,129,297.55,18.02,-125.42,0.0000,0.0479,1,goal,
1709,206,-182.94,6.70,740.50,0.0000,0.0374,0,collision,
1710,272,330.76,10.06,1134.28,0.0000,0.0037,1,goal,
4909,182,-174.33,14.74,158.69,0.0000,0.0070,0,collision,
4910,150,-107.61,17.40,147.45,0.0000,0.0203,0,collision,
4911,228,285.57,10.50,539.73,0.0000,0.0000,1,goal,
4912,435,208.07,6.24,1755.65,0.0000,0.0881,1,goal,
4913,52,-158.05,17.29,11.76,0.0147,0.0400,0,collision,
4914,125,303.36,20.23,-105.09,0.0000,0.0053,1,goal,
4915,158,304.98,18.28,-179.34,0.0000,0.0000,1,goal,
4916,193,289.34,12.67,96.97,0.0000,0.0182,1,goal,
4917,35,-175.54,15.23,34.51,0.0000,0.0206,0,collision,
4918,125,-131.41,11.09,565.39,0.0000,0.0001,0,collision,
4919,147,299.92,18.13,-21.14,0.0000,0.0196,1,goal,
4920,83,-155.18,8.72,393.18,0.0000,0.0000,0,collision,
4921,158,325.92,17.49,236.83,0.0000,0.0000,1,goal,
4922,199,-183.69,7.10,741.98,0.0000,0.0277,0,collision,
4923,291,251.35,9.57,576.79,0.0000,0.0100,1,goal,
4924,73,-176.35,12.03,282.65,0.0159,0.0000,0,collision,
4925,80,-153.10,19.61,-51.90,0.0250,0.0165,0,collision,
4926,171,331.22,13.38,399.46,0.0000,0.0089,1,goal,
4927,198,284.64,12.03,242.54,0.0000,0.0073,1,goal,
4928,275,317.15,9.53,1076.36,0.0000,0.0252,1,goal,
4929,297,-170.24,7.21,995.98,0.0040,0.0455,0,collision,
4930,324,265.76,7.36,1268.21,0.0000,0.0000,1,goal,
1711,307,143.24,7.26,918.25,0.0000,0.0093,1,goal,
1712,45,-205.27,4.64,215.28,0.0444,0.0000,0,collision,
1713,116,-278.65,5.72,33.57,0.0172,0.4425,0,collision,
1714,134,-213.03,6.68,264.27,0.0149,0.0100,0,collision,
1715,40,-202.03,3.93,167.87,0.0000,0.0461,0,collision,
1716,305,-186.92,6.61,1258.32,0.0066,0.0028,0,collision,
1717,115,-140.76,17.98,-100.18,0.0174,0.1546,0,collision,
1718,184,307.85,13.52,224.61,0.0000,0.0000,1,goal,
1719,322,258.22,9.45,747.36,0.0000,0.0071,1,goal,
1720,242,209.99,11.41,319.53,0.0000,0.0000,1,goal,
4931,391,-285.03,9.00,658.61,0.0000,0.0266,0,collision,
4932,287,229.26,8.55,704.61,0.0000,0.0146,1,goal,
4933,215,304.09,12.65,136.11,0.0000,0.0496,1,goal,
4934,197,319.43,14.48,50.94,0.0000,0.0227,1,goal,
4935,118,-123.44,12.81,36.22,0.0169,0.0000,0,collision,
4936,264,-143.70,7.95,823.83,0.0076,0.0462,0,collision,
4937,391,204.75,6.57,1318.28,0.0000,0.0437,1,goal,
4938,213,276.26,13.64,70.77,0.0000,0.0040,1,goal,
4939,289,336.33,9.85,1123.44,0.0000,0.0061,1,goal,
4940,78,-157.43,12.24,251.75,0.0000,0.0191,0,collision,
4941,203,-125.41,11.47,380.19,0.0000,0.0100,0,collision,
4942,29,-206.95,3.27,115.53,0.0690,0.0601,0,collision,
4943,440,238.07,6.31,1687.92,0.0000,0.0174,1,goal,
4944,156,286.02,15.12,226.60,0.0000,0.0000,1,goal,
4945,108,-205.92,4.56,518.97,0.0185,0.0413,0,collision,
4946,175,323.90,15.24,135.05,0.0000,0.0000,1,goal,
4947,247,336.86,10.33,1275.10,0.0000,0.0000,1,goal,
4948,285,276.64,9.97,864.99,0.0000,0.0000,1,goal,
1721,22,-184.36,10.07,172.01,0.0878,0.0000,0,collision,
1722,42,-171.26,15.35,155.25,0.0476,0.0237,0,collision,
1723,74,-159.99,13.14,131.05,0.0000,0.0228,0,collision,
1724,52,-182.84,11.53,30.90,0.0385,0.0405,0,collision,
1725,123,307.20,19.96,4.06,0.0000,0.0000,1,goal,
1726,216,290.60,11.68,408.49,0.0000,0.0024,1,goal,
1727,68,-154.97,19.04,92.96,0.0000,0.0132,0,collision,
1728,164,314.51,14.69,186.47,0.0000,0.0000,1,goal,
1729,75,-130.48,21.01,-215.80,0.0000,0.0222,0,collision,
1730,94,-193.08,10.00,192.99,0.0000,0.1389,0,collision,
4949,371,294.85,10.25,1264.40,0.0000,0.0021,1,goal,
4950,232,239.88,9.52,523.06,0.0000,0.0382,1,goal,
4951,320,321.93,9.15,1487.71,0.0000,0.0248,1,goal,
4952,96,292.07,23.05,-79.69,0.0000,0.0071,1,goal,
4953,198,248.38,11.83,432.72,0.0000,0.0552,1,goal,
4954,199,-107.64,12.75,178.20,0.0101,0.0162,0,collision,
4955,71,286.24,33.15,-50.01,0.0000,0.0000,1,goal,
4956,38,-193.92,7.51,144.84,0.0281,0.0000,0,collision,
4957,67,-145.06,18.80,30.85,0.0299,0.0084,0,collision,
4958,184,269.08,9.79,686.24,0.0000,0.0937,1,goal,
4959,92,-171.50,8.53,458.47,0.0000,0.0104,0,collision,
4960,153,-152.33,9.81,625.48,0.0000,0.1268,0,collision,
4961,156,273.36,16.19,41.46,0.0000,0.0000,1,goal,
4962,245,291.19,11.56,582.82,0.0000,0.0000,1,goal,
4963,33,-197.19,7.46,95.98,0.0000,0.0397,0,collision,
4964,111,-118.93,15.58,440.81,0.0000,0.0230,0,collision,
4965,38,-174.13,16.28,115.38,0.0526,0.0000,0,collision,
4966,77,-167.93,8.44,409.16,0.0260,0.1050,0,collision,
4967,136,269.85,16.23,141.34,0.0000,0.0000,1,goal,
4968,158,-255.24,8.61,113.98,0.0127,0.0203,0,collision,
4969,137,-127.09,18.48,72.97,0.0000,0.0090,0,collision,
4970,29,-201.05,5.22,143.54,0.0000,0.0278,0,collision,
4971,133,-177.26,10.31,368.51,0.0150,0.0331,0,collision,
4972,134,309.23,16.56,74.00,0.0000,0.0000,1,goal,
4973,23,-188.60,6.86,156.81,0.0473,0.0000,0,collision,
4974,123,113.89,22.25,68.39,0.0000,0.0000,0,removed_unknown,
4975,210,301.40,13.42,343.04,0.0000,0.0639,1,goal,
4976,83,-127.64,23.97,-173.82,0.0000,0.0181,0,collision,
4977,227,221.86,9.88,270.30,0.0000,0.0001,1,goal,
4978,135,305.40,20.30,-60.26,0.0000,0.0534,1,goal,
4979,62,-145.47,18.71,-31.51,0.0000,0.0000,0,collision,
1731,150,288.39,16.14,75.95,0.0000,0.0000,1,goal,
1732,81,289.34,28.81,-23.59,0.0000,0.0000,1,goal,
1733,226,334.41,12.60,499.08,0.0000,0.0350,1,goal,
1734,110,300.38,20.50,-44.51,0.0000,0.0157,1,goal,
1735,117,-214.82,7.79,345.54,0.0000,0.2454,0,collision,
1736,126,284.18,17.83,-222.13,0.0000,0.0075,1,goal,
1737,96,-184.42,9.94,236.95,0.0000,0.0000,0,collision,
1738,60,-149.27,21.84,36.37,0.0000,0.0125,0,collision,
1739,15,-190.45,8.97,171.93,0.1333,0.0000,0,collision,
1740,222,-185.69,9.00,624.99,0.0090,0.0000,0,collision,
4980,246,-253.13,9.72,605.75,0.0081,0.0612,0,collision,
4981,127,-205.47,7.76,251.33,0.0000,0.0247,0,collision,
4982,51,-185.01,6.56,316.40,0.0000,0.0000,0,collision,
4983,45,-160.87,20.83,-37.62,0.0444,0.0181,0,collision,
4984,246,258.67,10.26,684.81,0.0000,0.0002,1,goal,
4985,97,291.26,24.74,179.36,0.0000,0.0000,1,goal,
4986,36,-167.46,18.13,-11.00,0.0000,0.0000,0,collision,
4987,121,-171.08,11.65,133.50,0.0165,0.0235,0,collision,
4988,185,324.80,15.04,155.91,0.0000,0.0099,1,goal,
4989,71,-152.63,18.88,-94.06,0.0282,0.0381,0,collision,
4990,80,-139.55,14.22,207.13,0.0250,0.0000,0,collision,
4991,100,281.89,20.17,-84.34,0.0000,0.0138,1,goal,
4992,223,-192.61,9.42,297.66,0.0000,0.1090,0,collision,
4993,87,-221.62,4.33,432.45,0.0230,0.2341,0,collision,
4994,177,311.43,15.00,461.96,0.0000,0.0401,1,goal,
4995,3,-202.08,0.69,2.61,0.0000,0.0000,0,collision,
4996,51,-165.78,12.61,212.85,0.0000,0.0333,0,collision,
4997,40,-177.64,15.70,0.77,0.0000,0.0775,0,collision,
4998,4,-204.56,0.52,1.94,0.0000,0.1988,0,collision,
4999,357,191.80,6.84,1219.03,0.0000,0.1205,1,goal,
5000,79,-174.55,14.58,20.70,0.0000,0.0202,0,collision,
5001,117,-143.67,15.34,72.10,0.0000,0.0374,0,collision,
5002,105,311.62,26.04,-197.99,0.0000,0.0081,1,goal,
5003,64,-159.38,10.36,448.60,0.0000,0.0169,0,collision,
5004,277,182.38,10.15,465.25,0.0000,0.1906,1,goal,
5005,139,317.37,18.43,-207.88,0.0000,0.0000,1,goal,
5006,231,-226.47,6.22,991.33,0.0087,0.0413,0,collision,
5007,149,-95.17,15.14,432.13,0.0134,0.0021,0,collision,
5008,90,298.89,28.45,-207.24,0.0000,0.0000,1,goal,
5009,140,-125.56,11.09,372.87,0.0000,0.0163,0,collision,
5010,300,282.10,9.34,1087.19,0.0000,0.0117,1,goal,
1741,133,305.15,18.66,-64.72,0.0000,0.0096,1,goal,
1742,116,-124.87,14.35,90.45,0.0000,0.0084,0,collision,
1743,51,-193.14,10.71,39.25,0.0000,0.2289,0,collision,
1744,184,345.16,16.27,264.43,0.0000,0.0160,1,goal,
1745,191,-96.70,11.71,445.56,0.0000,0.0124,0,collision,
1746,184,263.25,13.33,-97.01,0.0000,0.0000,1,goal,
1747,264,-126.18,9.49,1078.18,0.0000,0.0515,0,collision,
1748,228,-117.36,9.30,901.97,0.0000,0.0000,0,collision,
1749,211,253.92,10.81,491.50,0.0000,0.0227,1,goal,
1750,288,258.65,8.62,918.89,0.0000,0.0000,1,goal,
5011,293,73.24,12.67,1314.63,0.0000,0.0204,0,removed_unknown,
5012,239,-110.61,11.01,419.11,0.0082,0.0230,0,collision,
5013,278,280.97,8.29,1250.26,0.0000,0.0246,1,goal,
5014,218,-242.16,6.49,581.46,0.0092,0.1850,0,collision,
5015,135,315.02,16.62,-25.24,0.0000,0.0073,1,goal,
5016,201,265.82,12.27,269.57,0.0000,0.0449,1,goal,
5017,43,-177.48,13.29,-25.62,0.0465,0.0388,0,collision,
5018,428,-118.64,6.80,2061.46,0.0047,0.0375,0,collision,
5019,176,288.65,13.05,252.75,0.0000,0.0000,1,goal,
5020,126,-133.23,11.14,430.64,0.0000,0.0201,0,collision,
5021,298,-215.75,7.08,838.86,0.0000,0.0819,0,collision,
5022,90,-152.08,9.96,385.29,0.0222,0.0130,0,collision,
5023,156,-128.13,13.45,256.12,0.0128,0.0000,0,collision,
5024,175,-271.65,5.53,301.66,0.0000,0.1267,0,collision,
5025,96,-176.73,17.62,13.50,0.0208,0.0234,0,collision,
5026,188,-319.19,4.09,360.41,0.0000,0.1138,0,collision,
5027,245,-257.63,5.97,706.17,0.0000,0.1200,0,collision,
5028,324,286.04,8.47,1133.97,0.0000,0.0000,1,goal,
5029,342,-237.01,6.61,1144.50,0.0058,0.0983,0,collision,
1751,33,-184.13,7.54,250.41,0.0000,0.0000,0,collision,
1752,183,-127.33,11.21,385.17,0.0000,0.0000,0,collision,
1753,158,-268.32,4.59,266.12,0.0000,0.0787,0,collision,
1754,504,168.18,5.70,1754.39,0.0000,0.0116,1,goal,
1755,497,46.90,4.66,1480.27,0.0000,0.0086,1,goal,
1756,537,29.62,5.11,1252.96,0.0000,0.0664,1,goal,
1757,85,-243.70,2.13,191.78,0.0000,0.0000,0,collision,
1758,119,293.24,20.17,-164.12,0.0000,0.0000,1,goal,
1759,365,170.15,6.57,1147.31,0.0000,0.0474,1,goal,
1760,179,-271.43,3.44,591.47,0.0000,0.0000,0,collision,
5030,317,-345.16,6.60,743.17,0.0063,0.0014,0,collision,
5031,371,-132.38,7.97,1097.89,0.0054,0.0504,0,collision,
5032,418,92.13,6.08,1054.71,0.0000,0.0649,1,goal,
5033,237,-173.00,6.34,1099.21,0.0000,0.0091,0,collision,
5034,327,-333.31,6.23,467.05,0.0061,0.1260,0,collision,
5035,502,175.87,5.96,1822.49,0.0000,0.0025,1,goal,
5036,408,189.45,6.05,1300.64,0.0000,0.0024,1,goal,
5037,3,-203.17,0.69,1.84,0.0000,0.4658,0,collision,
5038,179,277.83,12.97,41.31,0.0000,0.0087,1,goal,
5039,364,205.77,7.27,1264.82,0.0000,0.0135,1,goal,
5040,166,-155.56,13.25,289.89,0.0000,0.0163,0,collision,
5041,112,-112.61,18.30,-102.84,0.0000,0.0189,0,collision,
5042,92,-137.48,18.49,65.32,0.0000,0.0056,0,collision,
5043,304,193.58,7.92,816.27,0.0000,0.0051,1,goal,
1761,80,-135.71,19.35,-73.26,0.0000,0.0194,0,collision,
1762,262,318.57,10.56,795.52,0.0000,0.0042,1,goal,
1763,194,286.28,12.16,204.92,0.0000,0.0000,1,goal,
1764,358,-234.75,5.63,1043.57,0.0000,0.0033,0,collision,
1765,217,-191.44,9.57,484.09,0.0000,0.0076,0,collision,
1766,480,212.05,5.77,2200.47,0.0000,0.0301,1,goal,
1767,321,-192.66,6.88,866.67,0.0000,0.0261,0,collision,
1768,435,137.16,6.42,1070.87,0.0000,0.0418,1,goal,
1769,3,-203.32,0.00,0.20,0.6667,0.0000,0,collision,
1770,433,148.44,6.48,1118.55,0.0000,0.0186,1,goal,
5044,455,-367.11,4.66,1321.51,0.0000,0.1170,0,collision,
5045,298,243.17,7.60,815.27,0.0000,0.0154,1,goal,
5046,310,305.78,9.57,979.63,0.0000,0.0152,1,goal,
5047,65,-161.48,12.68,104.46,0.0308,0.0970,0,collision,
5048,466,155.24,4.83,1788.97,0.0000,0.0000,1,goal,
5049,277,255.17,9.33,801.46,0.0000,0.0443,1,goal,
5050,2,-201.66,0.00,0.10,0.5607,0.0000,0,collision,
5051,277,222.96,8.60,466.28,0.0000,0.0057,1,goal,
5052,207,331.41,12.90,549.58,0.0000,0.0047,1,goal,
5053,236,291.62,9.82,636.65,0.0000,0.0000,1,goal,
5054,120,-212.27,8.42,193.59,0.0167,0.2196,0,collision,
5055,139,-98.09,15.89,128.85,0.0144,0.0076,0,collision,
5056,130,229.72,18.37,-39.41,0.0000,0.0016,1,goal,
5057,47,-163.48,17.74,28.63,0.0000,0.0292,0,collision,
5058,174,328.77,14.18,228.11,0.0000,0.0000,1,goal,
5059,114,-221.24,3.31,447.61,0.0000,0.0075,0,collision,
5060,262,270.00,9.62,555.79,0.0000,0.0119,1,goal,
5061,220,252.15,11.92,321.83,0.0000,0.0000,1,goal,
5062,167,-219.56,6.80,417.28,0.0118,0.0263,0,collision,
5063,192,269.91,12.26,546.85,0.0000,0.0476,1,goal,
5064,223,-154.30,12.28,59.76,0.0090,0.0205,0,collision,
1771,65,-129.85,29.24,-62.54,0.0000,0.0052,0,collision,
1772,170,300.06,13.00,272.34,0.0000,0.0003,1,goal,
1773,74,286.62,31.34,86.91,0.0000,0.0000,1,goal,
1774,230,222.34,10.42,553.69,0.0000,0.1239,1,goal,
1775,206,-190.51,7.57,664.74,0.0097,0.1640,0,collision,
1776,43,-170.42,16.19,106.89,0.0465,0.0248,0,collision,
1777,43,-168.00,13.30,166.81,0.0000,0.0345,0,collision,
1778,3,-202.08,0.69,2.61,0.0000,0.0000,0,collision,
1779,135,270.23,16.04,190.47,0.0000,0.0000,1,goal,
1780,187,315.69,14.51,579.56,0.0000,0.1057,1,goal,
5065,308,-278.63,8.90,381.68,0.0000,0.0009,0,collision,
5066,92,-134.32,15.41,140.55,0.0217,0.0000,0,collision,
5067,52,-155.18,22.41,-26.80,0.0000,0.0543,0,collision,
5068,111,-135.11,14.91,39.05,0.0180,0.0032,0,collision,
5069,100,-142.16,10.75,543.74,0.0000,0.0084,0,collision,
5070,182,337.86,15.83,128.63,0.0000,0.0033,1,goal,
5071,365,-182.01,7.22,1345.09,0.0000,0.0320,0,collision,
5072,211,314.95,11.63,1001.12,0.0000,0.0079,1,goal,
5073,278,277.13,10.78,552.61,0.0000,0.0952,1,goal,
5074,129,314.16,19.01,243.58,0.0000,0.0000,1,goal,
5075,67,-180.64,9.68,164.46,0.0299,0.1676,0,collision,
5076,72,-132.01,25.00,-93.62,0.0278,0.0000,0,collision,
5077,71,-165.67,9.92,251.24,0.0282,0.0000,0,collision,
5078,187,245.66,15.11,-59.54,0.0000,0.0110,1,goal,
5079,188,222.81,13.07,-91.73,0.0000,0.0127,1,goal,
5080,49,-159.76,20.74,-43.34,0.0020,0.0617,0,collision,
5081,79,-200.16,4.99,309.48,0.0000,0.0000,0,collision,
5082,277,296.06,10.35,537.88,0.0000,0.0129,1,goal,
5083,209,289.83,11.62,348.49,0.0000,0.0024,1,goal,
5084,197,318.63,14.75,212.48,0.0000,0.0084,1,goal,
5085,143,307.11,17.58,156.99,0.0000,0.0000,1,goal,
5086,141,277.20,14.63,214.16,0.0000,0.0000,1,goal,
5087,45,-168.60,10.30,256.37,0.0000,0.0000,0,collision,
5088,19,-194.13,5.77,171.80,0.0000,0.0000,0,collision,
5089,185,-214.77,9.66,243.21,0.0000,0.0277,0,collision,
5090,60,-159.50,11.84,170.27,0.0333,0.0000,0,collision,
5091,68,273.55,26.98,78.41,0.0000,0.0000,1,goal,
5092,203,-103.07,11.27,678.73,0.0000,0.0028,0,collision,
5093,66,-192.86,4.26,346.29,0.0000,0.0000,0,collision,
1781,62,-164.08,10.44,192.09,0.0323,0.0543,0,collision,
1782,165,298.78,15.20,555.74,0.0000,0.0000,1,goal,
1783,133,-73.98,21.13,-45.30,0.0000,0.0006,0,collision,
1784,165,-124.35,10.51,415.27,0.0000,0.0230,0,collision,
1785,166,269.00,14.84,-21.43,0.0000,0.0009,1,goal,
1786,178,198.31,13.50,275.41,0.0000,0.1428,1,goal,
1787,58,-185.89,7.12,431.69,0.0000,0.1215,0,collision,
1788,262,230.36,9.56,358.77,0.0000,0.0141,1,goal,
1789,141,328.67,20.46,-112.05,0.0000,0.0052,1,goal,
1790,235,-116.50,9.82,1183.69,0.0000,0.0025,0,collision,
5094,239,-110.26,16.51,289.53,0.0000,0.0077,0,collision,
5095,200,322.51,12.14,449.17,0.0000,0.0191,1,goal,
5096,147,-122.30,13.83,449.79,0.0000,0.0110,0,collision,
5097,105,300.02,21.79,-254.14,0.0000,0.0000,1,goal,
5098,169,303.68,16.62,-48.70,0.0000,0.0315,1,goal,
5099,224,279.27,10.89,417.18,0.0000,0.0000,1,goal,
5100,56,-141.68,28.34,-101.13,0.0000,0.0240,0,collision,
5101,112,286.75,21.45,19.33,0.0000,0.0364,1,goal,
5102,215,336.53,12.01,625.75,0.0000,0.0000,1,goal,
5103,184,-193.35,8.30,341.39,0.0109,0.1470,0,collision,
5104,75,-213.59,4.23,341.76,0.0000,0.0000,0,collision,
5105,127,310.22,21.45,2.42,0.0000,0.0352,1,goal,
5106,167,-167.97,8.54,483.51,0.0120,0.0172,0,collision,
5107,214,280.81,10.70,582.82,0.0000,0.1249,1,goal,
5108,284,295.45,10.64,577.33,0.0000,0.0611,1,goal,
5109,211,346.62,13.51,471.18,0.0000,0.0048,1,goal,
5110,162,-102.19,14.53,373.60,0.0000,0.0041,0,collision,
5111,58,-146.08,21.98,-91.06,0.0345,0.0129,0,collision,
5112,106,-138.58,20.82,-107.82,0.0189,0.1031,0,collision,
5113,186,323.03,13.99,318.44,0.0000,0.0055,1,goal,
5114,127,296.53,20.64,-44.70,0.0000,0.0000,1,goal,
5115,208,298.29,11.74,314.71,0.0000,0.0050,1,goal,
5116,68,-183.51,7.15,257.92,0.0000,0.0461,0,collision,
5117,221,339.97,12.69,658.50,0.0000,0.0142,1,goal,
5118,182,231.43,12.94,114.79,0.0000,0.1450,1,goal,
5119,98,-207.34,6.34,342.35,0.0204,0.1453,0,collision,
5120,47,-175.16,12.22,109.53,0.0000,0.0420,0,collision,
1791,105,-139.57,20.57,-155.25,0.0190,0.1320,0,collision,
1792,156,312.17,16.98,36.48,0.0000,0.0046,1,goal,
1793,219,-197.66,6.50,794.66,0.0000,0.0530,0,collision,
1794,263,260.45,10.27,648.72,0.0000,0.0000,1,goal,
1795,70,-140.82,20.26,-103.96,0.0286,0.0460,0,collision,
1796,237,183.36,10.84,234.69,0.0000,0.0053,1,goal,
1797,183,314.00,15.78,190.40,0.0000,0.0577,1,goal,
1798,106,301.77,22.42,-292.57,0.0000,0.0094,1,goal,
1799,151,-204.00,6.25,513.64,0.0132,0.0403,0,collision,
1800,172,329.79,16.86,169.09,0.0000,0.0000,1,goal,
5121,107,-270.87,3.59,404.71,0.0187,0.0000,0,collision,
5122,241,204.72,10.23,160.10,0.0000,0.0000,1,goal,
5123,129,302.18,16.91,333.86,0.0000,0.0000,1,goal,
5124,222,276.66,12.94,218.33,0.0000,0.0000,1,goal,
5125,227,293.95,11.55,524.20,0.0000,0.0021,1,goal,
5126,66,-158.34,12.17,270.12,0.0303,0.0127,0,collision,
5127,129,-237.96,4.80,525.34,0.0000,0.1662,0,collision,
5128,2,-200.32,1.04,2.51,0.0000,0.0000,0,collision,
5129,225,-47.88,13.45,650.85,0.0089,0.0018,0,collision,
5130,98,289.51,23.02,-176.27,0.0000,0.0000,1,goal,
5131,297,281.06,10.28,907.55,0.0000,0.0091,1,goal,
5132,103,-148.84,10.88,167.30,0.0106,0.0104,0,collision,
5133,315,170.28,8.68,496.84,0.0000,0.0101,1,goal,
5134,181,296.50,13.59,390.74,0.0000,0.0186,1,goal,
5135,161,335.14,17.63,-49.28,0.0000,0.0000,1,goal,
5136,191,298.78,14.06,589.42,0.0000,0.0434,1,goal,
5137,287,264.20,9.44,584.62,0.0000,0.0000,1,goal,
5138,106,-161.83,12.38,188.05,0.0189,0.1387,0,collision,
5139,133,320.29,20.18,-128.37,0.0000,0.0000,1,goal,
5140,173,-137.10,12.52,21.79,0.0000,0.0130,0,collision,
5141,137,297.05,17.33,186.10,0.0000,0.0122,1,goal,
5142,85,-173.54,7.59,364.70,0.0235,0.1284,0,collision,
5143,81,-180.67,8.16,369.14,0.0247,0.0177,0,collision,
5144,251,219.02,11.88,80.97,0.0000,0.0000,1,goal,
1801,181,-105.26,10.83,504.05,0.0110,0.0443,0,collision,
1802,114,-150.54,12.35,149.69,0.0000,0.0225,0,collision,
1803,2,-200.32,1.04,2.51,0.0000,0.0000,0,collision,
1804,286,318.28,10.14,866.72,0.0000,0.0099,1,goal,
1805,257,247.55,9.56,852.58,0.0000,0.0046,1,goal,
1806,237,198.39,9.52,392.31,0.0000,0.1708,1,goal,
1807,264,256.28,8.47,900.18,0.0000,0.0000,1,goal,
1808,257,219.55,10.89,126.58,0.0000,0.1500,1,goal,
1809,415,91.32,6.88,575.84,0.0000,0.1366,1,goal,
1810,273,139.34,8.93,411.83,0.0000,0.2521,1,goal,
5145,479,-355.53,9.51,760.27,0.0000,0.0275,0,collision,
5146,2,-200.32,1.04,2.51,1.0000,0.0000,0,collision,
5147,279,291.19,8.99,965.34,0.0000,0.0004,1,goal,
5148,256,247.79,9.25,422.13,0.0000,0.0392,1,goal,
5149,41,-169.46,19.06,-22.24,0.0488,0.0425,0,collision,
5150,210,-234.87,6.92,562.22,0.0000,0.0144,0,collision,
5151,99,-184.66,7.63,334.01,0.0000,0.0000,0,collision,
5152,271,276.53,9.20,894.39,0.0000,0.0057,1,goal,
5153,319,249.73,8.40,956.33,0.0000,0.0479,1,goal,
5154,85,-142.38,16.33,113.72,0.0235,0.0289,0,collision,
5155,144,327.55,18.97,84.80,0.0000,0.0037,1,goal,
5156,357,233.84,7.16,1462.43,0.0000,0.0329,1,goal,
5157,2,-200.32,1.04,2.51,0.0000,0.0000,0,collision,
5158,297,308.97,9.57,942.43,0.0000,0.0022,1,goal,
5159,181,256.43,14.72,-5.37,0.0000,0.0256,1,goal,
5160,62,-147.89,22.01,-102.35,0.0323,0.0000,0,collision,
5161,104,306.10,24.27,-172.57,0.0000,0.0000,1,goal,
5162,34,-171.23,16.83,88.24,0.0000,0.0362,0,collision,
5163,108,-200.46,6.01,373.10,0.0000,0.1142,0,collision,
5164,342,-175.51,7.33,945.98,0.0000,0.0078,0,collision,
5165,265,298.63,10.26,646.45,0.0000,0.0000,1,goal,
1811,68,-173.76,11.78,191.90,0.0294,0.0000,0,collision,
1812,328,227.12,7.33,1011.16,0.0000,0.0236,1,goal,
1813,313,-197.56,7.06,880.64,0.0000,0.0050,0,collision,
1814,387,206.58,7.11,1412.42,0.0000,0.0041,1,goal,
1815,232,333.34,12.04,479.42,0.0000,0.0054,1,goal,
1816,299,267.61,7.72,1233.28,0.0000,0.0000,1,goal,
1817,266,257.19,8.73,796.65,0.0000,0.0125,1,goal,
1818,330,274.08,8.58,929.61,0.0000,0.0191,1,goal,
1819,238,293.36,12.37,223.57,0.0000,0.0279,1,goal,
1820,2,-200.86,0.00,0.10,1.0000,0.0000,0,collision,
5166,488,-202.53,9.40,964.01,0.0041,0.0000,0,collision,
5167,244,-106.90,9.06,869.27,0.0000,0.0180,0,collision,
5168,275,-143.91,7.59,1058.57,0.0073,0.0028,0,collision,
5169,379,216.70,6.73,1246.49,0.0000,0.0166,1,goal,
5170,18,-202.85,3.83,88.39,0.0000,0.0000,0,collision,
5171,166,289.91,13.85,293.77,0.0000,0.0000,1,goal,
5172,159,-133.45,7.25,963.47,0.0000,0.0000,0,collision,
5173,323,220.18,7.18,974.46,0.0000,0.0173,1,goal,
5174,310,230.92,7.47,1016.72,0.0000,0.0000,1,goal,
5175,144,267.96,17.95,51.85,0.0000,0.0212,1,goal,
5176,429,-299.80,4.17,1669.42,0.0047,0.0000,0,collision,
5177,242,224.22,9.43,676.51,0.0000,0.0105,1,goal,
5178,253,240.25,8.93,757.22,0.0000,0.0594,1,goal,
5179,192,-208.79,4.97,848.39,0.0000,0.0391,0,collision,
5180,314,275.00,8.04,1111.38,0.0000,0.0004,1,goal,
5181,419,202.08,6.46,1533.61,0.0000,0.0113,1,goal,
1821,95,-158.07,11.71,269.52,0.0211,0.0226,0,collision,
1822,135,-150.74,10.34,495.53,0.0148,0.0249,0,collision,
1823,45,-174.32,11.05,218.78,0.0444,0.0210,0,collision,
1824,340,209.97,7.56,1030.61,0.0000,0.0000,1,goal,
1825,256,271.92,11.47,304.60,0.0000,0.0023,1,goal,
1826,182,-216.50,6.06,500.69,0.0110,0.0000,0,collision,
1827,214,-274.52,4.18,602.98,0.0093,0.1228,0,collision,
1828,77,-153.12,16.88,-69.04,0.0000,0.0196,0,collision,
1829,126,-121.56,11.16,528.65,0.0159,0.0141,0,collision,
1830,368,77.11,7.05,467.32,0.0000,0.0416,1,goal,
5182,162,-231.83,6.92,562.98,0.0000,0.0000,0,collision,
5183,202,240.06,12.59,217.25,0.0000,0.0327,1,goal,
5184,2,-200.32,1.04,2.51,1.0000,0.0000,0,collision,
5185,262,-159.73,8.84,749.46,0.0000,0.0752,0,collision,
5186,116,-172.48,10.60,293.28,0.0000,0.1147,0,collision,
5187,189,-200.59,7.93,408.87,0.0106,0.0690,0,collision,
5188,49,-190.28,5.15,229.10,0.0408,0.0188,0,collision,
5189,150,-193.28,5.87,720.21,0.0000,0.0193,0,collision,
5190,277,158.36,9.23,397.51,0.0000,0.0141,1,goal,
5191,3,-202.52,0.00,0.20,0.0000,0.0000,0,collision,
5192,40,-220.17,3.21,139.00,0.0500,0.1366,0,collision,
5193,301,231.75,9.56,226.12,0.0000,0.0391,1,goal,
5194,245,251.18,10.52,381.07,0.0000,0.0038,1,goal,
5195,132,319.83,20.44,-2.25,0.0000,0.0000,1,goal,
5196,148,-147.72,9.05,605.87,0.0062,0.0484,0,collision,
5197,216,287.37,11.19,671.00,0.0000,0.0000,1,goal,
5198,69,-169.31,9.42,209.15,0.0290,0.0164,0,collision,
5199,218,320.06,11.58,841.44,0.0000,0.0291,1,goal,
5200,143,304.57,16.65,252.96,0.0000,0.0150,1,goal,
5201,173,270.81,13.17,568.11,0.0000,0.0000,1,goal,
5202,103,-191.18,5.96,460.28,0.0000,0.0000,0,collision,
5203,226,-133.78,7.80,1153.91,0.0088,0.0092,0,collision,
5204,313,-217.59,9.45,448.44,0.0064,0.1641,0,collision,
5205,167,281.37,13.93,144.48,0.0000,0.0000,1,goal,
5206,64,-172.05,6.12,444.84,0.0000,0.0000,0,collision,
5207,49,-170.73,13.84,6.50,0.0408,0.0370,0,collision,
5208,9,-209.75,0.69,6.50,0.2222,0.0000,0,collision,
1831,146,-172.04,8.08,534.80,0.0137,0.0183,0,collision,
1832,263,174.30,7.60,555.53,0.0000,0.0623,1,goal,
1833,19,-191.35,6.81,157.93,0.0000,0.0000,0,collision,
1834,188,240.68,12.03,201.44,0.0000,0.0979,1,goal,
1835,98,-121.30,19.15,11.87,0.0000,0.0393,0,collision,
1836,195,-110.40,13.33,488.16,0.0103,0.0406,0,collision,
1837,197,207.02,11.42,70.48,0.0000,0.0129,1,goal,
1838,207,253.19,13.40,110.55,0.0000,0.0419,1,goal,
1839,90,78.78,25.30,59.93,0.0222,0.0000,0,removed_unknown,
1840,42,-168.63,17.48,90.44,0.0476,0.0000,0,collision,
5209,279,-293.42,7.44,467.65,0.0072,0.0000,0,collision,
5210,221,335.24,13.17,413.84,0.0000,0.0032,1,goal,
5211,141,-169.68,10.19,332.72,0.0142,0.0075,0,collision,
5212,79,-172.62,8.75,201.92,0.0253,0.0521,0,collision,
5213,48,-160.07,21.14,-69.66,0.0335,0.0508,0,collision,
5214,343,217.34,6.62,1199.24,0.0000,0.0037,1,goal,
5215,316,221.57,9.32,579.86,0.0000,0.0809,1,goal,
5216,73,-165.19,11.44,144.55,0.0000,0.0560,0,collision,
5217,103,-92.26,27.04,-82.82,0.0000,0.0097,0,collision,
5218,312,259.23,7.34,1445.20,0.0000,0.0066,1,goal,
5219,71,86.27,32.59,-47.35,0.0000,0.0000,0,removed_unknown,
5220,119,-169.14,11.29,317.02,0.0168,0.1491,0,collision,
5221,102,301.49,22.38,-132.13,0.0000,0.0000,1,goal,
5222,3,-199.63,2.08,9.94,0.6667,0.0000,0,collision,
5223,56,-165.24,12.78,61.36,0.0000,0.0000,0,collision,
5224,126,-117.29,14.93,-4.50,0.0159,0.0225,0,collision,
5225,259,257.63,10.73,475.01,0.0000,0.0110,1,goal,
5226,104,-132.02,19.48,-85.08,0.0000,0.0266,0,collision,
5227,3,-199.63,2.08,9.94,0.0000,0.0000,0,collision,
5228,282,136.78,8.77,342.89,0.0000,0.1705,1,goal,
5229,242,-176.79,10.07,268.92,0.0083,0.1113,0,collision,
5230,85,-165.87,8.68,360.56,0.0235,0.0046,0,collision,
5231,160,-124.34,12.96,514.90,0.0125,0.0000,0,collision,
5232,54,-160.23,16.36,133.84,0.0000,0.0544,0,collision,
5233,174,232.79,12.93,407.12,0.0000,0.0303,1,goal,
5234,185,266.25,13.97,174.21,0.0000,0.0000,1,goal,
5235,169,-107.05,13.23,212.00,0.0000,0.0167,0,collision,
1841,122,-136.04,11.63,339.06,0.0164,0.0522,0,collision,
1842,295,301.05,9.62,981.46,0.0000,0.0034,1,goal,
1843,223,290.86,12.44,275.81,0.0000,0.0004,1,goal,
1844,205,-143.10,10.77,589.39,0.0098,0.0341,0,collision,
1845,213,211.03,12.07,73.79,0.0000,0.0000,1,goal,
1846,143,317.70,15.71,276.71,0.0000,0.0000,1,goal,
1847,140,-104.77,18.16,190.84,0.0000,0.0172,0,collision,
1848,271,-111.48,10.03,588.78,0.0000,0.0091,0,collision,
1849,264,373.84,11.49,1100.27,0.0000,0.0000,1,goal,
1850,151,231.61,16.70,-7.92,0.0000,0.0020,1,goal,
5236,237,-260.72,10.63,331.96,0.0000,0.0000,0,collision,
5237,180,319.33,12.55,734.72,0.0000,0.0301,1,goal,
5238,140,317.26,17.70,-94.10,0.0000,0.0000,1,goal,
5239,53,-169.53,14.27,131.04,0.0000,0.0323,0,collision,
5240,1,-200.00,0.00,0.00,0.0000,0.0000,0,collision,
5241,254,210.07,8.80,231.25,0.0000,0.0017,1,goal,
5242,227,-117.72,9.68,578.74,0.0088,0.0121,0,collision,
5243,186,291.48,12.52,211.44,0.0000,0.0167,1,goal,
5244,165,-131.39,11.66,286.10,0.0121,0.0414,0,collision,
5245,299,264.36,9.11,849.77,0.0000,0.0656,1,goal,
5246,221,-97.23,12.02,555.32,0.0000,0.0149,0,collision,
5247,94,-250.35,3.01,323.33,0.0213,0.2703,0,collision,
5248,144,291.44,17.19,-173.19,0.0000,0.0043,1,goal,
5249,127,306.04,18.39,113.75,0.0000,0.0000,1,goal,
5250,61,-182.69,13.75,31.21,0.0328,0.0456,0,collision,
5251,233,-51.36,11.95,624.26,0.0000,0.0025,0,collision,
5252,210,219.76,10.92,166.47,0.0000,0.0196,1,goal,
5253,113,-133.95,10.23,549.93,0.0177,0.0122,0,collision,
5254,189,-177.74,8.92,296.33,0.0000,0.0310,0,collision,
5255,284,233.14,9.44,537.95,0.0000,0.0929,1,goal,
5256,279,273.53,10.52,608.79,0.0000,0.0467,1,goal,
5257,273,-258.08,7.38,374.28,0.0073,0.0669,0,collision,
5258,167,311.63,14.57,337.20,0.0000,0.0063,1,goal,
5259,8,-208.19,0.78,5.63,0.2500,0.0000,0,collision,
5260,2,-201.00,1.04,2.51,0.0000,0.4417,0,collision,
1851,244,289.80,11.62,-72.96,0.0000,0.0247,1,goal,
1852,33,-189.79,8.84,117.87,0.0606,0.0408,0,collision,
1853,263,241.61,10.72,378.09,0.0000,0.0177,1,goal,
1854,319,193.00,7.95,683.70,0.0000,0.0122,1,goal,
1855,84,295.37,29.69,-148.47,0.0000,0.0000,1,goal,
1856,119,-222.31,9.18,113.98,0.0000,0.2316,0,collision,
1857,286,210.51,9.78,413.66,0.0000,0.1034,1,goal,
1858,74,279.48,30.17,31.95,0.0000,0.0000,1,goal,
1859,183,-191.83,8.10,405.56,0.0000,0.0054,0,collision,
1860,266,-124.08,6.98,1455.09,0.0000,0.0044,0,collision,
5261,153,-210.99,7.69,634.19,0.0005,0.0000,0,collision,
5262,318,162.43,8.71,310.76,0.0000,0.0033,1,goal,
5263,87,-138.95,19.55,102.23,0.0000,0.0194,0,collision,
5264,333,180.49,7.84,753.55,0.0000,0.0050,1,goal,
5265,294,312.23,10.39,1181.58,0.0000,0.0197,1,goal,
5266,71,-137.88,23.90,107.04,0.0000,0.0091,0,collision,
5267,183,-157.09,7.39,792.67,0.0109,0.0137,0,collision,
5268,203,-132.34,7.86,1204.07,0.0000,0.0104,0,collision,
5269,249,288.72,10.98,713.17,0.0000,0.0029,1,goal,
5270,228,-135.69,11.26,466.34,0.0000,0.0424,0,collision,
5271,165,-90.73,13.45,256.12,0.0000,0.0117,0,collision,
5272,144,-152.99,7.14,798.79,0.0139,0.0067,0,collision,
5273,2,-201.66,0.00,0.10,1.0000,0.0000,0,collision,
5274,213,-134.11,10.21,580.42,0.0000,0.0008,0,collision,
5275,216,286.19,11.46,761.32,0.0000,0.0000,1,goal,
5276,230,348.58,12.60,430.83,0.0000,0.0093,1,goal,
5277,310,216.56,8.11,625.88,0.0000,0.0624,1,goal,
5278,296,340.35,10.07,1044.49,0.0000,0.0000,1,goal,
5279,2,-201.66,0.00,0.10,1.0000,0.0000,0,collision,
5280,229,-161.58,8.71,493.25,0.0000,0.0136,0,collision,
5281,127,285.32,18.29,-1.26,0.0000,0.0060,1,goal,
1861,136,315.26,17.14,199.34,0.0000,0.0000,1,goal,
1862,344,168.69,7.63,866.43,0.0000,0.0744,1,goal,
1863,92,-133.07,15.28,207.73,0.0000,0.0119,0,collision,
1864,212,260.97,10.81,253.73,0.0000,0.0000,1,goal,
1865,120,305.95,19.41,233.02,0.0000,0.0000,1,goal,
1866,1,-200.00,0.00,0.00,0.0000,0.0000,0,collision,
1867,79,85.30,28.73,-40.86,0.0000,0.0000,0,removed_unknown,
1868,121,305.99,21.20,-89.57,0.0000,0.0000,1,goal,
1869,276,229.82,9.31,572.95,0.0000,0.0000,1,goal,
1870,212,300.77,12.50,452.93,0.0000,0.0119,1,goal,
5282,182,-178.07,11.52,313.83,0.0000,0.0361,0,collision,
5283,142,-144.06,9.08,424.42,0.0141,0.0213,0,collision,
5284,86,-156.31,15.85,-60.50,0.0233,0.0929,0,collision,
5285,192,-150.41,10.05,667.47,0.0000,0.0231,0,collision,
5286,166,-123.04,11.80,376.79,0.0000,0.0168,0,collision,
5287,278,300.46,9.73,756.94,0.0000,0.0174,1,goal,
5288,348,278.82,8.54,931.13,0.0000,0.0029,1,goal,
5289,84,294.95,29.10,-272.36,0.0000,0.0103,1,goal,
5290,261,240.48,9.19,514.37,0.0000,0.0089,1,goal,
5291,221,-181.09,6.44,874.66,0.0090,0.0000,0,collision,
5292,401,-259.68,5.26,1671.07,0.0050,0.0157,0,collision,
5293,205,-151.95,8.13,623.50,0.0052,0.0189,0,collision,
5294,207,-146.22,9.95,467.05,0.0097,0.0146,0,collision,
5295,344,265.82,7.45,1461.33,0.0000,0.0083,1,goal,
5296,89,-244.20,6.50,73.41,0.0211,0.3445,0,collision,
5297,2,-200.32,1.04,2.51,1.0000,0.0505,0,collision,
5298,51,-166.62,11.37,198.62,0.0000,0.0000,0,collision,
5299,412,80.61,5.44,1467.11,0.0000,0.1623,1,goal,
5300,273,203.56,8.46,681.71,0.0000,0.0038,1,goal,
1871,242,278.70,9.99,629.09,0.0000,0.0000,1,goal,
1872,115,-261.43,2.78,359.40,0.0174,0.0191,0,collision,
1873,2,-200.32,1.04,2.51,0.0000,0.0000,0,collision,
1874,288,292.09,9.54,731.94,0.0000,0.0027,1,goal,
1875,281,-172.01,6.73,967.72,0.0071,0.0217,0,collision,
1876,71,-207.53,4.48,366.91,0.0282,0.0000,0,collision,
1877,2,-201.66,0.00,0.10,0.0000,0.0000,0,collision,
1878,384,140.84,6.38,1188.18,0.0000,0.0855,1,goal,
1879,244,270.69,8.59,737.55,0.0000,0.0000,1,goal,
1880,426,249.50,6.11,1870.20,0.0000,0.0063,1,goal,
5301,569,-372.55,5.75,1161.14,0.0000,0.0137,0,collision,
5302,50,-172.71,11.59,36.19,0.0000,0.0710,0,collision,
5303,464,190.19,5.55,1730.27,0.0000,0.0000,1,goal,
5304,335,241.81,8.40,1199.89,0.0000,0.0038,1,goal,
5305,75,-149.82,16.54,124.61,0.0000,0.0116,0,collision,
5306,218,-131.89,10.75,246.18,0.0092,0.0000,0,collision,
5307,214,296.61,13.06,341.60,0.0000,0.0063,1,goal,
5308,178,280.44,13.04,-10.43,0.0000,0.0156,1,goal,
5309,348,220.16,6.88,1269.27,0.0000,0.0009,1,goal,
5310,71,-143.67,20.23,-158.29,0.0282,0.0393,0,collision,
5311,221,309.37,11.34,749.47,0.0000,0.0000,1,goal,
5312,135,297.11,17.86,58.83,0.0000,0.0003,1,goal,
5313,2,-201.66,0.00,0.10,1.0000,0.0000,0,collision,
5314,486,-231.65,5.33,1891.88,0.0000,0.0146,0,collision,
5315,150,-154.63,8.15,498.53,0.0000,0.0036,0,collision,
5316,379,133.79,5.96,1294.57,0.0000,0.0542,1,goal,
5317,326,230.96,7.52,1124.97,0.0000,0.0026,1,goal,
1881,499,-397.52,3.98,1359.52,0.0040,0.0763,0,collision,
1882,423,266.26,6.44,2042.34,0.0000,0.0010,1,goal,
1883,222,318.98,13.10,101.13,0.0000,0.0030,1,goal,
1884,13,-198.93,4.22,80.55,0.1538,0.0000,0,collision,
1885,196,298.44,12.44,324.84,0.0000,0.0000,1,goal,
1886,284,248.81,8.70,768.99,0.0000,0.0000,1,goal,
1887,96,-175.21,5.53,597.35,0.0208,0.0000,0,collision,
1888,175,-117.27,12.03,436.23,0.0000,0.0000,0,collision,
1889,267,163.35,9.87,111.57,0.0000,0.0978,1,goal,
1890,170,340.42,16.79,25.33,0.0000,0.0000,1,goal,
5318,306,-63.13,12.32,277.16,0.0000,0.0613,0,removed_unknown,
5319,151,331.13,17.81,4.13,0.0000,0.0000,1,goal,
5320,214,-88.69,9.57,1329.04,0.0093,0.0085,0,collision,
5321,289,-228.80,6.33,825.12,0.0069,0.0376,0,collision,
5322,232,324.56,10.64,711.49,0.0000,0.0000,1,goal,
5323,82,-150.67,14.76,188.38,0.0244,0.0000,0,collision,
5324,174,-164.12,9.14,389.84,0.0000,0.0021,0,collision,
5325,105,-139.94,15.46,160.33,0.0000,0.0124,0,collision,
5326,235,269.75,10.35,513.63,0.0000,0.0000,1,goal,
5327,142,-310.06,4.08,205.49,0.0141,0.3328,0,collision,
5328,168,-135.78,11.76,164.66,0.0000,0.0000,0,collision,
5329,122,306.52,19.02,-262.14,0.0000,0.0000,1,goal,
5330,101,-125.30,20.83,-73.85,0.0000,0.0095,0,collision,
5331,305,236.42,9.65,544.22,0.0000,0.0283,1,goal,
5332,230,293.56,10.36,551.45,0.0000,0.0000,1,goal,
5333,334,265.97,8.20,1360.82,0.0000,0.0216,1,goal,
5334,205,-126.58,10.34,451.02,0.0000,0.0000,0,collision,
5335,86,-170.51,10.17,333.56,0.0000,0.0231,0,collision,
5336,26,-208.44,3.24,95.42,0.0769,0.0000,0,collision,
5337,122,298.79,18.17,111.03,0.0000,0.0099,1,goal,
5338,61,-150.61,15.58,30.14,0.0000,0.0149,0,collision,
5339,259,200.37,9.21,302.06,0.0000,0.0093,1,goal,
5340,104,-188.20,5.04,487.72,0.0192,0.0000,0,collision,
5341,4,-202.39,1.11,2.60,0.0000,0.0000,0,collision,
1891,167,-126.55,14.64,55.01,0.0000,0.0061,0,collision,
1892,280,324.98,10.99,926.18,0.0000,0.0040,1,goal,
1893,343,-342.67,3.41,942.71,0.0058,0.0086,0,collision,
1894,136,285.07,17.53,83.13,0.0000,0.0388,1,goal,
1895,439,170.28,6.36,1247.95,0.0000,0.0000,1,goal,
1896,182,-156.41,11.20,249.39,0.0110,0.0275,0,collision,
1897,482,149.67,6.01,1534.80,0.0000,0.0019,1,goal,
1898,73,-140.37,21.27,-26.04,0.0274,0.0211,0,collision,
1899,187,278.23,13.46,594.98,0.0000,0.0000,1,goal,
1900,366,126.65,6.88,723.19,0.0000,0.0874,1,goal,
5342,292,-296.03,7.94,621.64,0.0000,0.1777,0,collision,
5343,89,288.28,26.25,-93.45,0.0000,0.0000,1,goal,
5344,143,291.47,15.80,70.39,0.0000,0.0013,1,goal,
5345,314,183.18,7.34,665.52,0.0000,0.0148,1,goal,
5346,185,-257.44,5.29,434.23,0.0000,0.1056,0,collision,
5347,189,309.24,15.25,65.69,0.0000,0.0000,1,goal,
5348,36,-171.98,19.31,65.33,0.0556,0.0000,0,collision,
5349,315,260.59,7.85,1225.63,0.0000,0.0000,1,goal,
5350,251,269.50,9.87,599.97,0.0000,0.0189,1,goal,
5351,352,268.65,8.26,1183.14,0.0000,0.0060,1,goal,
5352,124,254.02,18.91,45.97,0.0000,0.0000,1,goal,
5353,198,284.20,13.81,44.49,0.0000,0.0000,1,goal,
5354,244,304.24,9.18,965.74,0.0000,0.0000,1,goal,
5355,32,-170.84,22.38,23.44,0.0625,0.0000,0,collision,
5356,224,-98.89,10.26,825.09,0.0089,0.0000,0,collision,
5357,158,-131.10,8.43,594.14,0.0127,0.0318,0,collision,
5358,240,-165.02,11.27,272.82,0.0083,0.0171,0,collision,
5359,118,-213.30,6.36,345.54,0.0000,0.0000,0,collision,
5360,157,-247.03,7.40,117.71,0.0000,0.0069,0,collision,
5361,244,209.81,9.23,165.17,0.0000,0.0068,1,goal,
5362,43,-172.07,13.24,54.69,0.0000,0.0929,0,collision,
1901,50,-155.43,21.97,-43.81,0.0000,0.0349,0,collision,
1902,393,-320.42,6.13,1075.04,0.0000,0.1591,0,collision,
1903,201,274.25,12.39,61.86,0.0000,0.0000,1,goal,
1904,126,307.85,18.48,-202.78,0.0000,0.0090,1,goal,
1905,304,232.03,8.54,1056.83,0.0000,0.0604,1,goal,
1906,289,298.90,10.53,607.48,0.0000,0.0041,1,goal,
1907,176,333.54,13.65,478.26,0.0000,0.0000,1,goal,
1908,69,-160.21,12.33,35.30,0.0290,0.1083,0,collision,
1909,176,339.07,15.09,464.64,0.0000,0.0000,1,goal,
1910,219,260.44,12.27,333.10,0.0000,0.0972,1,goal,
5363,581,-424.20,6.23,1463.25,0.0000,0.0782,0,collision,
5364,88,-172.60,14.08,225.08,0.0227,0.0000,0,collision,
5365,63,-156.97,15.11,198.50,0.0000,0.0216,0,collision,
5366,97,-129.56,18.99,-23.72,0.0206,0.0000,0,collision,
5367,292,277.77,9.94,459.11,0.0000,0.0344,1,goal,
5368,193,304.82,11.63,533.45,0.0000,0.0000,1,goal,
5369,61,-141.33,23.66,-76.36,0.0000,0.0152,0,collision,
5370,158,-268.45,6.59,338.61,0.0127,0.2879,0,collision,
5371,40,-176.38,14.20,148.98,0.0500,0.0189,0,collision,
5372,105,-203.68,6.74,207.13,0.0000,0.0000,0,collision,
5373,26,-211.16,2.38,67.86,0.0000,0.0000,0,collision,
5374,203,224.03,12.26,225.99,0.0000,0.0922,1,goal,
5375,57,-178.74,11.36,133.20,0.0000,0.0290,0,collision,
5376,178,269.44,13.85,294.54,0.0000,0.0141,1,goal,
5377,238,-207.39,8.87,469.93,0.0000,0.0339,0,collision,
5378,229,336.68,12.81,67.68,0.0000,0.0000,1,goal,
5379,239,262.17,10.99,283.64,0.0000,0.0159,1,goal,
5380,98,-154.99,10.01,433.49,0.0061,0.0021,0,collision,
5381,302,231.51,9.66,557.47,0.0000,0.0291,1,goal,
5382,233,225.86,8.30,594.22,0.0000,0.0079,1,goal,
5383,280,192.94,8.07,337.96,0.0000,0.0052,1,goal,
5384,307,319.33,8.89,1295.99,0.0000,0.0018,1,goal,
5385,163,-216.90,4.51,585.57,0.0000,0.0000,0,collision,
5386,138,314.87,18.23,-60.48,0.0000,0.0181,1,goal,
1911,87,-259.97,2.41,228.40,0.0230,0.1732,0,collision,
1912,84,-181.55,6.95,325.99,0.0000,0.0000,0,collision,
1913,251,234.03,10.15,663.37,0.0000,0.0886,1,goal,
1914,49,-171.12,12.68,148.39,0.0408,0.0434,0,collision,
1915,242,303.28,10.42,855.67,0.0000,0.0000,1,goal,
1916,53,-227.65,2.23,153.86,0.0000,0.0042,0,collision,
1917,272,193.45,8.35,336.92,0.0000,0.0000,1,goal,
1918,298,304.36,9.47,1178.90,0.0000,0.0028,1,goal,
1919,7,-206.43,0.89,6.30,0.2857,0.0000,0,collision,
1920,173,-263.74,4.99,313.44,0.0000,0.0095,0,collision,
5387,256,-292.33,6.78,1202.07,0.0000,0.0115,0,collision,
5388,325,218.90,8.03,1202.47,0.0000,0.0083,1,goal,
5389,187,300.73,13.97,293.58,0.0000,0.0000,1,goal,
5390,318,213.99,8.18,776.11,0.0000,0.0036,1,goal,
5391,344,83.11,7.80,398.54,0.0000,0.0231,1,goal,
5392,314,-285.94,6.05,741.38,0.0000,0.0159,0,collision,
5393,107,307.35,22.94,-283.02,0.0000,0.0027,1,goal,
5394,149,-214.92,6.95,420.49,0.0000,0.0490,0,collision,
5395,5,-198.34,3.14,19.06,0.0009,0.0000,0,collision,
5396,274,252.27,8.90,734.84,0.0000,0.0055,1,goal,
5397,264,204.80,10.61,396.68,0.0000,0.0006,1,goal,
5398,37,-185.49,13.40,92.70,0.0541,0.0531,0,collision,
5399,186,233.36,13.04,264.53,0.0000,0.0146,1,goal,
5400,64,-144.96,19.02,119.08,0.0000,0.0168,0,collision,
5401,55,-171.95,11.64,90.40,0.0000,0.0309,0,collision,
5402,188,283.52,14.28,488.36,0.0000,0.0000,1,goal,
5403,86,-125.19,22.13,52.97,0.0233,0.0000,0,collision,
5404,256,-171.84,9.85,486.88,0.0000,0.0150,0,collision,
5405,221,-144.10,9.75,719.69,0.0000,0.0031,0,collision,
5406,168,-144.40,10.90,670.35,0.0000,0.0040,0,collision,
5407,55,-149.80,24.90,-5.90,0.0000,0.0155,0,collision,
5408,188,-276.99,8.15,211.46,0.0106,0.1979,0,collision,
5409,97,-100.53,26.78,-188.93,0.0206,0.0141,0,collision,
1921,61,-134.90,29.39,-63.66,0.0328,0.0264,0,collision,
1922,184,270.45,12.37,227.11,0.0000,0.0055,1,goal,
1923,285,-227.53,7.56,471.41,0.0070,0.0061,0,collision,
1924,142,-90.97,15.55,230.67,0.0141,0.0390,0,collision,
1925,96,-136.15,15.25,4.00,0.0208,0.0269,0,collision,
1926,148,-125.16,17.76,100.75,0.0135,0.0323,0,collision,
1927,143,46.04,17.80,56.60,0.0000,0.0000,0,removed_unknown,
1928,293,-86.49,9.80,825.04,0.0068,0.0016,0,collision,
1929,273,-306.04,5.32,581.80,0.0073,0.1401,0,collision,
1930,71,-159.72,19.14,44.16,0.0282,0.0208,0,collision,
5410,75,-202.57,15.25,-91.77,0.0000,0.0127,0,collision,
5411,45,-192.21,7.00,151.45,0.0000,0.0000,0,collision,
5412,56,-175.88,11.19,118.20,0.0000,0.0700,0,collision,
5413,154,309.32,14.62,434.86,0.0000,0.0000,1,goal,
5414,224,334.94,10.79,1155.22,0.0000,0.0055,1,goal,
5415,278,-223.80,9.79,165.07,0.0000,0.0024,0,collision,
5416,111,-163.61,8.47,460.57,0.0000,0.0000,0,collision,
5417,66,-134.39,23.53,-83.73,0.0303,0.0223,0,collision,
5418,67,-149.53,18.63,55.69,0.0000,0.0277,0,collision,
5419,239,255.25,10.52,440.48,0.0000,0.0003,1,goal,
5420,81,-156.72,15.40,234.88,0.0212,0.0059,0,collision,
5421,96,294.27,23.79,-260.95,0.0000,0.0079,1,goal,
5422,1,-200.00,0.00,0.00,0.0000,0.0000,0,collision,
5423,106,-125.11,22.05,35.59,0.0189,0.0575,0,collision,
5424,208,266.21,13.15,345.97,0.0000,0.0061,1,goal,
5425,33,-178.87,18.83,13.94,0.0606,0.0000,0,collision,
5426,96,-114.53,21.91,-157.61,0.0208,0.0295,0,collision,
5427,185,358.37,16.90,187.82,0.0000,0.0000,1,goal,
5428,117,-207.51,7.92,161.42,0.0171,0.0167,0,collision,
5429,89,-252.54,3.07,291.78,0.0000,0.0225,0,collision,
5430,112,-124.15,17.49,277.73,0.0179,0.0089,0,collision,
5431,222,-149.39,10.06,411.09,0.0090,0.0221,0,collision,
5432,175,-133.82,12.23,333.99,0.0114,0.0000,0,collision,
5433,236,277.38,9.59,789.87,0.0000,0.0000,1,goal,
5434,95,-126.01,16.79,-119.20,0.0000,0.0121,0,collision,
5435,147,-157.19,9.66,546.96,0.0000,0.0733,0,collision,
5436,23,-189.83,6.51,157.88,0.0870,0.0000,0,collision,
5437,278,-159.73,9.01,585.36,0.0000,0.0847,0,collision,
5438,182,-146.48,12.27,97.23,0.0110,0.0021,0,collision,
5439,161,-102.10,13.10,206.52,0.0000,0.0000,0,collision,
1931,324,247.20,7.59,797.34,0.0000,0.0026,1,goal,
1932,79,-143.12,18.47,-30.01,0.0253,0.0000,0,collision,
1933,342,168.26,7.19,726.19,0.0000,0.0003,1,goal,
1934,2,-200.65,1.04,2.51,0.0000,0.1764,0,collision,
1935,285,285.47,9.60,757.48,0.0000,0.0051,1,goal,
1936,173,294.18,16.23,261.85,0.0000,0.0000,1,goal,
1937,136,326.17,20.87,-36.70,0.0000,0.0000,1,goal,
1938,352,328.30,7.95,1792.27,0.0000,0.0031,1,goal,
1939,102,-231.04,6.51,142.01,0.0000,0.3037,0,collision,
1940,295,280.30,8.97,1032.52,0.0000,0.0086,1,goal,
5440,193,-185.73,10.22,205.03,0.0000,0.0091,0,collision,
5441,244,245.43,9.28,577.94,0.0000,0.0078,1,goal,
5442,349,107.40,6.61,460.44,0.0000,0.0683,1,goal,
5443,273,319.01,10.06,1150.33,0.0000,0.0000,1,goal,
5444,225,281.08,11.53,346.98,0.0000,0.0578,1,goal,
5445,274,268.74,9.92,613.72,0.0000,0.0000,1,goal,
5446,75,-168.55,13.41,-46.26,0.0000,0.0035,0,collision,
5447,80,288.06,30.03,96.35,0.0000,0.0000,1,goal,
5448,328,232.80,7.34,1250.20,0.0000,0.0245,1,goal,
5449,195,304.47,14.49,282.96,0.0000,0.0059,1,goal,
5450,241,-243.52,5.59,665.15,0.0000,0.0168,0,collision,
5451,201,313.72,14.59,73.71,0.0000,0.0543,1,goal,
5452,636,-427.05,4.05,1844.92,0.0031,0.0070,0,collision,
5453,344,236.36,6.74,1276.70,0.0000,0.0003,1,goal,
5454,243,-252.44,5.73,721.30,0.0082,0.0118,0,collision,
5455,302,290.12,9.53,665.37,0.0000,0.0000,1,goal,
1941,199,-278.87,3.54,581.89,0.0000,0.0926,0,collision,
1942,494,-341.27,4.70,1464.39,0.0000,0.1102,0,collision,
1943,378,217.34,7.27,1427.61,0.0000,0.0266,1,goal,
1944,283,-127.42,8.68,916.19,0.0071,0.0028,0,collision,
1945,187,303.11,14.95,198.92,0.0000,0.0249,1,goal,
1946,365,-175.80,7.54,876.74,0.0055,0.0206,0,collision,
1947,19,-195.41,5.35,131.30,0.0000,0.0523,0,collision,
1948,212,296.46,11.01,391.70,0.0000,0.0020,1,goal,
1949,459,91.88,4.73,1427.62,0.0000,0.0000,1,goal,
1950,345,200.35,6.69,1225.88,0.0000,0.0000,1,goal,
5456,171,-176.92,15.30,354.00,0.0000,0.0060,0,collision,
5457,5,-204.25,0.83,3.69,0.4000,0.0000,0,collision,
5458,347,194.68,7.30,1293.58,0.0000,0.0124,1,goal,
5459,297,193.27,9.74,228.89,0.0000,0.0876,1,goal,
5460,184,340.39,15.04,268.77,0.0000,0.0005,1,goal,
5461,129,-176.23,9.44,408.89,0.0000,0.0088,0,collision,
5462,186,265.61,12.63,151.10,0.0000,0.0120,1,goal,
5463,374,-231.37,6.14,1390.09,0.0053,0.1484,0,collision,
5464,142,-174.27,9.32,109.84,0.0141,0.0000,0,collision,
5465,279,-195.45,7.60,660.13,0.0000,0.0081,0,collision,
5466,7,-198.30,4.45,63.37,0.2857,0.0000,0,collision,
5467,1,-200.00,0.00,0.00,0.0000,0.0000,0,collision,
5468,239,-239.57,6.19,427.70,0.0000,0.0178,0,collision,
5469,65,-251.37,4.33,58.39,0.0000,0.5396,0,collision,
5470,114,-157.40,12.20,98.55,0.0000,0.0285,0,collision,
5471,247,320.20,10.37,614.32,0.0000,0.0000,1,goal,
5472,296,236.41,7.72,793.18,0.0000,0.0013,1,goal,
5473,241,273.58,11.47,525.29,0.0000,0.0000,1,goal,
5474,170,-119.97,11.25,665.04,0.0000,0.0231,0,collision,
5475,85,-148.16,13.10,262.60,0.0000,0.0101,0,collision,
5476,246,202.84,9.73,189.03,0.0000,0.1793,1,goal,
5477,66,-175.21,13.30,-36.42,0.0000,0.0000,0,collision,
5478,163,-255.68,3.15,527.25,0.0000,0.0249,0,collision,
1951,347,225.09,7.46,1282.99,0.0000,0.0649,1,goal,
1952,40,-185.10,12.16,150.47,0.0000,0.0287,0,collision,
1953,282,240.49,8.77,718.73,0.0000,0.0477,1,goal,
1954,136,-163.05,10.68,12.97,0.0000,0.0000,0,collision,
1955,234,331.04,10.57,884.94,0.0000,0.0000,1,goal,
1956,182,285.49,14.21,155.49,0.0000,0.0271,1,goal,
1957,343,248.67,7.21,1209.23,0.0000,0.0262,1,goal,
1958,56,-166.06,8.07,305.63,0.0357,0.0000,0,collision,
1959,309,301.93,9.01,1194.53,0.0000,0.0003,1,goal,
1960,346,202.84,8.16,738.68,0.0000,0.0651,1,goal,
5479,361,-53.14,10.41,1044.33,0.0000,0.0525,0,removed_unknown,
5480,268,-132.69,8.33,895.48,0.0075,0.0208,0,collision,
5481,151,-118.00,13.70,152.97,0.0000,0.0192,0,collision,
5482,270,278.28,10.51,465.50,0.0000,0.0098,1,goal,
5483,182,-256.82,4.61,558.72,0.0110,0.1407,0,collision,
5484,308,276.39,7.58,1304.04,0.0000,0.0031,1,goal,
5485,41,-167.16,20.93,15.58,0.0000,0.0000,0,collision,
5486,172,317.02,13.21,378.43,0.0000,0.0077,1,goal,
5487,342,214.85,6.88,1318.04,0.0000,0.0120,1,goal,
5488,1,-200.00,0.00,0.00,0.0000,0.0000,0,collision,
5489,166,-123.09,13.35,451.08,0.0120,0.0446,0,collision,
5490,368,191.09,6.30,1111.88,0.0000,0.0194,1,goal,
5491,131,308.01,17.30,114.87,0.0000,0.0000,1,goal,
5492,209,-162.73,9.31,498.25,0.0096,0.0300,0,collision,
5493,236,288.05,10.24,545.88,0.0000,0.0000,1,goal,
5494,33,-170.19,19.71,-5.64,0.0606,0.0274,0,collision,
5495,315,243.83,9.07,667.55,0.0000,0.0431,1,goal,
5496,4,-203.81,0.52,1.94,0.5000,0.0000,0,collision,
5497,237,262.38,10.16,526.78,0.0000,0.0446,1,goal,
5498,294,-135.76,6.50,1321.79,0.0000,0.0027,0,collision,
5499,56,-163.13,11.98,95.45,0.0357,0.0000,0,collision,
1961,253,256.51,10.87,474.61,0.0000,0.0228,1,goal,
1962,353,188.94,6.55,1035.18,0.0000,0.0075,1,goal,
1963,147,292.59,15.30,-10.74,0.0000,0.0230,1,goal,
1964,298,166.63,8.03,469.35,0.0000,0.0092,1,goal,
1965,358,227.21,7.66,1060.31,0.0000,0.0089,1,goal,
1966,278,287.19,9.05,997.21,0.0000,0.0259,1,goal,
1967,170,303.62,13.67,382.35,0.0000,0.0000,1,goal,
1968,172,-165.29,8.70,694.09,0.0000,0.0000,0,collision,
1969,192,-134.18,9.88,405.87,0.0000,0.0000,0,collision,
1970,269,-172.78,7.55,649.42,0.0036,0.0072,0,collision,
5500,30,-184.60,10.27,183.94,0.0000,0.0000,0,collision,
5501,2,-200.32,1.04,2.51,0.0000,0.0796,0,collision,
5502,45,-207.74,6.88,101.64,0.0444,0.0385,0,collision,
5503,278,-158.85,7.95,651.76,0.0072,0.0294,0,collision,
5504,109,-136.76,12.32,142.09,0.0000,0.0083,0,collision,
5505,195,310.74,11.62,450.74,0.0000,0.0322,1,goal,
5506,164,295.77,16.85,54.10,0.0000,0.0061,1,goal,
5507,262,273.84,10.25,653.89,0.0000,0.0000,1,goal,
5508,231,305.51,12.73,54.67,0.0000,0.0000,1,goal,
5509,8,-209.23,0.52,4.75,0.0000,0.0000,0,collision,
5510,116,-113.54,18.26,60.97,0.0000,0.0034,0,collision,
5511,103,305.38,25.26,43.23,0.0000,0.0000,1,goal,
5512,87,-134.99,13.54,250.13,0.0000,0.0000,0,collision,
5513,49,-163.56,12.66,171.34,0.0000,0.0000,0,collision,
5514,256,223.22,9.57,280.99,0.0000,0.0011,1,goal,
5515,196,-155.49,9.77,655.76,0.0000,0.0103,0,collision,
5516,243,-335.18,3.94,650.95,0.0000,0.0163,0,collision,
5517,182,-81.44,15.50,-39.88,0.0000,0.0036,0,collision,
5518,288,248.15,9.49,674.62,0.0000,0.0236,1,goal,
5519,234,228.37,10.18,476.30,0.0000,0.0974,1,goal,
5520,453,248.97,6.26,1800.77,0.0000,0.0000,1,goal,
5521,278,275.87,10.62,452.67,0.0000,0.0031,1,goal,
5522,234,251.43,9.63,462.00,0.0000,0.0000,1,goal,
1971,87,-171.50,12.92,349.45,0.0000,0.0181,0,collision,
1972,8,-203.26,2.08,26.11,0.2500,0.0000,0,collision,
1973,286,208.00,9.07,390.69,0.0000,0.0100,1,goal,
1974,8,-210.48,0.26,2.34,0.0000,0.0000,0,collision,
1975,126,314.81,23.41,-191.91,0.0000,0.0000,1,goal,
1976,274,259.67,9.10,490.57,0.0000,0.0529,1,goal,
1977,76,-137.31,17.54,-38.19,0.0263,0.0220,0,collision,
1978,384,219.36,7.17,1366.13,0.0000,0.0000,1,goal,
1979,134,-149.32,14.27,178.95,0.0149,0.0000,0,collision,
1980,41,-166.90,15.40,29.46,0.0000,0.0456,0,collision,
5523,261,-337.71,6.42,485.47,0.0000,0.0694,0,collision,
5524,154,302.10,17.11,215.19,0.0000,0.0000,1,goal,
5525,84,301.24,33.50,-171.13,0.0000,0.0000,1,goal,
5526,261,272.64,10.73,810.23,0.0000,0.0505,1,goal,
5527,176,-161.56,15.05,267.51,0.0000,0.2042,0,collision,
5528,183,296.97,13.04,571.83,0.0000,0.0177,1,goal,
5529,288,305.10,10.08,844.59,0.0000,0.0063,1,goal,
5530,30,-190.85,6.24,152.96,0.0667,0.0000,0,collision,
5531,121,-188.35,5.93,450.77,0.0165,0.0000,0,collision,
5532,181,333.23,15.94,104.66,0.0000,0.0159,1,goal,
5533,105,-113.81,20.65,-149.30,0.0000,0.0152,0,collision,
5534,18,-195.68,11.45,119.57,0.0000,0.3817,0,collision,
5535,215,169.39,9.93,146.25,0.0000,0.1527,1,goal,
5536,242,247.65,11.23,631.58,0.0000,0.0000,1,goal,
5537,252,296.30,10.94,539.09,0.0000,0.0000,1,goal,
5538,58,-188.08,6.57,346.79,0.0000,0.1437,0,collision,
5539,90,294.02,27.57,-171.82,0.0000,0.0000,1,goal,
5540,197,-117.03,13.31,523.52,0.0102,0.1239,0,collision,
5541,142,-206.68,5.70,605.56,0.0000,0.1091,0,collision,
5542,247,308.27,11.66,695.12,0.0000,0.0016,1,goal,
5543,292,295.34,8.40,1237.54,0.0000,0.0011,1,goal,
5544,69,-165.43,14.39,160.63,0.0000,0.0092,0,collision,
5545,63,-162.34,14.39,125.33,0.0000,0.0465,0,collision,
5546,85,-221.39,7.82,129.47,0.0235,0.2741,0,collision,
5547,37,-193.61,4.92,249.82,0.0000,0.0000,0,collision,
5548,19,-194.26,8.56,152.46,0.0000,0.0505,0,collision,
5549,104,-99.77,22.59,-261.88,0.0000,0.0000,0,collision,
5550,78,286.59,28.81,-87.40,0.0000,0.0000,1,goal,
1981,153,259.89,16.22,-126.86,0.0000,0.1469,1,goal,
1982,72,-163.06,16.43,66.80,0.0000,0.0000,0,collision,
1983,183,-211.62,8.24,304.47,0.0109,0.0844,0,collision,
1984,197,-102.07,10.71,328.46,0.0000,0.0132,0,collision,
1985,41,-169.13,20.79,44.42,0.0000,0.0269,0,collision,
1986,282,-314.02,9.09,98.92,0.0071,0.0081,0,collision,
1987,114,-175.51,9.59,431.04,0.0000,0.0073,0,collision,
1988,78,-153.66,15.80,-36.73,0.0000,0.0000,0,collision,
1989,137,-107.49,17.95,-47.92,0.0000,0.0406,0,collision,
1990,330,101.41,8.28,700.73,0.0000,0.0070,1,goal,
5551,307,-240.38,9.41,477.03,0.0000,0.0021,0,collision,
5552,65,-172.63,10.71,295.98,0.0000,0.0000,0,collision,
5553,221,-145.44,10.02,700.44,0.0090,0.0040,0,collision,
5554,134,287.35,16.94,245.47,0.0000,0.0000,1,goal,
5555,26,-188.65,13.60,61.46,0.0000,0.0187,0,collision,
5556,69,-181.70,10.56,215.88,0.0063,0.0000,0,collision,
5557,58,-163.36,17.56,242.82,0.0000,0.1425,0,collision,
5558,76,-157.83,8.96,562.76,0.0263,0.0639,0,collision,
5559,63,-182.64,10.17,126.67,0.0000,0.0584,0,collision,
5560,77,-121.11,26.46,-118.42,0.0000,0.0069,0,collision,
5561,154,-146.06,9.11,663.62,0.0130,0.0163,0,collision,
5562,220,238.39,12.85,225.84,0.0000,0.0751,1,goal,
5563,122,-147.97,14.67,246.42,0.0000,0.0072,0,collision,
5564,68,-147.86,17.49,-40.43,0.0294,0.0328,0,collision,
5565,153,-145.08,12.11,492.79,0.0000,0.1188,0,collision,
5566,128,300.81,21.97,224.64,0.0000,0.0000,1,goal,
5567,131,-139.10,10.80,393.84,0.0153,0.0079,0,collision,
5568,136,313.88,20.05,6.92,0.0000,0.0000,1,goal,
5569,2,-201.66,0.00,0.10,1.0000,0.0000,0,collision,
5570,345,-122.96,7.24,1514.88,0.0058,0.0018,0,collision,
5571,261,-230.92,7.14,605.70,0.0000,0.0630,0,collision,
5572,83,-180.72,9.50,174.77,0.0241,0.1159,0,collision,
5573,120,-152.42,11.10,312.67,0.0000,0.0277,0,collision,
5574,222,-138.43,9.84,428.84,0.0090,0.0733,0,collision,
5575,91,293.49,24.46,-71.70,0.0000,0.0000,1,goal,
5576,100,-106.34,22.84,-176.77,0.0200,0.0334,0,collision,
5577,111,-157.45,15.33,38.91,0.0180,0.1843,0,collision,
5578,236,-204.99,8.64,594.02,0.0085,0.0366,0,collision,
5579,2,-200.32,1.04,2.51,0.0000,0.0000,0,collision,
5580,238,-125.92,11.87,283.29,0.0084,0.0387,0,collision,
5581,154,300.56,17.94,190.84,0.0000,0.0000,1,goal,
1991,77,-240.06,2.58,222.21,0.0260,0.1551,0,collision,
1992,160,342.40,18.14,-136.12,0.0000,0.0057,1,goal,
1993,171,268.32,15.86,195.68,0.0000,0.0125,1,goal,
1994,234,243.63,8.84,544.67,0.0000,0.0007,1,goal,
1995,32,-186.25,6.83,235.59,0.0625,0.0000,0,collision,
1996,132,280.24,16.81,355.93,0.0000,0.0000,1,goal,
1997,205,-222.89,6.63,540.00,0.0000,0.0367,0,collision,
1998,293,232.54,8.33,812.22,0.0000,0.0415,1,goal,
1999,163,-98.62,12.84,305.09,0.0000,0.0130,0,collision,
2000,3,-202.82,0.00,0.20,0.6667,0.0000,0,collision,
5582,242,-274.45,9.99,627.81,0.0000,0.0880,0,collision,
5583,7,-207.47,0.89,6.30,0.2857,0.1824,0,collision,
5584,266,312.62,9.94,784.22,0.0000,0.0000,1,goal,
5585,106,-236.41,5.92,264.24,0.0189,0.1831,0,collision,
5586,87,-175.90,12.96,103.13,0.0230,0.0173,0,collision,
5587,188,317.90,16.15,118.73,0.0000,0.0122,1,goal,
5588,247,293.44,10.22,784.10,0.0000,0.0209,1,goal,
5589,272,275.49,10.61,563.32,0.0000,0.0447,1,goal,
5590,118,292.08,19.31,-71.40,0.0000,0.0000,1,goal,
5591,109,-168.42,8.99,488.09,0.0183,0.0685,0,collision,
5592,217,-119.18,8.26,1024.98,0.0000,0.0000,0,collision,
5593,42,-174.49,16.46,47.65,0.0000,0.0000,0,collision,
5594,161,-100.11,14.47,365.95,0.0000,0.0000,0,collision,
5595,341,231.93,7.09,1193.65,0.0000,0.0218,1,goal,
5596,2,-200.86,0.00,0.10,1.0000,0.0000,0,collision,
5597,306,282.90,8.98,940.02,0.0000,0.0000,1,goal,
5598,272,265.43,9.76,804.83,0.0000,0.0300,1,goal,
5599,355,158.25,7.09,721.64,0.0000,0.0000,1,goal,
5600,157,-141.48,10.08,402.29,0.0127,0.0145,0,collision,
5601,311,-149.48,8.72,695.22,0.0064,0.0065,0,collision,
5602,2,-200.32,1.04,2.51,0.0000,0.0000,0,collision,
5603,300,255.97,8.36,1010.13,0.0000,0.0075,1,goal,
2001,118,-178.32,8.08,305.67,0.0000,0.0421,0,collision,
2002,193,-168.90,13.64,35.78,0.0104,0.0000,0,collision,
2003,143,-147.15,9.67,528.05,0.0000,0.0188,0,collision,
2004,242,278.84,9.03,625.39,0.0000,0.0023,1,goal,
2005,91,-209.47,10.52,-53.44,0.0220,0.3032,0,collision,
2006,162,-149.17,8.50,662.48,0.0123,0.0283,0,collision,
2007,265,-156.56,8.41,811.24,0.0000,0.0131,0,collision,
2008,257,-100.50,9.73,1049.45,0.0078,0.0052,0,collision,
2009,369,129.03,7.61,741.55,0.0000,0.1930,1,goal,
2010,284,277.40,9.15,890.47,0.0000,0.0162,1,goal,
5604,75,-192.68,10.18,204.44,0.0267,0.0000,0,collision,
5605,122,-204.87,8.16,352.93,0.0164,0.1193,0,collision,
5606,284,151.57,8.27,221.86,0.0000,0.0375,1,goal,
5607,386,184.63,6.58,1327.92,0.0000,0.0901,1,goal,
5608,180,320.33,12.68,445.51,0.0000,0.0017,1,goal,
5609,180,-172.32,8.88,543.15,0.0000,0.0491,0,collision,
5610,264,-186.37,6.74,947.82,0.0000,0.0239,0,collision,
5611,260,314.32,10.17,916.51,0.0000,0.0128,1,goal,
5612,207,-169.50,10.20,438.06,0.0097,0.0000,0,collision,
5613,136,-179.95,9.46,521.17,0.0000,0.0072,0,collision,
5614,67,-137.95,23.08,-128.77,0.0299,0.0225,0,collision,
5615,58,-171.37,10.29,254.34,0.0000,0.0258,0,collision,
5616,163,-122.44,12.86,288.19,0.0123,0.0756,0,collision,
5617,15,-192.45,5.73,151.58,0.0000,0.0000,0,collision,
5618,108,-316.90,1.07,127.18,0.0185,0.2948,0,collision,
5619,24,-205.83,2.89,77.00,0.0833,0.0000,0,collision,
5620,234,278.12,10.18,688.90,0.0000,0.0000,1,goal,
5621,63,-132.74,31.85,-64.77,0.0257,0.0100,0,collision,
5622,1,-200.00,0.00,0.00,0.0000,0.0000,0,collision,
5623,86,-114.96,23.13,-93.02,0.0233,0.0000,0,collision,
5624,55,-167.83,11.38,126.16,0.0364,0.0249,0,collision,
5625,190,-113.68,13.22,547.34,0.0000,0.0138,0,collision,
5626,24,-182.70,10.75,195.64,0.0833,0.0000,0,collision,
5627,255,319.37,10.96,806.86,0.0000,0.0143,1,goal,
5628,53,-144.87,26.76,86.31,0.0000,0.0144,0,collision,
5629,180,308.44,12.66,606.27,0.0000,0.0000,1,goal,
5630,281,271.71,8.00,1293.85,0.0000,0.0022,1,goal,
2011,311,262.65,8.36,991.13,0.0000,0.0118,1,goal,
2012,206,274.05,11.93,391.56,0.0000,0.0000,1,goal,
2013,216,272.47,12.26,254.09,0.0000,0.0000,1,goal,
2014,152,-123.09,14.57,-77.36,0.0132,0.0000,0,collision,
2015,76,-160.23,12.47,87.33,0.0118,0.0336,0,collision,
2016,315,247.25,8.24,1010.07,0.0000,0.0108,1,goal,
2017,313,303.37,8.63,1064.16,0.0000,0.0000,1,goal,
2018,69,-147.38,20.59,69.70,0.0000,0.0000,0,collision,
2019,1,-200.00,0.00,0.00,0.0000,0.0000,0,collision,
2020,270,195.27,9.36,373.62,0.0000,0.0067,1,goal,
5631,626,-443.73,5.60,964.27,0.0000,0.0184,0,removed_unknown,
5632,109,-105.57,21.24,140.97,0.0183,0.0141,0,collision,
5633,14,-199.10,4.25,95.20,0.1429,0.0200,0,collision,
5634,353,324.47,8.31,1270.40,0.0000,0.0024,1,goal,
5635,227,281.85,12.89,417.90,0.0000,0.0336,1,goal,
5636,80,-143.30,19.64,-88.74,0.0250,0.0000,0,collision,
5637,171,309.60,14.76,447.27,0.0000,0.0000,1,goal,
5638,105,-132.89,13.31,2.44,0.0000,0.0000,0,collision,
5639,134,304.36,17.73,114.38,0.0000,0.0000,1,goal,
5640,160,-139.86,8.61,635.19,0.0125,0.0557,0,collision,
5641,149,318.23,15.59,18.22,0.0000,0.0065,1,goal,
5642,83,291.72,27.96,-143.78,0.0000,0.0000,1,goal,
5643,113,-171.82,8.82,545.25,0.0000,0.0087,0,collision,
5644,234,244.57,10.31,306.24,0.0000,0.0004,1,goal,
5645,264,268.59,8.46,1070.51,0.0000,0.0000,1,goal,
5646,204,234.71,9.55,570.93,0.0000,0.0055,1,goal,
5647,250,-193.00,7.74,618.00,0.0000,0.0005,0,collision,
5648,206,258.14,11.29,478.50,0.0000,0.0000,1,goal,
5649,164,293.82,14.13,196.66,0.0000,0.0000,1,goal,
5650,230,296.12,11.22,385.07,0.0000,0.0141,1,goal,
5651,171,-162.53,6.09,960.90,0.0117,0.0030,0,collision,
2021,139,-194.33,5.21,717.03,0.0000,0.0000,0,collision,
2022,176,291.93,12.88,219.09,0.0000,0.0000,1,goal,
2023,347,202.91,7.39,875.71,0.0000,0.0000,1,goal,
2024,239,175.78,7.99,396.71,0.0000,0.0105,1,goal,
2025,76,-234.53,3.69,199.52,0.0263,0.2339,0,collision,
2026,419,159.77,6.56,1057.17,0.0000,0.0032,1,goal,
2027,48,-165.72,11.54,339.13,0.0000,0.0221,0,collision,
2028,79,-115.31,25.79,-143.78,0.0000,0.0088,0,collision,
2029,290,-168.63,7.08,855.66,0.0000,0.0032,0,collision,
2030,236,-176.16,9.07,421.01,0.0085,0.0378,0,collision,
5652,231,-129.16,9.21,648.15,0.0000,0.0000,0,collision,
5653,202,-90.72,11.08,852.07,0.0099,0.0062,0,collision,
5654,122,301.90,20.47,327.99,0.0000,0.0000,1,goal,
5655,247,291.29,9.75,674.35,0.0000,0.0014,1,goal,
5656,311,104.32,6.52,682.01,0.0000,0.1311,1,goal,
5657,254,-118.49,9.31,913.67,0.0079,0.0018,0,collision,
5658,385,173.87,6.41,905.01,0.0000,0.0033,1,goal,
5659,69,-164.48,9.79,255.19,0.0000,0.0360,0,collision,
5660,2,-201.66,0.00,0.10,1.0000,0.0000,0,collision,
5661,196,-143.26,8.14,710.32,0.0066,0.0000,0,collision,
5662,316,-185.31,8.70,1151.58,0.0000,0.1298,0,collision,
5663,199,252.42,13.71,217.42,0.0000,0.0000,1,goal,
5664,149,-138.78,9.69,716.05,0.0000,0.0219,0,collision,
5665,210,231.20,10.95,477.99,0.0000,0.0125,1,goal,
5666,91,-111.73,21.21,-16.30,0.0220,0.0000,0,collision,
5667,273,-182.21,7.47,854.28,0.0000,0.0501,0,collision,
5668,83,-126.18,19.04,-15.02,0.0000,0.0000,0,collision,
5669,181,219.46,13.89,-34.15,0.0000,0.2103,1,goal,
5670,1,-200.00,0.00,0.00,0.0000,0.0000,0,collision,
5671,2,-200.32,1.04,2.51,1.0000,0.0000,0,collision,
5672,71,-173.58,10.21,259.00,0.0282,0.0000,0,collision,
5673,174,-95.93,14.77,-118.73,0.0000,0.0052,0,collision,
5674,54,-175.09,12.02,-13.07,0.0000,0.0632,0,collision,
5675,105,-210.48,5.50,346.52,0.0000,0.0467,0,collision,
5676,201,275.91,12.96,223.84,0.0000,0.0386,1,goal,
5677,177,346.33,17.42,-32.24,0.0000,0.0000,1,goal,
2031,233,321.28,12.47,528.29,0.0000,0.0024,1,goal,
2032,275,270.57,10.66,526.16,0.0000,0.0401,1,goal,
2033,234,233.28,10.78,484.42,0.0000,0.0205,1,goal,
2034,1,-200.00,0.00,0.00,0.0000,0.0000,0,collision,
2035,52,-154.25,23.20,48.26,0.0000,0.0261,0,collision,
2036,400,148.45,6.79,1080.97,0.0000,0.0662,1,goal,
2037,170,336.04,15.40,358.91,0.0000,0.0518,1,goal,
2038,213,-211.63,7.63,391.65,0.0094,0.0635,0,collision,
2039,98,287.61,24.70,-134.31,0.0000,0.0000,1,goal,
2040,100,-92.89,28.93,-207.54,0.0000,0.0053,0,collision,
5678,59,-192.87,13.97,216.22,0.0000,0.0094,0,collision,
5679,388,190.35,7.49,1067.84,0.0000,0.0055,1,goal,
5680,162,-176.46,8.37,403.36,0.0000,0.0068,0,collision,
5681,210,299.87,11.85,806.26,0.0000,0.0359,1,goal,
5682,152,-136.99,13.29,186.58,0.0132,0.0215,0,collision,
5683,106,-159.60,7.00,766.70,0.0189,0.0073,0,collision,
5684,213,249.03,10.92,245.42,0.0000,0.0000,1,goal,
5685,241,-107.26,10.83,683.04,0.0083,0.0148,0,collision,
5686,127,-110.13,17.44,98.60,0.0000,0.0048,0,collision,
5687,211,-87.69,10.53,710.08,0.0000,0.0074,0,collision,
5688,279,-157.97,9.45,737.43,0.0000,0.0335,0,collision,
5689,414,107.89,5.93,1122.75,0.0000,0.0655,1,goal,
5690,1,-200.00,0.00,0.00,0.0000,0.0000,0,collision,
5691,167,288.67,16.22,264.41,0.0000,0.0140,1,goal,
5692,411,82.01,6.14,613.63,0.0000,0.0769,1,goal,
5693,228,279.11,10.15,691.18,0.0000,0.0000,1,goal,
5694,90,-122.66,23.03,-183.54,0.0000,0.0216,0,collision,
5695,20,-197.39,3.70,99.18,0.0000,0.0000,0,collision,
5696,43,-165.24,16.48,85.10,0.0000,0.0194,0,collision,
5697,97,294.51,23.65,-159.34,0.0000,0.0000,1,goal,
5698,284,305.29,8.72,1061.25,0.0000,0.0091,1,goal,
5699,2,-200.86,0.00,0.10,0.0000,0.0000,0,collision,
5700,209,269.40,12.03,367.00,0.0000,0.0000,1,goal,
2041,225,-231.18,6.68,464.77,0.0089,0.0383,0,collision,
2042,126,307.64,18.22,-81.48,0.0000,0.0000,1,goal,
2043,146,-137.07,12.36,232.44,0.0000,0.0113,0,collision,
2044,166,298.76,13.84,404.83,0.0000,0.0098,1,goal,
2045,44,-173.50,15.17,-23.68,0.0455,0.0000,0,collision,
2046,372,172.72,6.24,1272.56,0.0000,0.0602,1,goal,
2047,268,243.35,8.47,660.61,0.0000,0.0329,1,goal,
2048,136,-197.45,4.57,708.54,0.0147,0.0000,0,collision,
2049,238,313.00,11.31,709.25,0.0000,0.0048,1,goal,
2050,57,-167.41,12.71,98.07,0.0000,0.0000,0,collision,
5701,167,-267.68,8.54,682.66,0.0000,0.0000,0,collision,
5702,72,-159.39,14.24,65.00,0.0046,0.0256,0,collision,
5703,152,-174.67,5.83,670.28,0.0132,0.0016,0,collision,
5704,65,-170.62,10.42,199.44,0.0000,0.0000,0,collision,
5705,91,-212.72,6.35,486.26,0.0000,0.3123,0,collision,
5706,226,-182.38,8.97,396.85,0.0000,0.0058,0,collision,
5707,249,203.87,11.24,174.05,0.0000,0.0000,1,goal,
5708,159,-104.65,13.13,284.43,0.0126,0.0062,0,collision,
5709,11,-193.98,6.22,107.65,0.1818,0.0000,0,collision,
5710,102,-190.02,6.31,420.78,0.0000,0.0380,0,collision,
5711,96,-95.64,27.71,-149.82,0.0208,0.0000,0,collision,
5712,275,287.82,9.43,1065.21,0.0000,0.0088,1,goal,
5713,210,293.14,10.93,380.16,0.0000,0.0046,1,goal,
5714,107,-156.42,9.24,508.56,0.0187,0.0000,0,collision,
5715,325,288.72,8.76,1538.94,0.0000,0.0552,1,goal,
5716,127,286.48,18.00,136.02,0.0000,0.0000,1,goal,
5717,21,-186.05,12.29,102.81,0.0000,0.0621,0,collision,
5718,104,-183.45,6.50,495.85,0.0192,0.0284,0,collision,
5719,273,316.68,10.53,921.56,0.0000,0.0502,1,goal,
5720,145,322.99,18.44,140.53,0.0000,0.0000,1,goal,
5721,182,314.51,13.84,623.20,0.0000,0.0000,1,goal,
5722,159,-175.46,11.19,103.46,0.0000,0.1474,0,collision,
5723,204,302.08,11.60,623.89,0.0000,0.0000,1,goal,
5724,168,-90.67,15.67,257.82,0.0000,0.0061,0,collision,
5725,63,-164.69,10.32,196.18,0.0317,0.0119,0,collision,
5726,187,288.65,14.70,255.91,0.0000,0.0052,1,goal,
2051,437,-196.60,6.69,1555.33,0.0000,0.0610,0,collision,
2052,56,-154.70,22.19,-98.62,0.0357,0.1078,0,collision,
2053,324,154.24,7.28,994.37,0.0000,0.1496,1,goal,
2054,203,-161.47,10.76,586.39,0.0000,0.0817,0,collision,
2055,323,227.77,7.64,1059.05,0.0000,0.0150,1,goal,
2056,47,-169.15,15.32,-20.19,0.0000,0.0269,0,collision,
2057,42,-161.27,21.88,26.50,0.0476,0.0162,0,collision,
2058,109,-134.70,15.83,212.29,0.0183,0.0000,0,collision,
2059,29,-200.88,4.59,184.28,0.0000,0.0000,0,collision,
2060,97,-175.96,6.77,645.45,0.0000,0.0063,0,collision,
5727,237,-137.73,12.41,371.20,0.0084,0.0089,0,collision,
5728,250,239.42,8.99,514.21,0.0000,0.0348,1,goal,
5729,2,-201.66,0.00,0.10,1.0000,0.0000,0,collision,
5730,213,-253.96,6.79,603.85,0.0094,0.1492,0,collision,
5731,214,212.19,11.49,280.94,0.0000,0.1231,1,goal,
5732,168,-144.77,11.36,424.63,0.0119,0.0056,0,collision,
5733,216,253.60,9.83,442.17,0.0000,0.0000,1,goal,
5734,94,293.43,24.72,-149.13,0.0000,0.0000,1,goal,
5735,177,340.54,15.49,360.82,0.0000,0.0158,1,goal,
5736,223,323.44,12.72,841.27,0.0000,0.0000,1,goal,
5737,2,-201.66,0.00,0.10,1.0000,0.0000,0,collision,
5738,1,-200.00,0.00,0.00,0.0000,0.0000,0,collision,
5739,221,291.28,11.08,536.69,0.0000,0.0011,1,goal,
5740,46,-173.14,15.09,47.83,0.0000,0.0735,0,collision,
5741,242,229.86,11.26,188.82,0.0000,0.0000,1,goal,
5742,321,174.52,8.06,925.45,0.0000,0.0953,1,goal,
5743,283,306.79,9.82,992.37,0.0000,0.0001,1,goal,
5744,209,-127.38,10.72,645.92,0.0000,0.0263,0,collision,
5745,225,216.39,10.19,439.67,0.0000,0.0125,1,goal,
5746,1,-200.00,0.00,0.00,0.0000,0.0000,0,collision,
5747,57,-236.87,1.50,87.25,0.0000,0.0000,0,collision,
5748,224,-118.13,10.63,508.66,0.0000,0.0109,0,collision,
5749,209,-278.85,6.27,358.74,0.0096,0.2688,0,collision,
5750,211,235.08,13.19,-212.45,0.0000,0.0045,1,goal,
2061,153,319.35,15.14,389.15,0.0000,0.0000,1,goal,
2062,165,-227.98,9.46,100.86,0.0121,0.1047,0,collision,
2063,106,-190.65,5.68,557.65,0.0189,0.0003,0,collision,
2064,366,207.95,7.00,1321.17,0.0000,0.0054,1,goal,
2065,52,-173.54,12.46,56.68,0.0385,0.0000,0,collision,
2066,394,199.26,7.32,1004.49,0.0000,0.0060,1,goal,
2067,44,-217.65,2.80,136.81,0.0455,0.0000,0,collision,
2068,166,-186.65,10.47,175.85,0.0120,0.0093,0,collision,
2069,95,-177.05,8.81,194.06,0.0211,0.1289,0,collision,
2070,128,292.33,14.83,147.00,0.0000,0.0135,1,goal,
5751,269,-98.96,10.51,1103.51,0.0000,0.0071,0,collision,
5752,166,-107.31,12.68,327.17,0.0000,0.0019,0,collision,
5753,195,-187.37,7.33,869.91,0.0103,0.1488,0,collision,
5754,19,-212.77,1.21,23.10,0.1053,0.0000,0,collision,
5755,104,-101.17,20.97,-91.71,0.0000,0.0000,0,collision,
5756,203,-141.70,10.92,270.85,0.0000,0.0378,0,collision,
5757,211,266.98,12.27,249.39,0.0000,0.0000,1,goal,
5758,124,284.23,17.87,-61.59,0.0000,0.0000,1,goal,
5759,61,-167.87,9.17,319.18,0.0000,0.0227,0,collision,
5760,334,288.20,7.91,1568.52,0.0000,0.0096,1,goal,
5761,153,299.32,15.30,129.81,0.0000,0.0000,1,goal,
5762,99,-203.75,5.71,491.40,0.0000,0.1534,0,collision,
5763,20,-188.27,12.61,83.41,0.0000,0.0481,0,collision,
5764,59,-158.72,10.29,416.15,0.0000,0.0312,0,collision,
5765,72,-192.57,8.02,149.43,0.0278,0.1753,0,collision,
5766,135,-211.68,4.63,575.16,0.0000,0.0000,0,collision,
5767,35,-189.85,7.14,246.46,0.0571,0.0078,0,collision,
5768,315,217.64,7.72,805.40,0.0000,0.0281,1,goal,
5769,72,-202.19,5.86,215.03,0.0278,0.0145,0,collision,
5770,54,-178.81,6.32,415.66,0.0370,0.0000,0,collision,
5771,156,294.53,14.69,162.39,0.0000,0.0143,1,goal,
5772,383,154.39,6.44,1131.20,0.0000,0.0084,1,goal,
5773,367,248.12,7.51,1604.20,0.0000,0.0335,1,goal,
5774,178,-180.87,8.07,406.56,0.0000,0.0113,0,collision,
5775,192,-109.18,11.99,282.37,0.0104,0.0142,0,collision,
5776,233,283.95,11.75,443.30,0.0000,0.0000,1,goal,
2071,247,-136.84,7.57,1100.77,0.0081,0.0000,0,collision,
2072,363,171.18,7.10,1178.95,0.0000,0.0899,1,goal,
2073,32,-175.79,18.93,34.99,0.0000,0.0000,0,collision,
2074,238,-128.54,8.82,911.43,0.0000,0.0473,0,collision,
2075,193,311.02,15.74,-3.87,0.0000,0.0089,1,goal,
2076,127,-123.37,16.04,154.39,0.0000,0.0087,0,collision,
2077,268,268.98,10.47,667.61,0.0000,0.0046,1,goal,
2078,56,-159.92,12.18,226.05,0.0357,0.0000,0,collision,
2079,312,235.39,8.19,891.35,0.0000,0.0458,1,goal,
2080,222,299.58,11.49,882.77,0.0000,0.0000,1,goal,
5777,192,-241.26,7.26,400.02,0.0104,0.0000,0,collision,
5778,134,253.13,18.71,109.86,0.0000,0.0036,1,goal,
5779,206,316.73,14.09,376.16,0.0000,0.0098,1,goal,
5780,297,247.61,9.04,907.37,0.0000,0.0406,1,goal,
5781,126,-181.34,7.98,322.89,0.0000,0.0000,0,collision,
5782,196,-146.02,11.83,425.35,0.0000,0.0065,0,collision,
5783,36,-169.28,18.49,24.97,0.0000,0.0165,0,collision,
5784,42,-174.24,13.80,7.51,0.0476,0.1306,0,collision,
5785,121,296.20,18.62,-115.01,0.0000,0.0000,1,goal,
5786,184,-217.91,7.48,348.13,0.0000,0.0257,0,collision,
5787,413,106.93,5.75,1226.40,0.0000,0.0382,1,goal,
5788,134,-130.74,13.67,186.81,0.0000,0.0063,0,collision,
5789,231,303.95,10.43,587.17,0.0000,0.0000,1,goal,
5790,60,-158.68,11.27,292.22,0.0000,0.0000,0,collision,
5791,94,303.33,28.83,-187.72,0.0000,0.0013,1,goal,
5792,112,314.29,24.98,-339.62,0.0000,0.0000,1,goal,
5793,408,-123.29,6.82,2017.23,0.0049,0.0473,0,collision,
5794,145,247.82,15.25,232.90,0.0000,0.0000,1,goal,
5795,205,-159.04,8.49,655.27,0.0098,0.0719,0,collision,
5796,187,-159.62,11.54,47.04,0.0000,0.0082,0,collision,
5797,170,-138.21,8.07,753.42,0.0118,0.0131,0,collision,
5798,89,302.88,29.04,-238.37,0.0000,0.0000,1,goal,
5799,196,-164.95,10.35,100.90,0.0102,0.1043,0,collision,
5800,53,-163.85,12.94,165.02,0.0377,0.0113,0,collision,
5801,140,310.50,21.16,-365.34,0.0000,0.0000,1,goal,
2081,96,298.44,24.16,101.62,0.0000,0.0001,1,goal,
2082,281,146.96,7.41,507.36,0.0000,0.0626,1,goal,
2083,89,-221.83,3.16,317.31,0.0000,0.0121,0,collision,
2084,96,295.45,23.92,-151.90,0.0000,0.0098,1,goal,
2085,240,234.34,9.55,494.48,0.0000,0.0000,1,goal,
2086,165,323.44,17.01,381.32,0.0000,0.0000,1,goal,
2087,217,352.66,13.62,331.75,0.0000,0.0003,1,goal,
2088,352,236.27,7.33,1334.08,0.0000,0.0008,1,goal,
2089,159,-125.78,9.76,633.77,0.0126,0.0108,0,collision,
2090,189,-119.22,9.50,898.03,0.0000,0.0038,0,collision,
5802,225,-254.83,9.70,854.80,0.0000,0.0113,0,collision,
5803,50,-170.19,12.89,152.08,0.0400,0.0541,0,collision,
5804,34,-183.18,15.30,-9.00,0.0000,0.1239,0,collision,
5805,225,287.00,10.17,607.84,0.0000,0.0000,1,goal,
5806,437,150.72,6.25,1581.32,0.0000,0.0015,1,goal,
5807,111,-94.35,21.31,-56.18,0.0000,0.0050,0,collision,
5808,98,-93.92,29.47,-154.20,0.0000,0.0051,0,collision,
5809,250,24.35,9.53,885.61,0.0080,0.0072,0,removed_unknown,
5810,2,-200.32,1.04,2.51,0.0000,0.0000,0,collision,
5811,119,317.43,23.20,-410.95,0.0000,0.0016,1,goal,
5812,166,-187.25,12.35,313.56,0.0000,0.0797,0,collision,
5813,43,-166.86,15.81,70.85,0.0000,0.0325,0,collision,
5814,256,270.71,10.70,680.66,0.0000,0.0000,1,goal,
5815,215,316.89,12.28,361.10,0.0000,0.0193,1,goal,
5816,365,192.45,7.49,632.11,0.0000,0.0064,1,goal,
5817,400,-143.04,7.68,1139.92,0.0050,0.0033,0,collision,
5818,284,233.28,8.16,893.64,0.0000,0.0011,1,goal,
5819,70,-138.94,20.24,-82.71,0.0000,0.0000,0,collision,
5820,90,-130.78,16.16,252.68,0.0000,0.0000,0,collision,
5821,334,154.52,7.81,825.51,0.0000,0.1684,1,goal,
5822,287,280.94,8.66,983.39,0.0000,0.0000,1,goal,
2091,110,-147.92,13.23,45.80,0.0000,0.0145,0,collision,
2092,214,262.47,11.02,223.78,0.0000,0.0178,1,goal,
2093,232,294.60,11.49,445.77,0.0000,0.0000,1,goal,
2094,53,-169.81,14.59,137.04,0.0000,0.0000,0,collision,
2095,3,-199.63,2.08,9.94,0.0000,0.0413,0,collision,
2096,306,269.66,9.18,1023.03,0.0000,0.0210,1,goal,
2097,326,349.85,8.67,1634.35,0.0000,0.0000,1,goal,
2098,367,-160.24,7.02,1393.82,0.0000,0.0037,0,collision,
2099,241,-82.10,11.47,495.00,0.0076,0.0057,0,collision,
2100,88,-132.71,17.47,-40.37,0.0227,0.0161,0,collision,
5823,60,-153.34,23.70,-58.32,0.0000,0.0000,0,collision,
5824,383,152.85,6.91,857.92,0.0000,0.0026,1,goal,
5825,221,308.27,11.54,465.20,0.0000,0.0000,1,goal,
5826,43,-162.79,15.91,182.48,0.0000,0.0000,0,collision,
5827,324,258.73,7.62,999.46,0.0000,0.0010,1,goal,
5828,473,165.67,5.98,1481.42,0.0000,0.0088,1,goal,
5829,63,-177.23,9.39,67.67,0.0317,0.0821,0,collision,
5830,225,-134.24,9.73,541.30,0.0000,0.0369,0,collision,
5831,16,-204.60,2.35,42.58,0.1250,0.0000,0,collision,
5832,68,-147.61,20.01,-104.49,0.0294,0.0025,0,collision,
5833,1,-200.00,0.00,0.00,0.0000,0.0000,0,collision,
5834,270,257.35,8.64,700.03,0.0000,0.0006,1,goal,
5835,151,-225.72,5.74,357.49,0.0000,0.0142,0,collision,
5836,343,235.50,7.60,993.06,0.0000,0.0537,1,goal,
5837,120,-104.87,18.54,-81.99,0.0000,0.0152,0,collision,
5838,37,-190.44,11.85,66.53,0.0000,0.0489,0,collision,
5839,176,285.34,12.74,512.75,0.0000,0.0000,1,goal,
5840,244,311.31,11.34,636.87,0.0000,0.0591,1,goal,
5841,169,258.04,11.42,298.76,0.0000,0.0259,1,goal,
5842,301,278.85,9.59,1157.11,0.0000,0.0552,1,goal,
5843,383,-355.43,5.06,800.17,0.0000,0.1205,0,collision,
2101,37,-194.49,8.93,154.12,0.0541,0.0253,0,collision,
2102,186,312.72,13.38,206.41,0.0000,0.0000,1,goal,
2103,262,293.67,10.01,816.35,0.0000,0.0000,1,goal,
2104,274,-93.27,9.83,685.32,0.0000,0.0048,0,collision,
2105,268,250.64,9.31,867.90,0.0000,0.0005,1,goal,
2106,285,-154.50,7.14,1345.49,0.0070,0.0231,0,collision,
2107,206,215.97,13.90,13.70,0.0000,0.1721,1,goal,
2108,156,-123.74,13.61,131.28,0.0128,0.0133,0,collision,
2109,247,293.50,10.67,517.25,0.0000,0.0070,1,goal,
2110,59,-155.83,19.30,-26.03,0.0000,0.0000,0,collision,
5844,81,-159.66,8.92,506.99,0.0247,0.0000,0,collision,
5845,229,351.28,11.88,721.14,0.0000,0.0015,1,goal,
5846,136,-220.08,5.21,392.18,0.0000,0.0000,0,collision,
5847,339,260.44,8.37,1254.64,0.0000,0.0078,1,goal,
5848,152,286.93,13.88,355.66,0.0000,0.0000,1,goal,
5849,225,293.84,10.40,796.27,0.0000,0.0000,1,goal,
5850,57,-176.00,7.93,437.51,0.0000,0.0000,0,collision,
5851,430,-421.63,4.95,766.87,0.0047,0.2338,0,collision,
5852,145,-206.06,4.39,670.98,0.0000,0.0096,0,collision,
5853,55,-170.72,11.85,152.01,0.0364,0.0254,0,collision,
5854,61,-150.49,20.94,-37.21,0.0000,0.0246,0,collision,
5855,126,295.14,17.43,65.16,0.0000,0.0138,1,goal,
5856,238,-143.39,9.36,568.93,0.0000,0.0380,0,collision,
5857,73,-152.68,17.53,-89.31,0.0173,0.0225,0,collision,
5858,22,-188.33,12.43,113.92,0.0000,0.0000,0,collision,
5859,175,-135.58,12.54,263.85,0.0000,0.0671,0,collision,
5860,327,252.51,7.15,1352.59,0.0000,0.0072,1,goal,
5861,307,238.32,7.99,1132.99,0.0000,0.0139,1,goal,
5862,147,312.38,16.94,-19.25,0.0000,0.0142,1,goal,
5863,463,148.34,5.10,1781.91,0.0000,0.0030,1,goal,
5864,339,261.77,8.81,583.54,0.0000,0.0482,1,goal,
2111,247,260.32,10.59,300.20,0.0000,0.0019,1,goal,
2112,338,231.02,8.33,1001.76,0.0000,0.0066,1,goal,
2113,208,262.97,12.70,93.89,0.0000,0.0000,1,goal,
2114,231,-266.89,3.03,805.12,0.0000,0.0000,0,collision,
2115,276,205.54,8.14,458.36,0.0000,0.0000,1,goal,
2116,49,-207.51,4.86,272.09,0.0408,0.0787,0,collision,
2117,62,-214.98,4.30,307.72,0.0323,0.1977,0,collision,
2118,73,-177.80,9.75,117.93,0.0000,0.0000,0,collision,
2119,115,-139.79,14.55,173.56,0.0000,0.0128,0,collision,
2120,237,-156.57,9.33,597.68,0.0000,0.0110,0,collision,
5865,50,-208.15,3.78,216.98,0.0400,0.0000,0,collision,
5866,269,-291.00,7.57,303.44,0.0074,0.2575,0,collision,
5867,258,167.16,9.29,103.66,0.0000,0.0000,1,goal,
5868,192,244.03,12.99,368.45,0.0000,0.0043,1,goal,
5869,234,305.07,9.66,754.47,0.0000,0.0070,1,goal,
5870,324,250.53,7.67,1319.26,0.0000,0.0153,1,goal,
5871,409,252.74,6.38,1682.28,0.0000,0.0000,1,goal,
5872,268,244.14,10.58,338.55,0.0000,0.0804,1,goal,
5873,194,276.69,12.81,408.26,0.0000,0.0000,1,goal,
5874,78,-167.78,9.95,297.03,0.0256,0.0219,0,collision,
5875,196,318.98,11.65,498.60,0.0000,0.0000,1,goal,
5876,184,272.81,13.19,62.19,0.0000,0.0513,1,goal,
5877,150,-223.42,9.94,-23.72,0.0133,0.0343,0,collision,
5878,28,-200.70,4.36,170.99,0.0000,0.0000,0,collision,
5879,209,-97.65,10.15,696.19,0.0000,0.0000,0,collision,
5880,119,312.82,21.53,-247.78,0.0000,0.0000,1,goal,
5881,96,-112.30,21.37,-142.62,0.0208,0.0120,0,collision,
5882,236,262.09,10.96,179.13,0.0000,0.0468,1,goal,
5883,95,-167.94,9.33,310.55,0.0000,0.0000,0,collision,
5884,119,300.32,22.90,-57.45,0.0000,0.0000,1,goal,
5885,142,-135.66,10.07,509.09,0.0141,0.0070,0,collision,
5886,138,-138.87,12.39,192.97,0.0000,0.0123,0,collision,
5887,147,298.03,16.25,182.49,0.0000,0.0453,1,goal,
2121,192,-156.69,12.20,353.89,0.0104,0.0013,0,collision,
2122,180,-129.27,9.67,571.84,0.0000,0.0331,0,collision,
2123,171,285.92,13.60,538.65,0.0000,0.0000,1,goal,
2124,125,112.66,19.85,158.04,0.0000,0.0053,0,removed_unknown,
2125,132,301.29,21.14,143.36,0.0000,0.0163,1,goal,
2126,26,-199.43,4.92,183.77,0.0769,0.0501,0,collision,
2127,12,-217.96,0.61,8.46,0.1667,0.8728,0,collision,
2128,243,196.10,9.74,435.48,0.0000,0.0194,1,goal,
2129,115,280.45,19.54,-113.38,0.0000,0.0074,1,goal,
2130,150,-223.17,10.09,99.52,0.0133,0.0930,0,collision,
5888,78,-214.94,9.54,323.23,0.0256,0.0000,0,collision,
5889,84,293.51,28.68,-166.71,0.0000,0.0000,1,goal,
5890,87,-141.38,17.37,-38.40,0.0000,0.0209,0,collision,
5891,227,322.27,10.50,1072.94,0.0000,0.0104,1,goal,
5892,88,-196.17,7.33,232.02,0.0000,0.1282,0,collision,
5893,74,-154.98,13.71,151.21,0.0000,0.0191,0,collision,
5894,33,-182.81,10.27,184.20,0.0606,0.0780,0,collision,
5895,80,-176.39,8.11,257.50,0.0000,0.0289,0,collision,
5896,31,-175.17,14.75,158.53,0.0000,0.0000,0,collision,
5897,2,-200.32,1.04,2.51,0.0000,0.0000,0,collision,
5898,142,-193.48,8.50,347.74,0.0141,0.0111,0,collision,
5899,194,232.01,14.63,-13.85,0.0000,0.0000,1,goal,
5900,222,-297.93,5.83,284.04,0.0090,0.1259,0,collision,
5901,74,279.50,29.66,-58.18,0.0000,0.0098,1,goal,
5902,231,53.20,11.97,773.47,0.0000,0.0763,0,removed_unknown,
5903,119,-265.73,2.82,407.48,0.0000,0.2035,0,collision,
5904,120,280.98,19.06,116.10,0.0000,0.0013,1,goal,
5905,136,-129.99,12.39,473.91,0.0000,0.0590,0,collision,
5906,132,280.23,18.23,305.18,0.0000,0.0214,1,goal,
5907,202,316.55,14.00,398.88,0.0000,0.0183,1,goal,
5908,58,-152.50,17.95,187.51,0.0000,0.0000,0,collision,
5909,109,-157.77,11.28,162.30,0.0183,0.0728,0,collision,
5910,67,-139.94,20.68,-62.95,0.0299,0.0222,0,collision,
5911,194,-156.70,8.45,680.57,0.0103,0.0295,0,collision,
5912,205,-116.78,10.36,498.52,0.0098,0.0161,0,collision,
5913,76,-173.22,8.75,295.37,0.0263,0.0277,0,collision,
5914,181,315.39,14.12,416.06,0.0000,0.0156,1,goal,
5915,100,299.70,22.62,292.62,0.0000,0.0000,1,goal,
5916,166,289.50,14.50,149.41,0.0000,0.0210,1,goal,
5917,245,302.32,10.04,1002.07,0.0000,0.0000,1,goal,
5918,214,271.26,11.36,501.13,0.0000,0.0000,1,goal,
2131,1,-200.00,0.00,0.00,0.0000,0.0000,0,collision,
2132,374,-193.72,8.01,1132.62,0.0000,0.0069,0,collision,
2133,80,-188.41,8.47,271.63,0.0250,0.1361,0,collision,
2134,186,-179.66,7.65,793.14,0.0000,0.0138,0,collision,
2135,168,-101.19,15.51,146.84,0.0000,0.0106,0,collision,
2136,155,-116.96,12.03,406.97,0.0129,0.0128,0,collision,
2137,231,-108.90,9.26,886.16,0.0000,0.0230,0,collision,
2138,250,-171.17,7.66,766.41,0.0080,0.0793,0,collision,
2139,201,321.67,12.20,716.92,0.0000,0.0113,1,goal,
2140,145,-192.28,8.35,487.47,0.0138,0.0033,0,collision,
5919,184,-188.74,10.69,386.30,0.0000,0.0165,0,collision,
5920,1,-200.00,0.00,0.00,0.0000,0.0000,0,collision,
5921,184,304.50,13.65,363.80,0.0000,0.0287,1,goal,
5922,76,289.80,30.61,-69.65,0.0000,0.0000,1,goal,
5923,242,252.67,10.31,484.84,0.0000,0.0602,1,goal,
5924,196,-216.24,11.03,-44.39,0.0000,0.1847,0,collision,
5925,54,-206.43,5.41,273.57,0.0370,0.0177,0,collision,
5926,140,-151.76,10.66,567.32,0.0000,0.0100,0,collision,
5927,138,-141.66,11.37,368.35,0.0145,0.0133,0,collision,
5928,77,-144.00,14.98,65.08,0.0000,0.0000,0,collision,
5929,96,298.16,29.37,122.74,0.0000,0.0000,1,goal,
5930,257,-125.41,9.04,878.92,0.0000,0.0027,0,collision,
5931,197,294.72,10.78,658.83,0.0000,0.0000,1,goal,
5932,218,-135.35,13.37,780.91,0.0000,0.0036,0,collision,
5933,2,-200.86,0.00,0.10,0.0000,0.0000,0,collision,
5934,318,221.07,8.30,819.94,0.0000,0.0101,1,goal,
5935,103,308.90,25.72,-93.99,0.0000,0.0000,1,goal,
5936,261,282.24,9.56,921.75,0.0000,0.0000,1,goal,
5937,248,231.31,9.51,564.48,0.0000,0.0093,1,goal,
5938,165,-145.17,11.63,238.40,0.0121,0.0214,0,collision,
5939,74,-174.85,11.12,60.34,0.0270,0.0922,0,collision,
5940,206,303.94,11.38,579.68,0.0000,0.0247,1,goal,
5941,205,-216.20,6.68,735.36,0.0098,0.0997,0,collision,
5942,388,-117.14,7.07,1545.28,0.0052,0.0053,0,collision,
2141,68,-148.11,16.71,24.81,0.0000,0.0038,0,collision,
2142,94,-192.00,6.88,400.46,0.0213,0.0627,0,collision,
2143,134,-163.56,9.26,401.60,0.0000,0.0128,0,collision,
2144,136,306.53,18.32,323.56,0.0000,0.0000,1,goal,
2145,279,-211.91,5.90,1227.25,0.0072,0.0518,0,collision,
2146,2,-200.32,1.04,2.51,1.0000,0.0000,0,collision,
2147,158,296.10,17.41,110.64,0.0000,0.0000,1,goal,
2148,99,-183.31,5.07,549.01,0.0106,0.0000,0,collision,
2149,138,98.22,16.61,486.80,0.0000,0.0000,0,removed_unknown,
2150,2,-200.32,1.04,2.51,1.0000,0.0000,0,collision,
5943,401,-319.74,7.47,994.39,0.0050,0.0239,0,collision,
5944,46,-179.89,15.02,70.81,0.0000,0.0287,0,collision,
5945,303,-182.26,7.47,1130.43,0.0000,0.1094,0,collision,
5946,124,-143.97,15.47,262.46,0.0000,0.0000,0,collision,
5947,140,277.38,16.20,502.18,0.0000,0.0130,1,goal,
5948,137,-249.49,3.83,318.68,0.0000,0.0000,0,collision,
5949,98,-187.87,7.14,457.44,0.0204,0.0000,0,collision,
5950,114,316.33,24.34,5.97,0.0000,0.0399,1,goal,
5951,121,-127.73,10.69,532.98,0.0000,0.0232,0,collision,
5952,74,-168.83,10.06,165.05,0.0270,0.0000,0,collision,
5953,56,-153.66,17.91,40.65,0.0357,0.0236,0,collision,
5954,234,332.33,12.10,633.36,0.0000,0.0186,1,goal,
5955,285,224.55,8.17,794.73,0.0000,0.0000,1,goal,
5956,152,-216.52,6.70,365.01,0.0132,0.0242,0,collision,
5957,164,-185.36,7.55,676.09,0.0000,0.0000,0,collision,
5958,216,211.20,10.68,317.39,0.0000,0.0000,1,goal,
5959,289,255.00,8.22,765.75,0.0000,0.0120,1,goal,
5960,52,-171.93,13.17,126.85,0.0000,0.0000,0,collision,
5961,257,221.83,9.87,772.74,0.0000,0.0064,1,goal,
5962,193,-141.71,7.04,851.79,0.0104,0.0000,0,collision,
5963,290,-283.09,3.44,1107.45,0.0069,0.0089,0,collision,
5964,127,305.94,19.39,-204.91,0.0000,0.0267,1,goal,
5965,93,-136.46,14.74,294.92,0.0000,0.0184,0,collision,
5966,174,266.00,13.35,482.48,0.0000,0.0013,1,goal,
2151,266,215.73,8.45,779.26,0.0000,0.0313,1,goal,
2152,46,-209.42,3.00,156.08,0.0000,0.0000,0,collision,
2153,127,-125.27,14.97,-20.55,0.0000,0.0210,0,collision,
2154,245,-267.58,5.54,660.40,0.0000,0.1005,0,collision,
2155,152,316.14,17.11,-87.91,0.0000,0.0012,1,goal,
2156,50,-203.35,4.08,235.98,0.0000,0.0000,0,collision,
2157,145,-156.52,13.64,-174.44,0.0138,0.1583,0,collision,
2158,164,-220.61,7.82,267.74,0.0122,0.0000,0,collision,
2159,175,-209.59,5.49,502.65,0.0000,0.0051,0,collision,
2160,345,-216.30,6.72,1175.98,0.0058,0.0092,0,collision,
5967,257,-242.90,11.62,170.90,0.0078,0.0276,0,collision,
5968,128,-117.17,18.64,-71.12,0.0156,0.0151,0,collision,
5969,237,-143.37,6.78,1181.32,0.0000,0.0000,0,collision,
5970,7,-207.57,0.59,3.89,0.0000,0.0000,0,collision,
5971,248,323.74,11.32,677.14,0.0000,0.0000,1,goal,
5972,101,102.34,28.66,25.73,0.0000,0.0000,0,removed_unknown,
5973,180,312.11,14.63,-101.78,0.0000,0.0000,1,goal,
5974,251,344.73,11.10,829.72,0.0000,0.0099,1,goal,
5975,93,-126.12,19.04,140.11,0.0000,0.0144,0,collision,
5976,27,-189.48,12.57,36.83,0.0000,0.0176,0,collision,
5977,270,273.78,9.93,399.47,0.0000,0.0155,1,goal,
5978,99,-136.76,14.20,69.25,0.0000,0.0182,0,collision,
5979,161,-93.13,12.88,502.36,0.0124,0.0195,0,collision,
5980,246,254.17,9.05,741.39,0.0000,0.0230,1,goal,
5981,239,-179.25,8.76,314.35,0.0000,0.0148,0,collision,
5982,177,-136.59,10.43,453.40,0.0113,0.0185,0,collision,
5983,39,-179.76,7.15,340.29,0.0513,0.0000,0,collision,
5984,80,-203.58,8.47,170.65,0.0000,0.3019,0,collision,
5985,225,-91.58,10.98,466.30,0.0089,0.0000,0,collision,
5986,359,224.68,6.76,1400.20,0.0000,0.0459,1,goal,
5987,197,-127.53,11.11,152.05,0.0102,0.0065,0,collision,
5988,139,-208.37,4.94,705.04,0.0000,0.0355,0,collision,
5989,85,-153.32,10.42,578.44,0.0235,0.0231,0,collision,
5990,81,-160.17,17.73,-84.19,0.0247,0.0176,0,collision,
5991,263,235.44,9.32,559.91,0.0000,0.0076,1,goal,
2161,175,319.17,15.19,269.97,0.0000,0.0000,1,goal,
2162,255,296.89,9.89,644.57,0.0000,0.0013,1,goal,
2163,214,-191.22,7.93,483.61,0.0000,0.0033,0,collision,
2164,236,239.87,9.96,699.85,0.0000,0.0084,1,goal,
2165,172,327.07,15.92,33.70,0.0000,0.0000,1,goal,
2166,345,302.48,8.36,1512.67,0.0000,0.0060,1,goal,
2167,2,-200.32,1.04,2.51,0.0000,0.0000,0,collision,
2168,220,-100.53,10.52,868.23,0.0091,0.0036,0,collision,
2169,2,-200.86,0.00,0.10,1.0000,0.0000,0,collision,
2170,224,315.38,11.81,570.42,0.0000,0.0000,1,goal,
5992,181,-297.80,6.56,594.16,0.0024,0.0000,0,collision,
5993,270,295.62,10.66,755.83,0.0000,0.0165,1,goal,
5994,40,-204.33,3.65,193.71,0.0000,0.0019,0,collision,
5995,331,-219.82,6.66,1182.42,0.0000,0.0732,0,collision,
5996,1,-200.00,0.00,0.00,0.0000,0.0000,0,collision,
5997,299,210.19,7.49,832.60,0.0000,0.0051,1,goal,
5998,259,280.95,9.00,1201.51,0.0000,0.0037,1,goal,
5999,34,-185.00,8.01,208.52,0.0588,0.0269,0,collision,
6000,252,-166.14,9.16,1050.88,0.0079,0.0843,0,collision,
6001,345,-195.89,5.95,1367.89,0.0058,0.0632,0,collision,
6002,185,-112.92,11.07,717.39,0.0108,0.0059,0,collision,
6003,19,-209.24,2.00,44.23,0.1053,0.0000,0,collision,
6004,219,220.36,9.50,342.60,0.0000,0.0048,1,goal,
6005,175,335.12,15.74,11.21,0.0000,0.0000,1,goal,
6006,489,126.48,5.72,1308.31,0.0000,0.0270,1,goal,
6007,236,298.99,11.47,760.30,0.0000,0.0313,1,goal,
6008,21,-187.79,10.70,83.02,0.0000,0.1213,0,collision,
6009,1,-200.00,0.00,0.00,0.0000,0.0000,0,collision,
6010,131,-116.19,14.07,249.09,0.0153,0.0054,0,collision,
6011,55,-174.85,8.77,304.92,0.0000,0.0000,0,collision,
6012,321,191.19,7.54,1091.26,0.0000,0.0028,1,goal,
6013,125,-127.64,13.99,220.63,0.0000,0.0160,0,collision,
6014,102,-133.79,11.75,542.63,0.0196,0.0116,0,collision,
2171,259,-217.09,5.68,975.10,0.0000,0.0172,0,collision,
2172,116,-184.76,6.91,459.12,0.0000,0.0276,0,collision,
2173,100,-223.53,2.99,332.38,0.0000,0.0000,0,collision,
2174,359,266.51,6.43,1911.60,0.0000,0.0541,1,goal,
2175,208,216.63,11.81,112.06,0.0000,0.1514,1,goal,
2176,211,219.64,10.99,355.83,0.0000,0.0000,1,goal,
2177,322,247.57,8.79,829.09,0.0000,0.0172,1,goal,
2178,159,301.93,14.35,463.26,0.0000,0.0221,1,goal,
2179,171,300.22,14.38,228.45,0.0000,0.0742,1,goal,
2180,279,-156.32,8.00,931.38,0.0000,0.0056,0,collision,
6015,69,-180.88,6.33,331.46,0.0000,0.0000,0,collision,
6016,112,-112.39,17.11,-27.12,0.0128,0.0689,0,collision,
6017,359,-188.55,5.76,1329.05,0.0056,0.0028,0,collision,
6018,216,-209.29,6.47,668.02,0.0093,0.0615,0,collision,
6019,121,317.95,22.86,-137.33,0.0000,0.0000,1,goal,
6020,152,-213.67,9.00,119.65,0.0000,0.0998,0,collision,
6021,383,276.17,7.46,1482.48,0.0000,0.0086,1,goal,
6022,274,207.02,7.75,777.47,0.0000,0.0147,1,goal,
6023,90,286.17,25.01,-78.15,0.0000,0.0000,1,goal,
6024,87,-161.81,9.89,238.12,0.0230,0.0000,0,collision,
6025,209,290.96,12.91,373.79,0.0000,0.0000,1,goal,
6026,105,-194.85,10.20,142.59,0.0000,0.0073,0,collision,
6027,359,257.47,6.32,1897.40,0.0000,0.0046,1,goal,
6028,290,-134.37,6.10,1680.26,0.0069,0.0444,0,collision,
6029,256,304.54,10.83,1356.76,0.0000,0.0031,1,goal,
6030,194,-160.80,11.16,304.65,0.0103,0.0000,0,collision,
6031,7,-204.93,0.89,5.53,0.2857,0.0000,0,collision,
6032,133,274.64,17.34,88.07,0.0000,0.0546,1,goal,
6033,286,277.92,10.12,754.01,0.0000,0.0000,1,goal,
6034,237,218.53,11.77,82.25,0.0000,0.0000,1,goal,
2181,47,-199.38,8.60,150.64,0.0000,0.0474,0,collision,
2182,132,318.11,17.53,-101.50,0.0000,0.0013,1,goal,
2183,198,311.81,13.02,570.91,0.0000,0.0000,1,goal,
2184,81,-132.35,20.22,-39.09,0.0247,0.0071,0,collision,
2185,294,281.10,8.99,1036.75,0.0000,0.0096,1,goal,
2186,250,-165.53,8.41,498.52,0.0080,0.0347,0,collision,
2187,310,245.29,7.39,1293.99,0.0000,0.0001,1,goal,
2188,146,-100.07,15.82,284.77,0.0000,0.0199,0,collision,
2189,185,-127.98,14.64,289.59,0.0003,0.0037,0,collision,
2190,35,-177.37,8.75,226.34,0.0571,0.0000,0,collision,
6035,330,-193.24,10.96,680.64,0.0000,0.0427,0,collision,
6036,208,272.51,13.39,27.96,0.0000,0.0034,1,goal,
6037,230,-132.12,9.00,692.20,0.0087,0.0162,0,collision,
6038,116,-151.63,10.20,333.69,0.0172,0.0942,0,collision,
6039,78,-200.45,6.27,388.66,0.0000,0.1434,0,collision,
6040,3,-203.32,0.00,0.20,0.6667,0.0000,0,collision,
6041,55,-160.47,16.77,8.24,0.0000,0.0000,0,collision,
6042,153,-280.82,4.53,295.75,0.0131,0.0215,0,collision,
6043,133,317.75,17.40,107.49,0.0000,0.0000,1,goal,
6044,131,317.31,21.08,-395.42,0.0000,0.0000,1,goal,
6045,232,253.80,10.99,208.86,0.0000,0.0209,1,goal,
6046,164,308.20,14.03,360.70,0.0000,0.0074,1,goal,
6047,96,-122.98,15.48,70.16,0.0000,0.0097,0,collision,
6048,216,-219.63,9.44,312.36,0.0093,0.0495,0,collision,
6049,147,281.92,16.83,15.68,0.0000,0.0000,1,goal,
6050,125,308.05,19.67,-185.02,0.0000,0.0354,1,goal,
6051,368,-360.78,4.83,917.55,0.0000,0.1181,0,collision,
6052,60,-196.94,5.16,220.48,0.0333,0.0000,0,collision,
6053,59,-170.40,14.64,147.77,0.0000,0.0307,0,collision,
6054,267,247.31,10.22,736.81,0.0000,0.0209,1,goal,
6055,188,293.45,13.99,258.03,0.0000,0.0203,1,goal,
6056,166,-246.11,4.09,542.49,0.0000,0.1070,0,collision,
6057,321,208.77,8.21,843.40,0.0000,0.0000,1,goal,
6058,325,217.10,7.61,704.24,0.0000,0.0243,1,goal,
6059,53,-176.10,6.88,463.91,0.0377,0.0310,0,collision,
2191,205,-134.22,13.73,-136.37,0.0098,0.0182,0,collision,
2192,255,-185.61,8.84,453.83,0.0078,0.1130,0,collision,
2193,241,-130.80,9.32,581.53,0.0000,0.0000,0,collision,
2194,109,-135.12,15.04,-126.85,0.0183,0.0377,0,collision,
2195,212,266.12,12.65,145.60,0.0000,0.0000,1,goal,
2196,376,-267.21,5.45,1282.52,0.0053,0.0863,0,collision,
2197,367,241.26,7.63,1217.91,0.0000,0.0074,1,goal,
2198,136,322.09,20.77,241.13,0.0000,0.0000,1,goal,
2199,188,305.67,13.73,177.35,0.0000,0.0003,1,goal,
2200,244,-140.67,10.77,382.54,0.0000,0.0802,0,collision,
6060,248,-355.79,4.09,542.15,0.0000,0.0000,0,collision,
6061,240,-228.63,6.48,513.74,0.0000,0.0517,0,collision,
6062,183,-223.91,8.54,237.77,0.0000,0.0693,0,collision,
6063,193,298.05,14.67,164.97,0.0000,0.0219,1,goal,
6064,3,-202.08,0.69,1.84,0.0000,0.0620,0,collision,
6065,179,-160.73,10.23,386.24,0.0112,0.0012,0,collision,
6066,158,287.92,15.59,453.67,0.0000,0.0013,1,goal,
6067,214,255.67,10.63,392.25,0.0000,0.0349,1,goal,
6068,203,329.24,13.13,355.78,0.0000,0.0217,1,goal,
6069,336,205.58,6.98,1205.25,0.0000,0.0000,1,goal,
6070,244,273.02,10.19,650.51,0.0000,0.0000,1,goal,
6071,219,-107.28,12.43,604.97,0.0091,0.0384,0,collision,
6072,70,-182.66,8.69,181.34,0.0000,0.0394,0,collision,
6073,370,276.19,7.82,1265.75,0.0000,0.0116,1,goal,
6074,314,250.09,8.93,868.58,0.0000,0.0047,1,goal,
6075,306,212.93,9.35,385.61,0.0000,0.0620,1,goal,
6076,239,-153.73,10.17,603.03,0.0084,0.0000,0,collision,
6077,101,-221.76,4.74,263.18,0.0198,0.0000,0,collision,
6078,48,-178.33,13.77,-47.27,0.0417,0.0667,0,collision,
6079,119,300.09,19.16,-244.71,0.0000,0.0295,1,goal,
6080,122,-162.03,11.14,331.52,0.0164,0.0240,0,collision,
2201,26,-175.09,23.01,46.23,0.0000,0.0183,0,collision,
2202,145,-145.87,12.73,21.49,0.0138,0.0189,0,collision,
2203,169,278.74,14.44,321.40,0.0000,0.0000,1,goal,
2204,32,-208.77,3.58,130.50,0.0625,0.2725,0,collision,
2205,171,315.86,16.03,484.38,0.0000,0.0028,1,goal,
2206,265,236.96,10.29,495.38,0.0000,0.0069,1,goal,
2207,223,274.92,10.16,507.65,0.0000,0.0000,1,goal,
2208,227,288.19,11.85,567.80,0.0000,0.0284,1,goal,
2209,231,265.76,11.05,265.66,0.0000,0.0089,1,goal,
2210,2,-201.66,0.00,0.10,1.0000,0.0000,0,collision,
6081,85,-129.91,17.21,143.24,0.0000,0.0136,0,collision,
6082,85,-174.06,8.46,235.52,0.0000,0.0000,0,collision,
6083,148,332.85,19.27,-11.48,0.0000,0.0031,1,goal,
6084,210,306.64,12.33,268.78,0.0000,0.0018,1,goal,
6085,154,103.67,19.43,281.88,0.0130,0.0012,0,removed_unknown,
6086,97,-183.23,13.29,-67.29,0.0206,0.1505,0,collision,
6087,64,-143.61,20.02,-123.94,0.0312,0.0098,0,collision,
6088,97,-124.76,16.95,42.64,0.0206,0.0000,0,collision,
6089,143,317.08,18.45,-65.14,0.0000,0.0000,1,goal,
6090,93,291.66,24.18,-6.68,0.0000,0.0000,1,goal,
6091,47,-153.02,25.16,-78.98,0.0000,0.0218,0,collision,
6092,185,269.37,15.25,266.61,0.0000,0.0118,1,goal,
6093,190,-104.10,9.44,913.90,0.0000,0.0000,0,collision,
6094,51,-167.24,16.74,-11.08,0.0392,0.0000,0,collision,
6095,63,-143.08,23.54,-71.64,0.0000,0.0261,0,collision,
6096,116,-132.37,13.89,220.71,0.0000,0.0098,0,collision,
6097,2,-200.32,1.04,2.51,0.0000,0.0000,0,collision,
6098,140,-161.79,13.27,73.94,0.0000,0.1691,0,collision,
6099,318,-185.60,8.67,776.88,0.0000,0.1431,0,collision,
6100,247,331.81,11.99,586.35,0.0000,0.0000,1,goal,
6101,25,-182.21,10.69,202.87,0.0000,0.0000,0,collision,
6102,184,318.71,15.79,-1.34,0.0000,0.0000,1,goal,
6103,98,289.00,26.89,-170.46,0.0000,0.0000,1,goal,
6104,219,316.06,10.55,703.12,0.0000,0.0019,1,goal,
6105,279,305.76,9.31,1040.53,0.0000,0.0330,1,goal,
6106,258,246.50,10.48,888.63,0.0000,0.0115,1,goal,
6107,286,-183.56,9.48,684.89,0.0070,0.0605,0,collision,
6108,86,-124.77,20.85,275.08,0.0000,0.0000,0,collision,
6109,82,-155.44,9.58,570.91,0.0000,0.0305,0,collision,
6110,9,-198.15,3.64,40.54,0.0000,0.0000,0,collision,
6111,85,-134.09,16.38,100.95,0.0235,0.0189,0,collision,
2211,109,-243.22,5.82,315.26,0.0000,0.3174,0,collision,
2212,122,294.30,18.38,-97.43,0.0000,0.0221,1,goal,
2213,186,270.72,14.56,305.66,0.0000,0.0006,1,goal,
2214,179,-100.98,15.59,552.76,0.0112,0.0238,0,collision,
2215,48,-174.15,14.33,62.11,0.0000,0.0411,0,collision,
2216,8,-199.71,3.52,37.12,0.0000,0.0000,0,collision,
2217,172,302.72,15.10,160.71,0.0000,0.0670,1,goal,
2218,14,-204.03,2.77,60.05,0.0000,0.0319,0,collision,
2219,40,-172.23,16.60,52.96,0.0500,0.0526,0,collision,
2220,48,-174.81,13.96,4.34,0.0417,0.0272,0,collision,
6112,69,-177.14,17.45,-13.09,0.0290,0.0184,0,collision,
6113,281,-124.88,10.75,704.07,0.0000,0.0447,0,collision,
6114,5,-201.81,1.66,11.78,0.4000,0.0000,0,collision,
6115,253,289.58,9.67,973.72,0.0000,0.0302,1,goal,
6116,65,-168.75,10.67,265.57,0.0308,0.0588,0,collision,
6117,50,-174.09,13.07,206.55,0.0000,0.0131,0,collision,
6118,51,-152.44,19.77,10.79,0.0000,0.0000,0,collision,
6119,69,-182.76,8.94,184.53,0.0000,0.0977,0,collision,
6120,155,319.37,15.65,182.36,0.0000,0.0000,1,goal,
6121,154,298.76,15.79,151.52,0.0000,0.0289,1,goal,
6122,112,-109.88,18.61,-81.16,0.0000,0.0078,0,collision,
6123,78,287.59,28.87,24.54,0.0000,0.0000,1,goal,
6124,62,-139.14,21.24,49.66,0.0000,0.0000,0,collision,
6125,58,-157.25,12.30,200.31,0.0345,0.0000,0,collision,
6126,10,-207.98,1.15,12.31,0.2000,0.0000,0,collision,
6127,61,-148.85,19.88,67.98,0.0000,0.0183,0,collision,
6128,147,268.31,17.33,-28.23,0.0000,0.0000,1,goal,
6129,49,-169.34,13.22,3.44,0.0408,0.0341,0,collision,
6130,108,-183.70,10.85,160.46,0.0185,0.0339,0,collision,
6131,126,-147.49,10.70,473.67,0.0000,0.0120,0,collision,
6132,228,288.69,12.15,608.80,0.0000,0.0458,1,goal,
6133,344,145.62,7.28,827.06,0.0000,0.0584,1,goal,
6134,158,286.62,14.58,485.37,0.0000,0.0000,1,goal,
6135,153,-124.31,12.38,274.77,0.0131,0.0072,0,collision,
6136,50,-163.28,13.19,136.90,0.0400,0.0554,0,collision,
6137,294,295.73,9.21,1166.39,0.0000,0.0000,1,goal,
6138,220,-125.36,9.44,834.53,0.0000,0.0424,0,collision,
6139,89,289.69,24.24,-153.82,0.0000,0.0008,1,goal,
6140,2,-200.86,0.00,0.10,1.0000,0.0000,0,collision,
6141,109,-113.22,19.57,-67.81,0.0000,0.0172,0,collision,
6142,180,304.23,13.20,426.80,0.0000,0.0327,1,goal,
6143,1,-200.00,0.00,0.00,0.0000,0.0000,0,collision,
6144,141,301.82,16.13,-5.48,0.0000,0.0000,1,goal,
6145,61,-169.49,9.42,308.93,0.0000,0.0265,0,collision,
6146,125,-172.62,10.03,190.22,0.0160,0.0077,0,collision,
2221,54,-139.32,29.61,-67.54,0.0370,0.0183,0,collision,
2222,315,226.16,8.43,508.26,0.0000,0.0533,1,goal,
2223,323,208.33,7.45,1149.34,0.0000,0.0111,1,goal,
2224,192,267.13,13.38,148.74,0.0000,0.0466,1,goal,
2225,32,-178.12,9.48,306.99,0.0625,0.0000,0,collision,
2226,202,289.53,11.32,690.57,0.0000,0.0065,1,goal,
2227,178,-159.85,10.94,398.32,0.0000,0.0024,0,collision,
2228,49,-271.25,0.53,26.96,0.0408,0.5656,0,collision,
2229,266,183.93,9.58,355.21,0.0000,0.0676,1,goal,
2230,242,308.56,10.37,950.62,0.0000,0.0000,1,goal,
6147,204,-274.97,9.91,554.77,0.0098,0.0058,0,collision,
6148,45,-173.66,15.29,18.72,0.0000,0.0524,0,collision,
6149,180,329.29,15.27,98.89,0.0000,0.0000,1,goal,
6150,50,-164.33,13.69,153.62,0.0000,0.0182,0,collision,
6151,220,288.26,12.03,398.29,0.0000,0.0070,1,goal,
6152,191,-92.48,11.30,558.71,0.0000,0.0000,0,collision,
6153,36,-211.98,2.41,94.30,0.0000,0.0000,0,collision,
6154,246,173.76,9.15,66.22,0.0000,0.1266,1,goal,
6155,163,-170.68,9.86,460.04,0.0000,0.0028,0,collision,
6156,252,262.81,9.33,906.86,0.0000,0.0000,1,goal,
6157,116,-113.90,19.99,97.29,0.0172,0.0037,0,collision,
6158,136,-218.30,6.16,301.29,0.0147,0.0591,0,collision,
6159,98,-135.04,14.35,231.55,0.0204,0.0166,0,collision,
6160,341,-100.51,8.17,1532.64,0.0000,0.0216,0,collision,
6161,215,-263.79,6.56,468.89,0.0000,0.2502,0,collision,
6162,134,-193.76,5.24,528.75,0.0149,0.0061,0,collision,
6163,68,-237.77,3.29,225.56,0.0000,0.2621,0,collision,
6164,142,-177.63,8.25,238.85,0.0000,0.0146,0,collision,
6165,25,-192.48,5.94,179.14,0.0000,0.0000,0,collision,
6166,61,-193.42,4.33,299.65,0.0328,0.0000,0,collision,
6167,162,-147.18,13.34,210.88,0.0123,0.0000,0,collision,
6168,272,299.33,8.73,1080.57,0.0000,0.0074,1,goal,
6169,127,-110.81,14.97,355.18,0.0157,0.0000,0,collision,
6170,215,-204.81,7.52,413.77,0.0093,0.0185,0,collision,
6171,250,312.79,11.75,500.79,0.0000,0.0052,1,goal,
2231,216,252.40,10.90,259.77,0.0000,0.0037,1,goal,
2232,162,-101.06,12.63,322.61,0.0000,0.0000,0,collision,
2233,183,-97.61,13.80,419.60,0.0000,0.0230,0,collision,
2234,269,247.56,8.89,616.70,0.0000,0.0004,1,goal,
2235,201,320.80,14.41,8.98,0.0000,0.0084,1,goal,
2236,381,163.07,6.56,1079.99,0.0000,0.0669,1,goal,
2237,110,-127.43,17.58,-230.28,0.0000,0.0000,0,collision,
2238,194,-94.41,10.39,1076.85,0.0103,0.0026,0,collision,
2239,157,-172.22,8.50,441.93,0.0127,0.0000,0,collision,
2240,321,213.27,8.38,1012.61,0.0000,0.0000,1,goal,
6172,340,-232.73,12.37,383.57,0.0059,0.0161,0,collision,
6173,234,323.76,12.92,480.02,0.0000,0.0000,1,goal,
6174,38,-189.64,6.40,183.84,0.0526,0.0000,0,collision,
6175,184,-145.89,9.30,573.55,0.0000,0.0597,0,collision,
6176,143,-157.34,11.00,348.36,0.0000,0.0000,0,collision,
6177,320,189.62,7.92,803.05,0.0000,0.0118,1,goal,
6178,309,-148.79,6.65,1613.16,0.0065,0.0194,0,collision,
6179,347,-158.61,8.07,1138.44,0.0057,0.0335,0,collision,
6180,30,-202.39,8.08,69.85,0.0000,0.1635,0,collision,
6181,173,250.34,12.97,8.23,0.0000,0.0000,1,goal,
6182,185,-174.73,8.72,459.60,0.0000,0.0026,0,collision,
6183,125,-98.42,18.47,-34.82,0.0160,0.0043,0,collision,
6184,282,222.34,9.56,400.73,0.0000,0.0000,1,goal,
6185,54,-149.61,21.73,-58.14,0.0000,0.0094,0,collision,
6186,322,209.14,8.05,648.98,0.0000,0.0674,1,goal,
6187,280,261.02,8.13,1169.82,0.0000,0.0065,1,goal,
6188,137,-126.62,10.38,739.22,0.0000,0.0176,0,collision,
6189,263,298.88,9.48,1327.08,0.0000,0.0546,1,goal,
6190,102,-211.25,6.72,185.64,0.0196,0.0000,0,collision,
6191,62,-167.65,13.33,45.43,0.0000,0.0147,0,collision,
6192,70,-165.65,10.29,243.62,0.0286,0.0000,0,collision,
2241,75,-163.15,9.65,380.91,0.0000,0.0094,0,collision,
2242,206,-160.74,9.58,442.99,0.0000,0.0254,0,collision,
2243,176,-111.51,14.50,310.01,0.0114,0.0385,0,collision,
2244,113,-126.38,18.76,7.00,0.0000,0.0453,0,collision,
2245,256,280.88,11.46,543.48,0.0000,0.0020,1,goal,
2246,140,-194.49,8.09,361.85,0.0143,0.0209,0,collision,
2247,2,-200.86,0.00,0.10,1.0000,0.0000,0,collision,
2248,64,-209.87,3.64,280.45,0.0000,0.0941,0,collision,
2249,217,-196.35,7.15,814.81,0.0092,0.0665,0,collision,
2250,77,-158.40,10.75,292.33,0.0260,0.0132,0,collision,
6193,317,-162.15,9.58,1175.94,0.0053,0.0262,0,collision,
6194,167,-129.01,10.73,470.46,0.0000,0.0302,0,collision,
6195,25,-227.99,1.15,30.06,0.0000,0.0000,0,collision,
6196,348,302.03,8.25,1467.58,0.0000,0.0001,1,goal,
6197,306,272.48,8.01,1173.29,0.0000,0.0006,1,goal,
6198,33,-201.13,4.26,170.54,0.0000,0.0590,0,collision,
6199,212,218.27,11.57,-146.67,0.0000,0.0045,1,goal,
6200,252,-104.03,8.85,1047.18,0.0079,0.0080,0,collision,
6201,319,323.51,8.97,1529.33,0.0000,0.0000,1,goal,
6202,10,-208.50,0.93,9.32,0.2000,0.0000,0,collision,
6203,283,257.11,9.73,643.11,0.0000,0.0000,1,goal,
6204,363,225.75,8.42,681.36,0.0000,0.0084,1,goal,
6205,155,-240.34,5.65,351.50,0.0129,0.0049,0,collision,
6206,314,-262.36,4.85,1104.64,0.0000,0.1003,0,collision,
6207,277,258.00,8.14,846.53,0.0000,0.0094,1,goal,
6208,132,-124.36,15.91,86.01,0.0152,0.0110,0,collision,
6209,152,-201.78,9.41,161.66,0.0132,0.2036,0,collision,
6210,216,-142.96,10.00,394.69,0.0093,0.0000,0,collision,
6211,83,-130.60,17.72,188.95,0.0000,0.0000,0,collision,
6212,217,337.92,12.02,670.45,0.0000,0.0098,1,goal,
2251,328,260.35,8.60,965.97,0.0000,0.0015,1,goal,
2252,300,263.83,8.81,881.40,0.0000,0.0043,1,goal,
2253,248,240.36,10.90,333.61,0.0000,0.0610,1,goal,
2254,238,-155.11,7.95,677.02,0.0000,0.0364,0,collision,
2255,47,-178.54,7.50,249.05,0.0426,0.0000,0,collision,
2256,261,-223.56,5.83,907.71,0.0000,0.0012,0,collision,
2257,404,100.44,6.22,1036.30,0.0000,0.1503,1,goal,
2258,223,101.57,12.90,624.04,0.0000,0.0000,0,removed_unknown,
2259,315,-221.62,6.86,488.59,0.0000,0.0805,0,collision,
2260,262,-175.00,7.03,927.47,0.0000,0.0457,0,collision,
6213,373,83.26,12.85,726.19,0.0000,0.0026,0,removed_unknown,
6214,87,-248.43,2.53,246.50,0.0000,0.0265,0,collision,
6215,269,-127.65,9.95,599.02,0.0000,0.0062,0,collision,
6216,185,-117.37,9.39,677.95,0.0108,0.0401,0,collision,
6217,342,-304.52,4.31,1346.89,0.0058,0.1622,0,collision,
6218,250,257.43,10.41,599.68,0.0000,0.0356,1,goal,
6219,61,-182.81,4.99,378.77,0.0328,0.0000,0,collision,
6220,187,-227.72,6.15,832.29,0.0107,0.1534,0,collision,
6221,71,-164.61,12.53,194.45,0.0282,0.0000,0,collision,
6222,322,306.89,8.90,1137.55,0.0000,0.0063,1,goal,
6223,164,304.69,13.54,159.73,0.0000,0.0000,1,goal,
6224,203,322.79,14.43,349.52,0.0000,0.0033,1,goal,
6225,170,-240.03,6.05,489.41,0.0000,0.0000,0,collision,
6226,173,305.49,12.92,361.16,0.0000,0.0086,1,goal,
6227,3,-202.74,0.69,2.61,0.6667,0.2879,0,collision,
6228,282,265.40,10.42,650.76,0.0000,0.0108,1,goal,
6229,105,300.62,22.31,-212.50,0.0000,0.0000,1,goal,
6230,35,-183.98,10.63,110.26,0.0571,0.0279,0,collision,
6231,178,-185.16,7.21,629.53,0.0000,0.0120,0,collision,
6232,146,-95.39,14.98,385.99,0.0000,0.0155,0,collision,
6233,160,-89.62,13.53,677.34,0.0125,0.0145,0,collision,
6234,70,-199.82,5.23,277.04,0.0000,0.0357,0,collision,
6235,164,324.58,17.00,122.27,0.0000,0.0057,1,goal,
6236,173,-155.61,8.92,592.07,0.0000,0.1302,0,collision,
6237,2,-200.32,1.04,2.51,0.0000,0.0000,0,collision,
2261,259,-161.71,9.22,835.29,0.0077,0.0826,0,collision,
2262,254,308.50,9.45,1052.95,0.0000,0.0000,1,goal,
2263,138,-142.44,16.40,173.45,0.0000,0.0183,0,collision,
2264,334,265.36,7.84,1378.84,0.0000,0.0005,1,goal,
2265,208,-222.70,6.27,573.72,0.0000,0.0083,0,collision,
2266,265,273.84,10.71,422.32,0.0000,0.0355,1,goal,
2267,240,267.76,10.96,536.20,0.0000,0.0081,1,goal,
2268,104,308.71,25.02,-208.05,0.0000,0.0000,1,goal,
2269,209,304.63,12.68,694.63,0.0000,0.0000,1,goal,
2270,253,258.42,9.66,744.81,0.0000,0.0000,1,goal,
6238,281,-307.88,7.21,914.48,0.0000,0.0067,0,collision,
6239,159,-127.70,12.61,264.94,0.0000,0.0134,0,collision,
6240,119,315.77,23.84,-294.40,0.0000,0.0000,1,goal,
6241,117,-108.26,15.82,169.19,0.0171,0.0138,0,collision,
6242,211,325.92,11.59,769.91,0.0000,0.0029,1,goal,
6243,67,-169.04,12.27,139.99,0.0000,0.0126,0,collision,
6244,59,-140.96,24.56,-46.69,0.0339,0.0097,0,collision,
6245,117,301.41,19.72,203.72,0.0000,0.0000,1,goal,
6246,263,-241.17,4.44,1147.47,0.0000,0.0000,0,collision,
6247,237,250.89,11.85,156.34,0.0000,0.0582,1,goal,
6248,226,316.48,10.65,1182.14,0.0000,0.0058,1,goal,
6249,113,-109.84,19.74,-259.45,0.0177,0.0000,0,collision,
6250,269,275.98,10.39,670.10,0.0000,0.0085,1,goal,
6251,83,-136.91,16.32,-153.96,0.0241,0.0158,0,collision,
6252,210,-154.34,8.36,921.80,0.0095,0.0047,0,collision,
6253,123,-104.43,15.22,93.21,0.0163,0.0156,0,collision,
6254,205,355.37,13.94,777.20,0.0000,0.0000,1,goal,
6255,54,-169.84,12.63,42.40,0.0000,0.0000,0,collision,
6256,69,-162.72,10.05,364.34,0.0000,0.0438,0,collision,
6257,183,-202.45,11.71,47.64,0.0000,0.0066,0,collision,
6258,190,-170.52,8.15,489.41,0.0105,0.0080,0,collision,
6259,239,267.54,11.61,267.71,0.0000,0.0130,1,goal,
6260,342,105.42,7.03,380.49,0.0000,0.1043,1,goal,
6261,94,-203.70,8.92,103.57,0.0076,0.2046,0,collision,
6262,94,-121.20,19.87,65.43,0.0000,0.0000,0,collision,
2271,81,-139.60,14.82,257.07,0.0247,0.0300,0,collision,
2272,50,-164.04,12.06,286.81,0.0400,0.0000,0,collision,
2273,359,281.95,7.97,1607.17,0.0000,0.0085,1,goal,
2274,169,-120.98,11.97,200.70,0.0000,0.0060,0,collision,
2275,95,-208.79,6.38,275.48,0.0211,0.0000,0,collision,
2276,180,59.71,13.60,139.54,0.0111,0.0000,0,removed_unknown,
2277,64,-227.14,5.83,160.50,0.0312,0.4364,0,collision,
2278,308,227.00,7.33,1007.71,0.0000,0.0075,1,goal,
2279,134,299.52,17.98,147.46,0.0000,0.0000,1,goal,
2280,3,-202.52,0.00,0.20,0.6667,0.0000,0,collision,
6263,229,-256.31,9.28,926.40,0.0087,0.0092,0,collision,
6264,240,324.76,10.81,967.83,0.0000,0.0000,1,goal,
6265,70,-239.09,2.53,233.91,0.0286,0.0000,0,collision,
6266,338,-133.04,8.06,1121.48,0.0059,0.0001,0,collision,
6267,187,261.35,12.64,556.48,0.0000,0.0000,1,goal,
6268,105,-118.81,18.39,63.43,0.0190,0.0144,0,collision,
6269,2,-200.32,1.04,2.51,0.0000,0.0000,0,collision,
6270,194,322.55,13.63,445.18,0.0000,0.0000,1,goal,
6271,154,-259.04,5.45,459.43,0.0000,0.2846,0,collision,
6272,185,282.85,13.75,609.52,0.0000,0.0000,1,goal,
6273,214,-220.14,8.06,522.65,0.0000,0.1518,0,collision,
6274,230,233.66,11.17,402.11,0.0000,0.1405,1,goal,
6275,117,-150.86,11.31,439.14,0.0171,0.0151,0,collision,
6276,212,283.43,12.01,147.11,0.0000,0.0000,1,goal,
6277,199,290.52,11.97,453.26,0.0000,0.0557,1,goal,
6278,129,305.42,16.90,308.55,0.0000,0.0046,1,goal,
6279,78,-155.94,8.80,411.08,0.0256,0.0269,0,collision,
6280,258,310.92,11.04,602.32,0.0000,0.0000,1,goal,
6281,119,-272.08,3.31,276.20,0.0000,0.2588,0,collision,
6282,196,222.36,11.33,242.42,0.0000,0.0066,1,goal,
6283,307,246.43,8.05,1123.36,0.0000,0.0147,1,goal,
6284,109,294.09,21.45,-137.97,0.0000,0.0107,1,goal,
6285,10,-195.09,4.77,55.96,0.0000,0.0000,0,collision,
6286,122,-145.80,12.22,465.30,0.0164,0.0878,0,collision,
2281,134,292.84,17.06,85.22,0.0000,0.0000,1,goal,
2282,210,288.26,10.55,856.61,0.0000,0.0000,1,goal,
2283,83,-131.41,20.20,-245.86,0.0000,0.0512,0,collision,
2284,273,280.98,8.54,971.52,0.0000,0.0051,1,goal,
2285,71,-191.30,4.38,345.04,0.0000,0.0020,0,collision,
2286,87,-155.42,9.89,211.26,0.0000,0.0000,0,collision,
2287,180,-263.20,4.00,405.05,0.0000,0.0137,0,collision,
2288,125,299.54,19.99,-59.89,0.0000,0.0000,1,goal,
2289,176,302.29,16.31,163.46,0.0000,0.0000,1,goal,
2290,368,252.35,7.14,1596.52,0.0000,0.0156,1,goal,
6287,388,-492.87,5.36,680.97,0.0000,0.0200,0,collision,
6288,301,-176.62,7.56,904.49,0.0066,0.0042,0,collision,
6289,108,-215.40,6.32,188.86,0.0000,0.0000,0,collision,
6290,180,-159.31,8.39,552.60,0.0111,0.0286,0,collision,
6291,159,121.04,17.64,297.65,0.0000,0.0045,0,removed_unknown,
6292,209,274.98,12.39,346.42,0.0000,0.0430,1,goal,
6293,85,-131.18,17.35,156.92,0.0235,0.0000,0,collision,
6294,102,-121.93,16.93,10.28,0.0196,0.0256,0,collision,
6295,195,-165.29,13.35,112.98,0.0000,0.0214,0,collision,
6296,115,301.59,20.31,-221.17,0.0000,0.0000,1,goal,
6297,124,285.81,19.62,107.27,0.0000,0.0000,1,goal,
6298,208,282.67,10.88,550.59,0.0000,0.0565,1,goal,
6299,100,285.76,22.76,-18.90,0.0000,0.0000,1,goal,
6300,157,-71.08,15.65,249.29,0.0127,0.0106,0,collision,
6301,186,-214.19,6.25,833.89,0.0108,0.0000,0,collision,
6302,319,200.31,6.79,1041.89,0.0000,0.0113,1,goal,
6303,335,-251.22,5.24,1111.61,0.0000,0.0464,0,collision,
6304,4,-204.18,0.00,0.30,0.5000,0.0149,0,collision,
6305,294,276.93,8.96,1037.48,0.0000,0.0397,1,goal,
6306,85,276.72,27.45,-50.47,0.0000,0.0064,1,goal,
6307,302,324.17,9.70,1157.96,0.0000,0.0000,1,goal,
6308,102,-101.13,26.40,107.14,0.0000,0.0344,0,collision,
2291,319,-131.78,8.94,986.02,0.0063,0.0032,0,collision,
2292,72,-181.93,9.26,247.57,0.0278,0.0000,0,collision,
2293,145,-189.91,8.02,386.87,0.0138,0.0063,0,collision,
2294,96,297.26,25.81,103.65,0.0000,0.0582,1,goal,
2295,100,-128.95,18.23,114.53,0.0200,0.0000,0,collision,
2296,128,309.46,19.78,-208.96,0.0000,0.0155,1,goal,
2297,115,-114.07,16.92,80.49,0.0174,0.0245,0,collision,
2298,264,261.37,10.29,583.17,0.0000,0.0000,1,goal,
2299,39,-168.63,16.05,57.03,0.0513,0.0311,0,collision,
2300,126,-142.98,14.32,171.18,0.0000,0.0637,0,collision,
6309,326,28.58,12.36,835.09,0.0061,0.0000,0,removed_unknown,
6310,63,-165.35,13.85,227.87,0.0000,0.0000,0,collision,
6311,80,295.17,31.00,-126.41,0.0000,0.0000,1,goal,
6312,87,-130.13,18.03,-154.14,0.0230,0.0000,0,collision,
6313,102,-109.27,23.63,157.56,0.0000,0.0015,0,collision,
6314,115,-144.20,11.89,165.30,0.0174,0.0000,0,collision,
6315,50,-158.75,20.31,35.39,0.0000,0.0093,0,collision,
6316,4,-204.72,0.52,1.94,0.5000,0.2660,0,collision,
6317,71,-142.25,19.69,195.39,0.0282,0.0093,0,collision,
6318,59,-130.79,36.37,-79.47,0.0000,0.0180,0,collision,
6319,17,-198.81,4.79,118.05,0.1176,0.0000,0,collision,
6320,80,-182.58,12.20,178.09,0.0000,0.0626,0,collision,
6321,85,-219.76,5.89,253.31,0.0148,0.1275,0,collision,
6322,93,-171.31,16.56,-168.09,0.0215,0.2407,0,collision,
6323,172,-101.72,12.51,357.98,0.0116,0.0035,0,collision,
6324,292,-169.67,7.45,999.54,0.0000,0.0122,0,collision,
6325,34,-173.00,16.36,134.84,0.0000,0.0151,0,collision,
6326,259,314.51,11.58,410.86,0.0000,0.0017,1,goal,
6327,240,-159.41,8.44,723.02,0.0000,0.0029,0,collision,
6328,262,223.15,9.51,920.04,0.0000,0.0193,1,goal,
6329,155,-213.24,5.91,585.63,0.0000,0.0580,0,collision,
6330,289,316.89,8.73,1413.18,0.0000,0.0164,1,goal,
6331,4,-203.04,0.52,1.94,0.5000,0.0000,0,collision,
6332,5,-205.50,0.42,2.04,0.0000,0.0000,0,collision,
6333,39,-199.07,5.68,183.52,0.0000,0.0000,0,collision,
6334,72,-172.14,9.84,198.56,0.0000,0.0000,0,collision,
6335,134,-207.72,5.44,397.38,0.0149,0.0167,0,collision,
6336,136,295.66,17.95,66.74,0.0000,0.0040,1,goal,
6337,197,250.97,10.00,476.28,0.0000,0.0023,1,goal,
6338,225,318.22,11.40,774.34,0.0000,0.0103,1,goal,
6339,72,-140.29,20.20,-98.93,0.0000,0.0289,0,collision,
6340,167,-121.91,11.70,343.81,0.0000,0.0124,0,collision,
6341,218,239.68,10.36,346.48,0.0000,0.0408,1,goal,
2301,51,-163.02,12.37,173.28,0.0000,0.0354,0,collision,
2302,123,-175.88,8.19,410.11,0.0000,0.0578,0,collision,
2303,141,-153.64,10.03,372.23,0.0000,0.0000,0,collision,
2304,50,-161.57,17.34,119.88,0.0400,0.0766,0,collision,
2305,202,-177.76,7.60,617.08,0.0000,0.0075,0,collision,
2306,25,-209.74,1.91,51.44,0.0800,0.0000,0,collision,
2307,192,294.76,14.41,252.11,0.0000,0.0248,1,goal,
2308,2,-200.32,1.04,2.51,1.0000,0.0000,0,collision,
2309,213,279.40,10.50,723.52,0.0000,0.0337,1,goal,
2310,188,306.34,14.61,326.64,0.0000,0.0614,1,goal,
6342,123,-187.84,7.23,704.89,0.0163,0.0017,0,collision,
6343,200,307.56,12.14,648.89,0.0000,0.0000,1,goal,
6344,148,223.62,14.15,357.89,0.0000,0.0012,1,goal,
6345,164,-147.66,12.87,-31.94,0.0122,0.1306,0,collision,
6346,146,-165.32,8.89,416.46,0.0000,0.0333,0,collision,
6347,66,-171.70,9.69,192.95,0.0000,0.0166,0,collision,
6348,185,299.99,14.10,470.47,0.0000,0.0092,1,goal,
6349,24,-216.27,1.63,41.43,0.0000,0.0000,0,collision,
6350,85,-163.33,11.83,326.48,0.0235,0.0556,0,collision,
6351,205,296.59,12.25,425.39,0.0000,0.0041,1,goal,
6352,125,-199.30,6.81,553.16,0.0160,0.1623,0,collision,
6353,132,-108.89,15.03,184.37,0.0000,0.0085,0,collision,
6354,58,-144.66,22.08,132.76,0.0000,0.0141,0,collision,
6355,238,314.27,10.15,708.28,0.0000,0.0000,1,goal,
6356,1,-200.00,0.00,0.00,0.0000,0.0000,0,collision,
6357,211,284.00,12.52,379.98,0.0000,0.0152,1,goal,
6358,189,291.19,14.98,-153.00,0.0000,0.0031,1,goal,
6359,192,275.45,12.91,377.95,0.0000,0.0000,1,goal,
6360,1,-200.00,0.00,0.00,0.0000,0.0000,0,collision,
6361,245,320.70,11.82,826.06,0.0000,0.0097,1,goal,
6362,333,151.94,6.90,981.08,0.0000,0.0086,1,goal,
6363,117,-150.25,16.94,194.18,0.0000,0.0085,0,collision,
6364,219,-220.20,9.77,113.59,0.0000,0.2010,0,collision,
6365,94,-169.86,10.12,215.43,0.0213,0.0980,0,collision,
6366,53,-185.23,12.37,62.30,0.0377,0.0305,0,collision,
6367,382,192.58,7.36,1130.47,0.0000,0.0493,1,goal,
6368,207,292.98,14.44,265.45,0.0000,0.0151,1,goal,
2311,257,312.07,10.68,680.10,0.0000,0.0327,1,goal,
2312,176,312.73,14.67,236.28,0.0000,0.0389,1,goal,
2313,18,-201.70,2.91,58.70,0.0000,0.0000,0,collision,
2314,74,-170.73,11.67,118.90,0.0270,0.0352,0,collision,
2315,282,171.95,9.12,154.25,0.0000,0.0929,1,goal,
2316,225,282.08,10.64,656.88,0.0000,0.0000,1,goal,
2317,125,-194.72,12.60,38.38,0.0160,0.2112,0,collision,
2318,60,-189.20,7.82,264.49,0.0292,0.1158,0,collision,
2319,51,-184.01,6.63,291.42,0.0392,0.0000,0,collision,
2320,58,-206.15,6.23,100.96,0.0345,0.1619,0,collision,
6369,175,-229.44,8.66,668.85,0.0000,0.0000,0,collision,
6370,268,240.81,8.42,906.71,0.0000,0.0857,1,goal,
6371,192,312.32,14.09,223.54,0.0000,0.0052,1,goal,
6372,178,335.59,14.72,788.14,0.0000,0.0236,1,goal,
6373,118,-118.89,11.69,447.10,0.0169,0.0159,0,collision,
6374,61,-167.46,11.17,118.32,0.0000,0.0516,0,collision,
6375,84,-162.74,10.19,251.18,0.0238,0.0150,0,collision,
6376,138,-151.14,9.83,440.70,0.0000,0.0253,0,collision,
6377,6,-199.91,2.65,17.89,0.0000,0.0000,0,collision,
6378,62,-153.07,16.13,144.51,0.0000,0.0631,0,collision,
6379,4,-203.04,0.52,1.94,0.0000,0.0000,0,collision,
6380,224,-203.42,6.90,581.44,0.0089,0.1014,0,collision,
6381,127,291.95,17.85,300.13,0.0000,0.0440,1,goal,
6382,284,272.88,7.83,1176.03,0.0000,0.0035,1,goal,
6383,155,-135.05,9.00,997.47,0.0129,0.0402,0,collision,
6384,227,304.61,10.84,596.59,0.0000,0.0092,1,goal,
6385,1,-200.00,0.00,0.00,0.0000,0.0000,0,collision,
6386,24,-195.00,4.53,128.04,0.0000,0.0000,0,collision,
6387,393,204.29,5.78,1777.53,0.0000,0.0034,1,goal,
6388,217,260.17,10.64,415.97,0.0000,0.0019,1,goal,
6389,275,-178.42,6.34,1184.21,0.0000,0.0558,0,collision,
6390,147,-140.55,11.93,174.43,0.0000,0.0919,0,collision,
6391,25,-188.89,6.48,146.09,0.0800,0.0000,0,collision,
6392,289,-165.91,7.81,1050.48,0.0000,0.0310,0,collision,
6393,361,-176.32,8.16,1119.94,0.0000,0.0096,0,collision,
6394,56,-166.86,15.53,124.39,0.0000,0.1099,0,collision,
2321,65,-179.64,9.98,200.28,0.0000,0.1131,0,collision,
2322,63,-172.39,12.72,102.61,0.0317,0.0000,0,collision,
2323,238,-203.95,5.77,952.58,0.0000,0.0102,0,collision,
2324,76,-150.32,17.56,247.15,0.0000,0.0078,0,collision,
2325,181,316.37,12.48,786.65,0.0000,0.0000,1,goal,
2326,117,-128.66,13.79,186.50,0.0000,0.0025,0,collision,
2327,248,268.01,9.80,939.22,0.0000,0.0073,1,goal,
2328,308,259.14,7.53,1126.56,0.0000,0.0238,1,goal,
2329,10,-203.56,2.84,32.03,0.0000,0.1020,0,collision,
2330,42,-188.01,6.54,246.80,0.0000,0.0057,0,collision,
6395,246,-286.99,6.40,1069.94,0.0000,0.0000,0,collision,
6396,1,-200.00,0.00,0.00,0.0000,0.0000,0,collision,
6397,65,-204.93,7.45,258.41,0.0000,0.3134,0,collision,
6398,149,-151.03,9.84,349.90,0.0000,0.0000,0,collision,
6399,119,-143.15,13.18,193.60,0.0000,0.0203,0,collision,
6400,202,286.60,12.15,385.15,0.0000,0.0004,1,goal,
6401,120,-112.01,20.45,-220.08,0.0167,0.0762,0,collision,
6402,157,-233.83,7.97,223.20,0.0000,0.0110,0,collision,
6403,139,-133.31,11.91,323.98,0.0144,0.0209,0,collision,
6404,531,94.80,5.22,1654.86,0.0000,0.0581,1,goal,
6405,27,-173.39,24.34,46.23,0.0000,0.0298,0,collision,
6406,340,264.73,8.00,1454.35,0.0000,0.0036,1,goal,
6407,80,-143.66,14.93,98.14,0.0250,0.0000,0,collision,
6408,241,279.85,9.94,724.20,0.0000,0.0029,1,goal,
6409,527,163.91,5.45,1952.22,0.0000,0.0207,1,goal,
6410,372,201.45,6.56,1252.26,0.0000,0.0170,1,goal,
6411,133,-195.37,8.82,329.43,0.0000,0.0000,0,collision,
6412,319,250.06,7.13,1204.23,0.0000,0.0071,1,goal,
6413,133,-92.72,16.39,113.51,0.0150,0.0000,0,collision,
2331,303,318.88,8.63,1357.72,0.0000,0.0000,1,goal,
2332,127,-193.07,7.43,231.36,0.0157,0.0000,0,collision,
2333,355,290.05,8.61,1049.14,0.0000,0.0000,1,goal,
2334,234,254.46,9.57,606.07,0.0000,0.0173,1,goal,
2335,46,-232.83,1.37,69.96,0.0000,0.0000,0,collision,
2336,411,274.45,7.10,1912.06,0.0000,0.0077,1,goal,
2337,50,-164.37,12.57,148.72,0.0400,0.0327,0,collision,
2338,182,-121.39,9.18,683.44,0.0000,0.0000,0,collision,
2339,98,-176.00,6.37,677.26,0.0204,0.0000,0,collision,
2340,238,-115.31,10.81,504.19,0.0084,0.0000,0,collision,
6414,399,-347.59,5.84,938.74,0.0050,0.0116,0,collision,
6415,59,-213.32,5.42,309.88,0.0000,0.0710,0,collision,
6416,139,-242.56,5.06,284.33,0.0000,0.0000,0,collision,
6417,129,-212.49,5.58,368.99,0.0000,0.0015,0,collision,
6418,188,-159.99,7.33,612.04,0.0000,0.0016,0,collision,
6419,226,234.95,11.40,393.44,0.0000,0.0042,1,goal,
6420,226,282.84,10.23,698.22,0.0000,0.0030,1,goal,
6421,230,296.68,10.60,618.34,0.0000,0.0150,1,goal,
6422,161,321.19,18.11,-8.26,0.0000,0.0000,1,goal,
6423,7,-208.82,0.30,2.24,0.2857,0.0000,0,collision,
6424,86,-187.09,7.72,273.32,0.0233,0.0342,0,collision,
6425,186,-192.25,6.49,796.54,0.0108,0.0133,0,collision,
6426,286,354.58,9.77,1539.20,0.0000,0.0035,1,goal,
6427,1,-200.00,0.00,0.00,0.0000,0.0000,0,collision,
6428,198,-164.60,7.60,777.11,0.0000,0.0076,0,collision,
6429,86,278.03,26.28,-130.19,0.0000,0.0295,1,goal,
6430,209,326.34,13.21,353.75,0.0000,0.0283,1,goal,
6431,145,319.97,18.15,-181.87,0.0000,0.0000,1,goal,
6432,247,-191.01,6.44,796.79,0.0000,0.0000,0,collision,
6433,2,-200.98,1.04,2.51,0.0000,0.4289,0,collision,
6434,143,305.25,17.43,394.55,0.0000,0.0000,1,goal,
6435,108,-238.41,7.24,138.25,0.0185,0.1807,0,collision,
6436,267,284.23,10.44,592.28,0.0000,0.0000,1,goal,
6437,65,-156.46,13.79,148.02,0.0308,0.0320,0,collision,
6438,243,263.59,12.58,157.59,0.0000,0.0435,1,goal,
6439,176,-129.03,11.57,248.11,0.0114,0.0112,0,collision,
2341,113,-84.71,24.91,-253.17,0.0000,0.0094,0,collision,
2342,50,-221.56,4.44,183.67,0.0400,0.3669,0,collision,
2343,250,233.94,10.59,397.82,0.0000,0.0937,1,goal,
2344,69,-153.33,10.21,451.67,0.0000,0.0000,0,collision,
2345,196,252.86,11.47,246.03,0.0000,0.0291,1,goal,
2346,355,126.50,6.40,1111.84,0.0000,0.1597,1,goal,
2347,292,235.34,7.84,641.52,0.0000,0.0000,1,goal,
2348,2,-201.66,0.00,0.10,0.0000,0.0000,0,collision,
2349,3,-201.28,0.69,2.61,0.6667,0.0000,0,collision,
2350,256,230.96,8.98,931.22,0.0000,0.0913,1,goal,
6440,124,-302.67,2.75,199.88,0.0000,0.0216,0,collision,
6441,231,290.30,11.93,571.67,0.0000,0.0000,1,goal,
6442,148,116.52,18.53,173.36,0.0135,0.0031,0,removed_unknown,
6443,180,-154.69,10.59,211.29,0.0000,0.1258,0,collision,
6444,93,-251.25,3.02,288.40,0.0215,0.0734,0,collision,
6445,207,-122.78,11.30,394.84,0.0097,0.0424,0,collision,
6446,68,-213.38,3.99,255.44,0.0000,0.0000,0,collision,
6447,235,-120.93,9.64,607.63,0.0085,0.0311,0,collision,
6448,93,-104.96,27.08,-127.03,0.0000,0.0157,0,collision,
6449,197,-177.88,6.82,840.80,0.0000,0.0335,0,collision,
6450,81,-142.35,12.54,161.58,0.0247,0.0000,0,collision,
6451,81,-156.44,13.35,43.24,0.0247,0.0312,0,collision,
6452,199,-169.18,10.85,309.69,0.0101,0.0043,0,collision,
6453,145,-97.76,13.14,596.32,0.0138,0.0076,0,collision,
6454,185,270.80,12.22,280.37,0.0000,0.0526,1,goal,
6455,240,303.69,11.40,774.37,0.0000,0.0065,1,goal,
6456,209,297.06,10.78,681.71,0.0000,0.0104,1,goal,
6457,164,-120.44,8.53,997.41,0.0122,0.0000,0,collision,
6458,92,-148.84,11.55,308.03,0.0217,0.0428,0,collision,
6459,94,-195.36,7.68,220.61,0.0213,0.0901,0,collision,
6460,43,-168.10,17.27,13.10,0.0000,0.0000,0,collision,
6461,275,-114.43,7.81,1307.41,0.0073,0.0552,0,collision,
6462,216,262.56,11.69,794.72,0.0000,0.0517,1,goal,
6463,246,262.43,12.16,335.05,0.0000,0.0842,1,goal,
6464,138,-173.43,9.94,243.12,0.0000,0.0406,0,collision,
6465,123,-249.55,5.40,165.73,0.0163,0.2322,0,collision,
2351,45,-192.60,5.26,244.70,0.0444,0.0000,0,collision,
2352,268,-228.24,6.55,670.43,0.0000,0.0187,0,collision,
2353,47,-157.94,18.56,30.73,0.0426,0.0000,0,collision,
2354,255,253.07,8.17,944.05,0.0000,0.0507,1,goal,
2355,90,-110.63,26.12,-59.27,0.0000,0.0001,0,collision,
2356,142,-101.44,15.84,111.58,0.0000,0.0076,0,collision,
2357,71,-178.45,9.85,343.60,0.0282,0.0000,0,collision,
2358,85,-212.85,6.63,274.64,0.0235,0.2820,0,collision,
2359,266,203.83,9.58,425.42,0.0000,0.0000,1,goal,
2360,263,-121.83,8.51,940.26,0.0000,0.0039,0,collision,
6466,552,-729.04,2.79,872.69,0.0036,0.0000,0,collision,
6467,156,-155.90,11.32,70.62,0.0000,0.1116,0,collision,
6468,212,-229.42,6.18,684.73,0.0094,0.1179,0,collision,
6469,202,332.43,13.62,22.13,0.0000,0.0056,1,goal,
6470,88,-152.54,14.71,198.89,0.0227,0.1365,0,collision,
6471,236,266.47,10.28,916.01,0.0000,0.0045,1,goal,
6472,217,316.15,11.31,542.82,0.0000,0.0018,1,goal,
6473,77,-196.88,6.58,277.41,0.0000,0.0284,0,collision,
6474,2,-200.32,1.04,2.51,1.0000,0.0000,0,collision,
6475,33,-178.56,16.13,75.36,0.0000,0.0637,0,collision,
6476,246,-91.36,11.58,556.14,0.0081,0.0071,0,collision,
6477,2,-201.66,0.00,0.10,0.0000,0.0000,0,collision,
6478,60,-239.64,3.71,96.70,0.0333,0.2283,0,collision,
6479,52,-142.92,27.54,-1.57,0.0000,0.0007,0,collision,
6480,172,304.75,12.93,512.19,0.0000,0.0000,1,goal,
6481,287,269.22,9.55,984.17,0.0000,0.0287,1,goal,
6482,295,-249.22,7.21,704.68,0.0000,0.1937,0,collision,
6483,134,-172.46,8.91,401.69,0.0149,0.0875,0,collision,
6484,234,-194.45,5.54,1112.23,0.0085,0.0817,0,collision,
6485,159,-162.28,12.85,-62.29,0.0126,0.1538,0,collision,
6486,367,252.62,7.57,1347.81,0.0000,0.0065,1,goal,
6487,2,-201.66,0.00,0.10,1.0000,0.0000,0,collision,
6488,223,291.29,12.44,187.38,0.0000,0.0000,1,goal,
6489,100,-226.87,3.33,353.95,0.0200,0.0000,0,collision,
2361,213,245.64,10.80,444.64,0.0000,0.0037,1,goal,
2362,94,-181.78,5.59,540.60,0.0000,0.0048,0,collision,
2363,255,226.20,10.10,462.78,0.0000,0.0604,1,goal,
2364,188,292.24,12.06,458.65,0.0000,0.0257,1,goal,
2365,187,-217.38,8.15,127.55,0.0107,0.1202,0,collision,
2366,57,-192.48,6.59,230.76,0.0000,0.0206,0,collision,
2367,263,195.22,9.29,400.61,0.0000,0.0375,1,goal,
2368,2,-200.32,1.04,2.51,1.0000,0.0000,0,collision,
2369,361,253.46,7.69,1412.51,0.0000,0.0000,1,goal,
2370,32,-186.72,10.99,72.95,0.0625,0.0517,0,collision,
6490,235,-183.18,9.68,1070.97,0.0000,0.0073,0,collision,
6491,107,-124.27,20.84,-196.12,0.0000,0.0028,0,collision,
6492,128,-142.43,8.90,556.33,0.0000,0.0000,0,collision,
6493,330,266.40,7.44,1252.80,0.0000,0.0000,1,goal,
6494,273,256.47,8.29,751.01,0.0000,0.0089,1,goal,
6495,222,246.50,12.41,445.02,0.0000,0.0107,1,goal,
6496,182,-233.51,6.89,250.17,0.0110,0.0138,0,collision,
6497,25,-196.89,3.89,126.95,0.0800,0.0000,0,collision,
6498,321,287.86,8.66,1254.38,0.0000,0.0123,1,goal,
6499,112,-197.21,8.90,104.92,0.0000,0.0992,0,collision,
6500,138,-82.88,19.10,-225.26,0.0145,0.0226,0,collision,
6501,206,-134.48,12.40,190.93,0.0097,0.1281,0,collision,
6502,59,-191.99,6.01,281.91,0.0000,0.0515,0,collision,
6503,167,-78.80,16.50,115.75,0.0000,0.0260,0,collision,
6504,56,-177.83,6.10,390.86,0.0000,0.0000,0,collision,
6505,354,-224.83,4.26,1600.79,0.0056,0.0018,0,collision,
6506,138,-91.65,15.69,94.85,0.0145,0.0096,0,collision,
6507,49,-188.17,12.47,141.86,0.0000,0.1602,0,collision,
6508,125,-169.02,11.08,38.14,0.0000,0.0685,0,collision,
6509,329,216.93,8.51,832.73,0.0000,0.0000,1,goal,
6510,84,-137.47,14.60,224.50,0.0000,0.0128,0,collision,
6511,137,-105.04,14.82,94.28,0.0000,0.0151,0,collision,
6512,114,-140.23,12.86,-73.75,0.0175,0.0117,0,collision,
6513,65,-174.80,10.44,110.92,0.0308,0.0472,0,collision,
2371,375,217.06,6.93,1239.03,0.0000,0.0159,1,goal,
2372,313,224.17,7.66,780.78,0.0000,0.0392,1,goal,
2373,15,-190.82,7.76,188.46,0.0000,0.0000,0,collision,
2374,82,-143.12,13.45,126.77,0.0000,0.0000,0,collision,
2375,49,-162.96,23.03,57.52,0.0000,0.0295,0,collision,
2376,185,-147.65,9.16,492.69,0.0108,0.0072,0,collision,
2377,45,-188.62,6.79,185.58,0.0000,0.0000,0,collision,
2378,376,232.86,6.51,1750.67,0.0000,0.0004,1,goal,
2379,207,-179.64,5.22,1077.52,0.0097,0.0046,0,collision,
2380,276,228.73,8.31,661.61,0.0000,0.0058,1,goal,
6514,336,-222.22,8.19,856.07,0.0060,0.0632,0,collision,
6515,114,-173.45,8.88,458.91,0.0175,0.0015,0,collision,
6516,331,273.11,7.29,1782.49,0.0000,0.0068,1,goal,
6517,287,269.57,8.27,1084.28,0.0000,0.0050,1,goal,
6518,358,170.29,6.66,1121.02,0.0000,0.0000,1,goal,
6519,202,-235.81,6.30,527.94,0.0000,0.0150,0,collision,
6520,107,303.50,21.51,-250.63,0.0000,0.0000,1,goal,
6521,116,277.61,24.61,-33.59,0.0000,0.0000,1,goal,
6522,39,-214.48,2.90,143.38,0.0000,0.0528,0,collision,
6523,227,-137.72,9.93,465.03,0.0088,0.0324,0,collision,
6524,102,-147.99,11.16,263.96,0.0000,0.0132,0,collision,
6525,76,-150.26,14.99,239.71,0.0263,0.0086,0,collision,
6526,84,289.19,27.38,-71.54,0.0000,0.0398,1,goal,
6527,33,-173.20,21.65,-10.90,0.0000,0.0309,0,collision,
6528,91,-154.01,14.49,-13.55,0.0220,0.0341,0,collision,
6529,241,-177.94,7.74,888.25,0.0000,0.0484,0,collision,
6530,170,-141.84,11.49,367.12,0.0000,0.0189,0,collision,
6531,340,-348.94,4.63,767.97,0.0059,0.2107,0,collision,
6532,23,-183.70,15.32,68.89,0.0000,0.0505,0,collision,
6533,247,251.21,11.48,428.73,0.0000,0.0355,1,goal,
6534,310,-218.21,7.13,960.88,0.0000,0.1267,0,collision,
6535,277,-127.13,9.06,931.40,0.0000,0.0212,0,collision,
6536,44,-174.09,13.82,-38.02,0.0000,0.0225,0,collision,
2381,90,-193.62,4.35,445.95,0.0000,0.0402,0,collision,
2382,2,-200.86,0.00,0.10,1.0000,0.0000,0,collision,
2383,71,-215.27,3.23,258.37,0.0000,0.0000,0,collision,
2384,146,284.68,13.67,67.46,0.0000,0.0080,1,goal,
2385,384,-291.11,4.31,1374.82,0.0052,0.0125,0,collision,
2386,380,-248.23,6.31,966.72,0.0053,0.0441,0,collision,
2387,284,263.60,8.01,1149.14,0.0000,0.0000,1,goal,
2388,380,246.79,7.26,1101.99,0.0000,0.0000,1,goal,
2389,58,-191.37,6.83,384.80,0.0000,0.0000,0,collision,
2390,346,153.20,7.20,822.62,0.0000,0.0355,1,goal,
6537,284,-229.98,11.86,189.44,0.0070,0.1673,0,collision,
6538,47,-183.81,6.67,207.99,0.0000,0.0000,0,collision,
6539,351,270.85,7.02,1294.83,0.0000,0.0007,1,goal,
6540,359,241.36,7.41,1044.94,0.0000,0.0106,1,goal,
6541,283,259.40,8.20,975.96,0.0000,0.0007,1,goal,
6542,122,-265.62,3.24,219.62,0.0000,0.1861,0,collision,
6543,161,317.78,16.20,117.20,0.0000,0.0000,1,goal,
6544,88,-207.71,3.78,377.16,0.0000,0.0000,0,collision,
6545,89,-197.81,7.28,282.58,0.0225,0.0177,0,collision,
6546,41,-167.54,17.87,-53.06,0.0488,0.0000,0,collision,
6547,236,236.69,11.27,419.13,0.0000,0.0055,1,goal,
6548,250,233.26,9.73,541.77,0.0000,0.0000,1,goal,
6549,1,-200.00,0.00,0.00,0.0000,0.0000,0,collision,
6550,303,221.88,7.87,1039.48,0.0000,0.0029,1,goal,
6551,149,-157.23,8.75,561.00,0.0000,0.0081,0,collision,
6552,75,-198.16,4.84,390.62,0.0267,0.0572,0,collision,
6553,222,-256.27,5.12,704.11,0.0090,0.0023,0,collision,
6554,49,-208.82,3.82,215.76,0.0000,0.1836,0,collision,
6555,269,335.19,10.45,908.49,0.0000,0.0068,1,goal,
6556,259,-115.66,9.37,881.22,0.0077,0.0101,0,collision,
6557,252,212.57,10.96,184.24,0.0000,0.0000,1,goal,
6558,227,-247.80,6.84,625.93,0.0000,0.0916,0,collision,
2391,191,-78.70,13.35,405.14,0.0000,0.0011,0,collision,
2392,359,270.55,7.31,1508.14,0.0000,0.0071,1,goal,
2393,342,-234.97,6.12,1211.34,0.0058,0.0050,0,collision,
2394,272,216.93,9.11,836.18,0.0000,0.0106,1,goal,
2395,86,289.47,26.00,-184.25,0.0000,0.0000,1,goal,
2396,389,224.69,6.71,1475.34,0.0000,0.0072,1,goal,
2397,229,29.21,10.03,693.18,0.0087,0.0934,0,removed_unknown,
2398,200,-210.04,7.54,175.08,0.0100,0.0000,0,collision,
2399,365,-131.75,7.89,1445.08,0.0055,0.0094,0,collision,
2400,220,-137.93,9.35,510.60,0.0091,0.0000,0,collision,
6559,290,-306.75,4.24,1275.90,0.0069,0.0000,0,collision,
6560,313,-252.36,4.71,882.96,0.0000,0.0000,0,collision,
6561,367,243.16,7.75,1344.87,0.0000,0.0098,1,goal,
6562,281,226.82,8.18,696.36,0.0000,0.0000,1,goal,
6563,430,163.26,6.86,950.75,0.0000,0.0000,1,goal,
6564,362,202.50,7.66,750.10,0.0000,0.0145,1,goal,
6565,79,-138.61,16.72,-0.66,0.0022,0.0229,0,collision,
6566,212,288.60,13.10,370.04,0.0000,0.0057,1,goal,
6567,88,-177.19,7.53,323.53,0.0000,0.0567,0,collision,
6568,174,284.44,13.53,403.94,0.0000,0.0217,1,goal,
6569,269,189.19,9.14,432.95,0.0000,0.0808,1,goal,
6570,107,300.27,22.16,-271.53,0.0000,0.0047,1,goal,
6571,133,296.10,18.22,-261.25,0.0000,0.0071,1,goal,
6572,114,-156.34,11.00,365.22,0.0000,0.0083,0,collision,
6573,230,333.59,12.03,1157.06,0.0000,0.0000,1,goal,
6574,206,-236.27,5.28,944.18,0.0000,0.0170,0,collision,
6575,128,-174.03,8.18,486.88,0.0156,0.0065,0,collision,
6576,236,294.63,10.80,741.62,0.0000,0.0539,1,goal,
2401,273,292.93,10.92,866.35,0.0000,0.0424,1,goal,
2402,205,87.27,12.06,307.43,0.0000,0.0000,0,removed_unknown,
2403,2,-200.32,1.04,2.51,1.0000,0.0000,0,collision,
2404,180,-84.08,15.80,4.43,0.0111,0.0104,0,collision,
2405,66,-148.18,22.00,-48.17,0.0000,0.0087,0,collision,
2406,156,-152.22,8.67,672.81,0.0128,0.0071,0,collision,
2407,294,313.12,8.60,1489.00,0.0000,0.0000,1,goal,
2408,5,-204.15,0.83,4.45,0.4000,0.0000,0,collision,
2409,141,-205.51,7.99,509.74,0.0142,0.0297,0,collision,
2410,51,-163.93,17.38,47.63,0.0000,0.0308,0,collision,
6577,294,-182.30,9.11,997.31,0.0000,0.0049,0,collision,
6578,244,-111.06,9.34,857.18,0.0000,0.0038,0,collision,
6579,5,-199.13,3.14,19.06,0.4000,0.1984,0,collision,
6580,217,-170.61,7.93,686.61,0.0092,0.0674,0,collision,
6581,142,-223.49,3.97,639.25,0.0000,0.1531,0,collision,
6582,113,-167.50,8.94,307.30,0.0000,0.0202,0,collision,
6583,288,309.19,9.12,1122.12,0.0000,0.0059,1,goal,
6584,134,-238.69,5.36,347.72,0.0149,0.0121,0,collision,
6585,295,-68.94,9.67,900.81,0.0000,0.0096,0,collision,
6586,87,-175.49,8.24,362.50,0.0230,0.0326,0,collision,
6587,89,289.74,27.54,37.39,0.0000,0.0000,1,goal,
6588,212,-155.39,7.92,700.25,0.0000,0.0000,0,collision,
6589,114,316.16,24.79,90.02,0.0000,0.0000,1,goal,
6590,85,-194.88,7.65,289.21,0.0235,0.1507,0,collision,
6591,34,-177.91,16.95,-9.05,0.0000,0.0415,0,collision,
6592,80,-147.80,14.86,0.62,0.0250,0.0329,0,collision,
6593,81,285.36,29.24,-97.59,0.0000,0.0000,1,goal,
6594,164,284.05,15.32,152.43,0.0000,0.0283,1,goal,
6595,107,-106.85,21.13,-89.45,0.0000,0.0040,0,collision,
6596,67,-156.07,15.56,30.80,0.0000,0.0179,0,collision,
6597,63,-169.87,13.63,36.91,0.0000,0.0288,0,collision,
6598,130,-189.96,9.94,260.46,0.0000,0.0057,0,collision,
6599,108,-185.08,7.73,283.87,0.0185,0.0678,0,collision,
6600,57,-152.84,20.35,-123.67,0.0000,0.0757,0,collision,
6601,77,-190.52,7.30,165.41,0.0260,0.0679,0,collision,
6602,8,-203.68,1.64,14.42,0.2500,0.0000,0,collision,
6603,164,-192.54,8.11,502.17,0.0000,0.0072,0,collision,
6604,29,-178.80,19.34,34.99,0.0000,0.0182,0,collision,
6605,274,295.18,9.11,1045.96,0.0000,0.0040,1,goal,
6606,138,-180.96,10.02,232.35,0.0000,0.1035,0,collision,
6607,100,-118.83,15.70,229.70,0.0000,0.0172,0,collision,
6608,44,-153.96,25.93,11.21,0.0000,0.0000,0,collision,
6609,79,-151.08,20.24,-205.12,0.0253,0.1325,0,collision,
2411,189,-179.70,7.57,762.61,0.0000,0.0363,0,collision,
2412,103,301.19,22.68,-74.23,0.0000,0.0000,1,goal,
2413,261,-167.85,10.37,897.26,0.0000,0.0135,0,collision,
2414,124,-102.41,20.66,-127.75,0.0000,0.0364,0,collision,
2415,115,-201.55,5.54,470.55,0.0000,0.0084,0,collision,
2416,3,-199.63,2.08,9.94,0.6667,0.0000,0,collision,
2417,68,-161.54,13.39,252.76,0.0000,0.0140,0,collision,
2418,165,294.59,13.14,424.42,0.0000,0.0000,1,goal,
2419,136,300.66,18.46,187.87,0.0000,0.0000,1,goal,
2420,8,-206.01,1.18,10.13,0.2500,0.0000,0,collision,
6610,350,-219.14,8.19,1321.45,0.0000,0.0526,0,collision,
6611,308,240.48,8.42,927.06,0.0000,0.0447,1,goal,
6612,164,-109.76,15.46,-58.56,0.0122,0.0085,0,collision,
6613,73,-171.98,8.81,356.40,0.0000,0.0000,0,collision,
6614,222,307.06,12.23,569.05,0.0000,0.0409,1,goal,
6615,217,-184.13,10.00,432.23,0.0000,0.1023,0,collision,
6616,311,266.16,9.01,726.43,0.0000,0.0000,1,goal,
6617,167,262.02,15.93,28.72,0.0000,0.0086,1,goal,
6618,252,-182.88,7.69,623.20,0.0079,0.0124,0,collision,
6619,163,286.76,15.94,318.03,0.0000,0.0035,1,goal,
6620,204,308.36,12.64,501.78,0.0000,0.0147,1,goal,
6621,143,308.94,17.34,258.35,0.0000,0.0000,1,goal,
6622,91,-170.10,6.03,618.74,0.0000,0.0000,0,collision,
6623,150,-103.89,15.16,-91.48,0.0133,0.0234,0,collision,
6624,1,-200.00,0.00,0.00,0.0000,0.0000,0,collision,
6625,163,-93.78,12.57,371.73,0.0000,0.0222,0,collision,
6626,109,299.87,22.04,-164.02,0.0000,0.0000,1,goal,
6627,288,267.66,9.02,923.34,0.0000,0.0537,1,goal,
6628,158,-96.65,14.67,21.67,0.0127,0.0132,0,collision,
6629,207,276.93,11.21,582.65,0.0000,0.0000,1,goal,
6630,189,294.75,11.94,384.77,0.0000,0.0070,1,goal,
6631,245,279.39,8.67,940.29,0.0000,0.0490,1,goal,
2421,274,-172.76,8.55,742.88,0.0000,0.0762,0,collision,
2422,92,-130.68,19.22,23.44,0.0000,0.0246,0,collision,
2423,13,-193.18,8.97,71.24,0.1538,0.0000,0,collision,
2424,141,-138.40,11.18,492.43,0.0142,0.0081,0,collision,
2425,114,-86.86,24.28,-228.59,0.0175,0.0004,0,collision,
2426,178,278.98,13.75,319.58,0.0000,0.0170,1,goal,
2427,166,-138.83,9.49,936.01,0.0000,0.0452,0,collision,
2428,230,315.46,12.74,691.05,0.0000,0.0727,1,goal,
2429,136,-221.46,6.85,337.27,0.0000,0.0856,0,collision,
2430,56,-177.44,12.12,104.63,0.0000,0.0264,0,collision,
6632,209,-116.47,15.41,315.14,0.0096,0.0000,0,collision,
6633,177,314.76,13.14,619.82,0.0000,0.0000,1,goal,
6634,104,292.66,21.40,-17.86,0.0000,0.0000,1,goal,
6635,281,229.59,9.52,600.75,0.0000,0.0290,1,goal,
6636,65,-149.00,16.87,87.89,0.0308,0.0000,0,collision,
6637,125,-120.15,16.91,266.72,0.0160,0.0000,0,collision,
6638,148,-112.11,17.06,7.40,0.0000,0.0058,0,collision,
6639,242,263.31,9.45,531.80,0.0000,0.0000,1,goal,
6640,91,292.09,26.85,-92.70,0.0000,0.0171,1,goal,
6641,253,-178.74,6.69,1172.14,0.0079,0.0236,0,collision,
6642,103,-130.93,19.60,20.98,0.0000,0.0087,0,collision,
6643,139,-144.92,10.22,434.41,0.0144,0.0000,0,collision,
6644,90,-236.47,4.17,212.97,0.0000,0.2628,0,collision,
6645,77,-143.62,14.96,243.59,0.0260,0.0209,0,collision,
6646,237,-175.38,9.52,819.09,0.0084,0.0519,0,collision,
6647,101,-154.36,10.89,313.09,0.0000,0.0181,0,collision,
6648,115,310.09,21.85,17.32,0.0000,0.0000,1,goal,
6649,230,312.88,10.40,828.51,0.0000,0.0174,1,goal,
6650,200,266.59,12.99,113.22,0.0000,0.1078,1,goal,
6651,49,-176.00,9.49,206.11,0.0000,0.0080,0,collision,
6652,113,-131.94,13.69,99.56,0.0000,0.0631,0,collision,
6653,206,-293.58,6.40,297.59,0.0000,0.0122,0,collision,
6654,220,302.27,11.36,732.56,0.0000,0.0000,1,goal,
6655,46,-169.87,12.27,147.73,0.0435,0.0799,0,collision,
6656,79,283.51,26.51,-36.79,0.0000,0.0000,1,goal,
6657,100,299.10,23.11,-76.86,0.0000,0.0086,1,goal,
6658,211,-149.43,9.78,610.69,0.0000,0.0078,0,collision,
6659,39,-165.40,18.08,95.67,0.0000,0.0171,0,collision,
2431,104,-139.39,12.27,254.91,0.0000,0.0152,0,collision,
2432,31,-178.09,14.55,26.34,0.0000,0.0000,0,collision,
2433,433,200.64,5.82,1816.32,0.0000,0.0196,1,goal,
2434,62,-159.90,10.71,410.77,0.0323,0.0000,0,collision,
2435,209,-160.37,10.66,262.37,0.0000,0.0642,0,collision,
2436,88,-158.07,9.84,416.21,0.0227,0.0192,0,collision,
2437,218,276.47,10.38,895.15,0.0000,0.0000,1,goal,
2438,168,-127.51,15.39,67.87,0.0119,0.0412,0,collision,
2439,44,-176.12,16.45,31.15,0.0000,0.0512,0,collision,
2440,146,-138.18,11.50,173.00,0.0137,0.0052,0,collision,
6660,179,-136.42,7.35,896.01,0.0112,0.0000,0,collision,
6661,33,-174.35,15.66,-8.88,0.0606,0.0000,0,collision,
6662,173,295.20,14.69,538.08,0.0000,0.0019,1,goal,
6663,143,-200.21,12.15,19.31,0.0140,0.1571,0,collision,
6664,148,298.98,16.05,137.87,0.0000,0.0000,1,goal,
6665,74,-202.03,7.47,272.23,0.0000,0.2732,0,collision,
6666,251,245.19,11.21,316.32,0.0000,0.0000,1,goal,
6667,299,-104.24,8.96,1114.18,0.0067,0.0105,0,collision,
6668,185,268.04,12.23,526.21,0.0000,0.0006,1,goal,
6669,71,-127.53,24.81,72.30,0.0000,0.0000,0,collision,
6670,3,-199.63,2.08,9.94,0.6667,0.0000,0,collision,
6671,178,258.03,13.26,120.55,0.0000,0.0000,1,goal,
6672,192,343.06,15.25,543.60,0.0000,0.0000,1,goal,
6673,146,-139.28,9.63,674.26,0.0000,0.0062,0,collision,
6674,93,-258.82,2.53,267.69,0.0000,0.2023,0,collision,
6675,310,260.48,8.40,1019.88,0.0000,0.0039,1,goal,
6676,20,-211.34,1.65,35.62,0.1000,0.0000,0,collision,
6677,79,-212.31,4.67,318.41,0.0000,0.1192,0,collision,
6678,51,-160.42,20.60,48.42,0.0392,0.0000,0,collision,
6679,123,-120.03,15.33,92.07,0.0163,0.0392,0,collision,
6680,100,-136.52,17.30,86.73,0.0200,0.0081,0,collision,
6681,93,-128.06,18.33,94.57,0.0000,0.0063,0,collision,
6682,61,-156.65,18.72,20.36,0.0000,0.0325,0,collision,
6683,269,280.88,9.08,855.81,0.0000,0.0033,1,goal,
6684,101,310.32,27.85,-7.60,0.0000,0.0000,1,goal,
6685,215,223.35,12.71,228.04,0.0000,0.0000,1,goal,
6686,77,-139.71,18.17,125.42,0.0000,0.0421,0,collision,
6687,78,-127.15,20.09,13.10,0.0256,0.0086,0,collision,
6688,343,301.49,7.69,1999.38,0.0000,0.0000,1,goal,
6689,121,293.18,19.41,-26.41,0.0000,0.0111,1,goal,
2441,185,308.63,13.53,115.86,0.0000,0.0040,1,goal,
2442,88,-122.64,17.89,-219.45,0.0227,0.0265,0,collision,
2443,145,-187.30,10.52,193.63,0.0000,0.0000,0,collision,
2444,276,-109.23,9.81,668.72,0.0000,0.0083,0,collision,
2445,79,-203.10,6.94,363.78,0.0253,0.0295,0,collision,
2446,279,224.04,8.74,656.39,0.0000,0.0521,1,goal,
2447,106,-192.97,7.32,319.86,0.0099,0.0024,0,collision,
2448,22,-202.98,2.85,73.58,0.0909,0.0190,0,collision,
2449,136,307.38,18.01,-52.61,0.0000,0.0000,1,goal,
2450,161,290.27,15.85,45.45,0.0000,0.0436,1,goal,
6690,226,-282.41,8.19,325.25,0.0000,0.0035,0,collision,
6691,2,-200.86,0.00,0.10,1.0000,0.0000,0,collision,
6692,22,-188.35,14.31,67.03,0.0000,0.1033,0,collision,
6693,123,291.41,18.42,303.80,0.0000,0.0029,1,goal,
6694,415,158.71,6.96,1174.28,0.0000,0.0617,1,goal,
6695,227,296.43,12.25,359.59,0.0000,0.0018,1,goal,
6696,225,273.67,12.89,191.23,0.0000,0.0058,1,goal,
6697,218,264.67,12.65,48.51,0.0000,0.0363,1,goal,
6698,166,-141.80,13.99,348.98,0.0000,0.0263,0,collision,
6699,100,296.87,23.05,-139.36,0.0000,0.0000,1,goal,
6700,111,264.93,22.01,-4.21,0.0000,0.0000,1,goal,
6701,2,-200.32,1.04,2.51,0.0000,0.0000,0,collision,
6702,191,322.72,11.79,668.02,0.0000,0.0000,1,goal,
6703,299,252.74,8.19,1043.28,0.0000,0.0044,1,goal,
6704,188,-123.99,13.80,-91.38,0.0000,0.1026,0,collision,
6705,239,-218.04,6.07,899.31,0.0084,0.0079,0,collision,
6706,244,265.74,9.24,844.86,0.0000,0.0065,1,goal,
6707,213,318.24,13.00,415.73,0.0000,0.0000,1,goal,
6708,267,-139.52,8.16,1226.64,0.0075,0.0143,0,collision,
6709,3,-199.63,2.08,9.94,0.0000,0.0000,0,collision,
6710,178,-95.38,13.84,85.85,0.0112,0.0149,0,collision,
6711,91,-139.10,13.53,221.23,0.0000,0.0175,0,collision,
6712,102,300.11,25.27,36.15,0.0000,0.0000,1,goal,
6713,101,-160.38,8.50,537.43,0.0000,0.0082,0,collision,
6714,182,-125.60,12.23,326.13,0.0110,0.0175,0,collision,
2451,313,219.43,7.23,1135.68,0.0000,0.0506,1,goal,
2452,62,-161.78,13.15,71.19,0.0323,0.0823,0,collision,
2453,352,-199.22,5.03,1616.39,0.0000,0.0110,0,collision,
2454,119,-234.32,5.45,332.54,0.0168,0.1927,0,collision,
2455,51,-136.91,34.36,-33.89,0.0392,0.0195,0,collision,
2456,320,241.80,8.66,806.81,0.0000,0.0002,1,goal,
2457,62,-151.35,16.71,122.70,0.0000,0.0143,0,collision,
2458,2,-200.32,1.04,2.51,0.0000,0.0000,0,collision,
2459,108,-109.47,17.42,-127.99,0.0000,0.0000,0,collision,
2460,124,-125.44,19.83,194.20,0.0000,0.0072,0,collision,
6715,1001,-1354.61,0.55,360.36,0.0000,0.0000,0,timeout,B2C2 -> C2C3 -> C3B3 -> E1
6716,105,271.06,21.50,-13.42,0.0000,0.0000,1,goal,
6717,71,-160.87,14.63,44.61,0.0000,0.0297,0,collision,
6718,51,-232.25,5.50,110.41,0.0392,0.5041,0,collision,
6719,5,-205.35,0.49,2.06,0.4000,0.0000,0,collision,
6720,98,278.74,23.79,128.10,0.0000,0.0009,1,goal,
6721,81,284.50,28.68,-107.47,0.0000,0.0000,1,goal,
6722,130,-128.35,13.10,390.17,0.0000,0.0287,0,collision,
6723,143,-218.11,6.56,282.25,0.0000,0.0069,0,collision,
6724,214,189.47,10.42,329.96,0.0000,0.0998,1,goal,
6725,152,-173.07,8.78,505.59,0.0132,0.0962,0,collision,
6726,303,-200.81,8.62,492.04,0.0000,0.0091,0,collision,
6727,65,-134.76,26.03,-67.20,0.0308,0.0297,0,collision,
6728,53,-175.24,7.87,438.35,0.0377,0.1617,0,collision,
6729,116,-180.84,6.32,526.87,0.0076,0.0000,0,collision,
6730,74,-224.41,9.29,79.79,0.0270,0.0276,0,collision,
6731,234,285.26,11.10,726.73,0.0000,0.0000,1,goal,
6732,38,-192.69,5.12,222.23,0.0000,0.0000,0,collision,
6733,19,-195.03,5.76,154.54,0.0000,0.0000,0,collision,
6734,311,266.55,9.09,672.54,0.0000,0.0119,1,goal,
6735,223,-92.55,10.48,738.63,0.0000,0.0182,0,collision,
6736,193,194.29,13.65,161.18,0.0000,0.0037,1,goal,
6737,178,297.79,16.26,20.38,0.0000,0.0031,1,goal,
6738,153,-129.49,13.00,419.18,0.0131,0.0069,0,collision,
6739,99,-192.25,10.60,199.63,0.0202,0.1221,0,collision,
2461,164,-95.45,13.44,324.02,0.0122,0.0078,0,collision,
2462,200,259.90,11.92,497.65,0.0000,0.0586,1,goal,
2463,86,-156.53,14.95,106.37,0.0000,0.0256,0,collision,
2464,113,-171.21,6.53,644.86,0.0000,0.0255,0,collision,
2465,126,-175.88,6.70,528.09,0.0159,0.0000,0,collision,
2466,112,299.26,21.43,-77.60,0.0000,0.0143,1,goal,
2467,351,118.71,6.92,637.73,0.0000,0.0000,1,goal,
2468,80,303.91,36.45,-148.34,0.0000,0.0000,1,goal,
2469,84,-146.53,16.07,77.03,0.0000,0.0212,0,collision,
2470,83,-181.42,8.80,124.60,0.0000,0.0014,0,collision,
6740,123,-198.32,17.37,79.65,0.0163,0.1003,0,collision,
6741,205,271.79,14.06,-114.19,0.0000,0.0340,1,goal,
6742,180,-121.67,10.44,760.97,0.0111,0.0042,0,collision,
6743,33,-204.30,3.52,153.86,0.0000,0.0144,0,collision,
6744,147,276.04,16.74,272.76,0.0000,0.0000,1,goal,
6745,306,171.75,9.06,548.20,0.0000,0.1280,1,goal,
6746,183,-146.62,9.87,496.06,0.0000,0.0738,0,collision,
6747,147,-159.99,10.80,330.12,0.0000,0.0090,0,collision,
6748,141,97.96,15.86,161.43,0.0000,0.0006,0,removed_unknown,
6749,51,-200.00,5.09,309.84,0.0000,0.0000,0,collision,
6750,261,226.93,10.06,861.66,0.0000,0.0123,1,goal,
6751,130,-166.30,10.41,374.69,0.0154,0.0000,0,collision,
6752,163,310.33,16.19,496.16,0.0000,0.0190,1,goal,
6753,241,306.99,11.40,598.95,0.0000,0.0051,1,goal,
6754,158,-131.95,12.63,498.62,0.0000,0.0027,0,collision,
6755,204,-156.14,10.03,488.50,0.0098,0.0173,0,collision,
6756,152,-203.18,6.62,574.49,0.0000,0.0426,0,collision,
6757,253,225.80,8.96,602.72,0.0000,0.0048,1,goal,
6758,29,-170.82,22.40,46.23,0.0000,0.0000,0,collision,
6759,107,-159.86,10.17,267.29,0.0000,0.0291,0,collision,
6760,340,-130.07,8.62,1393.43,0.0000,0.0051,0,collision,
6761,157,-186.30,5.49,715.41,0.0000,0.0000,0,collision,
6762,66,-190.69,5.70,434.29,0.0085,0.0000,0,collision,
6763,225,34.93,11.14,733.95,0.0089,0.0000,0,removed_unknown,
2471,180,289.86,13.77,413.48,0.0000,0.0060,1,goal,
2472,14,-197.31,6.49,135.65,0.0000,0.0000,0,collision,
2473,87,-218.66,7.28,182.15,0.0230,0.3214,0,collision,
2474,465,207.30,5.30,1996.04,0.0000,0.0048,1,goal,
2475,151,-173.70,6.32,674.68,0.0132,0.0050,0,collision,
2476,161,-162.92,8.12,698.24,0.0124,0.0247,0,collision,
2477,116,-134.97,16.99,-13.76,0.0000,0.0120,0,collision,
2478,282,303.02,10.31,896.14,0.0000,0.0000,1,goal,
2479,196,-101.17,10.89,644.64,0.0102,0.0058,0,collision,
2480,83,292.15,27.17,13.17,0.0000,0.0000,1,goal,
6764,202,-281.21,6.46,450.92,0.0099,0.1677,0,collision,
6765,2,-201.66,0.00,0.10,1.0000,0.0000,0,collision,
6766,219,306.95,10.35,1008.23,0.0000,0.0000,1,goal,
6767,30,-226.38,1.23,38.24,0.0667,0.0000,0,collision,
6768,272,-108.01,9.96,643.66,0.0000,0.0025,0,collision,
6769,200,-173.76,8.84,589.08,0.0100,0.1161,0,collision,
6770,106,-127.63,14.11,425.26,0.0189,0.0044,0,collision,
6771,178,299.39,14.75,261.27,0.0000,0.0000,1,goal,
6772,1,-200.00,0.00,0.00,0.0000,0.0000,0,collision,
6773,76,-167.96,13.63,33.33,0.0000,0.0000,0,collision,
6774,56,-169.30,12.46,147.43,0.0357,0.0113,0,collision,
6775,44,-166.68,13.24,248.80,0.0455,0.0232,0,collision,
6776,218,309.37,10.30,943.31,0.0000,0.0000,1,goal,
6777,201,-155.53,8.11,840.68,0.0068,0.0130,0,collision,
6778,57,-207.91,6.50,112.63,0.0351,0.2559,0,collision,
6779,185,-105.84,14.71,299.44,0.0108,0.0186,0,collision,
6780,216,-86.77,10.33,817.32,0.0093,0.0080,0,collision,
6781,311,-113.16,9.72,983.91,0.0064,0.0370,0,collision,
6782,309,256.66,7.99,1192.58,0.0000,0.0022,1,goal,
6783,139,-71.29,20.71,-234.67,0.0000,0.0140,0,collision,
6784,335,-145.40,7.94,1052.60,0.0060,0.0047,0,collision,
6785,249,277.73,11.06,384.19,0.0000,0.0524,1,goal,
6786,174,329.24,13.30,719.00,0.0000,0.0000,1,goal,
6787,135,-167.82,10.22,295.16,0.0148,0.1090,0,collision,
2481,360,211.00,7.74,1139.66,0.0000,0.0000,1,goal,
2482,83,276.04,24.63,-60.74,0.0000,0.0105,1,goal,
2483,182,281.21,15.75,159.83,0.0000,0.0000,1,goal,
2484,280,316.67,8.59,1393.01,0.0000,0.0049,1,goal,
2485,103,-207.13,4.88,373.07,0.0000,0.0000,0,collision,
2486,257,305.13,9.82,1061.97,0.0000,0.0000,1,goal,
2487,242,274.14,8.79,729.84,0.0000,0.0000,1,goal,
2488,7,-206.43,0.89,6.30,0.2857,0.0000,0,collision,
2489,112,-192.25,6.19,460.11,0.0179,0.0686,0,collision,
2490,126,314.86,21.07,-140.05,0.0000,0.0000,1,goal,
6788,446,-104.05,8.83,940.31,0.0000,0.0138,0,removed_unknown,
6789,254,-263.68,6.01,548.99,0.0079,0.0681,0,collision,
6790,230,316.74,11.13,752.94,0.0000,0.0000,1,goal,
6791,290,215.07,7.69,935.69,0.0000,0.0188,1,goal,
6792,81,-139.31,18.34,-53.73,0.0000,0.0222,0,collision,
6793,37,-192.54,9.27,108.14,0.0000,0.0211,0,collision,
6794,306,231.02,8.87,845.91,0.0000,0.0703,1,goal,
6795,128,-81.58,21.66,-410.58,0.0156,0.0126,0,collision,
6796,332,-313.77,3.43,986.01,0.0000,0.0060,0,collision,
6797,133,252.53,16.56,-45.53,0.0000,0.0373,1,goal,
6798,196,-122.94,12.08,411.44,0.0000,0.0030,0,collision,
6799,107,-190.90,5.40,506.87,0.0187,0.0851,0,collision,
6800,415,288.84,7.02,1766.22,0.0000,0.0088,1,goal,
6801,269,283.13,10.17,659.11,0.0000,0.0038,1,goal,
6802,163,-208.56,4.55,687.13,0.0000,0.0002,0,collision,
6803,155,-203.93,7.48,309.44,0.0129,0.0366,0,collision,
6804,188,297.70,11.95,377.51,0.0000,0.0017,1,goal,
6805,318,294.68,9.15,947.65,0.0000,0.0000,1,goal,
6806,189,313.46,12.03,657.11,0.0000,0.0011,1,goal,
2491,296,359.40,10.40,1292.28,0.0000,0.0035,1,goal,
2492,39,-214.96,6.05,110.78,0.0000,0.4013,0,collision,
2493,142,315.92,16.79,125.05,0.0000,0.0081,1,goal,
2494,90,-143.78,12.59,474.04,0.0000,0.0200,0,collision,
2495,357,170.28,7.60,762.25,0.0000,0.0293,1,goal,
2496,1,-200.00,0.00,0.00,0.0000,0.0000,0,collision,
2497,40,-174.13,17.98,12.37,0.0500,0.0872,0,collision,
2498,279,205.63,8.13,708.33,0.0000,0.0000,1,goal,
2499,1,-200.00,0.00,0.00,0.0000,0.0000,0,collision,
2500,302,227.34,7.64,1136.37,0.0000,0.0045,1,goal,
6807,260,-187.30,14.46,357.58,0.0000,0.0010,0,collision,
6808,152,309.89,15.26,7.20,0.0000,0.0112,1,goal,
6809,85,-125.82,20.10,-176.66,0.0235,0.0357,0,collision,
6810,147,-163.81,10.61,184.08,0.0136,0.1508,0,collision,
6811,320,253.52,8.84,708.26,0.0000,0.0042,1,goal,
6812,99,-191.24,7.03,235.23,0.0000,0.0000,0,collision,
6813,223,-139.73,9.69,388.04,0.0000,0.0000,0,collision,
6814,142,-174.51,13.23,267.34,0.0000,0.0063,0,collision,
6815,108,-122.02,13.93,413.65,0.0000,0.0298,0,collision,
6816,70,-153.17,13.78,202.99,0.0286,0.0445,0,collision,
6817,367,202.21,7.70,1021.95,0.0000,0.0235,1,goal,
6818,46,-170.58,18.66,104.11,0.0119,0.0151,0,collision,
6819,76,-150.59,19.17,-141.79,0.0000,0.0245,0,collision,
6820,151,303.68,18.01,364.12,0.0000,0.0000,1,goal,
6821,125,-102.62,16.38,264.89,0.0160,0.0038,0,collision,
6822,222,304.13,10.27,882.58,0.0000,0.0000,1,goal,
6823,58,-159.55,11.42,137.29,0.0000,0.0011,0,collision,
6824,301,240.67,8.71,870.51,0.0000,0.0116,1,goal,
6825,107,102.98,22.24,-28.84,0.0000,0.0000,0,removed_unknown,
6826,14,-193.25,5.15,92.02,0.0000,0.0000,0,collision,
6827,257,-82.07,10.60,799.71,0.0000,0.0026,0,collision,
6828,212,-123.34,7.67,1103.81,0.0000,0.0000,0,collision,
6829,196,-152.06,10.28,346.55,0.0000,0.0079,0,collision,
6830,193,-110.48,10.80,869.12,0.0000,0.0283,0,collision,
6831,153,275.35,16.42,150.60,0.0000,0.0000,1,goal,
2501,224,-151.89,9.51,714.81,0.0089,0.0073,0,collision,
2502,224,-76.90,13.29,516.48,0.0089,0.0081,0,collision,
2503,136,298.23,16.39,46.72,0.0000,0.0042,1,goal,
2504,223,-128.27,11.72,501.90,0.0000,0.0462,0,collision,
2505,80,288.30,28.40,-228.46,0.0000,0.0099,1,goal,
2506,270,-156.27,7.57,818.86,0.0000,0.0074,0,collision,
2507,159,266.96,15.57,300.79,0.0000,0.0001,1,goal,
2508,58,-206.53,4.36,225.53,0.0000,0.0000,0,collision,
2509,184,290.02,12.18,349.12,0.0000,0.0141,1,goal,
2510,3,-199.63,2.08,9.94,0.6667,0.0000,0,collision,
6832,222,-159.96,10.05,706.40,0.0000,0.0567,0,collision,
6833,296,287.64,7.61,1261.02,0.0000,0.0066,1,goal,
6834,59,-206.03,5.03,187.12,0.0000,0.0000,0,collision,
6835,150,314.32,16.17,22.47,0.0000,0.0039,1,goal,
6836,171,-207.05,10.51,45.85,0.0117,0.0732,0,collision,
6837,80,-197.92,8.68,205.03,0.0250,0.2245,0,collision,
6838,292,281.97,8.45,986.29,0.0000,0.0012,1,goal,
6839,66,-135.98,20.96,-76.82,0.0162,0.0000,0,collision,
6840,296,-166.84,9.09,729.80,0.0000,0.0586,0,collision,
6841,68,-196.67,5.23,313.91,0.0294,0.0000,0,collision,
6842,285,273.76,8.93,936.81,0.0000,0.0000,1,goal,
6843,212,-99.82,11.52,551.89,0.0000,0.0690,0,collision,
6844,164,312.34,15.13,378.92,0.0000,0.0000,1,goal,
6845,352,243.04,6.48,1458.37,0.0000,0.0035,1,goal,
6846,287,286.07,8.83,1234.58,0.0000,0.0100,1,goal,
6847,4,-202.49,1.04,4.35,0.5000,0.0000,0,collision,
6848,178,-257.59,4.04,724.77,0.0000,0.1530,0,collision,
6849,5,-201.29,2.49,22.53,0.4000,0.1614,0,collision,
6850,184,324.87,15.43,411.02,0.0000,0.0582,1,goal,
6851,263,190.32,8.74,517.46,0.0000,0.0046,1,goal,
6852,68,-231.98,3.34,235.31,0.0294,0.2440,0,collision,
6853,175,-182.93,12.04,-44.65,0.0000,0.0930,0,collision,
6854,268,160.68,8.41,560.74,0.0000,0.0700,1,goal,
2511,52,-181.15,5.79,349.46,0.0385,0.0000,0,collision,
2512,152,-106.99,11.98,620.19,0.0000,0.0052,0,collision,
2513,2,-200.32,1.04,2.51,0.0000,0.0000,0,collision,
2514,43,-174.25,17.33,31.14,0.0000,0.0000,0,collision,
2515,200,319.50,12.24,716.39,0.0000,0.0006,1,goal,
2516,178,-94.36,14.29,438.18,0.0000,0.0526,0,collision,
2517,130,327.46,21.56,-20.91,0.0000,0.0000,1,goal,
2518,46,-164.81,15.09,70.45,0.0435,0.0000,0,collision,
2519,119,-144.84,11.29,79.09,0.0000,0.0140,0,collision,
2520,26,-182.97,9.15,239.06,0.0769,0.0000,0,collision,
6855,109,-155.32,10.57,279.05,0.0000,0.0000,0,collision,
6856,113,-120.68,15.64,-89.12,0.0177,0.0000,0,collision,
6857,269,263.01,8.56,813.58,0.0000,0.0062,1,goal,
6858,124,-167.20,14.52,238.32,0.0161,0.1474,0,collision,
6859,77,-143.94,16.01,-12.28,0.0260,0.0174,0,collision,
6860,107,-128.12,14.60,165.54,0.0187,0.0592,0,collision,
6861,317,162.58,7.62,697.42,0.0000,0.0000,1,goal,
6862,67,-136.14,22.88,-124.77,0.0000,0.0126,0,collision,
6863,85,291.94,26.86,-137.14,0.0000,0.0000,1,goal,
6864,57,-154.90,20.84,76.33,0.0351,0.0165,0,collision,
6865,121,293.68,18.47,-78.70,0.0000,0.0063,1,goal,
6866,34,-171.32,20.51,79.21,0.0588,0.0349,0,collision,
6867,152,-201.48,13.37,96.53,0.0000,0.0071,0,collision,
6868,186,-144.69,9.06,731.22,0.0108,0.0060,0,collision,
6869,172,296.61,13.12,432.02,0.0000,0.0313,1,goal,
6870,238,-92.34,11.65,695.13,0.0084,0.0485,0,collision,
6871,103,-194.13,8.22,310.01,0.0194,0.0292,0,collision,
6872,51,-177.36,11.36,128.18,0.0392,0.1513,0,collision,
6873,304,-223.72,5.36,1280.24,0.0000,0.0760,0,collision,
6874,78,-156.61,7.73,608.02,0.0000,0.0000,0,collision,
6875,174,-146.59,9.84,428.18,0.0000,0.0658,0,collision,
6876,2,-200.32,1.04,2.51,0.0000,0.0000,0,collision,
6877,322,244.94,7.91,1051.46,0.0000,0.0193,1,goal,
6878,57,-133.85,32.01,-68.22,0.0351,0.0172,0,collision,
6879,61,-163.59,18.19,55.26,0.0000,0.0137,0,collision,
6880,34,-180.88,10.43,139.14,0.0000,0.0823,0,collision,
6881,290,291.85,9.51,767.02,0.0000,0.0257,1,goal,
6882,24,-189.89,11.51,103.32,0.0000,0.0601,0,collision,
6883,142,-126.14,13.69,188.24,0.0141,0.0139,0,collision,
6884,100,-166.74,6.65,701.11,0.0200,0.0270,0,collision,
6885,70,-173.90,13.12,159.78,0.0286,0.0570,0,collision,
6886,120,-138.35,14.06,179.72,0.0167,0.0247,0,collision,
6887,36,-197.98,6.32,194.55,0.0000,0.2550,0,collision,
2521,126,-94.07,17.63,-70.17,0.0159,0.0186,0,collision,
2522,52,-162.12,11.82,251.69,0.0000,0.0343,0,collision,
2523,68,-197.56,4.83,346.99,0.0294,0.0289,0,collision,
2524,227,236.64,11.09,467.49,0.0000,0.0020,1,goal,
2525,9,-196.96,5.33,77.70,0.0000,0.0000,0,collision,
2526,8,-210.95,0.52,4.75,0.0000,0.2817,0,collision,
2527,99,-195.78,8.46,117.06,0.0202,0.1884,0,collision,
2528,206,340.32,11.87,1028.32,0.0000,0.0038,1,goal,
2529,192,-158.59,8.24,543.87,0.0072,0.0281,0,collision,
2530,60,-156.25,18.18,-98.77,0.0000,0.0145,0,collision,
6888,194,-319.25,7.92,236.47,0.0103,0.1234,0,collision,
6889,210,317.37,10.71,600.48,0.0000,0.0059,1,goal,
6890,47,-170.26,14.16,51.63,0.0426,0.0166,0,collision,
6891,46,-168.72,13.92,77.44,0.0000,0.0666,0,collision,
6892,5,-204.55,1.25,10.14,0.4000,0.1621,0,collision,
6893,78,-128.46,22.96,-120.98,0.0256,0.0380,0,collision,
6894,75,-162.67,13.90,3.05,0.0267,0.0226,0,collision,
6895,203,333.31,12.51,764.11,0.0000,0.0176,1,goal,
6896,257,258.84,10.20,368.82,0.0000,0.0000,1,goal,
6897,280,272.57,8.17,1097.87,0.0000,0.0000,1,goal,
6898,119,-189.24,8.49,210.83,0.0168,0.1835,0,collision,
6899,112,-210.41,4.01,454.90,0.0000,0.0000,0,collision,
6900,41,-165.05,20.42,87.84,0.0488,0.0000,0,collision,
6901,303,289.64,9.65,805.96,0.0000,0.0270,1,goal,
6902,191,301.62,11.36,791.56,0.0000,0.0209,1,goal,
6903,72,-185.29,9.33,235.36,0.0278,0.0204,0,collision,
6904,3,-199.63,2.08,9.94,0.0000,0.0000,0,collision,
6905,121,-168.51,10.23,176.82,0.0130,0.0016,0,collision,
6906,90,-177.75,9.89,111.18,0.0000,0.0106,0,collision,
6907,13,-196.25,5.03,80.99,0.0000,0.0000,0,collision,
6908,222,328.68,13.16,382.71,0.0000,0.0059,1,goal,
6909,225,246.16,10.09,346.34,0.0000,0.1195,1,goal,
6910,68,-193.98,7.86,74.95,0.0294,0.0596,0,collision,
6911,271,-81.47,9.88,963.88,0.0074,0.0084,0,collision,
6912,296,257.35,9.37,664.29,0.0000,0.0269,1,goal,
6913,211,-193.08,7.47,578.91,0.0095,0.0113,0,collision,
6914,68,-236.00,1.84,135.27,0.0000,0.0000,0,collision,
6915,260,-168.40,7.78,987.75,0.0000,0.0544,0,collision,
2531,83,-176.84,7.40,391.44,0.0241,0.0175,0,collision,
2532,83,-206.60,3.82,364.79,0.0241,0.0000,0,collision,
2533,123,-201.93,5.40,611.64,0.0163,0.1100,0,collision,
2534,215,335.31,10.54,1073.46,0.0000,0.0000,1,goal,
2535,43,-187.86,8.03,193.78,0.0465,0.0031,0,collision,
2536,109,-198.51,7.44,335.02,0.0183,0.1550,0,collision,
2537,131,-119.55,11.99,220.64,0.0000,0.0102,0,collision,
2538,131,327.60,20.73,-239.49,0.0000,0.0000,1,goal,
2539,236,299.49,11.80,341.82,0.0000,0.0000,1,goal,
2540,15,-205.39,2.64,62.38,0.0000,0.0000,0,collision,
6916,71,-234.46,9.67,146.98,0.0000,0.0275,0,collision,
6917,57,-164.78,14.99,162.49,0.0351,0.0440,0,collision,
6918,165,-107.25,12.54,374.85,0.0000,0.0096,0,collision,
6919,153,-217.72,4.98,714.88,0.0131,0.0011,0,collision,
6920,113,300.98,20.12,81.15,0.0000,0.0000,1,goal,
6921,3,-202.52,0.00,0.20,0.6667,0.0000,0,collision,
6922,174,-217.14,8.30,233.41,0.0000,0.0043,0,collision,
6923,82,281.49,26.27,-74.16,0.0000,0.0000,1,goal,
6924,251,-149.70,8.52,623.54,0.0000,0.0170,0,collision,
6925,37,-210.28,2.61,110.25,0.0541,0.0608,0,collision,
6926,211,-234.42,5.74,776.10,0.0095,0.0852,0,collision,
6927,163,-128.88,12.94,401.91,0.0123,0.1187,0,collision,
6928,266,277.62,10.53,397.21,0.0000,0.0390,1,goal,
6929,328,221.88,6.79,1428.50,0.0000,0.0000,1,goal,
6930,232,-154.62,9.13,523.17,0.0000,0.0443,0,collision,
6931,165,-93.78,15.08,115.98,0.0000,0.0068,0,collision,
6932,93,-216.90,5.41,296.95,0.0000,0.1116,0,collision,
6933,244,-84.09,11.68,423.12,0.0082,0.0053,0,collision,
6934,118,-151.56,11.29,253.54,0.0169,0.0000,0,collision,
6935,59,-206.35,4.24,252.03,0.0000,0.0006,0,collision,
6936,118,291.72,19.70,-44.03,0.0000,0.0000,1,goal,
6937,198,-180.87,5.72,1062.57,0.0101,0.0337,0,collision,
6938,229,-252.00,5.44,753.60,0.0000,0.1277,0,collision,
6939,190,284.36,12.93,730.25,0.0000,0.0029,1,goal,
6940,383,-169.51,7.00,1288.03,0.0052,0.0144,0,collision,
2541,299,224.55,8.21,840.73,0.0000,0.0302,1,goal,
2542,203,-191.37,6.95,586.47,0.0099,0.0000,0,collision,
2543,254,244.38,9.67,493.31,0.0000,0.0034,1,goal,
2544,259,-232.71,6.28,698.27,0.0077,0.0527,0,collision,
2545,98,-126.56,17.03,7.95,0.0204,0.0000,0,collision,
2546,289,-245.86,4.95,1280.76,0.0000,0.0374,0,collision,
2547,305,-282.30,5.90,667.32,0.0000,0.1618,0,collision,
2548,248,290.29,10.14,886.47,0.0000,0.0100,1,goal,
2549,22,-189.13,8.33,202.19,0.0909,0.0000,0,collision,
2550,174,-165.69,7.82,752.03,0.0115,0.0000,0,collision,
6941,32,-210.87,3.97,144.41,0.0625,0.0025,0,collision,
6942,44,-168.09,15.47,105.25,0.0000,0.0000,0,collision,
6943,27,-186.40,9.56,144.59,0.0741,0.0218,0,collision,
6944,31,-204.85,3.60,168.41,0.0645,0.0480,0,collision,
6945,149,-83.52,18.72,-121.09,0.0000,0.0267,0,collision,
6946,95,-184.41,8.74,99.08,0.0211,0.0053,0,collision,
6947,12,-196.97,4.99,85.77,0.0000,0.0000,0,collision,
6948,179,-167.30,8.67,596.09,0.0000,0.0570,0,collision,
6949,217,-122.29,7.83,1065.11,0.0000,0.0000,0,collision,
6950,291,292.64,10.09,734.15,0.0000,0.0148,1,goal,
6951,138,-109.68,15.70,220.21,0.0000,0.0038,0,collision,
6952,9,-199.61,3.15,44.84,0.0000,0.0000,0,collision,
6953,220,289.03,12.87,539.23,0.0000,0.0148,1,goal,
6954,45,-184.34,6.98,332.69,0.0444,0.0000,0,collision,
6955,36,-212.29,4.01,171.55,0.0556,0.0325,0,collision,
6956,170,-217.97,4.43,717.74,0.0000,0.0063,0,collision,
6957,315,229.75,8.83,989.77,0.0000,0.0643,1,goal,
6958,90,-210.56,3.76,386.75,0.0222,0.0050,0,collision,
6959,120,-187.38,8.68,306.08,0.0167,0.0095,0,collision,
6960,40,-214.76,2.54,113.49,0.0500,0.0101,0,collision,
6961,128,-181.52,7.22,457.94,0.0154,0.0203,0,collision,
6962,503,168.14,5.48,1972.63,0.0000,0.0113,1,goal,
6963,48,-204.47,6.54,149.17,0.0417,0.0000,0,collision,
6964,144,-204.77,8.39,540.41,0.0000,0.0274,0,collision,
6965,94,-216.12,4.12,463.26,0.0213,0.0000,0,collision,
6966,506,117.51,5.71,1217.17,0.0000,0.0186,1,goal,
6967,203,-278.03,5.25,467.50,0.0000,0.1147,0,collision,
6968,47,-164.99,14.14,39.54,0.0000,0.0532,0,collision,
6969,122,-232.37,5.84,427.75,0.0164,0.0000,0,collision,
2551,13,-211.14,1.17,17.33,0.0000,0.1187,0,collision,
2552,412,212.85,7.29,872.89,0.0000,0.0103,1,goal,
2553,91,-194.76,7.46,234.14,0.0220,0.0000,0,collision,
2554,203,-173.65,5.36,1064.22,0.0000,0.0079,0,collision,
2555,7,-200.32,3.26,41.98,0.2857,0.0000,0,collision,
2556,334,-259.02,5.56,1068.62,0.0060,0.0094,0,collision,
2557,154,-245.90,4.31,506.14,0.0130,0.1725,0,collision,
2558,68,-142.76,18.69,-162.92,0.0000,0.0377,0,collision,
2559,240,-270.74,5.74,392.29,0.0083,0.0867,0,collision,
2560,236,293.98,9.94,771.11,0.0000,0.0000,1,goal,
6970,80,-180.28,11.18,141.01,0.0250,0.0000,0,collision,
6971,32,-218.21,1.95,67.91,0.0625,0.0000,0,collision,
6972,187,-240.76,3.22,687.13,0.0000,0.0152,0,collision,
6973,274,280.46,8.45,933.04,0.0000,0.0000,1,goal,
6974,128,-175.84,10.94,65.39,0.0000,0.0929,0,collision,
6975,455,16.34,3.99,1458.34,0.0000,0.1120,1,goal,
6976,68,-180.63,5.64,341.84,0.0294,0.0000,0,collision,
6977,576,186.31,5.10,2698.67,0.0000,0.0024,1,goal,
6978,452,151.26,6.21,1323.67,0.0000,0.0400,1,goal,
6979,364,280.29,7.60,1446.99,0.0000,0.0033,1,goal,
6980,190,-161.02,10.16,547.93,0.0000,0.0123,0,collision,
6981,132,-222.45,4.77,452.81,0.0152,0.0301,0,collision,
6982,364,-209.06,6.53,1068.46,0.0055,0.0083,0,collision,
6983,280,-173.96,9.68,470.91,0.0071,0.0226,0,collision,
6984,241,292.46,9.59,880.47,0.0000,0.0000,1,goal,
6985,325,177.57,7.44,1102.61,0.0000,0.0194,1,goal,
2561,469,175.89,5.07,2099.28,0.0000,0.0036,1,goal,
2562,331,252.10,8.29,1085.29,0.0000,0.0025,1,goal,
2563,163,-229.82,5.11,731.01,0.0000,0.1307,0,collision,
2564,203,319.28,11.88,831.45,0.0000,0.0379,1,goal,
2565,2,-201.09,1.04,2.51,0.0000,0.4889,0,collision,
2566,27,-190.99,8.13,135.26,0.0000,0.0517,0,collision,
2567,188,-174.43,7.24,815.94,0.0106,0.1209,0,collision,
2568,105,-190.67,9.20,237.54,0.0000,0.0176,0,collision,
2569,64,-204.22,6.16,324.84,0.0000,0.2634,0,collision,
2570,367,228.38,6.98,1341.02,0.0000,0.0236,1,goal,
6986,25,-222.87,1.86,59.66,0.0000,0.0000,0,collision,
6987,177,-139.74,10.15,411.88,0.0113,0.0085,0,collision,
6988,231,315.67,9.85,994.07,0.0000,0.0000,1,goal,
6989,234,-169.34,7.84,561.92,0.0000,0.0339,0,collision,
6990,8,-208.09,0.78,5.63,0.2500,0.0000,0,collision,
6991,50,-199.31,5.83,327.75,0.0000,0.0438,0,collision,
6992,175,-153.31,8.96,490.49,0.0114,0.0068,0,collision,
6993,158,-137.97,13.36,70.62,0.0127,0.0075,0,collision,
6994,281,-146.27,6.99,1383.83,0.0000,0.0344,0,collision,
6995,6,-197.34,5.19,63.27,0.0000,0.0000,0,collision,
6996,72,-258.73,3.12,261.32,0.0278,0.3520,0,collision,
6997,78,-216.18,3.52,337.53,0.0000,0.0280,0,collision,
6998,310,-195.45,7.13,847.92,0.0065,0.0906,0,collision,
6999,103,-142.68,14.77,-14.48,0.0194,0.0000,0,collision,
7000,263,198.12,9.37,254.04,0.0000,0.0240,1,goal,
7001,70,-200.45,4.38,311.68,0.0286,0.0120,0,collision,
7002,85,-129.92,15.86,201.58,0.0000,0.0067,0,collision,
7003,192,-213.10,8.82,192.37,0.0000,0.0080,0,collision,
7004,303,-229.22,5.85,736.75,0.0066,0.0280,0,collision,
7005,13,-213.16,0.89,11.85,0.1538,0.0000,0,collision,
7006,123,-120.74,16.80,78.02,0.0000,0.0102,0,collision,
7007,194,-158.80,9.43,502.55,0.0000,0.0066,0,collision,
7008,8,-209.33,0.52,3.99,0.2500,0.0000,0,collision,
7009,57,-148.63,23.08,-45.36,0.0351,0.0000,0,collision,
7010,276,234.34,10.01,777.45,0.0000,0.1038,1,goal,
7011,11,-205.05,1.84,22.02,0.1818,0.0000,0,collision,
7012,130,315.10,21.71,-114.76,0.0000,0.0097,1,goal,
7013,134,-115.07,13.60,276.92,0.0000,0.0231,0,collision,
7014,41,-179.14,9.52,179.43,0.0000,0.0000,0,collision,
7015,211,226.72,13.31,41.04,0.0000,0.0000,1,goal,
2571,144,-197.55,5.76,818.38,0.0139,0.0757,0,collision,
2572,255,-159.40,7.16,1256.26,0.0000,0.0066,0,collision,
2573,386,138.93,6.68,702.17,0.0000,0.0032,1,goal,
2574,230,296.63,12.46,226.33,0.0000,0.0039,1,goal,
2575,168,311.39,16.11,313.90,0.0000,0.0057,1,goal,
2576,92,-215.38,4.39,366.13,0.0000,0.0536,0,collision,
2577,198,-111.23,10.89,426.65,0.0101,0.0093,0,collision,
2578,105,301.14,24.28,-248.18,0.0000,0.0027,1,goal,
2579,168,-203.69,8.63,354.13,0.0119,0.2505,0,collision,
2580,240,286.82,9.62,1002.33,0.0000,0.0022,1,goal,
7016,215,-150.43,15.95,215.59,0.0000,0.0101,0,collision,
7017,97,-184.75,6.64,534.59,0.0000,0.0337,0,collision,
7018,211,281.81,10.60,659.05,0.0000,0.0067,1,goal,
7019,160,-216.28,4.55,644.46,0.0125,0.0023,0,collision,
7020,4,-202.94,0.52,2.71,0.5000,0.0000,0,collision,
7021,36,-199.57,4.30,191.38,0.0000,0.0000,0,collision,
7022,216,260.84,10.44,552.30,0.0000,0.0176,1,goal,
7023,177,-135.60,9.80,464.46,0.0000,0.0179,0,collision,
7024,220,-180.24,6.32,795.37,0.0000,0.0117,0,collision,
7025,218,317.79,13.13,606.50,0.0000,0.0246,1,goal,
7026,266,-224.33,5.95,1082.88,0.0000,0.0701,0,collision,
7027,142,-147.20,13.43,216.92,0.0141,0.0185,0,collision,
7028,354,176.86,7.89,684.88,0.0000,0.0316,1,goal,
7029,238,290.37,10.69,709.75,0.0000,0.0000,1,goal,
7030,7,-205.33,0.89,6.30,0.0000,0.0000,0,collision,
7031,365,169.89,6.13,1133.01,0.0000,0.0000,1,goal,
7032,10,-203.41,1.96,24.98,0.0000,0.0000,0,collision,
7033,140,-170.29,7.51,530.64,0.0000,0.0000,0,collision,
7034,128,-183.76,8.43,358.32,0.0156,0.0133,0,collision,
7035,208,300.66,11.33,786.36,0.0000,0.0023,1,goal,
7036,234,260.83,10.25,521.10,0.0000,0.0000,1,goal,
7037,83,-202.03,6.24,346.79,0.0000,0.1567,0,collision,
7038,217,288.69,10.34,711.11,0.0000,0.0000,1,goal,
7039,219,302.37,10.27,633.24,0.0000,0.0000,1,goal,
2581,182,310.94,14.33,449.27,0.0000,0.0000,1,goal,
2582,60,-146.64,23.40,6.91,0.0333,0.0132,0,collision,
2583,151,-101.86,14.17,130.61,0.0000,0.0350,0,collision,
2584,169,307.82,16.02,276.02,0.0000,0.0000,1,goal,
2585,196,-196.03,6.68,606.64,0.0000,0.0648,0,collision,
2586,71,287.64,33.10,80.34,0.0000,0.0000,1,goal,
2587,85,96.19,30.67,6.63,0.0000,0.0002,0,removed_unknown,
2588,121,289.50,20.86,3.62,0.0000,0.0000,1,goal,
2589,2,-201.66,0.00,0.10,0.0000,0.0000,0,collision,
2590,27,-207.02,6.01,84.46,0.0397,0.0914,0,collision,
7040,134,-223.65,7.84,987.02,0.0000,0.0000,0,collision,
7041,24,-206.66,2.98,88.54,0.0833,0.0000,0,collision,
7042,69,-164.74,14.57,122.72,0.0290,0.0214,0,collision,
7043,285,-141.75,7.85,1020.03,0.0070,0.0138,0,collision,
7044,259,254.08,8.64,782.52,0.0000,0.0019,1,goal,
7045,54,-147.17,24.85,-113.90,0.0000,0.0209,0,collision,
7046,60,-200.78,4.82,284.04,0.0333,0.0553,0,collision,
7047,99,-194.72,6.35,409.87,0.0000,0.0468,0,collision,
7048,82,-171.84,6.43,471.46,0.0000,0.0000,0,collision,
7049,8,-203.46,1.70,17.80,0.0000,0.0000,0,collision,
7050,254,135.11,11.67,985.25,0.0000,0.0015,0,removed_unknown,
7051,244,251.24,10.25,672.63,0.0000,0.0125,1,goal,
7052,345,229.62,8.28,820.78,0.0000,0.0099,1,goal,
7053,284,321.30,9.14,1107.44,0.0000,0.0026,1,goal,
7054,169,332.24,18.82,-227.19,0.0000,0.0035,1,goal,
7055,304,-107.91,8.11,1241.13,0.0066,0.0000,0,collision,
7056,138,264.55,13.86,479.76,0.0000,0.0000,1,goal,
7057,92,-153.07,12.86,102.91,0.0000,0.0244,0,collision,
7058,146,-100.36,18.65,33.08,0.0137,0.0026,0,collision,
7059,200,298.01,11.87,436.56,0.0000,0.0129,1,goal,
7060,139,297.76,17.76,-133.45,0.0000,0.0110,1,goal,
7061,84,-148.43,16.87,-125.33,0.0000,0.0126,0,collision,
7062,84,-164.81,12.84,36.51,0.0000,0.0196,0,collision,
7063,241,304.62,10.70,780.16,0.0000,0.0011,1,goal,
7064,184,319.41,12.30,573.80,0.0000,0.0359,1,goal,
7065,104,295.38,22.11,-143.14,0.0000,0.0010,1,goal,
7066,3,-201.58,0.69,2.61,0.0000,0.0000,0,collision,
2591,169,-206.12,4.99,872.46,0.0000,0.0723,0,collision,
2592,139,-205.24,4.67,706.34,0.0144,0.0793,0,collision,
2593,35,-201.56,7.30,146.47,0.0000,0.0199,0,collision,
2594,140,-97.95,13.63,739.52,0.0000,0.0094,0,collision,
2595,67,-141.73,24.36,-7.90,0.0299,0.0159,0,collision,
2596,224,-103.93,11.26,580.93,0.0089,0.0378,0,collision,
2597,375,234.49,8.15,986.80,0.0000,0.0212,1,goal,
2598,56,-165.79,14.15,82.25,0.0000,0.0169,0,collision,
2599,32,-174.94,14.88,103.52,0.0625,0.0265,0,collision,
2600,176,-86.37,15.20,312.20,0.0000,0.0200,0,collision,
7067,22,-212.83,2.07,50.40,0.0909,0.0441,0,collision,
7068,61,-175.68,16.90,9.69,0.0000,0.0193,0,collision,
7069,115,-153.08,9.69,463.26,0.0000,0.0178,0,collision,
7070,44,-159.42,23.21,-22.34,0.0455,0.0161,0,collision,
7071,89,-179.13,11.22,217.78,0.0225,0.0106,0,collision,
7072,228,298.31,12.61,458.33,0.0000,0.0000,1,goal,
7073,122,-132.35,12.40,196.31,0.0000,0.0476,0,collision,
7074,23,-211.53,1.86,51.01,0.0000,0.0000,0,collision,
7075,1,-200.00,0.00,0.00,0.0000,0.0000,0,collision,
7076,150,-96.39,14.07,584.34,0.0019,0.0172,0,collision,
7077,98,-136.18,15.21,155.07,0.0000,0.0053,0,collision,
7078,67,-159.05,12.46,145.63,0.0299,0.0235,0,collision,
7079,84,-137.93,16.22,38.67,0.0000,0.0159,0,collision,
7080,129,250.14,19.23,18.49,0.0000,0.0000,1,goal,
7081,91,-177.26,7.72,435.12,0.0000,0.0000,0,collision,
7082,73,-144.86,18.20,166.10,0.0274,0.0059,0,collision,
7083,2,-200.32,1.04,2.51,0.0000,0.0000,0,collision,
7084,7,-198.30,4.45,63.37,0.2857,0.0000,0,collision,
7085,150,-215.33,4.63,762.09,0.0133,0.1117,0,collision,
7086,99,90.76,24.46,57.85,0.0000,0.0000,0,removed_unknown,
7087,92,-143.27,12.98,309.89,0.0217,0.0121,0,collision,
7088,142,-157.96,8.34,702.72,0.0000,0.0371,0,collision,
7089,302,253.74,10.28,642.00,0.0000,0.0991,1,goal,
7090,172,331.42,15.97,234.63,0.0000,0.0000,1,goal,
7091,118,-111.82,15.93,164.05,0.0169,0.0073,0,collision,
7092,152,-240.02,7.27,313.28,0.0132,0.2386,0,collision,
7093,19,-198.23,5.62,128.77,0.0000,0.0000,0,collision,
7094,36,-176.91,18.21,25.16,0.0000,0.0297,0,collision,
7095,117,-178.55,8.44,340.61,0.0171,0.0249,0,collision,
7096,225,-110.10,9.58,741.96,0.0000,0.0000,0,collision,
7097,119,303.43,19.72,-22.72,0.0000,0.0000,1,goal,
7098,52,-153.50,21.97,-35.90,0.0385,0.0336,0,collision,
7099,72,-189.87,8.38,222.12,0.0278,0.2550,0,collision,
7100,61,-137.53,25.23,-102.46,0.0000,0.0000,0,collision,
7101,292,237.32,9.30,692.45,0.0000,0.0056,1,goal,
7102,108,-172.65,8.13,465.09,0.0054,0.0898,0,collision,
7103,155,-199.67,4.64,730.40,0.0000,0.0270,0,collision,
7104,65,-175.28,10.19,78.85,0.0308,0.0221,0,collision,
7105,56,-164.13,15.18,-48.06,0.0357,0.0537,0,collision,
2601,444,-274.37,6.53,1134.58,0.0000,0.0045,0,collision,
2602,195,-225.94,7.07,463.02,0.0103,0.0000,0,collision,
2603,41,-192.54,6.80,259.77,0.0000,0.0000,0,collision,
2604,442,155.15,6.26,1433.20,0.0000,0.0011,1,goal,
2605,117,-255.03,2.60,335.36,0.0000,0.0367,0,collision,
2606,59,-176.69,10.12,164.23,0.0000,0.0326,0,collision,
2607,161,-211.32,5.10,619.08,0.0124,0.0479,0,collision,
2608,84,-177.96,9.41,132.90,0.0000,0.0447,0,collision,
2609,292,185.47,8.19,360.81,0.0000,0.0000,1,goal,
2610,320,262.14,7.60,1162.77,0.0000,0.0010,1,goal,
7106,288,-354.95,6.38,565.83,0.0069,0.1428,0,collision,
7107,28,-239.09,0.71,19.92,0.0714,0.7049,0,collision,
7108,179,-99.83,12.51,650.79,0.0112,0.0078,0,collision,
7109,3,-201.93,0.79,1.74,0.5314,0.0000,0,collision,
7110,246,284.47,10.70,605.17,0.0000,0.0040,1,goal,
7111,16,-197.88,4.10,83.30,0.0000,0.0000,0,collision,
7112,1,-200.00,0.00,0.00,0.0000,0.0000,0,collision,
7113,41,-179.70,7.97,185.19,0.0000,0.0813,0,collision,
7114,181,341.43,15.10,269.34,0.0000,0.0036,1,goal,
7115,202,283.75,13.04,435.28,0.0000,0.0361,1,goal,
7116,198,-204.47,12.81,36.66,0.0000,0.0024,0,collision,
7117,42,-193.10,4.78,230.29,0.0476,0.0000,0,collision,
7118,70,-178.69,13.58,20.49,0.0286,0.0143,0,collision,
7119,294,-218.25,4.26,1362.33,0.0000,0.0000,0,collision,
7120,364,-166.86,7.50,1174.29,0.0000,0.0140,0,collision,
7121,108,-105.07,19.75,-127.33,0.0000,0.0000,0,collision,
7122,258,-87.68,10.43,877.31,0.0000,0.0010,0,collision,
7123,40,-205.86,8.03,141.99,0.0000,0.0000,0,collision,
7124,231,-199.80,6.81,626.25,0.0087,0.0086,0,collision,
7125,100,-217.23,6.72,115.79,0.0200,0.0270,0,collision,
7126,415,184.45,6.07,1342.18,0.0000,0.0038,1,goal,
7127,276,200.18,9.37,493.57,0.0000,0.1325,1,goal,
7128,132,279.07,17.38,4.94,0.0000,0.0037,1,goal,
7129,80,-144.79,17.92,112.22,0.0250,0.0000,0,collision,
7130,205,-229.45,9.24,185.23,0.0098,0.0170,0,collision,
7131,128,-237.70,5.27,372.25,0.0125,0.1010,0,collision,
7132,67,-198.25,5.07,379.89,0.0299,0.0283,0,collision,
2611,327,162.90,6.06,921.15,0.0000,0.0039,1,goal,
2612,391,144.50,6.44,1057.15,0.0000,0.0625,1,goal,
2613,120,-100.42,20.82,61.25,0.0167,0.0076,0,collision,
2614,120,-307.15,1.51,199.71,0.0000,0.2585,0,collision,
2615,125,312.50,19.63,-198.28,0.0000,0.0000,1,goal,
2616,35,-222.15,1.78,70.34,0.0000,0.1105,0,collision,
2617,347,275.30,7.22,1646.85,0.0000,0.0004,1,goal,
2618,96,-187.89,6.49,356.35,0.0000,0.0321,0,collision,
2619,480,149.07,5.19,1905.11,0.0000,0.0185,1,goal,
2620,223,182.74,10.34,344.20,0.0000,0.0000,1,goal,
7133,9,-200.01,2.66,36.18,0.0000,0.0000,0,collision,
7134,266,252.94,8.41,638.72,0.0000,0.0145,1,goal,
7135,284,239.85,9.84,508.51,0.0000,0.0000,1,goal,
7136,353,-369.02,3.38,1324.30,0.0057,0.0980,0,collision,
7137,369,187.70,6.55,1243.46,0.0000,0.0085,1,goal,
7138,16,-204.37,2.66,47.44,0.1250,0.0597,0,collision,
7139,3,-202.08,0.69,2.61,0.0000,0.0000,0,collision,
7140,327,-221.03,5.69,960.17,0.0000,0.0000,0,collision,
7141,81,-262.46,1.53,135.95,0.0000,0.1888,0,collision,
7142,274,209.31,8.25,834.07,0.0000,0.0022,1,goal,
7143,405,146.69,6.37,1205.45,0.0000,0.0016,1,goal,
7144,58,-163.82,11.21,238.22,0.0000,0.0557,0,collision,
7145,33,-188.38,12.44,83.49,0.0606,0.0000,0,collision,
7146,174,-195.36,8.01,261.86,0.0000,0.0116,0,collision,
7147,237,282.16,11.97,724.88,0.0000,0.0123,1,goal,
7148,110,-185.07,8.94,288.70,0.0182,0.0013,0,collision,
7149,209,-84.78,10.10,887.78,0.0096,0.0107,0,collision,
7150,238,258.51,10.86,426.87,0.0000,0.0293,1,goal,
7151,171,-179.06,7.82,383.07,0.0000,0.0165,0,collision,
7152,272,276.82,9.34,841.88,0.0000,0.0000,1,goal,
7153,48,-193.64,5.78,289.20,0.0417,0.0084,0,collision,
7154,9,-199.49,3.57,40.68,0.1525,0.0000,0,collision,
7155,72,-207.99,7.63,73.25,0.0000,0.1674,0,collision,
2621,65,-159.76,18.08,17.63,0.0000,0.0090,0,collision,
2622,47,-180.23,10.12,141.82,0.0000,0.0457,0,collision,
2623,134,-105.26,15.93,145.19,0.0149,0.0000,0,collision,
2624,186,-232.35,11.34,-68.95,0.0000,0.0175,0,collision,
2625,7,-198.14,3.33,26.58,0.0000,0.0000,0,collision,
2626,262,328.28,10.89,805.39,0.0000,0.0005,1,goal,
2627,172,-119.98,12.15,223.17,0.0000,0.0161,0,collision,
2628,69,-204.18,4.35,344.18,0.0290,0.0000,0,collision,
2629,191,323.51,14.94,491.17,0.0000,0.0397,1,goal,
2630,72,-184.60,6.67,344.03,0.0000,0.0497,0,collision,
7156,218,-312.12,5.52,605.54,0.0092,0.0745,0,collision,
7157,288,226.74,8.01,962.05,0.0000,0.0229,1,goal,
7158,85,-150.48,9.87,488.16,0.0235,0.0194,0,collision,
7159,63,-158.04,10.52,308.81,0.0000,0.0262,0,collision,
7160,182,263.12,12.44,243.06,0.0000,0.0078,1,goal,
7161,159,116.01,17.47,204.71,0.0000,0.0000,0,removed_unknown,
7162,69,-142.94,17.67,155.04,0.0000,0.0134,0,collision,
7163,279,-171.50,10.04,243.84,0.0072,0.0852,0,collision,
7164,311,310.45,9.20,1383.75,0.0000,0.0186,1,goal,
7165,274,292.28,10.53,933.28,0.0000,0.0449,1,goal,
7166,95,-123.75,17.14,39.53,0.0211,0.0054,0,collision,
7167,218,304.29,12.24,357.76,0.0000,0.0000,1,goal,
7168,54,-157.25,22.49,-18.03,0.0370,0.0000,0,collision,
7169,34,-206.57,2.94,120.07,0.0588,0.0000,0,collision,
7170,137,-183.86,9.86,505.75,0.0000,0.0000,0,collision,
7171,162,-106.24,12.66,241.54,0.0123,0.0086,0,collision,
7172,44,-217.87,2.97,169.18,0.0000,0.0391,0,collision,
7173,102,-170.35,15.32,161.64,0.0000,0.1813,0,collision,
7174,188,-146.87,8.45,1051.93,0.0000,0.0435,0,collision,
7175,27,-181.53,9.19,332.42,0.0741,0.0000,0,collision,
7176,126,-259.08,4.69,244.98,0.0000,0.0042,0,collision,
7177,178,294.31,12.67,278.10,0.0000,0.0013,1,goal,
7178,168,-174.43,8.53,632.11,0.0000,0.0451,0,collision,
7179,49,-187.75,8.96,175.45,0.0408,0.0665,0,collision,
7180,230,298.56,10.27,634.26,0.0000,0.0033,1,goal,
7181,57,-151.78,19.81,-31.23,0.0000,0.0257,0,collision,
7182,40,-163.45,18.65,0.92,0.0037,0.0000,0,collision,
7183,102,-193.22,6.50,260.53,0.0196,0.0870,0,collision,
7184,74,-204.53,4.59,319.23,0.0270,0.0913,0,collision,
7185,55,-175.48,11.61,145.51,0.0000,0.0178,0,collision,
7186,104,297.43,23.00,-219.80,0.0000,0.0000,1,goal,
2631,128,-169.78,11.59,330.96,0.0000,0.0145,0,collision,
2632,45,-202.84,4.19,238.44,0.0000,0.1291,0,collision,
2633,142,-141.00,12.18,292.19,0.0000,0.0086,0,collision,
2634,167,-167.93,7.86,585.86,0.0120,0.0121,0,collision,
2635,269,228.76,7.64,881.28,0.0000,0.0188,1,goal,
2636,179,-147.02,10.73,437.65,0.0000,0.0433,0,collision,
2637,24,-186.93,10.24,187.45,0.0000,0.0551,0,collision,
2638,21,-188.94,12.06,59.21,0.0000,0.0184,0,collision,
2639,144,-198.68,9.41,124.29,0.0000,0.1608,0,collision,
2640,69,-206.89,4.19,330.44,0.0000,0.0424,0,collision,
7187,51,-219.34,5.00,326.79,0.0392,0.0000,0,collision,
7188,143,-222.16,4.32,512.71,0.0000,0.0000,0,collision,
7189,188,-221.44,6.32,588.98,0.0106,0.1290,0,collision,
7190,355,204.79,6.98,1076.43,0.0000,0.0022,1,goal,
7191,279,280.97,10.01,567.80,0.0000,0.0065,1,goal,
7192,144,-144.36,9.47,726.95,0.0000,0.0101,0,collision,
7193,135,-226.72,7.75,318.35,0.0148,0.2747,0,collision,
7194,109,-134.19,12.32,91.76,0.0183,0.0000,0,collision,
7195,216,-161.05,13.71,339.11,0.0000,0.0026,0,collision,
7196,132,-165.80,9.03,576.57,0.0000,0.0216,0,collision,
7197,297,273.38,7.92,896.46,0.0000,0.0000,1,goal,
7198,117,-224.29,3.99,503.17,0.0000,0.0102,0,collision,
7199,134,322.03,22.54,139.20,0.0000,0.0000,1,goal,
7200,218,-113.15,9.60,1018.54,0.0000,0.0527,0,collision,
7201,139,-183.80,5.71,887.52,0.0144,0.0000,0,collision,
7202,203,259.32,11.49,286.47,0.0000,0.0000,1,goal,
7203,67,-214.96,3.61,274.65,0.0000,0.0807,0,collision,
7204,25,-186.50,8.25,151.18,0.0800,0.0000,0,collision,
7205,87,-203.97,8.30,-0.39,0.0000,0.0000,0,collision,
7206,6,-199.30,2.61,19.16,0.0000,0.0000,0,collision,
7207,202,309.00,14.52,-22.29,0.0000,0.0222,1,goal,
7208,52,-196.93,5.34,196.86,0.0000,0.0782,0,collision,
7209,226,316.33,10.32,939.29,0.0000,0.0000,1,goal,
7210,306,-227.11,7.00,912.56,0.0065,0.0000,0,collision,
7211,85,-174.31,6.63,658.47,0.0235,0.0969,0,collision,
7212,172,323.77,16.67,236.05,0.0000,0.0000,1,goal,
2641,18,-195.74,5.45,117.35,0.0000,0.0000,0,collision,
2642,348,222.78,6.65,1156.35,0.0000,0.0093,1,goal,
2643,345,275.18,8.27,1368.39,0.0000,0.0076,1,goal,
2644,331,217.76,7.10,1185.97,0.0000,0.0148,1,goal,
2645,153,-323.02,3.06,230.86,0.0000,0.2578,0,collision,
2646,229,-130.89,10.05,454.25,0.0087,0.0073,0,collision,
2647,142,-161.74,8.88,592.03,0.0000,0.0000,0,collision,
2648,94,-110.63,19.98,-214.55,0.0213,0.0000,0,collision,
2649,349,195.94,7.93,916.38,0.0000,0.0111,1,goal,
2650,269,322.49,9.08,1193.05,0.0000,0.0536,1,goal,
7213,222,-329.72,5.17,958.36,0.0000,0.0236,0,collision,
7214,164,-165.12,9.19,364.89,0.0122,0.0310,0,collision,
7215,17,-202.22,3.08,64.75,0.0000,0.0000,0,collision,
7216,189,224.47,12.75,124.81,0.0000,0.0187,1,goal,
7217,249,-177.58,6.52,825.51,0.0000,0.0000,0,collision,
7218,2,-201.66,0.00,0.10,0.0000,0.0000,0,collision,
7219,103,-191.88,6.28,511.52,0.0000,0.1134,0,collision,
7220,105,-223.72,6.61,396.92,0.0190,0.1338,0,collision,
7221,308,254.92,9.13,894.20,0.0000,0.0039,1,goal,
7222,346,-184.75,5.79,1356.54,0.0000,0.0054,0,collision,
7223,65,-231.62,2.09,150.63,0.0308,0.0000,0,collision,
7224,105,-181.04,8.24,432.00,0.0190,0.0000,0,collision,
7225,294,-139.22,9.70,402.88,0.0068,0.0088,0,collision,
7226,226,269.97,11.48,454.45,0.0000,0.0562,1,goal,
7227,313,237.09,7.93,1074.91,0.0000,0.0407,1,goal,
7228,185,-256.03,3.14,646.84,0.0108,0.0000,0,collision,
7229,244,-199.04,7.33,821.96,0.0000,0.0755,0,collision,
7230,22,-206.22,3.93,103.50,0.0000,0.2194,0,collision,
7231,251,317.97,10.84,751.46,0.0000,0.0085,1,goal,
7232,89,-200.37,7.87,246.58,0.0000,0.0000,0,collision,
7233,297,-219.63,7.05,535.47,0.0000,0.0199,0,collision,
7234,212,-181.90,7.29,807.74,0.0094,0.0777,0,collision,
2651,137,298.70,17.44,83.59,0.0000,0.0053,1,goal,
2652,168,310.11,16.93,188.74,0.0000,0.0000,1,goal,
2653,266,185.45,9.45,465.23,0.0000,0.0000,1,goal,
2654,68,-180.25,9.58,233.37,0.0000,0.0683,0,collision,
2655,5,-204.25,0.83,4.45,0.4000,0.0000,0,collision,
2656,44,-175.11,8.05,312.79,0.0000,0.0507,0,collision,
2657,222,-122.35,9.44,661.29,0.0000,0.0194,0,collision,
2658,297,291.68,8.33,1683.45,0.0000,0.0433,1,goal,
2659,184,-199.02,4.34,889.46,0.0000,0.0000,0,collision,
2660,154,292.66,14.33,352.71,0.0000,0.0000,1,goal,
7235,114,-171.37,11.71,124.11,0.0000,0.0081,0,collision,
7236,146,-209.06,5.44,546.20,0.0137,0.0169,0,collision,
7237,120,-111.51,12.58,385.26,0.0167,0.0000,0,collision,
7238,42,-175.14,15.28,63.98,0.0000,0.0267,0,collision,
7239,323,186.24,7.18,799.65,0.0000,0.0051,1,goal,
7240,318,-198.93,6.90,972.66,0.0000,0.0695,0,collision,
7241,96,-226.14,3.51,392.44,0.0000,0.0000,0,collision,
7242,36,-173.49,16.44,118.99,0.0556,0.0270,0,collision,
7243,190,290.37,13.50,186.06,0.0000,0.0000,1,goal,
7244,288,246.29,9.78,745.51,0.0000,0.0515,1,goal,
7245,212,-199.97,5.25,851.02,0.0000,0.0000,0,collision,
7246,21,-210.16,1.93,46.77,0.0000,0.0000,0,collision,
7247,381,147.14,6.54,1247.10,0.0000,0.0207,1,goal,
7248,112,289.43,22.47,-74.10,0.0000,0.0000,1,goal,
7249,252,286.05,10.33,703.81,0.0000,0.0023,1,goal,
7250,79,285.37,30.05,-107.50,0.0000,0.0000,1,goal,
7251,184,316.70,12.69,435.56,0.0000,0.0217,1,goal,
7252,61,-140.43,24.77,-58.19,0.0328,0.0149,0,collision,
7253,138,305.93,17.78,32.16,0.0000,0.0000,1,goal,
7254,283,-161.16,6.23,1217.68,0.0000,0.0122,0,collision,
7255,260,-210.04,7.72,746.45,0.0077,0.0109,0,collision,
7256,266,271.99,10.86,433.67,0.0000,0.0003,1,goal,
2661,53,-196.79,6.30,342.45,0.0377,0.1004,0,collision,
2662,183,220.71,12.21,224.52,0.0000,0.0049,1,goal,
2663,67,-174.09,10.65,309.35,0.0299,0.0146,0,collision,
2664,113,-175.93,6.06,527.08,0.0000,0.0286,0,collision,
2665,55,-157.75,15.24,83.69,0.0000,0.0300,0,collision,
2666,82,-122.78,22.45,-50.68,0.0244,0.0000,0,collision,
2667,31,-182.17,14.63,43.98,0.0000,0.0209,0,collision,
2668,289,-109.97,8.95,1051.03,0.0069,0.0123,0,collision,
2669,160,298.61,18.02,-131.68,0.0000,0.0000,1,goal,
2670,98,-169.88,7.34,464.40,0.0204,0.0007,0,collision,
7257,282,-262.41,4.37,1041.04,0.0000,0.0375,0,collision,
7258,88,-136.54,19.77,-117.90,0.0227,0.0098,0,collision,
7259,73,-137.57,19.40,161.38,0.0000,0.0000,0,collision,
7260,201,-128.07,11.05,286.57,0.0100,0.0000,0,collision,
7261,226,236.98,10.41,433.69,0.0000,0.0283,1,goal,
7262,140,-155.29,9.48,470.52,0.0143,0.0000,0,collision,
7263,2,-201.66,0.00,0.10,1.0000,0.0000,0,collision,
7264,49,-165.03,17.59,-0.46,0.0408,0.0793,0,collision,
7265,131,-150.14,10.17,390.68,0.0000,0.0162,0,collision,
7266,38,-212.66,3.12,157.41,0.0000,0.1455,0,collision,
7267,185,-148.25,9.82,508.78,0.0108,0.0155,0,collision,
7268,203,-80.53,13.76,203.48,0.0099,0.0257,0,collision,
7269,88,-158.68,15.08,114.52,0.0227,0.0120,0,collision,
7270,38,-182.11,9.44,278.61,0.0526,0.0000,0,collision,
7271,67,-175.17,7.28,374.58,0.0299,0.0000,0,collision,
7272,108,308.26,23.81,-79.52,0.0000,0.0000,1,goal,
7273,63,-177.82,10.52,94.55,0.0000,0.0548,0,collision,
7274,165,-197.41,7.59,665.11,0.0000,0.0041,0,collision,
7275,171,-167.72,10.62,594.93,0.0117,0.0681,0,collision,
7276,2,-200.86,0.00,0.10,0.0000,0.0000,0,collision,
7277,6,-197.34,5.19,63.27,0.3333,0.0000,0,collision,
7278,50,-171.94,13.03,161.96,0.0400,0.0294,0,collision,
7279,111,-103.84,18.57,-59.66,0.0180,0.0081,0,collision,
7280,73,-136.83,19.68,-27.46,0.0274,0.0113,0,collision,
7281,217,225.38,13.22,458.15,0.0000,0.0086,1,goal,
7282,284,-124.36,9.42,689.13,0.0070,0.0343,0,collision,
7283,48,-165.25,13.95,107.51,0.0000,0.0415,0,collision,
7284,25,-194.89,8.39,142.01,0.0000,0.1869,0,collision,
7285,90,82.97,25.74,34.62,0.0000,0.0000,0,removed_unknown,
7286,270,233.46,8.35,901.88,0.0000,0.0000,1,goal,
7287,127,91.58,20.35,-179.25,0.0000,0.0032,0,removed_unknown,
7288,70,-151.39,16.42,0.59,0.0286,0.0473,0,collision,
7289,223,-98.70,12.25,703.73,0.0090,0.0026,0,collision,
7290,46,-206.91,6.46,135.43,0.0435,0.0188,0,collision,
7291,148,-127.19,14.16,138.23,0.0135,0.0087,0,collision,
7292,2,-200.32,1.04,2.51,0.0000,0.0000,0,collision,
7293,239,-156.40,9.09,800.67,0.0084,0.1505,0,collision,
2671,242,289.05,11.73,682.20,0.0000,0.0000,1,goal,
2672,157,-129.55,10.57,696.20,0.0127,0.0409,0,collision,
2673,9,-208.95,0.69,6.50,0.2222,0.0000,0,collision,
2674,211,-177.39,5.68,858.93,0.0000,0.0032,0,collision,
2675,200,-141.46,8.38,554.57,0.0000,0.0104,0,collision,
2676,97,300.34,25.94,-192.74,0.0000,0.0000,1,goal,
2677,246,107.71,12.11,994.41,0.0081,0.0005,0,removed_unknown,
2678,137,294.15,16.58,287.42,0.0000,0.0000,1,goal,
2679,255,297.30,8.98,1124.71,0.0000,0.0000,1,goal,
2680,295,16.74,8.70,751.92,0.0068,0.0680,0,removed_unknown,
7294,194,-239.40,9.93,492.98,0.0000,0.0099,0,collision,
7295,368,287.32,7.23,1861.31,0.0000,0.0000,1,goal,
7296,105,-164.73,8.29,472.26,0.0000,0.0079,0,collision,
7297,87,-137.14,17.30,82.53,0.0000,0.0468,0,collision,
7298,103,-172.22,11.43,115.59,0.0194,0.0311,0,collision,
7299,59,-222.86,5.51,224.68,0.0000,0.3163,0,collision,
7300,205,-154.14,8.41,635.28,0.0000,0.0505,0,collision,
7301,222,-144.40,10.41,343.71,0.0000,0.0000,0,collision,
7302,150,-84.12,15.56,43.52,0.0133,0.0000,0,collision,
7303,220,265.13,12.47,306.70,0.0000,0.0000,1,goal,
7304,160,-89.21,14.91,268.29,0.0000,0.0133,0,collision,
7305,80,-138.50,16.88,48.09,0.0000,0.0175,0,collision,
7306,275,302.26,10.73,518.10,0.0000,0.0000,1,goal,
7307,66,-194.57,7.05,208.16,0.0303,0.0067,0,collision,
7308,2,-201.16,0.00,0.10,1.0000,0.0000,0,collision,
7309,185,-118.12,11.50,369.97,0.0020,0.0145,0,collision,
7310,196,-155.88,9.91,382.95,0.0102,0.1078,0,collision,
7311,26,-203.60,3.73,110.51,0.0000,0.0000,0,collision,
7312,144,-135.75,11.62,242.22,0.0000,0.0159,0,collision,
7313,2,-201.66,0.00,0.10,1.0000,0.0000,0,collision,
7314,97,-206.30,8.12,363.93,0.0206,0.1925,0,collision,
7315,218,-133.34,9.06,713.88,0.0000,0.0500,0,collision,
7316,78,88.45,29.72,-68.24,0.0256,0.0000,0,removed_unknown,
7317,59,-160.73,11.44,301.47,0.0000,0.0000,0,collision,
7318,268,-125.08,9.94,661.14,0.0075,0.0029,0,collision,
7319,411,209.83,5.99,1636.92,0.0000,0.0000,1,goal,
2681,127,-195.57,7.77,327.52,0.0000,0.0000,0,collision,
2682,141,-270.84,3.26,428.18,0.0000,0.0109,0,collision,
2683,140,-123.10,15.10,205.84,0.0000,0.0000,0,collision,
2684,466,85.17,6.15,921.36,0.0000,0.0691,1,goal,
2685,75,-197.88,4.64,401.15,0.0267,0.0000,0,collision,
2686,64,-171.53,11.63,53.92,0.0000,0.0000,0,collision,
2687,4,-203.04,0.52,1.94,0.0000,0.0000,0,collision,
2688,1,-200.00,0.00,0.00,0.0000,0.0000,0,collision,
2689,379,261.72,7.27,1646.09,0.0000,0.0000,1,goal,
2690,121,-131.94,10.75,471.68,0.0165,0.0159,0,collision,
7320,203,-160.61,11.48,401.82,0.0000,0.0078,0,collision,
7321,115,312.01,22.01,-311.97,0.0000,0.0000,1,goal,
7322,364,183.03,7.18,948.97,0.0000,0.0147,1,goal,
7323,414,205.24,6.00,1729.74,0.0000,0.0031,1,goal,
7324,255,-110.61,10.08,941.82,0.0078,0.0271,0,collision,
7325,81,-179.10,10.56,221.53,0.0000,0.0000,0,collision,
7326,162,-210.33,5.41,713.08,0.0123,0.0000,0,collision,
7327,260,272.81,9.89,846.59,0.0000,0.0487,1,goal,
7328,160,-229.71,4.69,633.38,0.0000,0.1646,0,collision,
7329,234,-196.78,5.23,1311.37,0.0000,0.0193,0,collision,
7330,72,-143.63,16.78,118.76,0.0278,0.0329,0,collision,
7331,96,-167.31,6.36,526.68,0.0208,0.0000,0,collision,
7332,229,-157.88,8.94,556.66,0.0000,0.0507,0,collision,
7333,134,-127.26,13.46,328.95,0.0000,0.0000,0,collision,
7334,113,-165.19,13.62,34.32,0.0177,0.0000,0,collision,
7335,211,257.61,10.99,221.08,0.0000,0.0000,1,goal,
7336,263,-186.38,7.23,830.29,0.0076,0.0511,0,collision,
7337,159,-151.08,9.01,756.54,0.0126,0.0152,0,collision,
7338,273,245.57,9.09,489.08,0.0000,0.0066,1,goal,
7339,266,-267.91,5.26,798.95,0.0075,0.1081,0,collision,
2691,189,272.47,12.50,-6.99,0.0000,0.0000,1,goal,
2692,137,-208.74,4.53,567.21,0.0146,0.0149,0,collision,
2693,350,269.57,8.67,1247.37,0.0000,0.0006,1,goal,
2694,109,-163.83,10.44,233.45,0.0000,0.0083,0,collision,
2695,361,-225.15,4.95,1292.86,0.0000,0.0057,0,collision,
2696,48,-174.30,15.97,-52.99,0.0000,0.0477,0,collision,
2697,67,-213.35,7.64,167.94,0.0299,0.0529,0,collision,
2698,17,-215.34,1.23,22.02,0.1176,0.0950,0,collision,
2699,169,82.66,15.91,514.10,0.0118,0.0000,0,removed_unknown,
2700,179,-303.42,3.87,583.94,0.0112,0.1939,0,collision,
7340,274,-86.80,13.88,228.90,0.0073,0.0030,0,collision,
7341,184,-153.16,7.37,958.31,0.0109,0.0072,0,collision,
7342,236,-314.08,2.69,707.63,0.0085,0.0862,0,collision,
7343,45,-189.55,6.08,285.73,0.0444,0.0521,0,collision,
7344,315,230.71,7.13,992.13,0.0000,0.0397,1,goal,
7345,142,281.97,14.14,142.59,0.0000,0.0155,1,goal,
7346,335,-185.74,7.47,873.94,0.0000,0.0236,0,collision,
7347,369,202.03,6.70,1340.91,0.0000,0.0000,1,goal,
7348,6,-201.60,1.77,13.40,0.3333,0.0000,0,collision,
7349,519,136.73,5.20,1970.34,0.0000,0.0183,1,goal,
7350,187,-137.57,10.10,839.19,0.0107,0.0000,0,collision,
7351,139,-217.39,3.83,587.15,0.0144,0.0095,0,collision,
7352,13,-192.01,8.16,150.23,0.0000,0.0000,0,collision,
7353,65,-184.28,8.28,236.08,0.0000,0.0124,0,collision,
7354,181,-192.28,8.45,361.83,0.0000,0.0069,0,collision,
7355,234,-119.63,11.15,661.55,0.0000,0.0343,0,collision,
7356,72,-141.89,16.57,246.56,0.0000,0.0000,0,collision,
7357,1,-200.00,0.00,0.00,0.0000,0.0000,0,collision,
7358,37,-195.90,6.15,264.81,0.0000,0.2567,0,collision,
7359,2,-200.32,1.04,2.51,0.0000,0.0000,0,collision,
7360,284,327.04,10.65,971.43,0.0000,0.0066,1,goal,
7361,10,-211.41,0.62,6.60,0.2000,0.0000,0,collision,
7362,2,-200.66,1.04,2.51,0.0000,0.1861,0,collision,
7363,244,-222.62,8.15,555.15,0.0082,0.1091,0,collision,
7364,353,116.34,6.43,733.52,0.0000,0.0914,1,goal,
2701,229,-255.54,4.04,895.49,0.0087,0.0024,0,collision,
2702,1,-200.00,0.00,0.00,0.0000,0.0000,0,collision,
2703,394,194.67,6.28,1440.52,0.0000,0.0127,1,goal,
2704,2,-200.32,1.04,2.51,1.0000,0.0000,0,collision,
2705,446,-300.72,5.38,960.45,0.0000,0.0065,0,collision,
2706,190,-156.18,6.94,877.37,0.0105,0.0000,0,collision,
2707,258,-198.19,5.85,1162.22,0.0078,0.0287,0,collision,
2708,143,-154.46,7.25,760.46,0.0000,0.0007,0,collision,
2709,34,-200.67,3.96,161.20,0.0000,0.0000,0,collision,
2710,243,-188.85,4.75,1089.70,0.0082,0.0000,0,collision,
7365,46,-208.63,6.56,213.96,0.0000,0.0357,0,collision,
7366,17,-211.84,1.02,18.61,0.1176,0.0000,0,collision,
7367,347,271.78,7.55,1358.81,0.0000,0.0000,1,goal,
7368,342,185.26,6.46,953.74,0.0000,0.0036,1,goal,
7369,105,-201.73,5.66,415.50,0.0000,0.0593,0,collision,
7370,124,284.88,18.12,134.96,0.0000,0.0260,1,goal,
7371,338,174.22,6.63,949.96,0.0000,0.0000,1,goal,
7372,134,-230.17,4.83,524.50,0.0149,0.0000,0,collision,
7373,404,236.41,6.85,1307.59,0.0000,0.0015,1,goal,
7374,256,-174.79,5.64,1149.33,0.0000,0.0218,0,collision,
7375,63,-162.05,9.72,275.96,0.0000,0.0297,0,collision,
7376,287,-216.72,6.89,872.05,0.0000,0.0098,0,collision,
7377,132,-234.85,5.25,300.37,0.0000,0.0669,0,collision,
7378,292,284.71,7.86,1173.48,0.0000,0.0002,1,goal,
7379,218,-127.95,9.74,725.22,0.0000,0.0060,0,collision,
7380,77,-145.89,17.27,228.92,0.0260,0.0060,0,collision,
7381,47,-214.76,2.62,138.43,0.0000,0.0000,0,collision,
7382,97,-188.07,5.85,492.30,0.0206,0.0415,0,collision,
7383,90,-156.37,9.83,313.01,0.0222,0.0000,0,collision,
7384,11,-213.22,0.38,5.05,0.1818,0.0000,0,collision,
7385,74,-238.48,2.31,188.40,0.0270,0.0069,0,collision,
7386,366,-262.19,5.12,1116.97,0.0000,0.0065,0,collision,
7387,45,-210.06,3.14,158.23,0.0444,0.0000,0,collision,
2711,288,-261.20,4.97,732.11,0.0000,0.0025,0,collision,
2712,392,185.67,5.90,1392.19,0.0000,0.0000,1,goal,
2713,1,-200.00,0.00,0.00,0.0000,0.0000,0,collision,
2714,284,257.16,8.95,710.99,0.0000,0.0408,1,goal,
2715,157,-156.60,12.52,148.48,0.0127,0.0028,0,collision,
2716,372,222.98,6.05,1473.90,0.0000,0.0112,1,goal,
2717,241,326.04,11.46,673.73,0.0000,0.0000,1,goal,
2718,231,293.22,11.92,316.65,0.0000,0.0000,1,goal,
2719,118,-216.08,4.50,500.51,0.0000,0.0000,0,collision,
2720,228,268.17,7.59,1124.25,0.0000,0.0000,1,goal,
7388,560,-456.95,6.34,1985.06,0.0036,0.0038,0,collision,
7389,67,-199.40,4.06,309.63,0.0000,0.0031,0,collision,
7390,234,-67.13,12.33,550.45,0.0085,0.0101,0,collision,
7391,94,280.65,21.41,-54.20,0.0000,0.0094,1,goal,
7392,242,267.84,9.71,622.73,0.0000,0.0535,1,goal,
7393,158,-194.35,7.44,485.94,0.0127,0.1138,0,collision,
7394,173,-204.76,5.95,459.88,0.0116,0.0020,0,collision,
7395,136,-184.76,7.54,558.28,0.0000,0.0000,0,collision,
7396,291,-206.63,6.94,699.17,0.0069,0.0120,0,collision,
7397,56,-167.55,11.25,178.32,0.0000,0.0657,0,collision,
7398,247,-229.28,5.60,989.78,0.0081,0.0034,0,collision,
7399,18,-191.41,7.77,151.85,0.0000,0.0000,0,collision,
7400,216,-201.95,7.31,617.14,0.0000,0.0639,0,collision,
7401,3,-202.52,0.00,0.20,0.0000,0.0000,0,collision,
7402,77,-178.86,8.70,306.31,0.0260,0.0249,0,collision,
7403,143,-241.68,5.52,203.00,0.0000,0.0000,0,collision,
7404,190,294.83,14.42,74.70,0.0000,0.0000,1,goal,
7405,145,-212.46,8.74,203.64,0.0138,0.0252,0,collision,
7406,327,292.00,8.73,1197.48,0.0000,0.0076,1,goal,
7407,98,-210.12,4.83,476.48,0.0204,0.0000,0,collision,
7408,145,-219.87,4.48,710.52,0.0138,0.1139,0,collision,
7409,278,-183.21,6.75,1198.96,0.0072,0.0024,0,collision,
7410,49,-153.35,23.34,-54.25,0.0408,0.0192,0,collision,
7411,184,283.65,13.40,142.51,0.0000,0.0010,1,goal,
7412,108,291.49,21.54,19.05,0.0000,0.0063,1,goal,
2721,403,-304.58,4.95,1128.27,0.0000,0.0440,0,collision,
2722,289,168.29,7.81,357.09,0.0000,0.1146,1,goal,
2723,223,-161.67,6.46,858.01,0.0090,0.0000,0,collision,
2724,137,-174.84,9.82,193.42,0.0146,0.0217,0,collision,
2725,27,-207.46,3.42,106.73,0.0741,0.0000,0,collision,
2726,217,309.31,12.02,568.42,0.0000,0.0013,1,goal,
2727,76,-196.33,4.74,307.46,0.0000,0.0136,0,collision,
2728,119,-141.57,13.71,277.65,0.0000,0.0000,0,collision,
2729,291,294.53,10.07,887.98,0.0000,0.0149,1,goal,
2730,194,-250.06,4.22,740.61,0.0000,0.0000,0,collision,
7413,392,-386.92,7.06,1466.79,0.0000,0.0268,0,collision,
7414,60,-185.23,9.49,295.72,0.0000,0.1015,0,collision,
7415,335,286.06,8.45,1260.74,0.0000,0.0183,1,goal,
7416,360,225.05,7.69,1086.75,0.0000,0.0128,1,goal,
7417,252,-165.32,8.22,600.33,0.0000,0.0217,0,collision,
7418,231,-275.22,3.34,729.97,0.0000,0.0239,0,collision,
7419,273,267.29,10.30,780.51,0.0000,0.0000,1,goal,
7420,321,-266.40,4.28,1317.50,0.0062,0.0594,0,collision,
7421,70,-177.34,10.79,260.56,0.0286,0.0447,0,collision,
7422,83,-172.68,10.62,143.55,0.0000,0.0709,0,collision,
7423,49,-178.43,13.13,88.55,0.0000,0.0240,0,collision,
7424,336,-214.50,6.51,891.12,0.0000,0.0122,0,collision,
7425,283,-191.14,6.30,1160.17,0.0000,0.0223,0,collision,
7426,147,-89.34,17.91,365.08,0.0000,0.0031,0,collision,
7427,126,-222.95,6.33,399.99,0.0000,0.0047,0,collision,
7428,224,-203.58,5.85,805.32,0.0089,0.0711,0,collision,
7429,406,247.58,7.42,1386.98,0.0000,0.0019,1,goal,
7430,193,-155.29,11.90,63.67,0.0104,0.0254,0,collision,
2731,45,-195.62,6.14,181.62,0.0444,0.0135,0,collision,
2732,82,-146.52,16.66,22.51,0.0244,0.1029,0,collision,
2733,251,264.73,10.59,576.60,0.0000,0.0306,1,goal,
2734,80,-191.09,6.87,225.51,0.0000,0.0000,0,collision,
2735,43,-195.48,7.09,155.12,0.0465,0.0589,0,collision,
2736,136,-168.95,9.80,371.25,0.0147,0.0887,0,collision,
2737,41,-225.74,2.61,139.22,0.0488,0.0000,0,collision,
2738,120,-140.50,10.16,668.09,0.0167,0.0000,0,collision,
2739,283,275.91,8.09,1018.86,0.0000,0.0024,1,goal,
2740,322,-235.11,7.87,616.49,0.0062,0.1567,0,collision,
7431,22,-196.85,4.78,158.78,0.0000,0.0000,0,collision,
7432,286,312.81,10.30,992.03,0.0000,0.0174,1,goal,
7433,182,-126.85,13.21,280.00,0.0000,0.0031,0,collision,
7434,76,-180.65,10.85,62.51,0.0263,0.2088,0,collision,
7435,42,-177.04,9.29,229.13,0.0000,0.0444,0,collision,
7436,196,312.16,13.94,398.63,0.0000,0.0415,1,goal,
7437,285,-176.15,5.44,1601.09,0.0070,0.0046,0,collision,
7438,181,-232.41,7.58,483.00,0.0000,0.0170,0,collision,
7439,180,308.53,12.74,386.25,0.0000,0.0000,1,goal,
7440,95,295.43,24.07,-103.03,0.0000,0.0000,1,goal,
7441,327,-181.53,7.99,880.75,0.0000,0.0476,0,collision,
7442,139,-156.35,10.79,541.48,0.0000,0.0502,0,collision,
7443,325,233.81,7.81,1046.98,0.0000,0.0023,1,goal,
7444,155,-113.23,17.08,-105.89,0.0000,0.0105,0,collision,
7445,306,234.57,7.49,1205.02,0.0000,0.0066,1,goal,
7446,123,317.06,23.65,-350.49,0.0000,0.0000,1,goal,
7447,66,-217.16,2.68,193.85,0.0303,0.0000,0,collision,
7448,177,-174.15,11.87,387.76,0.0084,0.0879,0,collision,
7449,228,303.25,12.10,809.83,0.0000,0.0022,1,goal,
7450,116,-159.12,8.67,434.21,0.0172,0.0000,0,collision,
7451,178,-267.61,4.34,368.68,0.0112,0.0000,0,collision,
7452,149,-220.01,5.44,615.66,0.0000,0.0000,0,collision,
7453,19,-208.95,1.72,36.71,0.1053,0.0000,0,collision,
7454,127,287.42,18.87,244.80,0.0000,0.0000,1,goal,
2741,53,-211.55,5.52,205.24,0.0377,0.0152,0,collision,
2742,92,-244.76,3.05,318.21,0.0217,0.1270,0,collision,
2743,314,250.56,8.78,856.13,0.0000,0.0032,1,goal,
2744,50,-193.28,6.06,156.57,0.0000,0.0000,0,collision,
2745,54,-159.20,18.23,130.40,0.0370,0.0126,0,collision,
2746,46,-179.77,13.51,27.16,0.0435,0.0098,0,collision,
2747,77,-156.59,14.61,136.55,0.0000,0.0260,0,collision,
2748,2,-200.32,1.04,2.51,1.0000,0.0718,0,collision,
2749,136,-149.73,11.22,365.22,0.0000,0.0085,0,collision,
2750,83,-135.96,15.86,196.77,0.0000,0.0156,0,collision,
7455,142,-167.03,7.14,622.71,0.0141,0.0000,0,collision,
7456,151,-202.30,8.94,238.43,0.0132,0.1079,0,collision,
7457,20,-203.92,2.80,61.88,0.1000,0.0000,0,collision,
7458,261,239.04,10.40,759.88,0.0000,0.0000,1,goal,
7459,177,332.53,13.98,286.40,0.0000,0.0034,1,goal,
7460,257,-221.64,8.79,295.97,0.0000,0.0247,0,collision,
7461,210,-195.53,10.15,201.12,0.0095,0.0000,0,collision,
7462,191,322.65,14.51,-3.60,0.0000,0.0000,1,goal,
7463,135,-123.65,17.33,85.13,0.0000,0.0096,0,collision,
7464,128,-180.26,7.06,541.93,0.0000,0.0287,0,collision,
7465,3,-202.08,0.69,1.84,0.6667,0.0000,0,collision,
7466,81,-164.07,11.00,286.50,0.0247,0.0047,0,collision,
7467,70,-166.18,12.96,93.75,0.0000,0.0581,0,collision,
7468,116,-141.84,12.90,163.32,0.0000,0.0078,0,collision,
7469,1,-200.00,0.00,0.00,0.0000,0.0000,0,collision,
7470,212,-240.86,8.83,-2.05,0.0094,0.0001,0,collision,
7471,29,-184.37,7.27,240.26,0.0690,0.0000,0,collision,
7472,12,-198.72,3.59,49.11,0.1667,0.0000,0,collision,
7473,214,297.86,10.63,726.68,0.0000,0.0046,1,goal,
7474,71,-157.06,11.75,183.53,0.0000,0.0367,0,collision,
7475,119,-159.75,12.70,134.91,0.0168,0.0184,0,collision,
7476,93,-155.52,16.38,-11.73,0.0215,0.1722,0,collision,
7477,68,-231.79,3.11,170.37,0.0000,0.1340,0,collision,
7478,264,-93.28,10.95,757.29,0.0076,0.0126,0,collision,
7479,121,-263.78,2.27,331.82,0.0000,0.0000,0,collision,
7480,23,-191.21,6.50,157.57,0.0870,0.0000,0,collision,
7481,259,-207.07,5.65,871.66,0.0077,0.0243,0,collision,
7482,142,234.10,12.30,113.23,0.0000,0.0385,1,goal,
7483,191,-118.26,10.40,836.03,0.0105,0.0030,0,collision,
7484,225,-213.88,6.83,697.02,0.0000,0.0352,0,collision,
7485,6,-205.11,0.69,4.55,0.0000,0.0000,0,collision,
7486,100,304.74,25.73,17.83,0.0000,0.0000,1,goal,
7487,11,-195.49,5.30,95.89,0.1818,0.0000,0,collision,
2751,2,-201.66,0.00,0.10,1.0000,0.0000,0,collision,
2752,220,318.85,11.00,772.20,0.0000,0.0000,1,goal,
2753,110,-152.22,11.44,209.72,0.0000,0.0081,0,collision,
2754,3,-202.08,0.69,2.61,0.0000,0.0000,0,collision,
2755,186,312.40,12.29,333.17,0.0000,0.0005,1,goal,
2756,211,301.92,13.70,611.25,0.0000,0.0000,1,goal,
2757,25,-192.97,4.77,137.68,0.0000,0.0000,0,collision,
2758,6,-205.91,0.69,3.79,0.0000,0.0000,0,collision,
2759,21,-184.74,13.02,35.84,0.0000,0.0000,0,collision,
2760,68,-180.60,7.62,272.82,0.0294,0.0000,0,collision,
7488,270,-192.78,11.70,284.02,0.0074,0.0210,0,collision,
7489,188,-202.12,6.32,497.33,0.0000,0.0107,0,collision,
7490,355,230.44,6.49,1159.28,0.0000,0.0000,1,goal,
7491,123,305.41,20.61,-236.28,0.0000,0.0000,1,goal,
7492,187,-173.38,7.68,656.16,0.0107,0.0096,0,collision,
7493,253,353.81,10.99,914.28,0.0000,0.0000,1,goal,
7494,258,-210.36,5.76,1034.00,0.0078,0.0177,0,collision,
7495,172,-189.75,7.38,582.79,0.0116,0.0799,0,collision,
7496,259,354.64,10.73,789.43,0.0000,0.0089,1,goal,
7497,230,-172.59,5.37,1134.41,0.0000,0.0000,0,collision,
7498,108,-103.41,20.40,-4.17,0.0185,0.0049,0,collision,
7499,53,-200.05,6.21,105.10,0.0377,0.0000,0,collision,
7500,285,-235.96,5.72,1131.73,0.0000,0.0206,0,collision,
7501,163,-191.18,5.41,775.02,0.0000,0.0053,0,collision,
7502,31,-197.86,5.86,118.11,0.0000,0.0000,0,collision,
7503,56,-188.99,6.65,341.81,0.0000,0.0338,0,collision,
7504,148,-110.68,15.36,171.17,0.0135,0.0147,0,collision,
7505,92,301.37,27.92,-145.95,0.0000,0.0000,1,goal,
7506,94,300.16,27.11,-218.93,0.0000,0.0000,1,goal,
7507,273,259.21,8.30,858.07,0.0000,0.0541,1,goal,
7508,249,65.47,9.84,758.77,0.0000,0.0026,0,removed_unknown,
7509,212,317.50,12.00,380.26,0.0000,0.0000,1,goal,
7510,27,-188.45,7.69,175.52,0.0000,0.0287,0,collision,
2761,81,-142.47,17.51,-89.83,0.0247,0.0198,0,collision,
2762,103,-183.11,6.23,498.11,0.0000,0.0161,0,collision,
2763,10,-204.56,1.71,22.25,0.2000,0.0000,0,collision,
2764,34,-208.00,3.56,164.25,0.0588,0.0000,0,collision,
2765,111,289.38,20.13,-157.28,0.0000,0.0110,1,goal,
2766,105,-162.30,9.83,262.50,0.0000,0.0105,0,collision,
2767,186,248.29,13.53,-50.50,0.0000,0.0207,1,goal,
2768,70,-195.83,6.99,327.14,0.0000,0.0395,0,collision,
2769,99,304.81,28.95,-110.14,0.0000,0.0000,1,goal,
2770,74,-195.66,4.32,363.25,0.0000,0.0053,0,collision,
7511,244,-233.55,5.81,1182.21,0.0082,0.0085,0,collision,
7512,49,-177.71,8.20,281.80,0.0408,0.0000,0,collision,
7513,37,-170.03,18.61,33.79,0.0541,0.0000,0,collision,
7514,80,-150.59,13.52,272.20,0.0000,0.0150,0,collision,
7515,117,-197.67,7.94,224.20,0.0000,0.1448,0,collision,
7516,23,-188.05,13.78,23.87,0.0870,0.1824,0,collision,
7517,34,-193.81,4.44,171.88,0.0588,0.0000,0,collision,
7518,59,-151.21,18.75,-61.75,0.0000,0.0168,0,collision,
7519,359,-69.06,8.14,1660.37,0.0056,0.0300,0,collision,
7520,3,-202.08,0.69,2.61,0.0000,0.0000,0,collision,
7521,283,256.34,9.01,924.71,0.0000,0.0368,1,goal,
7522,71,-222.97,2.76,221.42,0.0282,0.0000,0,collision,
7523,75,-213.90,3.12,261.88,0.0000,0.0237,0,collision,
7524,2,-200.32,1.04,2.51,0.0000,0.0000,0,collision,
7525,25,-181.41,15.77,141.20,0.0800,0.0307,0,collision,
7526,258,311.39,9.96,751.36,0.0000,0.0000,1,goal,
7527,61,-213.36,3.72,192.95,0.0000,0.0527,0,collision,
7528,91,-167.34,9.64,315.41,0.0220,0.0262,0,collision,
7529,31,-178.62,15.55,25.96,0.0645,0.0218,0,collision,
7530,172,-130.97,10.38,726.17,0.0116,0.0035,0,collision,
7531,197,340.23,13.31,776.04,0.0000,0.0000,1,goal,
7532,187,-114.77,10.73,588.71,0.0107,0.0066,0,collision,
7533,346,-84.16,8.15,1420.26,0.0000,0.0144,0,collision,
7534,21,-213.53,1.58,36.29,0.0952,0.0357,0,collision,
7535,219,277.34,10.38,687.14,0.0000,0.0000,1,goal,
7536,72,-189.27,5.22,438.15,0.0278,0.0000,0,collision,
7537,69,-162.70,14.94,-11.99,0.0290,0.0499,0,collision,
7538,45,-195.04,7.25,101.13,0.0000,0.1518,0,collision,
7539,138,-164.10,8.57,473.05,0.0145,0.0064,0,collision,
7540,63,-178.66,9.59,260.42,0.0000,0.0504,0,collision,
7541,57,-225.32,3.17,209.20,0.0000,0.2606,0,collision,
7542,163,-121.03,8.60,736.23,0.0123,0.0000,0,collision,
7543,61,-207.52,3.88,236.02,0.0328,0.0000,0,collision,
7544,2,-201.66,0.00,0.10,1.0000,0.0000,0,collision,
7545,32,-211.86,2.54,99.04,0.0000,0.0000,0,collision,
7546,153,-121.93,12.62,185.75,0.0000,0.0117,0,collision,
7547,2,-201.66,0.00,0.10,0.0000,0.0000,0,collision,
7548,15,-204.17,2.72,61.79,0.1333,0.0000,0,collision,
7549,118,-180.36,11.97,96.36,0.0000,0.0186,0,collision,
2771,30,-215.69,1.97,64.79,0.0667,0.0641,0,collision,
2772,10,-203.49,2.01,27.20,0.2000,0.0000,0,collision,
2773,52,-161.27,17.00,-26.22,0.0000,0.0000,0,collision,
2774,58,-186.90,11.94,183.99,0.0000,0.0000,0,collision,
2775,198,-127.67,8.65,807.73,0.0101,0.0362,0,collision,
2776,147,-167.36,9.98,442.00,0.0136,0.0074,0,collision,
2777,269,286.65,8.66,1167.58,0.0000,0.0000,1,goal,
2778,55,-208.01,3.22,198.14,0.0364,0.0000,0,collision,
2779,111,-106.45,19.31,-301.80,0.0000,0.0088,0,collision,
2780,96,-191.23,5.08,548.30,0.0000,0.0000,0,collision,
7550,313,-280.34,9.13,406.92,0.0064,0.0156,0,collision,
7551,164,-155.95,7.25,896.66,0.0000,0.0092,0,collision,
7552,36,-192.68,5.61,233.96,0.0556,0.0000,0,collision,
7553,130,-207.73,6.95,413.10,0.0154,0.0568,0,collision,
7554,193,325.48,12.50,480.19,0.0000,0.0009,1,goal,
7555,107,-193.46,6.46,344.25,0.0187,0.0185,0,collision,
7556,42,-181.09,6.68,313.00,0.0000,0.0545,0,collision,
7557,204,319.10,13.71,265.75,0.0000,0.0088,1,goal,
7558,159,263.27,14.06,246.94,0.0000,0.0193,1,goal,
7559,94,-211.78,6.75,230.68,0.0213,0.1691,0,collision,
7560,284,217.61,8.95,426.58,0.0000,0.0000,1,goal,
7561,133,-141.86,10.26,495.65,0.0000,0.0083,0,collision,
7562,107,-136.96,12.98,92.02,0.0187,0.0228,0,collision,
7563,31,-207.99,2.80,100.53,0.0645,0.0000,0,collision,
7564,203,300.50,11.11,615.20,0.0000,0.0000,1,goal,
7565,352,266.08,7.88,1198.52,0.0000,0.0050,1,goal,
7566,182,294.00,12.74,481.58,0.0000,0.0000,1,goal,
7567,223,-134.77,9.30,745.37,0.0090,0.0050,0,collision,
7568,79,-186.43,6.28,360.04,0.0000,0.0250,0,collision,
7569,203,253.67,11.12,386.06,0.0000,0.0112,1,goal,
7570,73,-136.87,22.25,23.12,0.0000,0.0069,0,collision,
7571,42,-182.14,13.67,21.70,0.0476,0.0930,0,collision,
7572,292,237.80,8.43,990.67,0.0000,0.0554,1,goal,
7573,98,-96.10,26.95,-158.78,0.0204,0.0231,0,collision,
7574,214,294.25,10.57,531.30,0.0000,0.0000,1,goal,
7575,8,-206.01,1.18,10.13,0.2500,0.0000,0,collision,
7576,226,294.07,10.96,964.88,0.0000,0.0096,1,goal,
7577,103,-117.32,18.41,144.26,0.0000,0.0049,0,collision,
2781,149,-145.74,7.84,762.87,0.0000,0.0000,0,collision,
2782,206,-232.26,5.73,526.04,0.0000,0.0598,0,collision,
2783,102,-156.65,14.01,267.23,0.0000,0.0061,0,collision,
2784,108,-173.02,6.45,540.17,0.0185,0.0000,0,collision,
2785,223,298.32,11.11,576.05,0.0000,0.0069,1,goal,
2786,4,-200.41,1.84,8.09,0.0000,0.0000,0,collision,
2787,63,-148.72,18.06,139.34,0.0000,0.0153,0,collision,
2788,280,-145.39,9.14,809.38,0.0071,0.0029,0,collision,
2789,277,-209.74,5.18,1246.53,0.0072,0.0041,0,collision,
2790,394,166.32,6.92,1138.07,0.0000,0.0434,1,goal,
7578,191,-259.82,9.40,558.61,0.0105,0.0499,0,collision,
7579,116,-100.27,17.76,-19.00,0.0172,0.0000,0,collision,
7580,112,-123.01,13.54,223.24,0.0179,0.0091,0,collision,
7581,37,-207.13,5.52,209.74,0.0000,0.0543,0,collision,
7582,267,282.32,9.44,1044.64,0.0000,0.0053,1,goal,
7583,202,-273.42,3.15,718.25,0.0000,0.0314,0,collision,
7584,230,267.90,10.73,475.66,0.0000,0.0000,1,goal,
7585,105,-160.30,9.86,218.87,0.0000,0.0325,0,collision,
7586,56,-167.32,12.68,183.79,0.0357,0.0000,0,collision,
7587,19,-209.65,2.03,43.25,0.0000,0.0000,0,collision,
7588,86,295.59,29.75,52.26,0.0000,0.0000,1,goal,
7589,206,-220.39,8.47,676.51,0.0097,0.0207,0,collision,
7590,131,-225.65,5.16,400.56,0.0000,0.0014,0,collision,
7591,117,-142.24,11.93,337.04,0.0000,0.0601,0,collision,
7592,72,-174.89,11.92,32.34,0.0000,0.1257,0,collision,
7593,119,-141.14,11.72,381.52,0.0000,0.0047,0,collision,
7594,143,-99.82,14.36,423.16,0.0000,0.0043,0,collision,
7595,80,-208.76,4.30,362.32,0.0250,0.0000,0,collision,
7596,62,-217.96,2.59,182.45,0.0000,0.0000,0,collision,
7597,6,-208.19,0.35,2.14,0.3333,0.8062,0,collision,
7598,34,-182.21,8.49,233.66,0.0588,0.0000,0,collision,
7599,183,-139.72,7.86,859.18,0.0109,0.0000,0,collision,
7600,177,303.08,13.96,232.98,0.0000,0.0031,1,goal,
7601,342,254.51,7.62,1321.90,0.0000,0.0074,1,goal,
7602,135,-190.48,7.32,376.92,0.0148,0.0194,0,collision,
7603,100,301.13,26.05,-253.45,0.0000,0.0076,1,goal,
7604,286,300.39,9.67,1116.03,0.0000,0.0000,1,goal,
7605,20,-208.84,2.66,76.06,0.1000,0.0000,0,collision,
7606,49,-184.36,5.75,335.17,0.0408,0.0000,0,collision,
7607,137,-224.86,5.07,530.40,0.0000,0.1029,0,collision,
7608,155,-138.26,10.53,602.34,0.0129,0.0058,0,collision,
7609,53,-167.68,11.93,143.09,0.0000,0.0304,0,collision,
2791,124,-164.46,12.72,-17.69,0.0161,0.0718,0,collision,
2792,277,255.04,8.14,897.30,0.0000,0.0012,1,goal,
2793,160,-165.92,9.83,422.13,0.0000,0.1047,0,collision,
2794,256,-229.36,8.84,222.12,0.0078,0.0106,0,collision,
2795,30,-192.60,6.61,219.63,0.0000,0.0295,0,collision,
2796,343,218.41,7.96,824.86,0.0000,0.0000,1,goal,
2797,67,-141.46,19.69,-26.37,0.0000,0.0156,0,collision,
2798,137,-207.87,5.17,629.25,0.0000,0.0000,0,collision,
2799,44,-171.56,13.75,-13.35,0.0455,0.1196,0,collision,
2800,134,303.08,19.07,103.17,0.0000,0.0085,1,goal,
7610,75,-142.22,21.09,-26.28,0.0000,0.0000,0,collision,
7611,280,301.21,9.53,944.44,0.0000,0.0000,1,goal,
7612,55,-170.37,9.99,387.12,0.0000,0.0175,0,collision,
7613,52,-199.04,5.80,281.49,0.0385,0.0071,0,collision,
7614,281,243.99,8.96,688.23,0.0000,0.0026,1,goal,
7615,309,219.91,8.57,800.27,0.0000,0.0000,1,goal,
7616,35,-188.11,7.27,262.64,0.0000,0.0172,0,collision,
7617,33,-194.58,12.57,69.43,0.0606,0.0299,0,collision,
7618,70,-172.42,7.23,373.90,0.0000,0.0000,0,collision,
7619,180,-204.27,7.26,394.47,0.0000,0.0000,0,collision,
7620,196,282.29,14.74,-240.16,0.0000,0.0243,1,goal,
7621,74,-213.77,4.17,353.92,0.0270,0.0000,0,collision,
7622,361,-214.49,5.63,1502.49,0.0000,0.0472,0,collision,
7623,77,-225.79,3.63,246.20,0.0000,0.0746,0,collision,
7624,106,280.72,16.16,111.04,0.0000,0.0000,1,goal,
7625,370,192.10,7.95,626.12,0.0000,0.0428,1,goal,
7626,50,-165.81,12.87,271.91,0.0400,0.0414,0,collision,
7627,64,-190.41,6.74,257.34,0.0312,0.0000,0,collision,
7628,81,-142.64,16.09,72.07,0.0000,0.0304,0,collision,
7629,11,-205.92,1.84,22.12,0.0000,0.0000,0,collision,
7630,91,-150.16,14.59,279.23,0.0220,0.0000,0,collision,
7631,152,-125.65,14.18,309.17,0.0132,0.0000,0,collision,
7632,24,-182.38,11.18,211.31,0.0833,0.0000,0,collision,
7633,91,-170.73,11.13,94.81,0.0220,0.0750,0,collision,
7634,2,-200.32,1.04,2.51,0.0000,0.0000,0,collision,
7635,107,290.59,22.91,76.00,0.0000,0.0000,1,goal,
7636,56,-182.26,10.78,113.81,0.0357,0.0755,0,collision,
7637,24,-186.31,10.12,162.61,0.0833,0.0000,0,collision,
7638,321,290.22,8.24,1244.40,0.0000,0.0019,1,goal,
7639,66,-153.03,10.23,524.49,0.0303,0.0212,0,collision,
7640,257,298.47,8.74,1040.83,0.0000,0.0000,1,goal,
7641,157,-159.47,8.23,659.52,0.0127,0.0870,0,collision,
2801,209,-294.08,3.41,668.97,0.0000,0.1246,0,collision,
2802,11,-207.06,1.63,20.01,0.0000,0.0000,0,collision,
2803,15,-201.80,4.17,93.88,0.1333,0.0000,0,collision,
2804,344,108.53,7.28,694.88,0.0000,0.1189,1,goal,
2805,87,-193.13,7.94,177.92,0.0000,0.1507,0,collision,
2806,261,-131.82,8.16,835.37,0.0000,0.0000,0,collision,
2807,142,318.66,19.09,187.73,0.0000,0.0000,1,goal,
2808,285,245.90,8.86,668.93,0.0000,0.0027,1,goal,
2809,19,-198.51,5.62,123.85,0.1053,0.0000,0,collision,
2810,116,288.11,19.49,-115.95,0.0000,0.0000,1,goal,
7642,199,-381.82,3.95,438.90,0.0101,0.0176,0,collision,
7643,191,-139.63,9.73,371.15,0.0105,0.0000,0,collision,
7644,189,-239.22,4.50,665.05,0.0000,0.0496,0,collision,
7645,21,-195.44,10.74,61.36,0.0000,0.1105,0,collision,
7646,294,266.81,7.89,1205.11,0.0000,0.0304,1,goal,
7647,139,-208.26,4.73,568.64,0.0144,0.0702,0,collision,
7648,167,-140.53,10.19,524.41,0.0000,0.0640,0,collision,
7649,191,-169.84,7.74,741.22,0.0000,0.0000,0,collision,
7650,390,144.24,5.99,1014.03,0.0000,0.0027,1,goal,
7651,60,-207.53,5.76,220.24,0.0333,0.0000,0,collision,
7652,230,256.09,10.29,517.27,0.0000,0.0228,1,goal,
7653,43,-198.85,5.98,275.46,0.0000,0.0000,0,collision,
7654,1,-200.00,0.00,0.00,0.0000,0.0000,0,collision,
7655,399,308.07,7.19,1980.24,0.0000,0.0000,1,goal,
7656,210,293.37,13.39,231.75,0.0000,0.0035,1,goal,
7657,87,-174.79,10.10,320.25,0.0000,0.0000,0,collision,
7658,205,301.22,11.94,462.10,0.0000,0.0000,1,goal,
7659,308,262.26,7.99,1117.18,0.0000,0.0176,1,goal,
7660,51,-159.11,16.84,40.96,0.0000,0.0000,0,collision,
7661,91,-138.36,17.39,-29.72,0.0220,0.0004,0,collision,
7662,367,242.06,7.05,1383.19,0.0000,0.0028,1,goal,
7663,104,-117.61,23.27,-193.28,0.0192,0.0213,0,collision,
2811,78,-137.05,20.42,-105.69,0.0256,0.0000,0,collision,
2812,115,-180.14,11.38,-63.48,0.0174,0.1817,0,collision,
2813,186,293.61,12.11,669.14,0.0000,0.0000,1,goal,
2814,66,-202.02,6.49,226.02,0.0303,0.0000,0,collision,
2815,236,304.45,10.87,796.86,0.0000,0.0000,1,goal,
2816,163,-201.17,5.06,893.05,0.0123,0.0000,0,collision,
2817,185,-44.60,16.24,239.33,0.0108,0.0013,0,collision,
2818,241,-182.73,6.96,472.80,0.0083,0.0038,0,collision,
2819,146,-158.67,9.45,396.13,0.0137,0.0115,0,collision,
2820,76,-140.30,22.57,-191.94,0.0000,0.0396,0,collision,
7664,289,-179.91,10.27,871.05,0.0000,0.0046,0,collision,
7665,376,248.66,6.74,1501.10,0.0000,0.0023,1,goal,
7666,92,-166.80,7.52,423.34,0.0217,0.0336,0,collision,
7667,119,-160.23,12.12,398.62,0.0168,0.0046,0,collision,
7668,160,-138.17,9.77,557.92,0.0000,0.0000,0,collision,
7669,5,-204.70,0.42,2.04,0.0000,0.0000,0,collision,
7670,238,330.78,12.34,400.58,0.0000,0.0240,1,goal,
7671,253,-154.08,7.70,958.06,0.0000,0.0427,0,collision,
7672,34,-193.94,4.00,166.08,0.0000,0.0000,0,collision,
7673,138,-211.12,6.37,349.34,0.0145,0.0086,0,collision,
7674,2,-201.66,0.00,0.10,1.0000,0.0000,0,collision,
7675,182,-194.74,8.13,423.31,0.0110,0.0035,0,collision,
7676,181,-213.38,7.81,208.98,0.0000,0.0160,0,collision,
7677,40,-167.56,16.46,23.52,0.0500,0.0316,0,collision,
7678,91,-234.59,3.00,307.54,0.0220,0.0495,0,collision,
7679,269,276.65,8.30,1096.24,0.0000,0.0058,1,goal,
7680,129,-168.84,6.64,674.86,0.0000,0.0092,0,collision,
7681,187,258.26,13.59,332.71,0.0000,0.0041,1,goal,
7682,112,-199.06,10.51,233.61,0.0000,0.0398,0,collision,
7683,96,-153.26,11.07,417.60,0.0208,0.0086,0,collision,
7684,171,306.23,16.01,199.72,0.0000,0.0166,1,goal,
7685,21,-213.90,1.60,38.56,0.0952,0.0000,0,collision,
7686,135,-154.53,6.86,909.42,0.0148,0.0000,0,collision,
7687,51,-180.13,11.56,182.07,0.0000,0.0089,0,collision,
7688,181,-133.90,9.71,816.19,0.0000,0.1358,0,collision,
7689,12,-202.56,2.88,41.97,0.0000,0.0183,0,collision,
7690,113,-186.16,6.69,304.39,0.0000,0.0000,0,collision,
7691,15,-203.39,2.47,47.08,0.1333,0.0000,0,collision,
7692,75,-208.34,4.14,353.12,0.0267,0.1850,0,collision,
7693,61,-173.64,10.84,120.54,0.0328,0.0447,0,collision,
7694,80,-191.95,8.28,353.33,0.0250,0.0307,0,collision,
7695,393,201.86,6.70,1332.18,0.0000,0.0023,1,goal,
7696,6,-205.11,0.69,4.55,0.3333,0.0000,0,collision,
2821,214,306.88,11.23,1188.03,0.0000,0.0437,1,goal,
2822,121,-178.22,7.86,584.97,0.0165,0.0976,0,collision,
2823,158,278.51,13.86,221.58,0.0000,0.0053,1,goal,
2824,19,-192.46,7.75,100.63,0.1053,0.0454,0,collision,
2825,98,-168.02,8.33,408.65,0.0204,0.0486,0,collision,
2826,70,-185.11,8.48,316.36,0.0286,0.0013,0,collision,
2827,113,-104.46,19.34,-127.63,0.0000,0.0297,0,collision,
2828,207,-225.88,5.11,648.90,0.0000,0.0282,0,collision,
2829,272,336.05,10.15,844.67,0.0000,0.0000,1,goal,
2830,28,-212.34,2.11,66.20,0.0000,0.0000,0,collision,
7697,109,-290.54,4.05,250.86,0.0000,0.0425,0,collision,
7698,78,-127.06,21.66,-56.00,0.0256,0.0281,0,collision,
7699,68,-208.99,8.30,161.92,0.0294,0.3090,0,collision,
7700,274,331.04,9.90,1330.13,0.0000,0.0016,1,goal,
7701,133,-113.29,12.23,393.47,0.0150,0.0004,0,collision,
7702,112,-138.08,14.77,136.52,0.0000,0.0061,0,collision,
7703,155,-168.80,11.97,242.64,0.0000,0.0051,0,collision,
7704,15,-210.54,1.49,24.91,0.1333,0.0000,0,collision,
7705,202,312.32,12.18,576.78,0.0000,0.0000,1,goal,
7706,35,-182.49,7.59,243.07,0.0000,0.0000,0,collision,
7707,37,-197.65,3.58,148.93,0.0000,0.0000,0,collision,
7708,53,-177.04,13.91,19.73,0.0000,0.0683,0,collision,
7709,179,-124.60,12.13,345.10,0.0112,0.0226,0,collision,
7710,222,349.93,12.58,801.38,0.0000,0.0000,1,goal,
7711,6,-204.71,1.04,10.24,0.3333,0.0000,0,collision,
7712,220,261.94,10.40,396.34,0.0000,0.0033,1,goal,
7713,216,-98.05,9.86,856.06,0.0093,0.0115,0,collision,
7714,131,-182.90,5.71,730.74,0.0153,0.0058,0,collision,
7715,253,312.51,8.97,1455.44,0.0000,0.0061,1,goal,
7716,63,-157.17,12.85,221.21,0.0000,0.0424,0,collision,
7717,205,296.85,14.19,332.25,0.0000,0.0146,1,goal,
7718,115,278.43,21.63,190.88,0.0000,0.0000,1,goal,
7719,75,-130.15,22.57,-49.63,0.0000,0.0335,0,collision,
7720,37,-194.00,7.39,126.47,0.0000,0.0618,0,collision,
7721,11,-210.08,1.05,11.65,0.0000,0.0523,0,collision,
7722,111,-105.91,17.56,227.68,0.0000,0.0356,0,collision,
7723,94,-196.58,6.60,330.13,0.0213,0.0000,0,collision,
7724,52,-159.80,13.58,163.08,0.0000,0.0000,0,collision,
7725,65,-156.71,15.50,-38.04,0.0000,0.0239,0,collision,
7726,237,298.19,9.79,819.72,0.0000,0.0000,1,goal,
7727,135,-176.61,9.37,396.08,0.0148,0.1016,0,collision,
7728,152,-148.89,10.92,257.44,0.0132,0.0127,0,collision,
7729,58,-152.92,16.70,160.29,0.0000,0.0230,0,collision,
2831,213,322.08,14.26,-84.55,0.0000,0.0044,1,goal,
2832,136,-223.15,6.47,271.07,0.0147,0.1062,0,collision,
2833,3,-203.32,0.00,0.20,0.6667,0.0000,0,collision,
2834,189,-152.60,9.97,568.74,0.0106,0.0022,0,collision,
2835,62,-178.32,9.32,220.24,0.0000,0.0289,0,collision,
2836,91,-125.05,17.25,115.23,0.0000,0.0162,0,collision,
2837,175,-161.01,8.05,521.03,0.0114,0.0110,0,collision,
2838,62,-173.14,10.46,220.19,0.0323,0.0230,0,collision,
2839,81,-242.12,2.61,237.40,0.0247,0.2147,0,collision,
2840,113,303.14,20.54,-140.25,0.0000,0.0057,1,goal,
7730,342,-222.60,7.55,1326.90,0.0000,0.0030,0,collision,
7731,156,-195.03,8.26,452.45,0.0128,0.1087,0,collision,
7732,103,-170.73,6.14,639.03,0.0194,0.0244,0,collision,
7733,235,312.59,12.71,687.72,0.0000,0.0202,1,goal,
7734,13,-205.99,1.97,27.94,0.1538,0.0951,0,collision,
7735,6,-205.91,0.69,3.79,0.3333,0.0000,0,collision,
7736,97,-192.34,6.88,286.31,0.0206,0.0106,0,collision,
7737,38,-207.58,2.82,119.24,0.0526,0.0000,0,collision,
7738,114,302.51,21.68,-256.13,0.0000,0.0000,1,goal,
7739,25,-207.60,2.32,66.25,0.0800,0.0000,0,collision,
7740,241,288.63,9.43,752.50,0.0000,0.0006,1,goal,
7741,103,-124.44,14.77,75.31,0.0194,0.0215,0,collision,
7742,204,-44.00,14.16,311.97,0.0098,0.0048,0,collision,
7743,367,-98.10,7.34,1936.52,0.0054,0.0044,0,collision,
7744,19,-191.85,6.12,141.64,0.0000,0.0000,0,collision,
7745,195,-90.36,13.64,526.81,0.0000,0.0035,0,collision,
7746,1,-200.00,0.00,0.00,0.0000,0.0000,0,collision,
7747,121,-153.37,9.08,517.63,0.0000,0.0000,0,collision,
7748,280,291.86,8.69,1268.44,0.0000,0.0011,1,goal,
7749,237,-143.27,8.37,671.65,0.0000,0.0071,0,collision,
7750,265,216.42,8.70,921.39,0.0000,0.0289,1,goal,
7751,53,-218.58,4.28,189.96,0.0377,0.3262,0,collision,
7752,183,326.38,14.69,49.32,0.0000,0.0010,1,goal,
7753,237,298.03,9.48,850.86,0.0000,0.0094,1,goal,
7754,10,-197.74,4.43,85.88,0.2000,0.0000,0,collision,
7755,233,-177.34,5.27,966.06,0.0000,0.0000,0,collision,
7756,188,301.88,15.05,12.72,0.0000,0.0253,1,goal,
7757,55,-171.04,15.73,52.48,0.0364,0.0146,0,collision,
7758,67,-216.17,3.27,260.82,0.0299,0.0720,0,collision,
2841,224,238.46,12.91,186.30,0.0000,0.0778,1,goal,
2842,83,-130.09,19.25,-45.43,0.0241,0.0202,0,collision,
2843,151,-134.22,13.75,108.03,0.0132,0.0076,0,collision,
2844,41,-171.40,14.35,121.37,0.0488,0.0223,0,collision,
2845,82,-222.44,3.56,375.90,0.0009,0.1226,0,collision,
2846,320,323.22,9.45,1198.61,0.0000,0.0025,1,goal,
2847,57,-209.10,4.75,241.47,0.0351,0.0042,0,collision,
2848,93,-221.78,3.90,416.12,0.0000,0.0000,0,collision,
2849,122,-178.58,7.81,536.75,0.0164,0.0030,0,collision,
2850,54,-148.22,23.13,-59.62,0.0370,0.0504,0,collision,
7759,201,-40.19,13.27,404.46,0.0100,0.0390,0,removed_unknown,
7760,310,-152.02,8.48,589.46,0.0000,0.0069,0,collision,
7761,56,-145.93,22.44,17.25,0.0000,0.0142,0,collision,
7762,16,-203.88,2.98,54.28,0.1250,0.0000,0,collision,
7763,92,-174.15,8.04,478.18,0.0000,0.0000,0,collision,
7764,257,235.16,8.09,747.08,0.0000,0.0200,1,goal,
7765,24,-205.39,2.83,93.66,0.0000,0.0000,0,collision,
7766,2,-200.32,1.04,2.51,1.0000,0.0000,0,collision,
7767,302,-313.72,2.92,958.47,0.0000,0.0184,0,collision,
7768,91,-158.41,7.39,583.15,0.0000,0.0000,0,collision,
7769,248,177.54,10.37,112.43,0.0000,0.0129,1,goal,
7770,54,-158.75,16.14,99.02,0.0370,0.0000,0,collision,
7771,48,-204.97,3.51,195.31,0.0417,0.0000,0,collision,
7772,115,-165.16,8.93,458.83,0.0000,0.1018,0,collision,
7773,107,-219.72,3.70,414.55,0.0000,0.0000,0,collision,
7774,107,-176.52,7.16,454.70,0.0187,0.0000,0,collision,
7775,3,-201.86,0.69,2.61,0.0000,0.2561,0,collision,
7776,152,-98.45,12.44,492.55,0.0132,0.0019,0,collision,
7777,336,-243.77,5.48,1009.87,0.0000,0.0171,0,collision,
7778,12,-208.08,1.40,17.89,0.1667,0.0000,0,collision,
7779,162,-125.63,10.75,561.13,0.0000,0.0000,0,collision,
7780,117,-147.83,9.05,482.17,0.0171,0.0000,0,collision,
7781,76,-156.49,10.96,320.55,0.0000,0.0164,0,collision,
7782,23,-202.96,3.08,79.55,0.0870,0.0000,0,collision,
7783,362,276.48,7.66,1500.79,0.0000,0.0000,1,goal,
7784,54,-195.38,5.11,284.74,0.0370,0.0000,0,collision,
7785,431,-162.08,6.73,1593.05,0.0000,0.0150,0,collision,
7786,61,-169.47,14.16,-90.78,0.0000,0.0548,0,collision,
7787,7,-201.57,2.27,17.97,0.2857,0.0000,0,collision,
7788,314,224.26,6.92,1342.75,0.0000,0.0133,1,goal,
2851,343,-272.64,4.23,1216.02,0.0058,0.0457,0,collision,
2852,393,-209.46,5.31,1750.77,0.0000,0.0009,0,collision,
2853,6,-199.91,2.65,17.89,0.3333,0.0000,0,collision,
2854,104,-161.57,9.86,370.21,0.0192,0.0475,0,collision,
2855,98,-149.34,10.78,266.16,0.0204,0.0000,0,collision,
2856,311,308.05,9.57,871.17,0.0000,0.0000,1,goal,
2857,160,-265.64,5.81,374.89,0.0125,0.1912,0,collision,
2858,166,331.48,17.10,151.89,0.0000,0.0000,1,goal,
2859,349,-150.71,6.26,1544.56,0.0000,0.0000,0,collision,
2860,271,287.13,10.37,770.30,0.0000,0.0000,1,goal,
7789,165,-275.71,4.95,752.17,0.0000,0.0194,0,collision,
7790,125,-238.53,3.47,494.56,0.0160,0.0363,0,collision,
7791,295,271.50,9.39,932.97,0.0000,0.0254,1,goal,
7792,6,-204.31,0.69,4.55,0.0000,0.0000,0,collision,
7793,120,-227.85,3.39,453.02,0.0167,0.0623,0,collision,
7794,47,-166.83,17.08,85.41,0.0000,0.0361,0,collision,
7795,32,-202.49,3.24,117.08,0.0000,0.0000,0,collision,
7796,121,-254.94,2.62,353.35,0.0000,0.0000,0,collision,
7797,66,-158.33,10.76,302.84,0.0000,0.0000,0,collision,
7798,82,-244.55,2.45,228.21,0.0000,0.0000,0,collision,
7799,62,-160.42,13.11,207.17,0.0323,0.1019,0,collision,
7800,299,277.10,9.08,1152.54,0.0000,0.0046,1,goal,
7801,218,310.27,11.23,510.13,0.0000,0.0011,1,goal,
7802,344,-171.93,6.57,1628.58,0.0000,0.0217,0,collision,
7803,8,-197.60,4.09,59.57,0.0000,0.0000,0,collision,
7804,388,232.87,7.48,1141.33,0.0000,0.0173,1,goal,
7805,131,-212.49,3.85,572.87,0.0153,0.0076,0,collision,
7806,74,-160.48,9.13,459.85,0.0000,0.0688,0,collision,
7807,191,-209.16,8.53,288.44,0.0000,0.0105,0,collision,
7808,2,-200.32,1.04,2.51,0.0000,0.0000,0,collision,
7809,103,-130.91,13.99,204.78,0.0194,0.0000,0,collision,
7810,156,-143.19,13.65,158.98,0.0000,0.0002,0,collision,
7811,148,-202.50,4.19,709.56,0.0135,0.0049,0,collision,
7812,50,-244.35,1.77,95.84,0.0400,0.2559,0,collision,
7813,133,301.53,16.85,33.03,0.0000,0.0045,1,goal,
7814,53,-172.40,13.49,182.11,0.0377,0.0153,0,collision,
7815,430,247.70,6.66,2083.29,0.0000,0.0000,1,goal,
7816,35,-207.39,4.27,137.21,0.0000,0.0198,0,collision,
7817,48,-168.16,13.50,1.59,0.0000,0.0613,0,collision,
7818,44,-207.95,3.88,194.65,0.0455,0.0000,0,collision,
7819,13,-194.38,5.46,95.23,0.1538,0.0000,0,collision,
7820,112,307.25,22.08,-82.24,0.0000,0.0259,1,goal,
2861,211,-152.40,8.39,730.66,0.0000,0.0033,0,collision,
2862,227,276.18,12.39,461.48,0.0000,0.0453,1,goal,
2863,134,-206.04,5.18,428.83,0.0149,0.0000,0,collision,
2864,23,-207.19,2.93,75.59,0.0870,0.0158,0,collision,
2865,158,-96.22,11.98,797.92,0.0127,0.0001,0,collision,
2866,4,-203.84,0.52,1.94,0.5000,0.0000,0,collision,
2867,8,-196.20,4.73,65.33,0.2500,0.0000,0,collision,
2868,51,-215.34,3.37,200.17,0.0000,0.0169,0,collision,
2869,169,309.40,15.66,283.69,0.0000,0.0268,1,goal,
2870,88,-137.85,13.08,486.61,0.0227,0.0000,0,collision,
7821,143,-229.33,7.29,585.83,0.0000,0.0024,0,collision,
7822,2,-200.32,1.04,2.51,1.0000,0.0000,0,collision,
7823,9,-206.07,1.42,9.34,0.0000,0.0840,0,collision,
7824,95,-219.50,4.34,404.43,0.0211,0.0000,0,collision,
7825,56,-207.43,6.13,148.11,0.0357,0.2584,0,collision,
7826,52,-189.80,5.04,288.30,0.0000,0.0000,0,collision,
7827,52,-194.57,6.14,262.15,0.0000,0.0871,0,collision,
7828,3,-199.63,2.08,9.94,0.0000,0.0000,0,collision,
7829,54,-209.04,3.96,267.33,0.0000,0.0000,0,collision,
7830,88,-136.79,18.74,92.65,0.0000,0.0000,0,collision,
7831,214,-104.30,8.79,1299.86,0.0000,0.0041,0,collision,
7832,147,-135.51,10.25,586.70,0.0136,0.0039,0,collision,
7833,32,-182.87,17.60,23.64,0.0000,0.0574,0,collision,
7834,15,-207.97,2.07,34.40,0.1333,0.0584,0,collision,
7835,47,-206.32,3.31,176.29,0.0000,0.0000,0,collision,
7836,9,-207.76,0.92,12.18,0.0000,0.0000,0,collision,
7837,213,-158.25,7.97,880.44,0.0000,0.0000,0,collision,
7838,4,-200.59,1.56,10.04,0.5000,0.0000,0,collision,
7839,287,258.59,7.49,1429.39,0.0000,0.0030,1,goal,
7840,149,-123.91,17.34,-87.77,0.0134,0.0162,0,collision,
7841,5,-204.70,0.42,2.04,0.4000,0.0000,0,collision,
7842,55,-180.17,11.35,158.91,0.0000,0.0507,0,collision,
7843,45,-177.63,10.16,160.98,0.0000,0.0220,0,collision,
7844,230,257.88,10.57,741.19,0.0000,0.0550,1,goal,
7845,339,-304.69,4.29,1069.30,0.0059,0.0723,0,collision,
7846,15,-212.60,1.38,30.10,0.0000,0.0000,0,collision,
7847,85,-119.57,22.13,-123.57,0.0000,0.0054,0,collision,
7848,6,-200.80,1.77,13.40,0.0000,0.0000,0,collision,
7849,8,-198.96,2.82,28.79,0.2500,0.0000,0,collision,
7850,3,-201.28,0.69,2.61,0.0000,0.0000,0,collision,
7851,224,258.79,10.04,792.58,0.0000,0.0516,1,goal,
7852,100,-115.80,21.03,-239.49,0.0200,0.0511,0,collision,
7853,309,243.70,7.31,1113.72,0.0000,0.0133,1,goal,
7854,59,-165.48,12.86,135.57,0.0000,0.0155,0,collision,
7855,80,-175.10,8.42,293.21,0.0000,0.0095,0,collision,
7856,159,-112.25,12.23,448.51,0.0000,0.0255,0,collision,
7857,171,-174.07,9.07,369.54,0.0000,0.1326,0,collision,
7858,12,-194.59,4.65,76.77,0.1667,0.0000,0,collision,
7859,80,-130.02,20.43,78.46,0.0000,0.0000,0,collision,
7860,32,-199.60,4.28,164.52,0.0000,0.0000,0,collision,
7861,218,-185.16,5.71,1223.37,0.0092,0.0253,0,collision,
7862,7,-205.63,0.89,6.30,0.0000,0.0000,0,collision,
7863,11,-201.09,2.79,42.60,0.1818,0.0000,0,collision,
7864,99,-136.00,14.17,378.84,0.0000,0.0056,0,collision,
2871,229,307.80,9.96,961.72,0.0000,0.0000,1,goal,
2872,264,-189.58,8.22,738.75,0.0076,0.1029,0,collision,
2873,191,337.46,14.84,467.45,0.0000,0.0125,1,goal,
2874,195,-144.34,8.07,764.44,0.0103,0.0246,0,collision,
2875,190,311.33,14.17,144.66,0.0000,0.0003,1,goal,
2876,224,-100.79,11.28,687.13,0.0089,0.0233,0,collision,
2877,12,-198.26,4.22,71.68,0.1667,0.0000,0,collision,
2878,54,-165.80,11.95,249.92,0.0370,0.0383,0,collision,
2879,210,-187.45,7.26,696.11,0.0000,0.1151,0,collision,
2880,107,-140.85,13.54,201.50,0.0000,0.0179,0,collision,
7865,129,-136.29,13.44,28.42,0.0155,0.0312,0,collision,
7866,253,-79.11,10.24,983.27,0.0079,0.0086,0,collision,
7867,202,-145.12,9.96,533.63,0.0000,0.0442,0,collision,
7868,117,-180.76,6.38,665.92,0.0000,0.0172,0,collision,
7869,65,-169.93,8.74,274.45,0.0000,0.0429,0,collision,
7870,90,-180.39,9.30,230.32,0.0222,0.1234,0,collision,
7871,129,-200.29,5.34,462.00,0.0000,0.0000,0,collision,
7872,182,248.23,13.49,241.32,0.0000,0.0037,1,goal,
7873,44,-183.00,13.36,180.74,0.0455,0.3341,0,collision,
7874,275,-101.04,9.57,828.96,0.0000,0.0158,0,collision,
7875,117,-197.63,4.95,490.18,0.0171,0.1311,0,collision,
7876,44,-168.55,16.34,-2.76,0.0455,0.0000,0,collision,
7877,225,-191.72,6.75,670.70,0.0089,0.0144,0,collision,
7878,133,-123.56,9.80,755.59,0.0000,0.0235,0,collision,
7879,137,312.07,18.07,-131.00,0.0000,0.0330,1,goal,
7880,137,-203.65,7.24,509.74,0.0146,0.0230,0,collision,
7881,40,-173.16,14.05,170.87,0.0500,0.0138,0,collision,
7882,212,-233.56,3.94,968.34,0.0094,0.0254,0,collision,
7883,95,-164.16,13.88,12.82,0.0211,0.1411,0,collision,
7884,240,294.94,11.34,656.39,0.0000,0.0097,1,goal,
7885,45,-182.14,5.93,328.63,0.0000,0.0000,0,collision,
7886,74,-146.05,19.11,-67.42,0.0000,0.0215,0,collision,
7887,178,296.11,14.12,566.84,0.0000,0.0072,1,goal,
7888,51,-206.44,3.67,215.02,0.0392,0.0000,0,collision,
7889,125,-205.17,5.49,621.55,0.0160,0.0000,0,collision,
7890,210,-243.21,3.82,818.12,0.0095,0.0036,0,collision,
7891,86,-179.88,7.34,245.25,0.0000,0.0067,0,collision,
7892,110,-94.31,21.57,-104.35,0.0182,0.0102,0,collision,
7893,196,296.01,12.43,765.92,0.0000,0.0143,1,goal,
7894,235,264.14,10.02,856.00,0.0000,0.0065,1,goal,
2881,148,-166.84,9.54,460.09,0.0000,0.0105,0,collision,
2882,199,-213.65,9.74,56.89,0.0000,0.0191,0,collision,
2883,132,-152.24,7.93,730.51,0.0000,0.0405,0,collision,
2884,189,251.50,11.82,373.95,0.0000,0.0000,1,goal,
2885,2,-200.36,0.00,0.10,0.0000,0.0000,0,collision,
2886,180,-226.64,5.43,644.07,0.0000,0.0326,0,collision,
2887,108,-155.03,8.81,536.60,0.0000,0.0276,0,collision,
2888,66,-166.95,12.19,150.64,0.0303,0.0000,0,collision,
2889,65,-236.83,3.45,228.12,0.0000,0.2150,0,collision,
2890,207,-229.21,7.64,486.25,0.0000,0.0000,0,collision,
7895,88,-176.68,12.41,492.51,0.0000,0.0134,0,collision,
7896,122,-176.65,6.66,578.46,0.0000,0.0106,0,collision,
7897,66,-165.51,9.97,261.96,0.0303,0.0271,0,collision,
7898,211,-157.91,5.87,1130.03,0.0000,0.0000,0,collision,
7899,38,-179.84,12.59,156.90,0.0000,0.0795,0,collision,
7900,265,314.41,8.57,1325.58,0.0000,0.0130,1,goal,
7901,72,-159.02,16.42,72.88,0.0000,0.1468,0,collision,
7902,216,-172.94,8.85,529.03,0.0093,0.0448,0,collision,
7903,244,-103.32,8.11,1056.45,0.0000,0.0330,0,collision,
7904,96,-135.53,16.33,-41.27,0.0208,0.0214,0,collision,
7905,82,-217.83,2.90,274.51,0.0244,0.0067,0,collision,
7906,240,360.63,12.56,556.98,0.0000,0.0000,1,goal,
7907,24,-216.14,1.56,40.06,0.0000,0.0000,0,collision,
7908,95,-185.74,5.01,532.70,0.0000,0.0038,0,collision,
7909,21,-201.23,4.60,117.32,0.0000,0.0000,0,collision,
7910,248,251.48,10.27,355.18,0.0000,0.0000,1,goal,
7911,4,-200.41,1.84,8.09,0.5000,0.0000,0,collision,
7912,292,284.94,8.67,1142.83,0.0000,0.0075,1,goal,
7913,234,314.47,10.65,769.67,0.0000,0.0000,1,goal,
7914,2,-200.32,1.04,2.51,0.0000,0.0000,0,collision,
7915,48,-166.47,13.11,189.58,0.0417,0.0438,0,collision,
7916,49,-185.44,8.83,175.20,0.0408,0.0711,0,collision,
7917,194,-217.26,5.87,568.39,0.0103,0.1160,0,collision,
7918,4,-203.04,0.52,1.94,0.0000,0.0000,0,collision,
7919,44,-171.73,15.63,77.23,0.0000,0.0289,0,collision,
7920,235,319.85,12.44,307.97,0.0000,0.0302,1,goal,
7921,252,102.40,9.97,1188.47,0.0079,0.0007,0,removed_unknown,
7922,299,-215.87,5.98,1269.01,0.0000,0.0000,0,collision,
7923,316,219.69,8.59,1019.20,0.0000,0.0182,1,goal,
7924,4,-204.98,0.00,0.30,0.5000,0.0000,0,collision,
2891,94,281.18,23.58,-52.99,0.0000,0.0038,1,goal,
2892,215,341.43,12.13,744.79,0.0000,0.0023,1,goal,
2893,199,-186.82,7.41,740.69,0.0101,0.0555,0,collision,
2894,227,-189.30,4.99,1124.49,0.0088,0.0000,0,collision,
2895,64,-175.14,8.31,424.92,0.0000,0.0000,0,collision,
2896,75,-156.80,11.00,169.23,0.0000,0.0203,0,collision,
2897,133,-211.37,4.23,573.79,0.0150,0.0957,0,collision,
2898,177,-140.74,7.93,1021.78,0.0000,0.0000,0,collision,
2899,137,-112.61,11.91,338.76,0.0000,0.0000,0,collision,
2900,277,230.49,8.04,848.38,0.0000,0.0880,1,goal,
7925,139,-302.63,2.38,399.49,0.0144,0.0000,0,collision,
7926,37,-207.57,2.91,127.56,0.0000,0.0000,0,collision,
7927,101,-194.88,5.09,509.85,0.0198,0.0000,0,collision,
7928,26,-200.08,3.69,109.17,0.0769,0.0000,0,collision,
7929,222,-224.07,4.00,982.15,0.0000,0.0348,0,collision,
7930,122,-146.30,9.14,674.24,0.0000,0.0429,0,collision,
7931,174,-111.16,14.50,246.62,0.0000,0.0056,0,collision,
7932,6,-199.91,3.46,40.24,0.0000,0.0000,0,collision,
7933,124,-90.33,19.63,-171.16,0.0000,0.0176,0,collision,
7934,86,-160.63,14.72,-13.61,0.0000,0.0000,0,collision,
7935,49,-200.44,4.68,276.23,0.0000,0.0000,0,collision,
7936,151,-95.50,14.35,768.53,0.0132,0.0000,0,collision,
7937,24,-183.79,11.18,135.17,0.0000,0.0365,0,collision,
7938,8,-209.33,0.52,3.99,0.2500,0.0000,0,collision,
7939,127,-157.77,11.32,243.91,0.0000,0.0158,0,collision,
7940,125,-128.94,9.81,752.88,0.0160,0.0000,0,collision,
7941,181,-129.29,11.92,275.09,0.0110,0.0140,0,collision,
7942,273,-110.64,7.62,1484.79,0.0000,0.0000,0,collision,
7943,301,279.40,9.37,954.17,0.0000,0.0061,1,goal,
7944,41,-189.61,6.78,225.50,0.0000,0.0000,0,collision,
7945,169,-179.33,7.58,554.35,0.0118,0.0084,0,collision,
7946,130,-150.86,10.48,305.82,0.0000,0.1157,0,collision,
7947,133,-155.87,10.82,352.80,0.0150,0.0961,0,collision,
7948,6,-199.11,3.46,40.24,0.3333,0.0000,0,collision,
7949,515,146.76,5.84,1919.98,0.0000,0.0229,1,goal,
7950,105,-140.03,14.37,52.62,0.0190,0.1222,0,collision,
7951,214,361.31,14.88,267.53,0.0000,0.0084,1,goal,
7952,220,315.18,11.09,597.54,0.0000,0.0000,1,goal,
7953,171,-164.47,7.72,591.33,0.0000,0.0000,0,collision,
7954,23,-209.33,2.71,71.55,0.0870,0.2008,0,collision,
7955,47,-234.40,1.58,80.28,0.0000,0.0000,0,collision,
2901,195,-128.11,11.12,865.54,0.0103,0.0314,0,collision,
2902,265,304.70,9.00,1130.90,0.0000,0.0000,1,goal,
2903,8,-208.09,0.78,5.63,0.2500,0.0000,0,collision,
2904,102,-153.27,10.78,276.49,0.0196,0.0000,0,collision,
2905,157,-223.19,6.12,349.21,0.0127,0.0215,0,collision,
2906,445,-169.40,6.05,1693.87,0.0045,0.0192,0,collision,
2907,17,-210.17,1.86,34.08,0.0000,0.0000,0,collision,
2908,105,-188.61,6.57,376.64,0.0000,0.0000,0,collision,
2909,297,-136.92,7.88,1042.42,0.0000,0.0122,0,collision,
2910,429,-286.43,4.74,1464.70,0.0047,0.0358,0,collision,
7956,389,-136.39,9.01,735.72,0.0051,0.0044,0,removed_unknown,
7957,8,-208.03,0.52,3.99,0.2500,0.0000,0,collision,
7958,82,-230.86,2.91,250.47,0.0244,0.0324,0,collision,
7959,112,-210.71,7.00,250.56,0.0179,0.0509,0,collision,
7960,104,-222.70,3.89,357.39,0.0000,0.0073,0,collision,
7961,128,-178.78,6.43,554.32,0.0156,0.0742,0,collision,
7962,4,-205.82,0.00,0.30,0.0000,0.2504,0,collision,
7963,167,-153.88,6.97,937.16,0.0000,0.0000,0,collision,
7964,293,-144.60,7.46,1001.58,0.0000,0.0098,0,collision,
7965,171,270.54,13.11,196.79,0.0000,0.0005,1,goal,
7966,7,-205.39,1.05,7.96,0.0000,0.0000,0,collision,
7967,9,-202.17,2.02,20.18,0.2222,0.0000,0,collision,
7968,10,-202.97,1.80,21.17,0.2000,0.0000,0,collision,
7969,108,-194.24,7.06,348.32,0.0185,0.0172,0,collision,
7970,257,291.46,10.90,474.59,0.0000,0.0139,1,goal,
7971,341,-125.36,7.62,1197.11,0.0059,0.0000,0,collision,
7972,211,297.84,12.11,248.93,0.0000,0.0144,1,goal,
7973,133,-201.48,5.10,644.11,0.0150,0.0193,0,collision,
7974,73,-174.24,14.01,195.82,0.0274,0.0142,0,collision,
7975,87,-140.84,17.71,-2.02,0.0000,0.0067,0,collision,
7976,113,281.50,18.59,-91.17,0.0000,0.0000,1,goal,
7977,108,-178.13,10.59,117.55,0.0000,0.0106,0,collision,
7978,117,-226.39,3.52,465.21,0.0000,0.0000,0,collision,
7979,194,-168.53,9.21,233.55,0.0000,0.0180,0,collision,
7980,211,299.09,12.26,454.88,0.0000,0.0000,1,goal,
7981,6,-205.11,0.69,4.55,0.3333,0.0000,0,collision,
7982,17,-201.77,3.37,88.43,0.0141,0.0000,0,collision,
7983,303,-262.37,4.32,1126.86,0.0000,0.0577,0,collision,
7984,159,-132.21,11.84,476.28,0.0000,0.0051,0,collision,
7985,54,-153.02,17.86,211.54,0.0000,0.0000,0,collision,
2911,37,-205.29,3.09,131.20,0.0000,0.0000,0,collision,
2912,8,-203.69,1.61,13.98,0.0000,0.0000,0,collision,
2913,34,-189.19,10.16,114.77,0.0588,0.0530,0,collision,
2914,156,-201.05,7.77,411.43,0.0000,0.0047,0,collision,
2915,178,-137.48,10.07,373.73,0.0112,0.0199,0,collision,
2916,45,-168.87,11.59,187.64,0.0000,0.0684,0,collision,
2917,110,-245.86,4.16,369.10,0.0000,0.0211,0,collision,
2918,187,-131.42,10.51,569.19,0.0107,0.0212,0,collision,
2919,104,-135.54,9.71,691.83,0.0000,0.0211,0,collision,
2920,107,-188.41,5.65,677.46,0.0000,0.0000,0,collision,
7986,525,-144.11,8.09,1932.43,0.0038,0.0232,0,removed_unknown,
7987,154,-209.76,5.31,788.29,0.0130,0.0711,0,collision,
7988,33,-178.28,12.59,80.38,0.0000,0.0293,0,collision,
7989,8,-208.19,0.78,5.63,0.2500,0.0000,0,collision,
7990,50,-155.54,18.59,-35.30,0.0400,0.0000,0,collision,
7991,157,-147.56,7.05,943.05,0.0000,0.0000,0,collision,
7992,13,-205.62,2.50,36.47,0.1538,0.0000,0,collision,
7993,41,-173.39,9.30,181.21,0.0000,0.0000,0,collision,
7994,176,-148.19,9.34,512.45,0.0000,0.0039,0,collision,
7995,7,-205.93,1.19,11.98,0.2857,0.1066,0,collision,
7996,69,-218.73,6.03,181.93,0.0290,0.0419,0,collision,
7997,97,-125.20,16.14,-67.95,0.0000,0.0152,0,collision,
7998,197,-65.08,12.49,568.76,0.0000,0.0032,0,collision,
7999,259,-209.18,8.44,183.56,0.0000,0.0059,0,collision,
8000,196,-143.26,10.17,647.33,0.0102,0.0007,0,collision,
8001,386,-281.73,5.77,908.59,0.0052,0.0077,0,collision,
8002,102,-132.50,16.37,-103.66,0.0196,0.0055,0,collision,
8003,70,-166.41,17.00,38.47,0.0286,0.0130,0,collision,
8004,314,246.93,7.77,1079.65,0.0000,0.0139,1,goal,
8005,224,298.90,10.36,633.96,0.0000,0.0048,1,goal,
8006,106,-149.86,7.87,801.52,0.0000,0.0281,0,collision,
8007,68,-191.26,6.95,253.80,0.0000,0.0000,0,collision,
8008,72,-174.98,8.73,199.66,0.0000,0.0663,0,collision,
8009,110,-187.22,8.34,471.32,0.0000,0.1274,0,collision,
8010,8,-200.73,2.19,23.14,0.0000,0.0000,0,collision,
8011,263,-213.87,5.61,1119.45,0.0000,0.0172,0,collision,
8012,78,-124.93,24.12,-53.19,0.0256,0.0000,0,collision,
8013,38,-180.78,6.60,321.24,0.0000,0.0407,0,collision,
8014,53,-186.89,5.18,322.15,0.0000,0.0730,0,collision,
8015,56,-178.70,6.65,431.98,0.0357,0.1462,0,collision,
8016,185,-206.85,8.36,511.63,0.0108,0.0000,0,collision,
2921,75,-210.57,4.14,349.13,0.0267,0.0432,0,collision,
2922,141,-133.51,9.79,453.29,0.0142,0.0402,0,collision,
2923,130,-218.07,4.02,548.74,0.0000,0.0000,0,collision,
2924,127,319.88,22.99,-178.90,0.0000,0.0000,1,goal,
2925,85,-173.80,6.11,561.71,0.0235,0.0000,0,collision,
2926,86,-169.97,7.73,432.73,0.0233,0.0174,0,collision,
2927,19,-204.92,2.29,65.98,0.1053,0.0160,0,collision,
2928,56,-166.77,16.56,78.89,0.0357,0.0234,0,collision,
2929,183,-249.12,3.68,577.93,0.0109,0.0116,0,collision,
2930,277,343.30,8.64,1840.09,0.0000,0.0000,1,goal,
8017,302,-230.30,7.83,1103.26,0.0066,0.0047,0,collision,
8018,46,-186.33,12.23,95.51,0.0435,0.0270,0,collision,
8019,242,-174.88,6.98,1053.22,0.0000,0.0025,0,collision,
8020,322,-156.72,7.49,946.05,0.0062,0.0000,0,collision,
8021,178,-210.40,5.21,828.78,0.0000,0.0105,0,collision,
8022,317,-171.78,7.20,1019.76,0.0000,0.0389,0,collision,
8023,106,-154.75,8.55,669.07,0.0000,0.0007,0,collision,
8024,268,287.40,10.51,918.08,0.0000,0.0000,1,goal,
8025,222,-200.55,6.76,913.61,0.0090,0.0396,0,collision,
8026,67,-180.17,7.18,377.54,0.0000,0.0000,0,collision,
8027,56,-173.95,12.52,116.26,0.0000,0.0000,0,collision,
8028,255,313.87,11.66,535.07,0.0000,0.0145,1,goal,
8029,57,-212.45,3.61,232.40,0.0351,0.0000,0,collision,
8030,67,-167.15,10.29,160.46,0.0299,0.0342,0,collision,
8031,63,-234.48,2.25,160.64,0.0000,0.0000,0,collision,
8032,46,-185.65,6.84,366.23,0.0435,0.0000,0,collision,
8033,19,-212.75,1.50,33.80,0.0000,0.0000,0,collision,
8034,130,-230.81,4.21,635.91,0.0000,0.1620,0,collision,
8035,134,-168.32,12.96,201.04,0.0149,0.0000,0,collision,
8036,207,-185.36,6.44,912.97,0.0097,0.0175,0,collision,
8037,247,291.01,9.65,739.63,0.0000,0.0000,1,goal,
8038,186,-201.18,4.75,814.09,0.0108,0.0000,0,collision,
8039,235,-218.92,5.00,860.06,0.0000,0.0017,0,collision,
8040,112,-176.70,5.33,678.05,0.0000,0.0177,0,collision,
8041,83,-211.88,6.97,99.36,0.0241,0.1352,0,collision,
8042,122,-247.98,3.54,425.21,0.0164,0.0207,0,collision,
8043,144,-189.12,6.07,748.06,0.0000,0.0000,0,collision,
2931,61,-175.46,9.48,220.57,0.0000,0.0416,0,collision,
2932,170,-221.17,4.21,780.71,0.0118,0.0000,0,collision,
2933,4,-203.74,0.52,1.94,0.0000,0.0058,0,collision,
2934,21,-186.89,7.22,207.45,0.0000,0.0000,0,collision,
2935,127,-128.67,11.27,374.15,0.0157,0.0000,0,collision,
2936,137,-126.51,12.53,194.33,0.0146,0.0000,0,collision,
2937,203,-182.80,7.12,855.89,0.0099,0.0426,0,collision,
2938,56,-159.27,15.79,128.22,0.0357,0.0160,0,collision,
2939,4,-202.49,1.04,4.35,0.0000,0.0000,0,collision,
2940,111,-112.34,15.77,162.24,0.0180,0.0064,0,collision,
8044,115,-226.06,7.96,478.33,0.0000,0.0155,0,collision,
8045,83,-242.45,3.33,242.49,0.0000,0.2864,0,collision,
8046,277,290.76,10.05,741.16,0.0000,0.0062,1,goal,
8047,1,-200.00,0.00,0.00,0.0000,0.0000,0,collision,
8048,386,215.01,6.41,1748.02,0.0000,0.0000,1,goal,
8049,4,-203.74,0.52,1.94,0.0000,0.0000,0,collision,
8050,115,-197.80,4.52,560.28,0.0000,0.0035,0,collision,
8051,84,-206.94,3.29,311.60,0.0000,0.0000,0,collision,
8052,33,-185.75,16.04,38.67,0.0606,0.0469,0,collision,
8053,239,211.00,11.51,122.65,0.0000,0.0361,1,goal,
8054,28,-181.20,14.74,91.49,0.0714,0.0000,0,collision,
8055,107,-202.09,5.23,520.05,0.0187,0.0923,0,collision,
8056,59,-162.04,14.62,91.88,0.0000,0.0311,0,collision,
8057,19,-196.02,4.69,107.44,0.1053,0.0000,0,collision,
8058,155,-149.81,9.03,615.94,0.0129,0.0464,0,collision,
8059,188,298.70,13.33,113.89,0.0000,0.0000,1,goal,
8060,29,-202.38,9.21,146.28,0.0690,0.2069,0,collision,
8061,76,-168.84,6.07,488.69,0.0000,0.0000,0,collision,
8062,50,-180.05,12.71,52.26,0.0400,0.0131,0,collision,
8063,272,282.22,10.15,699.55,0.0000,0.0022,1,goal,
8064,189,-152.93,10.62,355.65,0.0106,0.0043,0,collision,
8065,38,-197.35,7.46,91.07,0.0526,0.2115,0,collision,
8066,171,-126.63,10.06,523.01,0.0117,0.0147,0,collision,
8067,70,-189.57,8.26,208.17,0.0286,0.0871,0,collision,
8068,22,-210.37,2.58,64.37,0.0000,0.0165,0,collision,
8069,116,-166.02,7.19,649.56,0.0172,0.0145,0,collision,
8070,261,-118.89,8.52,870.20,0.0000,0.0247,0,collision,
8071,11,-203.57,2.24,30.84,0.0000,0.0000,0,collision,
8072,2,-200.32,1.04,2.51,1.0000,0.0000,0,collision,
8073,38,-185.08,6.32,298.71,0.0000,0.0000,0,collision,
8074,68,-186.39,8.29,269.01,0.0000,0.0186,0,collision,
8075,204,-214.44,7.05,543.54,0.0098,0.0812,0,collision,
8076,105,-197.82,4.72,501.03,0.0000,0.0000,0,collision,
8077,64,-225.70,2.06,146.45,0.0000,0.0480,0,collision,
8078,116,310.91,19.92,-10.67,0.0000,0.0000,1,goal,
8079,113,-208.37,4.49,549.01,0.0177,0.0223,0,collision,
8080,122,-124.80,12.67,230.17,0.0000,0.0328,0,collision,
2941,9,-206.17,1.38,15.47,0.0000,0.0000,0,collision,
2942,147,-180.04,7.50,512.64,0.0136,0.0000,0,collision,
2943,180,-128.56,10.49,704.74,0.0000,0.0160,0,collision,
2944,135,-132.13,10.62,422.32,0.0000,0.0102,0,collision,
2945,76,-203.74,4.31,377.03,0.0000,0.0000,0,collision,
2946,74,-219.10,3.77,317.32,0.0000,0.1307,0,collision,
2947,69,-167.94,9.05,296.99,0.0000,0.0293,0,collision,
2948,144,-156.71,8.59,445.74,0.0139,0.0000,0,collision,
2949,82,-212.22,5.35,481.72,0.0244,0.2118,0,collision,
2950,287,350.78,10.01,1218.74,0.0000,0.0109,1,goal,
8081,174,-159.29,10.56,572.97,0.0000,0.0063,0,collision,
8082,86,-192.55,6.00,461.07,0.0233,0.0150,0,collision,
8083,99,-187.24,5.73,558.31,0.0000,0.0264,0,collision,
8084,112,-202.29,5.65,641.23,0.0179,0.0000,0,collision,
8085,98,-124.28,14.83,157.78,0.0204,0.0142,0,collision,
8086,329,207.82,7.47,1059.11,0.0000,0.0109,1,goal,
8087,377,-203.36,7.11,1465.84,0.0000,0.0089,0,collision,
8088,162,-175.26,5.60,933.97,0.0123,0.0000,0,collision,
8089,260,279.38,10.71,685.56,0.0000,0.0017,1,goal,
8090,64,-183.93,10.57,22.67,0.0000,0.1026,0,collision,
8091,222,322.54,12.85,352.85,0.0000,0.0000,1,goal,
8092,90,-195.72,5.79,405.09,0.0000,0.0062,0,collision,
8093,148,-186.80,6.17,572.87,0.0000,0.0180,0,collision,
8094,268,-218.92,5.18,1054.46,0.0000,0.0000,0,collision,
8095,4,-203.74,0.52,1.94,0.5000,0.0000,0,collision,
8096,1,-200.00,0.00,0.00,0.0000,0.0000,0,collision,
8097,80,-175.33,6.80,347.53,0.0000,0.0000,0,collision,
8098,90,-221.66,3.38,271.65,0.0222,0.0000,0,collision,
8099,75,-183.38,11.34,184.83,0.0267,0.0290,0,collision,
8100,222,-190.76,5.90,848.73,0.0090,0.0498,0,collision,
8101,166,-108.90,11.22,671.32,0.0120,0.0058,0,collision,
8102,218,-162.06,7.48,1061.31,0.0000,0.0003,0,collision,
8103,101,-193.34,7.75,334.29,0.0000,0.0000,0,collision,
8104,137,-153.23,8.71,485.49,0.0000,0.0144,0,collision,
8105,58,-153.75,15.30,277.27,0.0000,0.0166,0,collision,
8106,301,308.37,9.27,1108.49,0.0000,0.0073,1,goal,
8107,87,-203.23,4.32,355.80,0.0230,0.0540,0,collision,
8108,2,-200.76,1.04,2.51,0.0000,0.2785,0,collision,
8109,53,-175.42,7.57,287.41,0.0377,0.0000,0,collision,
2951,98,-172.22,8.57,345.16,0.0204,0.0211,0,collision,
2952,70,-170.73,9.63,271.41,0.0286,0.0180,0,collision,
2953,339,-227.58,4.75,1469.67,0.0000,0.0000,0,collision,
2954,164,-140.88,8.88,771.15,0.0000,0.0000,0,collision,
2955,2,-200.32,1.04,2.51,0.0000,0.0000,0,collision,
2956,289,231.45,8.09,648.71,0.0000,0.0040,1,goal,
2957,151,-175.08,6.16,788.52,0.0000,0.0000,0,collision,
2958,5,-202.07,1.48,7.76,0.4000,0.0000,0,collision,
2959,106,-181.26,6.53,498.93,0.0189,0.0000,0,collision,
2960,28,-190.37,7.16,182.12,0.0714,0.0000,0,collision,
8110,399,-350.05,6.81,1376.42,0.0050,0.0182,0,collision,
8111,315,-247.27,6.33,947.77,0.0000,0.0487,0,collision,
8112,175,-215.68,5.45,592.87,0.0114,0.0021,0,collision,
8113,17,-202.79,2.79,55.03,0.0000,0.1050,0,collision,
8114,193,-189.85,7.19,556.10,0.0104,0.0000,0,collision,
8115,238,-231.64,6.61,512.64,0.0084,0.1325,0,collision,
8116,14,-195.69,5.40,110.89,0.0000,0.0000,0,collision,
8117,98,-135.49,13.89,120.17,0.0000,0.0289,0,collision,
8118,89,-229.81,3.49,328.18,0.0225,0.0000,0,collision,
8119,34,-191.27,9.37,78.43,0.0000,0.0000,0,collision,
8120,41,-182.50,6.99,192.96,0.0000,0.0233,0,collision,
8121,301,-182.37,6.54,1134.01,0.0066,0.0163,0,collision,
8122,363,293.83,7.74,1716.83,0.0000,0.0016,1,goal,
8123,165,-209.05,5.99,671.58,0.0121,0.1120,0,collision,
8124,287,-306.80,3.98,954.17,0.0000,0.0412,0,collision,
8125,66,-199.61,6.23,256.82,0.0000,0.0915,0,collision,
8126,90,-172.45,8.45,576.66,0.0000,0.0000,0,collision,
8127,123,-229.39,5.36,360.42,0.0000,0.2137,0,collision,
8128,24,-190.78,8.64,210.10,0.0833,0.0000,0,collision,
8129,4,-203.74,0.52,2.71,0.5000,0.0000,0,collision,
8130,211,-232.37,4.20,842.72,0.0095,0.0000,0,collision,
8131,325,320.83,8.90,1310.00,0.0000,0.0000,1,goal,
8132,355,-233.78,6.41,803.87,0.0056,0.0000,0,collision,
8133,116,-202.83,5.54,503.05,0.0172,0.0909,0,collision,
8134,2,-201.66,0.00,0.10,1.0000,0.0000,0,collision,
8135,103,-167.06,8.41,359.05,0.0000,0.0000,0,collision,
2961,223,-120.42,9.55,805.78,0.0000,0.0633,0,collision,
2962,112,-204.49,4.36,481.32,0.0179,0.0000,0,collision,
2963,312,-285.67,4.96,809.40,0.0064,0.0153,0,collision,
2964,34,-210.66,4.39,127.96,0.0000,0.0356,0,collision,
2965,18,-223.77,0.46,8.28,0.0000,0.0684,0,collision,
2966,234,-322.19,3.15,673.38,0.0000,0.1066,0,collision,
2967,138,-235.96,3.83,570.66,0.0000,0.0286,0,collision,
2968,22,-213.99,1.68,52.67,0.0000,0.0000,0,collision,
2969,238,-210.75,5.46,902.87,0.0084,0.0000,0,collision,
2970,211,291.04,10.75,450.24,0.0000,0.0000,1,goal,
8136,199,-268.53,8.39,470.23,0.0000,0.0162,0,collision,
8137,254,-183.33,8.58,490.65,0.0000,0.0217,0,collision,
8138,237,-111.76,8.11,1182.02,0.0000,0.0140,0,collision,
8139,128,-172.53,6.32,720.93,0.0156,0.0000,0,collision,
8140,115,-177.49,7.57,368.32,0.0000,0.0067,0,collision,
8141,311,297.77,9.00,1179.01,0.0000,0.0018,1,goal,
8142,81,-238.47,3.00,280.83,0.0247,0.0207,0,collision,
8143,149,-205.42,5.62,678.39,0.0134,0.0457,0,collision,
8144,45,-202.49,3.65,227.85,0.0000,0.0000,0,collision,
8145,7,-207.67,0.59,3.89,0.2857,0.0000,0,collision,
8146,3,-203.32,0.00,0.20,0.6667,0.0000,0,collision,
8147,122,-174.33,7.18,657.47,0.0164,0.0000,0,collision,
8148,40,-191.21,4.82,228.69,0.0000,0.0000,0,collision,
8149,246,-146.90,7.30,911.93,0.0000,0.0000,0,collision,
8150,406,186.33,6.36,1340.57,0.0000,0.0438,1,goal,
8151,351,230.81,7.09,1113.06,0.0000,0.0000,1,goal,
8152,352,-221.15,5.69,1331.91,0.0000,0.0277,0,collision,
8153,87,-182.00,8.53,268.78,0.0230,0.0121,0,collision,
8154,125,-196.06,7.12,328.32,0.0000,0.0010,0,collision,
8155,7,-206.77,0.59,4.65,0.2857,0.0000,0,collision,
8156,4,-202.04,0.52,1.94,0.5000,0.0000,0,collision,
8157,504,133.33,4.97,2243.32,0.0000,0.0177,1,goal,
8158,236,-167.65,7.81,673.27,0.0000,0.0034,0,collision,
2971,12,-206.04,1.59,24.09,0.1667,0.0000,0,collision,
2972,206,-146.12,7.56,784.16,0.0000,0.0044,0,collision,
2973,24,-217.59,1.60,52.35,0.0000,0.2079,0,collision,
2974,17,-207.38,1.94,36.22,0.0000,0.0000,0,collision,
2975,48,-210.88,4.22,121.99,0.0417,0.0000,0,collision,
2976,81,-198.39,4.99,394.77,0.0000,0.0046,0,collision,
2977,109,-205.45,3.82,481.10,0.0000,0.0066,0,collision,
2978,179,-188.62,6.11,640.09,0.0112,0.0000,0,collision,
2979,53,-157.70,19.85,-78.57,0.0000,0.0381,0,collision,
2980,26,-178.07,15.20,92.65,0.0769,0.0000,0,collision,
8159,355,-171.38,10.58,1163.45,0.0000,0.0089,0,collision,
8160,115,-115.33,16.64,126.04,0.0174,0.0818,0,collision,
8161,76,-179.80,7.17,339.07,0.0000,0.0000,0,collision,
8162,263,255.24,8.72,886.78,0.0000,0.0418,1,goal,
8163,90,-224.27,6.05,222.45,0.0000,0.2196,0,collision,
8164,198,-197.85,4.74,863.48,0.0000,0.0076,0,collision,
8165,296,-178.27,7.05,1076.81,0.0068,0.0034,0,collision,
8166,208,-147.66,8.26,658.66,0.0096,0.0552,0,collision,
8167,2,-200.32,1.04,2.51,0.0000,0.0000,0,collision,
8168,249,-99.63,9.23,864.88,0.0000,0.0224,0,collision,
8169,141,-243.45,3.33,434.04,0.0142,0.0056,0,collision,
8170,306,-169.37,7.04,1053.17,0.0000,0.0295,0,collision,
8171,131,-139.22,11.23,351.50,0.0153,0.0276,0,collision,
8172,30,-171.13,22.50,46.33,0.0000,0.0000,0,collision,
8173,104,-93.34,27.34,-199.94,0.0000,0.0064,0,collision,
8174,69,-158.40,9.70,470.82,0.0000,0.0000,0,collision,
8175,141,-150.16,9.79,384.40,0.0000,0.0842,0,collision,
8176,238,-168.88,8.59,624.72,0.0000,0.0032,0,collision,
8177,153,-158.14,8.23,690.11,0.0131,0.0000,0,collision,
8178,109,-231.71,3.03,394.91,0.0000,0.1548,0,collision,
8179,102,-139.68,11.05,488.47,0.0000,0.0119,0,collision,
8180,83,-131.36,16.56,13.35,0.0000,0.0208,0,collision,
8181,34,-185.92,5.83,210.38,0.0000,0.0000,0,collision,
8182,93,-188.78,6.82,478.50,0.0215,0.0690,0,collision,
8183,268,302.54,9.25,882.02,0.0000,0.0203,1,goal,
8184,99,-198.43,5.51,484.16,0.0000,0.0420,0,collision,
8185,32,-183.87,9.24,218.01,0.0625,0.0000,0,collision,
8186,218,298.64,12.88,93.81,0.0000,0.0000,1,goal,
2981,61,-156.83,13.00,300.64,0.0000,0.0648,0,collision,
2982,96,-168.07,9.22,431.26,0.0000,0.0000,0,collision,
2983,103,-166.78,8.05,439.80,0.0000,0.0000,0,collision,
2984,51,-186.46,12.75,0.92,0.0392,0.0130,0,collision,
2985,287,334.14,9.96,987.75,0.0000,0.0038,1,goal,
2986,265,212.28,10.27,316.29,0.0000,0.0043,1,goal,
2987,122,-206.67,5.17,434.33,0.0164,0.0000,0,collision,
2988,2,-200.32,1.04,2.51,1.0000,0.0000,0,collision,
2989,26,-185.13,6.61,172.92,0.0000,0.0000,0,collision,
2990,142,-176.38,8.19,446.68,0.0141,0.0062,0,collision,
8187,222,-226.90,11.35,473.24,0.0000,0.0073,0,collision,
8188,19,-197.99,3.28,71.26,0.0000,0.0000,0,collision,
8189,194,-182.96,7.09,928.22,0.0103,0.0036,0,collision,
8190,127,-115.15,12.48,353.61,0.0000,0.0080,0,collision,
8191,247,-145.14,7.34,1066.14,0.0081,0.0057,0,collision,
8192,75,-214.99,3.86,268.64,0.0146,0.0190,0,collision,
8193,48,-204.77,3.84,211.39,0.0417,0.0000,0,collision,
8194,48,-205.43,3.41,184.09,0.0417,0.0000,0,collision,
8195,97,-165.31,7.44,419.23,0.0206,0.0000,0,collision,
8196,198,-251.95,3.50,781.52,0.0101,0.0370,0,collision,
8197,387,-175.82,6.26,1472.79,0.0000,0.0013,0,collision,
8198,5,-203.45,0.83,4.45,0.4000,0.0000,0,collision,
8199,362,277.50,7.00,1528.16,0.0000,0.0000,1,goal,
8200,125,-112.86,16.24,41.47,0.0160,0.0094,0,collision,
8201,142,-84.55,16.66,37.68,0.0000,0.0033,0,collision,
8202,135,-180.44,8.10,416.36,0.0000,0.0000,0,collision,
8203,21,-220.73,1.04,20.87,0.0000,0.0000,0,collision,
8204,152,-150.47,12.81,162.68,0.0000,0.0002,0,collision,
8205,219,-169.32,7.39,845.54,0.0000,0.0032,0,collision,
8206,106,-182.26,6.33,471.37,0.0189,0.0116,0,collision,
8207,180,312.41,14.26,165.77,0.0000,0.0000,1,goal,
8208,71,-137.09,19.02,1.87,0.0000,0.0192,0,collision,
8209,3,-199.63,2.08,9.94,0.6667,0.0000,0,collision,
8210,185,311.83,14.75,105.92,0.0000,0.0004,1,goal,
8211,104,-187.58,6.16,586.30,0.0000,0.0000,0,collision,
8212,154,-148.25,10.94,618.71,0.0130,0.0531,0,collision,
8213,35,-178.34,12.23,147.85,0.0000,0.0212,0,collision,
8214,47,-172.33,14.02,91.56,0.0426,0.0306,0,collision,
2991,111,-139.19,10.32,518.57,0.0180,0.0302,0,collision,
2992,169,289.67,14.15,218.85,0.0000,0.0210,1,goal,
2993,16,-201.98,3.04,54.13,0.1250,0.0000,0,collision,
2994,83,-210.66,4.40,353.39,0.0000,0.0894,0,collision,
2995,21,-188.84,7.94,125.05,0.0952,0.0000,0,collision,
2996,20,-210.73,2.11,46.93,0.0000,0.0000,0,collision,
2997,125,-203.16,6.44,574.36,0.0000,0.0992,0,collision,
2998,112,-131.48,11.77,374.63,0.0179,0.0046,0,collision,
2999,9,-208.81,0.82,8.59,0.1761,0.0000,0,collision,
3000,235,301.14,10.41,642.57,0.0000,0.0000,1,goal,
8215,509,-171.60,6.78,2259.47,0.0000,0.0118,0,collision,
8216,62,-204.68,4.24,340.58,0.0000,0.0037,0,collision,
8217,18,-221.46,0.64,12.35,0.0146,0.0000,0,collision,
8218,194,297.61,11.94,519.00,0.0000,0.0116,1,goal,
8219,197,-238.85,6.65,553.28,0.0000,0.0607,0,collision,
8220,176,-220.17,4.99,764.32,0.0000,0.1090,0,collision,
8221,8,-198.96,2.82,28.79,0.2500,0.0000,0,collision,
8222,83,-202.78,4.50,376.84,0.0000,0.0104,0,collision,
8223,82,-173.89,8.73,316.39,0.0244,0.0087,0,collision,
8224,282,-203.15,7.59,863.24,0.0071,0.0363,0,collision,
8225,61,-160.45,13.75,113.03,0.0000,0.1423,0,collision,
8226,13,-206.59,1.72,23.96,0.1538,0.0000,0,collision,
8227,97,-129.99,14.08,-48.19,0.0000,0.0350,0,collision,
8228,195,336.30,14.68,450.74,0.0000,0.0259,1,goal,
8229,328,-77.17,8.98,963.39,0.0061,0.0100,0,collision,
8230,69,-207.96,3.44,267.58,0.0290,0.0766,0,collision,
8231,53,-208.68,5.32,293.56,0.0000,0.1417,0,collision,
8232,26,-186.28,7.66,207.32,0.0769,0.0000,0,collision,
8233,204,296.67,11.03,476.88,0.0000,0.0000,1,goal,
8234,165,-304.10,2.95,371.78,0.0000,0.1378,0,collision,
8235,243,-129.20,7.40,1231.18,0.0082,0.0103,0,collision,
8236,4,-204.18,0.00,0.30,0.0000,0.0000,0,collision,
8237,175,-188.93,8.54,469.88,0.0000,0.0335,0,collision,
8238,341,228.55,6.66,1138.40,0.0000,0.0000,1,goal,
8239,96,-222.32,3.12,336.70,0.0208,0.0034,0,collision,
8240,20,-214.01,1.68,35.25,0.0000,0.0000,0,collision,
8241,235,-133.68,10.27,648.69,0.0085,0.0000,0,collision,
8242,149,303.39,16.64,331.58,0.0000,0.0000,1,goal,
8243,331,-241.26,4.37,1325.68,0.0000,0.0279,0,collision,
3001,135,-177.96,5.86,705.28,0.0000,0.0000,0,collision,
3002,34,-208.97,3.27,131.11,0.0588,0.0000,0,collision,
3003,161,-93.41,14.47,453.18,0.0000,0.0124,0,collision,
3004,300,-218.74,6.12,852.04,0.0000,0.0050,0,collision,
3005,239,162.12,9.79,142.05,0.0000,0.0000,1,goal,
3006,7,-198.39,3.33,38.88,0.2857,0.0000,0,collision,
3007,40,-208.33,3.76,172.38,0.0500,0.0600,0,collision,
3008,117,-207.58,4.42,558.46,0.0171,0.0405,0,collision,
3009,240,-186.17,6.71,880.93,0.0083,0.0375,0,collision,
3010,40,-188.46,6.84,206.67,0.0500,0.0000,0,collision,
8244,189,-121.17,15.45,294.64,0.0000,0.0109,0,collision,
8245,38,-201.78,5.86,272.84,0.0526,0.0000,0,collision,
8246,83,-145.10,15.64,77.32,0.0000,0.0251,0,collision,
8247,62,-170.43,11.31,147.49,0.0000,0.0323,0,collision,
8248,91,-196.68,4.73,508.72,0.0220,0.0000,0,collision,
8249,335,233.79,7.26,1299.64,0.0000,0.0117,1,goal,
8250,214,-271.67,5.81,392.82,0.0000,0.0050,0,collision,
8251,96,-140.81,14.05,239.26,0.0208,0.0221,0,collision,
8252,54,-206.07,3.47,218.38,0.0000,0.0000,0,collision,
8253,128,-153.56,10.33,336.61,0.0156,0.0032,0,collision,
8254,59,-200.41,4.69,296.39,0.0339,0.0416,0,collision,
8255,138,-201.24,5.10,696.23,0.0000,0.0000,0,collision,
8256,271,-163.75,7.00,877.90,0.0000,0.0352,0,collision,
8257,156,291.30,13.35,412.49,0.0000,0.0083,1,goal,
8258,70,-202.90,5.77,194.96,0.0000,0.0000,0,collision,
8259,191,-188.41,6.13,781.50,0.0105,0.0277,0,collision,
8260,4,-198.91,3.11,22.43,0.5000,0.0000,0,collision,
8261,85,-150.94,11.43,239.80,0.0000,0.0279,0,collision,
8262,89,-144.41,14.95,101.05,0.0225,0.0827,0,collision,
8263,83,-151.94,10.59,469.06,0.0241,0.0000,0,collision,
8264,57,-224.77,3.86,225.33,0.0000,0.3029,0,collision,
8265,114,-172.35,11.48,81.18,0.0000,0.0526,0,collision,
8266,123,-140.96,11.69,307.01,0.0163,0.0096,0,collision,
8267,192,329.40,13.61,652.28,0.0000,0.0002,1,goal,
8268,36,-183.92,6.31,275.08,0.0000,0.0935,0,collision,
8269,214,326.73,12.07,820.33,0.0000,0.0036,1,goal,
8270,66,-171.09,16.14,83.90,0.0000,0.0054,0,collision,
8271,187,-83.62,13.54,442.79,0.0107,0.0055,0,collision,
8272,142,-123.36,15.84,-16.05,0.0000,0.0073,0,collision,
8273,296,273.70,8.44,858.78,0.0000,0.0000,1,goal,
8274,293,-229.95,8.26,293.14,0.0000,0.0203,0,collision,
3011,33,-226.32,1.29,47.25,0.0000,0.0000,0,collision,
3012,100,-209.88,4.34,449.26,0.0000,0.0054,0,collision,
3013,11,-200.33,2.49,32.63,0.1818,0.0000,0,collision,
3014,68,-167.39,9.78,372.87,0.0000,0.0653,0,collision,
3015,86,271.41,22.49,-72.30,0.0000,0.0000,1,goal,
3016,77,-172.44,7.20,400.70,0.0260,0.0000,0,collision,
3017,75,-135.65,23.64,-47.38,0.0000,0.0178,0,collision,
3018,258,302.08,8.94,1186.40,0.0000,0.0042,1,goal,
3019,65,-143.16,21.86,-10.42,0.0000,0.0240,0,collision,
3020,161,-273.81,3.99,562.50,0.0124,0.0156,0,collision,
8275,227,-349.57,3.15,854.19,0.0000,0.0013,0,collision,
8276,280,302.19,8.03,1580.41,0.0000,0.0092,1,goal,
8277,13,-205.15,2.04,32.06,0.0000,0.0000,0,collision,
8278,27,-192.51,9.83,114.67,0.0000,0.0942,0,collision,
8279,37,-203.78,3.45,167.00,0.0000,0.0000,0,collision,
8280,19,-195.48,4.97,108.78,0.1053,0.0000,0,collision,
8281,168,-190.76,6.79,682.04,0.0119,0.1115,0,collision,
8282,267,-172.72,6.01,1250.49,0.0075,0.0024,0,collision,
8283,2,-200.86,0.00,0.10,0.0000,0.0000,0,collision,
8284,6,-206.36,0.35,2.14,0.0000,0.0000,0,collision,
8285,27,-188.97,6.82,235.10,0.0741,0.0000,0,collision,
8286,54,-182.24,7.31,291.07,0.0000,0.0000,0,collision,
8287,11,-209.45,2.26,44.03,0.0000,0.4874,0,collision,
8288,79,-139.84,14.38,32.95,0.0000,0.0218,0,collision,
8289,200,-110.99,13.28,513.72,0.0000,0.0060,0,collision,
8290,119,-192.09,6.99,300.36,0.0000,0.0193,0,collision,
8291,154,275.49,11.93,473.07,0.0000,0.0080,1,goal,
8292,103,-182.50,11.89,143.79,0.0194,0.0079,0,collision,
8293,71,-200.83,5.16,390.39,0.0282,0.0000,0,collision,
8294,40,-190.14,5.05,233.90,0.0500,0.0000,0,collision,
8295,56,-160.65,11.57,210.10,0.0357,0.0438,0,collision,
8296,134,-204.27,6.19,384.98,0.0149,0.0050,0,collision,
8297,103,-173.39,14.23,91.20,0.0194,0.0083,0,collision,
8298,173,-147.74,8.11,709.00,0.0116,0.0051,0,collision,
8299,150,-182.94,6.32,670.07,0.0000,0.0063,0,collision,
8300,72,-194.20,9.01,101.49,0.0278,0.1535,0,collision,
8301,17,-207.71,2.73,52.63,0.0000,0.0000,0,collision,
8302,153,-186.71,6.88,406.37,0.0000,0.0086,0,collision,
8303,61,-187.11,6.10,239.88,0.0000,0.0999,0,collision,
8304,144,-145.81,7.70,815.92,0.0000,0.0000,0,collision,
8305,254,-176.48,9.76,414.94,0.0000,0.0452,0,collision,
8306,178,-171.44,8.84,414.53,0.0000,0.0095,0,collision,
8307,3,-201.28,0.69,2.61,0.0000,0.0008,0,collision,
8308,124,-196.92,8.21,407.28,0.0161,0.0059,0,collision,
8309,95,-148.55,13.57,-27.27,0.0000,0.0196,0,collision,
8310,30,-185.91,8.62,184.80,0.0667,0.0700,0,collision,
8311,32,-187.89,5.43,203.11,0.0000,0.0000,0,collision,
8312,314,-117.51,8.65,1353.12,0.0000,0.0378,0,collision,
8313,72,-171.90,8.81,386.39,0.0278,0.0981,0,collision,
3021,82,-170.45,10.00,185.61,0.0000,0.0313,0,collision,
3022,4,-200.89,1.56,10.04,0.0000,0.0000,0,collision,
3023,103,-212.90,4.38,378.99,0.0194,0.0000,0,collision,
3024,46,-195.29,4.74,213.90,0.0094,0.0000,0,collision,
3025,263,-120.53,9.20,786.53,0.0076,0.0000,0,collision,
3026,20,-201.31,2.86,65.07,0.1000,0.0000,0,collision,
3027,188,-230.08,5.36,590.48,0.0000,0.0269,0,collision,
3028,53,-158.74,12.87,344.93,0.0377,0.0000,0,collision,
3029,12,-204.60,1.76,25.51,0.1667,0.0000,0,collision,
3030,11,-203.16,2.75,49.74,0.1818,0.0625,0,collision,
8314,171,-148.59,15.69,15.47,0.0000,0.0062,0,collision,
8315,9,-207.67,1.05,9.80,0.0000,0.0000,0,collision,
8316,225,-187.75,8.49,550.33,0.0089,0.0496,0,collision,
8317,147,-97.97,15.13,191.50,0.0136,0.0086,0,collision,
8318,94,-178.51,13.32,138.19,0.0000,0.0216,0,collision,
8319,199,330.65,14.66,170.68,0.0000,0.0000,1,goal,
8320,152,317.04,17.55,268.01,0.0000,0.0129,1,goal,
8321,301,296.08,9.23,926.63,0.0000,0.0030,1,goal,
8322,109,-238.34,2.80,342.74,0.0000,0.0054,0,collision,
8323,207,328.63,13.21,226.58,0.0000,0.0000,1,goal,
8324,150,-222.89,4.77,622.75,0.0000,0.0047,0,collision,
8325,48,-165.65,13.17,240.51,0.0417,0.0115,0,collision,
8326,78,-210.24,3.34,301.10,0.0000,0.0485,0,collision,
8327,237,-248.44,4.60,965.55,0.0084,0.0613,0,collision,
8328,275,-110.63,10.18,1097.20,0.0073,0.0151,0,collision,
8329,4,-203.04,0.52,1.94,0.0000,0.0000,0,collision,
8330,276,-116.44,7.74,1494.25,0.0000,0.0048,0,collision,
8331,3,-203.32,0.00,0.20,0.0000,0.0000,0,collision,
8332,276,307.72,9.29,1201.28,0.0000,0.0008,1,goal,
8333,87,-207.45,4.01,413.97,0.0000,0.0493,0,collision,
8334,227,305.48,10.94,682.76,0.0000,0.0026,1,goal,
8335,158,-200.30,9.24,345.59,0.0000,0.0381,0,collision,
8336,82,-178.05,8.62,337.34,0.0000,0.0713,0,collision,
8337,228,324.54,11.27,563.50,0.0000,0.0044,1,goal,
8338,96,-119.06,19.30,-94.38,0.0208,0.0048,0,collision,
8339,29,-197.17,4.08,147.46,0.0690,0.0000,0,collision,
8340,107,-186.42,7.53,451.74,0.0187,0.0528,0,collision,
8341,2,-201.16,0.00,0.10,0.0000,0.0000,0,collision,
3031,72,-154.88,9.57,377.86,0.0000,0.0233,0,collision,
3032,139,-146.88,10.26,239.88,0.0000,0.0149,0,collision,
3033,48,-177.59,7.43,336.93,0.0000,0.0594,0,collision,
3034,61,-222.49,2.62,178.91,0.0000,0.0150,0,collision,
3035,202,-131.89,7.40,988.88,0.0099,0.0035,0,collision,
3036,378,-158.47,5.36,1919.10,0.0053,0.0203,0,collision,
3037,143,-137.73,9.05,649.14,0.0000,0.0243,0,collision,
3038,366,343.97,8.01,1938.79,0.0000,0.0043,1,goal,
3039,32,-209.70,2.88,103.06,0.0625,0.0298,0,collision,
3040,89,-137.46,13.17,120.18,0.0225,0.0463,0,collision,
8342,256,-217.13,5.12,1176.19,0.0000,0.0067,0,collision,
8343,253,305.32,10.83,623.69,0.0000,0.0040,1,goal,
8344,76,-157.11,12.10,269.03,0.0000,0.0226,0,collision,
8345,162,-246.22,4.11,647.49,0.0123,0.0130,0,collision,
8346,137,308.44,19.44,-218.14,0.0000,0.0178,1,goal,
8347,314,296.93,8.51,1637.55,0.0000,0.0332,1,goal,
8348,44,-168.10,16.92,-43.17,0.0000,0.0000,0,collision,
8349,13,-202.88,2.61,39.24,0.0000,0.1416,0,collision,
8350,74,-142.25,13.67,184.86,0.0000,0.0126,0,collision,
8351,56,-184.82,11.07,36.06,0.0000,0.0630,0,collision,
8352,102,-140.26,8.40,847.38,0.0196,0.0000,0,collision,
8353,1,-200.00,0.00,0.00,0.0000,0.0000,0,collision,
8354,52,-218.24,4.56,276.10,0.0000,0.3373,0,collision,
8355,221,-165.26,6.72,798.17,0.0090,0.0045,0,collision,
8356,204,326.26,11.30,710.86,0.0000,0.0000,1,goal,
8357,148,-167.59,10.97,279.30,0.0000,0.0039,0,collision,
8358,11,-195.59,4.38,60.94,0.0000,0.0000,0,collision,
8359,36,-178.00,15.08,110.47,0.0556,0.0446,0,collision,
8360,51,-201.42,3.63,210.13,0.0000,0.0000,0,collision,
8361,12,-203.22,2.79,43.24,0.0000,0.0000,0,collision,
8362,55,-190.95,7.32,203.15,0.0000,0.0000,0,collision,
8363,56,-185.02,5.57,359.63,0.0000,0.0000,0,collision,
8364,87,-194.62,5.30,434.09,0.0230,0.0203,0,collision,
8365,142,-122.85,13.00,454.95,0.0000,0.0000,0,collision,
8366,227,-108.17,10.40,924.30,0.0000,0.0065,0,collision,
8367,39,-185.14,10.38,155.52,0.0513,0.0211,0,collision,
8368,165,-161.25,9.15,316.62,0.0121,0.0049,0,collision,
8369,232,-179.30,6.33,922.16,0.0086,0.0000,0,collision,
8370,95,-168.45,8.76,334.52,0.0000,0.0300,0,collision,
8371,11,-197.53,5.13,73.75,0.0000,0.0000,0,collision,
8372,62,-211.84,3.83,276.47,0.0323,0.1638,0,collision,
8373,125,-182.42,5.72,829.56,0.0160,0.0000,0,collision,
8374,5,-204.70,0.42,2.04,0.0000,0.0307,0,collision,
8375,64,-164.73,10.74,348.61,0.0312,0.0000,0,collision,
8376,185,326.60,12.84,700.62,0.0000,0.0036,1,goal,
8377,18,-203.62,3.08,71.57,0.0000,0.0000,0,collision,
8378,262,286.68,9.73,944.81,0.0000,0.0000,1,goal,
8379,70,-161.54,8.98,442.00,0.0286,0.0290,0,collision,
8380,69,-237.64,1.85,139.15,0.0290,0.0000,0,collision,
8381,30,-208.92,3.67,128.84,0.0667,0.0000,0,collision,
8382,9,-195.94,6.61,103.81,0.0000,0.0774,0,collision,
8383,66,-153.01,13.38,316.27,0.0303,0.0269,0,collision,
3041,96,-202.71,6.92,305.69,0.0000,0.0066,0,collision,
3042,106,-128.72,10.90,624.55,0.0189,0.0000,0,collision,
3043,149,-147.92,9.11,565.13,0.0000,0.0124,0,collision,
3044,68,-135.75,21.67,16.64,0.0000,0.0000,0,collision,
3045,34,-184.68,8.44,187.71,0.0588,0.0000,0,collision,
3046,157,-158.64,7.72,635.29,0.0000,0.0000,0,collision,
3047,42,-172.76,10.79,169.14,0.0476,0.0190,0,collision,
3048,308,-207.46,4.97,1621.56,0.0000,0.0009,0,collision,
3049,4,-202.49,1.04,4.35,0.0000,0.0000,0,collision,
3050,227,296.10,12.50,544.82,0.0000,0.0127,1,goal,
8384,204,-240.60,10.09,944.46,0.0098,0.0183,0,collision,
8385,7,-200.87,2.27,17.99,0.2857,0.0000,0,collision,
8386,21,-187.09,8.91,194.45,0.0000,0.0002,0,collision,
8387,48,-174.62,7.63,242.05,0.0417,0.0000,0,collision,
8388,163,-203.37,4.99,515.78,0.0000,0.0067,0,collision,
8389,44,-194.06,5.17,269.75,0.0455,0.0063,0,collision,
8390,52,-164.06,13.21,29.78,0.0385,0.0378,0,collision,
8391,5,-202.07,1.48,7.76,0.0000,0.0000,0,collision,
8392,139,-115.59,14.29,60.04,0.0000,0.0266,0,collision,
8393,106,-188.23,6.25,460.59,0.0000,0.0742,0,collision,
8394,343,351.06,9.05,1310.14,0.0000,0.0008,1,goal,
8395,182,-161.44,9.52,413.09,0.0000,0.0444,0,collision,
8396,165,-212.27,6.98,375.52,0.0000,0.0131,0,collision,
8397,186,319.49,12.21,542.16,0.0000,0.0000,1,goal,
8398,59,-192.75,5.81,332.37,0.0000,0.0000,0,collision,
8399,290,323.24,10.15,748.55,0.0000,0.0009,1,goal,
8400,34,-239.72,0.86,30.29,0.0000,0.5200,0,collision,
8401,106,-190.30,8.37,355.55,0.0189,0.0076,0,collision,
8402,75,-174.64,8.65,249.59,0.0267,0.0864,0,collision,
8403,150,-172.42,6.15,940.65,0.0133,0.0175,0,collision,
8404,8,-203.23,1.99,18.07,0.2500,0.0000,0,collision,
8405,87,-141.25,17.04,-68.61,0.0000,0.0196,0,collision,
8406,30,-182.85,12.35,81.07,0.0000,0.0517,0,collision,
8407,145,-179.62,5.91,666.71,0.0000,0.0165,0,collision,
8408,137,-195.86,5.18,608.24,0.0146,0.0563,0,collision,
8409,80,-176.14,8.25,385.52,0.0000,0.0353,0,collision,
8410,54,-210.08,4.56,253.18,0.0000,0.0122,0,collision,
8411,213,291.29,10.86,457.73,0.0000,0.0137,1,goal,
8412,144,-132.89,10.11,559.30,0.0139,0.0294,0,collision,
8413,4,-202.44,0.52,2.71,0.5000,0.0000,0,collision,
8414,145,-162.38,9.54,600.91,0.0000,0.0081,0,collision,
8415,48,-162.90,13.77,270.48,0.0000,0.0116,0,collision,
8416,114,-232.85,3.13,411.10,0.0175,0.0000,0,collision,
8417,223,-151.55,7.22,972.57,0.0090,0.0000,0,collision,
8418,118,-193.94,6.69,460.37,0.0000,0.0000,0,collision,
3051,114,-197.59,4.60,612.11,0.0000,0.0000,0,collision,
3052,4,-202.49,1.04,4.35,0.0000,0.0000,0,collision,
3053,81,-165.69,7.37,448.48,0.0000,0.0167,0,collision,
3054,23,-215.65,1.63,40.83,0.0000,0.0000,0,collision,
3055,38,-166.78,18.03,-16.78,0.0000,0.0000,0,collision,
3056,75,-200.41,4.26,399.79,0.0000,0.0000,0,collision,
3057,193,-148.66,6.66,1015.30,0.0104,0.0298,0,collision,
3058,2,-200.32,1.04,2.51,0.0000,0.0000,0,collision,
3059,2,-200.32,1.04,2.51,0.0000,0.0000,0,collision,
3060,182,-158.43,8.37,518.01,0.0110,0.0221,0,collision,
8419,270,-248.02,4.98,1320.35,0.0000,0.0000,0,collision,
8420,334,214.99,6.79,1301.20,0.0000,0.0155,1,goal,
8421,304,-165.60,5.16,1568.69,0.0000,0.0090,0,collision,
8422,50,-207.30,4.31,214.93,0.0000,0.1101,0,collision,
8423,46,-220.03,2.60,132.96,0.0435,0.0209,0,collision,
8424,165,-156.40,8.75,375.19,0.0000,0.0133,0,collision,
8425,336,-161.45,6.32,1247.49,0.0000,0.0259,0,collision,
8426,6,-205.11,0.69,4.55,0.3333,0.0000,0,collision,
8427,161,-203.17,5.70,560.89,0.0124,0.0000,0,collision,
8428,67,-172.36,12.20,67.48,0.0299,0.0172,0,collision,
8429,237,272.34,11.03,504.69,0.0000,0.0030,1,goal,
8430,38,-185.78,7.03,236.75,0.0526,0.0000,0,collision,
8431,239,-158.14,7.46,740.79,0.0000,0.0078,0,collision,
8432,272,285.19,9.79,956.03,0.0000,0.0048,1,goal,
8433,162,-208.01,4.07,766.66,0.0000,0.0000,0,collision,
8434,12,-211.40,0.96,11.75,0.0000,0.0000,0,collision,
8435,8,-205.65,1.56,22.83,0.0000,0.0000,0,collision,
8436,11,-204.53,1.72,20.81,0.0000,0.0000,0,collision,
8437,195,314.70,13.22,360.87,0.0000,0.0047,1,goal,
8438,133,-190.16,5.21,699.42,0.0150,0.0072,0,collision,
8439,174,-108.22,9.03,999.90,0.0115,0.0000,0,collision,
8440,263,304.63,10.06,970.40,0.0000,0.0000,1,goal,
8441,235,-158.90,8.90,755.79,0.0085,0.0396,0,collision,
8442,3,-201.58,0.69,1.84,0.6667,0.0000,0,collision,
8443,42,-194.00,6.54,133.10,0.0000,0.0543,0,collision,
8444,129,-240.58,4.36,466.62,0.0155,0.0874,0,collision,
8445,83,-162.35,8.24,495.05,0.0000,0.0026,0,collision,
3061,319,-241.59,4.00,1264.75,0.0000,0.0071,0,collision,
3062,72,-181.69,5.82,463.04,0.0278,0.0213,0,collision,
3063,135,-299.18,3.49,185.67,0.0000,0.0451,0,collision,
3064,62,-174.30,7.17,375.78,0.0000,0.0000,0,collision,
3065,23,-192.14,5.00,161.20,0.0870,0.0323,0,collision,
3066,250,-118.82,8.69,898.72,0.0000,0.0000,0,collision,
3067,294,208.65,7.83,683.91,0.0000,0.0022,1,goal,
3068,29,-179.72,13.75,123.24,0.0690,0.0039,0,collision,
3069,33,-180.10,12.69,114.16,0.0606,0.0377,0,collision,
3070,289,-139.98,7.66,967.24,0.0000,0.0004,0,collision,
8446,455,-407.02,3.86,1688.11,0.0044,0.0697,0,collision,
8447,58,-201.20,4.06,266.98,0.0345,0.0000,0,collision,
8448,56,-170.03,11.44,114.03,0.0357,0.0191,0,collision,
8449,172,-161.39,8.47,788.37,0.0116,0.0172,0,collision,
8450,13,-197.78,3.86,80.63,0.0000,0.0000,0,collision,
8451,23,-190.20,9.68,159.12,0.0000,0.0583,0,collision,
8452,38,-215.06,3.18,138.30,0.0526,0.0000,0,collision,
8453,116,-139.59,12.29,320.78,0.0172,0.0173,0,collision,
8454,42,-211.19,3.80,204.36,0.0000,0.0000,0,collision,
8455,53,-172.74,10.07,269.80,0.0377,0.0103,0,collision,
8456,21,-192.86,5.33,128.93,0.0000,0.0000,0,collision,
8457,23,-182.93,14.44,105.74,0.0000,0.0179,0,collision,
8458,94,-154.18,17.44,148.75,0.0213,0.0120,0,collision,
8459,186,-240.44,3.56,641.96,0.0108,0.0000,0,collision,
8460,122,-180.84,8.31,389.21,0.0164,0.0260,0,collision,
8461,158,291.34,14.71,361.56,0.0000,0.0019,1,goal,
8462,226,-208.63,6.41,756.28,0.0088,0.0579,0,collision,
8463,149,-155.93,7.66,685.83,0.0000,0.0000,0,collision,
8464,207,348.42,12.97,687.69,0.0000,0.0000,1,goal,
8465,238,313.18,10.33,785.97,0.0000,0.0000,1,goal,
8466,102,-195.57,4.92,471.77,0.0196,0.0000,0,collision,
8467,130,-253.41,3.46,435.60,0.0154,0.0000,0,collision,
8468,290,-155.45,6.82,1224.85,0.0069,0.0104,0,collision,
8469,2,-200.32,1.04,2.51,1.0000,0.0000,0,collision,
8470,121,-146.87,8.49,621.57,0.0000,0.0299,0,collision,
8471,5,-204.25,0.83,3.69,0.4000,0.0000,0,collision,
8472,301,-231.29,6.92,862.52,0.0066,0.0000,0,collision,
8473,363,242.01,7.89,1368.79,0.0000,0.0000,1,goal,
8474,302,-186.24,6.89,1234.17,0.0066,0.0316,0,collision,
8475,147,-155.97,9.73,298.59,0.0136,0.0181,0,collision,
8476,61,-196.67,5.56,324.12,0.0000,0.0000,0,collision,
8477,86,-197.18,4.65,457.86,0.0233,0.0188,0,collision,
8478,9,-206.51,1.38,22.93,0.0000,0.0000,0,collision,
3071,133,-168.30,8.95,483.63,0.0150,0.0271,0,collision,
3072,61,-212.57,3.17,224.47,0.0328,0.0647,0,collision,
3073,24,-213.63,1.83,48.53,0.0000,0.0000,0,collision,
3074,137,-183.40,5.79,797.65,0.0000,0.0000,0,collision,
3075,106,-148.77,13.38,345.63,0.0189,0.0062,0,collision,
3076,66,-225.31,2.76,203.57,0.0000,0.0000,0,collision,
3077,53,-188.94,6.64,325.81,0.0377,0.0000,0,collision,
3078,59,-192.39,5.26,302.79,0.0339,0.0557,0,collision,
3079,87,-141.92,14.11,279.36,0.0230,0.0145,0,collision,
3080,128,-145.67,11.96,437.49,0.0156,0.0063,0,collision,
8479,100,-241.44,6.45,344.49,0.0200,0.0066,0,collision,
8480,1,-200.00,0.00,0.00,0.0000,0.0000,0,collision,
8481,207,-143.53,11.00,155.11,0.0000,0.0053,0,collision,
8482,90,-201.52,4.02,412.29,0.0222,0.0187,0,collision,
8483,13,-197.30,5.27,109.30,0.1538,0.0000,0,collision,
8484,64,-170.46,9.26,309.98,0.0000,0.0773,0,collision,
8485,129,-127.63,11.47,163.78,0.0000,0.0219,0,collision,
8486,13,-210.84,1.15,16.86,0.0000,0.0000,0,collision,
8487,179,298.89,12.75,470.96,0.0000,0.0000,1,goal,
8488,2,-200.32,1.04,2.51,0.0000,0.0000,0,collision,
8489,16,-191.16,7.63,136.99,0.1250,0.0000,0,collision,
8490,99,-178.07,9.46,349.05,0.0202,0.0215,0,collision,
8491,292,293.74,7.38,1613.31,0.0000,0.0046,1,goal,
8492,176,-116.75,10.52,529.04,0.0000,0.0074,0,collision,
8493,112,-106.55,20.61,-311.48,0.0179,0.0105,0,collision,
8494,232,306.68,9.83,1087.75,0.0000,0.0195,1,goal,
8495,89,-199.21,8.92,197.35,0.0000,0.0243,0,collision,
8496,198,-130.24,8.94,805.74,0.0000,0.0662,0,collision,
8497,3,-202.08,0.69,1.84,0.6667,0.0579,0,collision,
8498,152,-130.47,10.33,502.73,0.0000,0.0051,0,collision,
8499,86,-120.49,24.68,-153.18,0.0000,0.0130,0,collision,
8500,65,-199.80,6.99,280.62,0.0308,0.0000,0,collision,
8501,89,-128.12,17.38,-104.05,0.0000,0.0135,0,collision,
8502,191,-141.88,8.27,873.90,0.0105,0.0557,0,collision,
8503,312,-208.26,6.69,1293.80,0.0064,0.0757,0,collision,
8504,51,-200.75,5.16,262.14,0.0000,0.0388,0,collision,
8505,1,-200.00,0.00,0.00,0.0000,0.0000,0,collision,
8506,83,-152.22,8.83,685.20,0.0000,0.0120,0,collision,
8507,108,-188.75,6.18,407.36,0.0185,0.0094,0,collision,
8508,246,331.04,12.02,686.40,0.0000,0.0075,1,goal,
8509,18,-214.67,1.24,23.96,0.0000,0.0000,0,collision,
8510,3,-202.52,0.00,0.20,0.0000,0.0000,0,collision,
8511,355,235.87,7.29,1394.17,0.0000,0.0000,1,goal,
8512,211,330.00,11.80,650.74,0.0000,0.0131,1,goal,
8513,93,-171.35,7.44,419.46,0.0000,0.0200,0,collision,
3081,212,-219.73,3.71,908.70,0.0000,0.0032,0,collision,
3082,4,-203.84,0.52,1.94,0.5000,0.0000,0,collision,
3083,3,-199.63,2.08,9.94,0.6667,0.0000,0,collision,
3084,70,-168.05,9.70,210.91,0.0286,0.0334,0,collision,
3085,133,-170.94,8.52,522.56,0.0150,0.0101,0,collision,
3086,234,-230.91,4.42,1087.84,0.0000,0.0759,0,collision,
3087,52,-181.17,7.52,341.11,0.0000,0.0531,0,collision,
3088,79,-168.44,9.10,389.60,0.0000,0.0199,0,collision,
3089,69,-162.04,9.23,435.55,0.0290,0.0181,0,collision,
3090,168,-201.58,4.42,839.82,0.0119,0.0000,0,collision,
8514,226,-301.62,9.88,393.74,0.0000,0.0523,0,collision,
8515,1,-200.00,0.00,0.00,0.0000,0.0000,0,collision,
8516,199,-173.06,9.70,376.38,0.0101,0.0112,0,collision,
8517,153,-163.59,7.44,692.34,0.0131,0.0277,0,collision,
8518,133,299.76,17.80,88.30,0.0000,0.0165,1,goal,
8519,175,-234.74,4.48,602.44,0.0114,0.0000,0,collision,
8520,180,-91.38,14.47,429.97,0.0111,0.0084,0,collision,
8521,44,-183.58,10.26,173.44,0.0455,0.0700,0,collision,
8522,15,-206.86,1.71,28.14,0.0000,0.0000,0,collision,
8523,5,-204.70,0.42,2.04,0.4000,0.0000,0,collision,
8524,198,-160.58,7.29,806.29,0.0101,0.0000,0,collision,
8525,138,298.57,19.73,201.78,0.0000,0.0000,1,goal,
8526,94,-204.70,6.83,255.43,0.0213,0.0227,0,collision,
8527,9,-206.87,1.05,10.23,0.2222,0.0000,0,collision,
8528,66,-206.07,5.65,293.02,0.0000,0.0984,0,collision,
8529,56,-196.65,4.74,301.14,0.0000,0.0000,0,collision,
8530,45,-204.26,4.48,253.53,0.0000,0.0000,0,collision,
8531,229,-235.33,5.18,609.58,0.0087,0.0411,0,collision,
8532,71,-162.55,9.78,428.01,0.0282,0.0405,0,collision,
8533,153,-154.20,9.03,444.15,0.0131,0.0223,0,collision,
8534,176,307.74,13.92,343.69,0.0000,0.0286,1,goal,
8535,2,-200.32,1.04,2.51,0.0000,0.0000,0,collision,
8536,392,339.73,7.75,2011.79,0.0000,0.0073,1,goal,
8537,2,-200.32,1.04,2.51,1.0000,0.0000,0,collision,
8538,104,-163.72,9.20,254.08,0.0000,0.0000,0,collision,
8539,14,-205.43,2.09,39.79,0.0000,0.0000,0,collision,
8540,112,-210.90,6.24,391.06,0.0000,0.0172,0,collision,
8541,223,-119.95,8.67,915.54,0.0000,0.0065,0,collision,
8542,79,-185.98,8.45,287.48,0.0253,0.0697,0,collision,
8543,70,-172.44,8.64,454.75,0.0286,0.0963,0,collision,
8544,50,-176.93,7.51,305.73,0.0400,0.0000,0,collision,
8545,165,-112.68,12.36,322.00,0.0121,0.0803,0,collision,
8546,24,-186.41,9.70,129.99,0.0833,0.0000,0,collision,
8547,87,-125.38,20.74,-9.94,0.0230,0.0000,0,collision,
8548,180,-177.39,6.93,709.08,0.0111,0.0000,0,collision,
8549,136,-243.51,3.96,546.21,0.0000,0.1510,0,collision,
8550,32,-196.58,8.18,123.40,0.0625,0.0155,0,collision,
3091,1,-200.00,0.00,0.00,0.0000,0.0000,0,collision,
3092,239,285.39,9.53,895.86,0.0000,0.0146,1,goal,
3093,184,320.96,13.50,653.51,0.0000,0.0000,1,goal,
3094,146,-168.77,10.96,101.37,0.0000,0.0184,0,collision,
3095,148,-128.86,8.96,700.31,0.0000,0.0000,0,collision,
3096,47,-163.88,16.86,56.95,0.0426,0.0000,0,collision,
3097,109,-138.69,13.99,56.61,0.0000,0.0682,0,collision,
3098,119,-162.19,7.28,590.35,0.0168,0.0000,0,collision,
3099,43,-206.80,5.27,152.45,0.0465,0.2613,0,collision,
3100,177,-148.61,10.52,530.37,0.0113,0.0053,0,collision,
8551,409,-148.13,7.91,1301.99,0.0049,0.0043,0,removed_unknown,
8552,66,-167.33,11.17,136.28,0.0000,0.0565,0,collision,
8553,305,-131.47,7.06,1387.77,0.0066,0.0057,0,collision,
8554,158,-132.85,12.39,213.73,0.0127,0.0388,0,collision,
8555,199,-156.22,8.06,681.71,0.0000,0.0775,0,collision,
8556,92,-134.45,14.64,185.56,0.0000,0.0103,0,collision,
8557,32,-208.99,3.10,112.86,0.0000,0.0246,0,collision,
8558,258,-164.00,6.02,1153.18,0.0000,0.0675,0,collision,
8559,126,-137.01,10.01,580.60,0.0159,0.0249,0,collision,
8560,261,-141.17,7.68,1259.01,0.0000,0.0300,0,collision,
8561,239,301.87,11.17,528.40,0.0000,0.0048,1,goal,
8562,89,-127.91,17.68,262.42,0.0000,0.0611,0,collision,
8563,5,-204.25,0.83,3.69,0.4000,0.0000,0,collision,
8564,216,-251.53,6.11,508.04,0.0093,0.0000,0,collision,
8565,91,-213.51,5.75,203.08,0.0220,0.1155,0,collision,
8566,3,-202.08,0.69,1.84,0.0000,0.0000,0,collision,
8567,1,-200.00,0.00,0.00,0.0000,0.0000,0,collision,
8568,35,-185.67,10.63,201.23,0.0571,0.1501,0,collision,
8569,64,-162.73,10.55,315.62,0.0000,0.0556,0,collision,
8570,175,-147.31,7.70,689.73,0.0114,0.0057,0,collision,
8571,97,-108.45,20.86,120.59,0.0000,0.0087,0,collision,
8572,280,318.66,10.26,714.04,0.0000,0.0030,1,goal,
8573,243,-112.65,10.06,919.26,0.0082,0.0253,0,collision,
8574,86,286.71,23.51,-250.06,0.0000,0.0000,1,goal,
8575,39,-174.57,12.40,210.46,0.0000,0.0000,0,collision,
8576,103,-125.56,17.17,114.58,0.0000,0.0008,0,collision,
8577,346,289.85,8.05,1445.11,0.0000,0.0017,1,goal,
8578,55,-177.04,9.13,219.98,0.0000,0.0000,0,collision,
8579,29,-195.67,10.56,77.48,0.0000,0.0307,0,collision,
8580,26,-211.47,2.51,73.40,0.0000,0.0000,0,collision,
3101,147,-173.22,7.32,725.39,0.0000,0.0191,0,collision,
3102,126,-148.50,10.74,497.82,0.0159,0.0151,0,collision,
3103,125,-141.07,11.00,485.50,0.0000,0.0079,0,collision,
3104,19,-198.65,4.52,123.31,0.1053,0.0000,0,collision,
3105,102,-176.38,5.66,560.31,0.0196,0.0694,0,collision,
3106,6,-203.47,1.38,11.88,0.0000,0.0000,0,collision,
3107,240,-182.39,9.27,660.28,0.0000,0.0143,0,collision,
3108,112,-157.84,9.01,465.83,0.0000,0.0664,0,collision,
3109,164,-151.37,9.27,616.82,0.0000,0.0064,0,collision,
3110,24,-221.38,1.63,42.73,0.0833,0.5272,0,collision,
8581,95,-197.98,8.04,416.03,0.0211,0.0000,0,collision,
8582,265,-166.74,6.12,1208.54,0.0000,0.0000,0,collision,
8583,26,-192.27,8.45,137.80,0.0769,0.0572,0,collision,
8584,62,-223.77,2.24,155.38,0.0323,0.0000,0,collision,
8585,1,-200.00,0.00,0.00,0.0000,0.0000,0,collision,
8586,17,-199.15,5.34,110.16,0.0000,0.0000,0,collision,
8587,102,297.13,22.53,-88.85,0.0000,0.0071,1,goal,
8588,2,-200.32,1.04,2.51,0.0000,0.0000,0,collision,
8589,2,-200.32,1.04,2.51,1.0000,0.0000,0,collision,
8590,56,-148.75,21.31,-67.90,0.0357,0.0174,0,collision,
8591,46,-183.63,12.68,69.26,0.0435,0.0212,0,collision,
8592,216,347.35,12.73,702.38,0.0000,0.0000,1,goal,
8593,69,-204.92,3.92,333.29,0.0000,0.0556,0,collision,
8594,299,210.84,8.50,760.90,0.0000,0.0005,1,goal,
8595,177,216.25,11.80,351.35,0.0000,0.0047,1,goal,
8596,315,225.62,7.28,1121.51,0.0000,0.0298,1,goal,
8597,69,-181.28,7.59,238.72,0.0000,0.1114,0,collision,
8598,206,-82.90,10.90,836.80,0.0097,0.0003,0,collision,
8599,144,-186.66,6.15,566.57,0.0000,0.0085,0,collision,
8600,73,-169.81,8.99,305.45,0.0000,0.0342,0,collision,
8601,37,-167.94,18.56,-44.79,0.0000,0.0357,0,collision,
8602,64,-224.23,4.19,152.89,0.0312,0.2576,0,collision,
8603,55,-213.40,3.08,190.55,0.0364,0.0000,0,collision,
8604,53,-176.64,14.56,98.42,0.0377,0.0243,0,collision,
8605,25,-201.06,3.55,101.67,0.0000,0.0000,0,collision,
8606,32,-172.84,19.84,103.22,0.0000,0.0078,0,collision,
8607,89,-180.60,7.17,375.72,0.0000,0.0124,0,collision,
8608,14,-206.65,1.78,28.15,0.1429,0.0000,0,collision,
8609,129,-181.67,7.76,453.54,0.0000,0.1030,0,collision,
8610,297,-184.41,6.91,825.01,0.0000,0.0067,0,collision,
8611,347,227.46,8.01,1081.40,0.0000,0.0125,1,goal,
8612,126,-125.52,12.39,478.10,0.0159,0.0160,0,collision,
8613,69,-200.57,10.23,34.91,0.0000,0.0245,0,collision,
8614,66,-145.15,16.30,-12.73,0.0000,0.0159,0,collision,
8615,201,330.51,14.38,280.63,0.0000,0.0086,1,goal,
8616,53,-168.22,12.94,111.59,0.0000,0.0833,0,collision,
8617,68,-156.52,8.91,288.40,0.0000,0.0000,0,collision,
8618,12,-197.07,4.57,79.62,0.0000,0.0000,0,collision,
8619,100,-163.37,12.74,151.75,0.0200,0.0105,0,collision,
8620,22,-208.35,2.63,72.27,0.0000,0.0000,0,collision,
3111,159,295.54,14.49,51.21,0.0000,0.0000,1,goal,
3112,27,-201.21,4.64,169.94,0.0000,0.0000,0,collision,
3113,276,298.03,8.81,1155.25,0.0000,0.0000,1,goal,
3114,257,-88.57,8.60,1389.97,0.0078,0.0108,0,collision,
3115,6,-203.47,1.38,11.88,0.0000,0.0000,0,collision,
3116,347,327.82,8.53,1198.74,0.0000,0.0046,1,goal,
3117,144,-206.50,4.45,716.73,0.0139,0.0053,0,collision,
3118,67,-193.56,4.31,338.45,0.0000,0.0000,0,collision,
3119,132,-127.51,15.09,407.59,0.0000,0.0307,0,collision,
3120,204,218.82,11.10,10.19,0.0000,0.0257,1,goal,
8621,193,-286.36,5.84,523.92,0.0104,0.0108,0,collision,
8622,133,267.68,13.79,298.95,0.0000,0.0074,1,goal,
8623,85,-168.16,10.76,224.06,0.0000,0.0133,0,collision,
8624,6,-207.16,0.35,2.14,0.3333,0.0000,0,collision,
8625,182,289.90,13.29,248.94,0.0000,0.0000,1,goal,
8626,146,-231.99,6.00,307.17,0.0137,0.0248,0,collision,
8627,102,-145.76,12.85,319.89,0.0196,0.0134,0,collision,
8628,54,-207.85,3.99,214.23,0.0370,0.0000,0,collision,
8629,123,-183.62,6.78,658.06,0.0163,0.0795,0,collision,
8630,216,292.39,10.50,586.94,0.0000,0.0238,1,goal,
8631,129,-168.13,8.38,446.49,0.0000,0.0061,0,collision,
8632,251,263.08,9.02,912.31,0.0000,0.0270,1,goal,
8633,200,-88.66,11.41,896.75,0.0000,0.0078,0,collision,
8634,2,-200.32,1.04,2.51,0.0000,0.0000,0,collision,
8635,32,-182.71,10.99,103.11,0.0000,0.0616,0,collision,
8636,6,-199.11,3.46,40.24,0.0000,0.0000,0,collision,
8637,47,-170.54,13.30,53.92,0.0426,0.0000,0,collision,
8638,68,-179.39,10.18,40.47,0.0294,0.1370,0,collision,
8639,319,-247.72,5.31,1071.50,0.0000,0.0023,0,collision,
8640,44,-185.17,5.97,318.52,0.0455,0.1274,0,collision,
8641,242,316.05,9.62,1160.91,0.0000,0.0004,1,goal,
8642,136,-182.41,5.60,658.79,0.0000,0.0000,0,collision,
8643,212,267.47,11.28,446.78,0.0000,0.0034,1,goal,
8644,102,-170.51,9.49,474.31,0.0196,0.0329,0,collision,
8645,26,-194.29,5.18,144.88,0.0769,0.0000,0,collision,
8646,36,-186.57,9.88,94.89,0.0000,0.0000,0,collision,
8647,180,-232.41,5.27,507.02,0.0000,0.0141,0,collision,
8648,242,358.97,11.56,1188.73,0.0000,0.0000,1,goal,
8649,26,-201.50,3.59,113.89,0.0769,0.0494,0,collision,
8650,72,-131.21,22.42,-5.13,0.0000,0.0092,0,collision,
8651,265,321.98,11.12,1189.86,0.0000,0.0000,1,goal,
8652,95,-142.29,12.49,144.40,0.0211,0.0129,0,collision,
8653,116,-150.47,12.31,182.50,0.0000,0.1018,0,collision,
3121,58,-151.24,17.49,-32.88,0.0345,0.0394,0,collision,
3122,60,-146.89,19.34,118.05,0.0333,0.0334,0,collision,
3123,70,-169.73,9.07,248.02,0.0286,0.0838,0,collision,
3124,41,-168.14,15.34,-42.35,0.0488,0.0215,0,collision,
3125,258,279.11,9.50,844.69,0.0000,0.0020,1,goal,
3126,88,-180.48,6.01,523.70,0.0000,0.0304,0,collision,
3127,82,-165.51,14.68,-18.19,0.0244,0.0102,0,collision,
3128,208,291.12,11.13,684.68,0.0000,0.0000,1,goal,
3129,59,-222.24,3.81,186.23,0.0000,0.1862,0,collision,
3130,239,322.07,11.50,411.20,0.0000,0.0056,1,goal,
8654,165,-189.77,6.36,694.60,0.0000,0.0040,0,collision,
8655,39,-167.13,17.88,41.31,0.0513,0.0344,0,collision,
8656,72,-184.98,8.22,418.23,0.0000,0.0067,0,collision,
8657,144,-280.79,3.49,283.64,0.0000,0.0170,0,collision,
8658,45,-161.67,17.68,12.74,0.0444,0.0155,0,collision,
8659,46,-165.40,17.52,104.20,0.0000,0.0126,0,collision,
8660,95,-152.92,8.98,539.94,0.0000,0.0248,0,collision,
8661,183,-220.87,7.77,349.85,0.0000,0.1071,0,collision,
8662,47,-190.62,6.25,321.32,0.0426,0.0000,0,collision,
8663,59,-182.17,7.28,348.65,0.0339,0.0000,0,collision,
8664,17,-197.02,6.06,144.28,0.0000,0.0000,0,collision,
8665,171,-161.06,8.49,575.50,0.0117,0.0031,0,collision,
8666,2,-201.66,0.00,0.10,0.0000,0.0000,0,collision,
8667,154,-248.31,4.22,568.98,0.0000,0.1196,0,collision,
8668,7,-204.25,1.35,9.60,0.2857,0.0000,0,collision,
8669,3,-202.52,0.00,0.20,0.0000,0.0000,0,collision,
8670,248,302.18,10.08,1025.19,0.0000,0.0000,1,goal,
8671,213,316.57,13.05,286.98,0.0000,0.0060,1,goal,
8672,52,-201.57,4.55,271.66,0.0385,0.0541,0,collision,
8673,4,-202.94,0.52,2.71,0.5000,0.0000,0,collision,
8674,23,-184.94,10.69,127.66,0.0000,0.0000,0,collision,
8675,3,-202.52,0.00,0.20,0.0000,0.0000,0,collision,
8676,38,-196.29,4.21,195.76,0.0000,0.0000,0,collision,
8677,107,-156.87,11.37,368.42,0.0187,0.0296,0,collision,
8678,153,323.26,18.58,-46.28,0.0000,0.0000,1,goal,
8679,152,323.00,17.47,146.28,0.0000,0.0000,1,goal,
8680,157,312.32,14.99,289.01,0.0000,0.0000,1,goal,
8681,203,-137.18,10.64,221.13,0.0099,0.0509,0,collision,
8682,39,-195.74,4.62,191.16,0.0513,0.0000,0,collision,
8683,190,300.75,13.13,248.88,0.0000,0.0185,1,goal,
8684,276,-253.67,5.66,986.14,0.0000,0.0339,0,collision,
8685,217,-171.08,6.45,859.13,0.0000,0.0112,0,collision,
8686,2,-201.16,0.00,0.10,1.0000,0.0000,0,collision,
8687,118,-158.26,12.16,127.72,0.0169,0.0000,0,collision,
8688,209,326.41,12.67,349.98,0.0000,0.0000,1,goal,
8689,202,310.27,13.72,190.29,0.0000,0.0000,1,goal,
8690,86,-147.93,15.14,111.05,0.0233,0.0106,0,collision,
8691,51,-167.76,16.74,70.34,0.0392,0.0408,0,collision,
8692,71,-155.29,9.32,485.79,0.0000,0.0287,0,collision,
3131,9,-200.02,3.38,34.43,0.0000,0.0000,0,collision,
3132,107,291.40,24.07,114.64,0.0000,0.0000,1,goal,
3133,232,-141.95,9.59,705.90,0.0000,0.0057,0,collision,
3134,19,-191.24,10.96,93.63,0.0000,0.0433,0,collision,
3135,201,-177.65,8.07,538.95,0.0000,0.0005,0,collision,
3136,58,-211.23,3.08,206.86,0.0000,0.0000,0,collision,
3137,162,-109.75,10.60,663.82,0.0000,0.0657,0,collision,
3138,71,-160.58,11.91,220.55,0.0000,0.0207,0,collision,
3139,186,321.26,12.44,243.93,0.0000,0.0000,1,goal,
3140,101,-209.65,6.01,375.81,0.0198,0.0602,0,collision,
8693,206,-220.95,10.19,219.99,0.0000,0.0113,0,collision,
8694,23,-208.02,2.60,84.20,0.0000,0.0000,0,collision,
8695,281,-158.27,10.53,775.03,0.0071,0.0126,0,collision,
8696,268,326.42,9.00,1315.72,0.0000,0.0000,1,goal,
8697,132,-138.71,11.36,411.12,0.0000,0.0084,0,collision,
8698,75,-132.87,22.39,-136.03,0.0267,0.0205,0,collision,
8699,173,-217.69,6.45,329.84,0.0116,0.1144,0,collision,
8700,11,-194.28,4.84,66.87,0.1818,0.0000,0,collision,
8701,216,-155.08,8.16,983.99,0.0000,0.0274,0,collision,
8702,105,-114.97,26.22,-165.49,0.0190,0.0130,0,collision,
8703,112,-194.73,8.52,354.46,0.0179,0.1040,0,collision,
8704,307,-177.68,7.79,957.14,0.0000,0.0355,0,collision,
8705,61,-209.17,4.05,280.59,0.0000,0.0045,0,collision,
8706,134,-147.32,9.86,697.28,0.0149,0.0490,0,collision,
8707,137,91.68,18.09,2.92,0.0146,0.0079,0,removed_unknown,
8708,6,-199.74,5.19,63.27,0.3333,0.4730,0,collision,
8709,127,-130.04,17.44,-44.70,0.0000,0.0310,0,collision,
8710,119,-187.66,5.70,502.03,0.0168,0.0173,0,collision,
8711,16,-220.97,0.39,6.43,0.1250,0.0000,0,collision,
8712,2,-200.32,1.04,2.51,0.0000,0.0000,0,collision,
8713,74,-171.24,10.07,227.31,0.0270,0.0137,0,collision,
8714,182,-96.88,10.27,824.92,0.0000,0.0000,0,collision,
8715,137,288.71,16.94,-220.41,0.0000,0.0000,1,goal,
8716,64,-160.88,13.14,68.45,0.0000,0.0153,0,collision,
8717,213,-170.65,6.67,912.09,0.0000,0.0059,0,collision,
8718,380,338.60,7.48,2128.09,0.0000,0.0032,1,goal,
8719,120,-127.15,14.05,131.62,0.0167,0.0189,0,collision,
8720,165,-225.16,3.72,563.54,0.0121,0.0000,0,collision,
8721,105,-126.14,14.92,148.28,0.0190,0.0098,0,collision,
8722,107,-219.03,5.30,196.97,0.0000,0.0929,0,collision,
8723,17,-205.88,2.44,46.59,0.0000,0.0000,0,collision,
8724,60,-147.44,19.17,30.78,0.0333,0.0139,0,collision,
3141,79,-155.36,15.23,93.85,0.0000,0.0232,0,collision,
3142,281,342.47,10.10,1166.22,0.0000,0.0000,1,goal,
3143,197,-185.73,5.52,755.95,0.0102,0.0391,0,collision,
3144,2,-200.32,1.04,2.51,0.0000,0.0000,0,collision,
3145,206,258.29,11.97,71.06,0.0000,0.0035,1,goal,
3146,4,-203.74,0.52,2.71,0.5000,0.0000,0,collision,
3147,117,-103.79,18.25,-63.39,0.0000,0.0100,0,collision,
3148,68,-157.96,9.58,308.29,0.0000,0.0220,0,collision,
3149,49,-161.36,13.34,214.50,0.0408,0.0000,0,collision,
3150,8,-205.91,1.18,9.70,0.0000,0.0000,0,collision,
8725,201,-269.07,7.37,772.41,0.0100,0.0046,0,collision,
8726,148,296.97,15.47,-39.89,0.0000,0.0079,1,goal,
8727,26,-185.25,6.81,181.41,0.0000,0.0000,0,collision,
8728,71,-192.00,5.56,416.39,0.0282,0.0283,0,collision,
8729,256,299.52,9.00,1075.18,0.0000,0.0000,1,goal,
8730,142,-120.40,11.66,405.30,0.0000,0.0012,0,collision,
8731,71,-168.22,9.04,378.58,0.0282,0.0293,0,collision,
8732,72,-193.53,5.63,426.04,0.0000,0.0045,0,collision,
8733,137,-105.29,13.69,69.74,0.0000,0.0223,0,collision,
8734,53,-218.25,2.55,156.07,0.0000,0.0000,0,collision,
8735,213,-72.11,12.81,751.96,0.0000,0.0115,0,collision,
8736,107,-166.41,7.66,573.37,0.0187,0.0176,0,collision,
8737,4,-202.49,1.04,4.35,0.0000,0.0000,0,collision,
8738,133,-155.23,9.42,592.45,0.0150,0.0238,0,collision,
8739,52,-231.39,1.92,119.35,0.0000,0.0276,0,collision,
8740,30,-189.91,7.13,188.84,0.0000,0.0331,0,collision,
8741,4,-200.41,1.84,8.09,0.5000,0.0000,0,collision,
8742,104,-142.89,13.39,143.07,0.0000,0.0421,0,collision,
8743,82,-170.12,13.82,208.65,0.0244,0.0042,0,collision,
8744,6,-199.14,2.65,23.52,0.3333,0.0000,0,collision,
8745,146,-170.41,10.70,192.97,0.0000,0.0061,0,collision,
8746,151,315.27,16.07,293.10,0.0000,0.0040,1,goal,
8747,13,-203.47,2.27,35.67,0.0000,0.0000,0,collision,
8748,65,-223.28,2.76,200.23,0.0000,0.0283,0,collision,
8749,2,-200.86,0.00,0.10,0.0000,0.0000,0,collision,
8750,259,290.15,12.22,671.80,0.0000,0.0026,1,goal,
8751,140,-119.12,13.21,488.68,0.0143,0.0115,0,collision,
8752,12,-201.69,3.38,72.87,0.1667,0.0000,0,collision,
8753,16,-215.86,0.98,15.44,0.1250,0.0000,0,collision,
8754,217,280.00,10.45,625.26,0.0000,0.0007,1,goal,
8755,220,240.81,10.85,491.26,0.0000,0.0008,1,goal,
8756,165,-141.13,10.92,366.64,0.0000,0.0074,0,collision,
8757,2,-200.86,0.00,0.10,0.0000,0.0000,0,collision,
8758,202,324.20,13.98,415.24,0.0000,0.0064,1,goal,
8759,2,-201.16,0.00,0.10,0.0000,0.0000,0,collision,
8760,102,-198.27,4.68,541.07,0.0000,0.0234,0,collision,
8761,246,208.21,9.12,432.20,0.0000,0.0051,1,goal,
8762,172,-110.95,12.01,371.01,0.0116,0.0120,0,collision,
3151,142,-191.07,4.56,748.30,0.0000,0.0129,0,collision,
3152,6,-202.49,1.58,10.27,0.0000,0.0000,0,collision,
3153,203,316.75,12.15,658.52,0.0000,0.0000,1,goal,
3154,110,-178.29,9.00,428.00,0.0000,0.0110,0,collision,
3155,22,-203.19,2.99,73.38,0.0909,0.0000,0,collision,
3156,91,-155.21,10.93,323.20,0.0000,0.0391,0,collision,
3157,29,-179.36,14.18,50.45,0.0690,0.0296,0,collision,
3158,149,-198.26,4.66,790.82,0.0000,0.0153,0,collision,
3159,187,-185.61,8.72,458.23,0.0107,0.0000,0,collision,
3160,313,-128.34,7.09,1288.81,0.0064,0.0014,0,collision,
8763,172,-179.32,8.44,868.06,0.0000,0.0103,0,collision,
8764,45,-222.21,2.19,118.23,0.0000,0.0000,0,collision,
8765,11,-210.73,0.94,14.02,0.0000,0.0000,0,collision,
8766,191,-189.98,6.19,687.21,0.0000,0.0075,0,collision,
8767,101,-138.56,13.67,66.56,0.0000,0.0177,0,collision,
8768,121,-211.21,5.75,541.20,0.0000,0.0349,0,collision,
8769,42,-174.49,9.07,357.37,0.0000,0.0915,0,collision,
8770,104,-149.86,10.12,742.32,0.0192,0.0000,0,collision,
8771,32,-210.34,6.69,84.66,0.0000,0.0754,0,collision,
8772,1,-200.00,0.00,0.00,0.0000,0.0000,0,collision,
8773,240,-102.02,9.93,956.68,0.0000,0.0101,0,collision,
8774,20,-191.48,7.10,192.67,0.0000,0.0479,0,collision,
8775,102,-177.91,5.29,574.38,0.0000,0.0350,0,collision,
8776,46,-195.30,4.49,236.08,0.0435,0.0000,0,collision,
8777,173,-155.40,7.16,827.70,0.0000,0.0000,0,collision,
8778,261,294.61,9.48,670.65,0.0000,0.0000,1,goal,
8779,183,-140.04,8.49,631.99,0.0000,0.0121,0,collision,
8780,70,-213.56,3.36,290.33,0.0000,0.0300,0,collision,
8781,203,286.39,11.55,637.59,0.0000,0.0050,1,goal,
8782,81,-174.65,7.99,459.68,0.0247,0.0306,0,collision,
8783,5,-199.84,2.12,13.30,0.4000,0.0000,0,collision,
8784,222,323.40,11.51,703.31,0.0000,0.0000,1,goal,
8785,259,207.77,8.51,766.70,0.0000,0.0056,1,goal,
8786,169,-138.49,9.20,458.51,0.0118,0.0201,0,collision,
8787,55,-168.61,14.47,82.90,0.0000,0.0106,0,collision,
8788,337,251.90,7.22,1201.46,0.0000,0.0053,1,goal,
8789,36,-169.27,17.85,-10.47,0.0000,0.0263,0,collision,
8790,44,-187.33,8.16,119.91,0.0000,0.0000,0,collision,
8791,18,-211.78,2.08,40.81,0.1111,0.0825,0,collision,
8792,15,-208.17,2.31,38.23,0.0000,0.0404,0,collision,
8793,130,-207.39,5.96,497.51,0.0154,0.0000,0,collision,
8794,138,-174.40,7.82,492.23,0.0145,0.0000,0,collision,
8795,4,-204.34,0.52,1.94,0.5000,0.1626,0,collision,
8796,73,-201.25,5.36,465.09,0.0274,0.0121,0,collision,
8797,54,-170.77,8.59,258.29,0.0000,0.0000,0,collision,
8798,20,-206.19,2.70,59.74,0.1000,0.0000,0,collision,
8799,173,-93.79,13.34,238.46,0.0116,0.0253,0,collision,
8800,220,-197.45,6.77,741.81,0.0091,0.0034,0,collision,
3161,72,-194.29,3.87,337.44,0.0000,0.0404,0,collision,
3162,127,-130.76,14.34,287.42,0.0000,0.0078,0,collision,
3163,86,-152.09,18.05,210.53,0.0233,0.0355,0,collision,
3164,228,290.15,9.97,691.88,0.0000,0.0000,1,goal,
3165,2,-200.32,1.04,2.51,1.0000,0.0000,0,collision,
3166,38,-176.96,9.21,311.59,0.0000,0.0000,0,collision,
3167,8,-201.21,2.28,20.08,0.0000,0.0000,0,collision,
3168,39,-180.48,7.16,352.16,0.0513,0.0671,0,collision,
3169,151,-198.88,4.63,764.08,0.0000,0.0167,0,collision,
3170,151,-154.55,8.47,500.10,0.0132,0.0280,0,collision,
8801,170,-290.63,4.90,818.36,0.0000,0.0000,0,collision,
8802,208,-180.22,9.75,446.00,0.0096,0.0082,0,collision,
8803,35,-181.05,12.67,218.80,0.0000,0.0796,0,collision,
8804,22,-195.64,6.81,59.16,0.0000,0.0000,0,collision,
8805,3,-199.63,2.08,9.94,0.6667,0.0000,0,collision,
8806,240,285.61,9.52,861.88,0.0000,0.0000,1,goal,
8807,163,-116.62,10.17,785.48,0.0000,0.0298,0,collision,
8808,137,314.64,16.98,148.89,0.0000,0.0109,1,goal,
8809,204,345.12,14.36,512.32,0.0000,0.0087,1,goal,
8810,22,-182.54,15.10,34.79,0.0000,0.0000,0,collision,
8811,145,-120.17,13.87,210.74,0.0000,0.0469,0,collision,
8812,325,-181.27,6.92,1037.48,0.0000,0.0003,0,collision,
8813,8,-199.52,4.15,65.11,0.2500,0.0000,0,collision,
8814,54,-207.53,3.24,196.91,0.0370,0.0412,0,collision,
8815,21,-204.05,3.57,88.92,0.0952,0.0316,0,collision,
8816,156,318.16,16.92,140.31,0.0000,0.0000,1,goal,
8817,29,-215.21,2.18,70.50,0.0000,0.0000,0,collision,
8818,102,-163.06,7.04,656.86,0.0196,0.0195,0,collision,
8819,45,-185.75,10.54,230.83,0.0444,0.0147,0,collision,
8820,30,-193.91,9.01,57.55,0.0667,0.0000,0,collision,
8821,250,321.09,9.81,915.29,0.0000,0.0000,1,goal,
8822,184,-176.55,7.10,703.99,0.0109,0.0000,0,collision,
8823,125,-185.46,6.64,439.96,0.0160,0.0168,0,collision,
8824,29,-212.68,2.44,80.38,0.0690,0.0207,0,collision,
8825,300,-232.65,7.79,1108.04,0.0067,0.0140,0,collision,
8826,248,-171.78,6.13,1204.53,0.0081,0.0034,0,collision,
8827,196,-136.43,7.75,745.55,0.0000,0.0150,0,collision,
8828,256,-163.78,7.65,917.33,0.0000,0.0381,0,collision,
8829,136,-189.58,5.59,653.12,0.0000,0.0000,0,collision,
8830,26,-196.26,3.64,113.45,0.0000,0.0079,0,collision,
8831,139,-210.28,5.14,500.39,0.0000,0.0402,0,collision,
3171,56,-188.19,6.91,247.49,0.0357,0.0483,0,collision,
3172,91,-148.00,13.34,143.21,0.0220,0.0000,0,collision,
3173,213,315.36,10.56,957.99,0.0000,0.0000,1,goal,
3174,91,-140.59,11.29,550.13,0.0000,0.0182,0,collision,
3175,13,-201.69,4.79,95.80,0.0000,0.0752,0,collision,
3176,101,-223.79,3.45,393.65,0.0198,0.0232,0,collision,
3177,117,-113.09,17.74,21.79,0.0171,0.0000,0,collision,
3178,197,289.23,12.65,514.39,0.0000,0.0000,1,goal,
3179,101,-148.45,11.27,292.75,0.0198,0.0089,0,collision,
3180,26,-190.61,6.22,191.75,0.0769,0.0000,0,collision,
8832,323,-221.98,9.08,1001.79,0.0000,0.0090,0,collision,
8833,70,-202.71,4.45,354.01,0.0286,0.0000,0,collision,
8834,22,-191.27,7.92,182.38,0.0909,0.0068,0,collision,
8835,183,-174.17,5.83,895.36,0.0000,0.0000,0,collision,
8836,66,-157.13,14.48,62.82,0.0303,0.0660,0,collision,
8837,10,-195.95,4.26,50.07,0.0000,0.0000,0,collision,
8838,7,-199.55,2.60,20.83,0.2857,0.0000,0,collision,
8839,225,-171.96,6.53,983.36,0.0089,0.0507,0,collision,
8840,11,-203.73,2.12,25.75,0.1818,0.0000,0,collision,
8841,6,-203.24,1.38,11.88,0.3333,0.1000,0,collision,
8842,184,-110.87,11.12,816.37,0.0109,0.0147,0,collision,
8843,124,284.65,20.87,-169.24,0.0000,0.0047,1,goal,
8844,5,-201.37,1.48,8.19,0.0000,0.0000,0,collision,
8845,49,-209.55,4.40,216.42,0.0000,0.0000,0,collision,
8846,170,-225.57,4.77,806.19,0.0118,0.0000,0,collision,
8847,91,-162.48,11.44,240.50,0.0000,0.1547,0,collision,
8848,28,-184.92,10.38,198.24,0.0714,0.0000,0,collision,
8849,50,-190.06,6.44,226.04,0.0400,0.0000,0,collision,
8850,152,-145.06,11.32,364.94,0.0000,0.0305,0,collision,
8851,32,-201.09,3.85,140.37,0.0000,0.0000,0,collision,
8852,196,-130.51,8.91,635.22,0.0000,0.0334,0,collision,
8853,133,-133.76,10.52,435.79,0.0000,0.0070,0,collision,
8854,111,-142.50,13.24,312.62,0.0000,0.0055,0,collision,
8855,277,320.78,10.32,732.38,0.0000,0.0000,1,goal,
8856,145,-191.55,7.68,260.87,0.0138,0.0083,0,collision,
8857,42,-207.37,2.81,141.15,0.0476,0.0000,0,collision,
8858,50,-167.92,17.22,-52.89,0.0400,0.0108,0,collision,
8859,246,280.94,9.12,876.56,0.0000,0.0000,1,goal,
8860,3,-202.08,0.69,2.61,0.6667,0.0000,0,collision,
8861,114,-143.42,12.74,215.40,0.0000,0.0140,0,collision,
8862,23,-192.66,6.15,128.17,0.0000,0.0000,0,collision,
8863,34,-177.03,12.97,64.22,0.0000,0.0000,0,collision,
8864,122,-102.45,18.85,-33.26,0.0000,0.0207,0,collision,
8865,48,-163.97,13.77,144.57,0.0417,0.0410,0,collision,
8866,216,300.08,11.87,697.32,0.0000,0.0030,1,goal,
8867,307,-160.29,6.60,1536.64,0.0065,0.0062,0,collision,
8868,76,-163.36,10.93,263.90,0.0000,0.0159,0,collision,
3181,13,-210.58,1.88,30.31,0.1538,0.6736,0,collision,
3182,134,-202.73,5.25,567.68,0.0000,0.0025,0,collision,
3183,203,-135.67,10.40,578.36,0.0099,0.0125,0,collision,
3184,171,-153.21,8.13,953.37,0.0117,0.0434,0,collision,
3185,166,-153.35,10.50,214.14,0.0120,0.0173,0,collision,
3186,28,-183.96,9.34,233.21,0.0000,0.0792,0,collision,
3187,34,-185.92,9.22,152.11,0.0000,0.0461,0,collision,
3188,7,-200.40,2.27,23.62,0.0000,0.0000,0,collision,
3189,68,-161.26,10.70,281.41,0.0000,0.0000,0,collision,
3190,200,277.31,12.82,329.40,0.0000,0.0020,1,goal,
8869,426,-214.49,8.86,1777.81,0.0000,0.0025,0,collision,
8870,151,-105.27,10.03,664.25,0.0132,0.0000,0,collision,
8871,139,-131.76,9.78,726.25,0.0000,0.0004,0,collision,
8872,251,-145.23,6.31,1206.40,0.0080,0.0000,0,collision,
8873,47,-165.81,14.38,90.87,0.0426,0.0138,0,collision,
8874,226,332.90,12.89,348.12,0.0000,0.0000,1,goal,
8875,83,-136.23,19.20,19.02,0.0000,0.0000,0,collision,
8876,209,-97.69,11.60,668.81,0.0096,0.0035,0,collision,
8877,126,-188.43,5.50,650.77,0.0000,0.0198,0,collision,
8878,64,-212.34,4.01,233.02,0.0312,0.0747,0,collision,
8879,58,-213.09,3.55,286.58,0.0000,0.0222,0,collision,
8880,240,-199.00,7.86,569.87,0.0000,0.0025,0,collision,
8881,226,341.24,12.15,954.06,0.0000,0.0000,1,goal,
8882,334,276.14,8.14,1260.36,0.0000,0.0066,1,goal,
8883,226,343.29,12.03,855.29,0.0000,0.0074,1,goal,
8884,202,-194.53,5.58,952.97,0.0000,0.0145,0,collision,
8885,188,-163.38,7.57,636.83,0.0106,0.0000,0,collision,
8886,218,257.76,11.72,624.15,0.0000,0.0000,1,goal,
8887,300,330.56,9.49,1453.07,0.0000,0.0015,1,goal,
8888,83,-176.22,8.01,435.89,0.0241,0.0443,0,collision,
8889,76,-179.77,8.87,170.62,0.0263,0.0400,0,collision,
8890,4,-203.84,0.52,1.94,0.5000,0.0000,0,collision,
8891,262,-177.64,5.23,1171.59,0.0076,0.0017,0,collision,
8892,138,-165.38,8.58,397.75,0.0000,0.0308,0,collision,
3191,6,-206.26,0.35,2.91,0.3333,0.0000,0,collision,
3192,74,-184.35,5.21,369.27,0.0000,0.0092,0,collision,
3193,68,-178.49,6.50,434.58,0.0000,0.0231,0,collision,
3194,22,-200.35,3.32,83.26,0.0909,0.0228,0,collision,
3195,137,-174.59,8.95,436.64,0.0000,0.0007,0,collision,
3196,3,-199.63,2.08,9.94,0.0000,0.0000,0,collision,
3197,55,-199.00,5.22,332.05,0.0000,0.0178,0,collision,
3198,204,332.59,13.84,674.63,0.0000,0.0000,1,goal,
3199,60,-242.62,1.39,90.23,0.0000,0.0000,0,collision,
3200,11,-206.42,1.53,17.37,0.1818,0.0000,0,collision,
8893,101,-172.98,5.98,669.89,0.0000,0.0000,0,collision,
8894,49,-171.95,15.60,-26.57,0.0000,0.0565,0,collision,
8895,75,-186.30,5.29,389.59,0.0000,0.0000,0,collision,
8896,32,-191.36,4.62,168.67,0.0625,0.0000,0,collision,
8897,20,-201.80,3.88,92.97,0.1000,0.0000,0,collision,
8898,12,-198.18,4.15,58.29,0.1667,0.0000,0,collision,
8899,37,-168.71,19.93,56.99,0.0541,0.0330,0,collision,
8900,67,-208.51,3.82,289.44,0.0299,0.0000,0,collision,
8901,50,-205.32,3.24,181.86,0.0000,0.0090,0,collision,
8902,71,-230.92,2.62,206.29,0.0282,0.0000,0,collision,
8903,212,243.72,10.56,424.00,0.0000,0.0017,1,goal,
8904,28,-192.67,9.91,169.06,0.0000,0.1148,0,collision,
8905,312,286.12,8.92,1101.65,0.0000,0.0051,1,goal,
8906,205,-138.79,6.96,1102.89,0.0000,0.0024,0,collision,
8907,56,-173.46,14.31,117.38,0.0357,0.0165,0,collision,
8908,11,-204.19,2.03,24.43,0.0000,0.0612,0,collision,
8909,310,287.75,7.84,1660.15,0.0000,0.0000,1,goal,
8910,345,295.23,8.11,1594.30,0.0000,0.0220,1,goal,
8911,248,310.06,10.40,863.75,0.0000,0.0000,1,goal,
8912,45,-210.47,3.07,177.92,0.0000,0.0000,0,collision,
8913,163,-159.61,6.55,880.68,0.0000,0.0015,0,collision,
8914,25,-221.79,1.20,32.20,0.0800,0.0000,0,collision,
8915,1,-200.00,0.00,0.00,0.0000,0.0000,0,collision,
8916,23,-194.78,5.10,154.08,0.0870,0.0181,0,collision,
8917,143,-119.59,12.71,350.95,0.0140,0.0128,0,collision,
8918,244,324.10,12.01,493.33,0.0000,0.0267,1,goal,
8919,184,-180.58,8.84,323.40,0.0109,0.0000,0,collision,
8920,242,198.19,9.14,299.02,0.0000,0.0221,1,goal,
8921,70,-220.03,3.30,262.68,0.0000,0.0100,0,collision,
8922,31,-210.70,3.16,137.86,0.0645,0.0000,0,collision,
8923,46,-206.21,4.19,219.58,0.0000,0.0269,0,collision,
8924,58,-173.63,16.23,61.98,0.0000,0.0221,0,collision,
8925,169,-104.93,10.53,774.80,0.0118,0.0224,0,collision,
8926,169,313.80,13.70,276.36,0.0000,0.0196,1,goal,
8927,38,-229.99,1.56,65.42,0.0526,0.0381,0,collision,
8928,282,302.44,9.10,1225.09,0.0000,0.0033,1,goal,
3201,10,-194.68,5.79,68.38,0.2000,0.0000,0,collision,
3202,263,-131.56,7.79,1360.31,0.0000,0.0000,0,collision,
3203,153,258.61,14.73,-15.14,0.0000,0.0117,1,goal,
3204,171,-139.55,12.07,184.84,0.0117,0.0113,0,collision,
3205,90,-176.25,6.58,457.59,0.0222,0.0000,0,collision,
3206,102,305.43,28.22,-249.43,0.0000,0.0000,1,goal,
3207,30,-196.50,4.44,159.76,0.0667,0.0000,0,collision,
3208,86,-186.87,7.42,281.33,0.0233,0.0000,0,collision,
3209,112,-123.20,13.23,291.05,0.0179,0.0000,0,collision,
3210,317,301.48,9.13,972.65,0.0000,0.0000,1,goal,
8929,84,-214.72,12.22,112.46,0.0000,0.0117,0,collision,
8930,55,-181.97,11.89,60.73,0.0000,0.1041,0,collision,
8931,20,-188.91,7.59,183.79,0.1000,0.0000,0,collision,
8932,8,-204.92,1.33,13.60,0.0000,0.0000,0,collision,
8933,201,259.72,11.19,605.75,0.0000,0.0000,1,goal,
8934,70,-136.81,19.68,-51.79,0.0286,0.0210,0,collision,
8935,47,-173.72,14.38,10.49,0.0426,0.0404,0,collision,
8936,80,-209.87,3.37,305.40,0.0250,0.0000,0,collision,
8937,59,-187.29,8.58,92.71,0.0000,0.0236,0,collision,
8938,80,-174.05,8.91,301.26,0.0000,0.0649,0,collision,
8939,146,311.45,17.03,30.10,0.0000,0.0053,1,goal,
8940,72,-191.62,6.39,353.70,0.0000,0.0000,0,collision,
8941,232,-178.69,6.80,798.02,0.0000,0.0141,0,collision,
8942,2,-200.32,1.04,2.51,0.0000,0.0000,0,collision,
8943,226,309.90,10.98,930.14,0.0000,0.0000,1,goal,
8944,115,-192.64,5.53,483.00,0.0000,0.0000,0,collision,
8945,58,-163.20,14.91,28.81,0.0345,0.0083,0,collision,
8946,60,-180.69,10.73,129.17,0.0000,0.0211,0,collision,
8947,75,-194.08,5.77,422.87,0.0267,0.0119,0,collision,
8948,15,-217.33,0.69,10.38,0.1333,0.0000,0,collision,
8949,30,-183.02,8.25,240.60,0.0000,0.0000,0,collision,
8950,201,290.47,13.41,366.76,0.0000,0.0049,1,goal,
8951,98,-114.07,21.33,-171.30,0.0204,0.0214,0,collision,
8952,233,-111.00,9.88,715.90,0.0086,0.0000,0,collision,
8953,213,313.94,12.72,365.20,0.0000,0.0058,1,goal,
8954,241,-111.77,7.32,1572.39,0.0000,0.0000,0,collision,
8955,197,-110.58,10.80,661.11,0.0000,0.0130,0,collision,
8956,21,-195.10,4.70,116.34,0.0000,0.0000,0,collision,
8957,219,291.42,11.14,340.88,0.0000,0.0000,1,goal,
8958,102,-139.94,9.58,496.33,0.0000,0.0000,0,collision,
8959,68,-166.65,13.47,190.36,0.0294,0.1556,0,collision,
8960,2,-200.32,1.04,2.51,1.0000,0.0000,0,collision,
8961,153,-237.88,6.13,437.69,0.0131,0.0000,0,collision,
8962,87,-165.52,8.62,442.61,0.0000,0.0108,0,collision,
8963,2,-201.66,0.00,0.10,1.0000,0.0000,0,collision,
8964,100,77.35,19.55,236.79,0.0000,0.0000,0,removed_unknown,
8965,63,-181.70,9.86,177.01,0.0000,0.0598,0,collision,
8966,8,-207.99,0.78,6.40,0.2500,0.0000,0,collision,
8967,34,-187.65,5.88,257.49,0.0000,0.0000,0,collision,
8968,2,-200.32,1.04,2.51,0.0000,0.0000,0,collision,
8969,2,-200.32,1.04,2.51,0.0000,0.0000,0,collision,
8970,4,-202.84,0.52,1.94,0.0000,0.0000,0,collision,
8971,49,-174.15,13.15,161.80,0.0408,0.0249,0,collision,
8972,33,-194.84,6.21,144.32,0.0000,0.1147,0,collision,
8973,138,-180.50,6.91,448.89,0.0145,0.0082,0,collision,
8974,46,-205.77,3.57,185.29,0.0000,0.0171,0,collision,
3211,29,-198.66,4.57,118.46,0.0000,0.0000,0,collision,
3212,147,-146.77,8.80,693.58,0.0136,0.0042,0,collision,
3213,129,-157.64,8.88,363.89,0.0000,0.0000,0,collision,
3214,13,-204.27,2.66,38.03,0.1538,0.0000,0,collision,
3215,139,-178.75,5.80,695.97,0.0144,0.0084,0,collision,
3216,69,-206.04,5.75,243.64,0.0000,0.0000,0,collision,
3217,127,-199.92,5.62,494.57,0.0000,0.0960,0,collision,
3218,79,-181.65,6.03,436.94,0.0000,0.0000,0,collision,
3219,56,-165.44,11.86,239.82,0.0000,0.0407,0,collision,
3220,188,-145.09,9.42,627.02,0.0106,0.0228,0,collision,
8975,194,-285.42,5.39,671.86,0.0000,0.0000,0,collision,
8976,45,-207.35,3.03,173.33,0.0444,0.0000,0,collision,
8977,433,189.89,6.25,1844.02,0.0000,0.0161,1,goal,
8978,207,-97.16,12.11,697.67,0.0097,0.0011,0,collision,
8979,43,-195.98,4.19,220.18,0.0000,0.0229,0,collision,
8980,8,-200.15,2.91,38.98,0.2500,0.0000,0,collision,
8981,122,-181.82,6.92,642.47,0.0164,0.0266,0,collision,
8982,200,-113.72,9.31,770.48,0.0100,0.0188,0,collision,
8983,36,-201.02,5.99,178.21,0.0556,0.0000,0,collision,
8984,226,-139.31,6.75,1003.51,0.0000,0.0117,0,collision,
8985,141,288.43,15.37,289.08,0.0000,0.0110,1,goal,
8986,87,-176.44,10.86,337.57,0.0000,0.0000,0,collision,
8987,40,-207.88,3.58,161.90,0.0500,0.0000,0,collision,
8988,6,-207.50,0.00,0.50,0.3333,0.0000,0,collision,
8989,127,308.66,21.51,-298.35,0.0000,0.0074,1,goal,
8990,15,-205.80,2.60,65.20,0.0000,0.0000,0,collision,
8991,56,-174.54,12.33,19.48,0.0000,0.0586,0,collision,
8992,134,112.21,16.75,478.93,0.0149,0.0054,0,removed_unknown,
8993,261,312.92,9.49,1166.71,0.0000,0.0000,1,goal,
8994,183,-143.05,9.47,518.96,0.0000,0.0231,0,collision,
8995,196,-241.00,5.20,681.54,0.0102,0.0000,0,collision,
8996,7,-203.27,1.55,12.23,0.0000,0.0000,0,collision,
8997,92,-197.34,5.15,441.26,0.0217,0.0256,0,collision,
8998,68,-185.06,5.96,443.09,0.0000,0.0000,0,collision,
8999,139,-158.99,12.52,-84.54,0.0144,0.0112,0,collision,
9000,53,-192.51,6.41,169.23,0.0000,0.0000,0,collision,
9001,93,-160.37,8.05,516.20,0.0215,0.0434,0,collision,
9002,71,-168.87,9.79,368.50,0.0282,0.0092,0,collision,
9003,25,-206.64,2.50,68.67,0.0800,0.0000,0,collision,
9004,37,-215.15,2.95,123.01,0.0541,0.0000,0,collision,
9005,7,-201.80,1.94,17.70,0.2857,0.0000,0,collision,
9006,285,-254.00,6.59,525.84,0.0000,0.0066,0,collision,
9007,16,-215.86,0.98,15.86,0.1250,0.0000,0,collision,
9008,185,-165.47,12.07,414.59,0.0000,0.0035,0,collision,
9009,41,-168.09,16.50,-53.57,0.0000,0.0149,0,collision,
9010,8,-207.99,0.78,6.40,0.0000,0.0000,0,collision,
9011,183,-176.60,6.50,712.56,0.0000,0.0000,0,collision,
3221,73,-157.08,11.10,351.76,0.0274,0.0214,0,collision,
3222,89,-161.06,10.39,328.50,0.0225,0.0000,0,collision,
3223,43,-201.07,5.04,251.93,0.0465,0.0000,0,collision,
3224,136,-157.99,11.23,234.29,0.0147,0.0347,0,collision,
3225,46,-189.68,7.61,119.11,0.0000,0.0271,0,collision,
3226,65,-230.89,2.48,206.44,0.0308,0.0000,0,collision,
3227,169,-160.47,6.37,1014.60,0.0000,0.0000,0,collision,
3228,56,-198.90,4.60,288.50,0.0000,0.0137,0,collision,
3229,28,-214.87,3.06,97.99,0.0000,0.0906,0,collision,
3230,159,-131.21,9.95,494.47,0.0126,0.0251,0,collision,
9012,183,-196.59,11.90,364.15,0.0000,0.0111,0,collision,
9013,47,-169.07,13.30,145.30,0.0000,0.0077,0,collision,
9014,217,279.03,11.39,496.71,0.0000,0.0000,1,goal,
9015,224,-165.62,8.68,575.81,0.0089,0.0036,0,collision,
9016,197,-161.07,8.98,402.90,0.0102,0.0000,0,collision,
9017,98,-178.98,6.88,678.45,0.0000,0.1006,0,collision,
9018,101,-116.60,16.37,137.84,0.0000,0.0202,0,collision,
9019,55,-159.62,17.23,-41.70,0.0000,0.0143,0,collision,
9020,99,-241.65,3.06,340.03,0.0202,0.0000,0,collision,
9021,225,255.71,10.18,695.83,0.0000,0.0040,1,goal,
9022,184,-207.79,6.84,497.55,0.0109,0.0049,0,collision,
9023,80,-124.74,23.71,-61.54,0.0000,0.0161,0,collision,
9024,131,-217.70,5.64,465.36,0.0153,0.0244,0,collision,
9025,152,-118.95,14.51,308.69,0.0000,0.0000,0,collision,
9026,176,279.57,12.72,248.30,0.0000,0.0000,1,goal,
9027,49,-186.38,6.19,362.72,0.0408,0.0130,0,collision,
9028,55,-161.54,12.01,196.00,0.0364,0.0242,0,collision,
9029,108,-173.83,6.60,683.09,0.0185,0.0087,0,collision,
9030,97,-221.73,3.48,384.31,0.0000,0.0529,0,collision,
9031,168,-108.37,11.03,513.58,0.0000,0.0159,0,collision,
9032,164,-139.29,11.29,530.30,0.0122,0.0171,0,collision,
9033,25,-196.37,7.20,190.81,0.0000,0.2418,0,collision,
9034,61,-173.85,11.95,114.14,0.0328,0.0524,0,collision,
9035,110,-111.29,17.38,-66.96,0.0000,0.0019,0,collision,
9036,75,-197.00,6.49,229.22,0.0000,0.0904,0,collision,
9037,55,-143.90,24.47,-79.67,0.0364,0.0080,0,collision,
9038,283,277.40,10.03,705.71,0.0000,0.0000,1,goal,
9039,7,-208.02,0.30,2.24,0.2857,0.0000,0,collision,
9040,51,-183.93,6.00,287.69,0.0000,0.0378,0,collision,
9041,73,-146.57,16.26,106.29,0.0000,0.0113,0,collision,
9042,166,318.03,14.99,32.50,0.0000,0.0000,1,goal,
9043,47,-218.44,2.86,193.87,0.0000,0.0376,0,collision,
9044,211,-188.89,6.17,827.22,0.0095,0.0620,0,collision,
9045,47,-207.20,3.79,203.93,0.0000,0.0036,0,collision,
9046,6,-201.15,1.77,13.40,0.0000,0.0620,0,collision,
9047,82,-156.41,13.55,52.49,0.0000,0.0272,0,collision,
3231,367,-150.19,7.07,1845.75,0.0054,0.0168,0,collision,
3232,35,-180.51,9.55,179.30,0.0000,0.0000,0,collision,
3233,57,-203.79,5.34,253.91,0.0351,0.0068,0,collision,
3234,402,333.86,7.10,2603.47,0.0000,0.0018,1,goal,
3235,217,275.01,10.64,698.94,0.0000,0.0000,1,goal,
3236,25,-180.84,14.75,102.69,0.0800,0.0377,0,collision,
3237,161,-159.60,9.36,310.82,0.0124,0.0139,0,collision,
3238,57,-158.42,15.89,-27.27,0.0351,0.0328,0,collision,
3239,18,-194.31,5.80,91.92,0.0000,0.0419,0,collision,
3240,180,-264.41,4.55,664.52,0.0106,0.0318,0,collision,
9048,166,-211.75,6.75,1102.59,0.0000,0.0390,0,collision,
9049,196,300.29,13.42,319.99,0.0000,0.0063,1,goal,
9050,85,-189.45,7.47,304.35,0.0235,0.0072,0,collision,
9051,51,-174.51,10.71,210.15,0.0000,0.0363,0,collision,
9052,154,297.94,16.71,354.50,0.0000,0.0151,1,goal,
9053,32,-195.51,8.73,88.68,0.0625,0.0866,0,collision,
9054,44,-178.78,13.26,150.90,0.0455,0.0249,0,collision,
9055,63,-167.00,9.56,297.01,0.0317,0.0545,0,collision,
9056,94,-171.77,5.73,549.79,0.0213,0.0000,0,collision,
9057,198,303.43,12.86,289.38,0.0000,0.0000,1,goal,
9058,317,-196.09,7.38,793.93,0.0063,0.0000,0,collision,
9059,152,-229.47,6.63,326.01,0.0132,0.0175,0,collision,
9060,120,-121.07,16.30,84.12,0.0000,0.0019,0,collision,
9061,137,290.23,17.03,-36.00,0.0000,0.0000,1,goal,
9062,122,-149.47,9.43,279.33,0.0164,0.0022,0,collision,
9063,126,-122.07,12.04,454.13,0.0000,0.0000,0,collision,
9064,167,-150.94,11.63,310.94,0.0000,0.0062,0,collision,
9065,140,-112.74,11.45,382.89,0.0000,0.0000,0,collision,
9066,3,-199.63,2.08,9.94,0.6667,0.0000,0,collision,
9067,105,-194.41,13.38,25.06,0.0000,0.0000,0,collision,
9068,124,-123.54,16.28,155.81,0.0161,0.0024,0,collision,
9069,184,-132.26,8.12,998.73,0.0000,0.0086,0,collision,
9070,105,-133.72,12.69,287.34,0.0000,0.1125,0,collision,
9071,40,-181.42,9.40,225.66,0.0000,0.0000,0,collision,
9072,48,-159.06,17.55,1.80,0.0000,0.0085,0,collision,
9073,229,309.18,12.10,414.01,0.0000,0.0000,1,goal,
9074,114,-114.27,17.03,-67.48,0.0000,0.0028,0,collision,
9075,40,-170.67,14.45,93.90,0.0500,0.0000,0,collision,
9076,60,-179.59,10.25,217.92,0.0333,0.0308,0,collision,
9077,175,332.46,16.53,-133.22,0.0000,0.0000,1,goal,
9078,162,321.94,13.97,328.13,0.0000,0.0000,1,goal,
9079,27,-202.87,3.12,100.41,0.0000,0.0000,0,collision,
9080,142,311.79,15.86,-30.40,0.0000,0.0000,1,goal,
9081,109,-130.23,13.20,190.32,0.0000,0.0000,0,collision,
9082,93,-111.00,24.17,-189.33,0.0215,0.0011,0,collision,
3241,225,288.59,10.94,952.97,0.0000,0.0198,1,goal,
3242,269,-118.91,7.54,1169.92,0.0000,0.0037,0,collision,
3243,266,264.11,11.13,600.59,0.0000,0.0000,1,goal,
3244,218,-133.04,10.70,249.29,0.0092,0.0015,0,collision,
3245,52,-201.65,4.91,224.05,0.0385,0.0063,0,collision,
3246,80,-133.16,17.51,72.58,0.0000,0.0179,0,collision,
3247,15,-198.52,3.86,65.96,0.1333,0.0000,0,collision,
3248,258,295.15,9.47,968.32,0.0000,0.0133,1,goal,
3249,5,-203.45,0.83,4.45,0.0000,0.0000,0,collision,
3250,80,-211.39,4.30,288.23,0.0250,0.0096,0,collision,
9083,154,-212.42,8.97,771.67,0.0000,0.0004,0,collision,
9084,251,264.44,10.43,397.49,0.0000,0.0067,1,goal,
9085,197,-149.94,9.38,879.28,0.0000,0.0356,0,collision,
9086,274,236.51,8.96,916.71,0.0000,0.0091,1,goal,
9087,196,-143.12,7.35,1021.26,0.0102,0.0000,0,collision,
9088,90,-196.04,9.62,211.03,0.0222,0.0062,0,collision,
9089,125,-121.77,18.57,-62.74,0.0160,0.0000,0,collision,
9090,22,-204.76,3.05,88.73,0.0909,0.0000,0,collision,
9091,2,-201.66,0.00,0.10,1.0000,0.0000,0,collision,
9092,109,-131.70,11.81,279.62,0.0000,0.0106,0,collision,
9093,67,-217.32,6.03,211.96,0.0000,0.0632,0,collision,
9094,111,-137.86,12.55,255.13,0.0180,0.0134,0,collision,
9095,285,-170.76,7.82,859.06,0.0053,0.0062,0,collision,
9096,331,-191.70,5.85,1199.85,0.0060,0.0000,0,collision,
9097,64,-169.31,10.95,207.92,0.0312,0.0000,0,collision,
9098,158,-148.85,9.09,539.86,0.0127,0.0099,0,collision,
9099,32,-197.44,7.21,162.24,0.0000,0.0540,0,collision,
9100,332,-211.02,4.91,1629.66,0.0000,0.0424,0,collision,
9101,100,297.47,23.59,102.88,0.0000,0.0000,1,goal,
9102,64,-164.70,13.91,-69.98,0.0312,0.0000,0,collision,
9103,203,-68.27,14.09,532.56,0.0000,0.0000,0,collision,
9104,151,-131.03,10.43,395.72,0.0000,0.0172,0,collision,
9105,100,-184.94,5.63,537.13,0.0200,0.0000,0,collision,
9106,135,-180.45,8.55,255.79,0.0148,0.0000,0,collision,
9107,232,305.96,10.09,670.73,0.0000,0.0061,1,goal,
9108,124,290.85,18.96,325.53,0.0000,0.0000,1,goal,
3251,71,-202.12,4.55,388.67,0.0000,0.0132,0,collision,
3252,156,-130.97,12.94,374.80,0.0128,0.0177,0,collision,
3253,26,-197.44,3.72,108.92,0.0000,0.0000,0,collision,
3254,81,-139.63,16.05,-136.69,0.0247,0.0217,0,collision,
3255,124,-92.26,19.07,-26.91,0.0000,0.0110,0,collision,
3256,74,-175.85,11.27,262.38,0.0270,0.0167,0,collision,
3257,12,-202.83,2.88,56.32,0.1667,0.0936,0,collision,
3258,173,-186.75,10.54,286.82,0.0000,0.0068,0,collision,
3259,113,-147.25,14.47,181.70,0.0177,0.0121,0,collision,
3260,179,-88.22,11.42,670.94,0.0112,0.0328,0,collision,
9109,414,-316.27,5.85,1868.86,0.0048,0.0037,0,collision,
9110,182,-167.76,7.69,813.70,0.0110,0.1484,0,collision,
9111,102,-108.01,20.39,47.19,0.0196,0.0052,0,collision,
9112,113,295.81,24.45,-194.99,0.0000,0.0057,1,goal,
9113,166,-157.16,9.77,728.02,0.0120,0.0225,0,collision,
9114,8,-201.32,2.25,25.36,0.0000,0.0000,0,collision,
9115,67,-202.19,4.60,288.92,0.0299,0.0000,0,collision,
9116,23,-216.38,1.45,36.54,0.0870,0.0035,0,collision,
9117,116,-161.97,12.07,145.06,0.0172,0.0146,0,collision,
9118,121,-155.84,10.89,306.85,0.0000,0.0269,0,collision,
9119,232,286.04,10.57,490.61,0.0000,0.0164,1,goal,
9120,105,-142.78,11.33,357.19,0.0190,0.0087,0,collision,
9121,17,-193.21,6.55,132.54,0.1176,0.0054,0,collision,
9122,6,-205.91,0.69,3.79,0.3333,0.0000,0,collision,
9123,319,-145.68,6.82,1235.97,0.0063,0.0023,0,collision,
9124,11,-198.05,3.88,50.45,0.1818,0.0000,0,collision,
9125,13,-209.34,1.54,21.86,0.0000,0.0000,0,collision,
9126,124,-119.37,9.51,881.65,0.0161,0.0146,0,collision,
9127,278,-124.08,7.55,1170.45,0.0000,0.0045,0,collision,
9128,73,-166.41,11.52,88.82,0.0000,0.0000,0,collision,
9129,211,242.64,10.65,184.79,0.0000,0.0124,1,goal,
9130,149,-131.84,10.45,331.15,0.0000,0.0035,0,collision,
9131,150,-141.62,7.85,711.70,0.0000,0.0051,0,collision,
9132,150,-121.85,9.41,844.33,0.0133,0.0123,0,collision,
9133,87,-135.19,21.36,-49.35,0.0000,0.0102,0,collision,
9134,191,256.72,12.54,353.27,0.0000,0.0000,1,goal,
9135,23,-191.37,6.90,186.98,0.0870,0.0000,0,collision,
9136,164,-109.66,11.48,797.13,0.0000,0.0028,0,collision,
9137,44,-200.77,3.54,175.39,0.0455,0.0000,0,collision,
9138,90,-170.29,7.78,413.90,0.0222,0.0406,0,collision,
9139,6,-203.73,1.23,7.86,0.0000,0.0000,0,collision,
9140,46,-203.16,4.50,282.17,0.0000,0.0170,0,collision,
9141,119,-127.96,12.09,232.98,0.0168,0.0224,0,collision,
9142,206,-144.87,9.63,753.79,0.0097,0.0088,0,collision,
9143,25,-185.35,9.07,250.74,0.0800,0.0601,0,collision,
9144,54,-182.28,7.08,217.37,0.0000,0.0000,0,collision,
3261,48,-170.98,14.05,168.45,0.0000,0.0267,0,collision,
3262,169,-118.94,15.16,528.53,0.0118,0.0101,0,collision,
3263,38,-221.73,1.74,72.77,0.0526,0.0000,0,collision,
3264,152,-143.26,10.98,433.77,0.0000,0.0048,0,collision,
3265,48,-219.29,3.36,183.32,0.0000,0.0000,0,collision,
3266,209,-122.91,10.30,649.60,0.0096,0.0098,0,collision,
3267,33,-195.30,7.38,109.45,0.0606,0.0256,0,collision,
3268,148,-198.33,5.48,874.09,0.0135,0.0287,0,collision,
3269,48,-211.99,2.81,146.83,0.0000,0.0000,0,collision,
3270,105,-110.79,19.21,162.36,0.0190,0.0073,0,collision,
9145,198,-268.50,5.88,722.79,0.0101,0.0000,0,collision,
9146,41,-215.53,2.78,128.31,0.0488,0.0177,0,collision,
9147,132,293.82,17.39,115.57,0.0000,0.0000,1,goal,
9148,3,-202.08,0.69,1.84,0.0000,0.0000,0,collision,
9149,1,-200.00,0.00,0.00,0.0000,0.0000,0,collision,
9150,94,-133.72,15.15,116.68,0.0213,0.0145,0,collision,
9151,123,-121.42,11.38,596.55,0.0000,0.0177,0,collision,
9152,80,-146.71,12.38,269.85,0.0250,0.0000,0,collision,
9153,114,-120.28,13.81,269.63,0.0000,0.0110,0,collision,
9154,159,310.06,14.40,349.79,0.0000,0.0000,1,goal,
9155,71,-194.37,5.26,404.17,0.0282,0.0969,0,collision,
9156,43,-193.02,6.43,256.16,0.0000,0.0000,0,collision,
9157,169,-121.90,13.00,112.41,0.0000,0.0119,0,collision,
9158,15,-205.71,2.55,42.42,0.1333,0.0000,0,collision,
9159,39,-175.40,10.89,277.81,0.0513,0.0186,0,collision,
9160,28,-183.05,6.81,247.86,0.0714,0.0000,0,collision,
9161,146,315.14,16.05,209.96,0.0000,0.0000,1,goal,
9162,152,-226.90,6.76,402.98,0.0132,0.0783,0,collision,
9163,38,-203.46,4.44,172.68,0.0000,0.0000,0,collision,
9164,170,-131.91,8.03,856.87,0.0000,0.0045,0,collision,
9165,50,-197.97,5.90,345.85,0.0000,0.1084,0,collision,
9166,177,-98.72,10.96,724.41,0.0000,0.0153,0,collision,
9167,147,-220.39,3.63,616.16,0.0000,0.0000,0,collision,
9168,39,-183.48,12.43,124.75,0.0513,0.0463,0,collision,
9169,60,-152.26,18.94,62.30,0.0333,0.0038,0,collision,
9170,301,259.45,7.61,1223.38,0.0000,0.0000,1,goal,
9171,367,260.36,7.34,1639.88,0.0000,0.0343,1,goal,
9172,298,-135.15,7.73,1427.99,0.0067,0.0038,0,collision,
9173,36,-181.17,9.90,138.65,0.0556,0.0263,0,collision,
9174,2,-200.32,1.04,2.51,0.0000,0.0000,0,collision,
9175,41,-202.51,4.21,205.73,0.0000,0.0000,0,collision,
9176,118,-189.91,5.67,642.10,0.0000,0.0000,0,collision,
9177,186,318.83,12.48,794.34,0.0000,0.0040,1,goal,
9178,5,-201.37,1.48,8.19,0.4000,0.0000,0,collision,
9179,196,-195.37,6.50,799.11,0.0000,0.0496,0,collision,
9180,122,-123.24,11.00,405.12,0.0000,0.0000,0,collision,
9181,12,-202.17,2.59,43.79,0.0000,0.0000,0,collision,
9182,50,-171.76,8.34,309.27,0.0000,0.0000,0,collision,
3271,10,-205.90,1.48,15.62,0.2000,0.0000,0,collision,
3272,86,-146.02,13.65,165.77,0.0000,0.0147,0,collision,
3273,158,264.66,14.49,268.28,0.0000,0.0112,1,goal,
3274,83,-190.70,4.72,486.27,0.0000,0.0000,0,collision,
3275,70,-208.08,5.54,187.22,0.0000,0.0166,0,collision,
3276,416,319.47,6.80,2123.48,0.0000,0.0050,1,goal,
3277,294,-217.62,6.86,941.02,0.0000,0.0100,0,collision,
3278,2,-200.32,1.04,2.51,0.0000,0.0000,0,collision,
3279,286,291.35,10.23,682.37,0.0000,0.0101,1,goal,
3280,75,-160.27,14.95,12.07,0.0000,0.0288,0,collision,
9183,277,-228.65,7.39,639.37,0.0072,0.0046,0,collision,
9184,110,-212.53,3.95,487.65,0.0182,0.0041,0,collision,
9185,158,-164.28,9.95,392.54,0.0127,0.0107,0,collision,
9186,171,-200.37,4.95,804.62,0.0000,0.0000,0,collision,
9187,180,-133.44,7.67,1022.07,0.0111,0.0682,0,collision,
9188,174,306.03,13.20,281.34,0.0000,0.0097,1,goal,
9189,117,-122.12,19.03,-172.22,0.0000,0.0076,0,collision,
9190,162,-164.10,8.49,538.52,0.0000,0.0086,0,collision,
9191,145,-88.28,14.60,655.05,0.0000,0.0043,0,collision,
9192,202,-169.37,6.86,847.28,0.0000,0.0234,0,collision,
9193,179,-103.29,12.55,597.46,0.0000,0.0094,0,collision,
9194,30,-206.64,3.19,107.18,0.0000,0.0507,0,collision,
9195,159,-214.87,4.57,525.21,0.0000,0.0300,0,collision,
9196,241,-147.21,7.86,1000.41,0.0000,0.0000,0,collision,
9197,222,-190.16,6.55,904.60,0.0090,0.1041,0,collision,
9198,86,-179.80,6.04,563.35,0.0000,0.0204,0,collision,
9199,55,-196.18,4.21,262.96,0.0364,0.0000,0,collision,
9200,78,-199.02,6.87,244.11,0.0256,0.0248,0,collision,
9201,33,-174.80,13.98,107.45,0.0000,0.0190,0,collision,
9202,220,256.16,10.19,1019.37,0.0000,0.0193,1,goal,
9203,165,-81.49,16.31,168.27,0.0121,0.0032,0,collision,
9204,72,-149.65,18.91,-67.03,0.0000,0.0432,0,collision,
9205,164,-213.47,4.99,879.42,0.0122,0.0020,0,collision,
9206,2,-200.32,1.04,2.51,0.0000,0.0000,0,collision,
9207,73,-172.18,6.69,440.69,0.0274,0.0000,0,collision,
9208,30,-212.55,2.25,78.90,0.0000,0.0000,0,collision,
9209,234,-174.54,6.46,1014.02,0.0085,0.0009,0,collision,
9210,48,-217.86,2.86,152.65,0.0417,0.0265,0,collision,
9211,138,-80.59,18.42,-63.48,0.0145,0.0000,0,collision,
9212,31,-179.04,9.84,242.46,0.0645,0.0000,0,collision,
9213,28,-202.03,3.48,119.26,0.0000,0.0481,0,collision,
9214,18,-193.07,5.25,109.33,0.0000,0.0000,0,collision,
9215,65,-155.32,15.14,60.42,0.0000,0.0128,0,collision,
9216,30,-201.25,4.48,174.40,0.0000,0.0857,0,collision,
9217,142,303.74,15.83,-33.94,0.0000,0.0000,1,goal,
3281,46,-201.42,3.63,205.63,0.0435,0.0098,0,collision,
3282,301,308.99,9.11,1299.37,0.0000,0.0000,1,goal,
3283,90,-157.98,7.26,652.13,0.0000,0.0136,0,collision,
3284,53,-172.07,11.92,174.06,0.0377,0.0103,0,collision,
3285,199,-160.95,10.70,635.69,0.0000,0.0109,0,collision,
3286,152,-155.65,9.08,451.21,0.0132,0.0031,0,collision,
3287,20,-207.91,2.38,53.70,0.0000,0.0000,0,collision,
3288,34,-174.36,13.34,152.14,0.0588,0.0000,0,collision,
3289,97,-153.35,10.24,447.36,0.0206,0.0076,0,collision,
3290,18,-191.74,12.26,59.52,0.1111,0.0794,0,collision,
9218,128,-176.43,15.96,54.51,0.0000,0.0065,0,collision,
9219,66,-236.80,2.33,177.03,0.0303,0.0000,0,collision,
9220,93,-180.24,6.73,482.30,0.0000,0.0559,0,collision,
9221,165,-173.00,10.66,193.65,0.0121,0.0019,0,collision,
9222,148,-143.84,8.23,765.93,0.0000,0.0000,0,collision,
9223,84,-152.08,9.32,575.70,0.0000,0.0507,0,collision,
9224,24,-184.14,16.25,94.86,0.0000,0.0528,0,collision,
9225,174,-171.40,6.28,815.32,0.0000,0.0057,0,collision,
9226,139,-132.14,11.99,402.78,0.0144,0.0420,0,collision,
9227,18,-211.93,1.64,31.38,0.1111,0.0000,0,collision,
9228,95,-173.80,8.90,267.46,0.0000,0.0434,0,collision,
9229,182,-191.22,6.17,761.85,0.0000,0.0000,0,collision,
9230,16,-213.54,1.20,20.45,0.0000,0.0000,0,collision,
9231,178,-167.76,12.95,69.51,0.0112,0.0038,0,collision,
9232,98,265.70,25.12,21.35,0.0000,0.0072,1,goal,
9233,63,-161.55,11.33,115.99,0.0000,0.0000,0,collision,
9234,28,-191.08,6.75,185.80,0.0000,0.0000,0,collision,
9235,96,-198.34,9.80,134.30,0.0000,0.0165,0,collision,
9236,86,-154.68,11.24,338.89,0.0233,0.0135,0,collision,
9237,31,-188.82,8.67,182.70,0.0000,0.0512,0,collision,
9238,287,327.09,9.95,962.74,0.0000,0.0000,1,goal,
9239,42,-166.20,15.11,18.14,0.0000,0.0176,0,collision,
9240,380,285.12,7.20,1526.65,0.0000,0.0126,1,goal,
9241,64,-196.66,4.24,316.08,0.0000,0.1025,0,collision,
9242,56,-184.41,5.75,338.39,0.0357,0.0000,0,collision,
9243,31,-211.21,2.64,93.37,0.0000,0.0000,0,collision,
9244,128,-146.22,9.99,477.88,0.0000,0.0242,0,collision,
9245,266,-92.47,9.01,1015.93,0.0075,0.0017,0,collision,
9246,13,-206.81,1.77,31.62,0.1538,0.0000,0,collision,
9247,191,-157.72,9.58,554.25,0.0105,0.0026,0,collision,
9248,196,337.54,14.08,298.83,0.0000,0.0024,1,goal,
9249,146,-139.60,10.62,480.77,0.0137,0.0070,0,collision,
9250,64,-203.44,4.08,297.05,0.0000,0.0000,0,collision,
9251,108,-104.83,23.09,-313.75,0.0185,0.0360,0,collision,
9252,50,-222.01,3.35,191.28,0.0400,0.0209,0,collision,
3291,10,-205.86,1.52,16.26,0.0000,0.0000,0,collision,
3292,218,-249.67,5.29,735.52,0.0000,0.0100,0,collision,
3293,24,-186.06,8.43,207.60,0.0000,0.0000,0,collision,
3294,40,-186.59,7.08,253.48,0.0000,0.0542,0,collision,
3295,244,-161.47,7.28,959.34,0.0082,0.0177,0,collision,
3296,208,-205.88,5.91,870.53,0.0000,0.0108,0,collision,
3297,26,-200.83,3.72,108.63,0.0769,0.0000,0,collision,
3298,61,-204.52,4.06,254.37,0.0000,0.0000,0,collision,
3299,213,-253.09,6.25,322.32,0.0000,0.0191,0,collision,
3300,77,-137.07,19.95,21.47,0.0000,0.0122,0,collision,
9253,211,-186.75,7.84,864.02,0.0095,0.0195,0,collision,
9254,22,-184.49,10.02,185.41,0.0909,0.0000,0,collision,
9255,47,-194.96,4.88,271.20,0.0000,0.0802,0,collision,
9256,144,-143.36,9.37,477.02,0.0139,0.0170,0,collision,
9257,98,-172.09,6.75,497.44,0.0000,0.0183,0,collision,
9258,146,-288.97,2.75,450.82,0.0000,0.0117,0,collision,
9259,69,-159.74,17.55,32.97,0.0000,0.0005,0,collision,
9260,220,-140.76,10.10,600.02,0.0000,0.0008,0,collision,
9261,3,-202.52,0.00,0.20,0.6667,0.0000,0,collision,
9262,8,-208.41,0.78,5.63,0.2500,0.0391,0,collision,
9263,133,-107.24,15.02,64.53,0.0150,0.0020,0,collision,
9264,60,-168.14,11.77,157.05,0.0000,0.0347,0,collision,
9265,147,-189.39,4.63,750.53,0.0000,0.0067,0,collision,
9266,129,-128.41,10.61,665.31,0.0000,0.0079,0,collision,
9267,101,-120.51,14.91,-28.58,0.0000,0.0219,0,collision,
9268,67,-176.15,9.64,238.08,0.0000,0.0285,0,collision,
9269,184,322.41,12.37,700.41,0.0000,0.0001,1,goal,
9270,77,-160.27,8.54,509.17,0.0260,0.0192,0,collision,
9271,180,-115.70,11.05,764.80,0.0000,0.0011,0,collision,
9272,49,-163.86,19.01,-54.83,0.0408,0.0259,0,collision,
9273,125,-100.22,18.43,148.93,0.0000,0.0180,0,collision,
9274,87,-155.73,10.68,331.24,0.0000,0.0000,0,collision,
9275,167,302.66,15.20,96.56,0.0000,0.0218,1,goal,
9276,43,-203.31,5.15,236.70,0.0000,0.0997,0,collision,
9277,256,291.51,10.96,597.04,0.0000,0.0059,1,goal,
9278,149,-177.56,5.66,763.88,0.0134,0.0000,0,collision,
9279,108,-136.29,13.11,429.01,0.0000,0.0176,0,collision,
9280,103,-159.78,13.05,167.85,0.0194,0.0000,0,collision,
9281,65,-196.80,6.26,270.41,0.0308,0.0274,0,collision,
9282,63,-201.05,5.90,307.56,0.0317,0.0112,0,collision,
9283,97,-129.85,14.01,197.95,0.0206,0.0110,0,collision,
9284,135,-128.57,12.50,426.21,0.0000,0.0043,0,collision,
9285,18,-206.58,2.09,44.69,0.1111,0.0000,0,collision,
9286,197,-119.62,8.99,903.59,0.0000,0.0092,0,collision,
9287,31,-215.68,2.09,72.01,0.0000,0.0000,0,collision,
9288,95,-118.56,20.41,-213.13,0.0211,0.0353,0,collision,
9289,111,-117.70,17.92,-63.83,0.0000,0.0075,0,collision,
9290,158,339.75,17.79,-129.21,0.0000,0.0000,1,goal,
9291,147,-103.98,13.97,164.35,0.0000,0.0000,0,collision,
9292,24,-204.70,2.54,69.23,0.0833,0.0000,0,collision,
3301,242,269.92,11.53,690.04,0.0000,0.0021,1,goal,
3302,97,-169.01,6.64,606.19,0.0201,0.0476,0,collision,
3303,70,-170.76,9.86,350.72,0.0000,0.0304,0,collision,
3304,75,-216.60,3.40,288.13,0.0267,0.0000,0,collision,
3305,246,336.48,11.42,1166.14,0.0000,0.0166,1,goal,
3306,106,-192.80,9.87,410.62,0.0189,0.0000,0,collision,
3307,90,-167.16,7.05,684.90,0.0222,0.0286,0,collision,
3308,7,-207.57,0.59,3.89,0.0000,0.0000,0,collision,
3309,72,-156.89,15.02,73.20,0.0000,0.0477,0,collision,
3310,3,-199.63,2.08,9.94,0.6667,0.0000,0,collision,
9293,112,-232.29,7.12,543.40,0.0000,0.0000,0,collision,
9294,365,268.50,8.01,1437.78,0.0000,0.0059,1,goal,
9295,27,-183.22,14.67,79.57,0.0741,0.0320,0,collision,
9296,73,-134.78,20.20,-169.91,0.0000,0.0141,0,collision,
9297,32,-209.68,2.70,95.71,0.0000,0.0000,0,collision,
9298,246,-125.45,8.54,1038.28,0.0000,0.0087,0,collision,
9299,93,-141.54,13.44,74.07,0.0215,0.0322,0,collision,
9300,40,-197.77,5.96,207.58,0.0000,0.0000,0,collision,
9301,27,-192.42,4.61,143.47,0.0000,0.0655,0,collision,
9302,30,-192.97,8.21,86.21,0.0667,0.0827,0,collision,
9303,117,-133.71,12.20,456.71,0.0171,0.0121,0,collision,
9304,225,304.18,10.00,861.52,0.0000,0.0000,1,goal,
9305,85,-163.27,9.83,338.77,0.0235,0.0280,0,collision,
9306,65,-179.06,10.46,154.13,0.0308,0.0136,0,collision,
9307,248,-88.58,9.08,988.40,0.0081,0.0009,0,collision,
9308,73,-232.79,3.65,291.13,0.0274,0.0289,0,collision,
9309,58,-209.32,3.36,219.82,0.0000,0.0000,0,collision,
9310,126,-133.80,12.44,371.37,0.0000,0.0000,0,collision,
9311,49,-234.29,1.82,99.33,0.0408,0.0159,0,collision,
9312,46,-189.55,4.91,272.12,0.0435,0.0537,0,collision,
9313,340,218.01,7.13,1285.33,0.0000,0.0013,1,goal,
9314,170,-332.30,1.62,353.38,0.0000,0.0159,0,collision,
9315,341,240.14,7.77,844.99,0.0000,0.0067,1,goal,
9316,3,-199.63,2.08,9.94,0.6667,0.0000,0,collision,
9317,7,-205.66,0.91,6.62,0.0000,0.0000,0,collision,
9318,352,200.64,7.23,1087.50,0.0000,0.0000,1,goal,
9319,168,-126.41,9.23,577.33,0.0000,0.0000,0,collision,
9320,6,-204.67,1.04,6.20,0.3333,0.0000,0,collision,
9321,20,-194.54,6.10,166.57,0.0000,0.0026,0,collision,
9322,104,-206.40,6.25,364.91,0.0192,0.0137,0,collision,
9323,49,-167.81,17.55,-13.27,0.0000,0.0000,0,collision,
9324,151,-255.68,5.19,303.33,0.0132,0.0000,0,collision,
9325,29,-198.77,3.34,108.93,0.0000,0.0000,0,collision,
9326,249,-109.69,9.08,965.08,0.0080,0.0182,0,collision,
3311,8,-197.60,4.09,59.57,0.0000,0.0000,0,collision,
3312,79,-206.31,4.22,382.51,0.0000,0.1169,0,collision,
