episode,steps,ep_reward,avg_speed,total_energy,wiggle,safety,success,reason
1,107,-224.14,6.35,90.88,0.0051,0.0290,0,collision
2,200,-296.23,2.97,118.22,0.0065,0.0204,0,collision
3,121,-235.96,5.67,62.49,0.0073,0.0169,0,collision
4,222,-307.94,3.28,161.52,0.0042,0.1170,0,collision
5,187,-281.45,4.76,94.78,0.0133,0.0201,0,collision
6,118,-226.27,5.55,76.00,0.0146,0.0154,0,collision
7,160,-246.42,4.38,32.78,0.0010,0.0540,0,collision
8,141,-225.48,6.22,53.13,0.0127,0.0007,0,collision
9,138,-222.37,9.17,97.67,0.0052,0.0194,0,collision
10,145,-240.34,4.09,78.33,0.0102,0.0470,0,collision
1,71,-177.70,13.94,63.56,0.0080,0.0127,0,collision
2,205,-259.95,4.50,125.98,0.0025,0.0748,0,collision
3,121,-230.53,4.85,49.11,0.0039,0.1625,0,collision
4,99,-207.27,6.15,69.18,0.0268,0.0046,0,collision
5,62,-162.94,14.94,99.58,0.0188,0.0260,0,collision
6,81,-181.47,13.32,91.04,0.0298,0.0237,0,collision
7,105,-215.71,5.71,10.61,0.0113,0.0000,0,collision
8,166,-249.88,4.09,187.14,0.0093,0.0505,0,collision
9,156,-245.89,7.72,217.45,0.0103,0.0597,0,collision
10,239,-323.90,2.87,136.00,0.0086,0.0247,0,collision
11,148,-275.32,4.07,20.52,0.0044,0.1939,0,collision
12,153,-225.76,8.95,38.75,0.0080,0.0593,0,collision
13,316,-383.87,3.67,214.00,0.0059,0.0639,0,collision
11,149,-237.66,5.86,167.13,0.0051,0.0217,0,collision
12,171,-237.56,6.71,366.87,0.0020,0.0722,0,collision
13,149,-234.51,5.43,187.77,0.0054,0.1880,0,collision
14,48,-160.31,17.26,111.83,0.0382,0.0238,0,collision
15,55,-159.87,16.35,165.01,0.0080,0.0400,0,collision
16,125,-210.02,5.82,119.03,0.0120,0.0334,0,collision
17,74,-183.03,13.68,230.59,0.0039,0.0186,0,collision
18,152,-227.84,10.18,19.06,0.0079,0.0783,0,collision
19,119,-220.12,5.98,150.98,0.0060,0.0185,0,collision
20,59,-168.10,15.36,71.42,0.0128,0.0227,0,collision
14,231,-293.00,7.68,202.08,0.0069,0.0330,0,collision
15,62,-174.67,15.19,68.35,0.0127,0.0326,0,collision
16,140,-232.71,9.15,113.18,0.0138,0.0183,0,collision
17,98,-210.12,6.58,112.52,0.0099,0.0050,0,collision
18,177,-249.99,5.98,119.05,0.0106,0.0266,0,collision
19,82,-181.33,12.97,106.85,0.0039,0.0163,0,collision
20,109,-227.68,5.99,68.43,0.0106,0.0150,0,collision
21,146,-239.86,7.68,137.08,0.0084,0.1021,0,collision
22,123,-218.09,7.19,-23.15,0.0212,0.0089,0,collision
23,125,-227.58,9.10,52.21,0.0151,0.0000,0,collision
24,119,-216.40,9.31,119.33,0.0036,0.0000,0,collision
25,111,-238.18,5.73,39.53,0.0045,0.0137,0,collision
26,144,-225.55,7.20,77.02,0.0124,0.0027,0,collision
27,177,-241.32,8.20,127.33,0.0113,0.0465,0,collision
28,121,-209.55,9.45,34.60,0.0213,0.0035,0,collision
21,121,-226.82,5.25,45.69,0.0016,0.1165,0,collision
22,128,-232.19,4.76,64.16,0.0082,0.0222,0,collision
23,150,-252.53,5.34,130.01,0.0154,0.0271,0,collision
24,147,-230.85,6.88,123.58,0.0083,0.0120,0,collision
25,224,-307.37,3.49,137.92,0.0068,0.0865,0,collision
26,214,-309.87,2.91,130.16,0.0053,0.0315,0,collision
27,202,-295.54,3.06,86.65,0.0093,0.0149,0,collision
28,211,-319.45,2.84,125.09,0.0054,0.1126,0,collision
29,144,-245.58,3.99,77.77,0.0038,0.0136,0,collision
30,170,-266.22,4.05,125.97,0.0108,0.0353,0,collision
29,364,-422.64,4.30,357.28,0.0066,0.0321,0,collision
30,99,-213.20,6.76,61.85,0.0078,0.0295,0,collision
31,159,-251.98,3.66,236.42,0.0036,0.0071,0,collision
32,188,-277.48,3.16,69.63,0.0076,0.0351,0,collision
33,154,-246.94,5.89,-42.06,0.0084,0.0000,0,collision
34,186,-281.15,3.64,224.18,0.0096,0.0395,0,collision
35,190,-282.47,3.04,30.36,0.0093,0.0244,0,collision
36,129,-231.15,8.79,287.13,0.0075,0.0081,0,collision
37,105,-216.01,6.06,164.31,0.0208,0.0217,0,collision
38,151,-254.64,5.41,73.39,0.0090,0.0158,0,collision
39,228,-305.85,3.84,78.09,0.0026,0.0411,0,collision
40,167,-245.37,6.08,147.35,0.0049,0.0389,0,collision
41,104,-209.00,6.73,77.12,0.0186,0.0351,0,collision
31,187,-247.95,5.52,132.65,0.0101,0.0236,0,collision
32,122,-220.06,5.27,174.11,0.0097,0.0258,0,collision
33,143,-229.54,5.98,177.33,0.0223,0.0456,0,collision
34,111,-203.65,5.78,126.38,0.0051,0.0380,0,collision
35,118,-224.02,5.61,75.13,0.0045,0.0712,0,collision
36,128,-235.39,4.51,92.61,0.0044,0.0256,0,collision
37,111,-191.08,10.83,88.84,0.0075,0.0208,0,collision
38,156,-251.41,5.02,121.75,0.0075,0.0269,0,collision
39,270,-320.72,4.90,327.24,0.0029,0.0408,0,collision
40,158,-232.81,6.04,348.26,0.0051,0.0438,0,collision
42,195,-269.36,3.75,100.36,0.0064,0.0378,0,collision
43,150,-244.75,4.48,126.24,0.0185,0.0160,0,collision
44,182,-270.29,7.16,20.09,0.0055,0.1157,0,collision
45,155,-253.33,4.29,99.29,0.0092,0.0246,0,collision
46,155,-236.83,5.79,163.41,0.0094,0.1020,0,collision
47,143,-252.80,4.23,31.87,0.0089,0.0580,0,collision
48,119,-210.76,9.65,42.76,0.0200,0.0059,0,collision
49,142,-243.56,8.24,-22.44,0.0071,0.0143,0,collision
50,200,-301.10,3.08,85.06,0.0039,0.0018,0,collision
51,219,-310.49,3.71,255.20,0.0037,0.0454,0,collision
52,159,-231.09,7.10,101.52,0.0165,0.0213,0,collision
53,146,-250.16,6.20,178.12,0.0166,0.0297,0,collision
41,137,-209.15,8.34,89.76,0.0036,0.0226,0,collision
42,142,-216.95,10.64,92.87,0.0030,0.0551,0,collision
43,104,-179.43,10.96,34.50,0.0050,0.0121,0,collision
44,142,-248.30,5.71,185.93,0.0135,0.0391,0,collision
45,161,-231.98,8.28,144.73,0.0149,0.0570,0,collision
46,123,-215.46,9.59,113.23,0.0125,0.1016,0,collision
47,114,-191.80,10.75,53.59,0.0149,0.0401,0,collision
48,125,-193.40,9.21,158.92,0.0062,0.0010,0,collision
49,140,-221.76,8.43,107.43,0.0112,0.0511,0,collision
50,102,-208.31,6.20,101.82,0.0051,0.0234,0,collision
54,255,-291.03,6.86,228.97,0.0007,0.0429,0,collision
55,247,-266.09,8.43,205.13,0.0020,0.0720,0,collision
56,76,-167.78,13.52,132.16,0.0124,0.0074,0,collision
57,164,-232.22,7.13,179.30,0.0086,0.0736,0,collision
58,109,-222.45,6.08,124.03,0.0075,0.0172,0,collision
59,154,-259.34,5.23,333.92,0.0093,0.0147,0,collision
60,85,-174.68,12.79,55.40,0.0032,0.0236,0,collision
61,137,-222.37,8.30,137.00,0.0046,0.0353,0,collision
62,123,-190.42,12.93,-59.44,0.0114,0.0524,0,collision
63,137,-222.75,8.96,25.58,0.0160,0.0632,0,collision
64,97,-213.91,6.66,146.79,0.0045,0.0401,0,collision
65,120,-224.82,6.40,98.45,0.0021,0.0674,0,collision
66,104,-195.87,6.39,107.15,0.0020,0.0567,0,collision
67,95,-214.35,6.59,64.87,0.0215,0.0181,0,collision
68,163,-227.18,5.65,202.66,0.0126,0.1059,0,collision
51,246,-253.61,8.53,132.81,0.0053,0.0830,0,collision
52,176,-224.64,8.75,171.07,0.0050,0.0470,0,collision
53,78,-177.51,13.53,49.99,0.0150,0.0066,0,collision
54,149,-211.10,10.08,410.91,0.0134,0.0675,0,collision
55,180,-226.64,8.51,260.15,0.0114,0.0314,0,collision
56,106,-185.00,10.71,46.16,0.0047,0.0149,0,collision
57,131,-189.61,11.48,197.92,0.0006,0.0542,0,collision
58,172,-217.68,7.76,55.11,0.0061,0.0461,0,collision
59,149,-205.32,10.25,214.96,0.0146,0.0315,0,collision
60,70,-173.40,14.21,-60.28,0.0121,0.1476,0,collision
69,209,-272.35,5.59,150.38,0.0100,0.0217,0,collision
70,52,-164.79,16.58,38.76,0.0332,0.0304,0,collision
71,131,-197.60,11.76,169.12,0.0190,0.0343,0,collision
72,59,-166.90,15.45,137.59,0.0233,0.0330,0,collision
73,153,-218.15,7.66,187.12,0.0127,0.0651,0,collision
74,116,-185.63,9.84,173.64,0.0184,0.0000,0,collision
75,156,-209.81,8.98,222.24,0.0104,0.0672,0,collision
76,126,-193.30,12.18,107.99,0.0133,0.0421,0,collision
77,102,-180.07,11.11,132.68,0.0111,0.0203,0,collision
78,62,-168.77,15.30,44.75,0.0078,0.0403,0,collision
79,63,-166.20,15.16,74.32,0.0142,0.0443,0,collision
80,171,-210.34,8.84,192.31,0.0112,0.0415,0,collision
81,102,-206.20,6.23,23.07,0.0127,0.0225,0,collision
82,119,-195.39,9.72,70.42,0.0096,0.0154,0,collision
83,139,-209.63,8.74,28.19,0.0062,0.0616,0,collision
84,84,-179.06,13.11,92.74,0.0005,0.0346,0,collision
85,107,-196.95,10.65,27.20,0.0089,0.0000,0,collision
86,79,-174.17,13.40,215.23,0.0126,0.0330,0,collision
61,117,-195.02,10.48,23.71,0.0108,0.0414,0,collision
62,104,-191.11,10.93,52.16,0.0162,0.0132,0,collision
63,161,-229.10,8.31,290.03,0.0101,0.0668,0,collision
64,137,-191.10,11.55,169.08,0.0131,0.0393,0,collision
65,130,-212.33,9.08,40.99,0.0160,0.0080,0,collision
66,108,-191.56,10.86,66.42,0.0037,0.0256,0,collision
67,155,-218.95,6.85,126.01,0.0042,0.0035,0,collision
68,117,-190.42,9.85,94.87,0.0088,0.0044,0,collision
69,159,-219.76,8.34,206.26,0.0121,0.0814,0,collision
70,140,-219.79,8.93,136.09,0.0156,0.0360,0,collision
87,246,-225.15,10.73,207.11,0.0020,0.0341,0,collision
88,143,-206.59,8.09,268.30,0.0117,0.0202,0,collision
89,81,-183.37,13.26,8.73,0.0089,0.0257,0,collision
90,140,-203.84,10.31,157.73,0.0057,0.0601,0,collision
91,176,-228.57,8.71,266.00,0.0104,0.0838,0,collision
92,134,-207.28,10.33,222.25,0.0173,0.0515,0,collision
93,114,-181.09,13.46,43.78,0.0165,0.0311,0,collision
94,145,-202.64,10.50,161.72,0.0108,0.0288,0,collision
95,148,-216.54,8.16,214.30,0.0035,0.0505,0,collision
96,137,-204.20,8.45,91.33,0.0124,0.0283,0,collision
97,65,-177.87,9.40,24.81,0.0113,0.0000,0,collision
98,96,-197.67,6.57,212.99,0.0024,0.0289,0,collision
99,151,-206.41,10.06,116.01,0.0092,0.0292,0,collision
100,159,-236.61,7.80,326.01,0.0113,0.0502,0,collision
101,102,-197.56,11.06,30.07,0.0005,0.0089,0,collision
102,116,-202.17,10.65,316.86,0.0060,0.0594,0,collision
71,138,-201.48,10.22,79.59,0.0098,0.0467,0,collision
72,162,-225.41,7.55,68.68,0.0064,0.0645,0,collision
73,114,-217.26,5.01,152.62,0.0119,0.0255,0,collision
74,120,-221.72,6.06,176.02,0.0114,0.1735,0,collision
75,105,-211.23,6.20,159.75,0.0124,0.0537,0,collision
76,108,-216.10,6.43,163.18,0.0039,0.0856,0,collision
77,126,-204.72,9.02,147.23,0.0149,0.0295,0,collision
78,189,-253.42,6.23,218.47,0.0063,0.0873,0,collision
79,163,-245.35,7.01,194.89,0.0057,0.0266,0,collision
80,143,-219.58,8.22,85.87,0.0045,0.0458,0,collision
103,156,-218.15,5.61,161.92,0.0101,0.0398,0,collision
104,144,-213.05,8.22,13.46,0.0097,0.0397,0,collision
105,109,-209.04,6.83,121.10,0.0161,0.0720,0,collision
106,106,-190.70,6.90,-16.77,0.0057,0.0000,0,collision
107,121,-214.72,5.83,92.46,0.0145,0.0771,0,collision
108,165,-220.03,6.92,123.87,0.0072,0.0592,0,collision
109,134,-200.85,9.37,191.71,0.0103,0.0586,0,collision
110,174,-238.54,7.01,101.38,0.0040,0.0579,0,collision
111,174,-242.01,6.48,68.89,0.0081,0.0608,0,collision
112,125,-195.73,9.18,228.32,0.0101,0.0430,0,collision
113,168,-243.25,6.83,341.56,0.0137,0.0778,0,collision
114,221,-226.10,9.14,439.98,0.0056,0.0789,0,collision
115,182,-229.16,7.71,468.70,0.0049,0.0341,0,collision
81,154,-203.43,9.99,49.14,0.0038,0.0551,0,collision
82,151,-205.74,7.75,232.66,0.0082,0.0581,0,collision
83,127,-195.21,9.32,95.31,0.0112,0.0234,0,collision
84,306,-274.49,7.12,351.49,0.0071,0.0903,0,collision
85,188,-231.41,6.59,282.58,0.0042,0.0458,0,collision
86,125,-193.95,9.04,212.01,0.0082,0.0207,0,collision
87,121,-204.78,6.88,243.37,0.0102,0.0371,0,collision
88,182,-224.43,7.00,246.48,0.0090,0.0480,0,collision
89,145,-207.99,8.04,218.53,0.0018,0.0628,0,collision
90,144,-216.89,7.94,139.50,0.0049,0.0393,0,collision
116,231,-229.52,9.21,511.11,0.0013,0.0329,0,collision
117,125,-194.52,9.20,110.47,0.0156,0.0064,0,collision
118,152,-215.13,8.75,261.40,0.0083,0.0788,0,collision
119,178,-234.35,6.42,307.92,0.0079,0.0991,0,collision
120,137,-195.39,9.02,267.96,0.0070,0.0169,0,collision
121,151,-217.95,6.11,15.63,0.0061,0.0000,0,collision
122,164,-215.90,7.18,156.67,0.0043,0.0061,0,collision
123,231,-243.60,8.42,335.42,0.0046,0.0392,0,collision
124,116,-203.61,6.30,153.19,0.0085,0.0059,0,collision
125,108,-197.32,6.53,172.29,0.0133,0.0572,0,collision
126,168,-228.27,6.84,176.70,0.0059,0.0331,0,collision
127,142,-213.50,7.93,209.37,0.0109,0.0157,0,collision
128,192,-247.63,6.90,156.50,0.0034,0.0593,0,collision
91,290,-341.38,3.97,327.76,0.0022,0.1272,0,collision
92,179,-265.25,4.38,31.12,0.0064,0.0945,0,collision
93,165,-210.03,7.19,81.13,0.0088,0.0535,0,collision
94,139,-240.56,4.65,165.63,0.0096,0.1110,0,collision
95,204,-249.15,5.31,136.38,0.0093,0.0043,0,collision
96,230,-275.34,5.59,231.76,0.0114,0.0516,0,collision
97,164,-256.13,3.51,46.88,0.0127,0.0301,0,collision
98,146,-230.83,4.05,79.32,0.0065,0.0985,0,collision
99,104,-218.77,5.58,79.92,0.0092,0.1117,0,collision
100,146,-242.86,3.88,86.77,0.0108,0.1327,0,collision
129,188,-259.34,5.22,17.16,0.0061,0.0273,0,collision
130,149,-215.65,5.81,-2.11,0.0098,0.0307,0,collision
131,151,-239.00,5.37,205.68,0.0025,0.0687,0,collision
132,232,-292.00,3.78,97.21,0.0069,0.1095,0,collision
133,149,-226.69,4.93,127.19,0.0082,0.0297,0,collision
134,264,-300.45,3.85,201.04,0.0042,0.0733,0,collision
135,138,-216.12,6.25,131.43,0.0051,0.0000,0,collision
136,161,-235.81,5.50,258.30,0.0067,0.1496,0,collision
137,157,-255.31,3.69,41.14,0.0085,0.1404,0,collision
138,192,-238.66,5.70,82.10,0.0122,0.0040,0,collision
139,164,-231.95,4.10,72.79,0.0132,0.0328,0,collision
101,94,-190.67,6.11,109.99,0.0195,0.0104,0,collision
102,214,-288.42,3.77,194.53,0.0161,0.1203,0,collision
103,277,-325.60,3.91,331.16,0.0045,0.0642,0,collision
104,117,-209.62,5.53,164.87,0.0126,0.0908,0,collision
105,226,-287.94,3.63,144.00,0.0077,0.1061,0,collision
106,161,-218.74,5.71,231.60,0.0078,0.0380,0,collision
107,145,-228.49,3.97,153.57,0.0126,0.0870,0,collision
108,215,-290.85,4.00,145.06,0.0087,0.0553,0,collision
109,148,-229.36,4.07,130.81,0.0119,0.0250,0,collision
110,262,-300.32,4.54,147.13,0.0042,0.1388,0,collision
140,304,-324.72,4.06,254.32,0.0061,0.0606,0,collision
141,149,-217.28,5.01,97.79,0.0070,0.0218,0,collision
142,155,-231.55,4.42,133.05,0.0039,0.0410,0,collision
143,237,-278.53,4.51,137.36,0.0022,0.0589,0,collision
144,161,-225.50,5.43,121.52,0.0046,0.0318,0,collision
145,150,-221.03,3.94,49.63,0.0097,0.0394,0,collision
146,164,-223.37,4.97,178.83,0.0089,0.0851,0,collision
147,188,-253.09,4.25,21.51,0.0058,0.0337,0,collision
148,185,-264.51,3.84,147.38,0.0075,0.0956,0,collision
149,200,-248.83,5.29,227.84,0.0085,0.0766,0,collision
150,149,-214.74,5.24,101.92,0.0114,0.0469,0,collision
151,121,-212.78,4.88,20.40,0.0122,0.0282,0,collision
111,158,-241.17,3.75,150.82,0.0102,0.0869,0,collision
112,168,-238.49,3.57,-9.54,0.0059,0.1027,0,collision
113,313,-328.80,3.64,296.64,0.0035,0.0732,0,collision
114,204,-259.38,4.05,209.49,0.0141,0.0382,0,collision
115,280,-289.28,4.02,220.78,0.0047,0.0994,0,collision
116,149,-223.89,3.99,19.09,0.0095,0.0277,0,collision
117,167,-250.99,4.45,185.26,0.0121,0.0360,0,collision
118,307,-327.30,4.15,376.40,0.0004,0.1340,0,collision
119,155,-232.84,3.76,122.75,0.0130,0.0568,0,collision
120,186,-261.45,3.21,37.04,0.0094,0.0317,0,collision
152,149,-230.19,4.65,126.58,0.0110,0.0156,0,collision
153,115,-194.36,5.21,129.35,0.0125,0.0235,0,collision
154,131,-219.86,4.68,211.38,0.0058,0.0177,0,collision
155,152,-233.56,3.93,130.34,0.0139,0.0717,0,collision
156,170,-232.06,4.31,60.98,0.0088,0.0637,0,collision
157,228,-300.12,3.20,115.66,0.0100,0.1187,0,collision
158,221,-279.86,3.29,134.39,0.0047,0.0342,0,collision
159,129,-214.22,5.30,254.94,0.0076,0.1733,0,collision
160,167,-255.12,3.61,103.21,0.0067,0.1409,0,collision
161,297,-312.09,4.23,218.64,0.0063,0.0996,0,collision
162,163,-243.38,3.52,205.73,0.0147,0.0650,0,collision
121,120,-230.60,4.78,114.17,0.0038,0.1782,0,collision
122,175,-226.51,5.18,136.80,0.0105,0.0471,0,collision
123,227,-262.15,4.13,131.80,0.0084,0.0503,0,collision
124,211,-265.37,4.14,217.13,0.0041,0.1026,0,collision
125,146,-215.89,4.60,162.45,0.0108,0.0375,0,collision
126,128,-217.81,4.77,201.79,0.0172,0.0179,0,collision
127,198,-256.02,3.48,175.82,0.0065,0.0472,0,collision
128,148,-247.67,3.85,177.43,0.0171,0.0989,0,collision
129,173,-229.38,4.68,-40.78,0.0089,0.0607,0,collision
130,212,-269.91,3.98,103.11,0.0121,0.0449,0,collision
163,406,-335.27,4.92,519.64,0.0027,0.0643,0,collision
164,143,-213.79,5.28,161.92,0.0059,0.0283,0,collision
165,180,-240.90,4.28,119.23,0.0062,0.0605,0,collision
166,154,-249.19,3.71,76.21,0.0058,0.1059,0,collision
167,130,-218.44,4.97,141.28,0.0105,0.0113,0,collision
168,348,-386.24,3.70,179.80,0.0013,0.1260,0,collision
169,162,-222.99,4.92,173.17,0.0097,0.0487,0,collision
170,243,-284.82,3.84,60.50,0.0055,0.1033,0,collision
171,130,-212.06,5.15,286.46,0.0086,0.0290,0,collision
172,142,-221.87,4.15,156.52,0.0101,0.0215,0,collision
173,131,-221.83,4.62,118.00,0.0070,0.0579,0,collision
131,211,-245.26,5.55,231.12,0.0060,0.0121,0,collision
132,217,-263.64,5.29,266.61,0.0024,0.0670,0,collision
133,141,-219.46,5.49,77.00,0.0148,0.0051,0,collision
134,123,-209.09,5.43,129.96,0.0107,0.0345,0,collision
135,146,-202.33,5.69,136.45,0.0100,0.0012,0,collision
136,181,-232.60,6.63,193.16,0.0114,0.0489,0,collision
137,189,-229.40,5.43,115.58,0.0029,0.0425,0,collision
138,290,-304.19,4.22,214.13,0.0051,0.1065,0,collision
139,192,-233.91,6.57,188.86,0.0039,0.0889,0,collision
140,90,-194.73,6.32,173.06,0.0094,0.0212,0,collision
174,194,-249.94,4.36,77.88,0.0064,0.0278,0,collision
175,239,-267.39,5.08,254.38,0.0059,0.1250,0,collision
176,176,-242.64,6.28,164.25,0.0120,0.0106,0,collision
177,147,-204.02,8.07,42.71,0.0078,0.0549,0,collision
178,176,-224.45,4.52,71.41,0.0086,0.0328,0,collision
179,138,-200.04,6.64,292.83,0.0025,0.0033,0,collision
180,150,-212.10,6.15,170.10,0.0055,0.0029,0,collision
181,114,-202.42,5.28,98.93,0.0109,0.0961,0,collision
182,141,-218.04,7.87,403.14,0.0158,0.0375,0,collision
183,169,-219.14,6.71,158.84,0.0040,0.0487,0,collision
184,212,-259.75,5.71,180.64,0.0032,0.1012,0,collision
185,188,-247.22,6.06,174.81,0.0008,0.0734,0,collision
141,238,-266.82,5.10,180.54,0.0033,0.0718,0,collision
142,194,-226.59,6.23,238.67,0.0079,0.0210,0,collision
143,193,-243.73,5.20,341.99,0.0056,0.0857,0,collision
144,230,-245.76,5.48,268.14,0.0032,0.1079,0,collision
145,111,-200.40,5.05,155.19,0.0091,0.0774,0,collision
146,172,-221.36,6.51,322.22,0.0037,0.0419,0,collision
147,178,-230.79,6.36,67.40,0.0097,0.0886,0,collision
148,178,-227.63,6.44,228.26,0.0086,0.1468,0,collision
149,222,-253.07,5.38,315.32,0.0095,0.0613,0,collision
150,157,-223.36,5.18,149.29,0.0035,0.0582,0,collision
186,212,-235.47,5.97,327.77,0.0068,0.0210,0,collision
187,256,-265.00,5.55,290.77,0.0076,0.0388,0,collision
188,155,-214.25,5.72,157.83,0.0179,0.0596,0,collision
189,183,-232.43,6.21,218.10,0.0043,0.0971,0,collision
190,135,-228.94,4.52,78.36,0.0106,0.1767,0,collision
191,113,-209.90,5.11,126.62,0.0060,0.1767,0,collision
192,163,-220.49,6.98,126.35,0.0079,0.0438,0,collision
193,217,-238.61,5.47,200.35,0.0035,0.0632,0,collision
194,201,-237.22,5.54,256.06,0.0051,0.0303,0,collision
195,221,-254.31,5.40,259.30,0.0131,0.0706,0,collision
196,158,-215.07,7.23,195.02,0.0051,0.0299,0,collision
151,158,-211.17,5.40,178.21,0.0078,0.0528,0,collision
152,172,-216.36,6.85,317.96,0.0115,0.0662,0,collision
153,158,-212.86,5.86,282.08,0.0041,0.0066,0,collision
154,282,-288.86,4.97,311.66,0.0053,0.1013,0,collision
155,169,-211.56,7.03,331.14,0.0165,0.0412,0,collision
156,285,-284.72,4.85,313.86,0.0053,0.1059,0,collision
157,137,-205.16,5.01,108.63,0.0110,0.0246,0,collision
158,162,-209.48,5.46,208.55,0.0084,0.0246,0,collision
159,164,-208.16,6.99,253.05,0.0032,0.0342,0,collision
160,211,-245.44,4.80,116.08,0.0057,0.0435,0,collision
197,246,-252.43,5.52,220.70,0.0115,0.0329,0,collision
198,192,-222.09,5.29,230.20,0.0122,0.0493,0,collision
199,168,-209.35,7.22,178.18,0.0164,0.0494,0,collision
200,147,-211.14,5.21,124.08,0.0117,0.0317,0,collision
201,192,-220.58,5.68,318.05,0.0078,0.0411,0,collision
202,187,-226.90,5.82,35.73,0.0074,0.0065,0,collision
203,136,-204.48,6.02,229.50,0.0103,0.0040,0,collision
204,190,-232.49,4.91,131.56,0.0026,0.0337,0,collision
205,183,-234.09,4.51,112.39,0.0063,0.0599,0,collision
206,221,-241.31,5.25,96.61,0.0057,0.0533,0,collision
207,194,-218.08,5.45,51.41,0.0048,0.0072,0,collision
161,203,-234.94,3.81,176.96,0.0055,0.0745,0,collision
162,295,-279.89,4.48,224.11,0.0060,0.0836,0,collision
163,280,-280.61,4.31,340.55,0.0016,0.1053,0,collision
164,247,-273.16,4.36,332.48,0.0055,0.0639,0,collision
165,288,-304.48,3.99,133.55,0.0058,0.0874,0,collision
166,225,-254.28,5.36,289.35,0.0071,0.0694,0,collision
167,136,-229.65,4.47,87.91,0.0075,0.1044,0,collision
168,227,-280.27,3.67,163.80,0.0071,0.1172,0,collision
169,136,-220.37,4.44,151.20,0.0064,0.0820,0,collision
170,238,-263.56,3.85,126.30,0.0092,0.0686,0,collision
208,379,-350.58,4.22,375.24,0.0029,0.0697,0,collision
209,186,-255.46,3.79,96.96,0.0051,0.1004,0,collision
210,308,-312.83,3.79,251.80,0.0047,0.0823,0,collision
211,269,-269.88,4.66,287.56,0.0074,0.0975,0,collision
212,229,-264.93,4.87,122.49,0.0058,0.0740,0,collision
213,154,-228.95,5.00,116.63,0.0046,0.1797,0,collision
214,287,-297.95,4.01,112.47,0.0037,0.0838,0,collision
215,146,-228.03,3.98,97.60,0.0133,0.0300,0,collision
171,222,-248.08,5.63,230.97,0.0093,0.0381,0,collision
172,152,-234.08,3.72,81.87,0.0048,0.1237,0,collision
173,242,-258.45,5.31,272.67,0.0040,0.1026,0,collision
174,150,-222.59,4.06,63.31,0.0061,0.1165,0,collision
175,140,-211.66,4.08,115.81,0.0070,0.0554,0,collision
176,224,-237.52,5.03,238.68,0.0059,0.0836,0,collision
177,271,-264.76,5.06,332.39,0.0085,0.1043,0,collision
178,170,-225.45,5.08,194.55,0.0059,0.0884,0,collision
179,120,-203.27,4.77,63.13,0.0087,0.0177,0,collision
180,292,-270.86,5.00,273.39,0.0101,0.0668,0,collision
216,407,-323.63,4.93,431.41,0.0040,0.0750,0,collision
217,257,-269.79,4.98,277.93,0.0009,0.0837,0,collision
218,233,-249.46,5.24,310.43,0.0049,0.1080,0,collision
219,255,-249.18,5.31,246.91,0.0075,0.0563,0,collision
220,241,-268.41,4.81,234.32,0.0066,0.0801,0,collision
221,154,-231.30,3.97,207.02,0.0039,0.0862,0,collision
222,179,-227.65,5.04,63.59,0.0087,0.0657,0,collision
223,181,-227.25,4.83,218.15,0.0077,0.0492,0,collision
181,254,-243.65,5.64,310.92,0.0044,0.0618,0,collision
182,174,-216.71,6.39,314.04,0.0075,0.0165,0,collision
183,265,-252.20,5.74,412.54,0.0088,0.0417,0,collision
184,228,-240.33,5.38,228.62,0.0054,0.0406,0,collision
185,207,-232.55,6.35,341.68,0.0046,0.0940,0,collision
186,273,-270.63,5.45,434.75,0.0052,0.0642,0,collision
187,171,-206.13,6.37,251.54,0.0082,0.0179,0,collision
188,220,-254.47,5.03,220.03,0.0046,0.0451,0,collision
189,196,-249.11,5.87,209.70,0.0096,0.0927,0,collision
190,277,-258.79,5.66,462.11,0.0094,0.0577,0,collision
224,500,-359.18,5.06,580.83,0.0018,0.0635,0,collision
225,193,-223.65,5.89,302.47,0.0046,0.0154,0,collision
226,186,-211.47,5.87,191.75,0.0065,0.0305,0,collision
227,232,-224.22,5.36,347.54,0.0045,0.0548,0,collision
228,237,-238.09,5.54,195.51,0.0082,0.0717,0,collision
229,214,-254.50,5.32,295.82,0.0063,0.0676,0,collision
230,226,-241.94,5.70,120.97,0.0080,0.0705,0,collision
231,158,-213.49,4.82,190.15,0.0051,0.0736,0,collision
232,204,-226.21,5.79,218.35,0.0055,0.0374,0,collision
191,224,-258.43,3.69,221.55,0.0018,0.1158,0,collision
192,276,-280.16,4.37,191.22,0.0054,0.1020,0,collision
193,147,-200.50,5.16,153.98,0.0039,0.0398,0,collision
194,235,-261.77,3.66,162.63,0.0032,0.0598,0,collision
195,150,-224.34,3.91,104.65,0.0091,0.1116,0,collision
196,190,-238.31,4.44,106.30,0.0075,0.0585,0,collision
197,196,-227.75,4.80,150.64,0.0096,0.0535,0,collision
198,221,-245.93,4.87,217.42,0.0043,0.0582,0,collision
199,271,-282.57,4.16,332.40,0.0000,0.1180,0,collision
200,280,-261.93,5.28,237.62,0.0065,0.0789,0,collision
233,337,-277.66,5.61,571.47,0.0048,0.0282,0,collision
234,116,-201.52,5.22,96.78,0.0085,0.0830,0,collision
235,305,-327.20,3.64,222.08,0.0065,0.0607,0,collision
236,154,-219.36,4.52,152.83,0.0104,0.1107,0,collision
237,116,-194.58,5.12,123.41,0.0062,0.0083,0,collision
238,330,-301.68,4.30,293.02,0.0019,0.1033,0,collision
239,198,-223.71,5.62,178.22,0.0072,0.0446,0,collision
240,164,-207.40,5.35,132.57,0.0096,0.0525,0,collision
241,147,-211.32,4.10,124.01,0.0074,0.1024,0,collision
242,226,-245.36,4.75,135.78,0.0054,0.0303,0,collision
201,317,-319.86,4.11,312.12,0.0050,0.1400,0,collision
202,267,-289.29,4.55,245.13,0.0063,0.1239,0,collision
203,298,-280.01,4.68,419.91,0.0064,0.1036,0,collision
204,258,-258.52,4.92,214.12,0.0071,0.1327,0,collision
205,264,-285.02,4.20,193.73,0.0038,0.0640,0,collision
206,145,-229.68,3.90,130.90,0.0068,0.0869,0,collision
207,271,-272.37,4.96,252.55,0.0069,0.1117,0,collision
208,126,-206.99,4.71,64.18,0.0077,0.0684,0,collision
209,127,-214.16,4.77,158.90,0.0194,0.1448,0,collision
210,175,-210.79,5.01,180.31,0.0119,0.0568,0,collision
243,327,-301.41,3.99,331.24,0.0068,0.0290,0,collision
244,204,-229.82,5.46,204.70,0.0094,0.0073,0,collision
245,307,-310.30,4.37,224.40,0.0044,0.1365,0,collision
246,180,-224.89,4.67,145.40,0.0060,0.0537,0,collision
247,229,-255.32,5.24,300.64,0.0052,0.0872,0,collision
248,243,-248.23,4.90,307.18,0.0087,0.1128,0,collision
249,140,-209.90,4.33,147.92,0.0143,0.0290,0,collision
250,198,-234.63,5.82,417.81,0.0064,0.0685,0,collision
251,232,-253.93,4.66,173.49,0.0015,0.0890,0,collision
211,160,-216.49,3.63,112.68,0.0095,0.0482,0,collision
212,118,-195.07,5.09,164.62,0.0093,0.0514,0,collision
213,270,-261.82,4.44,322.96,0.0058,0.0541,0,collision
214,219,-243.10,5.21,307.34,0.0026,0.0743,0,collision
215,281,-293.84,4.21,277.00,0.0058,0.1791,0,collision
216,208,-241.32,4.87,114.25,0.0045,0.1274,0,collision
217,240,-249.47,4.92,284.69,0.0030,0.1000,0,collision
218,188,-220.71,4.82,296.67,0.0099,0.0477,0,collision
219,192,-235.36,4.19,121.57,0.0051,0.1179,0,collision
220,183,-229.50,4.13,156.33,0.0032,0.0751,0,collision
252,388,-314.75,4.46,412.67,0.0025,0.0986,0,collision
253,133,-199.67,6.15,164.36,0.0028,0.0090,0,collision
254,209,-235.94,4.92,288.25,0.0052,0.0833,0,collision
255,196,-223.20,5.17,190.72,0.0021,0.0463,0,collision
256,216,-223.16,5.22,363.39,0.0000,0.0065,0,collision
257,261,-270.37,4.67,222.17,0.0030,0.1327,0,collision
258,257,-254.30,4.89,284.92,0.0077,0.0778,0,collision
259,216,-228.92,4.88,257.88,0.0107,0.0452,0,collision
260,292,-279.63,4.21,249.77,0.0040,0.0723,0,collision
221,143,-212.71,4.84,139.88,0.0077,0.0359,0,collision
222,236,-238.68,5.60,289.46,0.0070,0.0995,0,collision
223,217,-232.56,5.19,272.00,0.0038,0.0403,0,collision
224,118,-188.55,5.10,126.78,0.0093,0.0126,0,collision
225,293,-267.70,5.14,377.57,0.0080,0.1690,0,collision
226,244,-245.83,5.34,338.10,0.0051,0.1120,0,collision
227,223,-245.34,5.42,275.99,0.0045,0.0609,0,collision
228,242,-248.84,5.26,356.31,0.0067,0.0621,0,collision
229,187,-212.90,6.12,361.64,0.0082,0.0367,0,collision
230,239,-253.08,5.77,355.38,0.0038,0.0836,0,collision
261,231,-243.86,5.06,297.08,0.0069,0.0837,0,collision
262,128,-202.84,4.64,208.85,0.0105,0.0376,0,collision
263,138,-199.56,5.91,266.31,0.0067,0.0103,0,collision
264,217,-225.15,5.54,327.07,0.0035,0.0614,0,collision
265,175,-212.77,6.51,325.03,0.0043,0.0499,0,collision
266,225,-246.11,4.82,196.60,0.0080,0.0518,0,collision
267,270,-284.28,5.14,332.78,0.0072,0.1398,0,collision
268,224,-248.53,4.90,245.05,0.0055,0.0888,0,collision
269,278,-282.38,4.67,227.00,0.0073,0.1025,0,collision
231,194,-218.24,7.68,338.98,0.0113,0.0445,0,collision
232,163,-199.56,8.39,287.10,0.0064,0.0745,0,collision
233,288,104.41,7.82,400.23,0.0000,0.0798,1,goal
234,187,-208.90,7.65,230.83,0.0078,0.0757,0,collision
235,163,-206.24,7.76,343.95,0.0174,0.0758,0,collision
236,136,-189.60,8.45,303.59,0.0140,0.0155,0,collision
237,138,-193.88,8.31,385.84,0.0051,0.0510,0,collision
238,247,-228.41,8.54,270.96,0.0042,0.0607,0,collision
239,142,-199.49,8.01,268.02,0.0125,0.0435,0,collision
240,173,-239.23,6.57,123.66,0.0022,0.0309,0,collision
270,313,-253.84,7.15,366.53,0.0041,0.0155,0,collision
271,137,-188.62,8.34,216.00,0.0065,0.0380,0,collision
272,255,-236.17,8.27,459.78,0.0020,0.1244,0,collision
273,228,-211.17,9.17,327.18,0.0051,0.0425,0,collision
274,142,-205.84,8.03,253.35,0.0076,0.0350,0,collision
275,261,-229.73,8.19,433.41,0.0084,0.0753,0,collision
276,255,-228.62,8.25,370.97,0.0041,0.1085,0,collision
277,237,-216.13,8.91,609.55,0.0034,0.0469,0,collision
278,251,-223.20,8.38,482.19,0.0043,0.0879,0,collision
241,236,-231.60,8.90,423.19,0.0016,0.1358,0,collision
242,156,-204.74,8.25,280.92,0.0065,0.0701,0,collision
243,154,-207.39,8.11,246.78,0.0063,0.0374,0,collision
244,225,-221.31,9.38,332.51,0.0043,0.0649,0,collision
245,123,-183.26,9.54,274.49,0.0038,0.0289,0,collision
246,136,-215.37,8.40,281.39,0.0080,0.0430,0,collision
247,183,-210.41,8.51,334.13,0.0062,0.0805,0,collision
248,140,-200.46,8.19,307.50,0.0091,0.0315,0,collision
249,152,-187.41,10.33,110.07,0.0069,0.0128,0,collision
250,143,-220.29,8.13,102.80,0.0108,0.0743,0,collision
279,372,-262.58,8.57,801.64,0.0012,0.0278,0,collision
280,128,-198.42,8.97,211.22,0.0091,0.0310,0,collision
281,139,-205.55,8.23,179.57,0.0108,0.0468,0,collision
282,239,-229.72,8.81,331.20,0.0025,0.1224,0,collision
283,134,-191.35,9.04,224.82,0.0091,0.0632,0,collision
284,150,-195.93,8.94,480.27,0.0107,0.0693,0,collision
285,232,-237.95,9.07,335.90,0.0047,0.0486,0,collision
286,137,-192.97,8.27,199.19,0.0081,0.0422,0,collision
287,141,-189.86,7.92,365.45,0.0000,0.0026,0,collision
288,217,-218.13,9.71,609.66,0.0048,0.0648,0,collision
289,241,-226.55,8.76,272.71,0.0027,0.0807,0,collision
251,230,-215.95,9.10,548.05,0.0042,0.0298,0,collision
252,135,-185.96,8.40,224.02,0.0022,0.0260,0,collision
253,139,-203.22,8.19,366.23,0.0035,0.0448,0,collision
254,230,-224.73,9.09,362.68,0.0024,0.0541,0,collision
255,219,-212.39,9.50,266.25,0.0026,0.0478,0,collision
256,128,-194.71,9.43,182.65,0.0081,0.0756,0,collision
257,156,-210.23,9.00,311.16,0.0059,0.1357,0,collision
258,156,-192.44,7.14,254.36,0.0000,0.0037,0,collision
259,180,-204.40,7.94,370.76,0.0044,0.0513,0,collision
260,230,-220.89,9.15,237.38,0.0023,0.0447,0,collision
290,182,-202.22,9.04,330.34,0.0054,0.0031,0,collision
291,136,-198.65,9.36,359.59,0.0071,0.0472,0,collision
292,239,-233.37,8.87,426.27,0.0057,0.1163,0,collision
293,207,-197.91,10.23,549.39,0.0035,0.0620,0,collision
294,236,-217.23,8.94,454.20,0.0007,0.0560,0,collision
295,125,-188.04,8.97,229.52,0.0037,0.0306,0,collision
296,118,-185.48,9.76,441.13,0.0090,0.0063,0,collision
297,125,-191.28,9.00,281.46,0.0073,0.0000,0,collision
298,158,-191.87,8.77,299.99,0.0059,0.0182,0,collision
299,120,-186.95,9.48,178.26,0.0173,0.0000,0,collision
300,158,-215.19,7.72,298.84,0.0062,0.0401,0,collision
301,210,-212.57,10.05,309.16,0.0022,0.0632,0,collision
261,244,-222.25,8.62,550.63,0.0013,0.0864,0,collision
262,140,-190.60,8.16,175.16,0.0071,0.0325,0,collision
263,141,-191.41,8.09,342.02,0.0055,0.0209,0,collision
264,135,-189.25,8.50,41.04,0.0115,0.0308,0,collision
265,177,-205.11,8.27,317.03,0.0120,0.0586,0,collision
266,169,-226.48,6.85,222.11,0.0099,0.0601,0,collision
267,242,-224.49,8.69,492.32,0.0025,0.0978,0,collision
268,136,-191.50,8.35,365.66,0.0047,0.0368,0,collision
269,164,-219.55,6.82,277.94,0.0078,0.0400,0,collision
270,168,-196.38,6.65,318.57,0.0000,0.0062,0,collision
302,290,-236.18,7.95,307.09,0.0094,0.0418,0,collision
303,159,-196.77,7.19,276.99,0.0070,0.0004,0,collision
304,157,-194.43,7.76,201.09,0.0110,0.0368,0,collision
305,212,-237.79,5.81,165.97,0.0176,0.1181,0,collision
306,143,-212.26,8.08,219.14,0.0050,0.0190,0,collision
307,138,-207.35,8.30,334.56,0.0008,0.0595,0,collision
308,136,-198.48,8.46,270.52,0.0084,0.0530,0,collision
309,159,-198.28,7.22,201.59,0.0047,0.0115,0,collision
310,175,-217.04,6.50,318.67,0.0039,0.0866,0,collision
311,157,-197.43,7.13,128.26,0.0000,0.0019,0,collision
312,187,-212.44,8.02,564.23,0.0091,0.0754,0,collision
313,166,-200.10,7.97,411.19,0.0103,0.0548,0,collision
271,183,-209.33,6.06,276.52,0.0000,0.0774,0,collision
272,171,-223.24,6.62,144.15,0.0051,0.0324,0,collision
273,175,-201.63,6.38,275.49,0.0000,0.0053,0,collision
274,171,-210.19,6.63,150.25,0.0071,0.0316,0,collision
275,290,94.06,7.79,717.68,0.0000,0.0289,1,goal
276,167,-221.87,6.78,177.11,0.0060,0.0256,0,collision
277,200,-215.04,7.88,290.31,0.0107,0.0624,0,collision
278,179,-213.63,6.32,237.84,0.0033,0.0912,0,collision
279,244,-227.90,8.66,384.18,0.0012,0.0289,0,collision
280,167,-208.64,6.74,364.50,0.0077,0.0267,0,collision
314,311,-241.42,8.24,716.41,0.0013,0.0608,0,collision
315,182,-224.06,6.29,258.64,0.0023,0.0530,0,collision
316,148,-204.82,7.72,88.08,0.0016,0.0462,0,collision
317,174,-225.51,6.49,215.49,0.0118,0.0283,0,collision
318,176,-231.04,6.43,320.75,0.0087,0.0273,0,collision
319,174,-196.20,7.63,319.79,0.0083,0.0548,0,collision
320,185,-210.26,7.93,391.48,0.0088,0.0529,0,collision
321,196,-217.43,5.64,215.48,0.0000,0.0026,0,collision
322,198,-213.29,5.64,176.34,0.0000,0.0107,0,collision
323,228,-219.51,9.24,514.49,0.0009,0.0726,0,collision
281,194,-221.10,6.11,369.87,0.0062,0.0520,0,collision
282,205,-209.99,5.41,382.21,0.0000,0.0432,0,collision
283,169,-208.97,6.90,463.36,0.0046,0.0582,0,collision
284,172,-207.90,6.66,248.62,0.0017,0.0493,0,collision
285,288,115.23,7.84,475.71,0.0000,0.0411,1,goal
286,159,-206.46,7.71,141.61,0.0087,0.0516,0,collision
287,167,-206.11,6.82,175.38,0.0076,0.0347,0,collision
288,248,-252.85,6.10,378.87,0.0054,0.0769,0,collision
289,189,-206.85,5.89,264.22,0.0000,0.0028,0,collision
290,175,-221.81,6.48,262.63,0.0051,0.0344,0,collision
324,316,-248.77,6.64,466.99,0.0041,0.0374,0,collision
325,228,-255.13,6.22,318.68,0.0027,0.2179,0,collision
326,173,-212.11,6.50,230.50,0.0085,0.0450,0,collision
327,244,-243.45,6.26,365.53,0.0024,0.0907,0,collision
328,182,-222.91,6.13,274.52,0.0134,0.0076,0,collision
329,251,-217.90,8.38,471.98,0.0086,0.0831,0,collision
330,176,-214.72,6.44,278.11,0.0010,0.0365,0,collision
331,182,-219.47,6.22,304.10,0.0032,0.0876,0,collision
332,228,-235.33,6.10,323.10,0.0089,0.1583,0,collision
291,255,-252.65,6.36,193.35,0.0032,0.1079,0,collision
292,294,-236.80,7.65,413.00,0.0015,0.0472,0,collision
293,227,-246.57,6.26,408.78,0.0030,0.1668,0,collision
294,208,-223.17,5.44,181.11,0.0026,0.1026,0,collision
295,182,-213.52,6.25,374.15,0.0015,0.0576,0,collision
296,194,-204.69,5.74,238.61,0.0000,0.0000,0,collision
297,207,-222.10,5.35,195.49,0.0000,0.0372,0,collision
298,182,-210.25,6.33,259.46,0.0042,0.0760,0,collision
299,195,-204.16,5.78,234.42,0.0000,0.0052,0,collision
300,341,-287.74,6.53,536.11,0.0031,0.1598,0,collision
333,431,-294.22,6.11,833.61,0.0019,0.0656,0,collision
334,190,-222.51,6.00,340.46,0.0037,0.0296,0,collision
335,234,-227.85,6.25,321.65,0.0005,0.0919,0,collision
336,257,-242.45,6.19,446.09,0.0010,0.0773,0,collision
337,266,-273.40,5.48,208.65,0.0046,0.1150,0,collision
338,258,-244.10,5.91,316.69,0.0028,0.0957,0,collision
339,248,-232.95,6.21,307.27,0.0037,0.0902,0,collision
340,200,-221.66,5.67,331.25,0.0060,0.0866,0,collision
301,219,-239.35,5.02,266.84,0.0038,0.1280,0,collision
302,225,-220.20,4.96,313.45,0.0000,0.0399,0,collision
303,117,-186.25,5.07,113.59,0.0260,0.0209,0,collision
304,213,-232.66,5.28,298.05,0.0069,0.0880,0,collision
305,221,-223.50,5.00,353.69,0.0000,0.0297,0,collision
306,125,-198.91,4.72,133.44,0.0084,0.0979,0,collision
307,143,-213.41,4.00,127.39,0.0118,0.0540,0,collision
308,225,-225.34,4.96,325.26,0.0000,0.0431,0,collision
309,275,-255.05,5.24,368.36,0.0063,0.1051,0,collision
310,222,-224.84,5.92,280.82,0.0101,0.0460,0,collision
341,405,-287.05,5.05,551.46,0.0000,0.0769,0,collision
342,270,-267.01,5.65,402.53,0.0040,0.1000,0,collision
343,213,-248.10,5.32,421.47,0.0066,0.0651,0,collision
344,222,-222.01,5.08,295.47,0.0000,0.0450,0,collision
345,114,-194.11,5.00,131.87,0.0264,0.0765,0,collision
346,259,-259.28,6.02,543.21,0.0031,0.1377,0,collision
347,265,-260.79,5.82,503.99,0.0056,0.0975,0,collision
348,141,-200.76,4.31,192.41,0.0030,0.0347,0,collision
349,192,-224.99,5.80,221.65,0.0076,0.0117,0,collision
311,268,-249.75,4.17,229.50,0.0000,0.0440,0,collision
312,299,-284.45,4.88,381.15,0.0044,0.0704,0,collision
313,223,-224.80,4.93,206.42,0.0057,0.0958,0,collision
314,329,-281.30,4.66,279.12,0.0067,0.0912,0,collision
315,255,-234.39,4.37,295.04,0.0000,0.0436,0,collision
316,236,-244.13,4.72,358.81,0.0046,0.0414,0,collision
317,409,-311.86,5.18,515.64,0.0033,0.1376,0,collision
318,291,-272.84,4.33,358.31,0.0068,0.1125,0,collision
319,322,-273.19,4.69,301.68,0.0007,0.1180,0,collision
320,320,-287.87,4.74,346.17,0.0041,0.1605,0,collision
350,419,-340.51,4.17,481.25,0.0013,0.1079,0,collision
351,209,-216.20,5.28,192.08,0.0046,0.0632,0,collision
352,308,-268.26,4.38,414.47,0.0061,0.1215,0,collision
353,155,-224.87,3.70,89.24,0.0040,0.1174,0,collision
354,154,-207.27,3.88,84.86,0.0093,0.0445,0,collision
355,421,-313.19,5.01,391.64,0.0037,0.1398,0,collision
356,330,-285.73,4.64,428.25,0.0030,0.1112,0,collision
321,372,-300.45,4.15,299.26,0.0027,0.0822,0,collision
322,480,15.84,4.69,605.60,0.0000,0.1358,1,goal
323,308,-256.78,5.09,451.16,0.0042,0.0762,0,collision
324,294,-272.51,3.90,297.00,0.0041,0.0534,0,collision
325,322,-282.83,4.76,343.49,0.0017,0.1531,0,collision
326,296,-275.38,4.11,217.28,0.0050,0.0956,0,collision
327,281,-250.17,5.00,325.43,0.0074,0.0909,0,collision
328,289,-263.40,3.86,204.61,0.0000,0.0716,0,collision
329,153,-211.93,3.84,68.46,0.0053,0.0444,0,collision
330,167,-223.02,3.46,172.92,0.0062,0.0336,0,collision
357,503,-353.03,3.84,422.62,0.0000,0.0611,0,collision
358,291,-268.17,4.41,307.78,0.0027,0.1004,0,collision
359,309,-274.46,3.60,222.71,0.0000,0.0615,0,collision
360,384,-317.07,4.00,414.05,0.0037,0.1211,0,collision
361,286,-289.74,4.01,229.00,0.0046,0.1588,0,collision
362,289,-246.17,3.86,252.70,0.0000,0.0661,0,collision
331,325,-282.77,3.43,362.96,0.0000,0.0491,0,collision
332,296,-258.74,3.77,286.47,0.0000,0.0602,0,collision
333,304,-273.46,3.66,298.48,0.0000,0.0608,0,collision
334,315,-266.19,3.54,236.17,0.0000,0.0749,0,collision
335,150,-227.94,3.82,172.78,0.0100,0.1069,0,collision
336,312,-273.22,3.60,284.54,0.0000,0.0599,0,collision
337,312,-268.60,3.55,325.75,0.0000,0.0618,0,collision
338,352,-299.21,3.73,318.54,0.0036,0.1121,0,collision
339,299,-263.31,3.73,268.51,0.0000,0.0842,0,collision
340,286,-243.35,3.90,220.69,0.0000,0.0166,0,collision
363,492,-362.34,3.68,356.33,0.0034,0.0676,0,collision
364,375,-300.88,4.12,305.95,0.0040,0.0795,0,collision
365,346,-279.32,4.30,521.07,0.0043,0.0857,0,collision
366,510,20.98,4.42,634.71,0.0000,0.1190,1,goal
367,231,-243.65,3.76,222.42,0.0025,0.0931,0,collision
341,531,-5.29,4.24,513.85,0.0000,0.1047,1,goal
342,505,11.39,4.48,609.11,0.0000,0.1011,1,goal
343,361,-312.88,3.56,260.38,0.0016,0.0671,0,collision
344,300,-250.68,3.70,174.49,0.0000,0.0457,0,collision
345,511,21.09,4.41,488.87,0.0000,0.0975,1,goal
346,312,-271.52,3.87,278.23,0.0032,0.0852,0,collision
347,525,-0.61,4.30,429.44,0.0000,0.0889,1,goal
348,530,-22.88,4.25,422.70,0.0000,0.0653,1,goal
349,315,-272.11,3.54,396.00,0.0000,0.0531,0,collision
350,320,-290.61,3.60,248.36,0.0033,0.0412,0,collision
368,584,-384.93,3.54,457.83,0.0000,0.0631,0,collision
369,291,-247.22,3.84,212.55,0.0000,0.0651,0,collision
370,298,-252.29,3.74,378.21,0.0000,0.0630,0,collision
371,292,-297.94,3.92,308.07,0.0020,0.0675,0,collision
372,573,-378.15,3.91,534.07,0.0015,0.1013,0,collision
351,734,-473.41,3.05,616.47,0.0007,0.1413,0,collision
352,337,-294.74,3.39,237.61,0.0016,0.0498,0,collision
353,394,-343.74,2.96,314.71,0.0032,0.0861,0,collision
354,333,-301.66,3.44,260.36,0.0025,0.0530,0,collision
355,225,-235.44,3.59,221.40,0.0052,0.0661,0,collision
356,702,-494.12,3.20,582.54,0.0014,0.1428,0,collision
357,223,-264.07,2.71,170.68,0.0028,0.0559,0,collision
358,234,-252.79,3.03,186.91,0.0094,0.0306,0,collision
359,637,-59.84,3.54,587.48,0.0000,0.0696,1,goal
360,691,-445.63,3.25,529.24,0.0008,0.0809,0,collision
373,689,-492.67,3.10,599.56,0.0023,0.0950,0,collision
374,388,-336.09,2.88,269.81,0.0000,0.0768,0,collision
375,671,-90.00,3.36,596.23,0.0000,0.0780,1,goal
376,352,-299.09,3.17,278.39,0.0048,0.0365,0,collision
361,694,-96.88,3.25,484.44,0.0000,0.0941,1,goal
362,253,-279.49,2.73,169.96,0.0053,0.1006,0,collision
363,690,-85.06,3.26,482.02,0.0000,0.0672,1,goal
364,321,-267.86,3.46,249.46,0.0000,0.0788,0,collision
365,160,-215.65,3.59,214.70,0.0079,0.0850,0,collision
366,301,-273.55,3.49,433.05,0.0017,0.0627,0,collision
367,334,-310.48,3.44,268.80,0.0043,0.0948,0,collision
368,657,-75.20,3.45,483.77,0.0000,0.0869,1,goal
369,669,-80.91,3.37,572.33,0.0000,0.1061,1,goal
370,334,-279.57,3.50,262.70,0.0047,0.0706,0,collision
377,922,-564.76,3.07,603.79,0.0017,0.1152,0,collision
378,336,-294.42,3.43,303.27,0.0038,0.0608,0,collision
379,342,-286.27,3.36,288.86,0.0023,0.0489,0,collision
380,321,-294.40,3.48,274.85,0.0030,0.0649,0,collision
371,246,-225.34,4.54,285.48,0.0000,0.0398,0,collision
372,314,-266.11,3.53,291.50,0.0000,0.0667,0,collision
373,280,-243.70,4.51,244.34,0.0037,0.1136,0,collision
374,266,-259.77,4.23,208.59,0.0040,0.0440,0,collision
375,324,-263.50,4.31,372.10,0.0042,0.1177,0,collision
376,248,-230.32,4.50,293.60,0.0000,0.0429,0,collision
377,306,-255.75,4.57,385.34,0.0016,0.1223,0,collision
378,122,-182.63,4.88,116.40,0.0087,0.0208,0,collision
379,267,-232.40,4.18,250.01,0.0000,0.0405,0,collision
380,356,-279.88,4.12,302.38,0.0030,0.1418,0,collision
381,883,-172.40,3.84,850.50,0.0000,0.0994,1,goal
382,246,-244.85,4.63,176.44,0.0025,0.0746,0,collision
383,545,3.91,4.15,614.85,0.0000,0.1024,1,goal
384,280,-242.86,4.68,393.36,0.0047,0.0729,0,collision
381,335,-286.67,3.76,252.70,0.0078,0.0847,0,collision
382,274,-257.08,4.05,361.40,0.0044,0.0456,0,collision
383,277,-239.49,4.03,192.51,0.0000,0.0402,0,collision
384,296,-260.81,3.90,390.38,0.0030,0.0754,0,collision
385,307,-290.05,3.64,290.77,0.0043,0.0664,0,collision
386,330,-281.22,3.38,277.83,0.0000,0.0475,0,collision
387,312,-253.84,3.58,241.68,0.0000,0.0678,0,collision
388,264,-245.45,4.22,171.35,0.0037,0.0544,0,collision
389,640,-70.41,3.52,629.65,0.0000,0.1057,1,goal
390,652,-92.90,3.46,746.05,0.0000,0.1513,1,goal
385,780,-463.13,3.87,746.49,0.0010,0.1087,0,collision
386,326,-260.04,3.43,195.96,0.0000,0.0769,0,collision
387,325,-268.86,3.46,269.70,0.0000,0.0203,0,collision
388,332,-286.52,3.36,344.60,0.0000,0.1103,0,collision
389,371,-319.74,3.51,351.10,0.0026,0.0767,0,collision
390,299,-247.14,3.73,271.89,0.0000,0.0640,0,collision
391,232,-221.05,4.81,312.92,0.0000,0.0330,0,collision
392,143,-194.12,4.04,144.40,0.0095,0.0314,0,collision
393,317,-261.55,4.80,360.02,0.0067,0.1146,0,collision
394,292,-275.09,4.25,333.86,0.0016,0.0768,0,collision
395,230,-220.82,5.27,331.93,0.0044,0.0813,0,collision
396,239,-226.03,4.65,249.90,0.0000,0.0405,0,collision
397,270,-261.70,4.70,174.84,0.0080,0.1185,0,collision
398,300,-260.65,4.84,371.06,0.0028,0.1123,0,collision
399,255,-228.42,4.38,295.12,0.0000,0.0506,0,collision
400,249,-228.74,4.49,243.74,0.0000,0.0466,0,collision
391,311,-254.88,4.26,347.05,0.0000,0.0331,0,collision
392,488,22.16,4.62,543.47,0.0000,0.1023,1,goal
393,228,-236.01,5.18,283.42,0.0058,0.0776,0,collision
394,123,-183.68,4.80,118.47,0.0117,0.0283,0,collision
395,243,-223.10,4.62,235.26,0.0000,0.0370,0,collision
396,265,-233.58,4.22,196.14,0.0000,0.0463,0,collision
397,243,-219.80,4.58,317.94,0.0000,0.0476,0,collision
398,132,-197.15,4.60,132.50,0.0161,0.0253,0,collision
401,225,-229.03,4.90,296.22,0.0052,0.1335,0,collision
402,142,-203.37,4.30,90.32,0.0019,0.0447,0,collision
403,108,-182.72,5.39,114.07,0.0112,0.0213,0,collision
404,494,3.25,4.57,641.91,0.0000,0.1117,1,goal
405,237,-223.04,4.69,293.15,0.0000,0.0376,0,collision
406,233,-224.40,4.82,283.57,0.0061,0.0490,0,collision
407,129,-180.87,4.65,126.81,0.0074,0.0277,0,collision
408,493,12.05,4.57,578.58,0.0000,0.1219,1,goal
409,277,-263.26,4.85,294.58,0.0082,0.0917,0,collision
410,329,-288.46,4.61,329.63,0.0038,0.0977,0,collision
399,205,-211.55,4.68,221.67,0.0052,0.0245,0,collision
400,149,-201.63,4.09,121.15,0.0056,0.0351,0,collision
401,482,27.00,4.68,458.39,0.0000,0.1373,1,goal
402,239,-235.04,4.75,314.32,0.0041,0.0991,0,collision
403,255,-256.14,4.63,323.35,0.0048,0.1001,0,collision
404,233,-249.76,4.93,195.14,0.0063,0.0732,0,collision
405,274,-258.17,4.84,363.19,0.0022,0.0639,0,collision
411,247,-249.69,5.13,327.41,0.0078,0.0947,0,collision
412,283,-273.81,4.67,280.70,0.0036,0.1406,0,collision
413,135,-193.67,4.41,208.25,0.0092,0.0337,0,collision
414,206,-211.39,5.60,362.27,0.0061,0.0052,0,collision
415,225,-230.31,5.32,342.78,0.0062,0.0773,0,collision
416,225,-216.47,5.09,286.65,0.0062,0.0609,0,collision
417,255,-243.00,4.37,314.18,0.0000,0.1021,0,collision
418,492,27.88,4.60,662.03,0.0000,0.1165,1,goal
419,113,-181.01,5.20,111.32,0.0105,0.0203,0,collision
420,256,-231.68,4.35,359.39,0.0000,0.0445,0,collision
406,403,-287.00,4.70,612.70,0.0037,0.0680,0,collision
407,231,-217.21,4.83,242.12,0.0000,0.0474,0,collision
408,300,-281.22,4.42,348.22,0.0020,0.1124,0,collision
409,141,-202.75,4.31,208.22,0.0040,0.0298,0,collision
410,152,-193.06,5.67,241.64,0.0020,0.0028,0,collision
411,242,-224.69,4.66,380.27,0.0000,0.0635,0,collision
412,159,-198.36,4.95,183.59,0.0042,0.0471,0,collision
413,236,-224.61,4.73,340.14,0.0000,0.0442,0,collision
414,337,-277.46,4.39,353.35,0.0059,0.1002,0,collision
421,225,-222.95,4.97,193.71,0.0055,0.0578,0,collision
422,116,-186.41,5.33,173.93,0.0026,0.0535,0,collision
423,142,-195.35,4.06,124.90,0.0106,0.0276,0,collision
424,236,-235.19,5.26,320.49,0.0089,0.1001,0,collision
425,499,24.49,4.53,769.70,0.0000,0.1306,1,goal
426,433,-314.29,4.45,484.59,0.0019,0.1353,0,collision
427,509,10.75,4.43,524.04,0.0000,0.1114,1,goal
428,314,-269.49,4.89,452.51,0.0023,0.1162,0,collision
429,321,-265.49,4.66,457.71,0.0075,0.0885,0,collision
430,287,-255.77,4.67,452.14,0.0042,0.1362,0,collision
415,418,-310.39,4.46,480.78,0.0026,0.1046,0,collision
416,321,-272.40,4.44,387.64,0.0061,0.0959,0,collision
417,126,-190.07,5.35,207.61,0.0102,0.0264,0,collision
418,292,-243.94,4.66,295.28,0.0056,0.0633,0,collision
419,255,-229.95,4.94,229.47,0.0018,0.0822,0,collision
420,320,-276.67,4.45,334.95,0.0039,0.0797,0,collision
421,292,-245.12,4.77,394.44,0.0067,0.1321,0,collision
431,323,-265.25,4.75,402.39,0.0025,0.1536,0,collision
432,296,-257.80,5.11,337.67,0.0048,0.0776,0,collision
433,226,-220.90,5.48,316.65,0.0046,0.0483,0,collision
434,299,-249.00,5.12,392.46,0.0038,0.1106,0,collision
435,316,-266.57,4.81,558.20,0.0052,0.0905,0,collision
436,274,-241.79,5.41,366.54,0.0040,0.1242,0,collision
437,263,-244.34,5.96,377.82,0.0064,0.1131,0,collision
438,211,-213.30,5.29,242.23,0.0000,0.0048,0,collision
439,211,-212.63,5.29,255.25,0.0061,0.0456,0,collision
440,260,-243.39,5.53,345.80,0.0102,0.0262,0,collision
422,375,-273.35,4.96,387.66,0.0000,0.0517,0,collision
423,197,-202.32,5.65,272.01,0.0000,0.0013,0,collision
424,222,-215.23,5.62,223.15,0.0081,0.0439,0,collision
425,183,-213.18,6.24,408.10,0.0025,0.0781,0,collision
426,198,-204.78,5.62,235.56,0.0000,0.0064,0,collision
427,287,-242.54,5.33,220.42,0.0011,0.0685,0,collision
428,368,-273.45,6.03,519.82,0.0011,0.1066,0,collision
429,279,-237.28,5.38,343.29,0.0045,0.0899,0,collision
441,315,-260.31,4.85,431.83,0.0027,0.1336,0,collision
442,294,-257.39,5.12,317.09,0.0065,0.1136,0,collision
443,228,-229.01,5.04,262.71,0.0061,0.0766,0,collision
444,281,-230.53,5.43,382.96,0.0025,0.0886,0,collision
445,323,-273.96,4.73,424.38,0.0036,0.1267,0,collision
446,153,-195.44,5.34,265.82,0.0059,0.0014,0,collision
447,315,-260.90,4.86,427.51,0.0048,0.1571,0,collision
448,252,-233.14,4.42,398.46,0.0000,0.0497,0,collision
449,227,-218.13,4.90,262.80,0.0000,0.0056,0,collision
450,308,-255.09,4.65,372.51,0.0030,0.1051,0,collision
430,517,-339.36,5.29,683.85,0.0025,0.1031,0,collision
431,405,-277.89,5.40,440.42,0.0046,0.1183,0,collision
432,415,-291.62,5.34,611.59,0.0014,0.1270,0,collision
433,379,-262.89,5.87,616.10,0.0018,0.0826,0,collision
434,125,-188.46,4.76,147.22,0.0031,0.0437,0,collision
451,290,-248.82,5.26,346.76,0.0007,0.1270,0,collision
452,286,-252.43,4.76,335.62,0.0051,0.0939,0,collision
453,325,-280.60,4.56,335.53,0.0016,0.1206,0,collision
454,328,-284.69,4.66,323.86,0.0038,0.1410,0,collision
455,251,-225.60,4.43,271.04,0.0000,0.0427,0,collision
456,224,-213.31,4.95,289.44,0.0000,0.0524,0,collision
457,232,-221.79,4.79,271.94,0.0000,0.0480,0,collision
458,290,-259.86,4.89,364.18,0.0017,0.1233,0,collision
459,281,-255.85,5.43,447.21,0.0051,0.1253,0,collision
460,314,-260.19,4.86,584.35,0.0010,0.1152,0,collision
435,531,-318.42,4.83,613.75,0.0000,0.0677,0,collision
436,236,-249.41,4.99,233.47,0.0040,0.0915,0,collision
437,279,-237.31,5.47,388.30,0.0038,0.0959,0,collision
438,315,-268.16,4.83,378.91,0.0028,0.1490,0,collision
439,213,-212.88,5.76,341.85,0.0083,0.0492,0,collision
440,244,-226.20,5.21,330.74,0.0066,0.0618,0,collision
441,236,-215.06,4.73,397.96,0.0000,0.0422,0,collision
442,262,-228.66,5.70,439.97,0.0045,0.0067,0,collision
461,240,-224.13,4.63,243.89,0.0000,0.0048,0,collision
462,322,-253.38,4.75,420.43,0.0061,0.1107,0,collision
463,233,-217.05,4.79,297.88,0.0000,0.0752,0,collision
464,218,-207.92,5.11,199.46,0.0000,0.0005,0,collision
465,219,-216.44,5.24,378.31,0.0020,0.0759,0,collision
466,294,-243.10,5.20,435.43,0.0010,0.0690,0,collision
467,316,-263.51,4.44,390.45,0.0046,0.0939,0,collision
468,404,-284.84,5.46,541.46,0.0028,0.1274,0,collision
469,479,12.89,4.71,631.43,0.0000,0.1632,1,goal
470,110,-176.04,5.44,186.08,0.0069,0.0037,0,collision
443,333,-267.09,5.29,551.04,0.0031,0.1038,0,collision
444,378,-268.82,5.95,527.94,0.0045,0.0931,0,collision
445,298,-268.65,4.70,331.52,0.0077,0.1074,0,collision
446,220,-229.87,5.18,286.60,0.0040,0.0686,0,collision
447,480,36.24,4.71,651.97,0.0000,0.1068,1,goal
448,321,-280.09,4.76,361.06,0.0035,0.1529,0,collision
471,230,-213.82,4.85,239.55,0.0000,0.0053,0,collision
472,278,-248.94,5.35,331.86,0.0021,0.0342,0,collision
473,464,10.37,4.88,646.49,0.0000,0.1744,1,goal
474,287,-249.50,5.33,409.12,0.0024,0.0539,0,collision
475,295,-257.16,5.18,425.74,0.0019,0.0863,0,collision
476,233,-234.41,4.97,273.64,0.0043,0.0430,0,collision
477,287,-234.40,5.33,452.35,0.0021,0.1072,0,collision
478,217,-220.75,5.67,449.47,0.0046,0.0361,0,collision
479,378,-259.52,5.94,564.01,0.0029,0.1059,0,collision
480,299,-254.39,5.15,386.49,0.0024,0.0999,0,collision
449,251,-215.95,5.53,426.95,0.0000,0.0000,0,collision
450,268,-252.52,5.04,324.78,0.0050,0.0743,0,collision
451,292,-248.92,5.21,397.86,0.0017,0.0605,0,collision
452,222,-208.11,5.03,347.31,0.0000,0.0330,0,collision
453,112,-178.87,5.40,168.46,0.0081,0.0185,0,collision
454,216,-225.57,5.57,299.01,0.0039,0.0148,0,collision
455,377,-263.50,5.92,660.95,0.0004,0.1030,0,collision
456,213,-209.64,5.23,305.53,0.0000,0.0051,0,collision
481,225,-242.72,5.37,358.02,0.0058,0.0455,0,collision
482,374,-266.52,6.01,473.82,0.0042,0.1170,0,collision
483,259,-253.68,5.28,422.91,0.0076,0.0361,0,collision
484,246,-236.69,5.25,323.98,0.0049,0.0833,0,collision
485,190,-222.17,6.11,335.95,0.0076,0.1134,0,collision
486,219,-245.15,5.24,296.92,0.0020,0.0382,0,collision
487,307,-271.37,4.98,524.42,0.0030,0.1339,0,collision
488,290,-252.65,5.27,422.08,0.0032,0.1182,0,collision
489,183,-212.67,6.29,320.98,0.0103,0.0636,0,collision
490,355,-251.59,6.28,605.67,0.0039,0.0784,0,collision
457,373,-255.86,5.67,630.31,0.0000,0.0066,0,collision
458,271,-253.16,5.63,418.74,0.0048,0.1012,0,collision
459,265,-231.33,5.75,432.20,0.0035,0.0745,0,collision
460,282,-247.18,5.52,331.55,0.0021,0.0673,0,collision
461,155,-191.09,5.85,149.00,0.0148,0.0442,0,collision
462,188,-211.50,6.09,334.51,0.0029,0.0420,0,collision
463,178,-205.85,6.39,227.76,0.0057,0.0408,0,collision
464,366,-268.24,6.09,449.79,0.0029,0.0907,0,collision
491,295,-234.97,5.17,381.52,0.0017,0.0765,0,collision
492,227,-204.73,4.92,297.25,0.0000,0.0494,0,collision
493,376,-263.52,5.88,568.66,0.0031,0.0753,0,collision
494,209,-203.96,5.34,266.64,0.0000,0.0026,0,collision
495,274,-238.52,5.58,313.86,0.0023,0.1161,0,collision
496,299,-246.59,5.12,268.96,0.0020,0.0922,0,collision
497,317,-281.76,4.83,434.66,0.0050,0.1427,0,collision
498,377,-269.65,5.91,454.77,0.0032,0.0916,0,collision
499,204,-204.99,5.46,385.02,0.0000,0.0056,0,collision
500,188,-213.98,5.94,201.14,0.0089,0.0085,0,collision
465,387,-274.87,5.83,606.13,0.0007,0.0523,0,collision
466,217,-211.60,5.15,316.89,0.0000,0.0467,0,collision
467,306,-256.85,5.10,399.76,0.0026,0.0919,0,collision
468,207,-216.92,5.62,414.04,0.0061,0.0353,0,collision
469,297,-262.18,5.14,320.09,0.0012,0.0990,0,collision
470,229,-216.04,4.86,332.13,0.0000,0.0425,0,collision
471,373,-262.02,5.97,541.80,0.0028,0.1117,0,collision
501,337,-276.57,4.42,494.08,0.0033,0.0647,0,collision
502,290,-253.82,4.33,328.41,0.0045,0.1041,0,collision
503,253,-230.16,4.39,322.48,0.0000,0.0671,0,collision
504,269,-234.77,4.15,377.72,0.0000,0.0300,0,collision
505,354,-293.59,4.29,396.32,0.0038,0.1303,0,collision
506,320,-248.08,4.82,358.31,0.0042,0.0592,0,collision
507,241,-214.41,4.63,347.77,0.0000,0.0401,0,collision
508,482,23.68,4.67,593.64,0.0000,0.1333,1,goal
509,261,-250.14,4.65,349.41,0.0056,0.0980,0,collision
510,125,-188.55,4.75,134.10,0.0098,0.0637,0,collision
472,304,-230.33,5.80,475.25,0.0025,0.0235,0,collision
473,268,-245.01,4.16,240.86,0.0055,0.0779,0,collision
474,477,44.25,4.75,608.03,0.0000,0.0942,1,goal
475,221,-209.05,5.03,290.59,0.0000,0.0452,0,collision
476,490,48.31,4.61,724.73,0.0000,0.1274,1,goal
477,331,-277.43,4.51,279.44,0.0022,0.0728,0,collision
511,289,-237.40,3.85,250.60,0.0000,0.0698,0,collision
512,173,-213.63,3.85,187.25,0.0051,0.0955,0,collision
513,508,47.13,4.44,598.06,0.0000,0.1005,1,goal
514,143,-196.67,4.06,118.10,0.0034,0.0393,0,collision
515,268,-232.94,4.16,257.57,0.0043,0.0401,0,collision
516,160,-199.77,3.79,158.87,0.0048,0.0371,0,collision
517,152,-196.27,3.79,193.32,0.0074,0.0440,0,collision
518,132,-185.88,4.57,117.93,0.0039,0.0543,0,collision
519,151,-196.41,3.98,124.72,0.0066,0.0366,0,collision
520,535,-8.03,4.23,567.47,0.0000,0.1128,1,goal
478,398,-279.64,4.31,534.14,0.0000,0.0718,0,collision
479,518,36.60,4.36,392.85,0.0000,0.1105,1,goal
480,320,-274.45,3.74,327.71,0.0050,0.0808,0,collision
481,516,25.46,4.38,500.27,0.0000,0.1116,1,goal
482,314,-263.36,3.54,266.63,0.0000,0.0647,0,collision
521,296,-244.66,3.77,375.04,0.0000,0.0488,0,collision
522,290,-241.44,3.84,440.63,0.0000,0.0021,0,collision
523,306,-260.11,3.65,254.79,0.0055,0.0807,0,collision
524,307,-245.64,3.63,282.38,0.0000,0.0612,0,collision
525,314,-272.36,3.56,216.59,0.0000,0.0605,0,collision
526,293,-239.66,3.80,265.81,0.0000,0.0785,0,collision
527,585,-365.51,3.79,619.96,0.0026,0.1211,0,collision
528,337,-262.91,3.30,306.20,0.0000,0.0430,0,collision
529,165,-212.15,3.54,132.32,0.0098,0.0614,0,collision
530,313,-257.51,3.56,315.08,0.0000,0.0646,0,collision
483,413,-295.38,3.56,295.95,0.0000,0.0786,0,collision
484,337,-262.32,3.32,293.17,0.0000,0.0795,0,collision
485,452,-336.74,3.47,496.99,0.0028,0.1102,0,collision
486,299,-245.10,3.74,362.71,0.0000,0.0749,0,collision
487,309,-256.11,3.60,254.42,0.0000,0.0211,0,collision
531,294,-239.03,3.79,236.74,0.0000,0.0766,0,collision
532,300,-257.14,3.72,349.96,0.0000,0.0581,0,collision
533,246,-216.80,4.54,248.87,0.0000,0.0421,0,collision
534,492,51.57,4.59,565.74,0.0000,0.0967,1,goal
535,505,29.71,4.46,539.36,0.0000,0.1104,1,goal
536,510,24.35,4.43,524.09,0.0000,0.1036,1,goal
537,274,-231.88,4.07,222.51,0.0000,0.0408,0,collision
538,514,20.54,4.39,577.90,0.0000,0.0817,1,goal
539,258,-245.86,4.37,297.63,0.0057,0.0670,0,collision
540,523,10.26,4.32,556.47,0.0000,0.0671,1,goal
488,642,-415.85,3.52,562.24,0.0000,0.0740,0,collision
489,505,23.04,4.47,570.51,0.0000,0.0782,1,goal
490,287,-256.73,4.00,339.20,0.0017,0.0864,0,collision
491,268,-236.26,4.17,281.93,0.0000,0.0429,0,collision
492,260,-227.61,4.29,330.54,0.0000,0.0398,0,collision
493,318,-281.11,3.51,355.82,0.0042,0.0761,0,collision
541,617,-37.15,3.65,534.45,0.0000,0.1612,1,goal
542,284,-236.47,3.91,368.84,0.0000,0.0737,0,collision
543,166,-206.45,3.53,228.13,0.0074,0.0391,0,collision
544,523,15.83,4.31,600.36,0.0000,0.0679,1,goal
545,312,-269.85,3.68,393.43,0.0054,0.0953,0,collision
546,324,-263.88,3.45,278.62,0.0000,0.0970,0,collision
547,594,-369.31,3.71,643.79,0.0023,0.1330,0,collision
548,296,-257.30,3.89,272.39,0.0034,0.0220,0,collision
549,155,-206.16,3.81,119.47,0.0071,0.1182,0,collision
550,289,-241.01,3.86,287.66,0.0000,0.0380,0,collision
494,444,-296.67,4.00,605.11,0.0022,0.1083,0,collision
495,309,-248.83,3.65,395.05,0.0000,0.0619,0,collision
496,259,-235.51,4.31,296.09,0.0051,0.0379,0,collision
497,315,-255.58,3.53,257.55,0.0000,0.0723,0,collision
498,294,-233.50,3.79,356.98,0.0000,0.0279,0,collision
499,292,-269.96,3.96,193.31,0.0021,0.1221,0,collision
551,244,-227.43,4.57,333.10,0.0000,0.0039,0,collision
552,446,-283.05,4.62,575.16,0.0050,0.0918,0,collision
553,307,-250.13,3.63,387.78,0.0000,0.1052,0,collision
554,307,-255.82,3.63,402.00,0.0000,0.0723,0,collision
555,491,23.23,4.60,734.03,0.0000,0.0985,1,goal
556,270,-230.86,4.13,314.22,0.0000,0.0479,0,collision
557,258,-229.02,4.33,278.02,0.0000,0.0541,0,collision
558,281,-242.91,3.95,312.31,0.0000,0.0815,0,collision
559,317,-261.74,3.51,269.22,0.0000,0.0655,0,collision
560,486,53.65,4.65,731.15,0.0000,0.0900,1,goal
500,534,-324.68,3.94,568.88,0.0000,0.0811,0,collision
501,302,-246.39,3.70,284.38,0.0000,0.0992,0,collision
502,255,-217.72,4.37,272.68,0.0000,0.0475,0,collision
503,263,-229.64,4.24,336.12,0.0000,0.0525,0,collision
504,154,-209.39,3.84,215.42,0.0057,0.1159,0,collision
505,127,-199.87,4.48,168.12,0.0077,0.1369,0,collision
506,261,-227.56,4.27,375.23,0.0000,0.0662,0,collision
507,294,-246.84,3.80,307.69,0.0000,0.0918,0,collision
561,209,-207.34,5.32,345.86,0.0000,0.0059,0,collision
562,209,-200.49,5.33,272.16,0.0000,0.0020,0,collision
563,218,-209.10,5.12,322.55,0.0000,0.0034,0,collision
564,218,-212.73,5.12,239.70,0.0000,0.0055,0,collision
565,202,-202.98,5.53,248.63,0.0000,0.0054,0,collision
566,224,-215.43,4.98,283.45,0.0000,0.0484,0,collision
567,287,-230.69,5.34,560.13,0.0013,0.1097,0,collision
568,111,-181.86,5.39,140.89,0.0045,0.0316,0,collision
569,196,-196.18,5.67,300.77,0.0000,0.0046,0,collision
570,240,-223.06,4.65,310.59,0.0000,0.0603,0,collision
508,318,-239.25,4.88,414.53,0.0000,0.0071,0,collision
509,195,-196.97,5.73,349.21,0.0000,0.0065,0,collision
510,208,-206.59,5.36,346.44,0.0000,0.0045,0,collision
511,213,-208.25,5.23,315.70,0.0000,0.0022,0,collision
512,194,-197.78,5.75,273.15,0.0000,0.0029,0,collision
513,206,-202.69,5.43,357.55,0.0000,0.0062,0,collision
514,203,-205.12,5.48,308.30,0.0000,0.0040,0,collision
515,219,-240.97,5.27,370.53,0.0051,0.0481,0,collision
516,200,-202.28,5.58,232.53,0.0000,0.0065,0,collision
517,181,-195.28,6.17,355.24,0.0000,0.0039,0,collision
571,332,-266.27,3.88,367.51,0.0042,0.1075,0,collision
572,311,-287.08,3.83,316.95,0.0073,0.1424,0,collision
573,511,14.71,4.42,678.59,0.0000,0.0953,1,goal
574,289,-241.76,4.49,299.95,0.0051,0.0878,0,collision
575,291,-255.95,3.83,240.35,0.0000,0.1376,0,collision
576,142,-198.77,4.25,191.40,0.0080,0.0773,0,collision
577,291,-251.48,3.94,303.00,0.0018,0.1019,0,collision
578,251,-221.39,4.45,322.48,0.0000,0.0435,0,collision
579,292,-240.46,3.82,272.17,0.0000,0.0667,0,collision
580,360,-294.35,3.65,329.73,0.0034,0.0490,0,collision
518,511,30.15,4.43,492.42,0.0000,0.1418,1,goal
519,297,-262.88,3.85,357.88,0.0019,0.0646,0,collision
520,284,-238.55,3.93,312.58,0.0000,0.0328,0,collision
521,297,-249.67,4.37,344.38,0.0081,0.0979,0,collision
522,277,-235.69,4.03,303.99,0.0000,0.0347,0,collision
581,259,-225.13,4.31,295.02,0.0000,0.0031,0,collision
582,265,-226.44,4.21,308.11,0.0000,0.0434,0,collision
583,267,-233.09,4.18,330.39,0.0000,0.0421,0,collision
584,324,-256.43,4.17,401.67,0.0018,0.0990,0,collision
585,285,-232.16,3.92,330.58,0.0000,0.0483,0,collision
586,368,-275.12,4.07,520.04,0.0041,0.1121,0,collision
587,334,-266.37,3.78,402.01,0.0051,0.0878,0,collision
588,332,-260.52,3.86,349.26,0.0041,0.1053,0,collision
589,308,-275.16,3.81,285.46,0.0054,0.0696,0,collision
590,572,-371.95,3.78,518.97,0.0020,0.1554,0,collision
523,655,-394.16,4.14,869.10,0.0019,0.1020,0,collision
524,269,-225.05,4.54,378.06,0.0046,0.0949,0,collision
525,275,-231.86,4.06,288.58,0.0000,0.0603,0,collision
526,632,-70.55,3.57,594.37,0.0000,0.1563,1,goal
527,150,-199.43,3.99,225.23,0.0031,0.0601,0,collision
528,147,-195.96,4.12,149.31,0.0088,0.0474,0,collision
529,142,-192.79,4.07,151.65,0.0047,0.0393,0,collision
591,300,-239.23,3.71,347.03,0.0000,0.0258,0,collision
592,600,-394.30,3.71,657.14,0.0021,0.1423,0,collision
593,128,-190.57,4.74,240.46,0.0019,0.0365,0,collision
594,306,-258.58,3.68,305.96,0.0000,0.0694,0,collision
595,359,-297.55,3.67,356.44,0.0032,0.1052,0,collision
596,347,-266.77,3.81,432.04,0.0034,0.1061,0,collision
597,123,-198.05,4.62,119.24,0.0046,0.1326,0,collision
598,452,-337.65,3.66,438.39,0.0022,0.1177,0,collision
599,305,-250.06,3.65,242.84,0.0000,0.0677,0,collision
600,627,-39.81,3.60,682.15,0.0000,0.1400,1,goal
530,460,-288.67,4.09,521.48,0.0000,0.0461,0,collision
531,291,-247.97,3.84,331.78,0.0000,0.0700,0,collision
532,159,-197.48,4.31,215.71,0.0093,0.0509,0,collision
533,289,-246.69,4.00,350.89,0.0070,0.0673,0,collision
534,279,-231.27,3.99,340.56,0.0000,0.0354,0,collision
535,287,-236.63,3.89,360.68,0.0000,0.0329,0,collision
536,307,-262.97,3.86,415.82,0.0055,0.0852,0,collision
601,315,-253.96,3.54,376.02,0.0000,0.0276,0,collision
602,167,-209.98,3.63,138.93,0.0064,0.0409,0,collision
603,287,-257.72,4.00,326.06,0.0020,0.1004,0,collision
604,303,-242.72,3.68,322.57,0.0000,0.0384,0,collision
605,680,-82.26,3.33,784.19,0.0000,0.1088,1,goal
606,686,-82.55,3.29,539.58,0.0000,0.0976,1,goal
607,283,-244.72,4.10,324.03,0.0026,0.0592,0,collision
608,323,-254.82,3.46,287.43,0.0000,0.0618,0,collision
609,321,-278.28,3.58,307.25,0.0003,0.0643,0,collision
610,166,-219.77,3.43,159.50,0.0039,0.1245,0,collision
537,805,-84.62,3.62,886.48,0.0000,0.1007,1,goal
538,142,-195.13,4.07,196.68,0.0040,0.0419,0,collision
539,378,-306.28,2.95,275.59,0.0000,0.0874,0,collision
540,155,-201.69,3.87,128.68,0.0071,0.0718,0,collision
541,160,-197.47,3.74,188.88,0.0097,0.0444,0,collision
542,138,-194.12,4.39,160.31,0.0044,0.0309,0,collision
543,324,-258.10,3.44,291.74,0.0000,0.0675,0,collision
611,529,-376.29,3.32,485.96,0.0016,0.1265,0,collision
612,370,-294.13,3.45,333.46,0.0064,0.0508,0,collision
613,335,-266.89,3.33,364.48,0.0000,0.0683,0,collision
614,661,-49.16,3.41,645.98,0.0000,0.1191,1,goal
615,341,-273.53,3.26,299.68,0.0000,0.0919,0,collision
616,711,-471.55,3.06,624.83,0.0019,0.1469,0,collision
617,330,-284.72,3.47,355.54,0.0024,0.0683,0,collision
618,321,-263.94,3.48,269.12,0.0044,0.0726,0,collision
619,312,-267.26,3.58,308.27,0.0000,0.0359,0,collision
620,342,-287.32,3.27,309.52,0.0021,0.0567,0,collision
544,262,-230.98,4.32,329.59,0.0042,0.0350,0,collision
545,338,-271.12,3.30,285.66,0.0000,0.0897,0,collision
546,317,-256.32,3.52,322.55,0.0000,0.0768,0,collision
547,330,-263.89,3.39,360.20,0.0000,0.0694,0,collision
548,164,-214.87,3.43,169.23,0.0020,0.0835,0,collision
549,378,-306.48,3.29,347.98,0.0048,0.0572,0,collision
621,292,-243.42,3.83,310.65,0.0000,0.0405,0,collision
622,567,-369.16,3.63,537.83,0.0016,0.1209,0,collision
623,659,-43.85,3.42,641.59,0.0000,0.1377,1,goal
624,417,-312.67,3.48,406.07,0.0031,0.0949,0,collision
625,285,-235.60,3.91,213.34,0.0000,0.0420,0,collision
626,287,-241.64,3.88,270.55,0.0000,0.0353,0,collision
627,271,-236.86,4.12,272.02,0.0000,0.0477,0,collision
628,280,-240.44,3.98,368.77,0.0000,0.0733,0,collision
629,311,-244.58,3.59,332.37,0.0000,0.0921,0,collision
630,277,-229.36,4.03,320.02,0.0000,0.0406,0,collision
550,652,-413.69,3.57,723.56,0.0008,0.0718,0,collision
551,286,-229.44,3.90,323.58,0.0000,0.0338,0,collision
552,271,-225.76,4.12,349.98,0.0000,0.0441,0,collision
553,282,-239.52,3.96,381.70,0.0000,0.0450,0,collision
554,156,-219.46,3.70,161.51,0.0080,0.1882,0,collision
555,301,-252.00,3.82,299.87,0.0009,0.0291,0,collision
556,294,-248.38,3.80,251.40,0.0000,0.1040,0,collision
631,312,-247.50,3.58,336.45,0.0000,0.0286,0,collision
632,317,-257.77,3.52,321.25,0.0000,0.0777,0,collision
633,350,-282.97,3.52,334.45,0.0051,0.1074,0,collision
634,297,-241.37,3.76,308.92,0.0000,0.0345,0,collision
635,307,-253.48,3.62,273.24,0.0000,0.0292,0,collision
636,279,-235.79,3.99,389.81,0.0000,0.0430,0,collision
637,321,-271.43,3.57,327.24,0.0013,0.0637,0,collision
638,302,-258.39,3.70,382.24,0.0000,0.0749,0,collision
639,297,-250.35,3.75,372.95,0.0000,0.0381,0,collision
640,125,-188.09,4.69,116.05,0.0078,0.0321,0,collision
557,434,-284.70,4.05,458.20,0.0000,0.0449,0,collision
558,297,-243.60,3.76,435.30,0.0000,0.0300,0,collision
559,300,-251.89,3.72,365.73,0.0000,0.0302,0,collision
560,318,-253.28,3.51,316.65,0.0000,0.0513,0,collision
561,323,-259.81,3.46,296.02,0.0000,0.0787,0,collision
562,309,-257.54,3.91,323.18,0.0040,0.0900,0,collision
641,259,-224.35,4.31,320.58,0.0000,0.0023,0,collision
642,258,-224.68,4.32,313.04,0.0000,0.0463,0,collision
643,278,-232.10,4.02,291.52,0.0000,0.0373,0,collision
644,270,-233.93,4.14,269.98,0.0000,0.0417,0,collision
645,564,-344.83,3.83,497.48,0.0019,0.1307,0,collision
646,268,-222.81,4.16,245.78,0.0000,0.0401,0,collision
647,273,-236.97,4.09,336.48,0.0000,0.0403,0,collision
648,265,-222.62,4.21,332.89,0.0000,0.0439,0,collision
649,250,-222.35,4.47,289.44,0.0000,0.0396,0,collision
650,264,-224.42,4.22,276.04,0.0000,0.0415,0,collision
563,521,-319.63,3.91,560.84,0.0000,0.0453,0,collision
564,130,-180.51,4.50,162.87,0.0049,0.0275,0,collision
565,570,7.49,3.96,652.05,0.0000,0.0994,1,goal
566,272,-232.58,4.10,354.17,0.0000,0.0436,0,collision
567,291,-239.22,3.84,323.43,0.0000,0.0406,0,collision
568,270,-235.89,4.12,360.99,0.0000,0.0682,0,collision
651,265,-232.50,4.20,235.90,0.0000,0.0424,0,collision
652,275,-230.60,4.05,343.30,0.0000,0.0520,0,collision
653,286,-241.64,3.91,365.55,0.0000,0.0717,0,collision
654,288,-238.36,3.88,355.42,0.0000,0.0394,0,collision
655,290,-235.27,3.85,296.03,0.0000,0.0356,0,collision
656,298,-246.83,3.74,235.76,0.0000,0.0755,0,collision
657,305,-234.81,3.65,279.24,0.0000,0.0893,0,collision
658,655,-51.11,3.44,629.88,0.0000,0.1224,1,goal
659,310,-239.52,3.60,273.41,0.0000,0.0220,0,collision
660,257,-219.78,4.34,203.10,0.0000,0.0000,0,collision
569,483,-281.81,4.28,549.97,0.0000,0.0495,0,collision
570,275,-231.78,4.05,307.42,0.0000,0.0386,0,collision
571,267,-220.43,4.18,313.82,0.0000,0.0443,0,collision
572,295,-266.75,3.93,356.76,0.0035,0.0578,0,collision
573,293,-241.50,3.80,394.52,0.0000,0.0474,0,collision
574,301,-240.75,3.71,271.05,0.0000,0.0358,0,collision
575,288,-233.06,3.88,343.67,0.0000,0.0269,0,collision
661,245,-215.89,4.56,317.50,0.0000,0.0038,0,collision
662,257,-221.58,4.35,348.98,0.0000,0.0421,0,collision
663,284,-230.21,3.93,371.72,0.0000,0.0389,0,collision
664,279,-241.23,4.00,288.15,0.0000,0.0388,0,collision
665,564,-1.90,4.00,607.11,0.0000,0.1253,1,goal
666,650,-65.56,3.47,604.69,0.0000,0.1459,1,goal
667,265,-234.80,4.21,263.08,0.0000,0.0687,0,collision
668,263,-228.83,4.24,299.82,0.0000,0.0408,0,collision
669,262,-223.75,4.26,341.46,0.0000,0.0389,0,collision
670,266,-226.86,4.19,372.98,0.0000,0.0442,0,collision
576,312,-236.23,4.48,407.35,0.0000,0.0351,0,collision
577,271,-227.33,4.12,233.29,0.0000,0.0448,0,collision
578,258,-220.86,4.33,351.39,0.0000,0.0025,0,collision
579,254,-219.37,4.40,338.78,0.0000,0.0040,0,collision
580,269,-225.60,4.15,308.04,0.0000,0.0409,0,collision
581,263,-226.11,4.23,302.69,0.0000,0.0447,0,collision
582,268,-224.60,4.16,342.84,0.0000,0.0411,0,collision
671,270,-226.15,4.14,334.49,0.0000,0.0395,0,collision
672,274,-222.73,4.08,333.64,0.0000,0.0399,0,collision
673,288,-236.59,3.88,314.16,0.0000,0.0426,0,collision
674,271,-234.36,4.11,333.54,0.0000,0.0413,0,collision
675,261,-221.96,4.27,290.96,0.0000,0.0410,0,collision
676,269,-223.28,4.15,358.64,0.0000,0.0399,0,collision
677,280,-231.56,3.98,388.21,0.0000,0.0399,0,collision
678,274,-230.88,4.07,338.98,0.0000,0.0409,0,collision
679,276,-230.45,4.04,307.79,0.0000,0.0415,0,collision
680,254,-220.71,4.39,263.65,0.0000,0.0460,0,collision
583,469,-272.94,4.66,524.96,0.0000,0.0461,0,collision
584,277,-229.14,4.03,291.47,0.0000,0.0414,0,collision
585,685,-60.92,3.30,652.04,0.0000,0.1111,1,goal
586,271,-221.85,4.12,279.38,0.0000,0.0431,0,collision
587,259,-216.65,4.31,333.44,0.0000,0.0000,0,collision
588,263,-228.38,4.24,290.67,0.0000,0.0367,0,collision
681,313,-247.96,3.56,313.59,0.0000,0.0346,0,collision
682,292,-239.73,3.83,339.51,0.0000,0.0400,0,collision
683,284,-233.35,3.93,406.27,0.0000,0.0393,0,collision
684,297,-239.61,3.76,361.20,0.0000,0.0377,0,collision
685,293,-230.38,3.80,339.24,0.0000,0.0391,0,collision
686,294,-240.82,3.80,328.57,0.0000,0.0389,0,collision
687,275,-224.61,4.06,327.89,0.0000,0.0397,0,collision
688,278,-230.22,4.01,264.85,0.0000,0.0402,0,collision
689,300,-235.84,3.72,325.58,0.0000,0.0392,0,collision
690,293,-228.38,3.81,311.37,0.0000,0.0377,0,collision
589,334,-249.90,3.73,363.81,0.0000,0.0376,0,collision
590,291,-242.82,3.84,285.86,0.0000,0.0407,0,collision
591,283,-231.55,3.95,357.67,0.0000,0.0400,0,collision
592,304,-245.36,3.68,331.17,0.0000,0.0416,0,collision
593,293,-233.11,3.81,330.12,0.0000,0.0359,0,collision
594,281,-232.04,3.98,257.40,0.0000,0.0381,0,collision
595,269,-230.56,4.15,349.33,0.0000,0.0404,0,collision
691,289,-230.44,3.86,296.14,0.0000,0.0002,0,collision
692,305,-245.96,3.66,319.09,0.0000,0.0349,0,collision
693,297,-236.00,3.76,264.72,0.0000,0.0321,0,collision
694,319,-245.79,3.50,353.51,0.0000,0.0754,0,collision
695,316,-242.26,3.54,135.90,0.0000,0.0265,0,collision
696,299,-239.05,3.73,288.61,0.0000,0.0270,0,collision
697,678,-40.75,3.33,604.68,0.0000,0.1076,1,goal
698,324,-252.59,3.45,292.62,0.0000,0.0288,0,collision
699,316,-247.22,3.53,305.76,0.0000,0.0483,0,collision
700,313,-238.75,3.57,255.95,0.0000,0.0731,0,collision
596,336,-246.05,3.54,338.88,0.0000,0.0268,0,collision
597,311,-248.60,3.59,279.73,0.0000,0.0314,0,collision
598,272,-223.81,4.10,300.78,0.0000,0.0399,0,collision
599,314,-248.29,3.55,214.44,0.0000,0.0330,0,collision
600,293,-243.37,3.81,258.82,0.0000,0.0414,0,collision
601,294,-239.12,3.79,259.74,0.0000,0.0364,0,collision
701,324,-239.09,3.45,307.59,0.0000,0.0309,0,collision
702,372,-275.58,3.00,349.64,0.0000,0.0162,0,collision
703,346,-253.44,3.23,311.05,0.0000,0.0268,0,collision
704,364,-269.58,3.07,335.84,0.0000,0.0214,0,collision
705,351,-257.81,3.18,401.20,0.0000,0.0203,0,collision
706,372,-265.03,3.00,291.35,0.0000,0.0744,0,collision
707,342,-250.57,3.26,290.53,0.0000,0.0192,0,collision
708,388,-273.52,2.87,317.07,0.0000,0.0152,0,collision
709,354,-263.59,3.15,283.00,0.0000,0.0690,0,collision
710,345,-254.13,3.24,290.54,0.0000,0.0215,0,collision
602,600,-340.53,3.61,578.33,0.0000,0.0309,0,collision
603,355,-256.92,3.14,305.24,0.0000,0.0231,0,collision
604,384,-287.99,2.91,344.63,0.0000,0.0718,0,collision
605,363,-284.76,3.08,273.98,0.0000,0.0203,0,collision
606,387,-282.64,2.88,306.74,0.0000,0.0632,0,collision
711,151,-188.60,3.91,147.44,0.0128,0.0486,0,collision
712,377,-275.88,2.96,278.18,0.0000,0.0241,0,collision
713,387,-273.39,2.89,264.93,0.0000,0.0198,0,collision
714,365,-268.63,3.06,293.61,0.0000,0.0241,0,collision
715,385,-280.56,2.90,335.11,0.0000,0.0225,0,collision
716,388,-275.26,2.88,288.56,0.0000,0.0662,0,collision
717,387,-284.09,2.88,374.10,0.0000,0.0593,0,collision
718,441,-337.99,2.61,356.06,0.0007,0.0161,0,collision
719,395,-282.61,2.83,308.85,0.0000,0.0505,0,collision
720,634,-435.37,2.29,395.61,0.0020,0.0163,0,collision
607,611,-351.23,3.10,560.90,0.0000,0.0547,0,collision
608,397,-274.53,2.81,306.91,0.0000,0.0182,0,collision
609,378,-275.42,2.95,310.66,0.0000,0.0180,0,collision
610,374,-268.27,2.99,354.40,0.0000,0.0208,0,collision
611,341,-250.34,3.27,275.27,0.0039,0.0237,0,collision
721,1000,-448.93,2.21,578.12,0.0000,0.0943,0,timeout
722,454,-316.07,2.46,305.91,0.0000,0.0382,0,collision
723,393,-278.54,2.84,333.84,0.0000,0.0501,0,collision
724,422,-304.79,2.65,348.64,0.0000,0.0625,0,collision
725,410,-291.06,2.73,305.33,0.0000,0.0154,0,collision
726,391,-284.62,2.86,246.87,0.0000,0.0202,0,collision
727,417,-307.89,2.68,293.35,0.0000,0.0175,0,collision
728,409,-298.75,2.73,273.33,0.0000,0.0194,0,collision
729,381,-278.56,2.93,332.04,0.0000,0.0641,0,collision
730,405,-282.34,2.75,259.43,0.0000,0.0200,0,collision
612,307,-227.91,4.22,305.24,0.0041,0.0415,0,collision
613,156,-188.81,3.90,196.43,0.0095,0.0416,0,collision
614,394,-284.57,2.83,273.68,0.0000,0.0518,0,collision
615,371,-262.70,3.01,280.78,0.0000,0.0226,0,collision
616,406,-290.04,2.75,289.06,0.0000,0.0183,0,collision
617,373,-268.70,2.99,339.00,0.0000,0.0230,0,collision
731,348,-247.94,3.21,342.37,0.0000,0.0245,0,collision
732,374,-273.49,2.98,395.83,0.0000,0.0736,0,collision
733,355,-268.76,3.15,315.63,0.0000,0.0317,0,collision
734,124,-180.86,4.66,159.52,0.0025,0.0404,0,collision
735,350,-253.17,3.18,304.96,0.0000,0.0803,0,collision
736,356,-259.58,3.14,330.52,0.0000,0.0218,0,collision
737,367,-263.02,3.04,318.03,0.0000,0.0301,0,collision
738,771,-54.81,2.93,632.41,0.0000,0.0683,1,goal
739,372,-273.56,3.00,315.61,0.0000,0.0267,0,collision
740,363,-266.39,3.08,209.24,0.0000,0.0161,0,collision
618,580,-319.19,3.24,445.29,0.0000,0.0334,0,collision
619,356,-252.18,3.14,272.53,0.0000,0.0264,0,collision
620,337,-260.24,3.31,328.30,0.0000,0.0352,0,collision
621,374,-275.76,2.99,331.00,0.0000,0.0227,0,collision
622,390,-267.41,2.86,296.03,0.0000,0.0662,0,collision
741,435,-313.68,2.57,270.09,0.0000,0.0175,0,collision
742,436,-316.14,2.56,283.19,0.0000,0.0174,0,collision
743,415,-294.00,2.69,316.25,0.0000,0.0514,0,collision
744,440,-313.82,2.61,335.43,0.0013,0.0413,0,collision
745,395,-268.11,2.83,299.89,0.0000,0.0182,0,collision
746,420,-293.19,2.66,388.77,0.0000,0.0589,0,collision
747,428,-310.38,2.61,281.70,0.0000,0.0160,0,collision
748,430,-302.97,2.60,341.45,0.0000,0.0197,0,collision
749,416,-285.74,2.68,297.13,0.0000,0.0640,0,collision
750,371,-258.14,3.01,297.31,0.0000,0.0251,0,collision
623,679,-397.39,2.89,594.00,0.0000,0.0396,0,collision
624,439,-318.92,2.54,353.27,0.0000,0.0835,0,collision
625,419,-279.03,2.67,300.51,0.0000,0.0510,0,collision
626,446,-321.32,2.50,300.58,0.0000,0.0567,0,collision
751,469,-317.73,2.38,336.13,0.0000,0.0142,0,collision
752,487,-349.55,2.29,340.82,0.0000,0.0133,0,collision
753,433,-297.78,2.58,283.65,0.0000,0.0518,0,collision
754,446,-305.98,2.51,306.46,0.0000,0.0472,0,collision
755,474,-346.93,2.36,332.13,0.0000,0.0164,0,collision
756,484,-345.68,2.31,321.91,0.0000,0.0136,0,collision
757,503,-343.43,2.22,264.20,0.0000,0.0449,0,collision
758,440,-297.54,2.54,311.92,0.0000,0.0158,0,collision
759,451,-313.95,2.48,340.74,0.0000,0.0518,0,collision
760,503,-359.61,2.22,283.80,0.0000,0.0499,0,collision
627,749,-396.73,2.78,576.51,0.0000,0.0489,0,collision
628,478,-325.15,2.34,308.39,0.0000,0.0373,0,collision
629,466,-322.34,2.40,298.97,0.0000,0.0276,0,collision
630,450,-319.69,2.48,292.79,0.0000,0.0147,0,collision
761,437,-298.67,2.56,303.34,0.0000,0.0612,0,collision
762,410,-293.83,2.72,336.69,0.0000,0.0663,0,collision
763,438,-295.06,2.55,278.40,0.0000,0.0199,0,collision
764,401,-276.80,2.78,284.64,0.0000,0.0264,0,collision
765,410,-284.27,2.73,288.21,0.0000,0.0246,0,collision
766,432,-293.68,2.59,292.10,0.0000,0.0205,0,collision
767,397,-270.07,2.81,302.79,0.0000,0.0190,0,collision
768,411,-283.37,2.72,296.67,0.0000,0.0187,0,collision
769,436,-287.41,2.56,311.14,0.0000,0.0568,0,collision
770,388,-262.48,2.88,289.91,0.0000,0.0266,0,collision
631,611,-335.55,2.92,489.68,0.0000,0.0231,0,collision
632,399,-275.17,2.80,265.23,0.0000,0.0220,0,collision
633,404,-268.96,2.77,298.40,0.0000,0.0199,0,collision
634,426,-292.84,2.62,290.73,0.0000,0.0141,0,collision
771,482,-319.92,2.32,295.91,0.0000,0.0145,0,collision
772,444,-301.96,2.52,311.82,0.0000,0.0515,0,collision
773,432,-281.47,2.59,295.06,0.0000,0.0160,0,collision
774,431,-287.56,2.59,296.81,0.0000,0.0149,0,collision
775,425,-281.85,2.63,302.61,0.0000,0.0183,0,collision
776,422,-279.27,2.65,322.24,0.0000,0.0519,0,collision
777,438,-296.19,2.55,296.08,0.0000,0.0173,0,collision
778,457,-305.75,2.44,306.25,0.0000,0.0192,0,collision
779,426,-284.87,2.62,251.88,0.0000,0.0151,0,collision
780,445,-290.02,2.51,300.21,0.0000,0.0469,0,collision
635,816,-409.71,2.71,525.68,0.0000,0.0553,0,collision
636,412,-273.49,2.71,250.06,0.0000,0.0221,0,collision
637,441,-292.94,2.53,318.64,0.0000,0.0164,0,collision
638,413,-276.30,2.70,291.45,0.0000,0.0180,0,collision
781,494,-328.10,2.26,265.09,0.0000,0.0399,0,collision
782,481,-312.27,2.32,315.65,0.0000,0.0324,0,collision
783,515,-336.01,2.17,269.37,0.0000,0.0323,0,collision
784,1000,-447.10,1.73,417.39,0.0000,0.0673,0,timeout
785,495,-339.17,2.25,311.12,0.0000,0.0126,0,collision
786,523,-342.00,2.14,297.62,0.0000,0.0442,0,collision
787,505,-344.76,2.21,280.91,0.0000,0.0405,0,collision
788,511,-353.37,2.19,303.05,0.0000,0.0351,0,collision
789,478,-310.60,2.34,295.47,0.0000,0.0446,0,collision
790,494,-322.42,2.26,303.66,0.0000,0.0348,0,collision
639,865,-434.86,2.53,559.83,0.0000,0.0313,0,collision
640,506,-324.72,2.21,251.36,0.0000,0.0309,0,collision
641,525,-367.95,2.12,293.47,0.0000,0.0342,0,collision
642,494,-327.15,2.26,280.60,0.0000,0.0359,0,collision
791,496,-324.83,2.25,304.88,0.0000,0.0391,0,collision
792,465,-289.00,2.40,303.82,0.0000,0.0401,0,collision
793,461,-293.29,2.42,239.35,0.0000,0.0718,0,collision
794,454,-294.55,2.46,277.41,0.0000,0.0164,0,collision
795,442,-275.84,2.53,280.08,0.0000,0.0481,0,collision
796,461,-300.87,2.42,289.75,0.0000,0.0465,0,collision
797,471,-291.33,2.37,295.18,0.0000,0.0319,0,collision
798,452,-283.64,2.47,291.52,0.0000,0.0444,0,collision
799,429,-265.89,2.60,280.03,0.0000,0.0388,0,collision
800,449,-277.02,2.49,282.83,0.0000,0.0479,0,collision
643,461,-289.94,2.51,304.52,0.0000,0.0294,0,collision
644,449,-288.21,2.49,255.45,0.0000,0.0342,0,collision
645,442,-269.74,2.53,311.16,0.0000,0.0542,0,collision
646,478,-301.78,2.34,255.20,0.0000,0.0332,0,collision
801,425,-266.78,2.63,250.40,0.0000,0.0145,0,collision
802,410,-256.91,2.72,300.42,0.0000,0.0576,0,collision
803,432,-264.71,2.59,290.29,0.0000,0.0169,0,collision
804,433,-268.41,2.58,262.25,0.0000,0.0472,0,collision
805,426,-267.23,2.62,332.16,0.0000,0.0262,0,collision
806,424,-264.00,2.63,270.02,0.0000,0.0327,0,collision
807,436,-278.05,2.56,248.91,0.0000,0.0408,0,collision
808,407,-257.61,2.75,284.30,0.0000,0.0149,0,collision
809,430,-265.94,2.60,255.64,0.0000,0.0469,0,collision
810,437,-277.92,2.55,265.72,0.0000,0.0550,0,collision
647,654,-314.03,3.00,487.37,0.0000,0.0424,0,collision
648,414,-250.90,2.70,321.24,0.0000,0.0500,0,collision
649,417,-256.04,2.68,253.11,0.0000,0.0598,0,collision
650,432,-267.71,2.59,266.52,0.0000,0.0505,0,collision
811,432,-267.00,2.58,264.47,0.0000,0.0500,0,collision
812,429,-254.70,2.60,245.54,0.0000,0.0144,0,collision
813,415,-254.75,2.69,249.77,0.0000,0.0172,0,collision
814,422,-255.74,2.65,266.61,0.0000,0.0519,0,collision
815,430,-264.56,2.60,296.78,0.0000,0.0158,0,collision
816,419,-266.20,2.66,287.68,0.0000,0.0183,0,collision
817,444,-280.81,2.52,255.75,0.0000,0.0181,0,collision
818,406,-252.17,2.75,257.03,0.0000,0.0155,0,collision
819,426,-265.20,2.62,274.47,0.0000,0.0150,0,collision
820,425,-260.97,2.63,278.62,0.0000,0.0510,0,collision
651,798,-368.24,2.72,497.96,0.0000,0.0378,0,collision
652,447,-272.86,2.50,307.82,0.0000,0.0499,0,collision
653,438,-267.23,2.55,257.30,0.0000,0.0151,0,collision
654,424,-266.11,2.63,272.57,0.0000,0.0191,0,collision
821,419,-259.72,2.66,220.51,0.0000,0.0585,0,collision
822,405,-244.35,2.76,263.63,0.0000,0.0614,0,collision
823,443,-267.90,2.52,244.49,0.0000,0.0166,0,collision
824,411,-255.37,2.72,286.71,0.0000,0.0500,0,collision
825,395,-240.09,2.83,254.36,0.0000,0.0182,0,collision
826,402,-247.87,2.78,249.44,0.0000,0.0200,0,collision
827,405,-248.94,2.76,278.75,0.0000,0.0196,0,collision
828,412,-247.47,2.71,232.45,0.0000,0.0180,0,collision
829,405,-241.58,2.76,207.72,0.0000,0.0600,0,collision
830,424,-269.48,2.63,285.35,0.0000,0.0170,0,collision
655,719,-329.91,2.91,432.51,0.0000,0.0178,0,collision
656,420,-264.27,2.66,260.11,0.0000,0.0174,0,collision
657,403,-244.57,2.77,274.76,0.0000,0.0167,0,collision
658,403,-248.87,2.77,259.41,0.0000,0.0175,0,collision
831,424,-255.37,2.64,268.05,0.0000,0.0488,0,collision
832,448,-282.05,2.49,293.92,0.0000,0.0149,0,collision
833,425,-259.15,2.63,271.26,0.0000,0.0256,0,collision
834,466,-279.26,2.40,250.27,0.0000,0.0162,0,collision
835,437,-265.47,2.56,286.93,0.0000,0.0273,0,collision
836,457,-273.20,2.45,245.81,0.0000,0.0141,0,collision
837,425,-258.41,2.63,262.09,0.0000,0.0187,0,collision
838,464,-283.25,2.41,232.11,0.0000,0.0515,0,collision
839,431,-259.71,2.59,227.17,0.0000,0.0159,0,collision
840,423,-248.77,2.64,246.51,0.0000,0.0566,0,collision
659,852,-391.88,2.62,457.50,0.0000,0.0372,0,collision
660,431,-261.77,2.59,268.56,0.0000,0.0604,0,collision
661,433,-257.68,2.58,270.29,0.0000,0.0146,0,collision
662,436,-266.26,2.56,261.15,0.0000,0.0172,0,collision
841,385,-236.99,2.90,232.33,0.0000,0.0191,0,collision
842,398,-248.91,2.81,221.22,0.0000,0.0186,0,collision
843,397,-242.40,2.81,225.91,0.0000,0.0200,0,collision
844,384,-236.57,2.91,253.98,0.0000,0.0187,0,collision
845,397,-236.75,2.81,247.21,0.0000,0.0202,0,collision
846,404,-242.01,2.77,236.38,0.0000,0.0181,0,collision
847,392,-242.43,2.85,250.91,0.0000,0.0196,0,collision
848,390,-239.59,2.87,246.55,0.0000,0.0171,0,collision
849,397,-240.49,2.81,238.70,0.0000,0.0184,0,collision
850,396,-238.12,2.82,242.39,0.0000,0.0183,0,collision
663,690,-302.43,3.03,493.03,0.0000,0.0212,0,collision
664,385,-235.36,2.90,237.95,0.0000,0.0180,0,collision
665,398,-248.51,2.81,263.56,0.0000,0.0197,0,collision
666,390,-240.67,2.86,265.88,0.0000,0.0208,0,collision
667,393,-245.02,2.84,251.06,0.0000,0.0195,0,collision
851,446,-272.87,2.50,234.32,0.0000,0.0148,0,collision
852,428,-257.73,2.61,236.69,0.0000,0.0195,0,collision
853,415,-243.02,2.69,233.81,0.0000,0.0177,0,collision
854,420,-262.63,2.66,240.07,0.0000,0.0164,0,collision
855,420,-251.59,2.66,231.95,0.0000,0.0170,0,collision
856,420,-264.74,2.66,234.54,0.0000,0.0158,0,collision
857,401,-235.75,2.79,233.40,0.0000,0.0193,0,collision
858,405,-243.92,2.76,241.41,0.0000,0.0176,0,collision
859,400,-241.13,2.79,217.71,0.0000,0.0197,0,collision
860,418,-250.04,2.67,224.96,0.0000,0.0157,0,collision
668,524,-275.00,2.99,350.16,0.0000,0.0158,0,collision
669,409,-246.93,2.73,229.42,0.0000,0.0190,0,collision
670,419,-247.11,2.67,242.12,0.0000,0.0165,0,collision
671,434,-263.70,2.57,237.20,0.0000,0.0175,0,collision
861,446,-268.00,2.50,245.87,0.0000,0.0165,0,collision
862,435,-262.97,2.57,234.37,0.0000,0.0162,0,collision
863,472,-286.50,2.37,251.76,0.0000,0.0150,0,collision
864,463,-279.34,2.41,203.90,0.0000,0.0174,0,collision
865,433,-253.16,2.58,232.30,0.0000,0.0151,0,collision
866,431,-250.54,2.59,241.78,0.0000,0.0155,0,collision
867,453,-272.49,2.47,214.45,0.0000,0.0150,0,collision
868,433,-261.55,2.58,242.02,0.0000,0.0161,0,collision
869,445,-269.98,2.51,216.39,0.0000,0.0169,0,collision
870,455,-268.24,2.46,217.27,0.0000,0.0157,0,collision
672,787,-327.74,2.80,474.61,0.0000,0.0186,0,collision
673,438,-254.47,2.55,234.20,0.0000,0.0150,0,collision
674,438,-255.28,2.55,225.55,0.0000,0.0155,0,collision
675,436,-257.24,2.56,223.57,0.0000,0.0162,0,collision
871,497,-289.85,2.25,223.81,0.0000,0.0169,0,collision
872,491,-298.46,2.28,207.96,0.0000,0.0152,0,collision
873,494,-298.68,2.26,231.47,0.0000,0.0140,0,collision
874,498,-292.03,2.24,235.63,0.0000,0.0127,0,collision
875,462,-275.70,2.42,230.08,0.0000,0.0568,0,collision
876,468,-269.11,2.38,220.19,0.0000,0.0168,0,collision
877,466,-277.12,2.40,241.09,0.0000,0.0138,0,collision
878,482,-281.19,2.32,221.89,0.0000,0.0157,0,collision
879,488,-297.46,2.29,216.02,0.0000,0.0150,0,collision
880,498,-294.33,2.24,238.95,0.0000,0.0178,0,collision
676,781,-323.87,2.74,407.98,0.0000,0.0450,0,collision
677,498,-304.50,2.24,219.75,0.0000,0.0130,0,collision
678,539,-342.67,2.07,221.88,0.0000,0.0124,0,collision
679,500,-310.31,2.23,220.29,0.0000,0.0162,0,collision
881,582,-366.54,1.92,204.70,0.0000,0.0108,0,collision
882,617,-392.95,1.81,242.27,0.0000,0.0299,0,collision
883,617,-395.83,1.81,203.48,0.0000,0.0253,0,collision
884,552,-327.02,2.02,225.91,0.0000,0.0281,0,collision
885,603,-373.06,1.85,237.97,0.0000,0.0305,0,collision
886,555,-338.37,2.01,230.91,0.0000,0.0422,0,collision
887,581,-350.40,1.92,218.48,0.0000,0.0346,0,collision
888,594,-367.19,1.88,229.14,0.0000,0.0292,0,collision
889,582,-365.20,1.92,216.03,0.0000,0.0317,0,collision
890,568,-340.74,1.97,233.32,0.0000,0.0297,0,collision
680,605,-353.33,2.10,269.60,0.0000,0.0108,0,collision
681,614,-381.72,1.82,221.73,0.0000,0.0250,0,collision
682,599,-371.65,1.87,248.40,0.0000,0.0314,0,collision
891,698,-456.80,1.60,222.49,0.0000,0.0210,0,collision
892,660,-429.49,1.69,219.15,0.0000,0.0206,0,collision
893,652,-404.01,1.71,221.36,0.0000,0.0209,0,collision
894,628,-399.38,1.78,217.61,0.0000,0.0295,0,collision
895,624,-388.04,1.79,234.43,0.0000,0.0297,0,collision
896,635,-395.73,1.76,230.31,0.0000,0.0171,0,collision
897,624,-385.99,1.79,205.43,0.0000,0.0182,0,collision
898,671,-438.65,1.67,197.07,0.0000,0.0226,0,collision
899,650,-420.15,1.72,212.35,0.0000,0.0244,0,collision
900,647,-416.45,1.73,230.68,0.0000,0.0282,0,collision
683,908,-453.43,2.19,369.11,0.0000,0.0431,0,collision
684,669,-438.01,1.67,227.04,0.0000,0.0216,0,collision
685,646,-406.32,1.73,222.81,0.0000,0.0310,0,collision
901,704,-451.39,1.59,216.94,0.0000,0.0184,0,collision
902,697,-445.15,1.60,210.64,0.0000,0.0164,0,collision
903,709,-477.47,1.58,237.43,0.0000,0.0124,0,collision
904,690,-443.44,1.62,212.76,0.0000,0.0174,0,collision
905,698,-438.94,1.60,223.89,0.0000,0.0224,0,collision
906,666,-404.60,1.68,202.39,0.0000,0.0228,0,collision
907,703,-462.33,1.59,242.51,0.0000,0.0184,0,collision
908,697,-451.78,1.60,221.98,0.0000,0.0253,0,collision
909,693,-441.03,1.61,225.79,0.0000,0.0212,0,collision
910,689,-445.77,1.62,196.26,0.0000,0.0150,0,collision
686,732,-405.35,2.05,263.75,0.0000,0.0185,0,collision
687,693,-433.04,1.61,218.40,0.0000,0.0168,0,collision
688,703,-444.60,1.59,208.53,0.0000,0.0200,0,collision
911,705,-427.62,1.58,196.82,0.0000,0.0159,0,collision
912,791,-528.42,1.41,213.01,0.0000,0.0136,0,collision
913,734,-465.83,1.52,208.16,0.0000,0.0119,0,collision
914,702,-442.64,1.59,238.96,0.0000,0.0125,0,collision
915,706,-432.59,1.58,207.66,0.0000,0.0169,0,collision
916,757,-479.34,1.48,209.80,0.0000,0.0156,0,collision
917,722,-468.99,1.55,195.97,0.0000,0.0188,0,collision
918,719,-440.79,1.55,208.66,0.0000,0.0135,0,collision
919,720,-464.51,1.55,207.97,0.0000,0.0180,0,collision
920,746,-480.36,1.50,225.56,0.0000,0.0151,0,collision
689,771,-491.33,1.49,205.67,0.0000,0.0126,0,collision
690,720,-449.46,1.55,206.68,0.0000,0.0157,0,collision
921,982,-725.91,1.14,237.92,0.0000,0.0080,0,collision
922,1000,-633.08,1.12,236.93,0.0000,0.0095,0,timeout
923,1000,-621.13,1.11,220.91,0.0000,0.0132,0,timeout
924,1000,-593.51,1.12,218.74,0.0000,0.0094,0,timeout
925,955,-676.38,1.16,237.26,0.0000,0.0094,0,collision
926,1000,-612.71,1.12,232.88,0.0000,0.0096,0,timeout
927,1000,-607.96,1.12,234.64,0.0000,0.0082,0,timeout
928,1000,-608.24,1.12,232.66,0.0000,0.0092,0,timeout
929,992,-754.72,1.13,248.99,0.0000,0.0098,0,collision
930,987,-728.60,1.13,217.08,0.0000,0.0086,0,collision
691,1000,-294.33,2.02,349.12,0.0000,0.0210,0,timeout
692,1000,-606.78,1.11,229.89,0.0000,0.0089,0,timeout
931,846,-555.68,1.32,188.12,0.0000,0.0105,0,collision
932,807,-521.14,1.38,201.43,0.0000,0.0110,0,collision
933,810,-523.68,1.38,206.79,0.0000,0.0099,0,collision
934,851,-560.60,1.31,227.03,0.0000,0.0100,0,collision
935,826,-531.60,1.35,205.13,0.0000,0.0095,0,collision
936,818,-522.72,1.37,197.49,0.0000,0.0109,0,collision
937,823,-538.99,1.36,198.49,0.0000,0.0097,0,collision
938,812,-540.37,1.38,204.30,0.0000,0.0113,0,collision
939,809,-526.43,1.38,204.53,0.0000,0.0125,0,collision
940,862,-575.10,1.30,222.79,0.0000,0.0103,0,collision
693,1000,-312.70,1.95,343.07,0.0000,0.0159,0,timeout
694,834,-555.26,1.34,224.05,0.0000,0.0093,0,collision
695,824,-544.92,1.36,186.02,0.0000,0.0104,0,collision
941,799,-509.35,1.40,195.88,0.0000,0.0111,0,collision
942,880,-616.80,1.27,215.40,0.0000,0.0096,0,collision
943,866,-579.05,1.29,216.12,0.0000,0.0104,0,collision
944,803,-518.50,1.39,187.97,0.0000,0.0138,0,collision
945,835,-552.85,1.34,200.10,0.0000,0.0090,0,collision
946,851,-583.23,1.31,215.35,0.0000,0.0090,0,collision
947,894,-609.11,1.25,211.74,0.0000,0.0094,0,collision
948,865,-600.64,1.29,212.77,0.0000,0.0083,0,collision
949,834,-561.27,1.34,208.62,0.0000,0.0105,0,collision
950,841,-554.89,1.33,221.88,0.0000,0.0095,0,collision
696,853,-566.35,1.33,224.39,0.0000,0.0086,0,collision
697,933,-685.51,1.20,206.60,0.0000,0.0096,0,collision
951,718,-422.04,1.56,180.95,0.0000,0.0139,0,collision
952,731,-444.33,1.53,191.11,0.0000,0.0132,0,collision
953,710,-418.11,1.57,198.12,0.0000,0.0106,0,collision
954,727,-432.14,1.54,196.53,0.0000,0.0111,0,collision
955,682,-397.42,1.64,191.97,0.0000,0.0163,0,collision
956,699,-396.57,1.60,197.31,0.0000,0.0164,0,collision
957,713,-423.24,1.57,183.71,0.0000,0.0117,0,collision
958,715,-433.64,1.56,206.15,0.0000,0.0115,0,collision
959,738,-459.15,1.51,202.35,0.0000,0.0160,0,collision
960,720,-445.09,1.55,177.86,0.0000,0.0116,0,collision
698,992,-467.07,1.90,317.48,0.0000,0.0151,0,collision
699,721,-423.10,1.55,188.20,0.0000,0.0135,0,collision
961,734,-435.02,1.52,199.28,0.0000,0.0098,0,collision
962,702,-400.90,1.59,203.18,0.0000,0.0108,0,collision
963,749,-457.93,1.49,188.39,0.0000,0.0102,0,collision
964,720,-419.63,1.55,187.66,0.0000,0.0130,0,collision
965,698,-409.91,1.60,179.78,0.0000,0.0123,0,collision
966,734,-437.51,1.52,203.62,0.0000,0.0133,0,collision
967,723,-419.03,1.54,187.47,0.0000,0.0130,0,collision
968,783,-490.89,1.43,196.32,0.0000,0.0102,0,collision
969,801,-514.48,1.40,209.85,0.0000,0.0122,0,collision
970,711,-412.55,1.57,165.48,0.0000,0.0130,0,collision
700,1000,-281.64,2.03,324.04,0.0000,0.0193,0,timeout
701,713,-410.15,1.57,180.91,0.0000,0.0113,0,collision
702,739,-433.09,1.51,178.39,0.0000,0.0115,0,collision
971,762,-475.86,1.47,184.06,0.0000,0.0116,0,collision
972,695,-398.80,1.61,168.84,0.0000,0.0153,0,collision
973,692,-390.01,1.61,183.79,0.0000,0.0139,0,collision
974,670,-380.63,1.67,178.36,0.0000,0.0189,0,collision
975,677,-393.84,1.65,173.31,0.0000,0.0170,0,collision
976,699,-413.16,1.60,175.31,0.0000,0.0192,0,collision
977,675,-369.14,1.66,194.34,0.0000,0.0151,0,collision
978,709,-405.66,1.58,190.66,0.0000,0.0106,0,collision
979,684,-391.21,1.63,185.25,0.0000,0.0125,0,collision
980,693,-391.99,1.61,185.30,0.0000,0.0145,0,collision
703,878,-410.70,2.01,258.77,0.0000,0.0183,0,collision
704,693,-407.47,1.61,186.71,0.0000,0.0110,0,collision
981,659,-362.52,1.70,159.39,0.0000,0.0140,0,collision
982,693,-385.56,1.61,179.40,0.0000,0.0200,0,collision
983,690,-397.54,1.62,171.28,0.0000,0.0157,0,collision
984,711,-421.22,1.57,179.81,0.0000,0.0107,0,collision
985,681,-383.99,1.64,171.55,0.0000,0.0134,0,collision
986,704,-399.86,1.59,186.90,0.0000,0.0200,0,collision
987,672,-375.78,1.66,180.87,0.0000,0.0203,0,collision
988,678,-386.46,1.65,160.12,0.0000,0.0183,0,collision
989,646,-347.43,1.73,173.79,0.0000,0.0141,0,collision
990,647,-351.49,1.73,178.65,0.0000,0.0130,0,collision
705,1000,-309.23,1.99,311.00,0.0000,0.0258,0,timeout
706,709,-403.66,1.58,175.43,0.0000,0.0147,0,collision
707,677,-385.68,1.65,168.05,0.0000,0.0165,0,collision
991,740,-430.07,1.51,174.55,0.0000,0.0126,0,collision
992,771,-458.17,1.45,186.12,0.0000,0.0108,0,collision
993,761,-456.09,1.47,187.20,0.0000,0.0140,0,collision
994,743,-414.66,1.50,176.04,0.0000,0.0191,0,collision
995,735,-415.83,1.52,181.73,0.0000,0.0119,0,collision
996,717,-405.87,1.56,171.80,0.0000,0.0112,0,collision
997,774,-455.58,1.44,163.84,0.0000,0.0107,0,collision
998,798,-497.62,1.40,187.58,0.0000,0.0107,0,collision
999,739,-416.89,1.51,167.76,0.0000,0.0154,0,collision
1000,759,-456.83,1.47,185.78,0.0000,0.0147,0,collision
708,1000,-290.55,1.99,266.27,0.0000,0.0236,0,timeout
709,716,-394.12,1.56,178.27,0.0000,0.0117,0,collision
1001,656,-340.39,1.70,162.99,0.0000,0.0117,0,collision
1002,639,-343.50,1.75,174.16,0.0000,0.0175,0,collision
1003,632,-326.81,1.77,169.75,0.0000,0.0164,0,collision
1004,636,-328.63,1.76,163.06,0.0000,0.0136,0,collision
1005,651,-336.36,1.72,153.75,0.0000,0.0143,0,collision
1006,619,-309.62,1.80,158.93,0.0000,0.0139,0,collision
1007,651,-319.89,1.72,155.80,0.0000,0.0130,0,collision
1008,635,-313.76,1.76,157.34,0.0000,0.0145,0,collision
1009,653,-342.04,1.71,157.64,0.0000,0.0133,0,collision
1010,634,-322.50,1.76,170.05,0.0000,0.0144,0,collision
710,1000,-276.37,1.99,275.08,0.0000,0.0215,0,timeout
711,653,-332.27,1.71,166.77,0.0000,0.0137,0,collision
712,653,-342.17,1.71,169.92,0.0000,0.0128,0,collision
1011,635,-303.31,1.76,157.81,0.0000,0.0140,0,collision
1012,650,-323.65,1.72,153.71,0.0000,0.0140,0,collision
1013,655,-321.39,1.71,152.88,0.0000,0.0132,0,collision
1014,638,-320.54,1.75,160.10,0.0000,0.0158,0,collision
1015,648,-327.14,1.72,163.59,0.0000,0.0136,0,collision
1016,660,-331.63,1.69,162.84,0.0000,0.0141,0,collision
1017,659,-329.86,1.70,150.90,0.0000,0.0145,0,collision
1018,656,-323.85,1.70,156.65,0.0000,0.0144,0,collision
1019,649,-320.95,1.72,164.44,0.0000,0.0148,0,collision
1020,663,-337.06,1.69,164.37,0.0000,0.0128,0,collision
713,1000,-216.69,2.09,288.15,0.0000,0.0217,0,timeout
714,648,-324.34,1.72,164.97,0.0000,0.0151,0,collision
715,639,-311.67,1.75,158.61,0.0000,0.0143,0,collision
1021,712,-376.64,1.57,157.21,0.0000,0.0124,0,collision
1022,741,-392.63,1.51,158.45,0.0000,0.0112,0,collision
1023,708,-375.16,1.58,170.91,0.0000,0.0121,0,collision
1024,712,-374.51,1.57,160.49,0.0000,0.0135,0,collision
1025,692,-354.86,1.61,168.23,0.0000,0.0128,0,collision
1026,717,-370.49,1.56,165.38,0.0000,0.0129,0,collision
1027,699,-349.03,1.60,148.53,0.0000,0.0124,0,collision
1028,735,-383.47,1.52,170.95,0.0000,0.0116,0,collision
1029,722,-382.12,1.55,164.54,0.0000,0.0121,0,collision
1030,718,-372.02,1.56,156.05,0.0000,0.0124,0,collision
716,886,-389.56,1.90,223.31,0.0000,0.0205,0,collision
717,689,-354.54,1.62,154.25,0.0000,0.0140,0,collision
1031,735,-363.74,1.52,159.91,0.0000,0.0122,0,collision
1032,727,-362.85,1.54,157.95,0.0000,0.0169,0,collision
1033,763,-381.89,1.46,160.67,0.0000,0.0181,0,collision
1034,718,-352.40,1.56,165.91,0.0000,0.0142,0,collision
1035,712,-341.99,1.57,151.00,0.0000,0.0163,0,collision
1036,703,-329.90,1.59,161.03,0.0000,0.0204,0,collision
1037,743,-361.06,1.50,160.02,0.0000,0.0118,0,collision
1038,734,-363.68,1.52,157.85,0.0000,0.0176,0,collision
1039,700,-337.15,1.60,164.42,0.0000,0.0139,0,collision
1040,750,-372.60,1.49,159.79,0.0000,0.0160,0,collision
718,1000,-242.50,1.94,262.91,0.0000,0.0241,0,timeout
719,716,-340.38,1.56,157.88,0.0000,0.0156,0,collision
720,734,-354.49,1.52,160.56,0.0000,0.0124,0,collision
1041,725,-344.32,1.54,160.61,0.0000,0.0138,0,collision
1042,722,-342.90,1.55,150.83,0.0000,0.0144,0,collision
1043,735,-351.39,1.52,169.50,0.0000,0.0132,0,collision
1044,716,-341.74,1.56,158.92,0.0000,0.0138,0,collision
1045,729,-358.96,1.53,160.92,0.0000,0.0142,0,collision
1046,727,-343.34,1.54,159.09,0.0000,0.0144,0,collision
1047,750,-365.29,1.49,156.60,0.0000,0.0120,0,collision
1048,748,-360.72,1.49,163.13,0.0000,0.0138,0,collision
1049,736,-357.05,1.52,160.14,0.0000,0.0138,0,collision
1050,723,-342.11,1.55,155.36,0.0000,0.0139,0,collision
721,980,-399.44,1.78,236.10,0.0000,0.0276,0,collision
722,719,-342.91,1.55,156.49,0.0000,0.0141,0,collision
1051,572,-268.08,1.95,128.16,0.0000,0.0152,0,collision
1052,577,-272.86,1.94,141.12,0.0000,0.0147,0,collision
1053,578,-268.72,1.93,152.40,0.0000,0.0147,0,collision
1054,560,-256.05,1.99,137.62,0.0000,0.0172,0,collision
1055,563,-258.67,1.99,148.88,0.0000,0.0149,0,collision
1056,552,-261.09,2.02,138.49,0.0000,0.0183,0,collision
1057,584,-271.70,1.91,145.72,0.0000,0.0154,0,collision
1058,584,-272.91,1.91,152.35,0.0000,0.0149,0,collision
1059,575,-261.70,1.94,141.62,0.0000,0.0152,0,collision
1060,586,-269.08,1.91,147.74,0.0000,0.0151,0,collision
723,1000,-201.74,2.05,261.55,0.0000,0.0200,0,timeout
724,562,-258.90,1.99,141.69,0.0000,0.0158,0,collision
725,569,-265.43,1.96,136.51,0.0000,0.0146,0,collision
1061,520,-245.28,2.15,132.15,0.0000,0.0235,0,collision
1062,529,-250.34,2.11,131.91,0.0000,0.0244,0,collision
1063,515,-240.84,2.17,138.55,0.0000,0.0268,0,collision
1064,518,-243.26,2.16,131.98,0.0000,0.0233,0,collision
1065,522,-243.16,2.14,131.18,0.0000,0.0222,0,collision
1066,534,-253.72,2.09,144.36,0.0000,0.0265,0,collision
1067,523,-247.92,2.14,142.60,0.0000,0.0265,0,collision
1068,521,-245.13,2.15,137.23,0.0000,0.0267,0,collision
1069,511,-240.42,2.19,131.02,0.0000,0.0263,0,collision
1070,520,-246.96,2.15,144.39,0.0000,0.0268,0,collision
726,1000,-182.58,2.21,268.17,0.0000,0.0237,0,timeout
727,515,-248.20,2.17,140.54,0.0000,0.0312,0,collision
728,515,-240.66,2.17,133.11,0.0000,0.0296,0,collision
729,526,-254.42,2.12,137.12,0.0000,0.0272,0,collision
1071,515,-241.14,2.17,134.43,0.0000,0.0303,0,collision
1072,517,-250.42,2.16,145.17,0.0000,0.0328,0,collision
1073,501,-237.81,2.23,126.72,0.0000,0.0329,0,collision
1074,502,-238.64,2.23,133.88,0.0000,0.0356,0,collision
1075,508,-242.11,2.20,131.21,0.0000,0.0332,0,collision
1076,512,-243.38,2.18,135.29,0.0000,0.0312,0,collision
1077,517,-244.23,2.16,136.03,0.0000,0.0304,0,collision
1078,522,-248.41,2.14,146.61,0.0000,0.0274,0,collision
1079,511,-242.37,2.19,129.77,0.0000,0.0274,0,collision
1080,503,-241.34,2.22,133.12,0.0000,0.0308,0,collision
730,512,-240.50,2.19,140.00,0.0000,0.0318,0,collision
731,502,-242.50,2.23,135.13,0.0000,0.0276,0,collision
732,525,-250.01,2.13,134.82,0.0000,0.0303,0,collision
733,511,-242.06,2.19,137.12,0.0000,0.0144,0,collision
1081,491,-232.71,2.28,130.35,0.0000,0.0263,0,collision
1082,507,-242.47,2.20,128.53,0.0000,0.0290,0,collision
1083,490,-233.47,2.28,125.29,0.0000,0.0274,0,collision
1084,508,-238.65,2.20,121.53,0.0000,0.0330,0,collision
1085,508,-239.26,2.20,137.24,0.0000,0.0285,0,collision
1086,506,-242.10,2.21,131.60,0.0000,0.0268,0,collision
1087,501,-237.83,2.23,133.66,0.0000,0.0261,0,collision
1088,513,-238.89,2.18,128.14,0.0000,0.0298,0,collision
1089,500,-238.91,2.24,133.66,0.0000,0.0341,0,collision
1090,506,-241.57,2.21,129.94,0.0000,0.0281,0,collision
734,503,-238.54,2.22,123.20,0.0000,0.0348,0,collision
735,501,-239.28,2.23,124.18,0.0000,0.0327,0,collision
736,493,-233.41,2.27,134.16,0.0000,0.0314,0,collision
737,503,-238.56,2.22,129.42,0.0000,0.0364,0,collision
1091,489,-234.63,2.29,128.25,0.0000,0.0263,0,collision
1092,480,-231.95,2.33,131.20,0.0000,0.0373,0,collision
1093,477,-228.21,2.34,124.34,0.0000,0.0376,0,collision
1094,473,-231.57,2.36,131.87,0.0000,0.0336,0,collision
1095,481,-236.39,2.32,134.45,0.0000,0.0331,0,collision
1096,483,-230.87,2.31,127.74,0.0000,0.0266,0,collision
1097,478,-231.62,2.34,127.65,0.0000,0.0315,0,collision
1098,488,-234.48,2.29,133.18,0.0000,0.0385,0,collision
1099,484,-235.36,2.31,126.86,0.0000,0.0341,0,collision
1100,490,-236.79,2.28,134.27,0.0000,0.0330,0,collision
738,533,-238.57,2.37,155.82,0.0000,0.0265,0,collision
739,489,-232.96,2.29,121.53,0.0000,0.0267,0,collision
740,488,-233.16,2.29,125.67,0.0000,0.0339,0,collision
741,481,-231.57,2.32,128.12,0.0000,0.0311,0,collision
1101,481,-230.06,2.32,130.26,0.0000,0.0319,0,collision
1102,482,-229.51,2.32,128.95,0.0000,0.0285,0,collision
1103,486,-238.26,2.30,122.32,0.0000,0.0293,0,collision
1104,485,-231.24,2.30,134.54,0.0000,0.0329,0,collision
1105,480,-227.79,2.33,120.02,0.0000,0.0332,0,collision
1106,473,-230.03,2.36,129.27,0.0000,0.0352,0,collision
1107,483,-230.26,2.31,137.41,0.0000,0.0228,0,collision
1108,476,-232.07,2.35,133.01,0.0000,0.0394,0,collision
1109,472,-229.79,2.37,133.30,0.0000,0.0313,0,collision
1110,466,-227.66,2.40,151.68,0.0000,0.0436,0,collision
742,579,-246.03,2.62,175.96,0.0000,0.0291,0,collision
743,474,-227.07,2.36,122.40,0.0000,0.0348,0,collision
744,481,-232.60,2.32,127.76,0.0000,0.0373,0,collision
745,482,-233.50,2.32,136.32,0.0000,0.0331,0,collision
1111,473,-231.57,2.36,126.66,0.0000,0.0388,0,collision
1112,464,-225.28,2.41,126.86,0.0000,0.0439,0,collision
1113,463,-223.28,2.41,121.29,0.0000,0.0438,0,collision
1114,461,-227.01,2.42,128.37,0.0000,0.0452,0,collision
1115,476,-230.22,2.35,131.49,0.0000,0.0424,0,collision
1116,470,-229.22,2.38,127.51,0.0000,0.0373,0,collision
1117,461,-226.07,2.42,129.14,0.0000,0.0406,0,collision
1118,476,-233.54,2.35,135.22,0.0000,0.0423,0,collision
1119,475,-228.98,2.35,137.24,0.0000,0.0362,0,collision
1120,478,-234.26,2.34,137.77,0.0000,0.0374,0,collision
746,612,-251.14,2.64,190.82,0.0000,0.0343,0,collision
747,469,-228.99,2.38,128.94,0.0000,0.0320,0,collision
748,465,-223.94,2.40,126.96,0.0000,0.0410,0,collision
749,481,-237.12,2.32,138.26,0.0000,0.0340,0,collision
1121,515,-244.36,2.17,131.43,0.0000,0.0305,0,collision
1122,524,-256.45,2.13,135.75,0.0000,0.0288,0,collision
1123,520,-248.03,2.15,132.71,0.0000,0.0283,0,collision
1124,517,-249.98,2.16,133.39,0.0000,0.0304,0,collision
1125,518,-252.89,2.16,126.60,0.0000,0.0303,0,collision
1126,529,-254.91,2.11,130.29,0.0000,0.0374,0,collision
1127,525,-250.98,2.13,136.49,0.0000,0.0303,0,collision
1128,519,-250.83,2.15,125.98,0.0000,0.0367,0,collision
1129,516,-251.44,2.17,127.99,0.0000,0.0358,0,collision
1130,528,-255.08,2.12,127.68,0.0000,0.0332,0,collision
750,693,-275.11,2.46,193.87,0.0000,0.0360,0,collision
751,518,-250.41,2.16,125.51,0.0000,0.0331,0,collision
752,504,-238.35,2.22,123.56,0.0000,0.0283,0,collision
1131,575,-278.29,1.94,139.88,0.0000,0.0303,0,collision
1132,548,-265.62,2.04,126.24,0.0000,0.0286,0,collision
1133,554,-264.62,2.02,131.36,0.0000,0.0309,0,collision
1134,566,-270.64,1.97,126.85,0.0000,0.0303,0,collision
1135,557,-268.81,2.00,144.93,0.0000,0.0287,0,collision
1136,556,-264.04,2.01,129.61,0.0000,0.0314,0,collision
1137,572,-283.45,1.95,136.73,0.0000,0.0282,0,collision
1138,567,-267.56,1.97,139.57,0.0000,0.0314,0,collision
1139,554,-261.92,2.02,133.42,0.0000,0.0326,0,collision
1140,569,-277.78,1.96,146.48,0.0000,0.0303,0,collision
753,1000,-194.83,2.21,250.04,0.0000,0.0279,0,timeout
754,559,-264.51,2.00,138.33,0.0000,0.0318,0,collision
755,551,-267.70,2.03,132.64,0.0000,0.0240,0,collision
1141,552,-265.39,2.02,139.33,0.0000,0.0311,0,collision
1142,560,-261.95,2.00,132.65,0.0000,0.0309,0,collision
1143,549,-258.87,2.03,127.94,0.0000,0.0236,0,collision
1144,546,-248.97,2.05,125.82,0.0000,0.0328,0,collision
1145,547,-257.08,2.04,125.79,0.0000,0.0317,0,collision
1146,538,-257.71,2.08,124.39,0.0000,0.0310,0,collision
1147,553,-257.59,2.02,131.74,0.0000,0.0253,0,collision
1148,547,-264.86,2.04,132.15,0.0000,0.0338,0,collision
1149,544,-253.82,2.05,130.80,0.0000,0.0289,0,collision
1150,558,-267.14,2.00,130.88,0.0000,0.0337,0,collision
756,966,-319.41,2.25,253.80,0.0000,0.0373,0,collision
757,549,-260.54,2.04,123.16,0.0000,0.0327,0,collision
758,556,-262.24,2.01,131.80,0.0000,0.0316,0,collision
1151,558,-261.41,2.00,129.17,0.0000,0.0289,0,collision
1152,570,-265.13,1.96,126.66,0.0000,0.0211,0,collision
1153,567,-262.70,1.97,130.84,0.0000,0.0275,0,collision
1154,553,-256.33,2.02,131.13,0.0000,0.0164,0,collision
1155,552,-254.69,2.02,127.40,0.0000,0.0305,0,collision
1156,568,-267.76,1.97,131.22,0.0000,0.0294,0,collision
1157,564,-263.00,1.98,127.93,0.0000,0.0238,0,collision
1158,562,-260.20,1.99,132.95,0.0000,0.0300,0,collision
1159,562,-261.58,1.99,141.49,0.0000,0.0256,0,collision
1160,559,-259.53,2.00,119.65,0.0000,0.0252,0,collision
759,968,-318.27,2.23,237.61,0.0000,0.0324,0,collision
760,574,-265.60,1.95,127.33,0.0000,0.0275,0,collision
761,573,-268.36,1.95,126.97,0.0000,0.0331,0,collision
1161,522,-245.91,2.14,124.96,0.0000,0.0317,0,collision
1162,534,-251.70,2.09,120.02,0.0000,0.0321,0,collision
1163,528,-245.20,2.12,122.51,0.0000,0.0370,0,collision
1164,540,-266.10,2.07,113.39,0.0000,0.0285,0,collision
1165,517,-238.83,2.16,118.90,0.0000,0.0311,0,collision
1166,524,-249.59,2.13,127.42,0.0000,0.0296,0,collision
1167,532,-245.58,2.10,120.75,0.0000,0.0235,0,collision
1168,529,-248.20,2.11,120.67,0.0000,0.0258,0,collision
1169,529,-248.44,2.11,120.68,0.0000,0.0274,0,collision
1170,530,-247.12,2.11,117.61,0.0000,0.0238,0,collision
762,871,-291.10,2.36,221.17,0.0000,0.0352,0,collision
763,525,-246.53,2.13,119.14,0.0000,0.0261,0,collision
764,544,-257.00,2.05,129.39,0.0000,0.0352,0,collision
1171,443,-214.91,2.52,116.94,0.0000,0.0481,0,collision
1172,461,-219.48,2.42,113.42,0.0000,0.0375,0,collision
1173,459,-220.90,2.44,112.23,0.0000,0.0352,0,collision
1174,447,-218.13,2.50,114.25,0.0000,0.0394,0,collision
1175,462,-219.61,2.42,110.90,0.0000,0.0494,0,collision
1176,457,-220.96,2.44,122.15,0.0000,0.0390,0,collision
1177,456,-217.71,2.45,115.01,0.0000,0.0385,0,collision
1178,455,-217.14,2.46,112.69,0.0000,0.0380,0,collision
1179,463,-227.83,2.41,117.99,0.0000,0.0454,0,collision
1180,449,-214.60,2.49,113.72,0.0000,0.0528,0,collision
765,908,-296.23,2.41,239.08,0.0000,0.0421,0,collision
766,453,-216.48,2.47,110.19,0.0000,0.0376,0,collision
767,459,-222.13,2.43,114.20,0.0000,0.0442,0,collision
768,454,-216.23,2.46,116.73,0.0000,0.0393,0,collision
1181,451,-221.25,2.48,111.98,0.0000,0.0440,0,collision
1182,454,-217.01,2.46,108.21,0.0000,0.0408,0,collision
1183,455,-219.56,2.46,117.88,0.0000,0.0383,0,collision
1184,464,-223.76,2.41,121.49,0.0000,0.0387,0,collision
1185,456,-218.83,2.45,127.40,0.0000,0.0425,0,collision
1186,444,-211.22,2.52,108.58,0.0000,0.0394,0,collision
1187,460,-220.07,2.43,117.58,0.0000,0.0362,0,collision
1188,456,-219.83,2.45,117.26,0.0000,0.0418,0,collision
1189,468,-225.22,2.39,118.78,0.0000,0.0403,0,collision
1190,452,-216.45,2.47,118.47,0.0000,0.0373,0,collision
769,690,-247.52,2.78,184.09,0.0000,0.0533,0,collision
770,448,-216.79,2.49,116.63,0.0000,0.0444,0,collision
771,463,-221.49,2.41,113.75,0.0000,0.0359,0,collision
772,460,-220.80,2.43,111.45,0.0000,0.0458,0,collision
1191,445,-216.87,2.51,109.46,0.0000,0.0469,0,collision
1192,429,-211.29,2.60,115.01,0.0000,0.0490,0,collision
1193,439,-213.70,2.54,117.48,0.0000,0.0429,0,collision
1194,437,-212.94,2.56,111.56,0.0000,0.0479,0,collision
1195,440,-213.18,2.54,122.82,0.0000,0.0487,0,collision
1196,434,-212.65,2.57,116.75,0.0000,0.0517,0,collision
1197,437,-218.69,2.56,115.19,0.0000,0.0482,0,collision
1198,439,-213.94,2.55,112.67,0.0000,0.0463,0,collision
1199,438,-212.12,2.55,116.24,0.0000,0.0408,0,collision
1200,439,-215.94,2.54,117.95,0.0000,0.0466,0,collision
773,657,-239.14,2.85,190.48,0.0000,0.0439,0,collision
774,452,-221.17,2.47,122.79,0.0000,0.0386,0,collision
775,433,-214.09,2.58,115.71,0.0000,0.0490,0,collision
776,454,-221.20,2.46,115.82,0.0000,0.0388,0,collision
1201,440,-215.25,2.54,116.52,0.0000,0.0488,0,collision
1202,430,-208.01,2.60,107.16,0.0000,0.0576,0,collision
1203,439,-214.44,2.54,112.39,0.0000,0.0149,0,collision
1204,442,-218.71,2.53,119.96,0.0000,0.0486,0,collision
1205,442,-214.79,2.53,119.79,0.0000,0.0463,0,collision
1206,446,-219.38,2.51,116.98,0.0000,0.0495,0,collision
1207,453,-220.18,2.47,115.45,0.0000,0.0476,0,collision
1208,449,-218.72,2.49,122.42,0.0000,0.0478,0,collision
1209,443,-216.53,2.52,117.10,0.0000,0.0428,0,collision
1210,434,-210.75,2.57,110.70,0.0000,0.0520,0,collision
777,706,-246.04,2.84,203.02,0.0000,0.0554,0,collision
778,446,-219.25,2.51,114.54,0.0000,0.0549,0,collision
779,430,-211.19,2.60,108.02,0.0000,0.0473,0,collision
780,446,-216.54,2.51,120.92,0.0000,0.0394,0,collision
1211,431,-209.40,2.59,111.94,0.0000,0.0538,0,collision
1212,434,-211.36,2.57,119.29,0.0000,0.0150,0,collision
1213,431,-210.03,2.59,108.95,0.0000,0.0178,0,collision
1214,428,-209.83,2.61,106.39,0.0000,0.0581,0,collision
1215,427,-209.34,2.62,121.02,0.0000,0.0173,0,collision
1216,422,-210.44,2.65,113.72,0.0000,0.0163,0,collision
1217,430,-210.02,2.60,116.58,0.0000,0.0150,0,collision
1218,425,-209.28,2.63,110.99,0.0000,0.0188,0,collision
1219,428,-213.14,2.61,118.22,0.0000,0.0163,0,collision
1220,433,-213.58,2.58,120.63,0.0000,0.0251,0,collision
781,700,-239.12,2.94,193.06,0.0000,0.0430,0,collision
782,432,-213.15,2.59,114.40,0.0000,0.0162,0,collision
783,423,-206.59,2.64,117.15,0.0000,0.0182,0,collision
784,422,-208.60,2.65,109.34,0.0000,0.0578,0,collision
1221,441,-218.30,2.53,111.79,0.0000,0.0511,0,collision
1222,433,-210.41,2.58,117.92,0.0000,0.0185,0,collision
1223,445,-218.34,2.51,120.94,0.0000,0.0172,0,collision
1224,436,-211.22,2.56,110.56,0.0000,0.0480,0,collision
1225,440,-213.46,2.54,112.25,0.0000,0.0500,0,collision
1226,435,-214.00,2.57,112.53,0.0000,0.0174,0,collision
1227,440,-214.66,2.54,122.47,0.0000,0.0166,0,collision
1228,440,-210.64,2.54,116.15,0.0000,0.0147,0,collision
1229,442,-212.45,2.53,115.91,0.0000,0.0150,0,collision
1230,443,-213.60,2.52,129.21,0.0000,0.0163,0,collision
785,786,-257.82,2.76,206.21,0.0000,0.0183,0,collision
786,444,-216.32,2.52,119.77,0.0000,0.0531,0,collision
787,445,-212.57,2.51,116.93,0.0000,0.0164,0,collision
788,444,-210.74,2.52,113.56,0.0000,0.0146,0,collision
1231,428,-211.02,2.61,111.83,0.0000,0.0184,0,collision
1232,431,-208.82,2.59,112.68,0.0000,0.0143,0,collision
1233,433,-212.41,2.58,115.14,0.0000,0.0145,0,collision
1234,430,-208.61,2.60,109.31,0.0000,0.0176,0,collision
1235,433,-208.60,2.58,116.66,0.0000,0.0161,0,collision
1236,430,-208.38,2.60,106.32,0.0000,0.0165,0,collision
1237,431,-206.91,2.59,114.47,0.0000,0.0176,0,collision
1238,427,-208.16,2.62,111.29,0.0000,0.0174,0,collision
1239,432,-210.32,2.59,112.74,0.0000,0.0184,0,collision
1240,431,-209.19,2.59,119.51,0.0000,0.0149,0,collision
789,710,-242.61,2.90,198.14,0.0000,0.0204,0,collision
790,428,-209.27,2.61,114.18,0.0000,0.0174,0,collision
791,428,-210.64,2.61,117.08,0.0000,0.0152,0,collision
792,429,-209.58,2.60,111.37,0.0000,0.0192,0,collision
1241,436,-212.88,2.56,115.70,0.0000,0.0163,0,collision
1242,439,-215.76,2.54,118.79,0.0000,0.0199,0,collision
1243,444,-214.42,2.52,107.76,0.0000,0.0154,0,collision
1244,436,-211.35,2.56,106.29,0.0000,0.0192,0,collision
1245,440,-211.43,2.54,115.66,0.0000,0.0177,0,collision
1246,439,-213.13,2.54,111.26,0.0000,0.0180,0,collision
1247,434,-209.81,2.57,111.00,0.0000,0.0149,0,collision
1248,438,-208.92,2.55,103.94,0.0000,0.0178,0,collision
1249,434,-209.51,2.57,114.63,0.0000,0.0159,0,collision
1250,430,-210.89,2.60,108.76,0.0000,0.0153,0,collision
793,776,-252.78,2.78,210.02,0.0000,0.0179,0,collision
794,448,-217.00,2.49,111.32,0.0000,0.0183,0,collision
795,436,-210.69,2.56,103.40,0.0000,0.0194,0,collision
796,436,-213.19,2.56,110.22,0.0000,0.0188,0,collision
1251,516,-247.10,2.17,110.84,0.0000,0.0121,0,collision
1252,508,-237.71,2.20,118.52,0.0000,0.0120,0,collision
1253,494,-237.14,2.26,120.57,0.0000,0.0505,0,collision
1254,502,-234.24,2.23,118.14,0.0000,0.0418,0,collision
1255,500,-232.19,2.23,117.17,0.0000,0.0442,0,collision
1256,509,-238.57,2.20,118.80,0.0000,0.0115,0,collision
1257,504,-236.38,2.22,116.34,0.0000,0.0128,0,collision
1258,513,-244.58,2.18,126.94,0.0000,0.0111,0,collision
1259,507,-242.50,2.20,119.78,0.0000,0.0130,0,collision
1260,498,-234.38,2.24,124.02,0.0000,0.0425,0,collision
797,789,-271.64,2.64,203.21,0.0000,0.0335,0,collision
798,504,-234.66,2.22,118.16,0.0000,0.0450,0,collision
799,502,-236.98,2.23,112.39,0.0000,0.0121,0,collision
800,500,-238.39,2.23,118.73,0.0000,0.0123,0,collision
1261,514,-243.65,2.17,120.98,0.0000,0.0116,0,collision
1262,514,-244.16,2.17,115.76,0.0000,0.0117,0,collision
1263,511,-244.16,2.19,116.23,0.0000,0.0120,0,collision
1264,507,-234.57,2.20,112.57,0.0000,0.0348,0,collision
1265,501,-234.45,2.23,114.32,0.0000,0.0444,0,collision
1266,510,-237.43,2.19,120.77,0.0000,0.0455,0,collision
1267,516,-241.05,2.17,112.97,0.0000,0.0123,0,collision
1268,517,-245.33,2.16,113.08,0.0000,0.0438,0,collision
1269,514,-240.64,2.17,118.18,0.0000,0.0441,0,collision
1270,511,-237.46,2.19,114.33,0.0000,0.0420,0,collision
801,543,-238.06,2.32,142.68,0.0000,0.0353,0,collision
802,523,-242.55,2.14,118.45,0.0000,0.0121,0,collision
803,522,-244.21,2.14,119.83,0.0000,0.0416,0,collision
1271,549,-249.38,2.03,120.11,0.0000,0.0172,0,collision
1272,542,-244.86,2.06,122.86,0.0000,0.0175,0,collision
1273,546,-250.10,2.05,122.14,0.0000,0.0220,0,collision
1274,552,-250.75,2.02,116.75,0.0000,0.0195,0,collision
1275,557,-250.22,2.01,116.00,0.0000,0.0115,0,collision
1276,552,-253.97,2.02,126.06,0.0000,0.0181,0,collision
1277,544,-246.15,2.05,124.79,0.0000,0.0194,0,collision
1278,544,-240.40,2.05,119.46,0.0000,0.0204,0,collision
1279,543,-246.26,2.06,119.71,0.0000,0.0164,0,collision
1280,544,-245.78,2.05,120.08,0.0000,0.0207,0,collision
804,1000,-190.24,2.20,233.06,0.0000,0.0152,0,timeout
805,554,-251.65,2.02,121.29,0.0000,0.0171,0,collision
806,549,-247.24,2.03,123.26,0.0000,0.0176,0,collision
1281,520,-242.55,2.15,115.38,0.0000,0.0402,0,collision
1282,539,-256.33,2.07,119.00,0.0000,0.0110,0,collision
1283,527,-241.79,2.12,119.04,0.0000,0.0417,0,collision
1284,521,-246.57,2.14,112.69,0.0000,0.0125,0,collision
1285,532,-250.58,2.10,113.83,0.0000,0.0376,0,collision
1286,521,-239.97,2.14,113.02,0.0000,0.0118,0,collision
1287,525,-249.07,2.13,116.80,0.0000,0.0433,0,collision
1288,525,-241.56,2.13,109.12,0.0000,0.0448,0,collision
1289,527,-245.71,2.12,112.04,0.0000,0.0427,0,collision
1290,516,-239.51,2.17,109.39,0.0000,0.0265,0,collision
807,980,-317.56,2.22,219.25,0.0000,0.0154,0,collision
808,514,-239.31,2.17,118.55,0.0000,0.0128,0,collision
809,526,-250.50,2.12,115.92,0.0000,0.0406,0,collision
1291,537,-251.68,2.08,115.39,0.0000,0.0327,0,collision
1292,534,-249.43,2.09,122.13,0.0000,0.0367,0,collision
1293,534,-247.34,2.09,115.86,0.0000,0.0401,0,collision
1294,525,-245.27,2.13,116.36,0.0000,0.0395,0,collision
1295,531,-250.41,2.10,117.64,0.0000,0.0446,0,collision
1296,533,-251.64,2.10,112.92,0.0000,0.0401,0,collision
1297,521,-241.25,2.15,119.22,0.0000,0.0353,0,collision
1298,528,-244.70,2.12,114.24,0.0000,0.0112,0,collision
1299,528,-245.22,2.12,110.96,0.0000,0.0112,0,collision
1300,534,-247.63,2.09,117.02,0.0000,0.0362,0,collision
810,1000,-190.12,2.22,219.57,0.0000,0.0120,0,timeout
811,533,-250.34,2.10,115.60,0.0000,0.0360,0,collision
812,527,-246.22,2.12,114.06,0.0000,0.0396,0,collision
1301,519,-241.49,2.15,110.84,0.0000,0.0416,0,collision
1302,535,-249.90,2.09,123.44,0.0000,0.0135,0,collision
1303,529,-245.45,2.11,115.17,0.0000,0.0127,0,collision
1304,531,-249.16,2.10,116.28,0.0000,0.0129,0,collision
1305,520,-240.11,2.15,110.59,0.0000,0.0120,0,collision
1306,520,-239.13,2.15,110.55,0.0000,0.0438,0,collision
1307,524,-245.78,2.13,112.67,0.0000,0.0144,0,collision
1308,524,-240.64,2.13,114.49,0.0000,0.0126,0,collision
1309,525,-244.71,2.13,117.40,0.0000,0.0116,0,collision
1310,524,-241.45,2.13,113.97,0.0000,0.0114,0,collision
813,971,-310.13,2.27,223.58,0.0000,0.0441,0,collision
814,522,-243.73,2.14,111.94,0.0000,0.0113,0,collision
815,534,-254.84,2.09,117.13,0.0000,0.0122,0,collision
1311,521,-240.79,2.15,116.22,0.0000,0.0369,0,collision
1312,518,-238.26,2.16,109.77,0.0000,0.0432,0,collision
1313,516,-236.40,2.17,112.73,0.0000,0.0433,0,collision
1314,537,-246.72,2.08,114.27,0.0000,0.0131,0,collision
1315,540,-247.17,2.07,110.04,0.0000,0.0113,0,collision
1316,532,-243.12,2.10,108.54,0.0000,0.0118,0,collision
1317,529,-243.20,2.11,107.56,0.0000,0.0422,0,collision
1318,513,-234.54,2.18,120.64,0.0000,0.0460,0,collision
1319,511,-234.13,2.19,118.77,0.0000,0.0402,0,collision
1320,532,-244.32,2.10,114.64,0.0000,0.0116,0,collision
816,1000,-181.14,2.22,228.44,0.0000,0.0281,0,timeout
817,536,-245.14,2.09,111.04,0.0000,0.0111,0,collision
818,523,-242.86,2.14,112.26,0.0000,0.0427,0,collision
1321,555,-254.51,2.01,112.06,0.0000,0.0312,0,collision
1322,557,-252.02,2.01,114.62,0.0000,0.0272,0,collision
1323,555,-255.47,2.01,111.77,0.0000,0.0351,0,collision
1324,549,-248.35,2.03,112.48,0.0000,0.0357,0,collision
1325,559,-255.39,2.00,114.07,0.0000,0.0354,0,collision
1326,550,-249.60,2.03,114.19,0.0000,0.0353,0,collision
1327,554,-251.76,2.02,112.11,0.0000,0.0325,0,collision
1328,549,-245.51,2.03,112.88,0.0000,0.0112,0,collision
1329,549,-255.33,2.04,113.75,0.0000,0.0325,0,collision
1330,560,-254.56,2.00,113.18,0.0000,0.0328,0,collision
819,1000,-189.69,2.21,213.51,0.0000,0.0415,0,timeout
820,549,-250.03,2.04,119.38,0.0000,0.0311,0,collision
821,545,-247.27,2.05,114.67,0.0000,0.0127,0,collision
1331,532,-247.21,2.10,110.70,0.0000,0.0128,0,collision
1332,540,-248.98,2.07,115.11,0.0000,0.0367,0,collision
1333,548,-254.69,2.04,113.61,0.0000,0.0118,0,collision
1334,542,-250.24,2.06,114.58,0.0000,0.0385,0,collision
1335,531,-248.03,2.10,109.74,0.0000,0.0429,0,collision
1336,545,-251.04,2.05,113.29,0.0000,0.0116,0,collision
1337,547,-250.81,2.04,113.05,0.0000,0.0108,0,collision
1338,537,-250.34,2.08,115.00,0.0000,0.0359,0,collision
1339,533,-242.09,2.10,105.61,0.0000,0.0112,0,collision
1340,539,-245.13,2.07,109.34,0.0000,0.0412,0,collision
822,960,-314.04,2.26,223.46,0.0000,0.0391,0,collision
823,534,-247.10,2.09,117.35,0.0000,0.0384,0,collision
824,542,-253.95,2.06,112.23,0.0000,0.0108,0,collision
1341,532,-248.28,2.10,106.75,0.0000,0.0136,0,collision
1342,537,-248.12,2.08,108.16,0.0000,0.0147,0,collision
1343,530,-246.11,2.11,108.38,0.0000,0.0119,0,collision
1344,539,-256.09,2.07,110.95,0.0000,0.0145,0,collision
1345,538,-247.85,2.08,110.41,0.0000,0.0128,0,collision
1346,538,-246.83,2.08,110.98,0.0000,0.0115,0,collision
1347,541,-250.45,2.07,109.13,0.0000,0.0124,0,collision
1348,520,-240.80,2.15,104.31,0.0000,0.0118,0,collision
1349,530,-242.22,2.11,106.16,0.0000,0.0141,0,collision
1350,541,-250.91,2.07,112.41,0.0000,0.0122,0,collision
825,975,-314.33,2.24,207.30,0.0000,0.0129,0,collision
826,541,-254.26,2.07,109.07,0.0000,0.0115,0,collision
827,537,-247.91,2.08,115.12,0.0000,0.0130,0,collision
1351,489,-230.71,2.28,105.74,0.0000,0.0146,0,collision
1352,522,-245.29,2.14,112.34,0.0000,0.0123,0,collision
1353,518,-244.36,2.16,107.13,0.0000,0.0116,0,collision
1354,491,-226.97,2.28,103.40,0.0000,0.0129,0,collision
1355,510,-233.50,2.19,110.48,0.0000,0.0129,0,collision
1356,509,-232.32,2.20,103.74,0.0000,0.0124,0,collision
1357,515,-241.94,2.17,104.80,0.0000,0.0115,0,collision
1358,503,-234.50,2.22,106.35,0.0000,0.0122,0,collision
1359,499,-226.79,2.24,106.68,0.0000,0.0132,0,collision
1360,507,-238.42,2.20,107.32,0.0000,0.0127,0,collision
828,929,-294.45,2.36,207.22,0.0000,0.0138,0,collision
829,496,-232.66,2.25,107.42,0.0000,0.0123,0,collision
830,499,-228.01,2.24,103.69,0.0000,0.0130,0,collision
831,512,-240.73,2.18,106.45,0.0000,0.0127,0,collision
1361,564,-256.81,1.98,110.32,0.0000,0.0130,0,collision
1362,560,-258.48,2.00,112.35,0.0000,0.0111,0,collision
1363,559,-258.48,2.00,113.65,0.0000,0.0112,0,collision
1364,565,-259.74,1.98,115.90,0.0000,0.0112,0,collision
1365,559,-255.24,2.00,113.34,0.0000,0.0113,0,collision
1366,550,-253.05,2.03,114.30,0.0000,0.0114,0,collision
1367,564,-263.64,1.98,114.38,0.0000,0.0112,0,collision
1368,545,-248.64,2.05,111.01,0.0000,0.0122,0,collision
1369,557,-261.05,2.01,113.11,0.0000,0.0113,0,collision
1370,557,-258.00,2.01,109.86,0.0000,0.0128,0,collision
832,600,-264.80,2.20,142.38,0.0000,0.0096,0,collision
833,560,-257.98,1.99,111.89,0.0000,0.0111,0,collision
834,550,-253.61,2.03,109.51,0.0000,0.0114,0,collision
1371,545,-252.72,2.05,108.34,0.0000,0.0097,0,collision
1372,554,-252.63,2.02,111.45,0.0000,0.0114,0,collision
1373,551,-261.59,2.03,109.90,0.0000,0.0114,0,collision
1374,553,-251.46,2.02,105.53,0.0000,0.0123,0,collision
1375,542,-250.92,2.06,107.68,0.0000,0.0133,0,collision
1376,550,-255.91,2.03,107.53,0.0000,0.0116,0,collision
1377,555,-256.20,2.01,108.54,0.0000,0.0113,0,collision
1378,565,-267.59,1.98,104.11,0.0000,0.0115,0,collision
1379,553,-255.56,2.02,108.58,0.0000,0.0119,0,collision
1380,561,-259.78,1.99,104.89,0.0000,0.0100,0,collision
835,923,-298.57,2.31,200.40,0.0000,0.0131,0,collision
836,544,-253.34,2.05,97.80,0.0000,0.0129,0,collision
837,556,-259.19,2.01,106.83,0.0000,0.0089,0,collision
1381,581,-275.11,1.92,113.06,0.0000,0.0115,0,collision
1382,570,-266.45,1.96,113.02,0.0000,0.0106,0,collision
1383,572,-263.40,1.95,111.09,0.0000,0.0095,0,collision
1384,570,-266.73,1.96,109.96,0.0000,0.0120,0,collision
1385,572,-261.38,1.95,111.86,0.0000,0.0103,0,collision
1386,580,-278.68,1.93,112.56,0.0000,0.0117,0,collision
1387,583,-265.31,1.92,105.93,0.0000,0.0098,0,collision
1388,577,-270.81,1.94,108.97,0.0000,0.0104,0,collision
1389,579,-268.16,1.93,113.73,0.0000,0.0097,0,collision
1390,589,-272.92,1.90,115.64,0.0000,0.0094,0,collision
838,981,-320.15,2.21,201.58,0.0000,0.0134,0,collision
839,580,-273.23,1.93,112.51,0.0000,0.0110,0,collision
840,585,-271.30,1.91,103.40,0.0000,0.0105,0,collision
1391,739,-373.71,1.51,128.35,0.0000,0.0086,0,collision
1392,737,-381.59,1.52,124.90,0.0000,0.0089,0,collision
1393,755,-395.00,1.48,130.36,0.0000,0.0085,0,collision
1394,740,-385.61,1.51,127.46,0.0000,0.0089,0,collision
1395,753,-391.85,1.48,127.51,0.0000,0.0089,0,collision
1396,760,-388.48,1.47,125.88,0.0000,0.0082,0,collision
1397,751,-394.76,1.49,130.75,0.0000,0.0085,0,collision
1398,745,-370.33,1.50,126.08,0.0000,0.0085,0,collision
1399,744,-376.29,1.50,127.20,0.0000,0.0084,0,collision
1400,750,-392.78,1.49,126.25,0.0000,0.0087,0,collision
841,1000,-242.28,2.04,193.49,0.0000,0.0126,0,timeout
842,734,-377.16,1.52,128.42,0.0000,0.0088,0,collision
1401,666,-333.38,1.68,117.08,0.0000,0.0080,0,collision
1402,659,-332.95,1.70,116.21,0.0000,0.0083,0,collision
1403,659,-322.55,1.70,115.20,0.0000,0.0094,0,collision
1404,679,-335.22,1.65,117.72,0.0000,0.0092,0,collision
1405,650,-313.16,1.72,118.49,0.0000,0.0088,0,collision
1406,646,-312.14,1.73,112.91,0.0000,0.0083,0,collision
