episode,steps,ep_reward,avg_speed,total_energy,wiggle,safety,success,reason
1,4,-203.16,0.36,0.94,0.2261,0.0000,0,collision
2,94,-150.21,13.72,109.49,0.0121,0.0024,0,collision
3,13,-212.54,0.90,7.56,0.1021,0.0000,0,collision
4,2,-200.86,0.00,0.10,0.7838,0.0000,0,collision
5,108,-255.03,2.40,181.28,0.0094,0.0033,0,collision
6,45,-195.25,3.99,143.77,0.0131,0.0345,0,collision
7,9,-202.98,1.94,11.31,0.1073,0.0000,0,collision
8,7,-200.00,2.84,16.59,0.0228,0.0000,0,collision
9,27,-204.98,2.50,38.03,0.0305,0.0000,0,collision
10,30,-217.74,2.18,57.46,0.0081,0.0554,0,collision
1,22,-222.42,1.48,27.96,0.0513,0.0000,0,collision
2,6,-200.71,2.01,16.02,0.0728,0.0000,0,collision
3,49,-191.07,6.20,194.28,0.0204,0.0841,0,collision
4,24,-210.14,2.13,33.45,0.0203,0.0000,0,collision
5,5,-205.91,0.00,0.40,0.1548,0.0000,0,collision
6,28,-184.30,7.16,159.54,0.0088,0.0325,0,collision
7,70,-175.00,8.70,246.26,0.0046,0.0102,0,collision
8,48,-235.42,1.44,62.46,0.0032,0.0000,0,collision
9,6,-201.43,2.20,9.82,0.0331,0.2266,0,collision
10,26,-207.32,3.03,60.17,0.0055,0.0000,0,collision
11,119,-185.74,5.41,455.50,0.0025,0.0000,0,collision
12,36,-207.17,2.64,51.64,0.0297,0.0000,0,collision
13,71,-160.50,11.57,303.14,0.0112,0.0224,0,collision
14,8,-207.10,0.78,10.44,0.2500,0.0000,0,collision
15,9,-201.03,2.28,19.07,0.1018,0.0000,0,collision
16,61,-210.34,4.40,146.44,0.0105,0.0060,0,collision
17,8,-212.53,0.00,0.70,0.1147,0.1103,0,collision
18,7,-207.30,0.38,1.71,0.0457,0.0000,0,collision
19,42,-189.54,6.29,153.06,0.0199,0.0000,0,collision
20,10,-212.76,0.41,3.34,0.0864,0.0933,0,collision
21,74,-224.47,3.02,178.29,0.0202,0.0250,0,collision
22,95,-177.73,5.88,396.85,0.0058,0.0267,0,collision
23,17,-209.52,1.81,21.13,0.0952,0.0000,0,collision
24,32,-218.45,1.73,48.95,0.0302,0.0000,0,collision
25,79,-174.20,8.20,350.00,0.0023,0.0000,0,collision
26,8,-207.04,0.71,6.78,0.2111,0.0000,0,collision
27,3,-202.57,0.00,0.20,0.1519,0.0000,0,collision
28,8,-205.00,1.23,3.02,0.0397,0.0000,0,collision
29,52,-208.05,3.29,106.69,0.0203,0.0000,0,collision
30,6,-205.93,0.61,1.52,0.2094,0.0000,0,collision
31,47,-204.11,2.86,90.50,0.0345,0.0187,0,collision
32,58,-158.19,13.72,134.78,0.0178,0.0126,0,collision
33,197,-167.71,6.75,683.69,0.0023,0.0105,0,collision
34,5,-205.45,0.42,2.04,0.1757,0.0000,0,collision
35,38,-230.93,1.37,36.71,0.0225,0.0446,0,collision
36,35,-220.64,1.79,30.71,0.0234,0.0231,0,collision
37,136,-154.15,10.36,611.32,0.0032,0.0143,0,collision
38,9,-208.12,0.84,3.38,0.0426,0.0000,0,collision
39,9,-211.07,0.38,2.01,0.1699,0.0000,0,collision
40,5,-202.47,1.00,5.40,0.2101,0.0000,0,collision
41,10,-198.97,3.20,31.11,0.0910,0.1193,0,collision
42,97,-165.86,12.88,179.23,0.0119,0.0103,0,collision
43,14,-214.80,0.56,4.00,0.0412,0.0243,0,collision
44,54,-203.69,3.45,121.85,0.0109,0.0000,0,collision
45,87,-176.84,7.17,281.28,0.0120,0.0000,0,collision
46,22,-201.48,2.53,33.27,0.0507,0.0000,0,collision
47,53,-206.51,4.75,186.24,0.0144,0.0510,0,collision
48,33,-209.58,2.88,64.29,0.0132,0.0476,0,collision
49,6,-201.75,1.52,5.82,0.2374,0.0000,0,collision
50,45,-172.66,13.18,199.19,0.0223,0.0379,0,collision
51,13,-205.27,2.08,23.03,0.0558,0.0834,0,collision
52,46,-235.93,1.16,37.76,0.0099,0.0000,0,collision
53,23,-214.23,1.52,21.87,0.0268,0.0373,0,collision
54,6,-200.69,2.41,13.93,0.2023,0.0000,0,collision
55,96,-204.08,4.36,332.63,0.0107,0.0000,0,collision
56,51,-165.93,10.98,318.48,0.0171,0.0269,0,collision
57,70,-210.77,4.32,216.88,0.0222,0.0000,0,collision
58,111,-180.47,6.10,391.02,0.0073,0.0000,0,collision
59,1,-200.00,0.00,0.00,0.0000,0.0000,0,collision
60,12,-197.03,5.35,67.64,0.0531,0.0000,0,collision
61,5,-205.79,0.18,0.62,0.1555,0.1709,0,collision
62,65,-178.67,8.51,237.49,0.0150,0.0355,0,collision
63,7,-198.04,3.28,24.64,0.0777,0.0000,0,collision
64,22,-210.79,1.88,17.66,0.0262,0.0000,0,collision
65,13,-197.79,3.16,23.92,0.0398,0.0000,0,collision
66,15,-214.35,0.90,10.78,0.1048,0.1454,0,collision
67,17,-203.78,3.04,45.20,0.0639,0.0000,0,collision
68,3,-202.52,0.10,0.21,0.1729,0.0000,0,collision
69,24,-200.00,3.62,107.40,0.0196,0.0000,0,collision
70,60,-197.34,6.21,216.80,0.0196,0.0850,0,collision
71,53,-183.53,6.80,157.67,0.0270,0.0000,0,collision
72,13,-200.43,2.64,24.05,0.0484,0.0000,0,collision
73,40,-197.34,3.63,80.16,0.0204,0.0000,0,collision
74,128,-152.08,7.25,545.66,0.0120,0.0001,0,collision
75,19,-212.20,1.69,23.81,0.0449,0.0000,0,collision
76,95,-179.47,7.13,324.95,0.0067,0.0000,0,collision
77,61,-156.26,13.32,258.32,0.0160,0.0000,0,collision
78,57,-163.45,11.38,269.88,0.0040,0.0038,0,collision
79,31,-183.97,5.42,120.78,0.0295,0.0468,0,collision
80,6,-200.77,1.72,12.92,0.0000,0.0000,0,collision
81,25,-222.04,1.14,18.44,0.0242,0.0000,0,collision
82,56,-158.51,12.05,251.06,0.0178,0.0000,0,collision
83,47,-212.18,3.56,127.73,0.0048,0.0000,0,collision
84,46,-165.73,14.35,179.04,0.0201,0.0114,0,collision
85,28,-181.96,9.72,137.83,0.0530,0.0000,0,collision
86,9,-211.07,0.59,2.84,0.0126,0.1606,0,collision
87,6,-204.02,0.84,5.83,0.2124,0.0000,0,collision
88,16,-210.99,1.62,19.39,0.0747,0.1014,0,collision
89,12,-195.39,7.68,101.08,0.0133,0.2590,0,collision
90,7,-205.31,0.78,3.68,0.0795,0.0000,0,collision
91,12,-207.36,1.44,13.86,0.0266,0.0000,0,collision
92,49,-204.67,4.09,114.13,0.0224,0.0582,0,collision
93,7,-205.78,1.08,7.33,0.1685,0.0929,0,collision
94,35,-184.77,10.06,265.62,0.0276,0.1097,0,collision
95,45,-196.33,7.31,202.10,0.0208,0.0594,0,collision
96,3,-201.22,1.01,3.28,0.3180,0.0000,0,collision
97,2,-201.66,0.00,0.10,0.1005,0.0000,0,collision
98,26,-197.40,3.90,51.48,0.0446,0.0000,0,collision
99,10,-213.58,0.31,2.32,0.1094,0.1595,0,collision
100,1,-200.00,0.00,0.00,0.0000,0.0000,0,collision
101,2,-201.56,0.00,0.10,0.4007,0.4518,0,collision
102,58,-157.73,11.37,277.40,0.0078,0.0000,0,collision
103,5,-204.71,0.28,0.66,0.2342,0.0000,0,collision
104,13,-199.83,2.75,33.77,0.0842,0.0000,0,collision
105,54,-166.89,10.62,256.74,0.0101,0.0201,0,collision
106,72,-186.69,10.24,179.85,0.0039,0.0122,0,collision
107,7,-199.49,2.57,16.59,0.1511,0.0000,0,collision
108,40,-196.44,5.62,214.06,0.0190,0.0070,0,collision
109,11,-215.65,0.18,2.86,0.0341,0.0000,0,collision
110,58,-169.23,9.16,174.28,0.0120,0.0000,0,collision
111,37,-212.50,2.42,66.64,0.0279,0.0000,0,collision
112,13,-197.16,3.26,32.83,0.0506,0.0000,0,collision
113,33,-182.06,10.16,246.21,0.0219,0.0665,0,collision
114,3,-202.53,0.00,0.20,0.1589,0.0000,0,collision
115,78,-150.52,12.30,189.75,0.0055,0.0150,0,collision
11,22,-193.51,5.79,90.77,0.0354,0.0006,0,collision
12,66,-187.07,5.76,228.07,0.0086,0.0000,0,collision
13,28,-218.31,1.56,33.96,0.0312,0.0000,0,collision
14,31,-236.06,0.70,13.03,0.0302,0.0000,0,collision
15,2,-200.32,1.04,2.51,0.4311,0.0000,0,collision
16,9,-209.34,0.83,6.90,0.0785,0.0000,0,collision
17,34,-197.56,3.17,76.86,0.0340,0.0000,0,collision
18,13,-198.74,4.05,46.65,0.0850,0.0000,0,collision
19,65,-167.33,12.85,293.26,0.0082,0.0214,0,collision
20,14,-217.34,0.56,4.25,0.0829,0.0436,0,collision
116,48,-221.98,3.96,162.61,0.0114,0.0166,0,collision
117,25,-190.92,6.00,97.08,0.0274,0.0000,0,collision
118,20,-228.52,0.33,4.16,0.0571,0.0292,0,collision
119,39,-190.11,5.71,131.82,0.0116,0.0246,0,collision
120,33,-199.20,4.18,107.07,0.0299,0.0000,0,collision
121,168,-130.98,9.57,435.91,0.0024,0.0000,0,collision
122,9,-207.90,0.90,5.08,0.0728,0.0000,0,collision
123,44,-194.36,4.24,143.70,0.0161,0.0144,0,collision
124,95,-192.29,6.82,363.88,0.0069,0.0153,0,collision
125,10,-197.24,4.86,82.39,0.0930,0.0000,0,collision
126,65,-194.81,12.29,114.98,0.0304,0.0235,0,collision
127,4,-201.25,1.25,1.64,0.1597,0.0311,0,collision
128,54,-166.25,11.32,285.12,0.0095,0.0770,0,collision
129,8,-199.58,3.44,21.62,0.1146,0.0000,0,collision
130,32,-218.77,2.02,41.59,0.0351,0.1108,0,collision
131,43,-174.91,13.47,146.69,0.0026,0.0723,0,collision
132,2,-201.66,0.00,0.10,0.6330,0.0000,0,collision
133,52,-169.58,11.75,285.22,0.0053,0.0152,0,collision
134,4,-203.93,0.41,1.18,0.2977,0.0000,0,collision
135,108,-150.17,7.74,476.11,0.0109,0.0247,0,collision
136,92,-150.36,8.67,428.56,0.0079,0.0000,0,collision
137,7,-205.66,0.87,2.90,0.1035,0.0000,0,collision
138,6,-201.60,1.59,8.76,0.1904,0.0000,0,collision
139,48,-195.95,3.80,109.08,0.0115,0.0000,0,collision
140,26,-190.67,5.75,178.69,0.0244,0.0029,0,collision
141,125,-171.33,10.89,414.17,0.0069,0.0073,0,collision
142,5,-205.36,0.44,2.05,0.1534,0.0000,0,collision
143,40,-180.39,13.87,199.91,0.0241,0.0273,0,collision
144,30,-180.78,11.88,137.87,0.0371,0.0413,0,collision
145,95,-189.27,6.51,273.12,0.0122,0.0000,0,collision
146,47,-181.30,13.10,134.78,0.0109,0.0175,0,collision
147,23,-202.93,2.45,39.23,0.0426,0.0000,0,collision
148,81,-169.38,7.43,299.44,0.0097,0.0058,0,collision
149,7,-203.54,1.60,9.08,0.1331,0.0000,0,collision
150,16,-211.87,1.31,15.24,0.0355,0.0000,0,collision
151,67,-161.60,17.59,30.57,0.0089,0.0289,0,collision
152,16,-201.20,4.40,89.66,0.0716,0.0000,0,collision
153,83,-136.47,16.52,135.71,0.0082,0.0167,0,collision
154,48,-170.32,12.76,170.72,0.0215,0.1129,0,collision
155,24,-200.76,4.31,150.77,0.0534,0.0295,0,collision
156,66,-156.18,10.12,298.67,0.0095,0.0109,0,collision
157,17,-208.69,1.75,12.36,0.0500,0.0000,0,collision
158,11,-197.99,4.02,36.36,0.0738,0.0000,0,collision
159,6,-202.52,1.65,6.73,0.0259,0.2114,0,collision
160,6,-202.13,1.63,6.94,0.2813,0.0000,0,collision
161,87,-174.66,6.50,362.32,0.0054,0.0000,0,collision
162,59,-174.42,10.24,365.92,0.0198,0.0084,0,collision
163,7,-206.66,0.80,5.97,0.0545,0.0000,0,collision
164,17,-203.38,2.97,59.73,0.0277,0.0000,0,collision
165,114,-164.41,7.98,417.59,0.0070,0.0183,0,collision
166,35,-221.86,1.92,28.81,0.0299,0.0306,0,collision
167,6,-206.57,0.43,1.88,0.1675,0.0693,0,collision
168,110,-211.98,7.18,156.84,0.0151,0.0466,0,collision
169,98,-206.45,5.66,311.45,0.0018,0.0324,0,collision
170,69,-177.70,9.40,187.16,0.0052,0.0272,0,collision
171,5,-204.14,0.18,0.53,0.1193,0.0000,0,collision
172,12,-196.31,3.83,32.18,0.0562,0.0000,0,collision
173,94,-211.13,7.69,343.70,0.0074,0.0079,0,collision
174,55,-171.62,15.24,204.32,0.0070,0.0000,0,collision
175,66,-165.29,10.20,281.14,0.0082,0.0146,0,collision
176,22,-197.42,3.29,55.33,0.0012,0.0000,0,collision
177,25,-183.39,10.22,129.19,0.0026,0.0240,0,collision
178,17,-201.03,3.09,28.96,0.0394,0.0000,0,collision
179,62,-219.15,2.86,119.57,0.0130,0.0000,0,collision
180,23,-218.73,1.12,25.25,0.0192,0.0000,0,collision
181,23,-206.23,2.51,34.03,0.0413,0.0000,0,collision
182,22,-195.41,4.44,77.26,0.0239,0.0692,0,collision
183,58,-168.62,14.87,105.64,0.0189,0.0000,0,collision
184,151,-174.43,10.02,309.90,0.0048,0.0064,0,collision
185,6,-205.48,0.69,3.01,0.2398,0.1443,0,collision
186,68,-155.53,11.68,198.96,0.0222,0.0055,0,collision
187,77,-190.76,8.04,164.67,0.0121,0.0160,0,collision
188,7,-204.71,0.85,3.32,0.1881,0.0000,0,collision
189,38,-188.07,7.37,140.48,0.0322,0.0615,0,collision
190,39,-216.05,2.26,48.51,0.0431,0.0446,0,collision
191,91,-202.37,7.14,385.38,0.0027,0.0091,0,collision
192,69,-173.11,8.12,420.21,0.0083,0.0318,0,collision
193,58,-181.46,10.92,172.31,0.0252,0.0037,0,collision
194,31,-179.36,12.84,198.89,0.0197,0.0000,0,collision
195,60,-176.12,6.19,274.97,0.0118,0.0280,0,collision
196,19,-213.80,1.41,19.20,0.0083,0.0429,0,collision
197,44,-176.73,9.18,171.25,0.0154,0.0293,0,collision
198,8,-206.07,1.50,19.93,0.1726,0.0788,0,collision
199,60,-182.12,11.16,139.49,0.0141,0.0000,0,collision
200,24,-187.19,10.27,129.23,0.0174,0.0000,0,collision
201,27,-194.64,8.24,150.52,0.0277,0.0145,0,collision
202,5,-204.61,0.39,0.82,0.1116,0.0000,0,collision
203,47,-173.90,11.17,289.79,0.0226,0.0572,0,collision
204,42,-178.26,8.89,121.48,0.0065,0.0000,0,collision
205,26,-213.76,1.93,35.18,0.0179,0.0000,0,collision
206,176,-172.71,7.92,461.40,0.0058,0.0000,0,collision
21,47,-226.86,2.33,72.12,0.0120,0.0000,0,collision
22,47,-185.40,9.84,140.88,0.0044,0.0105,0,collision
23,119,-182.80,7.27,490.84,0.0055,0.0289,0,collision
24,56,-172.80,10.23,214.40,0.0150,0.0101,0,collision
25,7,-205.36,0.91,3.63,0.1490,0.0482,0,collision
26,21,-194.39,5.27,77.89,0.0019,0.0131,0,collision
27,26,-180.80,13.91,201.97,0.0144,0.0592,0,collision
28,114,-133.65,10.75,454.74,0.0034,0.0000,0,collision
29,41,-201.74,3.09,71.46,0.0072,0.0000,0,collision
30,40,-170.41,15.86,211.09,0.0262,0.0431,0,collision
207,101,-247.48,9.18,341.59,0.0099,0.0541,0,collision
208,1,-200.00,0.00,0.00,0.0000,0.0000,0,collision
209,77,-166.38,7.83,420.70,0.0064,0.0151,0,collision
210,4,-201.39,1.34,6.42,0.1964,0.0000,0,collision
211,20,-198.17,7.46,159.39,0.0363,0.1209,0,collision
212,58,-166.51,10.70,269.30,0.0189,0.0000,0,collision
213,15,-218.30,0.33,4.73,0.0054,0.0000,0,collision
214,98,-117.31,17.52,249.87,0.0049,0.0000,0,collision
215,70,-242.60,1.88,97.56,0.0275,0.0000,0,collision
216,70,-172.11,8.01,202.54,0.0069,0.0030,0,collision
217,80,-159.67,10.05,362.30,0.0037,0.0225,0,collision
218,87,-184.59,6.81,310.55,0.0051,0.0000,0,collision
219,64,-166.76,9.81,279.98,0.0053,0.0000,0,collision
220,5,-204.33,0.35,0.94,0.0707,0.0000,0,collision
221,15,-205.61,2.38,36.30,0.0447,0.0000,0,collision
222,26,-182.70,10.42,233.13,0.0108,0.0266,0,collision
223,13,-193.20,6.75,109.43,0.0662,0.0000,0,collision
224,22,-207.04,3.07,44.70,0.0819,0.0000,0,collision
225,5,-201.94,1.18,5.19,0.2352,0.0000,0,collision
226,35,-173.50,14.26,163.45,0.0087,0.0109,0,collision
227,7,-202.14,1.57,6.31,0.1650,0.0000,0,collision
228,54,-155.62,20.16,221.18,0.0239,0.0034,0,collision
229,103,-194.25,4.47,343.24,0.0096,0.0255,0,collision
230,14,-212.38,0.96,12.10,0.0598,0.0172,0,collision
231,8,-202.99,1.65,6.44,0.1335,0.0000,0,collision
232,36,-184.91,10.91,226.05,0.0145,0.0000,0,collision
233,25,-192.08,12.59,122.80,0.0321,0.2499,0,collision
234,10,-206.54,1.70,18.58,0.1098,0.1171,0,collision
235,12,-199.41,3.30,30.59,0.0205,0.0000,0,collision
236,58,-161.44,12.15,283.30,0.0059,0.0272,0,collision
237,21,-193.25,4.24,49.88,0.0361,0.0000,0,collision
238,26,-186.18,6.60,135.09,0.0268,0.0000,0,collision
239,2,-200.34,0.53,0.74,0.1423,0.0000,0,collision
240,74,-193.33,7.62,245.03,0.0113,0.0356,0,collision
241,179,-130.87,12.15,430.50,0.0006,0.0024,0,collision
242,6,-203.28,1.66,7.79,0.1112,0.2151,0,collision
243,53,-166.57,13.84,141.52,0.0027,0.0165,0,collision
244,3,-201.14,1.26,1.98,0.1261,0.1077,0,collision
245,8,-202.03,2.49,21.14,0.1250,0.2598,0,collision
246,161,-128.94,10.64,505.63,0.0004,0.0022,0,collision
247,28,-205.16,3.13,68.94,0.0150,0.0000,0,collision
248,14,-191.89,5.76,69.30,0.0354,0.0000,0,collision
249,18,-191.83,4.63,72.56,0.0442,0.0000,0,collision
250,3,-202.05,0.69,2.61,0.2119,0.0000,0,collision
251,20,-190.81,8.57,127.46,0.0155,0.0698,0,collision
252,4,-204.11,0.60,1.78,0.1628,0.1740,0,collision
253,7,-204.06,1.04,6.42,0.1210,0.0000,0,collision
254,8,-199.38,3.44,49.52,0.0492,0.0000,0,collision
255,4,-201.56,1.14,3.84,0.2193,0.0000,0,collision
256,85,-198.39,4.37,255.14,0.0061,0.0424,0,collision
257,13,-199.71,3.79,62.78,0.0410,0.1218,0,collision
258,58,-157.94,13.96,225.35,0.0092,0.0109,0,collision
259,32,-217.41,2.11,51.45,0.0062,0.0974,0,collision
260,41,-172.57,15.05,155.20,0.0295,0.0253,0,collision
261,3,-203.13,0.31,0.68,0.2927,0.2883,0,collision
262,1,-200.00,0.00,0.00,0.0000,0.0000,0,collision
263,39,-172.25,14.54,143.14,0.0257,0.0194,0,collision
264,50,-176.28,5.81,182.58,0.0154,0.0000,0,collision
265,12,-209.34,1.12,6.15,0.0851,0.0000,0,collision
266,32,-172.37,19.69,194.98,0.0126,0.0274,0,collision
267,37,-169.16,16.85,69.06,0.0196,0.0204,0,collision
268,46,-174.64,11.47,214.02,0.0162,0.0282,0,collision
269,75,-161.55,7.86,298.63,0.0104,0.0195,0,collision
270,37,-178.86,10.01,248.84,0.0058,0.0357,0,collision
271,35,-197.81,3.93,117.42,0.0323,0.0000,0,collision
272,5,-205.06,0.18,0.59,0.2414,0.0000,0,collision
273,19,-214.79,1.56,18.47,0.0180,0.0343,0,collision
274,39,-181.28,14.28,99.68,0.0311,0.0114,0,collision
275,17,-212.22,1.42,20.77,0.0088,0.0000,0,collision
276,2,-200.85,0.22,0.22,0.6389,0.0000,0,collision
277,17,-215.21,0.97,9.90,0.0520,0.0145,0,collision
278,13,-195.47,3.51,42.88,0.0248,0.0000,0,collision
279,5,-200.67,2.34,18.04,0.0909,0.2175,0,collision
280,34,-178.05,10.65,227.97,0.0254,0.0242,0,collision
281,68,-190.01,10.96,159.26,0.0118,0.0000,0,collision
282,6,-208.20,0.56,2.60,0.1404,0.4415,0,collision
283,55,-164.35,11.03,354.46,0.0111,0.0403,0,collision
284,6,-199.72,2.63,13.42,0.2547,0.0000,0,collision
285,156,-157.00,8.40,532.42,0.0051,0.0031,0,collision
286,101,-203.26,5.06,272.80,0.0051,0.0000,0,collision
287,3,-202.05,0.69,2.61,0.4211,0.0000,0,collision
288,12,-199.73,3.13,24.73,0.0544,0.0000,0,collision
289,24,-195.27,7.51,154.90,0.0336,0.0829,0,collision
290,32,-193.55,4.99,166.82,0.0400,0.0789,0,collision
291,146,-231.35,4.65,412.44,0.0100,0.0035,0,collision
292,6,-197.79,3.30,18.82,0.0900,0.0000,0,collision
293,21,-200.97,3.23,57.42,0.0476,0.0000,0,collision
294,76,-140.39,16.66,238.17,0.0106,0.0081,0,collision
295,22,-211.29,2.00,22.73,0.0561,0.0173,0,collision
296,55,-171.08,11.79,148.11,0.0068,0.0272,0,collision
297,40,-171.76,15.93,156.82,0.0207,0.0000,0,collision
298,21,-206.01,2.50,26.14,0.0456,0.0000,0,collision
299,23,-202.08,2.71,38.35,0.0194,0.0404,0,collision
300,2,-200.32,1.04,2.51,0.5497,0.0000,0,collision
301,1,-200.00,0.00,0.00,0.0000,0.0000,0,collision
302,5,-203.32,1.02,4.56,0.1570,0.0000,0,collision
303,1,-200.00,0.00,0.00,0.0000,0.0000,0,collision
304,111,-152.68,9.14,421.87,0.0010,0.0000,0,collision
305,115,-202.83,8.04,291.55,0.0081,0.0114,0,collision
306,26,-202.21,2.98,46.86,0.0218,0.0000,0,collision
307,51,-180.14,10.59,167.06,0.0165,0.0462,0,collision
308,23,-207.36,2.57,35.69,0.0497,0.0545,0,collision
309,83,-173.17,6.87,282.12,0.0093,0.0153,0,collision
310,17,-217.93,0.60,8.26,0.0395,0.0000,0,collision
311,40,-177.08,14.35,53.75,0.0151,0.0150,0,collision
312,48,-215.80,3.82,161.92,0.0137,0.0000,0,collision
313,38,-184.26,10.33,172.04,0.0178,0.0554,0,collision
314,23,-213.44,1.69,36.95,0.0419,0.0000,0,collision
315,3,-200.83,1.24,1.86,0.1384,0.0349,0,collision
316,4,-201.42,0.92,2.03,0.3776,0.0000,0,collision
31,36,-229.09,1.37,31.63,0.0252,0.0000,0,collision
32,45,-196.70,4.23,148.60,0.0242,0.0168,0,collision
33,11,-204.08,2.10,24.83,0.0368,0.0000,0,collision
34,14,-191.73,6.01,61.16,0.0760,0.0000,0,collision
35,117,-168.73,5.68,382.73,0.0040,0.0000,0,collision
36,4,-201.59,1.22,4.71,0.2855,0.0000,0,collision
37,35,-210.56,2.74,79.25,0.0116,0.0000,0,collision
38,20,-198.24,3.39,46.67,0.0310,0.0000,0,collision
39,72,-148.82,9.34,301.23,0.0135,0.0000,0,collision
40,14,-199.90,3.48,45.49,0.0790,0.0000,0,collision
317,74,-220.34,3.49,186.91,0.0174,0.0000,0,collision
318,43,-175.35,13.06,228.71,0.0067,0.0065,0,collision
319,37,-197.60,3.86,76.30,0.0207,0.0000,0,collision
320,12,-213.97,0.49,4.84,0.0887,0.0000,0,collision
321,87,-164.28,9.83,325.25,0.0174,0.0152,0,collision
322,73,-236.56,1.86,77.24,0.0133,0.0067,0,collision
323,133,-179.29,6.88,423.31,0.0063,0.0027,0,collision
324,43,-171.35,12.07,211.88,0.0160,0.0261,0,collision
325,42,-171.35,12.60,170.05,0.0233,0.0174,0,collision
326,18,-202.41,3.81,72.83,0.0621,0.0000,0,collision
327,1,-200.00,0.00,0.00,0.0000,0.0000,0,collision
328,8,-197.83,3.87,37.73,0.1377,0.0000,0,collision
329,21,-210.97,1.77,24.65,0.0027,0.0419,0,collision
330,3,-199.64,2.08,9.94,0.2827,0.0772,0,collision
331,34,-192.90,4.79,100.41,0.0260,0.0572,0,collision
332,29,-206.64,2.74,51.47,0.0308,0.0953,0,collision
333,29,-185.95,5.71,117.44,0.0054,0.0000,0,collision
334,1,-200.00,0.00,0.00,0.0000,0.0000,0,collision
335,54,-201.55,3.29,125.65,0.0162,0.0320,0,collision
336,19,-205.16,2.10,19.04,0.0443,0.0382,0,collision
337,45,-229.14,1.99,63.81,0.0203,0.0000,0,collision
338,3,-202.85,0.40,1.02,0.3173,0.2078,0,collision
339,15,-200.10,4.52,90.01,0.0564,0.0000,0,collision
340,58,-176.72,6.21,238.93,0.0286,0.0185,0,collision
341,29,-186.83,7.18,163.59,0.0316,0.0690,0,collision
342,12,-213.89,0.56,4.73,0.0358,0.0000,0,collision
343,68,-158.67,9.75,299.08,0.0153,0.0000,0,collision
344,5,-202.99,0.63,3.55,0.2234,0.0000,0,collision
345,23,-205.62,2.78,41.79,0.0330,0.0000,0,collision
346,52,-178.17,5.20,235.27,0.0294,0.0000,0,collision
347,45,-201.77,4.39,224.06,0.0037,0.0000,0,collision
348,2,-201.66,0.00,0.10,0.5205,0.0000,0,collision
349,78,-219.25,2.99,187.33,0.0081,0.0000,0,collision
350,91,-160.38,7.39,420.78,0.0060,0.0172,0,collision
351,18,-212.92,1.40,13.73,0.0701,0.0000,0,collision
352,17,-198.33,4.01,59.35,0.0731,0.2089,0,collision
353,2,-200.86,0.00,0.10,0.2050,0.0000,0,collision
354,68,-209.90,5.35,159.05,0.0092,0.0269,0,collision
355,4,-202.35,1.14,3.95,0.2771,0.0000,0,collision
356,63,-170.33,6.44,282.53,0.0193,0.0000,0,collision
357,28,-217.54,1.69,32.33,0.0053,0.0000,0,collision
358,96,-205.08,7.27,247.88,0.0088,0.0000,0,collision
359,48,-192.43,7.79,179.52,0.0112,0.1394,0,collision
360,6,-205.24,0.85,4.39,0.0886,0.3393,0,collision
361,25,-200.64,3.87,87.93,0.0343,0.0000,0,collision
362,52,-214.90,2.85,97.23,0.0214,0.0000,0,collision
363,44,-242.62,0.91,24.04,0.0187,0.0222,0,collision
364,12,-205.06,2.15,26.06,0.0957,0.0000,0,collision
365,70,-182.55,6.62,257.70,0.0079,0.0745,0,collision
366,3,-202.54,0.00,0.20,0.0676,0.0000,0,collision
367,6,-204.58,0.94,2.50,0.0314,0.0000,0,collision
368,33,-220.77,1.93,42.35,0.0093,0.0490,0,collision
369,19,-201.47,2.59,25.64,0.0566,0.0000,0,collision
370,6,-207.12,0.35,2.14,0.1716,0.0093,0,collision
371,63,-188.99,6.05,217.48,0.0237,0.0000,0,collision
372,175,-126.48,8.24,778.39,0.0049,0.0165,0,collision
373,22,-201.39,5.30,76.28,0.0546,0.0828,0,collision
374,45,-171.43,9.66,247.28,0.0244,0.0297,0,collision
375,47,-188.76,12.28,173.77,0.0059,0.0650,0,collision
376,2,-200.86,0.00,0.10,0.2006,0.0503,0,collision
377,28,-184.02,11.12,258.08,0.0158,0.0902,0,collision
378,33,-182.72,5.72,126.44,0.0332,0.0578,0,collision
379,60,-199.78,3.40,134.56,0.0164,0.0349,0,collision
380,29,-196.07,8.77,132.33,0.0069,0.2661,0,collision
381,41,-182.92,6.14,177.83,0.0293,0.0000,0,collision
382,3,-199.98,2.08,9.94,0.2105,0.1099,0,collision
383,38,-196.52,4.81,105.01,0.0294,0.0815,0,collision
384,46,-186.58,5.32,150.32,0.0212,0.0000,0,collision
385,18,-212.38,1.39,15.04,0.0458,0.0000,0,collision
386,12,-212.20,0.71,5.44,0.0914,0.0000,0,collision
387,89,-185.27,6.70,316.98,0.0030,0.0690,0,collision
388,30,-191.13,6.32,141.13,0.0517,0.0000,0,collision
389,118,-191.72,8.96,238.75,0.0056,0.0544,0,collision
390,58,-164.91,10.29,230.82,0.0159,0.0074,0,collision
391,23,-208.45,2.69,40.92,0.0034,0.0000,0,collision
392,2,-200.36,0.00,0.10,0.4392,0.0000,0,collision
393,5,-204.39,0.37,0.83,0.2989,0.0000,0,collision
394,15,-218.81,0.39,4.89,0.0430,0.0076,0,collision
395,2,-200.85,0.15,0.15,0.3572,0.0000,0,collision
396,51,-210.08,4.23,175.93,0.0006,0.0000,0,collision
397,99,-208.11,7.57,303.69,0.0044,0.1021,0,collision
398,94,-131.70,13.96,416.45,0.0035,0.0041,0,collision
399,12,-203.94,2.67,28.57,0.0605,0.0000,0,collision
400,89,-205.23,5.05,313.89,0.0189,0.0089,0,collision
401,56,-165.99,13.67,277.14,0.0195,0.0052,0,collision
402,64,-176.65,11.17,117.81,0.0064,0.0000,0,collision
403,10,-206.22,1.25,14.79,0.1210,0.0000,0,collision
404,11,-200.05,3.02,30.01,0.0620,0.2099,0,collision
405,315,-176.64,6.50,924.73,0.0027,0.0017,0,collision
406,46,-173.51,13.41,128.69,0.0152,0.0277,0,collision
407,21,-192.06,4.93,109.56,0.0119,0.0000,0,collision
408,85,-196.65,6.33,153.86,0.0119,0.0000,0,collision
409,40,-217.12,2.67,83.78,0.0244,0.0000,0,collision
410,42,-195.70,11.39,170.66,0.0144,0.0163,0,collision
411,5,-204.63,0.42,2.04,0.0535,0.0000,0,collision
41,10,-206.50,1.40,12.43,0.1916,0.0128,0,collision
42,4,-201.84,1.03,1.31,0.1306,0.0000,0,collision
43,9,-196.56,4.29,50.56,0.1621,0.0046,0,collision
44,44,-172.09,10.57,249.44,0.0097,0.0180,0,collision
45,92,-153.06,9.17,366.72,0.0037,0.0246,0,collision
46,54,-192.10,5.79,240.13,0.0046,0.0000,0,collision
47,2,-200.63,0.62,0.97,0.4225,0.0000,0,collision
48,18,-203.87,2.45,28.11,0.0828,0.0000,0,collision
49,41,-224.67,2.13,66.63,0.0385,0.0532,0,collision
50,30,-189.40,4.56,115.64,0.0339,0.0907,0,collision
412,240,-153.64,9.09,844.28,0.0010,0.0055,0,collision
413,20,-201.42,2.98,30.87,0.0901,0.0000,0,collision
414,36,-188.13,7.34,258.51,0.0279,0.0262,0,collision
415,32,-218.64,1.71,33.82,0.0525,0.0000,0,collision
416,50,-172.61,6.23,250.37,0.0220,0.0000,0,collision
417,192,-227.34,6.60,358.77,0.0075,0.0000,0,collision
418,63,-195.64,9.65,239.59,0.0071,0.0127,0,collision
419,11,-197.30,3.73,39.56,0.0197,0.0000,0,collision
420,18,-204.54,2.91,60.22,0.0946,0.0991,0,collision
421,99,-170.11,6.77,378.97,0.0101,0.0118,0,collision
422,6,-202.80,1.26,2.53,0.1113,0.0000,0,collision
423,6,-206.19,0.42,2.39,0.1291,0.0329,0,collision
424,10,-202.08,2.15,20.22,0.0882,0.0000,0,collision
425,40,-167.73,14.37,173.58,0.0343,0.0000,0,collision
426,63,-190.95,5.96,226.19,0.0115,0.0000,0,collision
427,9,-207.99,0.79,5.12,0.1488,0.0000,0,collision
428,13,-198.44,3.17,29.72,0.0195,0.0321,0,collision
429,64,-184.63,8.66,207.12,0.0000,0.0189,0,collision
430,167,-105.90,11.40,669.65,0.0007,0.0169,0,collision
431,35,-183.58,14.69,137.23,0.0047,0.0223,0,collision
432,13,-215.12,0.51,6.27,0.0744,0.0000,0,collision
433,45,-167.75,13.72,249.35,0.0001,0.0123,0,collision
434,5,-204.87,0.29,1.22,0.1221,0.1313,0,collision
435,52,-163.09,14.18,199.42,0.0100,0.0257,0,collision
436,37,-178.80,12.37,137.86,0.0086,0.0000,0,collision
437,22,-187.50,6.11,99.99,0.0112,0.0000,0,collision
438,32,-180.09,8.70,225.23,0.0336,0.0291,0,collision
439,81,-169.37,11.27,324.91,0.0038,0.0110,0,collision
440,111,-119.39,18.48,133.67,0.0042,0.0013,0,collision
441,68,-136.64,20.81,116.90,0.0140,0.0148,0,collision
442,17,-191.49,10.86,79.56,0.0555,0.0658,0,collision
443,7,-203.42,1.32,6.04,0.0629,0.0000,0,collision
444,47,-173.15,12.80,78.42,0.0015,0.0247,0,collision
445,14,-200.10,3.27,38.59,0.0575,0.0000,0,collision
446,6,-207.67,0.00,0.50,0.0887,0.0000,0,collision
447,31,-185.79,6.20,153.21,0.0431,0.0000,0,collision
448,4,-199.04,2.36,10.90,0.0605,0.0000,0,collision
449,1,-200.00,0.00,0.00,0.0000,0.0000,0,collision
450,6,-207.50,0.04,0.51,0.1945,0.0000,0,collision
451,10,-196.22,3.58,26.93,0.0369,0.0000,0,collision
452,35,-179.69,14.09,205.56,0.0238,0.0516,0,collision
453,52,-174.37,12.71,174.52,0.0196,0.0792,0,collision
454,56,-174.12,11.91,115.12,0.0274,0.0168,0,collision
455,43,-177.61,7.48,181.72,0.0386,0.0000,0,collision
456,84,287.93,27.04,128.82,0.0000,0.0079,1,goal
457,67,-218.22,4.71,208.69,0.0044,0.0000,0,collision
458,2,-200.32,0.84,1.66,0.1713,0.0000,0,collision
459,9,-207.60,1.03,7.46,0.0449,0.0180,0,collision
460,117,-116.43,14.85,159.80,0.0040,0.0079,0,collision
461,29,-217.63,1.58,22.68,0.0325,0.0883,0,collision
462,37,-185.02,7.09,220.18,0.0030,0.0570,0,collision
463,66,-180.30,8.81,255.40,0.0016,0.0254,0,collision
464,81,-177.33,8.35,200.77,0.0113,0.0115,0,collision
465,145,-103.29,12.94,413.95,0.0009,0.0062,0,collision
466,3,-201.21,0.78,2.92,0.1994,0.0000,0,collision
467,18,-194.16,6.80,103.04,0.0693,0.0418,0,collision
468,1,-200.00,0.00,0.00,0.0000,0.0000,0,collision
469,38,-180.51,10.51,141.67,0.0162,0.0000,0,collision
470,5,-204.25,0.79,3.56,0.2061,0.1468,0,collision
471,1,-200.00,0.00,0.00,0.0000,0.0000,0,collision
472,24,-195.93,5.92,182.85,0.0511,0.0411,0,collision
473,32,-208.31,2.53,46.31,0.0503,0.0764,0,collision
474,7,-203.45,1.35,6.18,0.1244,0.0000,0,collision
475,58,-174.49,12.72,202.99,0.0191,0.1021,0,collision
476,11,-210.11,0.94,11.48,0.0574,0.0000,0,collision
477,52,-211.35,2.82,91.68,0.0263,0.0000,0,collision
478,22,-195.92,6.63,154.12,0.0095,0.0754,0,collision
479,98,-157.98,14.04,199.82,0.0078,0.0122,0,collision
480,214,-163.67,12.86,607.40,0.0016,0.0050,0,collision
481,24,-223.52,0.92,15.21,0.0463,0.0000,0,collision
482,14,-199.85,4.15,58.10,0.1138,0.0982,0,collision
483,47,-184.55,8.05,224.08,0.0148,0.0085,0,collision
484,33,-176.87,11.15,189.30,0.0024,0.0296,0,collision
485,7,-199.23,3.71,44.06,0.1249,0.0000,0,collision
486,5,-201.97,1.38,4.76,0.0778,0.0098,0,collision
487,48,-166.95,14.36,196.80,0.0043,0.0044,0,collision
488,36,-180.05,9.38,224.79,0.0104,0.0269,0,collision
489,71,-151.28,14.91,144.06,0.0045,0.0198,0,collision
490,70,-155.13,8.96,321.95,0.0100,0.0119,0,collision
491,67,-171.18,15.80,188.64,0.0158,0.0561,0,collision
492,89,-183.16,7.53,269.36,0.0092,0.0245,0,collision
493,128,-141.38,10.30,377.38,0.0036,0.0110,0,collision
494,31,-191.64,4.81,141.47,0.0300,0.0036,0,collision
495,53,-184.96,8.31,142.28,0.0133,0.0298,0,collision
496,46,-245.82,1.01,27.90,0.0140,0.0000,0,collision
497,173,-258.94,3.94,346.07,0.0022,0.0056,0,collision
498,9,-200.57,2.79,12.68,0.0179,0.0799,0,collision
499,68,-196.37,7.03,203.58,0.0262,0.0034,0,collision
500,5,-200.95,1.50,5.89,0.0525,0.0000,0,collision
501,30,-196.68,5.34,124.48,0.0426,0.0000,0,collision
51,31,-182.42,6.71,165.96,0.0381,0.0000,0,collision
52,26,-199.62,5.37,175.84,0.0731,0.0427,0,collision
53,41,-187.89,5.65,169.89,0.0267,0.0535,0,collision
54,69,-149.82,9.35,230.13,0.0112,0.0121,0,collision
55,8,-202.20,1.87,3.82,0.1770,0.1137,0,collision
56,36,-199.07,8.21,137.27,0.0245,0.0000,0,collision
57,2,-200.68,0.57,0.82,0.4065,0.0000,0,collision
58,24,-184.58,11.41,137.99,0.0117,0.0446,0,collision
59,123,-141.77,10.54,456.46,0.0062,0.0094,0,collision
60,74,-180.53,9.12,204.79,0.0140,0.0171,0,collision
502,58,-203.48,4.96,188.09,0.0294,0.0000,0,collision
503,143,-182.52,5.99,522.48,0.0035,0.0344,0,collision
504,108,-124.29,14.34,434.05,0.0000,0.0000,0,collision
505,7,-206.79,0.80,5.26,0.0041,0.0635,0,collision
506,102,-170.34,13.31,359.08,0.0043,0.0198,0,collision
507,7,-202.76,1.63,6.12,0.0855,0.0000,0,collision
508,45,-190.67,7.96,240.06,0.0228,0.0179,0,collision
509,56,-165.39,11.84,184.69,0.0241,0.0251,0,collision
510,25,-197.53,3.97,72.86,0.0445,0.0000,0,collision
511,55,-164.94,11.84,262.03,0.0196,0.0000,0,collision
512,52,-177.42,10.76,158.46,0.0157,0.0123,0,collision
513,81,-177.96,8.24,103.26,0.0136,0.0351,0,collision
514,6,-198.16,2.71,8.03,0.0874,0.0827,0,collision
515,19,-198.57,3.17,31.44,0.0438,0.0000,0,collision
516,13,-213.21,0.81,4.05,0.0503,0.0843,0,collision
517,17,-201.15,4.25,87.46,0.1007,0.0000,0,collision
518,78,-239.66,4.79,190.72,0.0223,0.0117,0,collision
519,68,-173.33,12.87,280.36,0.0110,0.0064,0,collision
520,50,-187.64,8.88,175.96,0.0268,0.0171,0,collision
521,37,-182.11,9.01,194.51,0.0241,0.1064,0,collision
522,35,-172.83,15.89,236.02,0.0233,0.0318,0,collision
523,2,-200.67,0.58,0.86,0.1231,0.0000,0,collision
524,60,-215.23,3.11,194.65,0.0121,0.0000,0,collision
525,117,-281.86,5.07,183.27,0.0048,0.0000,0,collision
526,2,-200.33,0.62,0.97,0.0691,0.0000,0,collision
527,3,-200.32,1.66,7.24,0.0870,0.1827,0,collision
528,4,-201.08,1.43,3.42,0.0961,0.0000,0,collision
529,88,-172.89,7.20,302.46,0.0092,0.0155,0,collision
530,51,-187.51,10.58,146.25,0.0039,0.0044,0,collision
531,179,-175.66,7.00,822.38,0.0052,0.0043,0,collision
532,62,-173.60,8.66,374.70,0.0076,0.0188,0,collision
533,8,-199.79,3.20,39.46,0.2461,0.0000,0,collision
534,86,-187.65,6.80,264.13,0.0033,0.0000,0,collision
535,9,-208.49,0.93,7.74,0.1041,0.0000,0,collision
536,39,-189.69,4.36,93.96,0.0195,0.1199,0,collision
537,38,-202.18,3.09,85.83,0.0280,0.0360,0,collision
538,88,-174.09,5.58,367.47,0.0014,0.0060,0,collision
539,9,-198.39,2.80,19.69,0.1426,0.0000,0,collision
540,1,-200.00,0.00,0.00,0.0000,0.0000,0,collision
541,69,-172.87,8.13,258.01,0.0163,0.0027,0,collision
542,32,-181.52,7.66,207.79,0.0130,0.0500,0,collision
543,81,-188.33,11.20,259.56,0.0128,0.0204,0,collision
544,105,-200.55,7.81,418.35,0.0089,0.0240,0,collision
545,13,-209.14,1.51,15.41,0.1116,0.0738,0,collision
546,6,-205.05,0.79,3.90,0.1036,0.0000,0,collision
547,29,-192.19,10.89,205.00,0.0444,0.0451,0,collision
548,56,-208.28,3.23,152.88,0.0193,0.0000,0,collision
549,20,-203.45,3.40,86.24,0.0713,0.0058,0,collision
550,23,-193.21,4.56,59.72,0.0439,0.0285,0,collision
551,35,-170.55,17.65,192.78,0.0153,0.0354,0,collision
552,149,-215.88,4.56,371.34,0.0104,0.0000,0,collision
553,7,-198.28,3.14,26.24,0.1519,0.0000,0,collision
554,11,-208.59,0.94,5.79,0.0406,0.0000,0,collision
555,22,-196.45,4.74,113.07,0.0368,0.0407,0,collision
556,121,-246.94,5.75,368.01,0.0069,0.0000,0,collision
557,1,-200.00,0.00,0.00,0.0000,0.0000,0,collision
558,56,-159.03,11.40,274.90,0.0218,0.0212,0,collision
559,79,-214.28,3.56,230.91,0.0118,0.0000,0,collision
560,112,-185.05,6.97,387.95,0.0074,0.0193,0,collision
561,44,-198.81,5.05,191.61,0.0197,0.2016,0,collision
562,42,-211.41,2.65,80.09,0.0212,0.0000,0,collision
563,228,-186.16,6.28,584.19,0.0037,0.0000,0,collision
564,55,-198.38,4.05,171.37,0.0173,0.0000,0,collision
565,132,-261.13,5.62,233.69,0.0027,0.0110,0,collision
566,96,-131.00,14.98,263.03,0.0053,0.0117,0,collision
567,9,-207.66,0.78,4.32,0.0166,0.0000,0,collision
568,12,-203.75,1.78,24.93,0.0351,0.0000,0,collision
569,22,-197.37,5.13,94.66,0.0389,0.0000,0,collision
570,16,-189.23,9.42,96.61,0.0315,0.0000,0,collision
571,23,-210.50,2.23,58.02,0.0230,0.0289,0,collision
572,5,-202.24,1.27,6.58,0.1393,0.0000,0,collision
573,85,-184.88,6.99,192.19,0.0131,0.0109,0,collision
574,43,-170.65,14.76,153.08,0.0410,0.0167,0,collision
575,38,-190.41,9.01,197.49,0.0096,0.0558,0,collision
576,42,-177.66,15.07,169.47,0.0127,0.0968,0,collision
577,6,-204.85,0.52,1.57,0.0510,0.0000,0,collision
578,27,-184.88,7.50,180.16,0.0158,0.0298,0,collision
579,149,-258.65,5.70,242.70,0.0067,0.0000,0,collision
580,80,-207.91,6.84,179.12,0.0114,0.0186,0,collision
581,2,-200.86,0.00,0.10,0.3160,0.0000,0,collision
582,25,-182.84,12.15,243.97,0.0306,0.0405,0,collision
61,16,-191.45,5.89,87.12,0.0792,0.0793,0,collision
62,75,-173.56,11.46,265.73,0.0114,0.0351,0,collision
63,17,-201.38,5.04,81.64,0.0123,0.1669,0,collision
64,21,-198.13,3.79,93.08,0.0536,0.0000,0,collision
65,58,-204.90,3.35,155.46,0.0261,0.0000,0,collision
66,51,-184.34,6.38,209.27,0.0101,0.0000,0,collision
67,46,-211.28,4.52,172.93,0.0196,0.0308,0,collision
68,15,-193.20,4.35,53.20,0.0365,0.0214,0,collision
69,185,-181.22,5.80,589.68,0.0029,0.0050,0,collision
70,94,-194.26,6.18,303.88,0.0048,0.0000,0,collision
583,55,-211.89,4.24,174.76,0.0232,0.0000,0,collision
584,256,-156.20,6.46,946.21,0.0025,0.0033,0,collision
585,2,-200.86,0.00,0.10,0.4329,0.0000,0,collision
586,40,-171.34,13.03,217.36,0.0134,0.0485,0,collision
587,64,-213.45,2.76,119.05,0.0312,0.0139,0,collision
588,59,-200.95,6.46,95.37,0.0041,0.0523,0,collision
589,54,-228.07,2.81,123.10,0.0233,0.0000,0,collision
590,69,-166.33,7.00,291.09,0.0080,0.0000,0,collision
591,26,-196.75,6.66,157.11,0.0383,0.2607,0,collision
592,119,-167.54,10.70,319.02,0.0052,0.0485,0,collision
593,110,-165.48,7.29,463.07,0.0064,0.0441,0,collision
594,66,-207.68,3.29,137.33,0.0158,0.0000,0,collision
595,3,-200.97,1.13,1.36,0.0279,0.0000,0,collision
596,50,-231.40,2.19,78.71,0.0087,0.0502,0,collision
597,58,-246.23,1.40,43.20,0.0049,0.0167,0,collision
598,33,-218.59,2.56,69.32,0.0344,0.0000,0,collision
599,71,-152.45,8.31,371.28,0.0160,0.0000,0,collision
600,17,-210.61,1.96,27.04,0.0576,0.2455,0,collision
601,48,-188.17,4.53,165.33,0.0171,0.0329,0,collision
602,8,-208.21,0.63,4.15,0.0631,0.0000,0,collision
603,80,-184.54,4.92,257.96,0.0196,0.0000,0,collision
604,68,-184.75,8.58,301.15,0.0243,0.0000,0,collision
605,60,-212.89,2.69,100.34,0.0190,0.0218,0,collision
606,68,-185.21,9.09,232.64,0.0142,0.0140,0,collision
607,153,-265.12,2.51,274.60,0.0058,0.0031,0,collision
608,111,-208.02,3.91,303.80,0.0154,0.0253,0,collision
609,6,-200.03,2.38,10.24,0.1053,0.0000,0,collision
610,68,-159.64,9.68,349.39,0.0091,0.0071,0,collision
611,21,-191.33,5.83,97.27,0.0639,0.0000,0,collision
612,108,-140.81,7.66,449.98,0.0084,0.0280,0,collision
613,4,-202.71,0.92,3.77,0.1196,0.0536,0,collision
614,52,-200.59,5.52,206.40,0.0097,0.0540,0,collision
615,48,-220.73,2.29,79.54,0.0179,0.0119,0,collision
616,117,-183.61,6.06,521.92,0.0099,0.0000,0,collision
617,50,-163.70,11.91,279.23,0.0087,0.0198,0,collision
618,1,-200.00,0.00,0.00,0.0000,0.0000,0,collision
619,52,-167.51,13.78,202.70,0.0083,0.0269,0,collision
620,1,-200.00,0.00,0.00,0.0000,0.0000,0,collision
621,55,-164.38,11.30,191.29,0.0061,0.0265,0,collision
622,11,-211.65,0.81,5.24,0.0116,0.0000,0,collision
623,76,-158.67,17.56,81.98,0.0142,0.0394,0,collision
624,65,-151.56,14.56,174.09,0.0056,0.0000,0,collision
625,2,-200.32,1.00,2.32,0.6532,0.0000,0,collision
626,57,-188.55,6.94,335.41,0.0033,0.0123,0,collision
627,2,-200.82,0.41,0.48,0.1792,0.0000,0,collision
628,42,-186.02,9.00,159.14,0.0222,0.0089,0,collision
629,40,-171.19,14.99,15.74,0.0328,0.0265,0,collision
630,28,-183.23,7.91,160.30,0.0278,0.0000,0,collision
631,51,-223.31,4.06,127.80,0.0220,0.0000,0,collision
632,74,-171.40,12.09,249.61,0.0101,0.0212,0,collision
633,23,-189.63,7.77,93.56,0.0232,0.0253,0,collision
634,80,-158.86,7.89,399.69,0.0012,0.0165,0,collision
635,55,-179.49,8.48,201.68,0.0168,0.0000,0,collision
636,67,-157.05,15.74,177.24,0.0153,0.0192,0,collision
637,52,-171.48,12.64,103.90,0.0029,0.0194,0,collision
638,93,-230.00,6.13,210.38,0.0145,0.0000,0,collision
639,5,-202.56,0.94,5.08,0.0266,0.0000,0,collision
640,92,-179.17,6.14,270.17,0.0102,0.0009,0,collision
641,43,-186.03,5.50,156.56,0.0012,0.0000,0,collision
642,77,-180.57,7.98,295.05,0.0044,0.0102,0,collision
643,9,-210.61,0.36,1.62,0.0369,0.0000,0,collision
644,43,-185.42,14.29,189.83,0.0126,0.0224,0,collision
645,106,-121.76,14.98,182.29,0.0033,0.0119,0,collision
646,98,-174.59,9.42,333.72,0.0105,0.0152,0,collision
647,30,-191.97,5.76,133.06,0.0492,0.0000,0,collision
648,27,-212.90,2.96,117.58,0.0000,0.1565,0,collision
649,25,-182.30,13.11,171.67,0.0314,0.0550,0,collision
650,27,-192.46,4.68,78.10,0.0474,0.0486,0,collision
651,22,-191.63,7.52,121.81,0.0034,0.0796,0,collision
652,42,-173.23,16.51,129.45,0.0030,0.0113,0,collision
653,55,-164.26,17.89,258.55,0.0040,0.0052,0,collision
654,64,-165.28,16.96,120.63,0.0048,0.0191,0,collision
655,19,-187.91,6.64,77.17,0.0574,0.0000,0,collision
656,2,-200.86,0.00,0.10,0.4786,0.0529,0,collision
657,60,-145.78,22.28,281.04,0.0292,0.0154,0,collision
658,4,-202.70,0.52,1.94,0.2296,0.0000,0,collision
659,6,-200.37,2.05,9.80,0.0649,0.0000,0,collision
660,6,-206.19,0.49,1.36,0.2178,0.0000,0,collision
661,34,-212.53,2.27,62.54,0.0240,0.0000,0,collision
662,49,-202.70,3.72,117.29,0.0134,0.0000,0,collision
71,117,-228.78,7.43,307.60,0.0090,0.0000,0,collision
72,55,-166.56,10.99,341.54,0.0084,0.0142,0,collision
73,32,-198.50,6.50,132.91,0.0133,0.0602,0,collision
74,5,-199.57,2.26,8.70,0.0527,0.0000,0,collision
75,45,-172.63,9.20,251.12,0.0174,0.0054,0,collision
76,18,-203.80,3.33,83.10,0.0241,0.0000,0,collision
77,30,-196.24,4.93,112.85,0.0390,0.0164,0,collision
78,68,-151.22,12.04,219.15,0.0183,0.0175,0,collision
79,2,-200.68,0.57,0.84,0.5115,0.0000,0,collision
80,2,-200.86,0.00,0.10,0.2992,0.0000,0,collision
663,109,-195.21,11.79,430.15,0.0095,0.0050,0,collision
664,217,-165.31,7.04,648.07,0.0072,0.0035,0,collision
665,102,-201.09,6.52,402.16,0.0079,0.0000,0,collision
666,63,-173.48,13.70,254.02,0.0058,0.0098,0,collision
667,7,-202.82,1.79,12.31,0.0844,0.0000,0,collision
668,27,-189.73,5.10,89.42,0.0325,0.0000,0,collision
669,66,-163.34,9.42,246.37,0.0000,0.0438,0,collision
670,68,-166.96,8.90,251.83,0.0113,0.0039,0,collision
671,4,-203.74,0.13,0.33,0.3040,0.0000,0,collision
672,9,-197.53,3.99,37.22,0.0924,0.0000,0,collision
673,104,-212.42,5.57,288.57,0.0103,0.0000,0,collision
674,50,-155.63,21.68,188.24,0.0098,0.0011,0,collision
675,25,-183.23,11.29,143.31,0.0463,0.0545,0,collision
676,5,-200.55,1.99,8.32,0.0373,0.0000,0,collision
677,122,-244.44,5.57,288.37,0.0101,0.0000,0,collision
678,83,-170.02,7.64,317.90,0.0040,0.0209,0,collision
679,38,-168.22,16.63,76.03,0.0132,0.0038,0,collision
680,63,-153.20,12.84,172.66,0.0173,0.0101,0,collision
681,11,-199.01,2.97,19.52,0.1041,0.0000,0,collision
682,48,-194.39,8.11,185.25,0.0303,0.1350,0,collision
683,42,-167.54,11.33,217.48,0.0190,0.0000,0,collision
684,45,-174.17,7.61,221.38,0.0163,0.0944,0,collision
685,82,-137.84,13.45,391.60,0.0072,0.0137,0,collision
686,58,-190.65,11.01,126.35,0.0158,0.0061,0,collision
687,55,-159.82,11.19,305.45,0.0092,0.0228,0,collision
688,20,-189.59,10.74,140.71,0.0071,0.0527,0,collision
689,70,-148.54,12.20,426.18,0.0059,0.0073,0,collision
690,93,-138.54,12.83,280.66,0.0104,0.0484,0,collision
691,31,-194.42,6.91,157.82,0.0278,0.0513,0,collision
692,157,-306.39,4.34,204.73,0.0073,0.0000,0,collision
693,100,-138.80,12.23,334.48,0.0051,0.0141,0,collision
694,17,-196.28,4.29,60.83,0.0207,0.0295,0,collision
695,49,-168.62,12.22,227.46,0.0117,0.0210,0,collision
696,33,-191.62,6.85,171.70,0.0016,0.2145,0,collision
697,25,-190.09,8.56,126.07,0.0647,0.1109,0,collision
698,2,-200.85,0.18,0.18,0.2936,0.0000,0,collision
699,5,-204.00,0.42,2.04,0.0801,0.0000,0,collision
700,29,-195.95,3.53,45.92,0.0502,0.0207,0,collision
701,14,-195.55,5.07,50.19,0.0456,0.0650,0,collision
702,18,-201.33,2.46,26.93,0.0570,0.0000,0,collision
703,50,-210.42,2.70,87.26,0.0246,0.0150,0,collision
704,24,-195.32,8.79,190.75,0.0379,0.0969,0,collision
705,18,-207.78,2.11,21.81,0.0738,0.0000,0,collision
706,89,-212.17,3.45,234.62,0.0019,0.0000,0,collision
707,192,-292.82,3.22,367.45,0.0055,0.0018,0,collision
708,91,-173.45,6.77,371.75,0.0146,0.0230,0,collision
709,90,-181.73,6.28,299.65,0.0088,0.0132,0,collision
710,112,-161.38,6.00,313.99,0.0023,0.0231,0,collision
711,225,-145.43,7.92,769.26,0.0024,0.0228,0,collision
712,38,-170.60,16.43,161.24,0.0255,0.0199,0,collision
713,12,-203.47,2.35,17.15,0.0123,0.1061,0,collision
714,43,-198.30,6.33,162.70,0.0155,0.1418,0,collision
715,34,-188.82,8.15,262.27,0.0029,0.0356,0,collision
716,48,-218.87,3.02,103.27,0.0118,0.0000,0,collision
717,3,-202.56,0.00,0.20,0.4899,0.0000,0,collision
718,3,-202.84,0.00,0.20,0.1532,0.0000,0,collision
719,70,-155.79,9.01,407.90,0.0186,0.0135,0,collision
720,18,-207.75,1.67,26.73,0.0674,0.0000,0,collision
721,50,-176.70,10.47,213.32,0.0199,0.0232,0,collision
722,112,-181.07,5.89,375.50,0.0092,0.0000,0,collision
723,68,-174.79,8.16,335.65,0.0136,0.0142,0,collision
724,14,-212.16,1.05,10.48,0.0264,0.0000,0,collision
725,68,-169.73,7.50,337.50,0.0112,0.0266,0,collision
726,45,-228.66,1.60,49.30,0.0173,0.0110,0,collision
727,74,-156.40,14.80,205.33,0.0222,0.0439,0,collision
728,31,-182.09,7.19,201.32,0.0406,0.0753,0,collision
729,111,-153.78,7.40,542.37,0.0054,0.0215,0,collision
730,43,-189.52,4.80,144.71,0.0140,0.0000,0,collision
731,47,-184.30,11.00,196.38,0.0174,0.0305,0,collision
732,127,-222.11,3.90,311.02,0.0079,0.0056,0,collision
81,72,-182.96,5.75,238.23,0.0043,0.0438,0,collision
82,141,-177.13,4.61,398.29,0.0129,0.0000,0,collision
83,1,-200.00,0.00,0.00,0.0000,0.0000,0,collision
84,245,-204.11,6.34,429.15,0.0073,0.0073,0,collision
85,1,-200.00,0.00,0.00,0.0000,0.0000,0,collision
86,92,-176.41,7.33,154.01,0.0023,0.0144,0,collision
87,46,-168.33,13.13,227.43,0.0227,0.0211,0,collision
88,62,-154.80,11.15,240.13,0.0019,0.0253,0,collision
89,104,-164.94,6.31,402.47,0.0011,0.0453,0,collision
90,47,-188.79,8.40,239.55,0.0118,0.0050,0,collision
733,14,-196.49,5.61,77.41,0.0605,0.0000,0,collision
734,1,-200.00,0.00,0.00,0.0000,0.0000,0,collision
735,9,-205.94,1.44,9.24,0.0054,0.0000,0,collision
736,5,-200.37,2.11,4.41,0.0879,0.0000,0,collision
737,48,-187.56,5.64,147.92,0.0182,0.0000,0,collision
738,93,-196.33,7.69,205.17,0.0093,0.0667,0,collision
739,62,-181.39,9.32,186.65,0.0131,0.0141,0,collision
740,119,-185.44,6.92,459.19,0.0084,0.0264,0,collision
741,77,-169.83,7.53,229.93,0.0065,0.0000,0,collision
742,39,-191.47,5.74,203.33,0.0286,0.0000,0,collision
743,52,-184.28,8.29,112.82,0.0189,0.0000,0,collision
744,73,-181.69,8.97,371.47,0.0200,0.0010,0,collision
745,79,-287.21,1.33,81.18,0.0086,0.0000,0,collision
746,109,-117.65,13.32,431.97,0.0012,0.0090,0,collision
747,173,-286.55,6.32,317.66,0.0075,0.0041,0,collision
748,4,-201.04,1.74,3.38,0.1460,0.0000,0,collision
749,147,-304.28,3.98,272.84,0.0088,0.0000,0,collision
750,99,-198.77,6.97,335.92,0.0078,0.0000,0,collision
751,31,-220.11,2.86,78.83,0.0270,0.1850,0,collision
752,105,-212.97,3.18,250.16,0.0056,0.0000,0,collision
753,36,-182.02,7.68,148.20,0.0182,0.1771,0,collision
754,103,-182.88,4.59,261.08,0.0033,0.0012,0,collision
755,113,-130.83,12.12,379.57,0.0013,0.0140,0,collision
756,25,-187.37,13.11,100.53,0.0158,0.1186,0,collision
757,4,-202.55,0.40,1.34,0.2382,0.0000,0,collision
758,159,-170.40,8.17,479.78,0.0110,0.0047,0,collision
759,287,-117.09,7.22,862.42,0.0001,0.0163,0,collision
760,60,-182.10,9.33,113.78,0.0084,0.0085,0,collision
761,26,-197.95,7.01,145.52,0.0643,0.0000,0,collision
762,64,-157.14,10.03,311.81,0.0114,0.0206,0,collision
763,49,-173.20,11.87,104.40,0.0034,0.0205,0,collision
764,28,-193.28,6.90,134.82,0.0302,0.2233,0,collision
765,3,-200.72,1.43,3.55,0.3323,0.0000,0,collision
766,8,-198.40,3.49,28.52,0.0288,0.0000,0,collision
767,2,-200.34,0.41,0.48,0.4792,0.0000,0,collision
768,79,-181.67,7.47,209.28,0.0127,0.0243,0,collision
769,16,-195.12,3.69,39.69,0.0698,0.0000,0,collision
770,117,-119.06,13.03,305.16,0.0074,0.0106,0,collision
771,59,-218.73,4.60,165.78,0.0110,0.0734,0,collision
772,163,-167.23,6.36,625.82,0.0056,0.0060,0,collision
773,94,-146.47,16.88,113.97,0.0056,0.0208,0,collision
774,82,-222.16,7.08,151.38,0.0099,0.0000,0,collision
775,206,-258.71,3.95,440.53,0.0072,0.0085,0,collision
776,1,-200.00,0.00,0.00,0.0000,0.0000,0,collision
777,2,-200.32,1.04,2.51,0.2297,0.0000,0,collision
778,14,-200.38,2.59,31.41,0.1165,0.0000,0,collision
779,25,-184.69,16.78,109.26,0.0353,0.0748,0,collision
780,125,-151.79,10.84,209.02,0.0019,0.0116,0,collision
781,169,-345.45,4.02,301.45,0.0074,0.1344,0,collision
782,114,-114.78,12.56,518.16,0.0023,0.0122,0,collision
783,64,-192.89,4.18,179.78,0.0206,0.1003,0,collision
784,37,-172.71,11.84,134.53,0.0326,0.0331,0,collision
785,1,-200.00,0.00,0.00,0.0000,0.0000,0,collision
786,26,-209.70,2.27,44.82,0.0305,0.0000,0,collision
787,20,-200.44,2.91,38.31,0.0565,0.0089,0,collision
788,6,-206.10,0.51,3.48,0.1667,0.0903,0,collision
789,180,-213.18,7.26,328.20,0.0047,0.0021,0,collision
790,53,-178.24,7.90,263.05,0.0000,0.0536,0,collision
791,50,-196.30,4.77,226.23,0.0188,0.0000,0,collision
792,2,-200.33,0.69,1.17,0.1024,0.0000,0,collision
91,70,-153.16,11.71,377.34,0.0088,0.0556,0,collision
92,136,-193.31,9.13,248.09,0.0051,0.0235,0,collision
93,66,-155.93,13.71,227.46,0.0110,0.0607,0,collision
94,122,-258.91,5.59,87.18,0.0098,0.0000,0,collision
95,34,-183.65,8.03,92.26,0.0197,0.0451,0,collision
96,109,-162.25,5.66,444.34,0.0000,0.0259,0,collision
97,3,-202.57,0.77,0.79,0.1828,0.5005,0,collision
98,44,-170.08,8.84,312.42,0.0022,0.0223,0,collision
99,128,-136.24,10.33,351.88,0.0074,0.0216,0,collision
100,39,-202.59,3.90,106.31,0.0020,0.0252,0,collision
793,232,-285.41,4.17,727.98,0.0043,0.0010,0,collision
794,174,303.16,11.66,453.88,0.0000,0.0000,1,goal
795,52,-168.55,12.01,84.05,0.0137,0.0344,0,collision
796,27,-181.26,11.13,246.36,0.0166,0.0099,0,collision
797,29,-182.16,9.46,153.61,0.0298,0.0000,0,collision
798,3,-202.53,0.27,0.59,0.1277,0.0000,0,collision
799,13,-205.57,1.95,22.85,0.0796,0.0000,0,collision
800,157,-188.36,6.08,613.73,0.0000,0.0180,0,collision
801,86,-127.50,16.65,262.38,0.0111,0.0043,0,collision
802,25,-185.37,6.28,117.79,0.0090,0.0000,0,collision
803,42,-172.17,7.79,180.64,0.0192,0.0000,0,collision
804,3,-201.77,0.48,1.34,0.1490,0.0000,0,collision
805,15,-196.41,4.51,90.03,0.0147,0.0000,0,collision
806,82,-171.32,10.04,312.20,0.0081,0.0265,0,collision
807,77,-140.46,14.62,431.47,0.0060,0.0186,0,collision
808,2,-200.32,1.04,2.51,0.0688,0.0000,0,collision
809,38,-182.49,7.55,256.01,0.0043,0.1063,0,collision
810,1,-200.00,0.00,0.00,0.0000,0.0000,0,collision
811,36,-192.99,5.29,153.01,0.0037,0.0548,0,collision
812,29,-188.92,6.54,154.31,0.0332,0.0000,0,collision
813,11,-213.51,0.42,2.93,0.1160,0.0000,0,collision
814,99,-196.62,6.20,374.16,0.0039,0.0183,0,collision
815,71,-200.98,6.82,196.75,0.0118,0.0337,0,collision
816,30,-183.28,8.83,193.43,0.0389,0.0958,0,collision
817,59,-180.37,8.93,255.35,0.0161,0.0075,0,collision
818,1,-200.00,0.00,0.00,0.0000,0.0000,0,collision
819,4,-203.69,0.24,0.82,0.1822,0.0936,0,collision
820,100,-167.00,9.23,295.23,0.0020,0.0183,0,collision
821,135,-140.03,7.57,516.72,0.0117,0.0118,0,collision
822,62,-192.85,4.61,224.92,0.0092,0.0000,0,collision
823,1,-200.00,0.00,0.00,0.0000,0.0000,0,collision
824,85,-217.00,3.70,205.47,0.0086,0.0000,0,collision
825,2,-200.32,1.01,2.39,0.0084,0.0000,0,collision
826,124,-229.36,4.71,332.38,0.0016,0.0020,0,collision
827,88,-152.56,15.89,109.31,0.0131,0.0000,0,collision
828,48,-194.10,3.83,123.85,0.0317,0.0142,0,collision
829,231,-309.44,4.30,695.17,0.0043,0.0049,0,collision
830,37,-178.50,12.66,247.36,0.0076,0.0732,0,collision
831,101,-158.77,5.95,320.27,0.0120,0.0208,0,collision
832,220,-265.46,3.00,428.91,0.0048,0.0236,0,collision
833,119,-241.62,6.83,286.86,0.0080,0.0017,0,collision
834,130,-156.92,10.77,195.77,0.0025,0.0038,0,collision
835,51,-181.22,5.67,206.60,0.0171,0.0799,0,collision
836,36,-181.39,6.97,149.20,0.0004,0.0631,0,collision
837,197,-205.94,6.49,559.15,0.0009,0.0003,0,collision
838,114,-117.50,11.83,610.74,0.0039,0.0184,0,collision
839,10,-202.32,2.22,23.03,0.0929,0.1749,0,collision
840,58,-196.98,6.82,218.87,0.0118,0.0188,0,collision
841,57,-173.80,9.76,366.50,0.0035,0.0896,0,collision
842,34,-183.01,8.99,212.96,0.0148,0.0288,0,collision
843,64,-162.95,9.82,358.30,0.0175,0.0187,0,collision
844,44,-179.73,11.58,92.54,0.0103,0.0129,0,collision
845,38,-172.34,12.62,202.22,0.0140,0.0297,0,collision
846,50,-157.76,20.53,148.84,0.0039,0.0218,0,collision
847,86,-138.98,16.23,254.87,0.0179,0.0125,0,collision
848,59,-160.99,17.22,86.90,0.0121,0.0224,0,collision
849,106,-211.11,6.39,261.09,0.0132,0.0000,0,collision
850,30,-182.53,13.14,186.18,0.0057,0.0277,0,collision
851,1,-200.00,0.00,0.00,0.0000,0.0000,0,collision
852,36,-194.94,7.89,100.65,0.0305,0.0000,0,collision
853,71,-148.38,11.60,367.78,0.0061,0.0209,0,collision
854,58,-161.47,10.93,366.40,0.0056,0.0330,0,collision
855,82,-131.96,17.95,144.43,0.0151,0.0095,0,collision
101,50,-170.14,13.80,228.38,0.0109,0.0174,0,collision
102,47,-166.81,12.06,195.08,0.0171,0.0292,0,collision
103,2,-200.34,0.37,0.42,0.5195,0.0000,0,collision
104,79,-179.94,7.47,326.42,0.0050,0.0384,0,collision
105,92,-269.44,2.74,112.53,0.0206,0.0000,0,collision
106,10,-202.53,2.82,22.89,0.0735,0.0842,0,collision
107,73,-179.51,5.18,242.86,0.0104,0.0000,0,collision
108,5,-204.96,0.67,2.98,0.1253,0.1728,0,collision
109,43,-238.44,1.29,40.26,0.0117,0.0000,0,collision
110,9,-205.13,1.17,5.54,0.0768,0.0000,0,collision
856,104,-227.18,6.42,410.72,0.0089,0.0043,0,collision
857,47,-167.21,9.30,141.42,0.0142,0.0000,0,collision
858,51,-171.51,8.72,302.40,0.0170,0.0269,0,collision
859,114,-119.42,11.26,337.47,0.0056,0.0137,0,collision
860,48,-181.78,7.43,204.40,0.0100,0.0512,0,collision
861,107,-165.74,7.44,352.02,0.0021,0.0152,0,collision
862,84,-166.85,7.94,445.39,0.0030,0.1254,0,collision
863,3,-199.64,1.98,8.63,0.3315,0.0000,0,collision
864,52,-161.59,11.83,165.05,0.0272,0.0692,0,collision
865,38,-178.42,7.89,219.01,0.0125,0.0000,0,collision
866,49,-184.28,6.15,298.13,0.0091,0.0465,0,collision
867,44,-172.54,11.29,190.96,0.0381,0.0247,0,collision
868,30,-184.84,7.08,148.39,0.0557,0.0094,0,collision
869,230,-434.08,1.29,207.85,0.0072,0.0025,0,collision
870,75,-159.95,11.19,354.60,0.0151,0.0000,0,collision
871,61,-176.60,13.04,234.01,0.0053,0.0236,0,collision
872,89,-130.47,14.44,148.11,0.0033,0.0133,0,collision
873,3,-201.65,0.32,0.73,0.2439,0.0000,0,collision
874,44,-171.24,14.81,88.81,0.0224,0.0352,0,collision
875,2,-200.35,0.97,2.19,0.8563,0.0000,0,collision
876,14,-207.84,2.04,40.01,0.0215,0.2784,0,collision
877,48,-169.59,13.41,73.03,0.0087,0.0258,0,collision
878,34,-193.93,5.78,165.13,0.0024,0.0824,0,collision
879,131,-271.18,3.96,104.36,0.0041,0.0021,0,collision
880,22,-203.79,2.50,40.13,0.0705,0.0000,0,collision
881,62,-156.25,10.24,359.84,0.0048,0.0149,0,collision
882,128,-235.92,5.38,304.52,0.0032,0.0000,0,collision
883,12,-194.00,6.06,82.08,0.0702,0.0000,0,collision
884,58,-231.58,4.42,146.48,0.0204,0.0000,0,collision
885,152,-111.81,9.63,517.38,0.0042,0.0087,0,collision
886,278,-176.16,5.62,719.46,0.0041,0.0277,0,collision
887,18,-198.63,3.55,44.33,0.0688,0.0190,0,collision
888,98,-288.77,1.58,103.41,0.0014,0.1047,0,collision
889,148,-202.03,4.23,390.55,0.0030,0.0006,0,collision
890,49,-193.33,6.05,175.53,0.0313,0.1022,0,collision
891,6,-202.72,1.84,8.16,0.1037,0.1034,0,collision
892,7,-205.25,1.17,8.21,0.1951,0.0000,0,collision
893,79,-190.79,5.49,259.11,0.0124,0.0293,0,collision
894,264,-225.56,4.64,735.29,0.0022,0.0000,0,collision
895,134,-175.22,5.16,461.94,0.0104,0.0000,0,collision
896,191,-234.30,6.04,347.74,0.0035,0.0000,0,collision
897,137,-193.74,4.97,321.24,0.0097,0.0000,0,collision
898,107,-185.72,5.91,386.72,0.0032,0.1572,0,collision
899,88,-250.70,2.41,113.14,0.0103,0.1853,0,collision
900,162,-187.98,8.09,394.32,0.0048,0.2336,0,collision
901,41,-228.62,1.60,47.08,0.0218,0.0000,0,collision
902,62,-200.06,5.26,174.82,0.0217,0.0000,0,collision
903,213,-272.80,3.13,331.42,0.0049,0.0000,0,collision
904,41,-205.34,3.39,89.65,0.0452,0.0171,0,collision
111,105,-149.00,9.04,498.58,0.0140,0.0080,0,collision
112,92,-192.68,6.98,317.23,0.0026,0.0217,0,collision
113,4,-202.35,1.10,3.70,0.1376,0.0000,0,collision
114,2,-200.86,0.00,0.10,0.5095,0.0000,0,collision
115,8,-203.43,1.24,7.91,0.0384,0.0000,0,collision
116,46,-187.52,8.37,97.52,0.0116,0.0323,0,collision
117,140,-127.05,9.22,521.73,0.0041,0.0076,0,collision
118,42,-182.55,5.67,209.64,0.0146,0.0254,0,collision
119,125,-124.07,9.23,593.33,0.0061,0.0132,0,collision
120,46,-171.28,10.12,175.64,0.0137,0.0153,0,collision
905,105,-222.06,4.74,322.98,0.0077,0.0690,0,collision
906,65,-188.30,7.75,108.02,0.0129,0.1443,0,collision
907,12,-209.07,1.29,11.31,0.0434,0.0000,0,collision
908,28,-185.88,10.43,92.73,0.0010,0.0561,0,collision
909,47,-198.74,4.59,105.13,0.0092,0.0086,0,collision
910,3,-203.08,0.00,0.20,0.3333,0.2213,0,collision
911,114,-167.81,6.49,384.16,0.0034,0.0410,0,collision
912,137,-176.22,10.30,471.98,0.0097,0.0000,0,collision
913,15,-203.27,2.82,44.31,0.0841,0.0000,0,collision
914,110,-177.81,5.90,266.84,0.0079,0.1215,0,collision
915,75,-164.18,6.23,233.47,0.0048,0.0446,0,collision
916,26,-206.02,2.59,44.40,0.0582,0.0353,0,collision
917,122,-102.00,14.59,226.23,0.0106,0.0000,0,collision
918,31,-184.10,15.04,116.16,0.0165,0.0671,0,collision
919,60,-173.49,8.85,236.91,0.0005,0.0259,0,collision
920,32,-182.75,7.31,171.77,0.0237,0.0237,0,collision
921,147,-157.55,8.10,392.44,0.0032,0.0117,0,collision
922,12,-208.70,1.39,12.47,0.0647,0.0673,0,collision
923,43,-180.48,12.01,265.98,0.0165,0.0281,0,collision
924,1,-200.00,0.00,0.00,0.0000,0.0000,0,collision
925,14,-214.27,0.75,4.85,0.0038,0.0000,0,collision
926,121,-133.33,10.42,419.49,0.0048,0.0091,0,collision
927,37,-175.82,10.74,247.78,0.0199,0.1213,0,collision
928,98,-193.22,7.46,57.59,0.0049,0.0000,0,collision
929,55,-184.97,4.77,179.17,0.0093,0.0464,0,collision
930,72,-149.75,14.25,264.23,0.0103,0.0011,0,collision
931,102,-174.84,6.23,303.30,0.0103,0.0000,0,collision
932,204,-182.81,6.15,629.68,0.0007,0.0000,0,collision
933,46,-204.16,6.53,138.55,0.0096,0.3323,0,collision
934,35,-176.03,10.73,137.53,0.0357,0.0000,0,collision
935,97,-251.72,3.81,224.00,0.0127,0.0000,0,collision
936,26,-198.10,4.86,126.40,0.0540,0.0000,0,collision
937,8,-197.32,3.86,29.58,0.1376,0.0000,0,collision
938,126,-110.89,11.72,369.18,0.0082,0.0170,0,collision
939,59,-162.34,7.66,198.53,0.0101,0.0000,0,collision
940,126,-202.41,4.12,382.40,0.0018,0.0763,0,collision
941,94,-161.27,6.85,323.40,0.0014,0.1195,0,collision
942,22,-184.49,13.50,189.43,0.0552,0.0025,0,collision
943,71,-156.37,9.74,285.96,0.0144,0.0542,0,collision
944,105,-238.91,5.57,154.00,0.0063,0.0000,0,collision
945,94,-158.01,8.07,437.38,0.0028,0.0002,0,collision
946,177,-172.10,6.44,510.56,0.0106,0.0200,0,collision
947,143,-196.10,7.71,630.02,0.0043,0.0359,0,collision
948,93,-171.72,7.03,365.91,0.0069,0.0827,0,collision
949,192,-250.34,3.70,493.07,0.0053,0.0152,0,collision
950,148,-176.39,5.07,495.17,0.0086,0.0299,0,collision
951,98,-179.77,4.69,314.91,0.0122,0.0000,0,collision
952,102,-237.11,5.80,265.77,0.0084,0.0000,0,collision
953,158,-159.42,7.51,697.04,0.0035,0.0092,0,collision
954,131,-114.93,10.04,464.25,0.0062,0.0079,0,collision
955,4,-202.87,0.54,2.82,0.0563,0.0000,0,collision
956,66,-231.22,2.18,115.52,0.0169,0.1319,0,collision
121,172,-159.61,7.75,349.48,0.0045,0.0025,0,collision
122,104,-188.77,6.33,368.00,0.0128,0.0084,0,collision
123,41,-182.19,6.38,165.84,0.0433,0.0000,0,collision
124,78,-214.68,3.91,172.15,0.0036,0.1092,0,collision
125,122,-169.76,6.75,426.91,0.0144,0.0812,0,collision
126,3,-201.08,0.54,0.82,0.0155,0.0000,0,collision
127,64,-188.92,7.13,222.81,0.0104,0.1076,0,collision
128,2,-200.33,0.67,1.10,0.2318,0.0000,0,collision
129,8,-209.49,0.41,3.47,0.1540,0.0000,0,collision
130,4,-202.37,1.11,2.64,0.0556,0.0000,0,collision
957,73,-202.25,4.12,233.92,0.0134,0.0000,0,collision
958,131,-193.53,4.59,341.53,0.0058,0.0000,0,collision
959,93,-128.52,14.07,310.63,0.0196,0.0039,0,collision
960,210,-181.35,6.53,717.01,0.0002,0.0556,0,collision
961,64,-171.76,7.88,306.52,0.0312,0.0000,0,collision
962,73,-227.04,2.40,153.99,0.0057,0.0263,0,collision
963,104,-207.44,5.10,412.18,0.0125,0.0143,0,collision
964,61,-214.72,3.58,178.43,0.0096,0.0208,0,collision
965,86,-182.41,7.89,315.16,0.0125,0.0000,0,collision
966,140,-198.74,4.96,283.97,0.0065,0.0000,0,collision
967,25,-225.18,0.97,14.26,0.0429,0.0000,0,collision
968,55,-202.64,4.96,207.82,0.0151,0.0170,0,collision
969,163,-163.76,8.45,477.59,0.0123,0.1024,0,collision
970,159,-117.70,14.14,133.50,0.0072,0.0002,0,collision
971,13,-201.22,2.32,21.40,0.1267,0.0000,0,collision
972,139,-214.34,6.28,424.02,0.0065,0.1960,0,collision
973,132,-218.66,4.23,391.54,0.0079,0.0275,0,collision
974,64,-171.32,8.82,348.66,0.0059,0.0127,0,collision
975,45,-172.43,12.75,100.66,0.0403,0.0000,0,collision
976,82,-177.29,10.02,176.70,0.0043,0.1216,0,collision
977,147,-188.01,5.76,493.60,0.0067,0.0026,0,collision
978,96,-168.07,6.01,346.00,0.0139,0.0000,0,collision
979,22,-212.91,1.75,29.09,0.0030,0.1012,0,collision
980,206,-149.87,7.62,745.24,0.0023,0.0000,0,collision
981,105,-147.03,9.87,370.72,0.0128,0.0000,0,collision
982,1,-200.00,0.00,0.00,0.0000,0.0000,0,collision
983,85,-171.57,7.42,262.74,0.0071,0.0179,0,collision
984,3,-199.65,2.08,9.94,0.2656,0.0000,0,collision
985,81,-256.29,1.40,69.49,0.0087,0.0450,0,collision
986,71,-218.73,4.40,124.01,0.0155,0.0000,0,collision
987,5,-202.10,0.98,2.34,0.2048,0.0000,0,collision
988,23,-221.17,1.67,21.83,0.0581,0.1316,0,collision
989,37,-187.15,8.44,201.65,0.0219,0.0000,0,collision
990,107,-202.61,5.58,259.73,0.0061,0.0029,0,collision
991,150,-149.50,7.90,611.78,0.0015,0.0384,0,collision
992,103,-156.21,6.27,435.30,0.0056,0.0211,0,collision
993,106,-201.49,5.84,376.07,0.0075,0.0198,0,collision
994,713,-825.27,2.07,748.66,0.0004,0.0241,0,collision
995,4,-199.04,2.37,9.59,0.2688,0.0000,0,collision
996,70,-195.37,5.50,172.38,0.0117,0.0384,0,collision
997,21,-185.20,9.72,128.40,0.0400,0.0000,0,collision
131,112,-195.61,5.42,368.21,0.0041,0.0496,0,collision
132,1,-200.00,0.00,0.00,0.0000,0.0000,0,collision
133,27,-190.87,5.60,125.46,0.0396,0.0000,0,collision
134,5,-198.66,3.44,32.00,0.1542,0.0000,0,collision
135,107,-169.88,10.15,303.49,0.0064,0.0000,0,collision
136,141,-121.62,10.17,386.06,0.0115,0.0088,0,collision
137,297,-174.50,6.71,925.11,0.0056,0.0005,0,collision
138,188,-268.13,3.70,481.06,0.0052,0.0000,0,collision
139,36,-205.35,3.54,90.52,0.0216,0.0000,0,collision
140,155,-240.98,4.39,419.66,0.0087,0.0000,0,collision
998,105,-194.09,5.83,344.95,0.0098,0.0000,0,collision
999,153,-226.38,3.85,374.25,0.0034,0.1509,0,collision
1000,22,-200.55,2.96,54.23,0.0077,0.0648,0,collision
1001,59,-163.44,9.57,378.63,0.0000,0.0217,0,collision
1002,119,-204.51,4.16,372.84,0.0088,0.0723,0,collision
1003,41,-180.79,6.84,239.07,0.0218,0.0756,0,collision
1004,95,-221.75,4.60,239.56,0.0109,0.1566,0,collision
1005,68,-141.11,18.31,-21.23,0.0080,0.0185,0,collision
1006,2,-200.80,0.43,0.51,0.4944,0.0000,0,collision
1007,18,-211.68,1.79,26.93,0.0373,0.1272,0,collision
1008,148,-215.97,6.11,461.50,0.0087,0.0000,0,collision
1009,73,-155.27,8.35,260.50,0.0001,0.0000,0,collision
1010,253,-209.44,5.60,506.40,0.0038,0.0008,0,collision
1011,159,-142.07,8.16,552.89,0.0042,0.0121,0,collision
1012,26,-206.52,2.32,42.98,0.0411,0.0000,0,collision
1013,13,-199.40,2.59,35.00,0.0851,0.0000,0,collision
1014,86,-190.44,8.00,190.22,0.0186,0.0000,0,collision
1015,4,-198.96,2.62,15.19,0.0353,0.0000,0,collision
1016,193,-152.14,6.79,569.24,0.0032,0.0003,0,collision
1017,1,-200.00,0.00,0.00,0.0000,0.0000,0,collision
1018,170,-122.14,12.06,516.21,0.0048,0.0377,0,collision
1019,57,-181.02,10.08,207.81,0.0175,0.0000,0,collision
1020,73,-179.71,8.71,215.81,0.0023,0.0417,0,collision
1021,12,-199.97,2.31,19.53,0.0778,0.0000,0,collision
1022,144,-266.27,4.67,330.92,0.0086,0.0000,0,collision
1023,3,-202.31,0.44,1.17,0.2182,0.0000,0,collision
1024,91,-181.43,6.89,213.97,0.0026,0.0294,0,collision
1025,122,-108.17,11.38,504.85,0.0104,0.0083,0,collision
1026,114,-106.26,14.90,387.48,0.0149,0.0000,0,collision
1027,289,-298.86,5.37,677.39,0.0048,0.0055,0,collision
1028,113,-128.26,12.32,168.57,0.0036,0.0117,0,collision
1029,93,-181.62,6.82,246.16,0.0087,0.0422,0,collision
1030,53,-194.79,3.86,109.55,0.0127,0.0572,0,collision
1031,165,-155.89,9.51,334.54,0.0093,0.0546,0,collision
1032,2,-200.71,0.54,0.76,0.2845,0.0000,0,collision
1033,70,-169.72,8.28,287.90,0.0078,0.0267,0,collision
1034,74,-179.30,6.72,255.67,0.0080,0.2753,0,collision
1035,84,-149.00,8.32,375.64,0.0055,0.0111,0,collision
1036,5,-203.34,1.09,2.10,0.0000,0.1443,0,collision
1037,150,-177.01,6.76,622.44,0.0043,0.0159,0,collision
1038,16,-204.09,2.03,12.50,0.0913,0.0074,0,collision
1039,103,-198.03,4.25,339.20,0.0122,0.0000,0,collision
1040,3,-201.92,0.86,3.22,0.1161,0.0000,0,collision
1041,200,-260.96,5.26,372.07,0.0020,0.0000,0,collision
1042,172,-145.38,7.64,564.26,0.0059,0.0110,0,collision
1043,91,-171.27,6.76,305.30,0.0071,0.0288,0,collision
141,139,-158.66,8.18,598.84,0.0072,0.1019,0,collision
142,38,-213.84,2.55,80.82,0.0182,0.0000,0,collision
143,108,-184.26,6.93,322.79,0.0021,0.0068,0,collision
144,54,-176.31,10.85,161.09,0.0231,0.0337,0,collision
145,155,-176.15,4.97,481.79,0.0078,0.0014,0,collision
146,2,-200.33,0.81,1.58,0.0212,0.0000,0,collision
147,113,-203.93,6.29,305.51,0.0090,0.0020,0,collision
148,42,-195.18,6.88,129.28,0.0256,0.0000,0,collision
149,2,-200.34,0.39,0.44,0.4125,0.0000,0,collision
150,37,-196.37,7.27,51.66,0.0044,0.1042,0,collision
1044,226,-272.46,6.94,431.41,0.0012,0.0122,0,collision
1045,96,-252.34,3.35,221.82,0.0137,0.0916,0,collision
1046,25,-188.02,5.58,92.50,0.0280,0.0273,0,collision
1047,88,-186.41,5.00,259.04,0.0189,0.0024,0,collision
1048,142,-192.55,4.16,376.42,0.0052,0.0022,0,collision
1049,175,-131.04,8.54,509.01,0.0049,0.1014,0,collision
1050,86,-150.19,7.71,343.55,0.0095,0.0672,0,collision
1051,9,-203.53,1.76,14.42,0.1577,0.0000,0,collision
1052,148,-351.02,1.67,156.32,0.0053,0.0043,0,collision
1053,178,-257.54,3.10,337.00,0.0076,0.1468,0,collision
1054,202,-166.64,6.52,700.87,0.0065,0.0050,0,collision
1055,53,-192.04,5.29,234.91,0.0147,0.0045,0,collision
1056,126,-179.63,6.61,219.82,0.0028,0.0295,0,collision
1057,3,-200.99,0.59,1.10,0.3350,0.0000,0,collision
1058,113,-219.67,5.59,349.49,0.0144,0.1968,0,collision
1059,44,-164.04,14.89,54.91,0.0188,0.0000,0,collision
1060,142,-265.58,4.73,418.72,0.0061,0.0000,0,collision
1061,131,-280.46,2.24,257.98,0.0064,0.0000,0,collision
1062,43,-175.07,10.50,205.20,0.0110,0.0318,0,collision
1063,317,311.75,7.80,1159.84,0.0000,0.0016,1,goal
1064,382,204.19,5.11,955.09,0.0000,0.0330,1,goal
1065,2,-201.66,0.00,0.10,0.0000,0.0000,0,collision
1066,133,-202.11,5.11,401.61,0.0083,0.0000,0,collision
1067,44,-204.31,3.42,83.20,0.0235,0.0018,0,collision
1068,130,-213.91,4.74,260.59,0.0140,0.1273,0,collision
1069,3,-203.67,0.00,0.20,0.2624,0.1165,0,collision
1070,161,-319.77,1.93,243.40,0.0102,0.0000,0,collision
1071,139,-206.42,4.32,320.15,0.0108,0.1148,0,collision
1072,171,-149.87,7.62,524.90,0.0035,0.0590,0,collision
1073,1,-200.00,0.00,0.00,0.0000,0.0000,0,collision
1074,139,-219.15,4.78,367.50,0.0071,0.1163,0,collision
1075,2,-200.32,1.04,2.51,0.0469,0.0000,0,collision
1076,101,-170.51,8.43,441.00,0.0107,0.0000,0,collision
1077,1,-200.00,0.00,0.00,0.0000,0.0000,0,collision
1078,139,-193.67,4.71,418.78,0.0023,0.0647,0,collision
1079,7,-200.91,1.73,12.55,0.0872,0.0000,0,collision
1080,219,-210.49,6.32,556.93,0.0026,0.0476,0,collision
151,58,-213.62,3.82,112.82,0.0080,0.0064,0,collision
152,161,-210.84,4.14,390.53,0.0086,0.0000,0,collision
153,164,-196.84,3.96,409.21,0.0057,0.0303,0,collision
154,163,-95.14,9.87,783.21,0.0012,0.0000,0,collision
155,71,-221.96,5.05,211.77,0.0195,0.0000,0,collision
156,66,-187.24,5.11,259.42,0.0058,0.0000,0,collision
157,275,-164.19,4.92,934.51,0.0059,0.0034,0,collision
158,354,-174.86,6.16,952.35,0.0013,0.0755,0,collision
159,201,-147.94,5.52,675.89,0.0047,0.0000,0,collision
160,148,-219.31,4.69,394.44,0.0063,0.0000,0,collision
1081,131,-234.11,6.34,547.18,0.0039,0.0215,0,collision
1082,268,-157.11,5.47,969.41,0.0046,0.0215,0,collision
1083,122,-258.74,2.71,189.82,0.0000,0.1488,0,collision
1084,198,-229.39,4.69,524.16,0.0055,0.0000,0,collision
1085,120,-201.24,4.48,400.04,0.0154,0.0254,0,collision
1086,285,-148.12,4.79,870.92,0.0027,0.0373,0,collision
1087,206,-217.78,4.21,522.45,0.0042,0.0897,0,collision
1088,148,-176.54,5.31,454.61,0.0066,0.0000,0,collision
1089,223,-139.97,5.93,806.66,0.0051,0.0431,0,collision
1090,187,-172.68,4.27,586.48,0.0031,0.0292,0,collision
1091,161,-104.33,9.70,701.90,0.0024,0.0000,0,collision
1092,267,309.50,8.56,794.58,0.0000,0.0053,1,goal
1093,244,-136.21,7.04,637.82,0.0029,0.0000,0,collision
1094,183,-233.49,4.67,446.41,0.0063,0.0014,0,collision
1095,195,-143.47,8.14,833.30,0.0046,0.0000,0,collision
1096,92,-210.46,3.53,186.73,0.0122,0.0250,0,collision
1097,13,-206.37,1.46,11.42,0.0776,0.0512,0,collision
1098,72,-179.53,4.53,195.78,0.0105,0.0000,0,collision
1099,12,-208.87,1.35,15.78,0.0325,0.0146,0,collision
1100,137,-206.19,4.48,468.64,0.0071,0.1873,0,collision
1101,113,-177.90,6.14,374.21,0.0137,0.0000,0,collision
1102,229,-259.27,4.58,445.52,0.0044,0.0000,0,collision
1103,209,-138.22,6.43,725.45,0.0029,0.0427,0,collision
1104,110,-248.04,6.21,137.52,0.0093,0.0000,0,collision
1105,148,-215.62,3.88,262.31,0.0042,0.1188,0,collision
1106,3,-202.05,0.30,0.34,0.3900,0.0000,0,collision
1107,49,-202.82,5.54,131.48,0.0315,0.0073,0,collision
161,66,-217.36,3.70,152.01,0.0087,0.0000,0,collision
162,34,-178.05,15.41,147.62,0.0036,0.0633,0,collision
163,125,-221.68,4.73,414.10,0.0050,0.0000,0,collision
164,16,-191.29,6.65,80.29,0.0348,0.0000,0,collision
165,228,-183.64,4.38,602.17,0.0021,0.0268,0,collision
166,64,-156.22,11.36,151.19,0.0113,0.0000,0,collision
167,101,-201.06,3.80,266.07,0.0088,0.0033,0,collision
168,86,-237.22,4.47,75.47,0.0100,0.0000,0,collision
169,166,-211.06,5.15,527.83,0.0085,0.0580,0,collision
170,54,-198.13,5.65,210.17,0.0237,0.1549,0,collision
1108,117,-199.54,12.09,407.84,0.0112,0.0093,0,collision
1109,124,-179.25,5.89,394.08,0.0086,0.0000,0,collision
1110,67,-208.40,2.99,148.92,0.0092,0.0035,0,collision
1111,65,-166.45,9.20,202.94,0.0130,0.0000,0,collision
1112,99,-167.01,12.02,130.65,0.0043,0.1882,0,collision
1113,13,-193.86,5.59,41.31,0.0332,0.0294,0,collision
1114,32,-215.66,2.40,64.57,0.0239,0.3150,0,collision
1115,155,-299.95,1.89,233.53,0.0065,0.0000,0,collision
1116,124,-183.31,4.78,426.41,0.0068,0.0142,0,collision
1117,95,-190.59,5.96,349.87,0.0126,0.0000,0,collision
1118,117,-223.42,5.43,264.42,0.0089,0.0000,0,collision
1119,133,-250.25,2.37,210.08,0.0099,0.0039,0,collision
1120,22,-216.79,1.54,20.65,0.0557,0.1968,0,collision
1121,121,-216.83,4.93,358.24,0.0123,0.1274,0,collision
1122,49,-170.58,11.36,252.30,0.0050,0.0230,0,collision
1123,104,-197.43,5.62,230.05,0.0136,0.0014,0,collision
1124,133,-207.10,4.42,316.68,0.0012,0.0952,0,collision
1125,73,-177.88,5.57,195.38,0.0002,0.0374,0,collision
1126,136,-190.55,4.75,423.14,0.0013,0.0642,0,collision
1127,220,-215.95,6.57,610.20,0.0039,0.0000,0,collision
1128,189,-167.09,5.77,432.59,0.0012,0.0017,0,collision
1129,103,-138.06,8.71,335.35,0.0151,0.0000,0,collision
1130,150,-168.63,4.48,402.35,0.0024,0.0362,0,collision
1131,109,-216.59,4.15,257.70,0.0086,0.0313,0,collision
1132,149,-193.97,4.77,371.59,0.0046,0.0000,0,collision
1133,310,-148.89,6.50,1035.00,0.0010,0.0145,0,collision
1134,156,-165.57,5.26,483.98,0.0037,0.0335,0,collision
1135,7,-207.44,0.66,4.13,0.0183,0.0000,0,collision
1136,2,-201.66,0.00,0.10,0.1094,0.0000,0,collision
1137,168,-204.08,5.08,421.23,0.0042,0.0841,0,collision
1138,154,-193.41,5.00,480.68,0.0070,0.0485,0,collision
1139,112,-165.97,6.01,312.68,0.0083,0.0229,0,collision
1140,70,-197.36,8.37,289.53,0.0138,0.0000,0,collision
1141,96,-172.13,6.77,395.54,0.0168,0.0000,0,collision
1142,57,-198.00,4.16,138.08,0.0046,0.1056,0,collision
1143,96,-194.36,4.29,285.87,0.0073,0.0022,0,collision
1144,7,-207.84,0.26,0.82,0.0352,0.0000,0,collision
1145,172,-111.44,8.00,709.16,0.0061,0.0000,0,collision
171,40,-185.66,5.79,150.42,0.0242,0.0000,0,collision
172,193,-257.35,3.67,462.58,0.0065,0.0005,0,collision
173,148,-213.40,5.78,445.79,0.0050,0.0000,0,collision
174,81,-166.11,8.55,324.29,0.0134,0.0000,0,collision
175,1,-200.00,0.00,0.00,0.0000,0.0000,0,collision
176,205,-340.94,1.88,245.70,0.0068,0.0000,0,collision
177,48,-178.34,8.40,236.75,0.0263,0.0000,0,collision
178,3,-203.85,0.00,0.20,0.1384,0.3017,0,collision
179,146,-217.82,4.49,379.53,0.0085,0.0855,0,collision
180,124,-182.18,5.20,326.85,0.0056,0.0388,0,collision
1146,71,-217.23,7.59,361.06,0.0057,0.0289,0,collision
1147,303,-263.69,3.91,703.76,0.0030,0.0194,0,collision
1148,6,-207.08,0.36,2.13,0.0541,0.0000,0,collision
1149,56,-170.15,6.46,271.50,0.0297,0.0077,0,collision
1150,2,-202.05,0.00,0.10,0.5403,0.2291,0,collision
1151,3,-200.72,0.73,2.76,0.4595,0.0000,0,collision
1152,130,-169.59,5.56,409.45,0.0015,0.0025,0,collision
1153,137,-198.08,4.23,406.04,0.0056,0.0086,0,collision
1154,185,-216.23,3.31,356.17,0.0087,0.0000,0,collision
1155,268,-257.95,3.47,617.14,0.0000,0.0084,0,collision
1156,18,-201.20,2.94,42.53,0.0753,0.0000,0,collision
1157,158,-215.60,4.36,430.27,0.0071,0.0063,0,collision
1158,148,-196.59,4.54,407.24,0.0000,0.0045,0,collision
1159,97,-164.64,6.85,353.41,0.0153,0.0000,0,collision
1160,122,-194.88,4.55,387.00,0.0126,0.0000,0,collision
1161,10,-200.59,2.70,25.62,0.1109,0.0000,0,collision
1162,68,-180.53,8.98,220.11,0.0044,0.0094,0,collision
1163,162,-127.26,8.94,696.57,0.0006,0.0040,0,collision
1164,187,-212.95,4.56,481.67,0.0061,0.0144,0,collision
1165,1,-200.00,0.00,0.00,0.0000,0.0000,0,collision
1166,425,-421.42,2.60,554.24,0.0039,0.0040,0,collision
1167,49,-190.75,6.13,190.31,0.0241,0.0000,0,collision
1168,2,-202.00,0.12,0.14,0.2797,0.2826,0,collision
1169,147,-258.46,4.43,257.00,0.0097,0.1311,0,collision
1170,149,-225.39,3.97,321.17,0.0069,0.0200,0,collision
1171,226,-297.45,2.88,398.65,0.0040,0.0943,0,collision
1172,95,-237.41,2.47,162.56,0.0094,0.0000,0,collision
1173,22,-204.88,2.17,23.87,0.0537,0.0000,0,collision
1174,215,-305.39,2.69,330.96,0.0038,0.1139,0,collision
1175,219,-295.99,2.72,351.68,0.0033,0.0000,0,collision
1176,294,-281.95,3.08,568.06,0.0037,0.0030,0,collision
1177,56,-225.40,2.25,86.89,0.0159,0.0527,0,collision
181,44,-213.04,2.89,75.37,0.0220,0.0495,0,collision
182,2,-200.32,1.04,2.51,0.1511,0.0000,0,collision
183,95,-307.06,0.60,38.14,0.0116,0.1430,0,collision
184,22,-226.30,0.96,16.07,0.0698,0.6387,0,collision
185,75,-256.78,2.85,135.25,0.0117,0.2368,0,collision
186,65,-187.69,4.44,185.07,0.0228,0.0000,0,collision
187,277,-314.60,3.15,559.23,0.0041,0.0076,0,collision
188,113,-247.79,1.98,133.57,0.0040,0.0000,0,collision
189,65,-217.94,2.80,116.86,0.0139,0.0000,0,collision
190,182,-252.47,3.11,309.38,0.0045,0.0000,0,collision
1178,130,-211.05,5.64,399.90,0.0055,0.0148,0,collision
1179,175,-110.11,7.65,726.64,0.0070,0.0222,0,collision
1180,160,-192.29,3.91,395.45,0.0041,0.0012,0,collision
1181,186,-212.32,4.20,460.11,0.0008,0.0378,0,collision
1182,198,-151.55,7.00,569.55,0.0054,0.0093,0,collision
1183,196,-142.89,5.90,744.60,0.0040,0.0002,0,collision
1184,202,-110.96,7.25,788.21,0.0040,0.0022,0,collision
1185,43,-177.52,6.91,212.57,0.0240,0.0000,0,collision
1186,174,-154.24,7.65,712.86,0.0055,0.0104,0,collision
1187,90,-231.09,3.06,146.27,0.0198,0.0204,0,collision
1188,464,-238.38,4.49,1238.85,0.0033,0.0096,0,collision
1189,278,290.40,7.02,1219.27,0.0000,0.0171,1,goal
1190,10,-208.57,1.02,6.48,0.0657,0.0000,0,collision
1191,95,-160.76,6.18,318.27,0.0058,0.0000,0,collision
1192,326,-221.19,4.61,984.98,0.0033,0.0092,0,collision
1193,80,-265.83,1.07,55.96,0.0074,0.0785,0,collision
1194,78,-191.44,4.24,243.53,0.0245,0.0000,0,collision
1195,2,-200.32,1.04,2.51,0.1521,0.0000,0,collision
1196,114,-292.40,1.67,122.50,0.0074,0.3230,0,collision
1197,181,-253.64,3.33,355.92,0.0049,0.0116,0,collision
1198,95,-156.65,7.31,414.37,0.0078,0.0000,0,collision
1199,108,-214.39,5.32,399.33,0.0097,0.2354,0,collision
1200,75,-168.85,7.24,241.95,0.0117,0.0192,0,collision
1201,67,-215.49,2.98,111.60,0.0099,0.0074,0,collision
1202,18,-209.64,1.74,22.46,0.0988,0.1993,0,collision
1203,83,-196.15,3.57,194.94,0.0125,0.0000,0,collision
1204,91,-214.69,3.04,163.18,0.0163,0.0063,0,collision
1205,2,-201.26,0.00,0.10,0.7338,0.2415,0,collision
1206,123,-197.38,5.67,282.48,0.0002,0.0098,0,collision
1207,92,-175.57,5.94,376.25,0.0125,0.0056,0,collision
1208,87,-206.10,4.54,256.24,0.0102,0.0816,0,collision
1209,10,-209.42,0.79,7.52,0.0757,0.0000,0,collision
191,108,-217.62,6.55,264.52,0.0069,0.0278,0,collision
192,144,-214.34,4.94,386.68,0.0095,0.0000,0,collision
193,182,-170.45,6.92,533.94,0.0055,0.0000,0,collision
194,66,-193.43,8.09,124.64,0.0155,0.1690,0,collision
195,21,-234.27,0.14,2.46,0.0222,0.4546,0,collision
196,37,-204.59,3.18,87.96,0.0249,0.0659,0,collision
197,166,-175.32,7.03,484.08,0.0012,0.0000,0,collision
198,128,-174.21,6.02,430.69,0.0087,0.0000,0,collision
199,503,-286.52,3.97,1246.16,0.0020,0.0319,0,collision
200,27,-188.96,4.05,69.84,0.0253,0.0000,0,collision
1210,137,-131.38,9.88,446.57,0.0054,0.0040,0,collision
1211,88,-179.62,7.83,311.84,0.0052,0.0064,0,collision
1212,11,-212.14,0.53,3.23,0.0747,0.0000,0,collision
1213,93,-171.34,6.72,374.92,0.0141,0.0100,0,collision
1214,46,-203.71,3.50,84.40,0.0176,0.0388,0,collision
1215,81,-151.77,8.12,396.34,0.0076,0.0157,0,collision
1216,2,-200.73,0.52,0.70,0.0759,0.0000,0,collision
1217,107,-199.40,4.74,254.00,0.0156,0.0773,0,collision
1218,53,-216.53,2.29,85.55,0.0167,0.0000,0,collision
1219,193,-204.90,5.21,475.56,0.0013,0.0284,0,collision
1220,1,-200.00,0.00,0.00,0.0000,0.0000,0,collision
1221,108,-145.55,6.72,473.77,0.0167,0.0099,0,collision
1222,52,-213.80,2.71,87.76,0.0143,0.0312,0,collision
1223,96,-210.76,7.05,127.33,0.0055,0.1259,0,collision
1224,55,-167.99,10.46,132.59,0.0256,0.0134,0,collision
1225,20,-200.22,3.36,38.74,0.0693,0.0000,0,collision
1226,59,-212.96,2.76,113.37,0.0215,0.0000,0,collision
1227,53,-220.93,2.16,67.97,0.0189,0.0068,0,collision
1228,75,-192.30,5.57,163.25,0.0121,0.0480,0,collision
1229,95,-193.92,6.26,272.01,0.0061,0.0000,0,collision
1230,95,-162.03,6.85,365.69,0.0081,0.0000,0,collision
1231,217,-265.44,2.75,357.59,0.0029,0.0000,0,collision
1232,160,-173.53,5.10,517.05,0.0078,0.0585,0,collision
1233,25,-219.21,1.36,20.54,0.0201,0.1187,0,collision
1234,90,-257.06,2.79,127.78,0.0098,0.0000,0,collision
1235,2,-200.32,1.04,2.51,0.6098,0.0000,0,collision
1236,126,-207.14,4.52,324.51,0.0105,0.1371,0,collision
1237,280,-218.49,4.19,702.22,0.0029,0.0082,0,collision
1238,295,-205.62,4.17,778.19,0.0037,0.0624,0,collision
1239,3,-201.36,0.77,1.79,0.1700,0.0000,0,collision
1240,102,-288.40,1.32,66.54,0.0092,0.0092,0,collision
1241,89,-187.95,5.66,339.40,0.0175,0.1237,0,collision
1242,70,-160.70,8.38,285.22,0.0004,0.0368,0,collision
1243,90,-271.76,1.37,66.86,0.0104,0.0369,0,collision
1244,50,-174.24,9.92,231.87,0.0106,0.0000,0,collision
1245,183,-219.97,6.33,410.61,0.0064,0.0571,0,collision
1246,44,-169.23,8.71,267.83,0.0189,0.0000,0,collision
1247,167,-158.39,7.25,518.39,0.0019,0.0148,0,collision
1248,95,-178.09,6.82,335.13,0.0041,0.0003,0,collision
1249,115,-264.82,2.07,175.20,0.0084,0.0000,0,collision
1250,81,-150.75,10.03,227.15,0.0001,0.0360,0,collision
1251,13,-195.64,5.81,90.93,0.0938,0.0000,0,collision
1252,85,-179.57,6.57,335.14,0.0045,0.0117,0,collision
1253,89,-155.79,7.64,396.70,0.0159,0.0000,0,collision
1254,205,-145.57,6.41,758.62,0.0046,0.0000,0,collision
201,207,-190.68,4.56,659.14,0.0053,0.0112,0,collision
202,152,-242.00,3.64,327.57,0.0062,0.0366,0,collision
203,97,-201.67,5.86,369.77,0.0123,0.0113,0,collision
204,106,-218.70,2.60,156.09,0.0105,0.0029,0,collision
205,74,-165.49,8.22,249.50,0.0153,0.0000,0,collision
206,2,-200.46,0.84,1.67,0.1020,0.0000,0,collision
207,51,-169.62,7.57,249.09,0.0310,0.0099,0,collision
208,163,-211.73,3.73,359.86,0.0071,0.0363,0,collision
209,97,-157.78,6.93,370.77,0.0087,0.0000,0,collision
210,161,-214.89,3.62,379.22,0.0040,0.0260,0,collision
1255,297,-361.68,4.42,750.48,0.0032,0.0060,0,collision
1256,1,-200.00,0.00,0.00,0.0000,0.0000,0,collision
1257,75,-262.76,1.25,70.74,0.0094,0.0703,0,collision
1258,183,-247.48,3.87,400.74,0.0015,0.0000,0,collision
1259,191,-261.70,3.64,458.94,0.0054,0.0030,0,collision
1260,172,-248.73,3.95,367.24,0.0031,0.0573,0,collision
1261,267,-126.31,5.97,933.63,0.0037,0.0070,0,collision
1262,88,-215.82,3.13,181.27,0.0168,0.0106,0,collision
1263,188,-213.32,3.90,401.60,0.0059,0.0243,0,collision
1264,123,-175.62,4.74,373.94,0.0163,0.0055,0,collision
1265,166,-218.46,3.53,348.35,0.0067,0.0416,0,collision
1266,32,-213.87,1.78,37.26,0.0370,0.0000,0,collision
1267,162,-206.32,4.13,360.31,0.0077,0.0000,0,collision
1268,162,-233.06,4.16,295.49,0.0050,0.0501,0,collision
1269,162,-248.44,4.09,361.50,0.0067,0.0000,0,collision
1270,155,-120.07,8.50,488.36,0.0030,0.0169,0,collision
1271,154,-230.51,7.31,441.51,0.0049,0.0000,0,collision
1272,48,-172.06,11.41,196.15,0.0079,0.0436,0,collision
1273,2,-200.32,0.88,1.82,0.2396,0.0019,0,collision
1274,298,-45.17,10.06,1123.41,0.0031,0.0206,0,collision
1275,78,-208.76,2.95,132.16,0.0035,0.0000,0,collision
1276,198,-118.46,7.69,652.02,0.0082,0.0389,0,collision
1277,2,-200.68,1.04,2.51,0.1156,0.2033,0,collision
1278,115,-222.11,6.33,224.61,0.0030,0.0093,0,collision
1279,2,-200.32,1.04,2.51,0.1354,0.0000,0,collision
1280,56,-187.63,7.60,179.86,0.0059,0.0000,0,collision
1281,145,-102.00,10.18,767.07,0.0089,0.0139,0,collision
1282,123,-137.67,11.23,259.99,0.0015,0.0610,0,collision
1283,98,-204.30,6.10,289.35,0.0037,0.2399,0,collision
1284,142,-164.47,6.21,461.46,0.0101,0.0197,0,collision
1285,1,-200.00,0.00,0.00,0.0000,0.0000,0,collision
1286,7,-200.36,2.38,13.99,0.1016,0.0284,0,collision
1287,56,-171.76,11.02,173.90,0.0066,0.0434,0,collision
1288,144,-140.46,9.31,569.40,0.0078,0.0009,0,collision
211,196,-114.48,8.13,704.30,0.0028,0.0437,0,collision
212,184,-94.71,9.01,831.50,0.0004,0.0231,0,collision
213,37,-185.53,8.43,162.23,0.0197,0.0480,0,collision
214,105,-123.65,15.02,188.99,0.0010,0.0180,0,collision
215,341,-180.80,5.95,920.67,0.0008,0.0154,0,collision
216,143,-146.98,8.50,371.41,0.0068,0.1217,0,collision
217,73,-149.56,8.85,280.63,0.0146,0.0495,0,collision
218,117,-205.44,3.83,317.14,0.0000,0.0361,0,collision
219,117,-304.71,3.21,118.04,0.0127,0.0085,0,collision
220,72,-162.79,8.61,331.64,0.0153,0.0653,0,collision
1289,90,-225.03,4.79,242.72,0.0118,0.0078,0,collision
1290,133,-223.11,6.49,503.64,0.0024,0.0445,0,collision
1291,3,-203.01,0.18,0.37,0.0886,0.1491,0,collision
1292,24,-194.62,5.56,97.68,0.0033,0.0960,0,collision
1293,44,-189.19,4.57,139.84,0.0258,0.0103,0,collision
1294,62,-185.86,9.50,168.24,0.0112,0.0000,0,collision
1295,68,-158.28,10.08,239.05,0.0178,0.0113,0,collision
1296,67,-169.21,8.31,233.72,0.0087,0.0552,0,collision
1297,107,-171.48,7.90,475.51,0.0074,0.0485,0,collision
1298,78,-192.40,6.64,332.09,0.0110,0.0000,0,collision
1299,2,-200.32,1.04,2.51,0.1527,0.0000,0,collision
1300,93,-170.25,7.23,358.95,0.0020,0.0246,0,collision
1301,123,-164.85,6.47,342.69,0.0066,0.0067,0,collision
1302,142,-167.28,4.95,468.21,0.0083,0.0000,0,collision
1303,53,-164.31,10.47,175.11,0.0103,0.0401,0,collision
1304,22,-187.54,7.99,122.18,0.0255,0.0852,0,collision
1305,139,-146.29,7.36,560.84,0.0066,0.0000,0,collision
1306,1,-200.00,0.00,0.00,0.0000,0.0000,0,collision
1307,61,-218.35,2.75,108.45,0.0069,0.0908,0,collision
1308,3,-203.34,0.00,0.20,0.0635,0.0000,0,collision
1309,114,-135.63,7.49,440.83,0.0099,0.0147,0,collision
1310,219,-163.94,5.11,675.21,0.0064,0.0134,0,collision
1311,108,-184.54,6.51,355.31,0.0049,0.1103,0,collision
1312,73,-153.95,11.19,381.20,0.0059,0.0674,0,collision
1313,49,-163.15,13.18,141.96,0.0170,0.0499,0,collision
1314,95,-242.71,2.53,207.68,0.0077,0.0080,0,collision
1315,120,-196.17,4.91,368.01,0.0080,0.0000,0,collision
1316,177,-175.72,5.29,489.61,0.0021,0.0095,0,collision
1317,1,-200.00,0.00,0.00,0.0000,0.0000,0,collision
1318,114,-202.35,3.35,281.52,0.0067,0.0000,0,collision
1319,150,-189.83,4.34,471.17,0.0106,0.0012,0,collision
1320,251,-152.32,5.51,900.63,0.0036,0.0156,0,collision
1321,282,357.59,9.22,1233.41,0.0000,0.0085,1,goal
1322,120,-198.34,4.83,299.88,0.0076,0.1830,0,collision
1323,105,-169.99,6.30,431.67,0.0063,0.0128,0,collision
1324,53,-197.64,4.31,173.31,0.0156,0.0000,0,collision
1325,105,-175.25,5.48,292.63,0.0152,0.0712,0,collision
1326,133,-171.52,4.56,391.78,0.0111,0.0000,0,collision
1327,207,-137.16,6.34,627.44,0.0041,0.0000,0,collision
1328,2,-200.32,1.04,2.51,0.0867,0.0000,0,collision
1329,120,-164.09,6.81,479.85,0.0132,0.0244,0,collision
221,128,-126.31,8.96,566.85,0.0144,0.0000,0,collision
222,107,-197.64,6.21,343.11,0.0089,0.2817,0,collision
223,133,-133.42,8.72,519.77,0.0081,0.0646,0,collision
224,128,-198.83,5.18,412.37,0.0002,0.1132,0,collision
225,97,-155.31,6.31,375.30,0.0040,0.0598,0,collision
226,1,-200.00,0.00,0.00,0.0000,0.0000,0,collision
227,98,-149.81,6.24,362.94,0.0173,0.0000,0,collision
228,131,-135.98,10.38,369.77,0.0087,0.0000,0,collision
229,2,-200.32,1.04,2.51,0.2103,0.0000,0,collision
230,97,-236.78,6.94,263.95,0.0081,0.0000,0,collision
1330,296,-129.50,6.62,1198.42,0.0053,0.0035,0,collision
1331,44,-171.36,9.79,272.46,0.0202,0.0459,0,collision
1332,2,-200.94,1.04,2.51,0.1094,0.4038,0,collision
1333,41,-184.29,6.29,136.11,0.0249,0.1969,0,collision
1334,122,-116.22,12.13,405.47,0.0097,0.0383,0,collision
1335,77,-174.73,8.24,313.31,0.0063,0.1746,0,collision
1336,54,-157.36,12.32,204.08,0.0270,0.0000,0,collision
1337,200,-142.42,7.64,518.98,0.0041,0.0997,0,collision
1338,233,-286.04,4.50,502.63,0.0042,0.0043,0,collision
1339,69,-148.79,9.96,346.32,0.0179,0.0000,0,collision
1340,132,-110.75,10.27,367.99,0.0025,0.0112,0,collision
1341,36,-196.75,5.32,169.81,0.0228,0.0225,0,collision
1342,96,-190.50,4.68,332.98,0.0109,0.0000,0,collision
1343,77,-166.78,7.78,280.23,0.0219,0.0105,0,collision
1344,32,-185.79,8.71,124.83,0.0268,0.0604,0,collision
1345,178,-288.96,3.76,371.57,0.0068,0.0000,0,collision
1346,306,-491.42,1.65,328.59,0.0029,0.0012,0,collision
1347,48,-167.83,11.79,208.86,0.0161,0.0000,0,collision
1348,131,-210.42,3.70,328.08,0.0066,0.0912,0,collision
1349,2,-200.32,1.04,2.51,0.3369,0.0000,0,collision
1350,154,-106.91,8.06,700.74,0.0045,0.0326,0,collision
1351,73,-147.62,8.61,396.17,0.0153,0.0000,0,collision
1352,156,-117.49,8.15,596.84,0.0031,0.0335,0,collision
1353,155,-205.34,9.20,279.71,0.0078,0.0083,0,collision
1354,195,-225.24,6.75,368.11,0.0076,0.0000,0,collision
1355,2,-200.86,0.00,0.10,0.4892,0.0000,0,collision
1356,98,-182.19,6.63,375.26,0.0072,0.0821,0,collision
1357,170,-321.63,3.89,267.81,0.0052,0.0562,0,collision
1358,34,-186.92,8.36,192.21,0.0450,0.0000,0,collision
1359,134,-178.05,6.23,459.71,0.0055,0.1485,0,collision
1360,78,-145.10,10.73,357.13,0.0094,0.0235,0,collision
1361,38,-168.03,14.67,210.29,0.0408,0.0000,0,collision
1362,100,-159.93,7.10,364.11,0.0026,0.0000,0,collision
1363,77,-156.42,8.31,313.24,0.0028,0.0258,0,collision
1364,46,-178.61,5.35,142.16,0.0291,0.0619,0,collision
1365,112,-151.27,7.39,486.80,0.0012,0.0135,0,collision
1366,37,-189.96,4.63,134.32,0.0307,0.0000,0,collision
1367,120,-164.12,5.01,342.65,0.0131,0.0313,0,collision
1368,84,-231.09,4.54,224.82,0.0047,0.2528,0,collision
1369,53,-159.47,12.76,244.76,0.0274,0.0000,0,collision
1370,108,-174.87,5.72,375.07,0.0088,0.1102,0,collision
231,48,-166.39,10.22,345.87,0.0281,0.0397,0,collision
232,101,-134.39,9.42,621.36,0.0020,0.0576,0,collision
233,2,-200.86,0.00,0.10,0.1617,0.0000,0,collision
234,15,-203.07,2.36,23.49,0.0708,0.0000,0,collision
235,30,-190.31,7.86,213.73,0.0057,0.0969,0,collision
236,81,-143.22,10.92,317.70,0.0062,0.0258,0,collision
237,74,-235.96,3.31,216.35,0.0225,0.0000,0,collision
238,1,-200.00,0.00,0.00,0.0000,0.0000,0,collision
239,236,-404.44,2.89,255.05,0.0032,0.0000,0,collision
240,3,-200.51,1.45,6.03,0.3333,0.2116,0,collision
1371,179,-132.80,10.28,830.76,0.0030,0.0078,0,collision
1372,172,-189.66,7.14,569.20,0.0054,0.0000,0,collision
1373,83,-190.29,5.75,259.45,0.0126,0.0000,0,collision
1374,49,-165.53,12.72,183.75,0.0013,0.0000,0,collision
1375,87,-202.45,7.01,277.46,0.0095,0.0000,0,collision
1376,139,-260.75,4.97,369.36,0.0072,0.0095,0,collision
1377,55,-164.01,10.03,270.58,0.0178,0.0344,0,collision
1378,18,-188.51,6.67,105.66,0.0553,0.0000,0,collision
1379,147,-114.76,9.59,585.10,0.0001,0.0118,0,collision
1380,103,-288.59,3.07,182.08,0.0074,0.0000,0,collision
1381,147,-161.62,9.43,572.66,0.0084,0.0017,0,collision
1382,150,-127.44,7.83,640.12,0.0016,0.0794,0,collision
1383,48,-164.61,10.87,170.29,0.0066,0.0255,0,collision
1384,91,-139.08,8.96,293.54,0.0086,0.0218,0,collision
1385,96,-182.94,8.82,393.06,0.0117,0.0175,0,collision
1386,73,-159.97,7.55,344.28,0.0178,0.0271,0,collision
1387,98,-191.06,7.11,401.07,0.0161,0.0000,0,collision
1388,53,-159.22,12.60,205.62,0.0038,0.0200,0,collision
1389,65,-191.81,5.71,193.10,0.0088,0.0942,0,collision
1390,33,-175.22,12.35,147.38,0.0025,0.0272,0,collision
1391,71,-149.35,9.90,374.49,0.0111,0.0000,0,collision
1392,128,-128.23,8.76,543.90,0.0022,0.0179,0,collision
1393,52,-173.24,8.36,230.62,0.0146,0.0052,0,collision
1394,267,-192.49,5.19,746.65,0.0025,0.0482,0,collision
1395,157,-283.40,3.79,197.83,0.0098,0.0104,0,collision
1396,1,-200.00,0.00,0.00,0.0000,0.0000,0,collision
1397,167,-367.16,1.91,189.71,0.0059,0.0138,0,collision
1398,73,-157.53,9.10,285.81,0.0019,0.0303,0,collision
1399,96,-180.79,6.41,346.99,0.0055,0.0680,0,collision
1400,211,-171.50,7.59,771.08,0.0040,0.0189,0,collision
1401,133,-122.84,7.90,527.90,0.0057,0.0000,0,collision
1402,98,-170.31,8.71,340.29,0.0106,0.0059,0,collision
1403,149,-128.75,8.91,385.02,0.0013,0.0249,0,collision
1404,281,340.85,8.74,1046.09,0.0000,0.0000,1,goal
1405,168,-184.15,7.79,553.26,0.0077,0.0000,0,collision
1406,154,-143.83,6.39,600.27,0.0066,0.0281,0,collision
241,60,-199.86,3.92,147.71,0.0111,0.1476,0,collision
242,2,-200.34,0.48,0.62,0.2944,0.0000,0,collision
243,3,-200.66,1.25,4.96,0.0000,0.0000,0,collision
244,147,-142.21,6.73,527.00,0.0067,0.0000,0,collision
245,43,-171.85,10.31,230.70,0.0069,0.0000,0,collision
246,42,-180.12,5.61,163.58,0.0237,0.0000,0,collision
247,91,-144.34,9.17,437.76,0.0060,0.0320,0,collision
248,98,-186.87,5.98,357.27,0.0149,0.0000,0,collision
249,93,-180.93,6.33,408.12,0.0092,0.1370,0,collision
250,2,-201.66,0.00,0.10,0.2554,0.0000,0,collision
1407,426,-341.86,5.27,980.45,0.0013,0.0293,0,collision
1408,2,-200.32,1.04,2.51,0.0563,0.0000,0,collision
1409,139,-310.51,2.14,209.97,0.0079,0.0000,0,collision
1410,75,-151.64,8.87,446.79,0.0176,0.0000,0,collision
1411,120,-256.17,2.41,209.38,0.0158,0.0000,0,collision
1412,284,-85.03,7.49,1079.91,0.0005,0.0397,0,collision
1413,199,-218.13,5.77,579.58,0.0070,0.0000,0,collision
1414,79,-180.86,7.25,359.32,0.0109,0.0236,0,collision
1415,86,-131.37,12.64,296.49,0.0059,0.0103,0,collision
1416,104,-220.12,6.39,188.66,0.0121,0.2109,0,collision
1417,281,-174.52,5.65,919.62,0.0028,0.0125,0,collision
1418,31,-184.18,9.28,183.63,0.0188,0.0000,0,collision
1419,106,-170.16,5.98,351.74,0.0005,0.1074,0,collision
1420,75,-188.34,4.15,221.11,0.0039,0.0368,0,collision
1421,101,-231.88,5.29,223.37,0.0107,0.0000,0,collision
1422,66,-207.57,4.55,190.50,0.0180,0.0000,0,collision
1423,70,-148.57,11.16,304.32,0.0089,0.0143,0,collision
1424,52,-189.74,6.25,239.59,0.0166,0.0000,0,collision
1425,63,-158.88,10.28,239.28,0.0128,0.0891,0,collision
1426,298,-111.81,7.12,1117.01,0.0015,0.0315,0,collision
1427,86,-149.86,8.42,475.08,0.0094,0.0000,0,collision
1428,100,-150.00,6.43,480.99,0.0093,0.1066,0,collision
1429,27,-182.42,12.53,187.85,0.0196,0.0184,0,collision
1430,719,-1109.02,0.53,367.51,0.0011,0.0000,0,collision
1431,63,-171.30,10.77,292.06,0.0198,0.0000,0,collision
1432,95,-181.49,6.94,344.76,0.0120,0.0000,0,collision
1433,142,-173.07,4.89,486.98,0.0026,0.0000,0,collision
1434,229,-345.61,2.90,427.43,0.0051,0.0077,0,collision
251,138,-156.03,5.82,401.05,0.0046,0.0176,0,collision
252,86,-219.79,3.08,161.25,0.0128,0.1386,0,collision
253,2,-200.35,0.25,0.25,0.1790,0.0000,0,collision
254,470,-659.42,1.26,416.05,0.0030,0.0003,0,collision
255,403,277.89,5.60,1386.87,0.0000,0.0334,1,goal
256,220,-173.89,7.06,563.40,0.0048,0.1051,0,collision
257,84,-160.97,6.55,383.32,0.0045,0.0263,0,collision
258,268,347.01,8.43,1062.69,0.0000,0.0016,1,goal
259,183,-131.24,7.28,704.89,0.0071,0.0138,0,collision
260,109,-167.35,5.66,404.46,0.0011,0.0281,0,collision
1435,103,-143.22,9.59,379.30,0.0096,0.0161,0,collision
1436,186,-314.57,3.77,335.84,0.0036,0.0000,0,collision
1437,53,-205.02,3.82,131.63,0.0063,0.2174,0,collision
1438,4,-203.91,0.39,1.69,0.0331,0.5931,0,collision
1439,60,-219.21,2.40,113.69,0.0242,0.0454,0,collision
1440,1,-200.00,0.00,0.00,0.0000,0.0000,0,collision
1441,2,-201.66,0.00,0.10,0.2804,0.0000,0,collision
1442,157,-189.09,4.39,411.54,0.0025,0.0073,0,collision
1443,25,-192.87,4.67,103.35,0.0252,0.1490,0,collision
1444,1,-200.00,0.00,0.00,0.0000,0.0000,0,collision
1445,399,-657.55,0.97,266.96,0.0037,0.0113,0,collision
1446,276,-299.53,4.78,468.87,0.0050,0.0056,0,collision
1447,233,-359.98,2.51,391.83,0.0060,0.0000,0,collision
1448,258,-423.20,2.66,433.53,0.0036,0.0000,0,collision
1449,290,-60.48,7.27,967.59,0.0012,0.0111,0,collision
1450,152,-118.49,9.17,598.43,0.0046,0.0927,0,collision
1451,109,-152.43,6.20,468.69,0.0031,0.0165,0,collision
1452,1,-200.00,0.00,0.00,0.0000,0.0000,0,collision
1453,343,344.98,7.38,1374.18,0.0000,0.0206,1,goal
1454,133,-218.40,6.35,297.91,0.0067,0.0000,0,collision
1455,100,-193.61,6.91,264.88,0.0101,0.0000,0,collision
1456,452,-675.02,1.50,431.73,0.0020,0.0000,0,collision
1457,2,-200.84,0.38,0.42,0.0922,0.0000,0,collision
1458,11,-213.94,0.39,4.44,0.0323,0.0000,0,collision
1459,337,-527.17,1.93,476.26,0.0038,0.0000,0,collision
1460,66,-179.52,8.98,271.65,0.0099,0.0000,0,collision
1461,105,-165.43,6.44,464.22,0.0090,0.0000,0,collision
1462,172,-235.63,3.95,437.80,0.0054,0.0000,0,collision
1463,145,-190.37,7.77,393.06,0.0067,0.0000,0,collision
261,260,-86.48,7.90,1013.31,0.0036,0.0104,0,collision
262,102,-119.75,12.73,375.57,0.0058,0.0135,0,collision
263,2,-201.66,0.00,0.10,0.0068,0.0000,0,collision
264,31,-178.18,11.03,214.67,0.0288,0.0359,0,collision
265,264,-303.68,5.29,555.01,0.0027,0.0000,0,collision
266,105,-220.34,6.28,152.26,0.0084,0.0000,0,collision
267,80,-174.81,7.18,284.35,0.0064,0.0352,0,collision
268,69,-152.92,7.93,389.88,0.0193,0.0272,0,collision
269,147,-255.02,4.62,435.97,0.0068,0.0000,0,collision
270,35,-193.07,5.03,88.39,0.0007,0.1667,0,collision
1464,198,-259.32,7.24,599.08,0.0027,0.0975,0,collision
1465,94,-190.75,5.24,269.00,0.0018,0.0344,0,collision
1466,100,-191.93,6.09,386.25,0.0104,0.0000,0,collision
1467,30,-183.30,7.23,211.40,0.0016,0.0421,0,collision
1468,53,-162.36,10.24,281.52,0.0081,0.0517,0,collision
1469,1,-200.00,0.00,0.00,0.0000,0.0000,0,collision
1470,17,-215.77,1.13,8.32,0.0650,0.2366,0,collision
1471,129,-109.62,10.34,561.14,0.0081,0.0276,0,collision
1472,41,-211.53,4.90,187.34,0.0060,0.1710,0,collision
1473,139,-126.17,9.47,310.40,0.0045,0.0179,0,collision
1474,71,-150.98,8.81,431.73,0.0003,0.0179,0,collision
1475,148,-78.60,14.55,580.53,0.0046,0.0184,0,collision
1476,96,-155.84,6.64,370.14,0.0070,0.0769,0,collision
1477,204,-324.48,3.23,260.69,0.0038,0.0000,0,collision
1478,122,-235.74,4.80,378.46,0.0099,0.0000,0,collision
1479,60,-158.64,11.29,253.21,0.0002,0.0752,0,collision
1480,135,-116.12,9.77,529.99,0.0092,0.0129,0,collision
1481,295,397.84,9.14,1159.62,0.0000,0.0088,1,goal
1482,134,-128.13,9.91,506.18,0.0069,0.0124,0,collision
1483,81,-175.95,6.55,245.77,0.0115,0.1388,0,collision
1484,151,-108.34,12.79,547.55,0.0032,0.1033,0,collision
1485,52,-178.71,4.65,146.12,0.0033,0.0446,0,collision
1486,164,-285.97,4.32,404.68,0.0118,0.0166,0,collision
1487,170,-270.82,4.96,313.15,0.0053,0.0000,0,collision
1488,175,-143.29,6.42,584.56,0.0086,0.0754,0,collision
1489,85,-146.88,9.68,396.94,0.0018,0.0588,0,collision
1490,2,-200.91,0.30,0.31,0.2305,0.0593,0,collision
1491,192,353.90,12.04,793.63,0.0000,0.0000,1,goal
1492,122,-172.00,6.86,401.38,0.0049,0.0808,0,collision
1493,135,-88.10,15.19,331.54,0.0003,0.0350,0,collision
1494,180,-296.08,3.48,406.62,0.0092,0.0254,0,collision
1495,260,-451.09,2.60,426.56,0.0034,0.0000,0,collision
1496,223,-410.74,3.07,231.92,0.0043,0.0000,0,collision
271,375,-605.50,1.80,296.26,0.0037,0.0000,0,collision
272,93,-289.76,1.98,145.91,0.0105,0.0000,0,collision
273,192,-221.68,8.23,407.37,0.0069,0.0000,0,collision
274,129,-242.05,5.32,271.64,0.0109,0.0000,0,collision
275,165,-93.48,8.86,757.66,0.0002,0.0170,0,collision
276,107,-135.60,9.79,419.50,0.0049,0.0282,0,collision
277,75,-151.87,9.39,410.95,0.0048,0.0000,0,collision
278,70,-190.74,3.95,175.18,0.0026,0.0628,0,collision
279,52,-159.19,12.75,127.39,0.0123,0.0000,0,collision
280,95,-150.82,7.35,490.43,0.0097,0.0000,0,collision
1497,197,-179.53,10.16,703.76,0.0061,0.0000,0,collision
1498,71,-156.41,9.46,314.74,0.0172,0.0000,0,collision
1499,1001,-1329.53,0.37,243.00,0.0000,0.0000,0,timeout
1500,196,-86.78,10.38,876.69,0.0015,0.0000,0,collision
1501,2,-200.86,0.11,0.13,0.0616,0.0000,0,collision
1502,38,-184.96,7.75,215.76,0.0295,0.0000,0,collision
1503,458,-581.40,2.73,574.42,0.0036,0.0059,0,collision
1504,119,-206.09,5.65,474.54,0.0068,0.0000,0,collision
1505,72,-152.76,9.45,401.64,0.0190,0.0081,0,collision
1506,72,-204.15,3.98,174.01,0.0046,0.1636,0,collision
1507,64,-161.80,8.42,318.40,0.0156,0.0398,0,collision
1508,178,-316.02,3.15,346.44,0.0100,0.0016,0,collision
1509,93,-176.36,6.43,366.34,0.0050,0.0499,0,collision
1510,289,-551.30,0.88,265.77,0.0044,0.0000,0,collision
1511,182,-304.55,4.56,451.66,0.0027,0.0000,0,collision
1512,126,-204.13,5.15,360.27,0.0020,0.1982,0,collision
1513,115,-202.19,5.90,326.03,0.0027,0.1377,0,collision
1514,69,-152.86,9.06,387.48,0.0087,0.0318,0,collision
1515,333,-278.01,6.19,606.68,0.0043,0.0000,0,collision
1516,265,-464.60,2.22,298.74,0.0051,0.0000,0,collision
1517,44,-203.10,3.46,97.27,0.0005,0.0707,0,collision
1518,129,-283.84,5.34,282.15,0.0068,0.0000,0,collision
1519,2,-200.32,1.04,2.51,0.0000,0.0000,0,collision
281,59,-211.12,3.95,151.84,0.0169,0.1667,0,collision
282,77,-154.58,11.66,218.55,0.0055,0.0172,0,collision
283,206,356.04,12.30,806.38,0.0000,0.0000,1,goal
284,186,334.89,12.54,769.23,0.0000,0.0000,1,goal
285,428,-337.90,4.80,978.37,0.0029,0.0578,0,collision
286,58,-191.72,4.69,173.54,0.0125,0.0285,0,collision
287,88,-245.59,3.26,214.06,0.0076,0.0000,0,collision
288,128,-315.44,2.62,167.34,0.0052,0.0000,0,collision
289,380,-586.12,1.52,359.93,0.0046,0.0203,0,collision
290,119,-107.87,11.92,590.16,0.0045,0.0100,0,collision
1520,294,-193.80,9.37,1174.97,0.0001,0.0000,0,collision
1521,51,-167.11,8.63,276.70,0.0047,0.0429,0,collision
1522,195,-143.40,7.17,466.79,0.0020,0.1002,0,collision
1523,167,-92.24,9.43,703.66,0.0042,0.0389,0,collision
1524,47,-164.74,13.33,264.22,0.0005,0.0365,0,collision
1525,218,-418.32,1.46,221.62,0.0044,0.0000,0,collision
1526,84,-148.50,7.73,428.22,0.0101,0.0199,0,collision
1527,98,-172.97,6.36,365.56,0.0100,0.0504,0,collision
1528,186,-94.54,11.21,346.80,0.0033,0.0471,0,collision
1529,111,-155.01,6.39,387.33,0.0003,0.0223,0,collision
1530,106,-213.68,4.63,324.54,0.0068,0.0038,0,collision
1531,1,-200.00,0.00,0.00,0.0000,0.0000,0,collision
1532,144,-152.74,6.86,518.58,0.0040,0.0285,0,collision
1533,148,-276.35,4.57,297.42,0.0060,0.0086,0,collision
1534,308,-398.83,3.12,559.60,0.0026,0.0000,0,collision
1535,346,-573.43,1.94,168.48,0.0030,0.0000,0,collision
1536,1001,-1346.26,0.29,284.96,0.0000,0.0000,0,timeout
1537,607,-915.66,1.13,303.53,0.0014,0.0000,0,collision
291,433,-113.62,6.45,1414.68,0.0012,0.0447,0,collision
292,224,-319.45,3.07,294.29,0.0068,0.0119,0,collision
293,200,-244.55,3.10,413.09,0.0013,0.1000,0,collision
294,584,-926.09,0.64,301.14,0.0016,0.0359,0,collision
295,264,-256.95,4.47,629.19,0.0015,0.1622,0,collision
296,336,-202.33,4.97,984.09,0.0026,0.1086,0,collision
297,154,-205.22,4.44,414.85,0.0026,0.0570,0,collision
298,134,-176.19,5.55,479.74,0.0066,0.0000,0,collision
299,498,-742.04,1.33,442.79,0.0016,0.0025,0,collision
300,269,-90.07,7.38,937.84,0.0009,0.0237,0,collision
1538,529,-488.96,4.71,1621.67,0.0006,0.0952,0,collision
1539,85,-194.66,7.89,282.15,0.0124,0.0000,0,collision
1540,291,-217.43,4.62,826.23,0.0015,0.0995,0,collision
1541,308,-268.44,4.02,712.10,0.0033,0.0376,0,collision
1542,1001,-1317.61,0.36,342.28,0.0000,0.0000,0,timeout
1543,1001,-1349.90,0.28,287.20,0.0000,0.0000,0,timeout
1544,321,-283.10,3.66,541.00,0.0021,0.1703,0,collision
1545,1,-200.00,0.00,0.00,0.0000,0.0000,0,collision
1546,135,-232.73,4.90,413.79,0.0009,0.2266,0,collision
1547,51,-165.48,11.37,253.94,0.0178,0.0000,0,collision
1548,61,-221.29,2.43,79.03,0.0063,0.1912,0,collision
301,400,-303.58,3.36,843.51,0.0003,0.0619,0,collision
302,124,-171.56,4.78,387.29,0.0020,0.0471,0,collision
303,1001,-924.54,1.60,913.77,0.0000,0.0034,0,timeout
304,1001,-680.32,2.16,1342.33,0.0000,0.0134,0,timeout
305,1,-200.00,0.00,0.00,0.0000,0.0000,0,collision
306,1001,-1163.46,0.69,552.20,0.0000,0.0054,0,timeout
307,1001,-1105.38,0.84,716.09,0.0000,0.0020,0,timeout
308,271,-332.70,2.17,388.37,0.0022,0.0887,0,collision
309,443,243.72,5.23,1302.43,0.0000,0.0037,1,goal
310,1001,-974.47,1.32,770.79,0.0000,0.0067,0,timeout
1549,429,-649.03,1.82,632.56,0.0013,0.0000,0,collision
1550,305,-315.70,2.58,461.01,0.0000,0.0994,0,collision
1551,347,-344.38,3.42,659.88,0.0013,0.1800,0,collision
1552,301,-335.12,2.25,423.14,0.0008,0.0035,0,collision
1553,558,-467.75,2.37,764.80,0.0004,0.0919,0,collision
1554,1001,-1195.89,0.65,424.27,0.0000,0.0000,0,timeout
1555,343,-411.06,1.87,358.51,0.0001,0.0537,0,collision
1556,1001,-1206.62,0.55,487.76,0.0000,0.0007,0,timeout
1557,53,-212.34,3.52,95.96,0.0132,0.1985,0,collision
1558,1,-200.00,0.00,0.00,0.0000,0.0000,0,collision
1559,2,-201.51,0.17,0.17,0.2080,0.0000,0,collision
311,1001,-1221.34,0.68,588.74,0.0000,0.0000,0,timeout
312,1001,-1233.58,0.66,486.25,0.0000,0.0000,0,timeout
313,152,-150.62,6.31,511.44,0.0026,0.0728,0,collision
314,301,317.18,6.78,1171.60,0.0000,0.0202,1,goal
315,104,-143.15,6.49,398.93,0.0076,0.0977,0,collision
316,279,-165.47,4.73,837.81,0.0017,0.0102,0,collision
317,1001,-1226.94,1.01,408.67,0.0000,0.0000,0,timeout
318,28,-187.91,9.80,195.65,0.0361,0.0000,0,collision
319,96,-230.08,3.08,205.34,0.0064,0.1386,0,collision
320,168,-160.33,6.93,461.54,0.0007,0.0089,0,collision
1560,1001,-1152.85,1.10,772.23,0.0000,0.0000,0,timeout
1561,1001,-1194.96,0.71,508.56,0.0000,0.0000,0,timeout
1562,302,-215.93,4.22,728.70,0.0000,0.0840,0,collision
1563,177,-216.95,3.75,441.24,0.0016,0.0197,0,collision
1564,1001,-911.37,1.82,1065.22,0.0000,0.0033,0,timeout
321,338,-448.38,1.85,419.53,0.0023,0.1848,0,collision
322,1,-200.00,0.00,0.00,0.0000,0.0000,0,collision
323,1001,-1174.26,0.71,594.19,0.0000,0.0000,0,timeout
324,196,-287.44,3.31,346.97,0.0034,0.2095,0,collision
325,1001,-1145.58,0.97,628.00,0.0000,0.0093,0,timeout
326,307,-184.58,6.17,623.39,0.0036,0.0094,0,collision
327,1001,-1115.95,0.91,626.37,0.0000,0.0003,0,timeout
328,3,-202.41,0.13,0.24,0.0603,0.0000,0,collision
329,1001,-1030.47,1.41,870.25,0.0000,0.0000,0,timeout
330,343,-100.29,6.42,913.73,0.0001,0.0281,0,collision
1565,854,-1144.96,1.48,871.09,0.0011,0.0251,0,collision
1566,114,-238.52,2.38,150.89,0.0096,0.0245,0,collision
1567,1001,-1009.73,1.42,792.81,0.0000,0.0000,0,timeout
1568,1001,-868.51,1.87,851.55,0.0000,0.0018,0,timeout
1569,1001,-1118.40,0.84,610.95,0.0000,0.0033,0,timeout
331,1001,-1322.99,0.30,292.00,0.0000,0.0000,0,timeout
332,332,278.67,6.57,1088.92,0.0000,0.0135,1,goal
333,808,-46.81,3.74,1784.75,0.0000,0.0810,1,goal
334,1001,-1085.34,1.23,862.36,0.0000,0.0003,0,timeout
335,1001,-1173.42,0.69,521.14,0.0000,0.0093,0,timeout
336,1001,-1117.77,0.70,532.03,0.0000,0.0067,0,timeout
337,244,-157.85,5.62,893.96,0.0015,0.0137,0,collision
338,283,-264.36,4.04,654.92,0.0030,0.0099,0,collision
339,1001,-1153.06,0.68,440.29,0.0000,0.0082,0,timeout
340,733,-825.54,1.91,821.46,0.0001,0.2388,0,collision
1570,1001,-1089.22,1.57,763.35,0.0000,0.0000,0,timeout
1571,1001,-1145.52,0.71,550.17,0.0000,0.0096,0,timeout
1572,1001,-1312.02,0.44,383.74,0.0000,0.0000,0,timeout
1573,660,-676.70,1.89,751.19,0.0006,0.0918,0,collision
1574,1001,-1245.59,0.38,337.92,0.0000,0.0000,0,timeout
341,443,-378.04,2.93,716.51,0.0027,0.0636,0,collision
342,459,-285.20,3.53,957.77,0.0000,0.0253,0,collision
343,1001,-1133.44,0.91,606.97,0.0000,0.0013,0,timeout
344,159,-192.34,4.37,412.49,0.0052,0.0165,0,collision
345,168,-337.63,1.69,185.82,0.0009,0.0710,0,collision
346,634,136.02,4.49,1505.20,0.0000,0.0306,1,goal
347,1,-200.00,0.00,0.00,0.0000,0.0000,0,collision
348,553,-411.07,3.79,1044.69,0.0011,0.0927,0,collision
349,1001,-978.54,1.26,790.31,0.0000,0.0161,0,timeout
350,1001,-1176.12,0.61,442.89,0.0000,0.0053,0,timeout
1575,1001,-954.59,2.12,1133.43,0.0000,0.0203,0,timeout
1576,296,-146.27,6.44,917.41,0.0000,0.0170,0,collision
1577,1001,-1260.31,0.63,460.94,0.0000,0.0000,0,timeout
1578,1001,-790.04,2.14,1144.82,0.0000,0.0029,0,timeout
1579,74,-139.88,14.42,207.31,0.0017,0.0000,0,collision
351,210,-140.77,6.32,842.85,0.0015,0.0000,0,collision
352,1001,-1126.77,0.85,635.27,0.0000,0.0000,0,timeout
353,1001,-1256.23,0.68,455.13,0.0000,0.0003,0,timeout
354,223,-139.14,6.25,664.69,0.0015,0.0209,0,collision
355,1001,-1224.06,0.59,541.05,0.0000,0.0000,0,timeout
356,1001,-1123.96,0.97,669.49,0.0000,0.0139,0,timeout
357,140,-220.89,3.56,305.64,0.0008,0.0378,0,collision
358,1001,-1022.76,1.42,856.98,0.0000,0.0178,0,timeout
359,1001,-1298.46,0.30,308.48,0.0000,0.0000,0,timeout
360,446,199.00,5.11,1244.24,0.0000,0.0164,1,goal
1580,1001,-1255.65,0.77,425.15,0.0000,0.0000,0,timeout
1581,591,155.84,5.14,1746.23,0.0000,0.0917,1,goal
1582,147,-186.15,5.39,449.59,0.0050,0.1650,0,collision
1583,133,-162.20,6.30,364.90,0.0034,0.0637,0,collision
1584,1,-200.00,0.00,0.00,0.0000,0.0000,0,collision
1585,1001,-1024.44,1.59,855.32,0.0000,0.0650,0,timeout
1586,1001,-1139.20,0.66,497.68,0.0000,0.0000,0,timeout
1587,3,-202.03,0.61,1.40,0.3116,0.0000,0,collision
1588,1001,-1222.55,0.69,466.19,0.0000,0.0000,0,timeout
361,310,-188.13,4.66,972.34,0.0009,0.0020,0,collision
362,1001,-1138.25,0.85,624.56,0.0000,0.0009,0,timeout
363,1,-200.00,0.00,0.00,0.0000,0.0000,0,collision
364,1,-200.00,0.00,0.00,0.0000,0.0000,0,collision
365,227,-260.72,2.97,460.35,0.0012,0.0428,0,collision
366,1001,-1155.12,0.91,581.70,0.0000,0.0106,0,timeout
367,1001,-1158.48,0.71,522.00,0.0000,0.0000,0,timeout
368,1001,-975.76,1.45,922.32,0.0000,0.0182,0,timeout
369,785,-671.33,2.63,1165.99,0.0002,0.1020,0,collision
370,1,-200.00,0.00,0.00,0.0000,0.0000,0,collision
1589,614,-475.08,4.06,1519.82,0.0001,0.0442,0,collision
1590,240,-256.66,3.90,534.39,0.0021,0.0162,0,collision
1591,323,-290.25,4.41,686.95,0.0008,0.2050,0,collision
1592,486,248.53,4.65,1303.19,0.0000,0.0125,1,goal
1593,465,-136.56,5.19,1388.09,0.0011,0.0457,0,collision
1594,1001,-765.09,2.17,1458.85,0.0000,0.0137,0,timeout
1595,261,-225.42,3.82,552.97,0.0000,0.0299,0,collision
371,1001,-869.46,1.53,1050.44,0.0000,0.0000,0,timeout
372,1001,-929.10,1.28,821.48,0.0000,0.0034,0,timeout
373,1001,-1408.57,0.03,132.81,0.0000,0.0005,0,timeout
374,1001,-1133.78,1.04,638.35,0.0000,0.0015,0,timeout
375,1001,-1268.99,0.53,448.52,0.0000,0.0000,0,timeout
376,1001,-1153.02,0.71,529.62,0.0000,0.0000,0,timeout
377,160,-173.22,4.22,424.05,0.0020,0.0101,0,collision
378,309,-296.29,3.54,575.85,0.0016,0.1375,0,collision
379,290,-160.61,5.36,910.04,0.0000,0.0871,0,collision
380,155,-376.67,1.44,130.57,0.0039,0.4345,0,collision
1596,1001,-1108.64,0.88,623.25,0.0000,0.0005,0,timeout
1597,1001,-1112.39,0.89,535.47,0.0000,0.0016,0,timeout
1598,1001,-910.78,1.39,898.08,0.0000,0.0528,0,timeout
1599,700,-17.67,3.63,1472.31,0.0000,0.0087,1,goal
1600,1001,-1308.60,0.24,239.01,0.0000,0.0000,0,timeout
1601,2,-200.32,1.04,2.51,0.0993,0.0000,0,collision
1602,151,-149.07,5.73,521.68,0.0031,0.0184,0,collision
381,307,-356.94,2.82,514.15,0.0011,0.1671,0,collision
382,1001,-1035.66,1.19,836.82,0.0000,0.0000,0,timeout
383,1001,-1222.19,0.68,478.91,0.0000,0.0317,0,timeout
384,1,-200.00,0.00,0.00,0.0000,0.0000,0,collision
385,1001,-1242.72,0.69,469.13,0.0000,0.0000,0,timeout
386,442,-224.21,4.54,1045.98,0.0013,0.0053,0,collision
387,103,-261.94,2.03,138.76,0.0091,0.1075,0,collision
388,1001,-1221.14,0.68,476.61,0.0000,0.0000,0,timeout
389,1,-200.00,0.00,0.00,0.0000,0.0000,0,collision
390,316,-222.04,4.98,882.47,0.0002,0.1384,0,collision
1603,712,-456.90,4.73,1562.12,0.0000,0.0125,0,collision
1604,263,-216.36,4.96,643.80,0.0016,0.0955,0,collision
1605,1001,-1083.17,1.07,657.35,0.0000,0.0110,0,timeout
1606,2,-200.32,1.04,2.51,0.4638,0.0000,0,collision
1607,177,-215.42,3.89,411.62,0.0023,0.0392,0,collision
1608,1001,-969.25,1.59,928.68,0.0000,0.0447,0,timeout
1609,176,-181.91,5.61,485.91,0.0009,0.0348,0,collision
1610,2,-201.66,0.00,0.10,0.0384,0.0000,0,collision
391,346,299.78,6.53,1194.71,0.0000,0.0029,1,goal
392,245,-186.88,5.63,660.58,0.0028,0.0164,0,collision
393,1001,-1223.05,0.45,343.75,0.0000,0.0009,0,timeout
394,624,-417.73,3.67,1144.16,0.0008,0.0871,0,collision
395,130,-240.90,3.09,282.80,0.0017,0.1174,0,collision
396,1001,-1180.27,0.68,425.77,0.0000,0.0043,0,timeout
397,1001,-1271.17,0.59,357.08,0.0000,0.0000,0,timeout
398,251,-229.18,5.04,718.20,0.0034,0.0390,0,collision
399,363,-296.25,3.85,874.51,0.0002,0.1650,0,collision
400,1001,-1062.77,1.33,840.08,0.0000,0.0217,0,timeout
1611,1001,-773.96,2.75,1606.81,0.0000,0.0000,0,timeout
1612,183,-180.66,6.23,586.25,0.0008,0.1409,0,collision
1613,1001,-1207.68,0.70,560.89,0.0000,0.0000,0,timeout
1614,78,-206.55,3.28,173.10,0.0002,0.0101,0,collision
1615,209,-301.32,3.18,290.58,0.0017,0.1457,0,collision
1616,213,-103.73,6.85,805.35,0.0014,0.0028,0,collision
1617,1001,-1250.64,0.59,376.82,0.0000,0.0000,0,timeout
1618,1001,-1214.16,0.80,589.37,0.0000,0.0011,0,timeout
401,1001,-1185.82,0.69,481.82,0.0000,0.0023,0,timeout
402,1001,-1242.11,0.69,458.59,0.0000,0.0004,0,timeout
403,394,-516.71,1.76,413.90,0.0021,0.1736,0,collision
404,849,17.37,3.27,1566.97,0.0000,0.0277,1,goal
405,228,-293.87,3.03,460.68,0.0006,0.0006,0,collision
406,505,266.00,4.96,1506.22,0.0000,0.0019,1,goal
407,603,-4.17,3.51,1253.71,0.0000,0.0900,1,goal
408,1001,-1106.15,0.97,664.58,0.0000,0.0000,0,timeout
409,1001,-948.80,1.28,813.36,0.0000,0.1060,0,timeout
410,1001,-1119.83,0.91,658.61,0.0000,0.0000,0,timeout
1619,1001,-601.53,3.58,1998.63,0.0000,0.0269,0,timeout
1620,319,300.06,6.12,1107.59,0.0000,0.0056,1,goal
1621,557,-551.69,1.92,639.16,0.0014,0.0316,0,collision
1622,651,-614.94,2.09,797.21,0.0006,0.0954,0,collision
1623,1001,-986.27,1.44,879.48,0.0000,0.0004,0,timeout
411,238,-146.92,5.88,713.01,0.0033,0.0000,0,collision
412,1001,-1039.10,1.32,802.67,0.0000,0.0061,0,timeout
413,751,-609.87,2.93,1292.72,0.0012,0.1311,0,collision
414,1001,-1175.96,0.71,491.12,0.0000,0.0411,0,timeout
415,1001,-1129.89,1.23,555.44,0.0000,0.0000,0,timeout
416,1001,-1315.51,0.24,244.21,0.0000,0.0000,0,timeout
417,1001,-1009.94,1.32,704.55,0.0000,0.0176,0,timeout
418,1001,-1141.65,0.93,702.78,0.0000,0.0160,0,timeout
419,6,-207.46,0.70,3.80,0.1387,0.3695,0,collision
420,656,-72.82,4.11,1436.60,0.0000,0.1419,1,goal
1624,1001,-972.72,2.02,1089.84,0.0000,0.0016,0,timeout
1625,1,-200.00,0.00,0.00,0.0000,0.0000,0,collision
1626,181,-182.94,4.95,465.17,0.0029,0.0047,0,collision
1627,600,-88.35,4.32,1232.27,0.0000,0.2653,1,goal
1628,355,314.62,6.66,1263.18,0.0000,0.0039,1,goal
1629,1001,-1144.48,0.71,513.56,0.0000,0.0071,0,timeout
1630,6,-204.92,0.81,3.71,0.0912,0.0136,0,collision
1631,547,322.77,5.55,1745.80,0.0000,0.0082,1,goal
1632,1001,-1237.02,0.68,512.40,0.0000,0.0005,0,timeout
421,1001,-1142.04,0.66,498.39,0.0000,0.0000,0,timeout
422,434,201.93,6.49,1216.77,0.0000,0.1208,1,goal
423,450,181.17,4.39,1171.57,0.0000,0.0863,1,goal
424,1001,-1205.55,0.68,453.98,0.0000,0.0000,0,timeout
425,1001,-1295.01,0.51,411.99,0.0000,0.0021,0,timeout
426,1001,-1212.88,0.66,479.85,0.0000,0.0000,0,timeout
427,1001,-1229.42,0.82,325.58,0.0000,0.0163,0,timeout
428,1001,-1216.04,0.59,389.99,0.0000,0.0000,0,timeout
429,1001,-1292.11,0.68,234.14,0.0000,0.0000,0,timeout
430,306,-287.47,4.06,649.63,0.0003,0.1814,0,collision
1633,1001,-940.72,1.62,1107.41,0.0000,0.0084,0,timeout
1634,913,-1305.24,0.76,538.67,0.0012,0.0000,0,collision
1635,2,-201.66,0.01,0.10,0.2312,0.0000,0,collision
1636,1001,-1124.75,0.71,562.53,0.0000,0.0066,0,timeout
1637,139,-225.79,5.65,282.63,0.0023,0.2575,0,collision
1638,1001,-1177.42,0.71,543.32,0.0000,0.0005,0,timeout
431,352,-242.61,4.25,931.82,0.0016,0.0710,0,collision
432,138,-257.12,2.43,177.04,0.0049,0.0973,0,collision
433,527,-279.15,3.96,1209.19,0.0006,0.0695,0,collision
434,1001,-1185.53,0.85,539.56,0.0000,0.0146,0,timeout
435,1001,-995.11,1.42,954.73,0.0000,0.0082,0,timeout
436,1001,-1295.91,0.36,261.93,0.0000,0.0000,0,timeout
437,1001,-931.31,2.10,1237.39,0.0000,0.0410,0,timeout
438,2,-200.32,1.00,2.36,0.0081,0.0000,0,collision
439,1001,-1038.08,1.42,911.92,0.0000,0.0000,0,timeout
440,1001,-1234.14,0.51,421.67,0.0000,0.0196,0,timeout
1639,1001,-732.00,2.77,1559.23,0.0000,0.0190,0,timeout
1640,1,-200.00,0.00,0.00,0.0000,0.0000,0,collision
1641,1001,-1330.80,0.24,248.62,0.0000,0.0000,0,timeout
1642,2,-200.32,1.04,2.51,0.0000,0.0000,0,collision
1643,1001,-1383.37,0.04,126.77,0.0000,0.0000,0,timeout
1644,1001,-1200.50,1.03,423.44,0.0000,0.0000,0,timeout
441,39,-182.43,6.90,183.88,0.0018,0.0706,0,collision
442,18,-190.89,8.89,106.15,0.0184,0.1363,0,collision
443,274,375.22,9.95,1245.51,0.0000,0.0186,1,goal
444,1001,-1104.43,1.76,837.06,0.0000,0.0000,0,timeout
445,58,-197.96,3.77,169.03,0.0019,0.1379,0,collision
446,78,-264.53,2.42,118.52,0.0051,0.4286,0,collision
447,145,-134.04,10.34,502.62,0.0021,0.0531,0,collision
448,110,-151.04,8.05,536.65,0.0035,0.0295,0,collision
449,2,-200.87,0.34,0.37,0.0848,0.0000,0,collision
450,207,-166.46,6.95,693.97,0.0029,0.1572,0,collision
1645,547,-712.67,3.15,675.33,0.0002,0.0179,0,collision
1646,110,-120.53,10.23,603.86,0.0013,0.0250,0,collision
1647,1001,-1072.00,1.59,824.82,0.0000,0.0003,0,timeout
1648,62,-157.75,10.87,301.87,0.0030,0.0341,0,collision
1649,1001,-1254.58,1.05,480.48,0.0000,0.0000,0,timeout
1650,292,327.15,8.00,1187.42,0.0000,0.0460,1,goal
1651,1001,-1277.58,0.54,428.91,0.0000,0.0145,0,timeout
451,1001,-1335.00,0.38,313.50,0.0000,0.0000,0,timeout
452,1001,-1276.96,0.59,444.35,0.0000,0.0000,0,timeout
453,385,339.63,7.26,1295.70,0.0000,0.0138,1,goal
454,324,260.04,6.08,1013.93,0.0000,0.0468,1,goal
455,1001,-1285.61,0.70,371.62,0.0000,0.0000,0,timeout
456,2,-200.32,1.04,2.51,0.0000,0.0000,0,collision
457,1001,-1137.74,1.00,801.30,0.0000,0.0000,0,timeout
458,159,-118.79,7.43,660.70,0.0026,0.0163,0,collision
459,1001,-1073.42,1.49,739.22,0.0000,0.0028,0,timeout
460,1001,-1237.57,0.68,459.23,0.0000,0.0358,0,timeout
1652,1001,-1120.58,1.32,772.96,0.0000,0.0165,0,timeout
1653,1001,-1071.39,1.21,794.44,0.0000,0.0286,0,timeout
1654,1001,-1137.85,1.21,804.87,0.0000,0.0624,0,timeout
1655,2,-200.32,1.04,2.51,0.3798,0.0000,0,collision
1656,95,-150.39,6.67,347.04,0.0009,0.0323,0,collision
1657,1001,-1275.95,0.65,471.31,0.0000,0.0000,0,timeout
1658,3,-200.66,1.37,2.62,0.1253,0.0000,0,collision
1659,121,-178.17,5.18,331.60,0.0028,0.0312,0,collision
1660,70,-161.73,8.26,245.72,0.0020,0.0467,0,collision
1661,1,-200.00,0.00,0.00,0.0000,0.0000,0,collision
461,1001,-1137.54,1.16,687.29,0.0000,0.0352,0,timeout
462,1,-200.00,0.00,0.00,0.0000,0.0000,0,collision
463,1001,-1209.50,0.97,530.35,0.0000,0.0174,0,timeout
464,1001,-1237.61,0.84,482.04,0.0000,0.0033,0,timeout
465,199,-157.11,6.92,823.28,0.0008,0.1525,0,collision
466,1001,-1178.74,0.84,544.24,0.0000,0.0008,0,timeout
467,1001,-1208.43,1.01,454.48,0.0000,0.0056,0,timeout
468,1001,-1059.66,1.42,587.35,0.0000,0.0025,0,timeout
469,72,-233.27,4.71,94.27,0.0132,0.3199,0,collision
470,1001,-1184.62,0.68,500.09,0.0000,0.0109,0,timeout
1662,1001,-1144.34,1.52,843.17,0.0000,0.0010,0,timeout
1663,227,-419.07,2.78,297.81,0.0035,0.4918,0,collision
1664,379,358.33,7.56,1386.36,0.0000,0.0546,1,goal
1665,1001,-1276.07,0.85,359.99,0.0000,0.0000,0,timeout
1666,1001,-1187.71,1.05,416.02,0.0000,0.0000,0,timeout
471,1001,-987.69,1.60,760.41,0.0000,0.0000,0,timeout
472,366,-237.28,5.02,789.02,0.0000,0.0406,0,collision
473,1001,-1201.75,0.68,448.93,0.0000,0.0045,0,timeout
474,1001,-1092.66,1.33,815.75,0.0000,0.0028,0,timeout
475,1001,-1098.83,1.15,566.24,0.0000,0.0000,0,timeout
476,1001,-1265.18,0.59,420.15,0.0000,0.0000,0,timeout
477,1001,-874.62,1.87,1106.84,0.0000,0.0048,0,timeout
478,1,-200.00,0.00,0.00,0.0000,0.0000,0,collision
479,232,-274.29,3.61,418.37,0.0018,0.1716,0,collision
480,112,-144.07,6.43,410.10,0.0015,0.0000,0,collision
1667,1001,-1042.88,2.12,928.33,0.0000,0.0105,0,timeout
1668,1001,-1196.53,0.70,438.33,0.0000,0.0000,0,timeout
1669,1001,-1334.77,0.19,239.41,0.0000,0.0000,0,timeout
1670,1001,-764.19,1.90,1169.23,0.0000,0.0307,0,timeout
1671,574,-14.32,3.80,1363.55,0.0000,0.2263,1,goal
481,94,-151.85,7.88,394.20,0.0041,0.0201,0,collision
482,1001,-1181.17,1.09,580.01,0.0000,0.0000,0,timeout
483,54,-259.14,1.02,57.51,0.0051,0.2568,0,collision
484,101,-155.14,7.11,390.19,0.0033,0.0000,0,collision
485,62,-202.07,3.91,111.27,0.0161,0.0000,0,collision
486,1001,-1318.71,0.29,284.44,0.0000,0.0000,0,timeout
487,52,-177.17,5.42,154.51,0.0137,0.0000,0,collision
488,1001,-1042.63,1.30,827.36,0.0000,0.0040,0,timeout
489,1001,-1015.23,1.45,790.39,0.0000,0.0051,0,timeout
490,1001,-1151.63,0.68,490.05,0.0000,0.0056,0,timeout
1672,988,-903.55,3.76,2061.47,0.0002,0.1537,0,collision
1673,1001,-1079.47,1.05,809.22,0.0000,0.0007,0,timeout
1674,1001,-1073.62,1.37,775.38,0.0000,0.0010,0,timeout
1675,336,-423.96,1.97,368.28,0.0028,0.2231,0,collision
1676,1001,-1125.59,1.12,641.82,0.0000,0.0384,0,timeout
491,1001,-1193.11,0.82,600.91,0.0000,0.0237,0,timeout
492,1001,-1194.33,0.59,423.72,0.0000,0.0000,0,timeout
493,676,-332.15,4.20,1486.99,0.0003,0.0469,0,collision
494,1001,-801.14,1.87,1172.14,0.0000,0.0075,0,timeout
495,1001,-1011.26,1.25,846.74,0.0000,0.0047,0,timeout
496,659,-420.92,3.87,1343.88,0.0004,0.0993,0,collision
497,1001,-1235.92,0.85,398.83,0.0000,0.0000,0,timeout
498,154,-169.05,4.48,424.53,0.0069,0.0252,0,collision
499,1001,-838.36,1.75,1125.46,0.0000,0.0035,0,timeout
500,1001,-895.54,1.85,1045.35,0.0000,0.0022,0,timeout
1677,1001,-1227.13,0.87,469.93,0.0000,0.0343,0,timeout
1678,1001,-867.45,1.43,962.53,0.0000,0.0051,0,timeout
1679,374,-143.66,5.56,1263.76,0.0010,0.0000,0,collision
1680,2,-200.63,0.63,1.00,0.3125,0.0000,0,collision
1681,601,-641.36,2.33,812.28,0.0006,0.2053,0,collision
1682,2,-200.32,1.04,2.51,0.5000,0.0000,0,collision
1683,356,146.77,5.37,866.77,0.0000,0.0154,1,goal
501,1001,-972.19,1.35,935.53,0.0000,0.0167,0,timeout
502,1001,-1268.92,0.47,363.13,0.0000,0.0006,0,timeout
503,1001,-889.73,1.82,1073.48,0.0000,0.0115,0,timeout
504,1001,-1294.07,0.66,289.86,0.0000,0.0000,0,timeout
505,702,-730.84,2.05,933.77,0.0011,0.1725,0,collision
506,1001,-1320.79,0.20,211.41,0.0000,0.0059,0,timeout
507,113,-146.09,5.74,450.27,0.0031,0.0000,0,collision
508,124,-180.54,5.71,402.47,0.0070,0.0000,0,collision
509,762,-31.04,3.65,1716.58,0.0000,0.0670,1,goal
510,1001,-889.58,1.79,805.19,0.0000,0.0194,0,timeout
1684,831,-988.18,1.39,721.61,0.0000,0.0021,0,collision
1685,795,-98.75,2.81,1358.69,0.0000,0.0409,1,goal
1686,2,-200.33,0.63,0.98,0.3972,0.0000,0,collision
1687,1001,-1184.61,0.71,532.09,0.0000,0.0000,0,timeout
1688,1001,-1111.79,0.70,565.43,0.0000,0.0099,0,timeout
1689,1001,-1188.30,0.69,511.37,0.0000,0.0087,0,timeout
511,1001,-850.13,2.22,1333.87,0.0000,0.0857,0,timeout
512,1001,-1291.60,0.69,320.77,0.0000,0.0377,0,timeout
513,476,-390.26,3.80,853.38,0.0004,0.1681,0,collision
514,1001,-1250.68,0.70,406.61,0.0000,0.0000,0,timeout
515,1001,-1231.99,0.65,423.86,0.0000,0.0000,0,timeout
516,413,297.36,5.57,1267.17,0.0000,0.0308,1,goal
517,432,186.60,4.80,1215.37,0.0000,0.0392,1,goal
518,1001,-1007.45,1.31,854.13,0.0000,0.0430,0,timeout
519,1001,-1026.93,1.42,721.15,0.0000,0.0015,0,timeout
520,562,52.73,4.16,1277.60,0.0000,0.0738,1,goal
1690,1001,-1056.47,1.55,829.41,0.0000,0.0088,0,timeout
1691,1001,-1235.99,0.68,410.72,0.0000,0.0594,0,timeout
1692,361,304.17,6.34,1093.34,0.0000,0.0106,1,goal
1693,1001,-1135.41,0.67,473.13,0.0000,0.0020,0,timeout
1694,1001,-941.13,1.60,1015.88,0.0000,0.0658,0,timeout
521,1001,-1319.00,0.38,316.21,0.0000,0.0000,0,timeout
522,531,-669.06,2.03,697.76,0.0017,0.0000,0,collision
523,2,-201.16,0.00,0.10,0.3082,0.0000,0,collision
524,1001,-1018.94,1.44,640.24,0.0000,0.0001,0,timeout
525,719,-967.86,0.91,414.80,0.0013,0.0113,0,collision
526,399,-296.77,4.44,930.91,0.0043,0.0302,0,collision
527,500,153.30,4.71,1209.56,0.0000,0.0178,1,goal
528,232,-211.52,6.64,413.63,0.0014,0.0627,0,collision
529,539,112.30,4.43,1483.72,0.0000,0.0643,1,goal
530,1001,-1223.75,0.68,357.55,0.0000,0.0515,0,timeout
1695,1001,-1342.56,0.37,390.65,0.0000,0.0207,0,timeout
1696,346,-385.91,4.51,521.94,0.0016,0.2484,0,collision
1697,2,-200.77,1.04,2.51,0.0000,0.2872,0,collision
1698,1001,-919.64,1.62,1021.61,0.0000,0.0044,0,timeout
1699,3,-199.91,1.62,6.96,0.0000,0.0000,0,collision
1700,1001,-1173.31,1.31,780.02,0.0000,0.0392,0,timeout
1701,738,-125.59,3.53,1426.40,0.0000,0.1379,1,goal
531,211,-225.55,5.08,457.85,0.0026,0.0088,0,collision
532,605,-471.40,4.44,1155.66,0.0005,0.1609,0,collision
533,416,-481.58,3.85,547.88,0.0009,0.1360,0,collision
534,1001,-1236.59,0.71,478.10,0.0000,0.0038,0,timeout
535,1001,-1230.99,0.67,591.80,0.0000,0.0000,0,timeout
536,90,-253.97,1.57,88.34,0.0102,0.0171,0,collision
537,1001,-1197.44,0.68,493.28,0.0000,0.0026,0,timeout
538,468,-684.22,1.85,517.39,0.0003,0.4059,0,collision
539,2,-200.77,1.04,2.51,0.3404,0.2846,0,collision
540,218,-148.63,6.68,768.94,0.0047,0.0266,0,collision
1702,1001,-1249.58,0.87,565.91,0.0000,0.0000,0,timeout
1703,420,-376.89,3.33,764.07,0.0000,0.0390,0,collision
1704,1001,-981.18,1.95,768.41,0.0000,0.0941,0,timeout
1705,1001,-1245.41,0.67,449.60,0.0000,0.0000,0,timeout
1706,7,-204.37,1.12,7.84,0.1409,0.0000,0,collision
541,160,-185.21,5.98,429.77,0.0031,0.0000,0,collision
542,380,-632.56,1.21,161.92,0.0022,0.0000,0,collision
543,1001,-1181.69,1.36,410.77,0.0000,0.0012,0,timeout
544,1001,-1226.72,0.65,475.07,0.0000,0.0015,0,timeout
545,780,-1017.62,1.10,581.50,0.0014,0.0008,0,collision
546,355,245.23,5.94,1119.56,0.0000,0.0003,1,goal
547,1001,-1255.87,0.69,350.55,0.0000,0.0000,0,timeout
548,1001,-1271.48,0.40,361.94,0.0000,0.0018,0,timeout
549,550,-407.48,3.65,936.26,0.0023,0.0001,0,collision
550,589,-402.83,3.38,1241.07,0.0005,0.1083,0,collision
1707,896,-1108.44,1.97,877.01,0.0011,0.1876,0,collision
1708,168,-282.24,3.96,294.10,0.0054,0.0000,0,collision
1709,1001,-1292.43,0.58,300.14,0.0000,0.0000,0,timeout
1710,1001,-1249.24,0.46,379.71,0.0000,0.0044,0,timeout
1711,417,358.92,6.83,1501.02,0.0000,0.0119,1,goal
1712,2,-200.32,1.04,2.51,0.0000,0.0000,0,collision
1713,1001,-1302.18,0.24,220.68,0.0000,0.0184,0,timeout
551,335,-382.74,2.54,510.39,0.0037,0.0094,0,collision
552,530,-267.54,4.33,1184.82,0.0000,0.0245,0,collision
553,1001,-1135.62,0.85,616.64,0.0000,0.0005,0,timeout
554,1001,-1202.79,0.66,462.21,0.0000,0.0000,0,timeout
555,205,-253.95,3.39,453.37,0.0019,0.0617,0,collision
556,6,-204.15,1.23,7.86,0.0241,0.1006,0,collision
557,1001,-1099.45,1.11,666.22,0.0000,0.0474,0,timeout
558,286,-436.48,1.82,267.89,0.0039,0.1555,0,collision
559,4,-199.05,2.64,16.22,0.1211,0.0000,0,collision
560,1001,-1159.59,0.71,512.72,0.0000,0.0000,0,timeout
1714,565,-635.91,2.37,842.42,0.0003,0.0647,0,collision
1715,474,69.71,3.72,940.41,0.0000,0.0162,1,goal
1716,986,-1337.10,0.61,417.69,0.0007,0.0000,0,collision
1717,384,193.55,5.18,1047.15,0.0000,0.0166,1,goal
1718,460,-320.53,4.09,1038.75,0.0022,0.1488,0,collision
1719,1001,-1213.13,0.67,476.61,0.0000,0.0000,0,timeout
561,657,-108.64,3.78,1466.66,0.0000,0.1334,1,goal
562,187,-159.84,6.97,558.89,0.0052,0.0033,0,collision
563,1001,-1159.83,1.15,460.52,0.0000,0.0000,0,timeout
564,448,-344.49,4.70,969.95,0.0007,0.1108,0,collision
565,1001,-1303.08,0.66,196.36,0.0000,0.0002,0,timeout
566,226,-188.57,6.75,575.61,0.0006,0.0000,0,collision
567,1001,-947.58,2.12,983.55,0.0000,0.0454,0,timeout
568,103,-197.82,5.40,258.35,0.0070,0.0166,0,collision
569,1001,-967.16,2.18,966.06,0.0000,0.0000,0,timeout
570,1001,-1201.86,0.70,423.47,0.0000,0.0000,0,timeout
1720,1001,-889.93,2.30,1170.85,0.0000,0.0671,0,timeout
1721,164,-280.51,3.65,261.15,0.0027,0.2396,0,collision
1722,883,-1196.63,0.75,419.32,0.0012,0.0243,0,collision
1723,360,-326.98,4.09,737.86,0.0025,0.0943,0,collision
1724,73,-260.35,1.27,69.73,0.0002,0.0000,0,collision
1725,266,-172.61,4.70,801.58,0.0011,0.0003,0,collision
1726,1001,-1241.16,0.67,442.89,0.0000,0.0000,0,timeout
1727,324,-297.52,4.34,733.65,0.0029,0.0000,0,collision
1728,497,143.83,5.13,1286.14,0.0000,0.0149,1,goal
571,1001,-1323.02,0.30,254.13,0.0000,0.0004,0,timeout
572,3,-203.41,0.20,0.24,0.0641,0.3234,0,collision
573,445,-210.41,6.45,1108.48,0.0022,0.0889,0,collision
574,141,-287.86,1.82,173.65,0.0034,0.0160,0,collision
575,1001,-1252.89,0.68,431.25,0.0000,0.0000,0,timeout
576,443,97.16,5.30,1170.71,0.0000,0.1063,1,goal
577,1001,-894.17,2.24,1000.61,0.0000,0.0007,0,timeout
578,1001,-1363.64,0.38,287.23,0.0000,0.0000,0,timeout
579,330,-397.41,4.08,538.41,0.0025,0.2697,0,collision
580,1001,-996.35,1.96,871.19,0.0000,0.0058,0,timeout
1729,1001,-1238.82,0.96,625.56,0.0000,0.0000,0,timeout
1730,1001,-1166.63,1.03,514.40,0.0000,0.0051,0,timeout
1731,1001,-1092.44,1.39,563.94,0.0000,0.0000,0,timeout
1732,2,-200.86,0.00,0.10,0.3260,0.0000,0,collision
1733,1001,-1173.06,0.66,465.18,0.0000,0.0014,0,timeout
1734,74,-181.97,9.15,113.91,0.0128,0.0000,0,collision
581,432,209.63,5.89,1211.75,0.0000,0.0000,1,goal
582,7,-205.20,1.05,2.14,0.0738,0.0008,0,collision
583,1001,-981.27,1.47,641.97,0.0000,0.0087,0,timeout
584,418,-378.61,3.39,806.47,0.0018,0.0000,0,collision
585,701,59.12,4.08,1483.49,0.0000,0.0583,1,goal
586,1001,-1163.54,0.67,493.84,0.0000,0.0009,0,timeout
587,1001,-1278.15,0.69,294.48,0.0000,0.0000,0,timeout
588,402,-427.97,3.55,532.26,0.0027,0.0877,0,collision
589,1001,-1203.55,0.69,502.60,0.0000,0.0375,0,timeout
590,330,297.56,6.89,993.19,0.0000,0.0230,1,goal
1735,79,-243.47,3.84,224.18,0.0079,0.0000,0,collision
1736,1001,-1224.06,0.67,432.45,0.0000,0.0156,0,timeout
1737,438,-355.78,3.84,811.39,0.0025,0.0403,0,collision
1738,1001,-1222.25,0.69,519.70,0.0000,0.0000,0,timeout
1739,178,-294.34,1.87,211.31,0.0016,0.0253,0,collision
1740,401,-233.77,4.02,913.64,0.0000,0.0514,0,collision
1741,1001,-1032.17,1.44,971.41,0.0000,0.0000,0,timeout
591,1001,-1203.81,0.67,504.58,0.0000,0.0000,0,timeout
592,518,179.98,5.29,1284.61,0.0000,0.0744,1,goal
593,1001,-1012.90,1.37,922.28,0.0000,0.0538,0,timeout
594,1001,-862.52,1.83,993.55,0.0000,0.0346,0,timeout
595,2,-200.86,0.04,0.11,0.2019,0.0000,0,collision
596,1001,-1303.98,0.19,192.47,0.0000,0.0001,0,timeout
597,1001,-1136.45,0.85,503.78,0.0000,0.0000,0,timeout
598,1001,-1090.74,1.14,832.22,0.0000,0.0029,0,timeout
599,1001,-1200.52,0.66,416.06,0.0000,0.0139,0,timeout
600,356,-292.46,3.62,620.45,0.0014,0.0353,0,collision
1742,1001,-1247.50,0.64,525.59,0.0000,0.0000,0,timeout
1743,1001,-1262.05,0.41,375.65,0.0000,0.0000,0,timeout
1744,660,156.51,4.19,1760.53,0.0000,0.0058,1,goal
1745,303,-307.36,2.76,518.60,0.0033,0.0136,0,collision
1746,568,98.90,4.05,1333.86,0.0000,0.0788,1,goal
1747,235,-120.27,6.03,773.57,0.0005,0.0000,0,collision
601,2,-200.77,1.04,2.51,0.4926,0.2884,0,collision
602,1001,-1223.97,0.71,506.74,0.0000,0.0000,0,timeout
603,1001,-1167.87,0.69,388.65,0.0000,0.0015,0,timeout
604,1001,-924.42,1.59,807.80,0.0000,0.0000,0,timeout
605,1001,-1195.67,0.60,474.55,0.0000,0.0053,0,timeout
606,1001,-1198.19,0.68,464.80,0.0000,0.0061,0,timeout
607,1001,-1146.62,0.71,483.30,0.0000,0.0004,0,timeout
608,1001,-1314.76,0.21,218.22,0.0000,0.0000,0,timeout
609,1001,-1175.29,0.68,543.33,0.0000,0.0053,0,timeout
610,28,-215.41,2.03,48.80,0.0349,0.0000,0,collision
1748,399,-275.63,3.23,727.28,0.0005,0.0020,0,collision
1749,1001,-1107.83,0.67,501.37,0.0000,0.0041,0,timeout
1750,1001,-1280.45,0.32,280.79,0.0000,0.0000,0,timeout
1751,3,-200.72,1.44,3.84,0.1011,0.0000,0,collision
1752,1001,-861.61,2.04,1208.46,0.0000,0.0804,0,timeout
1753,1001,-1037.82,1.33,651.26,0.0000,0.0196,0,timeout
611,258,-297.62,2.69,415.42,0.0036,0.0129,0,collision
612,90,-216.84,3.61,209.29,0.0030,0.0000,0,collision
613,1001,-1251.67,0.70,416.41,0.0000,0.0000,0,timeout
614,1001,-1182.42,0.85,570.22,0.0000,0.0015,0,timeout
615,1001,-1197.58,0.86,382.73,0.0000,0.0180,0,timeout
616,602,212.20,4.65,1656.83,0.0000,0.0002,1,goal
617,1001,-1058.51,1.08,653.28,0.0000,0.0035,0,timeout
618,1001,-1246.97,0.39,343.93,0.0000,0.0001,0,timeout
619,140,-201.52,5.01,406.41,0.0045,0.0195,0,collision
620,529,-406.99,2.99,894.04,0.0010,0.0372,0,collision
1754,1001,-1098.13,1.60,1026.48,0.0000,0.0553,0,timeout
1755,1001,-992.36,1.42,932.53,0.0000,0.0340,0,timeout
1756,1001,-856.63,1.96,1129.79,0.0000,0.0217,0,timeout
1757,1001,-1138.07,0.85,685.11,0.0000,0.0000,0,timeout
621,1001,-1174.25,0.70,551.62,0.0000,0.0005,0,timeout
622,1001,-990.38,1.21,866.16,0.0000,0.0214,0,timeout
623,310,-401.91,2.19,311.65,0.0015,0.0672,0,collision
624,1001,-1184.72,0.69,487.52,0.0000,0.0000,0,timeout
625,125,-214.97,4.08,332.04,0.0092,0.0000,0,collision
626,846,-203.47,3.29,1525.84,0.0000,0.0937,1,goal
627,886,-349.40,2.85,1637.54,0.0000,0.0896,1,goal
628,1001,-1246.06,0.67,356.31,0.0000,0.0000,0,timeout
629,1001,-725.53,2.19,1266.13,0.0000,0.0123,0,timeout
630,1001,-1128.97,0.97,620.37,0.0000,0.0643,0,timeout
1758,760,-818.54,3.06,1280.06,0.0003,0.0630,0,collision
1759,412,250.32,5.67,1183.62,0.0000,0.0653,1,goal
1760,1001,-1030.69,1.28,845.20,0.0000,0.0195,0,timeout
1761,2,-200.86,0.00,0.10,0.1888,0.0000,0,collision
1762,3,-200.64,1.60,4.43,0.2151,0.0000,0,collision
1763,174,-223.15,3.92,420.01,0.0037,0.0000,0,collision
1764,1001,-1108.39,1.43,675.02,0.0000,0.0348,0,timeout
631,1001,-1133.02,1.02,410.57,0.0000,0.0096,0,timeout
632,243,-202.83,6.64,544.07,0.0010,0.0000,0,collision
633,282,-358.87,2.47,409.52,0.0022,0.1798,0,collision
634,1001,-1276.43,0.59,403.15,0.0000,0.0000,0,timeout
635,1001,-1251.34,0.67,347.80,0.0000,0.0640,0,timeout
636,1,-200.00,0.00,0.00,0.0000,0.0000,0,collision
637,315,-291.05,3.09,522.08,0.0020,0.0437,0,collision
638,2,-200.32,1.04,2.51,0.2246,0.0000,0,collision
639,2,-200.68,0.00,0.10,0.2167,0.1554,0,collision
640,1001,-1272.04,0.68,302.52,0.0000,0.0006,0,timeout
1765,1001,-1164.80,1.22,652.42,0.0000,0.0000,0,timeout
1766,1001,-1237.74,0.79,344.01,0.0000,0.0000,0,timeout
1767,509,91.76,4.63,1057.85,0.0000,0.0057,1,goal
1768,175,-290.51,3.80,410.46,0.0029,0.3104,0,collision
1769,1001,-987.78,1.36,655.38,0.0000,0.0009,0,timeout
1770,1001,-1262.90,0.68,472.87,0.0000,0.0000,0,timeout
641,1001,-1060.53,1.20,732.37,0.0000,0.0141,0,timeout
642,1001,-1007.33,1.40,958.23,0.0000,0.0496,0,timeout
643,479,158.90,4.75,1342.75,0.0000,0.0799,1,goal
644,1001,-1158.66,1.15,727.74,0.0000,0.0000,0,timeout
645,1001,-970.38,1.40,925.99,0.0000,0.0643,0,timeout
646,1001,-779.26,2.23,1355.06,0.0000,0.0080,0,timeout
647,105,-158.81,5.65,347.60,0.0068,0.0124,0,collision
648,525,245.98,4.95,1534.34,0.0000,0.0010,1,goal
649,1001,-909.57,1.56,925.16,0.0000,0.0261,0,timeout
650,387,293.05,6.13,1271.89,0.0000,0.0032,1,goal
1771,333,-478.45,2.05,352.54,0.0000,0.0301,0,collision
1772,412,246.67,5.53,1375.17,0.0000,0.0301,1,goal
1773,1001,-1237.23,0.51,432.57,0.0000,0.0024,0,timeout
1774,1001,-988.28,1.44,924.35,0.0000,0.0391,0,timeout
1775,747,70.98,3.72,1697.45,0.0000,0.0121,1,goal
651,359,-191.00,4.81,1003.74,0.0026,0.0488,0,collision
652,291,-165.45,4.90,861.70,0.0023,0.0000,0,collision
653,1001,-1230.94,0.59,501.61,0.0000,0.0000,0,timeout
654,1001,-910.31,1.32,885.62,0.0000,0.0014,0,timeout
655,760,75.50,3.85,1710.61,0.0000,0.0477,1,goal
656,519,201.20,4.46,1412.49,0.0000,0.0045,1,goal
657,1001,-993.80,1.58,925.41,0.0000,0.0092,0,timeout
658,78,-149.22,9.00,370.65,0.0025,0.0000,0,collision
659,249,-159.24,4.92,691.81,0.0036,0.0024,0,collision
660,519,198.94,4.95,1318.32,0.0000,0.0000,1,goal
1776,1001,-1118.48,1.12,748.27,0.0000,0.0000,0,timeout
1777,226,-108.07,6.03,827.15,0.0015,0.0028,0,collision
1778,1001,-1229.75,0.67,508.55,0.0000,0.0000,0,timeout
1779,1001,-1227.50,0.67,387.55,0.0000,0.0000,0,timeout
1780,1,-200.00,0.00,0.00,0.0000,0.0000,0,collision
1781,1001,-648.00,2.06,1295.87,0.0000,0.0257,0,timeout
661,1001,-618.86,2.11,1330.41,0.0000,0.0260,0,timeout
662,1001,-1120.70,0.71,513.31,0.0000,0.0009,0,timeout
663,232,-396.10,1.18,172.18,0.0023,0.0270,0,collision
664,1001,-1041.12,1.05,639.39,0.0000,0.0000,0,timeout
665,1001,-945.65,0.90,643.14,0.0000,0.0508,0,timeout
666,1001,-697.93,1.91,1201.70,0.0000,0.0391,0,timeout
667,1001,-1269.51,0.33,307.29,0.0000,0.0009,0,timeout
668,1001,-1350.94,0.20,195.60,0.0000,0.0360,0,timeout
669,586,-551.50,2.09,737.06,0.0016,0.0201,0,collision
670,1001,-740.96,1.61,1056.63,0.0000,0.0089,0,timeout
1782,1001,-789.33,1.92,1209.70,0.0000,0.0477,0,timeout
1783,1001,-1040.77,1.05,636.59,0.0000,0.0489,0,timeout
1784,2,-200.92,0.29,0.29,0.1323,0.0000,0,collision
1785,548,-702.41,1.34,450.59,0.0018,0.0658,0,collision
1786,508,-522.97,1.66,549.41,0.0023,0.0004,0,collision
1787,3,-202.18,0.53,1.64,0.2954,0.0000,0,collision
1788,688,-798.57,1.58,697.86,0.0015,0.0903,0,collision
1789,1001,-785.14,1.70,1081.87,0.0000,0.0611,0,timeout
1790,8,-209.72,0.30,1.21,0.0134,0.0000,0,collision
671,1001,-757.45,1.62,1006.66,0.0000,0.0143,0,timeout
672,947,-1094.98,1.25,664.11,0.0005,0.1535,0,collision
673,1,-200.00,0.00,0.00,0.0000,0.0000,0,collision
674,1001,-1065.58,1.15,672.86,0.0000,0.0490,0,timeout
675,1001,-1168.05,0.68,485.81,0.0000,0.0107,0,timeout
676,1001,-637.77,2.45,1433.28,0.0000,0.0151,0,timeout
677,2,-200.86,0.00,0.10,0.3699,0.0000,0,collision
678,1001,-1211.72,0.51,377.21,0.0000,0.0003,0,timeout
679,1001,-1303.33,0.29,263.59,0.0000,0.0002,0,timeout
680,1001,-1215.89,0.70,529.97,0.0000,0.0000,0,timeout
1791,135,-209.37,4.02,343.32,0.0023,0.0029,0,collision
1792,1001,-704.79,2.04,1166.43,0.0000,0.0661,0,timeout
1793,662,-760.35,1.64,696.37,0.0006,0.0983,0,collision
1794,298,-332.10,2.46,460.17,0.0016,0.0224,0,collision
1795,2,-201.13,0.04,0.10,0.0524,0.0000,0,collision
1796,1001,-679.58,2.06,1243.75,0.0000,0.0215,0,timeout
1797,2,-200.86,0.00,0.10,0.2872,0.0000,0,collision
1798,1001,-902.10,1.50,991.74,0.0000,0.0643,0,timeout
681,1001,-1087.87,1.03,606.44,0.0000,0.0054,0,timeout
682,1001,-850.95,1.42,929.08,0.0000,0.0137,0,timeout
683,825,-74.60,3.34,1613.11,0.0000,0.0324,1,goal
684,2,-200.86,0.00,0.10,0.2359,0.0000,0,collision
685,331,-432.11,1.86,364.92,0.0024,0.0314,0,collision
686,1001,-1250.67,0.39,325.68,0.0000,0.0013,0,timeout
687,1001,-895.39,1.78,1135.33,0.0000,0.0483,0,timeout
688,1001,-1314.08,0.27,249.99,0.0000,0.0180,0,timeout
689,6,-206.06,0.67,2.40,0.0069,0.1653,0,collision
690,5,-205.78,0.19,0.66,0.1313,0.0000,0,collision
1799,1001,-1165.36,0.95,655.94,0.0000,0.0042,0,timeout
1800,1001,-1000.99,1.14,757.48,0.0000,0.0070,0,timeout
1801,1001,-927.51,1.29,796.67,0.0000,0.0081,0,timeout
1802,338,-402.27,2.08,499.27,0.0009,0.0757,0,collision
1803,1,-200.00,0.00,0.00,0.0000,0.0000,0,collision
691,1001,-758.64,2.15,1333.85,0.0000,0.0093,0,timeout
692,1001,-967.47,1.32,772.18,0.0000,0.0017,0,timeout
693,2,-200.48,0.80,1.54,0.0568,0.0000,0,collision
694,1001,-1175.37,0.56,448.29,0.0000,0.0021,0,timeout
695,1001,-1220.59,0.56,421.48,0.0000,0.0000,0,timeout
696,1001,-1176.80,0.69,521.96,0.0000,0.0057,0,timeout
697,1001,-954.03,1.34,902.30,0.0000,0.1052,0,timeout
698,779,85.65,3.64,1705.29,0.0000,0.0034,1,goal
699,2,-200.35,0.29,0.30,0.1797,0.0000,0,collision
700,464,-287.89,3.58,996.63,0.0015,0.0026,0,collision
1804,1001,-1085.59,1.12,782.19,0.0000,0.0056,0,timeout
1805,1001,-1046.36,1.09,744.90,0.0000,0.0000,0,timeout
1806,286,-366.33,2.45,393.87,0.0036,0.0720,0,collision
1807,1001,-1318.89,0.24,244.25,0.0000,0.0000,0,timeout
1808,636,53.94,3.88,1445.42,0.0000,0.0467,1,goal
1809,1001,-1009.41,1.26,729.58,0.0000,0.0172,0,timeout
701,375,223.88,6.16,1309.60,0.0000,0.1371,1,goal
702,300,-119.56,7.25,1040.63,0.0026,0.0535,0,collision
703,1001,-1336.76,0.23,270.78,0.0000,0.0000,0,timeout
704,187,-215.97,4.16,530.46,0.0023,0.0282,0,collision
705,576,63.99,4.34,1489.79,0.0000,0.0750,1,goal
706,228,-286.06,3.22,479.75,0.0013,0.0599,0,collision
707,2,-200.32,1.04,2.51,0.2019,0.0000,0,collision
708,1001,-1020.02,1.58,841.22,0.0000,0.0049,0,timeout
709,1001,-1137.43,1.04,702.09,0.0000,0.0000,0,timeout
710,282,-68.21,7.12,1208.93,0.0019,0.0000,0,collision
1810,1001,-1161.80,1.28,853.92,0.0000,0.0045,0,timeout
1811,277,-71.54,7.51,1085.45,0.0008,0.0218,0,collision
1812,1001,-987.30,1.45,782.38,0.0000,0.0450,0,timeout
1813,293,-250.41,5.86,579.74,0.0009,0.1675,0,collision
1814,130,-133.77,8.63,488.50,0.0020,0.0675,0,collision
1815,1001,-1218.62,1.00,550.51,0.0000,0.0000,0,timeout
711,1001,-1221.39,0.66,437.92,0.0000,0.0240,0,timeout
712,1001,-1267.42,0.68,507.54,0.0000,0.0000,0,timeout
713,476,135.27,5.94,1246.94,0.0000,0.1273,1,goal
714,93,-164.95,7.28,289.48,0.0000,0.0000,0,collision
715,1001,-1241.19,0.85,415.80,0.0000,0.0000,0,timeout
716,1001,-1318.77,0.28,303.18,0.0000,0.0000,0,timeout
717,1001,-1310.99,0.38,311.47,0.0000,0.0039,0,timeout
718,315,-170.02,8.15,961.65,0.0026,0.0400,0,collision
719,1001,-1319.12,0.23,223.39,0.0000,0.0079,0,timeout
720,1001,-1144.56,1.31,659.75,0.0000,0.0318,0,timeout
1816,1001,-943.80,2.18,984.48,0.0000,0.0000,0,timeout
1817,2,-200.32,1.04,2.51,0.2053,0.0000,0,collision
1818,1001,-1260.73,0.85,411.77,0.0000,0.0000,0,timeout
1819,1001,-1304.63,0.39,315.10,0.0000,0.0000,0,timeout
1820,38,-171.94,13.74,87.47,0.0125,0.0415,0,collision
1821,1001,-1184.68,1.13,491.39,0.0000,0.0000,0,timeout
1822,42,-184.65,7.30,206.38,0.0061,0.0000,0,collision
1823,119,-145.97,7.48,408.35,0.0067,0.0176,0,collision
721,2,-200.65,1.03,2.46,0.4227,0.1767,0,collision
722,1001,-1159.45,0.85,653.14,0.0000,0.0319,0,timeout
723,200,-252.14,4.04,439.15,0.0045,0.1287,0,collision
724,1001,-1193.85,0.68,495.68,0.0000,0.0000,0,timeout
725,135,-179.67,4.88,330.77,0.0060,0.0000,0,collision
726,184,-92.76,7.64,752.73,0.0028,0.0000,0,collision
727,254,-125.85,5.97,951.60,0.0027,0.0099,0,collision
728,40,-179.58,6.55,155.52,0.0347,0.0399,0,collision
729,1001,-1011.82,1.21,843.63,0.0000,0.0177,0,timeout
730,1001,-1324.82,0.20,195.25,0.0000,0.0019,0,timeout
1824,678,-711.91,2.80,1261.86,0.0009,0.0718,0,collision
1825,514,-301.97,4.46,1363.68,0.0012,0.1175,0,collision
1826,457,-280.27,4.11,964.42,0.0022,0.0238,0,collision
1827,510,-396.41,4.28,1221.71,0.0018,0.2261,0,collision
1828,1001,-1108.17,1.01,617.82,0.0000,0.0003,0,timeout
1829,1001,-1034.60,1.44,882.80,0.0000,0.0335,0,timeout
731,2,-200.85,0.70,1.19,0.2598,0.3350,0,collision
732,1001,-1288.57,0.24,223.43,0.0000,0.0068,0,timeout
733,117,-222.44,3.22,214.33,0.0100,0.0243,0,collision
734,2,-200.32,1.04,2.51,0.0000,0.0000,0,collision
735,1001,-1148.29,0.59,440.36,0.0000,0.0032,0,timeout
736,1001,-1246.49,0.30,263.95,0.0000,0.0022,0,timeout
737,1001,-1133.62,0.67,514.76,0.0000,0.0009,0,timeout
738,223,-319.35,2.72,286.16,0.0000,0.0000,0,collision
739,783,-631.45,2.72,1320.59,0.0008,0.1517,0,collision
740,1001,-1187.59,0.68,457.69,0.0000,0.0000,0,timeout
1830,304,-509.71,2.25,352.52,0.0043,0.0028,0,collision
1831,1001,-1041.16,0.89,566.54,0.0000,0.0023,0,timeout
1832,1,-200.00,0.00,0.00,0.0000,0.0000,0,collision
1833,1,-200.00,0.00,0.00,0.0000,0.0000,0,collision
1834,494,-347.04,3.20,936.37,0.0004,0.0259,0,collision
1835,1001,-1146.83,0.71,475.59,0.0000,0.0000,0,timeout
1836,1001,-1124.66,1.30,770.21,0.0000,0.0318,0,timeout
741,1,-200.00,0.00,0.00,0.0000,0.0000,0,collision
742,288,-337.68,4.13,564.10,0.0023,0.3071,0,collision
743,1001,-1252.09,0.59,398.28,0.0000,0.0000,0,timeout
744,1001,-1374.72,0.20,276.40,0.0000,0.0000,0,timeout
745,113,-140.17,8.89,381.01,0.0078,0.0344,0,collision
746,271,351.25,10.61,728.41,0.0000,0.0000,1,goal
747,39,-210.27,2.69,69.17,0.0001,0.1936,0,collision
748,223,-165.28,4.65,607.69,0.0011,0.0272,0,collision
749,174,-109.75,7.71,675.43,0.0007,0.0581,0,collision
750,145,-132.98,9.29,478.67,0.0028,0.0713,0,collision
1837,1001,-873.26,2.80,1281.79,0.0000,0.0841,0,timeout
1838,1001,-1303.24,0.68,308.16,0.0000,0.0000,0,timeout
1839,97,-211.19,3.37,215.52,0.0059,0.0662,0,collision
1840,1001,-1243.69,0.68,425.57,0.0000,0.0000,0,timeout
1841,3,-201.81,0.97,3.69,0.0000,0.0000,0,collision
1842,161,-108.51,9.11,760.37,0.0033,0.0145,0,collision
1843,1001,-1292.36,0.59,284.41,0.0000,0.0000,0,timeout
751,1001,-1219.13,1.00,541.00,0.0000,0.0000,0,timeout
752,195,349.79,11.69,670.87,0.0000,0.0000,1,goal
753,250,-135.40,6.32,907.72,0.0043,0.0509,0,collision
754,1001,-1237.92,0.65,471.55,0.0000,0.0000,0,timeout
755,1,-200.00,0.00,0.00,0.0000,0.0000,0,collision
756,1001,-1337.57,0.25,272.38,0.0000,0.0000,0,timeout
757,1001,-1238.82,0.66,489.35,0.0000,0.0000,0,timeout
758,452,226.41,5.48,1302.74,0.0000,0.0638,1,goal
759,84,-177.41,6.15,288.35,0.0056,0.0535,0,collision
760,1001,-957.10,1.81,1037.16,0.0000,0.0259,0,timeout
1844,399,-647.00,1.50,243.94,0.0004,0.0000,0,collision
1845,1001,-1162.53,0.85,595.08,0.0000,0.0069,0,timeout
1846,1001,-1257.10,0.66,461.21,0.0000,0.0000,0,timeout
1847,24,-182.12,10.63,204.24,0.0025,0.0000,0,collision
1848,2,-200.32,1.04,2.51,0.5080,0.0000,0,collision
1849,190,-197.21,6.00,599.21,0.0003,0.2047,0,collision
1850,171,-131.72,9.25,622.45,0.0047,0.0461,0,collision
1851,1001,-1107.74,1.75,722.19,0.0000,0.0000,0,timeout
1852,11,-195.92,4.18,47.68,0.0606,0.0889,0,collision
1853,242,-251.20,5.14,572.93,0.0008,0.2035,0,collision
761,1001,-804.18,2.07,1299.27,0.0000,0.1246,0,timeout
762,232,-187.76,4.53,647.90,0.0040,0.0814,0,collision
763,394,221.56,4.68,998.67,0.0000,0.0987,1,goal
764,1001,-1064.02,1.40,704.93,0.0000,0.0392,0,timeout
765,1001,-1116.68,1.04,780.45,0.0000,0.0158,0,timeout
766,1001,-1032.11,1.40,664.45,0.0000,0.0573,0,timeout
767,2,-200.60,0.67,1.10,0.0033,0.0000,0,collision
768,615,153.93,4.65,1518.21,0.0000,0.1296,1,goal
769,1001,-1183.77,0.85,603.43,0.0000,0.0687,0,timeout
770,6,-207.94,0.12,0.55,0.1546,0.0637,0,collision
1854,1001,-1148.36,1.73,944.75,0.0000,0.0000,0,timeout
1855,1001,-1022.89,1.41,953.40,0.0000,0.0037,0,timeout
1856,1001,-1094.15,1.15,685.25,0.0000,0.0019,0,timeout
1857,1001,-1078.75,1.17,667.50,0.0000,0.0015,0,timeout
1858,206,-246.46,3.99,406.40,0.0013,0.1695,0,collision
771,1001,-1092.73,1.14,744.08,0.0000,0.0000,0,timeout
772,1001,-1153.11,0.98,541.95,0.0000,0.0075,0,timeout
773,281,351.98,8.51,1091.21,0.0000,0.0000,1,goal
774,263,-214.13,4.58,669.54,0.0000,0.0064,0,collision
775,72,-210.42,3.34,125.29,0.0149,0.0222,0,collision
776,344,325.98,7.31,1222.88,0.0000,0.0000,1,goal
777,1001,-1306.63,0.32,244.19,0.0000,0.0228,0,timeout
778,2,-202.45,0.00,0.10,0.4036,0.4936,0,collision
779,512,243.22,5.55,1562.66,0.0000,0.0896,1,goal
780,1001,-1197.09,0.82,517.42,0.0000,0.0487,0,timeout
1859,527,-678.36,2.97,969.39,0.0006,0.0000,0,collision
1860,359,246.33,6.64,1003.37,0.0000,0.0449,1,goal
1861,1001,-1192.95,0.69,470.52,0.0000,0.0074,0,timeout
1862,88,-204.47,4.98,246.01,0.0124,0.0596,0,collision
1863,1001,-1258.52,0.60,456.92,0.0000,0.0035,0,timeout
1864,402,106.87,5.82,851.42,0.0000,0.2388,1,goal
1865,1001,-1301.70,0.59,414.24,0.0000,0.0000,0,timeout
781,1001,-1322.25,0.29,287.42,0.0000,0.0000,0,timeout
782,525,-511.49,3.06,939.91,0.0000,0.3121,0,collision
783,1001,-1261.87,0.39,345.56,0.0000,0.0064,0,timeout
784,81,-243.70,1.94,73.14,0.0138,0.0124,0,collision
785,1001,-1173.70,0.68,513.20,0.0000,0.0000,0,timeout
786,1001,-1146.29,0.92,605.47,0.0000,0.0000,0,timeout
787,1001,-768.58,2.07,1098.20,0.0000,0.0145,0,timeout
788,1001,-1125.98,1.03,712.42,0.0000,0.0162,0,timeout
789,1001,-1307.14,0.38,417.06,0.0000,0.0000,0,timeout
790,1001,-1251.67,0.60,436.49,0.0000,0.0000,0,timeout
1866,1001,-1181.70,1.08,752.35,0.0000,0.0023,0,timeout
1867,164,-231.79,4.23,425.65,0.0012,0.1528,0,collision
1868,1001,-1233.60,0.69,448.65,0.0000,0.0282,0,timeout
1869,77,-186.46,5.24,277.68,0.0036,0.0000,0,collision
1870,1001,-1267.88,0.39,330.66,0.0000,0.0000,0,timeout
791,282,-352.73,4.21,537.27,0.0031,0.2913,0,collision
792,1001,-1285.55,0.68,287.69,0.0000,0.0000,0,timeout
793,1001,-1287.43,0.66,273.39,0.0000,0.0000,0,timeout
794,1001,-1197.45,0.67,505.93,0.0000,0.0000,0,timeout
795,1001,-1085.24,1.41,885.77,0.0000,0.0308,0,timeout
796,1001,-1015.78,1.49,948.14,0.0000,0.0000,0,timeout
797,1001,-1229.72,0.71,323.94,0.0000,0.0000,0,timeout
798,1001,-1109.27,1.54,645.47,0.0000,0.0285,0,timeout
799,1001,-1220.52,0.73,452.53,0.0000,0.0034,0,timeout
800,446,208.06,6.27,1490.61,0.0000,0.1231,1,goal
1871,1001,-1217.25,1.18,746.30,0.0000,0.0000,0,timeout
1872,131,-227.30,4.27,368.43,0.0044,0.1524,0,collision
1873,149,-311.96,2.96,235.11,0.0034,0.4869,0,collision
1874,1001,-1066.35,1.42,891.11,0.0000,0.0130,0,timeout
1875,1001,-1244.22,0.68,365.52,0.0000,0.0015,0,timeout
1876,559,51.01,4.74,1189.59,0.0000,0.0928,1,goal
1877,1001,-1092.20,1.96,759.57,0.0000,0.0409,0,timeout
801,499,211.48,5.77,1475.79,0.0000,0.0458,1,goal
802,374,233.66,6.15,1153.86,0.0000,0.0908,1,goal
803,216,-136.99,6.43,714.45,0.0006,0.0000,0,collision
804,6,-197.63,3.05,12.30,0.1699,0.0000,0,collision
805,1001,-1328.91,0.26,290.31,0.0000,0.0000,0,timeout
806,50,-179.78,6.18,185.55,0.0043,0.0000,0,collision
807,212,-189.24,5.55,609.14,0.0008,0.0819,0,collision
808,236,-120.03,6.12,933.84,0.0007,0.0360,0,collision
809,1,-200.00,0.00,0.00,0.0000,0.0000,0,collision
810,380,244.56,6.04,1052.33,0.0000,0.0809,1,goal
1878,745,-743.26,4.79,1543.20,0.0001,0.1399,0,collision
1879,1001,-1221.65,0.69,384.42,0.0000,0.0020,0,timeout
1880,241,-350.19,2.33,359.89,0.0014,0.2337,0,collision
1881,1001,-997.92,1.73,799.12,0.0000,0.0000,0,timeout
1882,1001,-1048.88,1.04,737.41,0.0000,0.0050,0,timeout
811,304,-255.87,5.36,603.63,0.0013,0.0587,0,collision
812,2,-200.37,0.93,2.05,0.2998,0.0000,0,collision
813,1001,-1315.88,0.27,234.33,0.0000,0.0170,0,timeout
814,1001,-1229.32,0.67,420.10,0.0000,0.0031,0,timeout
815,33,-190.90,8.42,193.17,0.0024,0.0000,0,collision
816,287,-331.17,4.16,575.68,0.0021,0.3056,0,collision
817,2,-200.93,0.28,0.28,0.1344,0.0000,0,collision
818,1001,-1225.01,0.71,496.33,0.0000,0.0203,0,timeout
819,1001,-1109.03,1.19,706.12,0.0000,0.0000,0,timeout
820,1001,-1075.19,1.20,684.84,0.0000,0.0238,0,timeout
1883,1001,-926.46,2.00,972.95,0.0000,0.0000,0,timeout
1884,299,197.51,6.42,934.11,0.0000,0.0447,1,goal
1885,337,335.13,7.35,1191.41,0.0000,0.0000,1,goal
1886,406,183.72,5.74,1098.48,0.0000,0.0206,1,goal
1887,1001,-1384.70,0.19,255.08,0.0000,0.0000,0,timeout
1888,3,-199.67,2.08,9.94,0.0000,0.0000,0,collision
1889,1001,-921.00,1.59,856.93,0.0000,0.0196,0,timeout
1890,156,-225.44,4.54,417.30,0.0028,0.0049,0,collision
821,67,-156.99,10.40,256.00,0.0114,0.0000,0,collision
822,299,-179.37,4.79,925.62,0.0002,0.0173,0,collision
823,329,341.10,8.33,1149.80,0.0000,0.0000,1,goal
824,1,-200.00,0.00,0.00,0.0000,0.0000,0,collision
825,391,-255.39,5.37,1149.53,0.0016,0.0173,0,collision
826,1001,-1309.32,0.22,255.95,0.0000,0.0000,0,timeout
827,1001,-1096.17,1.31,684.34,0.0000,0.0027,0,timeout
828,1001,-1010.88,1.59,798.25,0.0000,0.0088,0,timeout
829,328,209.08,7.12,844.08,0.0000,0.0356,1,goal
830,118,-167.99,6.61,466.01,0.0071,0.0000,0,collision
1891,647,-500.20,3.72,1310.93,0.0009,0.0430,0,collision
1892,1001,-1255.27,0.59,494.90,0.0000,0.0000,0,timeout
1893,1001,-1283.05,0.42,346.85,0.0000,0.0000,0,timeout
1894,51,-179.37,7.84,142.81,0.0180,0.0173,0,collision
1895,1001,-1200.22,0.90,537.68,0.0000,0.0000,0,timeout
1896,117,-188.12,4.48,367.85,0.0056,0.0168,0,collision
1897,356,261.22,6.50,1097.23,0.0000,0.0000,1,goal
831,265,329.40,8.64,970.45,0.0000,0.0168,1,goal
832,285,-135.22,7.28,740.16,0.0010,0.0000,0,collision
833,47,-187.74,6.35,152.39,0.0208,0.0000,0,collision
834,395,-223.96,5.73,940.35,0.0008,0.1439,0,collision
835,1001,-1081.95,1.31,742.84,0.0000,0.0000,0,timeout
836,1001,-1172.07,0.66,494.36,0.0000,0.0000,0,timeout
837,286,-220.20,5.03,790.07,0.0000,0.0173,0,collision
838,585,126.99,4.72,1425.98,0.0000,0.0502,1,goal
839,1001,-1238.95,0.68,363.15,0.0000,0.0000,0,timeout
840,1001,-1200.80,0.66,494.03,0.0000,0.0072,0,timeout
1898,79,-167.17,5.16,281.15,0.0046,0.0243,0,collision
1899,1001,-1181.68,1.15,621.80,0.0000,0.0000,0,timeout
1900,1001,-1323.85,0.31,315.11,0.0000,0.0000,0,timeout
1901,467,-385.55,3.48,894.43,0.0007,0.1479,0,collision
1902,1001,-989.92,1.41,927.53,0.0000,0.0061,0,timeout
1903,567,28.05,3.79,1153.74,0.0000,0.0604,1,goal
