episode,steps,ep_reward,avg_speed,total_energy,wiggle,safety,success,reason,route
1,182,-193.08,5.30,483.64,0.0110,0.0000,0,collision,
2,38,-224.11,1.58,43.33,0.0034,0.0000,0,collision,
3,18,-213.05,1.03,10.20,0.0920,0.0000,0,collision,
4,36,-198.49,3.19,88.93,0.0342,0.0218,0,collision,
5,208,-174.79,4.13,541.52,0.0001,0.0006,0,collision,
6,163,-207.10,4.94,445.72,0.0027,0.0197,0,collision,
7,140,-238.34,2.94,321.04,0.0083,0.0120,0,collision,
8,18,-187.16,5.31,96.12,0.0884,0.1238,0,collision,
9,64,-229.54,2.30,81.75,0.0114,0.0000,0,collision,
10,118,-283.05,2.33,221.79,0.0086,0.0121,0,collision,
1,37,-203.76,4.47,146.01,0.0170,0.0000,0,collision,
2,151,-209.67,4.88,457.69,0.0027,0.0439,0,collision,
3,4,-203.47,0.52,2.71,0.0000,0.0000,0,collision,
4,6,-204.58,0.96,1.39,0.1463,0.0000,0,collision,
5,27,-179.89,6.63,100.21,0.0206,0.0782,0,collision,
6,61,-148.35,11.11,249.33,0.0000,0.0338,0,collision,
7,63,-172.39,8.78,293.02,0.0155,0.0833,0,collision,
8,12,-205.33,2.37,25.03,0.0278,0.0000,0,collision,
9,39,-228.33,1.60,37.75,0.0513,0.0000,0,collision,
10,13,-213.68,0.52,4.43,0.1501,0.0000,0,collision,
11,177,-278.29,2.12,229.36,0.0063,0.0075,0,collision,
12,22,-216.16,1.42,14.62,0.0799,0.0146,0,collision,
13,20,-198.84,3.23,41.40,0.0211,0.0303,0,collision,
14,64,-244.48,1.40,60.40,0.0198,0.0014,0,collision,
15,6,-204.33,0.83,2.56,0.1345,0.0000,0,collision,
16,68,-205.30,3.13,135.79,0.0294,0.0436,0,collision,
17,218,-197.76,7.03,371.88,0.0020,0.0124,0,collision,
18,2,-200.97,0.24,0.24,0.2461,0.0000,0,collision,
19,140,-177.74,6.36,515.70,0.0074,0.0165,0,collision,
20,193,-199.66,4.23,531.93,0.0063,0.0000,0,collision,
21,298,307.76,8.28,1023.45,0.0000,0.0072,1,goal,
22,169,344.67,13.67,434.64,0.0000,0.0010,1,goal,
23,96,-257.64,1.89,90.99,0.0074,0.0000,0,collision,
24,11,-210.04,0.44,2.53,0.1079,0.0000,0,collision,
25,76,-131.72,18.78,40.65,0.0196,0.0232,0,collision,
26,34,-218.69,1.61,35.29,0.0416,0.0441,0,collision,
27,66,-189.83,4.50,214.09,0.0105,0.0000,0,collision,
28,29,-182.48,9.47,118.56,0.0483,0.0507,0,collision,
29,56,-199.98,3.17,102.04,0.0274,0.0062,0,collision,
30,244,-186.12,6.33,688.27,0.0082,0.0069,0,collision,
31,119,-154.54,7.61,683.07,0.0131,0.0414,0,collision,
32,11,-196.67,3.12,24.89,0.0090,0.0000,0,collision,
33,124,-115.56,10.19,356.71,0.0006,0.0122,0,collision,
34,121,-105.29,16.87,172.52,0.0014,0.0039,0,collision,
35,107,-145.69,13.13,336.40,0.0147,0.0173,0,collision,
36,7,-197.92,2.92,12.98,0.1666,0.0000,0,collision,
37,14,-212.96,0.95,10.30,0.0401,0.0000,0,collision,
38,85,-212.93,5.04,272.32,0.0129,0.0201,0,collision,
39,32,-204.72,4.51,96.87,0.0193,0.0000,0,collision,
40,30,-221.66,1.71,25.04,0.0309,0.0424,0,collision,
41,76,-151.67,14.85,146.53,0.0147,0.0370,0,collision,
42,16,-209.86,1.70,26.00,0.0189,0.0000,0,collision,
43,125,-129.99,10.34,392.81,0.0159,0.0159,0,collision,
44,133,-128.77,8.14,543.18,0.0098,0.0100,0,collision,
45,91,-173.29,5.16,285.83,0.0103,0.0000,0,collision,
46,295,-144.04,7.17,854.68,0.0035,0.0000,0,collision,
47,234,-174.09,6.08,822.37,0.0046,0.0140,0,collision,
48,52,-177.32,5.86,161.59,0.0186,0.0000,0,collision,
11,6,-202.66,0.78,3.58,0.0003,0.0000,0,collision,
12,46,-179.64,10.62,230.00,0.0072,0.0929,0,collision,
13,23,-205.76,2.38,50.17,0.0404,0.0000,0,collision,
14,62,-199.81,2.93,95.09,0.0051,0.0036,0,collision,
15,161,-56.69,12.89,336.06,0.0016,0.0003,0,collision,
16,5,-203.40,0.72,1.96,0.2256,0.0872,0,collision,
17,71,-198.69,3.62,120.78,0.0091,0.0000,0,collision,
18,126,-108.41,13.44,418.13,0.0087,0.0314,0,collision,
19,10,-205.42,1.48,6.13,0.0222,0.0554,0,collision,
20,34,-210.07,1.70,46.02,0.0000,0.0000,0,collision,
49,117,-244.53,3.75,300.03,0.0151,0.0000,0,collision,
50,66,-157.31,12.24,218.93,0.0000,0.0165,0,collision,
51,35,-201.79,2.78,68.64,0.0238,0.0570,0,collision,
52,50,-152.56,12.86,171.80,0.0084,0.0216,0,collision,
53,23,-196.61,4.68,136.26,0.0250,0.0000,0,collision,
54,228,-130.36,7.56,854.70,0.0062,0.0068,0,collision,
55,23,-221.73,1.07,17.97,0.0299,0.0000,0,collision,
56,213,-124.71,7.06,631.63,0.0094,0.0000,0,collision,
57,54,-187.21,4.43,190.31,0.0135,0.1042,0,collision,
58,187,-25.95,15.21,461.49,0.0074,0.0016,0,collision,
59,78,-188.41,7.17,339.13,0.0202,0.0150,0,collision,
60,23,-192.39,4.03,74.03,0.0687,0.0304,0,collision,
61,57,-169.85,11.83,122.91,0.0125,0.0000,0,collision,
62,30,-173.98,11.64,93.26,0.0610,0.0718,0,collision,
63,110,-104.60,14.09,327.92,0.0072,0.0413,0,collision,
64,139,-101.13,12.53,391.63,0.0031,0.0054,0,collision,
65,54,-153.04,12.28,173.29,0.0230,0.0195,0,collision,
66,108,-199.62,3.52,257.48,0.0171,0.0000,0,collision,
67,77,-150.90,13.83,200.70,0.0070,0.0000,0,collision,
68,293,204.38,7.77,696.41,0.0000,0.0016,1,goal,
69,76,-157.06,11.04,273.58,0.0097,0.0145,0,collision,
70,13,-209.68,0.98,10.65,0.0209,0.0000,0,collision,
71,47,-225.73,1.54,60.48,0.0055,0.0000,0,collision,
72,5,-203.88,0.56,1.68,0.2396,0.0000,0,collision,
73,24,-220.50,0.86,14.67,0.0117,0.0572,0,collision,
74,137,-189.24,6.44,481.80,0.0082,0.0149,0,collision,
75,346,286.05,7.48,961.88,0.0000,0.0000,1,goal,
76,6,-206.33,0.53,1.75,0.2436,0.0000,0,collision,
77,61,-219.04,2.08,95.95,0.0231,0.0000,0,collision,
78,2,-201.82,0.00,0.10,1.0000,0.0000,0,collision,
79,3,-203.11,0.07,0.23,0.2772,0.0000,0,collision,
80,67,-216.17,3.69,169.42,0.0000,0.0247,0,collision,
81,124,-86.56,10.67,408.75,0.0000,0.0000,0,collision,
82,70,-194.86,3.95,219.14,0.0050,0.1030,0,collision,
83,8,-195.81,3.30,19.50,0.0163,0.0000,0,collision,
84,33,-214.96,1.96,48.18,0.0104,0.0582,0,collision,
85,2,-201.82,0.00,0.10,0.5001,0.0000,0,collision,
86,10,-201.84,2.24,9.70,0.0994,0.0000,0,collision,
87,6,-201.35,1.65,7.56,0.0616,0.1183,0,collision,
88,55,-213.02,2.51,96.65,0.0015,0.0000,0,collision,
89,220,-254.68,4.06,636.92,0.0042,0.0000,0,collision,
90,29,-203.98,2.54,45.04,0.0013,0.1202,0,collision,
91,144,-226.67,3.21,317.18,0.0056,0.0130,0,collision,
92,120,-172.60,4.56,325.42,0.0142,0.0000,0,collision,
93,88,-177.61,6.16,208.81,0.0042,0.0169,0,collision,
94,35,-221.12,1.94,33.89,0.0203,0.0114,0,collision,
95,7,-204.68,0.45,1.66,0.0121,0.0000,0,collision,
96,26,-227.10,1.11,27.58,0.0248,0.1871,0,collision,
97,167,-151.68,7.69,417.29,0.0120,0.0080,0,collision,
98,30,-182.53,11.00,150.85,0.0230,0.0000,0,collision,
99,20,-197.15,3.69,50.20,0.0088,0.0000,0,collision,
100,16,-214.45,1.22,19.86,0.1119,0.0000,0,collision,
101,149,-136.50,9.26,670.15,0.0026,0.0186,0,collision,
21,205,-301.25,4.39,617.07,0.0026,0.0362,0,collision,
22,48,-222.27,1.90,69.24,0.0201,0.0208,0,collision,
23,167,-141.72,9.95,577.75,0.0088,0.0027,0,collision,
24,145,-209.00,5.99,348.76,0.0105,0.0085,0,collision,
25,16,-214.49,1.27,14.80,0.0598,0.0783,0,collision,
26,25,-229.65,0.83,14.58,0.0591,0.0000,0,collision,
27,123,-181.03,6.92,360.63,0.0017,0.0000,0,collision,
28,15,-189.45,4.64,73.08,0.1333,0.0000,0,collision,
29,51,-219.01,2.36,91.71,0.0332,0.0000,0,collision,
30,73,-182.90,5.42,282.38,0.0140,0.0000,0,collision,
102,13,-208.04,0.86,8.08,0.0076,0.0000,0,collision,
103,73,-116.29,18.36,311.29,0.0148,0.0130,0,collision,
104,55,-205.13,3.49,93.61,0.0174,0.0000,0,collision,
105,86,-179.34,4.36,258.48,0.0086,0.0000,0,collision,
106,7,-201.55,1.55,6.26,0.2857,0.0000,0,collision,
107,12,-212.27,0.54,4.69,0.0476,0.0152,0,collision,
108,53,-205.68,2.66,98.72,0.0103,0.0000,0,collision,
109,95,-133.60,15.71,166.51,0.0135,0.0205,0,collision,
110,32,-216.82,2.64,49.16,0.0625,0.0717,0,collision,
111,16,-196.17,8.28,131.50,0.0012,0.0889,0,collision,
112,9,-208.37,0.46,4.85,0.0045,0.0205,0,collision,
113,22,-218.86,0.90,13.31,0.0906,0.0762,0,collision,
114,38,-170.20,12.85,202.76,0.0082,0.0240,0,collision,
115,7,-208.54,0.22,0.88,0.2582,0.0000,0,collision,
116,45,-210.66,2.86,87.20,0.0298,0.0157,0,collision,
117,34,-224.37,1.65,46.39,0.0412,0.0324,0,collision,
118,36,-224.76,1.77,53.26,0.0379,0.0384,0,collision,
119,42,-200.42,3.23,96.22,0.0034,0.0000,0,collision,
120,210,-228.46,3.04,423.88,0.0067,0.0043,0,collision,
121,86,-195.98,8.14,175.17,0.0016,0.0175,0,collision,
122,40,-220.16,2.35,71.25,0.0262,0.0000,0,collision,
123,250,332.70,8.47,998.07,0.0000,0.0165,1,goal,
124,46,-170.50,14.51,211.55,0.0032,0.0551,0,collision,
125,144,-145.73,9.83,559.44,0.0057,0.0071,0,collision,
126,21,-210.15,1.82,30.24,0.0169,0.0000,0,collision,
127,176,-139.78,6.02,641.04,0.0114,0.0000,0,collision,
128,8,-201.21,3.14,44.01,0.2500,0.0000,0,collision,
129,13,-190.48,6.89,107.57,0.1083,0.0000,0,collision,
130,118,-186.67,5.26,397.10,0.0081,0.0107,0,collision,
131,194,-165.18,5.74,572.78,0.0055,0.0000,0,collision,
132,270,-222.68,5.85,636.11,0.0033,0.0067,0,collision,
133,6,-205.01,0.39,2.00,0.3124,0.0000,0,collision,
134,16,-206.36,1.21,14.24,0.0000,0.0000,0,collision,
135,4,-203.14,1.14,2.86,0.2640,0.0739,0,collision,
136,59,-179.63,5.06,206.59,0.0227,0.0112,0,collision,
137,47,-203.36,3.69,139.83,0.0050,0.0000,0,collision,
138,33,-213.77,1.39,25.68,0.0366,0.0000,0,collision,
139,72,-170.81,9.85,183.35,0.0148,0.0135,0,collision,
140,44,-252.37,0.91,25.01,0.0152,0.0000,0,collision,
141,5,-201.88,1.27,4.87,0.2280,0.0000,0,collision,
142,21,-190.29,6.97,132.80,0.0481,0.0000,0,collision,
143,45,-193.37,5.47,169.94,0.0329,0.0000,0,collision,
144,3,-203.72,0.00,0.20,0.1642,0.0000,0,collision,
145,80,-220.67,2.34,129.11,0.0107,0.0000,0,collision,
146,72,-224.04,2.80,131.38,0.0138,0.0000,0,collision,
147,529,-411.77,2.77,767.86,0.0005,0.0063,0,collision,
148,55,-235.50,2.53,102.11,0.0135,0.0095,0,collision,
149,100,-180.90,7.62,161.85,0.0200,0.0042,0,collision,
150,45,-200.23,2.83,95.40,0.0171,0.0528,0,collision,
151,119,-204.35,4.27,293.60,0.0066,0.0067,0,collision,
152,54,-242.70,1.36,43.74,0.0168,0.0000,0,collision,
153,81,-222.07,2.61,122.46,0.0017,0.0000,0,collision,
154,8,-198.83,2.31,14.10,0.1910,0.0000,0,collision,
155,208,-249.60,4.07,443.28,0.0000,0.0000,0,collision,
156,30,-216.22,1.52,45.07,0.0011,0.0000,0,collision,
157,8,-209.79,0.56,2.88,0.0001,0.0000,0,collision,
158,99,-236.40,2.06,119.27,0.0113,0.0153,0,collision,
31,6,-209.23,0.00,0.50,0.3333,0.0000,0,collision,
32,255,-324.07,3.74,597.43,0.0049,0.0187,0,collision,
33,41,-213.03,2.19,42.55,0.0011,0.0000,0,collision,
34,5,-205.27,0.61,4.06,0.4000,0.0000,0,collision,
35,15,-195.40,5.28,56.02,0.0709,0.0000,0,collision,
36,133,-184.88,6.01,313.93,0.0081,0.0000,0,collision,
37,208,-225.74,4.44,558.23,0.0012,0.0907,0,collision,
38,18,-197.51,5.23,87.47,0.0842,0.0000,0,collision,
39,28,-221.44,1.49,42.57,0.0361,0.0000,0,collision,
40,59,-217.28,2.26,90.20,0.0225,0.0055,0,collision,
159,14,-207.57,1.47,19.59,0.0853,0.0000,0,collision,
160,10,-212.85,0.56,5.06,0.0863,0.0000,0,collision,
161,140,-188.85,4.52,354.01,0.0038,0.0000,0,collision,
162,146,-219.66,4.82,532.97,0.0038,0.0244,0,collision,
163,28,-228.89,0.82,15.32,0.0280,0.0226,0,collision,
164,127,-122.30,9.81,467.79,0.0095,0.0042,0,collision,
165,20,-210.13,2.84,25.71,0.0000,0.1097,0,collision,
166,90,-228.26,3.27,193.96,0.0201,0.0051,0,collision,
167,33,-225.18,1.79,53.00,0.0104,0.0000,0,collision,
168,68,-247.93,1.75,90.67,0.0007,0.0000,0,collision,
169,53,-236.39,1.04,28.95,0.0119,0.0155,0,collision,
170,34,-232.88,0.62,13.12,0.0028,0.0101,0,collision,
171,480,-150.50,5.65,1347.33,0.0014,0.0018,0,collision,
172,98,-228.07,2.83,181.04,0.0059,0.0458,0,collision,
173,39,-220.35,2.46,87.80,0.0142,0.0000,0,collision,
174,117,-246.21,2.90,219.05,0.0023,0.0049,0,collision,
175,13,-206.75,1.18,9.13,0.0247,0.0000,0,collision,
176,95,-230.90,1.76,126.17,0.0063,0.0140,0,collision,
177,37,-212.60,2.26,60.61,0.0079,0.0000,0,collision,
178,36,-196.27,3.47,85.28,0.0270,0.0000,0,collision,
179,24,-194.97,2.70,40.65,0.0470,0.0000,0,collision,
180,40,-209.56,2.15,67.51,0.0368,0.0000,0,collision,
181,80,-225.87,2.42,144.77,0.0007,0.0000,0,collision,
182,66,-247.59,1.99,91.81,0.0303,0.0238,0,collision,
183,77,-199.51,3.39,193.59,0.0103,0.0000,0,collision,
184,29,-218.88,1.38,29.38,0.0238,0.0000,0,collision,
185,176,-143.24,5.66,590.51,0.0009,0.0000,0,collision,
186,71,-143.10,9.53,323.43,0.0095,0.0000,0,collision,
187,77,-226.40,3.63,149.67,0.0026,0.0864,0,collision,
188,65,-154.18,9.01,359.75,0.0119,0.0360,0,collision,
189,17,-196.60,3.74,33.20,0.0401,0.0000,0,collision,
190,265,-147.34,5.70,681.81,0.0007,0.0141,0,collision,
191,18,-215.07,0.94,13.52,0.0480,0.0000,0,collision,
192,29,-194.61,3.24,61.03,0.0081,0.0039,0,collision,
193,78,-203.08,2.82,143.39,0.0032,0.0299,0,collision,
194,6,-204.37,0.64,4.51,0.3333,0.0000,0,collision,
195,119,-168.76,6.11,292.13,0.0018,0.0365,0,collision,
196,13,-187.97,4.94,50.15,0.0931,0.0000,0,collision,
197,71,-203.22,2.80,154.14,0.0066,0.1230,0,collision,
198,255,9.47,10.53,716.60,0.0000,0.0053,0,collision,
199,18,-217.65,0.58,6.62,0.0562,0.0128,0,collision,
200,166,-163.94,6.63,479.16,0.0003,0.0572,0,collision,
201,81,-116.06,17.19,196.27,0.0037,0.0099,0,collision,
202,119,-206.66,4.84,396.03,0.0125,0.0338,0,collision,
203,21,-219.85,0.74,9.27,0.0614,0.0000,0,collision,
204,30,-204.38,3.45,63.56,0.0351,0.0000,0,collision,
205,17,-198.97,2.33,22.83,0.0464,0.0000,0,collision,
206,4,-203.46,0.69,1.92,0.0204,0.0000,0,collision,
207,78,-200.69,2.46,130.87,0.0019,0.0123,0,collision,
208,72,-214.47,4.39,207.13,0.0192,0.0086,0,collision,
209,118,-281.88,1.92,154.32,0.0144,0.0000,0,collision,
210,106,-211.00,6.95,283.46,0.0033,0.0000,0,collision,
211,14,-208.16,0.76,7.32,0.0847,0.0862,0,collision,
41,138,-127.48,10.43,635.13,0.0010,0.0000,0,collision,
42,11,-192.69,6.69,103.30,0.0445,0.0920,0,collision,
43,61,-164.53,5.49,225.56,0.0110,0.0005,0,collision,
44,65,-225.88,3.43,206.75,0.0253,0.0000,0,collision,
45,95,-131.07,5.79,430.22,0.0008,0.0000,0,collision,
46,58,-191.83,4.85,220.53,0.0098,0.1180,0,collision,
47,75,-161.79,7.07,289.75,0.0012,0.0326,0,collision,
48,34,-171.99,6.01,143.08,0.0588,0.0000,0,collision,
49,193,-152.72,4.70,683.42,0.0073,0.0020,0,collision,
50,186,323.51,12.01,483.48,0.0000,0.0060,1,goal,
212,11,-211.00,0.82,7.75,0.0276,0.0000,0,collision,
213,91,-118.20,12.04,344.40,0.0013,0.0126,0,collision,
214,334,367.11,8.39,1316.07,0.0000,0.0000,1,goal,
215,22,-210.45,1.78,25.23,0.0781,0.0000,0,collision,
216,31,-201.51,1.84,37.61,0.0327,0.0000,0,collision,
217,133,-83.23,9.60,448.94,0.0084,0.0099,0,collision,
218,85,-176.30,7.59,468.40,0.0052,0.0052,0,collision,
219,133,-134.99,5.50,471.60,0.0055,0.0034,0,collision,
220,36,-206.97,2.36,67.33,0.0304,0.0000,0,collision,
221,10,-202.41,1.85,18.62,0.1970,0.0524,0,collision,
222,143,-124.32,9.51,567.55,0.0022,0.0034,0,collision,
223,56,-189.54,3.26,140.82,0.0155,0.0000,0,collision,
224,33,-220.95,1.39,40.00,0.0541,0.0000,0,collision,
225,296,-76.39,9.32,861.12,0.0022,0.0123,0,collision,
226,54,-219.76,1.79,62.06,0.0204,0.0000,0,collision,
227,170,322.69,14.78,314.39,0.0000,0.0000,1,goal,
228,123,-99.78,8.05,602.38,0.0066,0.0182,0,collision,
229,95,-220.26,3.66,300.43,0.0120,0.0172,0,collision,
230,46,-183.98,4.32,166.89,0.0401,0.0000,0,collision,
231,231,-98.82,7.40,634.68,0.0002,0.0097,0,collision,
232,52,-176.54,8.38,273.65,0.0095,0.0000,0,collision,
233,56,-234.21,2.55,104.71,0.0277,0.0000,0,collision,
234,3,-203.17,0.00,0.20,0.4905,0.0000,0,collision,
235,214,352.13,10.60,721.77,0.0000,0.0031,1,goal,
236,309,309.01,6.10,777.69,0.0000,0.0055,1,goal,
237,122,-135.92,8.55,528.34,0.0041,0.0000,0,collision,
238,193,359.77,14.36,376.00,0.0000,0.0186,1,goal,
239,24,-185.44,3.98,85.55,0.0545,0.0114,0,collision,
240,103,-166.10,7.19,188.88,0.0045,0.0000,0,collision,
241,2,-202.28,0.00,0.10,0.1922,0.2326,0,collision,
242,71,-167.38,8.93,327.12,0.0135,0.0137,0,collision,
243,8,-200.03,2.17,17.82,0.2500,0.0364,0,collision,
244,337,379.97,8.83,1036.40,0.0000,0.0006,1,goal,
245,21,-198.62,6.09,123.52,0.0328,0.0000,0,collision,
246,29,-174.47,6.65,123.82,0.0690,0.0000,0,collision,
247,132,-146.08,7.71,587.09,0.0104,0.0555,0,collision,
248,19,-205.28,2.29,57.57,0.0072,0.0000,0,collision,
249,102,-178.41,4.20,290.21,0.0048,0.0166,0,collision,
250,40,-173.70,6.67,213.14,0.0062,0.2624,0,collision,
51,92,-112.21,14.48,128.88,0.0030,0.0064,0,collision,
52,18,-197.46,4.26,73.26,0.0408,0.0000,0,collision,
53,56,-218.45,4.21,176.00,0.0167,0.0153,0,collision,
54,57,-137.22,15.06,356.22,0.0104,0.0131,0,collision,
55,8,-207.77,0.86,6.76,0.0000,0.0000,0,collision,
56,60,-148.56,11.46,161.53,0.0072,0.0490,0,collision,
57,20,-184.43,6.07,79.69,0.0902,0.0000,0,collision,
58,132,-159.46,9.97,516.49,0.0028,0.0242,0,collision,
59,43,-149.93,19.40,96.69,0.0037,0.0302,0,collision,
60,2,-201.19,0.14,0.15,0.4342,0.0000,0,collision,
251,198,-148.77,8.72,714.15,0.0101,0.0331,0,collision,
252,6,-203.83,0.43,1.94,0.0643,0.0146,0,collision,
253,33,-187.30,9.01,124.99,0.0367,0.1144,0,collision,
254,53,-155.44,12.59,275.67,0.0119,0.0727,0,collision,
255,90,-127.87,10.26,294.87,0.0047,0.0548,0,collision,
256,11,-200.29,2.24,20.50,0.0016,0.0102,0,collision,
257,7,-196.90,3.20,26.17,0.2758,0.0000,0,collision,
258,93,-124.91,7.65,419.74,0.0078,0.0000,0,collision,
259,6,-198.54,2.15,14.98,0.2468,0.0000,0,collision,
260,76,-123.71,15.41,249.74,0.0060,0.0103,0,collision,
261,10,-213.51,0.52,4.67,0.0928,0.0000,0,collision,
262,57,-137.31,19.24,101.78,0.0069,0.0177,0,collision,
263,215,343.50,12.48,710.74,0.0000,0.0099,1,goal,
264,180,-120.41,13.04,494.80,0.0000,0.0042,0,collision,
265,102,-110.48,15.43,221.90,0.0024,0.0113,0,collision,
266,9,-203.69,2.37,21.78,0.0000,0.0000,0,collision,
267,50,-185.46,3.55,146.87,0.0044,0.0000,0,collision,
268,18,-207.20,2.28,33.01,0.0000,0.0000,0,collision,
269,47,-172.75,6.52,183.32,0.0011,0.0000,0,collision,
270,133,-110.58,8.38,530.76,0.0063,0.0392,0,collision,
271,43,-159.32,14.40,179.72,0.0121,0.0154,0,collision,
272,53,-171.68,6.74,196.57,0.0141,0.0501,0,collision,
273,170,-118.46,10.68,725.99,0.0039,0.0592,0,collision,
274,51,-184.40,6.86,176.65,0.0067,0.0229,0,collision,
275,29,-178.65,6.75,113.80,0.0000,0.0000,0,collision,
276,22,-199.85,4.10,66.31,0.0562,0.0000,0,collision,
277,168,-52.89,17.15,393.58,0.0069,0.0069,0,collision,
278,102,-109.07,8.45,590.45,0.0018,0.0000,0,collision,
279,55,-180.40,10.05,322.25,0.0133,0.0152,0,collision,
280,61,-158.68,7.77,309.04,0.0322,0.0215,0,collision,
281,36,-160.97,16.08,167.03,0.0000,0.0000,0,collision,
282,51,-161.57,12.64,202.03,0.0179,0.0274,0,collision,
283,35,-165.32,9.30,190.87,0.0278,0.0000,0,collision,
284,29,-179.73,10.92,166.26,0.0504,0.0000,0,collision,
285,37,-164.72,14.49,81.91,0.0254,0.1119,0,collision,
286,9,-193.35,4.91,46.96,0.0745,0.0000,0,collision,
287,11,-203.63,2.66,23.07,0.1358,0.0509,0,collision,
288,47,-167.04,7.40,262.98,0.0390,0.0265,0,collision,
289,7,-197.57,3.22,32.32,0.0000,0.0000,0,collision,
290,56,-157.64,15.49,185.60,0.0089,0.0274,0,collision,
291,226,370.43,10.74,581.50,0.0000,0.0030,1,goal,
292,107,-145.30,13.10,419.10,0.0055,0.0120,0,collision,
293,30,-180.60,8.93,116.95,0.0266,0.0314,0,collision,
294,103,-90.61,18.44,277.45,0.0171,0.0064,0,collision,
295,127,-113.79,13.97,367.67,0.0157,0.0212,0,collision,
296,33,-170.55,12.68,86.87,0.0603,0.0948,0,collision,
297,203,-287.75,5.26,532.36,0.0060,0.0054,0,collision,
298,35,-177.10,7.97,130.18,0.0064,0.0493,0,collision,
299,129,-178.30,7.40,407.40,0.0000,0.0000,0,collision,
300,15,-202.86,2.81,54.37,0.1005,0.0045,0,collision,
301,127,-81.70,16.34,360.63,0.0090,0.0070,0,collision,
302,53,-146.02,10.67,295.92,0.0032,0.0154,0,collision,
303,39,-180.61,16.80,35.33,0.0115,0.0245,0,collision,
304,104,-120.12,16.57,298.62,0.0091,0.0095,0,collision,
305,203,-241.34,10.69,357.84,0.0015,0.0087,0,collision,
306,93,-150.22,8.94,427.59,0.0021,0.1012,0,collision,
307,36,-175.18,9.96,186.04,0.0202,0.0822,0,collision,
61,170,378.06,16.13,550.14,0.0000,0.0000,1,goal,
62,176,-274.87,6.18,409.10,0.0069,0.0235,0,collision,
63,57,-158.19,11.47,151.65,0.0119,0.0424,0,collision,
64,100,-107.32,13.46,72.74,0.0001,0.0415,0,collision,
65,25,-204.61,2.09,35.20,0.0000,0.0691,0,collision,
66,153,-119.83,8.73,524.01,0.0011,0.0396,0,collision,
67,45,-162.30,12.47,164.37,0.0155,0.0275,0,collision,
68,214,-184.10,7.20,720.62,0.0024,0.0201,0,collision,
69,210,317.37,11.02,536.53,0.0000,0.0186,1,goal,
70,267,380.04,8.40,1094.09,0.0000,0.0044,1,goal,
308,175,-205.96,6.49,687.70,0.0056,0.0353,0,collision,
309,38,-194.71,7.97,206.92,0.0132,0.0369,0,collision,
310,103,-91.69,15.24,199.66,0.0128,0.0115,0,collision,
311,185,-173.50,10.95,523.85,0.0067,0.0058,0,collision,
312,157,-179.12,7.96,648.10,0.0046,0.0051,0,collision,
313,127,-124.66,10.11,422.17,0.0058,0.0057,0,collision,
314,78,-146.29,11.77,318.84,0.0123,0.0230,0,collision,
315,100,-121.35,13.09,294.63,0.0200,0.0180,0,collision,
316,148,387.18,17.42,543.99,0.0000,0.0000,1,goal,
317,168,-279.46,4.76,567.79,0.0010,0.0117,0,collision,
318,29,-170.94,13.93,111.08,0.0295,0.0395,0,collision,
319,32,-169.62,9.68,277.16,0.0057,0.0177,0,collision,
320,122,-102.43,14.41,420.25,0.0062,0.1013,0,collision,
321,49,-147.99,16.95,146.67,0.0220,0.0448,0,collision,
322,90,-146.18,9.13,303.00,0.0056,0.0315,0,collision,
323,15,-188.14,5.71,63.04,0.0535,0.0000,0,collision,
324,9,-207.10,0.77,3.01,0.1156,0.0237,0,collision,
325,113,-166.38,10.54,360.15,0.0058,0.0077,0,collision,
326,158,-78.62,13.25,464.13,0.0033,0.0078,0,collision,
327,69,-159.91,12.12,153.12,0.0135,0.0347,0,collision,
328,82,-141.27,9.31,310.50,0.0168,0.0000,0,collision,
329,141,-66.72,14.88,352.82,0.0142,0.1099,0,collision,
330,284,12.42,9.35,1208.28,0.0070,0.0401,0,collision,
331,41,-187.04,6.78,212.50,0.0119,0.0649,0,collision,
332,46,-166.30,14.51,130.32,0.0076,0.0225,0,collision,
333,292,282.37,9.69,499.41,0.0000,0.0132,1,goal,
334,37,-172.59,6.18,141.22,0.0162,0.0044,0,collision,
335,147,335.34,16.66,542.19,0.0000,0.0221,1,goal,
336,23,-185.69,6.52,119.80,0.0371,0.0000,0,collision,
337,117,-191.03,8.55,223.17,0.0020,0.0098,0,collision,
338,118,-126.87,13.01,518.36,0.0000,0.0363,0,collision,
339,101,349.45,26.87,-202.42,0.0000,0.0000,1,goal,
340,37,-155.78,18.40,148.19,0.0331,0.0000,0,collision,
341,96,-115.70,9.86,425.58,0.0025,0.0069,0,collision,
342,67,-143.29,13.20,284.33,0.0099,0.0399,0,collision,
343,146,-114.35,9.41,327.30,0.0009,0.0337,0,collision,
344,102,-133.65,13.44,304.98,0.0081,0.0102,0,collision,
345,24,-186.65,4.70,56.90,0.0692,0.0130,0,collision,
346,142,-126.09,12.88,325.89,0.0002,0.0144,0,collision,
347,52,-149.27,14.93,77.70,0.0046,0.0575,0,collision,
348,38,-194.04,3.48,108.10,0.0171,0.0532,0,collision,
71,12,-200.82,2.03,25.74,0.1180,0.1008,0,collision,
72,127,325.84,18.85,194.14,0.0000,0.0000,1,goal,
73,99,-158.59,9.84,315.31,0.0116,0.0406,0,collision,
74,49,-196.56,7.98,177.60,0.0089,0.0360,0,collision,
75,73,-167.57,4.84,237.98,0.0274,0.1066,0,collision,
76,141,-83.68,13.25,502.81,0.0067,0.0248,0,collision,
77,44,-193.24,6.24,232.45,0.0105,0.0000,0,collision,
78,109,330.83,21.42,-74.54,0.0000,0.0000,1,goal,
79,135,-64.06,16.07,99.44,0.0046,0.0151,0,collision,
80,10,-206.76,2.24,23.46,0.0487,0.0000,0,collision,
349,101,-93.46,13.83,269.97,0.0017,0.0000,0,collision,
350,17,-215.86,0.42,3.21,0.0704,0.0000,0,collision,
351,156,-215.02,5.44,494.56,0.0093,0.0415,0,collision,
352,26,-185.14,8.45,167.40,0.0402,0.0245,0,collision,
353,62,-137.48,10.46,236.57,0.0256,0.0625,0,collision,
354,107,-135.61,6.90,550.59,0.0051,0.0212,0,collision,
355,214,-19.12,11.34,493.21,0.0070,0.0000,0,collision,
356,279,-41.10,8.79,985.83,0.0052,0.0022,0,collision,
357,36,-172.25,7.57,175.82,0.0000,0.1126,0,collision,
358,7,-196.70,2.76,13.50,0.1187,0.0000,0,collision,
359,48,-155.81,7.72,273.50,0.0100,0.0000,0,collision,
360,108,-126.76,10.03,268.97,0.0036,0.0449,0,collision,
361,76,-158.59,9.51,202.85,0.0000,0.0000,0,collision,
362,46,-198.13,6.61,127.56,0.0000,0.0193,0,collision,
363,42,-177.95,9.34,161.59,0.0218,0.0000,0,collision,
364,3,-202.10,0.28,0.43,0.0510,0.0000,0,collision,
365,103,-89.42,14.98,102.87,0.0128,0.0608,0,collision,
366,51,-210.46,3.61,148.53,0.0170,0.0387,0,collision,
367,36,-176.45,16.56,153.33,0.0000,0.0510,0,collision,
368,22,-203.27,1.89,26.65,0.0230,0.0000,0,collision,
369,4,-201.22,1.56,10.04,0.1558,0.0000,0,collision,
370,30,-171.24,13.12,144.06,0.0226,0.0538,0,collision,
371,113,-109.84,18.10,177.87,0.0079,0.0057,0,collision,
372,28,-211.23,3.15,86.03,0.0574,0.0332,0,collision,
373,129,-147.28,8.82,431.06,0.0000,0.0431,0,collision,
374,75,-172.66,10.91,337.44,0.0111,0.0157,0,collision,
375,148,-133.86,9.84,362.42,0.0004,0.0663,0,collision,
376,99,-196.76,3.11,237.36,0.0131,0.0013,0,collision,
377,9,-207.82,0.44,2.70,0.1445,0.0687,0,collision,
378,95,-133.60,12.07,102.61,0.0184,0.0438,0,collision,
379,163,-222.53,6.19,436.59,0.0006,0.0256,0,collision,
380,136,-70.34,10.00,623.80,0.0128,0.0067,0,collision,
381,25,-192.28,5.55,84.44,0.0330,0.0000,0,collision,
382,273,-179.31,8.24,529.89,0.0000,0.0203,0,collision,
383,45,-210.88,6.17,216.82,0.0291,0.0350,0,collision,
384,120,-177.46,5.02,384.03,0.0167,0.0000,0,collision,
385,39,-178.61,6.83,251.14,0.0513,0.0000,0,collision,
386,121,-91.88,13.78,600.17,0.0144,0.0796,0,collision,
387,5,-199.84,1.94,12.20,0.3814,0.0000,0,collision,
388,209,-37.43,9.82,702.26,0.0050,0.0170,0,collision,
389,211,397.49,13.70,717.39,0.0000,0.0071,1,goal,
390,16,-202.82,4.08,71.03,0.0506,0.0000,0,collision,
391,32,-182.53,5.09,108.01,0.0445,0.0000,0,collision,
392,43,-182.30,4.70,168.04,0.0360,0.0000,0,collision,
393,266,321.51,8.49,758.20,0.0000,0.0032,1,goal,
394,33,-193.02,5.40,177.33,0.0606,0.0000,0,collision,
81,175,-90.63,12.03,302.00,0.0100,0.0493,0,collision,
82,149,-113.00,7.55,551.94,0.0005,0.0187,0,collision,
83,14,-219.90,0.44,5.55,0.0000,0.0000,0,collision,
84,336,380.57,8.20,962.80,0.0000,0.0167,1,goal,
85,76,-166.29,8.87,359.76,0.0128,0.0362,0,collision,
86,300,360.13,8.28,1227.63,0.0000,0.0066,1,goal,
87,75,-146.83,8.32,259.74,0.0166,0.0381,0,collision,
88,280,-116.53,6.27,953.78,0.0071,0.0178,0,collision,
89,236,409.39,9.86,1010.55,0.0000,0.0106,1,goal,
90,97,-148.28,8.89,268.75,0.0121,0.0094,0,collision,
395,193,-139.83,8.26,636.78,0.0042,0.0000,0,collision,
396,237,402.26,10.22,628.01,0.0000,0.0000,1,goal,
397,39,-204.05,2.61,69.95,0.0467,0.0000,0,collision,
398,64,-193.57,5.17,323.23,0.0178,0.0000,0,collision,
399,167,345.22,9.84,540.89,0.0000,0.0040,1,goal,
400,241,-129.97,6.56,932.19,0.0018,0.0000,0,collision,
401,16,-194.90,3.14,48.20,0.0815,0.0472,0,collision,
402,123,-261.16,2.35,217.54,0.0050,0.1093,0,collision,
403,44,-165.10,12.30,73.47,0.0288,0.0276,0,collision,
404,214,-65.36,7.97,757.04,0.0032,0.0000,0,collision,
405,353,311.50,7.48,1365.85,0.0000,0.0156,1,goal,
406,259,397.58,10.68,914.11,0.0000,0.0131,1,goal,
407,31,-194.33,5.77,130.65,0.0244,0.0183,0,collision,
408,115,-61.47,15.25,287.74,0.0059,0.0102,0,collision,
409,181,352.48,12.54,494.64,0.0000,0.0000,1,goal,
410,370,342.50,7.10,1119.81,0.0000,0.0156,1,goal,
411,234,411.06,11.49,432.42,0.0000,0.0281,1,goal,
412,101,-99.33,10.31,415.12,0.0142,0.0170,0,collision,
413,255,435.84,11.91,715.07,0.0000,0.0000,1,goal,
414,33,-183.58,8.43,209.85,0.0000,0.0000,0,collision,
415,8,-206.07,0.52,4.75,0.1079,0.0000,0,collision,
416,84,-148.55,9.97,431.46,0.0070,0.0085,0,collision,
417,283,-68.44,10.18,571.10,0.0068,0.0428,0,collision,
418,245,340.05,10.20,695.39,0.0000,0.0498,1,goal,
419,212,-208.57,6.01,367.07,0.0057,0.0181,0,collision,
420,180,377.24,13.83,344.60,0.0000,0.0563,1,goal,
91,36,-186.15,8.78,182.01,0.0000,0.0185,0,collision,
92,140,-53.11,15.86,278.64,0.0041,0.0026,0,collision,
93,24,-177.06,13.24,157.85,0.0595,0.0643,0,collision,
94,296,-202.19,8.54,641.60,0.0044,0.0061,0,collision,
95,30,-210.99,2.98,70.63,0.0483,0.0999,0,collision,
96,186,331.61,14.10,500.08,0.0000,0.0233,1,goal,
97,38,-160.40,17.32,92.74,0.0197,0.0199,0,collision,
98,81,-125.48,17.14,217.92,0.0141,0.0086,0,collision,
99,58,-136.42,16.78,215.51,0.0345,0.0295,0,collision,
100,96,-108.67,19.09,176.73,0.0000,0.0248,0,collision,
421,29,-195.64,8.44,173.55,0.0050,0.0000,0,collision,
422,8,-202.77,2.29,14.92,0.1675,0.0000,0,collision,
423,6,-204.05,1.46,7.77,0.0199,0.0000,0,collision,
424,12,-192.52,4.79,61.43,0.0297,0.0000,0,collision,
425,92,-273.03,4.55,209.10,0.0000,0.0589,0,collision,
426,158,344.07,18.35,281.65,0.0000,0.0000,1,goal,
427,127,-124.63,11.95,429.41,0.0157,0.0000,0,collision,
428,80,-122.14,8.09,404.69,0.0113,0.0051,0,collision,
429,96,-120.38,16.44,173.00,0.0027,0.0000,0,collision,
430,52,-197.12,4.67,230.22,0.0045,0.0023,0,collision,
431,9,-197.41,5.31,50.40,0.0000,0.0095,0,collision,
432,10,-192.64,4.77,46.97,0.0611,0.0000,0,collision,
433,171,-57.86,15.72,253.02,0.0079,0.0000,0,collision,
434,32,-174.73,9.96,145.31,0.0279,0.0305,0,collision,
435,170,337.03,13.13,375.30,0.0000,0.0077,1,goal,
436,17,-185.71,9.10,126.49,0.0056,0.2953,0,collision,
437,226,-83.86,9.36,663.99,0.0029,0.0486,0,collision,
438,89,-152.79,9.62,334.18,0.0098,0.1312,0,collision,
439,114,-74.47,16.98,185.86,0.0086,0.0181,0,collision,
440,78,-91.22,26.16,21.16,0.0213,0.0048,0,collision,
441,8,-194.92,3.32,27.63,0.0714,0.0000,0,collision,
442,234,362.80,12.10,811.42,0.0000,0.0130,1,goal,
443,209,-93.42,10.44,861.73,0.0030,0.0092,0,collision,
444,99,-190.43,7.01,173.27,0.0202,0.3238,0,collision,
445,184,364.11,13.41,211.50,0.0000,0.0405,1,goal,
446,9,-198.48,5.55,60.33,0.0648,0.0000,0,collision,
447,57,-163.22,7.09,280.89,0.0040,0.0670,0,collision,
448,73,-124.82,13.98,169.52,0.0066,0.0171,0,collision,
449,51,-145.67,17.44,104.14,0.0218,0.0474,0,collision,
450,81,-119.94,13.83,267.82,0.0073,0.0581,0,collision,
451,40,-158.63,17.08,169.58,0.0417,0.0000,0,collision,
452,18,-193.75,3.74,51.41,0.0110,0.0000,0,collision,
453,67,-129.03,10.66,369.32,0.0106,0.0000,0,collision,
454,51,-149.14,20.32,142.37,0.0392,0.0165,0,collision,
455,55,-143.30,14.08,241.15,0.0194,0.0545,0,collision,
456,5,-198.73,2.55,12.33,0.2202,0.0000,0,collision,
457,156,-215.31,7.03,307.02,0.0068,0.1503,0,collision,
458,49,-165.93,13.47,105.72,0.0103,0.0774,0,collision,
459,46,-156.31,12.50,252.95,0.0224,0.0389,0,collision,
460,93,-150.74,10.15,294.15,0.0013,0.0741,0,collision,
461,124,-105.02,15.62,235.04,0.0161,0.0071,0,collision,
462,174,-71.43,13.19,362.69,0.0097,0.0671,0,collision,
463,125,-88.44,14.07,292.68,0.0022,0.0399,0,collision,
464,38,-178.01,14.63,127.99,0.0471,0.0559,0,collision,
465,33,-178.16,16.52,119.63,0.0326,0.0288,0,collision,
466,148,348.42,16.91,445.77,0.0000,0.0000,1,goal,
467,12,-201.96,5.63,102.42,0.0846,0.0000,0,collision,
468,277,240.66,9.01,693.20,0.0000,0.0050,1,goal,
101,55,-177.58,10.42,171.19,0.0000,0.0543,0,collision,
102,51,-153.43,15.17,155.91,0.0111,0.0423,0,collision,
103,52,-192.30,5.21,217.59,0.0107,0.2234,0,collision,
104,69,-155.71,11.78,292.24,0.0090,0.0241,0,collision,
105,99,-134.07,11.73,277.84,0.0009,0.0198,0,collision,
106,167,-92.67,10.29,628.56,0.0043,0.0285,0,collision,
107,232,-72.84,12.13,342.84,0.0056,0.0614,0,collision,
108,336,187.30,7.59,631.11,0.0000,0.0000,1,goal,
109,41,-208.97,1.89,49.09,0.0013,0.0254,0,collision,
110,101,-136.99,13.24,202.52,0.0042,0.0108,0,collision,
469,55,-179.37,12.97,207.25,0.0198,0.0000,0,collision,
470,10,-196.92,3.64,42.56,0.1307,0.0000,0,collision,
471,114,-108.84,13.68,268.15,0.0017,0.0077,0,collision,
472,64,-159.11,10.36,322.83,0.0312,0.0192,0,collision,
473,75,-136.46,12.78,225.41,0.0133,0.0222,0,collision,
474,117,-206.47,5.76,166.25,0.0027,0.2598,0,collision,
475,126,-72.42,15.81,236.30,0.0000,0.0157,0,collision,
476,67,-126.30,13.96,278.75,0.0242,0.0357,0,collision,
477,142,-68.45,13.94,367.53,0.0069,0.0726,0,collision,
478,79,-173.14,8.40,281.45,0.0160,0.0297,0,collision,
479,85,-109.71,12.99,314.50,0.0063,0.0233,0,collision,
480,18,-192.84,3.47,42.12,0.0016,0.0000,0,collision,
481,134,-177.02,8.23,342.15,0.0056,0.0065,0,collision,
482,79,-121.77,16.75,-99.71,0.0096,0.0130,0,collision,
483,15,-191.84,4.90,77.73,0.0000,0.0581,0,collision,
484,38,-166.62,13.58,106.81,0.0526,0.1367,0,collision,
485,72,-142.64,10.15,330.89,0.0001,0.0685,0,collision,
486,104,-77.28,21.35,131.90,0.0192,0.0040,0,collision,
487,11,-189.81,5.79,63.82,0.0373,0.0000,0,collision,
488,139,-57.69,16.29,360.92,0.0112,0.0007,0,collision,
489,355,-120.06,7.68,706.01,0.0037,0.0441,0,collision,
490,163,343.50,16.97,387.03,0.0000,0.0977,1,goal,
491,46,-173.00,14.93,133.74,0.0000,0.0293,0,collision,
492,248,-118.89,8.67,505.49,0.0048,0.0386,0,collision,
493,200,372.25,12.06,682.38,0.0000,0.0339,1,goal,
494,167,373.55,16.48,448.11,0.0000,0.0168,1,goal,
495,145,-112.69,12.83,239.40,0.0075,0.0635,0,collision,
496,87,-116.47,17.19,127.98,0.0198,0.0072,0,collision,
497,81,-111.78,12.25,308.51,0.0080,0.0308,0,collision,
498,157,322.74,14.41,271.57,0.0000,0.0000,1,goal,
499,78,-151.47,14.34,310.06,0.0000,0.0854,0,collision,
500,12,-189.10,6.39,99.70,0.0000,0.0000,0,collision,
501,48,-175.49,15.27,153.53,0.0290,0.0000,0,collision,
502,246,269.04,11.11,291.13,0.0000,0.0108,1,goal,
503,41,-155.15,14.05,201.30,0.0270,0.0439,0,collision,
504,8,-196.30,4.03,61.14,0.1134,0.0000,0,collision,
505,11,-200.70,3.04,24.02,0.1032,0.0000,0,collision,
506,170,373.08,13.86,276.20,0.0000,0.0170,1,goal,
507,280,355.95,8.90,889.20,0.0000,0.0169,1,goal,
111,177,-74.93,11.58,365.91,0.0113,0.0000,0,collision,
112,218,-82.98,8.91,727.87,0.0011,0.0229,0,collision,
113,297,370.70,9.80,843.70,0.0000,0.0632,1,goal,
114,88,-93.62,22.61,-21.53,0.0227,0.0125,0,collision,
115,185,-148.84,8.24,335.65,0.0000,0.1205,0,collision,
116,263,439.01,9.50,1195.83,0.0000,0.0107,1,goal,
117,34,-172.33,7.12,224.68,0.0000,0.0068,0,collision,
118,62,-148.19,6.80,213.34,0.0151,0.0000,0,collision,
119,230,-176.78,6.85,695.32,0.0032,0.0458,0,collision,
120,102,-215.03,4.24,337.22,0.0009,0.0000,0,collision,
508,75,-191.15,9.23,266.05,0.0001,0.0143,0,collision,
509,4,-202.72,0.17,0.34,0.0000,0.0000,0,collision,
510,46,-201.48,3.57,104.44,0.0116,0.0000,0,collision,
511,192,-48.37,8.46,538.92,0.0040,0.0000,0,collision,
512,203,337.92,11.16,619.69,0.0000,0.0000,1,goal,
513,17,-192.00,3.49,67.38,0.0000,0.0000,0,collision,
514,344,-116.37,7.51,775.58,0.0000,0.0015,0,collision,
515,210,-125.03,8.95,897.24,0.0004,0.0033,0,collision,
516,219,382.32,13.70,330.78,0.0000,0.0000,1,goal,
517,354,0.57,8.29,1218.72,0.0000,0.0075,0,collision,
518,73,-225.76,1.47,85.43,0.0017,0.0070,0,collision,
519,155,-112.05,8.00,378.63,0.0007,0.0000,0,collision,
520,194,382.06,12.35,630.76,0.0000,0.0000,1,goal,
521,135,326.09,17.19,253.17,0.0000,0.0040,1,goal,
522,32,-173.61,9.13,256.37,0.0141,0.0581,0,collision,
523,236,-136.35,9.86,450.36,0.0079,0.0117,0,collision,
524,58,-192.84,3.83,159.30,0.0021,0.0463,0,collision,
525,251,-159.22,6.96,523.17,0.0062,0.0897,0,collision,
526,261,0.49,9.91,789.55,0.0044,0.0070,0,collision,
527,27,-184.11,6.13,193.88,0.0664,0.0000,0,collision,
528,195,364.59,11.98,614.73,0.0000,0.0056,1,goal,
529,41,-179.41,9.34,205.22,0.0000,0.0000,0,collision,
530,233,-159.85,8.75,246.69,0.0064,0.0289,0,collision,
531,27,-190.22,4.12,76.89,0.0147,0.0000,0,collision,
532,251,-63.57,6.20,882.32,0.0000,0.0000,0,collision,
533,214,363.59,10.72,555.16,0.0000,0.0034,1,goal,
121,239,267.08,10.58,486.36,0.0000,0.0707,1,goal,
122,42,-157.31,13.42,158.92,0.0000,0.0185,0,collision,
123,59,-146.83,16.81,276.36,0.0000,0.0134,0,collision,
124,52,-186.21,10.94,144.10,0.0212,0.0145,0,collision,
125,136,-70.49,13.79,663.05,0.0008,0.0069,0,collision,
126,64,-159.68,8.30,184.86,0.0041,0.0000,0,collision,
127,44,-146.97,15.60,103.54,0.0000,0.0263,0,collision,
128,15,-203.01,1.76,18.08,0.0380,0.0242,0,collision,
129,316,400.37,7.81,1200.92,0.0000,0.0193,1,goal,
130,184,-38.88,15.52,340.83,0.0000,0.0069,0,collision,
534,108,-170.17,8.05,412.00,0.0030,0.0270,0,collision,
535,7,-209.10,0.53,4.22,0.0173,0.0000,0,collision,
536,5,-199.58,2.19,13.08,0.0296,0.0000,0,collision,
537,190,307.64,10.24,559.81,0.0000,0.0087,1,goal,
538,90,-178.73,6.83,388.03,0.0063,0.0163,0,collision,
539,169,382.83,14.63,434.28,0.0000,0.0120,1,goal,
540,6,-205.85,0.39,2.03,0.1925,0.1634,0,collision,
541,58,-156.87,9.06,344.42,0.0078,0.0085,0,collision,
542,155,-133.33,7.57,747.16,0.0008,0.0000,0,collision,
543,124,-133.34,12.29,463.72,0.0139,0.0000,0,collision,
544,245,362.65,10.11,955.65,0.0000,0.0000,1,goal,
545,107,-97.12,13.39,382.05,0.0006,0.0131,0,collision,
546,218,437.82,13.05,599.18,0.0000,0.0029,1,goal,
547,6,-201.47,1.41,8.55,0.1620,0.0000,0,collision,
548,194,-173.21,5.33,584.81,0.0103,0.2077,0,collision,
549,377,-81.54,5.81,939.32,0.0000,0.0271,0,collision,
550,355,-152.45,7.43,744.36,0.0039,0.0073,0,collision,
551,74,-104.54,19.46,90.80,0.0043,0.0117,0,collision,
552,110,-176.53,10.87,334.66,0.0065,0.0715,0,collision,
553,2,-201.82,0.00,0.10,0.0000,0.0000,0,collision,
554,159,298.52,14.51,216.80,0.0000,0.0058,1,goal,
555,28,-174.66,16.07,101.67,0.0171,0.0545,0,collision,
556,73,-198.07,2.57,155.07,0.0097,0.0000,0,collision,
557,90,-116.88,13.44,197.06,0.0222,0.0411,0,collision,
558,123,-57.41,18.13,152.03,0.0018,0.0089,0,collision,
559,19,-194.12,4.61,60.21,0.0119,0.0000,0,collision,
560,9,-199.20,3.59,34.17,0.1663,0.0000,0,collision,
561,176,-88.24,13.59,326.29,0.0013,0.0734,0,collision,
562,38,-166.19,13.63,175.03,0.0126,0.0214,0,collision,
563,26,-172.60,10.49,225.36,0.0117,0.0000,0,collision,
564,108,-67.45,20.10,196.23,0.0072,0.0173,0,collision,
565,121,-103.99,10.65,283.07,0.0119,0.0097,0,collision,
566,132,339.48,17.97,429.27,0.0000,0.0000,1,goal,
567,196,379.26,12.94,644.61,0.0000,0.0067,1,goal,
568,45,-151.67,19.86,69.87,0.0196,0.0000,0,collision,
569,82,-128.98,16.82,158.19,0.0011,0.0069,0,collision,
570,52,-142.92,20.37,79.99,0.0148,0.0253,0,collision,
571,73,-160.31,8.88,361.03,0.0006,0.0257,0,collision,
131,178,-157.09,7.58,638.58,0.0006,0.0910,0,collision,
132,139,-62.52,12.63,562.43,0.0016,0.0193,0,collision,
133,93,-162.60,11.90,298.41,0.0000,0.0577,0,collision,
134,98,-141.20,7.27,229.03,0.0000,0.0000,0,collision,
135,62,-138.02,16.53,88.51,0.0027,0.0241,0,collision,
136,109,334.44,20.56,151.99,0.0000,0.0144,1,goal,
137,187,380.73,14.89,195.50,0.0000,0.0004,1,goal,
138,205,-100.13,8.00,350.17,0.0040,0.0607,0,collision,
139,5,-204.95,0.23,0.72,0.2211,0.0000,0,collision,
140,95,323.83,25.87,92.20,0.0000,0.0055,1,goal,
572,98,-192.59,9.35,323.56,0.0000,0.0797,0,collision,
573,33,-165.96,13.01,118.34,0.0528,0.0374,0,collision,
574,16,-187.11,11.66,144.29,0.1250,0.0815,0,collision,
575,42,-161.50,13.07,108.10,0.0032,0.0343,0,collision,
576,27,-174.63,14.04,116.87,0.0681,0.0405,0,collision,
577,73,-130.72,17.27,301.68,0.0017,0.0173,0,collision,
578,85,-118.24,18.31,176.24,0.0011,0.0123,0,collision,
579,80,-88.10,28.46,117.83,0.0250,0.0217,0,collision,
580,66,-165.01,16.18,364.71,0.0070,0.0151,0,collision,
581,339,-288.48,6.36,752.45,0.0000,0.0276,0,collision,
582,291,155.26,9.29,303.02,0.0000,0.0114,1,goal,
583,198,-13.90,13.57,547.83,0.0059,0.0191,0,collision,
584,111,-96.22,10.71,425.12,0.0009,0.0794,0,collision,
585,169,368.87,15.59,203.96,0.0000,0.0411,1,goal,
586,42,-158.72,8.54,189.74,0.0176,0.0000,0,collision,
587,195,353.56,14.72,598.09,0.0000,0.0089,1,goal,
588,101,-128.51,15.25,171.62,0.0126,0.0242,0,collision,
589,98,-109.81,14.43,251.82,0.0000,0.0122,0,collision,
590,197,-74.55,9.40,703.90,0.0008,0.0484,0,collision,
591,70,-116.56,18.43,-38.00,0.0090,0.0342,0,collision,
592,192,329.34,12.79,665.66,0.0000,0.0037,1,goal,
593,251,386.91,10.83,790.39,0.0000,0.0064,1,goal,
594,261,294.31,9.60,779.53,0.0000,0.1242,1,goal,
595,229,-85.62,9.55,635.41,0.0010,0.0304,0,collision,
596,45,-147.19,19.68,68.07,0.0428,0.0378,0,collision,
597,157,-209.26,6.83,286.82,0.0017,0.0416,0,collision,
598,14,-205.55,1.52,13.47,0.0251,0.0000,0,collision,
599,132,-92.58,14.87,258.62,0.0125,0.1289,0,collision,
600,97,-227.52,6.15,154.85,0.0034,0.0124,0,collision,
601,67,-153.59,7.58,332.01,0.0000,0.0000,0,collision,
602,57,-145.80,14.39,70.05,0.0185,0.0354,0,collision,
603,49,-165.33,16.68,161.13,0.0408,0.0380,0,collision,
604,10,-193.57,3.34,40.01,0.0000,0.0000,0,collision,
141,13,-200.36,2.04,27.99,0.0720,0.0000,0,collision,
142,91,-114.99,14.64,194.51,0.0000,0.0224,0,collision,
143,159,369.99,15.56,335.28,0.0000,0.0061,1,goal,
144,192,401.09,14.77,386.07,0.0000,0.0087,1,goal,
145,270,325.98,9.13,745.99,0.0000,0.0981,1,goal,
146,35,-171.22,12.91,124.87,0.0000,0.0348,0,collision,
147,88,-110.64,14.17,304.42,0.0095,0.0207,0,collision,
148,41,-157.94,12.14,116.99,0.0488,0.0305,0,collision,
149,178,314.12,13.13,459.79,0.0000,0.0028,1,goal,
150,303,302.56,9.33,815.00,0.0000,0.0532,1,goal,
605,346,-292.62,7.76,761.26,0.0058,0.0201,0,collision,
606,49,-165.49,17.19,121.74,0.0150,0.0318,0,collision,
607,49,-167.31,11.65,250.19,0.0256,0.0159,0,collision,
608,107,-76.36,12.53,461.18,0.0000,0.0068,0,collision,
609,72,-131.20,12.54,379.16,0.0114,0.0327,0,collision,
610,193,3.57,12.87,626.41,0.0104,0.0109,0,collision,
611,20,-193.26,6.70,161.52,0.0066,0.0403,0,collision,
612,20,-184.18,7.72,153.50,0.0656,0.0000,0,collision,
613,131,-121.89,10.69,225.35,0.0047,0.1482,0,collision,
614,83,-107.54,16.49,238.35,0.0216,0.0104,0,collision,
615,12,-196.52,5.44,69.45,0.0561,0.0000,0,collision,
616,171,336.35,16.25,110.19,0.0000,0.1140,1,goal,
617,176,337.49,16.00,360.33,0.0000,0.0000,1,goal,
618,55,-163.97,12.02,228.74,0.0333,0.0163,0,collision,
619,14,-195.22,5.78,102.31,0.0441,0.0000,0,collision,
620,122,-100.86,9.30,454.98,0.0113,0.0037,0,collision,
621,156,-59.00,19.12,356.51,0.0000,0.0121,0,collision,
622,65,-144.93,15.53,178.10,0.0132,0.0207,0,collision,
623,188,-40.83,14.84,476.30,0.0106,0.0175,0,collision,
624,115,-143.63,11.91,266.13,0.0123,0.0130,0,collision,
625,49,-185.66,5.73,208.93,0.0001,0.0257,0,collision,
626,204,-70.23,10.35,766.78,0.0040,0.0025,0,collision,
627,159,-187.18,9.33,215.55,0.0034,0.2298,0,collision,
628,247,-108.88,7.59,782.33,0.0035,0.0404,0,collision,
629,171,316.65,14.46,227.00,0.0000,0.0083,1,goal,
630,197,-110.94,11.12,333.67,0.0057,0.0204,0,collision,
631,15,-189.25,4.70,47.60,0.0058,0.0000,0,collision,
632,114,-85.21,18.18,336.26,0.0164,0.0008,0,collision,
633,212,-81.80,9.30,884.42,0.0053,0.0000,0,collision,
634,169,401.68,16.62,116.98,0.0000,0.0068,1,goal,
635,8,-200.55,1.50,7.96,0.0494,0.0000,0,collision,
636,273,284.88,10.59,505.28,0.0000,0.0311,1,goal,
637,328,-171.30,8.90,346.84,0.0022,0.0075,0,collision,
151,86,-93.64,13.46,178.14,0.0093,0.0000,0,collision,
152,84,-123.31,13.43,268.69,0.0104,0.0263,0,collision,
153,182,352.45,13.67,636.23,0.0000,0.0058,1,goal,
154,191,-99.77,10.10,896.60,0.0026,0.0462,0,collision,
155,39,-174.68,5.25,189.13,0.0000,0.0000,0,collision,
156,88,-162.37,13.94,239.63,0.0227,0.0354,0,collision,
157,44,-155.74,14.42,122.43,0.0117,0.0775,0,collision,
158,160,-50.04,13.05,421.53,0.0000,0.0000,0,collision,
159,14,-200.67,2.03,21.49,0.0144,0.0000,0,collision,
160,182,-106.45,8.46,892.87,0.0068,0.0570,0,collision,
638,50,-180.14,7.98,354.85,0.0149,0.0000,0,collision,
639,89,-100.48,12.40,261.17,0.0080,0.0312,0,collision,
640,178,-179.47,6.65,259.83,0.0014,0.0663,0,collision,
641,284,425.04,8.91,1063.62,0.0000,0.0011,1,goal,
642,287,-116.90,6.40,854.43,0.0017,0.0237,0,collision,
643,129,-198.47,7.89,425.55,0.0000,0.0413,0,collision,
644,39,-166.64,16.87,109.60,0.0259,0.0597,0,collision,
645,158,-77.82,9.19,588.62,0.0032,0.0000,0,collision,
646,348,210.12,7.06,658.99,0.0000,0.0357,1,goal,
647,184,-11.06,14.91,340.30,0.0013,0.0133,0,collision,
648,221,-186.29,8.23,647.85,0.0090,0.1769,0,collision,
649,141,-59.13,15.70,231.06,0.0000,0.0078,0,collision,
650,182,367.43,13.53,413.82,0.0000,0.0000,1,goal,
651,234,-43.49,10.91,802.40,0.0042,0.0382,0,collision,
652,235,365.55,10.55,344.41,0.0000,0.0134,1,goal,
653,245,-161.91,6.99,754.13,0.0017,0.0640,0,collision,
654,176,396.78,14.08,576.07,0.0000,0.0447,1,goal,
655,196,-72.04,8.42,504.00,0.0035,0.0030,0,collision,
656,10,-195.03,3.54,32.71,0.0920,0.0000,0,collision,
657,179,-141.52,7.90,378.42,0.0009,0.0040,0,collision,
658,209,2.14,13.11,385.47,0.0032,0.0303,0,collision,
659,142,379.37,19.43,22.21,0.0000,0.0000,1,goal,
161,11,-193.16,3.83,43.11,0.1048,0.0000,0,collision,
162,185,415.65,15.01,206.57,0.0000,0.0037,1,goal,
163,225,337.52,10.22,666.35,0.0000,0.0166,1,goal,
164,260,170.28,8.65,378.32,0.0000,0.0346,1,goal,
165,285,306.09,9.76,941.78,0.0000,0.0000,1,goal,
166,264,442.29,10.53,1128.73,0.0000,0.0009,1,goal,
167,81,-102.76,18.36,153.82,0.0129,0.0279,0,collision,
168,229,-73.70,9.52,568.20,0.0030,0.1434,0,collision,
169,54,-215.79,2.99,143.97,0.0214,0.3603,0,collision,
170,169,351.09,13.80,381.36,0.0000,0.1082,1,goal,
660,226,-119.07,9.85,344.07,0.0088,0.0065,0,collision,
661,307,-20.89,8.77,1155.44,0.0054,0.0267,0,collision,
662,135,-84.66,17.45,2.74,0.0119,0.0173,0,collision,
663,52,-165.15,13.05,123.70,0.0127,0.0264,0,collision,
664,230,320.04,10.93,705.56,0.0000,0.0499,1,goal,
665,80,-167.47,9.39,363.48,0.0087,0.0000,0,collision,
666,236,-252.77,5.62,641.21,0.0000,0.0040,0,collision,
667,231,38.99,9.87,780.89,0.0031,0.0011,0,collision,
668,80,-158.83,10.95,233.35,0.0019,0.0132,0,collision,
669,177,356.74,15.85,313.65,0.0000,0.0097,1,goal,
670,47,-159.38,15.87,225.08,0.0112,0.0000,0,collision,
671,221,358.65,10.22,493.61,0.0000,0.0487,1,goal,
672,123,327.76,13.21,314.26,0.0000,0.0732,1,goal,
673,267,337.80,9.62,849.95,0.0000,0.0177,1,goal,
674,173,360.69,13.03,414.37,0.0000,0.0028,1,goal,
675,189,431.69,14.56,436.26,0.0000,0.0076,1,goal,
676,47,-150.13,12.64,156.74,0.0207,0.0000,0,collision,
677,15,-186.69,7.51,116.19,0.0844,0.0000,0,collision,
678,8,-199.09,1.82,21.37,0.0949,0.0000,0,collision,
679,303,-13.37,9.87,658.15,0.0066,0.0574,0,collision,
680,197,-75.86,11.25,418.34,0.0062,0.0506,0,collision,
681,32,-170.56,9.48,227.21,0.0395,0.0000,0,collision,
682,185,436.80,15.03,388.07,0.0000,0.0000,1,goal,
683,70,-147.82,9.86,229.10,0.0171,0.0449,0,collision,
684,82,-102.45,14.70,70.31,0.0044,0.0000,0,collision,
685,276,387.89,8.51,871.61,0.0000,0.0166,1,goal,
686,53,-128.59,24.73,153.14,0.0171,0.0265,0,collision,
687,22,-188.27,3.32,64.73,0.0443,0.0131,0,collision,
688,180,370.05,12.08,791.84,0.0000,0.0343,1,goal,
171,295,481.20,9.25,1235.96,0.0000,0.0110,1,goal,
172,95,-124.72,16.92,336.20,0.0000,0.0098,0,collision,
173,313,346.55,7.84,1112.94,0.0000,0.0251,1,goal,
174,272,429.64,10.78,1171.22,0.0000,0.0104,1,goal,
175,229,413.67,12.01,564.94,0.0000,0.0000,1,goal,
176,220,347.32,11.90,478.84,0.0000,0.0211,1,goal,
177,144,374.61,17.53,345.92,0.0000,0.0000,1,goal,
178,31,-192.80,13.21,142.58,0.0000,0.2264,0,collision,
179,216,-57.93,10.05,685.45,0.0017,0.0013,0,collision,
180,345,405.24,7.57,1408.62,0.0000,0.0262,1,goal,
689,133,-209.77,9.08,303.96,0.0041,0.0032,0,collision,
690,131,-320.58,4.51,101.53,0.0000,0.0000,0,collision,
691,329,431.24,8.24,1358.64,0.0000,0.0069,1,goal,
692,297,419.06,9.75,1516.00,0.0000,0.0122,1,goal,
693,140,-71.94,12.16,416.31,0.0115,0.0073,0,collision,
694,19,-200.51,4.16,103.26,0.1053,0.0000,0,collision,
695,254,404.33,9.77,1139.75,0.0000,0.0167,1,goal,
696,169,363.75,13.47,650.77,0.0000,0.0000,1,goal,
697,86,-136.53,16.38,115.87,0.0233,0.0111,0,collision,
698,276,-77.19,10.49,371.12,0.0006,0.0314,0,collision,
699,380,287.34,6.96,1067.27,0.0000,0.0219,1,goal,
700,275,379.03,8.89,958.22,0.0000,0.0316,1,goal,
701,223,-5.45,10.14,822.27,0.0009,0.0305,0,collision,
702,42,-173.74,5.09,181.05,0.0031,0.0000,0,collision,
703,34,-174.32,7.64,211.29,0.0201,0.1623,0,collision,
704,215,-2.86,9.69,773.38,0.0000,0.0000,0,collision,
705,243,363.67,11.90,612.62,0.0000,0.0112,1,goal,
706,215,422.47,12.68,531.57,0.0000,0.0500,1,goal,
707,17,-190.25,4.46,86.65,0.0098,0.0000,0,collision,
708,71,-143.39,7.64,444.34,0.0069,0.0040,0,collision,
709,152,-138.60,6.23,589.27,0.0055,0.1450,0,collision,
710,286,426.90,9.00,1022.26,0.0000,0.0000,1,goal,
181,228,433.37,10.56,838.07,0.0000,0.0152,1,goal,
182,207,374.36,13.55,540.07,0.0000,0.0033,1,goal,
183,128,-71.35,10.83,301.66,0.0079,0.0000,0,collision,
184,133,305.86,12.91,220.42,0.0000,0.0300,1,goal,
185,199,-91.98,8.23,588.30,0.0010,0.0077,0,collision,
186,55,-182.77,10.40,136.86,0.0274,0.1140,0,collision,
187,99,-112.79,16.15,318.37,0.0128,0.0103,0,collision,
188,75,-161.74,10.88,261.99,0.0000,0.0273,0,collision,
189,196,325.53,12.10,567.10,0.0000,0.0035,1,goal,
190,352,351.65,7.64,1170.39,0.0000,0.0143,1,goal,
711,251,-62.80,9.56,655.39,0.0038,0.0514,0,collision,
712,168,377.23,14.25,549.45,0.0000,0.0000,1,goal,
713,75,-124.55,15.21,168.37,0.0000,0.0147,0,collision,
714,244,438.31,11.98,648.27,0.0000,0.0000,1,goal,
715,321,474.76,8.66,1050.03,0.0000,0.0084,1,goal,
716,100,-117.39,12.68,245.95,0.0200,0.0341,0,collision,
717,38,-196.70,7.23,212.85,0.0148,0.0000,0,collision,
718,152,315.54,15.72,335.14,0.0000,0.0141,1,goal,
719,248,417.31,10.23,1179.95,0.0000,0.0187,1,goal,
720,364,373.49,8.46,912.92,0.0000,0.0167,1,goal,
721,58,-150.01,15.31,3.54,0.0345,0.0203,0,collision,
722,85,-190.74,6.63,108.75,0.0030,0.2374,0,collision,
723,166,-109.29,10.58,422.12,0.0000,0.0000,0,collision,
724,227,339.64,13.00,238.03,0.0000,0.0226,1,goal,
725,216,-96.48,8.82,752.12,0.0000,0.0526,0,collision,
726,195,442.11,14.04,694.65,0.0000,0.0051,1,goal,
727,93,-118.88,13.79,109.44,0.0144,0.0441,0,collision,
728,294,398.91,8.15,966.25,0.0000,0.0145,1,goal,
729,251,251.42,11.45,474.86,0.0000,0.0082,1,goal,
730,206,412.33,11.71,629.12,0.0000,0.0096,1,goal,
731,6,-202.09,1.35,6.58,0.2266,0.0000,0,collision,
732,340,307.60,8.04,567.20,0.0000,0.0724,1,goal,
733,18,-190.08,4.60,84.35,0.1111,0.0000,0,collision,
734,39,-175.53,5.50,139.63,0.0125,0.0000,0,collision,
191,274,411.91,10.55,852.10,0.0000,0.0000,1,goal,
192,11,-204.85,1.44,12.65,0.1241,0.0403,0,collision,
193,293,313.62,8.62,575.93,0.0000,0.1033,1,goal,
194,185,435.59,15.47,220.57,0.0000,0.0000,1,goal,
195,209,302.04,11.51,373.22,0.0000,0.0338,1,goal,
196,336,345.11,7.08,1107.82,0.0000,0.0262,1,goal,
197,67,-209.76,2.40,112.58,0.0003,0.0000,0,collision,
198,223,-192.60,4.63,508.20,0.0090,0.1130,0,collision,
199,2,-200.54,0.87,1.79,0.0818,0.0000,0,collision,
200,184,394.85,15.41,252.02,0.0000,0.0003,1,goal,
735,161,-82.24,14.37,436.25,0.0043,0.0146,0,collision,
736,183,-24.71,10.53,615.29,0.0067,0.0061,0,collision,
737,143,378.27,20.48,4.68,0.0000,0.0090,1,goal,
738,61,-197.39,2.56,119.59,0.0028,0.0103,0,collision,
739,230,334.04,10.99,371.74,0.0000,0.0326,1,goal,
740,176,350.54,14.02,460.92,0.0000,0.0004,1,goal,
741,38,-183.12,5.20,146.12,0.0059,0.0332,0,collision,
742,9,-199.15,4.76,38.29,0.1741,0.0440,0,collision,
743,222,413.15,10.50,840.85,0.0000,0.0109,1,goal,
744,127,-57.64,21.78,-49.50,0.0123,0.0366,0,collision,
745,363,261.89,7.19,1085.21,0.0000,0.0121,1,goal,
746,300,353.13,9.31,945.64,0.0000,0.0000,1,goal,
747,113,-148.13,11.83,421.68,0.0036,0.0000,0,collision,
748,175,-69.80,11.47,438.57,0.0025,0.0325,0,collision,
749,187,342.30,13.13,483.03,0.0000,0.0000,1,goal,
750,254,332.67,9.44,769.25,0.0000,0.0672,1,goal,
751,197,432.43,14.19,384.08,0.0000,0.0133,1,goal,
752,322,-304.16,6.60,679.18,0.0062,0.0176,0,collision,
753,96,-100.46,17.92,98.15,0.0002,0.0152,0,collision,
754,258,359.90,11.17,615.39,0.0000,0.0374,1,goal,
755,16,-195.24,3.19,40.99,0.0499,0.0809,0,collision,
756,202,387.69,12.33,779.94,0.0000,0.0112,1,goal,
757,256,297.41,8.78,615.51,0.0000,0.0913,1,goal,
201,29,-205.27,3.34,83.99,0.0146,0.0000,0,collision,
202,194,330.96,7.40,661.81,0.0000,0.0028,1,goal,
203,44,-140.68,17.48,-3.07,0.0370,0.0000,0,collision,
204,287,415.96,10.06,1301.81,0.0000,0.0033,1,goal,
205,192,390.08,13.52,574.67,0.0000,0.0134,1,goal,
206,25,-210.05,1.70,33.28,0.0034,0.1001,0,collision,
207,152,-74.30,14.04,351.31,0.0000,0.0089,0,collision,
208,338,221.67,7.30,581.37,0.0000,0.0558,1,goal,
209,12,-187.61,8.12,106.64,0.0399,0.0000,0,collision,
210,309,342.94,8.56,690.79,0.0000,0.0142,1,goal,
758,284,-404.71,3.97,350.80,0.0048,0.0000,0,collision,
759,51,-147.17,13.82,35.75,0.0216,0.0496,0,collision,
760,51,-158.29,18.85,141.44,0.0266,0.0193,0,collision,
761,292,380.98,8.49,847.13,0.0000,0.0147,1,goal,
762,218,416.79,11.31,732.48,0.0000,0.0173,1,goal,
763,331,444.40,7.87,1292.24,0.0000,0.0024,1,goal,
764,169,-137.42,9.97,627.85,0.0092,0.0153,0,collision,
765,186,408.31,12.52,552.03,0.0000,0.0000,1,goal,
766,266,283.99,9.16,661.55,0.0000,0.0000,1,goal,
767,110,-123.10,8.89,395.67,0.0150,0.0222,0,collision,
768,200,368.23,13.66,474.46,0.0000,0.0018,1,goal,
769,200,361.64,11.24,582.62,0.0000,0.0105,1,goal,
770,190,428.43,14.58,599.67,0.0000,0.0000,1,goal,
771,37,-154.49,18.79,149.76,0.0359,0.0605,0,collision,
772,40,-186.92,3.85,125.31,0.0500,0.0000,0,collision,
773,150,-8.92,17.16,147.75,0.0092,0.0193,0,collision,
774,182,386.09,13.46,668.85,0.0000,0.0000,1,goal,
775,213,411.21,13.63,613.60,0.0000,0.0001,1,goal,
776,376,-100.71,5.97,864.61,0.0030,0.1051,0,collision,
777,157,-127.73,8.80,580.17,0.0011,0.0082,0,collision,
778,284,434.25,9.99,798.76,0.0000,0.0180,1,goal,
779,180,370.75,12.04,755.70,0.0000,0.0000,1,goal,
211,28,-184.87,4.30,109.36,0.0583,0.0000,0,collision,
212,426,388.97,6.66,1320.51,0.0000,0.0223,1,goal,
213,410,431.04,6.63,1545.65,0.0000,0.0115,1,goal,
214,217,-92.55,5.92,613.35,0.0032,0.0380,0,collision,
215,121,-104.70,14.50,91.12,0.0062,0.0227,0,collision,
216,275,-86.33,6.99,1070.82,0.0000,0.0000,0,collision,
217,38,-181.74,9.10,273.19,0.0526,0.0000,0,collision,
218,277,167.36,6.21,558.72,0.0000,0.0320,1,goal,
219,347,-302.76,3.77,571.06,0.0029,0.0940,0,collision,
220,81,-120.99,16.75,107.24,0.0247,0.0000,0,collision,
780,68,-197.30,6.39,294.64,0.0019,0.0735,0,collision,
781,134,-104.80,4.93,521.55,0.0032,0.0000,0,collision,
782,282,353.34,9.62,677.34,0.0000,0.0000,1,goal,
783,41,-225.98,3.19,93.50,0.0013,0.0000,0,collision,
784,228,-45.08,8.38,749.57,0.0048,0.0196,0,collision,
785,197,393.65,14.10,413.74,0.0000,0.0290,1,goal,
786,205,-141.83,8.73,463.33,0.0092,0.0138,0,collision,
787,312,434.34,8.55,1088.38,0.0000,0.0026,1,goal,
788,324,203.32,7.01,880.43,0.0000,0.0000,1,goal,
789,132,-117.82,10.52,194.94,0.0021,0.0450,0,collision,
790,255,387.69,10.15,462.11,0.0000,0.0000,1,goal,
791,314,365.67,8.88,1119.20,0.0000,0.0000,1,goal,
792,182,-116.74,8.39,853.49,0.0039,0.0005,0,collision,
793,380,416.62,7.24,1585.28,0.0000,0.0020,1,goal,
794,342,287.34,6.75,687.24,0.0000,0.0391,1,goal,
795,255,372.34,8.90,1217.60,0.0000,0.0000,1,goal,
796,10,-208.33,0.61,5.08,0.0097,0.1802,0,collision,
797,260,311.09,9.56,807.96,0.0000,0.0086,1,goal,
798,151,388.26,17.13,252.80,0.0000,0.0065,1,goal,
221,39,-191.34,8.26,131.09,0.0115,0.0000,0,collision,
222,375,24.41,7.25,1226.43,0.0042,0.0026,0,collision,
223,447,307.92,6.52,1659.12,0.0000,0.0772,1,goal,
224,299,274.28,7.86,894.63,0.0000,0.0089,1,goal,
225,345,330.88,7.42,1291.45,0.0000,0.0051,1,goal,
226,413,195.27,6.93,1192.82,0.0000,0.0704,1,goal,
227,202,341.32,12.24,473.84,0.0000,0.0000,1,goal,
228,270,431.65,9.17,1162.43,0.0000,0.0000,1,goal,
229,7,-202.86,0.72,3.68,0.2084,0.0000,0,collision,
230,167,367.72,13.60,563.52,0.0000,0.0000,1,goal,
799,149,-164.14,7.90,412.29,0.0006,0.0000,0,collision,
800,284,371.86,8.80,1027.62,0.0000,0.0000,1,goal,
801,414,44.05,6.62,1475.75,0.0021,0.0260,0,collision,
802,273,402.90,7.55,1315.11,0.0000,0.0113,1,goal,
803,261,-219.36,5.32,819.94,0.0013,0.0066,0,collision,
804,262,-44.54,10.70,642.53,0.0038,0.0233,0,collision,
805,223,424.45,13.00,465.36,0.0000,0.0000,1,goal,
806,75,-140.46,5.67,285.69,0.0098,0.0013,0,collision,
807,341,470.34,8.62,1303.15,0.0000,0.0094,1,goal,
808,359,411.60,7.48,1161.96,0.0000,0.0005,1,goal,
809,283,-182.06,7.64,1166.98,0.0060,0.0141,0,collision,
810,164,-279.86,4.00,380.92,0.0074,0.0000,0,collision,
811,373,210.64,7.85,537.00,0.0000,0.1481,1,goal,
812,238,-237.20,4.17,534.88,0.0081,0.0047,0,collision,
813,30,-165.86,9.93,244.68,0.0278,0.0273,0,collision,
814,127,-86.57,9.39,366.28,0.0071,0.0000,0,collision,
815,24,-193.27,8.71,104.49,0.0372,0.0000,0,collision,
231,258,232.77,8.81,637.81,0.0000,0.0051,1,goal,
232,390,280.92,5.75,1133.51,0.0000,0.0101,1,goal,
233,286,342.58,8.99,881.10,0.0000,0.0020,1,goal,
234,164,-307.10,4.33,283.77,0.0075,0.0000,0,collision,
235,296,388.29,7.80,1161.72,0.0000,0.0132,1,goal,
236,283,383.97,7.29,1150.16,0.0000,0.0033,1,goal,
237,145,363.38,15.60,373.96,0.0000,0.0000,1,goal,
238,317,351.71,8.32,925.18,0.0000,0.0104,1,goal,
239,277,455.29,9.96,977.31,0.0000,0.0142,1,goal,
240,62,-208.64,4.31,275.08,0.0097,0.0285,0,collision,
816,520,-82.46,7.69,1021.98,0.0027,0.0303,0,collision,
817,324,361.25,6.95,988.40,0.0000,0.0155,1,goal,
818,319,477.63,8.92,1488.56,0.0000,0.0239,1,goal,
819,239,360.95,10.55,814.60,0.0000,0.0784,1,goal,
820,195,336.52,12.14,796.48,0.0000,0.0079,1,goal,
821,47,-190.26,3.37,133.31,0.0000,0.0000,0,collision,
822,146,-114.60,10.14,651.91,0.0071,0.0165,0,collision,
823,16,-184.86,6.75,131.87,0.0000,0.0000,0,collision,
824,271,400.20,9.86,1361.77,0.0000,0.0000,1,goal,
825,327,364.59,8.32,1075.38,0.0000,0.0572,1,goal,
826,8,-202.10,2.49,20.00,0.2500,0.0000,0,collision,
827,338,267.93,7.11,1204.80,0.0000,0.0079,1,goal,
828,27,-216.59,2.53,60.38,0.0390,0.0253,0,collision,
829,286,412.22,8.00,1152.65,0.0000,0.0000,1,goal,
830,321,373.15,9.13,1058.64,0.0000,0.0266,1,goal,
831,196,20.98,10.69,921.72,0.0054,0.0000,0,collision,
832,258,340.50,7.90,887.62,0.0000,0.0000,1,goal,
833,241,-61.81,6.54,642.97,0.0038,0.0031,0,collision,
834,180,-291.57,3.24,475.09,0.0035,0.0382,0,collision,
835,11,-200.91,1.63,15.30,0.0450,0.0000,0,collision,
241,446,382.88,5.57,1198.55,0.0000,0.0166,1,goal,
242,347,386.62,6.51,1210.02,0.0000,0.0045,1,goal,
243,31,-214.98,2.83,61.24,0.0587,0.0688,0,collision,
244,510,74.24,5.42,1223.77,0.0000,0.0135,1,goal,
245,242,412.92,9.60,782.22,0.0000,0.0043,1,goal,
246,171,-217.76,5.27,417.72,0.0064,0.0080,0,collision,
247,534,309.57,5.61,1761.06,0.0000,0.0128,1,goal,
248,513,282.57,4.94,1442.07,0.0000,0.0000,1,goal,
249,93,-218.92,7.11,129.11,0.0063,0.1118,0,collision,
250,291,-98.33,6.53,849.58,0.0015,0.0073,0,collision,
836,342,-119.07,5.69,852.85,0.0000,0.0070,0,collision,
837,183,-144.09,6.61,527.73,0.0082,0.0200,0,collision,
838,511,260.44,5.07,1540.52,0.0000,0.0125,1,goal,
839,601,39.86,4.30,1483.06,0.0000,0.0141,1,goal,
840,505,185.90,5.41,1376.57,0.0000,0.0380,1,goal,
841,391,-4.43,6.78,1130.29,0.0020,0.0000,0,collision,
842,361,-167.76,4.39,1198.15,0.0031,0.0629,0,collision,
843,333,388.21,6.37,1117.24,0.0000,0.0021,1,goal,
844,273,2.94,6.57,1120.97,0.0000,0.0000,0,collision,
845,207,-383.98,3.14,317.55,0.0029,0.0307,0,collision,
846,157,-52.76,11.38,589.63,0.0035,0.0000,0,collision,
847,17,-203.24,2.02,35.58,0.0188,0.0404,0,collision,
848,239,347.80,10.69,758.14,0.0000,0.0000,1,goal,
849,16,-183.14,7.16,98.84,0.0046,0.0000,0,collision,
251,269,-71.11,9.82,588.26,0.0005,0.0204,0,collision,
252,297,479.38,9.88,970.81,0.0000,0.0000,1,goal,
253,194,410.99,13.29,614.75,0.0000,0.0260,1,goal,
254,50,-149.50,12.39,211.10,0.0040,0.0000,0,collision,
255,108,-228.44,6.17,251.83,0.0060,0.0173,0,collision,
256,439,324.50,6.67,1244.89,0.0000,0.1196,1,goal,
257,128,-83.11,17.75,268.06,0.0014,0.0000,0,collision,
258,305,334.53,7.44,644.20,0.0000,0.0044,1,goal,
259,144,363.77,17.33,-42.19,0.0000,0.0000,1,goal,
260,74,-185.50,4.32,284.57,0.0162,0.0000,0,collision,
850,120,-92.03,16.58,215.84,0.0138,0.0084,0,collision,
851,293,332.79,9.42,895.93,0.0000,0.0035,1,goal,
852,20,-185.17,5.92,107.46,0.0793,0.0776,0,collision,
853,219,-21.97,12.81,765.60,0.0000,0.0000,0,collision,
854,172,404.47,13.44,294.21,0.0000,0.0000,1,goal,
855,109,-49.56,20.43,-156.16,0.0000,0.0165,0,collision,
856,81,-124.25,7.94,527.60,0.0019,0.0335,0,collision,
857,238,362.84,9.89,491.68,0.0000,0.0212,1,goal,
858,8,-194.82,3.19,27.72,0.2500,0.0000,0,collision,
859,89,-251.29,3.39,94.35,0.0046,0.0168,0,collision,
860,322,-157.91,7.51,892.15,0.0000,0.0137,0,collision,
861,402,-89.71,6.78,1279.43,0.0003,0.0118,0,collision,
862,278,360.47,7.71,717.13,0.0000,0.0038,1,goal,
863,376,0.55,6.83,1575.14,0.0053,0.0025,0,collision,
864,214,-161.88,6.04,645.27,0.0005,0.0799,0,collision,
865,48,-182.28,8.45,247.92,0.0397,0.0000,0,collision,
866,154,363.53,16.22,324.14,0.0000,0.0000,1,goal,
867,262,334.30,9.48,946.32,0.0000,0.0038,1,goal,
868,12,-193.33,4.99,80.97,0.1003,0.0000,0,collision,
869,217,-412.40,3.15,457.05,0.0000,0.0086,0,collision,
870,194,342.05,13.74,703.78,0.0000,0.0071,1,goal,
871,218,448.80,12.68,429.47,0.0000,0.0000,1,goal,
261,239,458.90,11.83,732.60,0.0000,0.0000,1,goal,
262,321,-115.67,6.38,990.08,0.0035,0.0001,0,collision,
263,404,358.90,6.50,1229.23,0.0000,0.0245,1,goal,
264,297,266.99,8.88,939.27,0.0000,0.0069,1,goal,
265,238,-108.62,6.26,787.77,0.0084,0.0017,0,collision,
266,303,-92.95,7.19,952.38,0.0000,0.0000,0,collision,
267,18,-207.20,3.04,47.87,0.0915,0.0193,0,collision,
268,73,-132.19,14.73,169.23,0.0126,0.0000,0,collision,
269,345,397.00,8.20,955.38,0.0000,0.0165,1,goal,
270,271,324.22,9.08,1109.80,0.0000,0.0035,1,goal,
872,307,-306.95,5.67,874.21,0.0000,0.0049,0,collision,
873,181,-129.95,7.80,515.80,0.0087,0.0348,0,collision,
874,69,-177.05,10.94,156.26,0.0088,0.0000,0,collision,
875,147,-114.30,6.82,621.10,0.0044,0.0000,0,collision,
876,272,-90.64,6.50,913.51,0.0010,0.0000,0,collision,
877,197,338.74,14.44,520.47,0.0000,0.0619,1,goal,
878,350,365.68,8.89,1033.48,0.0000,0.0000,1,goal,
879,68,-185.29,3.13,164.47,0.0018,0.0000,0,collision,
880,51,-185.46,9.03,169.70,0.0202,0.0000,0,collision,
881,83,-172.54,10.05,295.02,0.0241,0.0000,0,collision,
882,90,-152.51,6.54,244.69,0.0000,0.0349,0,collision,
883,370,468.14,7.21,1590.20,0.0000,0.0003,1,goal,
884,22,-199.10,3.79,81.62,0.0241,0.0411,0,collision,
885,209,329.29,9.71,529.07,0.0000,0.0279,1,goal,
886,152,-73.83,9.15,553.48,0.0101,0.0171,0,collision,
887,219,397.90,11.59,673.10,0.0000,0.0000,1,goal,
888,222,294.67,10.24,345.18,0.0000,0.0037,1,goal,
889,243,353.13,11.52,579.47,0.0000,0.1040,1,goal,
890,43,-180.08,7.68,281.55,0.0037,0.0227,0,collision,
891,245,289.53,9.44,614.46,0.0000,0.0097,1,goal,
892,254,361.72,11.09,698.74,0.0000,0.0063,1,goal,
893,56,-188.91,3.07,145.04,0.0164,0.0000,0,collision,
894,206,-27.16,10.59,677.73,0.0017,0.0113,0,collision,
271,402,77.38,7.10,675.18,0.0000,0.0165,1,goal,
272,169,372.39,18.18,213.51,0.0000,0.0052,1,goal,
273,127,-109.15,8.29,455.73,0.0006,0.0359,0,collision,
274,73,-155.54,8.45,259.13,0.0274,0.0279,0,collision,
275,281,300.61,9.31,493.44,0.0000,0.0352,1,goal,
276,68,-177.71,9.52,181.73,0.0122,0.0797,0,collision,
277,6,-199.92,2.06,14.36,0.0049,0.0000,0,collision,
278,392,-246.32,7.08,704.49,0.0000,0.0259,0,collision,
279,118,352.92,23.84,-34.18,0.0000,0.0000,1,goal,
280,194,-15.07,10.80,625.59,0.0010,0.0097,0,collision,
895,224,-330.88,7.81,347.70,0.0057,0.0128,0,collision,
896,374,338.49,6.59,1156.64,0.0000,0.0551,1,goal,
897,68,-132.42,8.50,434.36,0.0145,0.0312,0,collision,
898,156,-57.58,11.70,250.86,0.0048,0.0000,0,collision,
899,169,409.30,16.25,41.09,0.0000,0.0278,1,goal,
900,232,413.04,10.80,508.66,0.0000,0.0237,1,goal,
901,123,-101.56,7.78,501.50,0.0137,0.0036,0,collision,
902,327,8.58,8.45,1182.68,0.0015,0.0140,0,collision,
903,43,-177.91,9.03,245.91,0.0289,0.0221,0,collision,
904,278,416.21,8.79,1275.79,0.0000,0.0039,1,goal,
905,42,-178.47,13.01,179.42,0.0281,0.0404,0,collision,
906,324,-36.01,9.17,847.80,0.0000,0.0061,0,collision,
907,229,328.65,12.40,393.58,0.0000,0.0250,1,goal,
908,65,-193.89,10.98,19.52,0.0051,0.0000,0,collision,
909,357,332.17,7.78,689.86,0.0000,0.0049,1,goal,
910,345,220.51,7.24,855.57,0.0000,0.0440,1,goal,
911,26,-185.40,12.11,104.78,0.0020,0.0000,0,collision,
912,206,385.87,12.54,670.21,0.0000,0.0020,1,goal,
913,322,320.50,8.78,1278.63,0.0000,0.0109,1,goal,
914,172,-40.59,10.61,505.90,0.0008,0.0045,0,collision,
281,293,-255.45,8.06,401.24,0.0042,0.0288,0,collision,
282,76,-179.92,7.56,279.54,0.0040,0.0981,0,collision,
283,179,400.84,13.35,272.45,0.0000,0.0429,1,goal,
284,265,-73.03,9.00,1030.83,0.0021,0.1084,0,collision,
285,257,-186.07,8.08,358.39,0.0072,0.1384,0,collision,
286,52,-171.08,11.14,155.18,0.0114,0.0573,0,collision,
287,261,330.66,9.61,739.98,0.0000,0.1371,1,goal,
288,197,334.26,11.67,834.38,0.0000,0.0137,1,goal,
289,39,-171.39,5.81,164.06,0.0053,0.1630,0,collision,
290,116,-72.04,18.60,-192.69,0.0081,0.0000,0,collision,
915,399,-346.95,4.29,608.82,0.0023,0.0480,0,collision,
916,210,356.14,11.62,689.21,0.0000,0.0159,1,goal,
917,340,384.62,8.05,1128.04,0.0000,0.0107,1,goal,
918,99,-132.48,14.88,267.48,0.0000,0.0000,0,collision,
919,224,344.76,11.01,660.04,0.0000,0.0229,1,goal,
920,260,391.76,8.63,1123.67,0.0000,0.0218,1,goal,
921,98,-119.55,15.15,163.76,0.0000,0.0000,0,collision,
922,87,-130.28,17.04,311.85,0.0000,0.0112,0,collision,
923,244,438.60,11.66,665.80,0.0000,0.0050,1,goal,
924,244,-84.97,8.69,662.67,0.0004,0.0574,0,collision,
925,164,369.12,15.09,297.27,0.0000,0.0000,1,goal,
926,30,-176.91,7.40,142.90,0.0089,0.1443,0,collision,
927,158,-126.88,9.97,730.58,0.0127,0.0078,0,collision,
928,234,418.56,11.96,432.42,0.0000,0.0113,1,goal,
929,147,344.79,15.47,409.33,0.0000,0.0076,1,goal,
930,105,-103.41,9.14,448.95,0.0019,0.0900,0,collision,
931,92,-79.15,15.86,234.39,0.0206,0.0086,0,collision,
932,271,440.02,10.66,745.70,0.0000,0.0093,1,goal,
933,89,-151.04,6.50,456.91,0.0225,0.1901,0,collision,
934,182,359.17,12.31,306.08,0.0000,0.0003,1,goal,
935,314,-11.74,7.46,1286.83,0.0024,0.0801,0,collision,
936,193,343.70,11.58,419.26,0.0000,0.0003,1,goal,
291,241,280.37,10.97,384.62,0.0000,0.0506,1,goal,
292,131,342.68,18.62,40.27,0.0000,0.0233,1,goal,
293,4,-199.34,3.11,22.43,0.0000,0.0000,0,collision,
294,287,375.24,9.79,1107.32,0.0000,0.0142,1,goal,
295,121,-54.47,18.32,-46.83,0.0000,0.0000,0,collision,
296,205,-60.92,8.44,747.04,0.0000,0.1069,0,collision,
297,325,-172.50,6.66,1000.24,0.0008,0.0163,0,collision,
298,259,199.67,10.56,148.78,0.0000,0.0183,1,goal,
299,172,372.71,13.80,174.09,0.0000,0.0000,1,goal,
300,171,364.67,15.45,579.33,0.0000,0.0026,1,goal,
937,446,-464.29,3.98,338.82,0.0045,0.0016,0,collision,
938,68,-114.26,18.73,3.25,0.0112,0.0250,0,collision,
939,197,376.26,11.69,538.11,0.0000,0.0031,1,goal,
940,139,373.12,16.89,156.50,0.0000,0.0000,1,goal,
941,36,-157.41,10.96,267.15,0.0349,0.0000,0,collision,
942,242,390.08,10.18,725.80,0.0000,0.0000,1,goal,
943,86,-106.18,15.10,-47.24,0.0000,0.0887,0,collision,
944,152,-53.06,10.78,594.49,0.0070,0.0366,0,collision,
945,248,344.00,11.28,501.88,0.0000,0.0020,1,goal,
946,253,337.67,11.01,350.75,0.0000,0.0100,1,goal,
947,172,304.27,13.64,408.80,0.0000,0.0114,1,goal,
948,219,-70.79,9.17,378.29,0.0067,0.1015,0,collision,
949,215,425.62,12.84,583.10,0.0000,0.0000,1,goal,
950,262,414.24,8.59,1296.35,0.0000,0.0000,1,goal,
951,285,427.77,9.53,1051.33,0.0000,0.0179,1,goal,
952,210,388.40,11.17,672.94,0.0000,0.0000,1,goal,
953,200,383.24,11.99,655.73,0.0000,0.0194,1,goal,
954,355,196.70,7.84,958.51,0.0000,0.0012,1,goal,
955,266,337.49,9.69,544.69,0.0000,0.1759,1,goal,
956,69,-167.69,9.72,217.21,0.0000,0.0402,0,collision,
301,160,-109.18,8.41,488.26,0.0125,0.0336,0,collision,
302,151,354.23,10.91,613.19,0.0000,0.0000,1,goal,
303,271,287.73,8.83,954.77,0.0000,0.0066,1,goal,
304,293,369.79,8.48,1165.31,0.0000,0.0083,1,goal,
305,268,284.15,8.66,633.60,0.0000,0.0896,1,goal,
306,272,211.20,8.97,671.45,0.0000,0.0029,1,goal,
307,359,278.77,7.09,1032.42,0.0000,0.0157,1,goal,
308,214,415.95,13.50,631.16,0.0000,0.0000,1,goal,
309,257,378.38,10.90,765.66,0.0000,0.0106,1,goal,
310,211,391.83,13.43,460.14,0.0000,0.0027,1,goal,
957,162,-94.12,13.24,648.44,0.0123,0.0001,0,collision,
958,236,383.87,9.55,522.44,0.0000,0.0000,1,goal,
959,305,434.77,9.65,793.37,0.0000,0.0383,1,goal,
960,181,334.01,15.37,296.08,0.0000,0.0000,1,goal,
961,158,343.06,14.22,415.53,0.0000,0.0000,1,goal,
962,252,348.09,9.65,1353.90,0.0000,0.0056,1,goal,
963,148,-54.54,12.69,168.62,0.0021,0.0000,0,collision,
964,266,449.58,10.53,1004.29,0.0000,0.0105,1,goal,
965,294,289.43,9.62,513.47,0.0000,0.0096,1,goal,
966,166,367.19,13.63,317.54,0.0000,0.0000,1,goal,
967,283,411.10,9.11,1315.83,0.0000,0.0187,1,goal,
968,390,240.03,7.21,1162.41,0.0000,0.0441,1,goal,
969,217,427.17,10.70,854.76,0.0000,0.0000,1,goal,
970,316,368.52,7.71,689.00,0.0000,0.0017,1,goal,
971,309,331.30,7.37,731.64,0.0000,0.0000,1,goal,
972,195,412.54,11.70,913.97,0.0000,0.0090,1,goal,
973,234,-333.86,6.08,465.54,0.0085,0.0079,0,collision,
974,37,-173.54,8.34,163.54,0.0360,0.0009,0,collision,
311,186,-14.99,12.60,559.83,0.0108,0.0042,0,collision,
312,28,-184.10,15.61,100.22,0.0714,0.0473,0,collision,
313,280,446.41,10.74,1010.92,0.0000,0.0146,1,goal,
314,350,-4.01,8.37,1199.70,0.0003,0.1472,0,collision,
315,195,7.76,13.73,479.71,0.0014,0.0267,0,collision,
316,45,-155.34,8.64,355.80,0.0000,0.0000,0,collision,
317,231,435.61,10.09,979.09,0.0000,0.0056,1,goal,
318,276,435.02,10.66,825.46,0.0000,0.0224,1,goal,
319,208,-28.29,13.26,960.66,0.0050,0.0645,0,collision,
320,156,348.57,18.07,208.29,0.0000,0.0000,1,goal,
975,78,-165.56,15.03,262.92,0.0214,0.0000,0,collision,
976,343,419.83,8.83,1437.63,0.0000,0.0315,1,goal,
977,91,-262.46,2.22,164.48,0.0220,0.5644,0,collision,
978,185,-118.90,8.68,529.37,0.0108,0.0197,0,collision,
979,174,313.51,13.06,438.61,0.0000,0.0000,1,goal,
980,13,-204.20,1.67,18.55,0.1029,0.1179,0,collision,
981,281,308.34,10.20,685.45,0.0000,0.0115,1,goal,
982,200,439.57,14.26,429.17,0.0000,0.0254,1,goal,
983,186,344.35,12.32,514.32,0.0000,0.0407,1,goal,
984,104,-112.27,15.09,142.90,0.0000,0.0052,0,collision,
985,143,-308.45,4.41,198.99,0.0140,0.1587,0,collision,
986,68,-120.06,19.21,60.47,0.0055,0.0653,0,collision,
987,110,-72.92,15.21,357.74,0.0000,0.0772,0,collision,
988,139,358.10,17.72,44.06,0.0000,0.0533,1,goal,
989,208,-184.87,8.42,437.16,0.0093,0.0463,0,collision,
990,249,317.33,9.14,543.17,0.0000,0.0544,1,goal,
991,139,-147.48,10.85,248.51,0.0056,0.0000,0,collision,
992,42,-171.16,4.69,196.66,0.0118,0.0048,0,collision,
993,153,-54.74,16.46,341.34,0.0096,0.0339,0,collision,
994,267,430.67,10.41,815.01,0.0000,0.0063,1,goal,
995,95,-115.74,10.96,333.41,0.0053,0.0097,0,collision,
996,179,-50.83,11.45,352.22,0.0038,0.0114,0,collision,
997,147,-78.07,12.09,562.78,0.0000,0.0169,0,collision,
998,100,-172.08,5.79,289.69,0.0091,0.2183,0,collision,
999,61,-135.12,17.68,0.14,0.0023,0.0000,0,collision,
1000,192,-29.59,10.84,432.46,0.0025,0.0068,0,collision,
321,291,274.05,9.29,845.16,0.0000,0.0430,1,goal,
322,166,-50.17,13.40,620.78,0.0013,0.0000,0,collision,
323,65,-182.86,4.32,227.41,0.0043,0.0471,0,collision,
324,210,373.10,13.92,435.83,0.0000,0.0453,1,goal,
325,205,-4.02,10.29,642.30,0.0026,0.0150,0,collision,
326,42,-183.19,15.70,132.04,0.0000,0.0000,0,collision,
327,222,421.51,13.12,460.06,0.0000,0.0110,1,goal,
328,60,-168.15,12.88,119.61,0.0159,0.0018,0,collision,
329,153,355.51,15.03,283.06,0.0000,0.0042,1,goal,
330,222,-17.51,12.68,542.46,0.0000,0.0072,0,collision,
1001,205,355.68,9.18,592.23,0.0000,0.0209,1,goal,
1002,241,260.85,11.69,21.91,0.0000,0.0668,1,goal,
1003,127,371.43,17.44,64.54,0.0000,0.0000,1,goal,
1004,196,-337.99,4.57,242.64,0.0036,0.2352,0,collision,
1005,215,-228.52,5.02,609.26,0.0000,0.0297,0,collision,
1006,271,-60.87,8.98,952.65,0.0022,0.0511,0,collision,
1007,53,-167.72,14.27,147.78,0.0000,0.0000,0,collision,
1008,10,-200.83,3.05,38.57,0.0000,0.0000,0,collision,
1009,95,-113.28,7.52,511.15,0.0080,0.0443,0,collision,
1010,130,-102.92,10.54,554.41,0.0128,0.0229,0,collision,
1011,254,-290.30,5.05,504.72,0.0079,0.1172,0,collision,
1012,190,375.59,11.91,696.36,0.0000,0.0181,1,goal,
1013,295,457.18,9.59,1145.81,0.0000,0.0071,1,goal,
1014,124,-253.85,5.36,74.27,0.0161,0.4700,0,collision,
1015,215,-141.59,9.67,668.24,0.0093,0.0263,0,collision,
1016,172,389.34,13.16,346.19,0.0000,0.0000,1,goal,
1017,231,415.72,12.27,824.70,0.0000,0.0000,1,goal,
1018,259,296.08,9.89,944.23,0.0000,0.0003,1,goal,
1019,86,-232.23,3.26,141.28,0.0233,0.3701,0,collision,
1020,148,-168.69,7.49,486.84,0.0048,0.0539,0,collision,
1021,331,413.58,8.42,1014.45,0.0000,0.0047,1,goal,
1022,140,354.68,16.42,152.78,0.0000,0.0000,1,goal,
1023,219,365.50,11.08,730.64,0.0000,0.0067,1,goal,
331,274,381.71,7.62,673.73,0.0000,0.0142,1,goal,
332,43,-145.81,14.41,46.76,0.0009,0.0000,0,collision,
333,312,-184.30,6.38,851.53,0.0000,0.0007,0,collision,
334,139,334.14,18.83,125.98,0.0000,0.0074,1,goal,
335,254,344.34,9.27,440.21,0.0000,0.0022,1,goal,
336,176,338.31,13.31,572.04,0.0000,0.0064,1,goal,
337,16,-192.26,4.78,85.16,0.0554,0.1070,0,collision,
338,88,-153.68,12.76,212.69,0.0069,0.0415,0,collision,
339,160,394.82,17.65,162.52,0.0000,0.0550,1,goal,
340,190,372.98,14.66,727.40,0.0000,0.0034,1,goal,
1024,106,-152.23,12.45,118.83,0.0106,0.1285,0,collision,
1025,232,-10.70,11.44,686.61,0.0043,0.0207,0,collision,
1026,160,324.17,14.72,308.95,0.0000,0.0093,1,goal,
1027,38,-190.15,3.97,126.60,0.0158,0.0895,0,collision,
1028,186,343.80,12.18,505.90,0.0000,0.0061,1,goal,
1029,285,411.72,10.30,745.86,0.0000,0.0621,1,goal,
1030,64,-131.98,12.86,270.37,0.0062,0.0561,0,collision,
1031,223,418.12,13.05,431.84,0.0000,0.0053,1,goal,
1032,180,395.65,12.45,643.98,0.0000,0.0130,1,goal,
1033,279,401.22,8.44,880.69,0.0000,0.0000,1,goal,
1034,42,-177.01,13.68,15.36,0.0000,0.0479,0,collision,
1035,187,429.29,12.05,559.14,0.0000,0.0000,1,goal,
1036,256,-239.21,7.99,571.31,0.0012,0.0038,0,collision,
1037,12,-193.04,6.46,97.33,0.1667,0.0000,0,collision,
1038,254,372.50,9.37,802.43,0.0000,0.0000,1,goal,
1039,48,-166.85,13.32,136.13,0.0000,0.0300,0,collision,
1040,287,275.92,7.97,780.74,0.0000,0.0560,1,goal,
1041,190,390.78,13.35,702.52,0.0000,0.0000,1,goal,
1042,257,343.11,9.11,916.86,0.0000,0.0000,1,goal,
1043,196,366.57,12.39,634.37,0.0000,0.0214,1,goal,
1044,12,-195.04,5.98,104.72,0.0513,0.0000,0,collision,
1045,271,426.04,9.60,1217.03,0.0000,0.0084,1,goal,
1046,15,-185.30,8.20,156.53,0.1109,0.0569,0,collision,
1047,268,411.54,10.63,816.12,0.0000,0.0014,1,goal,
1048,49,-244.76,2.85,114.58,0.0000,0.2756,0,collision,
341,151,364.52,16.94,100.39,0.0000,0.0000,1,goal,
342,247,22.50,10.59,751.09,0.0081,0.0326,0,collision,
343,364,340.97,7.97,905.82,0.0000,0.0208,1,goal,
344,272,390.92,9.01,867.19,0.0000,0.0314,1,goal,
345,68,-124.81,18.32,101.27,0.0008,0.0239,0,collision,
346,254,485.04,10.41,1086.66,0.0000,0.0046,1,goal,
347,329,282.93,7.72,1244.35,0.0000,0.0057,1,goal,
348,285,404.25,9.80,723.58,0.0000,0.0251,1,goal,
349,285,243.10,7.96,554.71,0.0000,0.0286,1,goal,
350,112,-204.58,5.86,295.28,0.0033,0.0144,0,collision,
1049,262,-319.55,3.66,552.65,0.0076,0.0115,0,collision,
1050,420,324.31,6.95,1115.80,0.0000,0.0237,1,goal,
1051,266,300.29,8.49,469.78,0.0000,0.0092,1,goal,
1052,303,368.63,8.33,755.18,0.0000,0.0170,1,goal,
1053,338,179.49,7.86,731.41,0.0000,0.0156,1,goal,
1054,373,75.68,7.60,592.14,0.0000,0.0332,1,goal,
1055,147,-192.41,5.83,310.68,0.0092,0.0100,0,collision,
1056,42,-179.13,10.47,291.39,0.0045,0.0580,0,collision,
1057,141,-91.74,10.25,693.48,0.0000,0.0565,0,collision,
1058,157,-68.57,13.82,438.99,0.0127,0.0130,0,collision,
1059,217,-197.12,6.61,616.09,0.0016,0.0241,0,collision,
1060,244,305.86,11.08,378.57,0.0000,0.0211,1,goal,
1061,220,382.15,12.61,241.38,0.0000,0.0073,1,goal,
1062,63,-131.20,17.03,218.59,0.0317,0.0202,0,collision,
1063,325,412.94,8.50,1294.24,0.0000,0.0024,1,goal,
1064,301,334.99,8.18,497.93,0.0000,0.0446,1,goal,
1065,9,-199.27,2.97,31.87,0.0000,0.0000,0,collision,
1066,76,-164.20,10.18,302.83,0.0187,0.0120,0,collision,
1067,173,-15.15,12.88,497.72,0.0032,0.0483,0,collision,
351,189,-158.24,7.69,685.04,0.0087,0.1920,0,collision,
352,224,468.00,12.48,650.26,0.0000,0.0000,1,goal,
353,234,404.28,11.52,590.37,0.0000,0.0000,1,goal,
354,172,-105.27,8.38,435.47,0.0106,0.0000,0,collision,
355,329,465.75,8.44,1057.17,0.0000,0.0000,1,goal,
356,215,-8.24,12.39,353.21,0.0002,0.0093,0,collision,
357,353,319.00,8.52,1399.98,0.0000,0.0161,1,goal,
358,245,286.28,9.47,452.71,0.0000,0.0123,1,goal,
359,91,316.80,23.60,-115.86,0.0000,0.0000,1,goal,
360,221,426.05,13.69,471.35,0.0000,0.0214,1,goal,
1068,195,-309.21,4.10,255.32,0.0103,0.0000,0,collision,
1069,254,406.59,9.47,800.41,0.0000,0.0337,1,goal,
1070,16,-184.71,6.51,110.74,0.0850,0.0521,0,collision,
1071,241,-48.78,10.15,600.82,0.0003,0.0476,0,collision,
1072,210,312.55,11.00,399.35,0.0000,0.1586,1,goal,
1073,111,-108.61,10.76,231.53,0.0076,0.0002,0,collision,
1074,198,367.09,11.60,595.12,0.0000,0.0000,1,goal,
1075,175,-111.66,8.15,822.54,0.0000,0.0031,0,collision,
1076,201,-15.65,13.95,503.10,0.0008,0.0040,0,collision,
1077,28,-167.46,11.08,169.56,0.0692,0.0000,0,collision,
1078,236,368.00,9.69,1238.61,0.0000,0.0000,1,goal,
1079,255,413.08,9.33,728.86,0.0000,0.0000,1,goal,
1080,371,-138.36,7.79,948.21,0.0054,0.0664,0,collision,
1081,202,357.95,12.90,538.96,0.0000,0.0096,1,goal,
1082,247,-45.05,10.40,567.19,0.0000,0.0200,0,collision,
1083,255,404.28,9.65,831.83,0.0000,0.0000,1,goal,
1084,98,-141.75,9.98,533.02,0.0000,0.0233,0,collision,
1085,293,469.84,10.06,944.08,0.0000,0.0002,1,goal,
1086,280,441.65,9.88,1001.39,0.0000,0.0147,1,goal,
1087,288,426.11,9.42,1285.70,0.0000,0.0000,1,goal,
361,138,-80.70,10.50,384.75,0.0093,0.0012,0,collision,
362,39,-198.41,7.24,217.82,0.0445,0.3003,0,collision,
363,221,339.52,12.17,613.01,0.0000,0.0204,1,goal,
364,142,330.26,18.11,134.62,0.0000,0.0001,1,goal,
365,78,-252.84,3.26,138.27,0.0128,0.1373,0,collision,
366,219,349.91,10.28,643.80,0.0000,0.0000,1,goal,
367,364,-254.81,5.73,892.39,0.0000,0.1136,0,collision,
368,201,343.44,12.49,596.20,0.0000,0.0000,1,goal,
369,295,263.48,9.70,827.04,0.0000,0.0786,1,goal,
370,242,413.77,9.25,1079.03,0.0000,0.0037,1,goal,
1088,115,-149.41,14.85,240.77,0.0160,0.0177,0,collision,
1089,166,329.20,13.83,119.50,0.0000,0.0828,1,goal,
1090,68,-156.91,12.68,314.52,0.0082,0.0375,0,collision,
1091,286,365.01,8.84,645.67,0.0000,0.0132,1,goal,
1092,231,390.27,9.97,993.28,0.0000,0.0034,1,goal,
1093,282,-13.01,9.45,664.24,0.0000,0.0090,0,collision,
1094,227,445.92,13.16,902.01,0.0000,0.0122,1,goal,
1095,261,409.05,11.46,833.23,0.0000,0.0050,1,goal,
1096,4,-199.37,2.40,13.40,0.0000,0.0000,0,collision,
1097,300,408.84,9.38,1334.14,0.0000,0.0072,1,goal,
1098,270,358.21,9.82,786.93,0.0000,0.0259,1,goal,
1099,253,-121.53,7.33,470.85,0.0079,0.0068,0,collision,
1100,386,-91.24,7.17,1010.49,0.0019,0.0469,0,collision,
1101,226,340.64,9.44,842.40,0.0000,0.0000,1,goal,
1102,167,-65.05,11.02,480.07,0.0081,0.0000,0,collision,
1103,57,-176.96,11.60,198.40,0.0351,0.0000,0,collision,
1104,267,355.47,8.19,787.82,0.0000,0.0023,1,goal,
1105,213,398.17,11.41,960.52,0.0000,0.0000,1,goal,
1106,179,393.23,13.90,490.25,0.0000,0.0189,1,goal,
371,166,-185.22,9.20,-25.47,0.0001,0.1699,0,collision,
372,259,370.87,10.75,536.72,0.0000,0.0531,1,goal,
373,123,-99.69,15.70,298.98,0.0050,0.0317,0,collision,
374,41,-189.06,14.88,91.07,0.0200,0.0536,0,collision,
375,269,-112.74,6.47,698.19,0.0029,0.0222,0,collision,
376,305,-117.84,7.35,868.42,0.0041,0.2465,0,collision,
377,300,128.50,5.96,582.13,0.0000,0.0110,1,goal,
378,79,-105.19,20.22,87.58,0.0253,0.0105,0,collision,
379,256,17.15,8.55,827.68,0.0075,0.0419,0,collision,
380,335,181.23,7.53,711.02,0.0000,0.0000,1,goal,
1107,511,-471.89,3.49,650.24,0.0000,0.0046,0,collision,
1108,8,-197.33,2.89,22.16,0.1673,0.0000,0,collision,
1109,12,-194.35,8.06,94.78,0.0651,0.0000,0,collision,
1110,242,401.40,10.54,581.25,0.0000,0.0075,1,goal,
1111,4,-205.01,0.15,0.43,0.0467,0.2126,0,collision,
1112,250,440.11,10.59,860.39,0.0000,0.0000,1,goal,
1113,250,-202.27,8.33,520.91,0.0080,0.0233,0,collision,
1114,40,-148.77,16.49,84.85,0.0000,0.0454,0,collision,
1115,191,407.23,15.83,417.86,0.0000,0.0052,1,goal,
1116,229,306.65,9.93,700.67,0.0000,0.0619,1,goal,
1117,54,-142.14,12.65,162.78,0.0370,0.0000,0,collision,
1118,297,-133.82,6.00,757.69,0.0067,0.0248,0,collision,
1119,260,361.56,8.42,1076.39,0.0000,0.0006,1,goal,
1120,61,-155.03,13.44,168.39,0.0328,0.0193,0,collision,
1121,64,-195.49,9.05,115.05,0.0239,0.0896,0,collision,
1122,131,-179.14,4.58,384.88,0.0153,0.1820,0,collision,
1123,277,-195.75,8.67,662.75,0.0006,0.0116,0,collision,
1124,271,-90.04,6.89,837.73,0.0014,0.0310,0,collision,
1125,298,359.50,9.19,822.62,0.0000,0.0264,1,goal,
1126,205,326.45,12.60,534.84,0.0000,0.0509,1,goal,
1127,170,386.61,14.06,78.83,0.0000,0.0000,1,goal,
1128,348,376.38,8.19,920.89,0.0000,0.1061,1,goal,
381,222,333.87,7.89,535.92,0.0000,0.0450,1,goal,
382,139,384.95,16.74,425.50,0.0000,0.0037,1,goal,
383,19,-188.88,10.17,158.86,0.0212,0.0000,0,collision,
384,163,-18.24,13.83,149.24,0.0000,0.0104,0,collision,
385,184,-37.89,10.88,710.76,0.0054,0.0071,0,collision,
386,20,-177.80,14.13,103.93,0.0541,0.1084,0,collision,
387,132,-212.16,6.32,174.90,0.0000,0.2951,0,collision,
388,159,343.87,15.78,346.63,0.0000,0.0183,1,goal,
389,8,-201.50,1.75,20.99,0.0279,0.0000,0,collision,
390,193,331.77,13.37,83.83,0.0000,0.0394,1,goal,
1129,122,-110.26,14.29,285.59,0.0021,0.0548,0,collision,
1130,201,407.37,13.80,424.34,0.0000,0.0084,1,goal,
1131,71,-135.36,13.85,199.99,0.0282,0.0306,0,collision,
1132,48,-147.38,18.59,88.49,0.0417,0.0320,0,collision,
1133,192,-21.95,12.28,367.32,0.0021,0.0924,0,collision,
1134,306,-145.40,8.92,516.40,0.0065,0.0269,0,collision,
1135,8,-193.51,5.26,44.50,0.0897,0.0931,0,collision,
1136,229,403.09,11.36,967.68,0.0000,0.0000,1,goal,
1137,276,414.64,8.78,960.06,0.0000,0.0009,1,goal,
1138,2,-200.40,1.04,2.51,0.0000,0.0000,0,collision,
1139,208,290.21,13.72,184.53,0.0000,0.0000,1,goal,
1140,264,271.42,7.13,515.17,0.0000,0.0081,1,goal,
1141,173,398.99,13.58,504.76,0.0000,0.0000,1,goal,
1142,58,-126.12,20.87,66.09,0.0267,0.0380,0,collision,
1143,11,-192.32,4.48,48.91,0.1818,0.0000,0,collision,
1144,4,-198.14,3.11,22.43,0.5000,0.0000,0,collision,
1145,133,-92.27,9.84,423.96,0.0078,0.1173,0,collision,
1146,121,-90.64,11.75,377.52,0.0010,0.1300,0,collision,
1147,273,377.96,9.40,1039.34,0.0000,0.0117,1,goal,
1148,258,388.30,11.19,633.54,0.0000,0.0341,1,goal,
1149,252,320.33,10.59,683.60,0.0000,0.0360,1,goal,
1150,356,-225.44,7.69,631.22,0.0056,0.0075,0,collision,
1151,31,-182.32,17.81,38.61,0.0032,0.0359,0,collision,
1152,129,-211.22,5.27,146.10,0.0155,0.2541,0,collision,
1153,137,-231.66,9.53,16.63,0.0000,0.0000,0,collision,
1154,129,-139.72,7.03,382.01,0.0002,0.0404,0,collision,
391,85,-98.91,16.53,-52.25,0.0110,0.0327,0,collision,
392,41,-171.58,15.68,53.06,0.0000,0.0155,0,collision,
393,41,-186.16,4.57,111.24,0.0184,0.0000,0,collision,
394,217,328.01,11.82,497.30,0.0000,0.0495,1,goal,
395,291,-72.45,8.83,774.91,0.0057,0.0751,0,collision,
396,146,370.91,15.63,165.51,0.0000,0.0071,1,goal,
397,213,418.05,11.90,721.29,0.0000,0.0000,1,goal,
398,188,365.21,13.32,398.07,0.0000,0.0000,1,goal,
399,175,356.27,13.94,183.09,0.0000,0.0171,1,goal,
400,244,418.10,11.32,559.18,0.0000,0.0000,1,goal,
1155,442,-44.80,8.41,2011.29,0.0010,0.0168,0,collision,
1156,90,-152.21,11.09,414.94,0.0189,0.0018,0,collision,
1157,274,391.17,10.44,1199.83,0.0000,0.0101,1,goal,
1158,209,386.63,12.32,373.54,0.0000,0.0000,1,goal,
1159,289,359.01,8.44,837.67,0.0000,0.0660,1,goal,
1160,280,385.44,8.82,819.47,0.0000,0.0201,1,goal,
1161,70,-129.89,15.23,97.14,0.0200,0.0345,0,collision,
1162,7,-194.02,5.20,59.91,0.0000,0.0000,0,collision,
1163,239,386.49,10.79,631.76,0.0000,0.0044,1,goal,
1164,140,381.92,16.20,323.11,0.0000,0.0163,1,goal,
1165,54,-138.61,15.20,89.01,0.0028,0.0323,0,collision,
1166,259,318.17,9.64,838.82,0.0000,0.0162,1,goal,
1167,310,332.16,9.01,652.21,0.0000,0.0379,1,goal,
1168,321,-251.30,5.75,227.69,0.0046,0.2033,0,collision,
1169,165,334.31,14.63,374.45,0.0000,0.0000,1,goal,
1170,43,-156.88,7.37,298.39,0.0235,0.0000,0,collision,
1171,22,-180.92,5.09,112.80,0.0175,0.0000,0,collision,
1172,120,-181.29,4.82,271.06,0.0000,0.0274,0,collision,
1173,51,-170.00,9.14,226.66,0.0392,0.0656,0,collision,
1174,228,258.99,10.76,443.37,0.0000,0.0977,1,goal,
1175,75,-171.46,11.77,309.84,0.0000,0.0316,0,collision,
1176,273,432.99,8.24,988.79,0.0000,0.0000,1,goal,
1177,298,413.82,9.24,970.50,0.0000,0.0036,1,goal,
401,92,314.23,25.71,-128.82,0.0000,0.0000,1,goal,
402,157,-78.68,12.51,561.22,0.0060,0.0161,0,collision,
403,269,245.64,10.52,621.69,0.0000,0.0000,1,goal,
404,229,329.99,11.09,829.99,0.0000,0.0085,1,goal,
405,339,123.51,6.96,429.18,0.0000,0.0120,1,goal,
406,64,-166.80,5.73,297.91,0.0000,0.0028,0,collision,
407,201,367.86,12.13,629.48,0.0000,0.0000,1,goal,
408,172,-26.79,12.80,641.98,0.0011,0.0222,0,collision,
409,268,-308.01,6.13,196.47,0.0048,0.0036,0,collision,
410,330,345.95,8.08,981.88,0.0000,0.0504,1,goal,
1178,99,-202.52,8.06,253.12,0.0000,0.0005,0,collision,
1179,2,-200.29,0.73,1.28,0.1501,0.1658,0,collision,
1180,37,-173.48,13.70,46.18,0.0000,0.0000,0,collision,
1181,36,-190.10,10.73,194.05,0.0193,0.0742,0,collision,
1182,146,351.77,15.42,220.12,0.0000,0.0074,1,goal,
1183,8,-201.72,1.70,20.20,0.0000,0.0000,0,collision,
1184,162,369.07,17.84,214.24,0.0000,0.0151,1,goal,
1185,235,358.26,10.40,970.55,0.0000,0.0078,1,goal,
1186,314,256.06,8.92,745.92,0.0000,0.0395,1,goal,
1187,138,399.34,21.32,-308.87,0.0000,0.0065,1,goal,
1188,237,385.71,10.30,1054.43,0.0000,0.0240,1,goal,
1189,238,387.43,10.97,701.24,0.0000,0.0440,1,goal,
1190,366,-212.22,5.98,682.77,0.0000,0.1495,0,collision,
1191,98,-162.39,9.17,475.81,0.0052,0.0526,0,collision,
1192,251,326.39,9.20,1040.20,0.0000,0.0059,1,goal,
1193,232,-14.70,9.63,896.80,0.0086,0.0069,0,collision,
1194,34,-187.07,3.97,112.71,0.0017,0.0000,0,collision,
1195,84,-220.67,1.96,151.29,0.0111,0.0450,0,collision,
1196,330,318.93,8.58,1050.61,0.0000,0.0205,1,goal,
1197,96,-98.50,18.51,-23.91,0.0196,0.0415,0,collision,
1198,89,-147.00,15.00,100.32,0.0000,0.0245,0,collision,
1199,154,409.91,19.31,-122.57,0.0000,0.0230,1,goal,
1200,58,-120.41,18.90,74.70,0.0026,0.0116,0,collision,
1201,164,359.99,13.80,235.80,0.0000,0.0000,1,goal,
1202,181,392.94,13.30,693.12,0.0000,0.0007,1,goal,
1203,207,303.85,10.98,657.14,0.0000,0.0215,1,goal,
411,45,-201.44,6.26,136.05,0.0444,0.1794,0,collision,
412,33,-174.53,6.87,260.42,0.0000,0.0000,0,collision,
413,136,-35.62,14.79,332.23,0.0124,0.0136,0,collision,
414,85,-151.06,5.89,468.60,0.0069,0.0000,0,collision,
415,167,339.49,16.91,14.58,0.0000,0.0305,1,goal,
416,337,352.53,8.68,833.55,0.0000,0.0375,1,goal,
417,271,376.21,10.81,461.27,0.0000,0.0059,1,goal,
418,216,370.08,12.06,276.64,0.0000,0.0078,1,goal,
419,148,353.37,13.51,416.93,0.0000,0.0009,1,goal,
420,290,395.14,7.74,931.37,0.0000,0.0478,1,goal,
1204,318,-177.11,7.81,1083.81,0.0061,0.0560,0,collision,
1205,204,396.13,13.58,367.54,0.0000,0.0210,1,goal,
1206,243,393.75,10.62,466.25,0.0000,0.0048,1,goal,
1207,46,-145.37,15.26,63.68,0.0277,0.0000,0,collision,
1208,215,449.76,13.20,435.38,0.0000,0.0000,1,goal,
1209,214,-54.22,8.17,855.87,0.0028,0.0177,0,collision,
1210,114,-92.83,18.92,153.49,0.0057,0.0173,0,collision,
1211,243,303.86,10.83,420.47,0.0000,0.0289,1,goal,
1212,243,396.15,11.20,845.02,0.0000,0.0070,1,goal,
1213,199,-14.82,14.23,601.17,0.0000,0.0314,0,collision,
1214,317,276.07,7.91,763.66,0.0000,0.1602,1,goal,
1215,174,-14.98,9.64,753.98,0.0078,0.0002,0,collision,
1216,152,-97.86,9.03,376.94,0.0004,0.0095,0,collision,
1217,91,-97.86,10.35,512.99,0.0220,0.0000,0,collision,
1218,135,300.09,13.25,120.96,0.0000,0.0605,1,goal,
1219,360,479.53,8.41,1774.23,0.0000,0.0070,1,goal,
1220,23,-193.05,10.49,161.59,0.0384,0.0000,0,collision,
1221,6,-195.11,5.19,63.27,0.0939,0.0000,0,collision,
1222,196,362.26,12.40,480.48,0.0000,0.0270,1,goal,
1223,127,-195.95,6.91,51.65,0.0000,0.2618,0,collision,
1224,294,393.73,8.34,1223.78,0.0000,0.0043,1,goal,
1225,133,368.83,17.45,-196.87,0.0000,0.0203,1,goal,
1226,11,-197.19,5.63,110.50,0.1064,0.0000,0,collision,
1227,93,-89.99,17.14,191.74,0.0181,0.0000,0,collision,
421,48,-178.30,13.47,57.06,0.0200,0.0548,0,collision,
422,193,396.74,15.07,297.03,0.0000,0.0000,1,goal,
423,98,-273.68,5.98,61.98,0.0204,0.0000,0,collision,
424,45,-147.05,16.55,99.93,0.0000,0.0000,0,collision,
425,322,316.37,8.40,765.62,0.0000,0.1023,1,goal,
426,255,344.07,10.19,682.05,0.0000,0.0003,1,goal,
427,318,364.33,7.75,657.09,0.0000,0.0376,1,goal,
428,64,-157.54,7.04,333.86,0.0000,0.0152,0,collision,
429,144,-146.81,7.01,699.32,0.0055,0.0041,0,collision,
430,185,434.32,14.68,408.68,0.0000,0.0000,1,goal,
1228,133,-135.71,15.36,266.41,0.0150,0.0225,0,collision,
1229,60,-150.32,7.55,186.02,0.0000,0.0000,0,collision,
1230,300,445.12,9.62,1179.98,0.0000,0.0705,1,goal,
1231,214,-55.36,8.93,1073.12,0.0093,0.0128,0,collision,
1232,215,412.01,12.07,716.45,0.0000,0.0305,1,goal,
1233,229,401.13,12.11,1079.65,0.0000,0.0047,1,goal,
1234,298,441.34,9.70,841.13,0.0000,0.0000,1,goal,
1235,134,-180.52,8.50,273.00,0.0022,0.1467,0,collision,
1236,167,-52.92,12.42,467.65,0.0120,0.0734,0,collision,
1237,273,423.71,10.06,809.82,0.0000,0.0000,1,goal,
1238,394,286.77,7.15,670.74,0.0000,0.0313,1,goal,
1239,383,364.11,7.85,1121.96,0.0000,0.0387,1,goal,
1240,240,-25.32,8.50,780.59,0.0000,0.0000,0,collision,
1241,354,380.69,7.75,1402.57,0.0000,0.0224,1,goal,
1242,115,-130.28,11.12,361.14,0.0174,0.0224,0,collision,
1243,411,212.00,7.29,1227.40,0.0000,0.0023,1,goal,
431,36,-191.61,5.57,238.44,0.0075,0.0000,0,collision,
432,333,328.27,7.71,1362.43,0.0000,0.0231,1,goal,
433,244,-228.85,3.83,737.47,0.0000,0.0763,0,collision,
434,333,393.93,8.76,865.51,0.0000,0.0000,1,goal,
435,385,-192.16,7.11,822.87,0.0025,0.0141,0,collision,
436,328,224.06,7.04,890.31,0.0000,0.0000,1,goal,
437,241,421.06,11.06,745.64,0.0000,0.0159,1,goal,
438,168,392.82,13.57,384.92,0.0000,0.0000,1,goal,
439,225,394.77,12.64,478.41,0.0000,0.0143,1,goal,
440,9,-207.30,0.97,8.95,0.1074,0.0000,0,collision,
1244,542,-139.05,9.20,1112.08,0.0009,0.0359,0,collision,
1245,308,288.06,8.02,1252.93,0.0000,0.0236,1,goal,
1246,186,415.64,16.05,81.11,0.0000,0.0024,1,goal,
1247,40,-166.70,7.95,208.25,0.0000,0.0000,0,collision,
1248,198,376.56,11.42,856.50,0.0000,0.0000,1,goal,
1249,254,403.51,8.82,1038.20,0.0000,0.0359,1,goal,
1250,281,434.13,9.24,889.08,0.0000,0.0000,1,goal,
1251,274,457.74,10.70,1209.00,0.0000,0.0000,1,goal,
1252,262,-140.59,7.54,1072.88,0.0076,0.0013,0,collision,
1253,367,312.37,7.57,918.62,0.0000,0.0129,1,goal,
1254,16,-197.98,2.91,43.24,0.1060,0.0139,0,collision,
1255,366,374.27,7.86,1604.09,0.0000,0.0000,1,goal,
1256,168,-129.59,4.92,708.02,0.0119,0.0055,0,collision,
1257,278,480.61,10.17,1173.94,0.0000,0.0000,1,goal,
1258,397,447.22,6.89,1866.27,0.0000,0.0000,1,goal,
1259,335,361.39,8.42,1164.81,0.0000,0.0000,1,goal,
441,13,-195.76,5.61,89.44,0.0000,0.0000,0,collision,
442,344,444.70,7.49,1426.16,0.0000,0.0183,1,goal,
443,336,291.54,8.51,967.82,0.0000,0.0000,1,goal,
444,335,355.39,7.24,1022.27,0.0000,0.0373,1,goal,
445,273,390.14,8.47,788.87,0.0000,0.0000,1,goal,
446,360,393.89,7.20,887.90,0.0000,0.0163,1,goal,
447,564,273.18,5.46,1761.98,0.0000,0.0055,1,goal,
448,245,381.56,9.12,735.83,0.0000,0.0088,1,goal,
449,210,-90.81,5.47,853.12,0.0020,0.0345,0,collision,
450,336,54.19,7.12,1449.31,0.0022,0.0001,0,collision,
1260,182,-225.87,5.61,597.47,0.0048,0.0363,0,collision,
1261,392,-131.95,6.38,1457.09,0.0051,0.0102,0,collision,
1262,286,425.65,9.57,782.27,0.0000,0.0173,1,goal,
1263,439,62.57,5.41,988.74,0.0000,0.0189,1,goal,
1264,384,412.20,6.67,1974.08,0.0000,0.0081,1,goal,
1265,142,-202.23,5.77,301.28,0.0084,0.0326,0,collision,
1266,161,-138.43,10.00,541.34,0.0063,0.0440,0,collision,
1267,361,344.91,7.29,1296.83,0.0000,0.0077,1,goal,
1268,71,-172.59,3.70,263.30,0.0000,0.0000,0,collision,
1269,264,369.37,9.03,1139.46,0.0000,0.0126,1,goal,
1270,416,361.34,6.78,1236.68,0.0000,0.0104,1,goal,
1271,50,-141.36,12.98,88.20,0.0000,0.0420,0,collision,
1272,112,-98.80,9.16,474.62,0.0117,0.0255,0,collision,
1273,278,344.30,7.09,1133.70,0.0000,0.0095,1,goal,
1274,150,-86.95,8.52,629.53,0.0133,0.0576,0,collision,
1275,268,398.32,8.76,1086.26,0.0000,0.0022,1,goal,
451,166,5.24,16.95,-56.98,0.0000,0.0184,0,collision,
452,358,-121.58,7.12,974.92,0.0026,0.0442,0,collision,
453,210,324.50,11.63,237.47,0.0000,0.0403,1,goal,
454,230,384.73,13.20,261.99,0.0000,0.0000,1,goal,
455,213,421.74,13.54,571.15,0.0000,0.0000,1,goal,
456,330,392.74,8.41,1207.60,0.0000,0.0041,1,goal,
457,329,414.61,9.13,874.21,0.0000,0.0034,1,goal,
458,230,374.65,11.76,815.02,0.0000,0.0184,1,goal,
459,49,-171.77,3.81,162.32,0.0184,0.0000,0,collision,
460,346,358.24,7.33,894.14,0.0000,0.0794,1,goal,
1276,300,-128.04,7.16,835.08,0.0017,0.0158,0,collision,
1277,186,-178.90,7.56,387.03,0.0108,0.0052,0,collision,
1278,218,449.75,13.03,341.53,0.0000,0.0070,1,goal,
1279,327,446.27,8.06,1183.46,0.0000,0.0154,1,goal,
1280,285,13.12,7.56,1262.48,0.0067,0.0000,0,collision,
1281,227,378.17,10.81,578.40,0.0000,0.0123,1,goal,
1282,314,411.45,9.04,796.82,0.0000,0.1043,1,goal,
1283,265,409.01,9.70,830.26,0.0000,0.0119,1,goal,
1284,298,413.90,7.81,1396.43,0.0000,0.0129,1,goal,
1285,138,351.65,17.48,216.89,0.0000,0.0568,1,goal,
1286,115,-114.02,12.09,164.13,0.0000,0.0000,0,collision,
1287,105,-198.06,6.29,462.21,0.0079,0.0000,0,collision,
1288,319,-3.25,7.95,1410.53,0.0011,0.0318,0,collision,
1289,144,-208.56,5.06,403.78,0.0018,0.0358,0,collision,
1290,144,-49.01,15.05,269.86,0.0014,0.0000,0,collision,
1291,294,431.32,9.59,1141.77,0.0000,0.0000,1,goal,
1292,283,338.44,7.87,1534.15,0.0000,0.0000,1,goal,
1293,209,-240.86,5.96,645.78,0.0000,0.0208,0,collision,
461,199,-101.10,7.83,492.17,0.0032,0.0497,0,collision,
462,191,-76.94,11.11,721.76,0.0087,0.0260,0,collision,
463,132,324.97,17.99,173.12,0.0000,0.0000,1,goal,
464,193,403.78,12.91,448.29,0.0000,0.0000,1,goal,
465,190,390.18,13.09,502.28,0.0000,0.0000,1,goal,
466,351,287.82,7.87,1082.95,0.0000,0.0096,1,goal,
467,288,450.27,10.54,1069.12,0.0000,0.0015,1,goal,
468,245,428.01,9.28,902.59,0.0000,0.0187,1,goal,
469,56,-216.61,3.44,164.93,0.0000,0.0526,0,collision,
470,190,369.85,12.90,383.81,0.0000,0.0055,1,goal,
1294,382,-459.57,3.49,464.83,0.0012,0.0060,0,collision,
1295,151,-194.98,6.52,478.48,0.0132,0.0098,0,collision,
1296,257,447.60,11.04,1038.45,0.0000,0.0000,1,goal,
1297,61,-176.23,5.04,250.77,0.0310,0.0584,0,collision,
1298,337,205.88,8.82,577.60,0.0000,0.0140,1,goal,
1299,169,-248.91,4.02,500.81,0.0000,0.0095,0,collision,
1300,302,-104.56,7.74,833.74,0.0052,0.0170,0,collision,
1301,64,-126.81,11.45,307.94,0.0312,0.0000,0,collision,
1302,326,-33.83,8.75,1125.08,0.0022,0.0064,0,collision,
1303,312,248.86,9.57,1095.15,0.0000,0.0061,1,goal,
1304,313,291.19,8.99,872.40,0.0000,0.0291,1,goal,
1305,7,-201.05,1.51,9.57,0.0000,0.0000,0,collision,
1306,203,383.86,11.03,942.28,0.0000,0.0001,1,goal,
1307,320,403.40,8.00,1061.19,0.0000,0.0291,1,goal,
1308,61,-190.13,11.57,171.77,0.0000,0.0149,0,collision,
1309,3,-201.82,0.69,2.61,0.6667,0.0622,0,collision,
1310,258,-159.80,7.44,461.57,0.0032,0.0000,0,collision,
1311,286,388.81,10.47,1364.11,0.0000,0.0008,1,goal,
1312,147,-55.53,8.61,692.23,0.0125,0.0092,0,collision,
1313,230,6.59,10.86,793.65,0.0016,0.0084,0,collision,
471,218,352.97,13.28,513.88,0.0000,0.0000,1,goal,
472,215,424.19,11.85,644.22,0.0000,0.0000,1,goal,
473,202,-55.46,8.38,834.75,0.0033,0.0002,0,collision,
474,295,412.80,9.00,791.15,0.0000,0.0000,1,goal,
475,343,235.90,8.50,979.31,0.0000,0.0164,1,goal,
476,224,11.22,12.36,426.67,0.0068,0.0569,0,collision,
477,392,-352.45,6.82,752.54,0.0004,0.0337,0,collision,
478,221,315.80,11.11,453.58,0.0000,0.0012,1,goal,
479,120,-69.59,18.51,-5.08,0.0000,0.0128,0,collision,
480,65,-129.67,12.24,105.15,0.0059,0.0412,0,collision,
1314,292,-435.40,2.14,498.80,0.0067,0.1514,0,collision,
1315,313,-7.33,8.72,1122.01,0.0015,0.0258,0,collision,
1316,156,-148.34,7.85,569.42,0.0128,0.0145,0,collision,
1317,138,-113.85,14.09,22.09,0.0000,0.0109,0,collision,
1318,2,-201.82,0.00,0.10,1.0000,0.0000,0,collision,
1319,144,-36.86,15.10,229.71,0.0139,0.0236,0,collision,
1320,215,-33.38,10.48,769.03,0.0000,0.0191,0,collision,
1321,107,-305.85,2.86,248.00,0.0138,0.4388,0,collision,
1322,214,274.72,8.59,560.33,0.0000,0.0066,1,goal,
1323,77,-163.47,6.85,232.18,0.0260,0.0035,0,collision,
1324,216,466.72,13.78,680.59,0.0000,0.0041,1,goal,
1325,100,-88.61,20.94,90.84,0.0000,0.0149,0,collision,
1326,311,-179.07,6.68,795.67,0.0063,0.0217,0,collision,
1327,229,368.81,10.08,734.60,0.0000,0.0196,1,goal,
1328,146,378.96,15.60,216.88,0.0000,0.0000,1,goal,
1329,73,-130.32,7.88,474.21,0.0080,0.0248,0,collision,
1330,387,259.69,8.17,1100.13,0.0000,0.0647,1,goal,
1331,303,304.28,8.58,779.22,0.0000,0.0221,1,goal,
1332,195,330.63,11.59,254.49,0.0000,0.0000,1,goal,
1333,186,391.13,14.89,267.26,0.0000,0.0053,1,goal,
1334,196,332.50,12.28,358.29,0.0000,0.0000,1,goal,
481,241,-223.99,9.61,288.02,0.0083,0.0509,0,collision,
482,48,-173.37,12.06,44.32,0.0417,0.0698,0,collision,
483,104,-116.97,17.00,172.18,0.0000,0.0000,0,collision,
484,73,-136.95,14.86,181.65,0.0274,0.0858,0,collision,
485,283,401.51,10.34,572.71,0.0000,0.0412,1,goal,
486,149,-45.71,15.38,125.19,0.0050,0.0456,0,collision,
487,93,-125.11,10.70,154.42,0.0120,0.0847,0,collision,
488,296,120.36,7.41,592.01,0.0000,0.0690,1,goal,
489,168,423.24,16.63,356.28,0.0000,0.0000,1,goal,
490,205,414.75,11.08,687.25,0.0000,0.0051,1,goal,
1335,382,-272.40,6.07,688.12,0.0052,0.0047,0,collision,
1336,103,-215.32,6.72,361.29,0.0132,0.0000,0,collision,
1337,101,-198.84,6.70,134.90,0.0198,0.3387,0,collision,
1338,119,337.35,18.93,108.23,0.0000,0.0156,1,goal,
1339,122,-79.30,13.15,368.77,0.0076,0.0745,0,collision,
1340,310,-4.35,9.67,982.98,0.0024,0.1765,0,collision,
1341,17,-184.37,8.72,152.05,0.1110,0.0000,0,collision,
1342,106,-231.06,5.85,20.65,0.0156,0.4786,0,collision,
1343,23,-190.26,4.11,113.72,0.0870,0.0000,0,collision,
1344,180,-116.91,7.82,529.68,0.0085,0.1845,0,collision,
1345,164,-104.10,13.17,349.53,0.0095,0.0715,0,collision,
1346,33,-173.35,20.44,93.52,0.0245,0.0074,0,collision,
1347,51,-146.85,8.56,358.37,0.0000,0.0000,0,collision,
1348,97,334.62,23.18,-36.59,0.0000,0.0230,1,goal,
1349,232,409.83,10.05,685.98,0.0000,0.0048,1,goal,
1350,127,-43.73,16.12,-39.46,0.0157,0.0364,0,collision,
1351,307,401.82,8.96,963.63,0.0000,0.0998,1,goal,
1352,216,-228.14,8.03,364.73,0.0093,0.0133,0,collision,
1353,213,-45.59,8.90,717.85,0.0038,0.0122,0,collision,
1354,270,-76.89,10.17,368.34,0.0000,0.1204,0,collision,
1355,285,339.98,8.81,1311.06,0.0000,0.0027,1,goal,
1356,327,-254.78,5.93,1166.18,0.0031,0.0798,0,collision,
1357,15,-198.86,4.55,118.13,0.0000,0.0000,0,collision,
1358,193,356.62,11.63,473.47,0.0000,0.1093,1,goal,
1359,218,-111.49,8.22,682.92,0.0074,0.0948,0,collision,
491,76,-135.10,10.84,148.31,0.0263,0.1603,0,collision,
492,159,400.82,17.62,-112.89,0.0000,0.0000,1,goal,
493,83,-91.20,19.06,-5.82,0.0241,0.0000,0,collision,
494,334,445.61,8.42,954.74,0.0000,0.0028,1,goal,
495,216,333.94,10.75,483.40,0.0000,0.1471,1,goal,
496,244,393.91,11.63,661.29,0.0000,0.0191,1,goal,
497,92,-175.55,6.29,235.89,0.0217,0.2656,0,collision,
498,158,394.71,18.61,-0.19,0.0000,0.0173,1,goal,
499,192,359.24,10.17,781.07,0.0000,0.0293,1,goal,
500,226,402.08,10.30,801.22,0.0000,0.0001,1,goal,
1360,75,-178.43,14.10,-28.87,0.0000,0.1190,0,collision,
1361,191,368.45,14.92,236.31,0.0000,0.0035,1,goal,
1362,189,-112.73,11.42,457.26,0.0000,0.1290,0,collision,
1363,186,-77.31,14.06,63.16,0.0000,0.0142,0,collision,
1364,247,375.34,9.10,1063.27,0.0000,0.0002,1,goal,
1365,48,-178.35,9.54,149.36,0.0101,0.0000,0,collision,
1366,210,-124.94,9.67,440.36,0.0016,0.0625,0,collision,
1367,56,-190.79,11.02,178.74,0.0000,0.0086,0,collision,
1368,329,272.24,7.80,936.42,0.0000,0.0142,1,goal,
1369,478,-119.37,6.28,1533.94,0.0002,0.0305,0,collision,
1370,6,-203.10,0.77,4.29,0.0000,0.0000,0,collision,
1371,222,380.58,12.25,348.72,0.0000,0.0001,1,goal,
1372,182,361.00,14.51,184.88,0.0000,0.0129,1,goal,
1373,209,-29.14,12.80,629.03,0.0093,0.0486,0,collision,
1374,52,-164.23,11.14,165.72,0.0244,0.2084,0,collision,
1375,105,-83.84,13.51,345.26,0.0179,0.0654,0,collision,
1376,286,383.96,10.51,846.25,0.0000,0.0169,1,goal,
1377,113,-96.71,11.51,409.55,0.0001,0.0119,0,collision,
1378,225,1.91,9.88,942.15,0.0062,0.0174,0,collision,
1379,60,-152.12,8.36,349.24,0.0333,0.0606,0,collision,
1380,72,-208.28,8.04,39.31,0.0278,0.4691,0,collision,
1381,222,394.85,10.75,660.63,0.0000,0.0000,1,goal,
1382,194,445.14,14.66,438.90,0.0000,0.0005,1,goal,
501,151,-152.32,8.63,477.14,0.0000,0.0654,0,collision,
502,244,387.03,11.64,865.24,0.0000,0.0177,1,goal,
503,46,-167.45,16.97,-17.92,0.0000,0.0000,0,collision,
504,271,435.21,10.43,747.42,0.0000,0.0802,1,goal,
505,261,343.16,8.67,901.97,0.0000,0.0440,1,goal,
506,192,353.37,12.41,317.45,0.0000,0.0000,1,goal,
507,341,408.09,8.08,744.92,0.0000,0.0233,1,goal,
508,252,478.28,11.43,1027.84,0.0000,0.0033,1,goal,
509,22,-189.01,7.30,141.42,0.0157,0.0000,0,collision,
510,309,478.21,9.50,1067.29,0.0000,0.0028,1,goal,
1383,149,-166.21,8.15,151.54,0.0046,0.0477,0,collision,
1384,308,477.69,8.94,1548.53,0.0000,0.0001,1,goal,
1385,166,362.67,14.12,409.63,0.0000,0.0575,1,goal,
1386,243,336.47,10.19,580.82,0.0000,0.0154,1,goal,
1387,240,419.38,10.65,731.02,0.0000,0.0001,1,goal,
1388,238,294.82,10.29,307.87,0.0000,0.1971,1,goal,
1389,265,355.10,9.29,404.92,0.0000,0.0543,1,goal,
1390,365,209.34,7.65,894.92,0.0000,0.0149,1,goal,
1391,145,340.66,16.78,24.13,0.0000,0.0065,1,goal,
1392,238,293.40,8.72,474.23,0.0000,0.0041,1,goal,
1393,173,-111.50,13.45,355.29,0.0075,0.0102,0,collision,
1394,148,-69.93,12.06,512.10,0.0000,0.0073,0,collision,
1395,242,280.55,10.00,263.35,0.0000,0.0112,1,goal,
1396,139,380.59,15.01,249.78,0.0000,0.0045,1,goal,
1397,236,419.47,9.62,853.35,0.0000,0.0024,1,goal,
1398,186,429.70,16.37,30.64,0.0000,0.0000,1,goal,
1399,254,423.61,11.37,704.78,0.0000,0.0000,1,goal,
1400,414,139.35,6.76,967.11,0.0000,0.0038,1,goal,
511,99,-145.84,9.57,406.03,0.0202,0.0575,0,collision,
512,220,340.25,8.44,764.90,0.0000,0.0107,1,goal,
513,183,409.95,12.84,489.40,0.0000,0.0140,1,goal,
514,260,408.60,10.38,1330.70,0.0000,0.0003,1,goal,
515,239,385.33,10.32,655.73,0.0000,0.0098,1,goal,
516,102,-191.07,6.91,535.39,0.0019,0.0556,0,collision,
517,206,350.35,8.74,638.88,0.0000,0.0000,1,goal,
518,245,463.26,11.13,1015.66,0.0000,0.0129,1,goal,
519,81,-110.62,16.50,40.45,0.0224,0.0252,0,collision,
520,6,-199.04,2.05,14.70,0.0000,0.0000,0,collision,
1401,474,-288.65,6.35,1235.16,0.0000,0.1144,0,collision,
1402,252,422.33,9.58,789.44,0.0000,0.0004,1,goal,
1403,71,-180.80,10.10,102.56,0.0000,0.0000,0,collision,
1404,315,346.73,8.75,974.34,0.0000,0.0300,1,goal,
1405,78,-101.52,17.28,83.58,0.0256,0.0018,0,collision,
1406,60,-181.64,11.74,68.58,0.0035,0.0744,0,collision,
1407,192,422.21,14.86,464.90,0.0000,0.0205,1,goal,
1408,286,379.91,9.63,694.73,0.0000,0.0087,1,goal,
1409,200,326.38,11.97,575.85,0.0000,0.0261,1,goal,
1410,222,353.10,11.15,522.16,0.0000,0.0022,1,goal,
1411,238,386.11,12.09,698.22,0.0000,0.0079,1,goal,
1412,89,-251.79,3.31,334.88,0.0000,0.0106,0,collision,
1413,299,450.94,9.52,996.41,0.0000,0.0143,1,goal,
1414,275,254.77,8.41,819.69,0.0000,0.0000,1,goal,
1415,278,-149.33,6.92,958.06,0.0000,0.0469,0,collision,
1416,144,-76.63,9.44,451.79,0.0000,0.0123,0,collision,
1417,128,-118.10,11.41,359.45,0.0081,0.0000,0,collision,
1418,131,345.30,17.26,52.50,0.0000,0.0000,1,goal,
1419,276,323.34,9.23,583.21,0.0000,0.0319,1,goal,
521,242,293.84,10.18,576.05,0.0000,0.0039,1,goal,
522,246,376.70,10.21,719.29,0.0000,0.0000,1,goal,
523,233,-77.76,10.03,821.76,0.0000,0.0206,0,collision,
524,297,365.34,9.33,772.77,0.0000,0.0758,1,goal,
525,256,360.48,11.15,935.33,0.0000,0.0081,1,goal,
526,82,-185.07,8.11,61.52,0.0244,0.2740,0,collision,
527,159,-147.77,9.11,182.20,0.0106,0.0001,0,collision,
528,420,270.79,7.15,999.70,0.0000,0.0124,1,goal,
529,146,-36.64,16.94,190.86,0.0073,0.0070,0,collision,
530,373,421.22,8.13,1589.06,0.0000,0.0457,1,goal,
1420,249,-109.38,9.43,473.46,0.0080,0.0298,0,collision,
1421,375,250.47,6.87,1017.14,0.0000,0.0142,1,goal,
1422,62,-109.61,27.27,31.07,0.0013,0.0266,0,collision,
1423,85,-107.95,16.60,46.11,0.0171,0.0114,0,collision,
1424,254,433.34,11.64,829.01,0.0000,0.0044,1,goal,
1425,257,325.17,10.35,1063.54,0.0000,0.0126,1,goal,
1426,200,425.67,14.40,336.59,0.0000,0.0000,1,goal,
1427,413,326.28,6.55,1409.52,0.0000,0.0535,1,goal,
1428,94,-186.04,6.00,298.46,0.0213,0.1719,0,collision,
1429,175,-85.05,11.53,424.96,0.0061,0.0262,0,collision,
1430,406,261.34,6.71,1511.62,0.0000,0.0184,1,goal,
1431,240,413.41,10.29,1312.51,0.0000,0.0087,1,goal,
1432,203,407.40,12.75,658.02,0.0000,0.0060,1,goal,
1433,90,-107.37,13.18,154.44,0.0000,0.0739,0,collision,
1434,74,-184.32,7.71,252.60,0.0000,0.0510,0,collision,
1435,182,383.48,12.59,708.64,0.0000,0.0064,1,goal,
1436,218,377.14,11.23,830.83,0.0000,0.0000,1,goal,
1437,167,-367.90,4.12,121.09,0.0120,0.0287,0,collision,
1438,164,326.92,14.06,442.54,0.0000,0.0000,1,goal,
1439,221,-260.80,4.96,611.28,0.0002,0.0287,0,collision,
531,194,-54.60,13.65,241.82,0.0000,0.0490,0,collision,
532,67,-226.59,2.85,199.57,0.0000,0.0447,0,collision,
533,249,-86.49,8.64,572.07,0.0000,0.0198,0,collision,
534,321,332.90,7.82,1186.76,0.0000,0.0317,1,goal,
535,217,454.42,12.85,601.03,0.0000,0.0086,1,goal,
536,327,142.87,7.61,653.95,0.0000,0.0032,1,goal,
537,232,410.63,10.68,816.87,0.0000,0.0031,1,goal,
538,301,328.22,8.17,587.24,0.0000,0.0063,1,goal,
539,216,326.52,10.10,775.73,0.0000,0.0000,1,goal,
540,16,-188.15,7.97,142.82,0.0000,0.0000,0,collision,
1440,413,-304.39,6.05,922.45,0.0005,0.0151,0,collision,
1441,142,353.38,17.12,40.69,0.0000,0.0000,1,goal,
1442,421,285.10,6.85,1405.97,0.0000,0.0029,1,goal,
1443,313,270.53,7.89,1023.32,0.0000,0.0046,1,goal,
1444,280,316.86,9.33,357.14,0.0000,0.0043,1,goal,
1445,42,-168.35,8.70,248.45,0.0000,0.0000,0,collision,
1446,317,379.63,8.87,1889.52,0.0000,0.0000,1,goal,
1447,266,366.17,8.54,1258.63,0.0000,0.0000,1,goal,
1448,281,288.58,8.18,684.43,0.0000,0.0092,1,goal,
1449,49,-160.87,7.22,335.33,0.0000,0.0371,0,collision,
1450,25,-176.78,7.47,113.02,0.0107,0.0604,0,collision,
1451,93,-113.29,10.74,349.28,0.0139,0.1151,0,collision,
1452,48,-151.19,7.89,315.08,0.0314,0.0263,0,collision,
1453,280,319.81,7.95,946.12,0.0000,0.0019,1,goal,
1454,238,396.45,9.46,998.46,0.0000,0.0147,1,goal,
1455,143,342.36,15.61,303.14,0.0000,0.0120,1,goal,
1456,344,392.33,7.18,1214.98,0.0000,0.0050,1,goal,
1457,41,-155.67,10.50,163.79,0.0439,0.0000,0,collision,
1458,138,-224.07,4.30,289.02,0.0139,0.2272,0,collision,
1459,360,319.00,7.95,1179.88,0.0000,0.0430,1,goal,
541,53,-173.44,10.53,186.33,0.0080,0.0089,0,collision,
542,75,-113.86,16.06,154.86,0.0180,0.0000,0,collision,
543,341,336.40,8.19,1333.00,0.0000,0.0457,1,goal,
544,264,354.35,9.56,806.52,0.0000,0.0222,1,goal,
545,259,421.73,10.78,759.06,0.0000,0.0130,1,goal,
546,193,-196.21,7.06,437.10,0.0101,0.0276,0,collision,
547,338,-44.09,8.10,905.73,0.0000,0.0186,0,collision,
548,111,-174.54,9.68,521.66,0.0140,0.0569,0,collision,
549,216,387.53,13.77,274.52,0.0000,0.0053,1,goal,
550,67,-153.27,5.55,382.11,0.0000,0.0000,0,collision,
1460,239,-132.19,10.09,779.61,0.0054,0.0000,0,collision,
1461,112,-192.31,6.17,340.87,0.0004,0.0163,0,collision,
1462,106,-158.84,6.91,193.09,0.0147,0.0087,0,collision,
1463,325,22.08,7.97,1140.66,0.0062,0.0270,0,collision,
1464,174,355.22,13.09,468.60,0.0000,0.0067,1,goal,
1465,73,-121.24,18.60,79.53,0.0274,0.0096,0,collision,
1466,9,-197.71,4.06,44.74,0.0000,0.0000,0,collision,
1467,303,415.66,8.08,1612.56,0.0000,0.0000,1,goal,
1468,262,-51.30,10.38,738.49,0.0000,0.0332,0,collision,
1469,97,-118.90,12.17,359.15,0.0206,0.0000,0,collision,
1470,188,-102.51,7.17,681.43,0.0106,0.0000,0,collision,
1471,233,390.59,11.20,644.53,0.0000,0.0097,1,goal,
1472,79,-129.11,14.35,156.86,0.0242,0.0201,0,collision,
1473,282,48.91,10.28,812.90,0.0000,0.0020,0,collision,
1474,213,301.55,11.11,479.50,0.0000,0.0182,1,goal,
1475,288,454.60,9.07,1223.67,0.0000,0.0000,1,goal,
1476,277,454.18,10.49,1077.17,0.0000,0.0094,1,goal,
1477,342,325.13,7.59,1289.54,0.0000,0.0247,1,goal,
1478,273,457.77,10.41,794.91,0.0000,0.0000,1,goal,
1479,192,405.31,13.31,705.98,0.0000,0.0000,1,goal,
551,200,367.90,11.19,814.35,0.0000,0.0160,1,goal,
552,224,384.08,10.30,666.77,0.0000,0.0000,1,goal,
553,55,-192.31,6.32,238.08,0.0364,0.0268,0,collision,
554,254,-147.34,7.43,673.07,0.0040,0.0123,0,collision,
555,198,322.51,11.39,422.61,0.0000,0.0254,1,goal,
556,120,-91.42,9.92,413.41,0.0119,0.0811,0,collision,
557,203,449.64,11.87,723.75,0.0000,0.0000,1,goal,
558,314,395.27,8.65,1020.26,0.0000,0.0045,1,goal,
559,41,-180.96,8.15,302.65,0.0488,0.0000,0,collision,
560,68,-176.80,7.05,342.69,0.0286,0.0306,0,collision,
1480,52,-171.19,7.29,273.00,0.0124,0.0000,0,collision,
1481,230,441.14,10.09,1044.46,0.0000,0.0039,1,goal,
1482,292,355.41,9.68,965.81,0.0000,0.0196,1,goal,
1483,114,357.78,20.69,158.11,0.0000,0.0000,1,goal,
1484,283,315.09,9.36,565.61,0.0000,0.0212,1,goal,
1485,272,422.64,10.13,828.00,0.0000,0.0007,1,goal,
1486,191,-37.63,9.48,729.43,0.0102,0.0126,0,collision,
1487,195,289.48,13.48,595.59,0.0000,0.0000,1,goal,
1488,42,-149.80,16.46,153.69,0.0476,0.0478,0,collision,
1489,235,377.59,11.46,406.12,0.0000,0.1388,1,goal,
1490,140,327.98,11.40,374.37,0.0000,0.0049,1,goal,
1491,246,346.84,9.82,622.32,0.0000,0.0000,1,goal,
1492,187,371.44,12.71,35.75,0.0000,0.0082,1,goal,
1493,406,220.84,6.90,1078.87,0.0000,0.0248,1,goal,
1494,234,421.93,10.02,899.61,0.0000,0.0191,1,goal,
1495,306,448.67,9.07,1205.54,0.0000,0.0049,1,goal,
1496,48,-176.86,5.54,256.39,0.0003,0.0437,0,collision,
1497,251,414.93,10.10,754.22,0.0000,0.0062,1,goal,
1498,197,-28.57,10.15,441.82,0.0000,0.0349,0,collision,
1499,187,407.53,13.47,545.81,0.0000,0.0000,1,goal,
561,336,512.11,9.14,1527.09,0.0000,0.0000,1,goal,
562,163,399.62,15.06,388.38,0.0000,0.0021,1,goal,
563,190,395.27,13.68,264.42,0.0000,0.0067,1,goal,
564,103,343.02,21.55,20.55,0.0000,0.0000,1,goal,
565,203,376.61,11.10,408.07,0.0000,0.0005,1,goal,
566,190,325.79,14.64,28.53,0.0000,0.0544,1,goal,
567,217,414.03,12.66,668.88,0.0000,0.0029,1,goal,
568,326,337.31,8.48,887.29,0.0000,0.0178,1,goal,
569,179,424.35,14.73,292.95,0.0000,0.0000,1,goal,
570,278,388.94,9.48,837.47,0.0000,0.0023,1,goal,
1500,28,-209.45,3.30,79.20,0.0441,0.0101,0,collision,
1501,78,-164.36,9.46,200.78,0.0045,0.0385,0,collision,
1502,174,362.05,15.60,218.42,0.0000,0.0005,1,goal,
1503,277,417.85,9.07,1012.90,0.0000,0.0002,1,goal,
1504,75,-129.25,11.33,132.94,0.0000,0.0102,0,collision,
1505,17,-193.90,6.59,139.25,0.1176,0.0000,0,collision,
1506,148,-39.46,17.46,100.75,0.0080,0.0542,0,collision,
1507,191,374.30,11.94,709.69,0.0000,0.0690,1,goal,
1508,224,341.59,10.00,384.64,0.0000,0.0749,1,goal,
1509,160,332.67,13.72,349.86,0.0000,0.0168,1,goal,
1510,206,-137.00,7.68,680.99,0.0013,0.0732,0,collision,
1511,253,-347.24,5.16,345.64,0.0017,0.1176,0,collision,
1512,139,-65.04,13.34,392.83,0.0000,0.0718,0,collision,
1513,212,373.59,10.64,501.35,0.0000,0.0000,1,goal,
1514,184,377.03,13.41,598.29,0.0000,0.0000,1,goal,
1515,217,459.54,12.86,513.82,0.0000,0.0000,1,goal,
1516,232,-30.49,7.30,1114.09,0.0045,0.0228,0,collision,
1517,298,-176.54,8.19,742.95,0.0000,0.0308,0,collision,
1518,173,-110.97,9.16,468.38,0.0070,0.0150,0,collision,
1519,51,-216.53,3.80,164.42,0.0153,0.1019,0,collision,
1520,120,-44.35,19.72,-32.00,0.0032,0.0309,0,collision,
1521,141,377.78,17.58,147.60,0.0000,0.0084,1,goal,
1522,69,-137.47,10.02,250.43,0.0232,0.0000,0,collision,
1523,170,-9.10,14.93,351.44,0.0118,0.0146,0,collision,
1524,102,-203.47,6.15,363.06,0.0196,0.0000,0,collision,
1525,136,-82.15,8.07,652.06,0.0000,0.0000,0,collision,
571,130,326.49,18.79,0.40,0.0000,0.0000,1,goal,
572,279,256.18,9.49,680.24,0.0000,0.1127,1,goal,
573,199,407.88,12.18,677.43,0.0000,0.0031,1,goal,
574,5,-204.52,0.00,0.40,0.3684,0.0000,0,collision,
575,81,-208.71,5.99,227.63,0.0205,0.0315,0,collision,
576,204,333.01,13.82,121.11,0.0000,0.0202,1,goal,
577,153,-93.03,11.57,540.02,0.0000,0.0133,0,collision,
578,155,357.45,14.44,231.24,0.0000,0.0000,1,goal,
579,154,347.24,15.25,231.39,0.0000,0.0047,1,goal,
580,177,386.92,15.83,146.89,0.0000,0.0044,1,goal,
1526,127,-226.18,7.39,428.95,0.0000,0.0058,0,collision,
1527,94,-109.00,15.56,296.69,0.0075,0.0229,0,collision,
1528,183,376.53,12.06,648.71,0.0000,0.0000,1,goal,
1529,289,349.81,9.17,1090.11,0.0000,0.0865,1,goal,
1530,92,-135.36,16.00,317.73,0.0000,0.0076,0,collision,
1531,98,-101.39,14.28,150.47,0.0000,0.0081,0,collision,
1532,9,-203.07,1.41,7.04,0.0388,0.0000,0,collision,
1533,154,-105.09,8.40,894.16,0.0017,0.0059,0,collision,
1534,9,-202.11,1.42,12.30,0.0000,0.0915,0,collision,
1535,38,-170.56,16.93,87.49,0.0061,0.0119,0,collision,
1536,94,341.95,25.19,-26.89,0.0000,0.0000,1,goal,
1537,93,348.02,29.03,-157.98,0.0000,0.0000,1,goal,
1538,52,-139.47,16.16,132.22,0.0385,0.0776,0,collision,
1539,266,347.41,8.98,799.16,0.0000,0.0677,1,goal,
1540,182,432.92,15.12,316.76,0.0000,0.0000,1,goal,
1541,153,-49.62,10.44,419.94,0.0131,0.0000,0,collision,
1542,166,347.60,13.75,428.48,0.0000,0.0303,1,goal,
1543,114,-117.90,6.18,511.70,0.0064,0.0000,0,collision,
1544,90,-116.80,12.45,136.24,0.0000,0.0451,0,collision,
1545,175,334.22,14.06,239.80,0.0000,0.0095,1,goal,
1546,76,-121.04,14.72,241.38,0.0000,0.0000,0,collision,
1547,160,-108.61,10.90,545.85,0.0000,0.0277,0,collision,
1548,240,379.06,9.66,793.52,0.0000,0.0009,1,goal,
1549,186,379.07,13.64,398.20,0.0000,0.0001,1,goal,
1550,163,382.35,15.75,219.64,0.0000,0.0000,1,goal,
1551,38,-162.88,9.14,362.04,0.0465,0.0000,0,collision,
1552,267,327.98,9.22,957.77,0.0000,0.0208,1,goal,
1553,140,375.27,20.23,-46.56,0.0000,0.0000,1,goal,
1554,301,-63.64,7.54,988.21,0.0031,0.0043,0,collision,
581,192,-271.17,7.03,379.84,0.0000,0.2583,0,collision,
582,211,340.33,11.65,514.35,0.0000,0.0310,1,goal,
583,338,-237.31,6.34,906.08,0.0059,0.0166,0,collision,
584,142,359.30,17.42,221.31,0.0000,0.0298,1,goal,
585,61,-128.50,10.72,262.03,0.0054,0.0000,0,collision,
586,275,424.67,10.33,754.14,0.0000,0.0263,1,goal,
587,119,-109.97,10.35,291.99,0.0000,0.0123,0,collision,
588,115,-92.64,10.21,331.15,0.0073,0.0084,0,collision,
589,176,397.45,16.75,322.68,0.0000,0.0014,1,goal,
590,94,-170.94,5.78,256.16,0.0000,0.0019,0,collision,
1555,112,-133.89,7.72,517.96,0.0179,0.0000,0,collision,
1556,85,-100.94,16.46,149.41,0.0000,0.0172,0,collision,
1557,219,385.84,12.12,648.28,0.0000,0.0305,1,goal,
1558,315,227.67,7.30,1068.09,0.0000,0.1175,1,goal,
1559,294,381.74,7.76,960.17,0.0000,0.0035,1,goal,
1560,313,341.65,8.32,1159.13,0.0000,0.0722,1,goal,
1561,91,-210.83,7.30,52.17,0.0220,0.3532,0,collision,
1562,271,323.81,8.49,865.53,0.0000,0.0247,1,goal,
1563,60,-220.34,3.54,227.43,0.0333,0.2842,0,collision,
1564,123,-222.08,5.59,491.62,0.0000,0.0117,0,collision,
1565,106,-111.94,12.96,239.64,0.0163,0.0166,0,collision,
1566,221,417.70,11.70,535.99,0.0000,0.0372,1,goal,
1567,12,-190.58,5.04,80.83,0.0000,0.0000,0,collision,
1568,198,21.36,13.31,703.71,0.0101,0.0456,0,collision,
1569,166,-45.39,13.17,301.17,0.0058,0.0811,0,collision,
1570,37,-176.74,6.93,243.58,0.0186,0.0236,0,collision,
1571,27,-189.39,5.04,166.24,0.0075,0.0000,0,collision,
1572,195,404.24,12.61,457.25,0.0000,0.0188,1,goal,
1573,266,-99.44,7.86,899.65,0.0000,0.0686,0,collision,
1574,142,-116.51,7.05,587.67,0.0122,0.0251,0,collision,
1575,57,-173.39,13.43,227.65,0.0018,0.1157,0,collision,
1576,122,-129.75,12.07,280.42,0.0000,0.0000,0,collision,
1577,116,-92.00,11.12,241.42,0.0090,0.0265,0,collision,
1578,220,411.55,13.76,543.74,0.0000,0.0139,1,goal,
1579,265,364.39,9.69,915.91,0.0000,0.0212,1,goal,
1580,91,-103.67,15.22,-49.95,0.0220,0.0086,0,collision,
1581,7,-198.35,2.96,40.34,0.0000,0.0000,0,collision,
591,242,283.29,9.59,499.13,0.0000,0.0203,1,goal,
592,266,386.65,9.24,825.65,0.0000,0.0167,1,goal,
593,255,-163.26,8.31,894.05,0.0053,0.0145,0,collision,
594,304,369.91,8.68,936.67,0.0000,0.0128,1,goal,
595,144,-102.65,9.29,440.59,0.0139,0.0571,0,collision,
596,114,344.17,25.02,-177.26,0.0000,0.0000,1,goal,
597,194,351.60,15.60,97.02,0.0000,0.0062,1,goal,
598,386,152.00,6.87,784.12,0.0000,0.0105,1,goal,
599,174,-144.56,9.34,592.75,0.0115,0.0346,0,collision,
600,211,413.20,11.74,790.26,0.0000,0.0000,1,goal,
1582,67,-153.59,11.40,143.81,0.0197,0.0040,0,collision,
1583,305,295.80,7.10,1529.82,0.0000,0.0050,1,goal,
1584,238,349.54,10.43,596.13,0.0000,0.0931,1,goal,
1585,141,344.73,16.02,226.48,0.0000,0.0131,1,goal,
1586,45,-171.77,15.32,116.46,0.0214,0.0355,0,collision,
1587,221,299.51,10.35,737.03,0.0000,0.0305,1,goal,
1588,68,-129.06,8.51,464.75,0.0203,0.0620,0,collision,
1589,233,-131.48,9.19,922.64,0.0025,0.0093,0,collision,
1590,54,-169.03,13.00,210.78,0.0165,0.0000,0,collision,
1591,281,308.35,7.87,1062.46,0.0000,0.0332,1,goal,
1592,99,-202.94,3.14,298.74,0.0024,0.0137,0,collision,
1593,289,353.85,7.74,1158.84,0.0000,0.0011,1,goal,
1594,233,358.98,9.89,938.20,0.0000,0.0000,1,goal,
1595,194,-377.33,3.71,304.06,0.0000,0.0246,0,collision,
1596,277,460.51,9.71,1010.92,0.0000,0.0000,1,goal,
1597,91,-145.28,6.78,430.19,0.0003,0.0000,0,collision,
1598,279,399.95,8.82,851.06,0.0000,0.0190,1,goal,
1599,208,-104.51,10.47,500.55,0.0087,0.0000,0,collision,
1600,156,-87.10,7.56,775.23,0.0128,0.0000,0,collision,
1601,102,-197.79,8.22,224.43,0.0196,0.1224,0,collision,
1602,268,-47.23,10.36,757.91,0.0035,0.0048,0,collision,
1603,276,361.08,9.20,712.49,0.0000,0.0127,1,goal,
601,176,-124.70,7.16,448.87,0.0000,0.0163,0,collision,
602,406,182.13,6.88,926.88,0.0000,0.0112,1,goal,
603,133,-139.08,9.80,244.44,0.0135,0.2053,0,collision,
604,194,432.66,14.32,390.05,0.0000,0.0000,1,goal,
605,235,322.03,9.79,941.28,0.0000,0.0000,1,goal,
606,223,-174.62,5.95,669.05,0.0000,0.0071,0,collision,
607,84,-130.34,10.65,284.57,0.0000,0.0000,0,collision,
608,197,399.19,14.40,478.41,0.0000,0.0000,1,goal,
609,260,321.07,9.90,1073.69,0.0000,0.0000,1,goal,
610,332,248.91,7.39,1018.78,0.0000,0.0000,1,goal,
1604,154,-305.91,3.48,214.84,0.0000,0.0121,0,collision,
1605,131,-249.99,6.30,33.23,0.0000,0.0984,0,collision,
1606,303,422.26,7.75,1271.32,0.0000,0.0024,1,goal,
1607,344,360.84,7.23,1300.20,0.0000,0.0078,1,goal,
1608,290,406.49,9.64,674.64,0.0000,0.0000,1,goal,
1609,211,371.09,11.26,174.91,0.0000,0.0290,1,goal,
1610,139,351.91,13.04,586.57,0.0000,0.0145,1,goal,
1611,117,-240.47,5.17,480.11,0.0000,0.0000,0,collision,
1612,299,356.56,9.09,963.62,0.0000,0.0007,1,goal,
1613,229,339.72,10.07,954.10,0.0000,0.0005,1,goal,
1614,309,438.65,9.10,1494.04,0.0000,0.0000,1,goal,
1615,371,-226.50,6.04,755.05,0.0036,0.0217,0,collision,
1616,135,-40.48,17.55,-1.28,0.0033,0.0692,0,collision,
1617,23,-215.85,2.57,83.51,0.0425,0.0049,0,collision,
1618,191,-35.46,10.65,678.17,0.0000,0.0440,0,collision,
1619,300,386.77,9.34,687.32,0.0000,0.0000,1,goal,
1620,156,-146.06,8.96,630.26,0.0128,0.0283,0,collision,
1621,218,-274.29,4.79,584.80,0.0054,0.0713,0,collision,
611,17,-193.66,3.79,57.81,0.0609,0.1714,0,collision,
612,255,317.81,10.81,693.09,0.0000,0.0013,1,goal,
613,384,306.04,7.16,1255.48,0.0000,0.0042,1,goal,
614,185,329.74,13.28,433.89,0.0000,0.0000,1,goal,
615,175,374.70,14.59,264.19,0.0000,0.0000,1,goal,
616,10,-214.26,0.35,3.12,0.1597,0.0000,0,collision,
617,325,367.84,8.50,933.63,0.0000,0.0088,1,goal,
618,161,396.32,15.97,38.87,0.0000,0.0000,1,goal,
619,55,-131.81,15.49,104.53,0.0364,0.0000,0,collision,
620,384,-144.47,5.86,1057.21,0.0000,0.0274,0,collision,
1622,520,-183.83,7.14,992.51,0.0038,0.0037,0,collision,
1623,240,363.88,11.69,253.83,0.0000,0.0524,1,goal,
1624,269,-71.69,10.58,1032.94,0.0013,0.0466,0,collision,
1625,239,-36.59,9.86,701.94,0.0043,0.0715,0,collision,
1626,250,377.21,9.79,977.56,0.0000,0.0037,1,goal,
1627,328,406.79,9.24,1045.49,0.0000,0.0357,1,goal,
1628,291,-5.42,7.94,1288.78,0.0069,0.0145,0,collision,
1629,248,-237.64,6.16,307.80,0.0081,0.0554,0,collision,
1630,24,-194.23,5.11,121.37,0.0676,0.0375,0,collision,
1631,149,-95.64,10.46,579.35,0.0000,0.0132,0,collision,
1632,183,404.93,12.67,422.11,0.0000,0.0263,1,goal,
1633,252,287.27,9.98,553.56,0.0000,0.0946,1,goal,
1634,400,232.05,6.82,840.28,0.0000,0.0527,1,goal,
1635,36,-164.33,8.53,238.68,0.0278,0.0000,0,collision,
1636,438,-439.30,4.96,755.53,0.0046,0.1034,0,collision,
1637,211,423.28,10.63,909.56,0.0000,0.0000,1,goal,
621,64,-173.99,8.98,189.84,0.0000,0.0104,0,collision,
622,415,362.65,6.53,1723.37,0.0000,0.0021,1,goal,
623,250,-117.10,8.04,455.20,0.0012,0.1665,0,collision,
624,28,-182.72,4.18,107.17,0.0000,0.0000,0,collision,
625,271,352.90,9.06,1341.34,0.0000,0.0000,1,goal,
626,230,401.05,11.20,728.55,0.0000,0.0157,1,goal,
627,325,319.57,8.56,1343.23,0.0000,0.0000,1,goal,
628,250,294.29,9.45,410.10,0.0000,0.0000,1,goal,
629,306,482.63,9.59,1112.84,0.0000,0.0000,1,goal,
630,267,366.98,9.18,1005.76,0.0000,0.0335,1,goal,
1638,360,-205.05,4.96,1175.01,0.0000,0.0178,0,collision,
1639,397,320.54,6.79,945.81,0.0000,0.0488,1,goal,
1640,225,-121.03,6.76,661.97,0.0089,0.1749,0,collision,
1641,321,381.95,7.49,1124.63,0.0000,0.0186,1,goal,
1642,262,437.59,10.21,852.38,0.0000,0.0000,1,goal,
1643,302,365.97,7.44,892.89,0.0000,0.0295,1,goal,
1644,101,-104.61,12.64,177.78,0.0000,0.0223,0,collision,
1645,136,-100.34,10.62,164.61,0.0000,0.1396,0,collision,
1646,257,310.39,9.23,852.93,0.0000,0.0268,1,goal,
1647,50,-172.42,14.15,114.64,0.0000,0.0000,0,collision,
1648,330,-139.69,6.04,827.22,0.0000,0.0021,0,collision,
1649,533,351.62,5.26,2173.87,0.0000,0.0233,1,goal,
1650,475,188.40,6.04,1493.39,0.0000,0.0159,1,goal,
1651,343,355.59,6.55,1442.49,0.0000,0.0110,1,goal,
631,276,-38.56,9.83,1081.95,0.0041,0.0165,0,collision,
632,247,359.62,10.05,824.81,0.0000,0.0000,1,goal,
633,357,109.71,6.31,938.13,0.0000,0.0070,1,goal,
634,53,-212.14,5.21,249.37,0.0000,0.0241,0,collision,
635,249,369.52,9.06,612.26,0.0000,0.0343,1,goal,
636,109,-100.32,12.22,80.67,0.0115,0.1292,0,collision,
637,194,-62.70,14.37,548.43,0.0082,0.0406,0,collision,
638,24,-198.25,2.50,64.15,0.0744,0.0000,0,collision,
639,255,426.40,9.10,1207.51,0.0000,0.0010,1,goal,
640,262,177.57,9.08,537.02,0.0000,0.0040,1,goal,
1652,257,-129.60,4.87,871.36,0.0000,0.0282,0,collision,
1653,259,-123.77,7.31,831.90,0.0025,0.1253,0,collision,
1654,283,411.70,9.12,1316.92,0.0000,0.0169,1,goal,
1655,250,378.59,8.84,708.14,0.0000,0.0161,1,goal,
1656,60,-207.79,4.00,201.10,0.0333,0.2803,0,collision,
1657,98,-225.04,6.70,166.55,0.0105,0.1339,0,collision,
1658,224,331.52,10.00,322.05,0.0000,0.0000,1,goal,
1659,177,368.80,13.92,85.78,0.0000,0.0017,1,goal,
1660,333,391.89,7.44,1552.60,0.0000,0.0010,1,goal,
1661,376,351.88,6.62,1384.00,0.0000,0.0680,1,goal,
1662,55,-135.75,14.64,42.91,0.0305,0.0470,0,collision,
1663,10,-199.99,3.43,39.89,0.0540,0.0000,0,collision,
1664,250,384.04,11.26,1022.87,0.0000,0.0176,1,goal,
1665,351,392.60,7.80,870.25,0.0000,0.0498,1,goal,
1666,100,-153.17,5.40,332.45,0.0000,0.0246,0,collision,
1667,128,-102.21,9.38,615.28,0.0107,0.0920,0,collision,
1668,217,-115.80,9.48,330.15,0.0001,0.1824,0,collision,
1669,146,-136.83,9.43,566.17,0.0128,0.0411,0,collision,
1670,74,-122.41,15.83,67.14,0.0270,0.0212,0,collision,
1671,151,-90.12,9.20,741.89,0.0000,0.0000,0,collision,
1672,150,-184.57,7.32,575.92,0.0133,0.0196,0,collision,
1673,15,-197.62,3.80,61.30,0.0000,0.0000,0,collision,
1674,192,-35.71,9.32,703.68,0.0000,0.0247,0,collision,
641,188,387.67,11.61,456.65,0.0000,0.0032,1,goal,
642,109,-108.04,10.44,295.31,0.0183,0.0954,0,collision,
643,194,405.11,12.63,325.21,0.0000,0.0080,1,goal,
644,228,465.37,12.15,872.53,0.0000,0.0000,1,goal,
645,292,378.35,10.06,977.03,0.0000,0.0050,1,goal,
646,252,-69.86,8.14,850.93,0.0042,0.0072,0,collision,
647,296,382.04,7.76,991.62,0.0000,0.0000,1,goal,
648,26,-210.08,1.69,41.55,0.0432,0.0837,0,collision,
649,41,-150.25,11.10,192.79,0.0000,0.0000,0,collision,
650,50,-150.57,14.84,63.97,0.0000,0.0362,0,collision,
1675,542,-92.64,8.61,1567.71,0.0018,0.0139,0,collision,
1676,109,-149.95,12.63,62.45,0.0000,0.1362,0,collision,
1677,79,-133.86,13.17,143.77,0.0253,0.0000,0,collision,
1678,165,-200.07,6.03,458.01,0.0015,0.1252,0,collision,
1679,164,-130.18,8.40,598.23,0.0000,0.0156,0,collision,
1680,279,340.85,9.46,795.74,0.0000,0.0124,1,goal,
1681,209,316.00,12.42,383.96,0.0000,0.0000,1,goal,
1682,70,-129.72,11.77,302.05,0.0032,0.0000,0,collision,
1683,188,374.06,12.91,503.52,0.0000,0.0129,1,goal,
1684,244,362.09,9.47,870.17,0.0000,0.0000,1,goal,
1685,198,-213.53,5.11,446.69,0.0000,0.0831,0,collision,
1686,39,-148.76,17.59,-17.10,0.0374,0.0000,0,collision,
1687,267,417.10,8.39,1058.44,0.0000,0.0000,1,goal,
1688,320,423.77,8.21,1020.98,0.0000,0.0000,1,goal,
1689,237,271.57,8.29,488.09,0.0000,0.0037,1,goal,
1690,125,-37.63,18.10,-145.41,0.0042,0.0077,0,collision,
1691,238,-112.85,7.12,988.65,0.0000,0.0138,0,collision,
1692,306,307.11,8.94,1096.85,0.0000,0.0144,1,goal,
1693,34,-182.48,4.54,156.55,0.0099,0.0000,0,collision,
1694,154,-127.52,7.59,726.49,0.0099,0.0053,0,collision,
1695,284,17.51,9.66,819.80,0.0059,0.0007,0,collision,
651,77,-192.28,4.89,395.45,0.0109,0.3412,0,collision,
652,189,385.14,12.50,595.20,0.0000,0.0000,1,goal,
653,183,335.54,13.31,334.40,0.0000,0.0000,1,goal,
654,194,363.39,11.68,577.05,0.0000,0.0000,1,goal,
655,217,342.35,11.08,601.71,0.0000,0.0340,1,goal,
656,157,324.53,15.67,352.68,0.0000,0.0000,1,goal,
657,135,-57.36,9.94,533.51,0.0148,0.0000,0,collision,
658,313,408.46,8.56,1220.54,0.0000,0.0085,1,goal,
659,214,455.97,13.02,576.16,0.0000,0.0000,1,goal,
660,67,-155.38,13.90,194.64,0.0299,0.0332,0,collision,
1696,160,-247.04,8.88,90.72,0.0125,0.0000,0,collision,
1697,187,385.04,11.72,634.64,0.0000,0.0608,1,goal,
1698,299,289.84,9.86,483.69,0.0000,0.0098,1,goal,
1699,341,405.80,8.13,927.40,0.0000,0.0000,1,goal,
1700,72,-125.45,9.63,459.82,0.0000,0.0000,0,collision,
1701,302,247.07,8.63,942.65,0.0000,0.0306,1,goal,
1702,323,425.91,8.16,1033.09,0.0000,0.0141,1,goal,
1703,353,8.52,8.20,1247.50,0.0000,0.0124,0,collision,
1704,283,349.63,7.06,1351.01,0.0000,0.0052,1,goal,
1705,297,348.05,8.54,784.22,0.0000,0.0299,1,goal,
1706,255,360.80,9.43,515.08,0.0000,0.0000,1,goal,
1707,270,401.95,8.83,1124.27,0.0000,0.0560,1,goal,
1708,348,445.32,8.04,1169.56,0.0000,0.0026,1,goal,
1709,192,392.56,12.79,498.66,0.0000,0.0000,1,goal,
1710,196,-70.50,10.72,338.02,0.0102,0.0783,0,collision,
661,131,346.48,17.04,193.04,0.0000,0.0000,1,goal,
662,257,379.37,10.01,880.31,0.0000,0.0220,1,goal,
663,258,407.65,10.47,858.13,0.0000,0.0433,1,goal,
664,324,419.46,7.87,942.07,0.0000,0.0131,1,goal,
665,52,-175.46,14.36,195.36,0.0013,0.0183,0,collision,
666,258,396.49,9.61,1210.28,0.0000,0.0920,1,goal,
667,168,-98.91,6.76,562.93,0.0108,0.0000,0,collision,
668,34,-185.33,10.15,149.86,0.0588,0.0409,0,collision,
669,68,-136.37,14.72,24.38,0.0294,0.0000,0,collision,
670,225,-204.54,6.13,560.44,0.0048,0.2492,0,collision,
1711,444,-136.48,8.64,805.58,0.0000,0.0122,0,collision,
1712,99,-166.91,8.29,405.78,0.0000,0.0016,0,collision,
1713,241,398.64,9.33,666.29,0.0000,0.0000,1,goal,
1714,166,-134.90,9.05,510.61,0.0118,0.0128,0,collision,
1715,221,424.93,12.59,573.57,0.0000,0.0000,1,goal,
1716,201,377.66,12.26,726.24,0.0000,0.0207,1,goal,
1717,50,-165.14,14.63,96.07,0.0385,0.0109,0,collision,
1718,207,381.43,10.82,400.61,0.0000,0.0389,1,goal,
1719,53,-172.99,13.73,185.67,0.0000,0.0151,0,collision,
1720,196,313.02,11.99,488.25,0.0000,0.0346,1,goal,
1721,395,197.50,7.05,1104.72,0.0000,0.0453,1,goal,
1722,251,-118.65,7.69,936.75,0.0000,0.0529,0,collision,
1723,182,375.60,12.36,338.41,0.0000,0.0535,1,goal,
1724,202,333.86,13.32,605.47,0.0000,0.0000,1,goal,
1725,76,-125.13,18.34,13.59,0.0080,0.1100,0,collision,
1726,135,-99.13,10.09,606.15,0.0000,0.0225,0,collision,
1727,77,-170.69,8.97,194.51,0.0001,0.0214,0,collision,
1728,185,-3.66,12.89,593.51,0.0024,0.0328,0,collision,
1729,174,334.74,14.09,367.33,0.0000,0.0000,1,goal,
1730,55,-178.25,3.78,190.50,0.0000,0.0774,0,collision,
1731,310,414.66,7.92,1241.50,0.0000,0.0740,1,goal,
1732,289,-68.93,8.45,1072.46,0.0001,0.0414,0,collision,
671,154,-111.02,10.13,298.91,0.0125,0.1669,0,collision,
672,108,-186.39,6.15,214.78,0.0185,0.2545,0,collision,
673,267,38.69,8.76,1270.17,0.0000,0.0000,0,collision,
674,121,-174.27,6.93,140.31,0.0165,0.2761,0,collision,
675,261,41.80,8.74,1230.07,0.0068,0.0183,0,collision,
676,131,-103.66,9.70,144.81,0.0000,0.0896,0,collision,
677,302,210.64,6.92,937.49,0.0000,0.0359,1,goal,
678,196,395.20,13.28,266.56,0.0000,0.0408,1,goal,
679,102,-74.83,16.81,127.41,0.0115,0.0587,0,collision,
680,192,389.59,12.02,578.15,0.0000,0.0582,1,goal,
1733,261,-222.34,5.71,703.63,0.0058,0.0008,0,collision,
1734,194,366.68,13.41,236.36,0.0000,0.0218,1,goal,
1735,143,-154.53,9.91,555.92,0.0000,0.0067,0,collision,
1736,137,-128.65,8.53,493.44,0.0022,0.1235,0,collision,
1737,120,-83.05,13.39,375.33,0.0063,0.1858,0,collision,
1738,25,-190.23,7.45,193.12,0.0436,0.0000,0,collision,
1739,70,-186.63,9.73,196.70,0.0000,0.0239,0,collision,
1740,243,325.39,7.65,1111.95,0.0000,0.0029,1,goal,
1741,12,-193.10,5.39,96.57,0.1667,0.0000,0,collision,
1742,229,395.02,11.05,678.94,0.0000,0.0575,1,goal,
1743,53,-223.91,4.30,191.74,0.0079,0.3099,0,collision,
1744,177,-73.37,11.73,563.61,0.0113,0.1143,0,collision,
1745,196,397.83,15.06,451.98,0.0000,0.0194,1,goal,
1746,27,-170.17,10.72,147.82,0.0532,0.0402,0,collision,
1747,152,-82.02,10.01,245.59,0.0000,0.0782,0,collision,
1748,212,377.95,11.00,444.92,0.0000,0.0660,1,goal,
1749,119,-137.98,13.02,372.15,0.0000,0.0042,0,collision,
1750,266,-99.38,7.89,909.59,0.0034,0.0776,0,collision,
1751,253,-54.41,9.46,804.42,0.0079,0.0526,0,collision,
1752,147,374.87,15.72,362.09,0.0000,0.0316,1,goal,
1753,189,-72.36,11.26,605.20,0.0106,0.0248,0,collision,
1754,105,-150.79,9.68,454.53,0.0190,0.1228,0,collision,
1755,68,-159.12,17.64,113.63,0.0000,0.0000,0,collision,
1756,245,453.31,9.71,1304.45,0.0000,0.0072,1,goal,
1757,120,-115.44,8.16,606.20,0.0085,0.0530,0,collision,
1758,120,338.99,14.62,314.06,0.0000,0.0345,1,goal,
1759,64,-148.75,9.89,247.28,0.0312,0.0930,0,collision,
1760,157,-146.98,13.07,84.46,0.0127,0.1809,0,collision,
681,297,438.60,9.35,1144.53,0.0000,0.0093,1,goal,
682,125,-191.31,6.71,296.46,0.0160,0.0225,0,collision,
683,221,348.52,12.77,219.54,0.0000,0.0946,1,goal,
684,173,398.41,13.82,334.15,0.0000,0.0157,1,goal,
685,152,-51.61,14.71,380.29,0.0000,0.0141,0,collision,
686,352,215.97,8.17,1470.08,0.0000,0.0124,1,goal,
687,148,-102.35,12.28,278.82,0.0135,0.0198,0,collision,
688,150,-180.89,7.95,76.08,0.0133,0.2590,0,collision,
689,188,-78.02,11.61,369.28,0.0106,0.0415,0,collision,
690,177,383.66,13.92,586.20,0.0000,0.0248,1,goal,
1761,255,-324.11,3.25,125.80,0.0000,0.0093,0,collision,
1762,237,418.89,12.05,775.41,0.0000,0.0000,1,goal,
1763,182,385.61,15.50,123.41,0.0000,0.0000,1,goal,
1764,241,385.38,11.97,776.95,0.0000,0.0261,1,goal,
1765,226,393.57,9.39,908.02,0.0000,0.0167,1,goal,
1766,142,-39.15,13.49,303.63,0.0000,0.0083,0,collision,
1767,37,-166.52,7.93,207.40,0.0317,0.0000,0,collision,
1768,130,-97.46,9.52,414.50,0.0000,0.0231,0,collision,
1769,186,354.16,11.98,406.95,0.0000,0.0169,1,goal,
1770,37,-217.12,2.05,69.00,0.0541,0.0522,0,collision,
1771,246,294.82,9.23,736.37,0.0000,0.0302,1,goal,
1772,121,-96.88,9.89,355.22,0.0000,0.0609,0,collision,
1773,76,-170.74,10.78,245.55,0.0000,0.0000,0,collision,
1774,200,311.39,10.91,638.57,0.0000,0.0044,1,goal,
1775,311,379.37,9.27,1186.90,0.0000,0.0240,1,goal,
1776,317,458.19,8.66,1046.04,0.0000,0.0095,1,goal,
1777,213,18.09,12.37,416.70,0.0000,0.0202,0,collision,
1778,351,328.51,7.68,1474.83,0.0000,0.0000,1,goal,
1779,214,389.64,11.79,681.31,0.0000,0.0000,1,goal,
1780,29,-172.10,13.59,84.50,0.0674,0.0754,0,collision,
1781,274,385.93,8.72,1610.60,0.0000,0.0051,1,goal,
691,267,407.92,10.23,576.26,0.0000,0.0254,1,goal,
692,259,366.98,11.51,1048.13,0.0000,0.0154,1,goal,
693,306,347.72,8.13,965.19,0.0000,0.1334,1,goal,
694,221,343.65,12.93,521.20,0.0000,0.0095,1,goal,
695,291,53.07,10.04,1278.54,0.0069,0.0096,0,collision,
696,92,-122.33,6.27,580.07,0.0117,0.0113,0,collision,
697,171,370.58,13.08,462.15,0.0000,0.0000,1,goal,
698,184,-168.48,7.08,502.99,0.0000,0.0125,0,collision,
699,290,361.99,8.51,1080.96,0.0000,0.0111,1,goal,
700,278,323.94,9.94,747.41,0.0000,0.0409,1,goal,
1782,359,-222.60,5.38,746.18,0.0001,0.0102,0,collision,
1783,126,-184.37,5.86,394.69,0.0000,0.2136,0,collision,
1784,350,343.79,7.01,1268.24,0.0000,0.0240,1,goal,
1785,51,-156.03,11.04,38.84,0.0392,0.1580,0,collision,
1786,67,-124.66,12.02,272.36,0.0299,0.0461,0,collision,
1787,93,-179.43,9.20,396.09,0.0000,0.0509,0,collision,
1788,215,352.47,13.50,466.49,0.0000,0.0000,1,goal,
1789,102,-155.82,10.64,206.01,0.0000,0.0164,0,collision,
1790,54,-175.85,6.07,255.19,0.0370,0.1838,0,collision,
1791,221,-59.63,11.44,855.88,0.0000,0.0523,0,collision,
1792,256,466.68,11.50,941.88,0.0000,0.0343,1,goal,
1793,143,-251.82,4.74,337.18,0.0000,0.0618,0,collision,
1794,274,-146.44,5.81,754.32,0.0073,0.0659,0,collision,
1795,28,-168.56,8.49,249.95,0.0714,0.0000,0,collision,
1796,57,-201.19,2.58,149.01,0.0000,0.1462,0,collision,
1797,88,-117.40,11.29,192.99,0.0204,0.0299,0,collision,
1798,205,415.63,12.02,604.83,0.0000,0.0583,1,goal,
1799,158,1.54,17.84,-88.67,0.0127,0.0433,0,collision,
1800,40,-159.80,13.60,147.31,0.0000,0.0499,0,collision,
1801,229,351.42,11.17,535.86,0.0000,0.0288,1,goal,
1802,239,394.59,11.41,588.94,0.0000,0.0102,1,goal,
1803,276,-45.19,9.31,480.88,0.0000,0.0900,0,collision,
1804,98,-143.37,10.30,247.72,0.0034,0.0139,0,collision,
1805,237,355.43,10.46,592.28,0.0000,0.0000,1,goal,
1806,149,378.62,16.47,468.17,0.0000,0.0000,1,goal,
701,375,183.36,6.80,742.50,0.0000,0.0458,1,goal,
702,187,412.69,14.92,184.17,0.0000,0.0000,1,goal,
703,187,-208.15,4.25,815.96,0.0036,0.0000,0,collision,
704,5,-204.30,0.42,2.81,0.4000,0.0000,0,collision,
705,164,359.74,14.84,598.30,0.0000,0.0000,1,goal,
706,212,385.53,11.57,370.67,0.0000,0.0305,1,goal,
707,215,-128.06,9.19,186.03,0.0052,0.0061,0,collision,
708,218,409.33,13.43,472.75,0.0000,0.0034,1,goal,
709,212,29.76,14.10,526.96,0.0094,0.0162,0,collision,
710,165,378.03,16.65,38.75,0.0000,0.0000,1,goal,
1807,443,-300.90,6.78,1072.53,0.0000,0.0144,0,collision,
1808,200,-73.11,12.95,453.66,0.0094,0.0210,0,collision,
1809,154,393.04,15.76,248.28,0.0000,0.0038,1,goal,
1810,89,-134.45,9.32,329.67,0.0225,0.0305,0,collision,
1811,140,-129.31,9.99,216.40,0.0143,0.0357,0,collision,
1812,215,405.49,12.46,525.06,0.0000,0.0701,1,goal,
1813,300,311.95,10.11,688.77,0.0000,0.1150,1,goal,
1814,192,-88.56,12.50,277.80,0.0012,0.0069,0,collision,
1815,163,340.51,15.05,246.82,0.0000,0.0628,1,goal,
1816,60,-208.80,2.54,177.19,0.0000,0.0532,0,collision,
1817,32,-184.44,18.00,64.95,0.0029,0.0513,0,collision,
1818,378,264.47,7.43,1187.40,0.0000,0.0380,1,goal,
1819,218,350.10,11.52,396.14,0.0000,0.0000,1,goal,
1820,244,315.15,10.40,1018.82,0.0000,0.0000,1,goal,
1821,332,349.57,7.18,1120.47,0.0000,0.0818,1,goal,
1822,295,-11.59,7.52,964.41,0.0033,0.0243,0,collision,
1823,76,-136.41,8.22,330.57,0.0131,0.0822,0,collision,
1824,66,-142.23,6.44,340.12,0.0000,0.0212,0,collision,
1825,81,-121.06,10.09,244.27,0.0056,0.0000,0,collision,
1826,192,398.94,15.69,138.88,0.0000,0.0132,1,goal,
1827,213,396.54,12.42,162.48,0.0000,0.0000,1,goal,
711,307,353.07,8.97,1412.55,0.0000,0.0088,1,goal,
712,209,367.71,11.88,465.91,0.0000,0.0092,1,goal,
713,106,-290.70,2.13,219.59,0.0189,0.2561,0,collision,
714,269,373.13,9.34,1208.87,0.0000,0.0028,1,goal,
715,44,-135.26,24.09,49.59,0.0000,0.0382,0,collision,
716,65,-208.22,2.57,178.76,0.0246,0.2336,0,collision,
717,230,-175.80,4.28,1012.84,0.0045,0.0033,0,collision,
718,26,-196.19,6.12,197.50,0.0769,0.0000,0,collision,
719,262,337.45,10.74,673.74,0.0000,0.0082,1,goal,
720,208,-167.02,7.23,536.29,0.0000,0.0840,0,collision,
1828,437,-156.50,8.52,1374.94,0.0000,0.0036,0,collision,
1829,149,347.25,16.04,293.10,0.0000,0.0000,1,goal,
1830,197,-139.84,10.69,283.03,0.0064,0.1305,0,collision,
1831,296,326.58,7.03,1300.62,0.0000,0.0192,1,goal,
1832,92,-187.58,7.86,194.24,0.0000,0.0000,0,collision,
1833,257,-64.64,8.88,1342.00,0.0020,0.0070,0,collision,
1834,91,-130.70,7.62,325.54,0.0000,0.0310,0,collision,
1835,387,132.95,6.97,499.16,0.0000,0.0363,1,goal,
1836,382,321.29,7.45,1191.08,0.0000,0.0165,1,goal,
1837,97,-96.53,13.60,220.03,0.0206,0.0551,0,collision,
1838,349,284.00,8.02,1268.06,0.0000,0.0000,1,goal,
1839,37,-220.25,4.24,140.67,0.0513,0.5179,0,collision,
1840,278,11.94,8.12,941.90,0.0000,0.0215,0,collision,
1841,236,377.35,12.09,664.73,0.0000,0.0226,1,goal,
1842,425,342.68,6.04,1282.69,0.0000,0.0158,1,goal,
1843,298,317.08,7.56,1066.31,0.0000,0.0460,1,goal,
1844,236,359.20,10.47,435.98,0.0000,0.0139,1,goal,
721,433,225.06,5.55,1431.58,0.0000,0.0937,1,goal,
722,12,-206.06,2.13,23.30,0.0917,0.0000,0,collision,
723,259,350.85,10.93,832.52,0.0000,0.0018,1,goal,
724,121,-154.30,7.15,224.80,0.0165,0.0149,0,collision,
725,129,-237.11,4.37,57.88,0.0155,0.2078,0,collision,
726,229,377.12,9.85,643.33,0.0000,0.0000,1,goal,
727,245,-107.33,7.07,1078.95,0.0038,0.0132,0,collision,
728,210,380.60,12.48,461.46,0.0000,0.0000,1,goal,
729,45,-205.27,2.69,135.17,0.0405,0.0720,0,collision,
730,111,-224.64,4.08,369.19,0.0046,0.0000,0,collision,
1845,178,-175.40,6.89,915.13,0.0109,0.0000,0,collision,
1846,111,-172.34,7.78,613.48,0.0180,0.0000,0,collision,
1847,335,321.89,7.93,1631.29,0.0000,0.0069,1,goal,
1848,399,260.51,6.97,1255.52,0.0000,0.0027,1,goal,
1849,299,418.46,8.70,886.90,0.0000,0.0037,1,goal,
1850,160,-183.12,5.45,659.94,0.0082,0.0000,0,collision,
1851,218,388.25,11.65,425.87,0.0000,0.0156,1,goal,
1852,387,300.83,6.68,810.33,0.0000,0.0263,1,goal,
1853,71,-136.54,12.17,186.90,0.0282,0.1013,0,collision,
1854,290,336.33,7.82,789.09,0.0000,0.0771,1,goal,
1855,94,-85.33,14.53,242.08,0.0017,0.0439,0,collision,
1856,397,-60.06,7.75,1484.08,0.0045,0.0396,0,collision,
1857,330,-330.11,6.41,745.05,0.0024,0.0206,0,collision,
1858,247,419.32,11.80,1118.02,0.0000,0.0006,1,goal,
1859,280,359.89,9.19,1424.53,0.0000,0.0000,1,goal,
1860,256,442.75,11.10,736.75,0.0000,0.0263,1,goal,
1861,54,-162.00,7.63,338.67,0.0000,0.0000,0,collision,
731,461,48.95,5.92,505.08,0.0000,0.0679,1,goal,
732,208,350.59,10.94,647.58,0.0000,0.0311,1,goal,
733,383,368.99,7.40,1404.85,0.0000,0.0661,1,goal,
734,195,374.02,11.35,400.96,0.0000,0.0178,1,goal,
735,220,-152.78,8.92,382.61,0.0010,0.0185,0,collision,
736,325,395.62,8.32,1442.89,0.0000,0.0094,1,goal,
737,154,-128.64,9.11,631.47,0.0000,0.0172,0,collision,
738,166,-150.24,6.34,627.08,0.0120,0.0000,0,collision,
739,79,-193.90,9.73,332.43,0.0121,0.0000,0,collision,
740,311,339.59,7.88,1004.56,0.0000,0.0007,1,goal,
1862,148,-294.75,5.82,121.94,0.0107,0.0000,0,collision,
1863,186,313.48,13.49,419.88,0.0000,0.0167,1,goal,
1864,116,-177.65,6.77,656.63,0.0172,0.0132,0,collision,
1865,200,367.65,11.76,546.42,0.0000,0.0601,1,goal,
1866,217,-207.43,4.91,713.19,0.0017,0.2511,0,collision,
1867,153,-103.68,9.44,756.62,0.0131,0.0377,0,collision,
1868,274,379.92,8.94,866.15,0.0000,0.0033,1,goal,
1869,365,370.78,8.28,1466.53,0.0000,0.0314,1,goal,
1870,243,434.23,9.37,916.15,0.0000,0.0000,1,goal,
1871,203,295.65,11.87,316.94,0.0000,0.0080,1,goal,
1872,311,281.81,7.31,996.71,0.0000,0.0670,1,goal,
1873,231,396.69,11.27,1095.24,0.0000,0.0294,1,goal,
1874,311,-163.84,6.93,1153.08,0.0000,0.0175,0,collision,
1875,124,-65.79,18.31,0.77,0.0000,0.0000,0,collision,
1876,257,422.19,11.07,677.29,0.0000,0.0432,1,goal,
1877,325,318.84,7.91,1337.96,0.0000,0.0098,1,goal,
1878,272,208.91,8.42,658.22,0.0000,0.0035,1,goal,
1879,82,-162.71,8.79,232.61,0.0032,0.0022,0,collision,
741,321,-1.60,9.22,1174.39,0.0000,0.0085,0,collision,
742,226,-251.34,6.29,363.08,0.0000,0.0171,0,collision,
743,248,-27.91,7.65,834.09,0.0059,0.0222,0,collision,
744,44,-150.00,9.63,296.57,0.0240,0.0110,0,collision,
745,57,-133.79,14.73,55.65,0.0000,0.0460,0,collision,
746,295,432.39,9.14,1125.22,0.0000,0.0019,1,goal,
747,142,357.27,12.66,591.98,0.0000,0.0239,1,goal,
748,227,394.53,10.80,540.98,0.0000,0.0013,1,goal,
749,162,380.30,17.17,26.66,0.0000,0.0000,1,goal,
750,231,353.51,9.83,1007.98,0.0000,0.0055,1,goal,
1880,102,-123.37,11.48,282.98,0.0000,0.0112,0,collision,
1881,9,-200.68,2.82,28.34,0.2222,0.0000,0,collision,
1882,216,411.15,12.53,683.99,0.0000,0.0002,1,goal,
1883,357,277.82,7.14,1194.99,0.0000,0.0285,1,goal,
1884,294,336.27,9.27,857.87,0.0000,0.0037,1,goal,
1885,150,-178.11,10.49,373.54,0.0000,0.0065,0,collision,
1886,81,-106.91,15.46,124.20,0.0000,0.0465,0,collision,
1887,192,-129.22,8.24,510.19,0.0000,0.0218,0,collision,
1888,262,336.40,8.04,1093.46,0.0000,0.0402,1,goal,
1889,272,287.05,8.33,539.32,0.0000,0.0910,1,goal,
1890,260,438.16,10.95,359.42,0.0000,0.0000,1,goal,
1891,363,326.25,8.15,1482.66,0.0000,0.0036,1,goal,
1892,22,-189.09,4.09,88.67,0.0000,0.0025,0,collision,
1893,249,349.62,10.04,779.39,0.0000,0.0163,1,goal,
1894,240,60.21,11.28,815.07,0.0083,0.0135,0,collision,
1895,66,-115.71,18.06,-98.91,0.0000,0.0000,0,collision,
1896,427,274.75,5.87,1576.86,0.0000,0.0025,1,goal,
1897,189,-264.56,6.38,387.58,0.0091,0.0000,0,collision,
1898,220,423.80,13.35,686.13,0.0000,0.0125,1,goal,
751,42,-212.37,3.60,160.04,0.0000,0.0000,0,collision,
752,130,-132.72,8.76,482.03,0.0154,0.2097,0,collision,
753,227,-137.94,5.54,927.73,0.0088,0.0271,0,collision,
754,240,381.00,9.30,1136.90,0.0000,0.0000,1,goal,
755,59,-131.17,12.07,225.91,0.0000,0.0000,0,collision,
756,305,-99.95,9.16,774.91,0.0016,0.0273,0,collision,
757,39,-174.18,11.54,55.56,0.0513,0.0753,0,collision,
758,343,433.65,7.40,1131.36,0.0000,0.0012,1,goal,
759,73,-140.46,12.43,206.94,0.0274,0.0000,0,collision,
760,268,334.44,9.52,849.12,0.0000,0.0032,1,goal,
1899,421,-251.06,6.17,1286.38,0.0000,0.0058,0,collision,
1900,204,-111.41,9.93,590.49,0.0062,0.0083,0,collision,
1901,315,409.20,8.58,1261.85,0.0000,0.0572,1,goal,
1902,184,401.64,13.35,526.51,0.0000,0.0015,1,goal,
1903,250,446.10,10.87,867.83,0.0000,0.0000,1,goal,
1904,81,-212.15,6.02,288.95,0.0203,0.0086,0,collision,
1905,295,404.12,9.39,1179.05,0.0000,0.0005,1,goal,
1906,105,-162.10,10.69,193.51,0.0000,0.0253,0,collision,
1907,293,392.87,8.23,1453.72,0.0000,0.0247,1,goal,
1908,456,129.34,5.72,1559.41,0.0000,0.1285,1,goal,
1909,59,-232.32,3.54,209.51,0.0180,0.0437,0,collision,
1910,58,-143.03,11.47,200.79,0.0000,0.0251,0,collision,
1911,194,408.40,13.12,392.85,0.0000,0.0055,1,goal,
1912,123,-71.20,11.44,310.03,0.0162,0.0421,0,collision,
1913,113,-211.94,6.49,365.06,0.0177,0.0000,0,collision,
1914,104,-288.09,1.81,186.60,0.0000,0.1276,0,collision,
1915,377,362.89,6.34,1560.78,0.0000,0.0760,1,goal,
1916,290,420.41,8.09,1087.60,0.0000,0.0066,1,goal,
1917,245,-125.15,8.36,621.53,0.0082,0.0938,0,collision,
1918,75,-159.53,11.71,206.78,0.0267,0.1499,0,collision,
761,24,-175.16,7.69,170.56,0.0833,0.0000,0,collision,
762,182,424.85,14.31,385.06,0.0000,0.0000,1,goal,
763,132,383.17,20.32,172.94,0.0000,0.0000,1,goal,
764,2,-200.42,1.04,2.51,0.0000,0.0000,0,collision,
765,45,-150.73,12.80,109.70,0.0000,0.0421,0,collision,
766,105,-186.76,6.46,166.08,0.0000,0.2006,0,collision,
767,151,-100.94,7.40,700.73,0.0132,0.0411,0,collision,
768,278,365.19,8.48,884.14,0.0000,0.0743,1,goal,
769,193,-69.16,11.02,553.66,0.0104,0.0058,0,collision,
770,344,151.22,8.82,236.11,0.0000,0.0569,1,goal,
1919,239,-55.38,14.64,441.72,0.0084,0.0041,0,collision,
1920,209,377.62,13.11,279.04,0.0000,0.0557,1,goal,
1921,90,-160.92,8.78,511.25,0.0000,0.0000,0,collision,
1922,162,-176.38,8.87,478.98,0.0000,0.0531,0,collision,
1923,185,403.24,13.34,563.20,0.0000,0.0019,1,goal,
1924,387,296.10,7.36,1643.06,0.0000,0.0115,1,goal,
1925,206,-4.28,12.32,474.45,0.0097,0.0297,0,collision,
1926,360,229.68,7.89,710.03,0.0000,0.0454,1,goal,
1927,307,371.54,9.03,791.67,0.0000,0.0450,1,goal,
1928,319,286.38,7.60,1003.10,0.0000,0.1090,1,goal,
1929,277,-52.64,9.58,479.42,0.0072,0.0681,0,collision,
1930,236,410.73,9.54,911.85,0.0000,0.0019,1,goal,
1931,307,295.29,8.75,965.37,0.0000,0.0660,1,goal,
1932,243,353.39,11.00,780.96,0.0000,0.0230,1,goal,
1933,164,-18.53,13.93,301.61,0.0045,0.0208,0,collision,
1934,12,-206.32,0.96,11.75,0.0141,0.1259,0,collision,
1935,84,-146.36,5.83,397.10,0.0123,0.0000,0,collision,
1936,352,173.30,6.57,550.36,0.0000,0.0294,1,goal,
771,199,-154.30,7.51,391.21,0.0101,0.0000,0,collision,
772,140,-71.07,9.37,682.57,0.0000,0.0264,0,collision,
773,277,434.24,10.02,1012.98,0.0000,0.0380,1,goal,
774,315,202.22,7.71,863.81,0.0000,0.0287,1,goal,
775,297,376.32,7.74,1307.10,0.0000,0.0070,1,goal,
776,86,-116.52,11.14,331.15,0.0233,0.0186,0,collision,
777,206,368.31,11.12,662.89,0.0000,0.0257,1,goal,
778,211,316.12,11.08,748.06,0.0000,0.0234,1,goal,
779,48,-160.02,8.33,166.47,0.0000,0.0000,0,collision,
780,242,301.69,10.11,1066.60,0.0000,0.0059,1,goal,
1937,183,-266.31,8.23,133.94,0.0109,0.0000,0,collision,
1938,232,334.47,12.23,345.00,0.0000,0.0060,1,goal,
1939,119,-78.07,14.74,106.19,0.0168,0.1846,0,collision,
1940,232,286.38,11.31,341.25,0.0000,0.1480,1,goal,
1941,162,-120.35,8.97,431.31,0.0123,0.1720,0,collision,
1942,77,-100.93,19.32,-35.83,0.0162,0.0312,0,collision,
1943,172,-34.60,13.47,263.62,0.0097,0.1530,0,collision,
1944,164,-68.93,9.26,509.41,0.0000,0.0116,0,collision,
1945,230,-89.91,10.48,898.74,0.0005,0.1034,0,collision,
1946,264,351.48,10.58,752.44,0.0000,0.0064,1,goal,
1947,213,389.00,13.17,730.43,0.0000,0.0729,1,goal,
1948,276,-236.32,7.17,543.52,0.0000,0.0567,0,collision,
1949,225,332.70,12.64,57.41,0.0000,0.0148,1,goal,
1950,163,-114.79,10.78,382.05,0.0000,0.0084,0,collision,
1951,254,271.13,11.14,431.88,0.0000,0.0367,1,goal,
1952,112,-86.74,17.22,164.37,0.0179,0.0085,0,collision,
1953,206,374.43,13.09,635.08,0.0000,0.0342,1,goal,
1954,294,363.82,9.61,1134.01,0.0000,0.0031,1,goal,
1955,233,387.09,11.63,719.08,0.0000,0.0180,1,goal,
1956,180,-7.59,12.89,583.96,0.0000,0.0715,0,collision,
781,40,-174.32,11.92,270.71,0.0000,0.2485,0,collision,
782,44,-153.47,12.31,186.20,0.0455,0.0557,0,collision,
783,109,-190.35,8.18,304.74,0.0052,0.1077,0,collision,
784,38,-166.85,8.33,182.00,0.0000,0.0000,0,collision,
785,213,357.43,10.56,807.87,0.0000,0.0026,1,goal,
786,108,-175.63,7.29,434.90,0.0185,0.0749,0,collision,
787,105,-119.79,8.05,597.02,0.0000,0.0527,0,collision,
788,321,297.71,8.90,1071.21,0.0000,0.0498,1,goal,
789,124,333.07,19.83,77.07,0.0000,0.0197,1,goal,
790,238,391.66,12.12,673.95,0.0000,0.0120,1,goal,
1957,147,-88.25,11.96,217.03,0.0034,0.0341,0,collision,
1958,150,388.03,15.41,365.28,0.0000,0.0162,1,goal,
1959,149,326.68,15.74,446.11,0.0000,0.0068,1,goal,
1960,49,-146.78,13.85,-9.76,0.0408,0.1171,0,collision,
1961,214,-137.91,8.88,706.28,0.0000,0.1704,0,collision,
1962,154,-55.04,13.90,514.64,0.0130,0.2046,0,collision,
1963,93,-147.10,9.05,278.21,0.0215,0.1359,0,collision,
1964,197,-120.12,11.18,653.71,0.0102,0.0339,0,collision,
1965,50,-142.12,12.53,191.48,0.0220,0.0627,0,collision,
1966,30,-185.82,4.98,198.13,0.0667,0.0659,0,collision,
1967,143,-150.74,8.03,758.73,0.0000,0.0546,0,collision,
1968,157,-35.86,13.32,126.13,0.0000,0.0000,0,collision,
1969,141,-125.73,11.54,276.85,0.0000,0.1206,0,collision,
1970,68,-145.55,14.42,123.37,0.0000,0.0224,0,collision,
1971,198,-28.53,12.87,381.97,0.0049,0.0871,0,collision,
1972,223,401.09,10.80,543.48,0.0000,0.0272,1,goal,
1973,219,268.21,13.08,60.03,0.0000,0.0571,1,goal,
1974,183,-153.13,7.18,440.09,0.0087,0.0814,0,collision,
1975,204,-206.20,6.71,533.87,0.0000,0.0133,0,collision,
1976,320,312.78,9.68,837.46,0.0000,0.0304,1,goal,
1977,159,337.10,15.49,538.92,0.0000,0.0000,1,goal,
1978,67,-165.96,10.18,237.44,0.0000,0.0000,0,collision,
1979,161,-191.56,10.18,396.60,0.0016,0.0290,0,collision,
1980,261,333.06,10.68,241.94,0.0000,0.0827,1,goal,
1981,184,397.88,16.89,485.16,0.0000,0.0104,1,goal,
1982,79,-196.92,2.87,233.71,0.0253,0.0006,0,collision,
1983,68,-157.61,15.16,8.23,0.0294,0.1916,0,collision,
1984,107,353.65,24.21,-12.12,0.0000,0.0036,1,goal,
791,62,-145.66,16.84,15.57,0.0000,0.0391,0,collision,
792,154,-59.64,10.09,633.72,0.0000,0.0193,0,collision,
793,145,-190.65,10.89,47.73,0.0138,0.1596,0,collision,
794,67,-100.18,26.02,21.95,0.0000,0.0144,0,collision,
795,224,285.70,11.78,170.16,0.0000,0.0017,1,goal,
796,82,-91.37,24.92,-204.80,0.0000,0.0180,0,collision,
797,278,285.86,9.64,652.53,0.0000,0.0138,1,goal,
798,94,-151.03,15.13,-64.01,0.0213,0.2862,0,collision,
799,33,-161.01,15.96,120.28,0.0000,0.0520,0,collision,
800,140,-170.72,11.98,234.56,0.0046,0.0393,0,collision,
1985,101,-161.76,7.65,524.63,0.0113,0.0000,0,collision,
1986,212,327.52,13.23,534.80,0.0000,0.0776,1,goal,
1987,46,-145.69,14.34,74.34,0.0000,0.0183,0,collision,
1988,91,320.03,25.33,-78.32,0.0000,0.0000,1,goal,
1989,99,-260.46,6.41,11.25,0.0202,0.1285,0,collision,
1990,168,306.58,14.64,11.73,0.0000,0.0000,1,goal,
1991,167,-54.71,13.51,274.60,0.0120,0.0107,0,collision,
1992,139,-91.78,10.13,248.99,0.0144,0.1511,0,collision,
1993,37,-166.51,21.58,80.85,0.0000,0.0000,0,collision,
1994,259,371.50,10.59,1117.20,0.0000,0.0000,1,goal,
1995,166,-74.52,9.15,698.69,0.0115,0.0094,0,collision,
1996,249,402.41,10.39,956.13,0.0000,0.0156,1,goal,
1997,72,-157.46,11.50,56.03,0.0177,0.1971,0,collision,
1998,59,-135.86,23.34,-14.86,0.0000,0.0098,0,collision,
1999,73,-138.64,11.09,213.66,0.0016,0.0378,0,collision,
2000,155,-108.38,13.01,522.24,0.0129,0.0000,0,collision,
2001,317,-78.10,9.48,460.62,0.0063,0.0862,0,collision,
2002,299,320.22,9.08,981.03,0.0000,0.0195,1,goal,
2003,294,412.25,9.47,786.82,0.0000,0.0121,1,goal,
2004,187,312.29,14.05,415.05,0.0000,0.0116,1,goal,
2005,240,373.71,10.59,560.33,0.0000,0.0071,1,goal,
2006,5,-203.41,0.55,2.85,0.0000,0.2133,0,collision,
2007,44,-172.61,16.48,29.61,0.0000,0.0166,0,collision,
2008,360,347.33,8.59,1403.24,0.0000,0.0097,1,goal,
801,155,383.53,14.61,164.98,0.0000,0.0000,1,goal,
802,284,222.82,6.71,659.69,0.0000,0.0679,1,goal,
803,263,370.49,10.55,908.77,0.0000,0.0190,1,goal,
804,156,365.53,15.19,443.00,0.0000,0.0086,1,goal,
805,242,343.03,10.05,888.43,0.0000,0.0229,1,goal,
806,63,-150.28,7.71,250.16,0.0000,0.0000,0,collision,
807,35,-181.76,9.74,188.89,0.0000,0.0000,0,collision,
808,203,394.92,11.71,339.39,0.0000,0.0256,1,goal,
809,258,-13.04,10.33,468.98,0.0000,0.0119,0,collision,
810,43,-193.93,11.12,101.66,0.0465,0.1371,0,collision,
2009,688,-222.36,6.85,1449.36,0.0022,0.0103,0,collision,
2010,217,382.28,12.81,650.04,0.0000,0.0360,1,goal,
2011,194,-146.29,8.02,555.57,0.0103,0.0520,0,collision,
2012,252,-6.97,10.73,539.16,0.0000,0.0488,0,collision,
2013,168,-239.30,6.91,275.49,0.0004,0.1810,0,collision,
2014,309,330.22,8.00,770.90,0.0000,0.0101,1,goal,
2015,132,-99.88,10.48,477.66,0.0152,0.0255,0,collision,
2016,87,-81.85,20.86,-43.64,0.0230,0.0223,0,collision,
2017,160,-31.05,15.53,159.74,0.0095,0.0274,0,collision,
2018,252,266.75,9.15,727.42,0.0000,0.0212,1,goal,
2019,53,-211.10,3.74,177.98,0.0377,0.4223,0,collision,
2020,240,435.30,11.84,717.37,0.0000,0.0000,1,goal,
2021,162,-213.24,4.31,353.14,0.0123,0.1991,0,collision,
2022,229,313.70,10.36,812.89,0.0000,0.0194,1,goal,
2023,296,-273.37,5.91,595.17,0.0068,0.0384,0,collision,
2024,123,-148.90,7.10,312.58,0.0059,0.0249,0,collision,
2025,255,361.19,9.69,773.31,0.0000,0.0533,1,goal,
2026,182,-210.03,7.97,529.99,0.0000,0.0356,0,collision,
2027,222,-133.86,7.09,671.71,0.0012,0.1104,0,collision,
811,16,-204.79,1.84,44.92,0.0689,0.0000,0,collision,
812,199,380.39,11.66,485.96,0.0000,0.0165,1,goal,
813,235,401.32,9.95,833.59,0.0000,0.0203,1,goal,
814,274,394.59,8.55,1308.99,0.0000,0.0108,1,goal,
815,316,-81.53,8.72,1277.80,0.0000,0.0060,0,collision,
816,207,-224.75,9.17,351.47,0.0097,0.0046,0,collision,
817,152,-120.67,12.98,483.10,0.0043,0.0347,0,collision,
818,88,-104.69,16.13,-105.88,0.0227,0.0215,0,collision,
819,157,-118.30,7.53,632.44,0.0021,0.0000,0,collision,
820,192,-55.23,14.63,103.81,0.0000,0.0066,0,collision,
2028,247,-47.05,8.88,839.12,0.0000,0.0126,0,collision,
2029,263,356.33,10.99,702.54,0.0000,0.0039,1,goal,
2030,45,-153.63,9.09,261.81,0.0000,0.0000,0,collision,
2031,50,-227.00,2.04,100.82,0.0400,0.0000,0,collision,
2032,88,-238.14,2.28,202.59,0.0227,0.3551,0,collision,
2033,165,-202.09,3.92,579.58,0.0000,0.0476,0,collision,
2034,160,-121.68,7.01,711.72,0.0125,0.0000,0,collision,
2035,268,324.17,10.56,606.89,0.0000,0.0346,1,goal,
2036,230,384.03,9.76,667.83,0.0000,0.0371,1,goal,
2037,341,-30.89,6.39,1249.31,0.0000,0.0299,0,collision,
2038,60,-167.74,6.74,287.22,0.0333,0.0000,0,collision,
2039,151,-93.65,9.32,424.51,0.0067,0.0848,0,collision,
2040,60,-189.53,3.97,270.13,0.0333,0.1021,0,collision,
2041,108,-232.55,4.16,228.66,0.0185,0.4883,0,collision,
2042,215,363.95,11.85,243.22,0.0000,0.1244,1,goal,
2043,181,354.95,15.71,445.38,0.0000,0.0150,1,goal,
2044,51,-186.10,3.69,238.86,0.0000,0.0000,0,collision,
2045,175,-95.99,8.18,701.72,0.0114,0.1536,0,collision,
2046,104,-83.04,18.64,-187.07,0.0192,0.0217,0,collision,
2047,125,-132.11,9.87,376.38,0.0107,0.0039,0,collision,
2048,157,-103.63,10.38,500.82,0.0127,0.0000,0,collision,
2049,58,-131.00,19.61,-35.48,0.0000,0.0503,0,collision,
2050,107,-166.85,6.28,338.75,0.0000,0.0011,0,collision,
2051,191,363.35,14.24,635.44,0.0000,0.0791,1,goal,
2052,59,-133.10,14.60,104.37,0.0298,0.0903,0,collision,
2053,186,380.54,15.51,97.25,0.0000,0.0095,1,goal,
2054,9,-206.08,1.47,16.38,0.0000,0.0000,0,collision,
2055,82,-196.31,8.10,178.61,0.0000,0.0394,0,collision,
2056,108,-144.51,15.17,228.68,0.0185,0.0000,0,collision,
821,146,-82.18,11.48,282.38,0.0011,0.0084,0,collision,
822,363,476.73,8.12,1225.46,0.0000,0.0007,1,goal,
823,296,-71.51,9.63,974.46,0.0010,0.1034,0,collision,
824,318,-181.76,9.05,961.04,0.0063,0.0737,0,collision,
825,97,-145.97,10.54,308.20,0.0000,0.0767,0,collision,
826,134,-286.91,5.08,33.48,0.0149,0.0000,0,collision,
827,276,6.25,10.23,508.52,0.0000,0.0537,0,collision,
828,67,-178.25,10.53,200.68,0.0000,0.0000,0,collision,
829,226,353.44,10.77,449.59,0.0000,0.0193,1,goal,
830,85,-134.13,14.82,184.09,0.0000,0.0290,0,collision,
2057,340,-233.86,7.65,1247.53,0.0000,0.0028,0,collision,
2058,285,382.75,8.62,1160.60,0.0000,0.0039,1,goal,
2059,105,-137.86,5.90,506.77,0.0000,0.0132,0,collision,
2060,270,295.00,8.51,647.01,0.0000,0.0000,1,goal,
2061,60,-170.06,5.21,307.36,0.0000,0.0263,0,collision,
2062,334,446.17,7.30,1496.86,0.0000,0.0089,1,goal,
2063,243,-94.88,7.07,879.13,0.0078,0.0272,0,collision,
2064,259,332.73,8.97,647.55,0.0000,0.0186,1,goal,
2065,36,-198.89,7.13,116.60,0.0556,0.0481,0,collision,
2066,23,-184.61,8.95,104.76,0.0660,0.0000,0,collision,
2067,195,336.74,14.43,214.21,0.0000,0.0000,1,goal,
2068,209,-114.15,7.35,865.25,0.0096,0.0297,0,collision,
2069,253,361.67,6.54,1136.73,0.0000,0.0069,1,goal,
2070,251,379.67,11.13,1203.51,0.0000,0.0334,1,goal,
2071,53,-183.89,3.01,166.81,0.0000,0.0000,0,collision,
2072,42,-151.38,17.26,16.71,0.0274,0.0544,0,collision,
2073,194,-172.55,9.35,224.54,0.0000,0.0454,0,collision,
2074,233,394.39,12.49,799.55,0.0000,0.0689,1,goal,
2075,140,-212.34,3.90,322.97,0.0000,0.1575,0,collision,
2076,80,-112.14,17.05,48.04,0.0250,0.0257,0,collision,
2077,323,369.35,8.18,1536.09,0.0000,0.0115,1,goal,
2078,49,-174.72,6.89,178.13,0.0000,0.0000,0,collision,
2079,224,313.60,12.63,432.62,0.0000,0.0104,1,goal,
2080,38,-157.67,17.43,7.26,0.0418,0.0502,0,collision,
831,205,400.75,13.55,585.97,0.0000,0.0180,1,goal,
832,149,-74.54,14.10,314.72,0.0000,0.0144,0,collision,
833,31,-217.36,0.65,20.87,0.0000,0.0000,0,collision,
834,267,-59.34,10.27,764.49,0.0075,0.0090,0,collision,
835,70,-118.16,19.14,-13.26,0.0016,0.0000,0,collision,
836,201,408.53,13.56,433.26,0.0000,0.0238,1,goal,
837,67,-135.72,12.28,133.28,0.0195,0.1509,0,collision,
838,62,-138.95,11.51,146.22,0.0000,0.0000,0,collision,
839,222,416.04,11.76,904.66,0.0000,0.0000,1,goal,
840,175,-123.66,10.27,173.74,0.0092,0.0116,0,collision,
2081,153,-183.78,7.95,605.54,0.0131,0.0422,0,collision,
2082,249,350.50,9.09,587.89,0.0000,0.0144,1,goal,
2083,347,396.27,7.89,1072.58,0.0000,0.0034,1,goal,
2084,14,-198.59,2.33,33.89,0.0000,0.0000,0,collision,
2085,177,-191.56,6.97,433.59,0.0000,0.1780,0,collision,
2086,204,312.67,13.19,573.92,0.0000,0.0261,1,goal,
2087,252,328.17,8.63,664.42,0.0000,0.0326,1,goal,
2088,295,441.43,9.44,762.43,0.0000,0.0034,1,goal,
2089,85,-114.76,14.06,-13.98,0.0072,0.0806,0,collision,
2090,415,107.52,6.83,888.98,0.0000,0.0023,1,goal,
2091,368,415.04,6.68,1464.59,0.0000,0.0018,1,goal,
2092,257,286.97,9.58,619.78,0.0000,0.1390,1,goal,
2093,335,463.11,8.06,1575.84,0.0000,0.0365,1,goal,
2094,126,-59.93,12.87,438.77,0.0159,0.0226,0,collision,
2095,34,-160.20,18.29,3.72,0.0481,0.0936,0,collision,
2096,4,-201.43,1.04,4.35,0.5000,0.0000,0,collision,
2097,180,353.28,15.38,91.93,0.0000,0.0000,1,goal,
2098,292,336.80,8.59,573.16,0.0000,0.0033,1,goal,
2099,237,421.46,10.75,535.71,0.0000,0.0000,1,goal,
841,320,-46.97,7.73,1225.99,0.0000,0.0166,0,collision,
842,144,-287.72,2.64,144.27,0.0139,0.2445,0,collision,
843,201,-99.09,8.16,405.43,0.0000,0.0085,0,collision,
844,126,-141.95,5.82,414.16,0.0000,0.0000,0,collision,
845,179,384.18,16.36,303.37,0.0000,0.0000,1,goal,
846,31,-178.84,8.86,129.01,0.0645,0.0000,0,collision,
847,405,261.05,7.24,842.27,0.0000,0.0200,1,goal,
848,269,-52.72,7.67,634.02,0.0000,0.0112,0,collision,
849,30,-196.87,3.16,103.53,0.0000,0.0000,0,collision,
850,225,330.56,9.93,551.06,0.0000,0.0326,1,goal,
2100,609,-808.31,1.57,340.77,0.0023,0.0127,0,collision,
2101,275,311.24,8.56,588.25,0.0000,0.0306,1,goal,
2102,407,319.52,6.27,1099.85,0.0000,0.0309,1,goal,
2103,204,-120.14,8.43,406.42,0.0000,0.0000,0,collision,
2104,405,235.34,7.40,1090.90,0.0000,0.0152,1,goal,
2105,250,-183.46,8.34,703.40,0.0000,0.0189,0,collision,
2106,207,-57.67,11.64,635.97,0.0097,0.0086,0,collision,
2107,315,-27.53,9.19,1175.45,0.0063,0.0077,0,collision,
2108,44,-212.86,4.63,200.64,0.0161,0.1099,0,collision,
2109,187,355.39,12.35,481.23,0.0000,0.0000,1,goal,
2110,237,-211.10,9.42,264.95,0.0084,0.0253,0,collision,
2111,11,-200.43,3.46,50.71,0.0000,0.0000,0,collision,
2112,280,-116.39,10.19,679.81,0.0064,0.0419,0,collision,
2113,62,-174.81,5.78,346.65,0.0000,0.0000,0,collision,
2114,28,-194.18,3.78,113.85,0.0581,0.0707,0,collision,
2115,8,-201.59,1.39,10.43,0.0096,0.0000,0,collision,
2116,180,357.89,12.62,118.68,0.0000,0.0497,1,goal,
2117,178,402.86,13.05,517.46,0.0000,0.0020,1,goal,
2118,139,-69.76,16.82,186.25,0.0142,0.0099,0,collision,
851,18,-185.66,4.92,89.35,0.0787,0.0000,0,collision,
852,252,382.73,8.89,885.12,0.0000,0.0145,1,goal,
853,275,373.31,8.57,925.06,0.0000,0.0265,1,goal,
854,259,252.22,9.13,329.80,0.0000,0.0504,1,goal,
855,208,368.08,10.80,514.33,0.0000,0.0244,1,goal,
856,12,-211.19,1.56,28.16,0.0108,0.0232,0,collision,
857,373,410.46,6.75,1098.10,0.0000,0.0000,1,goal,
858,77,-155.50,13.41,-41.97,0.0260,0.2457,0,collision,
859,208,-280.98,6.26,241.28,0.0096,0.1590,0,collision,
860,38,-162.64,15.93,17.85,0.0000,0.0000,0,collision,
2119,358,-113.60,9.99,1010.11,0.0000,0.0149,0,collision,
2120,41,-148.55,15.81,-5.59,0.0000,0.0588,0,collision,
2121,324,238.11,8.90,541.90,0.0000,0.0688,1,goal,
2122,329,321.34,7.56,1103.22,0.0000,0.0090,1,goal,
2123,29,-175.63,9.08,62.96,0.0000,0.0755,0,collision,
2124,171,-155.14,6.71,383.89,0.0117,0.0126,0,collision,
2125,225,376.63,11.18,572.33,0.0000,0.0304,1,goal,
2126,248,406.10,9.12,903.20,0.0000,0.0041,1,goal,
2127,159,-185.20,5.52,612.85,0.0126,0.0191,0,collision,
2128,9,-194.78,3.58,39.01,0.2222,0.0000,0,collision,
2129,320,387.68,9.06,788.59,0.0000,0.0011,1,goal,
2130,64,-144.09,9.71,195.75,0.0237,0.0000,0,collision,
2131,253,345.17,8.92,688.51,0.0000,0.0000,1,goal,
2132,15,-192.66,4.00,66.13,0.0679,0.0000,0,collision,
2133,96,-111.67,11.51,327.26,0.0208,0.0135,0,collision,
2134,24,-184.82,4.55,141.93,0.0833,0.0000,0,collision,
2135,250,414.08,12.19,697.16,0.0000,0.0000,1,goal,
2136,43,-176.57,16.06,-14.25,0.0000,0.0254,0,collision,
2137,311,290.06,9.17,1003.65,0.0000,0.0016,1,goal,
2138,320,354.37,8.47,1048.98,0.0000,0.0091,1,goal,
2139,270,385.30,9.96,497.79,0.0000,0.0013,1,goal,
2140,269,315.21,9.09,853.97,0.0000,0.0302,1,goal,
861,57,-164.24,7.68,254.08,0.0000,0.0329,0,collision,
862,205,-168.64,8.58,439.49,0.0000,0.0388,0,collision,
863,124,-181.44,5.23,186.65,0.0161,0.0106,0,collision,
864,401,421.24,6.94,1394.84,0.0000,0.0083,1,goal,
865,285,427.26,10.14,759.89,0.0000,0.0246,1,goal,
866,233,358.69,12.46,275.39,0.0000,0.0213,1,goal,
867,244,266.89,9.32,597.38,0.0000,0.0359,1,goal,
868,120,-118.61,9.17,196.52,0.0167,0.0373,0,collision,
869,197,345.95,11.49,521.91,0.0000,0.0345,1,goal,
870,224,361.57,11.90,443.76,0.0000,0.0037,1,goal,
2141,403,-198.97,6.91,1239.29,0.0041,0.0039,0,collision,
2142,389,-102.70,6.38,1465.70,0.0000,0.0428,0,collision,
2143,247,404.04,11.72,994.92,0.0000,0.0357,1,goal,
2144,355,333.36,6.94,1336.63,0.0000,0.0020,1,goal,
2145,229,348.89,9.94,494.15,0.0000,0.0000,1,goal,
2146,244,-85.69,6.34,841.75,0.0082,0.0088,0,collision,
2147,249,390.18,9.04,928.80,0.0000,0.0036,1,goal,
2148,297,391.97,8.35,1225.92,0.0000,0.0065,1,goal,
2149,58,-173.71,8.36,388.98,0.0345,0.0000,0,collision,
2150,228,240.23,8.45,376.87,0.0000,0.0437,1,goal,
2151,255,415.19,10.87,645.42,0.0000,0.0295,1,goal,
2152,189,0.72,11.68,522.91,0.0000,0.0000,0,collision,
2153,303,-106.34,8.14,869.54,0.0000,0.0320,0,collision,
2154,131,348.21,20.97,165.71,0.0000,0.0000,1,goal,
2155,267,343.39,8.13,785.30,0.0000,0.0557,1,goal,
2156,199,334.73,13.16,514.97,0.0000,0.0191,1,goal,
871,314,242.10,7.79,646.40,0.0000,0.0101,1,goal,
872,365,281.47,7.13,1131.71,0.0000,0.0028,1,goal,
873,108,-134.31,8.71,491.43,0.0000,0.0083,0,collision,
874,25,-202.54,7.63,89.72,0.0000,0.0000,0,collision,
875,146,362.08,16.77,19.37,0.0000,0.0103,1,goal,
876,250,313.49,9.80,930.34,0.0000,0.0068,1,goal,
877,247,311.67,9.46,833.60,0.0000,0.0000,1,goal,
878,152,351.99,17.56,243.17,0.0000,0.0000,1,goal,
879,168,-123.26,9.08,493.07,0.0000,0.0256,0,collision,
880,2,-200.49,0.00,0.10,0.4138,0.0000,0,collision,
2157,558,-99.94,8.15,1933.92,0.0005,0.0048,0,collision,
2158,395,282.85,6.38,1016.09,0.0000,0.0024,1,goal,
2159,347,275.86,8.99,1097.29,0.0000,0.0000,1,goal,
2160,131,369.59,17.10,75.84,0.0000,0.0377,1,goal,
2161,15,-200.61,4.93,106.37,0.1333,0.0000,0,collision,
2162,181,399.07,16.40,158.04,0.0000,0.0086,1,goal,
2163,211,-445.77,2.19,389.22,0.0000,0.2300,0,collision,
2164,354,306.19,7.44,956.41,0.0000,0.0564,1,goal,
2165,523,151.15,5.15,1733.57,0.0000,0.0100,1,goal,
2166,299,239.04,8.75,567.24,0.0000,0.0040,1,goal,
2167,40,-172.05,6.63,157.49,0.0444,0.0000,0,collision,
2168,135,-134.96,4.81,687.11,0.0000,0.0000,0,collision,
2169,385,-438.80,2.68,1031.57,0.0052,0.0510,0,collision,
2170,231,-358.84,2.82,641.82,0.0072,0.0106,0,collision,
2171,129,-158.81,9.41,392.32,0.0155,0.0151,0,collision,
2172,64,-169.27,12.41,83.07,0.0014,0.0868,0,collision,
881,212,-50.69,6.80,1045.16,0.0094,0.0022,0,collision,
882,69,-168.57,5.81,244.10,0.0000,0.0000,0,collision,
883,291,435.68,9.49,988.79,0.0000,0.0000,1,goal,
884,394,258.86,5.99,1349.61,0.0000,0.0133,1,goal,
885,135,-156.09,4.48,596.30,0.0148,0.0124,0,collision,
886,144,358.16,16.03,310.43,0.0000,0.0383,1,goal,
887,297,399.60,8.14,1092.64,0.0000,0.0298,1,goal,
888,264,422.80,10.88,939.44,0.0000,0.0161,1,goal,
889,254,334.85,8.84,926.64,0.0000,0.0000,1,goal,
890,476,-290.63,4.67,1163.30,0.0042,0.0298,0,collision,
2173,643,-142.96,6.89,1643.86,0.0000,0.0435,0,collision,
2174,301,346.86,9.18,995.80,0.0000,0.0000,1,goal,
2175,455,300.60,6.63,1465.04,0.0000,0.0538,1,goal,
2176,136,-162.52,6.13,444.64,0.0133,0.1614,0,collision,
2177,165,-70.82,11.36,289.16,0.0045,0.0540,0,collision,
2178,54,-164.46,12.32,301.86,0.0370,0.0000,0,collision,
2179,51,-200.27,5.99,226.42,0.0249,0.0000,0,collision,
2180,178,375.69,12.81,389.38,0.0000,0.0195,1,goal,
2181,434,144.58,6.54,1342.80,0.0000,0.0137,1,goal,
2182,251,341.21,9.11,769.40,0.0000,0.0143,1,goal,
2183,231,407.84,9.70,1099.28,0.0000,0.0032,1,goal,
2184,20,-192.70,3.55,88.78,0.0925,0.0000,0,collision,
2185,89,-89.46,14.83,95.91,0.0000,0.0319,0,collision,
2186,271,310.55,9.54,505.67,0.0000,0.0148,1,goal,
2187,296,322.66,7.79,1135.79,0.0000,0.0053,1,goal,
2188,239,328.37,10.33,797.31,0.0000,0.0000,1,goal,
2189,87,-90.85,15.13,136.29,0.0000,0.0231,0,collision,
2190,95,-124.86,9.58,482.20,0.0000,0.1003,0,collision,
2191,115,-97.79,12.00,256.29,0.0000,0.0140,0,collision,
2192,6,-199.01,2.50,16.86,0.0000,0.0000,0,collision,
2193,280,335.35,10.20,452.58,0.0000,0.0055,1,goal,
891,173,-143.73,7.43,740.06,0.0116,0.0361,0,collision,
892,327,-24.97,8.41,1104.49,0.0000,0.0336,0,collision,
893,28,-192.59,6.83,193.49,0.0714,0.0000,0,collision,
894,223,-0.11,11.61,699.56,0.0029,0.0042,0,collision,
895,132,-260.96,2.15,310.65,0.0049,0.2821,0,collision,
896,117,-83.97,9.98,428.64,0.0000,0.0067,0,collision,
897,31,-176.12,7.53,160.05,0.0000,0.0878,0,collision,
898,164,346.90,14.40,260.54,0.0000,0.0000,1,goal,
899,128,-175.86,4.52,396.45,0.0038,0.1202,0,collision,
900,196,-114.91,11.33,2.36,0.0089,0.1372,0,collision,
2194,94,-220.23,3.95,391.36,0.0055,0.0236,0,collision,
2195,102,-90.07,13.71,286.43,0.0196,0.0105,0,collision,
2196,156,-174.78,8.45,650.32,0.0120,0.1035,0,collision,
2197,228,466.64,12.46,738.05,0.0000,0.0187,1,goal,
2198,266,421.82,10.71,942.44,0.0000,0.0260,1,goal,
2199,136,363.20,19.52,-209.74,0.0000,0.0000,1,goal,
2200,214,-41.62,11.49,806.80,0.0000,0.0138,0,collision,
2201,201,359.93,14.81,-67.77,0.0000,0.0248,1,goal,
2202,51,-193.88,3.85,249.74,0.0193,0.1463,0,collision,
2203,324,336.92,8.89,1080.26,0.0000,0.0202,1,goal,
2204,75,-188.19,7.72,166.54,0.0203,0.3548,0,collision,
2205,176,-120.00,10.73,201.50,0.0000,0.0452,0,collision,
2206,88,-139.79,9.62,148.64,0.0000,0.0525,0,collision,
2207,149,330.85,15.38,184.27,0.0000,0.0725,1,goal,
2208,340,235.15,8.64,441.52,0.0000,0.0014,1,goal,
2209,407,347.86,6.56,1499.85,0.0000,0.0116,1,goal,
2210,403,266.90,7.13,1364.36,0.0000,0.0745,1,goal,
2211,70,-111.56,17.01,95.70,0.0000,0.0240,0,collision,
2212,75,-138.50,9.19,326.83,0.0267,0.0191,0,collision,
2213,190,-92.06,6.09,702.70,0.0103,0.0097,0,collision,
2214,222,349.79,11.68,497.76,0.0000,0.0083,1,goal,
2215,163,-89.61,8.86,707.60,0.0000,0.0181,0,collision,
901,138,-100.78,10.18,386.31,0.0008,0.0069,0,collision,
902,364,420.83,7.57,1420.03,0.0000,0.0008,1,goal,
903,13,-192.93,5.73,91.02,0.1538,0.0000,0,collision,
904,196,346.35,12.81,157.56,0.0000,0.0034,1,goal,
905,97,-202.44,8.59,163.18,0.0206,0.1602,0,collision,
906,247,-110.11,5.20,1070.58,0.0060,0.0246,0,collision,
907,27,-198.89,5.22,144.24,0.0000,0.0000,0,collision,
908,241,-281.14,5.55,773.74,0.0083,0.0155,0,collision,
909,61,-189.35,11.79,100.70,0.0328,0.0445,0,collision,
910,48,-199.30,8.50,138.73,0.0417,0.0705,0,collision,
2216,150,-115.11,16.05,-124.32,0.0000,0.0000,0,collision,
2217,145,-92.33,10.74,720.49,0.0000,0.0138,0,collision,
2218,214,372.94,10.45,591.80,0.0000,0.0000,1,goal,
2219,243,-53.96,9.06,1171.73,0.0000,0.0687,0,collision,
2220,254,-377.57,4.52,213.69,0.0041,0.0036,0,collision,
2221,45,-183.78,3.96,195.57,0.0000,0.0000,0,collision,
2222,334,323.47,8.36,924.23,0.0000,0.0642,1,goal,
2223,105,-182.59,5.11,254.08,0.0190,0.0409,0,collision,
2224,220,-221.22,5.79,822.51,0.0091,0.0564,0,collision,
2225,198,393.95,11.40,362.69,0.0000,0.0000,1,goal,
2226,311,369.82,8.60,1122.59,0.0000,0.0047,1,goal,
2227,264,-136.75,6.78,787.33,0.0000,0.0842,0,collision,
2228,191,372.95,13.27,257.84,0.0000,0.0000,1,goal,
2229,184,-286.20,5.06,338.26,0.0000,0.0206,0,collision,
2230,268,409.01,9.81,582.46,0.0000,0.0142,1,goal,
2231,100,-208.77,2.84,306.51,0.0200,0.1855,0,collision,
2232,76,-151.21,10.76,354.56,0.0000,0.0060,0,collision,
2233,181,410.12,13.17,430.84,0.0000,0.0000,1,goal,
2234,253,445.81,9.40,1089.89,0.0000,0.0000,1,goal,
2235,220,-122.66,5.14,787.30,0.0091,0.0747,0,collision,
911,231,407.59,10.06,904.37,0.0000,0.0000,1,goal,
912,114,-172.64,5.02,422.03,0.0000,0.1937,0,collision,
913,170,-146.42,7.45,539.43,0.0000,0.0064,0,collision,
914,20,-204.31,5.60,85.78,0.0000,0.0332,0,collision,
915,32,-181.14,4.90,127.08,0.0065,0.0000,0,collision,
916,181,-120.53,7.29,551.38,0.0065,0.0179,0,collision,
917,349,17.75,8.57,1221.26,0.0025,0.0436,0,collision,
918,220,381.05,13.23,721.43,0.0000,0.0000,1,goal,
919,240,349.18,11.05,525.02,0.0000,0.0120,1,goal,
920,199,343.98,12.91,57.51,0.0000,0.0075,1,goal,
2236,234,-194.93,6.83,892.78,0.0085,0.0123,0,collision,
2237,129,-88.35,12.56,165.09,0.0000,0.0043,0,collision,
2238,152,-158.25,9.41,367.54,0.0000,0.0086,0,collision,
2239,10,-200.50,4.29,71.53,0.0000,0.0000,0,collision,
2240,100,-115.31,8.22,463.65,0.0200,0.0000,0,collision,
2241,77,-126.96,10.43,153.40,0.0000,0.0000,0,collision,
2242,319,325.18,8.92,1315.01,0.0000,0.0119,1,goal,
2243,152,-76.31,13.06,275.35,0.0132,0.0187,0,collision,
2244,12,-189.79,4.81,70.96,0.0000,0.0000,0,collision,
2245,251,324.14,9.84,891.30,0.0000,0.0035,1,goal,
2246,194,349.62,11.78,267.06,0.0000,0.0039,1,goal,
2247,239,392.98,11.52,738.71,0.0000,0.0509,1,goal,
2248,281,264.55,8.10,920.51,0.0000,0.0025,1,goal,
2249,217,330.69,11.22,549.25,0.0000,0.0343,1,goal,
2250,9,-205.60,1.64,16.99,0.0000,0.0000,0,collision,
2251,125,-177.50,5.38,258.69,0.0160,0.0529,0,collision,
2252,76,-151.09,9.13,143.82,0.0263,0.0049,0,collision,
2253,388,-205.07,6.17,853.25,0.0036,0.0613,0,collision,
2254,112,288.55,15.28,-68.14,0.0000,0.0057,1,goal,
2255,249,385.86,9.59,395.55,0.0000,0.0022,1,goal,
2256,212,392.41,12.84,260.14,0.0000,0.0121,1,goal,
2257,162,-155.91,9.65,325.81,0.0123,0.0306,0,collision,
2258,189,405.28,13.44,431.78,0.0000,0.0000,1,goal,
921,181,-124.22,10.72,541.80,0.0000,0.0526,0,collision,
922,215,395.92,11.68,813.08,0.0000,0.0136,1,goal,
923,61,-194.53,3.00,185.21,0.0000,0.0245,0,collision,
924,332,306.91,6.91,1427.47,0.0000,0.0143,1,goal,
925,93,-111.90,11.00,315.70,0.0215,0.0160,0,collision,
926,246,413.09,9.90,777.87,0.0000,0.0042,1,goal,
927,353,280.83,7.00,1316.40,0.0000,0.0000,1,goal,
928,245,338.30,9.22,860.72,0.0000,0.0193,1,goal,
929,224,349.73,10.10,1001.00,0.0000,0.0063,1,goal,
930,250,268.17,10.29,407.93,0.0000,0.0047,1,goal,
2259,567,-316.60,4.99,2077.95,0.0035,0.0122,0,collision,
2260,211,-112.79,6.42,851.80,0.0000,0.1262,0,collision,
2261,217,-89.61,8.29,707.43,0.0040,0.0055,0,collision,
2262,311,-158.93,6.76,1055.46,0.0014,0.0770,0,collision,
2263,122,-168.15,5.07,442.85,0.0019,0.0298,0,collision,
2264,276,-86.22,7.56,465.76,0.0000,0.0451,0,collision,
2265,177,345.87,12.81,358.69,0.0000,0.0000,1,goal,
2266,279,387.82,9.72,1062.24,0.0000,0.0220,1,goal,
2267,315,418.51,8.80,1189.81,0.0000,0.0042,1,goal,
2268,314,302.47,8.78,805.70,0.0000,0.0076,1,goal,
2269,266,446.41,10.69,853.50,0.0000,0.0074,1,goal,
2270,362,210.37,6.88,1081.51,0.0000,0.0424,1,goal,
2271,42,-155.38,16.64,106.85,0.0000,0.0341,0,collision,
2272,105,-78.78,14.63,200.98,0.0190,0.0378,0,collision,
2273,201,-266.03,7.05,275.88,0.0070,0.0028,0,collision,
2274,191,371.71,12.16,173.57,0.0000,0.0000,1,goal,
2275,48,-169.49,7.60,195.97,0.0000,0.0400,0,collision,
2276,42,-150.49,14.75,22.66,0.0476,0.0512,0,collision,
2277,231,-107.42,8.89,780.03,0.0000,0.0049,0,collision,
2278,108,349.00,21.36,-187.75,0.0000,0.0003,1,goal,
2279,4,-201.82,1.56,10.04,0.0000,0.0000,0,collision,
2280,38,-208.52,3.50,155.16,0.0287,0.0489,0,collision,
2281,7,-200.29,2.52,15.31,0.2857,0.0000,0,collision,
931,361,246.96,6.29,1118.81,0.0000,0.0312,1,goal,
932,78,-132.25,9.34,344.12,0.0022,0.0364,0,collision,
933,232,-37.12,9.04,726.92,0.0000,0.0605,0,collision,
934,364,78.39,7.70,337.44,0.0000,0.0178,1,goal,
935,172,385.14,13.84,89.76,0.0000,0.0000,1,goal,
936,359,446.24,7.89,1195.44,0.0000,0.0000,1,goal,
937,352,352.37,8.61,1004.51,0.0000,0.0293,1,goal,
938,270,321.43,8.83,1086.38,0.0000,0.0000,1,goal,
939,37,-170.99,8.56,169.08,0.0000,0.0000,0,collision,
940,322,445.68,8.81,1160.45,0.0000,0.0373,1,goal,
2282,224,-122.55,11.89,420.15,0.0000,0.0000,0,collision,
2283,139,360.17,17.36,42.47,0.0000,0.0179,1,goal,
2284,252,355.64,9.97,962.42,0.0000,0.0000,1,goal,
2285,224,312.70,11.31,538.47,0.0000,0.0673,1,goal,
2286,43,-193.10,5.00,141.65,0.0000,0.0503,0,collision,
2287,351,372.97,6.65,1306.05,0.0000,0.0490,1,goal,
2288,84,-176.99,7.40,247.48,0.0000,0.1099,0,collision,
2289,51,-163.02,6.23,273.81,0.0373,0.0000,0,collision,
2290,164,-83.87,12.61,275.71,0.0023,0.0000,0,collision,
2291,302,-107.45,6.86,816.40,0.0066,0.0205,0,collision,
2292,6,-202.91,1.04,6.20,0.0000,0.0000,0,collision,
2293,232,399.37,11.33,745.65,0.0000,0.0000,1,goal,
2294,359,266.50,8.57,1007.25,0.0000,0.0082,1,goal,
2295,345,212.55,6.47,1039.57,0.0000,0.0716,1,goal,
2296,301,384.53,7.68,939.90,0.0000,0.0541,1,goal,
2297,289,364.43,8.36,938.14,0.0000,0.0000,1,goal,
2298,345,-8.65,7.01,1710.88,0.0058,0.0946,0,collision,
2299,29,-180.94,14.15,22.23,0.0690,0.0000,0,collision,
2300,280,425.21,10.00,669.84,0.0000,0.0292,1,goal,
941,20,-196.86,3.68,100.41,0.0000,0.0000,0,collision,
942,246,4.50,9.67,935.78,0.0000,0.0087,0,collision,
943,483,178.91,5.66,1442.00,0.0000,0.0315,1,goal,
944,281,261.53,8.82,1034.44,0.0000,0.0256,1,goal,
945,305,304.56,9.19,1224.81,0.0000,0.0066,1,goal,
946,39,-183.31,4.28,202.15,0.0513,0.1640,0,collision,
947,253,429.62,10.87,726.54,0.0000,0.0044,1,goal,
948,305,-223.25,7.22,994.67,0.0000,0.0409,0,collision,
949,158,-289.33,4.25,242.06,0.0051,0.0061,0,collision,
950,40,-183.44,4.35,198.93,0.0000,0.0000,0,collision,
2301,206,-221.33,6.09,921.24,0.0097,0.0060,0,collision,
2302,47,-161.34,10.76,167.49,0.0426,0.1633,0,collision,
2303,211,-99.72,6.16,776.62,0.0054,0.0282,0,collision,
2304,255,-266.03,6.53,544.19,0.0078,0.0442,0,collision,
2305,174,-303.48,5.93,391.92,0.0115,0.2122,0,collision,
2306,88,-88.88,17.44,67.96,0.0158,0.0320,0,collision,
2307,279,280.81,8.89,181.58,0.0000,0.0007,1,goal,
2308,103,355.74,24.27,31.89,0.0000,0.0000,1,goal,
2309,218,288.57,10.99,527.65,0.0000,0.0323,1,goal,
2310,216,-24.32,7.74,1110.94,0.0000,0.0142,0,collision,
2311,148,376.14,18.59,69.79,0.0000,0.0000,1,goal,
2312,208,387.08,14.43,123.64,0.0000,0.0175,1,goal,
2313,469,54.27,4.60,1515.02,0.0000,0.0412,1,goal,
2314,197,355.20,14.47,597.82,0.0000,0.0464,1,goal,
2315,368,296.22,6.05,962.28,0.0000,0.0735,1,goal,
2316,52,-149.55,13.04,23.88,0.0000,0.1084,0,collision,
2317,352,219.95,6.89,1217.04,0.0000,0.0149,1,goal,
2318,318,253.64,8.35,669.68,0.0000,0.0418,1,goal,
951,198,379.12,11.36,666.97,0.0000,0.0000,1,goal,
952,453,164.65,5.79,1367.83,0.0000,0.0034,1,goal,
953,68,-115.42,18.28,-11.63,0.0000,0.0368,0,collision,
954,105,-258.21,6.33,137.94,0.0000,0.0590,0,collision,
955,77,-145.15,11.37,143.31,0.0000,0.0000,0,collision,
956,367,392.95,7.28,1254.54,0.0000,0.0631,1,goal,
957,131,-142.74,8.04,439.93,0.0153,0.0000,0,collision,
958,107,-65.84,15.92,-15.53,0.0000,0.0000,0,collision,
959,316,381.07,7.14,1217.93,0.0000,0.0398,1,goal,
960,10,-192.27,4.03,43.02,0.0269,0.0000,0,collision,
2319,352,-219.70,5.06,1005.63,0.0057,0.0210,0,collision,
2320,315,256.84,6.09,743.81,0.0000,0.0090,1,goal,
2321,398,170.98,6.57,1052.63,0.0000,0.0038,1,goal,
2322,182,-154.75,8.85,578.52,0.0000,0.0000,0,collision,
2323,320,300.93,8.09,947.31,0.0000,0.0428,1,goal,
2324,219,320.28,11.27,602.02,0.0000,0.0172,1,goal,
2325,42,-211.17,3.72,169.63,0.0000,0.0292,0,collision,
2326,298,382.63,8.88,819.28,0.0000,0.0000,1,goal,
2327,285,323.01,8.83,1032.12,0.0000,0.0018,1,goal,
2328,95,-188.70,7.40,201.78,0.0136,0.1990,0,collision,
2329,16,-195.92,4.20,84.32,0.0000,0.0776,0,collision,
2330,168,-72.65,9.04,648.63,0.0065,0.0323,0,collision,
2331,465,220.00,6.01,1535.62,0.0000,0.0204,1,goal,
2332,159,-88.70,8.94,424.35,0.0116,0.0108,0,collision,
2333,109,-191.60,6.51,570.38,0.0000,0.0076,0,collision,
2334,17,-210.63,1.07,16.40,0.0000,0.0357,0,collision,
2335,252,431.12,10.64,909.65,0.0000,0.0001,1,goal,
2336,303,-132.77,9.75,839.69,0.0000,0.0108,0,collision,
2337,63,-199.38,10.29,-11.63,0.0289,0.0498,0,collision,
2338,187,-119.09,11.45,333.02,0.0107,0.0900,0,collision,
961,196,-84.55,9.81,808.79,0.0004,0.0000,0,collision,
962,229,355.47,10.81,682.57,0.0000,0.0079,1,goal,
963,313,436.22,9.28,1012.29,0.0000,0.0000,1,goal,
964,117,354.41,19.07,-19.12,0.0000,0.0000,1,goal,
965,334,406.43,8.33,1050.37,0.0000,0.0244,1,goal,
966,122,-137.93,13.23,27.31,0.0000,0.1001,0,collision,
967,18,-188.12,4.22,85.24,0.0180,0.0111,0,collision,
968,327,283.23,8.38,1194.08,0.0000,0.0572,1,goal,
969,176,-306.05,3.45,572.68,0.0000,0.0265,0,collision,
970,192,-61.85,12.11,289.36,0.0035,0.0336,0,collision,
2339,196,-168.01,9.59,282.16,0.0000,0.0438,0,collision,
2340,153,-204.09,6.23,347.84,0.0131,0.2364,0,collision,
2341,231,336.62,10.63,243.70,0.0000,0.0631,1,goal,
2342,23,-188.42,6.05,143.36,0.0343,0.1040,0,collision,
2343,285,280.25,8.11,792.45,0.0000,0.0082,1,goal,
2344,148,-168.64,9.94,306.50,0.0135,0.0000,0,collision,
2345,247,-5.63,11.50,524.20,0.0000,0.0439,0,collision,
2346,159,-225.99,5.24,714.28,0.0126,0.0088,0,collision,
2347,68,-206.64,5.22,357.58,0.0000,0.0000,0,collision,
2348,184,-176.16,4.55,608.99,0.0109,0.1535,0,collision,
2349,249,292.51,8.90,482.60,0.0000,0.0164,1,goal,
2350,8,-192.41,7.26,92.01,0.0000,0.0000,0,collision,
2351,207,343.38,11.11,520.89,0.0000,0.0077,1,goal,
2352,303,-250.75,7.04,719.43,0.0000,0.0339,0,collision,
2353,66,-237.29,5.04,197.78,0.0067,0.0287,0,collision,
2354,47,-176.63,4.53,244.73,0.0426,0.0201,0,collision,
2355,289,455.64,10.31,1251.28,0.0000,0.0000,1,goal,
2356,213,-140.39,9.18,190.40,0.0022,0.2656,0,collision,
2357,58,-201.15,3.76,200.63,0.0000,0.2318,0,collision,
2358,367,377.91,7.27,1514.50,0.0000,0.0205,1,goal,
2359,233,-35.46,12.40,431.77,0.0086,0.0441,0,collision,
2360,191,-87.42,9.78,414.38,0.0000,0.0000,0,collision,
2361,157,-47.85,15.24,71.79,0.0127,0.0083,0,collision,
2362,62,-132.26,18.77,-10.65,0.0000,0.0000,0,collision,
971,313,357.57,7.42,984.53,0.0000,0.0599,1,goal,
972,201,-47.84,11.48,571.33,0.0000,0.0132,0,collision,
973,206,447.74,14.58,524.77,0.0000,0.0000,1,goal,
974,287,-187.07,6.79,1002.00,0.0000,0.0027,0,collision,
975,316,357.79,8.68,1151.25,0.0000,0.0241,1,goal,
976,279,366.01,8.32,1121.59,0.0000,0.0573,1,goal,
977,242,418.36,10.54,807.36,0.0000,0.0001,1,goal,
978,74,-149.16,8.78,215.23,0.0106,0.0000,0,collision,
979,159,-110.41,11.75,316.31,0.0000,0.0415,0,collision,
980,38,-201.35,2.66,134.22,0.0526,0.0000,0,collision,
2363,103,-140.54,5.98,600.60,0.0194,0.0000,0,collision,
2364,249,342.67,7.92,805.96,0.0000,0.0817,1,goal,
2365,179,401.64,13.10,608.98,0.0000,0.0000,1,goal,
2366,174,-89.65,8.74,367.22,0.0088,0.0107,0,collision,
2367,63,-158.97,11.45,81.99,0.0000,0.0000,0,collision,
2368,117,-247.24,8.40,-22.22,0.0091,0.2756,0,collision,
2369,125,-120.09,8.05,360.24,0.0160,0.0043,0,collision,
2370,163,-50.17,11.98,255.64,0.0000,0.0000,0,collision,
2371,277,311.44,8.73,1086.94,0.0000,0.0000,1,goal,
2372,127,-219.59,5.19,348.54,0.0000,0.0075,0,collision,
2373,286,304.55,7.54,1091.43,0.0000,0.0000,1,goal,
2374,22,-173.76,13.62,109.36,0.0000,0.0000,0,collision,
2375,215,400.11,12.27,264.55,0.0000,0.0000,1,goal,
2376,279,420.80,7.94,1223.40,0.0000,0.0128,1,goal,
2377,242,336.25,10.16,524.40,0.0000,0.0343,1,goal,
2378,323,354.55,8.11,1177.73,0.0000,0.0013,1,goal,
2379,148,-24.88,11.73,696.96,0.0000,0.0000,0,collision,
2380,345,422.37,8.00,1485.69,0.0000,0.0000,1,goal,
2381,58,-135.86,13.04,226.98,0.0000,0.0646,0,collision,
2382,17,-181.70,7.89,198.35,0.0000,0.0000,0,collision,
2383,372,249.13,7.47,598.40,0.0000,0.0383,1,goal,
2384,31,-179.79,6.15,216.23,0.0000,0.0000,0,collision,
981,216,456.28,13.26,650.51,0.0000,0.0000,1,goal,
982,334,374.44,7.26,1253.34,0.0000,0.0485,1,goal,
983,301,308.73,7.97,1576.42,0.0000,0.0000,1,goal,
984,298,409.85,9.40,980.30,0.0000,0.0630,1,goal,
985,167,-98.65,6.53,933.52,0.0087,0.0402,0,collision,
986,362,-112.17,8.54,1270.01,0.0044,0.0072,0,collision,
987,28,-203.00,2.23,57.17,0.0714,0.1067,0,collision,
988,263,368.09,9.36,696.91,0.0000,0.0601,1,goal,
989,45,-147.86,13.61,181.51,0.0000,0.0327,0,collision,
990,112,-110.50,11.38,325.00,0.0000,0.0181,0,collision,
2385,338,-208.04,6.90,926.06,0.0000,0.0158,0,collision,
2386,238,433.80,10.14,1011.25,0.0000,0.0106,1,goal,
2387,370,-148.48,7.26,986.81,0.0054,0.0228,0,collision,
2388,252,-348.29,5.63,607.68,0.0000,0.0510,0,collision,
2389,107,351.79,21.68,-112.77,0.0000,0.0000,1,goal,
2390,320,227.80,7.20,1207.73,0.0000,0.0112,1,goal,
2391,346,275.48,7.62,953.23,0.0000,0.0240,1,goal,
2392,165,-206.43,7.38,362.45,0.0000,0.1565,0,collision,
2393,316,294.18,7.80,867.85,0.0000,0.0538,1,goal,
2394,41,-169.37,20.39,-12.16,0.0488,0.0298,0,collision,
2395,115,-144.85,11.87,290.14,0.0000,0.0134,0,collision,
2396,96,-79.28,23.05,-145.63,0.0000,0.0158,0,collision,
2397,145,331.43,14.89,411.58,0.0000,0.0092,1,goal,
2398,67,-145.19,21.19,-137.03,0.0000,0.0001,0,collision,
2399,112,-99.80,10.78,238.64,0.0000,0.0555,0,collision,
2400,72,-185.56,10.12,138.27,0.0000,0.0000,0,collision,
2401,317,403.26,8.95,809.76,0.0000,0.0438,1,goal,
2402,176,329.08,15.93,100.30,0.0000,0.0053,1,goal,
2403,85,-90.72,21.93,-44.17,0.0235,0.0292,0,collision,
2404,216,-58.45,7.61,940.74,0.0093,0.0483,0,collision,
2405,229,-34.31,9.73,523.43,0.0000,0.0874,0,collision,
2406,67,-133.45,9.38,320.53,0.0000,0.0618,0,collision,
991,39,-202.89,4.49,198.22,0.0017,0.0000,0,collision,
992,310,-259.91,6.78,449.50,0.0000,0.0155,0,collision,
993,51,-144.14,17.49,-18.80,0.0000,0.0526,0,collision,
994,158,-69.95,12.99,161.52,0.0127,0.0167,0,collision,
995,303,408.77,9.66,1075.75,0.0000,0.0239,1,goal,
996,250,311.96,10.89,666.64,0.0000,0.0162,1,goal,
997,48,-153.19,14.67,68.30,0.0417,0.0670,0,collision,
998,204,-109.41,11.16,428.49,0.0000,0.0298,0,collision,
999,123,-277.26,5.15,321.75,0.0163,0.0532,0,collision,
1000,46,-227.98,3.57,171.08,0.0000,0.2412,0,collision,
2407,276,-61.32,9.42,639.46,0.0004,0.0235,0,collision,
2408,169,337.98,13.47,304.55,0.0000,0.0000,1,goal,
2409,50,-173.10,6.05,358.58,0.0000,0.0805,0,collision,
2410,198,-49.85,9.06,1238.33,0.0000,0.0118,0,collision,
2411,178,-160.91,6.39,557.42,0.0092,0.0548,0,collision,
2412,125,-86.73,15.42,578.88,0.0160,0.0241,0,collision,
2413,27,-178.76,11.06,30.89,0.0741,0.1412,0,collision,
2414,60,-219.37,4.27,279.48,0.0000,0.1954,0,collision,
2415,185,352.75,13.16,183.99,0.0000,0.0692,1,goal,
2416,146,-50.31,14.39,29.77,0.0137,0.0319,0,collision,
2417,77,-101.43,17.66,69.26,0.0260,0.0333,0,collision,
2418,327,229.81,6.99,966.87,0.0000,0.0219,1,goal,
2419,384,217.66,6.40,1380.57,0.0000,0.0064,1,goal,
2420,282,-89.52,9.08,477.88,0.0000,0.0610,0,collision,
2421,103,-140.74,5.38,441.02,0.0000,0.0000,0,collision,
2422,231,239.00,10.46,139.77,0.0000,0.0275,1,goal,
2423,192,349.44,12.15,431.55,0.0000,0.0554,1,goal,
2424,76,-184.91,7.64,451.03,0.0000,0.0140,0,collision,
2425,155,-144.73,9.73,299.20,0.0129,0.0203,0,collision,
2426,294,426.18,8.44,1263.92,0.0000,0.0045,1,goal,
2427,366,294.06,7.77,955.60,0.0000,0.1113,1,goal,
2428,149,353.71,17.71,-15.70,0.0000,0.0000,1,goal,
1001,276,351.79,8.86,873.24,0.0000,0.0053,1,goal,
1002,85,-228.60,2.47,233.90,0.0224,0.3364,0,collision,
1003,252,-273.89,5.40,847.25,0.0000,0.0068,0,collision,
1004,50,-204.91,3.26,175.52,0.0000,0.1690,0,collision,
1005,205,-155.54,8.28,568.56,0.0058,0.0092,0,collision,
1006,230,340.57,10.61,686.33,0.0000,0.0483,1,goal,
1007,129,-95.39,12.00,232.90,0.0155,0.0344,0,collision,
1008,106,-250.20,6.28,120.63,0.0189,0.0568,0,collision,
1009,152,-156.82,9.81,580.17,0.0000,0.0000,0,collision,
1010,231,-159.34,9.62,592.21,0.0010,0.0106,0,collision,
2429,297,-122.02,7.42,802.63,0.0000,0.1237,0,collision,
2430,265,307.03,10.56,433.19,0.0000,0.0297,1,goal,
2431,172,7.02,15.88,334.60,0.0000,0.0128,0,collision,
2432,59,-117.21,21.30,-42.97,0.0000,0.0283,0,collision,
2433,239,344.21,10.27,753.98,0.0000,0.0206,1,goal,
2434,179,-63.85,12.81,470.45,0.0000,0.0378,0,collision,
2435,180,339.87,10.66,562.18,0.0000,0.0483,1,goal,
2436,211,433.44,13.36,610.80,0.0000,0.0000,1,goal,
2437,100,-293.14,1.88,192.29,0.0091,0.0976,0,collision,
2438,238,409.54,11.65,403.57,0.0000,0.0275,1,goal,
2439,83,-126.13,9.91,246.77,0.0241,0.0494,0,collision,
2440,41,-168.70,15.20,29.85,0.0488,0.1653,0,collision,
2441,161,-199.72,9.11,349.83,0.0000,0.0424,0,collision,
2442,236,361.39,11.45,699.50,0.0000,0.0416,1,goal,
2443,111,-147.68,9.16,144.41,0.0019,0.0000,0,collision,
2444,72,-148.16,9.89,366.58,0.0278,0.0000,0,collision,
2445,226,364.23,11.98,771.61,0.0000,0.0000,1,goal,
2446,372,262.83,7.71,1159.26,0.0000,0.0023,1,goal,
2447,20,-183.73,11.07,60.45,0.0000,0.0273,0,collision,
2448,4,-199.23,1.84,8.09,0.5000,0.0000,0,collision,
2449,367,318.55,7.75,1551.01,0.0000,0.0144,1,goal,
2450,256,351.33,11.23,653.89,0.0000,0.0576,1,goal,
2451,369,356.55,7.68,1085.73,0.0000,0.0295,1,goal,
1011,87,-169.11,3.19,292.39,0.0230,0.0361,0,collision,
1012,115,-168.30,6.04,396.89,0.0099,0.1783,0,collision,
1013,168,-180.47,8.00,675.96,0.0000,0.0367,0,collision,
1014,211,-173.82,7.34,976.25,0.0000,0.0127,0,collision,
1015,44,-187.08,8.45,239.15,0.0000,0.1019,0,collision,
1016,96,-190.32,3.67,296.30,0.0096,0.0005,0,collision,
1017,173,409.25,13.47,641.48,0.0000,0.0000,1,goal,
1018,410,412.35,7.34,1916.16,0.0000,0.0000,1,goal,
1019,258,349.27,8.82,1081.12,0.0000,0.0008,1,goal,
1020,378,-155.13,6.73,1136.01,0.0053,0.0090,0,collision,
2452,271,-158.53,10.75,672.84,0.0000,0.0268,0,collision,
2453,259,-91.71,10.28,228.45,0.0002,0.0173,0,collision,
2454,220,-248.33,4.74,858.02,0.0000,0.0067,0,collision,
2455,166,-119.19,12.58,150.52,0.0000,0.0404,0,collision,
2456,342,336.28,7.36,1054.48,0.0000,0.0183,1,goal,
2457,88,-212.84,7.58,79.39,0.0000,0.0000,0,collision,
2458,154,399.20,17.63,7.59,0.0000,0.0000,1,goal,
2459,312,347.01,7.41,962.28,0.0000,0.0463,1,goal,
2460,169,-114.22,7.14,579.17,0.0000,0.0648,0,collision,
2461,234,310.31,10.38,931.98,0.0000,0.0131,1,goal,
2462,357,286.57,7.97,1614.47,0.0000,0.0017,1,goal,
2463,2,-199.94,1.04,2.51,0.0060,0.0000,0,collision,
2464,335,420.38,7.96,1066.85,0.0000,0.0110,1,goal,
2465,318,318.41,7.28,1280.25,0.0000,0.0586,1,goal,
2466,252,-227.87,5.25,750.46,0.0000,0.0642,0,collision,
2467,176,-68.93,12.60,503.94,0.0074,0.0161,0,collision,
2468,188,409.87,14.90,271.88,0.0000,0.0319,1,goal,
2469,113,-105.12,12.27,213.58,0.0000,0.0000,0,collision,
2470,90,-103.94,12.72,364.18,0.0222,0.0280,0,collision,
1021,376,-57.77,7.25,707.22,0.0000,0.0242,0,collision,
1022,118,-76.71,11.36,370.28,0.0026,0.0000,0,collision,
1023,337,182.44,6.75,885.45,0.0000,0.0511,1,goal,
1024,187,-98.51,11.85,193.98,0.0000,0.0058,0,collision,
1025,266,206.45,8.73,452.34,0.0000,0.0000,1,goal,
1026,31,-177.65,7.24,253.32,0.0286,0.0348,0,collision,
1027,270,378.93,8.42,661.14,0.0000,0.0074,1,goal,
1028,243,345.52,11.30,670.49,0.0000,0.0109,1,goal,
1029,118,-315.20,1.29,161.48,0.0000,0.2107,0,collision,
1030,211,-115.64,8.43,357.85,0.0000,0.0896,0,collision,
2471,161,-142.51,13.17,467.02,0.0000,0.0050,0,collision,
2472,333,195.42,7.41,515.97,0.0000,0.1389,1,goal,
2473,265,-334.82,3.67,723.98,0.0015,0.0000,0,collision,
2474,231,371.52,12.00,97.55,0.0000,0.0173,1,goal,
2475,228,-122.24,9.56,913.52,0.0088,0.0000,0,collision,
2476,203,-56.19,11.11,632.38,0.0099,0.0000,0,collision,
2477,447,-304.44,5.25,1025.30,0.0000,0.0192,0,collision,
2478,292,6.18,7.11,1386.44,0.0068,0.0100,0,collision,
2479,177,-120.88,9.93,126.43,0.0111,0.2212,0,collision,
2480,287,306.05,8.77,683.72,0.0000,0.0106,1,goal,
2481,152,300.81,14.82,43.61,0.0000,0.0142,1,goal,
2482,24,-205.32,1.99,48.49,0.0020,0.0000,0,collision,
2483,329,72.93,9.27,1366.02,0.0061,0.0348,0,collision,
2484,248,418.49,10.55,510.36,0.0000,0.0018,1,goal,
2485,227,399.56,10.38,579.43,0.0000,0.0000,1,goal,
2486,85,-195.56,7.68,212.56,0.0000,0.0000,0,collision,
2487,129,-143.75,10.79,370.07,0.0000,0.0000,0,collision,
2488,151,-129.38,7.73,441.88,0.0132,0.0000,0,collision,
2489,134,-234.66,6.25,86.51,0.0149,0.2626,0,collision,
1031,272,323.53,9.37,963.66,0.0000,0.0129,1,goal,
1032,95,-87.10,16.55,-75.39,0.0000,0.0211,0,collision,
1033,114,354.02,20.26,-170.92,0.0000,0.0085,1,goal,
1034,66,-180.48,10.63,182.88,0.0000,0.0308,0,collision,
1035,265,348.27,10.89,337.99,0.0000,0.0343,1,goal,
1036,438,188.98,5.66,1691.03,0.0000,0.0220,1,goal,
1037,31,-155.58,23.82,34.79,0.0645,0.0196,0,collision,
1038,382,303.96,6.62,1645.19,0.0000,0.0449,1,goal,
1039,15,-188.12,5.19,114.56,0.0000,0.0000,0,collision,
1040,330,336.48,8.69,1021.95,0.0000,0.0238,1,goal,
2490,312,-83.65,13.47,393.95,0.0016,0.0643,0,collision,
2491,255,391.54,10.16,926.23,0.0000,0.0170,1,goal,
2492,47,-147.61,13.41,149.63,0.0000,0.0345,0,collision,
2493,28,-186.49,3.90,117.08,0.0450,0.0000,0,collision,
2494,239,367.96,10.24,916.25,0.0000,0.0019,1,goal,
2495,215,-86.27,8.42,770.43,0.0093,0.0000,0,collision,
2496,91,-160.22,11.20,179.84,0.0000,0.0000,0,collision,
2497,176,-236.23,5.22,590.07,0.0000,0.0961,0,collision,
2498,282,338.68,8.24,776.33,0.0000,0.0800,1,goal,
2499,77,-134.21,16.63,55.52,0.0260,0.0614,0,collision,
2500,257,-347.63,4.29,717.63,0.0000,0.0109,0,collision,
2501,14,-185.96,6.60,143.09,0.1221,0.0000,0,collision,
2502,261,396.41,11.07,788.87,0.0000,0.0000,1,goal,
2503,230,-88.20,9.85,658.21,0.0000,0.0372,0,collision,
2504,159,384.96,14.21,328.63,0.0000,0.0000,1,goal,
2505,195,-136.71,8.58,606.64,0.0046,0.0456,0,collision,
2506,302,303.84,9.91,451.31,0.0000,0.0003,1,goal,
2507,411,-152.84,6.53,1067.51,0.0049,0.0987,0,collision,
2508,212,254.37,11.59,340.06,0.0000,0.0156,1,goal,
2509,61,-134.62,13.48,158.82,0.0328,0.0326,0,collision,
2510,313,352.17,7.51,965.73,0.0000,0.0834,1,goal,
1041,288,411.64,9.22,912.02,0.0000,0.0123,1,goal,
1042,257,432.45,9.91,837.00,0.0000,0.0000,1,goal,
1043,304,335.89,8.30,1242.66,0.0000,0.0000,1,goal,
1044,75,-130.95,11.12,236.64,0.0207,0.0328,0,collision,
1045,388,286.48,6.74,935.91,0.0000,0.0210,1,goal,
1046,317,-5.30,7.87,1783.84,0.0062,0.0022,0,collision,
1047,249,349.00,8.70,990.71,0.0000,0.1134,1,goal,
1048,174,-133.00,12.09,526.19,0.0000,0.0445,0,collision,
1049,253,296.42,9.82,591.36,0.0000,0.0000,1,goal,
1050,297,395.14,8.02,1034.83,0.0000,0.0042,1,goal,
2511,101,-167.26,8.83,282.60,0.0198,0.0000,0,collision,
2512,305,305.59,9.00,919.57,0.0000,0.0102,1,goal,
2513,248,373.36,9.91,526.60,0.0000,0.0026,1,goal,
2514,5,-199.37,4.15,40.14,0.0000,0.7570,0,collision,
2515,285,404.78,8.72,1312.08,0.0000,0.0192,1,goal,
2516,70,-122.23,12.74,319.57,0.0286,0.0000,0,collision,
2517,4,-203.30,0.52,2.71,0.5000,0.0000,0,collision,
2518,216,-130.07,6.63,873.96,0.0093,0.0068,0,collision,
2519,274,403.12,8.51,1295.45,0.0000,0.0312,1,goal,
2520,254,402.54,10.60,572.93,0.0000,0.0486,1,goal,
2521,120,-245.27,2.12,269.05,0.0105,0.1977,0,collision,
2522,152,367.40,14.77,100.34,0.0000,0.0054,1,goal,
2523,84,-128.19,11.05,298.63,0.0238,0.0991,0,collision,
2524,133,-102.23,8.67,471.52,0.0150,0.0499,0,collision,
2525,200,276.62,12.27,-89.51,0.0000,0.0101,1,goal,
2526,191,-116.49,6.63,707.43,0.0054,0.1563,0,collision,
2527,168,-212.38,6.12,454.54,0.0000,0.0100,0,collision,
2528,44,-211.79,3.58,131.51,0.0455,0.2787,0,collision,
2529,191,284.82,12.85,411.48,0.0000,0.0086,1,goal,
2530,228,374.66,11.42,337.14,0.0000,0.0103,1,goal,
2531,238,-135.14,8.91,368.11,0.0084,0.2183,0,collision,
2532,10,-197.63,4.93,65.86,0.2000,0.0000,0,collision,
2533,207,-51.52,9.10,799.22,0.0000,0.0298,0,collision,
2534,225,414.30,11.32,1006.59,0.0000,0.0366,1,goal,
2535,95,-212.71,7.15,166.30,0.0211,0.0405,0,collision,
1051,399,185.14,6.18,937.55,0.0000,0.0000,1,goal,
1052,113,-224.46,5.08,191.02,0.0000,0.3935,0,collision,
1053,72,-161.84,9.40,81.78,0.0098,0.0951,0,collision,
1054,257,-283.24,4.93,813.18,0.0000,0.0060,0,collision,
1055,317,173.68,7.09,726.69,0.0000,0.0110,1,goal,
1056,338,-114.56,6.47,1507.38,0.0000,0.0089,0,collision,
1057,218,320.18,11.13,548.31,0.0000,0.0564,1,goal,
1058,36,-183.34,5.01,158.63,0.0000,0.0000,0,collision,
1059,373,-209.25,4.46,962.24,0.0054,0.0861,0,collision,
1060,259,-59.47,10.59,484.46,0.0077,0.1061,0,collision,
2536,190,-332.97,4.80,172.91,0.0000,0.1072,0,collision,
2537,96,-178.98,5.99,162.08,0.0068,0.2154,0,collision,
2538,128,-74.13,10.44,585.84,0.0000,0.0180,0,collision,
2539,102,-85.69,12.60,392.34,0.0196,0.0877,0,collision,
2540,269,-72.59,10.39,636.31,0.0052,0.0070,0,collision,
2541,34,-219.39,2.29,84.57,0.0149,0.0000,0,collision,
2542,602,-120.40,5.00,1146.29,0.0000,0.0884,1,goal,
2543,354,399.00,7.68,982.55,0.0000,0.0157,1,goal,
2544,334,260.04,7.35,1554.89,0.0000,0.0148,1,goal,
2545,194,354.82,11.75,725.93,0.0000,0.0025,1,goal,
2546,269,-24.22,7.62,792.63,0.0074,0.0194,0,collision,
2547,430,209.54,6.70,1257.10,0.0000,0.0232,1,goal,
2548,92,344.48,25.22,-156.84,0.0000,0.0000,1,goal,
2549,271,-104.88,8.20,818.23,0.0065,0.0128,0,collision,
2550,257,387.51,11.11,164.72,0.0000,0.0192,1,goal,
2551,396,228.67,7.20,1470.16,0.0000,0.0170,1,goal,
2552,167,-8.15,17.41,-50.03,0.0120,0.0097,0,collision,
1061,225,-181.83,8.14,524.32,0.0000,0.0031,0,collision,
1062,192,-177.88,5.98,858.05,0.0104,0.0000,0,collision,
1063,166,360.00,16.33,334.23,0.0000,0.0294,1,goal,
1064,76,-132.86,8.08,494.74,0.0263,0.0208,0,collision,
1065,242,15.33,9.57,1052.53,0.0067,0.0043,0,collision,
1066,187,-146.42,7.67,668.89,0.0000,0.0000,0,collision,
1067,280,323.50,9.35,851.52,0.0000,0.0119,1,goal,
1068,286,-448.81,2.86,552.90,0.0000,0.0225,0,collision,
1069,98,-125.07,11.74,136.22,0.0000,0.0281,0,collision,
1070,275,335.31,11.06,681.95,0.0000,0.0206,1,goal,
2553,128,-140.61,13.13,377.20,0.0000,0.0266,0,collision,
2554,310,-128.98,9.67,865.58,0.0000,0.0084,0,collision,
2555,287,337.61,9.72,790.78,0.0000,0.0626,1,goal,
2556,32,-227.35,1.71,60.43,0.0000,0.0000,0,collision,
2557,67,-116.40,22.18,-55.61,0.0000,0.0463,0,collision,
2558,318,241.24,8.52,660.94,0.0000,0.0360,1,goal,
2559,52,-144.32,13.02,77.98,0.0000,0.0847,0,collision,
2560,100,-111.40,15.44,128.66,0.0200,0.0320,0,collision,
2561,30,-184.68,3.57,129.42,0.0067,0.0000,0,collision,
2562,387,217.94,6.81,1203.85,0.0000,0.0214,1,goal,
2563,235,323.98,9.82,874.09,0.0000,0.0153,1,goal,
2564,330,280.68,8.45,1021.12,0.0000,0.0552,1,goal,
2565,231,-13.44,12.07,620.82,0.0087,0.0032,0,collision,
2566,158,379.49,15.59,405.82,0.0000,0.0340,1,goal,
2567,350,349.25,7.97,1232.74,0.0000,0.0149,1,goal,
2568,260,348.55,11.16,808.44,0.0000,0.0208,1,goal,
2569,233,289.84,10.63,692.11,0.0000,0.0354,1,goal,
2570,221,303.23,12.66,164.78,0.0000,0.0000,1,goal,
1071,127,-54.29,16.62,201.26,0.0000,0.0171,0,collision,
1072,193,393.53,12.04,590.49,0.0000,0.0182,1,goal,
1073,77,-195.96,5.71,331.40,0.0000,0.0000,0,collision,
1074,185,345.36,13.65,263.96,0.0000,0.0000,1,goal,
1075,229,432.09,12.21,730.35,0.0000,0.0034,1,goal,
1076,285,305.12,8.67,707.71,0.0000,0.0130,1,goal,
1077,159,-113.84,8.91,275.72,0.0000,0.1414,0,collision,
1078,215,414.05,14.04,438.58,0.0000,0.0012,1,goal,
1079,46,-182.82,10.03,218.41,0.0000,0.0000,0,collision,
1080,122,311.26,18.12,127.72,0.0000,0.0251,1,goal,
2571,494,-247.20,8.75,561.58,0.0040,0.0163,0,collision,
2572,387,285.91,6.90,1494.03,0.0000,0.0177,1,goal,
2573,157,328.25,16.63,-159.59,0.0000,0.0455,1,goal,
2574,294,-114.24,5.94,898.96,0.0068,0.0927,0,collision,
2575,82,-199.69,6.48,403.47,0.0244,0.0150,0,collision,
2576,42,-177.94,5.49,187.95,0.0000,0.0000,0,collision,
2577,551,-133.40,5.33,1100.44,0.0000,0.0333,1,goal,
2578,350,240.16,7.49,928.94,0.0000,0.0268,1,goal,
2579,236,368.11,9.74,1273.92,0.0000,0.0000,1,goal,
2580,223,-324.80,6.43,278.49,0.0090,0.0368,0,collision,
2581,56,-149.94,15.63,85.49,0.0357,0.0202,0,collision,
2582,78,-115.06,16.52,-10.80,0.0256,0.1022,0,collision,
2583,129,-113.80,10.45,243.60,0.0155,0.0096,0,collision,
2584,22,-180.75,9.31,105.01,0.0032,0.0422,0,collision,
2585,117,-160.69,12.99,226.09,0.0171,0.0467,0,collision,
2586,138,367.68,20.12,-181.99,0.0000,0.0000,1,goal,
2587,62,-120.93,18.00,-139.44,0.0000,0.0000,0,collision,
2588,78,-116.64,13.16,301.97,0.0195,0.0190,0,collision,
2589,248,375.56,10.83,438.23,0.0000,0.0051,1,goal,
2590,227,-51.00,10.76,708.07,0.0088,0.0031,0,collision,
2591,92,-161.45,9.11,160.47,0.0217,0.3246,0,collision,
2592,145,358.05,18.90,-32.57,0.0000,0.0106,1,goal,
2593,41,-220.84,4.02,139.12,0.0000,0.1808,0,collision,
1081,106,-228.42,5.08,368.97,0.0189,0.2399,0,collision,
1082,325,457.26,8.57,1629.22,0.0000,0.0266,1,goal,
1083,39,-156.00,17.73,-16.04,0.0000,0.0075,0,collision,
1084,55,-130.92,14.65,121.87,0.0000,0.0409,0,collision,
1085,225,-107.02,9.51,238.79,0.0089,0.1864,0,collision,
1086,43,-147.52,16.93,142.73,0.0000,0.0000,0,collision,
1087,125,-97.80,14.72,37.39,0.0160,0.0933,0,collision,
1088,123,-145.50,12.72,484.93,0.0000,0.0749,0,collision,
1089,108,-195.93,6.43,627.52,0.0185,0.1546,0,collision,
1090,107,-69.78,21.50,-195.85,0.0187,0.0214,0,collision,
2594,268,-213.21,7.93,838.24,0.0075,0.0033,0,collision,
2595,265,416.23,11.19,952.08,0.0000,0.0000,1,goal,
2596,158,-134.61,10.80,328.00,0.0127,0.0000,0,collision,
2597,205,-226.44,5.36,340.96,0.0098,0.3059,0,collision,
2598,109,340.69,24.31,-153.91,0.0000,0.0000,1,goal,
2599,24,-184.55,5.36,151.35,0.0382,0.0228,0,collision,
2600,151,-130.08,8.37,370.35,0.0132,0.0645,0,collision,
2601,69,-113.94,14.36,223.83,0.0000,0.0112,0,collision,
2602,30,-174.16,9.31,117.20,0.0000,0.0673,0,collision,
2603,73,-107.89,23.91,-57.92,0.0000,0.0103,0,collision,
2604,168,373.08,17.23,322.66,0.0000,0.0272,1,goal,
2605,239,8.24,10.86,858.51,0.0084,0.0174,0,collision,
2606,56,-186.97,5.02,196.02,0.0208,0.1979,0,collision,
2607,15,-189.52,4.38,90.74,0.0000,0.0000,0,collision,
2608,67,-189.22,14.17,93.87,0.0000,0.0090,0,collision,
2609,108,-120.41,10.93,357.70,0.0027,0.0826,0,collision,
2610,162,390.34,16.68,342.40,0.0000,0.0000,1,goal,
2611,169,320.35,14.79,446.18,0.0000,0.0000,1,goal,
2612,99,-102.90,15.23,-23.08,0.0000,0.0879,0,collision,
2613,119,-88.14,13.17,61.83,0.0168,0.0678,0,collision,
2614,325,284.58,7.28,1014.14,0.0000,0.0296,1,goal,
2615,221,413.80,11.66,525.57,0.0000,0.0124,1,goal,
2616,70,-117.33,19.02,51.11,0.0054,0.0274,0,collision,
2617,232,-62.96,8.32,691.66,0.0000,0.0829,0,collision,
2618,176,376.56,16.52,103.07,0.0000,0.0000,1,goal,
2619,224,1.46,10.21,1116.98,0.0089,0.0241,0,collision,
2620,164,-11.44,15.50,102.98,0.0122,0.0425,0,collision,
2621,112,-169.31,6.19,409.42,0.0004,0.2143,0,collision,
2622,205,374.76,13.45,478.01,0.0000,0.0195,1,goal,
1091,263,375.09,9.23,1047.56,0.0000,0.0092,1,goal,
1092,243,-103.98,7.44,849.95,0.0000,0.0435,0,collision,
1093,152,354.36,10.94,825.29,0.0000,0.0584,1,goal,
1094,304,211.08,8.75,494.22,0.0000,0.0015,1,goal,
1095,81,-184.38,9.18,267.95,0.0247,0.0144,0,collision,
1096,107,-166.95,12.36,175.07,0.0082,0.0798,0,collision,
1097,178,-75.74,8.86,734.14,0.0075,0.0124,0,collision,
1098,60,-140.04,15.79,1.25,0.0333,0.0312,0,collision,
1099,217,-40.89,12.98,632.67,0.0000,0.0019,0,collision,
1100,271,367.22,10.11,778.37,0.0000,0.0320,1,goal,
2623,101,-209.71,7.24,272.17,0.0198,0.0331,0,collision,
2624,154,-187.52,8.14,529.11,0.0130,0.0011,0,collision,
2625,30,-186.81,14.76,64.53,0.0000,0.0869,0,collision,
2626,74,-107.33,15.96,-54.28,0.0000,0.0410,0,collision,
2627,197,405.54,12.16,452.17,0.0000,0.0015,1,goal,
2628,142,-77.30,10.83,532.85,0.0136,0.0186,0,collision,
2629,89,-99.98,15.72,184.16,0.0000,0.0382,0,collision,
2630,334,-122.98,7.96,884.35,0.0000,0.0419,0,collision,
2631,295,427.61,9.08,1236.71,0.0000,0.0101,1,goal,
2632,213,433.41,11.39,852.48,0.0000,0.0000,1,goal,
2633,254,-163.67,7.07,530.51,0.0079,0.0767,0,collision,
2634,401,221.36,6.83,856.35,0.0000,0.1298,1,goal,
2635,321,427.82,8.10,1079.40,0.0000,0.0101,1,goal,
2636,241,440.27,12.20,759.30,0.0000,0.0058,1,goal,
2637,69,-146.16,8.39,460.68,0.0290,0.1199,0,collision,
2638,298,389.16,8.49,1130.80,0.0000,0.0033,1,goal,
2639,394,233.42,6.59,1059.53,0.0000,0.0166,1,goal,
2640,294,391.44,8.47,1304.77,0.0000,0.0267,1,goal,
2641,182,-58.82,6.80,922.96,0.0000,0.0000,0,collision,
2642,13,-187.15,6.59,122.38,0.1538,0.0000,0,collision,
1101,130,-219.71,3.66,235.44,0.0154,0.0714,0,collision,
1102,136,-151.58,4.84,630.57,0.0000,0.0016,0,collision,
1103,21,-210.14,1.25,22.18,0.0000,0.0000,0,collision,
1104,304,-47.61,6.76,1490.92,0.0066,0.0053,0,collision,
1105,332,320.74,8.74,1139.75,0.0000,0.0196,1,goal,
1106,281,-95.40,6.61,1495.97,0.0071,0.0069,0,collision,
1107,223,-123.30,7.58,574.28,0.0090,0.0154,0,collision,
1108,175,-202.37,3.11,533.90,0.0049,0.0147,0,collision,
1109,445,304.11,5.60,1874.27,0.0000,0.0252,1,goal,
1110,448,275.90,6.10,1835.41,0.0000,0.0265,1,goal,
2643,89,-226.98,4.31,360.61,0.0225,0.1187,0,collision,
2644,40,-171.00,8.06,209.73,0.0000,0.0165,0,collision,
2645,379,85.63,6.75,2187.45,0.0053,0.0032,0,collision,
2646,10,-205.82,1.91,26.17,0.2000,0.0000,0,collision,
2647,232,-69.82,7.97,1290.89,0.0000,0.0000,0,collision,
2648,372,-42.35,5.78,1979.66,0.0000,0.0005,0,collision,
2649,423,316.91,6.48,1583.03,0.0000,0.0020,1,goal,
2650,398,328.70,6.76,1318.28,0.0000,0.0099,1,goal,
2651,11,-196.37,3.50,71.13,0.0000,0.0000,0,collision,
2652,46,-184.39,5.84,215.93,0.0435,0.1366,0,collision,
2653,321,-60.08,5.96,1135.95,0.0062,0.0067,0,collision,
2654,439,177.68,5.98,1359.81,0.0000,0.0037,1,goal,
2655,145,-254.62,4.99,449.07,0.0017,0.0428,0,collision,
2656,411,304.11,6.90,1610.72,0.0000,0.0406,1,goal,
2657,307,379.82,7.25,1310.11,0.0000,0.0278,1,goal,
2658,37,-166.81,7.16,288.93,0.0000,0.0777,0,collision,
2659,157,-103.28,7.79,459.33,0.0054,0.0000,0,collision,
2660,320,167.90,8.94,541.25,0.0000,0.0057,1,goal,
1111,260,304.95,9.48,755.26,0.0000,0.0159,1,goal,
1112,131,-132.70,10.26,294.36,0.0000,0.0774,0,collision,
1113,169,-120.51,9.38,547.05,0.0000,0.0000,0,collision,
1114,268,400.14,10.57,962.48,0.0000,0.0018,1,goal,
1115,197,-9.12,10.22,995.64,0.0000,0.0148,0,collision,
1116,354,306.17,7.70,1060.09,0.0000,0.0267,1,goal,
1117,60,-171.10,9.82,229.25,0.0000,0.0000,0,collision,
1118,43,-176.40,13.39,192.59,0.0465,0.0000,0,collision,
1119,234,364.61,10.60,765.54,0.0000,0.0000,1,goal,
1120,138,-149.66,4.57,684.02,0.0145,0.0204,0,collision,
2661,255,-232.32,6.57,736.85,0.0078,0.0139,0,collision,
2662,274,325.87,8.50,583.30,0.0000,0.0967,1,goal,
2663,65,-159.34,6.46,141.31,0.0017,0.0000,0,collision,
2664,421,256.24,6.27,1605.09,0.0000,0.1581,1,goal,
2665,289,-329.96,5.16,831.21,0.0069,0.0000,0,collision,
2666,169,-256.48,8.11,253.78,0.0118,0.0026,0,collision,
2667,14,-191.95,4.27,69.18,0.0000,0.0295,0,collision,
2668,90,-192.36,6.32,58.82,0.0000,0.1059,0,collision,
2669,237,387.04,9.81,747.91,0.0000,0.0000,1,goal,
2670,307,-57.55,7.54,1089.16,0.0065,0.1245,0,collision,
2671,153,-125.85,10.30,161.65,0.0117,0.0299,0,collision,
2672,346,483.59,8.05,1523.44,0.0000,0.0024,1,goal,
2673,403,169.99,6.26,1059.24,0.0000,0.0057,1,goal,
2674,239,448.03,10.76,687.26,0.0000,0.0000,1,goal,
2675,393,330.01,6.96,1566.09,0.0000,0.0239,1,goal,
2676,385,-40.00,6.73,972.76,0.0052,0.0114,0,collision,
1121,88,-156.96,10.62,417.02,0.0000,0.0107,0,collision,
1122,338,213.37,7.22,803.10,0.0000,0.0812,1,goal,
1123,77,-149.10,10.28,212.80,0.0260,0.0491,0,collision,
1124,274,-170.86,10.16,551.51,0.0073,0.0029,0,collision,
1125,23,-199.15,4.71,108.21,0.0241,0.0647,0,collision,
1126,63,-121.98,20.70,17.95,0.0095,0.0235,0,collision,
1127,203,364.87,13.54,277.53,0.0000,0.0038,1,goal,
1128,326,290.86,7.13,968.06,0.0000,0.0455,1,goal,
1129,281,-124.34,8.10,825.14,0.0015,0.0304,0,collision,
1130,494,130.07,5.83,1669.30,0.0000,0.0020,1,goal,
2677,125,-229.59,3.27,410.96,0.0000,0.0310,0,collision,
2678,221,279.77,10.98,341.79,0.0000,0.1084,1,goal,
2679,110,-55.75,20.38,-200.02,0.0000,0.0172,0,collision,
2680,179,-5.43,11.09,785.76,0.0000,0.0036,0,collision,
2681,72,-125.63,21.12,-90.44,0.0000,0.0469,0,collision,
2682,23,-188.68,15.77,124.43,0.0870,0.0351,0,collision,
2683,27,-180.41,7.67,146.05,0.0741,0.0793,0,collision,
2684,136,-154.81,8.22,215.07,0.0000,0.0441,0,collision,
2685,111,-77.12,13.72,80.89,0.0180,0.0238,0,collision,
2686,39,-184.15,15.91,108.77,0.0000,0.0170,0,collision,
2687,17,-185.05,12.29,115.44,0.1176,0.0899,0,collision,
2688,154,358.05,18.29,-197.30,0.0000,0.0000,1,goal,
2689,153,-141.74,5.89,537.60,0.0000,0.0000,0,collision,
2690,325,-19.60,8.36,565.77,0.0000,0.0087,0,collision,
2691,203,-66.44,11.20,344.39,0.0010,0.0152,0,collision,
2692,267,320.97,8.70,1063.07,0.0000,0.0175,1,goal,
2693,194,-95.93,11.56,6.74,0.0103,0.0527,0,collision,
2694,259,396.72,8.96,952.01,0.0000,0.0531,1,goal,
2695,134,-122.83,11.47,334.89,0.0000,0.0248,0,collision,
2696,392,297.52,7.35,1766.47,0.0000,0.0374,1,goal,
2697,88,-170.98,5.03,259.97,0.0000,0.0096,0,collision,
2698,48,-137.66,19.96,2.95,0.0417,0.0101,0,collision,
2699,247,379.81,9.77,753.13,0.0000,0.0055,1,goal,
2700,305,382.03,9.82,987.46,0.0000,0.0027,1,goal,
2701,53,-196.81,4.25,254.65,0.0000,0.3470,0,collision,
1131,120,-213.89,6.02,504.07,0.0167,0.0000,0,collision,
1132,366,412.76,6.37,1608.45,0.0000,0.0310,1,goal,
1133,79,-201.14,4.85,407.42,0.0253,0.0124,0,collision,
1134,148,385.46,15.64,143.43,0.0000,0.0000,1,goal,
1135,36,-162.32,9.15,220.17,0.0556,0.1356,0,collision,
1136,222,385.81,11.98,335.13,0.0000,0.0174,1,goal,
1137,14,-186.87,6.24,136.93,0.1429,0.0000,0,collision,
1138,326,298.26,8.06,1224.97,0.0000,0.0023,1,goal,
1139,17,-185.15,8.21,150.47,0.0299,0.0000,0,collision,
1140,213,-121.85,6.30,671.90,0.0000,0.0295,0,collision,
2702,527,-177.48,6.08,1928.66,0.0038,0.0000,0,collision,
2703,23,-196.52,4.21,110.46,0.0626,0.1057,0,collision,
2704,349,334.86,7.43,926.32,0.0000,0.0494,1,goal,
2705,8,-203.79,1.40,8.43,0.0000,0.0000,0,collision,
2706,363,405.42,7.81,1242.02,0.0000,0.0713,1,goal,
2707,379,397.91,7.45,1201.24,0.0000,0.0108,1,goal,
2708,233,-159.82,7.99,1038.84,0.0000,0.0558,0,collision,
2709,85,-244.30,2.46,229.17,0.0000,0.0000,0,collision,
2710,195,-42.21,10.34,647.02,0.0020,0.0091,0,collision,
2711,91,-225.63,4.44,326.73,0.0220,0.0214,0,collision,
2712,168,-255.21,4.27,630.04,0.0074,0.0000,0,collision,
2713,69,-133.73,9.10,266.63,0.0000,0.0225,0,collision,
2714,498,194.65,5.07,2029.70,0.0000,0.0181,1,goal,
2715,196,370.10,9.73,838.65,0.0000,0.0311,1,goal,
2716,303,382.09,8.52,890.67,0.0000,0.0333,1,goal,
2717,193,-96.37,7.61,715.51,0.0042,0.0046,0,collision,
2718,179,-177.49,6.72,424.21,0.0112,0.0778,0,collision,
2719,212,416.22,10.74,927.27,0.0000,0.0149,1,goal,
2720,222,-69.82,8.61,613.75,0.0000,0.0342,0,collision,
1141,193,-110.64,8.78,623.96,0.0000,0.0898,0,collision,
1142,252,276.24,10.01,509.84,0.0000,0.0030,1,goal,
1143,2,-200.40,1.04,2.51,0.6850,0.2922,0,collision,
1144,28,-210.96,2.55,80.47,0.0620,0.0053,0,collision,
1145,95,-196.80,3.45,351.39,0.0000,0.1073,0,collision,
1146,127,-180.67,5.44,386.04,0.0000,0.1984,0,collision,
1147,146,-109.45,13.78,-11.18,0.0137,0.1676,0,collision,
1148,73,-142.16,14.91,-42.25,0.0274,0.1266,0,collision,
1149,269,299.49,9.26,613.04,0.0000,0.1077,1,goal,
1150,61,-137.37,11.56,220.00,0.0139,0.0000,0,collision,
2721,110,-103.37,13.67,115.66,0.0000,0.1121,0,collision,
2722,41,-156.54,11.69,82.43,0.0488,0.0066,0,collision,
2723,46,-162.23,14.74,56.09,0.0435,0.1657,0,collision,
2724,74,-190.06,9.62,190.33,0.0000,0.0000,0,collision,
2725,264,-58.83,8.33,903.96,0.0000,0.0740,0,collision,
2726,217,418.02,13.85,-35.74,0.0000,0.0178,1,goal,
2727,59,-150.06,10.90,89.17,0.0339,0.0717,0,collision,
2728,66,-116.86,18.36,-32.78,0.0303,0.0219,0,collision,
2729,37,-171.22,8.60,285.86,0.0541,0.1770,0,collision,
2730,590,-520.37,3.83,1360.27,0.0034,0.0133,0,collision,
2731,53,-171.53,6.71,235.45,0.0000,0.0801,0,collision,
2732,269,436.07,9.81,786.55,0.0000,0.0165,1,goal,
2733,100,-115.07,15.47,149.16,0.0000,0.0183,0,collision,
2734,372,314.42,7.46,977.95,0.0000,0.0547,1,goal,
2735,53,-203.54,7.61,128.42,0.0295,0.0242,0,collision,
2736,248,333.85,11.13,552.12,0.0000,0.0379,1,goal,
2737,409,135.59,6.09,681.54,0.0000,0.1141,1,goal,
2738,67,-169.82,12.17,162.01,0.0215,0.0903,0,collision,
2739,194,-158.01,5.84,957.75,0.0000,0.0079,0,collision,
2740,218,398.59,12.50,261.09,0.0000,0.0151,1,goal,
2741,313,430.83,9.06,1264.55,0.0000,0.0466,1,goal,
1151,236,-37.37,10.03,361.48,0.0085,0.0093,0,collision,
1152,385,-197.69,6.27,1315.57,0.0000,0.0088,0,collision,
1153,272,278.76,8.23,815.58,0.0000,0.0000,1,goal,
1154,292,405.22,9.73,990.83,0.0000,0.0645,1,goal,
1155,290,128.16,8.48,23.25,0.0000,0.0160,1,goal,
1156,280,-75.59,6.87,1438.27,0.0000,0.0000,0,collision,
1157,281,-186.81,7.96,763.10,0.0071,0.0829,0,collision,
1158,259,-72.75,7.12,904.73,0.0077,0.0470,0,collision,
1159,8,-194.58,4.09,59.57,0.2500,0.0000,0,collision,
1160,184,-141.47,7.33,896.74,0.0109,0.0154,0,collision,
2742,555,-295.12,5.83,1471.80,0.0000,0.0200,0,collision,
2743,88,-227.07,4.96,300.75,0.0227,0.0171,0,collision,
2744,366,234.28,7.84,1351.89,0.0000,0.0228,1,goal,
2745,377,-493.61,3.09,956.21,0.0000,0.0339,0,collision,
2746,256,282.78,7.85,1099.67,0.0000,0.0386,1,goal,
2747,102,-132.76,11.15,238.23,0.0196,0.0000,0,collision,
2748,67,-147.82,10.30,157.77,0.0000,0.0921,0,collision,
2749,302,-146.78,6.94,1096.62,0.0000,0.0309,0,collision,
2750,54,-133.55,15.95,75.41,0.0319,0.0000,0,collision,
2751,75,-148.60,6.26,434.99,0.0000,0.0354,0,collision,
2752,16,-211.51,0.94,16.40,0.1250,0.0000,0,collision,
2753,283,341.23,10.07,1009.69,0.0000,0.0090,1,goal,
2754,61,-189.11,7.86,332.01,0.0000,0.0430,0,collision,
2755,285,382.30,9.70,1126.78,0.0000,0.0030,1,goal,
2756,161,387.28,14.61,278.43,0.0000,0.0000,1,goal,
2757,267,329.93,9.23,726.16,0.0000,0.0000,1,goal,
2758,112,-215.43,3.50,340.61,0.0049,0.1720,0,collision,
2759,248,-101.45,8.79,1182.43,0.0000,0.0044,0,collision,
2760,33,-174.09,13.73,87.64,0.0606,0.0620,0,collision,
2761,142,-207.05,5.89,362.36,0.0000,0.1889,0,collision,
2762,67,-172.48,3.71,256.13,0.0299,0.0000,0,collision,
2763,321,162.37,6.87,847.67,0.0000,0.0609,1,goal,
2764,228,300.65,11.56,366.34,0.0000,0.0113,1,goal,
1161,205,402.39,11.63,558.72,0.0000,0.0214,1,goal,
1162,78,-145.87,9.58,134.59,0.0000,0.0419,0,collision,
1163,65,-174.32,9.87,354.04,0.0308,0.0257,0,collision,
1164,271,303.11,9.26,1111.22,0.0000,0.0694,1,goal,
1165,308,250.52,9.20,544.88,0.0000,0.0209,1,goal,
1166,215,-89.55,9.56,596.00,0.0000,0.0189,0,collision,
1167,47,-141.48,17.48,11.83,0.0426,0.0418,0,collision,
1168,108,-178.76,6.10,575.28,0.0185,0.0073,0,collision,
1169,387,249.28,6.38,1092.32,0.0000,0.0379,1,goal,
1170,91,-137.52,8.86,282.63,0.0000,0.0122,0,collision,
2765,149,-275.44,3.32,278.88,0.0134,0.0152,0,collision,
2766,170,336.59,13.89,318.06,0.0000,0.0176,1,goal,
2767,217,-134.40,10.01,354.59,0.0077,0.0021,0,collision,
2768,447,206.77,5.97,1596.99,0.0000,0.0436,1,goal,
2769,26,-197.31,2.88,84.03,0.0000,0.0934,0,collision,
2770,342,-112.12,8.51,846.34,0.0000,0.0627,0,collision,
2771,321,250.01,8.96,1002.99,0.0000,0.0120,1,goal,
2772,245,356.86,9.96,603.34,0.0000,0.0011,1,goal,
2773,129,-70.81,14.09,103.44,0.0155,0.0142,0,collision,
2774,316,416.57,9.00,1046.09,0.0000,0.0510,1,goal,
2775,85,-110.33,14.15,248.27,0.0043,0.0363,0,collision,
2776,223,373.07,12.74,803.48,0.0000,0.0091,1,goal,
2777,314,360.55,7.85,1269.77,0.0000,0.1207,1,goal,
2778,158,357.72,14.18,196.70,0.0000,0.0112,1,goal,
2779,182,361.38,12.33,303.01,0.0000,0.0033,1,goal,
2780,194,326.93,15.66,200.32,0.0000,0.0042,1,goal,
2781,59,-211.95,4.48,280.75,0.0000,0.0000,0,collision,
2782,42,-167.75,6.79,300.81,0.0476,0.0000,0,collision,
2783,62,-141.51,10.18,136.90,0.0323,0.0390,0,collision,
2784,196,-219.34,9.66,46.63,0.0000,0.0383,0,collision,
1171,66,-113.96,18.53,-29.74,0.0303,0.0314,0,collision,
1172,90,-122.57,14.54,-42.64,0.0222,0.1248,0,collision,
1173,212,337.33,12.89,437.24,0.0000,0.0096,1,goal,
1174,191,314.68,13.73,63.68,0.0000,0.0000,1,goal,
1175,38,-161.86,10.47,205.79,0.0000,0.1153,0,collision,
1176,338,96.56,7.32,509.98,0.0000,0.0177,1,goal,
1177,236,-312.46,7.15,145.80,0.0000,0.0701,0,collision,
1178,222,299.35,13.09,206.84,0.0000,0.0216,1,goal,
1179,40,-173.42,12.19,78.51,0.0000,0.0675,0,collision,
1180,192,326.65,11.96,636.18,0.0000,0.0000,1,goal,
2785,386,-126.77,10.05,924.01,0.0000,0.0438,0,collision,
2786,120,-168.96,8.41,292.89,0.0000,0.0108,0,collision,
2787,164,347.21,14.29,624.61,0.0000,0.0000,1,goal,
2788,56,-134.92,14.85,71.99,0.0357,0.0186,0,collision,
2789,111,-62.92,22.74,-25.35,0.0180,0.0063,0,collision,
2790,238,-251.86,5.99,378.56,0.0084,0.0515,0,collision,
2791,177,-102.73,13.05,413.99,0.0113,0.0417,0,collision,
2792,162,306.29,14.48,231.25,0.0000,0.0000,1,goal,
2793,69,-139.54,12.34,243.76,0.0290,0.0138,0,collision,
2794,192,-162.64,7.54,620.26,0.0054,0.0751,0,collision,
2795,210,-285.15,6.41,555.29,0.0000,0.0623,0,collision,
2796,94,-91.74,17.64,-81.11,0.0027,0.0169,0,collision,
2797,39,-185.67,3.84,177.01,0.0379,0.0000,0,collision,
2798,373,-269.42,7.62,714.57,0.0036,0.0241,0,collision,
2799,224,327.30,11.55,820.28,0.0000,0.0882,1,goal,
2800,308,348.86,8.98,284.18,0.0000,0.0981,1,goal,
2801,185,360.74,15.39,95.79,0.0000,0.0205,1,goal,
2802,268,335.28,10.25,802.84,0.0000,0.0365,1,goal,
2803,31,-179.50,19.19,10.71,0.0387,0.0368,0,collision,
2804,133,-98.87,13.12,292.00,0.0150,0.0186,0,collision,
2805,127,349.08,16.94,299.68,0.0000,0.0000,1,goal,
2806,70,-96.41,29.32,-187.70,0.0000,0.0245,0,collision,
2807,8,-205.03,1.61,14.72,0.0000,0.0000,0,collision,
2808,71,-215.33,2.95,181.55,0.0081,0.2614,0,collision,
2809,58,-133.05,14.60,175.23,0.0000,0.0241,0,collision,
2810,66,-115.39,16.78,154.42,0.0000,0.0265,0,collision,
2811,83,-127.18,13.73,211.44,0.0000,0.0485,0,collision,
2812,128,-80.79,16.75,129.40,0.0000,0.0190,0,collision,
2813,24,-186.86,14.86,93.39,0.0833,0.0528,0,collision,
2814,121,-201.46,5.66,145.28,0.0000,0.1970,0,collision,
1181,45,-184.31,8.50,217.72,0.0444,0.0000,0,collision,
1182,255,-102.61,9.30,1156.25,0.0078,0.0205,0,collision,
1183,299,-261.67,4.38,855.09,0.0000,0.1222,0,collision,
1184,73,-124.84,20.25,-77.18,0.0089,0.0547,0,collision,
1185,287,398.96,8.67,1102.68,0.0000,0.0090,1,goal,
1186,271,403.18,10.72,540.17,0.0000,0.0103,1,goal,
1187,75,-178.78,8.59,331.06,0.0000,0.0995,0,collision,
1188,128,-131.12,7.70,184.97,0.0000,0.0211,0,collision,
1189,100,-97.40,11.88,227.16,0.0000,0.0089,0,collision,
1190,125,-164.11,12.33,219.50,0.0000,0.2201,0,collision,
2815,177,-277.65,4.55,185.34,0.0113,0.0245,0,collision,
2816,42,-146.33,19.91,-67.43,0.0000,0.0427,0,collision,
2817,274,322.94,10.53,574.41,0.0000,0.0253,1,goal,
2818,102,-70.97,23.75,-83.49,0.0000,0.0000,0,collision,
2819,250,-294.72,4.82,401.86,0.0080,0.0038,0,collision,
2820,109,-130.51,12.80,339.62,0.0134,0.0025,0,collision,
2821,172,378.86,14.13,215.13,0.0000,0.1006,1,goal,
2822,181,346.72,13.02,375.72,0.0000,0.0051,1,goal,
2823,211,304.25,11.73,554.52,0.0000,0.0048,1,goal,
2824,130,356.20,17.88,-86.65,0.0000,0.0232,1,goal,
2825,196,335.88,14.47,608.19,0.0000,0.0649,1,goal,
2826,72,-170.51,11.52,-44.71,0.0278,0.2999,0,collision,
2827,137,-189.17,7.39,405.39,0.0041,0.0070,0,collision,
2828,327,-107.69,6.35,1030.12,0.0000,0.0416,0,collision,
2829,48,-142.40,12.62,139.50,0.0000,0.0324,0,collision,
2830,280,-131.58,9.48,793.09,0.0000,0.0095,0,collision,
2831,384,-141.39,6.79,1028.81,0.0000,0.0029,0,collision,
2832,46,-172.89,14.32,27.69,0.0435,0.0286,0,collision,
2833,292,259.89,9.68,624.25,0.0000,0.0306,1,goal,
2834,194,358.04,14.43,390.28,0.0000,0.0309,1,goal,
2835,299,-115.78,7.57,1049.54,0.0000,0.0567,0,collision,
1191,218,-35.28,8.16,1197.15,0.0092,0.0453,0,collision,
1192,159,360.89,14.51,499.88,0.0000,0.0638,1,goal,
1193,199,297.08,13.38,156.38,0.0000,0.0103,1,goal,
1194,174,344.88,13.39,59.82,0.0000,0.0279,1,goal,
1195,220,-36.72,12.35,705.05,0.0015,0.0000,0,collision,
1196,345,323.15,7.05,1336.02,0.0000,0.0253,1,goal,
1197,26,-188.97,3.82,124.98,0.0000,0.0857,0,collision,
1198,253,350.67,9.74,1149.57,0.0000,0.1427,1,goal,
1199,180,-18.46,12.56,446.50,0.0111,0.0416,0,collision,
1200,46,-180.94,9.77,335.36,0.0435,0.0000,0,collision,
2836,482,-47.78,10.15,1069.07,0.0000,0.0182,0,collision,
2837,145,-220.49,4.71,615.21,0.0000,0.0461,0,collision,
2838,256,367.52,9.96,689.56,0.0000,0.0103,1,goal,
2839,166,-31.90,12.39,744.71,0.0109,0.0059,0,collision,
2840,224,413.52,12.36,586.28,0.0000,0.0256,1,goal,
2841,307,435.98,9.44,1016.90,0.0000,0.0000,1,goal,
2842,246,409.41,10.94,818.83,0.0000,0.0022,1,goal,
2843,54,-166.92,5.93,284.87,0.0370,0.0000,0,collision,
2844,270,272.67,8.40,736.56,0.0000,0.0564,1,goal,
2845,177,-51.91,7.04,995.71,0.0000,0.0000,0,collision,
2846,212,316.56,11.67,559.33,0.0000,0.0061,1,goal,
2847,10,-198.08,3.38,65.34,0.0000,0.0000,0,collision,
2848,326,395.80,7.71,1084.08,0.0000,0.0338,1,goal,
2849,345,-192.35,8.67,279.33,0.0058,0.0321,0,collision,
2850,164,-202.22,8.43,234.85,0.0000,0.0153,0,collision,
2851,298,390.70,8.61,999.06,0.0000,0.0308,1,goal,
2852,76,-185.72,8.91,116.95,0.0000,0.0009,0,collision,
2853,386,373.20,6.53,1695.17,0.0000,0.0102,1,goal,
1201,144,-74.24,9.35,516.28,0.0139,0.0193,0,collision,
1202,214,-202.15,5.07,665.45,0.0093,0.0482,0,collision,
1203,54,-254.82,1.07,62.44,0.0000,0.2517,0,collision,
1204,207,-153.98,10.89,487.91,0.0000,0.0044,0,collision,
1205,130,-133.82,7.60,483.58,0.0154,0.0299,0,collision,
1206,335,155.74,6.83,564.36,0.0000,0.0170,1,goal,
1207,411,171.16,5.45,1301.62,0.0000,0.0219,1,goal,
1208,224,405.06,10.36,893.01,0.0000,0.0048,1,goal,
1209,251,365.25,9.44,980.30,0.0000,0.0088,1,goal,
1210,337,-116.60,7.33,1272.34,0.0000,0.0464,0,collision,
2854,324,-221.16,6.40,1081.48,0.0000,0.0023,0,collision,
2855,149,-122.33,8.56,458.67,0.0134,0.0996,0,collision,
2856,459,-349.75,4.95,1907.09,0.0023,0.0614,0,collision,
2857,99,-210.42,6.54,285.06,0.0000,0.0110,0,collision,
2858,131,-225.98,1.95,263.69,0.0153,0.0000,0,collision,
2859,308,-96.10,8.01,604.91,0.0000,0.0245,0,collision,
2860,376,-38.71,6.96,1545.34,0.0000,0.0287,0,collision,
2861,96,-188.41,6.71,267.80,0.0043,0.0000,0,collision,
2862,37,-236.24,1.53,62.70,0.0000,0.0399,0,collision,
2863,301,-28.06,9.75,527.82,0.0066,0.0087,0,collision,
2864,317,336.91,8.07,1229.42,0.0000,0.0140,1,goal,
2865,424,271.98,6.47,1340.64,0.0000,0.0136,1,goal,
2866,292,384.58,8.35,1179.26,0.0000,0.0066,1,goal,
2867,159,-55.79,11.85,614.47,0.0126,0.0198,0,collision,
2868,455,81.06,5.07,1679.59,0.0000,0.0007,1,goal,
2869,22,-187.55,9.80,151.18,0.0000,0.0164,0,collision,
1211,290,-47.35,6.12,1543.40,0.0069,0.0000,0,collision,
1212,231,-257.68,9.11,-37.58,0.0087,0.0193,0,collision,
1213,354,-17.52,6.74,1413.43,0.0056,0.0735,0,collision,
1214,168,-224.83,5.08,316.88,0.0067,0.1706,0,collision,
1215,94,-106.71,12.57,211.54,0.0213,0.0483,0,collision,
1216,192,385.45,11.54,291.48,0.0000,0.0017,1,goal,
1217,179,-22.31,12.35,665.29,0.0000,0.0000,0,collision,
1218,49,-139.74,13.94,115.43,0.0408,0.0349,0,collision,
1219,360,340.10,7.97,1446.16,0.0000,0.0799,1,goal,
1220,232,410.86,11.38,840.98,0.0000,0.0015,1,goal,
2870,347,-328.57,6.27,393.43,0.0000,0.0621,0,collision,
2871,221,345.71,10.76,406.88,0.0000,0.0124,1,goal,
2872,43,-206.82,4.42,217.88,0.0465,0.0000,0,collision,
2873,377,233.27,6.53,1871.54,0.0000,0.0006,1,goal,
2874,406,309.16,6.25,1728.54,0.0000,0.0045,1,goal,
2875,208,350.59,11.35,545.76,0.0000,0.0201,1,goal,
2876,303,355.74,7.95,1360.16,0.0000,0.0273,1,goal,
2877,86,-112.03,9.62,506.48,0.0000,0.0119,0,collision,
2878,60,-167.17,10.76,260.71,0.0000,0.0212,0,collision,
2879,295,-135.51,7.26,1303.13,0.0068,0.0273,0,collision,
2880,296,349.27,9.75,614.28,0.0000,0.0145,1,goal,
2881,291,373.21,7.83,973.24,0.0000,0.0003,1,goal,
2882,265,314.32,10.49,915.71,0.0000,0.0234,1,goal,
2883,417,249.50,6.54,1557.61,0.0000,0.0121,1,goal,
2884,333,-27.46,9.19,1128.83,0.0000,0.0026,0,collision,
2885,102,-164.03,6.95,216.83,0.0000,0.0402,0,collision,
2886,213,378.59,9.11,872.36,0.0000,0.0058,1,goal,
2887,107,-190.49,7.90,227.82,0.0000,0.0000,0,collision,
1221,297,286.54,9.00,1018.21,0.0000,0.1102,1,goal,
1222,199,291.37,11.76,658.65,0.0000,0.0069,1,goal,
1223,40,-152.04,16.11,91.34,0.0000,0.0387,0,collision,
1224,43,-173.04,15.06,11.77,0.0000,0.0870,0,collision,
1225,116,-81.33,12.05,310.22,0.0000,0.0191,0,collision,
1226,482,93.07,5.84,1420.37,0.0000,0.0190,1,goal,
1227,55,-207.61,2.37,133.35,0.0000,0.1230,0,collision,
1228,197,369.12,12.56,518.59,0.0000,0.0000,1,goal,
1229,271,-225.83,7.90,173.37,0.0000,0.0156,0,collision,
1230,189,395.87,11.78,580.03,0.0000,0.0236,1,goal,
2888,163,-81.75,15.02,210.76,0.0000,0.0000,0,collision,
2889,50,-191.50,9.94,301.01,0.0188,0.2261,0,collision,
2890,302,-49.29,7.05,1688.50,0.0000,0.0055,0,collision,
2891,214,18.81,12.93,663.12,0.0000,0.0160,0,collision,
2892,177,330.12,13.77,338.02,0.0000,0.0220,1,goal,
2893,170,-110.88,7.87,467.39,0.0044,0.0022,0,collision,
2894,50,-146.77,20.60,4.71,0.0000,0.0349,0,collision,
2895,76,-235.75,2.78,192.76,0.0263,0.4672,0,collision,
2896,118,-184.18,4.51,467.65,0.0137,0.1309,0,collision,
2897,311,283.60,7.97,707.72,0.0000,0.0791,1,goal,
2898,183,-95.34,10.16,316.72,0.0000,0.0521,0,collision,
2899,69,-184.73,10.25,202.81,0.0000,0.0556,0,collision,
2900,172,-19.00,12.99,568.60,0.0116,0.0108,0,collision,
2901,26,-172.27,12.13,79.51,0.0000,0.0630,0,collision,
2902,49,-176.92,9.50,66.56,0.0000,0.0919,0,collision,
2903,72,-158.51,5.21,437.91,0.0278,0.0000,0,collision,
2904,295,394.10,7.90,1273.39,0.0000,0.0012,1,goal,
2905,40,-189.61,6.50,216.92,0.0000,0.0000,0,collision,
2906,158,-95.11,8.85,448.83,0.0127,0.0769,0,collision,
2907,62,-148.00,10.42,102.64,0.0323,0.0213,0,collision,
2908,179,413.81,14.91,197.23,0.0000,0.0392,1,goal,
2909,51,-147.22,14.63,35.52,0.0392,0.0565,0,collision,
2910,451,299.07,5.80,1761.16,0.0000,0.0198,1,goal,
2911,80,-149.09,12.32,182.39,0.0000,0.0231,0,collision,
2912,247,446.44,10.44,934.87,0.0000,0.0000,1,goal,
2913,279,322.35,7.23,791.93,0.0000,0.0288,1,goal,
2914,38,-152.54,17.92,-32.46,0.0526,0.0000,0,collision,
1231,154,-202.07,4.50,403.16,0.0130,0.2040,0,collision,
1232,23,-196.46,4.94,122.84,0.0000,0.0956,0,collision,
1233,50,-209.57,4.55,146.80,0.0400,0.4353,0,collision,
1234,204,-89.71,6.63,687.02,0.0000,0.0022,0,collision,
1235,267,442.89,10.81,1065.28,0.0000,0.0057,1,goal,
1236,293,301.67,7.84,988.84,0.0000,0.0025,1,goal,
1237,186,-210.26,3.56,457.21,0.0101,0.0833,0,collision,
1238,41,-182.40,8.54,330.19,0.0000,0.0368,0,collision,
1239,229,-115.34,6.18,597.91,0.0008,0.0415,0,collision,
1240,348,-182.31,6.29,1462.14,0.0000,0.0412,0,collision,
2915,202,-241.09,5.92,921.04,0.0054,0.0500,0,collision,
2916,90,-205.92,5.54,355.45,0.0222,0.0022,0,collision,
2917,258,372.03,8.78,1150.02,0.0000,0.0141,1,goal,
2918,96,-137.92,6.87,660.50,0.0000,0.0366,0,collision,
2919,56,-177.22,6.68,209.21,0.0000,0.0000,0,collision,
2920,399,-128.38,7.01,1191.17,0.0000,0.0025,0,collision,
2921,151,-163.41,5.32,320.67,0.0132,0.0020,0,collision,
2922,148,-327.31,4.12,-13.38,0.0135,0.0005,0,collision,
2923,88,-158.68,5.41,503.15,0.0000,0.0261,0,collision,
2924,238,-75.73,8.71,887.15,0.0000,0.0405,0,collision,
2925,450,467.73,6.81,1301.82,0.0000,0.0005,1,goal,
2926,239,-136.39,9.48,763.59,0.0000,0.0271,0,collision,
2927,391,227.44,7.13,1174.37,0.0000,0.0738,1,goal,
2928,266,422.96,10.42,1080.16,0.0000,0.0026,1,goal,
2929,118,-177.03,4.82,403.90,0.0169,0.0313,0,collision,
2930,334,-83.45,5.09,1350.09,0.0060,0.0207,0,collision,
2931,209,-171.55,4.38,720.98,0.0000,0.0424,0,collision,
2932,187,-149.18,7.20,580.92,0.0000,0.0301,0,collision,
1241,261,422.07,8.90,1075.68,0.0000,0.0000,1,goal,
1242,326,359.18,6.96,1088.94,0.0000,0.0689,1,goal,
1243,343,383.82,8.37,1374.70,0.0000,0.0000,1,goal,
1244,135,-144.65,5.76,509.34,0.0148,0.0271,0,collision,
1245,95,-239.41,2.97,293.84,0.0211,0.4087,0,collision,
1246,8,-193.38,5.99,77.60,0.2500,0.0000,0,collision,
1247,502,-11.26,5.29,1854.33,0.0040,0.0277,0,collision,
1248,286,369.59,9.17,1129.41,0.0000,0.0018,1,goal,
1249,95,-112.77,13.66,-15.72,0.0000,0.0344,0,collision,
1250,354,-139.57,5.86,1211.22,0.0017,0.0014,0,collision,
2933,549,-278.30,5.67,1494.41,0.0000,0.0648,0,collision,
2934,439,309.59,5.78,1930.19,0.0000,0.0038,1,goal,
2935,415,344.60,6.70,1324.51,0.0000,0.0070,1,goal,
2936,169,259.99,8.15,453.32,0.0000,0.0146,1,goal,
2937,48,-208.89,4.78,220.45,0.0417,0.0390,0,collision,
2938,305,363.80,8.15,1270.08,0.0000,0.0523,1,goal,
2939,130,-108.57,9.89,341.22,0.0000,0.0903,0,collision,
2940,123,-167.14,6.77,655.33,0.0045,0.0038,0,collision,
2941,6,-204.65,0.69,4.55,0.3333,0.0000,0,collision,
2942,216,-91.11,5.89,803.29,0.0000,0.0186,0,collision,
2943,423,317.24,5.29,1307.25,0.0000,0.0094,1,goal,
2944,327,320.33,7.03,1420.63,0.0000,0.0000,1,goal,
2945,64,-139.87,9.21,239.06,0.0141,0.0000,0,collision,
2946,251,-366.82,2.75,741.15,0.0080,0.0031,0,collision,
2947,128,-220.42,4.34,306.74,0.0000,0.1209,0,collision,
2948,219,-394.42,1.93,452.80,0.0091,0.0178,0,collision,
2949,91,-156.14,10.03,292.08,0.0138,0.0000,0,collision,
1251,405,209.16,5.84,1188.04,0.0000,0.0117,1,goal,
1252,311,337.87,7.24,1190.76,0.0000,0.0114,1,goal,
1253,393,197.38,5.10,1205.15,0.0000,0.0243,1,goal,
1254,551,153.48,4.34,1849.45,0.0000,0.0696,1,goal,
1255,219,-181.97,5.98,809.86,0.0091,0.0304,0,collision,
1256,213,-194.57,4.43,909.40,0.0094,0.0000,0,collision,
1257,317,-192.58,4.72,1208.01,0.0000,0.0000,0,collision,
1258,251,349.95,9.08,507.47,0.0000,0.0002,1,goal,
1259,78,-170.22,7.42,216.23,0.0256,0.2120,0,collision,
1260,67,-177.30,3.72,270.04,0.0299,0.0000,0,collision,
2950,643,-229.40,6.62,1960.73,0.0031,0.0175,0,collision,
2951,316,-165.19,4.36,895.75,0.0063,0.0517,0,collision,
2952,298,297.46,8.09,1475.96,0.0000,0.0000,1,goal,
2953,404,198.07,7.10,1089.07,0.0000,0.0828,1,goal,
2954,255,397.15,9.11,911.25,0.0000,0.0000,1,goal,
2955,369,434.95,7.99,1113.43,0.0000,0.0000,1,goal,
2956,215,400.03,10.84,787.10,0.0000,0.0000,1,goal,
2957,70,-152.29,12.69,124.70,0.0286,0.0492,0,collision,
2958,294,-141.13,6.66,1039.56,0.0049,0.0108,0,collision,
2959,496,-479.30,3.69,1477.44,0.0040,0.0144,0,collision,
2960,205,-214.57,7.10,524.08,0.0000,0.0000,0,collision,
2961,419,222.83,5.88,1611.07,0.0000,0.0172,1,goal,
2962,133,-133.81,6.22,517.58,0.0105,0.0241,0,collision,
2963,62,-190.26,7.72,287.28,0.0323,0.1483,0,collision,
1261,102,-239.19,4.58,434.33,0.0052,0.0269,0,collision,
1262,356,-75.23,7.98,772.09,0.0056,0.0590,0,collision,
1263,408,-53.98,5.63,1288.09,0.0019,0.0315,0,collision,
1264,106,-125.31,14.83,-77.99,0.0189,0.0038,0,collision,
1265,64,-171.20,11.04,118.60,0.0000,0.0000,0,collision,
1266,320,-277.83,4.40,1355.98,0.0000,0.0161,0,collision,
1267,351,318.20,6.71,1364.46,0.0000,0.0214,1,goal,
1268,339,426.24,8.25,1441.63,0.0000,0.0070,1,goal,
1269,135,378.63,19.91,-199.84,0.0000,0.0053,1,goal,
1270,443,295.14,6.12,1695.07,0.0000,0.0005,1,goal,
2964,357,-227.45,5.30,1472.59,0.0015,0.0027,0,collision,
2965,51,-147.00,10.61,108.59,0.0079,0.0000,0,collision,
2966,345,446.13,8.02,1689.38,0.0000,0.0155,1,goal,
2967,301,-402.31,3.82,725.47,0.0000,0.0455,0,collision,
2968,400,225.91,6.11,1596.20,0.0000,0.0137,1,goal,
2969,146,-92.32,15.23,129.72,0.0092,0.0021,0,collision,
2970,152,-150.70,9.87,486.09,0.0132,0.0000,0,collision,
2971,338,316.42,7.56,870.13,0.0000,0.0262,1,goal,
2972,243,-135.14,6.41,837.66,0.0082,0.0654,0,collision,
2973,174,385.18,14.24,45.90,0.0000,0.0000,1,goal,
2974,208,362.24,11.07,566.87,0.0000,0.0043,1,goal,
2975,80,-154.00,7.93,191.23,0.0250,0.0151,0,collision,
2976,313,-170.56,6.51,1300.07,0.0064,0.0082,0,collision,
2977,158,-90.07,8.87,511.48,0.0000,0.0000,0,collision,
2978,189,298.86,12.05,425.28,0.0000,0.0006,1,goal,
2979,162,-52.39,9.36,766.84,0.0000,0.0155,0,collision,
2980,403,333.20,7.64,1424.68,0.0000,0.0163,1,goal,
2981,368,55.62,6.70,720.94,0.0000,0.0150,1,goal,
1271,407,-146.54,5.98,1729.14,0.0049,0.0091,0,collision,
1272,311,313.48,8.29,424.67,0.0000,0.0604,1,goal,
1273,203,359.07,12.67,474.97,0.0000,0.0414,1,goal,
1274,232,464.26,11.93,758.94,0.0000,0.0084,1,goal,
1275,250,-11.31,9.18,925.48,0.0080,0.0375,0,collision,
1276,426,142.27,5.94,1392.22,0.0000,0.0056,1,goal,
1277,202,-66.78,8.27,956.97,0.0000,0.0191,0,collision,
1278,366,332.83,6.31,1705.02,0.0000,0.0039,1,goal,
1279,59,-171.83,10.71,223.99,0.0000,0.0434,0,collision,
1280,132,-146.57,5.20,558.03,0.0152,0.0821,0,collision,
2982,323,-221.01,9.43,745.33,0.0062,0.1186,0,collision,
2983,332,398.10,7.96,1160.76,0.0000,0.0381,1,goal,
2984,301,298.90,7.09,1442.93,0.0000,0.0667,1,goal,
2985,135,-253.91,4.97,382.63,0.0000,0.0626,0,collision,
2986,385,292.62,6.96,1629.58,0.0000,0.0250,1,goal,
2987,319,382.96,7.74,1113.41,0.0000,0.0019,1,goal,
2988,424,-173.69,7.07,1770.16,0.0000,0.0197,0,collision,
2989,237,305.90,7.92,470.98,0.0000,0.0032,1,goal,
2990,146,399.16,18.53,-204.51,0.0000,0.0020,1,goal,
2991,210,-100.08,7.58,612.52,0.0082,0.0549,0,collision,
2992,180,-151.36,6.66,876.77,0.0111,0.0051,0,collision,
2993,249,339.84,9.11,823.11,0.0000,0.0020,1,goal,
2994,141,-119.35,8.78,651.01,0.0000,0.0365,0,collision,
2995,151,-167.68,4.36,687.34,0.0000,0.0082,0,collision,
2996,315,-98.34,8.87,753.16,0.0063,0.0272,0,collision,
2997,80,-183.64,6.10,459.95,0.0000,0.0228,0,collision,
1281,275,420.31,9.65,951.66,0.0000,0.0174,1,goal,
1282,153,409.92,18.32,-106.29,0.0000,0.0000,1,goal,
1283,290,-168.00,5.77,1121.75,0.0000,0.0138,0,collision,
1284,271,377.86,10.12,571.46,0.0000,0.0041,1,goal,
1285,122,-104.35,6.67,741.84,0.0000,0.0000,0,collision,
1286,405,333.91,7.22,1391.04,0.0000,0.0058,1,goal,
1287,28,-188.24,10.62,58.35,0.0714,0.0000,0,collision,
1288,101,-102.98,10.92,449.67,0.0000,0.0000,0,collision,
1289,97,-240.60,2.86,194.16,0.0000,0.2161,0,collision,
1290,140,-223.69,5.17,497.63,0.0000,0.0003,0,collision,
2998,381,-90.27,10.01,1051.63,0.0000,0.0001,0,collision,
2999,364,291.29,6.86,1327.94,0.0000,0.0037,1,goal,
3000,205,182.70,11.88,124.86,0.0000,0.0000,1,goal,
3001,293,406.82,9.38,815.72,0.0000,0.0458,1,goal,
3002,281,418.27,10.16,1225.62,0.0000,0.0259,1,goal,
3003,204,300.40,10.93,232.58,0.0000,0.0238,1,goal,
3004,286,438.30,9.55,948.78,0.0000,0.0100,1,goal,
3005,281,420.27,10.82,988.10,0.0000,0.0051,1,goal,
3006,61,-225.79,4.87,133.15,0.0328,0.0000,0,collision,
3007,375,180.61,7.79,646.88,0.0000,0.0047,1,goal,
3008,203,-247.33,6.31,440.71,0.0099,0.0676,0,collision,
3009,424,61.30,5.94,908.28,0.0000,0.0138,1,goal,
3010,466,57.32,6.19,1408.40,0.0000,0.0006,1,goal,
3011,208,-330.79,3.17,694.82,0.0000,0.0057,0,collision,
3012,166,-54.63,10.66,436.82,0.0038,0.0096,0,collision,
1291,241,273.11,9.08,431.39,0.0000,0.0109,1,goal,
1292,308,4.18,7.73,1133.43,0.0065,0.0127,0,collision,
1293,227,437.94,12.60,761.46,0.0000,0.0030,1,goal,
1294,88,-103.41,13.42,251.04,0.0227,0.0591,0,collision,
1295,64,-147.07,10.06,157.94,0.0000,0.0132,0,collision,
1296,531,260.14,4.98,2091.49,0.0000,0.0414,1,goal,
1297,439,99.05,5.56,1659.96,0.0000,0.0184,1,goal,
1298,127,-78.30,10.23,416.85,0.0000,0.0162,0,collision,
1299,164,-185.10,5.91,900.92,0.0122,0.0000,0,collision,
1300,231,357.36,10.59,613.36,0.0000,0.0104,1,goal,
3013,575,-563.19,3.57,1545.76,0.0000,0.0206,0,collision,
3014,370,85.31,6.19,786.34,0.0000,0.0124,1,goal,
3015,298,-206.33,6.46,789.77,0.0067,0.0743,0,collision,
3016,400,-257.47,5.44,1336.01,0.0000,0.0458,0,collision,
3017,155,-76.18,9.14,614.14,0.0000,0.0884,0,collision,
3018,166,-283.40,3.97,344.89,0.0120,0.0273,0,collision,
3019,199,-41.73,10.50,520.83,0.0000,0.0000,0,collision,
3020,546,85.75,4.76,1443.11,0.0000,0.0747,1,goal,
3021,61,-150.69,7.50,335.05,0.0328,0.0212,0,collision,
3022,70,-122.04,25.00,-152.66,0.0286,0.0585,0,collision,
3023,42,-186.96,7.14,205.95,0.0000,0.2718,0,collision,
3024,291,279.88,9.40,816.60,0.0000,0.1277,1,goal,
3025,186,-134.18,7.57,482.18,0.0063,0.1861,0,collision,
3026,47,-148.50,11.64,166.07,0.0000,0.0405,0,collision,
3027,152,-92.01,9.07,729.09,0.0132,0.0078,0,collision,
3028,33,-241.83,1.28,46.52,0.0000,0.0430,0,collision,
3029,30,-194.38,6.42,254.56,0.0667,0.0000,0,collision,
3030,180,-142.86,6.33,393.61,0.0000,0.0265,0,collision,
3031,48,-154.10,8.50,242.88,0.0000,0.0000,0,collision,
3032,276,292.30,8.68,1131.55,0.0000,0.0000,1,goal,
1301,190,-349.84,4.53,290.20,0.0000,0.0149,0,collision,
1302,8,-205.55,1.58,15.25,0.0000,0.0000,0,collision,
1303,264,439.51,10.53,716.24,0.0000,0.0151,1,goal,
1304,288,323.76,8.11,889.63,0.0000,0.0148,1,goal,
1305,396,355.11,6.91,1771.23,0.0000,0.0494,1,goal,
1306,380,145.29,6.48,1026.21,0.0000,0.0133,1,goal,
1307,211,277.39,11.53,450.98,0.0000,0.0029,1,goal,
1308,313,423.12,8.10,1083.39,0.0000,0.0000,1,goal,
1309,524,42.94,5.34,1571.11,0.0000,0.0067,1,goal,
1310,344,362.30,7.99,1536.03,0.0000,0.0347,1,goal,
3033,189,-109.14,10.23,817.93,0.0000,0.0111,0,collision,
3034,50,-208.26,1.61,83.49,0.0400,0.0000,0,collision,
3035,365,227.84,5.95,1021.52,0.0000,0.0179,1,goal,
3036,337,335.90,8.68,964.99,0.0000,0.0142,1,goal,
3037,348,304.49,7.98,1315.77,0.0000,0.0011,1,goal,
3038,299,337.73,8.40,1199.19,0.0000,0.0233,1,goal,
3039,415,-283.20,5.50,798.18,0.0000,0.1610,0,collision,
3040,168,-118.16,8.12,732.92,0.0000,0.0842,0,collision,
3041,131,-234.21,4.41,641.84,0.0103,0.0107,0,collision,
3042,266,353.96,9.49,813.75,0.0000,0.0360,1,goal,
3043,226,-81.23,10.61,247.82,0.0088,0.0767,0,collision,
3044,279,320.75,9.29,642.23,0.0000,0.0389,1,goal,
3045,181,415.47,15.31,190.05,0.0000,0.0000,1,goal,
3046,492,72.92,5.03,1422.51,0.0000,0.0083,1,goal,
3047,302,-126.43,7.00,1213.89,0.0000,0.0997,0,collision,
1311,85,-157.78,7.79,196.30,0.0000,0.1342,0,collision,
1312,12,-191.46,4.44,67.31,0.1359,0.0000,0,collision,
1313,439,52.57,5.72,993.41,0.0000,0.0128,1,goal,
1314,249,318.18,11.23,263.10,0.0000,0.0000,1,goal,
1315,70,-134.04,16.96,-86.79,0.0000,0.0094,0,collision,
1316,8,-208.19,1.04,8.04,0.2253,0.0000,0,collision,
1317,395,243.08,6.68,1152.51,0.0000,0.0205,1,goal,
1318,169,-194.17,5.29,996.85,0.0118,0.0071,0,collision,
1319,255,10.88,11.01,977.57,0.0004,0.0379,0,collision,
1320,132,284.92,17.59,-255.99,0.0000,0.0000,1,goal,
3048,289,-144.66,10.34,953.91,0.0000,0.0000,0,collision,
3049,95,-283.90,2.56,266.27,0.0000,0.1809,0,collision,
3050,273,-171.98,7.79,1145.57,0.0073,0.0016,0,collision,
3051,290,343.33,9.59,1092.28,0.0000,0.0131,1,goal,
3052,323,313.56,8.22,816.58,0.0000,0.1336,1,goal,
3053,311,334.13,8.25,953.67,0.0000,0.0520,1,goal,
3054,91,-176.34,7.45,290.44,0.0220,0.2914,0,collision,
3055,69,-183.84,7.67,469.17,0.0290,0.0204,0,collision,
3056,23,-197.87,3.19,91.36,0.0870,0.0101,0,collision,
3057,257,390.50,10.78,614.91,0.0000,0.0000,1,goal,
3058,47,-139.01,17.82,-59.34,0.0000,0.0491,0,collision,
3059,189,410.49,12.47,767.68,0.0000,0.0271,1,goal,
3060,330,384.09,8.45,1152.29,0.0000,0.0985,1,goal,
3061,202,388.18,10.81,481.47,0.0000,0.0066,1,goal,
3062,76,-148.35,8.21,315.76,0.0000,0.0000,0,collision,
3063,191,-49.06,11.22,487.03,0.0105,0.0000,0,collision,
3064,215,360.63,11.61,618.44,0.0000,0.0342,1,goal,
3065,198,-103.12,10.07,510.80,0.0000,0.0046,0,collision,
3066,99,-226.13,5.28,446.98,0.0202,0.0439,0,collision,
3067,205,394.37,12.06,384.83,0.0000,0.0309,1,goal,
3068,190,-353.73,4.72,222.37,0.0000,0.0485,0,collision,
3069,188,-182.45,5.06,894.78,0.0000,0.0163,0,collision,
1321,582,56.56,4.82,2256.43,0.0000,0.0202,1,goal,
1322,25,-198.74,2.45,65.21,0.0000,0.0000,0,collision,
1323,423,314.80,6.94,1219.36,0.0000,0.0294,1,goal,
1324,287,379.06,8.09,906.34,0.0000,0.0009,1,goal,
1325,28,-207.42,3.88,115.33,0.0714,0.1164,0,collision,
1326,273,382.62,8.85,1158.47,0.0000,0.0000,1,goal,
1327,392,297.20,6.83,1589.07,0.0000,0.0236,1,goal,
1328,251,368.54,10.52,336.68,0.0000,0.0355,1,goal,
1329,184,-68.49,8.28,741.39,0.0000,0.0101,0,collision,
1330,22,-178.10,12.44,95.77,0.0000,0.0559,0,collision,
3070,226,-214.67,5.70,708.97,0.0088,0.0295,0,collision,
3071,45,-167.25,8.13,155.34,0.0000,0.0737,0,collision,
3072,32,-173.41,8.22,205.69,0.0000,0.0786,0,collision,
3073,166,-130.61,7.86,283.30,0.0120,0.0295,0,collision,
3074,262,-122.72,7.70,1090.00,0.0076,0.0245,0,collision,
3075,113,-136.38,11.18,-73.81,0.0000,0.1311,0,collision,
3076,285,374.32,9.38,1304.26,0.0000,0.0023,1,goal,
3077,414,102.60,5.94,1393.92,0.0000,0.0317,1,goal,
3078,186,-265.13,4.52,535.58,0.0108,0.0314,0,collision,
3079,179,377.63,12.73,428.52,0.0000,0.0154,1,goal,
3080,249,413.38,10.32,928.47,0.0000,0.0000,1,goal,
3081,462,183.83,6.33,1255.79,0.0000,0.0215,1,goal,
3082,214,409.24,11.86,610.62,0.0000,0.0143,1,goal,
3083,305,405.93,8.56,1630.64,0.0000,0.0213,1,goal,
3084,38,-186.87,7.91,200.82,0.0526,0.0511,0,collision,
3085,154,-179.45,7.80,736.57,0.0130,0.0128,0,collision,
3086,205,-52.24,9.58,747.76,0.0000,0.0442,0,collision,
3087,82,-132.87,11.57,257.89,0.0244,0.0112,0,collision,
3088,163,-95.52,13.43,-27.79,0.0123,0.0610,0,collision,
3089,181,-113.38,10.04,197.21,0.0000,0.0233,0,collision,
3090,186,356.76,12.09,331.35,0.0000,0.0025,1,goal,
1331,219,-178.30,9.48,437.94,0.0091,0.0895,0,collision,
1332,182,359.65,12.91,459.42,0.0000,0.0000,1,goal,
1333,238,388.69,9.74,808.38,0.0000,0.0077,1,goal,
1334,280,-119.10,6.04,1076.48,0.0071,0.1015,0,collision,
1335,283,195.95,8.27,275.87,0.0000,0.0656,1,goal,
1336,198,351.88,11.66,516.82,0.0000,0.0000,1,goal,
1337,157,-68.42,8.10,810.76,0.0073,0.0000,0,collision,
1338,259,396.31,9.70,765.66,0.0000,0.0000,1,goal,
1339,83,-90.59,17.42,95.02,0.0000,0.0000,0,collision,
1340,318,261.85,8.38,989.64,0.0000,0.0472,1,goal,
3091,139,-133.32,15.37,270.50,0.0000,0.0065,0,collision,
3092,392,16.39,7.10,1526.12,0.0051,0.0125,0,collision,
3093,7,-197.64,6.23,92.01,0.0000,0.6911,0,collision,
3094,28,-185.94,7.87,142.35,0.0714,0.1524,0,collision,
3095,65,-151.84,12.66,198.86,0.0308,0.0271,0,collision,
3096,220,351.06,10.62,316.00,0.0000,0.0225,1,goal,
3097,264,370.81,9.48,743.90,0.0000,0.0008,1,goal,
3098,48,-142.72,21.76,0.55,0.0000,0.0433,0,collision,
3099,272,357.86,8.23,1091.67,0.0000,0.0000,1,goal,
3100,50,-187.62,8.54,310.99,0.0000,0.0169,0,collision,
3101,20,-199.51,2.17,48.06,0.0878,0.1478,0,collision,
3102,423,419.47,6.63,2047.00,0.0000,0.0028,1,goal,
3103,50,-145.21,13.85,78.94,0.0222,0.0000,0,collision,
3104,69,-177.92,9.84,316.74,0.0000,0.0278,0,collision,
3105,120,-49.89,16.98,65.80,0.0167,0.0062,0,collision,
3106,338,274.16,7.26,1399.07,0.0000,0.0330,1,goal,
3107,249,-156.09,7.58,1371.03,0.0080,0.0147,0,collision,
3108,252,-153.82,8.48,722.03,0.0000,0.0670,0,collision,
3109,303,431.62,9.31,1148.79,0.0000,0.0026,1,goal,
3110,125,-162.53,11.04,300.17,0.0000,0.0000,0,collision,
3111,104,-123.30,12.81,399.57,0.0000,0.0000,0,collision,
3112,399,409.40,6.70,1724.56,0.0000,0.0104,1,goal,
1341,46,-194.02,5.03,145.33,0.0435,0.0144,0,collision,
1342,152,-40.91,14.59,175.95,0.0132,0.0384,0,collision,
1343,314,-46.67,6.42,1369.15,0.0000,0.0940,0,collision,
1344,193,354.75,11.59,129.82,0.0000,0.0000,1,goal,
1345,57,-232.18,2.07,116.39,0.0000,0.0160,0,collision,
1346,19,-207.76,1.38,27.85,0.1053,0.0177,0,collision,
1347,144,-145.98,9.33,590.09,0.0139,0.0312,0,collision,
1348,315,441.95,8.27,1293.86,0.0000,0.0185,1,goal,
1349,195,-56.85,11.28,81.45,0.0103,0.0262,0,collision,
1350,274,366.90,9.51,1425.28,0.0000,0.0009,1,goal,
3113,312,-77.73,11.95,644.44,0.0000,0.0098,0,collision,
3114,174,308.23,14.32,208.17,0.0000,0.0242,1,goal,
3115,281,-34.61,6.70,1012.78,0.0071,0.0076,0,collision,
3116,283,-32.51,8.62,996.60,0.0071,0.0124,0,collision,
3117,268,-154.57,5.32,1228.23,0.0075,0.0441,0,collision,
3118,273,350.58,8.25,817.03,0.0000,0.0484,1,goal,
3119,333,251.60,7.02,1035.78,0.0000,0.0436,1,goal,
3120,245,-18.08,9.18,851.92,0.0082,0.0547,0,collision,
3121,140,-83.42,8.79,664.68,0.0000,0.0000,0,collision,
3122,384,362.87,7.59,1258.83,0.0000,0.0000,1,goal,
3123,260,345.92,8.86,753.45,0.0000,0.0058,1,goal,
3124,307,305.70,9.17,991.79,0.0000,0.0061,1,goal,
3125,21,-182.92,5.53,140.65,0.0000,0.0434,0,collision,
3126,220,-348.30,2.88,718.89,0.0000,0.0278,0,collision,
3127,290,-48.13,6.50,1187.78,0.0000,0.0130,0,collision,
3128,161,-233.21,4.47,654.32,0.0000,0.0000,0,collision,
1351,62,-142.98,11.37,114.88,0.0323,0.0000,0,collision,
1352,108,-169.76,8.63,662.00,0.0185,0.0255,0,collision,
1353,418,224.67,5.75,1616.79,0.0000,0.0307,1,goal,
1354,173,-178.36,6.35,1005.24,0.0116,0.0187,0,collision,
1355,131,-118.21,9.09,358.76,0.0138,0.1436,0,collision,
1356,392,344.31,7.15,1757.06,0.0000,0.0151,1,goal,
1357,344,-452.83,3.73,925.69,0.0000,0.0204,0,collision,
1358,270,436.53,10.51,801.72,0.0000,0.0037,1,goal,
1359,13,-195.04,5.81,91.38,0.0000,0.0000,0,collision,
1360,66,-162.03,5.58,346.94,0.0000,0.0270,0,collision,
3129,544,-300.90,5.33,2067.97,0.0022,0.0582,0,collision,
3130,3,-203.16,0.00,0.20,0.6667,0.0160,0,collision,
3131,198,-113.79,10.85,425.95,0.0000,0.0000,0,collision,
3132,91,-106.43,14.75,146.91,0.0220,0.0350,0,collision,
3133,255,332.90,10.83,590.84,0.0000,0.0213,1,goal,
3134,60,-186.55,8.33,240.21,0.0000,0.0449,0,collision,
3135,396,-17.42,6.21,1762.98,0.0000,0.0100,0,collision,
3136,348,-75.00,5.80,1772.92,0.0000,0.0438,0,collision,
3137,6,-202.49,1.23,8.29,0.3333,0.0311,0,collision,
3138,205,-376.02,6.13,-93.46,0.0000,0.0137,0,collision,
3139,407,174.58,6.19,1348.90,0.0000,0.0066,1,goal,
3140,287,-156.38,8.37,725.03,0.0070,0.0295,0,collision,
3141,435,47.76,5.03,1153.19,0.0000,0.0020,1,goal,
3142,279,319.48,9.79,639.47,0.0000,0.0159,1,goal,
3143,333,287.30,6.58,1341.42,0.0000,0.0118,1,goal,
3144,12,-191.88,6.51,75.73,0.0000,0.0000,0,collision,
3145,259,-3.90,8.61,748.28,0.0000,0.0328,0,collision,
3146,255,430.93,9.32,1249.19,0.0000,0.0003,1,goal,
1361,285,338.51,8.52,1010.88,0.0000,0.0072,1,goal,
1362,104,-81.08,16.91,-58.19,0.0192,0.0330,0,collision,
1363,59,-190.38,4.35,212.63,0.0325,0.0604,0,collision,
1364,243,396.86,9.34,929.07,0.0000,0.0232,1,goal,
1365,126,-119.76,11.20,342.38,0.0000,0.0648,0,collision,
1366,158,356.31,14.21,203.98,0.0000,0.0854,1,goal,
1367,159,-135.11,8.66,645.88,0.0126,0.0654,0,collision,
1368,212,387.58,13.00,489.68,0.0000,0.0066,1,goal,
1369,397,-150.55,7.62,992.78,0.0000,0.0315,0,collision,
1370,175,-120.29,10.29,435.25,0.0114,0.0019,0,collision,
3147,64,-183.71,7.04,267.38,0.0164,0.0367,0,collision,
3148,198,-186.05,6.95,749.76,0.0001,0.0267,0,collision,
3149,267,393.67,9.93,1080.97,0.0000,0.0342,1,goal,
3150,14,-187.75,4.79,85.99,0.0000,0.0000,0,collision,
3151,50,-162.16,6.76,200.11,0.0000,0.0000,0,collision,
3152,136,-204.49,6.47,345.00,0.0000,0.0550,0,collision,
3153,147,-277.16,4.49,470.11,0.0000,0.0254,0,collision,
3154,148,-143.70,9.11,589.94,0.0135,0.0803,0,collision,
3155,353,19.76,7.36,1177.27,0.0057,0.0052,0,collision,
3156,84,-164.82,7.14,159.50,0.0000,0.0953,0,collision,
3157,200,-69.48,10.94,435.15,0.0000,0.0135,0,collision,
3158,58,-172.72,4.90,311.22,0.0345,0.1462,0,collision,
3159,320,471.60,8.86,1503.73,0.0000,0.0344,1,goal,
3160,329,359.62,8.78,1413.95,0.0000,0.0159,1,goal,
3161,251,375.29,11.06,608.49,0.0000,0.0000,1,goal,
3162,311,-107.89,6.85,1555.70,0.0000,0.0397,0,collision,
3163,125,-199.04,6.23,534.32,0.0128,0.0138,0,collision,
3164,82,-228.76,5.88,181.41,0.0136,0.1874,0,collision,
3165,87,-133.07,13.52,57.01,0.0000,0.0000,0,collision,
3166,133,-92.96,15.82,213.42,0.0150,0.0118,0,collision,
3167,345,312.46,8.37,1491.89,0.0000,0.0043,1,goal,
3168,320,354.17,9.00,1295.20,0.0000,0.0096,1,goal,
1371,79,-128.46,10.62,216.14,0.0120,0.1030,0,collision,
1372,32,-164.75,17.38,-10.31,0.0625,0.1428,0,collision,
1373,271,358.57,8.79,1115.45,0.0000,0.0277,1,goal,
1374,179,-0.61,15.33,179.60,0.0112,0.0490,0,collision,
1375,11,-194.24,4.48,91.74,0.1818,0.0000,0,collision,
1376,44,-186.80,8.97,182.66,0.0455,0.0000,0,collision,
1377,121,-253.82,5.58,497.15,0.0000,0.0162,0,collision,
1378,322,-195.14,6.96,1018.70,0.0062,0.0300,0,collision,
1379,123,-99.81,11.13,332.89,0.0163,0.0166,0,collision,
1380,173,350.85,14.32,278.32,0.0000,0.1336,1,goal,
3169,392,-87.26,9.18,1252.46,0.0051,0.0169,0,collision,
3170,341,-426.75,4.35,424.68,0.0000,0.0672,0,collision,
3171,62,-183.91,4.94,307.56,0.0000,0.0235,0,collision,
3172,135,-178.19,7.34,297.54,0.0000,0.0166,0,collision,
3173,120,-95.03,9.53,671.87,0.0020,0.0277,0,collision,
3174,166,352.48,12.33,335.34,0.0000,0.0232,1,goal,
3175,279,383.53,9.12,1150.28,0.0000,0.0419,1,goal,
3176,140,-182.10,7.24,383.14,0.0000,0.1639,0,collision,
3177,261,415.96,10.67,1176.79,0.0000,0.0139,1,goal,
3178,314,326.28,7.06,1233.99,0.0000,0.0012,1,goal,
3179,254,-6.73,8.75,922.71,0.0000,0.0273,0,collision,
3180,49,-143.19,14.28,114.28,0.0059,0.0396,0,collision,
3181,50,-186.72,4.43,221.35,0.0400,0.0480,0,collision,
3182,514,56.44,5.03,1134.46,0.0000,0.0181,1,goal,
3183,323,281.71,7.41,1500.85,0.0000,0.0107,1,goal,
3184,161,390.24,13.94,-42.71,0.0000,0.0224,1,goal,
3185,117,345.47,19.74,-179.79,0.0000,0.0000,1,goal,
3186,57,-239.61,2.42,152.91,0.0060,0.0093,0,collision,
3187,5,-201.71,0.42,2.81,0.0000,0.0000,0,collision,
3188,130,-163.27,10.41,379.64,0.0154,0.0045,0,collision,
3189,264,-61.05,7.67,1192.71,0.0076,0.0207,0,collision,
1381,127,-80.89,10.41,322.91,0.0000,0.0129,0,collision,
1382,69,-148.16,10.40,52.44,0.0000,0.0179,0,collision,
1383,118,-73.58,12.84,285.43,0.0000,0.0233,0,collision,
1384,220,383.51,10.93,555.30,0.0000,0.0635,1,goal,
1385,68,-164.66,9.00,226.36,0.0000,0.0161,0,collision,
1386,226,-57.08,12.58,695.95,0.0000,0.0210,0,collision,
1387,90,-83.52,16.67,362.66,0.0000,0.0202,0,collision,
1388,170,368.15,13.39,643.50,0.0000,0.0460,1,goal,
1389,104,-135.23,6.00,558.22,0.0000,0.0000,0,collision,
1390,221,396.85,10.56,946.08,0.0000,0.0418,1,goal,
3190,163,-102.15,12.48,398.75,0.0000,0.0198,0,collision,
3191,282,360.90,8.74,1063.84,0.0000,0.0107,1,goal,
3192,275,365.31,9.28,1488.02,0.0000,0.0046,1,goal,
3193,250,-70.42,10.60,517.34,0.0080,0.0259,0,collision,
3194,146,-36.19,14.87,51.36,0.0000,0.0503,0,collision,
3195,35,-182.25,10.19,237.32,0.0571,0.0000,0,collision,
3196,200,311.34,11.08,529.00,0.0000,0.0143,1,goal,
3197,162,342.46,13.78,391.60,0.0000,0.0000,1,goal,
3198,101,-141.38,8.30,243.36,0.0198,0.0810,0,collision,
3199,198,387.32,14.39,212.96,0.0000,0.0000,1,goal,
3200,180,415.17,13.85,417.36,0.0000,0.0000,1,goal,
3201,283,320.73,7.92,1080.68,0.0000,0.0138,1,goal,
3202,331,324.52,6.59,1262.12,0.0000,0.0323,1,goal,
3203,159,309.27,14.12,276.74,0.0000,0.0631,1,goal,
3204,53,-144.42,12.76,63.09,0.0377,0.0356,0,collision,
3205,3,-200.13,2.08,9.94,0.6667,0.0000,0,collision,
3206,301,397.67,8.83,1138.42,0.0000,0.0257,1,goal,
3207,294,-170.62,7.15,916.87,0.0000,0.0046,0,collision,
3208,165,-264.89,5.33,419.00,0.0121,0.0225,0,collision,
3209,27,-171.86,16.33,78.65,0.0741,0.0925,0,collision,
3210,259,346.41,10.01,504.75,0.0000,0.0353,1,goal,
3211,66,-119.53,21.81,-38.88,0.0000,0.0165,0,collision,
3212,86,-106.91,18.47,8.12,0.0000,0.0000,0,collision,
3213,4,-201.55,1.04,4.35,0.5000,0.1019,0,collision,
3214,102,-93.02,12.99,209.46,0.0196,0.0111,0,collision,
1391,263,-202.63,6.13,770.97,0.0000,0.0093,0,collision,
1392,409,-356.04,5.35,814.13,0.0000,0.0139,0,collision,
1393,404,281.32,7.15,1233.76,0.0000,0.0479,1,goal,
1394,170,-160.33,9.26,498.69,0.0000,0.0000,0,collision,
1395,23,-185.59,9.59,144.15,0.0583,0.2686,0,collision,
1396,80,-122.76,8.51,472.35,0.0000,0.0124,0,collision,
1397,216,415.70,12.21,403.37,0.0000,0.0195,1,goal,
1398,155,403.31,17.86,-47.35,0.0000,0.0000,1,goal,
1399,175,-231.86,4.35,810.64,0.0114,0.0006,0,collision,
1400,251,361.78,9.54,1060.69,0.0000,0.0000,1,goal,
3215,153,-220.49,5.76,513.89,0.0000,0.0000,0,collision,
3216,262,331.48,8.60,1036.02,0.0000,0.0015,1,goal,
3217,68,-147.34,13.43,103.18,0.0069,0.0000,0,collision,
3218,216,-181.44,6.41,511.73,0.0093,0.0079,0,collision,
3219,33,-181.27,15.36,35.79,0.0606,0.0480,0,collision,
3220,201,425.65,14.12,482.62,0.0000,0.0628,1,goal,
3221,131,-151.05,10.88,328.77,0.0000,0.0009,0,collision,
3222,264,-281.09,5.27,726.43,0.0000,0.0027,0,collision,
3223,219,434.28,10.62,1201.84,0.0000,0.0000,1,goal,
3224,256,349.30,10.22,925.10,0.0000,0.0097,1,goal,
3225,148,-20.90,16.83,-172.80,0.0017,0.0617,0,collision,
3226,210,-124.81,10.27,446.44,0.0000,0.0321,0,collision,
3227,57,-138.34,19.12,-18.98,0.0351,0.0442,0,collision,
3228,37,-223.82,0.91,33.29,0.0000,0.0185,0,collision,
3229,107,-137.88,9.67,313.43,0.0013,0.0000,0,collision,
3230,356,341.49,8.16,1138.60,0.0000,0.0101,1,goal,
3231,78,-123.08,8.95,294.37,0.0000,0.0000,0,collision,
3232,142,-296.05,2.66,403.83,0.0000,0.0000,0,collision,
3233,39,-151.20,14.33,57.10,0.0513,0.0000,0,collision,
3234,251,399.56,11.56,406.83,0.0000,0.0000,1,goal,
3235,452,97.36,5.06,1414.43,0.0000,0.0261,1,goal,
3236,244,322.89,10.43,276.22,0.0000,0.0000,1,goal,
3237,59,-195.94,2.20,137.60,0.0000,0.0000,0,collision,
1401,99,-110.39,9.39,503.00,0.0202,0.0118,0,collision,
1402,135,-203.85,4.85,215.75,0.0000,0.1976,0,collision,
1403,276,-65.30,9.77,956.13,0.0072,0.0233,0,collision,
1404,124,343.12,22.59,-17.53,0.0000,0.0121,1,goal,
1405,75,-113.44,16.93,37.42,0.0000,0.0000,0,collision,
1406,50,-180.77,3.97,218.52,0.0067,0.0238,0,collision,
1407,86,-234.31,3.22,312.08,0.0018,0.0035,0,collision,
1408,201,336.09,13.44,349.71,0.0000,0.0044,1,goal,
1409,242,237.92,8.91,445.54,0.0000,0.0344,1,goal,
1410,14,-187.60,6.62,101.65,0.1044,0.0658,0,collision,
3238,253,-161.94,8.51,728.65,0.0000,0.0516,0,collision,
3239,58,-146.91,11.47,50.70,0.0345,0.0165,0,collision,
3240,85,-122.70,9.22,593.10,0.0235,0.0000,0,collision,
3241,163,311.45,14.11,374.75,0.0000,0.0000,1,goal,
3242,420,184.99,6.52,1506.82,0.0000,0.0437,1,goal,
3243,289,340.63,10.40,1148.06,0.0000,0.0000,1,goal,
3244,342,-31.87,8.11,898.24,0.0000,0.0347,0,collision,
3245,61,-146.38,8.55,358.24,0.0328,0.0000,0,collision,
3246,299,-183.58,6.28,894.36,0.0000,0.0219,0,collision,
3247,399,220.75,7.07,1408.19,0.0000,0.0118,1,goal,
3248,86,-190.72,8.17,408.52,0.0000,0.1343,0,collision,
3249,234,-162.16,6.50,801.30,0.0085,0.0218,0,collision,
3250,91,-157.51,6.96,431.30,0.0220,0.1534,0,collision,
3251,19,-202.76,4.10,95.14,0.0000,0.0797,0,collision,
3252,62,-177.81,3.81,282.61,0.0000,0.0000,0,collision,
3253,98,-152.80,6.85,618.73,0.0000,0.0080,0,collision,
3254,175,391.96,13.60,166.59,0.0000,0.0057,1,goal,
3255,243,389.52,10.55,1060.59,0.0000,0.0017,1,goal,
3256,259,401.05,10.80,846.51,0.0000,0.0799,1,goal,
3257,161,-255.13,3.98,661.70,0.0124,0.0056,0,collision,
3258,209,252.03,8.70,774.11,0.0000,0.1259,1,goal,
1411,143,-215.64,6.41,480.20,0.0140,0.0341,0,collision,
1412,242,363.50,10.83,623.18,0.0000,0.0359,1,goal,
1413,94,-108.27,16.42,-83.22,0.0213,0.0067,0,collision,
1414,34,-187.28,16.91,25.21,0.0000,0.0431,0,collision,
1415,80,-146.98,8.10,286.58,0.0000,0.0000,0,collision,
1416,116,-233.85,4.78,113.84,0.0000,0.1696,0,collision,
1417,29,-203.72,4.01,143.28,0.0690,0.0000,0,collision,
1418,239,-189.56,5.68,932.75,0.0000,0.2325,0,collision,
1419,79,-132.61,19.10,96.69,0.0253,0.0701,0,collision,
1420,293,323.62,9.38,931.25,0.0000,0.0687,1,goal,
3259,453,-128.36,8.89,1239.81,0.0044,0.0021,0,collision,
3260,320,-71.03,8.91,1233.80,0.0063,0.0419,0,collision,
3261,45,-207.95,8.83,141.33,0.0444,0.0474,0,collision,
3262,143,-60.00,13.74,9.81,0.0140,0.0537,0,collision,
3263,232,-252.49,5.71,467.71,0.0038,0.1701,0,collision,
3264,58,-164.13,11.32,74.79,0.0345,0.0264,0,collision,
3265,187,-134.42,9.59,689.64,0.0107,0.0477,0,collision,
3266,31,-177.32,8.97,154.98,0.0000,0.1024,0,collision,
3267,102,-210.11,5.67,156.02,0.0000,0.2811,0,collision,
3268,272,284.18,8.48,1081.28,0.0000,0.0249,1,goal,
3269,55,-173.69,11.86,325.06,0.0364,0.0627,0,collision,
3270,210,-80.91,9.69,245.94,0.0095,0.1481,0,collision,
3271,216,300.76,12.84,187.80,0.0000,0.0038,1,goal,
3272,275,-140.05,7.77,1459.22,0.0000,0.0177,0,collision,
3273,228,391.71,11.48,821.51,0.0000,0.0082,1,goal,
3274,166,-118.51,9.81,566.58,0.0120,0.0342,0,collision,
3275,163,-67.48,13.78,246.79,0.0000,0.0137,0,collision,
3276,22,-178.60,8.26,186.04,0.0000,0.0453,0,collision,
3277,233,340.20,10.38,1051.70,0.0000,0.0000,1,goal,
3278,324,-133.68,6.72,1368.93,0.0062,0.1139,0,collision,
3279,288,364.23,10.01,1017.37,0.0000,0.0391,1,goal,
3280,302,-62.66,8.03,1163.39,0.0066,0.0195,0,collision,
1421,52,-159.28,9.91,98.85,0.0385,0.0000,0,collision,
1422,255,422.97,11.20,703.52,0.0000,0.0000,1,goal,
1423,260,339.63,9.96,668.87,0.0000,0.0766,1,goal,
1424,67,-175.79,11.13,279.46,0.0299,0.0363,0,collision,
1425,204,-188.58,9.07,225.93,0.0098,0.0082,0,collision,
1426,238,-47.11,9.66,486.82,0.0000,0.1055,0,collision,
1427,233,394.68,12.68,443.87,0.0000,0.0000,1,goal,
1428,331,219.45,7.38,1040.96,0.0000,0.0397,1,goal,
1429,45,-156.37,15.03,24.75,0.0444,0.0247,0,collision,
1430,232,-183.28,8.26,715.92,0.0000,0.0496,0,collision,
3281,176,-209.27,8.52,222.16,0.0114,0.0969,0,collision,
3282,300,372.93,8.26,1016.20,0.0000,0.0175,1,goal,
3283,104,-172.90,6.22,278.45,0.0000,0.0369,0,collision,
3284,151,403.76,18.30,-173.52,0.0000,0.0000,1,goal,
3285,147,387.49,18.42,-29.53,0.0000,0.0000,1,goal,
3286,7,-202.91,1.88,15.17,0.2857,0.0000,0,collision,
3287,317,201.47,8.43,595.58,0.0000,0.0028,1,goal,
3288,90,-178.25,7.31,147.36,0.0000,0.2379,0,collision,
3289,70,-233.05,3.03,169.15,0.0286,0.4160,0,collision,
3290,276,25.26,10.88,991.21,0.0000,0.0819,0,collision,
3291,170,-65.47,12.44,246.99,0.0118,0.1296,0,collision,
3292,209,-107.80,8.03,791.58,0.0000,0.0116,0,collision,
3293,3,-202.41,0.69,2.61,0.6667,0.0000,0,collision,
3294,47,-143.04,14.35,127.76,0.0000,0.0275,0,collision,
3295,175,334.28,14.54,435.03,0.0000,0.0000,1,goal,
3296,183,-205.33,4.40,511.21,0.0096,0.0527,0,collision,
3297,222,324.57,11.39,151.93,0.0000,0.0247,1,goal,
3298,66,-212.83,6.19,250.85,0.0000,0.1153,0,collision,
3299,90,-141.14,18.82,-42.68,0.0000,0.0172,0,collision,
3300,277,-95.51,8.12,1200.13,0.0072,0.0158,0,collision,
3301,374,-128.21,7.12,1561.40,0.0053,0.0177,0,collision,
3302,38,-228.94,2.20,95.16,0.0526,0.0066,0,collision,
3303,29,-221.21,2.65,102.29,0.0000,0.2692,0,collision,
3304,199,-132.81,8.81,747.40,0.0000,0.0235,0,collision,
3305,46,-149.38,13.97,100.41,0.0000,0.0280,0,collision,
3306,256,318.80,10.50,612.79,0.0000,0.0218,1,goal,
1431,278,13.17,10.83,803.03,0.0000,0.0905,0,collision,
1432,265,295.88,9.29,917.13,0.0000,0.0085,1,goal,
1433,395,122.62,5.93,1149.33,0.0000,0.2058,1,goal,
1434,243,363.60,11.84,426.00,0.0000,0.0047,1,goal,
1435,125,372.42,21.86,264.80,0.0000,0.0000,1,goal,
1436,67,-139.88,10.33,247.22,0.0000,0.0283,0,collision,
1437,217,-225.22,6.53,948.19,0.0092,0.0178,0,collision,
1438,173,332.79,12.93,283.06,0.0000,0.0000,1,goal,
1439,9,-193.33,3.79,47.60,0.0000,0.0000,0,collision,
1440,408,272.15,7.06,1620.01,0.0000,0.0423,1,goal,
3307,264,-119.64,7.93,774.20,0.0000,0.0077,0,collision,
3308,175,384.06,16.81,183.81,0.0000,0.0286,1,goal,
3309,129,-201.29,5.38,252.62,0.0155,0.1851,0,collision,
3310,264,406.51,8.49,1051.03,0.0000,0.0112,1,goal,
3311,185,326.25,12.12,138.76,0.0000,0.0483,1,goal,
3312,71,-100.67,22.31,-66.40,0.0000,0.0141,0,collision,
3313,125,-109.39,11.02,300.82,0.0160,0.1169,0,collision,
3314,332,276.45,8.04,1242.48,0.0000,0.0130,1,goal,
3315,101,-168.87,4.32,354.22,0.0198,0.0270,0,collision,
3316,286,303.52,8.95,659.97,0.0000,0.0308,1,goal,
3317,310,276.39,6.63,980.37,0.0000,0.1205,1,goal,
3318,243,-161.94,8.03,652.97,0.0000,0.0264,0,collision,
3319,213,-118.62,7.28,996.03,0.0000,0.0489,0,collision,
3320,239,-96.82,7.59,1127.62,0.0000,0.0112,0,collision,
3321,178,315.32,10.61,649.13,0.0000,0.0016,1,goal,
3322,286,348.80,9.28,1029.61,0.0000,0.0521,1,goal,
3323,75,-144.61,11.98,193.07,0.0267,0.0000,0,collision,
3324,162,401.13,13.97,216.82,0.0000,0.0000,1,goal,
3325,80,-172.76,7.07,133.90,0.0250,0.0000,0,collision,
3326,291,-44.70,6.97,1287.08,0.0000,0.0000,0,collision,
3327,175,381.64,11.99,332.26,0.0000,0.0004,1,goal,
1441,211,-35.92,9.43,624.72,0.0095,0.0059,0,collision,
1442,104,-113.55,12.77,183.59,0.0072,0.0225,0,collision,
1443,241,-13.74,9.34,773.51,0.0083,0.0327,0,collision,
1444,166,296.18,14.96,217.67,0.0000,0.1165,1,goal,
1445,174,-104.04,10.41,334.76,0.0115,0.0238,0,collision,
1446,456,325.30,6.25,1522.62,0.0000,0.0459,1,goal,
1447,525,150.86,5.02,1687.72,0.0000,0.0666,1,goal,
1448,17,-197.47,2.74,51.89,0.1176,0.1537,0,collision,
1449,174,360.98,14.17,394.77,0.0000,0.0076,1,goal,
1450,133,-212.04,5.44,387.19,0.0000,0.0000,0,collision,
3328,112,-216.93,6.29,533.96,0.0179,0.0298,0,collision,
3329,170,377.44,14.82,577.14,0.0000,0.0000,1,goal,
3330,259,396.76,10.66,454.11,0.0000,0.0012,1,goal,
3331,168,400.21,13.87,495.16,0.0000,0.0321,1,goal,
3332,168,-119.56,9.19,537.74,0.0119,0.0000,0,collision,
3333,254,370.07,9.49,713.03,0.0000,0.0067,1,goal,
3334,65,-178.94,11.16,389.70,0.0000,0.0000,0,collision,
3335,213,426.57,11.47,716.29,0.0000,0.0000,1,goal,
3336,95,-137.24,12.80,50.11,0.0000,0.0097,0,collision,
3337,274,329.05,9.03,980.33,0.0000,0.0000,1,goal,
3338,391,159.38,7.23,838.58,0.0000,0.0461,1,goal,
3339,85,-227.00,2.57,208.31,0.0235,0.2067,0,collision,
3340,216,19.85,13.65,496.66,0.0093,0.0058,0,collision,
3341,150,-112.50,10.51,452.27,0.0133,0.0450,0,collision,
3342,85,-110.50,16.75,148.99,0.0000,0.0117,0,collision,
3343,104,-153.19,4.94,423.36,0.0192,0.0122,0,collision,
3344,22,-180.24,13.94,62.70,0.0909,0.1307,0,collision,
3345,290,433.25,9.45,970.96,0.0000,0.0056,1,goal,
3346,220,337.09,10.44,607.34,0.0000,0.0254,1,goal,
3347,238,283.15,10.86,379.20,0.0000,0.0258,1,goal,
3348,75,-170.30,7.84,100.67,0.0165,0.0251,0,collision,
3349,12,-194.30,3.81,52.12,0.0388,0.0549,0,collision,
3350,114,-122.99,13.63,66.09,0.0175,0.0137,0,collision,
3351,285,341.39,10.28,822.01,0.0000,0.0388,1,goal,
1451,215,-294.43,4.10,428.31,0.0000,0.1849,0,collision,
1452,204,-114.14,7.17,512.57,0.0000,0.0000,0,collision,
1453,186,-103.17,12.89,303.81,0.0000,0.0076,0,collision,
1454,51,-146.37,12.42,126.27,0.0000,0.0124,0,collision,
1455,135,-148.71,9.51,443.45,0.0021,0.1203,0,collision,
1456,136,-77.05,9.90,649.82,0.0000,0.0161,0,collision,
1457,196,413.79,14.23,567.22,0.0000,0.0000,1,goal,
1458,115,-49.05,19.06,208.88,0.0000,0.0117,0,collision,
1459,22,-180.86,10.33,123.28,0.0000,0.0829,0,collision,
1460,238,305.23,11.00,374.37,0.0000,0.0485,1,goal,
3352,87,-143.38,13.86,137.39,0.0000,0.0078,0,collision,
3353,100,-135.27,6.10,692.07,0.0000,0.0000,0,collision,
3354,131,304.94,15.19,401.52,0.0000,0.0008,1,goal,
3355,87,-110.60,18.02,119.50,0.0000,0.0340,0,collision,
3356,189,-96.97,10.04,467.38,0.0106,0.0132,0,collision,
3357,57,-173.96,13.60,-0.71,0.0000,0.0383,0,collision,
3358,132,-180.13,8.18,216.43,0.0000,0.0362,0,collision,
3359,48,-150.74,13.89,96.85,0.0000,0.0000,0,collision,
3360,74,-113.84,18.84,-62.71,0.0000,0.0166,0,collision,
3361,79,-227.90,7.68,191.52,0.0253,0.2313,0,collision,
3362,225,-67.12,9.57,535.99,0.0089,0.0060,0,collision,
3363,283,99.39,8.83,134.92,0.0000,0.0277,1,goal,
3364,58,-128.09,22.01,-6.27,0.0345,0.0085,0,collision,
3365,153,309.21,14.91,38.79,0.0000,0.0057,1,goal,
3366,90,-107.26,19.56,76.73,0.0000,0.0576,0,collision,
3367,238,-5.84,11.94,610.33,0.0084,0.0197,0,collision,
3368,179,-80.46,10.32,629.82,0.0000,0.0349,0,collision,
3369,297,-91.52,9.63,592.95,0.0067,0.0179,0,collision,
3370,3,-199.95,2.08,9.94,0.0000,0.0000,0,collision,
3371,145,-206.98,7.74,484.79,0.0000,0.0108,0,collision,
3372,92,-186.93,8.07,359.36,0.0000,0.0488,0,collision,
3373,315,290.22,9.48,963.82,0.0000,0.0473,1,goal,
3374,55,-143.04,7.84,421.74,0.0000,0.0046,0,collision,
3375,266,304.83,8.74,830.12,0.0000,0.0040,1,goal,
3376,62,-160.90,5.87,371.70,0.0323,0.0000,0,collision,
3377,11,-197.56,4.80,62.33,0.1818,0.0000,0,collision,
3378,77,-156.15,7.95,170.78,0.0000,0.0187,0,collision,
3379,39,-195.01,3.93,172.32,0.0513,0.2622,0,collision,
3380,177,-91.01,13.26,357.59,0.0000,0.0091,0,collision,
3381,171,365.00,14.76,425.68,0.0000,0.0000,1,goal,
1461,291,368.18,9.66,1425.94,0.0000,0.0071,1,goal,
1462,213,373.41,11.59,667.18,0.0000,0.0077,1,goal,
1463,71,-122.91,21.30,-149.41,0.0000,0.0045,0,collision,
1464,170,315.23,12.70,307.79,0.0000,0.0465,1,goal,
1465,79,-95.26,21.32,-113.85,0.0253,0.0691,0,collision,
1466,89,-134.80,10.91,20.60,0.0000,0.0000,0,collision,
1467,233,416.36,11.33,621.99,0.0000,0.0058,1,goal,
1468,138,-80.79,16.54,-62.79,0.0000,0.0070,0,collision,
1469,88,-103.10,15.37,167.07,0.0000,0.0738,0,collision,
1470,21,-182.59,9.43,122.06,0.0000,0.0000,0,collision,
3382,307,-138.15,7.70,1119.10,0.0065,0.0679,0,collision,
3383,380,337.85,7.70,1364.73,0.0000,0.0371,1,goal,
3384,78,-161.72,7.76,119.48,0.0000,0.0000,0,collision,
3385,165,-190.01,8.41,437.60,0.0000,0.0723,0,collision,
3386,97,-187.64,6.72,390.43,0.0206,0.0008,0,collision,
3387,119,-150.49,5.73,520.29,0.0168,0.0317,0,collision,
3388,156,-235.32,7.48,377.87,0.0121,0.1183,0,collision,
3389,357,440.06,7.79,1244.17,0.0000,0.0066,1,goal,
3390,69,-150.35,8.80,410.30,0.0278,0.0000,0,collision,
3391,113,-223.74,6.79,480.33,0.0000,0.0857,0,collision,
3392,247,248.16,11.16,580.75,0.0000,0.0292,1,goal,
3393,277,226.15,8.66,518.47,0.0000,0.0659,1,goal,
3394,212,-109.29,9.56,715.41,0.0000,0.0034,0,collision,
3395,500,341.91,5.80,2501.32,0.0000,0.0185,1,goal,
3396,263,390.64,10.48,1093.91,0.0000,0.0155,1,goal,
3397,189,346.26,13.84,471.71,0.0000,0.0119,1,goal,
3398,351,260.07,7.98,1149.90,0.0000,0.0133,1,goal,
3399,306,427.81,9.04,1010.84,0.0000,0.0061,1,goal,
3400,52,-160.15,6.69,307.77,0.0000,0.0665,0,collision,
3401,22,-177.66,11.04,113.67,0.0000,0.0000,0,collision,
3402,23,-180.40,12.21,51.42,0.0000,0.0846,0,collision,
1471,410,220.11,6.06,1161.18,0.0000,0.0577,1,goal,
1472,255,319.16,8.82,1159.65,0.0000,0.0147,1,goal,
1473,74,-188.18,8.86,187.75,0.0000,0.0503,0,collision,
1474,34,-192.93,5.15,202.19,0.0076,0.0740,0,collision,
1475,127,328.20,18.20,111.37,0.0000,0.0086,1,goal,
1476,197,367.69,12.90,422.73,0.0000,0.0000,1,goal,
1477,214,-60.11,12.15,127.66,0.0093,0.0123,0,collision,
1478,465,-566.85,3.77,736.98,0.0010,0.0492,0,collision,
1479,238,429.94,12.63,269.58,0.0000,0.0248,1,goal,
1480,277,-161.74,6.59,1117.25,0.0000,0.0754,0,collision,
3403,114,-214.23,8.14,336.46,0.0000,0.0000,0,collision,
3404,183,422.52,15.55,327.38,0.0000,0.0000,1,goal,
3405,273,336.03,9.05,892.11,0.0000,0.0051,1,goal,
3406,290,377.24,8.84,877.79,0.0000,0.0109,1,goal,
3407,49,-197.71,5.44,294.78,0.0408,0.0000,0,collision,
3408,219,-111.06,9.51,823.42,0.0091,0.0144,0,collision,
3409,6,-203.29,0.69,3.79,0.3333,0.0000,0,collision,
3410,193,409.05,12.03,472.19,0.0000,0.0000,1,goal,
3411,336,349.27,7.45,1416.49,0.0000,0.0089,1,goal,
3412,223,402.68,11.01,356.63,0.0000,0.0039,1,goal,
3413,7,-206.30,1.19,11.98,0.0000,0.0779,0,collision,
3414,120,-148.88,9.08,211.76,0.0000,0.0320,0,collision,
3415,13,-197.70,5.11,84.64,0.1538,0.0000,0,collision,
3416,242,-66.85,11.41,584.02,0.0083,0.0747,0,collision,
3417,186,328.40,12.86,479.00,0.0000,0.0175,1,goal,
3418,332,276.21,8.28,1191.57,0.0000,0.0402,1,goal,
3419,227,246.71,11.50,70.59,0.0000,0.1812,1,goal,
3420,29,-183.16,4.77,159.43,0.0000,0.0000,0,collision,
3421,152,-156.77,8.44,735.17,0.0000,0.0306,0,collision,
3422,204,401.54,13.81,296.78,0.0000,0.0000,1,goal,
3423,272,385.50,10.19,753.49,0.0000,0.0783,1,goal,
3424,227,302.98,11.11,751.36,0.0000,0.0365,1,goal,
1481,206,-173.87,10.70,-35.42,0.0000,0.1321,0,collision,
1482,252,426.27,10.96,807.28,0.0000,0.0000,1,goal,
1483,74,-185.98,9.16,280.46,0.0000,0.1315,0,collision,
1484,89,-166.73,7.04,321.46,0.0061,0.0708,0,collision,
1485,168,-197.02,8.72,493.01,0.0000,0.1333,0,collision,
1486,262,410.63,10.33,578.59,0.0000,0.0033,1,goal,
1487,176,-22.91,16.00,-86.77,0.0114,0.0068,0,collision,
1488,151,-265.78,6.09,361.25,0.0000,0.0942,0,collision,
1489,372,232.92,7.62,790.64,0.0000,0.0873,1,goal,
1490,231,355.38,10.57,467.26,0.0000,0.0076,1,goal,
3425,460,-260.30,6.09,1195.23,0.0000,0.0132,0,collision,
3426,256,391.00,10.34,650.75,0.0000,0.0435,1,goal,
3427,76,-105.38,18.06,53.42,0.0263,0.0000,0,collision,
3428,33,-162.36,20.34,25.28,0.0000,0.0331,0,collision,
3429,104,-159.61,8.76,313.68,0.0192,0.0090,0,collision,
3430,111,-159.19,11.52,286.63,0.0000,0.0645,0,collision,
3431,230,358.82,11.39,690.93,0.0000,0.0276,1,goal,
3432,143,-35.09,15.52,187.66,0.0000,0.0060,0,collision,
3433,77,-100.22,19.26,-120.37,0.0000,0.0112,0,collision,
3434,249,295.71,9.95,767.49,0.0000,0.1344,1,goal,
3435,7,-203.17,1.35,9.60,0.2857,0.2033,0,collision,
3436,114,-81.25,13.53,286.51,0.0175,0.0162,0,collision,
3437,9,-200.47,3.71,50.84,0.0532,0.0000,0,collision,
3438,235,395.98,11.86,759.92,0.0000,0.0285,1,goal,
3439,183,320.59,13.84,276.56,0.0000,0.0000,1,goal,
3440,50,-166.61,4.55,256.68,0.0000,0.0000,0,collision,
3441,265,-171.80,8.00,725.72,0.0000,0.0127,0,collision,
3442,70,-144.30,7.87,437.43,0.0000,0.0572,0,collision,
3443,153,-61.39,13.20,149.15,0.0000,0.0218,0,collision,
3444,54,-144.67,12.94,224.54,0.0370,0.0386,0,collision,
3445,81,-95.84,21.83,-170.23,0.0247,0.0188,0,collision,
3446,106,-192.22,5.21,112.26,0.0189,0.0367,0,collision,
3447,41,-171.78,8.13,226.67,0.0488,0.1077,0,collision,
3448,274,343.54,10.22,1132.25,0.0000,0.0061,1,goal,
3449,26,-189.94,12.66,98.52,0.0769,0.0000,0,collision,
3450,8,-202.49,1.30,13.72,0.2500,0.0000,0,collision,
3451,266,366.86,8.52,1081.66,0.0000,0.0299,1,goal,
3452,74,-116.76,16.04,-57.66,0.0000,0.0336,0,collision,
3453,135,-151.75,7.42,755.63,0.0148,0.0479,0,collision,
3454,86,-115.33,15.21,131.28,0.0233,0.0574,0,collision,
3455,30,-159.73,22.19,9.93,0.0000,0.0400,0,collision,
3456,105,-170.05,6.19,310.14,0.0190,0.1160,0,collision,
1491,139,297.62,13.86,349.54,0.0000,0.0518,1,goal,
1492,133,343.16,17.17,374.80,0.0000,0.0073,1,goal,
1493,187,351.64,14.26,253.35,0.0000,0.0000,1,goal,
1494,156,-25.58,13.82,387.61,0.0128,0.0225,0,collision,
1495,22,-176.27,12.92,49.46,0.0909,0.1062,0,collision,
1496,34,-203.46,3.54,147.18,0.0000,0.0000,0,collision,
1497,305,233.86,8.44,981.78,0.0000,0.0289,1,goal,
1498,79,-131.03,12.45,37.00,0.0253,0.0000,0,collision,
1499,251,-87.12,7.31,903.10,0.0077,0.0954,0,collision,
1500,87,-197.64,3.57,229.99,0.0230,0.0004,0,collision,
3457,376,-256.20,6.67,833.80,0.0000,0.0442,0,collision,
3458,205,295.00,11.14,138.69,0.0000,0.0949,1,goal,
3459,65,-189.44,3.83,252.32,0.0000,0.0302,0,collision,
3460,258,-58.52,9.98,877.92,0.0078,0.0256,0,collision,
3461,160,377.94,17.51,120.70,0.0000,0.0000,1,goal,
3462,67,-143.18,16.53,108.07,0.0000,0.0768,0,collision,
3463,150,312.86,16.34,209.79,0.0000,0.0000,1,goal,
3464,201,378.92,11.78,299.50,0.0000,0.0065,1,goal,
3465,94,-80.84,17.92,-64.85,0.0213,0.0744,0,collision,
3466,249,307.99,9.92,881.64,0.0000,0.0000,1,goal,
3467,239,305.91,10.16,314.90,0.0000,0.0054,1,goal,
3468,155,370.18,15.06,173.44,0.0000,0.0000,1,goal,
3469,322,-66.59,8.53,1058.31,0.0010,0.0324,0,collision,
3470,147,336.14,15.21,57.86,0.0000,0.0107,1,goal,
3471,49,-166.06,11.83,167.47,0.0408,0.0394,0,collision,
3472,201,297.22,11.31,591.93,0.0000,0.0000,1,goal,
3473,174,395.43,13.44,412.87,0.0000,0.0000,1,goal,
3474,222,418.11,11.87,702.28,0.0000,0.0000,1,goal,
3475,212,383.06,10.94,773.60,0.0000,0.0726,1,goal,
3476,241,409.06,10.67,903.01,0.0000,0.0030,1,goal,
3477,373,119.74,6.79,921.17,0.0000,0.0233,1,goal,
3478,60,-123.70,17.26,-66.07,0.0260,0.0000,0,collision,
1501,160,375.20,15.52,182.68,0.0000,0.0000,1,goal,
1502,30,-185.60,4.25,174.41,0.0667,0.0034,0,collision,
1503,109,-161.69,11.14,128.40,0.0183,0.0373,0,collision,
1504,262,336.85,10.69,729.39,0.0000,0.0000,1,goal,
1505,118,-92.31,14.47,300.05,0.0169,0.0041,0,collision,
1506,248,312.66,8.09,1231.07,0.0000,0.0000,1,goal,
1507,118,-154.42,11.74,244.84,0.0000,0.0137,0,collision,
1508,257,-208.85,5.34,1299.79,0.0000,0.0000,0,collision,
1509,90,-228.32,4.21,320.58,0.0000,0.0000,0,collision,
1510,128,-124.35,11.80,600.51,0.0000,0.0000,0,collision,
3479,235,-225.79,5.21,891.07,0.0085,0.0000,0,collision,
3480,198,433.06,13.64,639.07,0.0000,0.0000,1,goal,
3481,399,164.87,7.49,1174.37,0.0000,0.0935,1,goal,
3482,169,343.07,16.42,-137.12,0.0000,0.0010,1,goal,
3483,73,-250.04,2.87,226.74,0.0274,0.2134,0,collision,
3484,302,324.66,7.67,987.38,0.0000,0.0157,1,goal,
3485,162,-95.42,8.14,625.72,0.0123,0.0507,0,collision,
3486,83,-235.96,3.05,225.11,0.0000,0.4477,0,collision,
3487,23,-176.17,14.07,60.52,0.0000,0.0125,0,collision,
3488,142,-199.54,5.53,734.56,0.0000,0.0941,0,collision,
3489,114,-101.22,9.50,529.56,0.0175,0.0000,0,collision,
3490,259,363.52,9.69,860.88,0.0000,0.0603,1,goal,
3491,158,-107.18,11.93,428.16,0.0000,0.0287,0,collision,
3492,44,-148.86,13.14,106.47,0.0000,0.0618,0,collision,
3493,51,-168.67,4.85,309.76,0.0392,0.0354,0,collision,
3494,229,419.00,13.01,489.76,0.0000,0.0001,1,goal,
3495,110,-92.49,15.44,31.63,0.0182,0.0104,0,collision,
3496,234,-146.78,7.48,461.41,0.0000,0.1225,0,collision,
3497,39,-185.60,5.26,227.57,0.0000,0.0000,0,collision,
3498,252,448.93,11.77,719.49,0.0000,0.0053,1,goal,
3499,47,-209.87,3.97,211.79,0.0426,0.0110,0,collision,
3500,245,348.68,10.03,856.55,0.0000,0.0313,1,goal,
3501,143,-99.57,9.36,945.03,0.0000,0.0017,0,collision,
3502,300,-46.75,9.19,556.92,0.0000,0.0333,0,collision,
3503,11,-206.18,2.03,32.79,0.1818,0.0000,0,collision,
1511,15,-188.09,6.87,145.14,0.0000,0.0000,0,collision,
1512,268,-143.93,8.09,601.67,0.0075,0.1242,0,collision,
1513,59,-124.92,17.03,104.98,0.0000,0.0000,0,collision,
1514,379,149.12,5.94,1152.41,0.0000,0.0327,1,goal,
1515,43,-153.77,12.78,184.84,0.0311,0.0592,0,collision,
1516,290,354.76,7.85,1377.02,0.0000,0.0512,1,goal,
1517,21,-181.95,5.60,131.56,0.0000,0.0000,0,collision,
1518,47,-197.14,2.98,153.09,0.0000,0.0000,0,collision,
1519,363,271.83,7.96,1290.94,0.0000,0.0000,1,goal,
1520,152,-170.36,4.29,745.28,0.0132,0.0158,0,collision,
3504,465,-198.07,8.02,1548.86,0.0008,0.0040,0,collision,
3505,149,-186.88,6.15,726.17,0.0000,0.0000,0,collision,
3506,290,398.84,9.57,1105.23,0.0000,0.0239,1,goal,
3507,383,186.93,6.56,1239.37,0.0000,0.0000,1,goal,
3508,91,-108.48,19.28,-139.53,0.0220,0.0269,0,collision,
3509,83,-169.29,6.89,272.42,0.0000,0.1677,0,collision,
3510,8,-201.07,2.08,26.11,0.0000,0.0000,0,collision,
3511,373,-385.09,4.74,697.93,0.0000,0.0979,0,collision,
3512,294,-83.09,9.52,692.82,0.0000,0.0560,0,collision,
3513,223,-204.48,4.86,1149.09,0.0000,0.0219,0,collision,
3514,231,-264.03,4.21,820.76,0.0000,0.0377,0,collision,
3515,100,-139.42,8.97,426.19,0.0200,0.0084,0,collision,
3516,328,356.17,8.34,1173.26,0.0000,0.0059,1,goal,
3517,265,-38.70,8.70,710.31,0.0075,0.0087,0,collision,
3518,205,388.91,11.88,448.28,0.0000,0.0009,1,goal,
3519,311,-102.55,6.20,1158.55,0.0000,0.0000,0,collision,
3520,415,-118.25,7.18,1073.48,0.0000,0.0225,0,collision,
1521,92,-210.26,8.54,281.48,0.0028,0.0222,0,collision,
1522,458,184.91,6.24,1746.44,0.0000,0.0035,1,goal,
1523,81,-118.80,11.95,105.02,0.0000,0.0128,0,collision,
1524,201,329.60,11.27,359.83,0.0000,0.0035,1,goal,
1525,305,344.60,7.99,1426.67,0.0000,0.0154,1,goal,
1526,244,334.63,11.39,326.76,0.0000,0.0070,1,goal,
1527,195,-222.98,4.62,622.30,0.0103,0.0149,0,collision,
1528,149,-134.93,10.92,731.01,0.0029,0.0244,0,collision,
1529,76,-143.20,13.68,2.76,0.0000,0.0152,0,collision,
1530,13,-205.71,1.38,25.86,0.0000,0.0000,0,collision,
3521,55,-176.64,11.70,194.01,0.0364,0.0000,0,collision,
3522,199,381.86,12.74,577.74,0.0000,0.0073,1,goal,
3523,225,454.22,12.90,674.94,0.0000,0.0131,1,goal,
3524,42,-153.83,11.21,117.69,0.0000,0.0000,0,collision,
3525,66,-187.94,8.31,101.71,0.0303,0.3057,0,collision,
3526,36,-156.13,16.01,-14.88,0.0000,0.0672,0,collision,
3527,195,-215.66,7.26,647.31,0.0000,0.0009,0,collision,
3528,99,-213.17,5.82,285.26,0.0000,0.0824,0,collision,
3529,66,-109.56,21.75,-141.42,0.0000,0.0195,0,collision,
3530,139,-207.65,5.39,774.71,0.0000,0.0000,0,collision,
3531,141,-124.94,6.27,503.93,0.0142,0.0076,0,collision,
3532,355,301.02,6.97,1041.81,0.0000,0.0169,1,goal,
3533,260,385.65,9.80,846.55,0.0000,0.0000,1,goal,
3534,70,-121.27,10.53,291.59,0.0286,0.0000,0,collision,
3535,7,-202.81,1.48,13.62,0.0000,0.0000,0,collision,
3536,66,-201.22,6.66,311.66,0.0303,0.0000,0,collision,
3537,220,-110.85,6.90,1092.98,0.0091,0.0317,0,collision,
3538,38,-214.99,3.00,125.82,0.0000,0.0000,0,collision,
3539,42,-151.97,13.60,71.18,0.0000,0.0300,0,collision,
3540,106,-106.63,10.93,252.30,0.0189,0.0439,0,collision,
3541,145,-258.26,7.39,94.24,0.0000,0.0824,0,collision,
3542,26,-183.68,6.31,157.90,0.0769,0.0000,0,collision,
3543,59,-141.15,7.79,361.71,0.0339,0.0146,0,collision,
3544,10,-199.16,4.43,85.88,0.2000,0.0000,0,collision,
3545,40,-155.57,15.61,67.14,0.0000,0.0233,0,collision,
3546,261,341.09,8.87,587.40,0.0000,0.0605,1,goal,
3547,298,309.84,9.36,964.75,0.0000,0.0000,1,goal,
3548,174,-68.53,12.74,453.84,0.0115,0.0036,0,collision,
3549,230,298.40,10.83,506.30,0.0000,0.0007,1,goal,
3550,260,436.86,10.69,755.01,0.0000,0.0000,1,goal,
3551,42,-201.98,7.71,230.59,0.0000,0.1256,0,collision,
3552,143,-212.16,5.34,310.35,0.0140,0.0691,0,collision,
1531,574,94.65,4.83,1956.40,0.0000,0.0090,1,goal,
1532,273,367.91,8.11,1413.52,0.0000,0.0006,1,goal,
1533,276,321.10,9.91,680.98,0.0000,0.0000,1,goal,
1534,326,-59.86,7.27,1028.51,0.0061,0.0668,0,collision,
1535,307,429.90,7.12,1741.04,0.0000,0.0254,1,goal,
1536,299,395.17,8.95,1145.22,0.0000,0.0000,1,goal,
1537,76,-209.49,7.01,136.13,0.0263,0.0376,0,collision,
1538,35,-234.38,1.28,46.97,0.0571,0.0356,0,collision,
1539,155,-51.81,13.07,37.49,0.0000,0.0452,0,collision,
1540,212,-168.82,6.32,506.51,0.0000,0.0268,0,collision,
3553,96,-221.05,4.56,392.02,0.0000,0.0961,0,collision,
3554,209,-230.61,4.51,1015.06,0.0000,0.0128,0,collision,
3555,102,-221.80,7.85,124.57,0.0000,0.0091,0,collision,
3556,372,-91.44,6.20,2064.72,0.0000,0.0070,0,collision,
3557,332,313.83,6.76,1520.47,0.0000,0.0096,1,goal,
3558,110,-232.04,2.50,322.82,0.0000,0.1503,0,collision,
3559,291,366.15,9.74,765.14,0.0000,0.0085,1,goal,
3560,154,-52.17,14.27,251.49,0.0130,0.0220,0,collision,
3561,57,-221.57,3.40,217.34,0.0351,0.0135,0,collision,
3562,189,393.32,12.32,309.27,0.0000,0.0000,1,goal,
3563,312,375.35,9.00,930.64,0.0000,0.0204,1,goal,
3564,434,193.78,5.47,1868.41,0.0000,0.0132,1,goal,
3565,152,-294.23,3.68,513.40,0.0000,0.0958,0,collision,
3566,12,-198.76,2.21,28.95,0.1667,0.0000,0,collision,
3567,226,-109.45,9.28,516.17,0.0088,0.0000,0,collision,
3568,166,351.29,13.51,217.32,0.0000,0.0000,1,goal,
3569,75,-151.75,7.07,322.66,0.0267,0.0000,0,collision,
3570,210,346.79,11.76,504.93,0.0000,0.0625,1,goal,
3571,298,358.00,7.61,967.80,0.0000,0.0386,1,goal,
3572,276,-142.85,4.25,875.78,0.0038,0.0142,0,collision,
1541,102,-188.03,3.47,389.30,0.0007,0.0000,0,collision,
1542,61,-117.42,22.23,-54.45,0.0000,0.0333,0,collision,
1543,128,-209.48,5.90,198.48,0.0000,0.1300,0,collision,
1544,320,358.95,8.14,1045.11,0.0000,0.0052,1,goal,
1545,200,409.70,13.87,122.19,0.0000,0.0000,1,goal,
1546,272,396.02,8.57,948.49,0.0000,0.0093,1,goal,
1547,177,-186.67,4.87,440.18,0.0000,0.0108,0,collision,
1548,215,357.44,11.66,528.93,0.0000,0.0000,1,goal,
1549,25,-192.80,5.16,117.67,0.0800,0.0563,0,collision,
1550,219,-68.22,10.84,449.00,0.0049,0.0627,0,collision,
3573,293,-369.54,3.14,931.14,0.0068,0.1073,0,collision,
3574,92,-149.86,11.54,110.53,0.0000,0.0194,0,collision,
3575,83,-171.16,8.47,118.97,0.0241,0.0076,0,collision,
3576,100,-159.68,12.64,-20.16,0.0000,0.2732,0,collision,
3577,190,338.92,11.80,447.66,0.0000,0.0001,1,goal,
3578,342,-223.95,4.52,1320.30,0.0000,0.0078,0,collision,
3579,61,-154.92,9.90,142.87,0.0000,0.0029,0,collision,
3580,250,260.80,9.80,548.94,0.0000,0.0106,1,goal,
3581,292,298.12,7.91,826.46,0.0000,0.0152,1,goal,
3582,182,-127.40,11.62,187.94,0.0000,0.0586,0,collision,
3583,204,-162.27,5.77,624.05,0.0098,0.0282,0,collision,
3584,142,387.55,17.37,207.39,0.0000,0.0000,1,goal,
3585,206,361.44,11.46,447.47,0.0000,0.0004,1,goal,
3586,182,338.95,13.35,496.27,0.0000,0.0000,1,goal,
3587,5,-203.57,0.83,4.45,0.0000,0.0884,0,collision,
3588,331,312.66,8.56,1096.47,0.0000,0.0296,1,goal,
3589,203,-94.35,9.74,188.62,0.0099,0.0188,0,collision,
3590,95,-240.27,6.40,100.72,0.0211,0.0291,0,collision,
3591,133,-234.71,5.53,370.39,0.0000,0.0087,0,collision,
3592,25,-170.37,11.17,159.83,0.0800,0.0000,0,collision,
3593,149,-166.89,5.23,376.40,0.0000,0.0196,0,collision,
3594,19,-198.55,3.67,79.81,0.0000,0.0000,0,collision,
3595,153,-192.98,7.88,264.83,0.0131,0.1850,0,collision,
3596,157,369.22,14.37,386.08,0.0000,0.0000,1,goal,
3597,99,-100.86,13.74,173.19,0.0000,0.0638,0,collision,
3598,153,-222.53,4.13,424.25,0.0000,0.0000,0,collision,
1551,140,321.90,17.57,96.86,0.0000,0.0000,1,goal,
1552,340,244.47,7.59,1404.55,0.0000,0.0064,1,goal,
1553,218,358.54,10.92,506.85,0.0000,0.0061,1,goal,
1554,14,-190.61,6.11,83.29,0.0000,0.0000,0,collision,
1555,89,-133.64,10.71,293.27,0.0067,0.0195,0,collision,
1556,294,-50.03,8.96,1048.38,0.0068,0.0109,0,collision,
1557,282,230.57,9.43,645.49,0.0000,0.0264,1,goal,
1558,261,263.56,6.73,536.22,0.0000,0.0090,1,goal,
1559,212,-127.80,9.48,345.81,0.0094,0.0728,0,collision,
1560,151,-14.46,17.01,271.41,0.0132,0.0087,0,collision,
3599,265,-199.80,10.64,256.33,0.0075,0.0422,0,collision,
3600,189,-3.33,15.58,398.33,0.0000,0.0022,0,collision,
3601,294,406.41,9.34,544.01,0.0000,0.0045,1,goal,
3602,62,-117.94,19.17,-144.85,0.0275,0.0364,0,collision,
3603,26,-181.58,8.44,120.07,0.0000,0.0000,0,collision,
3604,420,-248.77,5.32,1038.94,0.0000,0.0093,0,collision,
3605,166,287.33,9.95,409.39,0.0000,0.0064,1,goal,
3606,250,279.21,10.08,571.79,0.0000,0.0221,1,goal,
3607,201,334.36,12.81,28.26,0.0000,0.0033,1,goal,
3608,235,320.63,9.84,877.78,0.0000,0.0000,1,goal,
3609,217,-110.34,6.28,801.36,0.0006,0.0623,0,collision,
3610,285,424.19,10.22,766.20,0.0000,0.0000,1,goal,
3611,312,298.81,7.18,657.62,0.0000,0.0393,1,goal,
3612,335,265.67,7.95,924.30,0.0000,0.0072,1,goal,
3613,41,-170.59,17.32,50.97,0.0488,0.0228,0,collision,
3614,297,363.15,7.95,803.88,0.0000,0.0030,1,goal,
3615,295,312.22,7.80,927.64,0.0000,0.0272,1,goal,
1561,302,-109.25,7.26,849.16,0.0066,0.0209,0,collision,
1562,168,326.79,15.61,220.94,0.0000,0.0000,1,goal,
1563,205,-222.78,6.35,359.88,0.0098,0.0887,0,collision,
1564,430,204.55,6.48,1350.27,0.0000,0.0221,1,goal,
1565,8,-193.95,5.36,52.71,0.0000,0.0000,0,collision,
1566,265,331.90,10.13,459.71,0.0000,0.0000,1,goal,
1567,217,409.97,10.93,748.37,0.0000,0.0000,1,goal,
1568,28,-171.08,11.67,91.12,0.0000,0.0650,0,collision,
1569,86,-135.63,10.02,275.29,0.0233,0.1616,0,collision,
1570,190,365.23,12.09,623.43,0.0000,0.0244,1,goal,
3616,317,-218.87,7.17,1045.28,0.0000,0.0136,0,collision,
3617,228,327.21,10.82,560.11,0.0000,0.0000,1,goal,
3618,97,-83.11,14.25,129.74,0.0000,0.0139,0,collision,
3619,337,318.19,7.64,963.77,0.0000,0.0085,1,goal,
3620,293,-56.65,8.12,817.65,0.0000,0.0059,0,collision,
3621,297,-376.50,4.39,843.18,0.0000,0.0244,0,collision,
3622,191,-35.69,11.79,547.47,0.0105,0.0104,0,collision,
3623,152,389.88,18.28,-197.50,0.0000,0.0059,1,goal,
3624,178,-310.73,5.06,318.46,0.0000,0.0387,0,collision,
3625,254,396.04,9.61,767.30,0.0000,0.0000,1,goal,
3626,75,-174.06,7.29,193.89,0.0000,0.0000,0,collision,
3627,337,319.93,7.25,1431.23,0.0000,0.0133,1,goal,
3628,170,-65.61,10.86,656.05,0.0000,0.0518,0,collision,
3629,17,-196.09,4.59,94.25,0.1176,0.0608,0,collision,
3630,69,-137.67,8.97,524.47,0.0000,0.0080,0,collision,
3631,152,-143.82,8.48,357.35,0.0132,0.0840,0,collision,
3632,211,396.15,10.68,855.27,0.0000,0.0273,1,goal,
3633,104,349.99,22.51,-166.74,0.0000,0.0000,1,goal,
3634,219,416.94,12.17,399.61,0.0000,0.0067,1,goal,
3635,334,238.58,7.32,1091.58,0.0000,0.0000,1,goal,
1571,27,-183.68,4.71,141.67,0.0000,0.0000,0,collision,
1572,304,412.11,9.38,816.35,0.0000,0.0245,1,goal,
1573,133,-140.57,11.61,371.07,0.0000,0.0124,0,collision,
1574,345,314.45,8.20,956.64,0.0000,0.0001,1,goal,
1575,302,285.88,8.59,1005.21,0.0000,0.0054,1,goal,
1576,257,302.62,9.59,645.73,0.0000,0.0686,1,goal,
1577,70,-215.41,3.45,203.16,0.0031,0.1117,0,collision,
1578,170,-122.18,9.17,491.06,0.0000,0.0000,0,collision,
1579,21,-177.61,6.98,201.75,0.0000,0.0000,0,collision,
1580,136,-64.48,16.41,120.28,0.0000,0.0078,0,collision,
3636,429,-99.16,7.61,1413.38,0.0000,0.0195,0,collision,
3637,180,401.82,12.57,532.73,0.0000,0.0000,1,goal,
3638,93,-102.39,13.06,224.91,0.0215,0.0168,0,collision,
3639,353,326.47,8.17,2089.51,0.0000,0.0189,1,goal,
3640,218,-15.08,10.88,612.82,0.0000,0.0212,0,collision,
3641,235,-58.72,10.98,482.90,0.0000,0.0070,0,collision,
3642,186,409.63,13.94,422.36,0.0000,0.0055,1,goal,
3643,171,346.57,14.37,535.10,0.0000,0.0051,1,goal,
3644,57,-145.24,12.58,89.83,0.0351,0.0000,0,collision,
3645,135,-66.80,11.05,369.24,0.0000,0.0000,0,collision,
3646,338,385.98,8.24,1265.97,0.0000,0.0083,1,goal,
3647,156,326.24,14.45,-39.51,0.0000,0.0010,1,goal,
3648,56,-134.98,20.01,-39.62,0.0357,0.0367,0,collision,
3649,42,-140.39,23.18,-34.71,0.0000,0.0413,0,collision,
3650,191,352.57,11.77,521.58,0.0000,0.0129,1,goal,
3651,197,351.83,13.81,-25.80,0.0000,0.0124,1,goal,
3652,341,403.25,7.11,1672.37,0.0000,0.0110,1,goal,
3653,307,350.30,9.27,736.21,0.0000,0.1188,1,goal,
3654,147,-110.99,14.12,105.61,0.0000,0.0101,0,collision,
3655,211,-127.77,9.49,20.17,0.0095,0.2155,0,collision,
3656,180,-118.14,7.30,591.02,0.0000,0.0395,0,collision,
3657,65,-207.19,11.29,106.34,0.0000,0.0000,0,collision,
3658,11,-208.47,0.86,10.01,0.1818,0.0000,0,collision,
1581,141,-138.38,6.06,873.46,0.0000,0.0064,0,collision,
1582,89,-234.65,2.55,218.21,0.0000,0.3249,0,collision,
1583,369,298.96,7.64,1844.21,0.0000,0.0097,1,goal,
1584,285,-90.06,7.75,1288.10,0.0070,0.0506,0,collision,
1585,127,-306.27,5.12,46.20,0.0157,0.3399,0,collision,
1586,163,-124.53,7.22,354.23,0.0000,0.0334,0,collision,
1587,181,-135.11,9.62,482.68,0.0110,0.0334,0,collision,
1588,41,-150.11,16.25,118.01,0.0488,0.0000,0,collision,
1589,51,-181.28,9.43,292.60,0.0392,0.0088,0,collision,
1590,149,364.04,16.98,325.96,0.0000,0.0007,1,goal,
3659,483,-369.69,7.10,104.35,0.0041,0.0016,0,collision,
3660,94,-120.52,18.47,154.35,0.0000,0.0157,0,collision,
3661,133,-157.50,4.93,512.51,0.0000,0.0274,0,collision,
3662,147,343.25,16.94,-71.18,0.0000,0.0339,1,goal,
3663,44,-157.28,13.75,93.89,0.0455,0.1608,0,collision,
3664,115,-236.56,3.67,298.00,0.0000,0.2194,0,collision,
3665,59,-133.61,19.61,-47.20,0.0000,0.0508,0,collision,
3666,68,-153.77,9.04,99.36,0.0000,0.0000,0,collision,
3667,93,-94.39,13.59,417.57,0.0000,0.0160,0,collision,
3668,146,335.86,15.78,205.97,0.0000,0.0000,1,goal,
3669,81,-149.48,10.33,146.93,0.0247,0.0950,0,collision,
3670,274,308.96,10.24,730.61,0.0000,0.0040,1,goal,
3671,295,-241.50,6.26,578.58,0.0068,0.0210,0,collision,
3672,133,-154.17,11.99,179.41,0.0000,0.0178,0,collision,
3673,175,367.77,12.83,100.37,0.0000,0.0009,1,goal,
3674,202,-336.89,8.69,-16.35,0.0000,0.0139,0,collision,
3675,270,247.40,8.58,599.92,0.0000,0.0870,1,goal,
3676,127,-174.56,6.23,304.47,0.0157,0.0124,0,collision,
3677,4,-198.20,3.11,22.43,0.5000,0.0000,0,collision,
3678,203,-22.35,11.34,491.37,0.0011,0.0363,0,collision,
3679,228,295.08,11.18,498.61,0.0000,0.0184,1,goal,
3680,217,407.33,10.45,745.15,0.0000,0.0141,1,goal,
3681,222,353.98,11.10,643.06,0.0000,0.0276,1,goal,
3682,128,-258.34,1.68,234.83,0.0000,0.1071,0,collision,
3683,71,-126.66,9.88,355.98,0.0282,0.0000,0,collision,
3684,29,-177.25,6.58,211.82,0.0690,0.0000,0,collision,
3685,54,-167.07,9.17,213.40,0.0370,0.1738,0,collision,
1591,237,284.99,10.35,566.21,0.0000,0.0010,1,goal,
1592,47,-169.73,6.31,337.58,0.0000,0.0000,0,collision,
1593,104,-145.19,12.05,166.74,0.0000,0.0382,0,collision,
1594,37,-172.43,7.00,253.75,0.0000,0.0000,0,collision,
1595,162,-215.64,5.58,458.53,0.0123,0.0180,0,collision,
1596,268,393.39,10.37,1178.25,0.0000,0.0172,1,goal,
1597,355,375.16,8.35,873.67,0.0000,0.0571,1,goal,
1598,399,-288.84,7.13,760.91,0.0000,0.0193,0,collision,
1599,261,337.86,8.89,482.85,0.0000,0.0559,1,goal,
1600,13,-199.89,2.62,38.43,0.0000,0.0000,0,collision,
3686,224,-234.73,5.41,568.54,0.0089,0.0093,0,collision,
3687,373,432.90,7.26,1572.09,0.0000,0.0482,1,goal,
3688,182,-69.91,12.28,622.66,0.0110,0.1044,0,collision,
3689,429,257.93,6.91,1268.38,0.0000,0.0578,1,goal,
3690,219,373.46,12.57,515.93,0.0000,0.0110,1,goal,
3691,150,404.84,18.49,336.54,0.0000,0.0000,1,goal,
3692,284,368.11,9.83,1077.44,0.0000,0.0284,1,goal,
3693,400,279.61,6.66,1456.46,0.0000,0.0090,1,goal,
3694,153,-132.56,9.34,596.25,0.0131,0.0000,0,collision,
3695,90,-197.75,6.43,179.77,0.0222,0.3193,0,collision,
3696,228,-217.01,5.46,705.06,0.0088,0.0842,0,collision,
3697,370,124.49,6.58,585.83,0.0000,0.0237,1,goal,
3698,100,-128.43,8.13,569.81,0.0000,0.0021,0,collision,
3699,273,335.45,10.09,718.76,0.0000,0.0072,1,goal,
3700,224,331.71,11.44,476.76,0.0000,0.0441,1,goal,
3701,202,384.78,12.69,641.40,0.0000,0.0004,1,goal,
1601,213,-141.54,11.37,301.20,0.0000,0.0974,0,collision,
1602,95,-118.87,12.28,169.29,0.0000,0.0078,0,collision,
1603,140,-100.33,8.18,663.24,0.0143,0.0797,0,collision,
1604,68,-138.19,10.44,112.21,0.0294,0.0000,0,collision,
1605,365,238.83,7.52,1473.98,0.0000,0.0009,1,goal,
1606,265,-383.38,5.43,287.86,0.0075,0.0063,0,collision,
1607,323,345.98,8.60,1249.65,0.0000,0.0275,1,goal,
1608,141,-223.40,6.71,397.18,0.0000,0.0746,0,collision,
1609,72,-106.79,19.21,-71.77,0.0278,0.0161,0,collision,
1610,91,-67.13,23.86,-79.70,0.0220,0.0093,0,collision,
3702,403,-73.45,10.66,709.41,0.0000,0.1094,0,collision,
3703,58,-120.95,22.95,13.08,0.0345,0.0337,0,collision,
3704,21,-196.47,2.84,74.96,0.0000,0.0697,0,collision,
3705,179,-40.70,12.94,256.83,0.0112,0.0355,0,collision,
3706,10,-194.54,3.99,67.17,0.2000,0.0000,0,collision,
3707,125,-277.60,2.59,347.19,0.0160,0.0000,0,collision,
3708,336,329.53,8.56,1633.96,0.0000,0.0131,1,goal,
3709,307,-270.00,8.62,548.31,0.0065,0.0189,0,collision,
3710,200,-95.92,11.31,343.56,0.0100,0.0109,0,collision,
3711,152,-175.24,4.49,566.82,0.0000,0.1710,0,collision,
3712,204,-50.26,8.74,1006.68,0.0000,0.0000,0,collision,
3713,176,-174.98,7.98,227.75,0.0000,0.1766,0,collision,
3714,268,336.17,10.45,847.84,0.0000,0.0262,1,goal,
3715,201,-102.61,9.23,432.98,0.0000,0.0753,0,collision,
3716,316,-31.92,9.34,1068.93,0.0063,0.0058,0,collision,
3717,202,-93.56,9.22,580.70,0.0000,0.0462,0,collision,
3718,88,-195.16,4.38,397.00,0.0227,0.1093,0,collision,
3719,298,464.02,9.88,1061.20,0.0000,0.0210,1,goal,
3720,280,414.93,9.84,1068.90,0.0000,0.0280,1,goal,
3721,49,-142.26,12.93,97.81,0.0408,0.0367,0,collision,
3722,34,-161.73,17.79,33.79,0.0000,0.0805,0,collision,
3723,31,-176.53,9.98,139.99,0.0645,0.1201,0,collision,
3724,197,-120.79,10.63,733.22,0.0102,0.0293,0,collision,
3725,80,-116.96,17.73,-3.29,0.0000,0.0212,0,collision,
1611,306,-73.58,9.00,237.92,0.0000,0.0323,0,collision,
1612,405,313.63,6.86,1349.99,0.0000,0.0146,1,goal,
1613,328,215.75,8.87,644.09,0.0000,0.0122,1,goal,
1614,187,-39.93,11.05,466.63,0.0107,0.0217,0,collision,
1615,32,-186.84,9.33,259.76,0.0000,0.1728,0,collision,
1616,262,315.75,9.43,738.18,0.0000,0.0000,1,goal,
1617,485,115.23,5.92,2002.88,0.0000,0.0825,1,goal,
1618,253,342.04,10.16,782.79,0.0000,0.0121,1,goal,
1619,253,319.70,10.56,583.55,0.0000,0.1131,1,goal,
1620,275,419.76,10.32,973.47,0.0000,0.0251,1,goal,
3726,458,-24.31,8.59,1836.70,0.0044,0.0456,0,collision,
3727,333,106.72,7.29,648.68,0.0000,0.0331,1,goal,
3728,126,-260.53,5.26,149.32,0.0000,0.0410,0,collision,
3729,353,310.51,7.80,764.05,0.0000,0.0511,1,goal,
3730,189,318.77,12.56,339.66,0.0000,0.0126,1,goal,
3731,312,-169.08,6.82,1246.69,0.0064,0.0800,0,collision,
3732,95,-241.49,4.09,313.24,0.0000,0.0105,0,collision,
3733,24,-177.79,13.48,109.97,0.0000,0.0000,0,collision,
3734,218,375.44,11.42,737.29,0.0000,0.0295,1,goal,
3735,266,16.16,10.43,758.32,0.0000,0.0340,0,collision,
3736,178,-181.08,3.70,594.98,0.0112,0.0057,0,collision,
3737,369,-307.94,6.65,677.92,0.0000,0.0155,0,collision,
3738,267,414.61,9.63,921.69,0.0000,0.0071,1,goal,
3739,208,-60.81,9.25,589.72,0.0000,0.0764,0,collision,
3740,35,-172.04,7.98,166.19,0.0000,0.0252,0,collision,
3741,333,137.39,7.48,795.18,0.0000,0.0499,1,goal,
3742,265,367.51,9.10,877.28,0.0000,0.0328,1,goal,
3743,77,-127.48,14.04,15.65,0.0000,0.0309,0,collision,
1621,26,-187.37,10.52,163.49,0.0769,0.0374,0,collision,
1622,16,-185.38,9.22,110.87,0.1250,0.1542,0,collision,
1623,232,-30.01,8.21,849.57,0.0000,0.0132,0,collision,
1624,364,317.27,8.21,971.58,0.0000,0.0385,1,goal,
1625,53,-141.45,19.93,-29.87,0.0000,0.0304,0,collision,
1626,250,407.79,10.67,375.23,0.0000,0.0795,1,goal,
1627,47,-210.80,4.95,160.31,0.0426,0.0000,0,collision,
1628,165,290.73,14.79,245.39,0.0000,0.0105,1,goal,
1629,209,404.21,10.57,867.73,0.0000,0.0001,1,goal,
1630,251,331.64,9.02,871.48,0.0000,0.1598,1,goal,
3744,443,-217.43,8.06,1361.62,0.0000,0.0680,0,collision,
3745,316,366.33,8.78,381.98,0.0000,0.0398,1,goal,
3746,183,-130.31,10.24,38.82,0.0000,0.0203,0,collision,
3747,283,312.50,9.22,797.66,0.0000,0.0575,1,goal,
3748,273,344.79,9.02,796.31,0.0000,0.0000,1,goal,
3749,94,-258.56,3.54,292.17,0.0000,0.0000,0,collision,
3750,276,361.35,9.45,916.06,0.0000,0.0000,1,goal,
3751,173,-121.38,11.83,-116.14,0.0097,0.0784,0,collision,
3752,191,326.62,12.92,635.73,0.0000,0.0028,1,goal,
3753,101,-248.97,4.49,413.68,0.0000,0.1246,0,collision,
3754,279,373.68,9.98,897.08,0.0000,0.0053,1,goal,
3755,24,-180.77,8.96,242.13,0.0000,0.3324,0,collision,
3756,128,-247.27,6.13,261.82,0.0000,0.0329,0,collision,
3757,25,-186.60,7.37,176.74,0.0800,0.0298,0,collision,
3758,235,277.28,9.58,733.94,0.0000,0.0089,1,goal,
3759,174,385.15,15.13,272.54,0.0000,0.0083,1,goal,
3760,124,-58.63,11.12,652.34,0.0161,0.0000,0,collision,
3761,363,264.90,6.83,942.96,0.0000,0.0466,1,goal,
3762,214,440.31,14.24,332.82,0.0000,0.0059,1,goal,
3763,246,418.29,9.66,1084.97,0.0000,0.0000,1,goal,
1631,32,-214.36,2.43,86.74,0.0625,0.0074,0,collision,
1632,200,-103.59,9.35,402.44,0.0100,0.0000,0,collision,
1633,275,-155.06,8.91,659.51,0.0073,0.1144,0,collision,
1634,239,392.99,11.31,659.41,0.0000,0.0000,1,goal,
1635,324,496.24,8.99,1601.87,0.0000,0.0000,1,goal,
1636,39,-155.08,17.53,96.36,0.0000,0.0000,0,collision,
1637,353,-39.66,7.79,1305.43,0.0000,0.0037,0,collision,
1638,132,-274.78,3.54,492.62,0.0000,0.0065,0,collision,
1639,305,270.56,8.15,385.89,0.0000,0.0246,1,goal,
1640,57,-134.15,19.25,-1.39,0.0000,0.0289,0,collision,
3764,218,-219.98,6.13,569.16,0.0092,0.1409,0,collision,
3765,152,282.21,14.56,160.83,0.0000,0.0078,1,goal,
3766,260,435.01,10.91,917.59,0.0000,0.0077,1,goal,
3767,322,-21.70,8.81,1343.30,0.0000,0.0096,0,collision,
3768,86,-158.98,13.13,200.05,0.0233,0.0000,0,collision,
3769,245,355.73,9.42,789.11,0.0000,0.0517,1,goal,
3770,328,249.54,7.43,961.20,0.0000,0.0780,1,goal,
3771,357,279.88,6.86,1766.47,0.0000,0.0007,1,goal,
3772,304,-64.64,7.71,860.23,0.0060,0.0504,0,collision,
3773,304,-422.14,3.89,514.20,0.0000,0.0041,0,collision,
3774,242,316.63,10.98,705.32,0.0000,0.0325,1,goal,
3775,162,378.70,14.40,244.17,0.0000,0.0000,1,goal,
3776,289,339.44,9.37,436.45,0.0000,0.0944,1,goal,
3777,466,-257.39,6.41,1150.07,0.0000,0.0288,0,collision,
3778,200,404.28,13.67,220.84,0.0000,0.0830,1,goal,
3779,172,354.52,13.07,385.27,0.0000,0.0000,1,goal,
1641,85,-236.91,3.30,309.49,0.0235,0.0449,0,collision,
1642,270,-131.13,7.73,987.46,0.0000,0.0255,0,collision,
1643,88,-127.54,6.74,572.88,0.0000,0.0000,0,collision,
1644,268,396.35,9.89,639.77,0.0000,0.0031,1,goal,
1645,216,427.37,14.24,519.42,0.0000,0.0654,1,goal,
1646,271,399.38,10.55,349.80,0.0000,0.0059,1,goal,
1647,213,320.38,10.66,677.46,0.0000,0.0162,1,goal,
1648,57,-182.00,10.85,89.10,0.0000,0.0087,0,collision,
1649,17,-195.23,8.76,76.88,0.0000,0.0000,0,collision,
1650,43,-163.93,8.48,371.72,0.0465,0.0000,0,collision,
3780,77,-129.65,7.48,359.01,0.0260,0.0000,0,collision,
3781,224,299.35,10.52,770.27,0.0000,0.0096,1,goal,
3782,89,-171.16,5.77,225.72,0.0000,0.0000,0,collision,
3783,212,338.94,10.63,313.73,0.0000,0.0236,1,goal,
3784,248,248.26,9.04,463.38,0.0000,0.0084,1,goal,
3785,98,-122.61,11.62,316.22,0.0000,0.0145,0,collision,
3786,347,428.56,7.99,971.85,0.0000,0.0068,1,goal,
3787,34,-171.35,8.00,251.11,0.0588,0.0137,0,collision,
3788,281,313.80,8.91,1077.67,0.0000,0.0000,1,goal,
3789,175,-112.93,8.71,460.23,0.0000,0.0000,0,collision,
3790,213,419.74,12.31,475.37,0.0000,0.0106,1,goal,
3791,242,-219.90,6.51,750.40,0.0000,0.0912,0,collision,
3792,352,-178.48,7.01,990.62,0.0057,0.0510,0,collision,
3793,65,-269.86,1.83,128.48,0.0000,0.0000,0,collision,
3794,302,244.50,7.54,718.22,0.0000,0.0076,1,goal,
3795,528,-193.51,5.51,1606.11,0.0038,0.0680,0,collision,
3796,186,-185.48,7.85,434.88,0.0000,0.0072,0,collision,
3797,272,369.71,8.52,958.77,0.0000,0.0166,1,goal,
1651,395,-291.05,5.81,1002.74,0.0000,0.0167,0,collision,
1652,308,-273.49,4.84,827.23,0.0000,0.0030,0,collision,
1653,138,-121.14,5.35,536.73,0.0145,0.0000,0,collision,
1654,33,-206.64,3.60,134.52,0.0606,0.0000,0,collision,
1655,27,-215.45,2.18,64.63,0.0741,0.0000,0,collision,
1656,334,131.76,8.07,548.23,0.0000,0.0177,1,goal,
1657,358,257.96,7.74,1055.86,0.0000,0.0039,1,goal,
1658,63,-132.22,11.63,251.37,0.0317,0.0000,0,collision,
1659,349,230.29,6.63,858.90,0.0000,0.0252,1,goal,
1660,179,-86.07,12.84,86.78,0.0112,0.0106,0,collision,
3798,518,-495.42,4.27,1608.88,0.0039,0.0526,0,collision,
3799,71,-163.41,9.22,106.31,0.0000,0.0443,0,collision,
3800,164,-115.73,6.04,667.59,0.0000,0.0000,0,collision,
3801,463,220.62,6.27,1355.95,0.0000,0.0068,1,goal,
3802,352,382.60,6.59,1377.34,0.0000,0.0014,1,goal,
3803,232,375.26,11.06,642.65,0.0000,0.0000,1,goal,
3804,155,384.50,15.06,413.57,0.0000,0.0000,1,goal,
3805,299,215.94,7.72,867.58,0.0000,0.0071,1,goal,
3806,63,-152.44,8.50,147.25,0.0000,0.0000,0,collision,
3807,379,-228.38,5.10,1352.06,0.0000,0.0799,0,collision,
3808,382,139.48,6.53,1138.06,0.0000,0.0432,1,goal,
3809,418,-143.92,6.86,1437.86,0.0000,0.0079,0,collision,
3810,288,429.21,9.72,1199.58,0.0000,0.0024,1,goal,
3811,509,-439.03,3.86,698.91,0.0039,0.1073,0,collision,
1661,62,-134.37,11.03,362.72,0.0323,0.0227,0,collision,
1662,179,-74.92,12.47,425.91,0.0112,0.0461,0,collision,
1663,82,-119.52,17.99,-96.14,0.0000,0.0138,0,collision,
1664,60,-150.06,10.14,301.95,0.0000,0.0217,0,collision,
1665,283,-206.42,5.84,908.17,0.0071,0.1132,0,collision,
1666,225,-166.03,5.68,758.65,0.0000,0.0259,0,collision,
1667,146,-124.76,7.93,666.75,0.0137,0.0000,0,collision,
1668,131,-90.75,8.80,748.82,0.0000,0.0470,0,collision,
1669,312,387.70,8.71,1158.19,0.0000,0.0013,1,goal,
1670,224,-28.73,9.98,799.23,0.0000,0.0094,0,collision,
3812,212,-300.61,4.62,530.02,0.0094,0.0251,0,collision,
3813,259,380.52,11.50,507.29,0.0000,0.0444,1,goal,
3814,203,-257.74,4.71,751.09,0.0000,0.1898,0,collision,
3815,140,-333.23,2.01,319.12,0.0143,0.0607,0,collision,
3816,169,-109.64,10.03,487.38,0.0118,0.0000,0,collision,
3817,220,376.47,10.24,887.52,0.0000,0.0000,1,goal,
3818,309,258.63,9.37,355.78,0.0000,0.0247,1,goal,
3819,205,-65.38,10.72,592.68,0.0098,0.0054,0,collision,
3820,247,297.49,9.38,695.27,0.0000,0.0737,1,goal,
3821,37,-168.09,6.47,233.82,0.0541,0.0059,0,collision,
3822,199,-93.12,10.42,510.68,0.0000,0.0670,0,collision,
3823,140,-88.23,14.59,345.66,0.0143,0.0496,0,collision,
3824,105,-134.04,7.60,457.76,0.0000,0.0132,0,collision,
3825,105,-227.25,6.16,205.66,0.0190,0.0917,0,collision,
3826,124,-158.26,10.94,216.21,0.0000,0.0121,0,collision,
3827,256,268.40,8.73,899.47,0.0000,0.0042,1,goal,
3828,291,392.19,8.44,1825.58,0.0000,0.0017,1,goal,
3829,75,-106.48,18.94,-82.65,0.0000,0.0000,0,collision,
3830,251,-190.89,5.52,819.91,0.0080,0.0977,0,collision,
3831,52,-208.29,4.69,280.81,0.0385,0.0393,0,collision,
3832,206,357.34,11.29,380.12,0.0000,0.0000,1,goal,
3833,116,-133.27,12.26,135.05,0.0172,0.2430,0,collision,
3834,100,-152.18,8.66,260.42,0.0200,0.0000,0,collision,
3835,89,-171.86,6.48,570.43,0.0225,0.0201,0,collision,
1671,286,386.96,8.98,1462.95,0.0000,0.0034,1,goal,
1672,10,-206.24,0.83,12.28,0.2000,0.0000,0,collision,
1673,128,-149.32,11.65,12.54,0.0000,0.1582,0,collision,
1674,132,-101.84,10.60,350.43,0.0152,0.1221,0,collision,
1675,115,-146.21,10.97,455.31,0.0000,0.0152,0,collision,
1676,65,-156.91,9.74,31.96,0.0000,0.0000,0,collision,
1677,75,-128.69,9.22,429.64,0.0267,0.0972,0,collision,
1678,238,-180.66,7.55,557.62,0.0000,0.0089,0,collision,
1679,110,-160.84,5.89,332.20,0.0004,0.1085,0,collision,
1680,120,-179.80,3.75,463.51,0.0167,0.0230,0,collision,
3836,238,-344.21,3.26,393.61,0.0000,0.0000,0,collision,
3837,50,-165.89,10.53,166.21,0.0000,0.0667,0,collision,
3838,149,361.51,18.66,-289.28,0.0000,0.0996,1,goal,
3839,286,-163.46,9.62,910.63,0.0000,0.0048,0,collision,
3840,43,-143.66,18.93,-4.62,0.0000,0.0231,0,collision,
3841,159,299.95,15.44,88.00,0.0000,0.0259,1,goal,
3842,215,301.99,11.22,729.16,0.0000,0.0244,1,goal,
3843,230,-350.52,4.15,289.46,0.0000,0.2918,0,collision,
3844,224,318.08,10.71,537.05,0.0000,0.0000,1,goal,
3845,202,348.97,12.18,825.44,0.0000,0.0461,1,goal,
3846,183,-103.14,6.77,651.11,0.0000,0.0012,0,collision,
3847,150,315.69,16.27,124.14,0.0000,0.0000,1,goal,
3848,248,328.05,11.24,744.21,0.0000,0.0010,1,goal,
3849,79,-180.39,6.30,428.50,0.0000,0.1608,0,collision,
3850,78,-250.08,3.35,285.20,0.0256,0.2083,0,collision,
3851,41,-153.83,19.97,1.06,0.0368,0.0362,0,collision,
3852,274,331.23,8.10,704.84,0.0000,0.0276,1,goal,
3853,30,-185.11,13.94,156.69,0.0667,0.0732,0,collision,
3854,269,350.31,8.84,580.15,0.0000,0.0085,1,goal,
3855,178,-70.73,9.72,807.70,0.0112,0.0000,0,collision,
3856,414,178.85,6.00,1209.55,0.0000,0.0657,1,goal,
3857,349,362.97,7.41,1339.14,0.0000,0.0250,1,goal,
1681,256,-301.97,4.49,558.53,0.0078,0.0235,0,collision,
1682,142,-191.53,5.80,309.57,0.0141,0.2339,0,collision,
1683,328,409.62,8.69,1245.47,0.0000,0.0120,1,goal,
1684,278,-219.97,6.90,848.03,0.0000,0.1063,0,collision,
1685,205,-153.37,7.96,474.14,0.0000,0.0279,0,collision,
1686,147,-118.68,7.44,596.91,0.0000,0.0637,0,collision,
1687,300,370.32,9.32,1222.24,0.0000,0.0145,1,goal,
1688,29,-169.82,16.64,54.56,0.0690,0.0372,0,collision,
1689,58,-166.97,17.35,61.60,0.0000,0.0103,0,collision,
1690,236,-234.87,6.02,801.15,0.0085,0.0075,0,collision,
3858,157,-172.81,12.17,492.40,0.0127,0.0149,0,collision,
3859,86,-153.89,6.39,459.98,0.0233,0.0729,0,collision,
3860,251,-106.86,6.43,1146.56,0.0080,0.0205,0,collision,
3861,285,-134.78,7.67,512.73,0.0070,0.0584,0,collision,
3862,287,418.11,9.84,1000.03,0.0000,0.0116,1,goal,
3863,216,379.94,10.40,473.70,0.0000,0.0000,1,goal,
3864,87,-168.61,4.20,386.08,0.0000,0.0140,0,collision,
3865,333,424.14,7.63,1678.05,0.0000,0.0000,1,goal,
3866,253,-148.22,5.49,823.94,0.0079,0.0096,0,collision,
3867,325,294.10,6.03,1537.89,0.0000,0.0207,1,goal,
3868,273,420.60,10.15,955.61,0.0000,0.0015,1,goal,
3869,52,-170.00,13.02,89.06,0.0043,0.0546,0,collision,
3870,93,-108.40,15.94,-9.38,0.0215,0.0000,0,collision,
3871,225,356.27,10.09,833.34,0.0000,0.0306,1,goal,
3872,155,351.77,14.39,453.12,0.0000,0.0081,1,goal,
3873,384,-259.83,7.28,1014.06,0.0052,0.0138,0,collision,
3874,210,299.06,12.02,604.69,0.0000,0.0446,1,goal,
3875,71,-116.05,17.70,-106.56,0.0282,0.0000,0,collision,
3876,254,384.88,8.96,924.77,0.0000,0.0074,1,goal,
1691,91,-222.54,6.58,113.17,0.0177,0.2505,0,collision,
1692,170,-60.85,17.46,158.97,0.0000,0.0072,0,collision,
1693,232,426.85,12.26,515.11,0.0000,0.0052,1,goal,
1694,292,307.93,9.79,633.75,0.0000,0.0514,1,goal,
1695,54,-154.53,13.19,100.61,0.0370,0.0736,0,collision,
1696,174,374.94,13.98,534.57,0.0000,0.0346,1,goal,
1697,253,-137.25,7.33,1020.31,0.0079,0.0274,0,collision,
1698,372,415.15,7.44,1544.58,0.0000,0.0382,1,goal,
1699,57,-137.07,10.20,403.33,0.0351,0.0373,0,collision,
1700,140,-111.33,10.47,439.79,0.0000,0.0062,0,collision,
3877,211,-184.63,5.81,843.90,0.0000,0.0108,0,collision,
3878,301,429.55,8.82,1208.34,0.0000,0.0118,1,goal,
3879,57,-179.82,6.02,146.70,0.0000,0.0232,0,collision,
3880,34,-187.46,4.04,196.56,0.0588,0.0025,0,collision,
3881,318,227.44,7.24,924.61,0.0000,0.0230,1,goal,
3882,248,383.81,10.03,800.16,0.0000,0.0215,1,goal,
3883,385,116.51,6.30,948.38,0.0000,0.0141,1,goal,
3884,100,-102.30,15.50,272.66,0.0200,0.0134,0,collision,
3885,110,-184.03,6.30,577.78,0.0182,0.0096,0,collision,
3886,179,-158.43,8.13,507.57,0.0000,0.0053,0,collision,
3887,234,379.73,9.98,687.44,0.0000,0.0000,1,goal,
3888,193,-48.64,8.62,877.11,0.0000,0.0099,0,collision,
3889,215,-84.75,9.90,577.05,0.0093,0.0000,0,collision,
3890,226,-194.02,8.50,540.83,0.0088,0.1372,0,collision,
3891,421,228.49,6.74,1484.90,0.0000,0.0051,1,goal,
3892,77,-147.15,12.60,246.50,0.0000,0.0233,0,collision,
3893,287,-36.08,10.38,319.03,0.0000,0.0110,0,collision,
3894,190,-300.81,4.41,443.39,0.0105,0.1616,0,collision,
3895,292,361.65,9.05,1098.66,0.0000,0.0000,1,goal,
3896,111,-95.87,12.32,404.37,0.0066,0.0093,0,collision,
3897,10,-190.94,4.77,71.78,0.2000,0.0000,0,collision,
1701,6,-197.04,2.65,23.52,0.0000,0.0000,0,collision,
1702,118,-153.65,11.25,171.91,0.0085,0.1049,0,collision,
1703,306,-292.64,4.93,765.23,0.0065,0.0210,0,collision,
1704,240,-67.08,8.75,660.05,0.0083,0.1944,0,collision,
1705,320,268.39,7.92,777.33,0.0000,0.0715,1,goal,
1706,49,-180.25,8.56,310.86,0.0000,0.0000,0,collision,
1707,290,323.48,9.11,514.64,0.0000,0.1501,1,goal,
1708,308,281.17,7.52,751.86,0.0000,0.0307,1,goal,
1709,260,340.97,9.09,1257.10,0.0000,0.0002,1,goal,
1710,70,-205.72,8.18,196.03,0.0000,0.0223,0,collision,
3898,255,-408.47,1.86,172.49,0.0000,0.0000,0,collision,
3899,398,451.37,6.86,1758.85,0.0000,0.0209,1,goal,
3900,153,349.12,12.94,233.83,0.0000,0.0000,1,goal,
3901,54,-186.98,4.98,217.94,0.0000,0.0168,0,collision,
3902,44,-200.88,5.40,256.21,0.0000,0.0000,0,collision,
3903,225,421.73,12.43,446.32,0.0000,0.0000,1,goal,
3904,111,-131.68,11.72,-28.21,0.0180,0.1971,0,collision,
3905,189,-153.60,7.56,803.81,0.0106,0.1131,0,collision,
3906,370,188.17,6.23,1127.39,0.0000,0.0549,1,goal,
3907,139,-86.90,10.76,589.75,0.0144,0.0300,0,collision,
3908,273,253.77,8.46,1077.26,0.0000,0.0781,1,goal,
3909,106,-163.17,8.79,418.51,0.0000,0.0119,0,collision,
3910,278,240.75,8.11,676.05,0.0000,0.0080,1,goal,
3911,82,-114.29,13.55,-9.80,0.0000,0.0902,0,collision,
3912,167,-128.36,8.32,591.65,0.0000,0.0165,0,collision,
3913,217,-93.71,9.51,830.34,0.0000,0.0078,0,collision,
3914,48,-176.43,5.64,236.65,0.0417,0.0381,0,collision,
3915,211,-100.61,9.07,708.91,0.0000,0.0192,0,collision,
3916,150,369.98,15.37,288.18,0.0000,0.0220,1,goal,
3917,37,-197.90,9.60,146.32,0.0000,0.0182,0,collision,
3918,78,-139.83,7.80,406.79,0.0256,0.0102,0,collision,
3919,250,406.01,9.05,1124.85,0.0000,0.0000,1,goal,
3920,251,366.16,8.93,617.91,0.0000,0.0255,1,goal,
1711,363,355.96,7.74,1911.28,0.0000,0.0000,1,goal,
1712,330,254.06,6.98,1472.52,0.0000,0.0000,1,goal,
1713,52,-156.59,5.72,361.77,0.0000,0.0000,0,collision,
1714,321,-230.32,4.96,1201.25,0.0016,0.0149,0,collision,
1715,231,388.68,10.81,616.71,0.0000,0.0000,1,goal,
1716,236,407.22,9.54,690.70,0.0000,0.0001,1,goal,
1717,56,-191.94,5.53,319.30,0.0000,0.0000,0,collision,
1718,209,-183.72,5.22,851.40,0.0000,0.0049,0,collision,
1719,175,384.71,12.90,386.39,0.0000,0.0000,1,goal,
1720,102,-280.48,2.87,172.60,0.0196,0.5252,0,collision,
3921,436,-376.31,5.16,661.64,0.0046,0.0000,0,collision,
3922,201,359.41,12.29,192.69,0.0000,0.0089,1,goal,
3923,296,302.39,8.96,984.18,0.0000,0.0271,1,goal,
3924,140,-213.90,5.51,462.55,0.0000,0.0412,0,collision,
3925,328,-320.76,4.25,1172.74,0.0000,0.0193,0,collision,
3926,257,370.97,11.77,344.37,0.0000,0.0167,1,goal,
3927,111,-189.49,5.89,242.27,0.0180,0.1524,0,collision,
3928,336,216.29,6.76,582.38,0.0000,0.0146,1,goal,
3929,160,-171.31,6.16,497.40,0.0000,0.0036,0,collision,
3930,350,314.11,7.44,1298.13,0.0000,0.0818,1,goal,
3931,277,390.25,8.11,1220.86,0.0000,0.0095,1,goal,
3932,82,-224.54,6.76,78.44,0.0244,0.0703,0,collision,
3933,210,340.74,12.26,493.29,0.0000,0.0172,1,goal,
3934,167,-46.38,10.02,733.22,0.0000,0.0295,0,collision,
3935,417,-58.05,5.68,1593.27,0.0016,0.0909,0,collision,
3936,122,-158.92,8.49,98.31,0.0164,0.0901,0,collision,
3937,74,-130.89,18.72,-156.18,0.0000,0.0208,0,collision,
1721,175,-70.78,9.93,518.72,0.0000,0.0210,0,collision,
1722,139,-169.39,4.88,433.40,0.0144,0.0772,0,collision,
1723,73,-110.71,17.06,-66.54,0.0274,0.0202,0,collision,
1724,73,-137.30,8.79,301.15,0.0000,0.0193,0,collision,
1725,262,370.99,11.07,815.64,0.0000,0.0000,1,goal,
1726,345,426.87,8.52,1634.16,0.0000,0.0000,1,goal,
1727,19,-181.25,11.10,79.49,0.0000,0.0000,0,collision,
1728,239,374.36,9.73,706.11,0.0000,0.0172,1,goal,
1729,114,-107.11,15.96,35.33,0.0000,0.0255,0,collision,
1730,111,-246.99,5.42,442.41,0.0000,0.0499,0,collision,
3938,551,-74.48,8.30,1351.27,0.0036,0.0337,0,collision,
3939,204,-165.20,6.98,876.63,0.0000,0.0365,0,collision,
3940,282,293.12,9.29,836.03,0.0000,0.0000,1,goal,
3941,9,-204.34,1.12,10.10,0.0000,0.0000,0,collision,
3942,148,325.35,15.62,32.61,0.0000,0.0000,1,goal,
3943,53,-141.03,13.54,24.82,0.0377,0.0478,0,collision,
3944,46,-141.05,19.11,62.56,0.0000,0.0125,0,collision,
3945,117,-221.89,5.24,464.46,0.0171,0.0063,0,collision,
3946,73,-179.15,5.23,168.67,0.0000,0.0000,0,collision,
3947,387,232.47,7.02,1513.85,0.0000,0.0211,1,goal,
3948,200,416.23,12.77,533.03,0.0000,0.0215,1,goal,
3949,321,240.91,7.59,1211.47,0.0000,0.0562,1,goal,
3950,233,-79.31,6.67,992.95,0.0086,0.0237,0,collision,
3951,137,-158.62,4.61,578.68,0.0146,0.0000,0,collision,
3952,459,146.74,6.21,1120.90,0.0000,0.0725,1,goal,
3953,345,202.52,6.93,1573.09,0.0000,0.0054,1,goal,
3954,22,-201.75,3.98,101.77,0.0909,0.0889,0,collision,
3955,184,-233.43,5.16,567.31,0.0109,0.0367,0,collision,
3956,262,396.45,10.42,771.50,0.0000,0.0041,1,goal,
1731,281,-8.75,8.10,1446.32,0.0000,0.0261,0,collision,
1732,279,272.73,8.28,1298.56,0.0000,0.1256,1,goal,
1733,30,-172.58,9.79,115.03,0.0667,0.0622,0,collision,
1734,114,-110.38,11.22,281.88,0.0175,0.0762,0,collision,
1735,212,-306.86,3.08,726.29,0.0026,0.0043,0,collision,
1736,419,212.48,6.92,995.00,0.0000,0.0397,1,goal,
1737,117,-149.51,4.82,588.42,0.0000,0.0255,0,collision,
1738,118,-70.78,12.09,419.50,0.0169,0.0423,0,collision,
1739,175,337.25,13.82,260.67,0.0000,0.0201,1,goal,
1740,162,-195.83,5.24,634.52,0.0000,0.0000,0,collision,
3957,346,-146.00,8.42,1245.45,0.0058,0.0122,0,collision,
3958,4,-199.70,1.84,8.09,0.5000,0.0000,0,collision,
3959,236,-126.19,8.55,654.28,0.0000,0.0251,0,collision,
3960,19,-195.35,5.38,153.25,0.0000,0.0000,0,collision,
3961,223,307.64,11.90,692.94,0.0000,0.0186,1,goal,
3962,177,411.73,17.15,-95.10,0.0000,0.0000,1,goal,
3963,149,-87.55,10.07,443.82,0.0000,0.0126,0,collision,
3964,314,290.39,8.16,1152.31,0.0000,0.0097,1,goal,
3965,287,302.28,10.07,936.44,0.0000,0.0053,1,goal,
3966,279,392.84,9.88,938.30,0.0000,0.0079,1,goal,
3967,388,336.72,7.43,1827.05,0.0000,0.0149,1,goal,
3968,59,-172.17,7.06,216.68,0.0339,0.0355,0,collision,
3969,9,-199.79,1.89,22.15,0.0000,0.0000,0,collision,
3970,198,-75.28,10.27,789.85,0.0038,0.0727,0,collision,
3971,61,-179.99,10.77,170.48,0.0328,0.0327,0,collision,
3972,40,-164.43,7.09,330.72,0.0500,0.0000,0,collision,
3973,87,-218.84,2.15,206.38,0.0230,0.0080,0,collision,
3974,47,-185.49,5.04,261.25,0.0426,0.0000,0,collision,
3975,74,-191.38,5.74,265.91,0.0270,0.2206,0,collision,
3976,198,356.57,12.41,622.05,0.0000,0.0000,1,goal,
3977,245,355.77,11.76,865.83,0.0000,0.0615,1,goal,
3978,77,-104.94,19.01,-36.79,0.0260,0.0526,0,collision,
3979,69,-131.88,9.72,448.21,0.0000,0.0214,0,collision,
3980,174,-29.64,12.87,401.64,0.0000,0.0112,0,collision,
3981,84,-150.93,9.76,64.79,0.0238,0.0999,0,collision,
3982,39,-175.86,9.52,251.28,0.0000,0.2086,0,collision,
3983,314,419.51,7.29,1493.17,0.0000,0.0009,1,goal,
3984,46,-177.00,4.91,230.46,0.0435,0.0480,0,collision,
1741,99,-199.40,7.09,406.73,0.0202,0.1938,0,collision,
1742,45,-198.67,5.25,206.03,0.0444,0.3818,0,collision,
1743,114,294.65,14.76,203.01,0.0000,0.0048,1,goal,
1744,67,-148.95,10.32,296.26,0.0299,0.0316,0,collision,
1745,273,241.27,8.21,959.63,0.0000,0.0289,1,goal,
1746,53,-175.64,12.93,184.66,0.0000,0.0292,0,collision,
1747,10,-201.38,1.57,19.56,0.2000,0.0000,0,collision,
1748,88,-62.71,30.91,-192.69,0.0000,0.0412,0,collision,
1749,14,-198.26,5.43,131.22,0.1429,0.0000,0,collision,
1750,259,423.88,9.93,954.60,0.0000,0.0280,1,goal,
3985,288,-173.83,7.12,1184.56,0.0069,0.0717,0,collision,
3986,109,-113.79,10.44,300.64,0.0000,0.0132,0,collision,
3987,66,-222.15,4.28,216.57,0.0303,0.0000,0,collision,
3988,87,-156.94,7.89,229.37,0.0230,0.0075,0,collision,
3989,40,-156.41,16.27,4.09,0.0000,0.0622,0,collision,
3990,155,-105.86,9.84,429.83,0.0129,0.0255,0,collision,
3991,145,353.71,15.60,111.22,0.0000,0.0000,1,goal,
3992,86,-110.93,20.16,23.49,0.0000,0.0660,0,collision,
3993,217,338.44,11.12,373.67,0.0000,0.0075,1,goal,
3994,180,388.04,13.42,248.07,0.0000,0.0179,1,goal,
3995,88,-125.57,11.71,190.06,0.0227,0.0244,0,collision,
3996,339,176.67,5.46,1016.94,0.0000,0.2246,1,goal,
3997,133,-134.83,7.90,285.84,0.0150,0.0111,0,collision,
3998,216,-192.83,6.98,672.85,0.0000,0.0619,0,collision,
3999,291,402.42,8.75,1468.27,0.0000,0.0003,1,goal,
4000,231,-84.95,9.57,1104.13,0.0000,0.0297,0,collision,
4001,246,335.36,12.59,126.00,0.0000,0.0254,1,goal,
4002,186,-134.30,8.49,438.59,0.0108,0.0110,0,collision,
4003,219,377.74,11.76,469.13,0.0000,0.0000,1,goal,
4004,172,356.78,17.01,135.74,0.0000,0.0155,1,goal,
4005,148,-153.77,9.47,446.67,0.0135,0.0113,0,collision,
4006,207,383.63,11.49,517.72,0.0000,0.0175,1,goal,
4007,197,393.40,11.44,400.91,0.0000,0.0099,1,goal,
1751,109,-147.98,9.64,290.13,0.0000,0.0109,0,collision,
1752,140,-154.30,4.72,709.95,0.0000,0.1591,0,collision,
1753,35,-223.87,2.20,83.75,0.0571,0.0396,0,collision,
1754,152,-101.71,5.81,967.94,0.0132,0.0223,0,collision,
1755,198,-172.95,6.25,836.54,0.0101,0.0047,0,collision,
1756,233,421.71,12.25,425.85,0.0000,0.0255,1,goal,
1757,257,365.71,10.74,594.93,0.0000,0.0370,1,goal,
1758,28,-196.47,5.45,196.53,0.0714,0.0000,0,collision,
1759,74,-168.11,9.71,244.28,0.0270,0.0000,0,collision,
1760,326,309.38,8.81,882.33,0.0000,0.0005,1,goal,
4008,429,-346.23,4.64,765.33,0.0000,0.0009,0,collision,
4009,101,314.48,22.63,2.81,0.0000,0.0000,1,goal,
4010,271,290.69,10.31,359.90,0.0000,0.0149,1,goal,
4011,71,-129.68,11.50,231.39,0.0282,0.0389,0,collision,
4012,259,-1.93,8.34,1315.47,0.0000,0.0004,0,collision,
4013,208,393.99,11.27,860.65,0.0000,0.0524,1,goal,
4014,280,364.94,8.57,1218.76,0.0000,0.0033,1,goal,
4015,203,355.69,12.17,303.69,0.0000,0.0000,1,goal,
4016,219,357.07,11.84,463.18,0.0000,0.0534,1,goal,
4017,10,-196.06,3.48,61.41,0.0000,0.0000,0,collision,
4018,60,-154.32,7.02,373.69,0.0000,0.0248,0,collision,
4019,148,-173.71,4.38,661.83,0.0135,0.0972,0,collision,
4020,411,250.56,6.83,1694.79,0.0000,0.0262,1,goal,
4021,7,-196.49,3.33,26.58,0.2857,0.0667,0,collision,
4022,289,315.68,9.44,1105.35,0.0000,0.0000,1,goal,
4023,183,-177.25,7.46,581.90,0.0000,0.0098,0,collision,
4024,394,-326.50,4.67,1201.86,0.0051,0.0070,0,collision,
4025,334,-19.41,8.29,1519.64,0.0023,0.0055,0,collision,
4026,235,442.79,13.02,575.03,0.0000,0.0000,1,goal,
4027,92,-130.35,6.98,338.06,0.0217,0.0000,0,collision,
1761,192,386.52,11.75,693.98,0.0000,0.0017,1,goal,
1762,121,-139.30,11.28,375.08,0.0000,0.0424,0,collision,
1763,325,234.57,8.86,511.46,0.0000,0.0133,1,goal,
1764,265,-122.42,8.16,844.38,0.0000,0.0041,0,collision,
1765,76,-174.94,10.80,291.66,0.0263,0.0071,0,collision,
1766,211,-85.44,7.37,433.11,0.0000,0.0000,0,collision,
1767,152,-195.49,7.33,377.80,0.0132,0.1853,0,collision,
1768,59,-127.53,16.15,171.46,0.0339,0.0259,0,collision,
1769,48,-170.65,14.62,119.97,0.0000,0.0000,0,collision,
1770,336,263.58,7.04,973.13,0.0000,0.0161,1,goal,
4028,285,-320.86,5.69,678.48,0.0000,0.1212,0,collision,
4029,307,376.87,9.02,1176.67,0.0000,0.0351,1,goal,
4030,329,340.93,6.77,1585.44,0.0000,0.0283,1,goal,
4031,213,347.87,10.43,713.18,0.0000,0.0317,1,goal,
4032,199,359.55,11.91,393.94,0.0000,0.0000,1,goal,
4033,431,281.50,6.45,1620.03,0.0000,0.0442,1,goal,
4034,293,334.85,8.81,613.24,0.0000,0.1231,1,goal,
4035,78,-214.25,2.27,194.96,0.0000,0.0008,0,collision,
4036,164,-292.77,3.08,558.09,0.0000,0.0234,0,collision,
4037,67,-186.35,9.20,111.09,0.0000,0.0000,0,collision,
4038,365,-180.52,6.96,996.43,0.0000,0.0224,0,collision,
4039,298,-57.71,6.72,1113.90,0.0067,0.1006,0,collision,
4040,277,-9.03,7.91,893.11,0.0000,0.0134,0,collision,
4041,279,-127.10,7.92,415.77,0.0072,0.1040,0,collision,
4042,267,-156.69,7.30,865.74,0.0000,0.0174,0,collision,
4043,55,-125.26,21.94,-34.04,0.0000,0.0000,0,collision,
4044,82,-182.55,8.09,351.14,0.0047,0.0130,0,collision,
1771,154,-135.09,7.24,402.77,0.0130,0.0363,0,collision,
1772,301,308.58,7.01,1089.47,0.0000,0.0528,1,goal,
1773,309,376.74,8.76,1126.09,0.0000,0.0130,1,goal,
1774,175,-257.13,6.64,303.73,0.0114,0.1942,0,collision,
1775,142,-75.71,12.28,186.73,0.0000,0.0673,0,collision,
1776,92,-131.05,9.09,268.29,0.0000,0.0672,0,collision,
1777,213,-127.03,7.19,919.80,0.0094,0.0000,0,collision,
1778,481,232.94,5.16,1876.40,0.0000,0.0668,1,goal,
1779,245,384.76,10.58,965.53,0.0000,0.0000,1,goal,
1780,59,-174.69,14.74,-2.15,0.0000,0.0079,0,collision,
4045,152,-133.57,9.06,207.09,0.0000,0.0030,0,collision,
4046,297,246.50,8.09,411.48,0.0000,0.1752,1,goal,
4047,360,364.52,8.20,1370.38,0.0000,0.0010,1,goal,
4048,160,-41.76,13.78,193.38,0.0125,0.0086,0,collision,
4049,56,-216.92,6.92,205.68,0.0357,0.2697,0,collision,
4050,124,-153.64,7.11,412.06,0.0000,0.0273,0,collision,
4051,69,-158.65,6.60,194.20,0.0000,0.0000,0,collision,
4052,75,-202.96,3.03,250.37,0.0267,0.2373,0,collision,
4053,197,383.27,12.89,368.39,0.0000,0.0000,1,goal,
4054,203,-37.72,6.91,1126.44,0.0099,0.0049,0,collision,
4055,263,413.97,9.82,827.43,0.0000,0.0001,1,goal,
4056,184,352.07,16.32,-42.42,0.0000,0.0044,1,goal,
4057,227,353.37,10.20,1015.61,0.0000,0.0014,1,goal,
4058,227,380.59,10.33,613.12,0.0000,0.0190,1,goal,
4059,406,198.01,5.53,1310.57,0.0000,0.0132,1,goal,
4060,22,-190.92,3.29,89.55,0.0909,0.0000,0,collision,
4061,231,333.27,10.78,983.87,0.0000,0.0000,1,goal,
4062,87,-143.09,5.40,512.52,0.0000,0.0092,0,collision,
4063,261,391.64,9.72,1086.49,0.0000,0.0000,1,goal,
4064,49,-154.53,18.85,41.44,0.0000,0.0511,0,collision,
4065,386,-299.61,3.49,1323.50,0.0000,0.0214,0,collision,
1781,49,-187.47,13.52,62.98,0.0000,0.2022,0,collision,
1782,93,-134.56,12.13,219.29,0.0215,0.0166,0,collision,
1783,60,-183.61,9.34,110.66,0.0333,0.0000,0,collision,
1784,57,-184.79,11.79,75.67,0.0351,0.0000,0,collision,
1785,233,-158.11,6.03,692.92,0.0000,0.1419,0,collision,
1786,211,351.54,11.03,126.76,0.0000,0.0425,1,goal,
1787,53,-178.09,12.29,119.74,0.0377,0.0209,0,collision,
1788,199,392.31,11.82,324.89,0.0000,0.0000,1,goal,
1789,225,283.91,7.73,1050.74,0.0000,0.0114,1,goal,
1790,182,321.81,13.21,-86.13,0.0000,0.0000,1,goal,
4066,576,-349.22,5.12,1159.09,0.0000,0.0046,0,collision,
4067,129,-162.15,4.42,551.18,0.0000,0.0706,0,collision,
4068,34,-167.50,7.23,234.02,0.0588,0.0000,0,collision,
4069,37,-175.81,17.13,19.48,0.0151,0.0225,0,collision,
4070,154,-98.12,10.06,600.06,0.0130,0.0145,0,collision,
4071,25,-190.71,4.15,109.78,0.0000,0.0000,0,collision,
4072,53,-152.91,12.77,50.28,0.0000,0.0260,0,collision,
4073,292,-18.57,9.12,691.59,0.0000,0.0199,0,collision,
4074,109,-242.90,5.93,138.05,0.0000,0.1501,0,collision,
4075,6,-206.49,0.35,2.14,0.3333,0.8067,0,collision,
4076,82,-170.84,4.90,387.94,0.0244,0.0022,0,collision,
4077,109,-145.83,8.20,195.86,0.0183,0.0238,0,collision,
4078,243,253.66,10.16,56.59,0.0000,0.0244,1,goal,
4079,111,-168.99,5.75,509.04,0.0180,0.1531,0,collision,
4080,292,-122.47,5.84,1202.39,0.0000,0.0198,0,collision,
4081,183,-3.33,11.71,588.83,0.0000,0.0120,0,collision,
4082,115,-101.36,15.79,166.24,0.0000,0.0000,0,collision,
4083,248,310.97,11.41,243.20,0.0000,0.0063,1,goal,
4084,53,-140.49,11.29,261.66,0.0377,0.0195,0,collision,
4085,145,-107.78,7.35,653.78,0.0000,0.0008,0,collision,
4086,305,-108.71,6.86,1073.60,0.0000,0.0561,0,collision,
4087,181,306.71,15.05,139.93,0.0000,0.0000,1,goal,
4088,85,-171.01,4.46,350.49,0.0000,0.0000,0,collision,
4089,395,261.07,6.58,480.55,0.0000,0.1358,1,goal,
4090,244,386.60,12.48,759.90,0.0000,0.0457,1,goal,
1791,257,369.48,10.73,524.82,0.0000,0.0026,1,goal,
1792,48,-214.18,4.93,109.82,0.0000,0.0164,0,collision,
1793,229,-120.15,6.94,1028.99,0.0087,0.0324,0,collision,
1794,188,310.56,12.16,-113.39,0.0000,0.0000,1,goal,
1795,240,-74.05,8.75,900.52,0.0000,0.0122,0,collision,
1796,215,20.32,14.23,78.69,0.0000,0.0264,0,collision,
1797,434,395.56,6.52,1870.60,0.0000,0.0053,1,goal,
1798,226,-73.41,10.87,624.53,0.0088,0.0411,0,collision,
1799,271,-140.55,7.69,922.06,0.0000,0.0298,0,collision,
1800,279,438.92,10.97,967.20,0.0000,0.0005,1,goal,
4091,195,-216.95,4.87,565.01,0.0000,0.0000,0,collision,
4092,373,313.50,7.36,566.28,0.0000,0.0263,1,goal,
4093,182,-288.82,4.00,592.94,0.0110,0.0149,0,collision,
4094,266,-150.17,7.46,642.06,0.0000,0.0328,0,collision,
4095,49,-189.30,12.05,14.12,0.0408,0.0249,0,collision,
4096,23,-201.01,2.88,73.68,0.0870,0.0730,0,collision,
4097,100,-143.46,14.34,-86.83,0.0000,0.0607,0,collision,
4098,177,-104.08,13.24,86.35,0.0113,0.0288,0,collision,
4099,139,-126.20,12.36,375.09,0.0000,0.0147,0,collision,
4100,407,-158.81,4.94,1212.65,0.0049,0.0050,0,collision,
4101,59,-217.36,9.42,129.55,0.0000,0.0614,0,collision,
4102,472,279.05,6.10,2226.21,0.0000,0.0325,1,goal,
4103,144,374.90,16.03,176.63,0.0000,0.0000,1,goal,
4104,199,-124.31,5.72,873.22,0.0101,0.0647,0,collision,
4105,119,-45.30,17.47,-5.28,0.0168,0.0055,0,collision,
4106,164,-45.92,16.78,-33.08,0.0000,0.0529,0,collision,
4107,103,-245.30,6.45,160.66,0.0194,0.0084,0,collision,
4108,149,-107.89,8.92,462.43,0.0000,0.0114,0,collision,
4109,267,-42.28,8.67,542.49,0.0000,0.0068,0,collision,
4110,162,-148.07,9.17,544.37,0.0123,0.0400,0,collision,
4111,32,-177.41,18.35,0.45,0.0625,0.0432,0,collision,
4112,361,285.53,7.27,1333.14,0.0000,0.0235,1,goal,
1801,325,-193.78,6.69,556.38,0.0062,0.0897,0,collision,
1802,103,-215.78,5.61,124.12,0.0194,0.2980,0,collision,
1803,80,-251.47,2.62,234.91,0.0250,0.0005,0,collision,
1804,321,283.11,6.99,1428.77,0.0000,0.0072,1,goal,
1805,232,323.79,10.64,586.47,0.0000,0.0000,1,goal,
1806,218,332.23,11.22,761.74,0.0000,0.0039,1,goal,
1807,173,-194.31,5.25,417.71,0.0000,0.0020,0,collision,
1808,186,373.44,12.54,449.00,0.0000,0.0230,1,goal,
1809,279,-163.02,4.61,1031.96,0.0072,0.1591,0,collision,
1810,113,-241.36,2.40,303.79,0.0000,0.2118,0,collision,
4113,880,-970.78,1.82,604.55,0.0023,0.0000,0,collision,
4114,196,-51.85,10.56,245.89,0.0102,0.0254,0,collision,
4115,98,-92.46,15.87,-106.07,0.0000,0.0297,0,collision,
4116,56,-129.86,16.81,83.45,0.0357,0.0172,0,collision,
4117,189,-225.94,5.02,486.96,0.0000,0.0701,0,collision,
4118,93,-139.17,5.67,487.28,0.0215,0.0000,0,collision,
4119,100,-194.76,6.92,302.28,0.0200,0.0923,0,collision,
4120,276,415.85,10.30,909.17,0.0000,0.0292,1,goal,
4121,166,-94.90,8.30,425.52,0.0000,0.0128,0,collision,
4122,115,-165.29,4.28,520.83,0.0000,0.0065,0,collision,
4123,41,-207.94,4.96,238.63,0.0488,0.0450,0,collision,
4124,166,-173.72,5.57,529.71,0.0120,0.1336,0,collision,
4125,392,-99.04,7.35,787.50,0.0000,0.0119,0,collision,
4126,403,-329.19,5.10,1243.34,0.0000,0.0088,0,collision,
4127,222,-112.10,5.10,1044.31,0.0000,0.0380,0,collision,
4128,162,-281.55,3.68,458.93,0.0123,0.0926,0,collision,
4129,244,-89.78,8.15,664.11,0.0000,0.0445,0,collision,
4130,92,-250.05,2.47,259.77,0.0217,0.3729,0,collision,
1811,601,-8.15,4.86,1295.43,0.0000,0.0620,1,goal,
1812,402,-203.40,4.78,932.43,0.0000,0.0993,0,collision,
1813,287,332.29,9.87,734.43,0.0000,0.0000,1,goal,
1814,489,-367.27,4.69,1353.99,0.0041,0.0147,0,collision,
1815,245,-56.61,8.57,821.28,0.0000,0.0054,0,collision,
1816,483,356.37,5.88,1347.50,0.0000,0.0161,1,goal,
1817,238,390.01,11.91,333.13,0.0000,0.0206,1,goal,
1818,82,-115.87,16.02,161.28,0.0244,0.0247,0,collision,
1819,505,108.93,4.88,1592.48,0.0000,0.0091,1,goal,
1820,157,-356.70,1.32,231.06,0.0000,0.0000,0,collision,
4131,468,-251.01,9.07,843.36,0.0000,0.0119,0,collision,
4132,324,309.78,7.63,1259.58,0.0000,0.0000,1,goal,
4133,356,-195.51,3.34,1227.41,0.0000,0.0150,0,collision,
4134,102,-162.44,7.09,159.40,0.0000,0.0000,0,collision,
4135,281,-402.63,2.85,842.82,0.0065,0.0121,0,collision,
4136,168,-192.46,3.94,720.18,0.0000,0.2038,0,collision,
4137,282,413.44,8.53,1076.33,0.0000,0.0078,1,goal,
4138,198,-307.91,3.73,624.46,0.0101,0.0395,0,collision,
4139,103,-78.36,13.77,221.61,0.0194,0.0469,0,collision,
4140,261,-141.30,8.08,614.13,0.0000,0.0199,0,collision,
4141,110,-248.95,6.75,245.55,0.0000,0.0516,0,collision,
4142,124,-215.83,5.10,71.79,0.0000,0.1266,0,collision,
4143,93,-130.27,12.73,177.24,0.0000,0.0211,0,collision,
4144,228,421.44,9.91,1141.84,0.0000,0.0041,1,goal,
4145,260,-170.89,7.78,962.47,0.0000,0.0406,0,collision,
4146,251,402.67,8.98,1031.79,0.0000,0.0000,1,goal,
4147,99,-172.60,5.80,185.64,0.0000,0.0484,0,collision,
4148,348,-93.37,6.21,1320.34,0.0000,0.0568,0,collision,
4149,180,-219.51,7.53,406.08,0.0000,0.0162,0,collision,
1821,186,-123.69,8.39,486.34,0.0000,0.0066,0,collision,
1822,54,-167.08,6.66,253.29,0.0000,0.0000,0,collision,
1823,428,337.58,5.74,2038.78,0.0000,0.0242,1,goal,
1824,43,-149.76,13.83,131.01,0.0465,0.0372,0,collision,
1825,232,-85.36,8.63,674.00,0.0086,0.0606,0,collision,
1826,82,-127.96,15.58,-10.13,0.0244,0.0309,0,collision,
1827,69,-90.78,29.60,-110.21,0.0290,0.0193,0,collision,
1828,207,-159.02,7.15,791.30,0.0000,0.0574,0,collision,
1829,357,294.74,6.29,1341.41,0.0000,0.0161,1,goal,
1830,320,365.39,7.78,1531.24,0.0000,0.0080,1,goal,
4150,134,-109.74,16.81,-1.80,0.0149,0.0117,0,collision,
4151,188,-92.27,7.09,727.43,0.0106,0.0097,0,collision,
4152,126,341.93,18.26,-80.03,0.0000,0.0061,1,goal,
4153,251,-3.99,10.79,622.98,0.0080,0.0280,0,collision,
4154,317,391.17,8.10,1270.69,0.0000,0.0002,1,goal,
4155,81,-121.51,16.22,58.14,0.0169,0.0306,0,collision,
4156,283,265.19,8.30,660.37,0.0000,0.0145,1,goal,
4157,244,303.96,8.99,849.11,0.0000,0.0121,1,goal,
4158,108,-111.44,11.67,332.58,0.0000,0.0071,0,collision,
4159,204,-207.19,5.59,488.40,0.0098,0.0091,0,collision,
4160,93,-204.19,6.84,296.40,0.0000,0.0155,0,collision,
4161,345,450.84,7.97,1424.45,0.0000,0.0083,1,goal,
4162,82,-182.50,4.72,413.06,0.0000,0.1300,0,collision,
4163,307,437.18,8.39,1263.74,0.0000,0.0050,1,goal,
4164,110,-183.41,8.03,665.58,0.0000,0.0200,0,collision,
4165,178,-118.58,8.09,226.97,0.0112,0.0039,0,collision,
4166,156,-122.79,10.75,175.02,0.0000,0.0198,0,collision,
4167,200,-298.65,3.59,679.87,0.0000,0.0230,0,collision,
4168,192,-126.05,7.23,762.53,0.0000,0.0151,0,collision,
4169,391,-316.99,3.82,1436.19,0.0051,0.0856,0,collision,
1831,13,-195.69,5.13,112.44,0.0000,0.0000,0,collision,
1832,665,-172.05,3.67,2054.98,0.0000,0.0661,1,goal,
1833,185,-174.38,3.58,744.49,0.0108,0.0670,0,collision,
1834,24,-173.28,12.87,102.69,0.0833,0.0393,0,collision,
1835,169,-115.21,8.63,253.12,0.0118,0.0000,0,collision,
1836,129,-234.89,2.77,333.16,0.0000,0.1504,0,collision,
1837,224,-113.27,6.09,754.86,0.0089,0.0588,0,collision,
1838,269,-436.79,2.41,718.59,0.0074,0.2057,0,collision,
1839,103,-148.91,4.56,519.67,0.0000,0.0000,0,collision,
1840,334,-147.75,4.25,1087.54,0.0000,0.0198,0,collision,
4170,352,-0.54,8.43,1316.68,0.0000,0.0239,0,collision,
4171,171,-196.26,3.11,596.80,0.0000,0.0130,0,collision,
4172,267,-160.71,3.65,1072.31,0.0000,0.0265,0,collision,
4173,583,-421.01,3.47,2099.23,0.0034,0.0472,0,collision,
4174,697,-606.20,3.13,2035.48,0.0000,0.0227,0,collision,
4175,413,-77.58,6.70,1365.47,0.0048,0.0349,0,collision,
4176,225,-141.36,5.51,786.19,0.0089,0.0944,0,collision,
4177,639,-744.54,2.20,1355.81,0.0031,0.0514,0,collision,
4178,398,396.71,6.89,1484.27,0.0000,0.0054,1,goal,
4179,245,-157.41,5.28,626.63,0.0082,0.0000,0,collision,
1841,267,335.39,8.97,418.73,0.0000,0.0075,1,goal,
1842,292,-46.10,8.45,929.81,0.0000,0.0028,0,collision,
1843,300,441.27,9.12,1107.44,0.0000,0.0174,1,goal,
1844,332,-145.88,5.45,1469.04,0.0000,0.0354,0,collision,
1845,257,313.20,10.78,825.57,0.0000,0.0121,1,goal,
1846,326,313.56,7.22,928.77,0.0000,0.0179,1,goal,
1847,305,346.40,6.87,943.47,0.0000,0.0000,1,goal,
1848,505,-339.74,5.36,1370.74,0.0040,0.0015,0,collision,
1849,337,-311.37,4.45,1085.90,0.0059,0.0145,0,collision,
1850,226,-66.50,10.20,343.54,0.0000,0.0080,0,collision,
4180,564,-383.77,5.13,1321.43,0.0035,0.0767,0,collision,
4181,369,-304.80,5.73,1160.44,0.0000,0.0343,0,collision,
4182,366,82.96,6.71,677.16,0.0000,0.0181,1,goal,
4183,549,-332.03,5.14,1681.08,0.0036,0.0214,0,collision,
4184,317,-320.07,3.86,921.60,0.0000,0.0205,0,collision,
4185,218,-59.71,10.62,671.77,0.0000,0.0024,0,collision,
4186,308,304.82,8.22,837.59,0.0000,0.0097,1,goal,
4187,209,-265.76,6.35,433.38,0.0096,0.0170,0,collision,
4188,50,-164.31,7.60,226.68,0.0000,0.0000,0,collision,
4189,327,386.24,8.42,1068.34,0.0000,0.0010,1,goal,
4190,220,377.77,10.86,477.44,0.0000,0.0000,1,goal,
4191,152,-275.73,3.25,493.12,0.0000,0.0299,0,collision,
4192,221,-160.60,7.18,389.28,0.0000,0.0811,0,collision,
4193,227,-64.81,8.36,484.59,0.0088,0.0068,0,collision,
4194,103,-114.88,9.34,489.03,0.0000,0.0513,0,collision,
1851,253,363.01,10.24,258.10,0.0000,0.0383,1,goal,
1852,99,-252.01,6.39,249.72,0.0000,0.0436,0,collision,
1853,232,348.52,10.85,838.41,0.0000,0.0000,1,goal,
1854,246,414.76,11.24,656.83,0.0000,0.0000,1,goal,
1855,283,-214.78,4.35,892.83,0.0070,0.0000,0,collision,
1856,385,220.98,7.24,1039.01,0.0000,0.0918,1,goal,
1857,40,-175.40,10.97,65.57,0.0000,0.0836,0,collision,
1858,278,345.20,8.12,844.27,0.0000,0.0188,1,goal,
1859,640,-590.54,3.32,1806.36,0.0000,0.0151,0,collision,
1860,342,241.73,6.58,1311.42,0.0000,0.0279,1,goal,
4195,243,-187.94,6.61,715.88,0.0082,0.1490,0,collision,
4196,32,-190.85,2.98,120.59,0.0000,0.0000,0,collision,
4197,40,-176.99,5.63,225.66,0.0363,0.0000,0,collision,
4198,166,356.56,14.83,116.32,0.0000,0.0000,1,goal,
4199,434,274.93,6.98,1484.88,0.0000,0.0061,1,goal,
4200,393,-327.34,6.27,684.84,0.0051,0.0129,0,collision,
4201,36,-224.47,4.82,128.67,0.0000,0.0511,0,collision,
4202,326,258.05,7.63,766.68,0.0000,0.0026,1,goal,
4203,191,-158.96,7.32,541.44,0.0000,0.0357,0,collision,
4204,173,375.40,16.39,-43.21,0.0000,0.0132,1,goal,
4205,129,-72.25,12.22,370.03,0.0000,0.0113,0,collision,
4206,283,259.47,8.56,844.26,0.0000,0.0106,1,goal,
4207,231,397.04,11.82,422.90,0.0000,0.0215,1,goal,
4208,144,-114.26,7.73,623.20,0.0000,0.0267,0,collision,
4209,66,-157.78,5.80,427.12,0.0303,0.0000,0,collision,
4210,25,-187.69,14.23,67.11,0.0000,0.0619,0,collision,
4211,309,378.87,7.94,1384.86,0.0000,0.0197,1,goal,
4212,177,-299.38,3.90,548.69,0.0113,0.0083,0,collision,
4213,253,385.76,9.76,806.73,0.0000,0.0110,1,goal,
4214,43,-155.08,16.52,73.79,0.0465,0.0226,0,collision,
4215,198,372.21,11.85,545.51,0.0000,0.0000,1,goal,
4216,232,-145.45,5.29,1033.84,0.0000,0.0003,0,collision,
4217,79,-198.77,4.73,292.40,0.0000,0.1863,0,collision,
1861,149,-222.84,4.36,511.52,0.0134,0.3023,0,collision,
1862,463,231.81,5.36,1488.99,0.0000,0.0285,1,goal,
1863,309,323.88,6.79,792.09,0.0000,0.0024,1,goal,
1864,354,418.36,8.48,1258.01,0.0000,0.0330,1,goal,
1865,396,-281.01,5.05,1372.98,0.0043,0.0114,0,collision,
1866,274,363.19,8.72,471.55,0.0000,0.0063,1,goal,
1867,144,-189.52,3.37,511.97,0.0000,0.0235,0,collision,
1868,712,-594.38,3.01,1727.26,0.0000,0.0218,0,collision,
1869,258,-134.24,9.00,250.14,0.0018,0.0415,0,collision,
1870,29,-197.31,2.34,75.87,0.0690,0.0360,0,collision,
4218,623,-674.87,3.29,496.59,0.0021,0.0050,0,collision,
4219,210,318.19,9.14,581.93,0.0000,0.0106,1,goal,
4220,270,-66.24,5.87,1411.34,0.0000,0.0000,0,collision,
4221,333,-292.92,3.12,1001.58,0.0000,0.0044,0,collision,
4222,370,206.87,6.72,629.96,0.0000,0.0011,1,goal,
4223,371,295.47,6.27,1121.69,0.0000,0.0220,1,goal,
4224,225,-95.69,7.95,1026.38,0.0000,0.1256,0,collision,
4225,113,-117.57,11.03,275.39,0.0000,0.0093,0,collision,
4226,262,-100.33,8.14,824.29,0.0076,0.0287,0,collision,
4227,375,80.12,6.12,971.61,0.0000,0.0049,1,goal,
4228,135,-78.45,11.39,221.42,0.0000,0.0251,0,collision,
4229,67,-161.86,5.77,374.73,0.0000,0.0001,0,collision,
4230,181,-198.04,3.66,687.19,0.0000,0.2240,0,collision,
4231,231,344.61,9.73,565.63,0.0000,0.0379,1,goal,
4232,8,-199.77,5.45,92.11,0.0000,0.7162,0,collision,
4233,410,275.96,6.41,1278.71,0.0000,0.0192,1,goal,
1871,206,-159.58,7.03,847.12,0.0097,0.0194,0,collision,
1872,269,-50.17,10.44,954.87,0.0000,0.0547,0,collision,
1873,152,-172.63,9.75,391.64,0.0072,0.0222,0,collision,
1874,151,-84.42,12.99,154.82,0.0132,0.0616,0,collision,
1875,58,-263.29,0.97,58.92,0.0000,0.2083,0,collision,
1876,175,303.97,12.25,305.00,0.0000,0.0365,1,goal,
1877,63,-141.80,9.00,318.15,0.0317,0.0568,0,collision,
1878,307,-18.13,7.39,1227.31,0.0000,0.0302,0,collision,
1879,149,-115.95,6.29,590.15,0.0000,0.0055,0,collision,
1880,146,-95.30,14.46,181.08,0.0137,0.0323,0,collision,
4234,214,-321.18,3.28,647.05,0.0000,0.0000,0,collision,
4235,39,-151.35,17.76,-24.81,0.0000,0.0608,0,collision,
4236,194,375.38,12.00,217.74,0.0000,0.0485,1,goal,
4237,45,-154.19,13.24,98.02,0.0444,0.1456,0,collision,
4238,151,-280.07,3.47,578.01,0.0132,0.0026,0,collision,
4239,168,-127.80,6.79,605.07,0.0119,0.0163,0,collision,
4240,203,-148.96,8.83,788.99,0.0095,0.0226,0,collision,
4241,101,-121.09,13.03,196.62,0.0198,0.0295,0,collision,
4242,44,-147.29,12.99,48.30,0.0000,0.0180,0,collision,
4243,333,-199.13,6.11,1004.58,0.0060,0.1806,0,collision,
4244,309,257.84,9.38,699.36,0.0000,0.0690,1,goal,
4245,51,-148.08,12.36,129.75,0.0000,0.0270,0,collision,
4246,375,293.14,7.52,1455.00,0.0000,0.0580,1,goal,
4247,170,-95.87,13.13,196.48,0.0000,0.0189,0,collision,
4248,383,71.70,4.70,1320.97,0.0000,0.0372,1,goal,
4249,302,422.24,8.20,1123.17,0.0000,0.0058,1,goal,
4250,229,-57.86,6.43,1180.09,0.0074,0.0086,0,collision,
4251,305,146.52,9.38,205.98,0.0000,0.0065,1,goal,
4252,215,-296.88,3.02,728.57,0.0000,0.0333,0,collision,
4253,41,-187.73,4.24,164.89,0.0000,0.0000,0,collision,
1881,288,424.63,10.15,1224.51,0.0000,0.0232,1,goal,
1882,70,-104.65,19.00,13.09,0.0286,0.0067,0,collision,
1883,302,207.92,9.69,129.17,0.0000,0.0035,1,goal,
1884,6,-206.34,0.35,2.14,0.3333,0.5244,0,collision,
1885,253,300.75,10.39,703.99,0.0000,0.0070,1,goal,
1886,271,364.85,8.98,992.45,0.0000,0.0196,1,goal,
1887,351,272.20,8.23,757.04,0.0000,0.0208,1,goal,
1888,295,259.90,8.10,952.12,0.0000,0.0110,1,goal,
1889,146,-90.36,11.88,248.96,0.0000,0.0288,0,collision,
1890,89,-133.87,11.66,-113.90,0.0000,0.0000,0,collision,
4254,307,-198.73,7.94,990.14,0.0000,0.0261,0,collision,
4255,183,382.82,12.74,162.82,0.0000,0.0502,1,goal,
4256,159,330.44,14.23,457.30,0.0000,0.0000,1,goal,
4257,134,331.26,16.42,340.02,0.0000,0.0000,1,goal,
4258,283,-196.22,8.68,844.13,0.0000,0.0593,0,collision,
4259,238,439.07,12.87,805.26,0.0000,0.0067,1,goal,
4260,107,-195.31,6.28,690.79,0.0000,0.0457,0,collision,
4261,28,-181.80,10.02,57.35,0.0000,0.0847,0,collision,
4262,161,-293.47,4.30,487.36,0.0000,0.1530,0,collision,
4263,137,380.20,17.05,3.36,0.0000,0.0000,1,goal,
4264,241,370.78,10.12,919.15,0.0000,0.0000,1,goal,
4265,106,-88.83,14.54,251.39,0.0000,0.0081,0,collision,
4266,188,-155.75,8.76,657.37,0.0106,0.0178,0,collision,
4267,116,-146.78,7.21,340.54,0.0000,0.1706,0,collision,
4268,160,-248.46,6.13,685.92,0.0125,0.0146,0,collision,
4269,120,-156.25,5.51,606.69,0.0000,0.1643,0,collision,
4270,369,391.42,7.37,1000.80,0.0000,0.0224,1,goal,
4271,405,180.23,6.14,1408.01,0.0000,0.0178,1,goal,
4272,84,331.22,27.63,-47.44,0.0000,0.0169,1,goal,
4273,262,254.62,10.34,80.85,0.0000,0.0119,1,goal,
4274,321,-364.06,5.05,672.72,0.0000,0.0945,0,collision,
1891,155,-233.37,4.23,622.73,0.0000,0.0610,0,collision,
1892,188,-281.89,3.61,732.29,0.0000,0.0189,0,collision,
1893,343,162.09,6.47,885.82,0.0000,0.0143,1,goal,
1894,283,-188.20,8.53,761.49,0.0000,0.0075,0,collision,
1895,113,-141.50,10.28,489.66,0.0177,0.0155,0,collision,
1896,343,-119.12,5.75,849.78,0.0000,0.0171,0,collision,
1897,138,-298.39,3.35,489.73,0.0000,0.0221,0,collision,
1898,99,-214.15,5.85,110.15,0.0202,0.4029,0,collision,
1899,1,-200.00,0.00,0.00,0.0000,0.0000,0,collision,
1900,229,354.03,10.03,574.36,0.0000,0.0012,1,goal,
4275,304,-159.26,5.79,812.43,0.0000,0.0371,0,collision,
4276,76,-123.59,17.82,39.10,0.0000,0.0126,0,collision,
4277,455,131.59,5.33,1376.28,0.0000,0.0136,1,goal,
4278,305,-321.18,5.70,798.58,0.0066,0.0686,0,collision,
4279,308,388.52,9.55,861.49,0.0000,0.0000,1,goal,
4280,325,422.78,8.79,1012.28,0.0000,0.0111,1,goal,
4281,73,-164.35,7.06,156.99,0.0000,0.0000,0,collision,
4282,172,-63.18,11.51,307.68,0.0000,0.0361,0,collision,
4283,379,300.67,7.33,1121.27,0.0000,0.0121,1,goal,
4284,428,192.32,6.00,1707.34,0.0000,0.0013,1,goal,
4285,507,207.64,5.47,1772.31,0.0000,0.0630,1,goal,
4286,334,-356.56,4.33,1047.66,0.0000,0.0187,0,collision,
4287,168,335.13,14.33,14.24,0.0000,0.0065,1,goal,
4288,399,171.98,6.77,919.20,0.0000,0.0149,1,goal,
1901,52,-151.97,11.05,193.90,0.0000,0.0334,0,collision,
1902,319,265.41,8.15,980.35,0.0000,0.0303,1,goal,
1903,106,-211.11,2.83,300.07,0.0000,0.1405,0,collision,
1904,148,-122.76,9.10,268.07,0.0000,0.0061,0,collision,
1905,208,-70.55,10.72,524.41,0.0000,0.0099,0,collision,
1906,352,341.98,7.95,1662.59,0.0000,0.0035,1,goal,
1907,188,-109.35,10.50,554.40,0.0000,0.0390,0,collision,
1908,219,345.85,10.50,1101.73,0.0000,0.0000,1,goal,
1909,212,337.70,11.45,795.81,0.0000,0.0000,1,goal,
1910,15,-200.29,2.58,45.56,0.0000,0.0000,0,collision,
4289,303,318.36,6.26,1362.82,0.0000,0.0012,1,goal,
4290,314,290.32,7.00,918.45,0.0000,0.0250,1,goal,
4291,405,213.53,6.98,887.96,0.0000,0.0315,1,goal,
4292,233,-279.16,6.23,565.07,0.0086,0.0040,0,collision,
4293,38,-152.35,18.49,-33.89,0.0000,0.0668,0,collision,
4294,319,288.36,7.57,1105.74,0.0000,0.0067,1,goal,
4295,357,314.41,8.48,660.24,0.0000,0.0051,1,goal,
4296,236,357.53,9.18,1282.80,0.0000,0.0052,1,goal,
4297,12,-190.01,4.22,70.77,0.0000,0.0000,0,collision,
4298,286,360.06,9.39,914.97,0.0000,0.0045,1,goal,
4299,337,212.51,7.79,1259.29,0.0000,0.0240,1,goal,
4300,351,343.26,7.99,1513.14,0.0000,0.0088,1,goal,
4301,65,-226.15,2.51,185.64,0.0308,0.2575,0,collision,
4302,244,382.72,12.47,557.34,0.0000,0.0019,1,goal,
4303,274,346.59,9.75,950.92,0.0000,0.0018,1,goal,
4304,185,-116.59,7.28,818.05,0.0000,0.1657,0,collision,
4305,24,-200.90,4.39,147.49,0.0000,0.0648,0,collision,
4306,70,-130.21,12.46,136.74,0.0286,0.0246,0,collision,
4307,31,-186.56,15.70,11.02,0.0000,0.1549,0,collision,
1911,320,291.87,7.25,1135.53,0.0000,0.0285,1,goal,
1912,326,343.71,8.39,990.51,0.0000,0.0322,1,goal,
1913,123,-222.67,6.68,388.06,0.0163,0.1302,0,collision,
1914,209,320.09,12.27,429.28,0.0000,0.0000,1,goal,
1915,293,324.13,8.39,903.92,0.0000,0.0363,1,goal,
1916,250,4.69,12.10,343.95,0.0000,0.0322,0,collision,
1917,46,-198.11,8.47,106.38,0.0435,0.1544,0,collision,
1918,188,-3.63,12.63,449.67,0.0106,0.0020,0,collision,
1919,85,-239.46,2.86,269.44,0.0000,0.0169,0,collision,
1920,293,284.07,7.95,803.46,0.0000,0.0230,1,goal,
4308,120,-76.63,15.55,255.25,0.0000,0.0205,0,collision,
4309,131,-108.26,11.91,59.30,0.0000,0.0173,0,collision,
4310,258,-41.75,8.34,869.46,0.0078,0.0049,0,collision,
4311,204,336.21,12.15,407.76,0.0000,0.0246,1,goal,
4312,53,-122.48,24.55,-17.70,0.0000,0.0103,0,collision,
4313,144,-182.30,5.66,278.58,0.0139,0.0217,0,collision,
4314,237,315.24,10.56,880.91,0.0000,0.0194,1,goal,
4315,401,230.87,5.61,1180.81,0.0000,0.0331,1,goal,
4316,36,-179.75,7.81,181.53,0.0000,0.0919,0,collision,
4317,302,305.72,8.72,814.38,0.0000,0.0265,1,goal,
4318,115,-138.87,8.26,636.67,0.0174,0.0501,0,collision,
4319,272,387.59,9.99,1114.92,0.0000,0.0241,1,goal,
4320,52,-151.13,13.53,181.69,0.0000,0.0512,0,collision,
4321,349,236.04,7.16,995.13,0.0000,0.0056,1,goal,
4322,41,-193.46,9.50,131.71,0.0488,0.0886,0,collision,
4323,214,440.98,11.13,870.87,0.0000,0.0000,1,goal,
4324,65,-157.26,13.23,186.50,0.0308,0.0746,0,collision,
4325,93,-145.71,4.93,526.72,0.0215,0.0000,0,collision,
4326,75,-193.78,7.19,419.21,0.0000,0.0000,0,collision,
4327,213,278.49,12.24,348.92,0.0000,0.0179,1,goal,
4328,74,-120.65,13.72,37.30,0.0270,0.0000,0,collision,
4329,126,368.39,17.80,303.64,0.0000,0.0000,1,goal,
4330,37,-187.76,9.46,233.76,0.0000,0.0000,0,collision,
4331,132,-143.33,10.72,431.20,0.0000,0.0000,0,collision,
4332,171,-169.58,6.99,90.54,0.0000,0.0502,0,collision,
4333,166,-125.83,11.29,364.04,0.0120,0.0874,0,collision,
4334,7,-196.53,3.43,37.71,0.2857,0.0000,0,collision,
1921,151,373.75,15.62,148.72,0.0000,0.0000,1,goal,
1922,205,413.34,11.45,469.88,0.0000,0.0067,1,goal,
1923,261,341.40,8.76,801.82,0.0000,0.0414,1,goal,
1924,272,214.40,9.11,663.35,0.0000,0.0028,1,goal,
1925,273,349.57,8.91,922.39,0.0000,0.0266,1,goal,
1926,133,332.20,18.51,46.90,0.0000,0.0083,1,goal,
1927,333,394.35,6.77,1326.30,0.0000,0.0052,1,goal,
1928,338,296.99,7.17,1217.43,0.0000,0.0000,1,goal,
1929,334,388.00,7.88,1042.35,0.0000,0.0027,1,goal,
1930,301,362.54,10.10,407.29,0.0000,0.0148,1,goal,
4335,142,-192.38,7.24,715.02,0.0000,0.0025,0,collision,
4336,246,-35.03,10.50,500.12,0.0000,0.0936,0,collision,
4337,201,332.26,11.97,335.74,0.0000,0.0229,1,goal,
4338,247,300.12,8.25,420.21,0.0000,0.0202,1,goal,
4339,100,-265.03,2.78,299.77,0.0000,0.0323,0,collision,
4340,318,346.22,6.93,1473.69,0.0000,0.0054,1,goal,
4341,318,294.70,9.03,925.33,0.0000,0.0333,1,goal,
4342,26,-180.16,9.00,38.15,0.0769,0.0000,0,collision,
4343,78,-185.04,5.91,179.46,0.0256,0.1557,0,collision,
4344,144,-111.43,9.17,443.00,0.0139,0.0208,0,collision,
4345,29,-224.45,0.86,27.33,0.0690,0.0876,0,collision,
4346,297,336.45,7.90,927.15,0.0000,0.0003,1,goal,
4347,114,-161.74,5.45,347.48,0.0175,0.0155,0,collision,
4348,290,353.74,10.07,696.13,0.0000,0.0301,1,goal,
4349,265,323.83,10.68,241.09,0.0000,0.0316,1,goal,
4350,147,388.14,18.93,338.83,0.0000,0.0020,1,goal,
4351,186,407.09,12.22,697.10,0.0000,0.0030,1,goal,
4352,339,352.44,8.56,1164.46,0.0000,0.0027,1,goal,
4353,293,345.27,9.91,779.08,0.0000,0.0015,1,goal,
4354,151,359.09,16.08,29.53,0.0000,0.0178,1,goal,
1931,243,-144.50,5.50,984.24,0.0000,0.0204,0,collision,
1932,169,314.35,11.46,486.36,0.0000,0.0002,1,goal,
1933,164,-169.52,4.87,572.16,0.0000,0.0159,0,collision,
1934,274,406.44,8.78,975.92,0.0000,0.0000,1,goal,
1935,43,-204.13,1.92,90.32,0.0465,0.0000,0,collision,
1936,486,212.75,5.91,903.89,0.0000,0.0021,1,goal,
1937,122,-282.12,2.61,402.73,0.0000,0.0180,0,collision,
1938,211,-125.15,5.93,809.01,0.0000,0.0000,0,collision,
1939,311,408.09,8.91,737.07,0.0000,0.0156,1,goal,
1940,190,-37.61,11.65,306.97,0.0000,0.0834,0,collision,
4355,302,-234.40,6.89,472.18,0.0000,0.0228,0,collision,
4356,135,-112.42,9.65,213.09,0.0000,0.0044,0,collision,
4357,258,336.48,10.03,347.85,0.0000,0.0000,1,goal,
4358,444,-343.21,6.17,883.67,0.0000,0.0289,0,collision,
4359,239,-173.22,8.42,543.37,0.0084,0.0104,0,collision,
4360,370,328.18,7.62,1402.26,0.0000,0.0034,1,goal,
4361,487,271.81,6.22,1902.55,0.0000,0.0406,1,goal,
4362,89,-163.26,5.89,436.83,0.0225,0.0000,0,collision,
4363,304,337.35,7.63,1005.46,0.0000,0.0414,1,goal,
4364,110,-185.33,8.03,218.45,0.0000,0.0085,0,collision,
4365,314,346.73,8.54,390.12,0.0000,0.0040,1,goal,
4366,54,-191.50,9.75,281.75,0.0000,0.0668,0,collision,
4367,227,415.31,10.83,793.70,0.0000,0.0000,1,goal,
4368,127,-92.34,11.67,366.24,0.0157,0.0115,0,collision,
4369,196,-220.78,6.23,745.61,0.0102,0.0000,0,collision,
4370,183,-196.81,7.95,298.43,0.0000,0.0033,0,collision,
4371,40,-194.15,8.15,270.48,0.0000,0.1098,0,collision,
4372,163,-178.68,4.25,449.07,0.0123,0.0552,0,collision,
1941,203,-101.90,8.45,827.23,0.0099,0.0000,0,collision,
1942,336,-354.10,3.46,1203.41,0.0060,0.1096,0,collision,
1943,291,232.32,7.36,662.99,0.0000,0.0010,1,goal,
1944,512,-395.38,4.15,1570.23,0.0000,0.0217,0,collision,
1945,133,-181.88,4.42,425.24,0.0000,0.0961,0,collision,
1946,107,-123.15,13.28,84.99,0.0187,0.0088,0,collision,
1947,335,290.33,8.20,893.55,0.0000,0.0128,1,goal,
1948,177,366.38,13.61,-5.38,0.0000,0.0963,1,goal,
1949,251,394.76,12.08,402.66,0.0000,0.0631,1,goal,
1950,417,394.28,5.95,1926.16,0.0000,0.0354,1,goal,
4373,512,-101.52,5.85,1615.20,0.0039,0.0066,0,collision,
4374,162,-268.47,4.29,395.36,0.0000,0.0401,0,collision,
4375,314,22.09,8.46,1095.65,0.0064,0.0223,0,collision,
4376,218,-28.57,10.05,536.07,0.0092,0.0107,0,collision,
4377,156,-320.07,2.25,389.50,0.0018,0.0240,0,collision,
4378,275,324.16,8.98,675.51,0.0000,0.0274,1,goal,
4379,199,-297.79,3.72,632.34,0.0101,0.0060,0,collision,
4380,409,471.01,6.97,2162.82,0.0000,0.0349,1,goal,
4381,389,237.33,6.62,1098.15,0.0000,0.0116,1,goal,
4382,267,-286.72,4.82,934.40,0.0000,0.0490,0,collision,
4383,295,300.52,8.31,747.89,0.0000,0.0236,1,goal,
4384,60,-175.11,9.89,123.30,0.0000,0.0193,0,collision,
4385,213,-1.18,11.04,606.20,0.0000,0.0248,0,collision,
4386,121,-138.93,7.23,657.39,0.0000,0.1047,0,collision,
4387,264,-306.57,3.82,891.93,0.0000,0.1337,0,collision,
4388,61,-219.82,3.30,228.31,0.0000,0.0194,0,collision,
4389,38,-183.75,6.81,238.73,0.0065,0.0000,0,collision,
4390,58,-290.08,0.78,50.53,0.0049,0.5262,0,collision,
1951,475,109.27,6.02,1153.78,0.0000,0.0531,1,goal,
1952,271,416.15,9.11,902.15,0.0000,0.0000,1,goal,
1953,95,-125.89,6.68,660.17,0.0000,0.0545,0,collision,
1954,107,-121.45,8.18,442.68,0.0000,0.1218,0,collision,
1955,169,-11.09,12.93,192.87,0.0000,0.0000,0,collision,
1956,241,-78.66,8.64,1076.20,0.0060,0.0027,0,collision,
1957,255,398.95,9.89,712.30,0.0000,0.0025,1,goal,
1958,155,-111.07,6.20,791.36,0.0000,0.0096,0,collision,
1959,86,-219.63,4.32,384.79,0.0000,0.1000,0,collision,
1960,120,-159.66,5.40,641.35,0.0000,0.2062,0,collision,
4391,563,-222.78,7.91,893.44,0.0036,0.0232,0,collision,
4392,165,-83.17,7.03,806.80,0.0000,0.0059,0,collision,
4393,309,405.44,9.17,1049.13,0.0000,0.0057,1,goal,
4394,389,-218.85,5.36,1282.16,0.0000,0.0978,0,collision,
4395,37,-200.12,2.55,123.15,0.0000,0.0000,0,collision,
4396,408,389.49,6.95,1277.14,0.0000,0.0119,1,goal,
4397,538,127.42,5.30,1711.26,0.0000,0.0045,1,goal,
4398,314,-132.83,9.30,793.05,0.0000,0.0054,0,collision,
4399,284,-258.81,4.56,936.66,0.0070,0.0042,0,collision,
4400,291,411.11,9.05,1154.16,0.0000,0.0325,1,goal,
4401,396,301.36,7.21,1222.01,0.0000,0.0001,1,goal,
4402,22,-189.77,9.31,71.47,0.0000,0.0628,0,collision,
4403,57,-178.52,3.99,258.02,0.0351,0.0094,0,collision,
4404,214,-167.89,7.72,635.93,0.0093,0.0355,0,collision,
4405,258,-273.45,5.49,861.83,0.0000,0.1261,0,collision,
4406,65,-203.69,2.27,166.69,0.0000,0.0000,0,collision,
1961,351,-211.33,6.41,1041.71,0.0057,0.0116,0,collision,
1962,65,-149.41,9.19,191.84,0.0000,0.0241,0,collision,
1963,165,335.56,14.15,142.33,0.0000,0.0168,1,goal,
1964,42,-208.89,4.18,235.15,0.0476,0.0363,0,collision,
1965,246,-281.42,4.29,1048.07,0.0081,0.0199,0,collision,
1966,48,-156.29,12.07,30.36,0.0417,0.0444,0,collision,
1967,151,-136.63,6.82,763.26,0.0132,0.0355,0,collision,
1968,404,321.27,6.27,1719.20,0.0000,0.0073,1,goal,
1969,156,-93.65,12.07,171.77,0.0128,0.0145,0,collision,
1970,351,-215.35,7.28,1070.62,0.0057,0.0053,0,collision,
4407,370,-81.39,9.11,884.65,0.0000,0.0215,0,collision,
4408,426,213.11,6.09,1281.62,0.0000,0.0083,1,goal,
4409,115,-182.05,4.90,452.05,0.0174,0.1521,0,collision,
4410,100,-74.29,22.01,-11.48,0.0000,0.0119,0,collision,
4411,453,149.44,5.85,1526.87,0.0000,0.0056,1,goal,
4412,375,210.01,7.59,1019.19,0.0000,0.0020,1,goal,
4413,99,-148.40,8.57,204.41,0.0000,0.0458,0,collision,
4414,244,-181.25,5.71,1239.89,0.0082,0.0125,0,collision,
4415,111,-314.66,2.79,319.34,0.0000,0.3766,0,collision,
4416,81,-94.86,16.84,37.96,0.0000,0.0166,0,collision,
4417,150,-84.14,14.94,140.17,0.0133,0.0086,0,collision,
4418,182,-116.67,10.12,709.14,0.0110,0.0195,0,collision,
4419,413,300.27,7.08,1531.57,0.0000,0.0577,1,goal,
4420,340,297.43,8.15,1188.70,0.0000,0.0279,1,goal,
4421,317,425.41,8.20,1077.67,0.0000,0.0022,1,goal,
4422,276,35.00,10.84,621.29,0.0000,0.0425,0,collision,
1971,333,-146.60,4.72,1406.37,0.0000,0.0126,0,collision,
1972,157,-189.06,3.87,742.88,0.0000,0.0322,0,collision,
1973,77,-205.83,4.50,390.57,0.0000,0.0000,0,collision,
1974,361,381.52,6.59,1039.63,0.0000,0.0025,1,goal,
1975,305,341.27,6.60,1103.19,0.0000,0.0000,1,goal,
1976,335,-74.80,7.78,697.54,0.0000,0.0186,0,collision,
1977,206,-329.54,3.16,768.02,0.0000,0.0050,0,collision,
1978,158,-217.81,4.19,283.23,0.0000,0.1355,0,collision,
1979,540,149.59,4.95,2184.64,0.0000,0.0484,1,goal,
1980,52,-181.29,4.46,267.62,0.0000,0.0093,0,collision,
4423,418,-254.58,4.89,905.19,0.0000,0.0971,0,collision,
4424,209,-284.22,3.45,813.26,0.0096,0.0000,0,collision,
4425,527,190.02,5.43,2282.87,0.0000,0.0082,1,goal,
4426,105,-255.41,2.03,240.35,0.0190,0.3412,0,collision,
4427,305,-47.29,7.94,1182.36,0.0066,0.0280,0,collision,
4428,179,-43.01,11.70,358.69,0.0112,0.0128,0,collision,
4429,324,337.63,9.77,1236.52,0.0000,0.0081,1,goal,
4430,265,-356.60,3.38,664.18,0.0000,0.0132,0,collision,
4431,123,-195.91,6.56,210.42,0.0000,0.0806,0,collision,
4432,81,-220.52,4.36,372.50,0.0247,0.0000,0,collision,
4433,142,-152.93,8.05,421.87,0.0000,0.0099,0,collision,
4434,377,382.11,7.33,1277.67,0.0000,0.0141,1,goal,
4435,529,86.44,5.71,1750.01,0.0000,0.0208,1,goal,
4436,109,-255.92,3.66,443.52,0.0000,0.0000,0,collision,
4437,152,-87.67,7.21,875.44,0.0132,0.0167,0,collision,
4438,285,402.73,9.76,1080.02,0.0000,0.0034,1,goal,
4439,89,-172.10,5.80,263.35,0.0000,0.0063,0,collision,
4440,109,-194.32,4.59,381.31,0.0000,0.0783,0,collision,
1981,112,-104.08,16.80,25.82,0.0000,0.0097,0,collision,
1982,113,-165.85,5.99,360.05,0.0000,0.1428,0,collision,
1983,40,-173.02,8.03,104.91,0.0500,0.0000,0,collision,
1984,156,-83.90,18.39,234.20,0.0128,0.0000,0,collision,
1985,211,350.52,13.36,237.67,0.0000,0.0178,1,goal,
1986,93,-103.81,15.38,88.13,0.0000,0.0290,0,collision,
1987,149,-210.39,2.69,457.11,0.0000,0.0632,0,collision,
1988,230,-4.00,11.91,90.33,0.0087,0.0397,0,collision,
1989,387,298.56,7.25,1485.08,0.0000,0.0113,1,goal,
1990,189,-116.29,12.67,293.22,0.0000,0.0091,0,collision,
4441,122,-193.96,10.83,247.01,0.0164,0.0146,0,collision,
4442,109,-80.10,12.53,246.47,0.0183,0.0119,0,collision,
4443,429,-387.69,5.26,975.89,0.0047,0.0106,0,collision,
4444,179,-155.99,6.03,1027.12,0.0112,0.0000,0,collision,
4445,218,-115.26,5.93,937.47,0.0092,0.0192,0,collision,
4446,45,-178.76,4.43,244.86,0.0000,0.0390,0,collision,
4447,76,-240.57,3.01,262.63,0.0263,0.0261,0,collision,
4448,384,-211.98,5.62,989.73,0.0000,0.0396,0,collision,
4449,450,-271.48,4.73,1806.64,0.0000,0.0094,0,collision,
4450,125,-47.55,12.89,588.49,0.0000,0.0128,0,collision,
4451,351,412.73,6.53,1752.26,0.0000,0.0161,1,goal,
4452,144,-210.34,5.53,493.18,0.0088,0.0491,0,collision,
4453,176,-170.72,7.81,740.87,0.0114,0.0176,0,collision,
4454,21,-176.17,10.36,211.97,0.0952,0.0000,0,collision,
4455,202,394.44,11.90,499.37,0.0000,0.0000,1,goal,
4456,58,-208.84,3.14,213.48,0.0345,0.1826,0,collision,
4457,48,-147.60,19.40,-42.58,0.0417,0.0000,0,collision,
4458,90,-173.39,3.59,350.87,0.0222,0.0000,0,collision,
4459,334,29.95,8.60,1324.47,0.0000,0.0044,0,collision,
4460,347,245.99,6.74,1220.52,0.0000,0.0142,1,goal,
4461,111,-216.84,5.86,153.66,0.0180,0.3008,0,collision,
1991,431,361.65,6.36,1308.31,0.0000,0.0119,1,goal,
1992,273,377.22,9.16,1054.46,0.0000,0.0140,1,goal,
1993,180,-58.22,10.51,290.56,0.0111,0.0031,0,collision,
1994,395,239.51,7.11,938.27,0.0000,0.1026,1,goal,
1995,80,-231.38,7.34,112.16,0.0250,0.1784,0,collision,
1996,59,-150.10,9.80,213.00,0.0000,0.0000,0,collision,
1997,208,-116.39,6.29,652.25,0.0096,0.1171,0,collision,
1998,326,320.36,7.85,1480.60,0.0000,0.0000,1,goal,
1999,267,340.21,9.23,994.77,0.0000,0.0342,1,goal,
2000,234,-86.70,5.77,984.92,0.0000,0.0198,0,collision,
4462,141,-127.32,8.68,772.55,0.0000,0.0167,0,collision,
4463,292,-134.69,7.32,906.44,0.0000,0.0320,0,collision,
4464,347,-356.69,4.48,1158.28,0.0058,0.0138,0,collision,
4465,312,442.46,8.47,1209.91,0.0000,0.0082,1,goal,
4466,393,325.59,6.41,1169.61,0.0000,0.0199,1,goal,
4467,347,379.16,6.86,1598.83,0.0000,0.0093,1,goal,
4468,5,-205.75,0.42,2.04,0.0000,0.4412,0,collision,
4469,34,-200.23,11.69,93.07,0.0125,0.0315,0,collision,
4470,244,414.41,12.04,562.08,0.0000,0.0000,1,goal,
4471,246,243.58,7.11,1184.12,0.0000,0.0134,1,goal,
4472,275,422.68,8.98,1136.23,0.0000,0.0120,1,goal,
4473,179,-135.43,7.09,730.53,0.0000,0.0157,0,collision,
4474,299,348.75,7.56,1312.07,0.0000,0.0000,1,goal,
4475,418,271.39,5.72,1554.37,0.0000,0.0321,1,goal,
4476,448,412.81,5.88,1930.41,0.0000,0.0056,1,goal,
2001,112,-161.90,8.28,362.27,0.0179,0.1505,0,collision,
2002,132,-125.38,13.39,274.21,0.0000,0.0606,0,collision,
2003,152,-109.96,8.54,541.65,0.0000,0.0100,0,collision,
2004,76,-96.77,20.23,-51.17,0.0000,0.0192,0,collision,
2005,88,-128.98,7.87,394.61,0.0000,0.0392,0,collision,
2006,143,-224.03,7.68,546.33,0.0000,0.0862,0,collision,
2007,45,-149.23,15.91,1.78,0.0444,0.0370,0,collision,
2008,47,-170.43,5.69,282.54,0.0000,0.0602,0,collision,
2009,106,-132.57,14.64,94.63,0.0189,0.0212,0,collision,
2010,90,-110.49,15.89,116.53,0.0000,0.0148,0,collision,
4477,285,-43.73,8.99,1138.49,0.0000,0.0056,0,collision,
4478,194,-64.00,12.48,195.67,0.0000,0.0356,0,collision,
4479,396,214.66,7.34,1708.79,0.0000,0.0125,1,goal,
4480,45,-159.17,14.09,30.52,0.0000,0.0208,0,collision,
4481,219,447.71,12.97,425.37,0.0000,0.0000,1,goal,
4482,126,-168.16,8.03,629.21,0.0000,0.0064,0,collision,
4483,237,450.49,11.17,938.62,0.0000,0.0074,1,goal,
4484,127,-90.01,10.12,311.13,0.0157,0.0143,0,collision,
4485,26,-171.88,12.04,127.55,0.0769,0.0000,0,collision,
4486,92,-96.94,14.63,170.31,0.0217,0.0000,0,collision,
4487,10,-208.41,1.50,16.56,0.0000,0.1398,0,collision,
4488,139,-68.91,14.66,-46.10,0.0000,0.0146,0,collision,
4489,195,399.24,11.91,491.11,0.0000,0.0066,1,goal,
4490,34,-170.03,7.89,243.02,0.0000,0.0942,0,collision,
4491,118,-146.93,13.30,121.79,0.0000,0.0165,0,collision,
4492,75,-194.33,7.16,525.32,0.0267,0.0217,0,collision,
4493,198,-108.76,7.96,633.29,0.0000,0.0858,0,collision,
4494,62,-145.84,13.11,54.38,0.0323,0.1385,0,collision,
4495,73,-193.54,3.83,211.78,0.0108,0.2330,0,collision,
4496,171,-316.71,3.97,356.31,0.0117,0.0349,0,collision,
4497,122,-153.37,4.63,493.98,0.0164,0.0940,0,collision,
4498,265,446.84,10.35,1057.43,0.0000,0.0021,1,goal,
4499,148,-143.95,4.70,490.62,0.0135,0.0001,0,collision,
4500,276,-36.97,9.86,1140.33,0.0072,0.0633,0,collision,
4501,163,-38.57,12.47,415.82,0.0000,0.0226,0,collision,
4502,79,-185.43,5.05,300.16,0.0253,0.2389,0,collision,
4503,134,-389.94,0.83,98.21,0.0000,0.0264,0,collision,
4504,101,-71.44,22.39,19.98,0.0000,0.0121,0,collision,
2011,348,-58.12,6.35,1236.79,0.0000,0.0609,0,collision,
2012,148,-101.28,8.04,593.77,0.0000,0.0701,0,collision,
2013,241,316.21,10.70,682.91,0.0000,0.0609,1,goal,
2014,322,304.31,7.35,1263.29,0.0000,0.0029,1,goal,
2015,258,310.13,8.75,948.64,0.0000,0.0000,1,goal,
2016,263,318.02,10.05,737.71,0.0000,0.0211,1,goal,
2017,320,-145.62,4.46,1173.17,0.0063,0.0668,0,collision,
2018,346,133.99,6.64,931.02,0.0000,0.0005,1,goal,
2019,95,-213.51,5.73,414.88,0.0211,0.0392,0,collision,
2020,276,336.15,10.46,316.69,0.0000,0.0135,1,goal,
4505,372,-179.70,7.21,796.12,0.0054,0.0249,0,collision,
4506,311,463.34,8.75,1457.69,0.0000,0.0021,1,goal,
4507,289,408.42,9.53,888.39,0.0000,0.0043,1,goal,
4508,207,370.46,13.53,386.64,0.0000,0.0032,1,goal,
4509,244,356.87,10.04,1089.99,0.0000,0.0094,1,goal,
4510,356,-44.72,6.24,1300.28,0.0056,0.0552,0,collision,
4511,121,309.83,13.62,117.41,0.0000,0.0097,1,goal,
4512,225,401.93,12.37,320.14,0.0000,0.0000,1,goal,
4513,54,-204.94,5.73,248.11,0.0370,0.0815,0,collision,
4514,342,220.19,8.24,865.17,0.0000,0.0676,1,goal,
4515,68,-139.81,11.46,217.14,0.0294,0.0595,0,collision,
4516,314,390.13,7.15,1488.80,0.0000,0.0059,1,goal,
4517,248,-80.92,10.37,521.73,0.0000,0.0167,0,collision,
4518,242,-298.14,8.97,97.84,0.0000,0.0331,0,collision,
4519,26,-181.72,8.75,109.32,0.0000,0.0769,0,collision,
4520,17,-193.74,3.56,75.10,0.0000,0.0000,0,collision,
4521,187,357.61,9.75,881.48,0.0000,0.0262,1,goal,
4522,120,-163.31,5.50,574.61,0.0167,0.0338,0,collision,
4523,261,409.23,8.58,924.17,0.0000,0.0139,1,goal,
4524,73,-179.09,7.50,414.30,0.0000,0.0205,0,collision,
4525,106,-117.35,11.94,302.68,0.0000,0.0260,0,collision,
2021,101,-164.39,5.42,351.47,0.0064,0.0538,0,collision,
2022,7,-198.56,2.54,20.90,0.2857,0.0000,0,collision,
2023,307,380.78,7.59,1099.44,0.0000,0.0000,1,goal,
2024,293,378.92,8.93,1031.47,0.0000,0.0003,1,goal,
2025,406,223.38,6.38,1716.89,0.0000,0.0747,1,goal,
2026,310,342.77,7.91,1001.88,0.0000,0.0057,1,goal,
2027,386,273.01,7.58,1563.66,0.0000,0.0151,1,goal,
2028,78,-185.00,7.14,303.88,0.0000,0.2494,0,collision,
2029,337,341.62,7.28,1193.59,0.0000,0.0374,1,goal,
2030,291,345.71,7.75,1254.37,0.0000,0.0000,1,goal,
4526,135,-165.16,13.14,277.92,0.0000,0.0169,0,collision,
4527,242,367.33,9.31,825.74,0.0000,0.0451,1,goal,
4528,50,-166.58,7.18,340.67,0.0400,0.1386,0,collision,
4529,104,-218.45,6.36,262.26,0.0192,0.0067,0,collision,
4530,32,-187.13,12.44,98.88,0.0625,0.0172,0,collision,
4531,25,-191.40,7.59,253.54,0.0000,0.0583,0,collision,
4532,108,-211.81,2.88,354.24,0.0000,0.2282,0,collision,
4533,335,135.26,6.96,917.25,0.0000,0.0154,1,goal,
4534,12,-210.34,0.69,7.67,0.0000,0.0000,0,collision,
4535,92,-191.56,6.64,343.81,0.0217,0.0000,0,collision,
4536,320,342.84,7.08,1348.67,0.0000,0.0194,1,goal,
4537,371,369.14,6.12,1342.86,0.0000,0.0045,1,goal,
4538,241,-132.40,8.11,421.04,0.0000,0.0239,0,collision,
4539,101,-230.39,2.81,327.02,0.0198,0.3590,0,collision,
4540,412,251.64,6.99,1131.85,0.0000,0.0126,1,goal,
4541,277,430.27,9.04,1155.11,0.0000,0.0042,1,goal,
4542,474,341.30,6.07,1909.24,0.0000,0.0543,1,goal,
4543,183,-365.56,2.97,401.64,0.0000,0.0215,0,collision,
4544,47,-155.60,12.99,73.13,0.0426,0.0432,0,collision,
4545,111,-88.94,11.05,388.53,0.0000,0.0000,0,collision,
4546,494,265.09,5.07,2108.74,0.0000,0.0000,1,goal,
2031,320,389.81,8.69,1246.26,0.0000,0.0061,1,goal,
2032,23,-190.54,7.49,123.09,0.0870,0.2183,0,collision,
2033,73,-107.09,19.75,-21.43,0.0274,0.0125,0,collision,
2034,259,391.85,9.06,1073.84,0.0000,0.0521,1,goal,
2035,38,-170.12,9.52,192.85,0.0000,0.1145,0,collision,
2036,110,-96.78,11.43,171.84,0.0000,0.0331,0,collision,
2037,283,409.98,9.76,932.68,0.0000,0.0352,1,goal,
2038,246,399.86,10.51,748.35,0.0000,0.0000,1,goal,
2039,201,-98.17,11.37,86.88,0.0100,0.1179,0,collision,
2040,323,248.28,7.84,951.80,0.0000,0.0118,1,goal,
4547,258,-330.55,2.77,647.88,0.0078,0.0327,0,collision,
4548,304,424.08,9.11,1330.06,0.0000,0.0047,1,goal,
4549,44,-154.33,14.36,104.72,0.0000,0.0168,0,collision,
4550,44,-166.43,9.09,114.79,0.0455,0.0000,0,collision,
4551,335,446.18,8.19,1335.89,0.0000,0.0021,1,goal,
4552,108,-129.14,14.49,139.39,0.0000,0.0123,0,collision,
4553,307,385.07,7.59,1310.15,0.0000,0.0336,1,goal,
4554,87,-162.68,12.79,161.79,0.0000,0.0123,0,collision,
4555,102,-231.79,4.58,357.78,0.0196,0.0347,0,collision,
4556,58,-164.23,14.20,139.06,0.0345,0.0294,0,collision,
4557,116,-185.46,5.13,441.39,0.0045,0.0917,0,collision,
4558,44,-176.99,4.04,201.74,0.0000,0.0000,0,collision,
4559,361,-69.22,7.80,1653.09,0.0000,0.0067,0,collision,
4560,179,-102.16,7.70,812.12,0.0112,0.0349,0,collision,
4561,256,435.73,10.93,703.54,0.0000,0.0367,1,goal,
4562,129,-167.42,4.85,581.29,0.0155,0.1670,0,collision,
4563,50,-175.56,13.70,75.58,0.0000,0.0247,0,collision,
4564,113,-98.26,10.37,559.65,0.0177,0.0255,0,collision,
4565,289,315.96,8.51,1043.57,0.0000,0.0005,1,goal,
4566,221,432.78,10.65,760.98,0.0000,0.0055,1,goal,
4567,271,-291.07,6.14,637.26,0.0000,0.0537,0,collision,
4568,113,-177.99,5.75,477.13,0.0177,0.2547,0,collision,
2041,224,337.49,10.10,535.10,0.0000,0.0220,1,goal,
2042,302,208.20,8.70,348.84,0.0000,0.0239,1,goal,
2043,237,16.46,11.51,487.24,0.0000,0.0169,0,collision,
2044,53,-170.60,4.22,252.29,0.0377,0.0000,0,collision,
2045,244,259.70,9.64,920.94,0.0000,0.0068,1,goal,
2046,370,215.89,6.63,1001.64,0.0000,0.0025,1,goal,
2047,516,217.41,5.11,1907.72,0.0000,0.0063,1,goal,
2048,362,246.85,6.86,1405.22,0.0000,0.0288,1,goal,
2049,144,-141.46,9.23,419.81,0.0139,0.1902,0,collision,
2050,530,91.54,5.40,1831.08,0.0000,0.0320,1,goal,
4569,609,-314.40,7.40,1903.45,0.0033,0.0272,0,collision,
4570,146,-195.07,4.64,561.65,0.0085,0.2674,0,collision,
4571,322,-339.82,4.00,794.21,0.0062,0.0097,0,collision,
4572,307,414.88,8.84,887.00,0.0000,0.0035,1,goal,
4573,262,346.47,10.81,948.06,0.0000,0.0020,1,goal,
4574,266,434.18,8.77,1303.60,0.0000,0.0044,1,goal,
4575,149,-168.64,7.54,470.91,0.0134,0.0610,0,collision,
4576,224,408.84,10.01,905.92,0.0000,0.0010,1,goal,
4577,123,-111.23,11.27,226.58,0.0000,0.0007,0,collision,
4578,361,-199.04,5.47,1173.53,0.0055,0.0198,0,collision,
4579,30,-206.80,3.33,112.46,0.0000,0.0000,0,collision,
4580,75,-216.83,4.65,406.79,0.0267,0.0362,0,collision,
4581,44,-186.24,7.63,324.22,0.0000,0.0000,0,collision,
4582,149,346.22,15.04,230.65,0.0000,0.0071,1,goal,
4583,47,-155.36,14.74,-60.80,0.0000,0.0438,0,collision,
4584,298,13.94,9.30,935.15,0.0000,0.0212,0,collision,
4585,198,-220.29,4.88,860.83,0.0000,0.0000,0,collision,
4586,86,-184.44,7.25,263.75,0.0000,0.0109,0,collision,
4587,368,171.59,6.83,806.37,0.0000,0.0699,1,goal,
4588,163,369.57,14.98,414.64,0.0000,0.0036,1,goal,
2051,322,409.33,7.67,1311.94,0.0000,0.0051,1,goal,
2052,450,113.02,6.24,851.00,0.0000,0.0112,1,goal,
2053,273,-13.21,9.99,628.92,0.0000,0.0461,0,collision,
2054,81,-115.76,10.64,433.76,0.0000,0.0000,0,collision,
2055,493,246.87,4.98,2310.13,0.0000,0.0217,1,goal,
2056,182,391.40,12.66,527.45,0.0000,0.0025,1,goal,
2057,319,-22.65,7.20,1642.24,0.0063,0.0101,0,collision,
2058,348,-324.02,3.31,1110.98,0.0057,0.0166,0,collision,
2059,348,202.82,7.37,1132.07,0.0000,0.0030,1,goal,
2060,341,386.25,6.47,1485.50,0.0000,0.0099,1,goal,
4589,389,-218.56,6.40,1033.47,0.0051,0.1015,0,collision,
4590,384,284.41,7.01,1301.43,0.0000,0.0047,1,goal,
4591,238,-10.59,9.10,870.58,0.0000,0.0087,0,collision,
4592,199,-182.68,4.22,722.65,0.0101,0.1464,0,collision,
4593,449,242.80,5.19,1750.48,0.0000,0.0036,1,goal,
4594,321,38.07,8.32,1453.29,0.0000,0.0042,0,collision,
4595,91,-118.03,7.11,641.00,0.0000,0.0392,0,collision,
4596,11,-198.46,2.58,40.49,0.0000,0.0000,0,collision,
4597,279,-165.96,4.19,1162.45,0.0072,0.0115,0,collision,
4598,301,-237.07,5.17,907.54,0.0066,0.0143,0,collision,
4599,426,285.41,7.06,1438.54,0.0000,0.0113,1,goal,
4600,437,152.15,5.88,844.85,0.0000,0.0307,1,goal,
4601,568,69.44,4.29,1602.18,0.0000,0.0000,1,goal,
4602,205,285.25,10.99,622.74,0.0000,0.0000,1,goal,
2061,99,-210.38,6.56,237.97,0.0000,0.1053,0,collision,
2062,106,-220.02,6.45,244.30,0.0189,0.0107,0,collision,
2063,77,-174.17,4.32,372.73,0.0000,0.0218,0,collision,
2064,93,-91.19,13.59,181.83,0.0000,0.0292,0,collision,
2065,67,-181.87,4.83,327.30,0.0000,0.0683,0,collision,
2066,70,-230.34,3.03,262.59,0.0000,0.0497,0,collision,
2067,157,-338.00,5.42,-20.51,0.0000,0.0102,0,collision,
2068,208,412.66,12.15,599.97,0.0000,0.0254,1,goal,
2069,130,-63.13,15.67,63.19,0.0154,0.0086,0,collision,
2070,34,-165.46,6.81,290.07,0.0000,0.0000,0,collision,
4603,828,-887.23,1.95,1000.99,0.0000,0.0071,0,collision,
4604,372,-292.63,4.84,1356.97,0.0000,0.0348,0,collision,
4605,158,-87.36,7.65,893.15,0.0000,0.0632,0,collision,
4606,308,456.79,9.33,1205.67,0.0000,0.0050,1,goal,
4607,344,120.35,6.53,557.46,0.0000,0.0009,1,goal,
4608,43,-161.16,13.39,-4.96,0.0000,0.0345,0,collision,
4609,290,-264.52,5.78,900.46,0.0069,0.0571,0,collision,
4610,179,-11.99,14.02,501.59,0.0112,0.0200,0,collision,
4611,427,374.97,6.41,2090.75,0.0000,0.0268,1,goal,
4612,50,-143.64,10.88,142.65,0.0400,0.0356,0,collision,
4613,28,-173.38,9.96,119.54,0.0714,0.0577,0,collision,
4614,95,-128.06,9.76,291.57,0.0211,0.0252,0,collision,
4615,194,440.26,14.78,925.43,0.0000,0.0103,1,goal,
4616,24,-175.79,12.87,77.83,0.0000,0.0863,0,collision,
4617,101,-218.01,5.57,378.63,0.0000,0.0000,0,collision,
4618,288,-125.73,7.71,844.34,0.0000,0.0200,0,collision,
4619,99,-85.81,13.79,239.97,0.0202,0.0343,0,collision,
4620,247,-213.56,6.16,1283.34,0.0081,0.1447,0,collision,
2071,378,-246.20,6.03,1497.27,0.0053,0.0016,0,collision,
2072,67,-132.42,18.54,-50.46,0.0299,0.0076,0,collision,
2073,119,-204.64,4.99,628.02,0.0168,0.0146,0,collision,
2074,173,-129.03,7.66,644.78,0.0116,0.0197,0,collision,
2075,459,104.69,5.13,1628.11,0.0000,0.0210,1,goal,
2076,386,208.26,7.08,1416.31,0.0000,0.0000,1,goal,
2077,274,-209.04,6.80,782.67,0.0073,0.0493,0,collision,
2078,248,-255.04,4.17,780.40,0.0081,0.0271,0,collision,
2079,405,224.46,6.30,1553.47,0.0000,0.0060,1,goal,
2080,365,330.64,7.88,874.29,0.0000,0.0161,1,goal,
4621,146,-286.82,2.19,359.75,0.0137,0.2023,0,collision,
4622,207,290.05,13.65,177.41,0.0000,0.0037,1,goal,
4623,373,-181.15,6.47,1469.20,0.0054,0.0360,0,collision,
4624,127,354.75,19.37,141.39,0.0000,0.0000,1,goal,
4625,266,324.43,8.36,1030.55,0.0000,0.0072,1,goal,
4626,259,379.41,9.48,1013.97,0.0000,0.0140,1,goal,
4627,71,-208.99,7.59,362.39,0.0282,0.0623,0,collision,
4628,87,-135.40,8.82,376.36,0.0000,0.0183,0,collision,
4629,269,-110.10,7.44,916.08,0.0074,0.0252,0,collision,
4630,447,102.01,5.54,1368.95,0.0000,0.0276,1,goal,
4631,207,-247.92,5.05,730.81,0.0097,0.0000,0,collision,
4632,282,315.65,8.74,723.70,0.0000,0.0006,1,goal,
4633,60,-164.73,5.79,299.84,0.0333,0.0000,0,collision,
4634,365,272.24,6.77,1213.46,0.0000,0.0101,1,goal,
4635,290,-282.26,3.55,1015.16,0.0000,0.0309,0,collision,
4636,88,-135.34,10.63,263.60,0.0227,0.0849,0,collision,
4637,159,-94.07,8.66,721.16,0.0126,0.0058,0,collision,
4638,46,-160.71,9.76,118.56,0.0000,0.0000,0,collision,
4639,223,378.02,11.07,529.24,0.0000,0.0000,1,goal,
2081,258,298.15,9.59,811.58,0.0000,0.0000,1,goal,
2082,129,-251.99,4.25,489.69,0.0155,0.1055,0,collision,
2083,154,-96.71,13.92,-11.31,0.0130,0.0000,0,collision,
2084,346,389.50,7.80,1643.92,0.0000,0.0147,1,goal,
2085,258,-184.11,6.13,866.49,0.0000,0.0097,0,collision,
2086,178,-281.17,4.96,503.49,0.0112,0.1208,0,collision,
2087,294,288.77,9.51,966.61,0.0000,0.0065,1,goal,
2088,234,274.26,9.66,232.61,0.0000,0.0165,1,goal,
2089,7,-202.79,1.94,17.70,0.2857,0.0000,0,collision,
2090,91,-128.90,9.43,459.85,0.0220,0.0214,0,collision,
4640,990,-865.92,2.28,1544.38,0.0000,0.0138,0,collision,
4641,293,-187.38,4.74,952.00,0.0000,0.0457,0,collision,
4642,149,-100.48,8.03,761.93,0.0134,0.0112,0,collision,
4643,70,-210.73,5.98,352.65,0.0000,0.0324,0,collision,
4644,215,-182.52,5.04,1292.36,0.0000,0.0225,0,collision,
4645,54,-145.24,18.95,1.77,0.0000,0.0643,0,collision,
4646,292,378.47,9.77,1102.91,0.0000,0.0119,1,goal,
4647,193,336.13,11.51,477.43,0.0000,0.0090,1,goal,
4648,351,388.47,6.61,1380.98,0.0000,0.0356,1,goal,
4649,543,205.97,4.49,1962.35,0.0000,0.0039,1,goal,
4650,158,-254.22,5.50,317.78,0.0000,0.0000,0,collision,
4651,53,-201.73,5.57,310.50,0.0377,0.0000,0,collision,
4652,638,-62.61,3.82,1950.52,0.0000,0.0328,1,goal,
4653,44,-198.12,3.29,187.03,0.0455,0.0000,0,collision,
4654,32,-202.74,2.16,80.89,0.0021,0.0000,0,collision,
2091,133,-174.27,4.98,372.34,0.0000,0.1679,0,collision,
2092,462,-293.77,4.59,1857.69,0.0000,0.0116,0,collision,
2093,110,-91.73,10.86,545.59,0.0182,0.0075,0,collision,
2094,62,-129.10,10.98,417.19,0.0000,0.0429,0,collision,
2095,315,-187.97,4.52,1379.23,0.0063,0.0062,0,collision,
2096,7,-202.40,1.94,17.70,0.2857,0.0000,0,collision,
2097,376,329.87,7.80,1113.63,0.0000,0.0115,1,goal,
2098,352,321.81,8.02,1551.13,0.0000,0.0125,1,goal,
2099,55,-182.27,3.39,214.42,0.0000,0.0000,0,collision,
2100,143,-178.24,5.86,384.04,0.0000,0.1305,0,collision,
4655,238,-167.09,7.87,735.94,0.0000,0.0024,0,collision,
4656,170,-36.23,12.84,413.21,0.0000,0.0106,0,collision,
4657,35,-206.61,7.60,84.40,0.0571,0.0888,0,collision,
4658,128,-134.41,7.76,713.32,0.0156,0.0063,0,collision,
4659,305,417.51,7.99,1247.91,0.0000,0.0179,1,goal,
4660,322,371.83,8.10,1250.40,0.0000,0.0007,1,goal,
4661,219,338.27,10.88,503.48,0.0000,0.0091,1,goal,
4662,232,-17.76,9.99,572.19,0.0086,0.0197,0,collision,
4663,347,-75.14,6.10,1807.63,0.0000,0.0022,0,collision,
4664,195,-166.91,7.44,781.21,0.0000,0.0154,0,collision,
4665,299,-281.88,4.70,895.97,0.0000,0.0347,0,collision,
4666,256,-138.53,8.03,585.50,0.0078,0.0437,0,collision,
4667,69,-136.91,9.35,391.05,0.0290,0.0688,0,collision,
4668,134,-194.31,4.74,219.33,0.0149,0.0925,0,collision,
4669,307,-99.90,9.12,1113.67,0.0065,0.0508,0,collision,
4670,123,-113.92,11.57,-86.15,0.0163,0.1228,0,collision,
4671,229,-121.43,8.64,696.96,0.0000,0.0527,0,collision,
4672,143,-174.52,7.79,522.49,0.0140,0.0139,0,collision,
4673,57,-136.86,11.73,243.72,0.0000,0.0183,0,collision,
4674,61,-125.09,18.16,-87.99,0.0000,0.0009,0,collision,
4675,33,-184.78,7.84,109.70,0.0606,0.0424,0,collision,
4676,316,-142.67,5.34,1473.75,0.0063,0.0167,0,collision,
2101,147,-78.12,9.63,659.82,0.0136,0.1148,0,collision,
2102,86,-114.24,20.03,-10.68,0.0233,0.0231,0,collision,
2103,227,-88.52,8.93,618.97,0.0088,0.0253,0,collision,
2104,48,-212.64,10.04,107.29,0.0000,0.0470,0,collision,
2105,226,-93.03,6.17,890.32,0.0000,0.0634,0,collision,
2106,62,-231.55,3.35,258.12,0.0323,0.0451,0,collision,
2107,159,-192.35,4.26,508.82,0.0126,0.1875,0,collision,
2108,175,-129.41,7.63,452.25,0.0114,0.1522,0,collision,
2109,367,-19.40,7.75,1324.63,0.0000,0.0294,0,collision,
2110,192,335.34,10.11,525.42,0.0000,0.0118,1,goal,
4677,143,-174.35,12.15,189.27,0.0000,0.0740,0,collision,
4678,59,-152.02,10.93,246.89,0.0339,0.0217,0,collision,
4679,136,-164.04,7.37,549.84,0.0000,0.0068,0,collision,
4680,395,338.57,6.38,1483.30,0.0000,0.0632,1,goal,
4681,215,-25.64,10.49,1027.95,0.0093,0.0493,0,collision,
4682,217,-96.44,9.06,689.31,0.0000,0.0176,0,collision,
4683,378,-204.97,6.43,1148.05,0.0053,0.0243,0,collision,
4684,204,-84.11,6.99,1042.35,0.0000,0.0095,0,collision,
4685,183,-95.56,8.24,571.00,0.0109,0.0150,0,collision,
4686,301,196.53,9.45,370.26,0.0000,0.0167,1,goal,
4687,235,-84.75,7.70,677.30,0.0000,0.0253,0,collision,
4688,359,380.23,6.87,1518.32,0.0000,0.0000,1,goal,
4689,55,-146.48,10.81,177.82,0.0364,0.0228,0,collision,
4690,173,-140.04,9.24,475.88,0.0116,0.0671,0,collision,
4691,360,390.21,7.41,1188.16,0.0000,0.0039,1,goal,
4692,284,389.27,8.03,964.48,0.0000,0.0004,1,goal,
4693,207,417.18,13.74,284.69,0.0000,0.0000,1,goal,
4694,176,-26.38,11.56,423.96,0.0000,0.0141,0,collision,
2111,378,335.40,6.69,1225.09,0.0000,0.0084,1,goal,
2112,233,391.74,10.78,829.69,0.0000,0.0350,1,goal,
2113,173,-134.58,8.05,702.91,0.0116,0.0000,0,collision,
2114,84,-236.39,2.95,178.36,0.0238,0.4192,0,collision,
2115,452,348.01,5.49,1529.45,0.0000,0.0007,1,goal,
2116,462,281.65,5.63,1878.23,0.0000,0.0271,1,goal,
2117,85,-161.46,5.60,451.03,0.0000,0.0751,0,collision,
2118,97,-233.18,2.89,317.47,0.0179,0.3839,0,collision,
2119,220,-13.98,10.48,831.11,0.0066,0.0384,0,collision,
2120,141,-117.11,12.08,398.65,0.0000,0.0000,0,collision,
4695,201,-229.72,4.64,820.98,0.0000,0.1285,0,collision,
4696,76,-178.17,7.24,476.73,0.0000,0.0000,0,collision,
4697,149,-265.34,4.55,441.32,0.0134,0.0472,0,collision,
4698,36,-211.33,5.31,280.65,0.0000,0.0000,0,collision,
4699,246,395.75,9.43,800.42,0.0000,0.0000,1,goal,
4700,185,-200.17,7.20,650.30,0.0108,0.0339,0,collision,
4701,200,-120.99,4.91,877.17,0.0000,0.0004,0,collision,
4702,212,-123.71,7.42,269.47,0.0094,0.0853,0,collision,
4703,140,-306.72,2.75,424.92,0.0000,0.0250,0,collision,
4704,121,-154.70,7.35,774.44,0.0165,0.0085,0,collision,
4705,375,389.73,6.95,1345.63,0.0000,0.0107,1,goal,
4706,315,320.33,7.65,1053.27,0.0000,0.0260,1,goal,
4707,128,-192.24,6.43,381.36,0.0156,0.0264,0,collision,
4708,34,-207.46,5.47,215.77,0.0000,0.0301,0,collision,
4709,494,156.93,5.74,1632.15,0.0000,0.0882,1,goal,
4710,397,410.91,7.39,1404.74,0.0000,0.0700,1,goal,
4711,319,447.66,8.68,1434.38,0.0000,0.0102,1,goal,
4712,47,-144.88,15.20,70.04,0.0426,0.0000,0,collision,
4713,290,395.02,9.64,1170.24,0.0000,0.0000,1,goal,
2121,356,-330.11,5.75,1212.27,0.0056,0.0089,0,collision,
2122,241,-40.34,9.25,666.67,0.0000,0.0098,0,collision,
2123,188,-35.42,11.61,449.28,0.0000,0.0338,0,collision,
2124,105,-80.38,16.80,171.66,0.0190,0.0579,0,collision,
2125,48,-159.39,17.96,-7.18,0.0263,0.0579,0,collision,
2126,296,210.67,8.33,621.51,0.0000,0.0168,1,goal,
2127,277,337.10,8.94,1448.10,0.0000,0.0119,1,goal,
2128,65,-156.15,8.49,135.69,0.0000,0.0000,0,collision,
2129,247,453.91,11.48,1010.68,0.0000,0.0058,1,goal,
2130,269,413.17,11.36,717.90,0.0000,0.0000,1,goal,
4714,327,-278.44,3.69,921.99,0.0061,0.0474,0,collision,
4715,303,295.65,7.74,1149.56,0.0000,0.0069,1,goal,
4716,265,360.05,10.11,621.96,0.0000,0.0402,1,goal,
4717,192,297.58,11.80,-18.08,0.0000,0.0082,1,goal,
4718,402,334.37,6.82,1586.11,0.0000,0.0070,1,goal,
4719,236,286.49,10.02,411.58,0.0000,0.0060,1,goal,
4720,153,-119.87,7.79,427.96,0.0000,0.0257,0,collision,
4721,85,-146.68,12.01,318.73,0.0235,0.0650,0,collision,
4722,248,-36.89,8.88,1195.73,0.0000,0.0054,0,collision,
4723,343,-64.71,6.85,1058.53,0.0058,0.0790,0,collision,
4724,66,-116.39,19.65,-31.36,0.0000,0.0258,0,collision,
4725,165,-203.52,5.94,589.84,0.0121,0.1009,0,collision,
4726,201,425.99,14.21,429.53,0.0000,0.0439,1,goal,
4727,290,304.52,8.47,566.59,0.0000,0.1281,1,goal,
4728,128,-112.02,8.73,599.94,0.0156,0.0132,0,collision,
4729,250,-12.69,9.53,1013.77,0.0080,0.0713,0,collision,
4730,264,-73.35,7.74,1064.66,0.0000,0.0162,0,collision,
4731,47,-135.89,23.45,15.15,0.0000,0.0164,0,collision,
4732,5,-205.55,0.42,2.04,0.4000,0.0000,0,collision,
4733,183,327.06,12.70,548.67,0.0000,0.0000,1,goal,
2131,45,-189.34,3.13,182.50,0.0000,0.0000,0,collision,
2132,164,-121.95,7.98,377.49,0.0122,0.0929,0,collision,
2133,290,378.48,9.10,941.67,0.0000,0.0031,1,goal,
2134,106,-158.42,6.92,409.93,0.0000,0.0877,0,collision,
2135,230,-245.84,6.77,660.36,0.0087,0.0266,0,collision,
2136,57,-161.74,10.26,136.64,0.0351,0.0787,0,collision,
2137,298,382.23,9.64,484.84,0.0000,0.0106,1,goal,
2138,290,-118.17,5.72,1398.28,0.0000,0.0146,0,collision,
2139,194,-220.14,5.13,619.85,0.0000,0.0142,0,collision,
2140,216,-71.32,10.57,231.49,0.0000,0.1336,0,collision,
4734,191,-204.81,7.36,699.14,0.0105,0.0000,0,collision,
4735,208,363.00,12.40,593.73,0.0000,0.0158,1,goal,
4736,297,405.47,9.80,1276.94,0.0000,0.0370,1,goal,
4737,277,-247.50,7.08,644.50,0.0072,0.0988,0,collision,
4738,201,416.20,12.27,712.00,0.0000,0.0029,1,goal,
4739,86,-171.14,8.24,582.77,0.0000,0.0175,0,collision,
4740,337,316.04,7.60,899.69,0.0000,0.0460,1,goal,
4741,361,420.19,7.71,1700.62,0.0000,0.0349,1,goal,
4742,218,-81.51,6.46,807.59,0.0092,0.0707,0,collision,
4743,246,-249.12,4.19,917.44,0.0000,0.0766,0,collision,
4744,14,-201.86,1.83,28.04,0.0000,0.0000,0,collision,
4745,5,-204.08,0.83,3.69,0.4000,0.2008,0,collision,
4746,169,359.93,13.56,243.70,0.0000,0.0082,1,goal,
4747,136,-204.91,5.61,831.48,0.0000,0.0175,0,collision,
4748,54,-138.26,13.31,284.90,0.0370,0.0000,0,collision,
4749,375,244.52,7.62,928.80,0.0000,0.0323,1,goal,
4750,163,-94.09,8.63,624.90,0.0123,0.0181,0,collision,
4751,133,-132.52,7.75,327.58,0.0150,0.0982,0,collision,
4752,81,-113.46,22.65,-135.66,0.0000,0.0088,0,collision,
4753,85,-186.93,8.40,426.58,0.0235,0.0183,0,collision,
4754,25,-188.07,14.14,73.83,0.0000,0.0410,0,collision,
4755,308,403.32,7.32,1281.44,0.0000,0.0011,1,goal,
4756,73,-158.36,7.52,275.17,0.0000,0.1487,0,collision,
4757,103,-111.35,17.29,-110.91,0.0194,0.0000,0,collision,
2141,338,333.31,7.20,978.28,0.0000,0.0244,1,goal,
2142,167,-162.85,5.61,533.35,0.0120,0.1490,0,collision,
2143,308,-180.54,7.00,707.50,0.0065,0.0020,0,collision,
2144,41,-163.53,6.38,293.64,0.0488,0.0000,0,collision,
2145,69,-146.80,9.13,427.94,0.0000,0.0000,0,collision,
2146,211,396.88,12.05,404.37,0.0000,0.0000,1,goal,
2147,74,-188.83,8.78,55.20,0.0000,0.0584,0,collision,
2148,38,-164.67,16.95,62.74,0.0000,0.0352,0,collision,
2149,35,-186.03,3.66,144.53,0.0571,0.0102,0,collision,
2150,330,300.43,7.05,1125.80,0.0000,0.0721,1,goal,
4758,147,-88.34,11.16,496.31,0.0000,0.0000,0,collision,
4759,192,436.54,14.51,81.32,0.0000,0.0000,1,goal,
4760,100,-222.72,3.00,297.54,0.0200,0.2804,0,collision,
4761,32,-159.71,17.89,-10.31,0.0000,0.0365,0,collision,
4762,43,-156.50,11.00,225.08,0.0465,0.0517,0,collision,
4763,509,168.14,4.72,2275.69,0.0000,0.0059,1,goal,
4764,150,-28.23,14.49,43.46,0.0133,0.0000,0,collision,
4765,151,-26.50,13.97,222.93,0.0132,0.0201,0,collision,
4766,454,213.29,6.35,1751.28,0.0000,0.0113,1,goal,
4767,201,-108.17,5.70,840.12,0.0000,0.0000,0,collision,
4768,405,-320.58,3.52,1415.89,0.0049,0.0443,0,collision,
4769,691,-62.62,4.15,2208.35,0.0000,0.0141,1,goal,
4770,498,308.07,4.90,1862.08,0.0000,0.0512,1,goal,
4771,54,-145.96,18.78,16.80,0.0000,0.0148,0,collision,
4772,324,141.54,5.32,1099.40,0.0000,0.0093,1,goal,
4773,63,-173.81,5.27,349.75,0.0000,0.0266,0,collision,
2151,95,-193.57,7.43,473.75,0.0000,0.0000,0,collision,
2152,160,-86.47,12.49,311.01,0.0125,0.0093,0,collision,
2153,73,-138.74,8.79,359.09,0.0274,0.0541,0,collision,
2154,258,446.59,10.74,814.21,0.0000,0.0044,1,goal,
2155,361,321.53,6.28,1020.60,0.0000,0.0527,1,goal,
2156,196,-131.13,6.79,1171.04,0.0000,0.0000,0,collision,
2157,340,274.60,7.47,1220.69,0.0000,0.0459,1,goal,
2158,114,-129.83,10.36,458.41,0.0000,0.0000,0,collision,
2159,429,182.92,5.90,1412.69,0.0000,0.0366,1,goal,
2160,65,-139.83,16.51,-53.24,0.0000,0.0203,0,collision,
4774,339,-376.23,3.71,728.13,0.0013,0.0191,0,collision,
4775,455,310.86,6.43,2276.52,0.0000,0.0000,1,goal,
4776,97,-192.96,7.20,505.48,0.0206,0.0000,0,collision,
4777,362,-227.10,6.55,1315.29,0.0055,0.0306,0,collision,
4778,49,-149.71,14.58,9.45,0.0408,0.0137,0,collision,
4779,158,-223.43,9.05,147.69,0.0127,0.0223,0,collision,
4780,54,-155.56,10.32,294.13,0.0000,0.1797,0,collision,
4781,53,-146.00,12.75,192.02,0.0000,0.0644,0,collision,
4782,201,-82.03,8.43,545.19,0.0100,0.0216,0,collision,
4783,118,-231.83,4.20,592.28,0.0000,0.0537,0,collision,
4784,184,-49.44,10.85,445.41,0.0109,0.0172,0,collision,
4785,76,-172.36,8.89,301.86,0.0000,0.0638,0,collision,
4786,89,-152.89,9.41,268.12,0.0225,0.2500,0,collision,
4787,170,-295.59,3.82,537.60,0.0000,0.0959,0,collision,
4788,327,302.68,6.96,1249.42,0.0000,0.0049,1,goal,
4789,281,-100.30,10.88,367.72,0.0000,0.0245,0,collision,
4790,419,195.49,5.96,1618.82,0.0000,0.0436,1,goal,
4791,88,-182.94,4.76,266.04,0.0000,0.0191,0,collision,
4792,333,-320.87,6.22,765.65,0.0000,0.0068,0,collision,
4793,112,-163.74,11.52,297.08,0.0000,0.0221,0,collision,
4794,241,340.89,10.32,881.80,0.0000,0.0518,1,goal,
4795,46,-182.88,4.93,187.97,0.0000,0.0067,0,collision,
2161,117,-94.24,12.38,176.39,0.0000,0.0133,0,collision,
2162,146,-131.01,7.78,611.52,0.0000,0.0220,0,collision,
2163,104,-91.46,12.28,195.59,0.0000,0.0163,0,collision,
2164,397,249.33,5.62,1782.89,0.0000,0.0149,1,goal,
2165,275,301.98,8.48,730.22,0.0000,0.1305,1,goal,
2166,324,260.49,6.94,1040.47,0.0000,0.0096,1,goal,
2167,29,-188.72,3.85,146.32,0.0000,0.0000,0,collision,
2168,50,-152.00,16.87,22.22,0.0000,0.0479,0,collision,
2169,161,-161.28,7.94,785.55,0.0000,0.0769,0,collision,
2170,7,-204.27,1.19,11.98,0.0000,0.0000,0,collision,
4796,140,-341.26,1.19,181.77,0.0143,0.2887,0,collision,
4797,320,274.50,7.99,1055.79,0.0000,0.0029,1,goal,
4798,111,-82.36,13.47,501.30,0.0000,0.0153,0,collision,
4799,202,379.75,12.02,715.83,0.0000,0.0000,1,goal,
4800,240,398.52,11.85,382.07,0.0000,0.0314,1,goal,
4801,53,-153.11,16.58,-48.36,0.0377,0.0248,0,collision,
4802,52,-137.95,20.09,2.22,0.0000,0.0221,0,collision,
4803,297,356.45,8.30,1163.68,0.0000,0.0066,1,goal,
4804,10,-205.08,1.25,15.57,0.2000,0.0000,0,collision,
4805,76,-146.83,15.89,78.35,0.0000,0.0214,0,collision,
4806,167,-46.44,11.29,431.45,0.0000,0.0154,0,collision,
4807,37,-168.97,9.37,103.06,0.0541,0.0474,0,collision,
4808,254,421.57,11.71,320.06,0.0000,0.0177,1,goal,
4809,10,-189.86,8.17,89.00,0.0000,0.0000,0,collision,
4810,37,-187.46,6.40,277.16,0.0000,0.0100,0,collision,
4811,357,-253.32,5.09,985.87,0.0056,0.0462,0,collision,
4812,379,385.48,6.12,1803.82,0.0000,0.0253,1,goal,
4813,341,293.96,7.29,929.90,0.0000,0.0592,1,goal,
4814,138,-203.47,7.11,670.94,0.0000,0.0000,0,collision,
4815,101,-174.01,3.68,438.89,0.0000,0.0341,0,collision,
4816,224,-104.82,7.01,1264.16,0.0000,0.0064,0,collision,
4817,252,-187.39,6.67,859.71,0.0000,0.0372,0,collision,
2171,170,328.27,13.40,278.36,0.0000,0.0060,1,goal,
2172,237,345.92,11.09,603.80,0.0000,0.0000,1,goal,
2173,437,186.03,5.93,1634.32,0.0000,0.0262,1,goal,
2174,269,-217.88,8.07,220.52,0.0074,0.1200,0,collision,
2175,45,-142.70,18.25,-55.72,0.0000,0.0524,0,collision,
2176,271,324.77,8.32,920.76,0.0000,0.0291,1,goal,
2177,83,-189.95,6.01,420.73,0.0000,0.1153,0,collision,
2178,80,-151.10,6.72,367.57,0.0250,0.0373,0,collision,
2179,78,-141.95,9.11,278.95,0.0000,0.0494,0,collision,
2180,70,-200.60,4.28,223.55,0.0286,0.2406,0,collision,
4818,337,-98.02,6.61,1657.45,0.0000,0.0087,0,collision,
4819,219,-259.19,3.92,989.46,0.0091,0.0112,0,collision,
4820,57,-182.68,5.62,143.73,0.0351,0.0079,0,collision,
4821,83,-133.20,11.48,232.31,0.0241,0.0820,0,collision,
4822,50,-154.18,12.67,82.16,0.0400,0.0345,0,collision,
4823,200,-166.81,9.77,539.41,0.0000,0.0133,0,collision,
4824,175,-133.84,9.62,379.41,0.0000,0.0000,0,collision,
4825,126,-247.08,3.85,545.40,0.0000,0.0076,0,collision,
4826,61,-217.78,7.55,141.80,0.0328,0.0340,0,collision,
4827,143,331.66,15.89,187.85,0.0000,0.0089,1,goal,
4828,79,-127.22,11.93,421.58,0.0000,0.0257,0,collision,
4829,292,-235.98,6.90,1039.83,0.0068,0.0227,0,collision,
4830,17,-210.45,1.14,21.10,0.0000,0.0000,0,collision,
4831,112,-224.56,2.42,306.56,0.0179,0.1035,0,collision,
4832,250,272.86,9.20,977.13,0.0000,0.0091,1,goal,
4833,23,-176.15,10.75,111.45,0.0000,0.1281,0,collision,
4834,278,-38.13,8.40,1456.14,0.0072,0.0404,0,collision,
4835,70,-127.99,14.05,39.08,0.0000,0.0468,0,collision,
4836,183,362.59,15.03,35.63,0.0000,0.0391,1,goal,
4837,142,-195.02,9.66,461.45,0.0000,0.0109,0,collision,
4838,45,-154.66,11.57,149.93,0.0000,0.1264,0,collision,
4839,262,384.42,9.88,1030.48,0.0000,0.0004,1,goal,
4840,134,-77.85,13.92,431.94,0.0000,0.0379,0,collision,
4841,222,379.56,12.78,411.33,0.0000,0.0071,1,goal,
4842,335,262.84,6.20,1319.42,0.0000,0.0000,1,goal,
4843,47,-159.39,7.14,294.21,0.0000,0.0000,0,collision,
4844,47,-143.99,18.02,0.19,0.0426,0.0413,0,collision,
4845,39,-205.06,2.88,151.08,0.0000,0.0000,0,collision,
4846,164,-54.83,11.54,806.00,0.0122,0.0123,0,collision,
4847,113,-68.32,16.13,370.68,0.0177,0.0131,0,collision,
2181,116,-229.82,5.33,460.68,0.0000,0.0088,0,collision,
2182,239,-25.91,8.78,590.73,0.0000,0.0079,0,collision,
2183,242,354.40,10.49,807.91,0.0000,0.0012,1,goal,
2184,151,-65.14,10.30,726.65,0.0132,0.1025,0,collision,
2185,27,-170.18,12.13,105.42,0.0000,0.0913,0,collision,
2186,44,-195.89,6.33,331.50,0.0455,0.0545,0,collision,
2187,42,-173.10,6.29,244.87,0.0000,0.0000,0,collision,
2188,2,-200.34,1.04,2.51,0.0000,0.2381,0,collision,
2189,109,-59.33,23.31,-48.51,0.0000,0.1013,0,collision,
2190,237,310.74,12.17,759.90,0.0000,0.0250,1,goal,
4848,278,-196.92,7.95,224.95,0.0072,0.0026,0,collision,
4849,188,406.21,14.62,200.01,0.0000,0.0436,1,goal,
4850,241,370.72,9.51,1021.74,0.0000,0.0030,1,goal,
4851,282,301.35,8.05,952.33,0.0000,0.0048,1,goal,
4852,127,-229.08,5.12,546.03,0.0000,0.0372,0,collision,
4853,346,332.87,8.06,1309.79,0.0000,0.0389,1,goal,
4854,58,-173.98,11.50,282.81,0.0345,0.0000,0,collision,
4855,418,179.95,5.81,1265.38,0.0000,0.0228,1,goal,
4856,234,-104.34,7.19,1161.54,0.0085,0.0050,0,collision,
4857,97,-149.24,5.79,393.41,0.0000,0.0922,0,collision,
4858,149,383.74,18.38,-90.82,0.0000,0.0019,1,goal,
4859,235,299.24,10.47,587.53,0.0000,0.0055,1,goal,
4860,78,-146.88,8.25,392.16,0.0256,0.0889,0,collision,
4861,162,-93.31,10.78,353.91,0.0000,0.0822,0,collision,
4862,38,-154.91,14.62,134.31,0.0526,0.0823,0,collision,
4863,99,305.67,23.37,-121.27,0.0000,0.0100,1,goal,
4864,39,-165.66,15.13,77.82,0.0000,0.0606,0,collision,
4865,61,-166.31,12.91,44.73,0.0000,0.0318,0,collision,
4866,14,-188.96,10.47,69.22,0.1429,0.1274,0,collision,
4867,50,-201.78,9.33,196.49,0.0400,0.0621,0,collision,
4868,28,-167.52,14.96,50.25,0.0000,0.0571,0,collision,
4869,48,-145.90,13.45,184.81,0.0417,0.0609,0,collision,
4870,275,273.35,8.78,764.44,0.0000,0.0000,1,goal,
4871,79,-155.18,9.36,296.01,0.0253,0.0359,0,collision,
4872,40,-145.91,20.55,-33.79,0.0500,0.0144,0,collision,
4873,220,313.01,11.23,576.19,0.0000,0.0170,1,goal,
4874,22,-189.05,9.10,283.12,0.0000,0.0000,0,collision,
4875,33,-173.68,6.97,256.75,0.0000,0.1013,0,collision,
4876,136,-54.89,15.14,449.45,0.0000,0.0137,0,collision,
4877,92,-81.78,19.58,34.11,0.0000,0.0037,0,collision,
4878,13,-198.45,2.68,42.58,0.0000,0.0572,0,collision,
2191,73,-155.23,8.35,208.96,0.0000,0.0000,0,collision,
2192,173,-170.64,8.90,223.58,0.0116,0.0547,0,collision,
2193,140,-115.00,6.99,563.38,0.0088,0.0061,0,collision,
2194,56,-152.06,12.36,71.99,0.0018,0.0867,0,collision,
2195,209,0.49,13.71,522.14,0.0000,0.0045,0,collision,
2196,184,383.03,15.47,433.00,0.0000,0.0000,1,goal,
2197,250,367.97,9.06,1159.48,0.0000,0.0040,1,goal,
2198,202,29.58,11.83,648.43,0.0000,0.0069,0,collision,
2199,13,-206.57,2.14,31.40,0.0000,0.0000,0,collision,
2200,118,-110.63,16.17,-32.48,0.0169,0.0084,0,collision,
4879,252,-377.13,1.90,530.93,0.0079,0.0105,0,collision,
4880,166,-103.57,12.56,385.20,0.0000,0.0080,0,collision,
4881,264,384.48,11.17,514.10,0.0000,0.0756,1,goal,
4882,29,-176.57,12.37,54.96,0.0000,0.0893,0,collision,
4883,44,-181.35,14.28,-39.47,0.0000,0.0239,0,collision,
4884,321,414.75,7.00,1645.36,0.0000,0.0225,1,goal,
4885,271,-20.26,8.13,1134.20,0.0000,0.0506,0,collision,
4886,68,-176.96,7.23,100.48,0.0294,0.0530,0,collision,
4887,12,-199.70,4.15,58.29,0.1667,0.0000,0,collision,
4888,142,-173.69,6.54,579.79,0.0000,0.0000,0,collision,
4889,93,-127.78,13.82,154.13,0.0215,0.1036,0,collision,
4890,313,355.91,8.46,1126.98,0.0000,0.0765,1,goal,
4891,32,-173.55,5.75,221.76,0.0625,0.0000,0,collision,
4892,329,364.67,9.18,1110.59,0.0000,0.0005,1,goal,
4893,169,-139.37,11.71,504.94,0.0118,0.0000,0,collision,
4894,142,-87.21,7.90,752.70,0.0141,0.0528,0,collision,
4895,351,308.51,6.95,1290.83,0.0000,0.0283,1,goal,
4896,133,346.96,12.30,216.73,0.0000,0.0437,1,goal,
4897,306,368.84,9.00,902.71,0.0000,0.0000,1,goal,
4898,195,-57.49,8.96,992.16,0.0103,0.1089,0,collision,
4899,45,-151.18,15.16,94.87,0.0000,0.0205,0,collision,
4900,373,245.15,5.65,1521.42,0.0000,0.0435,1,goal,
2201,150,326.57,16.34,216.96,0.0000,0.0021,1,goal,
2202,148,-142.80,11.49,149.38,0.0000,0.0192,0,collision,
2203,63,-187.50,3.21,233.55,0.0317,0.0000,0,collision,
2204,130,-130.11,5.29,652.33,0.0000,0.0161,0,collision,
2205,85,-112.71,24.73,-220.00,0.0000,0.0138,0,collision,
2206,105,-216.49,4.39,492.37,0.0190,0.0093,0,collision,
2207,227,342.15,10.26,604.86,0.0000,0.0084,1,goal,
2208,214,-177.36,7.05,711.47,0.0093,0.0076,0,collision,
2209,251,336.57,9.73,779.81,0.0000,0.0030,1,goal,
2210,105,-73.95,17.55,-167.79,0.0190,0.0227,0,collision,
4901,501,-590.35,2.20,603.43,0.0000,0.0000,0,collision,
4902,289,360.64,8.25,1352.70,0.0000,0.0353,1,goal,
4903,35,-177.24,7.74,186.87,0.0571,0.0252,0,collision,
4904,48,-148.42,17.25,-64.60,0.0417,0.0220,0,collision,
4905,123,-131.65,6.34,629.71,0.0163,0.0000,0,collision,
4906,53,-150.01,21.26,-32.18,0.0377,0.0192,0,collision,
4907,320,399.28,9.05,1322.97,0.0000,0.0111,1,goal,
4908,51,-169.15,16.44,-42.35,0.0000,0.0593,0,collision,
4909,211,-93.37,8.03,918.59,0.0095,0.0105,0,collision,
4910,83,-152.66,6.13,599.08,0.0000,0.0081,0,collision,
4911,43,-154.51,9.68,255.86,0.0465,0.0000,0,collision,
4912,308,289.76,9.17,865.75,0.0000,0.0000,1,goal,
4913,197,367.23,14.13,-30.48,0.0000,0.0176,1,goal,
4914,86,-160.12,13.84,31.81,0.0000,0.0566,0,collision,
4915,139,-229.47,5.95,273.30,0.0069,0.0773,0,collision,
4916,38,-153.84,14.39,27.73,0.0000,0.0486,0,collision,
4917,289,386.34,9.01,1123.50,0.0000,0.0077,1,goal,
4918,198,393.49,13.35,514.85,0.0000,0.0000,1,goal,
4919,258,324.46,9.52,181.47,0.0000,0.0759,1,goal,
4920,67,-153.59,12.37,13.55,0.0135,0.1143,0,collision,
4921,228,356.16,10.81,627.85,0.0000,0.0000,1,goal,
4922,45,-141.61,21.74,-45.23,0.0444,0.0307,0,collision,
4923,12,-193.10,3.25,44.90,0.0000,0.0000,0,collision,
4924,131,-43.50,16.26,473.93,0.0000,0.0090,0,collision,
4925,228,-54.52,9.46,942.44,0.0088,0.0401,0,collision,
4926,61,-146.29,12.20,93.64,0.0000,0.0642,0,collision,
4927,6,-199.52,1.80,12.13,0.0000,0.0000,0,collision,
4928,102,-98.08,13.69,221.13,0.0000,0.0054,0,collision,
2211,126,387.58,22.49,-236.26,0.0000,0.0075,1,goal,
2212,266,-191.96,3.66,946.54,0.0000,0.1147,0,collision,
2213,427,195.57,5.77,1540.14,0.0000,0.0261,1,goal,
2214,58,-181.45,9.98,141.34,0.0345,0.0628,0,collision,
2215,288,250.03,7.83,962.71,0.0000,0.0101,1,goal,
2216,106,-228.44,5.85,174.96,0.0189,0.0833,0,collision,
2217,9,-205.02,0.86,5.71,0.0000,0.0000,0,collision,
2218,355,-118.65,6.46,1031.10,0.0000,0.0971,0,collision,
2219,400,418.05,6.52,1651.56,0.0000,0.0261,1,goal,
2220,203,-85.46,12.37,261.25,0.0099,0.0383,0,collision,
4929,277,-350.59,4.30,500.44,0.0072,0.0357,0,collision,
4930,60,-180.83,4.60,349.14,0.0000,0.0329,0,collision,
4931,215,353.88,10.52,335.26,0.0000,0.0066,1,goal,
4932,167,-150.68,8.65,857.31,0.0000,0.0033,0,collision,
4933,175,-190.75,5.32,385.87,0.0000,0.1523,0,collision,
4934,60,-180.31,12.88,231.11,0.0000,0.0000,0,collision,
4935,222,384.61,12.88,602.77,0.0000,0.0083,1,goal,
4936,143,-156.28,7.23,697.50,0.0140,0.0422,0,collision,
4937,43,-183.66,4.29,216.72,0.0465,0.0000,0,collision,
4938,178,371.68,16.09,230.53,0.0000,0.0000,1,goal,
4939,115,-239.17,5.74,220.63,0.0000,0.1191,0,collision,
4940,233,382.37,12.16,591.89,0.0000,0.0135,1,goal,
4941,433,68.86,5.83,744.53,0.0000,0.0643,1,goal,
4942,18,-192.84,13.97,57.68,0.0000,0.1533,0,collision,
4943,251,333.76,9.81,908.99,0.0000,0.0046,1,goal,
4944,148,-127.37,5.77,810.62,0.0135,0.0281,0,collision,
4945,419,284.49,5.90,1349.78,0.0000,0.0065,1,goal,
4946,161,-282.96,4.56,362.56,0.0000,0.0323,0,collision,
4947,181,-85.54,11.86,507.72,0.0000,0.0473,0,collision,
4948,173,-75.70,8.26,723.01,0.0000,0.0154,0,collision,
4949,84,-150.42,12.85,55.97,0.0000,0.0440,0,collision,
4950,115,-230.43,4.79,529.79,0.0174,0.0257,0,collision,
2221,194,384.33,14.14,230.74,0.0000,0.0000,1,goal,
2222,69,-159.54,9.77,172.09,0.0290,0.0277,0,collision,
2223,351,351.66,6.14,1262.16,0.0000,0.0232,1,goal,
2224,305,239.75,6.85,830.47,0.0000,0.0000,1,goal,
2225,197,419.01,14.39,56.80,0.0000,0.0027,1,goal,
2226,175,-60.25,8.98,612.93,0.0000,0.0107,0,collision,
2227,105,-234.74,5.49,318.38,0.0000,0.0792,0,collision,
2228,159,-179.19,4.21,445.16,0.0126,0.0786,0,collision,
2229,72,-185.26,6.98,91.73,0.0278,0.1131,0,collision,
2230,23,-213.71,1.40,35.11,0.0870,0.0698,0,collision,
4951,450,-336.23,4.18,1623.47,0.0000,0.0101,0,collision,
4952,290,279.17,8.60,692.96,0.0000,0.0198,1,goal,
4953,302,382.35,7.66,1188.62,0.0000,0.0034,1,goal,
4954,187,362.22,13.20,527.89,0.0000,0.0000,1,goal,
4955,251,466.69,11.28,998.65,0.0000,0.0189,1,goal,
4956,199,-85.87,10.67,247.81,0.0101,0.0156,0,collision,
4957,111,-138.19,7.54,419.99,0.0000,0.0939,0,collision,
4958,380,12.88,6.38,1560.85,0.0053,0.0017,0,collision,
4959,379,201.15,6.50,1099.81,0.0000,0.0180,1,goal,
4960,30,-208.21,1.37,44.38,0.0000,0.0000,0,collision,
4961,330,-98.87,7.48,1626.66,0.0000,0.0121,0,collision,
4962,211,-83.04,10.72,609.52,0.0000,0.0211,0,collision,
4963,104,-73.94,15.09,190.42,0.0000,0.0150,0,collision,
4964,341,320.81,8.55,1405.35,0.0000,0.0000,1,goal,
4965,91,-169.65,5.88,231.00,0.0000,0.0000,0,collision,
4966,79,-115.82,14.38,-97.29,0.0000,0.0306,0,collision,
4967,241,-155.09,5.36,525.75,0.0083,0.0761,0,collision,
4968,67,-170.60,9.90,537.90,0.0263,0.0257,0,collision,
4969,45,-206.58,2.50,126.01,0.0000,0.2654,0,collision,
4970,132,367.67,21.43,-139.96,0.0000,0.0018,1,goal,
2231,152,-174.94,12.06,386.96,0.0132,0.0000,0,collision,
2232,197,297.09,12.06,351.64,0.0000,0.0382,1,goal,
2233,82,-105.71,21.91,86.05,0.0000,0.0120,0,collision,
2234,43,-153.08,12.44,173.40,0.0465,0.0000,0,collision,
2235,236,-43.96,11.93,359.95,0.0000,0.0449,0,collision,
2236,207,382.02,11.69,1017.46,0.0000,0.0000,1,goal,
2237,312,324.69,7.56,557.62,0.0000,0.1087,1,goal,
2238,262,278.91,9.53,401.70,0.0000,0.0184,1,goal,
2239,346,328.83,8.81,1096.12,0.0000,0.0233,1,goal,
2240,215,-67.62,7.07,667.52,0.0093,0.0087,0,collision,
4971,119,-115.10,10.64,649.08,0.0168,0.0000,0,collision,
4972,252,379.52,11.36,778.86,0.0000,0.0215,1,goal,
4973,309,273.68,9.25,813.04,0.0000,0.0042,1,goal,
4974,131,-52.27,19.68,203.41,0.0153,0.0000,0,collision,
4975,117,-124.10,9.56,260.48,0.0000,0.0918,0,collision,
4976,113,-88.17,10.47,577.33,0.0000,0.0000,0,collision,
4977,278,-39.50,8.68,661.43,0.0000,0.0755,0,collision,
4978,261,332.70,9.76,782.94,0.0000,0.0096,1,goal,
4979,180,-91.27,7.58,646.66,0.0111,0.0486,0,collision,
4980,171,-96.67,8.78,820.19,0.0117,0.0084,0,collision,
4981,185,406.79,15.31,193.43,0.0000,0.0062,1,goal,
4982,11,-191.91,4.38,60.84,0.0000,0.0606,0,collision,
4983,42,-185.72,8.52,44.85,0.0476,0.3349,0,collision,
4984,318,-221.25,6.96,737.07,0.0000,0.0085,0,collision,
4985,462,-275.87,4.62,1375.90,0.0043,0.0002,0,collision,
4986,314,233.82,7.20,708.01,0.0000,0.0000,1,goal,
4987,390,241.98,6.21,1831.15,0.0000,0.0060,1,goal,
4988,63,-184.17,4.43,314.99,0.0000,0.1815,0,collision,
4989,251,331.65,10.47,603.45,0.0000,0.0102,1,goal,
2241,239,-95.66,7.55,987.18,0.0000,0.0052,0,collision,
2242,143,-295.18,4.72,244.28,0.0000,0.1009,0,collision,
2243,188,-368.76,3.16,234.27,0.0106,0.0087,0,collision,
2244,331,303.37,7.82,1152.23,0.0000,0.0046,1,goal,
2245,161,345.09,14.13,346.30,0.0000,0.0000,1,goal,
2246,303,347.04,9.29,946.99,0.0000,0.0000,1,goal,
2247,371,225.60,7.72,1096.52,0.0000,0.0221,1,goal,
2248,59,-184.54,9.66,310.23,0.0339,0.0128,0,collision,
2249,164,-154.47,8.37,309.30,0.0000,0.0254,0,collision,
2250,274,411.68,8.19,1063.26,0.0000,0.0165,1,goal,
4990,467,188.54,7.07,1563.46,0.0000,0.0528,1,goal,
4991,61,-203.67,4.42,307.38,0.0000,0.0000,0,collision,
4992,50,-162.63,13.43,-49.03,0.0000,0.0294,0,collision,
4993,197,-70.36,11.35,643.41,0.0000,0.0028,0,collision,
4994,150,-217.21,5.12,653.98,0.0133,0.0006,0,collision,
4995,160,381.32,15.36,354.70,0.0000,0.0164,1,goal,
4996,183,293.89,12.22,-4.95,0.0000,0.0612,1,goal,
4997,287,214.85,7.96,684.71,0.0000,0.0356,1,goal,
4998,551,94.57,5.00,1560.11,0.0000,0.0252,1,goal,
4999,175,374.05,16.83,38.97,0.0000,0.0025,1,goal,
5000,355,-210.63,5.48,1447.37,0.0000,0.0183,0,collision,
5001,293,-208.71,7.54,666.81,0.0000,0.0072,0,collision,
5002,67,-203.30,6.32,335.31,0.0299,0.0000,0,collision,
5003,56,-141.33,18.99,-22.53,0.0357,0.0429,0,collision,
5004,105,-166.90,7.70,380.74,0.0000,0.0780,0,collision,
5005,14,-190.23,4.79,86.13,0.1429,0.1341,0,collision,
5006,264,-270.93,5.55,836.39,0.0000,0.0101,0,collision,
5007,54,-158.63,11.72,151.78,0.0000,0.0377,0,collision,
5008,138,317.62,18.52,215.88,0.0000,0.0054,1,goal,
5009,376,84.45,7.51,350.96,0.0000,0.1040,1,goal,
5010,70,-197.15,3.62,288.58,0.0286,0.0000,0,collision,
2251,252,12.65,11.75,962.29,0.0079,0.0038,0,collision,
2252,380,230.59,7.22,1092.30,0.0000,0.0215,1,goal,
2253,249,424.01,11.40,585.37,0.0000,0.0178,1,goal,
2254,148,-52.05,17.13,93.93,0.0043,0.0096,0,collision,
2255,72,-207.38,3.56,228.55,0.0000,0.0000,0,collision,
2256,262,-319.56,5.97,466.99,0.0000,0.0055,0,collision,
2257,71,-193.11,3.44,242.05,0.0000,0.0000,0,collision,
2258,255,-179.90,8.27,603.06,0.0000,0.0171,0,collision,
2259,180,-118.95,5.47,1009.91,0.0000,0.0052,0,collision,
2260,230,-31.78,9.02,946.11,0.0087,0.0000,0,collision,
5011,555,-305.48,5.98,1621.50,0.0000,0.0741,0,collision,
5012,132,-75.95,14.54,303.74,0.0000,0.0093,0,collision,
5013,210,-4.49,10.58,732.01,0.0000,0.0096,0,collision,
5014,397,373.32,7.66,1552.31,0.0000,0.0167,1,goal,
5015,78,-106.93,15.51,31.38,0.0144,0.0000,0,collision,
5016,240,-179.04,6.04,740.30,0.0000,0.0110,0,collision,
5017,56,-170.13,12.04,37.66,0.0000,0.0524,0,collision,
5018,173,-126.18,9.08,341.94,0.0116,0.0159,0,collision,
5019,22,-205.25,1.86,44.96,0.0000,0.0345,0,collision,
5020,58,-198.73,5.90,408.06,0.0000,0.0031,0,collision,
5021,27,-174.79,10.16,203.91,0.0741,0.0485,0,collision,
5022,123,-166.75,5.11,354.50,0.0163,0.0454,0,collision,
5023,50,-153.21,12.94,86.29,0.0000,0.0274,0,collision,
5024,206,410.89,13.82,486.33,0.0000,0.0045,1,goal,
5025,106,-84.92,14.68,174.60,0.0189,0.0127,0,collision,
5026,20,-177.58,15.04,46.23,0.0000,0.0484,0,collision,
5027,315,180.04,8.28,438.02,0.0000,0.0288,1,goal,
5028,204,-122.04,12.07,133.53,0.0098,0.0269,0,collision,
5029,132,-125.40,7.56,437.87,0.0152,0.0000,0,collision,
5030,334,282.16,6.77,1469.71,0.0000,0.1342,1,goal,
5031,58,-142.77,14.38,-22.80,0.0345,0.0370,0,collision,
5032,96,-138.91,8.73,169.80,0.0000,0.0948,0,collision,
5033,137,-176.87,7.96,472.25,0.0146,0.0000,0,collision,
5034,143,-216.02,9.47,339.30,0.0000,0.0109,0,collision,
2261,387,-202.73,5.36,1079.24,0.0052,0.0933,0,collision,
2262,106,-213.69,6.19,401.07,0.0000,0.0148,0,collision,
2263,158,-333.31,2.09,362.94,0.0127,0.0045,0,collision,
2264,561,12.39,4.07,1721.85,0.0000,0.0018,1,goal,
2265,27,-187.16,4.48,161.87,0.0741,0.0000,0,collision,
2266,33,-183.39,4.03,150.47,0.0606,0.0000,0,collision,
2267,176,-66.27,9.25,1240.97,0.0114,0.0425,0,collision,
2268,158,-281.75,6.03,320.05,0.0000,0.2056,0,collision,
2269,350,-19.21,6.12,1666.25,0.0000,0.0048,0,collision,
2270,332,350.83,7.55,1337.98,0.0000,0.0000,1,goal,
5035,583,-439.11,4.19,1652.36,0.0000,0.0073,0,collision,
5036,234,411.87,10.87,754.23,0.0000,0.0050,1,goal,
5037,363,392.57,7.05,1386.76,0.0000,0.0467,1,goal,
5038,142,-306.19,4.19,101.46,0.0000,0.0000,0,collision,
5039,81,-161.60,8.55,62.61,0.0000,0.2464,0,collision,
5040,450,234.69,6.10,1333.84,0.0000,0.0811,1,goal,
5041,184,-78.26,7.47,678.05,0.0109,0.0340,0,collision,
5042,78,-158.76,5.69,272.54,0.0256,0.0000,0,collision,
5043,591,-507.17,3.34,1924.74,0.0000,0.0323,0,collision,
5044,358,-35.75,6.72,1312.92,0.0000,0.0157,0,collision,
5045,270,-349.75,3.16,746.06,0.0000,0.0224,0,collision,
5046,328,261.71,8.67,683.45,0.0000,0.0007,1,goal,
5047,361,260.76,6.43,725.90,0.0000,0.0057,1,goal,
5048,324,-429.44,2.59,905.82,0.0062,0.0344,0,collision,
2271,326,356.33,8.31,1322.04,0.0000,0.0065,1,goal,
2272,199,-204.20,5.72,750.24,0.0101,0.0244,0,collision,
2273,456,-305.36,4.52,1941.91,0.0000,0.0175,0,collision,
2274,165,-55.05,11.95,151.60,0.0121,0.0309,0,collision,
2275,106,-153.95,5.14,450.47,0.0000,0.0079,0,collision,
2276,401,135.91,5.66,991.35,0.0000,0.0000,1,goal,
2277,330,321.81,8.42,687.79,0.0000,0.0385,1,goal,
2278,256,401.52,10.07,613.71,0.0000,0.0208,1,goal,
2279,69,-155.36,7.35,297.29,0.0290,0.0000,0,collision,
2280,137,-76.31,11.05,247.65,0.0000,0.0272,0,collision,
5049,362,-160.15,7.13,1019.12,0.0055,0.0064,0,collision,
5050,277,454.79,10.11,967.05,0.0000,0.0000,1,goal,
5051,437,-225.50,4.54,1488.49,0.0046,0.0207,0,collision,
5052,307,324.86,7.90,1229.99,0.0000,0.0030,1,goal,
5053,121,-124.52,5.68,723.39,0.0165,0.0188,0,collision,
5054,440,-455.86,4.60,746.58,0.0045,0.0072,0,collision,
5055,161,404.75,17.32,261.56,0.0000,0.0000,1,goal,
5056,354,326.45,7.77,1204.06,0.0000,0.0411,1,goal,
5057,221,-156.99,5.36,991.74,0.0090,0.0161,0,collision,
5058,88,-149.25,6.40,423.40,0.0227,0.0257,0,collision,
5059,402,272.23,7.06,1525.56,0.0000,0.0044,1,goal,
5060,25,-201.67,4.32,123.20,0.0000,0.0000,0,collision,
5061,430,230.87,5.22,1901.86,0.0000,0.0214,1,goal,
5062,470,238.83,5.95,1983.67,0.0000,0.0075,1,goal,
2281,96,-205.77,3.57,391.42,0.0000,0.0310,0,collision,
2282,158,358.64,14.45,411.12,0.0000,0.0401,1,goal,
2283,72,-220.36,5.00,293.82,0.0278,0.0071,0,collision,
2284,614,53.52,4.48,2057.77,0.0000,0.0274,1,goal,
2285,54,-200.47,5.09,154.39,0.0000,0.3348,0,collision,
2286,195,-93.02,9.16,719.37,0.0000,0.0252,0,collision,
2287,261,-104.95,5.82,942.39,0.0000,0.0142,0,collision,
2288,477,236.25,6.31,1678.08,0.0000,0.0419,1,goal,
2289,231,329.54,10.09,686.31,0.0000,0.0012,1,goal,
2290,137,-182.31,4.73,689.29,0.0146,0.2030,0,collision,
5063,636,-430.92,3.83,977.20,0.0000,0.0040,0,collision,
5064,369,-336.34,3.53,1246.67,0.0054,0.0623,0,collision,
5065,244,-263.78,5.71,536.21,0.0000,0.0093,0,collision,
5066,167,-167.85,4.93,734.09,0.0120,0.0000,0,collision,
5067,307,194.90,7.49,926.59,0.0000,0.0005,1,goal,
5068,149,-132.66,8.59,603.67,0.0000,0.0284,0,collision,
5069,17,-194.19,2.85,56.36,0.1176,0.0000,0,collision,
5070,137,-90.49,17.41,297.70,0.0146,0.0323,0,collision,
5071,341,-207.42,6.77,842.92,0.0000,0.0090,0,collision,
5072,225,362.33,12.10,355.53,0.0000,0.0035,1,goal,
5073,179,-70.52,14.92,463.24,0.0000,0.0034,0,collision,
5074,239,-170.31,5.59,646.92,0.0084,0.0420,0,collision,
5075,408,-517.27,3.23,766.17,0.0000,0.0164,0,collision,
5076,307,-154.29,8.23,727.88,0.0065,0.0046,0,collision,
5077,187,-40.23,12.99,902.86,0.0107,0.0479,0,collision,
5078,93,-167.26,13.21,130.05,0.0000,0.0104,0,collision,
5079,282,451.29,9.27,1697.38,0.0000,0.0322,1,goal,
2291,192,342.21,13.30,365.85,0.0000,0.0184,1,goal,
2292,182,-96.73,15.30,344.42,0.0000,0.0049,0,collision,
2293,47,-149.40,14.54,-21.20,0.0000,0.0222,0,collision,
2294,202,-99.84,8.43,880.55,0.0090,0.0162,0,collision,
2295,187,-326.52,3.49,399.80,0.0107,0.0145,0,collision,
2296,83,-177.36,9.62,276.87,0.0241,0.0663,0,collision,
2297,89,-138.77,9.56,366.28,0.0000,0.0968,0,collision,
2298,178,-58.68,10.59,405.18,0.0112,0.0117,0,collision,
2299,135,-83.44,9.02,707.09,0.0148,0.0330,0,collision,
2300,58,-164.65,9.65,30.64,0.0000,0.0282,0,collision,
5080,113,-214.94,8.27,235.73,0.0000,0.1236,0,collision,
5081,49,-154.75,10.52,191.37,0.0408,0.1139,0,collision,
5082,119,-97.20,11.45,203.31,0.0000,0.0234,0,collision,
5083,74,-144.50,16.68,-22.77,0.0000,0.0162,0,collision,
5084,14,-201.89,3.41,53.98,0.1429,0.0000,0,collision,
5085,78,-158.52,14.19,216.57,0.0256,0.0280,0,collision,
5086,30,-165.00,15.88,13.76,0.0000,0.0574,0,collision,
5087,78,-150.55,14.15,177.57,0.0256,0.0296,0,collision,
5088,108,-160.64,6.36,232.40,0.0185,0.0603,0,collision,
5089,41,-204.29,8.81,85.62,0.0000,0.0649,0,collision,
5090,179,-52.59,11.27,240.32,0.0000,0.0200,0,collision,
5091,45,-147.58,21.74,1.66,0.0000,0.0345,0,collision,
5092,224,243.01,10.03,342.96,0.0000,0.0332,1,goal,
5093,34,-164.17,14.68,14.74,0.0000,0.1027,0,collision,
5094,37,-173.24,8.79,241.78,0.0541,0.0000,0,collision,
5095,242,-153.97,7.30,1124.16,0.0083,0.0016,0,collision,
5096,316,-199.52,6.96,1021.42,0.0063,0.0000,0,collision,
5097,149,-250.93,10.18,182.69,0.0134,0.0044,0,collision,
5098,76,-113.48,16.66,-25.74,0.0263,0.0553,0,collision,
5099,72,-133.21,10.77,175.18,0.0278,0.0551,0,collision,
5100,41,-203.20,6.46,103.98,0.0488,0.5811,0,collision,
5101,275,367.80,10.34,644.60,0.0000,0.0234,1,goal,
5102,87,-114.39,11.60,261.62,0.0230,0.0262,0,collision,
5103,135,-83.17,13.20,280.64,0.0148,0.0291,0,collision,
5104,220,-71.61,8.68,867.13,0.0091,0.0000,0,collision,
5105,389,330.08,7.48,1547.22,0.0000,0.0116,1,goal,
5106,283,355.85,9.16,582.02,0.0000,0.0164,1,goal,
5107,261,-114.58,8.61,930.90,0.0000,0.0040,0,collision,
5108,292,441.41,8.81,1326.19,0.0000,0.0237,1,goal,
2301,293,-175.44,8.06,624.55,0.0037,0.0134,0,collision,
2302,313,394.80,8.90,1163.69,0.0000,0.0354,1,goal,
2303,79,-207.29,7.14,193.93,0.0253,0.0765,0,collision,
2304,342,-300.76,4.65,1190.84,0.0000,0.0072,0,collision,
2305,12,-209.07,1.52,20.07,0.1667,0.0000,0,collision,
2306,166,-66.46,10.59,527.01,0.0120,0.0633,0,collision,
2307,144,-115.93,6.66,745.34,0.0000,0.0538,0,collision,
2308,286,-229.19,8.89,351.21,0.0070,0.0331,0,collision,
2309,266,308.42,9.28,801.19,0.0000,0.0000,1,goal,
2310,54,-159.94,11.76,30.30,0.0370,0.1744,0,collision,
5109,128,-152.94,11.57,261.28,0.0000,0.0458,0,collision,
5110,322,-97.91,6.55,884.35,0.0000,0.0220,0,collision,
5111,266,-98.21,8.41,841.40,0.0075,0.0474,0,collision,
5112,420,249.02,6.79,1526.73,0.0000,0.0167,1,goal,
5113,44,-151.69,15.30,-5.92,0.0000,0.0416,0,collision,
5114,95,-105.18,21.92,-5.54,0.0211,0.0275,0,collision,
5115,183,300.90,12.97,4.52,0.0000,0.0154,1,goal,
5116,153,-195.75,10.52,205.29,0.0000,0.0176,0,collision,
5117,48,-140.92,19.17,-17.75,0.0417,0.0358,0,collision,
5118,145,-99.53,9.00,293.01,0.0138,0.0154,0,collision,
5119,34,-230.25,1.58,58.76,0.0000,0.0000,0,collision,
5120,135,-278.29,4.45,385.65,0.0000,0.0000,0,collision,
5121,202,385.07,12.41,341.29,0.0000,0.0991,1,goal,
5122,340,-69.22,6.72,999.92,0.0000,0.0159,0,collision,
5123,289,-216.37,6.25,876.64,0.0069,0.0105,0,collision,
5124,403,261.24,5.81,1671.01,0.0000,0.0178,1,goal,
5125,332,319.72,7.44,1057.29,0.0000,0.0675,1,goal,
5126,97,-157.58,13.21,205.10,0.0000,0.0107,0,collision,
5127,404,264.39,7.18,1658.99,0.0000,0.0817,1,goal,
2311,95,-177.04,3.97,395.66,0.0000,0.0000,0,collision,
2312,51,-161.78,6.04,360.29,0.0000,0.0000,0,collision,
2313,463,-218.20,4.52,1656.45,0.0000,0.0287,0,collision,
2314,287,342.41,8.74,863.51,0.0000,0.0061,1,goal,
2315,66,-209.19,7.89,104.46,0.0303,0.0469,0,collision,
2316,397,-93.08,5.27,1228.39,0.0050,0.0138,0,collision,
2317,420,252.63,6.29,1546.28,0.0000,0.0000,1,goal,
2318,150,-276.07,4.36,504.60,0.0133,0.0230,0,collision,
2319,38,-193.22,6.32,205.21,0.0526,0.0000,0,collision,
2320,225,-71.49,7.85,772.86,0.0089,0.0096,0,collision,
5128,362,-134.21,10.94,949.37,0.0055,0.0000,0,collision,
5129,19,-197.41,2.94,62.21,0.0000,0.0210,0,collision,
5130,597,95.91,4.57,1770.88,0.0000,0.0106,1,goal,
5131,500,235.33,5.72,1718.19,0.0000,0.0404,1,goal,
5132,64,-237.71,3.63,201.59,0.0312,0.0364,0,collision,
5133,394,304.54,6.20,1639.57,0.0000,0.0185,1,goal,
5134,323,334.98,6.96,1113.97,0.0000,0.0466,1,goal,
5135,127,-282.66,2.76,357.81,0.0157,0.0187,0,collision,
5136,322,293.05,8.51,931.27,0.0000,0.0060,1,goal,
5137,291,-275.19,4.04,1301.88,0.0069,0.0184,0,collision,
5138,141,-315.88,2.45,318.41,0.0142,0.0026,0,collision,
5139,431,224.55,6.59,1156.97,0.0000,0.0742,1,goal,
5140,275,-162.11,4.03,923.64,0.0000,0.0013,0,collision,
5141,212,-183.72,3.25,806.96,0.0094,0.0076,0,collision,
5142,158,-233.07,4.56,764.72,0.0000,0.0000,0,collision,
2321,203,-112.31,4.85,954.44,0.0099,0.0093,0,collision,
2322,32,-173.40,9.68,141.85,0.0000,0.0000,0,collision,
2323,187,-41.24,14.12,416.20,0.0107,0.0031,0,collision,
2324,350,359.68,6.68,1534.55,0.0000,0.0000,1,goal,
2325,72,-183.62,9.08,262.61,0.0000,0.0145,0,collision,
2326,73,-142.68,11.43,129.06,0.0274,0.0874,0,collision,
2327,250,361.21,11.11,446.96,0.0000,0.0000,1,goal,
2328,185,-170.96,5.04,471.89,0.0108,0.0723,0,collision,
2329,249,345.05,10.67,668.14,0.0000,0.0546,1,goal,
2330,242,386.83,9.28,831.03,0.0000,0.0105,1,goal,
5143,126,-229.79,5.36,406.33,0.0000,0.0587,0,collision,
5144,171,-191.66,8.13,722.29,0.0000,0.0169,0,collision,
5145,258,326.54,9.71,812.31,0.0000,0.0002,1,goal,
5146,52,-174.07,5.33,254.03,0.0385,0.1288,0,collision,
5147,349,-24.38,6.16,1543.01,0.0000,0.0039,0,collision,
5148,76,-155.50,6.94,336.71,0.0000,0.0063,0,collision,
5149,268,-157.12,8.14,866.91,0.0000,0.0283,0,collision,
5150,300,-325.25,4.64,842.50,0.0067,0.0555,0,collision,
5151,82,-181.69,7.07,189.55,0.0244,0.2468,0,collision,
5152,293,226.57,8.14,1033.50,0.0000,0.0008,1,goal,
5153,130,-197.68,3.24,486.66,0.0000,0.0049,0,collision,
5154,95,-90.85,14.32,43.89,0.0000,0.0162,0,collision,
5155,167,374.28,13.51,222.40,0.0000,0.0000,1,goal,
5156,67,-137.09,10.73,272.79,0.0000,0.0496,0,collision,
5157,299,-132.81,6.63,1446.54,0.0067,0.0203,0,collision,
5158,40,-163.59,13.72,45.87,0.0500,0.0585,0,collision,
5159,61,-179.27,9.68,255.12,0.0000,0.0000,0,collision,
5160,104,-147.11,5.56,413.73,0.0192,0.0883,0,collision,
5161,75,-190.80,8.82,249.88,0.0000,0.0773,0,collision,
5162,73,-144.36,7.88,268.64,0.0274,0.0345,0,collision,
5163,419,279.57,5.78,1565.17,0.0000,0.0169,1,goal,
5164,297,391.06,8.38,1307.09,0.0000,0.0396,1,goal,
5165,288,219.82,7.88,927.55,0.0000,0.0227,1,goal,
2331,157,-156.50,7.54,462.13,0.0000,0.0293,0,collision,
2332,324,-297.88,4.89,820.23,0.0062,0.2144,0,collision,
2333,305,404.43,8.44,1165.24,0.0000,0.0168,1,goal,
2334,80,-161.30,8.48,243.39,0.0000,0.2270,0,collision,
2335,100,-149.80,11.55,209.76,0.0200,0.0000,0,collision,
2336,222,320.35,10.32,750.76,0.0000,0.0095,1,goal,
2337,166,-190.08,6.71,667.66,0.0120,0.0519,0,collision,
2338,337,-373.64,4.19,978.59,0.0000,0.0058,0,collision,
2339,298,439.56,9.31,1366.97,0.0000,0.0000,1,goal,
2340,327,394.98,8.59,1560.15,0.0000,0.0000,1,goal,
5166,78,-181.09,15.15,-52.23,0.0000,0.0860,0,collision,
5167,82,-211.44,3.55,262.82,0.0244,0.3063,0,collision,
5168,105,-116.39,15.23,103.18,0.0000,0.0184,0,collision,
5169,316,-214.38,4.11,1337.22,0.0000,0.0477,0,collision,
5170,51,-171.17,5.49,332.31,0.0000,0.0770,0,collision,
5171,63,-158.93,8.62,439.01,0.0317,0.0221,0,collision,
5172,127,-281.27,3.30,329.76,0.0157,0.0104,0,collision,
5173,267,420.26,9.24,1394.69,0.0000,0.0093,1,goal,
5174,51,-228.21,2.69,155.42,0.0000,0.0000,0,collision,
5175,239,336.15,10.53,508.45,0.0000,0.0591,1,goal,
5176,134,-106.02,9.96,248.26,0.0000,0.0139,0,collision,
5177,126,-144.33,12.32,121.59,0.0159,0.1119,0,collision,
5178,308,371.57,8.00,1212.40,0.0000,0.0048,1,goal,
5179,15,-192.16,4.53,90.75,0.1333,0.0203,0,collision,
5180,373,115.98,6.77,775.22,0.0000,0.0118,1,goal,
5181,274,-248.62,5.53,1124.87,0.0073,0.0331,0,collision,
5182,160,291.46,13.37,28.86,0.0000,0.0056,1,goal,
5183,90,-138.61,7.25,664.36,0.0222,0.0685,0,collision,
5184,280,-47.07,5.69,1088.94,0.0026,0.0035,0,collision,
5185,63,-258.29,2.75,201.15,0.0317,0.0156,0,collision,
5186,148,-200.77,5.78,815.58,0.0000,0.0120,0,collision,
5187,53,-189.62,10.34,57.91,0.0000,0.0767,0,collision,
5188,355,173.24,6.50,1116.28,0.0000,0.0523,1,goal,
5189,209,15.70,13.12,420.82,0.0096,0.0156,0,collision,
2341,618,-97.28,3.73,1955.74,0.0000,0.0155,1,goal,
2342,466,333.26,6.16,1788.58,0.0000,0.0525,1,goal,
2343,512,337.06,5.61,1690.85,0.0000,0.0687,1,goal,
2344,323,381.61,6.97,1930.51,0.0000,0.0000,1,goal,
2345,274,-148.94,8.30,334.52,0.0073,0.0123,0,collision,
2346,2,-200.42,1.04,2.51,0.0000,0.0000,0,collision,
2347,208,-192.02,4.02,562.52,0.0000,0.0712,0,collision,
2348,19,-205.57,1.54,32.83,0.1053,0.0000,0,collision,
2349,396,-255.97,5.62,1286.77,0.0000,0.0265,0,collision,
2350,110,-114.97,9.94,349.35,0.0000,0.0023,0,collision,
5190,360,-369.37,5.09,742.22,0.0056,0.0000,0,collision,
5191,488,189.95,5.00,1686.15,0.0000,0.0190,1,goal,
5192,452,238.31,5.13,1881.90,0.0000,0.0034,1,goal,
5193,214,407.57,12.08,603.75,0.0000,0.0000,1,goal,
5194,299,240.64,7.97,521.60,0.0000,0.0883,1,goal,
5195,201,-73.05,6.81,825.34,0.0100,0.0021,0,collision,
5196,381,114.78,6.01,826.05,0.0000,0.0085,1,goal,
5197,222,-37.74,10.24,646.95,0.0090,0.0092,0,collision,
5198,204,11.82,13.45,336.22,0.0098,0.0094,0,collision,
5199,159,-207.32,3.44,523.07,0.0000,0.0994,0,collision,
5200,8,-199.31,2.28,20.18,0.2500,0.0000,0,collision,
5201,258,-206.44,7.73,908.45,0.0078,0.0193,0,collision,
5202,335,378.92,8.32,1008.59,0.0000,0.0100,1,goal,
5203,295,438.75,8.41,1481.45,0.0000,0.0000,1,goal,
5204,127,-172.26,6.66,329.16,0.0157,0.0377,0,collision,
5205,125,-174.34,4.61,598.66,0.0000,0.0528,0,collision,
2351,71,-209.15,7.68,184.57,0.0282,0.1752,0,collision,
2352,93,-145.14,6.23,605.04,0.0000,0.0000,0,collision,
2353,204,383.73,14.31,467.15,0.0000,0.0146,1,goal,
2354,372,358.13,7.84,1563.14,0.0000,0.0157,1,goal,
2355,395,-175.86,4.95,1689.64,0.0000,0.0443,0,collision,
2356,147,-150.41,6.99,835.80,0.0136,0.0000,0,collision,
2357,94,-144.48,7.22,316.39,0.0000,0.0277,0,collision,
2358,256,360.00,10.82,707.20,0.0000,0.0079,1,goal,
2359,53,-171.67,4.97,301.99,0.0000,0.0055,0,collision,
2360,330,226.14,5.26,1309.21,0.0000,0.0030,1,goal,
5206,308,-120.43,8.41,947.34,0.0065,0.0468,0,collision,
5207,21,-203.84,2.56,73.67,0.0952,0.0000,0,collision,
5208,513,435.58,5.26,1932.71,0.0000,0.0052,1,goal,
5209,223,-121.75,7.02,557.97,0.0090,0.0305,0,collision,
5210,502,-437.32,3.68,1635.21,0.0040,0.0147,0,collision,
5211,224,-283.89,5.04,568.68,0.0089,0.0198,0,collision,
5212,42,-150.20,15.14,51.14,0.0476,0.0568,0,collision,
5213,359,149.52,6.31,850.95,0.0000,0.0024,1,goal,
5214,275,253.29,8.30,1058.26,0.0000,0.0000,1,goal,
5215,387,381.45,6.39,1477.83,0.0000,0.0037,1,goal,
5216,365,300.18,7.03,831.28,0.0000,0.0380,1,goal,
5217,512,233.49,6.04,2209.28,0.0000,0.0001,1,goal,
5218,177,-266.43,4.11,641.22,0.0113,0.0049,0,collision,
2361,615,232.47,4.33,1924.27,0.0000,0.0355,1,goal,
2362,132,361.94,16.98,-52.99,0.0000,0.0000,1,goal,
2363,255,408.95,11.23,745.23,0.0000,0.0000,1,goal,
2364,310,-11.72,7.47,1058.21,0.0000,0.0049,0,collision,
2365,193,229.43,8.26,309.86,0.0000,0.0032,1,goal,
2366,225,-337.41,4.06,429.26,0.0000,0.1280,0,collision,
2367,117,-244.95,5.92,218.39,0.0157,0.1140,0,collision,
2368,381,434.35,7.49,1441.05,0.0000,0.0066,1,goal,
2369,35,-210.94,3.44,137.13,0.0571,0.0000,0,collision,
2370,10,-211.32,0.95,9.90,0.2000,0.0000,0,collision,
5219,768,-801.60,2.31,762.39,0.0000,0.0052,0,collision,
5220,166,-206.09,4.09,371.62,0.0120,0.0236,0,collision,
5221,179,-74.45,10.18,557.03,0.0000,0.0201,0,collision,
5222,94,-272.84,2.11,218.35,0.0000,0.0017,0,collision,
5223,177,-161.06,8.59,326.07,0.0113,0.1145,0,collision,
5224,168,-186.24,5.19,757.29,0.0119,0.0023,0,collision,
5225,329,-219.73,5.09,832.82,0.0061,0.2373,0,collision,
5226,366,304.04,6.00,926.09,0.0000,0.0460,1,goal,
5227,311,368.95,9.30,1347.39,0.0000,0.0007,1,goal,
5228,243,-191.29,5.81,925.26,0.0082,0.0047,0,collision,
5229,306,-300.14,5.06,817.77,0.0000,0.0123,0,collision,
5230,87,-186.37,4.40,233.11,0.0230,0.0324,0,collision,
5231,54,-173.43,7.27,224.96,0.0000,0.0285,0,collision,
5232,111,327.13,23.78,27.37,0.0000,0.0000,1,goal,
5233,162,-107.88,7.96,670.45,0.0000,0.0217,0,collision,
5234,194,-168.82,7.81,579.68,0.0000,0.0051,0,collision,
5235,70,-185.79,3.81,304.52,0.0000,0.1496,0,collision,
5236,544,161.74,4.53,1852.50,0.0000,0.0136,1,goal,
2371,81,-155.46,17.00,73.21,0.0000,0.0219,0,collision,
2372,149,330.26,13.08,263.79,0.0000,0.0000,1,goal,
2373,74,-163.99,7.66,238.71,0.0000,0.0000,0,collision,
2374,145,-201.29,3.18,523.32,0.0138,0.1449,0,collision,
2375,219,399.43,11.77,599.90,0.0000,0.0000,1,goal,
2376,253,347.15,10.12,592.20,0.0000,0.0000,1,goal,
2377,44,-200.27,2.48,121.63,0.0000,0.0000,0,collision,
2378,435,260.39,5.82,1481.44,0.0000,0.0081,1,goal,
2379,57,-150.11,10.89,343.38,0.0000,0.0290,0,collision,
2380,103,-132.41,6.50,461.12,0.0000,0.0337,0,collision,
5237,267,-276.97,4.96,712.13,0.0000,0.0019,0,collision,
5238,90,-125.50,6.99,538.53,0.0222,0.0089,0,collision,
5239,177,-92.15,11.39,483.05,0.0113,0.0052,0,collision,
5240,142,-117.98,9.20,305.41,0.0000,0.1730,0,collision,
5241,150,-120.26,9.77,311.55,0.0050,0.0135,0,collision,
5242,169,-42.62,8.43,992.71,0.0000,0.0000,0,collision,
5243,143,-101.78,5.88,709.29,0.0140,0.0000,0,collision,
5244,390,303.80,5.21,1492.79,0.0000,0.0423,1,goal,
5245,288,-159.66,6.44,742.27,0.0000,0.0121,0,collision,
5246,270,-339.49,5.38,285.57,0.0074,0.0104,0,collision,
5247,30,-176.36,5.58,218.76,0.0667,0.0059,0,collision,
5248,415,-119.25,5.37,1494.35,0.0000,0.0024,0,collision,
5249,338,-265.90,4.01,1235.31,0.0059,0.0299,0,collision,
5250,288,347.93,7.99,1065.85,0.0000,0.0000,1,goal,
5251,281,-293.15,3.95,859.63,0.0071,0.0952,0,collision,
5252,295,-67.22,5.19,1472.89,0.0068,0.0307,0,collision,
5253,265,-17.37,9.60,575.94,0.0075,0.0066,0,collision,
2381,282,-246.85,4.33,1168.15,0.0071,0.0147,0,collision,
2382,291,335.95,9.37,490.26,0.0000,0.0179,1,goal,
2383,263,-300.49,5.97,275.15,0.0000,0.0090,0,collision,
2384,94,-162.66,5.00,506.13,0.0213,0.0015,0,collision,
2385,204,-292.16,3.95,797.92,0.0098,0.0190,0,collision,
2386,60,-139.23,11.40,103.37,0.0000,0.0000,0,collision,
2387,44,-174.62,5.09,258.22,0.0455,0.0000,0,collision,
2388,321,-94.01,6.39,881.24,0.0000,0.0277,0,collision,
2389,21,-190.28,5.33,122.08,0.0952,0.0000,0,collision,
2390,428,-484.93,3.36,1186.09,0.0047,0.0245,0,collision,
5254,251,-103.59,9.68,754.59,0.0000,0.1341,0,collision,
5255,231,-45.58,8.13,769.22,0.0087,0.0082,0,collision,
5256,433,-353.66,3.34,1364.95,0.0000,0.0127,0,collision,
5257,372,263.15,6.26,1434.06,0.0000,0.0316,1,goal,
5258,387,110.81,5.71,980.69,0.0000,0.0409,1,goal,
5259,179,-146.38,4.89,824.45,0.0000,0.0259,0,collision,
5260,361,388.46,8.02,959.46,0.0000,0.0076,1,goal,
5261,80,-125.19,17.06,-91.06,0.0250,0.0318,0,collision,
5262,403,112.62,6.46,687.21,0.0000,0.0149,1,goal,
5263,242,-247.70,4.23,914.30,0.0083,0.0012,0,collision,
5264,150,-161.88,4.39,645.37,0.0000,0.0659,0,collision,
5265,278,-144.12,6.14,647.66,0.0000,0.0011,0,collision,
5266,199,-54.08,11.17,634.56,0.0101,0.0002,0,collision,
5267,55,-138.64,15.02,275.47,0.0000,0.0149,0,collision,
5268,106,-243.07,4.93,437.16,0.0000,0.1795,0,collision,
5269,223,-129.61,4.30,991.07,0.0090,0.0079,0,collision,
5270,110,-198.72,5.97,711.13,0.0182,0.0261,0,collision,
2391,262,-153.79,5.92,1338.54,0.0000,0.0109,0,collision,
2392,33,-171.80,9.27,142.82,0.0000,0.0588,0,collision,
2393,418,221.07,6.85,1371.39,0.0000,0.0143,1,goal,
2394,48,-211.19,5.09,265.16,0.0000,0.0021,0,collision,
2395,137,-214.00,6.23,587.62,0.0000,0.0000,0,collision,
2396,144,-238.83,5.38,591.37,0.0000,0.0000,0,collision,
2397,205,329.79,14.08,124.47,0.0000,0.0021,1,goal,
2398,296,-280.11,4.70,1235.48,0.0000,0.0067,0,collision,
2399,100,-138.87,7.25,433.88,0.0200,0.0174,0,collision,
2400,304,248.82,7.47,740.70,0.0000,0.0024,1,goal,
5271,437,-277.35,5.30,1290.12,0.0000,0.0822,0,collision,
5272,172,-194.59,4.88,668.92,0.0116,0.0059,0,collision,
5273,267,-325.21,3.27,927.06,0.0000,0.0094,0,collision,
5274,302,-101.60,7.54,996.08,0.0066,0.0135,0,collision,
5275,341,241.70,7.82,619.91,0.0000,0.0223,1,goal,
5276,130,-155.44,11.59,-57.44,0.0154,0.1786,0,collision,
5277,210,-332.02,4.76,809.37,0.0000,0.0267,0,collision,
5278,34,-164.80,12.74,134.49,0.0000,0.0993,0,collision,
5279,1,-200.00,0.00,0.00,0.0000,0.0000,0,collision,
5280,93,-228.29,6.71,152.71,0.0000,0.0141,0,collision,
5281,255,274.62,9.02,661.85,0.0000,0.0000,1,goal,
5282,331,372.66,8.33,1542.81,0.0000,0.0037,1,goal,
5283,83,-222.98,2.30,213.69,0.0241,0.1282,0,collision,
5284,46,-211.30,4.07,213.98,0.0435,0.0000,0,collision,
5285,213,354.99,10.72,528.32,0.0000,0.0000,1,goal,
5286,326,325.91,7.08,1390.85,0.0000,0.0357,1,goal,
5287,365,229.82,8.17,1050.39,0.0000,0.0392,1,goal,
5288,46,-172.98,9.58,262.83,0.0435,0.0306,0,collision,
5289,204,414.57,13.96,356.87,0.0000,0.0437,1,goal,
5290,224,-320.04,2.90,741.62,0.0089,0.0423,0,collision,
5291,205,-242.59,4.86,894.52,0.0000,0.0132,0,collision,
2401,94,-244.93,2.61,157.17,0.0213,0.3170,0,collision,
2402,259,-334.98,5.51,471.12,0.0000,0.0353,0,collision,
2403,34,-198.39,4.46,142.26,0.0588,0.4000,0,collision,
2404,171,-55.54,6.81,989.68,0.0117,0.0000,0,collision,
2405,226,340.17,10.94,611.77,0.0000,0.0071,1,goal,
2406,54,-147.09,11.73,213.22,0.0370,0.0210,0,collision,
2407,319,351.70,7.61,1079.93,0.0000,0.0000,1,goal,
2408,108,-109.89,12.22,238.36,0.0000,0.0170,0,collision,
2409,35,-187.25,4.36,180.23,0.0000,0.0255,0,collision,
2410,248,-145.91,7.55,748.67,0.0081,0.0069,0,collision,
5292,110,-195.16,6.11,782.20,0.0182,0.0131,0,collision,
5293,111,-207.64,5.83,504.37,0.0000,0.0410,0,collision,
5294,246,-72.25,8.60,503.53,0.0000,0.0118,0,collision,
5295,247,-109.01,6.35,880.32,0.0000,0.0000,0,collision,
5296,332,185.37,6.03,1395.10,0.0000,0.0062,1,goal,
5297,300,373.62,9.74,607.97,0.0000,0.0000,1,goal,
5298,157,-180.66,7.20,319.79,0.0127,0.0352,0,collision,
5299,571,-20.57,4.21,1714.42,0.0000,0.0450,1,goal,
5300,356,420.30,6.96,1672.03,0.0000,0.0000,1,goal,
5301,59,-149.67,11.00,196.33,0.0339,0.0342,0,collision,
5302,643,-69.28,4.25,2448.48,0.0000,0.0344,1,goal,
5303,442,349.31,5.38,2263.16,0.0000,0.0095,1,goal,
5304,87,-129.69,6.95,469.14,0.0000,0.0000,0,collision,
5305,46,-151.23,13.69,125.35,0.0000,0.0422,0,collision,
5306,96,-139.42,12.79,191.59,0.0208,0.0000,0,collision,
5307,160,-163.86,7.67,467.00,0.0000,0.0261,0,collision,
5308,73,-181.65,9.91,-46.11,0.0000,0.0000,0,collision,
5309,72,288.97,28.89,-75.00,0.0000,0.0000,1,goal,
2411,81,-143.45,6.90,499.13,0.0247,0.1410,0,collision,
2412,145,-285.68,3.30,524.06,0.0000,0.0775,0,collision,
2413,29,-192.00,6.66,238.55,0.0690,0.0000,0,collision,
2414,129,-90.68,16.52,182.41,0.0155,0.0320,0,collision,
2415,5,-201.71,0.42,2.81,0.4000,0.0000,0,collision,
2416,67,-190.15,4.20,288.68,0.0299,0.1583,0,collision,
2417,122,-197.60,4.76,559.68,0.0000,0.0220,0,collision,
2418,90,-146.76,12.63,283.34,0.0000,0.0755,0,collision,
2419,96,-149.70,9.97,459.27,0.0208,0.0000,0,collision,
2420,283,-91.26,7.92,1116.94,0.0071,0.0031,0,collision,
5310,239,-234.85,6.06,974.59,0.0000,0.0000,0,collision,
5311,52,-200.42,6.50,287.92,0.0385,0.0196,0,collision,
5312,81,-127.06,7.92,427.21,0.0000,0.0151,0,collision,
5313,335,-146.24,6.03,1300.87,0.0060,0.0274,0,collision,
5314,17,-192.69,8.34,106.50,0.0000,0.2666,0,collision,
5315,305,319.04,8.18,1044.24,0.0000,0.0288,1,goal,
5316,159,-84.38,11.51,614.94,0.0000,0.0115,0,collision,
5317,72,-147.29,9.39,129.18,0.0000,0.0853,0,collision,
5318,228,336.63,11.80,475.42,0.0000,0.0081,1,goal,
5319,67,-222.62,3.46,281.62,0.0000,0.0000,0,collision,
5320,142,-179.98,10.21,331.32,0.0141,0.0021,0,collision,
5321,169,346.19,17.52,367.82,0.0000,0.0000,1,goal,
5322,184,-106.36,9.76,224.27,0.0109,0.0128,0,collision,
5323,80,-148.33,7.87,223.00,0.0000,0.0000,0,collision,
5324,157,-89.01,8.58,618.96,0.0127,0.0858,0,collision,
5325,90,-94.17,20.54,168.84,0.0000,0.0111,0,collision,
5326,374,-263.81,7.32,681.83,0.0000,0.0224,0,collision,
5327,50,-185.08,11.42,58.22,0.0000,0.1140,0,collision,
5328,172,-243.46,5.84,418.23,0.0116,0.0279,0,collision,
5329,318,-254.56,8.28,552.57,0.0000,0.0544,0,collision,
5330,240,-204.27,5.79,1007.45,0.0000,0.0168,0,collision,
5331,184,-338.12,3.43,515.82,0.0109,0.0052,0,collision,
5332,171,-129.87,6.93,708.52,0.0117,0.0410,0,collision,
5333,64,-140.46,8.50,431.51,0.0312,0.0594,0,collision,
5334,91,-166.68,11.85,142.75,0.0000,0.0191,0,collision,
2421,334,269.85,7.42,829.96,0.0000,0.0588,1,goal,
2422,8,-207.02,1.44,12.11,0.2500,0.0000,0,collision,
2423,220,414.47,11.01,781.65,0.0000,0.0062,1,goal,
2424,137,-141.76,12.87,-3.38,0.0000,0.0126,0,collision,
2425,299,335.56,9.38,842.65,0.0000,0.0070,1,goal,
2426,34,-174.96,8.27,100.79,0.0588,0.1245,0,collision,
2427,146,-99.95,9.65,472.47,0.0000,0.0000,0,collision,
2428,300,-66.14,8.04,897.95,0.0000,0.1262,0,collision,
2429,279,5.95,9.64,899.99,0.0000,0.0100,0,collision,
2430,381,365.29,6.25,1297.03,0.0000,0.0106,1,goal,
5335,81,-210.11,6.36,314.49,0.0000,0.0000,0,collision,
5336,437,-147.19,4.93,2139.04,0.0046,0.0472,0,collision,
5337,90,-154.60,6.34,228.51,0.0000,0.0000,0,collision,
5338,329,-75.80,6.61,839.49,0.0000,0.0259,0,collision,
5339,162,327.55,10.07,459.49,0.0000,0.0144,1,goal,
5340,245,-95.58,5.82,1230.16,0.0000,0.0110,0,collision,
5341,19,-189.90,7.04,98.76,0.0000,0.0000,0,collision,
5342,8,-203.96,2.25,19.73,0.0159,0.0000,0,collision,
5343,284,301.95,7.75,719.07,0.0000,0.0000,1,goal,
5344,102,-202.71,5.64,642.24,0.0196,0.1109,0,collision,
5345,381,-184.27,7.50,904.01,0.0000,0.0273,0,collision,
5346,130,-96.62,9.82,403.28,0.0000,0.0178,0,collision,
5347,541,245.62,4.22,2204.81,0.0000,0.0532,1,goal,
5348,231,-276.26,4.17,1061.12,0.0087,0.0215,0,collision,
5349,48,-185.54,3.84,208.45,0.0000,0.0000,0,collision,
5350,39,-167.33,8.58,331.31,0.0000,0.2282,0,collision,
5351,573,-383.79,3.84,1223.21,0.0000,0.0279,0,collision,
5352,426,320.78,6.78,977.21,0.0000,0.0112,1,goal,
5353,12,-205.02,1.90,42.48,0.1667,0.0396,0,collision,
2431,268,389.51,10.41,450.45,0.0000,0.0176,1,goal,
2432,152,-233.20,4.33,649.39,0.0132,0.0301,0,collision,
2433,233,-63.95,7.59,663.69,0.0000,0.0181,0,collision,
2434,234,242.24,9.63,501.94,0.0000,0.0000,1,goal,
2435,435,-181.99,4.66,1782.91,0.0000,0.0499,0,collision,
2436,64,-144.45,17.01,-103.28,0.0000,0.0316,0,collision,
2437,582,10.95,4.87,1502.70,0.0000,0.0145,1,goal,
2438,171,-129.09,6.31,794.16,0.0117,0.0154,0,collision,
2439,554,291.47,5.32,1758.25,0.0000,0.0229,1,goal,
2440,406,447.69,7.43,1963.65,0.0000,0.0007,1,goal,
5354,269,-393.27,2.50,543.85,0.0000,0.0182,0,collision,
5355,33,-210.41,4.15,146.09,0.0606,0.2442,0,collision,
5356,72,-150.80,7.90,186.03,0.0000,0.0256,0,collision,
5357,272,-243.95,4.83,891.24,0.0000,0.0081,0,collision,
5358,63,-214.56,6.35,128.06,0.0000,0.0000,0,collision,
5359,335,-208.03,5.74,981.14,0.0000,0.0113,0,collision,
5360,524,316.49,4.55,2113.28,0.0000,0.0391,1,goal,
5361,82,-192.50,11.14,1.05,0.0000,0.2966,0,collision,
5362,347,296.73,6.90,1227.02,0.0000,0.0058,1,goal,
5363,46,-149.16,18.44,-39.43,0.0435,0.1055,0,collision,
5364,89,-220.02,4.29,329.90,0.0000,0.0802,0,collision,
5365,285,271.52,7.99,1091.67,0.0000,0.0062,1,goal,
5366,109,-293.85,2.68,305.85,0.0183,0.0000,0,collision,
5367,230,-173.62,4.25,1096.99,0.0000,0.0000,0,collision,
5368,412,-138.30,3.71,1598.19,0.0049,0.0047,0,collision,
5369,40,-163.23,10.40,198.81,0.0000,0.0430,0,collision,
5370,89,-196.55,3.36,295.62,0.0225,0.0247,0,collision,
5371,455,392.03,6.12,1699.94,0.0000,0.0273,1,goal,
5372,280,356.98,8.00,833.95,0.0000,0.0099,1,goal,
2441,492,310.23,5.27,2218.81,0.0000,0.0103,1,goal,
2442,309,-34.79,8.83,717.88,0.0065,0.0131,0,collision,
2443,35,-236.09,0.74,30.36,0.0000,0.6138,0,collision,
2444,216,251.51,11.42,639.61,0.0000,0.0047,1,goal,
2445,351,-256.59,3.93,1216.16,0.0057,0.0199,0,collision,
2446,347,-133.90,6.84,931.38,0.0058,0.0713,0,collision,
2447,155,-124.39,8.89,452.02,0.0129,0.1750,0,collision,
2448,455,265.40,5.35,1937.43,0.0000,0.0153,1,goal,
2449,322,234.35,7.69,977.16,0.0000,0.0136,1,goal,
2450,276,-133.31,6.82,616.87,0.0072,0.0067,0,collision,
5373,252,-129.90,10.20,832.80,0.0079,0.0231,0,collision,
5374,160,-251.03,4.32,574.38,0.0000,0.0767,0,collision,
5375,289,224.57,7.84,731.46,0.0000,0.0018,1,goal,
5376,203,-86.26,5.48,1036.61,0.0099,0.0072,0,collision,
5377,136,-231.23,4.85,470.62,0.0147,0.0000,0,collision,
5378,113,-167.88,3.70,489.30,0.0000,0.0283,0,collision,
5379,186,-197.22,4.43,868.03,0.0000,0.0000,0,collision,
5380,140,373.99,16.65,180.90,0.0000,0.0000,1,goal,
5381,361,125.16,5.31,1219.21,0.0000,0.0083,1,goal,
5382,283,-294.04,5.33,812.68,0.0071,0.0389,0,collision,
5383,108,-83.74,11.95,386.07,0.0185,0.0172,0,collision,
5384,483,307.10,4.81,1701.18,0.0000,0.0149,1,goal,
5385,100,-112.46,12.34,535.95,0.0200,0.0083,0,collision,
5386,197,-318.46,3.27,659.92,0.0102,0.0170,0,collision,
5387,215,321.73,10.46,589.44,0.0000,0.0000,1,goal,
5388,61,-240.63,2.30,152.71,0.0000,0.0000,0,collision,
5389,92,353.96,30.46,-172.07,0.0000,0.0000,1,goal,
5390,50,-152.38,10.59,166.56,0.0000,0.0000,0,collision,
5391,291,-97.89,9.90,901.97,0.0069,0.0039,0,collision,
5392,66,-147.38,9.83,235.20,0.0303,0.1261,0,collision,
5393,186,331.99,13.42,154.04,0.0000,0.0000,1,goal,
5394,106,-57.22,19.17,150.92,0.0189,0.0115,0,collision,
5395,61,-152.94,9.42,185.63,0.0000,0.0241,0,collision,
2451,316,191.28,7.08,809.12,0.0000,0.0292,1,goal,
2452,78,-152.63,21.58,-118.38,0.0256,0.0000,0,collision,
2453,243,-137.46,9.01,520.85,0.0000,0.0060,0,collision,
2454,422,213.92,6.86,1275.91,0.0000,0.0171,1,goal,
2455,313,339.39,7.24,802.15,0.0000,0.0000,1,goal,
2456,131,-117.11,12.08,264.17,0.0153,0.0143,0,collision,
2457,245,-123.52,8.70,853.74,0.0082,0.0502,0,collision,
2458,576,-416.22,3.31,1821.87,0.0000,0.0136,0,collision,
2459,101,-117.66,11.66,341.74,0.0000,0.0123,0,collision,
2460,189,370.98,11.91,605.83,0.0000,0.0000,1,goal,
5396,170,-234.94,5.34,434.22,0.0118,0.0007,0,collision,
5397,108,-74.03,14.02,164.20,0.0185,0.0106,0,collision,
5398,145,-74.65,15.37,320.35,0.0138,0.0046,0,collision,
5399,151,-93.52,11.07,425.31,0.0132,0.0860,0,collision,
5400,294,-116.62,5.63,1181.61,0.0068,0.0324,0,collision,
5401,101,-155.85,8.31,118.95,0.0198,0.1839,0,collision,
5402,250,324.96,8.80,876.10,0.0000,0.0089,1,goal,
5403,243,-256.53,5.23,795.09,0.0000,0.0034,0,collision,
5404,57,-132.86,14.49,65.11,0.0351,0.0146,0,collision,
5405,342,340.91,7.21,1781.90,0.0000,0.0009,1,goal,
5406,379,240.01,6.89,1296.09,0.0000,0.0062,1,goal,
5407,91,-143.11,8.57,437.12,0.0000,0.0295,0,collision,
5408,236,334.98,8.04,726.30,0.0000,0.0315,1,goal,
5409,216,342.09,10.61,503.56,0.0000,0.0010,1,goal,
5410,91,-99.52,20.24,-0.09,0.0220,0.0000,0,collision,
5411,355,344.93,7.71,1293.63,0.0000,0.0826,1,goal,
5412,94,-103.56,12.78,231.81,0.0000,0.0736,0,collision,
5413,627,-333.43,4.54,2194.99,0.0000,0.0105,0,collision,
5414,97,-159.52,7.00,409.95,0.0206,0.2517,0,collision,
2461,156,337.63,15.98,-78.83,0.0000,0.0000,1,goal,
2462,461,-128.29,5.40,2288.16,0.0043,0.0029,0,collision,
2463,62,-153.94,9.34,162.16,0.0000,0.0913,0,collision,
2464,18,-228.18,0.46,8.28,0.0000,0.0671,0,collision,
2465,120,-118.90,6.79,480.55,0.0167,0.0348,0,collision,
2466,472,345.56,6.14,1835.29,0.0000,0.0081,1,goal,
2467,88,-240.36,4.20,392.68,0.0000,0.0014,0,collision,
2468,184,-17.73,13.37,155.03,0.0109,0.0077,0,collision,
2469,263,-272.79,5.58,1089.83,0.0076,0.0237,0,collision,
2470,72,-202.25,3.43,216.05,0.0278,0.1786,0,collision,
5415,177,-110.89,11.64,379.73,0.0000,0.0115,0,collision,
5416,69,-146.71,10.04,157.56,0.0000,0.1018,0,collision,
5417,413,161.89,5.55,1362.47,0.0000,0.0173,1,goal,
5418,129,-165.06,3.52,518.28,0.0000,0.0000,0,collision,
5419,396,-537.56,2.16,969.60,0.0000,0.0000,0,collision,
5420,222,-130.20,4.94,784.87,0.0090,0.0971,0,collision,
5421,304,-94.58,4.93,1431.73,0.0000,0.1035,0,collision,
5422,302,-96.26,5.06,1296.96,0.0000,0.0022,0,collision,
5423,313,342.66,7.53,1620.12,0.0000,0.0131,1,goal,
5424,570,87.32,5.01,2013.76,0.0000,0.0390,1,goal,
5425,283,-76.28,6.78,1399.81,0.0000,0.0000,0,collision,
5426,328,198.80,7.89,285.64,0.0000,0.0380,1,goal,
5427,357,149.75,6.26,977.85,0.0000,0.0159,1,goal,
5428,150,-265.75,4.29,692.84,0.0000,0.0193,0,collision,
2471,269,-147.39,7.44,1052.23,0.0000,0.0092,0,collision,
2472,297,-317.92,4.64,1068.33,0.0067,0.0139,0,collision,
2473,192,411.43,11.63,745.08,0.0000,0.0244,1,goal,
2474,171,-212.23,8.10,402.79,0.0000,0.0264,0,collision,
2475,364,239.22,6.15,1297.88,0.0000,0.0060,1,goal,
2476,430,253.39,5.65,1568.36,0.0000,0.0101,1,goal,
2477,201,-152.99,5.45,787.58,0.0000,0.0859,0,collision,
2478,314,-20.90,7.75,1540.55,0.0064,0.0037,0,collision,
2479,327,-455.12,4.11,544.95,0.0000,0.0677,0,collision,
2480,69,-122.93,16.06,-46.66,0.0290,0.0941,0,collision,
5429,181,-127.96,7.05,714.49,0.0000,0.0055,0,collision,
5430,64,-190.97,9.35,173.92,0.0312,0.0130,0,collision,
5431,18,-198.37,4.10,88.39,0.0000,0.0000,0,collision,
5432,21,-208.81,1.56,37.20,0.0952,0.0284,0,collision,
5433,207,14.89,12.09,781.63,0.0000,0.0055,0,collision,
5434,90,-190.87,7.28,344.06,0.0000,0.0880,0,collision,
5435,397,326.17,7.29,1395.17,0.0000,0.0650,1,goal,
5436,282,-74.10,8.61,949.99,0.0071,0.0142,0,collision,
5437,95,-100.32,14.67,-30.42,0.0211,0.0257,0,collision,
5438,65,-150.39,9.92,217.75,0.0308,0.0480,0,collision,
5439,391,254.90,6.96,1420.62,0.0000,0.0316,1,goal,
5440,329,257.60,7.27,1057.92,0.0000,0.0227,1,goal,
5441,93,-267.02,2.09,216.49,0.0215,0.0106,0,collision,
5442,64,-151.29,7.03,501.47,0.0312,0.0138,0,collision,
5443,274,386.77,8.21,925.48,0.0000,0.0227,1,goal,
5444,122,-198.43,5.45,734.22,0.0000,0.0168,0,collision,
5445,205,-157.98,10.94,560.75,0.0098,0.0000,0,collision,
5446,432,265.17,6.49,2134.10,0.0000,0.0170,1,goal,
5447,65,-244.57,2.28,183.47,0.0308,0.0000,0,collision,
5448,51,-168.63,6.12,242.56,0.0392,0.0642,0,collision,
5449,181,-161.12,5.20,932.50,0.0110,0.0000,0,collision,
5450,391,416.62,7.66,1472.03,0.0000,0.0546,1,goal,
5451,79,-198.40,2.82,255.63,0.0253,0.0555,0,collision,
2481,137,-268.92,3.25,501.54,0.0146,0.0000,0,collision,
2482,70,-236.90,3.94,246.62,0.0000,0.0290,0,collision,
2483,6,-200.71,1.58,9.93,0.3333,0.0000,0,collision,
2484,96,-222.98,7.23,173.29,0.0208,0.1269,0,collision,
2485,81,-148.23,8.59,299.78,0.0000,0.0000,0,collision,
2486,78,-178.76,13.73,247.21,0.0256,0.1460,0,collision,
2487,264,335.05,9.31,933.00,0.0000,0.0191,1,goal,
2488,72,-125.79,14.47,302.65,0.0278,0.0133,0,collision,
2489,166,-265.61,6.66,313.64,0.0000,0.0279,0,collision,
2490,11,-197.14,3.16,61.51,0.0000,0.0000,0,collision,
5452,303,-77.64,8.51,1363.94,0.0066,0.0568,0,collision,
5453,406,256.32,6.30,1599.49,0.0000,0.0137,1,goal,
5454,105,-239.10,4.99,330.88,0.0000,0.1780,0,collision,
5455,233,-366.60,4.50,534.69,0.0000,0.0147,0,collision,
5456,167,-130.89,8.15,902.06,0.0000,0.0065,0,collision,
5457,53,-149.67,12.49,58.94,0.0377,0.0409,0,collision,
5458,65,-162.30,8.39,232.88,0.0000,0.0348,0,collision,
5459,133,-30.71,16.14,242.69,0.0000,0.0067,0,collision,
5460,289,-198.04,7.29,800.49,0.0000,0.0104,0,collision,
5461,71,-112.80,18.71,-16.41,0.0000,0.0638,0,collision,
5462,98,-139.53,10.14,363.79,0.0204,0.1406,0,collision,
5463,88,-138.20,11.54,245.57,0.0000,0.0129,0,collision,
5464,19,-183.39,10.42,108.46,0.1053,0.0802,0,collision,
5465,315,303.33,9.10,742.19,0.0000,0.0000,1,goal,
5466,265,274.20,6.50,868.23,0.0000,0.0061,1,goal,
5467,118,-130.33,13.53,224.88,0.0169,0.0195,0,collision,
5468,244,385.04,9.36,1360.95,0.0000,0.0093,1,goal,
5469,119,-242.60,3.28,457.40,0.0000,0.0000,0,collision,
5470,251,-125.67,5.84,639.85,0.0000,0.0000,0,collision,
5471,23,-194.17,3.84,101.03,0.0870,0.0000,0,collision,
5472,64,-201.54,4.30,212.91,0.0000,0.1758,0,collision,
5473,313,369.13,7.59,939.80,0.0000,0.0324,1,goal,
5474,206,-14.89,11.33,641.06,0.0000,0.0127,0,collision,
5475,61,-172.51,7.35,235.21,0.0000,0.0068,0,collision,
5476,148,-228.98,4.66,231.05,0.0000,0.1729,0,collision,
2491,272,-213.29,6.85,912.92,0.0000,0.0107,0,collision,
2492,95,-119.32,11.95,201.55,0.0000,0.0282,0,collision,
2493,278,-92.98,5.14,1392.13,0.0072,0.0127,0,collision,
2494,427,194.77,5.30,1329.41,0.0000,0.0044,1,goal,
2495,92,-263.48,2.89,266.52,0.0000,0.2001,0,collision,
2496,329,-253.56,3.62,1190.06,0.0061,0.0680,0,collision,
2497,60,-194.38,11.48,63.87,0.0000,0.0145,0,collision,
2498,303,-5.34,7.12,1349.96,0.0000,0.0123,0,collision,
2499,413,205.78,6.40,1526.05,0.0000,0.0050,1,goal,
2500,99,-281.37,1.91,211.37,0.0202,0.0951,0,collision,
5477,498,-360.18,4.41,1601.91,0.0000,0.0053,0,collision,
5478,125,-166.29,5.54,488.96,0.0000,0.0232,0,collision,
5479,298,-28.78,7.07,1382.16,0.0000,0.0039,0,collision,
5480,289,-80.24,8.46,919.91,0.0069,0.0095,0,collision,
5481,398,444.68,7.13,1890.94,0.0000,0.0306,1,goal,
5482,140,-97.13,7.87,727.72,0.0000,0.0186,0,collision,
5483,88,-147.53,7.39,235.60,0.0000,0.0590,0,collision,
5484,145,-91.92,12.86,510.84,0.0138,0.0123,0,collision,
5485,126,-106.90,8.11,461.37,0.0000,0.0000,0,collision,
5486,302,-203.66,4.74,1400.81,0.0000,0.0076,0,collision,
5487,524,405.72,5.79,2070.87,0.0000,0.0065,1,goal,
5488,244,275.22,10.41,365.84,0.0000,0.0919,1,goal,
5489,172,-191.17,3.27,636.28,0.0000,0.0119,0,collision,
5490,39,-201.29,4.51,218.20,0.0513,0.0000,0,collision,
5491,293,-50.70,7.16,1121.62,0.0000,0.0206,0,collision,
5492,516,217.99,5.43,1804.64,0.0000,0.0181,1,goal,
2501,41,-163.31,12.58,112.04,0.0488,0.0612,0,collision,
2502,474,-375.97,3.96,2017.62,0.0000,0.0461,0,collision,
2503,6,-198.80,1.77,13.40,0.0000,0.0000,0,collision,
2504,53,-234.14,2.73,164.21,0.0377,0.0000,0,collision,
2505,193,-208.40,6.16,1016.14,0.0104,0.0117,0,collision,
2506,45,-139.22,23.10,-33.79,0.0444,0.0263,0,collision,
2507,208,-182.80,6.07,557.24,0.0000,0.0260,0,collision,
2508,132,-32.87,14.69,321.22,0.0152,0.0110,0,collision,
2509,294,-111.38,5.26,1042.14,0.0000,0.0443,0,collision,
2510,257,24.41,10.31,593.28,0.0078,0.0077,0,collision,
5493,219,-215.18,8.53,604.16,0.0091,0.0498,0,collision,
5494,18,-200.16,9.48,82.61,0.0000,0.1134,0,collision,
5495,57,-161.53,7.10,333.92,0.0000,0.0436,0,collision,
5496,105,-187.32,3.78,465.01,0.0190,0.0000,0,collision,
5497,313,321.95,8.00,941.00,0.0000,0.0707,1,goal,
5498,176,-179.27,4.84,544.36,0.0000,0.1149,0,collision,
5499,301,263.07,8.17,765.79,0.0000,0.0002,1,goal,
5500,353,173.84,6.29,857.74,0.0000,0.0345,1,goal,
5501,486,-212.47,6.00,1226.20,0.0041,0.0147,0,collision,
5502,126,-161.83,4.57,520.03,0.0000,0.0007,0,collision,
5503,153,-62.19,14.25,681.14,0.0000,0.0000,0,collision,
5504,250,-169.88,7.66,831.56,0.0000,0.0023,0,collision,
5505,64,-161.99,14.78,18.48,0.0312,0.0474,0,collision,
5506,131,-125.58,6.34,643.47,0.0000,0.0000,0,collision,
5507,51,-137.13,15.55,221.38,0.0000,0.0349,0,collision,
5508,395,444.92,7.35,1917.87,0.0000,0.0000,1,goal,
5509,423,135.68,6.34,1452.11,0.0000,0.0150,1,goal,
5510,87,-216.08,7.51,175.57,0.0230,0.0132,0,collision,
5511,131,372.48,17.85,161.61,0.0000,0.0000,1,goal,
2511,162,-208.61,5.73,755.66,0.0070,0.0000,0,collision,
2512,184,-193.10,3.45,574.50,0.0109,0.0110,0,collision,
2513,58,-151.66,11.88,53.02,0.0000,0.0284,0,collision,
2514,164,-223.57,5.20,642.65,0.0000,0.0162,0,collision,
2515,82,-162.96,6.62,247.56,0.0244,0.0656,0,collision,
2516,189,-285.99,3.59,738.94,0.0000,0.0987,0,collision,
2517,156,-104.79,10.02,416.98,0.0128,0.0000,0,collision,
2518,272,344.10,10.06,793.06,0.0000,0.0053,1,goal,
2519,158,-113.94,9.10,407.86,0.0127,0.0181,0,collision,
2520,2,-200.42,1.04,2.51,1.0000,0.0000,0,collision,
5512,313,-347.92,3.40,986.96,0.0000,0.0656,0,collision,
5513,328,335.31,7.75,977.59,0.0000,0.0237,1,goal,
5514,515,-373.84,4.52,1662.93,0.0000,0.0187,0,collision,
5515,152,-226.64,4.37,742.68,0.0132,0.0124,0,collision,
5516,67,-154.34,10.14,210.97,0.0299,0.0374,0,collision,
5517,68,-148.89,16.68,-52.69,0.0000,0.0229,0,collision,
5518,70,-164.58,11.43,352.03,0.0000,0.0212,0,collision,
5519,401,-141.15,5.47,1626.50,0.0000,0.0000,0,collision,
5520,95,-114.41,10.21,260.20,0.0000,0.0159,0,collision,
5521,20,-190.53,10.13,130.81,0.0000,0.0000,0,collision,
5522,358,284.21,7.11,1349.20,0.0000,0.0073,1,goal,
5523,52,-179.89,3.76,217.21,0.0385,0.0148,0,collision,
5524,108,-169.78,11.16,-48.86,0.0000,0.0000,0,collision,
5525,384,270.49,6.68,1239.70,0.0000,0.0001,1,goal,
5526,220,-150.03,6.39,772.75,0.0091,0.0655,0,collision,
5527,32,-199.40,2.72,104.41,0.0625,0.1965,0,collision,
5528,91,-138.83,7.59,244.72,0.0220,0.0263,0,collision,
5529,331,-340.46,3.60,1098.63,0.0060,0.0094,0,collision,
5530,98,-143.11,6.63,568.13,0.0204,0.0605,0,collision,
5531,62,-142.00,10.69,200.56,0.0000,0.0000,0,collision,
5532,312,210.70,7.90,745.51,0.0000,0.0350,1,goal,
5533,190,-174.53,5.90,782.01,0.0000,0.0052,0,collision,
5534,25,-187.32,4.47,128.25,0.0000,0.1759,0,collision,
2521,360,299.70,7.09,1410.77,0.0000,0.0019,1,goal,
2522,272,341.68,9.63,1416.75,0.0000,0.0041,1,goal,
2523,411,202.66,6.08,1210.60,0.0000,0.0262,1,goal,
2524,208,-239.61,4.58,573.05,0.0000,0.0450,0,collision,
2525,235,-113.62,6.39,798.26,0.0085,0.0000,0,collision,
2526,248,-128.58,5.71,880.03,0.0081,0.1107,0,collision,
2527,162,271.96,15.25,114.86,0.0000,0.0027,1,goal,
2528,604,-76.01,4.65,1514.20,0.0000,0.0367,1,goal,
2529,301,384.31,7.64,1849.78,0.0000,0.0161,1,goal,
2530,342,-100.12,5.09,1523.90,0.0058,0.0438,0,collision,
5535,331,-203.80,7.70,1623.65,0.0000,0.0047,0,collision,
5536,189,-144.96,6.46,791.07,0.0106,0.0152,0,collision,
5537,237,-364.28,3.00,685.17,0.0000,0.0124,0,collision,
5538,289,-310.58,4.95,720.51,0.0069,0.0338,0,collision,
5539,476,158.79,4.84,1536.53,0.0000,0.0100,1,goal,
5540,89,-200.38,9.98,199.86,0.0225,0.0065,0,collision,
5541,240,-203.75,5.19,1053.47,0.0000,0.0078,0,collision,
5542,124,-176.78,7.91,386.42,0.0000,0.0166,0,collision,
5543,356,365.59,6.96,1173.09,0.0000,0.0676,1,goal,
5544,70,-226.82,3.26,251.59,0.0000,0.0019,0,collision,
5545,324,-155.98,6.84,987.31,0.0062,0.0987,0,collision,
5546,475,140.32,5.72,1812.83,0.0000,0.0150,1,goal,
5547,70,-139.05,8.03,338.24,0.0286,0.0233,0,collision,
5548,54,-157.47,6.80,307.97,0.0370,0.0000,0,collision,
5549,279,-261.61,4.44,869.86,0.0000,0.0272,0,collision,
5550,310,-480.26,2.24,717.97,0.0065,0.0213,0,collision,
2531,29,-215.80,1.30,40.41,0.0000,0.0567,0,collision,
2532,143,-55.50,10.85,407.07,0.0000,0.0263,0,collision,
2533,266,353.93,10.34,671.02,0.0000,0.0636,1,goal,
2534,228,-126.51,5.71,830.61,0.0014,0.0661,0,collision,
2535,78,-140.48,7.43,557.32,0.0256,0.0361,0,collision,
2536,197,-290.48,3.29,660.21,0.0102,0.1112,0,collision,
2537,349,-93.70,7.71,968.63,0.0057,0.0125,0,collision,
2538,457,124.17,5.31,1905.48,0.0000,0.0125,1,goal,
2539,208,-204.92,9.44,-48.78,0.0000,0.0483,0,collision,
2540,280,-370.97,3.47,826.12,0.0000,0.0007,0,collision,
5551,1001,-638.35,2.39,1903.53,0.0000,0.0047,0,timeout,D1C1 -> C1C2 -> C2B2
5552,198,406.20,14.19,333.52,0.0000,0.0065,1,goal,
5553,471,-240.07,4.58,1708.68,0.0000,0.0283,0,collision,
5554,13,-193.48,3.79,68.61,0.0000,0.0000,0,collision,
5555,118,-231.18,7.10,199.66,0.0000,0.1882,0,collision,
5556,143,-303.04,2.38,379.08,0.0140,0.0869,0,collision,
5557,313,335.56,7.91,823.94,0.0000,0.0369,1,goal,
5558,228,366.73,7.18,1212.41,0.0000,0.0279,1,goal,
5559,418,275.63,5.79,1759.55,0.0000,0.0135,1,goal,
5560,437,260.76,5.60,1826.10,0.0000,0.0000,1,goal,
5561,395,146.68,6.06,1048.01,0.0000,0.0044,1,goal,
5562,258,3.50,9.94,986.13,0.0000,0.0090,0,collision,
5563,223,384.14,10.59,942.13,0.0000,0.0010,1,goal,
5564,86,-155.42,8.01,149.35,0.0233,0.0624,0,collision,
2541,174,-140.17,7.33,466.61,0.0000,0.1180,0,collision,
2542,90,-155.94,6.28,494.35,0.0000,0.0606,0,collision,
2543,251,-105.47,9.40,973.49,0.0000,0.0630,0,collision,
2544,38,-194.93,7.36,33.38,0.0526,0.2902,0,collision,
2545,276,312.65,10.40,712.52,0.0000,0.0133,1,goal,
2546,16,-207.42,2.42,42.96,0.1250,0.1152,0,collision,
2547,202,368.17,12.34,483.63,0.0000,0.0000,1,goal,
2548,24,-206.75,1.62,41.73,0.0833,0.0000,0,collision,
2549,113,-91.93,14.07,411.03,0.0000,0.0178,0,collision,
2550,72,-225.66,3.16,97.26,0.0278,0.2984,0,collision,
5565,117,-235.92,7.13,277.10,0.0000,0.0023,0,collision,
5566,102,-155.81,10.47,343.64,0.0000,0.0167,0,collision,
5567,19,-181.41,10.03,108.77,0.1053,0.0000,0,collision,
5568,65,-146.08,7.15,462.20,0.0308,0.0000,0,collision,
5569,75,-111.34,14.79,241.19,0.0267,0.0236,0,collision,
5570,285,-259.10,4.91,1044.86,0.0070,0.0076,0,collision,
5571,282,-91.48,6.58,1024.99,0.0000,0.0000,0,collision,
5572,92,-110.64,12.34,259.74,0.0000,0.0163,0,collision,
5573,76,-194.66,3.00,259.69,0.0000,0.0441,0,collision,
5574,126,-87.39,10.36,447.00,0.0000,0.0389,0,collision,
5575,430,131.98,6.36,1197.48,0.0000,0.0178,1,goal,
5576,307,353.28,8.77,1359.22,0.0000,0.0092,1,goal,
5577,303,-74.48,6.92,1384.47,0.0000,0.0094,0,collision,
5578,240,343.48,11.78,856.77,0.0000,0.0169,1,goal,
5579,256,348.27,10.17,915.06,0.0000,0.0000,1,goal,
5580,323,25.17,8.32,1276.30,0.0062,0.0165,0,collision,
5581,268,433.08,10.64,982.03,0.0000,0.0000,1,goal,
5582,376,238.79,7.37,1488.88,0.0000,0.0014,1,goal,
5583,353,-320.78,3.99,1206.11,0.0000,0.0104,0,collision,
2551,83,-206.74,5.14,339.38,0.0241,0.0000,0,collision,
2552,79,-98.62,18.20,-211.36,0.0253,0.0330,0,collision,
2553,147,-177.82,10.46,385.46,0.0136,0.0070,0,collision,
2554,280,356.14,8.46,1185.34,0.0000,0.0622,1,goal,
2555,209,-52.86,8.96,1035.31,0.0000,0.0902,0,collision,
2556,115,-178.14,5.91,345.34,0.0000,0.0791,0,collision,
2557,253,-160.98,7.36,1048.86,0.0079,0.0155,0,collision,
2558,105,-187.04,6.33,541.15,0.0190,0.0107,0,collision,
2559,49,-184.09,11.56,90.25,0.0408,0.0178,0,collision,
2560,198,-41.62,10.76,362.47,0.0000,0.0188,0,collision,
5584,239,-157.19,8.47,1075.68,0.0084,0.0046,0,collision,
5585,128,-139.80,11.42,106.18,0.0000,0.0272,0,collision,
5586,61,-175.19,5.49,262.86,0.0328,0.0551,0,collision,
5587,183,-59.33,13.02,476.44,0.0000,0.0069,0,collision,
5588,172,-126.40,9.76,643.20,0.0116,0.0136,0,collision,
5589,92,-136.45,6.96,506.49,0.0000,0.0183,0,collision,
5590,264,415.07,9.16,1063.62,0.0000,0.0025,1,goal,
5591,221,385.76,12.65,538.09,0.0000,0.0156,1,goal,
5592,45,-140.48,17.80,59.21,0.0444,0.0000,0,collision,
5593,59,-142.07,13.11,40.68,0.0000,0.0313,0,collision,
5594,85,-121.32,15.09,15.85,0.0235,0.0089,0,collision,
5595,108,-103.50,14.81,140.38,0.0000,0.0294,0,collision,
5596,98,-187.53,6.91,441.96,0.0000,0.0311,0,collision,
5597,51,-186.49,7.47,374.25,0.0392,0.0464,0,collision,
5598,141,-171.80,7.08,510.85,0.0142,0.0331,0,collision,
5599,204,-274.27,4.03,755.12,0.0098,0.0483,0,collision,
5600,254,-235.89,7.61,523.57,0.0000,0.0307,0,collision,
5601,103,-173.47,9.54,284.96,0.0194,0.0000,0,collision,
5602,15,-189.56,6.41,141.47,0.0000,0.0000,0,collision,
5603,114,-113.53,13.46,371.17,0.0175,0.0452,0,collision,
5604,62,-142.86,16.65,109.74,0.0000,0.0189,0,collision,
5605,110,-109.82,10.51,445.52,0.0182,0.0121,0,collision,
5606,177,420.81,16.12,169.42,0.0000,0.0104,1,goal,
5607,175,-139.37,8.97,654.84,0.0000,0.0079,0,collision,
5608,113,-163.54,8.51,684.41,0.0177,0.0000,0,collision,
5609,408,224.23,6.12,1513.75,0.0000,0.0222,1,goal,
5610,126,-195.55,5.15,355.24,0.0159,0.1440,0,collision,
5611,260,-42.79,8.39,1255.72,0.0077,0.0057,0,collision,
5612,17,-200.31,2.48,46.63,0.1176,0.0000,0,collision,
2561,66,-228.70,3.77,302.84,0.0000,0.0592,0,collision,
2562,52,-159.90,10.29,366.78,0.0000,0.2346,0,collision,
2563,135,-145.24,4.41,649.42,0.0148,0.0075,0,collision,
2564,385,292.00,7.42,1768.63,0.0000,0.0311,1,goal,
2565,181,-195.50,5.86,699.62,0.0110,0.0606,0,collision,
2566,132,-110.92,9.37,533.80,0.0000,0.0230,0,collision,
2567,277,-74.77,7.38,1191.76,0.0072,0.0754,0,collision,
2568,207,-165.77,6.31,784.77,0.0097,0.0165,0,collision,
2569,157,-164.77,4.23,462.55,0.0127,0.0819,0,collision,
2570,338,250.02,7.97,1151.91,0.0000,0.0117,1,goal,
5613,70,-198.82,3.44,321.22,0.0000,0.0000,0,collision,
5614,52,-172.61,5.20,269.84,0.0000,0.0000,0,collision,
5615,262,228.71,7.94,664.17,0.0000,0.0084,1,goal,
5616,109,-85.07,12.66,156.12,0.0183,0.0332,0,collision,
5617,47,-145.22,22.35,-7.84,0.0426,0.0221,0,collision,
5618,148,-86.44,12.20,366.61,0.0000,0.0121,0,collision,
5619,79,-182.82,7.12,638.37,0.0253,0.0330,0,collision,
5620,87,-169.33,9.14,133.95,0.0230,0.0000,0,collision,
5621,318,434.02,8.72,1279.08,0.0000,0.0528,1,goal,
5622,179,-168.01,9.42,432.57,0.0000,0.0728,0,collision,
5623,50,-142.94,14.19,86.43,0.0400,0.0370,0,collision,
5624,443,364.50,5.37,1650.48,0.0000,0.0268,1,goal,
5625,240,381.76,12.23,449.50,0.0000,0.0544,1,goal,
5626,13,-201.05,2.66,42.07,0.0000,0.0000,0,collision,
5627,91,-90.92,13.74,380.34,0.0000,0.0151,0,collision,
5628,67,-191.25,3.97,164.76,0.0299,0.1242,0,collision,
5629,264,-27.09,7.49,1111.75,0.0076,0.0134,0,collision,
5630,123,-147.95,7.36,330.18,0.0163,0.0130,0,collision,
5631,137,-166.31,4.73,717.05,0.0000,0.1860,0,collision,
5632,286,383.75,9.26,1640.55,0.0000,0.0116,1,goal,
5633,50,-146.74,12.67,90.37,0.0400,0.0931,0,collision,
5634,31,-193.93,3.75,132.88,0.0000,0.0000,0,collision,
5635,10,-196.28,2.74,32.53,0.0000,0.0764,0,collision,
5636,151,-184.26,7.50,593.36,0.0132,0.0000,0,collision,
5637,103,-142.27,6.69,549.22,0.0000,0.0843,0,collision,
5638,530,254.40,4.67,2280.03,0.0000,0.0033,1,goal,
5639,31,-188.74,10.83,268.78,0.0000,0.1181,0,collision,
2571,186,378.02,13.54,243.65,0.0000,0.0000,1,goal,
2572,263,-177.59,7.13,700.03,0.0076,0.0532,0,collision,
2573,349,-61.36,6.92,1100.66,0.0057,0.0131,0,collision,
2574,60,-162.97,6.85,321.77,0.0333,0.1028,0,collision,
2575,48,-141.14,16.94,141.64,0.0417,0.0589,0,collision,
2576,523,175.82,5.61,2386.21,0.0000,0.0118,1,goal,
2577,277,-179.84,5.59,747.42,0.0072,0.0573,0,collision,
2578,233,-238.80,6.31,781.96,0.0086,0.0254,0,collision,
2579,431,169.80,6.78,1879.85,0.0000,0.0046,1,goal,
2580,273,-80.83,6.95,804.23,0.0073,0.0398,0,collision,
5640,379,-85.02,7.10,1616.74,0.0053,0.0000,0,collision,
5641,132,-140.00,6.51,421.61,0.0000,0.0669,0,collision,
5642,327,250.44,8.67,852.20,0.0000,0.0138,1,goal,
5643,44,-175.32,18.76,73.99,0.0455,0.0150,0,collision,
5644,518,70.44,4.85,1789.82,0.0000,0.0117,1,goal,
5645,138,-174.04,6.83,534.23,0.0145,0.1205,0,collision,
5646,251,-177.81,6.02,1019.50,0.0000,0.0687,0,collision,
5647,18,-205.90,1.61,32.79,0.0000,0.0000,0,collision,
5648,271,330.36,9.10,798.40,0.0000,0.0034,1,goal,
5649,118,-176.18,4.92,344.56,0.0169,0.0439,0,collision,
5650,107,-133.50,6.19,620.40,0.0000,0.0000,0,collision,
5651,96,-224.19,6.04,241.88,0.0208,0.0763,0,collision,
5652,212,-132.94,6.00,1101.80,0.0094,0.0000,0,collision,
5653,77,-220.50,2.93,186.56,0.0260,0.3104,0,collision,
5654,508,195.14,5.74,1494.49,0.0000,0.0548,1,goal,
5655,221,-78.49,9.32,1114.08,0.0090,0.0327,0,collision,
5656,314,436.28,8.85,1094.12,0.0000,0.0249,1,goal,
5657,6,-204.58,0.69,4.55,0.3333,0.0295,0,collision,
5658,109,-237.76,2.72,337.57,0.0000,0.3199,0,collision,
5659,234,-91.47,9.04,625.03,0.0085,0.1231,0,collision,
2581,74,-108.25,19.44,13.25,0.0000,0.0090,0,collision,
2582,185,-45.92,12.24,293.30,0.0000,0.0375,0,collision,
2583,356,-98.11,5.75,1116.10,0.0000,0.0940,0,collision,
2584,252,-116.08,7.86,902.93,0.0000,0.0030,0,collision,
2585,151,373.11,17.41,194.41,0.0000,0.0052,1,goal,
2586,124,-75.69,17.73,157.01,0.0000,0.0030,0,collision,
2587,205,303.49,11.46,204.45,0.0000,0.0048,1,goal,
2588,332,-239.72,6.84,805.20,0.0000,0.0150,0,collision,
2589,19,-186.29,4.35,109.88,0.0000,0.0000,0,collision,
2590,478,-290.64,5.56,1519.27,0.0000,0.0368,0,collision,
5660,357,-272.49,3.62,1216.43,0.0056,0.0389,0,collision,
5661,125,-278.27,3.04,430.50,0.0000,0.1918,0,collision,
5662,30,-215.19,1.05,31.54,0.0000,0.0000,0,collision,
5663,110,-175.95,3.36,434.28,0.0000,0.0189,0,collision,
5664,339,316.31,8.45,1054.18,0.0000,0.0114,1,goal,
5665,153,-147.41,10.51,282.77,0.0000,0.0096,0,collision,
5666,195,-192.71,5.43,786.02,0.0103,0.0046,0,collision,
5667,395,53.95,6.37,815.19,0.0000,0.0070,1,goal,
5668,100,-141.01,4.94,504.73,0.0200,0.0000,0,collision,
5669,400,-205.46,5.31,2033.68,0.0050,0.0073,0,collision,
5670,41,-189.66,5.63,194.98,0.0488,0.2589,0,collision,
5671,180,-142.29,8.62,465.46,0.0111,0.0197,0,collision,
5672,487,147.09,5.33,1485.96,0.0000,0.0115,1,goal,
5673,138,-144.46,7.23,410.93,0.0000,0.1342,0,collision,
5674,29,-190.29,4.51,153.87,0.0000,0.0000,0,collision,
5675,52,-152.57,10.90,189.27,0.0385,0.0289,0,collision,
5676,59,-145.09,9.31,343.25,0.0000,0.0170,0,collision,
5677,21,-209.00,2.33,57.91,0.0000,0.0000,0,collision,
5678,89,-140.48,13.18,340.43,0.0225,0.0101,0,collision,
5679,107,-275.60,2.55,306.27,0.0187,0.1056,0,collision,
5680,38,-206.66,4.06,174.04,0.0526,0.0000,0,collision,
5681,186,-218.78,4.46,625.65,0.0000,0.0140,0,collision,
5682,7,-205.99,0.30,2.24,0.2857,0.0000,0,collision,
5683,61,-157.54,8.92,280.63,0.0000,0.0010,0,collision,
5684,38,-156.63,13.66,19.23,0.0000,0.0580,0,collision,
5685,394,310.94,5.89,1164.59,0.0000,0.0320,1,goal,
5686,32,-195.77,4.44,161.16,0.0000,0.0000,0,collision,
2591,214,-72.94,6.58,1045.82,0.0000,0.0140,0,collision,
2592,128,-211.41,3.74,443.28,0.0156,0.0138,0,collision,
2593,78,-128.64,9.52,415.19,0.0000,0.0000,0,collision,
2594,406,-263.82,5.10,1936.24,0.0049,0.0221,0,collision,
2595,500,311.69,4.77,1619.25,0.0000,0.0207,1,goal,
2596,80,-187.99,3.33,306.62,0.0000,0.0384,0,collision,
2597,322,-129.88,5.39,1412.48,0.0062,0.0367,0,collision,
2598,156,397.84,14.12,279.84,0.0000,0.0104,1,goal,
2599,258,385.52,9.01,1146.53,0.0000,0.0022,1,goal,
2600,364,324.11,7.43,975.00,0.0000,0.0000,1,goal,
5687,242,-255.15,5.88,995.41,0.0083,0.0123,0,collision,
5688,450,226.11,5.72,1506.14,0.0000,0.0033,1,goal,
5689,214,-121.97,9.58,438.17,0.0000,0.0599,0,collision,
5690,405,-374.63,3.83,1596.66,0.0000,0.0147,0,collision,
5691,94,-172.67,10.56,40.99,0.0000,0.0018,0,collision,
5692,26,-198.51,5.48,157.50,0.0000,0.0000,0,collision,
5693,232,-243.92,3.61,838.82,0.0000,0.0077,0,collision,
5694,188,-135.85,6.88,971.59,0.0106,0.0259,0,collision,
5695,345,163.58,6.50,655.69,0.0000,0.0009,1,goal,
5696,64,-170.61,5.12,375.05,0.0000,0.0067,0,collision,
5697,379,298.50,7.30,1624.23,0.0000,0.0096,1,goal,
5698,125,-167.85,5.79,766.29,0.0000,0.0040,0,collision,
5699,163,-24.54,14.63,248.07,0.0123,0.0079,0,collision,
5700,134,-130.56,8.13,468.44,0.0149,0.1134,0,collision,
5701,230,402.39,9.84,730.05,0.0000,0.0079,1,goal,
5702,188,-135.46,11.50,446.93,0.0000,0.0069,0,collision,
5703,239,277.09,9.60,477.48,0.0000,0.0008,1,goal,
5704,281,421.79,8.46,1394.74,0.0000,0.0075,1,goal,
5705,34,-202.29,2.13,79.46,0.0588,0.0056,0,collision,
2601,197,-169.32,7.40,647.85,0.0000,0.0056,0,collision,
2602,257,-132.82,6.17,1346.49,0.0078,0.0116,0,collision,
2603,43,-154.55,17.73,-54.41,0.0465,0.1162,0,collision,
2604,269,-78.61,8.13,1330.58,0.0074,0.0050,0,collision,
2605,443,426.99,6.17,1716.98,0.0000,0.0074,1,goal,
2606,150,-115.20,8.80,455.30,0.0133,0.0674,0,collision,
2607,48,-162.03,14.40,16.09,0.0417,0.1640,0,collision,
2608,16,-187.62,8.76,126.18,0.0000,0.0747,0,collision,
2609,339,379.33,7.50,1401.96,0.0000,0.0090,1,goal,
2610,45,-253.19,1.71,85.67,0.0444,0.3776,0,collision,
5706,416,-259.67,5.49,750.72,0.0000,0.0238,0,collision,
5707,171,-347.77,2.28,432.23,0.0000,0.0000,0,collision,
5708,6,-202.92,1.04,10.24,0.0000,0.0000,0,collision,
5709,264,-102.60,9.11,893.27,0.0076,0.0155,0,collision,
5710,114,-193.85,13.64,-93.13,0.0000,0.1328,0,collision,
5711,145,-125.63,5.71,730.19,0.0000,0.0969,0,collision,
5712,341,322.52,7.92,1187.61,0.0000,0.0103,1,goal,
5713,86,-154.97,11.57,175.45,0.0233,0.0190,0,collision,
5714,319,-61.90,6.26,1085.72,0.0063,0.0041,0,collision,
5715,36,-167.02,15.21,53.52,0.0000,0.0734,0,collision,
5716,272,-100.82,10.65,886.01,0.0074,0.0136,0,collision,
5717,184,-120.67,8.65,417.84,0.0109,0.1556,0,collision,
5718,300,-204.73,4.90,1274.54,0.0000,0.0764,0,collision,
5719,372,271.07,6.71,1508.11,0.0000,0.0101,1,goal,
5720,140,-185.79,6.94,507.75,0.0143,0.0583,0,collision,
5721,375,273.21,7.54,1374.32,0.0000,0.0192,1,goal,
5722,217,17.38,10.53,1046.04,0.0092,0.0314,0,collision,
5723,111,-270.41,2.62,328.75,0.0000,0.1842,0,collision,
5724,342,-117.46,5.90,992.90,0.0058,0.0163,0,collision,
2611,280,-224.34,6.87,978.98,0.0000,0.0295,0,collision,
2612,99,-158.24,8.31,494.42,0.0202,0.0081,0,collision,
2613,15,-204.01,1.78,32.88,0.1333,0.0985,0,collision,
2614,68,-232.94,3.63,281.68,0.0000,0.0056,0,collision,
2615,141,-248.92,4.44,553.96,0.0142,0.0169,0,collision,
2616,29,-194.09,9.71,78.54,0.0000,0.0000,0,collision,
2617,228,-136.16,8.16,774.91,0.0088,0.0523,0,collision,
2618,284,-309.18,3.90,981.42,0.0000,0.0256,0,collision,
2619,192,299.93,11.59,538.96,0.0000,0.0034,1,goal,
2620,241,-96.03,8.16,1017.72,0.0000,0.0076,0,collision,
5725,212,-281.28,3.21,463.56,0.0000,0.0000,0,collision,
5726,167,-85.27,10.29,557.27,0.0000,0.0001,0,collision,
5727,277,382.40,8.99,1030.81,0.0000,0.0283,1,goal,
5728,300,308.58,9.71,1045.20,0.0000,0.0020,1,goal,
5729,110,-116.05,15.05,161.70,0.0000,0.0122,0,collision,
5730,167,-241.80,4.80,860.77,0.0120,0.0105,0,collision,
5731,137,-137.77,4.64,694.12,0.0000,0.0052,0,collision,
5732,38,-168.13,7.39,275.78,0.0526,0.0000,0,collision,
5733,262,-149.31,4.17,1031.35,0.0076,0.0015,0,collision,
5734,301,283.28,6.56,955.79,0.0000,0.0064,1,goal,
5735,72,-132.29,9.38,377.82,0.0278,0.0427,0,collision,
5736,287,-120.69,7.90,1096.65,0.0000,0.0130,0,collision,
5737,108,-203.28,5.32,643.59,0.0000,0.0000,0,collision,
5738,257,-168.25,5.96,1090.93,0.0078,0.0000,0,collision,
5739,50,-178.10,13.79,158.17,0.0400,0.0421,0,collision,
5740,110,-145.23,6.03,531.41,0.0182,0.0476,0,collision,
5741,214,337.64,11.52,370.22,0.0000,0.0000,1,goal,
5742,263,368.54,8.95,1119.09,0.0000,0.0027,1,goal,
5743,6,-202.90,1.04,10.24,0.3333,0.0000,0,collision,
5744,40,-190.60,3.05,137.24,0.0500,0.0000,0,collision,
5745,157,-186.66,6.06,659.81,0.0127,0.1460,0,collision,
5746,60,-150.43,13.16,146.67,0.0000,0.0562,0,collision,
5747,13,-212.04,1.56,23.07,0.1538,0.1533,0,collision,
5748,79,-154.80,11.87,384.17,0.0253,0.0000,0,collision,
5749,323,285.78,6.96,998.57,0.0000,0.0331,1,goal,
2621,87,-189.33,7.80,101.79,0.0000,0.2999,0,collision,
2622,367,-90.63,4.93,1399.70,0.0000,0.0172,0,collision,
2623,161,376.88,17.42,284.96,0.0000,0.0027,1,goal,
2624,193,362.42,14.11,65.54,0.0000,0.0000,1,goal,
2625,134,-207.44,5.42,723.64,0.0000,0.0283,0,collision,
2626,146,-178.80,10.79,74.70,0.0137,0.0453,0,collision,
2627,393,247.26,6.23,1334.52,0.0000,0.0058,1,goal,
2628,43,-186.34,5.18,237.46,0.0000,0.0213,0,collision,
2629,163,-53.76,12.43,356.63,0.0000,0.0503,0,collision,
2630,167,-178.14,8.35,806.11,0.0120,0.1505,0,collision,
5750,204,-89.01,9.81,655.14,0.0000,0.0184,0,collision,
5751,526,149.69,5.98,1753.89,0.0000,0.0281,1,goal,
5752,128,-196.45,5.98,810.25,0.0000,0.0402,0,collision,
5753,84,-178.84,10.50,122.09,0.0000,0.0000,0,collision,
5754,191,-171.91,4.34,697.84,0.0000,0.0093,0,collision,
5755,108,-143.97,6.52,400.29,0.0000,0.0046,0,collision,
5756,15,-197.48,5.82,101.18,0.1333,0.0000,0,collision,
5757,68,-184.57,7.58,311.90,0.0000,0.0562,0,collision,
5758,322,326.16,6.96,1299.50,0.0000,0.0321,1,goal,
5759,97,-192.62,8.57,314.53,0.0000,0.0204,0,collision,
5760,267,278.30,8.37,813.35,0.0000,0.0129,1,goal,
5761,96,-108.05,14.55,251.46,0.0000,0.0122,0,collision,
5762,160,-49.63,9.52,698.49,0.0125,0.0129,0,collision,
5763,26,-182.43,6.73,221.97,0.0769,0.0000,0,collision,
5764,629,-429.55,3.44,2260.64,0.0000,0.0491,0,collision,
5765,17,-199.68,3.91,99.49,0.0000,0.0000,0,collision,
5766,218,-78.54,5.94,1163.96,0.0000,0.0438,0,collision,
5767,363,354.79,7.03,1605.67,0.0000,0.0125,1,goal,
5768,310,379.19,8.07,1176.18,0.0000,0.0000,1,goal,
5769,353,231.56,6.84,1130.44,0.0000,0.0000,1,goal,
2631,340,300.84,6.67,1491.15,0.0000,0.0118,1,goal,
2632,190,436.08,14.70,239.67,0.0000,0.0063,1,goal,
2633,80,-125.98,7.96,504.68,0.0250,0.0856,0,collision,
2634,24,-186.63,8.95,105.56,0.0833,0.0848,0,collision,
2635,135,-210.96,6.94,390.21,0.0000,0.0011,0,collision,
2636,325,294.45,8.84,1189.99,0.0000,0.0081,1,goal,
2637,172,-208.99,7.47,578.21,0.0116,0.0380,0,collision,
2638,78,-141.93,5.67,533.47,0.0000,0.0587,0,collision,
2639,34,-200.58,2.99,113.73,0.0588,0.0239,0,collision,
2640,258,365.47,8.79,979.37,0.0000,0.0000,1,goal,
5770,109,-163.14,6.41,424.40,0.0000,0.0000,0,collision,
5771,80,-147.01,14.38,-43.40,0.0000,0.0260,0,collision,
5772,265,271.78,9.04,1048.69,0.0000,0.0296,1,goal,
5773,125,-222.01,6.25,434.32,0.0000,0.0151,0,collision,
5774,244,-220.02,3.80,873.96,0.0082,0.0568,0,collision,
5775,68,-179.61,4.40,344.75,0.0000,0.1347,0,collision,
5776,123,-137.10,8.35,528.36,0.0000,0.0116,0,collision,
5777,62,-176.99,3.57,276.15,0.0000,0.0481,0,collision,
5778,469,145.92,5.97,1478.29,0.0000,0.0235,1,goal,
5779,324,439.81,8.32,1441.29,0.0000,0.0008,1,goal,
5780,294,402.76,9.49,1121.04,0.0000,0.0028,1,goal,
5781,159,-76.09,9.03,675.42,0.0000,0.0565,0,collision,
5782,43,-217.97,3.59,174.34,0.0465,0.0000,0,collision,
5783,174,-211.30,6.23,568.65,0.0000,0.0210,0,collision,
5784,261,-23.64,8.11,946.91,0.0077,0.0130,0,collision,
5785,306,344.87,7.29,1104.57,0.0000,0.0101,1,goal,
5786,200,-72.71,8.70,936.85,0.0100,0.0000,0,collision,
5787,83,-156.20,5.67,478.07,0.0000,0.0390,0,collision,
5788,381,220.84,7.66,1192.62,0.0000,0.0303,1,goal,
5789,244,-77.30,7.52,721.34,0.0000,0.0000,0,collision,
5790,29,-171.86,16.37,66.38,0.0000,0.0583,0,collision,
5791,43,-168.12,7.65,238.33,0.0000,0.0573,0,collision,
5792,80,-240.96,3.52,321.78,0.0250,0.2706,0,collision,
2641,16,-190.45,4.54,117.62,0.1250,0.0000,0,collision,
2642,90,-164.18,6.89,345.63,0.0222,0.2116,0,collision,
2643,321,285.33,6.99,1025.78,0.0000,0.0218,1,goal,
2644,67,-151.98,8.54,447.77,0.0299,0.0195,0,collision,
2645,360,-175.53,6.80,1478.43,0.0000,0.0041,0,collision,
2646,354,279.01,7.05,1236.70,0.0000,0.0054,1,goal,
2647,354,-127.24,6.13,1400.19,0.0000,0.0176,0,collision,
2648,103,-150.93,6.12,638.85,0.0000,0.0000,0,collision,
2649,41,-146.38,20.34,-1.37,0.0000,0.0488,0,collision,
2650,105,-108.18,17.29,164.57,0.0190,0.0243,0,collision,
5793,83,-204.15,7.54,419.79,0.0241,0.1347,0,collision,
5794,12,-197.27,3.38,72.87,0.1667,0.0000,0,collision,
5795,262,-98.99,8.88,945.82,0.0000,0.0064,0,collision,
5796,70,-140.33,8.71,143.40,0.0286,0.0012,0,collision,
5797,73,-184.79,11.42,273.34,0.0000,0.0180,0,collision,
5798,155,-90.86,8.27,613.48,0.0000,0.0156,0,collision,
5799,176,-148.30,6.79,538.57,0.0000,0.1811,0,collision,
5800,260,-125.07,6.41,1297.72,0.0077,0.0087,0,collision,
5801,445,-83.35,4.92,1625.96,0.0000,0.0399,0,collision,
5802,25,-193.43,3.41,99.67,0.0800,0.0000,0,collision,
5803,113,-144.82,13.10,119.62,0.0000,0.0063,0,collision,
5804,73,-146.25,8.28,500.58,0.0274,0.0638,0,collision,
5805,141,-65.27,12.78,250.14,0.0142,0.0047,0,collision,
5806,178,-219.30,5.12,624.15,0.0000,0.0000,0,collision,
5807,120,-211.56,4.47,159.02,0.0167,0.1434,0,collision,
5808,264,317.50,8.49,846.17,0.0000,0.0132,1,goal,
5809,75,-143.12,19.20,36.94,0.0267,0.0000,0,collision,
5810,190,-47.54,9.72,590.96,0.0105,0.0069,0,collision,
5811,240,-198.67,3.33,833.95,0.0000,0.0645,0,collision,
5812,399,401.42,5.81,1802.93,0.0000,0.0135,1,goal,
5813,39,-179.76,5.74,243.19,0.0513,0.1055,0,collision,
5814,359,-24.05,5.99,1419.42,0.0000,0.0009,0,collision,
5815,58,-211.91,6.52,127.91,0.0345,0.0000,0,collision,
5816,116,-224.39,5.98,436.62,0.0172,0.1749,0,collision,
2651,165,-189.07,8.17,262.57,0.0121,0.0725,0,collision,
2652,480,-310.18,2.72,1453.51,0.0000,0.0618,0,collision,
2653,420,230.49,5.89,1921.97,0.0000,0.0113,1,goal,
2654,94,-173.65,4.12,433.11,0.0213,0.0167,0,collision,
2655,214,-329.23,3.01,693.01,0.0093,0.0276,0,collision,
2656,424,-248.71,5.52,1446.67,0.0000,0.0095,0,collision,
2657,23,-182.96,8.22,189.07,0.0000,0.1878,0,collision,
2658,118,-267.06,3.11,381.33,0.0000,0.0214,0,collision,
2659,85,-241.33,4.41,331.15,0.0235,0.0248,0,collision,
2660,71,-232.93,6.82,169.66,0.0000,0.0747,0,collision,
5817,403,-239.16,6.61,1616.83,0.0050,0.0709,0,collision,
5818,555,-282.19,4.08,1772.03,0.0000,0.0495,0,collision,
5819,401,212.56,6.87,1047.45,0.0000,0.0493,1,goal,
5820,224,-194.55,5.77,836.79,0.0000,0.0208,0,collision,
5821,20,-184.64,6.32,112.37,0.1000,0.0000,0,collision,
5822,192,366.04,14.44,677.43,0.0000,0.0000,1,goal,
5823,318,-173.40,7.20,715.21,0.0000,0.0224,0,collision,
5824,265,-202.26,6.40,750.64,0.0000,0.0183,0,collision,
5825,522,329.98,4.99,2250.48,0.0000,0.0120,1,goal,
5826,310,306.85,6.72,1065.09,0.0000,0.0124,1,goal,
5827,269,-206.16,5.41,595.98,0.0000,0.0088,0,collision,
5828,132,-94.51,16.01,174.68,0.0000,0.0091,0,collision,
5829,168,-77.48,9.94,432.30,0.0119,0.0371,0,collision,
5830,258,-92.37,7.71,466.38,0.0000,0.0028,0,collision,
5831,118,-157.92,5.59,454.40,0.0000,0.0383,0,collision,
2661,157,-282.25,3.85,548.43,0.0127,0.0050,0,collision,
2662,172,-80.36,10.47,456.90,0.0000,0.0111,0,collision,
2663,33,-190.97,5.34,177.24,0.0000,0.1598,0,collision,
2664,174,342.07,13.02,140.68,0.0000,0.0051,1,goal,
2665,28,-221.06,2.23,70.80,0.0714,0.0583,0,collision,
2666,617,155.12,4.52,1917.08,0.0000,0.0191,1,goal,
2667,47,-145.26,19.98,-53.09,0.0000,0.0544,0,collision,
2668,279,-118.24,7.43,624.40,0.0072,0.0356,0,collision,
2669,309,275.91,8.24,892.78,0.0000,0.0039,1,goal,
2670,106,-248.08,2.66,316.83,0.0000,0.0033,0,collision,
5832,423,-181.48,6.56,1288.01,0.0047,0.0009,0,collision,
5833,21,-187.33,4.43,105.47,0.0952,0.0000,0,collision,
5834,556,316.97,4.47,1883.79,0.0000,0.0010,1,goal,
5835,325,-196.28,4.74,1324.28,0.0062,0.0883,0,collision,
5836,105,-187.13,7.45,363.00,0.0000,0.0076,0,collision,
5837,235,-55.63,11.89,594.34,0.0000,0.0186,0,collision,
5838,234,-62.95,9.03,493.43,0.0000,0.0379,0,collision,
5839,460,-231.39,5.82,1538.61,0.0043,0.0190,0,collision,
5840,397,238.06,7.26,1469.30,0.0000,0.0071,1,goal,
5841,154,346.91,14.59,18.24,0.0000,0.0194,1,goal,
5842,313,-126.74,8.72,547.07,0.0064,0.0030,0,collision,
5843,89,-132.88,9.88,354.47,0.0225,0.0178,0,collision,
5844,167,396.77,16.83,64.02,0.0000,0.0000,1,goal,
5845,197,-247.37,3.49,302.73,0.0102,0.1305,0,collision,
5846,254,-3.36,10.21,1061.64,0.0000,0.0159,0,collision,
5847,27,-173.30,9.75,234.47,0.0000,0.0472,0,collision,
5848,66,-177.82,9.08,477.51,0.0303,0.1021,0,collision,
2671,106,-145.22,5.25,619.55,0.0000,0.0330,0,collision,
2672,296,387.15,8.32,1256.08,0.0000,0.0082,1,goal,
2673,88,-225.96,1.48,142.95,0.0000,0.0000,0,collision,
2674,61,-126.60,22.07,22.34,0.0000,0.0149,0,collision,
2675,62,-158.83,5.88,388.33,0.0323,0.0443,0,collision,
2676,360,-149.01,6.51,1566.44,0.0056,0.0339,0,collision,
2677,275,-57.38,7.05,1005.40,0.0000,0.0070,0,collision,
2678,223,336.93,11.15,1210.14,0.0000,0.0198,1,goal,
2679,305,-307.19,5.74,449.44,0.0066,0.0102,0,collision,
2680,158,-160.15,4.18,689.90,0.0000,0.0434,0,collision,
5849,205,-219.64,6.67,490.45,0.0000,0.0427,0,collision,
5850,306,-377.57,5.03,508.78,0.0065,0.0032,0,collision,
5851,139,-40.41,17.08,-130.37,0.0144,0.0072,0,collision,
5852,196,-207.75,7.09,641.50,0.0000,0.0181,0,collision,
5853,93,-191.83,2.95,309.85,0.0000,0.0197,0,collision,
5854,30,-183.36,7.35,153.23,0.0000,0.0494,0,collision,
5855,229,-121.95,6.41,661.78,0.0087,0.0042,0,collision,
5856,146,322.25,15.41,-47.01,0.0000,0.0000,1,goal,
5857,42,-144.94,19.46,91.24,0.0000,0.0247,0,collision,
5858,179,-279.58,3.61,611.64,0.0000,0.0020,0,collision,
5859,383,-176.76,6.07,1422.19,0.0052,0.0082,0,collision,
5860,56,-166.71,11.66,356.17,0.0000,0.0179,0,collision,
5861,33,-220.79,1.10,37.93,0.0000,0.0000,0,collision,
5862,70,-216.75,5.26,308.78,0.0000,0.0138,0,collision,
5863,301,385.58,9.61,1031.84,0.0000,0.0464,1,goal,
5864,261,11.71,8.08,1069.94,0.0077,0.0000,0,collision,
5865,205,-53.42,7.67,847.50,0.0098,0.0167,0,collision,
5866,278,340.95,8.51,1446.28,0.0000,0.0006,1,goal,
5867,119,-168.31,5.88,672.70,0.0168,0.0000,0,collision,
5868,59,-215.24,2.64,157.92,0.0339,0.0423,0,collision,
5869,186,-249.53,2.52,537.36,0.0108,0.0294,0,collision,
5870,234,348.21,10.22,606.44,0.0000,0.0049,1,goal,
5871,14,-208.97,1.22,18.61,0.0000,0.1887,0,collision,
5872,330,-178.98,5.04,1431.09,0.0000,0.0049,0,collision,
2681,93,-189.62,3.08,320.23,0.0000,0.0000,0,collision,
2682,122,-237.68,4.53,444.38,0.0000,0.0773,0,collision,
2683,142,382.45,16.36,129.49,0.0000,0.0005,1,goal,
2684,326,-165.35,6.41,1563.28,0.0061,0.0342,0,collision,
2685,9,-201.59,2.31,40.54,0.0000,0.0000,0,collision,
2686,61,-207.75,2.15,143.34,0.0328,0.0000,0,collision,
2687,245,-211.96,5.59,1193.84,0.0082,0.0363,0,collision,
2688,191,-43.28,9.93,668.78,0.0105,0.0073,0,collision,
2689,165,-152.05,3.78,706.75,0.0121,0.0586,0,collision,
2690,483,330.55,6.34,1890.32,0.0000,0.0030,1,goal,
5873,389,-287.54,4.60,913.77,0.0051,0.0000,0,collision,
5874,185,-171.01,3.66,775.21,0.0000,0.0121,0,collision,
5875,13,-191.73,6.05,120.56,0.0000,0.0000,0,collision,
5876,241,337.36,10.41,908.71,0.0000,0.0000,1,goal,
5877,71,-115.40,19.56,-151.71,0.0282,0.0193,0,collision,
5878,219,-193.19,3.14,791.17,0.0000,0.0089,0,collision,
5879,148,-69.03,11.64,534.04,0.0135,0.0082,0,collision,
5880,113,-137.56,12.38,212.77,0.0177,0.0014,0,collision,
5881,220,-213.04,5.83,707.43,0.0000,0.1742,0,collision,
5882,137,-114.71,9.61,351.07,0.0000,0.0057,0,collision,
5883,120,-150.34,5.64,425.77,0.0000,0.0406,0,collision,
5884,383,366.87,7.46,1042.13,0.0000,0.0001,1,goal,
5885,230,-237.64,6.20,609.26,0.0087,0.0000,0,collision,
5886,222,-207.20,4.17,780.68,0.0000,0.0024,0,collision,
5887,349,-353.54,5.26,841.35,0.0057,0.0115,0,collision,
5888,91,-126.18,12.64,28.95,0.0000,0.0461,0,collision,
5889,155,-76.15,10.08,512.06,0.0000,0.0134,0,collision,
5890,90,-241.86,2.58,300.63,0.0000,0.0000,0,collision,
5891,328,293.42,8.66,904.32,0.0000,0.0080,1,goal,
5892,216,-173.68,4.69,457.70,0.0000,0.0932,0,collision,
5893,99,-179.25,6.99,288.09,0.0202,0.2444,0,collision,
5894,124,-130.18,5.46,677.29,0.0161,0.0394,0,collision,
2691,86,-217.82,3.24,193.92,0.0000,0.2178,0,collision,
2692,69,-206.27,2.75,212.96,0.0000,0.0000,0,collision,
2693,189,-346.06,2.19,474.57,0.0106,0.0079,0,collision,
2694,186,-106.59,7.25,669.10,0.0000,0.0302,0,collision,
2695,200,-211.50,5.03,629.73,0.0100,0.0650,0,collision,
2696,282,269.63,8.76,880.89,0.0000,0.0077,1,goal,
2697,420,264.70,6.79,1247.04,0.0000,0.0068,1,goal,
2698,203,-242.76,5.83,498.04,0.0099,0.0601,0,collision,
2699,164,-147.61,6.49,610.83,0.0000,0.0000,0,collision,
2700,329,196.10,7.06,979.15,0.0000,0.0081,1,goal,
5895,597,-427.22,4.35,909.33,0.0034,0.0048,0,collision,
5896,160,355.41,15.14,276.55,0.0000,0.0000,1,goal,
5897,218,-106.49,6.05,600.95,0.0092,0.0044,0,collision,
5898,263,-118.77,4.92,914.14,0.0000,0.0031,0,collision,
5899,356,-173.92,7.97,1252.52,0.0056,0.0034,0,collision,
5900,35,-171.24,6.39,261.33,0.0571,0.0000,0,collision,
5901,479,-64.14,5.95,1841.71,0.0000,0.0349,0,collision,
5902,124,-220.48,2.53,343.71,0.0000,0.0075,0,collision,
5903,340,329.06,7.98,1652.57,0.0000,0.0037,1,goal,
5904,383,-199.35,4.64,1638.86,0.0000,0.0458,0,collision,
5905,287,-125.01,7.17,1096.18,0.0070,0.0029,0,collision,
5906,125,-270.35,3.01,422.99,0.0160,0.0019,0,collision,
5907,212,-26.32,11.02,430.48,0.0094,0.0057,0,collision,
5908,348,-109.30,6.17,1037.09,0.0057,0.0913,0,collision,
2701,280,51.23,10.29,967.09,0.0071,0.0226,0,collision,
2702,127,-169.14,6.26,616.15,0.0000,0.0076,0,collision,
2703,221,-241.40,6.63,766.46,0.0090,0.0090,0,collision,
2704,317,-331.54,4.12,1131.57,0.0000,0.0349,0,collision,
2705,43,-150.65,14.41,-7.67,0.0465,0.0156,0,collision,
2706,62,-221.46,3.22,226.75,0.0323,0.0232,0,collision,
2707,140,-199.22,5.99,837.59,0.0000,0.0333,0,collision,
2708,377,19.03,6.36,2049.40,0.0053,0.0000,0,collision,
2709,145,-244.30,5.32,433.85,0.0000,0.0530,0,collision,
2710,57,-130.05,19.19,169.63,0.0351,0.0209,0,collision,
5909,331,-258.91,4.21,1142.59,0.0000,0.0130,0,collision,
5910,303,-231.57,6.39,697.69,0.0000,0.0089,0,collision,
5911,315,-108.64,4.64,1440.42,0.0063,0.0286,0,collision,
5912,42,-205.32,2.39,107.91,0.0476,0.2099,0,collision,
5913,47,-170.60,6.57,202.74,0.0000,0.0000,0,collision,
5914,154,-307.65,2.90,500.52,0.0130,0.0143,0,collision,
5915,71,-102.33,20.02,-84.47,0.0282,0.0258,0,collision,
5916,444,-310.16,3.71,1431.74,0.0000,0.0083,0,collision,
5917,116,-110.35,9.51,412.06,0.0000,0.0000,0,collision,
5918,120,-172.07,5.78,458.37,0.0167,0.2004,0,collision,
5919,11,-206.21,1.05,12.07,0.0000,0.0000,0,collision,
5920,503,217.64,5.25,1662.41,0.0000,0.0162,1,goal,
5921,276,-386.97,3.35,594.38,0.0000,0.0771,0,collision,
5922,483,71.77,4.77,1442.15,0.0000,0.0353,1,goal,
5923,155,-116.67,7.03,639.93,0.0129,0.0121,0,collision,
5924,70,-149.40,7.95,300.55,0.0286,0.0000,0,collision,
5925,62,-209.35,4.62,331.46,0.0323,0.0000,0,collision,
5926,248,-158.99,6.12,831.57,0.0000,0.0207,0,collision,
5927,38,-174.45,8.50,167.37,0.0526,0.0000,0,collision,
5928,444,-209.96,4.51,1467.65,0.0000,0.0041,0,collision,
5929,79,-271.61,2.13,189.60,0.0253,0.0597,0,collision,
2711,215,-331.15,4.11,497.08,0.0093,0.0067,0,collision,
2712,122,-136.40,6.48,671.25,0.0000,0.0000,0,collision,
2713,197,-190.93,5.46,1023.20,0.0000,0.0077,0,collision,
2714,276,-137.04,5.11,1106.68,0.0072,0.0377,0,collision,
2715,280,-200.80,4.68,920.63,0.0071,0.0424,0,collision,
2716,62,-228.84,3.48,261.76,0.0000,0.1389,0,collision,
2717,486,269.28,6.06,1432.91,0.0000,0.0049,1,goal,
2718,380,-177.57,4.54,1412.32,0.0053,0.0023,0,collision,
2719,306,-63.72,6.10,1392.14,0.0065,0.0205,0,collision,
2720,333,193.11,7.20,947.03,0.0000,0.0029,1,goal,
5930,566,-352.83,4.54,1974.40,0.0000,0.0134,0,collision,
5931,407,-190.68,6.59,1422.99,0.0049,0.0378,0,collision,
5932,147,-263.63,4.05,572.93,0.0136,0.0312,0,collision,
5933,98,-183.03,8.40,293.33,0.0000,0.0000,0,collision,
5934,140,-215.38,3.59,442.42,0.0143,0.0554,0,collision,
5935,234,-155.77,6.23,721.70,0.0000,0.0000,0,collision,
5936,160,-172.90,4.34,693.95,0.0125,0.0194,0,collision,
5937,149,-151.60,5.34,566.02,0.0000,0.0046,0,collision,
5938,52,-169.79,15.74,79.99,0.0385,0.0093,0,collision,
5939,295,-215.55,5.85,805.18,0.0068,0.0107,0,collision,
5940,269,-295.69,4.03,1005.09,0.0074,0.0628,0,collision,
5941,369,-331.56,4.05,1109.63,0.0000,0.0245,0,collision,
5942,35,-193.50,6.97,227.03,0.0571,0.0183,0,collision,
5943,197,-93.42,10.12,-62.80,0.0000,0.1038,0,collision,
5944,122,-304.69,2.16,292.31,0.0000,0.0979,0,collision,
5945,258,-62.95,8.56,476.08,0.0078,0.0046,0,collision,
5946,195,-94.76,6.92,1019.57,0.0103,0.0045,0,collision,
5947,367,199.48,6.07,1382.96,0.0000,0.0227,1,goal,
5948,103,291.11,16.95,10.72,0.0000,0.0611,1,goal,
2721,127,-95.45,8.86,580.54,0.0157,0.0085,0,collision,
2722,90,-239.16,2.51,252.15,0.0222,0.1894,0,collision,
2723,195,365.56,10.35,602.49,0.0000,0.0000,1,goal,
2724,79,-150.34,10.81,241.86,0.0000,0.0321,0,collision,
2725,147,-283.56,4.35,402.65,0.0136,0.0069,0,collision,
2726,259,-233.51,5.12,1098.28,0.0077,0.0188,0,collision,
2727,112,-113.57,11.68,338.63,0.0179,0.0115,0,collision,
2728,505,281.38,5.81,1700.64,0.0000,0.0229,1,goal,
2729,410,-497.70,3.54,778.41,0.0000,0.0031,0,collision,
2730,168,-255.93,4.98,604.34,0.0119,0.0798,0,collision,
5949,51,-207.12,5.87,287.87,0.0392,0.0000,0,collision,
5950,243,-292.23,4.31,928.95,0.0082,0.0000,0,collision,
5951,7,-202.05,1.35,9.60,0.2857,0.0000,0,collision,
5952,217,-185.92,4.18,737.25,0.0092,0.0000,0,collision,
5953,376,265.38,6.65,1557.30,0.0000,0.0021,1,goal,
5954,386,-157.98,6.97,1105.46,0.0000,0.0217,0,collision,
5955,263,-154.47,7.10,1086.82,0.0076,0.0080,0,collision,
5956,68,-223.11,5.26,173.95,0.0000,0.0387,0,collision,
5957,153,-170.23,8.81,383.94,0.0000,0.0076,0,collision,
5958,283,312.57,9.22,1059.77,0.0000,0.0000,1,goal,
5959,17,-215.56,1.50,29.29,0.0000,0.0000,0,collision,
5960,147,356.91,15.75,283.02,0.0000,0.0000,1,goal,
5961,51,-193.67,12.72,-26.30,0.0392,0.1875,0,collision,
5962,375,384.77,7.76,1119.66,0.0000,0.0235,1,goal,
5963,89,-146.13,7.58,325.63,0.0225,0.0324,0,collision,
5964,299,282.54,7.57,1149.45,0.0000,0.0323,1,goal,
5965,260,-109.39,6.05,959.07,0.0011,0.0662,0,collision,
5966,104,-262.41,1.67,190.70,0.0000,0.2210,0,collision,
5967,151,-186.38,9.48,70.00,0.0000,0.0059,0,collision,
5968,271,-30.88,9.24,736.99,0.0000,0.0572,0,collision,
5969,52,-157.52,11.14,104.12,0.0385,0.0414,0,collision,
5970,130,-95.17,9.59,368.08,0.0154,0.0172,0,collision,
5971,39,-175.83,7.54,185.17,0.0000,0.0000,0,collision,
2731,48,-145.37,16.94,-0.60,0.0000,0.0514,0,collision,
2732,265,-194.19,5.08,1361.11,0.0075,0.0642,0,collision,
2733,204,-125.80,9.32,493.00,0.0000,0.0268,0,collision,
2734,362,342.52,6.53,1211.89,0.0000,0.0356,1,goal,
2735,64,-156.25,9.81,59.24,0.0312,0.0188,0,collision,
2736,422,-146.13,7.29,1164.14,0.0047,0.0216,0,collision,
2737,320,-240.03,7.11,879.45,0.0000,0.0226,0,collision,
2738,26,-194.42,9.81,165.20,0.0769,0.1134,0,collision,
2739,63,-191.53,9.06,182.59,0.0000,0.1139,0,collision,
2740,258,-193.13,8.25,701.33,0.0078,0.0041,0,collision,
5972,183,-191.78,5.99,702.79,0.0000,0.0011,0,collision,
5973,85,-137.74,7.38,388.53,0.0235,0.0243,0,collision,
5974,57,-144.21,13.94,0.52,0.0351,0.1857,0,collision,
5975,114,-153.20,5.69,466.40,0.0175,0.0403,0,collision,
5976,55,-189.05,3.53,221.49,0.0000,0.0000,0,collision,
5977,379,238.71,6.81,1227.72,0.0000,0.0062,1,goal,
5978,8,-206.89,0.52,3.99,0.0000,0.0000,0,collision,
5979,66,-194.57,2.77,205.70,0.0303,0.0000,0,collision,
5980,302,356.97,9.40,600.04,0.0000,0.0445,1,goal,
5981,298,457.71,9.50,1136.52,0.0000,0.0000,1,goal,
5982,4,-199.20,3.11,22.43,0.0000,0.0000,0,collision,
5983,87,-181.80,11.30,162.91,0.0000,0.0138,0,collision,
5984,375,276.07,6.85,1156.39,0.0000,0.0444,1,goal,
5985,261,-151.43,4.99,972.10,0.0077,0.0645,0,collision,
5986,47,-213.25,4.42,266.68,0.0000,0.0091,0,collision,
5987,83,-212.90,4.30,224.46,0.0000,0.3606,0,collision,
5988,63,-178.95,4.51,255.20,0.0317,0.0000,0,collision,
5989,306,-196.30,6.47,1271.45,0.0000,0.0203,0,collision,
5990,258,-209.37,5.15,809.04,0.0078,0.0579,0,collision,
5991,29,-172.99,12.27,140.26,0.0690,0.0227,0,collision,
5992,268,431.31,9.83,1101.37,0.0000,0.0262,1,goal,
5993,74,-126.17,15.36,7.91,0.0000,0.0226,0,collision,
5994,70,-156.67,6.98,503.41,0.0286,0.0448,0,collision,
5995,53,-199.75,9.30,193.04,0.0000,0.0454,0,collision,
5996,249,-133.79,9.61,842.63,0.0000,0.0055,0,collision,
5997,97,-158.24,6.98,388.15,0.0206,0.1369,0,collision,
5998,64,-154.44,15.64,87.91,0.0312,0.0391,0,collision,
2741,420,-141.28,4.92,1924.77,0.0000,0.0366,0,collision,
2742,349,156.59,6.59,850.81,0.0000,0.0059,1,goal,
2743,75,-188.34,8.64,364.88,0.0000,0.0700,0,collision,
2744,341,327.09,8.95,1108.81,0.0000,0.0152,1,goal,
2745,222,331.05,11.19,432.18,0.0000,0.0000,1,goal,
2746,368,-182.69,5.50,1335.26,0.0054,0.0870,0,collision,
2747,119,330.33,18.96,-233.34,0.0000,0.0060,1,goal,
2748,345,-122.76,4.65,1320.37,0.0000,0.0351,0,collision,
2749,215,-206.88,6.80,840.49,0.0000,0.0243,0,collision,
2750,132,-179.07,5.01,441.11,0.0000,0.0942,0,collision,
5999,520,-79.61,9.44,1589.74,0.0000,0.0072,0,collision,
6000,86,-104.01,18.23,-56.75,0.0233,0.0116,0,collision,
6001,25,-191.67,7.09,92.15,0.0000,0.1312,0,collision,
6002,369,-254.60,5.86,1134.18,0.0000,0.0658,0,collision,
6003,186,-105.43,11.47,92.69,0.0000,0.0183,0,collision,
6004,144,-166.19,4.32,628.11,0.0000,0.0033,0,collision,
6005,291,335.35,8.06,1088.74,0.0000,0.0036,1,goal,
6006,264,-215.13,3.82,893.35,0.0000,0.0509,0,collision,
6007,85,-157.24,11.88,256.24,0.0000,0.0072,0,collision,
6008,173,-140.07,10.19,142.04,0.0000,0.1616,0,collision,
6009,187,-182.75,3.96,621.75,0.0107,0.0219,0,collision,
6010,264,-224.38,6.61,785.82,0.0000,0.0133,0,collision,
6011,341,387.47,7.52,1460.94,0.0000,0.0022,1,goal,
6012,191,-42.61,9.68,694.32,0.0105,0.0395,0,collision,
6013,563,-68.83,4.97,1578.61,0.0000,0.0209,1,goal,
6014,100,304.52,23.32,1.96,0.0000,0.0000,1,goal,
6015,327,-529.34,1.63,604.48,0.0061,0.0254,0,collision,
6016,107,-239.63,5.97,340.24,0.0000,0.0094,0,collision,
2751,96,-224.26,5.74,331.41,0.0208,0.0417,0,collision,
2752,76,-117.03,15.02,190.86,0.0263,0.0062,0,collision,
2753,62,-129.18,15.71,159.28,0.0323,0.0221,0,collision,
2754,93,-145.33,6.23,533.22,0.0215,0.0831,0,collision,
2755,2,-201.21,0.00,0.10,1.0000,0.0000,0,collision,
2756,300,312.50,7.68,1203.00,0.0000,0.0323,1,goal,
2757,278,-246.55,6.79,1080.30,0.0072,0.0219,0,collision,
2758,47,-185.89,13.54,47.38,0.0426,0.0154,0,collision,
2759,34,-170.15,8.15,165.71,0.0588,0.0284,0,collision,
2760,17,-201.81,3.97,80.57,0.1176,0.0371,0,collision,
6017,146,-173.12,4.89,656.82,0.0000,0.0463,0,collision,
6018,257,-12.15,8.23,1014.41,0.0000,0.0131,0,collision,
6019,37,-205.98,3.50,178.75,0.0000,0.0000,0,collision,
6020,52,-166.64,12.10,37.31,0.0000,0.0347,0,collision,
6021,118,-147.33,7.63,438.38,0.0000,0.0044,0,collision,
6022,224,-186.69,6.27,944.04,0.0000,0.0115,0,collision,
6023,74,-169.88,9.94,145.19,0.0270,0.0538,0,collision,
6024,128,-95.55,11.81,237.95,0.0156,0.0052,0,collision,
6025,217,-187.23,5.29,1280.41,0.0092,0.0219,0,collision,
6026,116,-48.32,18.11,-28.00,0.0172,0.0099,0,collision,
6027,328,268.62,7.70,1058.30,0.0000,0.0084,1,goal,
6028,139,-205.75,2.56,398.22,0.0144,0.0096,0,collision,
6029,180,-71.97,11.25,486.55,0.0111,0.0173,0,collision,
6030,181,-123.37,12.07,341.03,0.0110,0.0288,0,collision,
6031,237,393.68,9.57,862.96,0.0000,0.0132,1,goal,
6032,629,-142.78,4.64,1650.86,0.0000,0.0232,1,goal,
6033,172,-279.24,3.68,613.08,0.0116,0.0014,0,collision,
6034,60,-145.61,10.97,319.02,0.0333,0.0191,0,collision,
6035,232,308.41,10.34,456.04,0.0000,0.0077,1,goal,
6036,361,305.20,6.42,1386.59,0.0000,0.0023,1,goal,
6037,61,-177.32,4.38,272.13,0.0328,0.1089,0,collision,
2761,113,-158.78,12.52,277.85,0.0000,0.0580,0,collision,
2762,117,-118.12,14.89,189.40,0.0171,0.0160,0,collision,
2763,186,-219.01,7.38,604.91,0.0000,0.0220,0,collision,
2764,86,-216.69,8.14,304.39,0.0233,0.0108,0,collision,
2765,35,-186.75,13.38,93.26,0.0000,0.0323,0,collision,
2766,24,-191.08,3.38,97.72,0.0833,0.0000,0,collision,
2767,58,-213.15,4.75,335.12,0.0000,0.0579,0,collision,
2768,88,-86.72,18.12,-16.98,0.0000,0.0083,0,collision,
2769,204,-318.60,3.31,814.93,0.0098,0.0208,0,collision,
2770,393,-150.98,6.41,1339.34,0.0051,0.0367,0,collision,
6038,441,-370.57,4.10,1182.62,0.0045,0.0038,0,collision,
6039,63,-150.97,7.25,347.37,0.0317,0.0000,0,collision,
6040,108,-139.91,14.51,-65.08,0.0000,0.0159,0,collision,
6041,112,-190.29,3.56,415.16,0.0000,0.0001,0,collision,
6042,408,403.48,6.85,1729.79,0.0000,0.0159,1,goal,
6043,221,-307.62,5.61,731.66,0.0000,0.0404,0,collision,
6044,141,-188.43,4.62,287.80,0.0000,0.0749,0,collision,
6045,523,187.96,5.12,2132.07,0.0000,0.0064,1,goal,
6046,3,-201.69,0.69,2.61,0.6667,0.0000,0,collision,
6047,333,-65.93,7.28,1097.40,0.0000,0.0040,0,collision,
6048,40,-207.95,5.32,162.45,0.0000,0.0882,0,collision,
6049,183,-169.33,7.50,413.91,0.0109,0.0165,0,collision,
6050,36,-171.68,17.56,-22.44,0.0000,0.0001,0,collision,
6051,126,-52.48,17.89,-116.54,0.0159,0.0117,0,collision,
6052,63,-122.78,17.84,41.67,0.0317,0.0188,0,collision,
6053,237,-194.14,7.81,687.78,0.0000,0.0066,0,collision,
6054,172,-122.29,11.59,405.63,0.0000,0.0661,0,collision,
6055,239,-127.51,8.11,781.23,0.0000,0.0123,0,collision,
6056,55,-135.80,18.99,-20.77,0.0000,0.0735,0,collision,
6057,118,-74.52,12.59,115.60,0.0169,0.0037,0,collision,
6058,29,-210.76,1.87,59.39,0.0000,0.0827,0,collision,
6059,122,-141.24,10.30,353.55,0.0000,0.0384,0,collision,
6060,12,-196.91,4.65,63.87,0.1667,0.0000,0,collision,
6061,58,-137.86,15.40,151.22,0.0000,0.0057,0,collision,
6062,48,-149.47,23.70,-6.32,0.0000,0.0262,0,collision,
6063,79,-244.85,2.59,246.89,0.0000,0.0193,0,collision,
6064,164,-67.38,12.01,498.48,0.0000,0.0131,0,collision,
6065,138,-148.18,5.20,611.00,0.0000,0.0000,0,collision,
2771,223,-192.95,6.21,894.99,0.0090,0.0000,0,collision,
2772,83,-202.95,7.98,342.11,0.0000,0.1318,0,collision,
2773,57,-185.32,5.47,330.09,0.0351,0.0000,0,collision,
2774,84,-184.30,8.31,414.06,0.0000,0.0195,0,collision,
2775,166,-202.28,7.42,694.68,0.0000,0.0496,0,collision,
2776,96,-96.85,15.77,27.62,0.0208,0.0092,0,collision,
2777,37,-172.50,11.32,102.78,0.0000,0.0607,0,collision,
2778,108,-98.88,10.15,460.10,0.0185,0.0000,0,collision,
2779,147,-135.91,6.20,756.62,0.0136,0.0023,0,collision,
2780,185,-35.98,12.50,425.35,0.0108,0.0048,0,collision,
6066,389,-424.47,4.64,588.73,0.0051,0.0000,0,collision,
6067,68,-207.92,4.94,332.79,0.0000,0.0000,0,collision,
6068,91,-88.16,15.62,-4.15,0.0000,0.0195,0,collision,
6069,61,-196.27,4.62,181.77,0.0328,0.1143,0,collision,
6070,50,-177.26,4.67,271.46,0.0400,0.0000,0,collision,
6071,156,364.64,14.47,157.72,0.0000,0.0026,1,goal,
6072,162,-153.87,4.89,771.34,0.0123,0.0171,0,collision,
6073,108,-173.10,6.26,331.44,0.0185,0.1237,0,collision,
6074,214,-133.65,5.62,625.72,0.0000,0.0199,0,collision,
6075,197,-135.32,9.03,520.91,0.0102,0.0297,0,collision,
6076,210,-167.35,9.84,510.03,0.0000,0.0243,0,collision,
6077,61,-147.18,15.97,68.32,0.0328,0.0287,0,collision,
6078,281,423.82,8.45,1233.04,0.0000,0.0035,1,goal,
6079,297,-54.22,7.17,769.69,0.0067,0.0416,0,collision,
6080,166,-60.27,11.60,607.90,0.0000,0.0257,0,collision,
6081,152,379.43,17.22,25.61,0.0000,0.0000,1,goal,
6082,112,-95.59,14.81,-12.46,0.0179,0.0494,0,collision,
6083,65,-134.93,18.43,-42.11,0.0308,0.0051,0,collision,
6084,134,-84.95,11.98,251.59,0.0000,0.0138,0,collision,
6085,198,-118.18,7.06,849.38,0.0101,0.0516,0,collision,
6086,38,-196.59,5.82,220.60,0.0526,0.0000,0,collision,
6087,59,-160.62,11.08,12.26,0.0339,0.0208,0,collision,
6088,298,-136.78,7.61,973.55,0.0000,0.0182,0,collision,
6089,370,-88.95,5.37,1479.64,0.0054,0.0349,0,collision,
6090,74,-158.24,5.32,383.73,0.0270,0.0000,0,collision,
6091,52,-168.81,4.83,323.17,0.0000,0.0000,0,collision,
6092,88,-164.33,7.88,216.44,0.0227,0.2597,0,collision,
2781,46,-163.51,7.04,332.16,0.0000,0.0842,0,collision,
2782,255,-206.28,2.95,854.67,0.0078,0.0021,0,collision,
2783,439,262.06,5.41,1656.82,0.0000,0.0452,1,goal,
2784,35,-201.45,3.51,106.02,0.0000,0.0000,0,collision,
2785,44,-156.18,13.76,114.89,0.0027,0.0165,0,collision,
2786,71,-128.27,19.50,-123.73,0.0282,0.0082,0,collision,
2787,66,-171.61,10.48,345.46,0.0303,0.0186,0,collision,
2788,212,337.98,10.55,660.41,0.0000,0.0000,1,goal,
2789,93,-242.97,5.17,355.52,0.0000,0.1321,0,collision,
2790,361,-84.10,5.19,1292.03,0.0000,0.0000,0,collision,
6093,315,-294.80,4.59,835.05,0.0063,0.0370,0,collision,
6094,17,-192.79,3.97,80.45,0.1176,0.0000,0,collision,
6095,176,-113.10,10.69,272.68,0.0000,0.0344,0,collision,
6096,193,-149.57,7.53,633.07,0.0104,0.0042,0,collision,
6097,372,-180.20,4.26,1484.64,0.0054,0.0281,0,collision,
6098,199,-118.77,6.73,603.77,0.0101,0.0000,0,collision,
6099,320,-258.93,5.53,1050.98,0.0063,0.0102,0,collision,
6100,19,-195.62,3.11,78.68,0.0000,0.0000,0,collision,
6101,33,-167.40,12.32,100.84,0.0606,0.0000,0,collision,
6102,83,-150.81,8.18,283.32,0.0241,0.1298,0,collision,
6103,73,-135.76,9.45,232.97,0.0274,0.0957,0,collision,
6104,420,266.56,6.87,1517.84,0.0000,0.0256,1,goal,
6105,1,-200.00,0.00,0.00,0.0000,0.0000,0,collision,
6106,284,-240.10,6.39,923.71,0.0000,0.0368,0,collision,
6107,349,-176.35,4.98,1462.07,0.0057,0.0163,0,collision,
6108,313,-229.36,4.71,1203.77,0.0064,0.0266,0,collision,
6109,135,-97.06,13.27,88.18,0.0148,0.0220,0,collision,
6110,15,-196.41,2.95,55.55,0.0000,0.0000,0,collision,
6111,99,-240.76,3.13,351.46,0.0000,0.0000,0,collision,
6112,51,-137.55,13.86,199.95,0.0392,0.0000,0,collision,
6113,424,318.01,5.88,2085.99,0.0000,0.0000,1,goal,
6114,24,-205.81,3.58,97.14,0.0833,0.0106,0,collision,
6115,179,-273.57,3.63,626.01,0.0000,0.0913,0,collision,
2791,48,-186.06,3.07,167.95,0.0000,0.1415,0,collision,
2792,360,357.91,7.66,1182.96,0.0000,0.0023,1,goal,
2793,116,-159.18,7.06,431.49,0.0172,0.0071,0,collision,
2794,260,372.16,8.92,646.04,0.0000,0.0288,1,goal,
2795,559,212.41,5.26,1335.46,0.0000,0.0002,1,goal,
2796,313,-253.28,6.74,612.22,0.0064,0.0280,0,collision,
2797,470,430.29,5.93,2099.65,0.0000,0.0057,1,goal,
2798,69,-192.16,3.60,262.50,0.0290,0.0089,0,collision,
2799,208,334.35,11.83,333.24,0.0000,0.0001,1,goal,
2800,359,-68.78,6.44,1248.66,0.0056,0.0146,0,collision,
6116,93,-166.43,7.09,459.12,0.0000,0.0163,0,collision,
6117,123,-130.46,6.75,443.97,0.0000,0.0233,0,collision,
6118,170,-243.56,3.67,716.53,0.0000,0.0323,0,collision,
6119,32,-201.11,4.66,175.05,0.0625,0.0310,0,collision,
6120,11,-196.13,2.79,42.50,0.1818,0.0000,0,collision,
6121,127,325.14,18.03,9.01,0.0000,0.0029,1,goal,
6122,411,14.19,6.96,2384.16,0.0000,0.0151,0,collision,
6123,262,-190.49,5.40,792.16,0.0076,0.1001,0,collision,
6124,360,315.38,8.04,1168.39,0.0000,0.0023,1,goal,
6125,106,-222.23,1.94,228.61,0.0000,0.1041,0,collision,
6126,250,444.05,10.72,905.30,0.0000,0.0000,1,goal,
6127,121,-105.51,8.56,604.80,0.0000,0.0412,0,collision,
6128,34,-221.88,3.38,129.96,0.0588,0.0000,0,collision,
6129,259,355.62,9.21,1051.09,0.0000,0.0000,1,goal,
6130,99,-199.83,5.93,452.25,0.0000,0.0000,0,collision,
6131,150,-62.04,13.66,115.28,0.0133,0.0349,0,collision,
6132,293,-238.62,6.09,793.24,0.0000,0.0634,0,collision,
6133,60,-179.11,7.77,123.78,0.0333,0.1027,0,collision,
6134,25,-189.51,3.71,104.35,0.0800,0.0000,0,collision,
6135,213,-334.13,3.24,496.08,0.0000,0.0019,0,collision,
6136,45,-191.77,6.03,107.66,0.0000,0.0000,0,collision,
6137,174,-153.86,3.81,678.41,0.0000,0.0803,0,collision,
6138,485,283.87,5.95,2133.23,0.0000,0.0000,1,goal,
6139,138,-148.03,4.81,536.77,0.0000,0.0378,0,collision,
6140,8,-204.27,1.18,9.70,0.2500,0.0483,0,collision,
6141,35,-167.91,13.09,107.43,0.0571,0.1147,0,collision,
6142,42,-221.22,2.94,138.51,0.0000,0.0501,0,collision,
2801,158,-105.98,7.60,695.11,0.0000,0.0008,0,collision,
2802,138,-118.60,8.66,716.52,0.0145,0.0816,0,collision,
2803,58,-132.34,20.43,113.39,0.0345,0.0063,0,collision,
2804,344,278.72,8.06,981.86,0.0000,0.0107,1,goal,
2805,23,-197.45,3.38,89.39,0.0000,0.3438,0,collision,
2806,30,-222.43,1.95,63.57,0.0667,0.0000,0,collision,
2807,38,-188.39,4.15,155.29,0.0526,0.0000,0,collision,
2808,342,-223.11,6.34,1422.54,0.0000,0.0000,0,collision,
2809,50,-167.27,5.90,319.75,0.0000,0.0000,0,collision,
2810,312,-372.42,3.78,920.50,0.0000,0.0000,0,collision,
6143,57,-199.79,9.55,181.98,0.0351,0.0497,0,collision,
6144,59,-165.95,6.33,278.60,0.0339,0.0000,0,collision,
6145,218,390.89,12.51,410.86,0.0000,0.0024,1,goal,
6146,153,-99.14,8.62,582.11,0.0000,0.0045,0,collision,
6147,121,-141.66,10.05,192.07,0.0165,0.0427,0,collision,
6148,287,-51.15,7.25,1004.62,0.0070,0.0255,0,collision,
6149,134,-67.71,9.95,473.48,0.0149,0.0109,0,collision,
6150,58,-173.57,10.85,220.03,0.0345,0.0304,0,collision,
6151,6,-203.44,1.58,9.93,0.3333,0.0000,0,collision,
6152,40,-219.51,2.95,132.15,0.0000,0.0000,0,collision,
6153,238,-83.42,9.52,704.01,0.0084,0.0242,0,collision,
6154,64,-141.46,11.98,122.04,0.0312,0.0952,0,collision,
6155,6,-199.73,2.65,23.52,0.3333,0.0000,0,collision,
6156,214,-102.32,9.63,683.23,0.0093,0.0000,0,collision,
6157,372,168.55,6.81,658.31,0.0000,0.0033,1,goal,
6158,10,-198.73,2.81,37.32,0.2000,0.0000,0,collision,
6159,590,28.01,4.50,1679.64,0.0000,0.0127,1,goal,
6160,310,400.73,9.48,571.46,0.0000,0.0000,1,goal,
6161,32,-158.72,19.16,79.21,0.0000,0.0468,0,collision,
6162,10,-196.19,2.84,37.04,0.0000,0.0000,0,collision,
6163,35,-174.21,5.01,200.59,0.0000,0.0000,0,collision,
6164,11,-194.46,4.63,99.77,0.1818,0.0000,0,collision,
6165,291,-442.26,1.87,621.31,0.0000,0.0067,0,collision,
6166,41,-225.47,2.70,123.58,0.0488,0.0332,0,collision,
6167,163,-203.11,3.66,566.31,0.0000,0.1582,0,collision,
6168,21,-211.23,1.20,25.71,0.0952,0.0000,0,collision,
6169,355,48.18,7.21,1792.33,0.0000,0.0244,0,collision,
6170,209,-291.67,3.58,898.28,0.0000,0.0068,0,collision,
2811,402,-88.83,4.79,1620.50,0.0000,0.0379,0,collision,
2812,288,-198.57,4.75,1256.93,0.0069,0.0591,0,collision,
2813,64,-225.83,3.63,262.83,0.0312,0.0282,0,collision,
2814,65,-204.22,2.50,181.44,0.0000,0.0084,0,collision,
2815,101,-210.90,2.48,280.12,0.0198,0.0365,0,collision,
2816,585,70.12,4.53,2014.48,0.0000,0.0249,1,goal,
2817,334,-220.19,5.65,1333.53,0.0060,0.0084,0,collision,
2818,361,-185.48,5.90,1236.07,0.0055,0.0116,0,collision,
2819,101,-165.83,4.56,356.37,0.0000,0.0002,0,collision,
2820,93,-155.04,8.68,246.64,0.0215,0.0199,0,collision,
6171,315,-202.67,7.37,1482.31,0.0000,0.0407,0,collision,
6172,23,-209.94,1.47,35.51,0.0000,0.0030,0,collision,
6173,23,-178.32,6.94,190.91,0.0000,0.0000,0,collision,
6174,118,-177.13,7.53,547.93,0.0000,0.0341,0,collision,
6175,14,-206.65,1.35,19.31,0.1429,0.1157,0,collision,
6176,194,-102.30,7.15,642.73,0.0103,0.0192,0,collision,
6177,61,-139.46,11.29,157.80,0.0000,0.0263,0,collision,
6178,464,-338.20,4.36,1282.59,0.0000,0.0111,0,collision,
6179,477,-191.62,5.31,1445.15,0.0000,0.0114,0,collision,
6180,162,-209.94,6.53,372.78,0.0000,0.0000,0,collision,
6181,228,-78.24,7.51,853.45,0.0088,0.0094,0,collision,
6182,120,-169.68,3.66,498.18,0.0000,0.0087,0,collision,
6183,315,361.48,7.37,1330.29,0.0000,0.0220,1,goal,
6184,187,-81.36,8.38,885.99,0.0000,0.0014,0,collision,
6185,59,-206.84,6.83,197.04,0.0000,0.0143,0,collision,
6186,497,-43.12,5.88,2204.60,0.0040,0.0211,0,collision,
6187,203,-198.46,5.72,1135.53,0.0099,0.0240,0,collision,
6188,327,-254.73,4.91,1457.22,0.0061,0.0683,0,collision,
6189,311,-74.93,6.31,1026.96,0.0000,0.0690,0,collision,
2821,187,-101.54,12.02,163.16,0.0107,0.0095,0,collision,
2822,107,-37.64,25.87,-229.25,0.0000,0.0062,0,collision,
2823,237,346.51,9.91,842.42,0.0000,0.0000,1,goal,
2824,137,-175.20,7.36,623.94,0.0000,0.0025,0,collision,
2825,288,402.57,9.17,701.01,0.0000,0.0106,1,goal,
2826,141,-152.55,5.94,607.62,0.0142,0.0846,0,collision,
2827,168,317.86,15.15,370.32,0.0000,0.0708,1,goal,
2828,113,-183.55,5.40,521.37,0.0000,0.0507,0,collision,
2829,255,313.70,10.15,650.03,0.0000,0.0000,1,goal,
2830,39,-174.66,7.03,174.65,0.0000,0.0296,0,collision,
6190,211,-316.44,3.23,818.90,0.0095,0.0253,0,collision,
6191,61,-166.07,9.40,67.67,0.0328,0.0354,0,collision,
6192,326,371.63,7.05,1328.52,0.0000,0.0161,1,goal,
6193,264,225.97,8.72,353.13,0.0000,0.0083,1,goal,
6194,28,-184.55,9.71,93.22,0.0714,0.0366,0,collision,
6195,178,-31.48,12.83,351.10,0.0112,0.0073,0,collision,
6196,305,317.31,8.00,739.97,0.0000,0.1082,1,goal,
6197,379,385.25,7.49,1647.53,0.0000,0.0154,1,goal,
6198,445,-242.00,5.35,1635.14,0.0000,0.0199,0,collision,
6199,401,335.16,7.11,1493.74,0.0000,0.0058,1,goal,
6200,198,-166.51,6.74,723.75,0.0101,0.0121,0,collision,
6201,107,-164.87,3.99,377.43,0.0000,0.0000,0,collision,
6202,202,368.81,12.43,806.33,0.0000,0.0179,1,goal,
6203,141,-174.53,6.38,841.56,0.0000,0.0162,0,collision,
6204,20,-178.90,18.44,69.12,0.1000,0.0632,0,collision,
6205,223,-145.33,6.93,839.37,0.0000,0.0664,0,collision,
6206,95,-109.89,10.86,284.20,0.0000,0.0269,0,collision,
6207,78,-129.82,15.39,110.40,0.0256,0.0065,0,collision,
6208,131,-154.42,7.07,537.42,0.0000,0.0750,0,collision,
6209,49,-141.59,16.90,90.05,0.0000,0.0261,0,collision,
6210,260,-60.99,8.53,924.05,0.0077,0.0086,0,collision,
2831,334,-131.03,5.27,1464.07,0.0060,0.0044,0,collision,
2832,65,-200.29,6.33,247.94,0.0308,0.0083,0,collision,
2833,34,-178.87,6.69,234.77,0.0588,0.1858,0,collision,
2834,82,-179.65,7.07,131.33,0.0244,0.0291,0,collision,
2835,380,318.68,6.63,1175.12,0.0000,0.0056,1,goal,
2836,54,-188.61,7.66,285.28,0.0370,0.0000,0,collision,
2837,64,-150.77,8.56,305.45,0.0000,0.0221,0,collision,
2838,194,-91.08,11.71,445.60,0.0103,0.0245,0,collision,
2839,206,-58.47,12.47,306.10,0.0000,0.0000,0,collision,
2840,60,-189.54,8.71,366.28,0.0333,0.0582,0,collision,
6211,95,-218.52,6.90,356.08,0.0211,0.1025,0,collision,
6212,93,-110.38,12.74,360.84,0.0000,0.0278,0,collision,
6213,73,-194.83,3.21,242.50,0.0000,0.0221,0,collision,
6214,138,332.21,16.23,-94.47,0.0000,0.0307,1,goal,
6215,205,-356.08,4.61,332.88,0.0000,0.0273,0,collision,
6216,335,-163.50,8.32,597.49,0.0000,0.0186,0,collision,
6217,331,233.93,8.95,962.37,0.0000,0.0024,1,goal,
6218,49,-166.82,8.30,297.44,0.0000,0.0814,0,collision,
6219,112,-136.73,12.30,95.96,0.0000,0.0069,0,collision,
6220,111,-122.90,10.79,373.74,0.0000,0.0220,0,collision,
6221,340,-164.18,5.31,1323.24,0.0059,0.0118,0,collision,
6222,49,-152.10,11.46,116.95,0.0000,0.0123,0,collision,
6223,45,-151.82,11.48,263.35,0.0444,0.0543,0,collision,
6224,401,-302.90,4.33,1445.13,0.0000,0.0186,0,collision,
6225,228,-77.80,10.11,856.40,0.0088,0.0022,0,collision,
6226,41,-208.61,3.94,182.86,0.0488,0.0198,0,collision,
6227,64,-140.08,12.41,163.56,0.0312,0.0558,0,collision,
6228,76,-128.67,16.73,38.42,0.0000,0.0318,0,collision,
6229,55,-143.19,11.42,114.53,0.0000,0.0811,0,collision,
6230,97,-117.07,8.59,617.15,0.0000,0.0223,0,collision,
6231,241,-188.71,7.49,868.40,0.0083,0.0382,0,collision,
6232,208,-133.53,6.78,324.94,0.0000,0.0084,0,collision,
6233,311,360.99,9.33,1173.36,0.0000,0.0009,1,goal,
6234,53,-184.63,12.49,95.30,0.0377,0.0449,0,collision,
6235,23,-209.38,2.97,86.58,0.0870,0.0000,0,collision,
6236,129,-79.47,12.52,192.15,0.0155,0.0137,0,collision,
2841,288,-76.68,5.39,1357.10,0.0069,0.0745,0,collision,
2842,162,-85.02,7.99,771.36,0.0000,0.0000,0,collision,
2843,6,-204.65,0.35,2.14,0.3333,0.0000,0,collision,
2844,380,-185.07,5.90,1388.24,0.0053,0.0145,0,collision,
2845,127,-98.34,8.49,652.99,0.0157,0.0546,0,collision,
2846,112,-134.01,5.81,574.55,0.0179,0.0510,0,collision,
2847,275,-110.15,5.47,1102.43,0.0000,0.0000,0,collision,
2848,80,-150.38,9.11,156.73,0.0000,0.0000,0,collision,
2849,117,-106.35,11.88,400.54,0.0000,0.0474,0,collision,
2850,171,-99.22,10.63,578.94,0.0000,0.0026,0,collision,
6237,343,-103.23,6.94,1500.54,0.0058,0.0162,0,collision,
6238,121,-134.56,9.20,298.61,0.0000,0.0111,0,collision,
6239,95,-228.15,7.00,149.47,0.0000,0.0000,0,collision,
6240,317,-13.76,6.57,1685.49,0.0063,0.0210,0,collision,
6241,74,-245.39,2.32,189.79,0.0270,0.0199,0,collision,
6242,294,-107.30,8.11,797.31,0.0068,0.0093,0,collision,
6243,573,74.52,4.92,1848.89,0.0000,0.0039,1,goal,
6244,139,-140.73,8.53,293.58,0.0144,0.0879,0,collision,
6245,320,-291.19,4.17,1145.82,0.0063,0.0193,0,collision,
6246,288,363.38,8.57,1086.78,0.0000,0.0129,1,goal,
6247,35,-218.88,2.21,88.79,0.0000,0.0000,0,collision,
6248,7,-209.33,0.59,3.89,0.2857,0.0000,0,collision,
6249,70,-269.98,1.51,114.48,0.0286,0.0287,0,collision,
6250,250,314.28,8.54,800.08,0.0000,0.0048,1,goal,
6251,286,-82.87,9.58,636.91,0.0000,0.0012,0,collision,
6252,100,-223.51,2.81,313.38,0.0200,0.2188,0,collision,
6253,71,-170.24,4.27,346.93,0.0282,0.0070,0,collision,
6254,36,-212.31,1.64,62.28,0.0000,0.0000,0,collision,
6255,68,-153.37,12.35,103.64,0.0294,0.0559,0,collision,
6256,251,358.20,9.83,928.62,0.0000,0.0004,1,goal,
6257,32,-193.54,3.11,113.41,0.0625,0.0000,0,collision,
6258,335,-21.80,8.08,1699.09,0.0060,0.0245,0,collision,
6259,95,-194.81,9.91,136.24,0.0000,0.0271,0,collision,
6260,52,-214.76,6.91,54.91,0.0000,0.0000,0,collision,
2851,124,-203.15,2.67,370.07,0.0000,0.0180,0,collision,
2852,422,355.36,6.65,1619.31,0.0000,0.0026,1,goal,
2853,380,-252.17,4.78,1270.00,0.0053,0.0626,0,collision,
2854,219,-110.42,8.01,596.66,0.0000,0.1385,0,collision,
2855,413,228.21,6.07,1613.11,0.0000,0.0072,1,goal,
2856,100,-223.58,3.00,304.76,0.0200,0.2802,0,collision,
2857,135,-94.92,16.16,12.84,0.0148,0.0000,0,collision,
2858,41,-150.12,22.19,1.47,0.0000,0.0108,0,collision,
2859,195,-255.18,3.12,687.71,0.0103,0.0111,0,collision,
2860,319,401.98,8.40,1263.78,0.0000,0.0180,1,goal,
6261,84,-216.69,8.61,184.14,0.0000,0.0149,0,collision,
6262,129,-158.53,6.50,556.89,0.0155,0.0991,0,collision,
6263,59,-177.91,4.36,295.82,0.0000,0.0366,0,collision,
6264,164,-165.96,4.44,657.44,0.0000,0.0708,0,collision,
6265,293,-153.16,7.50,1353.12,0.0000,0.0317,0,collision,
6266,96,-217.03,8.72,210.24,0.0208,0.0000,0,collision,
6267,354,-111.24,5.69,1108.96,0.0000,0.0318,0,collision,
6268,261,312.43,9.68,785.76,0.0000,0.0000,1,goal,
6269,185,-152.50,8.35,788.25,0.0000,0.0248,0,collision,
6270,209,-142.67,7.64,656.05,0.0096,0.0095,0,collision,
6271,222,-58.41,13.51,420.99,0.0000,0.0265,0,collision,
6272,130,-71.97,19.43,-72.35,0.0000,0.0028,0,collision,
6273,280,-143.05,5.07,687.12,0.0071,0.0187,0,collision,
6274,72,-137.49,8.51,473.54,0.0278,0.0000,0,collision,
6275,435,193.58,6.51,1532.84,0.0000,0.0258,1,goal,
6276,65,-197.49,4.33,293.42,0.0308,0.1101,0,collision,
6277,137,-164.39,4.94,381.37,0.0000,0.0002,0,collision,
6278,23,-207.71,1.91,60.17,0.0000,0.0000,0,collision,
6279,439,-183.96,4.84,1755.75,0.0046,0.0045,0,collision,
6280,294,-205.48,5.02,787.28,0.0068,0.0149,0,collision,
6281,70,-193.10,3.97,284.89,0.0000,0.1374,0,collision,
2861,68,-198.42,9.71,128.91,0.0000,0.0449,0,collision,
2862,182,-82.17,7.29,783.82,0.0110,0.0242,0,collision,
2863,63,-130.87,9.71,494.57,0.0317,0.0142,0,collision,
2864,303,302.72,9.56,1124.34,0.0000,0.0225,1,goal,
2865,158,-163.28,9.76,196.16,0.0127,0.0291,0,collision,
2866,222,-148.61,11.84,325.91,0.0000,0.0081,0,collision,
2867,93,-154.66,6.82,243.09,0.0000,0.0356,0,collision,
2868,49,-173.95,13.14,254.44,0.0000,0.0252,0,collision,
2869,359,-238.22,4.53,1151.75,0.0056,0.0325,0,collision,
2870,291,384.12,8.61,1274.67,0.0000,0.0000,1,goal,
6282,341,-198.63,8.70,1232.56,0.0000,0.0113,0,collision,
6283,143,-154.30,4.93,607.10,0.0000,0.0115,0,collision,
6284,366,200.91,6.27,792.36,0.0000,0.0425,1,goal,
6285,131,-64.77,9.62,711.39,0.0153,0.0720,0,collision,
6286,43,-192.15,3.76,192.88,0.0000,0.0325,0,collision,
6287,178,-82.33,11.13,636.50,0.0112,0.0757,0,collision,
6288,31,-197.85,6.99,236.63,0.0000,0.0215,0,collision,
6289,237,-220.31,6.48,896.54,0.0000,0.0369,0,collision,
6290,240,327.30,9.28,896.47,0.0000,0.0057,1,goal,
6291,215,-155.89,7.40,955.47,0.0093,0.0224,0,collision,
6292,141,379.42,19.01,51.46,0.0000,0.0000,1,goal,
6293,5,-202.45,1.25,10.14,0.0000,0.6992,0,collision,
6294,454,174.33,6.12,1243.72,0.0000,0.0103,1,goal,
6295,184,-223.90,7.37,592.77,0.0000,0.0196,0,collision,
6296,123,-159.16,6.80,282.81,0.0000,0.0563,0,collision,
6297,154,-89.45,8.29,780.47,0.0130,0.0644,0,collision,
6298,48,-165.70,16.09,69.52,0.0000,0.0000,0,collision,
6299,238,322.13,9.34,727.24,0.0000,0.0000,1,goal,
6300,245,-351.73,3.80,565.24,0.0000,0.1441,0,collision,
6301,404,-130.68,4.21,1372.29,0.0000,0.0194,0,collision,
6302,159,-99.32,8.60,438.33,0.0126,0.0063,0,collision,
2871,45,-240.91,2.02,117.23,0.0444,0.0663,0,collision,
2872,54,-136.18,18.26,-59.03,0.0000,0.0223,0,collision,
2873,32,-200.96,2.31,81.57,0.0625,0.0000,0,collision,
2874,46,-183.51,5.82,211.25,0.0435,0.0000,0,collision,
2875,452,-172.62,6.72,1933.51,0.0044,0.0207,0,collision,
2876,427,-172.87,6.74,1107.50,0.0047,0.0158,0,collision,
2877,114,-118.09,11.40,352.88,0.0175,0.0128,0,collision,
2878,198,-131.93,11.01,498.32,0.0101,0.0683,0,collision,
2879,207,-320.21,6.68,199.36,0.0000,0.0102,0,collision,
2880,430,293.99,6.81,1298.05,0.0000,0.0459,1,goal,
6303,266,-237.60,4.93,708.41,0.0000,0.0022,0,collision,
6304,34,-235.63,1.67,71.96,0.0588,0.0000,0,collision,
6305,30,-198.03,9.36,112.62,0.0667,0.0529,0,collision,
6306,121,-171.23,5.46,492.73,0.0165,0.0214,0,collision,
6307,149,-206.01,7.22,641.45,0.0134,0.0124,0,collision,
6308,54,-146.08,10.28,372.27,0.0370,0.0251,0,collision,
6309,98,-183.23,8.19,499.09,0.0204,0.0549,0,collision,
6310,125,-206.95,5.08,626.13,0.0160,0.0050,0,collision,
6311,58,-204.57,5.55,419.86,0.0000,0.0716,0,collision,
6312,62,-217.98,1.97,134.50,0.0323,0.0530,0,collision,
6313,71,-127.72,16.10,-36.50,0.0282,0.0540,0,collision,
6314,377,365.03,7.45,1768.41,0.0000,0.0057,1,goal,
6315,94,-136.27,11.74,316.12,0.0000,0.0307,0,collision,
6316,329,347.49,8.44,987.51,0.0000,0.0050,1,goal,
6317,89,-79.25,21.39,-162.03,0.0000,0.0263,0,collision,
6318,38,-200.03,2.46,106.09,0.0000,0.0000,0,collision,
6319,266,-103.43,6.22,1080.30,0.0000,0.0179,0,collision,
6320,314,-166.25,5.40,1250.95,0.0064,0.0073,0,collision,
6321,40,-190.21,3.33,158.17,0.0000,0.0000,0,collision,
6322,177,-210.75,6.37,935.61,0.0113,0.0122,0,collision,
6323,120,-238.61,5.59,463.02,0.0000,0.0103,0,collision,
6324,294,-285.82,4.43,850.24,0.0068,0.0550,0,collision,
6325,170,-60.88,12.72,285.56,0.0000,0.0000,0,collision,
6326,307,-282.32,7.13,583.01,0.0065,0.0297,0,collision,
6327,36,-181.78,5.52,195.49,0.0000,0.0000,0,collision,
6328,30,-213.98,2.72,91.18,0.0667,0.0478,0,collision,
6329,271,-472.29,2.51,478.44,0.0074,0.0198,0,collision,
6330,150,-96.09,13.70,378.36,0.0133,0.0522,0,collision,
2881,132,-50.99,17.08,-250.88,0.0152,0.0000,0,collision,
2882,322,329.54,8.42,1011.20,0.0000,0.0035,1,goal,
2883,212,-148.47,7.17,682.47,0.0000,0.0225,0,collision,
2884,509,-309.25,5.38,1234.89,0.0000,0.0151,0,collision,
2885,14,-205.82,4.30,94.26,0.1429,0.0000,0,collision,
2886,181,-302.83,3.92,484.17,0.0110,0.0039,0,collision,
2887,599,-63.26,4.86,2439.74,0.0000,0.0089,0,collision,
2888,512,288.32,5.02,2470.42,0.0000,0.0167,1,goal,
2889,57,-227.71,5.78,152.30,0.0000,0.0620,0,collision,
2890,44,-219.79,2.31,134.16,0.0000,0.0000,0,collision,
6331,142,-209.30,4.93,798.02,0.0141,0.0000,0,collision,
6332,226,-199.97,3.40,872.44,0.0088,0.0079,0,collision,
6333,430,299.94,5.74,1483.26,0.0000,0.0025,1,goal,
6334,252,-204.03,3.60,756.81,0.0000,0.0562,0,collision,
6335,171,-168.39,7.77,698.46,0.0000,0.0000,0,collision,
6336,443,-221.40,4.66,1177.96,0.0000,0.0134,0,collision,
6337,17,-193.40,3.41,73.88,0.1176,0.0000,0,collision,
6338,14,-196.76,2.96,47.00,0.0000,0.0000,0,collision,
6339,650,-648.34,3.58,1705.11,0.0031,0.0173,0,collision,
6340,297,-46.05,8.30,923.34,0.0067,0.0049,0,collision,
6341,135,-166.60,4.25,588.24,0.0148,0.0000,0,collision,
6342,283,-113.63,4.60,1243.66,0.0071,0.0103,0,collision,
6343,165,-168.73,6.70,630.57,0.0121,0.0253,0,collision,
6344,543,-213.31,3.42,2028.45,0.0037,0.0531,0,collision,
6345,49,-188.93,3.75,215.16,0.0408,0.0000,0,collision,
2891,25,-191.99,5.41,158.51,0.0800,0.0000,0,collision,
2892,85,-196.65,3.31,326.81,0.0000,0.0915,0,collision,
2893,205,-81.19,8.30,928.70,0.0098,0.0075,0,collision,
2894,174,-112.53,7.02,724.18,0.0115,0.0070,0,collision,
2895,526,5.57,4.35,1209.60,0.0000,0.0229,1,goal,
2896,138,-147.77,4.52,646.07,0.0145,0.0000,0,collision,
2897,154,-210.96,4.27,509.90,0.0130,0.0560,0,collision,
2898,86,-216.99,2.52,246.96,0.0000,0.1238,0,collision,
2899,220,-121.05,6.19,1057.11,0.0091,0.0026,0,collision,
2900,394,-100.88,7.20,1363.54,0.0051,0.0278,0,collision,
6346,726,-480.21,3.99,2621.53,0.0028,0.0180,0,collision,
6347,32,-200.16,7.82,158.70,0.0000,0.0769,0,collision,
6348,190,-163.55,6.13,750.25,0.0105,0.0169,0,collision,
6349,431,-119.06,5.52,2247.54,0.0000,0.0034,0,collision,
6350,77,-197.82,2.78,244.10,0.0000,0.0000,0,collision,
6351,103,-148.55,6.26,377.89,0.0194,0.0165,0,collision,
6352,2,-201.82,0.00,0.10,1.0000,0.0000,0,collision,
6353,524,233.72,4.37,2288.66,0.0000,0.0000,1,goal,
6354,201,-40.16,9.75,685.76,0.0100,0.0121,0,collision,
6355,54,-184.78,3.67,228.66,0.0000,0.0722,0,collision,
6356,137,-193.66,5.06,247.64,0.0146,0.1566,0,collision,
6357,222,-313.17,4.01,667.75,0.0000,0.0868,0,collision,
6358,138,-209.59,3.64,303.58,0.0145,0.1743,0,collision,
6359,52,-167.60,5.44,349.82,0.0385,0.0500,0,collision,
6360,131,-175.92,6.14,739.32,0.0153,0.0145,0,collision,
6361,336,-161.29,6.57,1164.87,0.0060,0.0093,0,collision,
6362,307,317.18,7.27,1217.01,0.0000,0.0015,1,goal,
6363,168,-224.77,5.57,824.96,0.0119,0.0471,0,collision,
6364,169,-284.93,3.83,495.86,0.0000,0.0224,0,collision,
6365,142,-114.58,10.81,323.88,0.0141,0.0183,0,collision,
2901,291,-101.64,6.28,1310.75,0.0069,0.0000,0,collision,
2902,132,344.77,17.47,-323.45,0.0000,0.0063,1,goal,
2903,72,-218.81,2.16,174.44,0.0278,0.2615,0,collision,
2904,74,-193.75,3.71,312.16,0.0270,0.1361,0,collision,
2905,117,-198.73,2.56,337.91,0.0171,0.0303,0,collision,
2906,192,-158.30,8.03,397.34,0.0000,0.1395,0,collision,
2907,43,-202.61,5.57,248.25,0.0000,0.0000,0,collision,
2908,314,-331.31,4.16,1205.62,0.0000,0.0131,0,collision,
2909,253,-94.36,5.41,1067.09,0.0000,0.0142,0,collision,
2910,172,-134.88,5.24,700.44,0.0116,0.0008,0,collision,
6366,332,-280.42,5.58,1203.65,0.0060,0.0115,0,collision,
6367,62,-134.60,20.96,88.96,0.0000,0.0083,0,collision,
6368,2,-200.64,0.75,1.37,0.1374,0.0000,0,collision,
6369,250,-115.16,5.55,1072.60,0.0080,0.0848,0,collision,
6370,288,-239.55,3.78,1244.57,0.0000,0.0096,0,collision,
6371,437,146.70,5.63,1492.10,0.0000,0.0254,1,goal,
6372,174,-144.26,7.45,353.95,0.0000,0.0389,0,collision,
6373,89,-120.07,9.36,320.34,0.0000,0.0219,0,collision,
6374,88,-163.09,7.34,349.56,0.0227,0.0114,0,collision,
6375,166,-176.81,6.84,408.56,0.0000,0.0036,0,collision,
6376,228,-366.49,2.61,574.36,0.0088,0.0121,0,collision,
6377,40,-181.75,4.32,197.57,0.0000,0.0000,0,collision,
6378,352,-123.49,4.51,1414.94,0.0057,0.0434,0,collision,
6379,189,-274.38,4.72,650.33,0.0106,0.0272,0,collision,
6380,103,-214.17,5.40,492.72,0.0000,0.0435,0,collision,
6381,181,-138.99,5.68,863.17,0.0110,0.0160,0,collision,
6382,191,339.79,10.07,467.49,0.0000,0.0137,1,goal,
6383,84,-206.01,6.28,197.26,0.0000,0.0085,0,collision,
6384,89,-167.11,10.31,387.16,0.0225,0.0723,0,collision,
6385,54,-184.27,10.70,192.40,0.0370,0.1120,0,collision,
6386,189,-271.71,4.39,636.54,0.0000,0.0563,0,collision,
6387,219,309.11,10.60,408.66,0.0000,0.0023,1,goal,
6388,62,-169.42,8.30,144.04,0.0323,0.1002,0,collision,
6389,65,-171.30,8.84,432.38,0.0000,0.0206,0,collision,
6390,42,-191.88,3.54,167.88,0.0000,0.0000,0,collision,
6391,306,304.84,8.14,1413.36,0.0000,0.0198,1,goal,
6392,38,-194.89,3.19,155.81,0.0526,0.0000,0,collision,
2911,302,-122.59,8.09,793.53,0.0000,0.0180,0,collision,
2912,104,-167.20,6.66,134.59,0.0192,0.1054,0,collision,
2913,149,-203.96,4.93,316.36,0.0000,0.0053,0,collision,
2914,137,-176.67,5.05,405.13,0.0146,0.0965,0,collision,
2915,413,-195.09,4.66,1919.49,0.0048,0.0241,0,collision,
2916,132,-86.23,13.09,267.49,0.0152,0.0111,0,collision,
2917,251,-160.73,5.88,1007.51,0.0080,0.0222,0,collision,
2918,101,-111.48,13.92,240.60,0.0198,0.1091,0,collision,
2919,165,-75.92,10.33,379.74,0.0121,0.0535,0,collision,
2920,173,-125.73,4.93,919.15,0.0000,0.0000,0,collision,
6393,392,-253.89,6.32,1791.08,0.0000,0.0013,0,collision,
6394,598,-484.99,4.18,1259.06,0.0033,0.0415,0,collision,
6395,219,-71.29,7.33,1094.49,0.0091,0.0013,0,collision,
6396,356,448.40,7.09,1813.60,0.0000,0.0000,1,goal,
6397,174,-182.64,6.97,379.42,0.0115,0.0248,0,collision,
6398,33,-193.00,7.51,220.62,0.0606,0.0000,0,collision,
6399,155,-184.30,5.96,1075.96,0.0000,0.0000,0,collision,
6400,338,-421.45,3.77,588.26,0.0000,0.0211,0,collision,
6401,196,-109.67,7.16,705.98,0.0000,0.0000,0,collision,
6402,4,-201.91,1.04,4.35,0.5000,0.0000,0,collision,
6403,230,-267.16,6.41,840.75,0.0000,0.0900,0,collision,
6404,104,-250.47,2.87,338.21,0.0192,0.0000,0,collision,
6405,132,-134.79,4.86,760.35,0.0000,0.0142,0,collision,
6406,158,-56.81,8.77,667.36,0.0000,0.0213,0,collision,
6407,123,-53.28,15.83,300.05,0.0163,0.0123,0,collision,
6408,143,-146.60,7.63,237.68,0.0140,0.0485,0,collision,
6409,269,-71.16,5.99,1457.83,0.0074,0.0049,0,collision,
6410,138,-127.53,8.51,440.15,0.0000,0.0216,0,collision,
6411,326,282.43,7.59,1053.34,0.0000,0.0041,1,goal,
2921,295,-213.47,4.39,1289.52,0.0000,0.0007,0,collision,
2922,29,-166.79,12.43,150.51,0.0000,0.0414,0,collision,
2923,102,-97.44,13.96,191.10,0.0000,0.0103,0,collision,
2924,171,-23.78,15.04,62.20,0.0000,0.0067,0,collision,
2925,295,-271.51,4.89,956.98,0.0000,0.0605,0,collision,
2926,358,284.42,7.12,1213.26,0.0000,0.0070,1,goal,
2927,35,-209.84,1.98,81.32,0.0000,0.0000,0,collision,
2928,86,-196.31,3.49,307.78,0.0233,0.1179,0,collision,
2929,215,361.49,10.44,255.00,0.0000,0.0000,1,goal,
2930,96,-86.33,13.34,221.31,0.0000,0.0192,0,collision,
6412,153,-209.35,6.63,732.52,0.0131,0.0659,0,collision,
6413,61,-208.23,2.45,167.44,0.0000,0.0031,0,collision,
6414,54,-181.68,4.16,268.69,0.0000,0.0422,0,collision,
6415,408,380.21,7.44,1303.30,0.0000,0.0368,1,goal,
6416,110,-61.16,20.48,-338.16,0.0000,0.0658,0,collision,
6417,96,-175.11,8.73,16.16,0.0208,0.2897,0,collision,
6418,168,-114.04,5.99,843.42,0.0119,0.0000,0,collision,
6419,196,-86.78,7.04,711.16,0.0102,0.0099,0,collision,
6420,128,-249.87,3.63,459.24,0.0000,0.0238,0,collision,
6421,128,-123.78,7.81,626.08,0.0156,0.0879,0,collision,
6422,177,-98.13,8.21,585.55,0.0000,0.0188,0,collision,
6423,94,-171.67,7.03,239.05,0.0213,0.0189,0,collision,
6424,428,254.37,5.80,1305.35,0.0000,0.0568,1,goal,
6425,414,278.37,6.12,2262.06,0.0000,0.0262,1,goal,
6426,87,-138.83,9.87,211.82,0.0230,0.0000,0,collision,
6427,45,-190.19,3.97,229.64,0.0000,0.0614,0,collision,
6428,475,365.37,5.92,1870.06,0.0000,0.0146,1,goal,
6429,94,-143.33,7.59,447.87,0.0000,0.0000,0,collision,
6430,428,421.85,6.98,2435.80,0.0000,0.0059,1,goal,
6431,285,-117.08,4.68,1176.21,0.0070,0.0298,0,collision,
2931,226,-213.23,4.22,1013.73,0.0000,0.0449,0,collision,
2932,139,-259.10,3.81,524.69,0.0000,0.0197,0,collision,
2933,196,-81.90,6.83,780.48,0.0000,0.0295,0,collision,
2934,69,-171.57,4.81,348.68,0.0290,0.0915,0,collision,
2935,124,-128.07,11.03,348.94,0.0000,0.0298,0,collision,
2936,312,380.73,7.29,1554.37,0.0000,0.0012,1,goal,
2937,287,387.70,8.08,1039.59,0.0000,0.0080,1,goal,
2938,41,-150.44,21.15,-31.94,0.0000,0.0609,0,collision,
2939,115,-156.57,8.97,516.50,0.0000,0.0079,0,collision,
2940,153,-261.00,4.28,624.68,0.0000,0.0103,0,collision,
6432,567,-269.36,4.81,2075.73,0.0000,0.0057,0,collision,
6433,77,-133.38,8.57,500.11,0.0260,0.0849,0,collision,
6434,17,-209.82,1.04,17.95,0.1176,0.0000,0,collision,
6435,101,-128.66,5.20,580.25,0.0198,0.0000,0,collision,
6436,263,-194.51,5.14,1200.79,0.0000,0.0108,0,collision,
6437,226,-142.87,7.26,1019.85,0.0088,0.0000,0,collision,
6438,242,296.60,9.85,714.41,0.0000,0.0000,1,goal,
6439,34,-189.73,8.87,223.25,0.0000,0.0315,0,collision,
6440,8,-194.39,5.45,92.11,0.2500,0.0000,0,collision,
6441,323,-210.41,4.39,1517.93,0.0062,0.0000,0,collision,
6442,66,-168.25,5.70,374.74,0.0000,0.0436,0,collision,
6443,152,-308.13,2.93,469.93,0.0132,0.0199,0,collision,
6444,61,-142.96,11.74,121.48,0.0328,0.0460,0,collision,
6445,465,355.10,5.38,1693.58,0.0000,0.0008,1,goal,
6446,34,-187.00,4.70,182.46,0.0588,0.0282,0,collision,
6447,339,-79.36,8.30,1024.01,0.0059,0.0097,0,collision,
6448,356,-155.79,3.55,1381.41,0.0056,0.0100,0,collision,
6449,448,-30.15,6.21,1485.86,0.0045,0.0113,0,collision,
2941,151,-152.69,4.40,623.11,0.0132,0.0335,0,collision,
2942,288,-405.93,4.20,515.15,0.0069,0.0289,0,collision,
2943,437,400.00,6.37,1706.36,0.0000,0.0017,1,goal,
2944,81,-147.93,7.06,525.14,0.0000,0.0186,0,collision,
2945,166,-204.85,3.39,648.23,0.0000,0.0384,0,collision,
2946,39,-192.36,7.61,180.41,0.0000,0.0245,0,collision,
2947,237,289.45,10.51,759.66,0.0000,0.0206,1,goal,
2948,239,371.02,10.71,915.30,0.0000,0.0048,1,goal,
2949,208,370.52,11.15,390.40,0.0000,0.0042,1,goal,
2950,415,332.38,5.90,1234.88,0.0000,0.0122,1,goal,
6450,585,-305.60,4.65,1910.87,0.0034,0.0028,0,collision,
6451,60,-192.93,4.70,292.46,0.0333,0.3228,0,collision,
6452,268,314.96,9.21,1061.25,0.0000,0.0000,1,goal,
6453,344,-163.60,5.83,1059.19,0.0000,0.0046,0,collision,
6454,95,-231.44,1.93,206.81,0.0211,0.0146,0,collision,
6455,342,367.09,6.81,1207.39,0.0000,0.0017,1,goal,
6456,119,-180.99,7.02,459.70,0.0000,0.0179,0,collision,
6457,54,-159.46,10.50,98.72,0.0000,0.0155,0,collision,
6458,80,-98.08,16.48,-55.26,0.0000,0.0207,0,collision,
6459,247,294.31,9.33,608.02,0.0000,0.0043,1,goal,
6460,254,-29.15,7.90,1041.71,0.0000,0.0257,0,collision,
6461,109,-226.69,4.90,512.17,0.0000,0.0157,0,collision,
6462,198,-150.62,6.62,704.24,0.0101,0.0000,0,collision,
6463,182,-41.23,12.97,151.25,0.0000,0.0083,0,collision,
6464,132,-186.39,8.96,452.37,0.0000,0.0792,0,collision,
6465,95,-88.77,15.84,-0.95,0.0211,0.0142,0,collision,
6466,311,-47.72,8.44,838.38,0.0000,0.0044,0,collision,
6467,280,-191.46,5.15,1016.78,0.0071,0.0274,0,collision,
6468,336,237.20,8.07,906.54,0.0000,0.0345,1,goal,
6469,320,142.10,7.98,797.75,0.0000,0.0180,1,goal,
2951,99,-127.82,13.06,390.25,0.0000,0.0101,0,collision,
2952,82,-211.02,4.54,222.25,0.0000,0.2718,0,collision,
2953,245,-71.52,7.64,1000.66,0.0000,0.0045,0,collision,
2954,172,-194.37,3.66,400.27,0.0000,0.0284,0,collision,
2955,381,220.18,7.58,1308.58,0.0000,0.0067,1,goal,
2956,61,-176.69,17.88,7.70,0.0000,0.0300,0,collision,
2957,307,-105.44,9.53,966.42,0.0065,0.0022,0,collision,
2958,90,-110.84,14.49,142.14,0.0222,0.0247,0,collision,
2959,113,-67.43,19.10,-64.84,0.0000,0.0151,0,collision,
2960,289,-68.29,8.02,1419.72,0.0000,0.0000,0,collision,
6470,416,-169.34,8.62,1495.03,0.0048,0.0093,0,collision,
6471,67,-190.57,5.65,461.39,0.0000,0.0000,0,collision,
6472,212,-180.72,6.78,529.60,0.0000,0.0375,0,collision,
6473,268,-76.27,6.76,1045.35,0.0075,0.0290,0,collision,
6474,72,-117.46,13.58,185.40,0.0278,0.0352,0,collision,
6475,130,-134.72,10.51,-29.74,0.0154,0.1476,0,collision,
6476,67,-148.62,10.18,201.39,0.0299,0.0144,0,collision,
6477,51,-183.15,11.08,244.96,0.0000,0.0229,0,collision,
6478,138,-243.53,5.01,511.98,0.0000,0.0000,0,collision,
6479,246,-162.67,5.02,1121.86,0.0000,0.0229,0,collision,
6480,214,-118.36,10.50,410.31,0.0093,0.0034,0,collision,
6481,240,444.60,11.67,697.82,0.0000,0.0000,1,goal,
6482,51,-171.52,12.47,309.24,0.0000,0.0252,0,collision,
6483,12,-191.19,4.86,73.00,0.1667,0.0000,0,collision,
6484,304,-27.01,7.59,1405.26,0.0000,0.0000,0,collision,
6485,65,-145.16,9.47,152.08,0.0308,0.0337,0,collision,
6486,148,-125.36,5.38,790.53,0.0000,0.0063,0,collision,
6487,34,-167.19,14.90,-21.54,0.0588,0.0000,0,collision,
6488,150,-110.58,8.28,601.41,0.0133,0.0285,0,collision,
6489,342,-212.70,6.37,1055.02,0.0000,0.0314,0,collision,
6490,124,-169.89,11.02,407.55,0.0161,0.0116,0,collision,
6491,114,-244.25,3.67,383.55,0.0000,0.0241,0,collision,
6492,158,-91.76,8.86,510.03,0.0000,0.0123,0,collision,
6493,65,-134.82,13.28,117.83,0.0308,0.0338,0,collision,
6494,118,-116.86,12.06,285.99,0.0169,0.0152,0,collision,
6495,36,-155.51,15.59,65.94,0.0556,0.0181,0,collision,
6496,99,-208.06,2.82,331.15,0.0202,0.0351,0,collision,
6497,167,-269.76,4.03,633.35,0.0120,0.0105,0,collision,
6498,123,-148.55,7.04,713.06,0.0163,0.0032,0,collision,
2961,374,-171.92,4.60,1549.16,0.0053,0.0773,0,collision,
2962,74,-142.84,9.15,212.35,0.0000,0.0377,0,collision,
2963,417,212.24,6.07,1132.29,0.0000,0.0000,1,goal,
2964,8,-197.30,3.52,37.12,0.2500,0.0000,0,collision,
2965,75,-163.03,8.51,227.46,0.0000,0.0327,0,collision,
2966,95,-176.02,6.83,212.51,0.0211,0.2655,0,collision,
2967,177,-116.52,5.34,1003.96,0.0000,0.0002,0,collision,
2968,33,-232.39,1.46,52.47,0.0000,0.0238,0,collision,
2969,30,-216.34,2.03,66.93,0.0000,0.0000,0,collision,
2970,30,-188.60,8.29,258.97,0.0667,0.0891,0,collision,
6499,317,-142.95,8.50,1050.84,0.0063,0.0024,0,collision,
6500,96,-80.16,14.63,43.12,0.0000,0.0333,0,collision,
6501,292,304.86,10.39,571.14,0.0000,0.0094,1,goal,
6502,44,-207.14,4.24,215.58,0.0000,0.0000,0,collision,
6503,51,-189.00,6.67,368.02,0.0000,0.0000,0,collision,
6504,231,-87.84,8.91,892.25,0.0087,0.0327,0,collision,
6505,193,-135.09,4.93,963.88,0.0000,0.0035,0,collision,
6506,46,-178.55,5.83,298.37,0.0000,0.0472,0,collision,
6507,251,-156.26,5.98,1113.11,0.0000,0.0032,0,collision,
6508,464,257.20,6.06,1830.85,0.0000,0.0115,1,goal,
6509,416,266.80,5.82,1313.79,0.0000,0.0357,1,goal,
6510,181,-9.77,12.40,397.94,0.0000,0.0224,0,collision,
6511,98,-117.19,14.60,291.98,0.0000,0.0731,0,collision,
6512,97,-173.31,5.22,463.00,0.0000,0.0242,0,collision,
6513,168,-128.80,5.22,841.08,0.0119,0.0000,0,collision,
6514,5,-204.51,0.00,0.40,0.0000,0.0000,0,collision,
6515,338,349.27,7.54,1051.84,0.0000,0.0250,1,goal,
6516,178,-148.42,4.68,784.73,0.0000,0.0029,0,collision,
6517,157,-182.33,4.53,599.06,0.0127,0.0033,0,collision,
6518,397,308.62,6.40,1326.81,0.0000,0.0148,1,goal,
2971,70,-194.75,2.95,276.56,0.0000,0.0521,0,collision,
2972,278,-111.48,7.95,987.98,0.0000,0.0094,0,collision,
2973,99,-137.04,6.61,459.76,0.0000,0.0000,0,collision,
2974,490,-193.21,4.02,1835.80,0.0000,0.0228,0,collision,
2975,132,-102.58,9.37,427.30,0.0152,0.0001,0,collision,
2976,36,-221.27,2.27,113.71,0.0000,0.0452,0,collision,
2977,58,-174.07,5.80,329.36,0.0345,0.0000,0,collision,
2978,67,-127.98,9.55,464.69,0.0000,0.0264,0,collision,
2979,266,-78.20,6.76,1179.30,0.0000,0.0084,0,collision,
2980,273,-19.55,7.41,1229.65,0.0000,0.0104,0,collision,
6519,109,-124.18,7.25,539.21,0.0183,0.0000,0,collision,
6520,49,-184.58,11.43,85.22,0.0408,0.0257,0,collision,
6521,69,-152.85,9.21,192.42,0.0000,0.0439,0,collision,
6522,96,-212.34,2.51,271.60,0.0000,0.0499,0,collision,
6523,123,-255.51,5.13,295.07,0.0000,0.0250,0,collision,
6524,233,-228.16,7.03,634.51,0.0000,0.0169,0,collision,
6525,187,-67.55,10.20,713.76,0.0000,0.0047,0,collision,
6526,322,-112.99,6.37,1415.46,0.0000,0.0027,0,collision,
6527,171,-168.15,4.28,689.70,0.0000,0.0086,0,collision,
6528,360,393.85,7.77,1018.46,0.0000,0.0000,1,goal,
6529,4,-199.71,1.84,8.09,0.5000,0.0848,0,collision,
6530,20,-183.79,6.07,177.76,0.0000,0.0203,0,collision,
6531,388,-125.30,6.06,1114.90,0.0000,0.0202,0,collision,
6532,392,426.18,7.02,1761.82,0.0000,0.0042,1,goal,
6533,131,-141.21,4.54,679.48,0.0153,0.0154,0,collision,
6534,397,-290.74,4.83,1429.20,0.0050,0.0587,0,collision,
6535,323,322.90,7.05,1605.79,0.0000,0.0068,1,goal,
6536,210,-314.58,3.27,717.45,0.0000,0.0046,0,collision,
6537,76,-102.56,17.87,-108.33,0.0000,0.0166,0,collision,
6538,114,-159.03,8.29,270.44,0.0175,0.1430,0,collision,
6539,23,-203.41,4.51,118.38,0.0000,0.0451,0,collision,
6540,165,-217.09,5.93,684.99,0.0121,0.0110,0,collision,
6541,113,-265.34,5.76,134.60,0.0000,0.0074,0,collision,
2981,96,-198.54,5.86,464.93,0.0208,0.0000,0,collision,
2982,185,-148.10,6.17,827.44,0.0000,0.0040,0,collision,
2983,262,-215.13,3.19,883.85,0.0000,0.0840,0,collision,
2984,157,-261.48,1.86,347.97,0.0127,0.0415,0,collision,
2985,498,309.77,4.93,1728.05,0.0000,0.0035,1,goal,
2986,287,-55.75,7.73,926.06,0.0070,0.0225,0,collision,
2987,219,-177.74,4.57,984.44,0.0000,0.0273,0,collision,
2988,213,409.59,12.82,253.75,0.0000,0.0169,1,goal,
2989,59,-182.81,4.16,248.93,0.0339,0.0000,0,collision,
2990,563,328.68,4.47,2004.37,0.0000,0.0036,1,goal,
6542,169,-208.73,4.57,533.21,0.0000,0.1631,0,collision,
6543,422,-269.62,3.84,1103.73,0.0047,0.1253,0,collision,
6544,87,-157.69,7.44,261.01,0.0000,0.0239,0,collision,
6545,103,-182.32,3.58,418.30,0.0194,0.0820,0,collision,
6546,208,-180.73,6.43,1178.52,0.0000,0.0298,0,collision,
6547,374,-56.21,5.42,1718.03,0.0000,0.0511,0,collision,
6548,108,-126.47,11.80,494.17,0.0000,0.0178,0,collision,
6549,55,-181.56,5.13,262.84,0.0364,0.1955,0,collision,
6550,50,-175.63,9.80,142.44,0.0400,0.0352,0,collision,
6551,354,341.34,6.84,1071.47,0.0000,0.0620,1,goal,
6552,487,287.45,5.39,1994.61,0.0000,0.0192,1,goal,
6553,209,-184.12,3.32,745.68,0.0096,0.0000,0,collision,
6554,164,-160.94,5.82,639.08,0.0000,0.0000,0,collision,
6555,92,-171.00,6.03,504.20,0.0217,0.0249,0,collision,
6556,43,-175.98,4.94,177.72,0.0465,0.0000,0,collision,
6557,190,-57.38,7.01,1093.00,0.0105,0.0000,0,collision,
6558,79,-197.64,4.35,260.04,0.0253,0.0602,0,collision,
6559,155,-265.07,4.32,542.27,0.0000,0.0587,0,collision,
6560,163,-171.52,3.79,700.13,0.0000,0.0027,0,collision,
6561,65,-207.05,2.50,181.05,0.0000,0.0056,0,collision,
6562,162,-194.57,4.18,538.08,0.0000,0.0983,0,collision,
6563,168,-289.70,4.01,419.89,0.0000,0.0074,0,collision,
6564,81,-178.23,4.66,433.78,0.0247,0.1469,0,collision,
2991,594,336.45,4.92,2249.47,0.0000,0.0105,1,goal,
2992,400,-530.00,2.19,840.54,0.0050,0.0144,0,collision,
2993,557,-225.45,3.96,1980.17,0.0036,0.0271,0,collision,
2994,358,-343.69,4.78,1144.05,0.0056,0.0203,0,collision,
2995,487,-131.49,4.82,1812.56,0.0000,0.0268,0,collision,
2996,197,-139.49,7.50,600.09,0.0000,0.0099,0,collision,
2997,328,-290.53,3.37,1236.36,0.0061,0.0009,0,collision,
2998,17,-209.39,2.13,40.76,0.0000,0.0000,0,collision,
2999,48,-222.78,1.52,79.87,0.0417,0.0000,0,collision,
3000,44,-195.15,2.66,136.84,0.0000,0.0000,0,collision,
6565,542,-192.07,6.16,2015.10,0.0037,0.0227,0,collision,
6566,124,-163.23,6.62,449.95,0.0000,0.0061,0,collision,
6567,123,-127.25,8.36,666.07,0.0000,0.0232,0,collision,
6568,182,-145.53,4.04,816.78,0.0110,0.0000,0,collision,
6569,328,290.42,7.85,821.29,0.0000,0.0019,1,goal,
6570,148,-319.06,3.42,188.66,0.0135,0.0000,0,collision,
6571,402,207.75,6.33,1204.95,0.0000,0.0039,1,goal,
6572,519,-598.85,2.70,1467.90,0.0000,0.0191,0,collision,
6573,156,-354.11,4.31,82.66,0.0000,0.0130,0,collision,
6574,484,-221.57,5.82,1794.89,0.0000,0.0048,0,collision,
6575,252,411.14,9.79,893.01,0.0000,0.0072,1,goal,
6576,144,-95.11,9.64,698.93,0.0139,0.0464,0,collision,
6577,274,390.93,10.13,759.09,0.0000,0.0473,1,goal,
6578,62,-150.72,6.04,284.38,0.0000,0.0000,0,collision,
6579,6,-202.49,1.23,7.86,0.3333,0.0000,0,collision,
6580,12,-201.29,2.54,33.88,0.0000,0.0000,0,collision,
6581,310,-349.02,4.26,1232.16,0.0000,0.0080,0,collision,
3001,53,-181.81,3.99,239.54,0.0377,0.2236,0,collision,
3002,399,-331.16,4.58,1213.00,0.0050,0.0500,0,collision,
3003,36,-214.54,1.57,63.11,0.0014,0.0000,0,collision,
3004,158,-180.02,6.38,358.74,0.0000,0.1104,0,collision,
3005,425,304.08,5.33,1246.93,0.0000,0.0068,1,goal,
3006,203,-318.07,3.44,655.48,0.0099,0.0179,0,collision,
3007,64,-158.97,8.93,455.83,0.0000,0.0000,0,collision,
3008,108,-182.88,5.95,600.73,0.0000,0.0482,0,collision,
3009,7,-203.40,1.05,7.96,0.0000,0.0000,0,collision,
3010,204,-288.58,4.84,367.81,0.0000,0.0095,0,collision,
6582,286,-108.70,5.10,1445.14,0.0000,0.0184,0,collision,
6583,24,-183.10,7.79,198.56,0.0000,0.2880,0,collision,
6584,14,-207.02,0.89,11.93,0.0000,0.0000,0,collision,
6585,228,-82.56,8.45,703.73,0.0000,0.0038,0,collision,
6586,43,-236.05,1.92,90.23,0.0000,0.0000,0,collision,
6587,317,-354.52,3.69,955.89,0.0000,0.0112,0,collision,
6588,181,-265.26,3.72,771.24,0.0000,0.0101,0,collision,
6589,147,-148.68,5.51,625.16,0.0136,0.0332,0,collision,
6590,149,-244.84,4.55,717.31,0.0000,0.0912,0,collision,
6591,176,-114.52,5.71,616.28,0.0114,0.0093,0,collision,
6592,36,-178.73,10.80,164.09,0.0556,0.0694,0,collision,
6593,102,-201.94,5.67,543.59,0.0196,0.1268,0,collision,
6594,313,-240.49,2.42,862.61,0.0064,0.0019,0,collision,
6595,236,342.25,9.80,679.89,0.0000,0.0003,1,goal,
6596,627,203.70,4.06,2547.48,0.0000,0.0031,1,goal,
6597,381,311.77,5.78,1250.66,0.0000,0.0000,1,goal,
6598,165,-246.73,4.50,819.82,0.0121,0.0010,0,collision,
6599,256,-103.29,5.08,1373.36,0.0000,0.0188,0,collision,
6600,168,-142.19,6.47,553.74,0.0119,0.0393,0,collision,
6601,296,-157.77,5.72,1071.66,0.0000,0.0961,0,collision,
6602,37,-164.05,9.92,259.06,0.0541,0.0502,0,collision,
6603,52,-192.12,3.88,250.75,0.0000,0.0000,0,collision,
3011,68,-163.64,9.00,560.06,0.0000,0.0121,0,collision,
3012,167,-157.83,5.10,785.84,0.0000,0.0188,0,collision,
3013,99,-247.87,5.26,225.84,0.0202,0.0329,0,collision,
3014,8,-202.09,1.44,12.11,0.0000,0.0000,0,collision,
3015,250,-67.39,8.58,532.10,0.0000,0.0038,0,collision,
3016,371,-193.31,5.35,1540.70,0.0054,0.0067,0,collision,
3017,160,-158.48,6.34,497.43,0.0125,0.0365,0,collision,
3018,240,-88.07,6.80,1100.19,0.0083,0.0009,0,collision,
3019,264,-218.70,4.74,997.61,0.0000,0.0144,0,collision,
3020,34,-191.79,2.99,117.02,0.0000,0.0000,0,collision,
6604,191,-154.19,8.60,697.18,0.0000,0.0105,0,collision,
6605,199,-84.96,8.40,746.07,0.0000,0.1007,0,collision,
6606,97,-165.80,6.92,523.34,0.0000,0.1996,0,collision,
6607,260,-241.81,6.05,744.59,0.0000,0.0102,0,collision,
6608,99,-85.53,15.51,154.08,0.0202,0.0158,0,collision,
6609,99,-149.29,6.58,499.74,0.0000,0.0000,0,collision,
6610,319,-232.61,4.50,1444.67,0.0000,0.0089,0,collision,
6611,167,-94.73,11.60,333.72,0.0120,0.0121,0,collision,
6612,185,-132.43,9.90,525.97,0.0108,0.0221,0,collision,
6613,64,-193.02,2.68,200.81,0.0312,0.0000,0,collision,
6614,213,-156.54,5.35,628.99,0.0000,0.0000,0,collision,
6615,44,-170.49,14.67,30.47,0.0000,0.0494,0,collision,
6616,344,-210.44,7.82,1211.61,0.0058,0.0094,0,collision,
6617,57,-135.63,11.90,277.97,0.0351,0.0294,0,collision,
6618,16,-192.10,3.63,65.26,0.0000,0.0000,0,collision,
6619,132,-239.09,3.76,525.03,0.0000,0.0316,0,collision,
6620,77,-145.53,10.28,286.37,0.0000,0.0707,0,collision,
6621,97,-186.65,3.51,371.90,0.0206,0.0000,0,collision,
6622,31,-203.90,2.12,72.57,0.0645,0.0000,0,collision,
6623,183,-184.19,5.22,819.45,0.0109,0.0738,0,collision,
6624,230,-164.47,3.61,908.79,0.0000,0.0017,0,collision,
6625,79,-200.33,3.06,297.43,0.0000,0.0000,0,collision,
6626,243,-348.38,4.04,502.86,0.0082,0.0107,0,collision,
6627,15,-209.08,2.07,35.04,0.0000,0.0000,0,collision,
6628,2,-200.42,1.04,2.51,1.0000,0.0000,0,collision,
6629,81,-232.90,4.40,332.32,0.0000,0.0511,0,collision,
6630,5,-205.51,0.00,0.40,0.0000,0.1137,0,collision,
6631,60,-198.69,2.35,159.60,0.0333,0.0000,0,collision,
6632,214,-250.78,5.23,331.76,0.0093,0.0006,0,collision,
6633,30,-207.29,2.08,71.06,0.0000,0.0000,0,collision,
6634,134,-108.42,9.74,407.49,0.0000,0.0164,0,collision,
6635,190,-184.00,6.60,884.26,0.0105,0.0098,0,collision,
3021,71,-170.36,8.80,133.33,0.0000,0.0393,0,collision,
3022,589,279.77,4.60,2496.15,0.0000,0.0227,1,goal,
3023,48,-189.24,4.53,217.05,0.0417,0.0583,0,collision,
3024,53,-185.64,5.19,179.43,0.0000,0.0025,0,collision,
3025,343,418.55,6.77,1716.70,0.0000,0.0049,1,goal,
3026,488,266.38,5.81,1532.85,0.0000,0.0059,1,goal,
3027,267,-127.22,5.25,1239.21,0.0075,0.0243,0,collision,
3028,68,-161.02,9.77,73.53,0.0000,0.1186,0,collision,
3029,387,-6.89,5.42,1916.72,0.0000,0.0269,0,collision,
3030,197,-185.59,3.52,753.32,0.0102,0.0125,0,collision,
6636,137,-218.70,8.19,306.14,0.0000,0.0223,0,collision,
6637,152,-145.29,6.63,889.59,0.0132,0.0146,0,collision,
6638,180,-225.98,2.30,458.01,0.0000,0.0023,0,collision,
6639,51,-145.44,10.98,272.54,0.0000,0.0461,0,collision,
6640,98,-240.87,3.82,397.94,0.0000,0.0221,0,collision,
6641,119,-270.50,3.13,352.67,0.0000,0.0721,0,collision,
6642,72,-223.91,3.13,254.77,0.0000,0.0218,0,collision,
6643,515,260.64,5.71,1721.23,0.0000,0.0006,1,goal,
6644,122,-139.73,11.13,258.93,0.0164,0.0112,0,collision,
6645,87,-188.56,8.51,258.37,0.0000,0.0000,0,collision,
6646,356,351.15,6.88,1327.82,0.0000,0.0041,1,goal,
6647,229,-264.34,4.24,781.18,0.0087,0.0159,0,collision,
6648,24,-200.20,2.29,64.17,0.0000,0.0000,0,collision,
6649,192,-207.33,6.18,767.11,0.0000,0.0039,0,collision,
6650,154,-255.88,4.47,729.42,0.0000,0.0801,0,collision,
6651,133,-139.64,5.16,640.68,0.0000,0.0000,0,collision,
6652,49,-137.99,23.41,-7.74,0.0408,0.0220,0,collision,
6653,397,-92.88,5.14,1640.10,0.0000,0.0134,0,collision,
6654,29,-209.05,2.38,99.01,0.0000,0.0965,0,collision,
6655,227,-241.97,2.73,663.54,0.0088,0.0937,0,collision,
6656,370,352.06,6.09,1592.52,0.0000,0.0062,1,goal,
6657,4,-204.30,0.52,1.94,0.0000,0.0000,0,collision,
6658,385,396.48,5.92,1844.81,0.0000,0.0000,1,goal,
3031,59,-235.29,3.09,237.18,0.0339,0.0000,0,collision,
3032,300,346.74,8.40,850.19,0.0000,0.0088,1,goal,
3033,149,-136.56,8.74,468.04,0.0134,0.0131,0,collision,
3034,90,-187.44,3.30,333.46,0.0000,0.0077,0,collision,
3035,222,-95.66,7.81,1079.57,0.0090,0.0085,0,collision,
3036,55,-209.24,2.59,160.59,0.0364,0.0580,0,collision,
3037,353,-325.68,4.45,1017.88,0.0000,0.0445,0,collision,
3038,112,-235.52,5.80,284.84,0.0000,0.0209,0,collision,
3039,77,-214.25,3.12,202.99,0.0260,0.1431,0,collision,
3040,76,-233.21,1.91,159.60,0.0000,0.0243,0,collision,
6659,300,-294.38,4.74,674.60,0.0067,0.0142,0,collision,
6660,295,-211.13,6.25,985.61,0.0000,0.0148,0,collision,
6661,227,-14.20,7.92,900.47,0.0088,0.0000,0,collision,
6662,261,-329.07,4.85,690.72,0.0000,0.0196,0,collision,
6663,82,-202.35,2.81,286.10,0.0000,0.0431,0,collision,
6664,9,-208.70,0.46,4.85,0.0000,0.0000,0,collision,
6665,93,-175.86,8.74,359.61,0.0000,0.0295,0,collision,
6666,319,-200.44,4.19,1281.33,0.0063,0.0087,0,collision,
6667,33,-183.50,6.39,170.22,0.0000,0.0000,0,collision,
6668,48,-202.98,2.64,153.56,0.0000,0.0515,0,collision,
6669,68,-224.46,3.45,276.21,0.0000,0.1499,0,collision,
6670,21,-178.14,15.19,101.44,0.0952,0.1093,0,collision,
6671,311,-153.32,4.67,1455.98,0.0064,0.0113,0,collision,
6672,95,-229.98,3.35,370.32,0.0211,0.0463,0,collision,
6673,32,-208.49,2.02,85.00,0.0625,0.0000,0,collision,
6674,351,-56.98,5.85,1399.53,0.0057,0.0029,0,collision,
6675,320,-134.01,3.87,1333.18,0.0063,0.0026,0,collision,
6676,4,-203.30,0.52,1.94,0.5000,0.0000,0,collision,
6677,243,-43.50,7.27,888.25,0.0082,0.0140,0,collision,
6678,73,-181.01,9.09,273.16,0.0000,0.0725,0,collision,
6679,193,-328.25,3.51,540.11,0.0000,0.0130,0,collision,
6680,119,-218.73,3.00,379.63,0.0000,0.1253,0,collision,
6681,82,-160.84,5.23,418.52,0.0000,0.0308,0,collision,
6682,277,-100.45,7.42,794.07,0.0072,0.0225,0,collision,
6683,6,-207.75,0.35,2.14,0.3333,0.0000,0,collision,
3041,482,319.28,5.22,1514.42,0.0000,0.0036,1,goal,
3042,51,-147.86,13.02,32.09,0.0000,0.0155,0,collision,
3043,76,-134.85,9.79,352.10,0.0263,0.0202,0,collision,
3044,205,-185.05,3.11,714.81,0.0000,0.0435,0,collision,
3045,28,-184.71,10.61,227.13,0.0000,0.0000,0,collision,
3046,25,-212.78,2.55,70.26,0.0800,0.0182,0,collision,
3047,303,-357.06,3.69,901.44,0.0066,0.0127,0,collision,
3048,331,-287.65,5.06,1195.40,0.0000,0.0140,0,collision,
3049,33,-175.12,8.69,144.86,0.0606,0.0044,0,collision,
3050,215,-11.51,12.28,385.81,0.0000,0.0000,0,collision,
6684,321,-86.75,5.16,1170.42,0.0062,0.0000,0,collision,
6685,367,-452.71,2.86,1142.35,0.0054,0.0040,0,collision,
6686,332,-191.13,5.60,1133.18,0.0000,0.0219,0,collision,
6687,399,418.38,7.59,2091.06,0.0000,0.0010,1,goal,
6688,172,-122.20,4.91,705.00,0.0000,0.0038,0,collision,
6689,122,-91.15,13.42,279.34,0.0000,0.0353,0,collision,
6690,130,-218.20,4.83,535.32,0.0000,0.0229,0,collision,
6691,63,-213.18,2.29,161.54,0.0000,0.0000,0,collision,
6692,121,-132.64,6.44,723.03,0.0000,0.0077,0,collision,
6693,352,-447.83,3.92,1003.48,0.0000,0.0195,0,collision,
6694,204,-278.24,3.90,811.65,0.0098,0.0163,0,collision,
6695,103,-141.14,4.76,528.18,0.0000,0.0000,0,collision,
6696,178,-170.91,4.44,558.67,0.0112,0.0248,0,collision,
6697,98,-179.33,4.55,411.21,0.0204,0.0065,0,collision,
6698,71,-230.70,5.07,200.35,0.0000,0.0165,0,collision,
6699,321,-80.13,6.46,1063.98,0.0000,0.0000,0,collision,
6700,181,-141.12,7.00,986.61,0.0110,0.0268,0,collision,
6701,78,-259.84,2.15,183.95,0.0256,0.0000,0,collision,
6702,92,-198.66,3.54,299.49,0.0217,0.0386,0,collision,
6703,41,-162.52,10.02,163.81,0.0488,0.0507,0,collision,
6704,128,-226.93,3.80,539.48,0.0000,0.0156,0,collision,
3051,116,-119.56,8.36,380.71,0.0172,0.0000,0,collision,
3052,318,400.41,8.77,865.57,0.0000,0.0040,1,goal,
3053,488,-251.69,5.40,1802.07,0.0000,0.0082,0,collision,
3054,289,-131.93,3.71,1108.44,0.0000,0.0007,0,collision,
3055,32,-195.93,2.95,105.02,0.0625,0.0000,0,collision,
3056,336,-433.10,3.15,974.42,0.0000,0.0092,0,collision,
3057,260,-367.13,3.46,909.50,0.0000,0.1056,0,collision,
3058,394,-381.84,5.39,901.44,0.0051,0.0861,0,collision,
3059,98,-168.87,8.80,158.71,0.0204,0.0000,0,collision,
3060,13,-197.46,4.40,87.97,0.1538,0.1834,0,collision,
6705,631,-356.16,4.75,1670.40,0.0000,0.0055,0,collision,
6706,150,-165.76,4.42,523.49,0.0000,0.0818,0,collision,
6707,355,-188.25,5.46,1411.91,0.0056,0.0122,0,collision,
6708,58,-146.44,12.34,156.75,0.0345,0.0373,0,collision,
6709,205,351.99,12.69,651.92,0.0000,0.0031,1,goal,
6710,513,-386.02,4.11,1226.40,0.0039,0.0075,0,collision,
6711,187,-193.10,3.61,609.53,0.0107,0.0269,0,collision,
6712,280,-220.06,5.82,824.64,0.0000,0.0097,0,collision,
6713,168,-21.75,16.26,129.11,0.0000,0.0158,0,collision,
6714,221,-133.49,4.67,812.38,0.0090,0.0213,0,collision,
6715,109,-233.56,5.69,309.89,0.0000,0.0373,0,collision,
6716,153,-83.95,7.21,874.84,0.0131,0.0208,0,collision,
6717,83,-195.34,3.14,291.40,0.0241,0.1633,0,collision,
6718,54,-237.00,2.50,165.32,0.0370,0.0000,0,collision,
6719,28,-177.34,9.58,135.83,0.0000,0.0725,0,collision,
6720,163,-160.52,4.95,677.87,0.0123,0.0000,0,collision,
6721,149,-250.38,3.19,478.01,0.0000,0.0148,0,collision,
6722,51,-153.92,7.55,368.37,0.0000,0.0752,0,collision,
6723,92,-94.19,15.15,-41.18,0.0000,0.0075,0,collision,
6724,485,-52.40,5.10,1812.96,0.0000,0.0052,0,collision,
6725,135,-161.82,4.79,599.65,0.0000,0.0527,0,collision,
6726,49,-172.97,6.09,322.99,0.0000,0.1963,0,collision,
6727,120,-206.16,5.15,470.94,0.0000,0.0206,0,collision,
3061,170,-158.03,4.06,748.23,0.0118,0.0400,0,collision,
3062,40,-179.46,16.24,-39.95,0.0000,0.0418,0,collision,
3063,103,-138.57,6.31,625.76,0.0000,0.0270,0,collision,
3064,7,-202.50,1.05,7.96,0.2857,0.0000,0,collision,
3065,77,-238.79,3.59,323.55,0.0000,0.2023,0,collision,
3066,34,-154.82,19.46,-11.00,0.0000,0.0387,0,collision,
3067,67,-139.95,11.56,160.59,0.0000,0.0247,0,collision,
3068,18,-211.69,2.01,40.11,0.0000,0.0000,0,collision,
3069,54,-159.96,12.84,11.83,0.0370,0.2013,0,collision,
3070,16,-213.15,0.85,13.79,0.0000,0.0296,0,collision,
6728,314,-289.01,5.04,1169.87,0.0064,0.0169,0,collision,
6729,300,-255.01,5.59,863.22,0.0067,0.0535,0,collision,
6730,51,-213.70,1.91,116.06,0.0392,0.0000,0,collision,
6731,342,382.63,7.58,1132.09,0.0000,0.0012,1,goal,
6732,35,-157.36,17.31,-10.21,0.0000,0.0000,0,collision,
6733,92,-265.01,2.72,281.11,0.0000,0.0041,0,collision,
6734,116,-232.87,5.41,466.82,0.0172,0.0461,0,collision,
6735,279,420.30,10.17,848.02,0.0000,0.0040,1,goal,
6736,353,448.95,7.92,1625.12,0.0000,0.0034,1,goal,
6737,257,-415.13,2.38,688.64,0.0078,0.1411,0,collision,
6738,255,-69.79,7.20,990.50,0.0000,0.0112,0,collision,
6739,352,-40.65,5.80,1861.66,0.0057,0.0070,0,collision,
6740,776,-271.42,3.58,2217.80,0.0000,0.0147,1,goal,
6741,321,-115.99,6.79,1192.94,0.0000,0.0056,0,collision,
6742,290,-119.68,5.60,1583.23,0.0069,0.0026,0,collision,
3071,301,397.99,9.25,685.92,0.0000,0.0000,1,goal,
3072,218,-145.76,6.91,708.74,0.0092,0.0139,0,collision,
3073,156,-153.82,4.68,715.92,0.0128,0.0000,0,collision,
3074,241,-101.95,7.51,965.55,0.0083,0.0656,0,collision,
3075,122,-120.39,8.30,425.40,0.0164,0.0857,0,collision,
3076,138,-141.29,6.02,589.37,0.0145,0.0101,0,collision,
3077,17,-189.34,4.06,92.57,0.0000,0.0000,0,collision,
3078,11,-209.02,0.86,10.01,0.1818,0.0000,0,collision,
3079,308,-63.06,7.21,1113.43,0.0065,0.0432,0,collision,
3080,39,-208.71,3.15,141.55,0.0513,0.1792,0,collision,
6743,192,-177.29,4.06,860.30,0.0104,0.0391,0,collision,
6744,472,343.36,6.37,2047.59,0.0000,0.0059,1,goal,
6745,119,-113.49,8.61,427.88,0.0168,0.0246,0,collision,
6746,142,-122.88,9.84,438.52,0.0000,0.0503,0,collision,
6747,268,367.43,8.40,1202.35,0.0000,0.0320,1,goal,
6748,316,437.85,8.79,1719.86,0.0000,0.0006,1,goal,
6749,31,-172.16,10.01,334.79,0.0000,0.2077,0,collision,
6750,75,-195.97,2.96,249.44,0.0267,0.0150,0,collision,
6751,31,-186.22,4.18,150.70,0.0000,0.0000,0,collision,
6752,328,340.56,5.96,1352.74,0.0000,0.0117,1,goal,
6753,124,-213.70,2.73,389.17,0.0161,0.0023,0,collision,
6754,52,-181.15,5.42,190.96,0.0385,0.0363,0,collision,
6755,116,-191.81,3.68,416.26,0.0172,0.0108,0,collision,
6756,54,-159.71,7.89,292.70,0.0370,0.0357,0,collision,
6757,127,-127.46,5.22,727.41,0.0000,0.0013,0,collision,
6758,84,-130.22,13.99,113.30,0.0000,0.0094,0,collision,
6759,157,-128.11,6.23,762.80,0.0000,0.0648,0,collision,
6760,15,-194.33,3.35,62.88,0.0000,0.0000,0,collision,
6761,33,-216.01,5.10,124.34,0.0606,0.0000,0,collision,
6762,80,-153.69,8.12,224.78,0.0000,0.0450,0,collision,
6763,208,-250.83,5.70,707.15,0.0000,0.0390,0,collision,
6764,69,-182.57,3.92,333.11,0.0290,0.0154,0,collision,
6765,621,110.75,4.48,2326.02,0.0000,0.0070,1,goal,
6766,314,450.27,9.34,1200.19,0.0000,0.0000,1,goal,
6767,66,-143.45,19.93,-7.83,0.0303,0.0219,0,collision,
3081,137,-96.97,9.60,283.86,0.0146,0.0166,0,collision,
3082,197,-224.06,6.99,651.91,0.0102,0.0102,0,collision,
3083,33,-235.42,1.36,57.70,0.0000,0.0145,0,collision,
3084,53,-175.43,13.52,193.47,0.0000,0.0000,0,collision,
3085,29,-204.11,4.08,134.08,0.0000,0.0813,0,collision,
3086,215,-209.89,6.77,898.38,0.0093,0.0067,0,collision,
3087,32,-190.26,3.65,134.33,0.0000,0.0002,0,collision,
3088,151,-126.49,9.42,431.51,0.0000,0.0000,0,collision,
3089,337,382.03,6.90,1468.12,0.0000,0.0055,1,goal,
3090,134,-133.25,8.23,389.03,0.0149,0.0263,0,collision,
6768,624,-618.05,1.62,1207.93,0.0000,0.0103,0,collision,
6769,242,-163.43,5.40,781.69,0.0083,0.1031,0,collision,
6770,272,327.54,8.25,1117.72,0.0000,0.0107,1,goal,
6771,216,-132.63,7.31,402.21,0.0000,0.0421,0,collision,
6772,133,-241.64,6.18,262.95,0.0150,0.0188,0,collision,
6773,4,-204.88,0.00,0.30,0.0000,0.0000,0,collision,
6774,24,-185.23,4.92,142.69,0.0000,0.0097,0,collision,
6775,227,298.42,10.17,850.90,0.0000,0.0540,1,goal,
6776,5,-202.24,0.83,4.45,0.4000,0.0000,0,collision,
6777,127,-110.82,10.50,482.78,0.0000,0.0046,0,collision,
6778,282,-208.09,3.18,1006.16,0.0000,0.0124,0,collision,
6779,63,-187.03,4.30,246.96,0.0317,0.0145,0,collision,
6780,432,415.95,6.31,1867.03,0.0000,0.0209,1,goal,
6781,262,347.61,9.44,696.02,0.0000,0.0014,1,goal,
6782,80,-188.05,3.32,300.28,0.0250,0.0000,0,collision,
6783,242,370.97,10.20,733.60,0.0000,0.0493,1,goal,
6784,167,-99.81,6.74,996.91,0.0000,0.0072,0,collision,
6785,250,304.60,9.19,237.77,0.0000,0.0000,1,goal,
6786,23,-179.03,10.03,109.74,0.0870,0.0972,0,collision,
6787,84,-179.22,3.54,338.04,0.0000,0.0000,0,collision,
6788,230,-68.04,8.39,770.01,0.0000,0.0291,0,collision,
6789,61,-173.25,5.07,290.64,0.0328,0.0000,0,collision,
6790,60,-177.38,4.89,338.01,0.0000,0.0000,0,collision,
6791,82,-189.90,4.46,410.20,0.0000,0.0000,0,collision,
6792,8,-205.94,0.52,3.99,0.0000,0.0000,0,collision,
3091,196,-175.21,9.05,605.44,0.0102,0.0146,0,collision,
3092,109,-197.33,6.83,612.90,0.0183,0.0119,0,collision,
3093,2,-200.42,1.04,2.51,0.0000,0.0000,0,collision,
3094,171,-284.37,3.28,632.01,0.0117,0.0120,0,collision,
3095,241,-86.04,7.25,1209.46,0.0000,0.0347,0,collision,
3096,238,-74.22,8.18,842.72,0.0000,0.0473,0,collision,
3097,23,-215.93,2.58,75.78,0.0000,0.0092,0,collision,
3098,264,-29.63,8.70,1063.26,0.0076,0.0048,0,collision,
3099,35,-170.29,7.67,240.98,0.0000,0.0000,0,collision,
3100,234,-81.78,6.97,946.97,0.0000,0.0070,0,collision,
6793,367,-267.77,7.03,611.62,0.0000,0.0050,0,collision,
6794,212,-126.01,6.98,840.50,0.0000,0.0000,0,collision,
6795,43,-159.00,14.90,94.01,0.0000,0.0792,0,collision,
6796,41,-203.62,2.02,89.88,0.0000,0.0000,0,collision,
6797,242,-115.07,7.77,962.30,0.0000,0.0281,0,collision,
6798,74,-109.86,22.70,-31.57,0.0270,0.0147,0,collision,
6799,186,-237.73,4.51,723.11,0.0108,0.0640,0,collision,
6800,58,-159.43,10.95,86.70,0.0000,0.0333,0,collision,
6801,266,-140.46,7.91,818.42,0.0000,0.0325,0,collision,
6802,107,-144.53,10.43,197.68,0.0000,0.0119,0,collision,
6803,111,-111.10,9.28,660.70,0.0000,0.0889,0,collision,
6804,43,-199.01,5.84,255.86,0.0000,0.0739,0,collision,
6805,94,-143.93,13.60,245.55,0.0213,0.0255,0,collision,
6806,41,-168.79,13.89,45.93,0.0000,0.0136,0,collision,
6807,382,242.68,6.45,1672.68,0.0000,0.0015,1,goal,
6808,15,-200.08,2.52,41.96,0.1333,0.0000,0,collision,
6809,213,321.39,11.01,344.00,0.0000,0.0000,1,goal,
6810,154,-223.50,2.38,404.97,0.0000,0.0000,0,collision,
6811,83,-141.47,16.29,36.44,0.0241,0.0076,0,collision,
6812,15,-196.91,3.01,51.45,0.0000,0.0000,0,collision,
6813,192,-102.69,9.04,886.92,0.0104,0.0149,0,collision,
6814,228,329.45,9.86,289.52,0.0000,0.0044,1,goal,
6815,48,-200.84,3.66,200.99,0.0000,0.2612,0,collision,
6816,109,-203.31,6.07,446.98,0.0000,0.0119,0,collision,
6817,283,-158.73,6.14,1053.82,0.0000,0.0057,0,collision,
6818,119,-96.97,12.02,265.60,0.0000,0.0213,0,collision,
6819,184,-212.04,5.69,918.78,0.0109,0.0000,0,collision,
6820,174,-71.68,8.02,994.06,0.0000,0.0349,0,collision,
3101,293,-49.99,10.31,1068.92,0.0000,0.0144,0,collision,
3102,50,-201.99,11.13,66.98,0.0400,0.0171,0,collision,
3103,40,-188.48,8.09,306.35,0.0500,0.0000,0,collision,
3104,106,-139.51,6.44,655.04,0.0189,0.0000,0,collision,
3105,82,-144.93,7.91,470.43,0.0000,0.0317,0,collision,
3106,111,-212.50,5.97,532.88,0.0000,0.0689,0,collision,
3107,20,-195.28,7.03,147.51,0.1000,0.0455,0,collision,
3108,74,-116.73,13.00,378.85,0.0270,0.0237,0,collision,
3109,58,-196.00,3.11,203.24,0.0000,0.0000,0,collision,
3110,38,-183.97,4.24,184.35,0.0000,0.0000,0,collision,
6821,209,-203.30,6.80,764.26,0.0096,0.0511,0,collision,
6822,85,-141.23,11.85,147.50,0.0235,0.0062,0,collision,
6823,189,-56.06,11.71,520.37,0.0000,0.0035,0,collision,
6824,302,-36.77,7.48,1047.35,0.0000,0.0040,0,collision,
6825,98,-120.76,11.73,146.03,0.0000,0.0246,0,collision,
6826,48,-141.01,16.62,-39.43,0.0417,0.0250,0,collision,
6827,57,-177.28,3.98,278.47,0.0351,0.0403,0,collision,
6828,247,-138.32,9.70,778.97,0.0000,0.0026,0,collision,
6829,77,-176.43,5.62,289.57,0.0000,0.0000,0,collision,
6830,119,-200.26,7.04,261.61,0.0168,0.0554,0,collision,
6831,74,-174.32,4.54,308.53,0.0000,0.0000,0,collision,
6832,43,-184.69,5.31,193.13,0.0465,0.0448,0,collision,
6833,66,-158.48,9.61,91.37,0.0303,0.1160,0,collision,
6834,170,-97.96,6.95,763.96,0.0118,0.0171,0,collision,
6835,16,-196.17,3.61,66.33,0.1250,0.0210,0,collision,
6836,256,-38.99,6.07,1325.02,0.0078,0.0037,0,collision,
6837,81,-194.25,3.45,315.72,0.0247,0.0120,0,collision,
6838,62,-205.62,2.14,147.25,0.0000,0.0042,0,collision,
6839,174,-193.38,5.36,453.88,0.0000,0.0000,0,collision,
6840,33,-188.25,6.05,139.79,0.0606,0.0803,0,collision,
6841,53,-199.33,4.65,288.24,0.0377,0.0019,0,collision,
6842,67,-142.76,14.54,105.88,0.0000,0.0153,0,collision,
6843,177,-39.81,11.17,652.65,0.0113,0.0048,0,collision,
6844,123,319.54,21.31,-116.07,0.0000,0.0000,1,goal,
6845,338,-90.97,8.10,1376.11,0.0059,0.0031,0,collision,
6846,301,-180.57,7.77,606.98,0.0000,0.0108,0,collision,
6847,242,-122.02,5.16,1027.51,0.0000,0.0058,0,collision,
3111,23,-214.27,2.71,70.62,0.0000,0.0000,0,collision,
3112,196,-109.84,9.13,661.71,0.0102,0.0066,0,collision,
3113,351,355.24,7.01,1247.75,0.0000,0.0095,1,goal,
3114,308,5.40,8.90,943.75,0.0065,0.0284,0,collision,
3115,67,-187.81,3.11,247.86,0.0299,0.0726,0,collision,
3116,111,-160.68,6.54,339.75,0.0180,0.0002,0,collision,
3117,301,-87.13,7.18,1862.12,0.0000,0.0241,0,collision,
3118,9,-202.24,2.66,26.88,0.2222,0.0000,0,collision,
3119,65,-195.71,3.45,255.47,0.0000,0.1158,0,collision,
3120,47,-178.37,13.54,61.08,0.0000,0.0276,0,collision,
6848,699,-407.73,4.10,1811.48,0.0000,0.0208,0,collision,
6849,63,-164.35,4.67,336.04,0.0000,0.0000,0,collision,
6850,41,-178.22,6.56,248.94,0.0488,0.0412,0,collision,
6851,68,-206.46,5.01,357.70,0.0294,0.0000,0,collision,
6852,44,-224.77,4.08,180.05,0.0000,0.0133,0,collision,
6853,77,-204.66,2.95,261.04,0.0000,0.0418,0,collision,
6854,150,-167.71,4.39,667.80,0.0000,0.0292,0,collision,
6855,38,-195.02,9.47,154.36,0.0000,0.1166,0,collision,
6856,291,-82.90,5.29,1215.02,0.0069,0.0290,0,collision,
6857,137,-283.84,2.81,434.25,0.0000,0.0000,0,collision,
6858,14,-211.64,1.05,16.02,0.1429,0.0000,0,collision,
6859,129,-215.16,2.73,404.35,0.0000,0.0172,0,collision,
6860,115,-161.26,4.33,553.87,0.0000,0.0682,0,collision,
6861,465,295.65,5.88,2092.77,0.0000,0.0037,1,goal,
6862,37,-199.45,2.66,107.84,0.0000,0.0080,0,collision,
6863,85,-104.93,19.92,4.45,0.0235,0.0304,0,collision,
6864,423,-319.48,5.30,1282.59,0.0000,0.0086,0,collision,
6865,111,-110.97,7.86,722.82,0.0000,0.0257,0,collision,
6866,76,-188.04,3.67,329.01,0.0263,0.0752,0,collision,
6867,259,-254.64,5.34,1004.39,0.0000,0.0003,0,collision,
6868,74,-130.50,19.79,25.27,0.0270,0.0128,0,collision,
6869,165,372.91,17.30,-145.25,0.0000,0.0133,1,goal,
6870,298,338.71,7.63,929.86,0.0000,0.0000,1,goal,
6871,93,-256.06,2.72,283.98,0.0000,0.0041,0,collision,
6872,337,364.70,8.54,811.28,0.0000,0.0014,1,goal,
6873,166,-314.93,3.57,412.83,0.0120,0.0023,0,collision,
3121,49,-198.65,5.57,283.12,0.0000,0.0188,0,collision,
3122,54,-164.12,10.89,109.22,0.0370,0.0509,0,collision,
3123,90,-118.76,17.42,27.38,0.0222,0.0158,0,collision,
3124,325,332.33,9.00,943.79,0.0000,0.0369,1,goal,
3125,145,-93.90,10.25,496.07,0.0000,0.0092,0,collision,
3126,92,-171.41,4.86,444.26,0.0217,0.0000,0,collision,
3127,96,-144.07,6.92,450.47,0.0000,0.0438,0,collision,
3128,127,-100.31,10.17,371.87,0.0000,0.0045,0,collision,
3129,133,-99.26,10.39,392.78,0.0150,0.0026,0,collision,
3130,596,103.39,5.12,1689.43,0.0000,0.0077,1,goal,
6874,262,-120.76,10.25,904.53,0.0076,0.0316,0,collision,
6875,19,-187.81,4.64,102.72,0.1053,0.0000,0,collision,
6876,51,-154.72,12.12,147.50,0.0000,0.0285,0,collision,
6877,135,-214.83,4.94,702.32,0.0000,0.0000,0,collision,
6878,69,-174.87,4.54,365.62,0.0000,0.0000,0,collision,
6879,268,-176.01,7.53,733.99,0.0000,0.0595,0,collision,
6880,64,-179.94,5.46,198.29,0.0000,0.0344,0,collision,
6881,23,-190.33,12.23,94.00,0.0870,0.0810,0,collision,
6882,170,319.06,13.26,-33.79,0.0000,0.0202,1,goal,
6883,226,-334.56,2.94,748.43,0.0000,0.0782,0,collision,
6884,252,355.69,8.75,1253.34,0.0000,0.0567,1,goal,
6885,282,389.86,9.66,917.24,0.0000,0.0000,1,goal,
6886,7,-201.30,1.35,10.03,0.2857,0.0000,0,collision,
6887,77,-162.67,12.05,136.58,0.0260,0.0057,0,collision,
6888,77,-182.07,6.99,344.46,0.0260,0.1263,0,collision,
6889,60,-149.72,11.61,265.10,0.0000,0.3008,0,collision,
6890,191,-188.46,5.57,788.65,0.0105,0.0143,0,collision,
6891,185,-186.38,3.20,634.39,0.0000,0.0011,0,collision,
6892,20,-215.12,1.83,44.41,0.1000,0.0389,0,collision,
6893,1,-200.00,0.00,0.00,0.0000,0.0000,0,collision,
6894,28,-220.80,2.07,64.32,0.0714,0.0000,0,collision,
6895,334,-283.99,7.21,700.01,0.0060,0.0286,0,collision,
6896,359,-173.42,6.81,1128.41,0.0000,0.0209,0,collision,
6897,264,-139.35,6.00,859.01,0.0076,0.0115,0,collision,
6898,69,-231.42,2.56,200.00,0.0000,0.0127,0,collision,
6899,60,-182.14,4.60,290.09,0.0000,0.1205,0,collision,
6900,81,-261.47,1.93,187.36,0.0000,0.0267,0,collision,
6901,66,-145.02,9.26,220.03,0.0000,0.0466,0,collision,
6902,346,283.23,7.41,1498.61,0.0000,0.0028,1,goal,
6903,88,-228.41,8.44,228.13,0.0227,0.0816,0,collision,
3131,87,-155.44,7.45,307.83,0.0000,0.0078,0,collision,
3132,159,-110.87,8.79,306.60,0.0000,0.0271,0,collision,
3133,308,245.29,9.34,971.02,0.0000,0.0107,1,goal,
3134,72,-170.66,7.63,225.49,0.0000,0.0587,0,collision,
3135,435,-513.75,2.76,1214.23,0.0046,0.0189,0,collision,
3136,278,-269.20,3.85,1235.38,0.0072,0.0012,0,collision,
3137,92,-228.14,3.98,423.25,0.0217,0.0648,0,collision,
3138,7,-205.62,0.59,3.89,0.0000,0.0000,0,collision,
3139,171,-160.36,8.13,503.37,0.0000,0.0226,0,collision,
3140,315,-411.13,4.11,477.95,0.0000,0.0162,0,collision,
6904,220,-206.38,8.24,883.05,0.0000,0.0042,0,collision,
6905,99,-218.40,6.46,406.90,0.0202,0.0257,0,collision,
6906,314,-129.82,6.83,1277.57,0.0064,0.0250,0,collision,
6907,54,-176.83,5.54,327.41,0.0000,0.1132,0,collision,
6908,325,-87.17,5.37,1170.45,0.0062,0.0453,0,collision,
6909,231,-124.57,4.54,985.85,0.0087,0.0072,0,collision,
6910,74,-185.02,4.24,358.18,0.0000,0.0120,0,collision,
6911,505,-4.86,5.59,2091.24,0.0000,0.0107,0,collision,
6912,228,-43.94,9.78,757.18,0.0000,0.0051,0,collision,
6913,347,356.19,7.80,1082.19,0.0000,0.0087,1,goal,
6914,293,-91.77,7.08,999.06,0.0068,0.0028,0,collision,
6915,58,-146.21,11.79,120.20,0.0000,0.0192,0,collision,
6916,59,-167.29,4.47,317.23,0.0000,0.0000,0,collision,
6917,51,-131.75,24.96,-68.02,0.0392,0.0193,0,collision,
6918,13,-193.54,6.99,137.62,0.0000,0.3038,0,collision,
6919,125,-198.80,6.31,629.13,0.0160,0.0644,0,collision,
6920,148,-153.12,4.66,617.79,0.0000,0.0202,0,collision,
6921,158,-16.63,12.99,491.98,0.0127,0.0071,0,collision,
6922,407,-94.02,6.41,1863.98,0.0049,0.0010,0,collision,
6923,304,-307.36,3.32,1153.37,0.0000,0.0043,0,collision,
6924,38,-184.40,5.86,179.60,0.0000,0.0703,0,collision,
3141,12,-199.87,2.29,30.37,0.0000,0.0000,0,collision,
3142,202,-133.35,10.54,525.89,0.0099,0.0312,0,collision,
3143,57,-192.76,3.60,234.32,0.0000,0.0000,0,collision,
3144,306,338.42,7.99,911.89,0.0000,0.0062,1,goal,
3145,61,-184.21,9.37,150.79,0.0328,0.0092,0,collision,
3146,234,-309.69,4.11,894.53,0.0085,0.0164,0,collision,
3147,393,-245.82,5.41,1483.71,0.0051,0.0000,0,collision,
3148,233,-304.92,3.96,784.26,0.0086,0.0080,0,collision,
3149,363,38.19,7.43,1766.71,0.0055,0.0111,0,collision,
3150,82,-142.19,7.43,345.89,0.0244,0.0404,0,collision,
6925,239,-242.50,5.29,387.32,0.0084,0.0000,0,collision,
6926,129,-159.27,5.15,652.01,0.0155,0.1203,0,collision,
6927,254,257.05,9.45,460.49,0.0000,0.0000,1,goal,
6928,20,-213.90,2.18,49.25,0.1000,0.0000,0,collision,
6929,177,-263.51,3.39,669.35,0.0000,0.0104,0,collision,
6930,87,-223.37,2.48,240.16,0.0230,0.1622,0,collision,
6931,106,-127.10,7.91,318.74,0.0189,0.0685,0,collision,
6932,75,-223.98,3.94,330.02,0.0000,0.0000,0,collision,
6933,99,-163.19,4.50,476.87,0.0202,0.0046,0,collision,
6934,43,-183.19,10.44,241.88,0.0000,0.0433,0,collision,
6935,67,-159.14,6.72,267.54,0.0299,0.0902,0,collision,
6936,308,339.47,7.98,1355.16,0.0000,0.0006,1,goal,
6937,267,367.73,9.73,665.39,0.0000,0.0003,1,goal,
6938,338,-36.02,7.08,1185.52,0.0059,0.0040,0,collision,
6939,71,-187.23,5.06,309.02,0.0282,0.0383,0,collision,
6940,351,-101.64,4.57,1567.39,0.0000,0.0000,0,collision,
6941,170,-145.73,7.45,406.54,0.0000,0.0149,0,collision,
6942,181,-149.03,6.90,425.29,0.0110,0.0191,0,collision,
6943,73,-184.17,5.73,177.46,0.0000,0.0000,0,collision,
6944,44,-165.04,9.29,226.96,0.0455,0.1154,0,collision,
6945,72,-187.15,3.66,299.10,0.0000,0.0000,0,collision,
6946,90,-154.83,6.84,328.79,0.0000,0.0235,0,collision,
6947,167,-144.21,6.90,605.43,0.0000,0.0000,0,collision,
6948,24,-175.70,15.19,121.19,0.0833,0.0606,0,collision,
6949,33,-193.61,2.96,109.59,0.0606,0.0000,0,collision,
6950,15,-201.59,1.69,27.77,0.0000,0.0000,0,collision,
6951,170,-149.24,5.21,767.39,0.0118,0.0205,0,collision,
6952,95,-170.48,6.41,490.83,0.0211,0.0124,0,collision,
6953,121,-148.61,6.80,391.19,0.0165,0.0364,0,collision,
6954,53,-201.41,5.14,355.49,0.0377,0.0090,0,collision,
6955,147,-103.39,9.14,451.68,0.0136,0.0102,0,collision,
3151,62,-178.74,4.68,299.26,0.0323,0.0267,0,collision,
3152,29,-200.24,2.36,75.10,0.0690,0.0250,0,collision,
3153,36,-183.72,10.70,156.49,0.0556,0.0416,0,collision,
3154,10,-200.28,3.92,44.52,0.0000,0.0791,0,collision,
3155,13,-196.29,2.94,51.29,0.0000,0.0000,0,collision,
3156,8,-204.74,1.58,15.25,0.0000,0.0000,0,collision,
3157,163,-81.59,9.78,670.21,0.0000,0.0111,0,collision,
3158,65,-197.11,2.95,256.26,0.0000,0.0000,0,collision,
3159,296,-173.28,5.95,1189.63,0.0068,0.0173,0,collision,
3160,444,389.88,6.30,1700.00,0.0000,0.0143,1,goal,
6956,185,-133.32,6.31,1054.52,0.0108,0.0133,0,collision,
6957,132,-276.30,3.10,461.15,0.0000,0.0716,0,collision,
6958,222,-188.44,9.40,572.29,0.0090,0.0404,0,collision,
6959,143,-89.66,9.38,569.76,0.0140,0.0034,0,collision,
6960,260,313.82,9.48,1046.91,0.0000,0.0042,1,goal,
6961,100,-216.80,6.55,270.02,0.0000,0.2171,0,collision,
6962,13,-189.53,6.59,123.71,0.0000,0.0000,0,collision,
6963,194,349.68,12.72,536.19,0.0000,0.0369,1,goal,
6964,332,-317.11,4.13,1528.96,0.0000,0.0244,0,collision,
6965,318,-70.07,6.22,1412.47,0.0000,0.0207,0,collision,
6966,289,-124.49,6.22,1092.73,0.0069,0.0114,0,collision,
6967,121,-171.27,12.76,-0.53,0.0000,0.0213,0,collision,
6968,151,-273.20,4.80,260.47,0.0000,0.0060,0,collision,
6969,240,-131.27,8.95,556.17,0.0000,0.0144,0,collision,
6970,284,341.02,10.32,672.72,0.0000,0.0088,1,goal,
6971,95,-247.06,3.36,362.32,0.0000,0.0000,0,collision,
6972,337,249.41,8.95,862.47,0.0000,0.0032,1,goal,
6973,144,-169.37,5.84,498.67,0.0139,0.0415,0,collision,
6974,405,408.91,5.89,1745.03,0.0000,0.0057,1,goal,
6975,62,-197.01,2.99,216.10,0.0323,0.0000,0,collision,
3161,137,-159.31,5.99,437.60,0.0000,0.1438,0,collision,
3162,161,-46.07,13.85,-114.51,0.0000,0.0462,0,collision,
3163,41,-180.43,15.44,36.12,0.0000,0.0237,0,collision,
3164,168,-88.37,6.30,893.50,0.0119,0.0368,0,collision,
3165,87,-223.27,7.64,220.63,0.0230,0.0341,0,collision,
3166,59,-152.39,9.06,320.52,0.0000,0.0568,0,collision,
3167,316,-13.18,6.75,1622.46,0.0000,0.0172,0,collision,
3168,277,418.64,9.88,507.36,0.0000,0.0000,1,goal,
3169,173,-102.36,8.22,493.04,0.0116,0.0877,0,collision,
3170,17,-190.01,4.76,111.39,0.0000,0.0000,0,collision,
6976,256,-100.51,8.25,880.63,0.0000,0.0270,0,collision,
6977,116,345.17,21.10,-232.19,0.0000,0.0000,1,goal,
6978,38,-194.18,3.15,167.23,0.0526,0.0580,0,collision,
6979,181,-198.14,5.64,589.97,0.0110,0.0197,0,collision,
6980,65,-151.12,8.81,264.64,0.0308,0.0179,0,collision,
6981,416,-368.07,4.48,1153.43,0.0048,0.0101,0,collision,
6982,166,-120.27,7.85,454.05,0.0000,0.0134,0,collision,
6983,26,-206.77,4.44,99.30,0.0769,0.0000,0,collision,
6984,106,-165.82,13.78,183.06,0.0000,0.0157,0,collision,
6985,228,-230.95,4.47,980.55,0.0000,0.0372,0,collision,
6986,44,-192.69,4.47,235.11,0.0000,0.0000,0,collision,
6987,54,-167.62,7.21,207.90,0.0000,0.0554,0,collision,
6988,46,-230.64,2.10,106.38,0.0435,0.0000,0,collision,
6989,7,-199.69,2.08,24.37,0.2857,0.0353,0,collision,
6990,40,-201.48,2.44,117.04,0.0500,0.0369,0,collision,
6991,119,-178.00,5.44,363.65,0.0000,0.1314,0,collision,
6992,238,-60.91,8.74,810.80,0.0000,0.0086,0,collision,
6993,364,191.65,6.89,945.03,0.0000,0.0055,1,goal,
6994,131,-89.52,10.57,334.90,0.0153,0.0190,0,collision,
6995,74,-195.92,2.58,212.02,0.0270,0.0017,0,collision,
6996,181,-143.36,6.66,350.34,0.0000,0.0327,0,collision,
6997,197,-150.40,6.58,961.91,0.0000,0.0105,0,collision,
6998,303,-244.82,5.16,1039.41,0.0000,0.0756,0,collision,
6999,98,-237.71,6.40,260.14,0.0204,0.0281,0,collision,
7000,125,-63.47,15.72,96.06,0.0160,0.0096,0,collision,
7001,147,-191.93,4.52,639.23,0.0000,0.0000,0,collision,
7002,52,-177.30,4.76,288.83,0.0000,0.0000,0,collision,
7003,95,-260.71,3.02,325.83,0.0000,0.0077,0,collision,
7004,80,-205.09,9.76,197.62,0.0000,0.0015,0,collision,
7005,77,-200.95,2.81,244.45,0.0260,0.0054,0,collision,
7006,67,-145.05,9.36,323.82,0.0000,0.0163,0,collision,
3171,79,-231.07,3.20,289.55,0.0253,0.0000,0,collision,
3172,85,-164.52,10.51,194.50,0.0235,0.0945,0,collision,
3173,81,-159.89,6.98,306.36,0.0000,0.0096,0,collision,
3174,129,-178.47,11.74,241.37,0.0155,0.0038,0,collision,
3175,54,-187.46,4.14,263.60,0.0370,0.0000,0,collision,
3176,181,-132.76,7.07,690.21,0.0110,0.0252,0,collision,
3177,209,-52.66,6.69,1288.06,0.0000,0.0308,0,collision,
3178,90,-110.04,15.81,4.18,0.0222,0.0034,0,collision,
3179,117,-127.67,6.85,499.88,0.0171,0.0000,0,collision,
3180,142,-245.54,4.60,733.71,0.0000,0.0073,0,collision,
7007,163,-118.50,8.04,448.67,0.0123,0.0161,0,collision,
7008,6,-200.42,3.46,40.24,0.3333,0.4538,0,collision,
7009,187,-103.39,7.66,862.99,0.0107,0.0108,0,collision,
7010,217,-309.94,3.43,804.74,0.0092,0.0437,0,collision,
7011,134,-176.25,5.95,576.61,0.0149,0.0116,0,collision,
7012,353,-332.52,2.98,1145.60,0.0000,0.0115,0,collision,
7013,2,-200.42,1.04,2.51,1.0000,0.0000,0,collision,
7014,153,-282.13,3.20,523.95,0.0000,0.0078,0,collision,
7015,37,-219.20,2.54,104.58,0.0541,0.0000,0,collision,
7016,59,-142.20,16.13,104.29,0.0000,0.0089,0,collision,
7017,226,-282.95,6.32,636.20,0.0088,0.0108,0,collision,
7018,123,-162.39,9.62,209.64,0.0163,0.0015,0,collision,
7019,264,-110.37,7.48,1060.47,0.0076,0.0192,0,collision,
7020,268,-209.64,5.57,1233.18,0.0000,0.0030,0,collision,
7021,82,-258.71,3.17,295.68,0.0000,0.1320,0,collision,
7022,181,-227.00,3.85,581.85,0.0000,0.0000,0,collision,
7023,171,-85.01,8.07,724.34,0.0117,0.0073,0,collision,
7024,110,-140.04,11.99,208.13,0.0182,0.0080,0,collision,
7025,41,-174.74,11.39,88.81,0.0000,0.0895,0,collision,
7026,271,390.17,8.56,895.46,0.0000,0.0013,1,goal,
7027,146,-197.37,5.42,757.12,0.0137,0.0000,0,collision,
7028,13,-205.72,1.31,18.51,0.0000,0.0000,0,collision,
7029,178,-171.13,7.49,464.15,0.0112,0.0367,0,collision,
7030,357,344.25,7.75,1238.29,0.0000,0.0084,1,goal,
7031,102,-200.69,6.70,395.49,0.0196,0.0151,0,collision,
7032,347,340.54,7.04,1653.82,0.0000,0.0000,1,goal,
3181,315,326.52,6.99,1410.92,0.0000,0.0026,1,goal,
3182,102,-176.08,13.05,328.08,0.0196,0.0031,0,collision,
3183,290,-174.59,7.23,720.03,0.0000,0.0046,0,collision,
3184,41,-213.41,1.85,85.31,0.0000,0.0000,0,collision,
3185,86,-147.94,7.49,553.18,0.0233,0.0229,0,collision,
3186,53,-227.13,4.20,169.65,0.0000,0.0604,0,collision,
3187,51,-160.88,5.99,295.72,0.0392,0.0000,0,collision,
3188,51,-188.96,4.07,223.35,0.0392,0.0000,0,collision,
3189,14,-213.98,1.20,17.67,0.0000,0.0000,0,collision,
3190,58,-137.77,11.95,254.62,0.0345,0.0253,0,collision,
7033,300,-229.95,6.59,1150.04,0.0067,0.0417,0,collision,
7034,66,-141.93,8.26,370.95,0.0303,0.0253,0,collision,
7035,32,-204.15,6.45,140.69,0.0625,0.0498,0,collision,
7036,50,-168.10,10.00,157.94,0.0000,0.0655,0,collision,
7037,84,-130.94,16.33,57.29,0.0238,0.0000,0,collision,
7038,92,-173.83,7.79,447.63,0.0000,0.0085,0,collision,
7039,17,-200.58,2.24,41.46,0.1176,0.0000,0,collision,
7040,60,-180.42,3.63,276.05,0.0000,0.0735,0,collision,
7041,88,-194.47,4.25,287.82,0.0000,0.0000,0,collision,
7042,96,-192.74,2.92,312.40,0.0208,0.0575,0,collision,
7043,200,-93.80,7.17,791.98,0.0000,0.0071,0,collision,
7044,100,-132.31,6.92,455.74,0.0200,0.0409,0,collision,
7045,35,-183.72,4.92,200.36,0.0571,0.0000,0,collision,
7046,109,-128.76,6.17,647.42,0.0000,0.0246,0,collision,
7047,62,-225.82,1.62,108.43,0.0000,0.0000,0,collision,
7048,442,345.58,6.18,1760.45,0.0000,0.0050,1,goal,
7049,102,-217.92,5.37,390.73,0.0000,0.0161,0,collision,
7050,203,-78.17,7.87,1485.53,0.0000,0.0465,0,collision,
7051,138,-141.01,4.81,730.33,0.0000,0.0135,0,collision,
7052,19,-208.67,2.34,57.31,0.0000,0.0000,0,collision,
7053,110,-95.79,11.48,88.31,0.0182,0.0172,0,collision,
7054,4,-198.17,3.11,22.43,0.0000,0.0000,0,collision,
7055,78,-165.71,5.86,370.03,0.0000,0.0391,0,collision,
7056,310,-143.91,8.09,891.63,0.0065,0.0328,0,collision,
7057,176,-75.83,11.88,314.30,0.0000,0.0371,0,collision,
7058,293,-56.94,8.31,646.26,0.0000,0.0650,0,collision,
7059,94,-166.03,6.09,315.66,0.0213,0.0255,0,collision,
7060,296,-33.01,9.38,888.70,0.0068,0.0052,0,collision,
7061,171,-131.13,7.72,786.56,0.0000,0.0436,0,collision,
7062,67,-167.37,15.14,-80.70,0.0000,0.0293,0,collision,
7063,105,-192.46,7.37,465.65,0.0000,0.0025,0,collision,
3191,110,-198.32,6.19,509.08,0.0182,0.0022,0,collision,
3192,410,166.68,6.04,1600.89,0.0000,0.0211,1,goal,
3193,138,-82.46,11.41,322.74,0.0145,0.0913,0,collision,
3194,16,-195.21,3.24,58.19,0.1250,0.0492,0,collision,
3195,81,-207.01,2.26,203.21,0.0000,0.0000,0,collision,
3196,45,-186.86,11.15,96.81,0.0444,0.0400,0,collision,
3197,8,-204.51,1.99,18.07,0.2500,0.0000,0,collision,
3198,118,-306.35,2.67,370.15,0.0000,0.0252,0,collision,
3199,75,-188.73,5.43,225.06,0.0267,0.0115,0,collision,
3200,225,-135.75,5.07,811.61,0.0000,0.0018,0,collision,
7064,183,-166.68,8.49,354.47,0.0109,0.0063,0,collision,
7065,9,-198.56,2.25,22.67,0.0000,0.0000,0,collision,
7066,47,-195.68,3.71,180.52,0.0426,0.0420,0,collision,
7067,28,-212.15,1.62,49.31,0.0000,0.0244,0,collision,
7068,49,-220.66,1.68,89.59,0.0000,0.0255,0,collision,
7069,322,375.47,8.05,1257.76,0.0000,0.0000,1,goal,
7070,265,-246.43,3.90,1043.15,0.0075,0.0003,0,collision,
7071,10,-206.65,0.95,10.33,0.0000,0.0000,0,collision,
7072,60,-146.56,13.88,44.96,0.0000,0.0185,0,collision,
7073,95,-151.13,9.57,370.66,0.0211,0.1097,0,collision,
7074,88,-236.34,3.75,384.64,0.0000,0.0420,0,collision,
7075,182,-108.46,8.82,494.80,0.0000,0.0037,0,collision,
7076,254,-225.50,6.38,838.57,0.0000,0.0038,0,collision,
7077,338,-216.26,6.42,1359.93,0.0000,0.0087,0,collision,
7078,16,-186.63,5.37,101.11,0.0000,0.0000,0,collision,
7079,60,-139.30,10.25,380.08,0.0000,0.0337,0,collision,
7080,178,-251.74,5.13,360.75,0.0112,0.0000,0,collision,
7081,161,-176.97,8.12,403.16,0.0124,0.0110,0,collision,
7082,154,-150.82,11.32,454.39,0.0130,0.0246,0,collision,
7083,61,-187.58,3.65,259.30,0.0000,0.0477,0,collision,
7084,163,-201.61,3.88,523.48,0.0000,0.0780,0,collision,
7085,85,-156.62,9.57,157.80,0.0000,0.0000,0,collision,
7086,53,-207.45,5.24,264.25,0.0000,0.0511,0,collision,
7087,258,-160.02,8.73,696.40,0.0078,0.0463,0,collision,
7088,8,-203.20,1.18,9.70,0.0000,0.0920,0,collision,
7089,8,-198.52,2.25,25.36,0.0000,0.0000,0,collision,
7090,204,-249.01,5.44,675.22,0.0098,0.0279,0,collision,
7091,18,-203.16,2.06,40.98,0.1111,0.0000,0,collision,
7092,436,400.05,6.30,1655.51,0.0000,0.0133,1,goal,
7093,11,-191.96,5.26,84.15,0.0000,0.0000,0,collision,
7094,2,-201.82,0.00,0.10,0.0000,0.0000,0,collision,
7095,212,-205.71,6.94,807.55,0.0000,0.0191,0,collision,
7096,32,-191.08,11.78,49.48,0.0625,0.0506,0,collision,
3201,262,-259.73,4.46,926.71,0.0000,0.0429,0,collision,
3202,25,-212.76,2.63,74.31,0.0000,0.0000,0,collision,
3203,72,-168.73,8.36,87.47,0.0000,0.0224,0,collision,
3204,71,-151.72,5.48,448.31,0.0000,0.0000,0,collision,
3205,95,-170.45,4.85,426.34,0.0211,0.0050,0,collision,
3206,183,-140.63,5.40,796.75,0.0109,0.0202,0,collision,
3207,177,-167.79,3.62,736.90,0.0113,0.0104,0,collision,
3208,249,360.78,9.78,707.25,0.0000,0.0180,1,goal,
3209,72,-134.01,11.92,248.06,0.0000,0.0218,0,collision,
3210,119,-173.87,5.58,286.66,0.0168,0.0074,0,collision,
7097,376,-213.74,5.86,1268.74,0.0053,0.0051,0,collision,
7098,21,-210.51,1.43,25.51,0.0000,0.0000,0,collision,
7099,160,-76.55,7.32,774.44,0.0125,0.0000,0,collision,
7100,51,-143.52,11.23,334.83,0.0392,0.0319,0,collision,
7101,108,-151.28,6.01,461.92,0.0000,0.0252,0,collision,
7102,95,-142.53,11.71,302.92,0.0211,0.0406,0,collision,
7103,290,-80.85,6.89,929.24,0.0000,0.0025,0,collision,
7104,145,-153.59,4.78,691.95,0.0138,0.1103,0,collision,
7105,7,-206.76,1.05,7.96,0.0000,0.1236,0,collision,
7106,77,-149.57,7.52,428.21,0.0260,0.1429,0,collision,
7107,45,-211.11,5.47,143.48,0.0444,0.0191,0,collision,
7108,49,-153.45,11.27,166.28,0.0000,0.0251,0,collision,
7109,77,-190.50,6.44,382.02,0.0260,0.0360,0,collision,
7110,155,-182.36,6.34,615.50,0.0129,0.0518,0,collision,
7111,18,-200.21,4.47,104.43,0.0000,0.0000,0,collision,
7112,43,-175.20,7.52,204.25,0.0465,0.0000,0,collision,
7113,97,-224.21,6.83,216.70,0.0000,0.0479,0,collision,
7114,291,-176.26,4.73,1093.81,0.0000,0.0000,0,collision,
7115,221,-142.44,4.61,890.88,0.0000,0.0052,0,collision,
7116,203,-98.30,6.94,616.65,0.0099,0.0132,0,collision,
7117,357,-280.26,6.02,779.16,0.0000,0.0041,0,collision,
7118,107,-164.84,6.20,281.67,0.0000,0.1317,0,collision,
7119,141,-116.79,5.91,837.70,0.0000,0.0249,0,collision,
7120,124,-248.85,5.57,356.87,0.0161,0.0000,0,collision,
7121,54,-215.28,4.06,285.51,0.0370,0.0489,0,collision,
7122,200,-68.26,10.02,463.62,0.0100,0.0236,0,collision,
7123,33,-218.64,2.86,104.23,0.0606,0.0000,0,collision,
7124,103,-113.54,8.88,254.62,0.0000,0.0086,0,collision,
7125,349,-292.03,4.61,1135.89,0.0000,0.0035,0,collision,
7126,188,-110.41,8.70,486.60,0.0000,0.0123,0,collision,
3211,217,-104.39,5.47,1129.35,0.0092,0.0395,0,collision,
3212,81,-125.62,13.64,130.25,0.0000,0.0467,0,collision,
3213,72,-192.01,8.24,318.98,0.0278,0.0391,0,collision,
3214,88,-202.13,3.44,344.49,0.0000,0.0095,0,collision,
3215,203,-202.69,6.24,659.93,0.0000,0.0071,0,collision,
3216,140,-226.63,2.23,346.15,0.0000,0.0105,0,collision,
3217,250,-100.37,5.10,1042.01,0.0000,0.0000,0,collision,
3218,342,-86.29,4.79,1575.94,0.0058,0.0000,0,collision,
3219,158,-85.70,7.32,847.12,0.0127,0.0049,0,collision,
3220,113,-175.94,5.60,280.17,0.0000,0.1730,0,collision,
7127,174,-160.04,6.50,1084.36,0.0115,0.0008,0,collision,
7128,232,-127.71,7.40,1143.66,0.0000,0.0169,0,collision,
7129,169,-283.41,3.79,685.09,0.0000,0.0237,0,collision,
7130,62,-177.89,4.47,338.04,0.0323,0.0050,0,collision,
7131,136,-160.36,4.36,593.42,0.0000,0.1303,0,collision,
7132,338,334.11,7.51,1111.34,0.0000,0.0000,1,goal,
7133,61,-193.07,10.58,132.25,0.0000,0.0296,0,collision,
7134,292,-137.82,4.62,1177.70,0.0000,0.0390,0,collision,
7135,63,-184.97,3.52,273.58,0.0317,0.0000,0,collision,
7136,202,-141.31,7.26,896.99,0.0099,0.0000,0,collision,
7137,251,33.86,9.72,863.77,0.0080,0.0000,0,collision,
7138,48,-165.52,7.48,247.83,0.0000,0.0000,0,collision,
7139,199,-164.28,4.30,728.64,0.0000,0.0701,0,collision,
7140,43,-174.88,8.82,203.18,0.0000,0.0614,0,collision,
7141,94,-275.56,2.22,242.48,0.0000,0.0309,0,collision,
7142,212,-244.00,3.89,953.83,0.0094,0.0447,0,collision,
7143,60,-224.31,4.93,190.10,0.0000,0.0495,0,collision,
7144,28,-176.23,9.11,145.56,0.0000,0.0375,0,collision,
7145,15,-184.73,11.82,69.81,0.1333,0.0929,0,collision,
7146,316,-133.11,5.45,1617.19,0.0063,0.0269,0,collision,
7147,27,-176.16,8.62,208.97,0.0000,0.1522,0,collision,
7148,200,-321.28,3.37,749.73,0.0000,0.0131,0,collision,
7149,256,-128.15,7.54,1161.33,0.0000,0.0032,0,collision,
7150,203,-190.61,7.52,412.62,0.0000,0.0017,0,collision,
7151,249,-168.46,5.41,1145.48,0.0000,0.0049,0,collision,
7152,67,-191.69,3.38,264.66,0.0000,0.1591,0,collision,
7153,126,-132.27,10.66,272.58,0.0159,0.0037,0,collision,
3221,552,93.66,3.97,1762.51,0.0000,0.0097,1,goal,
3222,381,354.56,6.10,1497.71,0.0000,0.0002,1,goal,
3223,139,-72.33,9.28,674.62,0.0144,0.0138,0,collision,
3224,319,-247.92,4.96,1473.35,0.0000,0.0148,0,collision,
3225,135,-152.61,5.11,524.73,0.0148,0.0000,0,collision,
3226,153,-66.33,9.10,663.51,0.0000,0.0224,0,collision,
3227,566,-209.65,4.62,1928.27,0.0035,0.0136,0,collision,
3228,255,-326.31,3.25,666.63,0.0000,0.0000,0,collision,
3229,55,-150.73,11.17,206.51,0.0364,0.0261,0,collision,
3230,320,276.44,5.80,1245.42,0.0000,0.0014,1,goal,
7154,106,-160.55,8.77,686.50,0.0189,0.0153,0,collision,
7155,260,-55.16,10.06,680.38,0.0077,0.0041,0,collision,
7156,2,-200.42,1.04,2.51,0.0000,0.0000,0,collision,
7157,264,-302.35,5.11,647.74,0.0076,0.0098,0,collision,
7158,100,-118.99,6.45,612.90,0.0200,0.0338,0,collision,
7159,110,-161.38,5.12,501.74,0.0000,0.0088,0,collision,
7160,312,-11.36,6.95,1421.99,0.0064,0.0106,0,collision,
7161,51,-185.44,4.87,254.72,0.0000,0.0000,0,collision,
7162,495,235.32,4.99,2078.49,0.0000,0.0039,1,goal,
7163,175,-75.59,10.81,353.00,0.0114,0.0205,0,collision,
7164,437,365.01,5.77,1923.91,0.0000,0.0000,1,goal,
7165,306,-275.95,5.04,946.28,0.0000,0.0072,0,collision,
7166,698,-450.83,3.15,1893.60,0.0000,0.0096,0,collision,
7167,24,-203.95,2.31,77.82,0.0833,0.0000,0,collision,
7168,429,-252.56,4.77,1781.33,0.0000,0.0481,0,collision,
7169,63,-154.90,6.25,361.46,0.0000,0.0007,0,collision,
7170,33,-211.66,1.22,46.35,0.0000,0.0000,0,collision,
7171,134,-143.43,4.80,720.98,0.0149,0.0315,0,collision,
3231,173,-181.14,4.01,693.78,0.0000,0.0176,0,collision,
3232,203,-89.40,6.90,1014.44,0.0099,0.0316,0,collision,
3233,77,-154.48,9.44,88.15,0.0000,0.0399,0,collision,
3234,128,-106.07,11.82,665.03,0.0156,0.0000,0,collision,
3235,140,-141.28,4.84,518.69,0.0143,0.0313,0,collision,
3236,104,-205.65,2.70,323.67,0.0192,0.1133,0,collision,
3237,38,-186.39,4.70,225.83,0.0526,0.0566,0,collision,
3238,135,-133.64,5.72,747.39,0.0000,0.0069,0,collision,
3239,36,-168.40,11.92,226.61,0.0000,0.0825,0,collision,
3240,341,-328.33,4.76,1145.03,0.0000,0.0466,0,collision,
7172,205,-229.27,5.46,911.50,0.0000,0.0034,0,collision,
7173,634,-704.44,3.36,1507.37,0.0000,0.0254,0,collision,
7174,75,-201.72,3.60,275.45,0.0000,0.0107,0,collision,
7175,234,-177.53,5.29,1070.91,0.0000,0.0051,0,collision,
7176,358,-317.52,3.82,1323.81,0.0056,0.0251,0,collision,
7177,103,-155.45,7.35,244.90,0.0194,0.0200,0,collision,
7178,186,-131.52,5.53,921.25,0.0108,0.0406,0,collision,
7179,65,-233.42,8.48,44.02,0.0000,0.0299,0,collision,
7180,178,-179.73,4.41,515.71,0.0000,0.0449,0,collision,
7181,318,-160.05,4.93,867.45,0.0063,0.0192,0,collision,
7182,28,-209.91,3.50,112.13,0.0000,0.0000,0,collision,
7183,48,-234.11,2.12,114.38,0.0417,0.0280,0,collision,
7184,23,-211.61,1.41,37.52,0.0870,0.0792,0,collision,
7185,125,-87.01,9.29,553.09,0.0160,0.0287,0,collision,
7186,144,-221.98,4.98,688.48,0.0000,0.0000,0,collision,
7187,185,-148.73,7.29,1026.42,0.0000,0.0115,0,collision,
7188,313,418.90,8.88,1204.25,0.0000,0.0000,1,goal,
7189,89,-172.28,4.89,328.37,0.0000,0.0000,0,collision,
7190,183,-241.82,4.20,910.01,0.0109,0.0026,0,collision,
7191,58,-153.69,10.35,192.82,0.0345,0.0567,0,collision,
7192,120,-112.23,12.61,388.63,0.0167,0.0449,0,collision,
7193,37,-210.87,2.99,125.64,0.0000,0.0000,0,collision,
7194,25,-204.23,5.04,146.01,0.0800,0.0000,0,collision,
7195,12,-217.07,0.69,7.67,0.0000,0.1449,0,collision,
7196,88,-148.29,10.74,117.09,0.0227,0.0524,0,collision,
7197,151,385.14,17.56,-100.12,0.0000,0.0080,1,goal,
7198,160,-46.43,13.02,123.21,0.0125,0.0076,0,collision,
3241,582,205.16,4.43,2336.50,0.0000,0.0321,1,goal,
3242,277,-127.18,5.99,1225.97,0.0072,0.0068,0,collision,
3243,62,-188.31,4.12,315.89,0.0000,0.0261,0,collision,
3244,31,-190.56,3.86,135.99,0.0645,0.0000,0,collision,
3245,287,342.20,7.86,846.85,0.0000,0.0066,1,goal,
3246,25,-183.28,10.64,78.83,0.0800,0.0243,0,collision,
3247,32,-204.59,2.31,87.39,0.0625,0.0000,0,collision,
3248,94,-206.27,5.82,462.68,0.0000,0.0227,0,collision,
3249,230,-345.56,3.14,784.46,0.0000,0.0242,0,collision,
3250,120,-136.05,6.69,426.03,0.0000,0.0000,0,collision,
7199,277,-179.34,5.73,1456.27,0.0072,0.0171,0,collision,
7200,107,-139.12,6.52,512.49,0.0000,0.0000,0,collision,
7201,118,-102.06,13.06,248.21,0.0169,0.0176,0,collision,
7202,207,-162.16,4.31,886.06,0.0000,0.0089,0,collision,
7203,261,-58.32,7.48,977.00,0.0000,0.0578,0,collision,
7204,212,371.38,12.72,593.89,0.0000,0.0032,1,goal,
7205,123,-110.74,8.32,799.17,0.0163,0.0689,0,collision,
7206,173,-120.61,7.56,882.13,0.0000,0.0000,0,collision,
7207,269,-150.73,5.98,1560.11,0.0000,0.0228,0,collision,
7208,164,-162.11,6.49,622.95,0.0000,0.0077,0,collision,
7209,20,-183.34,7.53,195.12,0.1000,0.1928,0,collision,
7210,296,-136.69,4.61,1064.16,0.0068,0.0226,0,collision,
7211,5,-203.82,0.42,2.04,0.0000,0.0000,0,collision,
7212,151,-201.60,2.63,444.35,0.0000,0.0132,0,collision,
7213,7,-204.35,0.89,5.53,0.0000,0.0000,0,collision,
7214,7,-200.14,1.51,13.50,0.2857,0.0000,0,collision,
7215,226,-81.82,6.70,1026.53,0.0088,0.0110,0,collision,
7216,109,-121.23,9.84,290.85,0.0000,0.0294,0,collision,
7217,145,-239.71,4.56,647.68,0.0000,0.0260,0,collision,
7218,104,-317.19,1.38,155.98,0.0192,0.0130,0,collision,
7219,76,-127.92,10.15,430.67,0.0000,0.0307,0,collision,
7220,586,301.78,4.91,2841.31,0.0000,0.0152,1,goal,
7221,124,-129.49,6.50,623.84,0.0161,0.0409,0,collision,
7222,197,-124.75,6.28,1030.88,0.0000,0.0000,0,collision,
7223,7,-200.92,2.08,24.37,0.2857,0.0000,0,collision,
7224,178,-158.86,8.65,796.84,0.0112,0.0193,0,collision,
3251,135,-77.31,9.99,531.51,0.0148,0.0300,0,collision,
3252,5,-198.69,2.12,13.30,0.0000,0.0000,0,collision,
3253,296,-219.58,5.35,1109.14,0.0000,0.0007,0,collision,
3254,41,-202.42,2.19,101.41,0.0488,0.0009,0,collision,
3255,484,116.66,5.09,1846.74,0.0000,0.0106,1,goal,
3256,118,-179.41,4.06,549.88,0.0000,0.0000,0,collision,
3257,7,-199.27,2.27,17.99,0.2857,0.0000,0,collision,
3258,54,-134.69,12.70,150.02,0.0370,0.0256,0,collision,
3259,86,-132.19,7.63,454.74,0.0000,0.0193,0,collision,
3260,304,-149.93,4.20,1050.72,0.0066,0.0419,0,collision,
7225,85,-200.44,3.63,339.38,0.0000,0.0343,0,collision,
7226,80,-130.71,10.09,432.11,0.0250,0.0000,0,collision,
7227,20,-180.10,7.53,195.98,0.1000,0.0000,0,collision,
7228,123,-229.50,4.63,643.06,0.0163,0.0000,0,collision,
7229,416,-150.41,4.27,1603.83,0.0048,0.0015,0,collision,
7230,107,-232.67,5.30,528.11,0.0187,0.0219,0,collision,
7231,4,-198.10,3.11,22.43,0.0000,0.0000,0,collision,
7232,202,-168.36,4.12,783.83,0.0000,0.0300,0,collision,
7233,150,-184.70,7.67,489.30,0.0000,0.0221,0,collision,
7234,10,-200.54,3.76,44.20,0.2000,0.2436,0,collision,
7235,186,-369.68,1.97,405.19,0.0000,0.0000,0,collision,
7236,98,-138.97,6.32,546.52,0.0000,0.0000,0,collision,
7237,48,-154.97,8.16,233.03,0.0417,0.0000,0,collision,
7238,98,-127.77,8.56,437.39,0.0204,0.0394,0,collision,
7239,206,316.42,11.39,472.78,0.0000,0.0000,1,goal,
7240,32,-173.22,9.96,180.79,0.0000,0.0857,0,collision,
7241,165,-138.56,6.01,739.96,0.0121,0.0096,0,collision,
7242,44,-174.32,7.13,332.27,0.0000,0.0442,0,collision,
7243,12,-209.86,1.65,23.05,0.0000,0.0000,0,collision,
7244,185,-86.59,7.63,800.16,0.0000,0.0093,0,collision,
7245,472,-395.41,4.81,1653.62,0.0000,0.0465,0,collision,
7246,419,192.10,5.55,1265.82,0.0000,0.0212,1,goal,
7247,56,-188.40,11.47,72.79,0.0000,0.0144,0,collision,
7248,14,-196.35,5.40,90.70,0.1429,0.0047,0,collision,
7249,199,-202.60,3.41,628.03,0.0000,0.0303,0,collision,
7250,87,-150.63,7.93,366.82,0.0000,0.0454,0,collision,
7251,79,-223.32,3.74,336.74,0.0253,0.0000,0,collision,
7252,144,-102.40,9.28,320.32,0.0000,0.0140,0,collision,
7253,40,-195.60,3.81,179.67,0.0500,0.2989,0,collision,
7254,305,-301.29,4.53,1011.93,0.0066,0.0463,0,collision,
3261,251,-24.44,7.93,936.83,0.0000,0.0259,0,collision,
3262,115,-195.61,6.02,535.58,0.0174,0.0218,0,collision,
3263,147,323.96,15.71,7.40,0.0000,0.0000,1,goal,
3264,82,-181.11,3.15,297.56,0.0000,0.0000,0,collision,
3265,142,-188.89,3.42,479.31,0.0000,0.0000,0,collision,
3266,72,-202.84,3.16,233.58,0.0000,0.0000,0,collision,
3267,195,401.38,12.05,696.23,0.0000,0.0484,1,goal,
3268,133,-254.84,2.62,371.18,0.0000,0.0000,0,collision,
3269,200,-51.55,7.26,1121.30,0.0100,0.0349,0,collision,
3270,173,-78.43,8.36,501.14,0.0000,0.0051,0,collision,
7255,82,-209.18,3.01,313.64,0.0000,0.0236,0,collision,
7256,131,-268.17,4.57,351.92,0.0000,0.0030,0,collision,
7257,73,-231.59,3.65,196.77,0.0274,0.0141,0,collision,
7258,79,-231.13,3.63,341.63,0.0000,0.0000,0,collision,
7259,330,-88.88,5.30,1437.96,0.0061,0.0566,0,collision,
7260,119,-316.33,1.77,229.57,0.0000,0.0000,0,collision,
7261,237,390.01,10.66,616.88,0.0000,0.0085,1,goal,
7262,266,-145.06,5.71,1244.11,0.0000,0.0112,0,collision,
7263,131,-145.28,5.51,606.47,0.0153,0.0068,0,collision,
7264,202,-338.25,2.80,632.45,0.0000,0.0259,0,collision,
7265,278,-319.67,3.26,893.49,0.0000,0.0353,0,collision,
7266,27,-202.67,2.63,82.79,0.0000,0.2356,0,collision,
7267,81,-110.64,17.54,-54.77,0.0247,0.0247,0,collision,
7268,66,-225.23,2.03,149.82,0.0000,0.0526,0,collision,
7269,95,-210.01,6.08,445.54,0.0000,0.0801,0,collision,
7270,371,282.57,6.08,1574.55,0.0000,0.0358,1,goal,
7271,342,-200.49,5.76,1280.38,0.0000,0.0069,0,collision,
7272,252,4.89,9.97,1070.48,0.0079,0.0197,0,collision,
7273,196,-296.54,3.23,718.28,0.0000,0.0513,0,collision,
7274,2,-201.82,0.00,0.10,1.0000,0.0000,0,collision,
7275,288,-224.11,5.48,764.35,0.0069,0.0162,0,collision,
7276,152,-87.59,11.21,428.23,0.0132,0.0136,0,collision,
7277,150,-182.24,4.95,563.14,0.0133,0.0000,0,collision,
3271,247,-227.43,3.83,771.76,0.0000,0.0000,0,collision,
3272,267,-273.25,3.92,1122.76,0.0000,0.0161,0,collision,
3273,95,-182.12,7.23,330.89,0.0000,0.0308,0,collision,
3274,7,-205.99,0.30,2.24,0.0000,0.0000,0,collision,
3275,394,250.82,6.26,1205.52,0.0000,0.0015,1,goal,
3276,69,-154.31,8.91,174.13,0.0290,0.0000,0,collision,
3277,56,-179.47,4.76,312.48,0.0357,0.0560,0,collision,
3278,140,-176.39,3.85,576.65,0.0000,0.0066,0,collision,
3279,103,-148.20,5.60,542.92,0.0000,0.0876,0,collision,
3280,95,-238.60,3.64,251.22,0.0211,0.0417,0,collision,
7278,702,-487.41,4.62,2527.54,0.0000,0.0136,0,collision,
7279,71,-238.72,1.18,90.22,0.0000,0.0510,0,collision,
7280,19,-195.33,3.19,70.92,0.0000,0.1061,0,collision,
7281,109,-190.97,6.33,479.50,0.0000,0.0000,0,collision,
7282,108,-254.06,2.85,344.52,0.0185,0.0116,0,collision,
7283,62,-254.72,1.60,108.40,0.0000,0.0138,0,collision,
7284,436,188.76,5.28,1522.60,0.0000,0.0035,1,goal,
7285,174,-82.34,10.36,592.08,0.0115,0.0000,0,collision,
7286,176,-132.19,4.43,897.13,0.0114,0.0229,0,collision,
7287,240,-98.92,6.95,1414.43,0.0000,0.0024,0,collision,
7288,34,-188.85,7.58,254.09,0.0000,0.0000,0,collision,
7289,17,-195.45,4.72,92.54,0.0000,0.0000,0,collision,
7290,129,-154.71,9.96,339.68,0.0000,0.0289,0,collision,
7291,359,-229.99,3.93,1225.00,0.0056,0.0148,0,collision,
7292,219,-131.02,7.51,980.72,0.0091,0.0033,0,collision,
7293,135,-118.79,6.09,700.36,0.0000,0.0201,0,collision,
7294,165,-234.40,4.64,777.93,0.0121,0.0092,0,collision,
7295,30,-165.55,13.17,218.68,0.0000,0.0362,0,collision,
7296,336,415.69,8.13,1327.47,0.0000,0.0179,1,goal,
7297,168,-203.66,4.11,697.38,0.0000,0.0516,0,collision,
7298,61,-125.09,16.08,182.09,0.0000,0.0270,0,collision,
7299,7,-208.38,0.59,3.89,0.0000,0.0000,0,collision,
7300,227,-204.32,7.22,720.40,0.0000,0.0074,0,collision,
7301,189,-187.87,5.88,470.10,0.0106,0.0330,0,collision,
7302,67,-148.27,10.18,181.43,0.0000,0.0212,0,collision,
3281,67,-205.13,5.78,205.45,0.0000,0.0951,0,collision,
3282,53,-152.12,11.42,318.09,0.0000,0.0380,0,collision,
3283,61,-160.21,5.25,376.82,0.0328,0.0086,0,collision,
3284,10,-193.15,4.43,59.59,0.2000,0.0000,0,collision,
3285,131,-91.58,9.70,351.00,0.0153,0.0162,0,collision,
3286,256,-97.40,5.50,1200.49,0.0078,0.0458,0,collision,
3287,399,314.97,5.64,1757.14,0.0000,0.0085,1,goal,
3288,131,-203.45,4.08,621.05,0.0000,0.0000,0,collision,
3289,138,-251.64,4.81,442.44,0.0145,0.0865,0,collision,
3290,193,-70.06,8.29,786.03,0.0000,0.0344,0,collision,
7303,113,-210.11,5.79,600.94,0.0177,0.0000,0,collision,
7304,371,321.26,7.50,1590.20,0.0000,0.0027,1,goal,
7305,71,-152.05,8.99,251.05,0.0000,0.0250,0,collision,
7306,327,-319.34,4.22,1543.87,0.0000,0.0166,0,collision,
7307,10,-195.68,2.74,32.53,0.2000,0.0505,0,collision,
7308,44,-164.47,14.10,69.29,0.0000,0.0149,0,collision,
7309,343,367.24,7.99,1336.67,0.0000,0.0032,1,goal,
7310,197,-177.99,5.44,805.55,0.0000,0.0276,0,collision,
7311,76,-160.95,8.90,120.78,0.0000,0.0211,0,collision,
7312,54,-165.75,12.88,89.48,0.0370,0.0611,0,collision,
7313,337,250.03,7.12,1046.15,0.0000,0.0236,1,goal,
7314,108,-179.97,6.15,309.30,0.0000,0.1854,0,collision,
7315,64,-172.42,8.01,218.68,0.0000,0.0234,0,collision,
7316,141,-82.41,14.41,105.68,0.0142,0.0085,0,collision,
7317,370,14.41,7.32,1648.32,0.0000,0.0022,0,collision,
7318,161,-280.80,3.97,649.33,0.0124,0.0256,0,collision,
7319,185,-262.59,4.28,666.05,0.0108,0.0000,0,collision,
7320,155,-197.23,6.25,647.27,0.0000,0.0311,0,collision,
7321,272,291.71,7.36,1257.00,0.0000,0.0264,1,goal,
7322,123,-260.09,3.33,459.72,0.0000,0.0036,0,collision,
7323,41,-211.79,1.93,88.86,0.0000,0.0147,0,collision,
7324,84,-137.78,8.79,364.19,0.0000,0.0478,0,collision,
7325,133,-141.00,5.18,708.61,0.0000,0.0150,0,collision,
7326,316,-168.63,7.07,1211.63,0.0000,0.0059,0,collision,
3291,126,-124.38,5.50,785.18,0.0159,0.0153,0,collision,
3292,84,-132.26,8.05,402.78,0.0000,0.0254,0,collision,
3293,408,288.59,6.94,1711.46,0.0000,0.0101,1,goal,
3294,2,-199.94,1.04,2.51,1.0000,0.0000,0,collision,
3295,91,-154.51,7.29,422.73,0.0000,0.1839,0,collision,
3296,185,-199.33,3.27,639.08,0.0000,0.0121,0,collision,
3297,103,-183.60,8.05,292.49,0.0194,0.0288,0,collision,
3298,51,-141.89,15.25,35.87,0.0000,0.0535,0,collision,
3299,81,-201.35,4.91,421.47,0.0000,0.0361,0,collision,
3300,332,-395.28,3.07,1057.31,0.0000,0.0144,0,collision,
7327,319,-290.23,5.48,1168.91,0.0063,0.0011,0,collision,
7328,4,-202.80,0.52,1.94,0.5000,0.0000,0,collision,
7329,20,-180.60,7.28,189.27,0.1000,0.0477,0,collision,
7330,7,-204.73,0.89,6.30,0.2857,0.0000,0,collision,
7331,67,-163.97,7.56,268.93,0.0000,0.0072,0,collision,
7332,59,-142.45,16.60,45.84,0.0000,0.0255,0,collision,
7333,33,-174.51,12.36,144.23,0.0000,0.0905,0,collision,
7334,79,-169.77,4.05,361.68,0.0253,0.0061,0,collision,
7335,206,-150.49,5.06,813.65,0.0000,0.0173,0,collision,
7336,121,-148.93,5.29,552.99,0.0165,0.0348,0,collision,
7337,304,-93.94,6.92,1409.07,0.0000,0.0000,0,collision,
7338,270,379.32,10.25,995.74,0.0000,0.0061,1,goal,
7339,148,-80.62,9.09,778.52,0.0000,0.0115,0,collision,
7340,26,-176.23,10.00,147.21,0.0000,0.0591,0,collision,
7341,5,-203.25,0.83,4.45,0.4000,0.0000,0,collision,
7342,455,257.03,6.71,2005.86,0.0000,0.0361,1,goal,
7343,103,-194.33,6.68,421.13,0.0000,0.0162,0,collision,
7344,127,333.27,17.77,-36.62,0.0000,0.0070,1,goal,
7345,121,-131.25,11.15,566.74,0.0165,0.0224,0,collision,
7346,16,-207.63,2.48,61.05,0.1250,0.0000,0,collision,
7347,352,-390.32,4.24,1104.53,0.0000,0.0238,0,collision,
7348,107,-188.78,3.29,398.20,0.0000,0.0091,0,collision,
7349,272,265.08,6.91,1105.91,0.0000,0.0186,1,goal,
7350,42,-162.93,11.05,216.41,0.0476,0.0606,0,collision,
7351,354,387.37,6.91,1530.34,0.0000,0.0024,1,goal,
7352,197,-132.23,7.92,596.11,0.0102,0.0449,0,collision,
7353,14,-201.59,3.26,51.46,0.0000,0.0000,0,collision,
7354,143,-207.28,5.74,807.89,0.0140,0.0000,0,collision,
7355,145,-218.33,4.56,641.52,0.0138,0.0261,0,collision,
3301,27,-214.33,2.90,88.35,0.0741,0.0000,0,collision,
3302,73,-186.65,3.92,330.35,0.0000,0.0600,0,collision,
3303,63,-226.38,1.64,113.86,0.0317,0.0516,0,collision,
3304,137,-73.24,9.65,573.51,0.0146,0.0061,0,collision,
3305,22,-207.02,3.48,87.32,0.0909,0.0000,0,collision,
3306,23,-223.88,1.59,48.27,0.0000,0.0829,0,collision,
3307,348,310.94,8.29,1167.47,0.0000,0.0041,1,goal,
3308,58,-204.18,2.11,145.06,0.0000,0.0000,0,collision,
3309,158,-155.03,6.46,281.59,0.0127,0.0000,0,collision,
3310,246,-119.37,8.23,358.25,0.0000,0.0032,0,collision,
7356,120,-199.28,5.43,480.97,0.0000,0.0519,0,collision,
7357,290,-22.99,6.90,1552.85,0.0069,0.0113,0,collision,
7358,240,-59.49,6.65,1253.77,0.0000,0.0031,0,collision,
7359,117,-225.64,3.73,477.91,0.0000,0.0000,0,collision,
7360,310,292.17,7.63,1564.12,0.0000,0.0000,1,goal,
7361,127,-139.16,5.34,681.48,0.0157,0.0733,0,collision,
7362,11,-201.13,2.10,27.02,0.1818,0.0728,0,collision,
7363,59,-183.74,9.56,185.84,0.0000,0.0292,0,collision,
7364,4,-204.00,0.00,0.30,0.0000,0.0000,0,collision,
7365,51,-150.07,13.20,169.29,0.0000,0.0387,0,collision,
7366,206,323.94,11.25,837.37,0.0000,0.0057,1,goal,
7367,150,-67.33,8.93,667.86,0.0000,0.0129,0,collision,
7368,55,-140.96,11.27,190.16,0.0000,0.0592,0,collision,
7369,91,-96.65,14.52,103.35,0.0220,0.0572,0,collision,
7370,352,305.37,7.18,1753.74,0.0000,0.0123,1,goal,
7371,128,-53.41,16.80,126.00,0.0156,0.0059,0,collision,
7372,110,-155.71,6.08,376.98,0.0000,0.0154,0,collision,
7373,38,-195.81,6.13,279.68,0.0000,0.0000,0,collision,
7374,133,367.09,17.58,124.59,0.0000,0.0000,1,goal,
7375,234,390.20,10.56,506.01,0.0000,0.0000,1,goal,
7376,362,-285.04,5.45,910.44,0.0055,0.0201,0,collision,
7377,89,-192.85,7.38,379.59,0.0225,0.0040,0,collision,
7378,9,-197.06,4.92,59.49,0.2222,0.0000,0,collision,
7379,312,347.26,7.81,1456.39,0.0000,0.0022,1,goal,
7380,169,-149.39,5.54,576.36,0.0118,0.0153,0,collision,
7381,194,-184.61,3.32,699.77,0.0103,0.0198,0,collision,
7382,26,-209.00,5.35,96.33,0.0769,0.0000,0,collision,
7383,125,-230.23,5.20,607.51,0.0000,0.0117,0,collision,
3311,76,-155.72,8.36,235.55,0.0000,0.0082,0,collision,
3312,9,-207.98,0.69,6.50,0.0000,0.0000,0,collision,
3313,291,382.53,9.15,1076.50,0.0000,0.0057,1,goal,
3314,160,-40.61,9.96,616.09,0.0125,0.0000,0,collision,
3315,42,-205.35,5.35,261.57,0.0476,0.0000,0,collision,
3316,18,-217.29,1.24,24.73,0.0000,0.0000,0,collision,
3317,437,-445.52,4.46,957.41,0.0046,0.0017,0,collision,
3318,302,-175.60,6.55,1127.42,0.0066,0.0111,0,collision,
3319,213,-88.65,7.84,758.92,0.0000,0.0017,0,collision,
3320,124,-239.15,5.23,603.10,0.0161,0.1221,0,collision,
7384,286,-303.41,5.69,1040.26,0.0070,0.0132,0,collision,
7385,175,-39.48,9.61,861.37,0.0000,0.0000,0,collision,
7386,206,-271.50,4.13,866.62,0.0000,0.0036,0,collision,
7387,231,273.45,10.60,291.99,0.0000,0.0000,1,goal,
7388,56,-146.06,10.32,180.04,0.0000,0.0336,0,collision,
7389,194,-160.47,5.83,1063.77,0.0000,0.0028,0,collision,
7390,78,-136.14,8.68,336.63,0.0256,0.0819,0,collision,
7391,40,-181.93,15.91,81.40,0.0500,0.0396,0,collision,
7392,328,141.58,5.55,1010.71,0.0000,0.0044,1,goal,
7393,156,-212.32,7.26,589.23,0.0128,0.0361,0,collision,
7394,9,-197.92,3.13,47.90,0.2222,0.1278,0,collision,
7395,143,-121.40,8.94,415.74,0.0000,0.0096,0,collision,
7396,122,339.68,20.03,311.40,0.0000,0.0084,1,goal,
7397,136,-67.64,15.76,154.55,0.0147,0.0051,0,collision,
7398,139,-195.82,8.02,295.31,0.0144,0.0077,0,collision,
7399,323,348.57,9.05,1805.38,0.0000,0.0059,1,goal,
7400,101,-227.67,3.64,436.65,0.0198,0.0000,0,collision,
7401,56,-181.48,3.43,218.83,0.0357,0.0058,0,collision,
7402,246,-107.65,6.44,892.20,0.0081,0.0240,0,collision,
7403,180,-122.59,8.89,561.54,0.0000,0.0277,0,collision,
7404,31,-190.60,8.87,131.32,0.0645,0.1152,0,collision,
7405,161,-142.27,13.29,123.42,0.0000,0.0065,0,collision,
7406,32,-190.65,5.54,96.11,0.0625,0.0000,0,collision,
7407,403,-108.26,6.27,1243.10,0.0000,0.0230,0,collision,
7408,8,-201.18,2.22,21.01,0.2500,0.2012,0,collision,
7409,89,-143.82,15.63,-24.64,0.0225,0.0151,0,collision,
7410,14,-206.72,2.68,42.49,0.0000,0.0887,0,collision,
3321,333,366.93,7.16,1337.53,0.0000,0.0110,1,goal,
3322,54,-169.49,6.70,303.97,0.0370,0.0240,0,collision,
3323,155,-180.65,5.52,696.27,0.0129,0.0129,0,collision,
3324,141,-79.98,10.20,681.07,0.0000,0.0129,0,collision,
3325,42,-202.17,6.06,293.49,0.0000,0.1267,0,collision,
3326,46,-193.70,2.94,155.39,0.0435,0.0000,0,collision,
3327,136,-160.73,4.95,563.48,0.0147,0.0318,0,collision,
3328,45,-157.75,10.43,139.09,0.0444,0.0349,0,collision,
3329,58,-157.37,7.61,398.98,0.0000,0.0905,0,collision,
3330,224,-93.14,6.96,733.22,0.0000,0.0477,0,collision,
7411,389,-128.79,6.74,1601.47,0.0051,0.0003,0,collision,
7412,29,-181.76,6.21,257.49,0.0690,0.1554,0,collision,
7413,38,-181.10,12.21,104.01,0.0526,0.0405,0,collision,
7414,86,-136.67,7.13,458.45,0.0000,0.0188,0,collision,
7415,112,-253.25,6.73,211.96,0.0000,0.0571,0,collision,
7416,344,321.88,8.16,856.78,0.0000,0.0042,1,goal,
7417,114,-125.90,11.16,355.52,0.0175,0.0070,0,collision,
7418,146,-31.51,15.27,-61.74,0.0000,0.0159,0,collision,
7419,218,413.48,10.29,1108.69,0.0000,0.0028,1,goal,
7420,76,-144.96,7.60,472.03,0.0263,0.0295,0,collision,
7421,373,-315.84,3.93,1613.33,0.0000,0.0161,0,collision,
7422,349,298.38,8.13,1439.56,0.0000,0.0295,1,goal,
7423,28,-197.35,5.96,119.61,0.0000,0.0000,0,collision,
7424,85,-134.63,8.57,549.06,0.0000,0.0000,0,collision,
7425,452,-564.69,2.21,1142.37,0.0000,0.0069,0,collision,
7426,33,-164.36,13.36,253.50,0.0606,0.0594,0,collision,
7427,115,-130.83,6.80,641.90,0.0174,0.0147,0,collision,
7428,201,-171.47,6.08,1009.47,0.0000,0.0025,0,collision,
7429,274,-310.67,5.22,767.56,0.0073,0.0263,0,collision,
7430,252,-121.21,8.67,591.90,0.0079,0.0184,0,collision,
7431,35,-176.58,6.11,255.41,0.0000,0.0337,0,collision,
7432,22,-191.83,5.21,139.77,0.0909,0.0433,0,collision,
7433,164,-170.81,4.10,667.44,0.0000,0.0303,0,collision,
7434,156,-98.86,10.45,349.16,0.0000,0.0015,0,collision,
7435,144,-85.34,13.10,245.34,0.0139,0.0125,0,collision,
3331,230,422.88,11.25,611.99,0.0000,0.0122,1,goal,
3332,123,-124.49,6.81,691.93,0.0000,0.0621,0,collision,
3333,436,382.37,6.57,2537.04,0.0000,0.0069,1,goal,
3334,407,381.22,6.72,2330.14,0.0000,0.0356,1,goal,
3335,48,-156.78,7.37,446.32,0.0417,0.0000,0,collision,
3336,83,-120.36,15.84,57.03,0.0000,0.0184,0,collision,
3337,233,-168.29,7.27,736.62,0.0000,0.0029,0,collision,
3338,8,-202.63,1.58,15.25,0.2500,0.0000,0,collision,
3339,24,-208.15,3.38,91.96,0.0833,0.1067,0,collision,
3340,21,-196.45,2.93,69.84,0.0952,0.0319,0,collision,
7436,119,-262.02,2.84,379.52,0.0000,0.0000,0,collision,
7437,59,-143.57,12.90,277.43,0.0000,0.0506,0,collision,
7438,53,-218.19,3.46,231.34,0.0000,0.0839,0,collision,
7439,98,-132.52,11.53,172.54,0.0204,0.0129,0,collision,
7440,221,392.72,11.75,624.71,0.0000,0.0000,1,goal,
7441,139,-134.76,4.79,731.98,0.0144,0.0425,0,collision,
7442,226,-376.71,2.76,687.41,0.0088,0.0118,0,collision,
7443,223,-207.59,6.50,1004.86,0.0000,0.0039,0,collision,
7444,130,-230.06,5.99,400.80,0.0000,0.0000,0,collision,
7445,35,-207.03,1.92,82.21,0.0571,0.0000,0,collision,
7446,93,-123.95,8.79,415.14,0.0215,0.0225,0,collision,
7447,10,-198.68,2.90,32.77,0.2000,0.0103,0,collision,
7448,164,336.93,10.86,737.92,0.0000,0.0000,1,goal,
7449,178,-95.90,7.29,877.46,0.0000,0.0778,0,collision,
7450,80,-166.98,5.61,420.02,0.0250,0.1448,0,collision,
7451,69,-204.34,6.36,274.38,0.0000,0.0341,0,collision,
7452,136,-268.35,1.76,262.80,0.0000,0.0596,0,collision,
7453,193,-113.72,10.89,314.05,0.0000,0.0228,0,collision,
7454,40,-174.01,9.67,210.91,0.0500,0.0596,0,collision,
7455,177,-62.44,8.89,744.73,0.0113,0.0161,0,collision,
7456,108,-189.10,3.45,430.80,0.0185,0.0392,0,collision,
7457,113,-211.96,5.56,467.54,0.0000,0.0175,0,collision,
7458,166,-111.60,9.13,226.81,0.0120,0.0093,0,collision,
7459,175,-43.66,10.71,592.43,0.0114,0.0239,0,collision,
7460,228,-2.50,9.65,1058.78,0.0088,0.0004,0,collision,
7461,347,352.80,7.75,1320.82,0.0000,0.0078,1,goal,
7462,43,-206.05,8.32,41.09,0.0000,0.0298,0,collision,
7463,201,-90.72,7.35,701.18,0.0000,0.0233,0,collision,
7464,53,-211.35,2.92,177.26,0.0000,0.0000,0,collision,
7465,260,437.67,10.71,711.23,0.0000,0.0000,1,goal,
3341,277,-307.08,4.78,970.23,0.0000,0.0333,0,collision,
3342,32,-197.15,5.30,195.51,0.0625,0.0000,0,collision,
3343,170,385.83,16.37,96.35,0.0000,0.0000,1,goal,
3344,24,-207.49,3.08,85.32,0.0833,0.0454,0,collision,
3345,245,326.31,9.13,639.72,0.0000,0.0091,1,goal,
3346,47,-142.78,18.03,109.73,0.0000,0.0298,0,collision,
3347,83,-133.03,8.12,411.03,0.0000,0.0305,0,collision,
3348,25,-175.73,16.01,60.21,0.0000,0.0478,0,collision,
3349,123,-185.93,6.35,674.61,0.0163,0.0000,0,collision,
3350,120,-217.88,5.29,633.22,0.0167,0.0649,0,collision,
7466,226,-247.80,5.97,736.37,0.0088,0.0000,0,collision,
7467,96,-262.99,2.46,260.02,0.0208,0.0061,0,collision,
7468,8,-200.81,1.70,17.80,0.0000,0.0000,0,collision,
7469,28,-201.87,3.77,118.74,0.0000,0.0000,0,collision,
7470,60,-150.60,12.91,81.75,0.0000,0.0188,0,collision,
7471,97,-216.32,5.07,569.77,0.0000,0.0021,0,collision,
7472,162,-133.65,11.69,289.29,0.0123,0.0057,0,collision,
7473,237,406.29,10.98,1383.60,0.0000,0.0228,1,goal,
7474,218,-124.65,6.18,1041.54,0.0092,0.0107,0,collision,
7475,312,26.53,9.36,1573.49,0.0000,0.0242,0,collision,
7476,33,-176.60,8.66,163.41,0.0606,0.0421,0,collision,
7477,17,-215.49,1.49,27.97,0.1176,0.0000,0,collision,
7478,56,-153.99,11.69,82.46,0.0357,0.0172,0,collision,
7479,160,-92.56,8.70,501.90,0.0125,0.0136,0,collision,
7480,45,-146.29,14.07,222.83,0.0000,0.0126,0,collision,
7481,58,-153.96,15.97,118.50,0.0345,0.0231,0,collision,
7482,300,-403.20,4.15,999.37,0.0067,0.0341,0,collision,
7483,60,-137.96,9.98,417.90,0.0000,0.0274,0,collision,
7484,228,-93.19,5.65,1023.05,0.0000,0.0081,0,collision,
7485,269,-51.74,7.46,914.44,0.0074,0.0028,0,collision,
7486,171,-187.36,7.04,894.53,0.0000,0.0096,0,collision,
7487,449,334.57,6.40,1716.48,0.0000,0.0171,1,goal,
7488,364,-446.86,4.02,1109.96,0.0055,0.0350,0,collision,
7489,27,-217.38,1.21,33.58,0.0000,0.0000,0,collision,
7490,169,-147.75,11.38,373.90,0.0000,0.0294,0,collision,
3351,180,-87.95,9.24,825.03,0.0111,0.0000,0,collision,
3352,215,-181.77,7.44,991.05,0.0093,0.0089,0,collision,
3353,44,-202.01,5.27,288.14,0.0455,0.0000,0,collision,
3354,28,-196.75,8.50,153.98,0.0000,0.0339,0,collision,
3355,64,-174.44,9.52,342.42,0.0312,0.0109,0,collision,
3356,76,-125.92,8.51,417.40,0.0263,0.0323,0,collision,
3357,228,-128.65,5.00,1030.88,0.0088,0.0312,0,collision,
3358,195,-102.30,6.99,731.94,0.0103,0.0161,0,collision,
3359,209,-161.15,9.26,377.75,0.0000,0.0576,0,collision,
3360,18,-195.86,2.74,54.80,0.1111,0.0000,0,collision,
7491,323,-184.46,5.91,1362.58,0.0000,0.0373,0,collision,
7492,57,-160.73,12.75,106.32,0.0000,0.0555,0,collision,
7493,72,-161.54,7.00,341.27,0.0278,0.0410,0,collision,
7494,97,-164.44,4.13,454.54,0.0000,0.0049,0,collision,
7495,250,-130.73,5.03,954.09,0.0080,0.0288,0,collision,
7496,282,-169.10,4.59,1105.75,0.0000,0.0216,0,collision,
7497,99,-131.83,7.09,524.33,0.0000,0.0389,0,collision,
7498,53,-139.70,9.33,443.57,0.0000,0.0000,0,collision,
7499,14,-214.92,0.82,11.95,0.1429,0.0000,0,collision,
7500,68,-120.17,19.20,110.04,0.0000,0.0057,0,collision,
7501,173,-140.44,6.70,814.30,0.0000,0.0688,0,collision,
7502,143,-135.46,10.05,442.58,0.0000,0.0003,0,collision,
7503,24,-186.33,6.62,148.28,0.0833,0.0000,0,collision,
7504,55,-174.29,5.53,346.81,0.0364,0.0793,0,collision,
7505,79,-182.33,8.55,325.47,0.0253,0.0230,0,collision,
7506,138,-193.09,9.63,399.17,0.0000,0.0046,0,collision,
7507,300,-16.23,7.31,1322.78,0.0067,0.0105,0,collision,
7508,49,-150.91,12.86,152.84,0.0000,0.0128,0,collision,
7509,228,369.99,9.92,464.21,0.0000,0.0000,1,goal,
7510,48,-167.32,6.01,302.81,0.0417,0.1514,0,collision,
7511,276,-101.94,6.07,1169.69,0.0072,0.0191,0,collision,
7512,9,-206.04,1.74,19.54,0.2222,0.0000,0,collision,
7513,42,-176.63,6.83,203.55,0.0000,0.0730,0,collision,
7514,84,-173.88,4.04,387.90,0.0238,0.0000,0,collision,
7515,94,-104.27,14.02,17.05,0.0000,0.0066,0,collision,
7516,102,-161.15,10.44,100.08,0.0196,0.0329,0,collision,
7517,34,-176.16,14.00,64.62,0.0000,0.0818,0,collision,
7518,87,-177.93,4.46,377.56,0.0230,0.0000,0,collision,
7519,328,-214.09,4.89,1390.14,0.0000,0.0450,0,collision,
7520,4,-201.82,1.56,10.04,0.0000,0.0000,0,collision,
7521,326,400.04,8.52,955.60,0.0000,0.0009,1,goal,
7522,84,-129.20,8.38,519.14,0.0000,0.0402,0,collision,
7523,194,-119.53,5.33,845.36,0.0103,0.0016,0,collision,
7524,71,-186.26,3.98,348.69,0.0282,0.0000,0,collision,
3361,206,330.20,11.83,328.90,0.0000,0.0328,1,goal,
3362,131,-189.27,6.93,749.22,0.0000,0.0277,0,collision,
3363,112,-221.91,5.78,465.01,0.0000,0.0073,0,collision,
3364,95,-162.65,6.07,427.37,0.0211,0.0262,0,collision,
3365,485,146.82,5.49,2087.47,0.0000,0.0074,1,goal,
3366,100,-154.44,9.68,204.58,0.0000,0.0167,0,collision,
3367,34,-178.33,8.15,160.05,0.0588,0.0687,0,collision,
3368,223,-79.86,6.72,1043.39,0.0000,0.0043,0,collision,
3369,50,-144.84,13.44,84.09,0.0000,0.0610,0,collision,
3370,27,-191.12,3.82,127.56,0.0000,0.0001,0,collision,
7525,258,-102.50,5.24,1079.44,0.0078,0.0008,0,collision,
7526,199,-318.37,3.67,641.09,0.0000,0.0157,0,collision,
7527,50,-160.77,7.41,386.78,0.0000,0.1257,0,collision,
7528,34,-181.98,5.89,235.50,0.0000,0.0000,0,collision,
7529,198,-153.25,5.55,634.60,0.0000,0.0331,0,collision,
7530,7,-207.19,0.00,0.60,0.2857,0.0000,0,collision,
7531,123,-148.06,4.59,645.65,0.0163,0.0661,0,collision,
7532,263,401.15,10.62,398.86,0.0000,0.0000,1,goal,
7533,47,-144.34,11.98,172.23,0.0426,0.0256,0,collision,
7534,596,203.16,4.26,2706.97,0.0000,0.0083,1,goal,
7535,25,-215.58,1.25,35.08,0.0000,0.0000,0,collision,
7536,348,-42.37,6.52,1636.07,0.0057,0.0473,0,collision,
7537,93,-103.89,14.04,96.43,0.0215,0.0178,0,collision,
7538,67,-147.19,9.33,317.24,0.0299,0.0545,0,collision,
7539,159,-189.84,5.68,721.08,0.0126,0.0000,0,collision,
7540,93,-193.44,3.95,235.33,0.0000,0.1050,0,collision,
7541,229,-79.97,5.97,1213.64,0.0000,0.0053,0,collision,
7542,93,-222.78,4.01,431.96,0.0215,0.0000,0,collision,
7543,78,-172.33,3.92,358.62,0.0000,0.0000,0,collision,
7544,381,314.94,6.91,1680.74,0.0000,0.0033,1,goal,
7545,254,-375.31,3.02,811.12,0.0079,0.0036,0,collision,
7546,100,-148.66,8.65,357.03,0.0000,0.0154,0,collision,
