episode,steps,ep_reward,avg_speed,total_energy,wiggle,safety,success,reason
1,46,-169.73,8.61,287.10,0.0096,0.0330,0,collision
2,249,-147.04,3.69,567.05,0.0049,0.0045,0,collision
3,56,-215.37,1.58,67.37,0.0108,0.0545,0,collision
4,14,-209.98,0.25,2.38,0.0689,0.0846,0,collision
5,6,-198.49,1.63,7.15,0.0913,0.0000,0,collision
6,14,-193.04,2.74,30.51,0.0786,0.0000,0,collision
7,227,326.13,9.61,774.46,0.0000,0.0127,1,goal
8,11,-201.65,1.42,11.16,0.0727,0.2634,0,collision
9,84,-182.67,4.23,180.69,0.0148,0.0217,0,collision
10,140,-139.07,6.66,523.19,0.0059,0.0103,0,collision
1,151,-236.33,4.72,493.47,0.0056,0.0000,0,collision
2,104,-160.17,5.00,280.42,0.0022,0.0036,0,collision
3,13,-203.13,0.89,6.52,0.0561,0.0000,0,collision
4,69,-180.81,2.44,117.93,0.0127,0.0085,0,collision
5,260,-90.05,6.23,562.12,0.0023,0.0066,0,collision
6,62,-189.27,3.20,125.93,0.0120,0.0461,0,collision
7,19,-189.83,5.34,81.00,0.0712,0.0000,0,collision
8,83,-158.97,4.89,267.78,0.0030,0.0805,0,collision
9,6,-200.78,0.56,2.36,0.1761,0.0173,0,collision
10,186,-108.09,6.33,642.04,0.0042,0.0000,0,collision
11,96,-157.12,5.13,294.26,0.0107,0.0000,0,collision
12,88,-144.70,7.37,364.90,0.0080,0.0363,0,collision
13,59,-198.48,2.74,157.91,0.0211,0.0000,0,collision
14,89,-161.07,6.47,292.22,0.0101,0.0000,0,collision
15,7,-198.77,1.43,12.58,0.1823,0.0000,0,collision
16,5,-197.11,2.22,6.61,0.1904,0.0000,0,collision
17,30,-178.83,6.09,168.42,0.0533,0.0000,0,collision
18,239,-136.90,3.37,573.49,0.0071,0.0000,0,collision
19,7,-196.41,4.31,30.28,0.1597,0.1817,0,collision
20,185,-112.94,7.17,445.46,0.0048,0.0450,0,collision
21,8,-204.66,0.39,3.31,0.1122,0.0000,0,collision
22,189,-143.72,4.46,429.63,0.0035,0.0354,0,collision
23,3,-199.22,1.72,7.61,0.4455,0.2133,0,collision
24,83,-183.92,2.78,140.72,0.0182,0.0000,0,collision
25,13,-201.18,1.48,20.51,0.1322,0.0000,0,collision
26,224,-113.14,6.13,601.90,0.0040,0.0009,0,collision
27,8,-200.85,1.03,5.65,0.1026,0.0000,0,collision
28,42,-179.87,5.83,198.42,0.0394,0.0485,0,collision
29,72,-205.95,2.09,81.73,0.0129,0.0332,0,collision
30,9,-207.18,0.24,1.88,0.1485,0.0896,0,collision
31,15,-192.61,2.31,16.65,0.0902,0.0173,0,collision
32,10,-203.67,0.91,12.80,0.0957,0.0777,0,collision
33,14,-193.85,2.85,28.08,0.0314,0.0000,0,collision
34,21,-186.09,8.02,114.36,0.0563,0.1031,0,collision
35,7,-201.21,0.76,5.25,0.2339,0.0000,0,collision
36,77,-205.46,1.91,94.38,0.0122,0.0082,0,collision
37,20,-204.97,1.12,14.53,0.0060,0.0000,0,collision
38,11,-201.65,1.04,5.03,0.0326,0.0668,0,collision
39,44,-174.56,6.13,181.75,0.0300,0.0227,0,collision
40,152,-112.54,7.27,486.93,0.0095,0.0000,0,collision
41,212,-83.01,7.80,902.21,0.0035,0.0139,0,collision
42,14,-194.49,3.45,43.71,0.0096,0.0409,0,collision
43,17,-204.92,0.92,10.70,0.0402,0.0000,0,collision
44,5,-199.51,1.04,2.19,0.1616,0.0000,0,collision
45,115,-136.92,5.62,303.45,0.0064,0.0209,0,collision
46,3,-202.89,0.00,0.20,0.3810,0.2892,0,collision
47,68,-149.21,9.96,219.51,0.0164,0.0103,0,collision
48,68,-190.83,2.64,107.68,0.0197,0.0000,0,collision
49,2,-200.19,0.49,0.65,0.4350,0.0000,0,collision
50,44,-184.90,3.47,97.55,0.0385,0.0380,0,collision
51,112,-138.45,12.37,188.36,0.0149,0.0053,0,collision
52,49,-201.68,1.73,55.99,0.0061,0.0000,0,collision
53,52,-199.11,2.44,91.15,0.0180,0.0214,0,collision
54,10,-201.62,0.93,5.02,0.0667,0.0000,0,collision
55,177,-98.23,7.82,402.49,0.0063,0.0156,0,collision
56,28,-206.80,1.35,14.73,0.0048,0.0000,0,collision
57,24,-187.96,11.00,180.97,0.0131,0.0625,0,collision
58,114,-111.28,11.43,427.32,0.0063,0.0156,0,collision
59,4,-202.90,0.19,0.63,0.3291,0.0981,0,collision
60,26,-182.14,12.80,114.60,0.0349,0.0330,0,collision
61,89,-151.17,7.26,282.32,0.0114,0.0106,0,collision
62,7,-198.35,1.50,6.17,0.1913,0.1549,0,collision
63,33,-196.42,2.82,67.45,0.0149,0.0000,0,collision
11,50,-167.26,10.31,194.62,0.0065,0.0000,0,collision
12,54,-184.32,3.35,97.41,0.0311,0.0091,0,collision
13,162,-65.41,15.87,421.57,0.0097,0.0159,0,collision
14,129,-124.88,10.77,370.15,0.0025,0.0135,0,collision
15,17,-204.93,1.06,14.43,0.0116,0.0781,0,collision
16,141,-112.69,8.14,643.89,0.0002,0.0228,0,collision
17,30,-217.85,0.79,18.69,0.0376,0.0000,0,collision
18,30,-192.62,2.89,43.33,0.0473,0.0000,0,collision
19,57,-149.00,17.79,287.30,0.0068,0.0189,0,collision
20,13,-195.24,3.53,50.84,0.0273,0.0000,0,collision
64,140,-191.97,9.02,344.61,0.0028,0.0079,0,collision
65,252,338.39,9.26,684.66,0.0000,0.0000,1,goal
66,30,-190.77,3.92,110.05,0.0355,0.0148,0,collision
67,188,-95.00,7.60,763.84,0.0032,0.0207,0,collision
68,151,-92.86,10.87,722.89,0.0025,0.0000,0,collision
69,176,-137.29,7.20,606.92,0.0021,0.0082,0,collision
70,101,-161.90,7.53,295.06,0.0095,0.0000,0,collision
71,22,-200.31,1.78,46.00,0.0438,0.0000,0,collision
72,48,-164.20,7.35,261.46,0.0208,0.0140,0,collision
73,69,-182.25,4.18,198.97,0.0252,0.0000,0,collision
74,5,-199.91,1.16,3.65,0.1648,0.0000,0,collision
75,65,-183.01,3.39,171.49,0.0087,0.0000,0,collision
76,45,-180.25,3.46,111.92,0.0216,0.0000,0,collision
77,24,-184.40,9.35,110.43,0.0001,0.0643,0,collision
78,27,-212.46,1.10,18.28,0.0252,0.5570,0,collision
79,47,-197.97,1.75,59.76,0.0210,0.0000,0,collision
80,30,-202.81,1.39,27.27,0.0071,0.0104,0,collision
81,31,-190.89,4.05,99.59,0.0195,0.0072,0,collision
82,90,-119.28,15.36,316.74,0.0185,0.0039,0,collision
83,86,-150.91,8.26,209.17,0.0147,0.0230,0,collision
84,53,-182.73,9.93,116.87,0.0038,0.1210,0,collision
85,75,-154.56,6.22,300.17,0.0124,0.0000,0,collision
86,11,-205.36,0.79,6.19,0.0834,0.1767,0,collision
87,1,-200.00,0.00,0.00,0.0000,0.0000,0,collision
88,31,-198.94,2.92,48.69,0.0390,0.0000,0,collision
89,113,-162.53,6.31,358.97,0.0033,0.0000,0,collision
90,139,-97.40,10.07,693.36,0.0064,0.0000,0,collision
91,7,-203.19,0.43,1.05,0.1705,0.0000,0,collision
92,63,-149.65,12.94,254.73,0.0077,0.0264,0,collision
93,46,-176.57,6.08,186.00,0.0049,0.0290,0,collision
94,16,-195.58,1.88,23.67,0.0854,0.0332,0,collision
95,40,-176.21,5.89,138.17,0.0049,0.0615,0,collision
96,67,-136.43,24.46,3.06,0.0002,0.0267,0,collision
97,169,-100.58,11.97,429.23,0.0074,0.0101,0,collision
98,2,-201.40,0.00,0.10,0.5654,0.1318,0,collision
99,86,-155.56,9.82,407.03,0.0073,0.0000,0,collision
100,7,-195.44,4.27,39.90,0.1101,0.0000,0,collision
101,6,-198.35,2.01,8.66,0.1404,0.0000,0,collision
102,4,-201.76,0.18,0.60,0.2638,0.0000,0,collision
103,57,-161.99,7.53,245.59,0.0041,0.0250,0,collision
104,31,-179.09,8.98,137.50,0.0136,0.0393,0,collision
105,14,-201.74,1.15,11.77,0.0252,0.0000,0,collision
106,245,340.20,8.51,1079.62,0.0000,0.0000,1,goal
107,47,-180.22,3.17,80.78,0.0219,0.0325,0,collision
108,38,-187.84,3.15,103.16,0.0161,0.0000,0,collision
109,9,-197.28,1.86,9.23,0.0866,0.0000,0,collision
110,150,-107.96,11.12,614.16,0.0026,0.0303,0,collision
111,127,-115.27,10.50,222.32,0.0036,0.0044,0,collision
112,161,-75.35,9.98,559.98,0.0043,0.0053,0,collision
113,49,-167.66,14.16,201.09,0.0136,0.0000,0,collision
114,13,-190.61,6.06,90.51,0.0566,0.0000,0,collision
115,27,-186.66,9.44,187.54,0.0404,0.0870,0,collision
116,212,342.47,9.98,637.94,0.0000,0.0000,1,goal
117,6,-204.77,0.02,0.50,0.2099,0.0000,0,collision
118,44,-161.54,18.67,210.46,0.0148,0.0129,0,collision
119,241,-95.57,8.45,930.03,0.0040,0.0031,0,collision
120,49,-163.54,11.94,132.54,0.0127,0.0332,0,collision
21,8,-195.61,2.79,19.68,0.0421,0.0865,0,collision
22,63,-172.86,9.74,292.80,0.0029,0.0000,0,collision
23,55,-166.60,6.64,228.29,0.0093,0.0000,0,collision
24,1,-200.00,0.00,0.00,0.0000,0.0000,0,collision
25,168,307.82,14.03,596.58,0.0000,0.0612,1,goal
26,23,-184.85,6.88,93.14,0.0435,0.0761,0,collision
27,71,-147.31,15.84,269.35,0.0107,0.0355,0,collision
28,95,-142.11,7.88,306.86,0.0079,0.0000,0,collision
29,88,-154.30,7.98,243.06,0.0090,0.0185,0,collision
30,110,297.40,19.01,431.44,0.0000,0.0025,1,goal
121,99,-174.52,7.58,287.59,0.0029,0.0218,0,collision
122,85,-125.43,15.29,398.18,0.0009,0.0111,0,collision
123,21,-204.10,1.64,28.16,0.0255,0.0000,0,collision
124,42,-163.28,15.29,186.71,0.0026,0.0108,0,collision
125,92,-128.63,15.64,224.35,0.0085,0.0056,0,collision
126,47,-184.47,4.91,171.28,0.0121,0.1137,0,collision
127,174,-81.52,13.49,322.11,0.0012,0.0137,0,collision
128,59,-155.53,19.20,142.97,0.0316,0.0198,0,collision
129,58,-161.33,9.68,204.63,0.0208,0.0101,0,collision
130,83,-159.26,5.97,284.66,0.0141,0.0618,0,collision
131,62,-167.90,5.19,245.96,0.0067,0.0000,0,collision
132,52,-157.09,12.87,303.72,0.0230,0.0214,0,collision
133,47,-172.09,5.69,165.88,0.0128,0.0000,0,collision
134,12,-192.30,3.24,32.11,0.0868,0.0000,0,collision
135,40,-171.58,7.99,248.95,0.0188,0.0000,0,collision
136,8,-199.14,1.51,11.45,0.0324,0.0212,0,collision
137,73,-151.65,8.17,195.23,0.0083,0.0609,0,collision
138,12,-191.57,5.01,43.93,0.0343,0.0000,0,collision
139,24,-193.21,3.11,72.99,0.0435,0.0000,0,collision
140,71,-153.21,11.21,227.61,0.0141,0.0414,0,collision
141,88,-155.60,5.77,348.03,0.0040,0.0194,0,collision
142,37,-175.76,11.53,129.69,0.0236,0.0653,0,collision
143,9,-194.93,3.14,22.08,0.1055,0.0112,0,collision
144,53,-157.38,15.48,148.09,0.0198,0.0166,0,collision
145,8,-196.54,1.91,15.56,0.0595,0.0000,0,collision
146,14,-197.84,2.36,31.12,0.0710,0.1574,0,collision
147,2,-201.10,0.00,0.10,0.5200,0.0000,0,collision
148,10,-204.12,0.78,6.10,0.0457,0.0000,0,collision
149,122,-93.15,17.53,337.22,0.0058,0.0082,0,collision
150,14,-200.79,1.37,9.84,0.0220,0.1058,0,collision
151,34,-180.09,6.64,243.26,0.0176,0.0000,0,collision
152,44,-163.32,14.37,148.09,0.0154,0.0123,0,collision
153,45,-163.90,15.89,81.79,0.0293,0.0335,0,collision
154,48,-160.67,14.82,199.29,0.0192,0.0260,0,collision
155,48,-162.36,15.97,141.17,0.0120,0.0154,0,collision
156,5,-200.05,1.04,5.20,0.0663,0.0000,0,collision
157,65,-147.81,12.64,275.33,0.0211,0.0122,0,collision
158,43,-162.90,15.28,144.00,0.0368,0.0000,0,collision
159,21,-183.14,9.56,144.31,0.0198,0.0000,0,collision
160,8,-194.83,3.51,35.77,0.0491,0.0000,0,collision
161,32,-181.32,10.19,140.94,0.0342,0.0177,0,collision
162,18,-198.05,1.91,22.05,0.0177,0.0000,0,collision
163,10,-203.87,0.34,2.72,0.0569,0.0000,0,collision
164,16,-193.30,4.18,48.02,0.0683,0.0619,0,collision
165,19,-192.24,2.56,39.72,0.0513,0.0000,0,collision
166,5,-199.43,1.24,7.42,0.2199,0.0000,0,collision
167,62,-148.73,17.07,188.39,0.0203,0.0081,0,collision
168,10,-207.42,0.35,1.89,0.0387,0.1584,0,collision
169,9,-200.77,1.43,14.33,0.0264,0.0000,0,collision
170,18,-187.53,13.46,83.93,0.0756,0.1366,0,collision
171,67,-134.17,22.17,110.61,0.0131,0.0035,0,collision
172,16,-209.48,0.54,7.63,0.0949,0.0261,0,collision
173,153,-90.03,9.21,612.31,0.0064,0.0000,0,collision
174,8,-195.48,2.16,15.02,0.0765,0.0000,0,collision
175,94,-127.40,12.73,364.35,0.0034,0.0125,0,collision
176,68,-167.09,9.31,190.58,0.0190,0.0000,0,collision
177,49,-169.88,11.52,253.96,0.0142,0.0125,0,collision
178,141,-117.90,14.49,282.95,0.0055,0.0111,0,collision
179,6,-201.40,0.70,3.40,0.0432,0.0000,0,collision
180,116,-105.84,11.36,610.63,0.0068,0.0024,0,collision
181,69,-161.52,4.26,161.88,0.0176,0.0000,0,collision
182,89,-142.32,9.51,511.62,0.0090,0.0000,0,collision
183,101,-156.73,7.73,336.75,0.0148,0.0000,0,collision
184,56,-182.32,4.01,144.94,0.0254,0.0000,0,collision
185,49,-165.88,9.80,168.44,0.0034,0.0266,0,collision
186,8,-204.98,0.25,1.07,0.1198,0.0000,0,collision
187,14,-190.82,6.42,80.09,0.0786,0.0650,0,collision
188,129,-135.55,11.02,268.27,0.0119,0.0030,0,collision
189,66,-153.01,7.07,275.53,0.0187,0.0000,0,collision
190,32,-176.05,15.28,194.84,0.0625,0.0056,0,collision
191,100,301.27,24.11,51.04,0.0000,0.0013,1,goal
192,117,-132.66,5.71,486.81,0.0052,0.0000,0,collision
193,71,-157.32,9.70,340.21,0.0154,0.0128,0,collision
194,68,-136.67,21.42,194.16,0.0071,0.0000,0,collision
195,83,-139.03,12.35,243.25,0.0159,0.0320,0,collision
196,57,-162.98,13.14,197.75,0.0030,0.0368,0,collision
197,75,-176.97,8.21,208.63,0.0098,0.0002,0,collision
198,90,295.31,25.89,-52.08,0.0000,0.0000,1,goal
199,14,-192.46,2.71,37.79,0.0302,0.0000,0,collision
31,7,-195.89,2.20,6.93,0.0065,0.0000,0,collision
32,13,-193.47,4.94,66.07,0.0525,0.0000,0,collision
33,152,310.20,13.44,493.71,0.0000,0.0049,1,goal
34,128,-138.38,5.63,412.39,0.0038,0.0176,0,collision
35,13,-192.70,5.98,78.86,0.0714,0.0000,0,collision
36,157,315.80,12.33,441.25,0.0000,0.0087,1,goal
37,163,-130.04,5.33,530.23,0.0108,0.0000,0,collision
38,47,-167.54,12.22,200.66,0.0153,0.0143,0,collision
39,129,-149.33,8.49,559.47,0.0067,0.1046,0,collision
40,82,-151.91,10.40,210.41,0.0093,0.0000,0,collision
200,80,-137.60,15.45,273.01,0.0169,0.0131,0,collision
201,13,-193.28,3.54,60.25,0.0862,0.0155,0,collision
202,15,-192.88,3.30,38.97,0.0464,0.0000,0,collision
203,56,-157.07,13.65,291.15,0.0173,0.0000,0,collision
204,49,-174.51,7.62,222.73,0.0028,0.0113,0,collision
205,117,-121.43,8.93,480.80,0.0062,0.0099,0,collision
206,13,-197.09,1.78,12.72,0.1105,0.0000,0,collision
207,19,-185.27,8.44,110.80,0.0220,0.0000,0,collision
208,106,-145.83,5.25,350.46,0.0124,0.0099,0,collision
209,43,-173.13,12.90,242.96,0.0250,0.0574,0,collision
210,45,-179.79,8.36,157.91,0.0301,0.0897,0,collision
211,66,-156.21,9.76,298.41,0.0219,0.0000,0,collision
212,108,-117.34,12.02,343.07,0.0086,0.0000,0,collision
213,227,-130.10,6.91,778.33,0.0041,0.0203,0,collision
214,52,-155.90,16.78,132.40,0.0143,0.0257,0,collision
215,95,-138.79,6.81,366.99,0.0006,0.0489,0,collision
216,118,-121.46,7.78,473.65,0.0047,0.0000,0,collision
217,5,-202.62,0.02,0.41,0.0611,0.0000,0,collision
218,144,-92.57,9.90,495.87,0.0055,0.0010,0,collision
219,9,-197.23,2.06,17.25,0.1083,0.0000,0,collision
220,88,-144.78,8.75,378.18,0.0057,0.0218,0,collision
221,88,-135.92,14.03,296.41,0.0078,0.0104,0,collision
222,68,-159.05,10.20,99.47,0.0027,0.0257,0,collision
223,60,-173.16,6.39,276.55,0.0068,0.0594,0,collision
224,69,-143.59,19.78,139.20,0.0146,0.0055,0,collision
225,56,-157.76,7.84,254.49,0.0105,0.0104,0,collision
226,69,-165.51,9.21,184.64,0.0082,0.0114,0,collision
227,65,-164.38,8.01,377.51,0.0063,0.0127,0,collision
228,15,-191.66,3.37,38.29,0.0447,0.0000,0,collision
229,203,-87.50,8.68,553.28,0.0038,0.0018,0,collision
230,151,-101.32,6.83,563.61,0.0077,0.0066,0,collision
231,197,-84.19,9.52,434.80,0.0018,0.0000,0,collision
232,32,-182.25,5.58,162.09,0.0331,0.0000,0,collision
233,76,-153.79,9.09,388.70,0.0151,0.0000,0,collision
234,7,-199.84,2.14,13.76,0.1231,0.2196,0,collision
235,37,-201.35,1.70,41.72,0.0172,0.0000,0,collision
236,167,-97.93,9.76,293.79,0.0050,0.0461,0,collision
237,138,-138.77,9.73,505.52,0.0068,0.0000,0,collision
238,99,-161.40,5.09,289.84,0.0057,0.0000,0,collision
239,8,-205.15,0.26,1.05,0.0814,0.0000,0,collision
240,17,-193.04,3.54,39.55,0.0679,0.0000,0,collision
241,119,-146.94,6.61,497.98,0.0067,0.0012,0,collision
242,32,-187.06,3.43,73.30,0.0196,0.0686,0,collision
243,5,-204.45,0.00,0.40,0.2702,0.0000,0,collision
244,160,-126.33,7.96,612.24,0.0039,0.0000,0,collision
245,22,-200.58,1.90,36.21,0.0325,0.0510,0,collision
246,107,-162.93,5.07,272.01,0.0109,0.0488,0,collision
247,65,-153.56,10.09,387.77,0.0119,0.0122,0,collision
248,220,-94.91,7.09,682.23,0.0012,0.0000,0,collision
249,120,-119.23,11.30,584.31,0.0069,0.0037,0,collision
250,17,-204.35,1.24,18.02,0.0467,0.0161,0,collision
251,7,-201.34,0.95,2.44,0.0395,0.0000,0,collision
252,119,-123.60,10.80,219.75,0.0066,0.0000,0,collision
253,81,-148.66,7.79,346.17,0.0173,0.0000,0,collision
41,6,-201.34,0.74,4.12,0.2260,0.0000,0,collision
42,109,-125.63,8.91,366.88,0.0046,0.0000,0,collision
43,94,-131.02,8.08,391.14,0.0113,0.0000,0,collision
44,24,-182.47,5.03,90.42,0.0313,0.0000,0,collision
45,23,-182.23,8.08,88.21,0.0306,0.0000,0,collision
46,122,-126.06,11.12,226.52,0.0063,0.0016,0,collision
47,6,-201.57,0.53,2.23,0.2222,0.0000,0,collision
48,8,-197.30,2.20,14.15,0.0811,0.0000,0,collision
49,131,-144.48,9.22,556.16,0.0032,0.0044,0,collision
50,5,-200.02,1.25,10.14,0.3040,0.0000,0,collision
254,76,-212.29,8.98,234.58,0.0220,0.1044,0,collision
255,112,-144.24,5.33,356.08,0.0057,0.0038,0,collision
256,165,-90.67,15.27,389.73,0.0098,0.0489,0,collision
257,7,-199.12,1.16,5.77,0.0635,0.0000,0,collision
258,175,-141.56,7.78,584.10,0.0085,0.0247,0,collision
259,42,-166.81,14.61,241.04,0.0075,0.0354,0,collision
260,79,-142.23,12.54,258.40,0.0157,0.0115,0,collision
261,133,-155.47,6.35,276.59,0.0014,0.0068,0,collision
262,13,-197.02,3.51,34.64,0.0229,0.0000,0,collision
263,20,-190.42,4.71,58.19,0.0382,0.0000,0,collision
264,47,-175.19,4.06,146.36,0.0101,0.0000,0,collision
265,124,302.24,18.34,264.06,0.0000,0.0211,1,goal
266,27,-198.41,1.86,33.39,0.0341,0.0000,0,collision
267,2,-201.10,0.00,0.10,0.3059,0.0000,0,collision
268,152,-117.81,7.90,411.36,0.0062,0.0000,0,collision
269,78,-155.35,9.61,280.28,0.0004,0.0854,0,collision
270,54,-178.98,4.94,227.34,0.0194,0.0167,0,collision
271,19,-211.28,0.63,8.94,0.0612,0.0803,0,collision
272,148,-151.65,8.64,446.09,0.0074,0.0000,0,collision
273,74,-141.19,15.14,229.48,0.0135,0.0034,0,collision
274,44,-186.10,4.12,132.57,0.0076,0.0000,0,collision
275,181,-98.14,6.88,657.09,0.0075,0.0000,0,collision
276,170,-109.72,8.63,494.29,0.0088,0.0000,0,collision
277,2,-201.10,0.00,0.10,0.5378,0.0000,0,collision
278,71,-171.08,9.82,202.98,0.0218,0.0000,0,collision
279,181,296.92,11.62,590.25,0.0000,0.0027,1,goal
280,31,-178.51,8.77,141.44,0.0265,0.0369,0,collision
281,10,-202.80,0.92,8.53,0.0460,0.0000,0,collision
282,21,-188.58,4.49,63.61,0.0732,0.0000,0,collision
283,47,-161.24,13.49,237.74,0.0213,0.0127,0,collision
284,185,288.30,10.95,357.49,0.0000,0.0325,1,goal
285,5,-198.21,1.76,9.03,0.0562,0.0000,0,collision
286,124,-140.16,6.63,288.44,0.0027,0.0148,0,collision
287,110,-140.22,13.17,171.44,0.0094,0.0037,0,collision
288,108,-152.72,6.26,407.53,0.0147,0.0069,0,collision
289,165,-83.10,11.91,830.55,0.0062,0.0138,0,collision
290,65,-182.61,10.61,208.30,0.0101,0.0741,0,collision
291,9,-196.45,2.49,24.30,0.0866,0.0000,0,collision
292,10,-195.98,2.27,20.26,0.0546,0.0000,0,collision
293,14,-206.43,0.77,6.42,0.1153,0.0596,0,collision
294,154,-107.96,9.68,527.70,0.0038,0.0459,0,collision
295,140,-81.86,14.35,475.11,0.0114,0.0000,0,collision
296,42,-175.37,5.85,206.53,0.0248,0.0080,0,collision
297,50,-187.16,2.50,78.07,0.0215,0.0136,0,collision
298,25,-189.20,4.11,110.09,0.0071,0.0000,0,collision
299,13,-190.93,4.81,54.14,0.0315,0.0000,0,collision
300,7,-203.49,0.49,2.73,0.1818,0.0000,0,collision
301,122,-110.44,11.25,344.34,0.0056,0.0081,0,collision
302,76,-143.87,8.83,328.24,0.0125,0.0000,0,collision
303,74,-142.90,19.20,306.56,0.0101,0.0102,0,collision
304,143,-102.02,13.31,533.57,0.0041,0.0619,0,collision
305,90,-156.66,7.07,349.17,0.0186,0.0027,0,collision
51,26,-184.10,7.10,133.12,0.0198,0.0000,0,collision
52,70,-158.64,9.86,245.46,0.0000,0.0184,0,collision
53,51,-170.48,11.63,198.50,0.0265,0.0115,0,collision
54,134,307.48,15.66,422.26,0.0000,0.0000,1,goal
55,106,-150.15,13.83,142.26,0.0046,0.0000,0,collision
56,4,-200.37,1.03,2.72,0.3503,0.1885,0,collision
57,7,-202.30,0.60,3.50,0.1502,0.0000,0,collision
58,227,332.77,12.69,760.32,0.0000,0.0021,1,goal
59,6,-198.89,1.32,6.22,0.1572,0.0000,0,collision
60,63,-174.27,10.51,169.48,0.0128,0.0000,0,collision
306,69,-159.75,7.66,318.83,0.0065,0.0063,0,collision
307,36,-175.70,10.26,107.75,0.0000,0.1241,0,collision
308,67,-177.12,10.90,251.71,0.0043,0.0785,0,collision
309,6,-200.94,1.17,6.41,0.1110,0.0000,0,collision
310,111,-136.28,11.21,465.77,0.0129,0.0000,0,collision
311,16,-193.05,4.16,76.41,0.0136,0.0032,0,collision
312,3,-200.58,0.69,1.36,0.0550,0.2572,0,collision
313,28,-178.42,12.56,174.09,0.0426,0.0356,0,collision
314,72,-132.72,19.10,149.07,0.0102,0.0106,0,collision
315,9,-200.13,1.08,6.71,0.0514,0.0000,0,collision
316,2,-199.78,0.49,0.65,0.3924,0.0000,0,collision
317,45,-174.25,11.05,141.69,0.0277,0.0205,0,collision
318,228,278.78,8.99,652.53,0.0000,0.0000,1,goal
319,54,-152.19,15.24,162.75,0.0029,0.0000,0,collision
320,47,-158.75,14.36,295.68,0.0105,0.0000,0,collision
321,62,-150.32,11.15,280.97,0.0202,0.0266,0,collision
322,99,-132.91,15.71,255.68,0.0071,0.0000,0,collision
323,54,-156.65,11.23,142.59,0.0185,0.0052,0,collision
324,52,-162.31,11.78,260.44,0.0196,0.0000,0,collision
325,7,-205.81,0.07,0.62,0.1323,0.0000,0,collision
326,189,-220.96,6.98,536.42,0.0062,0.0131,0,collision
327,98,-129.15,9.31,483.02,0.0102,0.0070,0,collision
328,6,-199.91,0.88,2.15,0.1566,0.0000,0,collision
329,124,-122.31,14.97,474.63,0.0073,0.0003,0,collision
330,47,-161.28,14.32,185.40,0.0081,0.0000,0,collision
331,56,-153.90,11.46,348.07,0.0216,0.0000,0,collision
332,45,-161.93,15.33,169.14,0.0326,0.0216,0,collision
333,29,-179.72,9.40,117.27,0.0179,0.0331,0,collision
334,119,302.89,17.17,380.76,0.0000,0.0017,1,goal
335,40,-163.05,16.79,213.66,0.0210,0.0105,0,collision
336,256,252.14,7.82,606.02,0.0000,0.0020,1,goal
337,117,-140.53,10.71,630.95,0.0050,0.0061,0,collision
338,99,-125.53,13.11,460.07,0.0068,0.0014,0,collision
339,13,-190.32,7.23,111.75,0.0206,0.0000,0,collision
340,92,-133.69,13.73,236.57,0.0106,0.0083,0,collision
341,152,310.60,13.84,565.33,0.0000,0.0000,1,goal
342,11,-202.19,1.51,19.85,0.0690,0.0000,0,collision
343,7,-198.66,1.86,6.31,0.1714,0.2876,0,collision
344,116,-146.67,14.04,323.37,0.0067,0.0167,0,collision
345,66,-128.22,30.03,259.72,0.0046,0.0140,0,collision
346,7,-199.01,1.07,4.13,0.2143,0.0145,0,collision
347,134,-95.14,16.18,323.45,0.0023,0.0182,0,collision
348,109,298.22,19.37,420.63,0.0000,0.0012,1,goal
349,75,-144.34,14.42,235.56,0.0152,0.0189,0,collision
350,92,-149.03,14.29,411.77,0.0066,0.0042,0,collision
351,94,-136.39,14.09,430.28,0.0071,0.0000,0,collision
352,70,-138.66,21.48,102.68,0.0034,0.0114,0,collision
353,101,-117.55,13.97,468.95,0.0126,0.0099,0,collision
354,135,265.27,15.13,319.02,0.0000,0.0077,1,goal
355,8,-194.74,4.46,34.77,0.0479,0.0000,0,collision
356,64,-147.92,17.64,63.83,0.0150,0.0108,0,collision
357,63,-141.17,20.13,73.76,0.0173,0.0037,0,collision
358,10,-199.46,1.31,8.21,0.0244,0.0000,0,collision
359,55,-150.67,16.86,197.20,0.0311,0.0177,0,collision
360,92,-134.16,16.55,419.90,0.0040,0.0000,0,collision
361,95,297.58,24.09,179.63,0.0000,0.0143,1,goal
362,49,-171.53,6.92,193.72,0.0229,0.0000,0,collision
363,40,-170.77,15.25,126.43,0.0266,0.0403,0,collision
364,84,-156.19,7.81,385.13,0.0047,0.0774,0,collision
61,144,-158.74,10.40,260.40,0.0036,0.0049,0,collision
62,132,-128.81,10.03,494.04,0.0055,0.0170,0,collision
63,24,-189.27,4.19,70.91,0.0289,0.0000,0,collision
64,110,-134.44,13.72,442.09,0.0121,0.0039,0,collision
65,18,-193.00,2.76,47.29,0.0647,0.0000,0,collision
66,81,-151.10,13.85,259.34,0.0080,0.0298,0,collision
67,24,-191.33,3.59,62.24,0.0508,0.2274,0,collision
68,64,-153.88,12.86,326.52,0.0009,0.0072,0,collision
69,100,299.52,23.80,148.39,0.0000,0.0000,1,goal
70,4,-201.25,0.81,2.71,0.1866,0.3601,0,collision
365,107,-168.57,14.46,418.67,0.0112,0.0072,0,collision
366,84,-188.20,7.79,266.88,0.0045,0.0000,0,collision
367,39,-165.74,16.50,98.56,0.0092,0.0212,0,collision
368,68,-194.49,9.07,201.71,0.0112,0.0000,0,collision
369,41,-165.72,14.00,247.44,0.0261,0.0269,0,collision
370,28,-178.21,11.35,234.99,0.0067,0.0173,0,collision
371,26,-181.95,11.21,173.64,0.0123,0.0883,0,collision
372,10,-196.57,2.95,34.38,0.1544,0.0000,0,collision
373,13,-200.67,1.55,27.60,0.0200,0.0000,0,collision
374,97,300.58,24.77,173.20,0.0000,0.0000,1,goal
375,77,-132.94,17.64,234.47,0.0143,0.0138,0,collision
376,47,-162.68,13.34,176.86,0.0039,0.0089,0,collision
377,53,-151.66,18.65,254.95,0.0176,0.0000,0,collision
378,11,-194.55,7.76,111.93,0.0346,0.3025,0,collision
379,92,299.99,25.47,256.43,0.0000,0.0000,1,goal
380,24,-197.53,2.11,31.30,0.0072,0.0000,0,collision
381,74,-143.30,13.25,414.61,0.0033,0.0206,0,collision
382,106,-151.85,9.41,393.55,0.0072,0.0000,0,collision
383,42,-162.37,15.33,203.66,0.0279,0.0030,0,collision
384,206,318.46,10.11,958.01,0.0000,0.0000,1,goal
385,38,-163.70,18.12,100.12,0.0242,0.0133,0,collision
386,22,-192.94,2.18,29.45,0.0689,0.0000,0,collision
387,144,-115.78,12.88,546.27,0.0050,0.0039,0,collision
388,86,-145.12,11.88,267.34,0.0191,0.0000,0,collision
389,96,-123.45,16.71,313.66,0.0078,0.0102,0,collision
390,63,-144.26,16.36,99.94,0.0125,0.0060,0,collision
391,40,-167.03,12.87,199.60,0.0180,0.0677,0,collision
392,115,-117.32,12.93,467.87,0.0000,0.0025,0,collision
393,2,-199.27,0.95,2.13,0.0206,0.0000,0,collision
394,81,-141.17,8.95,350.49,0.0070,0.0027,0,collision
395,30,-190.75,6.83,114.99,0.0208,0.1424,0,collision
396,21,-183.45,13.31,118.68,0.0629,0.0000,0,collision
397,114,-159.63,12.04,238.01,0.0060,0.0086,0,collision
398,141,-124.21,10.74,466.09,0.0035,0.0594,0,collision
399,53,-155.89,14.97,160.53,0.0180,0.0120,0,collision
400,145,266.74,14.39,392.14,0.0000,0.0000,1,goal
401,13,-190.52,6.45,62.75,0.0583,0.0000,0,collision
402,146,305.65,14.34,453.24,0.0000,0.0000,1,goal
403,82,-183.16,8.62,144.82,0.0055,0.0000,0,collision
404,82,-130.78,15.39,227.43,0.0190,0.0000,0,collision
405,8,-194.71,4.20,40.56,0.0467,0.0000,0,collision
406,69,-187.25,8.57,217.06,0.0195,0.0000,0,collision
407,69,-181.74,9.56,219.08,0.0036,0.0000,0,collision
408,59,-139.14,23.40,151.52,0.0040,0.0075,0,collision
409,23,-182.08,8.21,111.34,0.0082,0.0000,0,collision
410,165,327.99,16.66,616.62,0.0000,0.0000,1,goal
411,65,-145.33,18.40,230.19,0.0099,0.0000,0,collision
412,101,-134.33,13.68,437.63,0.0132,0.0000,0,collision
413,84,-181.09,8.09,322.82,0.0041,0.0603,0,collision
414,7,-199.44,1.66,13.66,0.0163,0.1002,0,collision
415,65,-143.24,17.54,162.82,0.0163,0.0000,0,collision
416,8,-202.18,0.81,6.63,0.1304,0.0000,0,collision
417,61,-180.72,10.89,104.55,0.0170,0.0000,0,collision
418,60,-160.79,11.02,197.19,0.0167,0.0060,0,collision
419,45,-181.13,10.22,174.53,0.0377,0.0000,0,collision
420,20,-188.14,9.40,173.57,0.0652,0.0327,0,collision
421,1,-200.00,0.00,0.00,0.0000,0.0000,0,collision
422,16,-188.28,6.24,113.22,0.0572,0.0000,0,collision
423,16,-189.39,7.29,96.82,0.0571,0.0253,0,collision
424,40,-160.98,20.14,56.53,0.0065,0.0228,0,collision
425,44,-171.47,12.95,195.45,0.0171,0.0552,0,collision
426,58,-154.73,15.17,136.42,0.0012,0.0000,0,collision
427,6,-196.25,3.59,21.13,0.1011,0.0000,0,collision
428,25,-184.51,7.81,149.01,0.0015,0.0735,0,collision
429,55,-163.31,11.67,112.25,0.0182,0.0348,0,collision
430,82,-195.04,8.58,266.14,0.0059,0.0890,0,collision
71,206,-88.08,9.74,788.34,0.0081,0.0028,0,collision
72,63,-151.37,10.44,352.73,0.0115,0.0000,0,collision
73,133,-141.23,10.90,338.55,0.0081,0.0113,0,collision
74,6,-203.76,0.36,1.96,0.2236,0.0000,0,collision
75,118,-108.21,12.56,582.37,0.0135,0.0000,0,collision
76,93,-123.74,15.13,162.79,0.0090,0.0000,0,collision
77,64,-141.38,18.28,283.01,0.0193,0.0148,0,collision
78,61,-151.88,9.96,317.30,0.0002,0.0064,0,collision
79,67,-162.69,6.29,238.13,0.0125,0.0160,0,collision
80,78,-159.91,9.05,258.77,0.0048,0.0000,0,collision
431,167,-152.90,10.45,272.27,0.0023,0.0079,0,collision
432,76,-147.22,10.69,255.75,0.0175,0.0341,0,collision
433,99,-128.54,13.31,364.70,0.0077,0.0000,0,collision
434,29,-197.86,1.81,25.45,0.0405,0.0352,0,collision
435,62,-155.02,11.13,180.20,0.0194,0.0201,0,collision
436,24,-182.34,7.25,156.92,0.0180,0.0373,0,collision
437,12,-192.42,5.99,95.01,0.0000,0.0000,0,collision
438,23,-185.23,10.36,85.78,0.0264,0.0559,0,collision
439,192,-74.56,13.01,423.13,0.0022,0.0024,0,collision
440,127,312.01,16.44,493.24,0.0000,0.0000,1,goal
441,53,-143.38,24.93,126.51,0.0162,0.0047,0,collision
442,148,-101.37,12.22,388.64,0.0041,0.0251,0,collision
443,226,-51.46,8.71,901.85,0.0024,0.0000,0,collision
444,95,-104.99,24.51,83.01,0.0046,0.0182,0,collision
445,69,-149.15,17.66,24.30,0.0168,0.0181,0,collision
446,44,-174.71,5.30,206.85,0.0104,0.0406,0,collision
447,129,-191.56,6.88,219.04,0.0070,0.0000,0,collision
448,122,-124.65,12.01,290.35,0.0078,0.0039,0,collision
449,78,-181.55,8.82,149.49,0.0058,0.0000,0,collision
450,31,-187.21,3.93,74.30,0.0168,0.0000,0,collision
451,36,-180.98,9.59,119.84,0.0220,0.0526,0,collision
452,123,-162.76,6.73,369.28,0.0030,0.0159,0,collision
453,13,-199.45,1.44,12.65,0.0451,0.0000,0,collision
454,121,-117.69,10.09,611.43,0.0024,0.0222,0,collision
455,211,-128.14,9.57,382.37,0.0028,0.0032,0,collision
456,62,-137.50,21.98,125.83,0.0061,0.0000,0,collision
457,78,-132.62,17.48,119.57,0.0165,0.0000,0,collision
458,45,-165.21,12.96,180.39,0.0266,0.0140,0,collision
459,125,-123.71,11.53,571.89,0.0022,0.0409,0,collision
460,17,-198.08,2.05,42.69,0.0652,0.0000,0,collision
461,15,-198.39,3.26,54.72,0.0334,0.0505,0,collision
462,36,-169.06,16.53,163.44,0.0277,0.0408,0,collision
463,16,-197.10,1.54,20.13,0.0352,0.0000,0,collision
464,13,-190.98,9.38,87.19,0.0597,0.1143,0,collision
465,162,-126.82,6.24,513.34,0.0058,0.0222,0,collision
466,71,-173.49,9.04,163.58,0.0097,0.0000,0,collision
467,13,-200.82,1.14,6.88,0.0314,0.0000,0,collision
468,57,-156.29,14.86,172.45,0.0093,0.0266,0,collision
469,206,-59.93,12.12,650.66,0.0072,0.0063,0,collision
470,146,277.53,14.44,411.79,0.0000,0.0000,1,goal
471,3,-199.09,1.11,4.32,0.0440,0.0000,0,collision
472,15,-194.12,3.69,51.85,0.0340,0.0000,0,collision
473,237,278.30,8.47,834.17,0.0000,0.0071,1,goal
474,132,-150.46,7.17,161.94,0.0067,0.0076,0,collision
475,6,-196.34,2.57,15.03,0.1870,0.0000,0,collision
476,83,-130.95,18.17,268.66,0.0072,0.0069,0,collision
477,22,-183.77,6.54,153.12,0.0000,0.0000,0,collision
478,99,293.82,21.67,200.24,0.0000,0.0000,1,goal
479,14,-191.08,5.31,75.34,0.0383,0.0872,0,collision
480,203,285.83,10.14,732.95,0.0000,0.0000,1,goal
81,8,-202.49,0.82,2.82,0.1102,0.2157,0,collision
82,135,-93.27,15.95,159.82,0.0024,0.0000,0,collision
83,184,-137.51,7.49,505.80,0.0108,0.0000,0,collision
84,39,-176.73,6.92,231.78,0.0073,0.0518,0,collision
85,5,-199.18,1.97,15.34,0.2060,0.1960,0,collision
86,2,-200.34,0.31,0.32,0.4592,0.0000,0,collision
87,49,-173.44,5.06,215.46,0.0053,0.0939,0,collision
88,93,-153.89,7.04,240.05,0.0074,0.0098,0,collision
89,69,-135.17,19.89,157.07,0.0208,0.0304,0,collision
90,41,-175.77,6.53,184.55,0.0041,0.0000,0,collision
481,98,-157.89,8.14,277.31,0.0040,0.0000,0,collision
482,126,-134.37,14.00,198.33,0.0020,0.0452,0,collision
483,9,-196.12,2.82,28.34,0.0817,0.0000,0,collision
484,157,-149.23,6.08,462.69,0.0038,0.0030,0,collision
485,48,-169.29,10.99,264.04,0.0109,0.0261,0,collision
486,2,-199.57,1.04,2.51,0.4212,0.1356,0,collision
487,119,-175.45,5.16,308.11,0.0082,0.0173,0,collision
488,115,-157.74,7.40,335.10,0.0037,0.0000,0,collision
489,42,-180.78,6.70,198.11,0.0000,0.2172,0,collision
490,60,-174.35,11.31,236.65,0.0069,0.0000,0,collision
491,69,-141.32,13.78,177.97,0.0119,0.0115,0,collision
492,6,-202.21,0.65,3.16,0.0855,0.0000,0,collision
493,132,303.66,16.24,450.38,0.0000,0.0000,1,goal
494,81,-138.76,9.84,385.95,0.0080,0.0122,0,collision
495,68,-134.14,19.14,228.16,0.0275,0.0145,0,collision
496,16,-195.08,4.09,79.38,0.0586,0.0000,0,collision
497,8,-194.82,4.12,34.28,0.0349,0.0000,0,collision
498,32,-175.20,13.78,179.11,0.0198,0.0269,0,collision
499,60,-149.09,11.35,328.14,0.0228,0.0000,0,collision
500,94,-187.29,6.52,183.25,0.0108,0.0060,0,collision
501,16,-189.47,5.40,107.16,0.0856,0.0000,0,collision
502,163,303.02,13.82,567.62,0.0000,0.0032,1,goal
503,45,-169.41,7.10,291.93,0.0111,0.0516,0,collision
504,101,305.85,27.69,84.19,0.0000,0.0273,1,goal
505,123,-214.56,5.52,137.83,0.0078,0.0217,0,collision
506,186,302.17,10.85,413.39,0.0000,0.0000,1,goal
507,34,-181.18,5.81,181.27,0.0280,0.0954,0,collision
508,98,-158.81,7.88,168.31,0.0103,0.0000,0,collision
509,204,-110.92,8.61,704.19,0.0031,0.0000,0,collision
510,37,-186.11,3.66,114.24,0.0272,0.0000,0,collision
511,133,-171.72,9.68,226.51,0.0096,0.0049,0,collision
512,50,-167.36,4.60,184.36,0.0094,0.0000,0,collision
513,19,-187.24,7.57,86.51,0.0238,0.0000,0,collision
514,19,-188.87,3.45,60.44,0.0082,0.0000,0,collision
515,126,-177.98,6.62,304.90,0.0079,0.0000,0,collision
516,94,-133.99,16.12,317.81,0.0100,0.0212,0,collision
517,135,-217.68,4.86,190.98,0.0055,0.0000,0,collision
518,10,-193.27,3.70,20.34,0.0751,0.0000,0,collision
519,23,-195.47,2.09,27.79,0.0719,0.0000,0,collision
520,38,-170.79,15.83,73.60,0.0217,0.0477,0,collision
521,172,-164.78,9.00,259.71,0.0036,0.0033,0,collision
522,114,-133.08,14.97,449.42,0.0078,0.0097,0,collision
523,118,-117.79,5.85,421.14,0.0046,0.0000,0,collision
524,50,-164.20,11.27,189.83,0.0029,0.0376,0,collision
525,82,-149.72,13.26,30.33,0.0082,0.0038,0,collision
526,101,-111.92,17.84,64.44,0.0038,0.0131,0,collision
527,190,350.84,12.21,588.68,0.0000,0.0000,1,goal
528,118,-148.91,7.11,369.01,0.0024,0.0403,0,collision
529,159,-170.37,10.21,208.07,0.0038,0.0372,0,collision
91,15,-191.67,6.03,80.75,0.1087,0.0205,0,collision
92,70,-153.89,9.68,299.60,0.0207,0.0053,0,collision
93,92,-140.91,7.07,230.23,0.0113,0.0000,0,collision
94,46,-177.84,3.24,85.23,0.0278,0.0093,0,collision
95,44,-185.97,8.26,161.09,0.0323,0.0302,0,collision
96,34,-189.01,4.45,122.27,0.0401,0.0663,0,collision
97,68,-145.38,11.89,300.62,0.0175,0.0245,0,collision
98,7,-202.32,0.64,4.15,0.0776,0.0000,0,collision
99,122,-173.67,6.35,266.03,0.0141,0.0000,0,collision
100,226,352.62,10.23,792.48,0.0000,0.0000,1,goal
530,34,-186.62,7.78,144.10,0.0270,0.0000,0,collision
531,176,-199.05,8.65,203.95,0.0057,0.0050,0,collision
532,117,-148.95,8.32,313.22,0.0041,0.0000,0,collision
533,25,-185.79,5.89,114.07,0.0327,0.1184,0,collision
534,35,-190.09,3.31,81.17,0.0103,0.0000,0,collision
535,142,-106.16,10.81,256.02,0.0082,0.0000,0,collision
536,160,292.65,13.10,558.71,0.0000,0.0000,1,goal
537,146,-93.89,10.39,648.26,0.0021,0.0074,0,collision
538,182,-138.02,7.76,560.48,0.0054,0.0342,0,collision
539,149,-130.35,6.38,411.42,0.0063,0.0111,0,collision
540,71,-145.44,11.88,244.22,0.0132,0.0004,0,collision
541,106,-127.29,11.61,242.33,0.0082,0.0106,0,collision
542,146,-210.75,5.30,315.26,0.0029,0.0000,0,collision
543,37,-181.09,3.74,82.05,0.0166,0.0000,0,collision
544,20,-189.17,3.36,46.93,0.0573,0.0000,0,collision
545,4,-199.36,1.13,4.25,0.1064,0.0978,0,collision
546,122,-107.37,10.66,472.79,0.0062,0.0348,0,collision
547,9,-196.43,3.34,32.39,0.2008,0.0000,0,collision
548,2,-200.21,0.46,0.58,0.2537,0.0000,0,collision
549,6,-200.34,0.93,3.38,0.1677,0.0000,0,collision
550,86,-136.54,11.94,332.59,0.0054,0.0178,0,collision
551,5,-201.97,0.34,0.88,0.1036,0.0000,0,collision
552,22,-183.76,6.69,135.57,0.0168,0.0000,0,collision
553,10,-196.98,3.07,25.38,0.0221,0.0000,0,collision
554,90,-140.89,7.20,414.98,0.0059,0.0196,0,collision
555,12,-204.12,0.84,7.70,0.0487,0.0000,0,collision
556,68,-136.54,19.03,25.24,0.0025,0.0221,0,collision
557,2,-200.67,0.00,0.10,0.5550,0.2131,0,collision
558,98,-159.97,7.40,335.63,0.0096,0.0000,0,collision
559,54,-163.12,11.47,230.62,0.0309,0.0179,0,collision
560,216,-68.95,8.49,900.58,0.0066,0.0166,0,collision
561,97,-130.25,8.66,420.31,0.0102,0.0034,0,collision
562,85,-157.09,9.67,175.33,0.0079,0.0107,0,collision
563,4,-198.23,1.45,2.84,0.1131,0.0000,0,collision
564,87,-152.29,7.63,313.26,0.0095,0.0079,0,collision
565,32,-178.37,6.64,116.38,0.0157,0.0672,0,collision
566,222,307.08,10.12,747.51,0.0000,0.0000,1,goal
567,199,-196.63,7.75,179.51,0.0012,0.0039,0,collision
568,157,337.25,14.91,423.87,0.0000,0.0000,1,goal
569,1,-200.00,0.00,0.00,0.0000,0.0000,0,collision
570,56,-169.76,12.43,172.28,0.0121,0.0000,0,collision
571,21,-186.86,9.13,89.38,0.0421,0.0000,0,collision
572,137,-151.38,9.08,482.52,0.0074,0.0214,0,collision
573,140,-114.24,8.24,588.37,0.0056,0.0177,0,collision
574,14,-206.43,0.53,5.03,0.0604,0.0054,0,collision
575,170,-107.58,6.85,669.35,0.0039,0.0000,0,collision
576,79,-164.91,10.61,139.33,0.0128,0.0000,0,collision
577,236,-86.82,9.30,945.00,0.0022,0.0037,0,collision
101,153,-95.42,14.67,667.92,0.0078,0.0040,0,collision
102,60,-149.73,10.96,389.91,0.0132,0.0000,0,collision
103,83,-156.18,4.68,252.53,0.0135,0.0000,0,collision
104,85,-192.28,3.73,194.49,0.0100,0.0118,0,collision
105,90,-120.84,16.03,196.34,0.0049,0.0067,0,collision
106,28,-179.97,14.77,168.43,0.0527,0.0377,0,collision
107,107,-165.69,6.49,247.99,0.0053,0.0000,0,collision
108,62,-172.42,10.38,177.53,0.0142,0.0000,0,collision
109,53,-159.72,12.00,202.06,0.0183,0.0122,0,collision
110,145,-111.52,9.04,465.72,0.0033,0.0000,0,collision
578,41,-188.91,6.53,205.43,0.0064,0.0000,0,collision
579,24,-183.30,5.68,152.15,0.0591,0.0000,0,collision
580,67,-154.76,10.41,244.18,0.0223,0.0000,0,collision
581,80,-133.18,16.25,57.48,0.0149,0.0437,0,collision
582,53,-157.78,12.87,223.46,0.0005,0.0000,0,collision
583,168,303.80,13.46,420.26,0.0000,0.0000,1,goal
584,71,-153.04,8.91,215.73,0.0162,0.0459,0,collision
585,165,297.96,13.55,521.26,0.0000,0.0000,1,goal
586,53,-156.23,10.93,245.46,0.0112,0.0000,0,collision
587,216,-68.58,11.87,788.67,0.0048,0.0033,0,collision
588,96,-155.40,6.90,316.89,0.0095,0.0000,0,collision
589,236,251.92,8.63,612.49,0.0000,0.0007,1,goal
590,6,-203.82,0.27,0.67,0.1650,0.0000,0,collision
591,170,303.26,13.20,586.00,0.0000,0.0161,1,goal
592,102,-133.67,8.30,318.40,0.0020,0.0235,0,collision
593,152,-226.78,4.55,169.58,0.0045,0.0000,0,collision
594,26,-182.25,6.95,135.02,0.0494,0.1026,0,collision
595,72,-196.70,3.35,126.49,0.0180,0.0271,0,collision
596,237,-217.26,5.77,317.27,0.0044,0.0296,0,collision
597,96,-158.09,4.94,345.41,0.0187,0.0076,0,collision
598,61,-150.70,9.56,235.23,0.0231,0.0000,0,collision
599,191,259.98,11.87,439.27,0.0000,0.0065,1,goal
600,162,305.14,16.91,394.46,0.0000,0.0000,1,goal
601,160,-171.91,8.21,409.24,0.0032,0.0000,0,collision
602,112,-141.21,12.52,302.98,0.0052,0.0000,0,collision
603,133,293.49,15.85,358.88,0.0000,0.0000,1,goal
604,57,-178.24,3.13,99.18,0.0183,0.0095,0,collision
605,253,282.94,7.98,857.84,0.0000,0.0000,1,goal
606,40,-176.08,9.46,264.90,0.0282,0.0268,0,collision
607,141,-171.30,8.57,468.55,0.0056,0.0398,0,collision
608,201,-136.43,8.51,746.52,0.0052,0.0098,0,collision
609,228,-74.87,8.70,742.83,0.0010,0.0206,0,collision
610,194,-160.06,6.89,560.20,0.0024,0.0275,0,collision
611,11,-204.40,0.79,7.20,0.0905,0.0000,0,collision
111,157,-97.78,13.41,503.58,0.0042,0.0111,0,collision
112,157,276.31,12.77,533.09,0.0000,0.0000,1,goal
113,49,-161.99,18.16,69.09,0.0064,0.0000,0,collision
114,60,-146.16,19.27,94.60,0.0187,0.0220,0,collision
115,96,296.93,22.97,200.78,0.0000,0.0000,1,goal
116,141,-143.53,9.45,560.60,0.0000,0.0000,0,collision
117,124,-160.61,10.55,314.81,0.0106,0.0000,0,collision
118,132,-129.87,9.58,646.47,0.0058,0.0075,0,collision
119,47,-169.15,7.52,124.92,0.0270,0.0587,0,collision
120,127,279.34,16.62,206.78,0.0000,0.0000,1,goal
612,56,-164.30,12.02,188.97,0.0281,0.0000,0,collision
613,87,-177.38,7.71,338.18,0.0097,0.0000,0,collision
614,131,-150.71,10.07,338.67,0.0024,0.0000,0,collision
615,113,-112.82,12.09,327.70,0.0046,0.0183,0,collision
616,15,-194.50,2.85,45.49,0.0678,0.0000,0,collision
617,2,-199.26,1.04,2.51,0.0503,0.0000,0,collision
618,73,-134.79,17.74,178.10,0.0127,0.0144,0,collision
619,52,-162.39,9.94,298.00,0.0194,0.0452,0,collision
620,41,-171.82,6.80,180.53,0.0147,0.0000,0,collision
621,14,-193.85,4.15,58.81,0.0654,0.1271,0,collision
622,51,-160.58,13.01,50.99,0.0139,0.0000,0,collision
623,62,-147.28,15.77,172.59,0.0083,0.0000,0,collision
624,132,319.69,20.90,241.67,0.0000,0.0000,1,goal
625,77,-181.88,9.04,82.04,0.0058,0.0000,0,collision
626,15,-189.35,4.19,28.24,0.0925,0.0000,0,collision
627,145,-103.01,15.27,244.09,0.0084,0.0313,0,collision
628,123,-107.48,13.57,326.78,0.0040,0.0067,0,collision
629,177,-127.20,9.84,558.45,0.0049,0.0060,0,collision
630,92,-144.34,14.05,395.26,0.0181,0.0060,0,collision
631,77,-151.30,12.44,206.71,0.0207,0.0020,0,collision
632,28,-182.45,9.20,99.29,0.0346,0.0000,0,collision
633,79,-139.29,9.01,276.38,0.0130,0.0019,0,collision
634,194,-214.73,6.95,229.73,0.0061,0.0000,0,collision
635,58,-161.90,7.24,285.37,0.0000,0.0568,0,collision
636,159,283.91,10.59,465.59,0.0000,0.0265,1,goal
637,173,-95.28,11.26,689.24,0.0004,0.0083,0,collision
638,99,-172.45,7.11,237.46,0.0065,0.0094,0,collision
639,190,-178.11,7.55,310.92,0.0035,0.0004,0,collision
640,24,-183.92,4.60,73.84,0.0289,0.0000,0,collision
641,283,-92.40,5.63,928.02,0.0013,0.0184,0,collision
642,88,-124.64,16.85,164.84,0.0076,0.0238,0,collision
643,154,322.67,14.85,524.55,0.0000,0.0019,1,goal
644,194,257.94,10.45,757.07,0.0000,0.0062,1,goal
645,57,-151.85,11.51,305.60,0.0177,0.0135,0,collision
646,41,-188.90,6.31,142.80,0.0277,0.2147,0,collision
647,147,-126.19,11.28,407.60,0.0033,0.0159,0,collision
648,3,-202.20,0.00,0.20,0.6667,0.0000,0,collision
649,315,376.19,8.83,727.23,0.0000,0.0202,1,goal
650,14,-196.03,1.74,18.82,0.0742,0.0158,0,collision
651,61,-179.70,8.85,204.14,0.0000,0.0000,0,collision
652,58,-151.35,14.29,123.98,0.0208,0.0387,0,collision
653,65,-209.28,3.84,140.48,0.0147,0.0000,0,collision
654,32,-168.77,18.29,117.54,0.0503,0.0000,0,collision
655,33,-176.44,13.51,147.35,0.0185,0.0374,0,collision
656,56,-183.49,10.35,50.31,0.0242,0.2856,0,collision
121,106,-155.91,11.24,283.01,0.0104,0.0000,0,collision
122,30,-194.57,2.52,58.69,0.0457,0.0000,0,collision
123,75,-155.94,12.67,82.22,0.0088,0.1349,0,collision
124,171,-131.51,8.02,635.89,0.0062,0.0000,0,collision
125,19,-191.81,3.98,62.06,0.1050,0.0000,0,collision
126,80,-163.23,9.14,253.29,0.0081,0.0037,0,collision
127,228,-226.25,5.54,535.62,0.0061,0.0000,0,collision
128,157,-140.40,10.16,509.48,0.0034,0.0125,0,collision
129,6,-197.02,2.31,11.08,0.1599,0.0000,0,collision
130,131,-112.73,8.90,455.90,0.0064,0.0000,0,collision
657,169,-197.97,12.61,298.95,0.0083,0.0030,0,collision
658,118,-147.36,4.54,342.23,0.0100,0.0370,0,collision
659,262,335.94,11.24,513.93,0.0000,0.0010,1,goal
660,200,-165.96,7.56,422.28,0.0031,0.0051,0,collision
661,165,-115.59,9.56,493.72,0.0093,0.0000,0,collision
662,43,-171.16,11.90,159.13,0.0184,0.0231,0,collision
663,239,234.38,9.03,281.63,0.0000,0.0000,1,goal
664,162,-111.71,9.32,432.35,0.0040,0.0109,0,collision
665,149,327.16,15.73,314.59,0.0000,0.0000,1,goal
666,6,-200.19,0.66,1.79,0.1257,0.0000,0,collision
667,284,-58.78,7.89,979.86,0.0024,0.0188,0,collision
668,74,-157.02,7.93,237.74,0.0157,0.0000,0,collision
669,272,190.23,7.68,454.91,0.0000,0.0000,1,goal
670,238,237.11,8.79,413.23,0.0000,0.0057,1,goal
671,79,-144.91,5.59,246.34,0.0089,0.0000,0,collision
672,83,287.83,25.52,183.01,0.0000,0.0030,1,goal
673,264,333.46,9.06,868.38,0.0000,0.0032,1,goal
674,183,-194.28,3.59,255.01,0.0048,0.0000,0,collision
675,241,-128.26,7.47,486.85,0.0043,0.0112,0,collision
676,248,-135.76,6.21,611.35,0.0046,0.0040,0,collision
677,45,-172.08,4.85,135.14,0.0175,0.0000,0,collision
678,152,-240.26,4.56,291.33,0.0061,0.0000,0,collision
679,169,310.90,12.73,297.69,0.0000,0.0032,1,goal
680,96,288.64,21.86,23.82,0.0000,0.0000,1,goal
681,84,-129.15,15.47,-68.82,0.0094,0.0314,0,collision
682,3,-198.63,1.30,2.18,0.1151,0.0000,0,collision
131,65,-166.28,10.15,120.83,0.0145,0.0000,0,collision
132,91,-169.74,9.73,256.16,0.0050,0.0000,0,collision
133,33,-198.25,2.36,55.31,0.0122,0.0000,0,collision
134,51,-161.88,12.44,136.29,0.0264,0.0159,0,collision
135,2,-199.37,0.87,1.80,0.4845,0.0000,0,collision
136,3,-200.58,0.52,1.59,0.4440,0.0000,0,collision
137,158,-139.81,5.85,527.79,0.0055,0.0000,0,collision
138,185,-171.01,3.84,401.59,0.0068,0.0000,0,collision
139,29,-178.65,8.57,149.87,0.0401,0.0000,0,collision
140,107,-107.53,17.31,128.67,0.0076,0.0308,0,collision
683,204,-169.42,12.52,229.53,0.0053,0.0000,0,collision
684,222,-152.39,7.14,528.47,0.0055,0.0030,0,collision
685,151,-144.32,3.77,355.37,0.0029,0.0000,0,collision
686,44,-212.76,1.21,40.43,0.0224,0.0385,0,collision
687,30,-194.15,2.48,46.91,0.0264,0.0842,0,collision
688,208,-90.83,7.24,665.71,0.0021,0.0145,0,collision
689,230,306.02,9.36,651.71,0.0000,0.0023,1,goal
690,220,-102.27,6.96,619.84,0.0035,0.0000,0,collision
691,4,-202.55,0.00,0.30,0.1231,0.0000,0,collision
692,10,-198.96,1.55,12.34,0.1000,0.0000,0,collision
693,83,-184.94,8.34,263.90,0.0146,0.0000,0,collision
694,156,-127.11,8.32,579.67,0.0068,0.0059,0,collision
695,162,301.31,13.26,355.57,0.0000,0.0000,1,goal
696,212,-126.54,7.12,323.82,0.0081,0.0032,0,collision
697,126,-241.85,2.84,259.37,0.0069,0.0271,0,collision
698,206,-83.94,6.85,640.60,0.0027,0.0048,0,collision
699,57,-202.03,5.00,243.72,0.0221,0.0000,0,collision
700,82,-187.03,2.98,174.40,0.0165,0.0328,0,collision
701,235,313.61,9.52,668.39,0.0000,0.0054,1,goal
702,193,-155.18,7.16,473.56,0.0067,0.0435,0,collision
703,2,-200.26,0.41,0.48,0.0512,0.0000,0,collision
704,198,-84.46,11.27,225.00,0.0007,0.0000,0,collision
705,100,-186.17,4.89,230.36,0.0058,0.0000,0,collision
706,193,-138.29,7.26,272.18,0.0066,0.0022,0,collision
707,157,-98.41,12.65,313.78,0.0013,0.0157,0,collision
708,134,-113.98,13.62,456.20,0.0010,0.0092,0,collision
709,85,-159.99,5.19,305.17,0.0131,0.0010,0,collision
710,79,-146.75,8.29,343.10,0.0015,0.0228,0,collision
711,238,306.10,8.55,604.89,0.0000,0.0000,1,goal
712,97,-190.86,6.08,211.98,0.0107,0.0446,0,collision
141,34,-178.58,4.54,116.07,0.0373,0.0220,0,collision
142,189,348.94,12.29,480.80,0.0000,0.0000,1,goal
143,26,-187.56,5.51,100.44,0.0231,0.0000,0,collision
144,178,-92.25,10.37,796.98,0.0077,0.0035,0,collision
145,38,-179.66,8.85,195.11,0.0300,0.1400,0,collision
146,123,-137.18,6.00,331.95,0.0094,0.0000,0,collision
147,188,-99.91,7.42,622.02,0.0021,0.0000,0,collision
148,89,-166.78,7.41,260.56,0.0101,0.0000,0,collision
149,71,-154.02,12.51,258.25,0.0136,0.0761,0,collision
150,176,-111.15,11.78,495.90,0.0047,0.0000,0,collision
713,161,-135.51,20.55,235.41,0.0060,0.0099,0,collision
714,100,-148.33,9.61,360.75,0.0079,0.0828,0,collision
715,67,-155.47,10.47,206.00,0.0060,0.0000,0,collision
716,180,-101.74,7.17,659.71,0.0085,0.0121,0,collision
717,93,-175.92,5.98,298.66,0.0090,0.0248,0,collision
718,105,-151.83,7.31,273.49,0.0120,0.0000,0,collision
719,138,282.47,14.68,215.58,0.0000,0.0000,1,goal
720,231,318.68,9.32,536.25,0.0000,0.0032,1,goal
721,116,-118.12,13.22,225.34,0.0081,0.0084,0,collision
722,52,-156.07,13.10,204.88,0.0169,0.0000,0,collision
723,129,-155.56,10.95,406.87,0.0038,0.0000,0,collision
724,97,-115.45,14.41,264.27,0.0145,0.0094,0,collision
725,241,293.56,8.79,551.73,0.0000,0.0264,1,goal
726,155,-200.41,3.41,350.19,0.0015,0.0131,0,collision
727,53,-156.99,16.72,167.37,0.0120,0.0370,0,collision
728,8,-195.83,2.98,16.42,0.0762,0.0000,0,collision
729,76,-141.32,11.19,188.18,0.0187,0.0000,0,collision
730,73,-198.31,3.76,249.53,0.0046,0.0614,0,collision
731,110,-160.08,7.98,388.26,0.0112,0.0500,0,collision
732,49,-157.15,14.35,110.82,0.0275,0.0000,0,collision
733,142,331.02,16.43,245.85,0.0000,0.0000,1,goal
734,96,-141.75,9.45,447.81,0.0063,0.0587,0,collision
735,109,-148.40,12.61,178.66,0.0065,0.0092,0,collision
736,123,-142.00,5.27,438.06,0.0028,0.0015,0,collision
737,119,-109.64,11.51,351.29,0.0096,0.0000,0,collision
738,265,-80.58,6.82,836.72,0.0022,0.0011,0,collision
739,99,-206.89,7.00,231.67,0.0017,0.0854,0,collision
740,92,-174.07,7.68,181.41,0.0041,0.0020,0,collision
741,205,-170.66,5.76,545.33,0.0032,0.0795,0,collision
742,5,-202.32,0.20,0.61,0.0780,0.0000,0,collision
743,4,-198.79,1.78,10.09,0.1857,0.0000,0,collision
744,97,-124.79,14.53,251.90,0.0106,0.0000,0,collision
745,84,-158.06,4.45,234.88,0.0157,0.0000,0,collision
746,273,349.77,7.67,1171.12,0.0000,0.0011,1,goal
747,108,-171.31,9.85,167.81,0.0013,0.0013,0,collision
748,14,-193.57,3.20,51.66,0.0863,0.0676,0,collision
749,9,-206.49,0.20,1.61,0.0846,0.0000,0,collision
750,3,-199.93,0.69,1.84,0.2697,0.0797,0,collision
751,64,-199.93,4.03,91.24,0.0098,0.0126,0,collision
151,164,-184.11,7.15,123.86,0.0058,0.0675,0,collision
152,80,-150.08,5.40,249.37,0.0080,0.0000,0,collision
153,116,297.95,18.43,193.50,0.0000,0.0000,1,goal
154,194,330.92,11.94,504.48,0.0000,0.0000,1,goal
155,318,311.70,8.52,785.17,0.0000,0.0112,1,goal
156,64,-159.37,11.03,269.32,0.0023,0.0000,0,collision
157,55,-163.93,10.77,129.70,0.0119,0.0000,0,collision
158,208,332.65,11.54,681.05,0.0000,0.0000,1,goal
159,164,320.33,13.96,357.66,0.0000,0.0000,1,goal
160,148,-94.19,9.03,744.23,0.0094,0.0046,0,collision
752,197,-160.79,4.05,309.58,0.0060,0.0065,0,collision
753,127,-154.27,12.48,102.10,0.0118,0.0227,0,collision
754,236,296.19,9.50,437.05,0.0000,0.0000,1,goal
755,175,300.19,13.14,276.63,0.0000,0.0000,1,goal
756,49,-163.94,8.71,240.03,0.0385,0.0145,0,collision
757,66,-193.30,8.62,103.84,0.0072,0.0000,0,collision
758,121,-102.55,12.61,320.35,0.0031,0.0249,0,collision
759,149,322.99,15.43,388.32,0.0000,0.0043,1,goal
760,144,293.72,15.03,337.24,0.0000,0.0000,1,goal
761,80,-151.41,5.32,294.52,0.0031,0.0138,0,collision
762,249,-68.64,8.27,472.11,0.0015,0.0045,0,collision
763,75,-182.64,2.55,109.13,0.0133,0.0188,0,collision
764,2,-200.60,0.00,0.10,0.5065,0.0000,0,collision
765,163,-76.12,10.65,736.44,0.0056,0.0018,0,collision
766,232,-21.84,9.16,935.52,0.0041,0.0000,0,collision
767,46,-172.72,7.64,101.13,0.0138,0.0553,0,collision
768,159,-95.62,8.03,512.15,0.0100,0.0000,0,collision
769,23,-191.78,5.19,110.50,0.0351,0.0528,0,collision
770,134,-108.57,10.87,581.85,0.0062,0.0000,0,collision
771,207,-131.23,6.98,299.63,0.0077,0.0268,0,collision
772,262,325.74,10.14,715.00,0.0000,0.0037,1,goal
773,192,-149.60,7.36,478.74,0.0027,0.0000,0,collision
774,113,-198.18,6.12,140.47,0.0041,0.0000,0,collision
775,87,-193.10,6.71,183.32,0.0172,0.0000,0,collision
776,70,-158.88,8.01,176.75,0.0073,0.0375,0,collision
777,118,-124.41,11.19,458.74,0.0109,0.0186,0,collision
778,12,-200.98,2.17,32.38,0.0154,0.0620,0,collision
779,164,322.96,12.63,797.19,0.0000,0.0011,1,goal
780,148,326.77,15.87,246.27,0.0000,0.0000,1,goal
781,120,-106.40,10.15,412.09,0.0034,0.0000,0,collision
782,113,-125.34,9.25,476.38,0.0061,0.0000,0,collision
161,213,-122.44,6.47,749.38,0.0023,0.0000,0,collision
162,82,-185.05,7.98,242.73,0.0087,0.0000,0,collision
163,6,-200.23,0.99,9.63,0.0000,0.0000,0,collision
164,185,-130.17,7.80,356.79,0.0038,0.0000,0,collision
165,114,-187.71,8.06,199.18,0.0114,0.0000,0,collision
166,193,-147.61,5.39,576.01,0.0028,0.0176,0,collision
167,39,-172.86,15.34,178.04,0.0325,0.0000,0,collision
168,13,-192.70,3.88,74.63,0.0805,0.0358,0,collision
169,20,-187.01,5.67,91.94,0.0516,0.0000,0,collision
170,37,-176.64,6.23,145.87,0.0206,0.0000,0,collision
783,123,-166.83,7.76,387.58,0.0073,0.0000,0,collision
784,292,382.44,9.06,910.15,0.0000,0.0029,1,goal
785,193,299.54,10.87,493.12,0.0000,0.0000,1,goal
786,83,-137.25,8.30,472.71,0.0110,0.0483,0,collision
787,7,-196.78,2.48,10.90,0.0381,0.0000,0,collision
788,53,-185.27,3.64,154.13,0.0204,0.0000,0,collision
789,160,-109.78,9.54,689.73,0.0055,0.0000,0,collision
790,110,-139.54,10.60,455.52,0.0087,0.0000,0,collision
791,137,-97.54,9.98,466.02,0.0128,0.0077,0,collision
792,134,-132.87,10.53,224.15,0.0094,0.0110,0,collision
793,196,-156.13,7.02,755.36,0.0065,0.0000,0,collision
794,305,386.12,6.63,1388.53,0.0000,0.0146,1,goal
795,280,362.67,7.50,942.32,0.0000,0.0000,1,goal
796,239,-82.40,9.09,925.92,0.0009,0.0124,0,collision
797,188,267.97,11.12,462.52,0.0000,0.0092,1,goal
798,150,324.36,13.67,382.02,0.0000,0.0000,1,goal
799,172,-92.72,10.29,602.89,0.0033,0.0151,0,collision
800,19,-191.25,2.73,28.28,0.0501,0.0000,0,collision
801,42,-167.34,16.89,101.89,0.0231,0.0000,0,collision
802,113,-177.60,6.02,354.20,0.0078,0.0130,0,collision
803,133,-95.44,11.44,410.28,0.0028,0.0104,0,collision
804,47,-196.59,3.73,117.33,0.0061,0.0379,0,collision
805,195,293.13,10.55,646.38,0.0000,0.0000,1,goal
806,127,-133.63,13.43,402.67,0.0021,0.0304,0,collision
807,156,281.71,10.69,420.08,0.0000,0.0033,1,goal
808,216,361.25,10.86,844.21,0.0000,0.0057,1,goal
809,160,-127.50,6.76,334.46,0.0067,0.0747,0,collision
171,31,-180.26,7.75,155.11,0.0228,0.0000,0,collision
172,225,340.54,9.28,748.50,0.0000,0.0181,1,goal
173,212,329.94,10.24,805.76,0.0000,0.0347,1,goal
174,89,-175.89,7.36,164.94,0.0188,0.0000,0,collision
175,203,-105.37,5.68,636.85,0.0028,0.0000,0,collision
176,82,-167.34,8.45,282.55,0.0092,0.0051,0,collision
177,137,309.88,14.88,355.81,0.0000,0.0166,1,goal
178,189,-115.83,6.97,576.60,0.0039,0.0000,0,collision
179,53,-154.08,17.18,156.15,0.0010,0.0201,0,collision
180,164,-140.21,8.60,196.53,0.0090,0.0229,0,collision
810,291,-67.63,13.31,1008.54,0.0054,0.0000,0,collision
811,53,-168.19,7.34,205.91,0.0081,0.0743,0,collision
812,194,316.84,11.10,469.76,0.0000,0.0000,1,goal
813,215,339.11,10.51,533.28,0.0000,0.0186,1,goal
814,45,-175.35,6.23,151.99,0.0239,0.0214,0,collision
815,199,334.83,10.88,610.95,0.0000,0.0027,1,goal
816,83,-139.35,6.95,444.89,0.0135,0.0000,0,collision
817,171,-200.85,6.87,287.92,0.0076,0.2155,0,collision
818,122,-115.77,10.77,443.17,0.0081,0.0090,0,collision
819,152,302.12,13.79,681.82,0.0000,0.0000,1,goal
820,236,355.02,9.61,963.80,0.0000,0.0029,1,goal
821,186,-106.89,7.57,697.96,0.0026,0.0895,0,collision
822,161,-149.47,8.58,446.30,0.0034,0.0314,0,collision
823,322,-65.45,7.76,708.37,0.0019,0.0124,0,collision
824,192,-201.60,6.81,425.90,0.0064,0.0162,0,collision
825,34,-181.57,4.97,167.16,0.0264,0.0108,0,collision
826,80,-169.17,10.21,82.77,0.0198,0.0003,0,collision
827,116,-142.01,9.32,365.69,0.0046,0.1176,0,collision
828,93,-120.00,15.30,190.54,0.0002,0.0205,0,collision
829,13,-194.05,3.88,41.12,0.1008,0.0000,0,collision
830,167,-98.95,9.27,616.67,0.0065,0.0545,0,collision
831,107,-186.34,6.76,343.25,0.0015,0.0527,0,collision
832,67,-152.28,9.72,260.55,0.0111,0.0007,0,collision
833,98,-183.82,3.92,285.77,0.0050,0.0006,0,collision
834,123,318.83,18.89,268.70,0.0000,0.0028,1,goal
835,111,-164.66,6.44,269.16,0.0110,0.0103,0,collision
836,230,351.95,9.11,957.02,0.0000,0.0034,1,goal
837,58,-153.87,15.13,170.86,0.0309,0.0000,0,collision
838,113,-176.62,5.25,253.93,0.0064,0.0015,0,collision
839,12,-197.95,1.95,22.54,0.1182,0.0000,0,collision
840,109,-113.89,13.20,186.58,0.0061,0.0218,0,collision
181,137,-123.61,9.88,546.55,0.0067,0.0036,0,collision
182,68,-187.23,3.51,195.18,0.0085,0.0299,0,collision
183,16,-192.42,3.72,43.76,0.0422,0.0000,0,collision
184,146,-124.36,6.73,548.59,0.0056,0.0001,0,collision
185,114,-112.21,14.02,210.76,0.0133,0.0090,0,collision
186,120,289.13,17.48,274.82,0.0000,0.0000,1,goal
187,209,292.67,9.72,790.23,0.0000,0.0197,1,goal
188,132,308.50,16.47,424.10,0.0000,0.0292,1,goal
189,146,-143.07,7.55,529.06,0.0005,0.1630,0,collision
190,125,-118.78,12.32,208.84,0.0047,0.0395,0,collision
841,152,-155.28,11.10,679.48,0.0037,0.0115,0,collision
842,47,-168.76,12.42,178.70,0.0061,0.0000,0,collision
843,179,-150.70,6.01,637.53,0.0000,0.1143,0,collision
844,139,325.07,16.01,219.02,0.0000,0.0082,1,goal
845,101,-138.59,8.75,385.91,0.0073,0.0576,0,collision
846,198,-125.77,10.42,427.01,0.0033,0.0156,0,collision
847,153,-136.76,8.62,544.46,0.0112,0.0027,0,collision
848,70,-145.43,16.14,114.14,0.0119,0.0765,0,collision
849,284,364.01,9.06,910.48,0.0000,0.0094,1,goal
850,100,-160.63,4.55,257.84,0.0043,0.0275,0,collision
851,33,-174.86,7.12,174.82,0.0274,0.0207,0,collision
852,53,-158.71,12.19,217.60,0.0247,0.0215,0,collision
853,92,-150.90,12.02,389.07,0.0060,0.0054,0,collision
854,157,-148.96,8.26,249.15,0.0061,0.0095,0,collision
855,156,303.51,13.27,487.17,0.0000,0.0122,1,goal
856,136,-227.89,4.82,164.64,0.0075,0.0000,0,collision
857,105,-138.03,6.43,386.65,0.0145,0.0423,0,collision
858,161,-113.38,6.87,406.16,0.0036,0.0693,0,collision
859,132,311.35,17.56,213.81,0.0000,0.0000,1,goal
860,162,-98.20,9.06,744.43,0.0037,0.0671,0,collision
861,74,-142.04,9.82,279.17,0.0120,0.0000,0,collision
862,116,315.90,19.60,212.56,0.0000,0.0000,1,goal
863,61,-181.10,3.38,122.83,0.0150,0.0144,0,collision
864,89,-139.95,7.71,389.26,0.0168,0.0000,0,collision
865,122,-107.66,14.70,149.38,0.0070,0.0000,0,collision
866,150,-81.03,9.41,554.39,0.0024,0.0000,0,collision
867,136,307.02,15.22,321.93,0.0000,0.0075,1,goal
868,100,-134.99,13.40,194.84,0.0068,0.0000,0,collision
869,54,-156.19,10.44,123.05,0.0042,0.0000,0,collision
870,104,-147.45,6.59,289.65,0.0005,0.0164,0,collision
871,222,-125.46,9.02,337.79,0.0051,0.0101,0,collision
872,141,307.08,15.28,341.68,0.0000,0.0000,1,goal
873,109,-187.69,6.38,167.16,0.0085,0.0000,0,collision
191,154,328.64,14.60,579.20,0.0000,0.0000,1,goal
192,19,-185.24,8.08,127.06,0.0435,0.0000,0,collision
193,48,-164.68,12.06,184.33,0.0053,0.0479,0,collision
194,170,-144.92,8.15,347.26,0.0040,0.0002,0,collision
195,231,-101.08,8.83,833.75,0.0055,0.0000,0,collision
196,86,-162.18,8.24,154.09,0.0071,0.0000,0,collision
197,228,310.76,10.10,754.90,0.0000,0.0000,1,goal
198,151,312.08,16.24,314.86,0.0000,0.0000,1,goal
199,40,-172.29,9.00,196.95,0.0171,0.0379,0,collision
200,220,-112.24,6.97,707.14,0.0025,0.0099,0,collision
874,262,-238.36,5.27,674.60,0.0010,0.0145,0,collision
875,109,299.19,19.54,400.02,0.0000,0.0000,1,goal
876,135,283.67,16.66,347.07,0.0000,0.0000,1,goal
877,128,315.75,16.41,285.79,0.0000,0.0000,1,goal
878,287,-50.40,7.02,1112.35,0.0013,0.0110,0,collision
879,94,-153.44,9.13,367.77,0.0031,0.0402,0,collision
880,172,294.97,12.93,623.50,0.0000,0.0264,1,goal
881,65,-172.13,10.93,105.31,0.0257,0.0000,0,collision
882,272,324.31,7.98,1014.04,0.0000,0.0000,1,goal
883,286,-240.33,5.34,409.95,0.0048,0.0000,0,collision
884,151,-183.10,7.55,249.58,0.0020,0.0103,0,collision
885,164,298.23,12.48,712.98,0.0000,0.0000,1,goal
886,194,-94.84,9.19,551.39,0.0064,0.0087,0,collision
887,224,240.62,9.68,313.02,0.0000,0.0057,1,goal
888,121,-176.70,5.75,281.68,0.0085,0.0000,0,collision
889,32,-174.61,9.14,161.35,0.0106,0.0000,0,collision
890,294,306.30,6.85,1039.52,0.0000,0.0000,1,goal
891,221,-53.10,11.89,450.29,0.0022,0.0319,0,collision
892,80,-124.57,21.32,101.12,0.0021,0.0241,0,collision
893,234,315.50,9.15,566.99,0.0000,0.0087,1,goal
894,213,346.98,9.94,781.02,0.0000,0.0000,1,goal
895,275,313.48,7.73,742.38,0.0000,0.0042,1,goal
896,104,302.89,20.15,24.42,0.0000,0.0000,1,goal
201,314,370.71,8.71,1010.31,0.0000,0.0245,1,goal
202,168,-98.70,7.67,684.70,0.0035,0.0057,0,collision
203,29,-185.23,5.95,157.01,0.0336,0.1160,0,collision
204,299,341.87,6.78,1019.05,0.0000,0.0564,1,goal
205,238,346.80,8.97,733.13,0.0000,0.0354,1,goal
206,321,318.02,6.18,766.16,0.0000,0.0072,1,goal
207,46,-178.92,8.24,120.03,0.0256,0.0000,0,collision
208,248,365.97,9.11,824.22,0.0000,0.0000,1,goal
209,170,-109.78,7.57,573.11,0.0024,0.0000,0,collision
210,232,345.76,10.02,265.82,0.0000,0.0100,1,goal
897,236,-179.61,8.27,758.59,0.0010,0.0114,0,collision
898,274,332.11,7.33,670.60,0.0000,0.0207,1,goal
899,194,-134.50,4.34,553.71,0.0074,0.0379,0,collision
900,202,356.90,11.04,742.58,0.0000,0.0000,1,goal
901,242,316.59,8.37,619.24,0.0000,0.0000,1,goal
902,317,342.41,7.51,918.66,0.0000,0.0045,1,goal
903,232,-111.05,4.83,697.49,0.0023,0.0050,0,collision
904,41,-164.54,14.49,93.98,0.0293,0.0000,0,collision
905,42,-164.95,14.22,185.98,0.0284,0.0000,0,collision
906,136,-119.80,7.82,501.75,0.0082,0.0063,0,collision
907,135,-197.85,4.94,237.24,0.0087,0.0000,0,collision
908,78,-185.22,7.56,205.41,0.0058,0.0000,0,collision
909,69,-187.96,3.58,199.04,0.0065,0.0155,0,collision
910,88,-156.37,5.07,338.13,0.0156,0.0732,0,collision
911,155,-137.71,7.42,467.20,0.0004,0.0000,0,collision
912,95,-157.58,4.02,298.65,0.0033,0.0123,0,collision
913,90,-172.08,9.94,112.66,0.0091,0.0208,0,collision
914,95,-135.91,9.34,467.42,0.0069,0.0539,0,collision
915,108,-135.19,6.17,352.63,0.0086,0.0000,0,collision
916,195,313.99,11.17,680.10,0.0000,0.0000,1,goal
917,211,-106.16,7.22,854.82,0.0003,0.0272,0,collision
918,261,-43.36,7.49,1090.87,0.0022,0.0054,0,collision
919,256,312.87,8.52,728.85,0.0000,0.0000,1,goal
920,97,-164.63,6.63,111.54,0.0054,0.0811,0,collision
921,56,-152.39,12.56,103.75,0.0070,0.0000,0,collision
922,85,-141.48,9.68,357.74,0.0056,0.0337,0,collision
211,124,-138.16,9.38,191.28,0.0000,0.0149,0,collision
212,18,-186.28,7.17,165.72,0.0500,0.0000,0,collision
213,114,-100.64,16.07,200.51,0.0024,0.0223,0,collision
214,196,347.22,12.25,742.07,0.0000,0.0157,1,goal
215,326,234.42,6.14,517.57,0.0000,0.0097,1,goal
216,70,-200.91,2.13,82.61,0.0197,0.0525,0,collision
217,193,335.60,11.61,747.28,0.0000,0.0118,1,goal
218,196,-93.52,6.01,704.85,0.0039,0.0000,0,collision
219,189,-137.98,6.42,501.31,0.0026,0.0355,0,collision
220,118,-188.08,4.39,162.37,0.0028,0.0000,0,collision
923,327,-92.29,12.52,963.94,0.0006,0.0063,0,collision
924,112,-162.27,7.63,373.30,0.0064,0.1134,0,collision
925,217,-47.32,10.68,736.24,0.0029,0.0037,0,collision
926,232,-36.98,10.81,475.36,0.0048,0.0145,0,collision
927,238,-80.77,8.12,538.68,0.0009,0.0282,0,collision
928,244,379.08,11.89,679.53,0.0000,0.0150,1,goal
929,9,-195.04,3.26,22.27,0.1285,0.0000,0,collision
930,106,-160.74,3.58,271.22,0.0052,0.0000,0,collision
931,216,-68.69,9.19,718.78,0.0024,0.0105,0,collision
932,293,-20.06,9.76,946.51,0.0041,0.0299,0,collision
933,224,231.34,9.46,222.52,0.0000,0.0000,1,goal
934,141,-92.60,9.12,615.75,0.0021,0.0085,0,collision
935,102,-135.20,10.21,386.68,0.0097,0.0000,0,collision
936,128,-203.10,6.66,3.56,0.0118,0.0029,0,collision
937,189,-135.75,7.48,452.09,0.0027,0.0000,0,collision
938,74,-165.61,7.94,281.07,0.0151,0.0000,0,collision
939,37,-176.27,8.94,163.54,0.0158,0.0064,0,collision
940,180,282.51,11.92,126.20,0.0000,0.0065,1,goal
941,62,-155.20,16.95,167.09,0.0035,0.1859,0,collision
942,232,340.27,9.41,1147.49,0.0000,0.0000,1,goal
943,80,-168.46,8.34,229.77,0.0071,0.0373,0,collision
944,145,-118.57,6.63,592.25,0.0057,0.0566,0,collision
945,151,316.06,13.40,655.88,0.0000,0.0000,1,goal
946,170,328.43,12.42,519.42,0.0000,0.0000,1,goal
947,300,312.36,8.74,789.41,0.0000,0.0203,1,goal
948,20,-195.23,4.02,87.39,0.0337,0.0469,0,collision
221,190,300.21,10.27,799.84,0.0000,0.0016,1,goal
222,212,350.68,10.68,842.98,0.0000,0.0222,1,goal
223,105,-157.97,6.34,335.43,0.0092,0.0000,0,collision
224,33,-206.11,2.99,135.44,0.0106,0.0000,0,collision
225,62,-154.57,11.02,125.54,0.0057,0.0000,0,collision
226,228,337.65,9.13,788.57,0.0000,0.0032,1,goal
227,126,-145.89,12.10,142.79,0.0063,0.2424,0,collision
228,172,341.45,12.98,650.58,0.0000,0.0000,1,goal
229,187,323.65,10.75,661.45,0.0000,0.0004,1,goal
230,209,-180.05,6.87,436.69,0.0017,0.0000,0,collision
949,128,-182.18,8.67,463.30,0.0147,0.0000,0,collision
950,64,-182.56,3.53,119.23,0.0065,0.0348,0,collision
951,24,-184.80,8.15,145.59,0.0225,0.0204,0,collision
952,138,-104.52,9.80,512.95,0.0038,0.0116,0,collision
953,255,371.16,8.17,894.66,0.0000,0.0007,1,goal
954,229,337.69,9.04,946.97,0.0000,0.0000,1,goal
955,49,-159.18,12.96,95.42,0.0041,0.0556,0,collision
956,34,-173.78,10.99,292.36,0.0491,0.0715,0,collision
957,197,334.92,11.59,477.18,0.0000,0.0000,1,goal
958,208,-149.26,7.62,388.99,0.0047,0.0000,0,collision
959,157,308.51,9.40,610.55,0.0000,0.0000,1,goal
960,129,-136.87,8.48,384.64,0.0044,0.0402,0,collision
961,167,-138.94,6.34,333.03,0.0040,0.0291,0,collision
962,154,335.72,15.10,320.44,0.0000,0.0050,1,goal
963,134,-125.19,9.65,481.39,0.0019,0.0000,0,collision
964,24,-184.58,7.27,107.81,0.0380,0.0000,0,collision
965,27,-190.20,4.22,147.43,0.0563,0.0000,0,collision
966,203,-127.87,6.05,484.54,0.0056,0.0010,0,collision
967,324,231.34,6.66,568.79,0.0000,0.0002,1,goal
968,267,363.63,8.93,933.35,0.0000,0.0027,1,goal
969,308,360.55,8.02,995.95,0.0000,0.0145,1,goal
970,72,-171.77,3.94,212.43,0.0193,0.0131,0,collision
971,273,-91.62,5.66,856.12,0.0038,0.0477,0,collision
972,360,430.05,7.64,1135.62,0.0000,0.0000,1,goal
973,188,-172.66,8.41,124.83,0.0036,0.0000,0,collision
231,136,313.43,16.46,336.09,0.0000,0.0000,1,goal
232,177,-120.19,5.29,582.30,0.0095,0.0222,0,collision
233,156,313.12,13.30,494.44,0.0000,0.0022,1,goal
234,191,350.49,12.42,526.34,0.0000,0.0000,1,goal
235,97,284.42,16.68,147.20,0.0000,0.0000,1,goal
236,258,-133.83,6.66,828.69,0.0032,0.1960,0,collision
237,161,-187.50,7.94,345.96,0.0073,0.0062,0,collision
238,124,-153.72,5.37,336.59,0.0133,0.0049,0,collision
239,223,361.24,10.20,672.49,0.0000,0.0164,1,goal
240,100,-164.47,5.23,258.76,0.0016,0.0218,0,collision
974,263,-223.67,8.79,833.41,0.0024,0.0067,0,collision
975,150,275.83,11.41,509.18,0.0000,0.0000,1,goal
976,33,-203.73,2.41,46.83,0.0217,0.3033,0,collision
977,215,345.22,11.12,367.65,0.0000,0.0000,1,goal
978,281,407.19,9.85,992.79,0.0000,0.0000,1,goal
979,210,335.00,9.07,956.46,0.0000,0.0000,1,goal
980,58,-175.73,3.08,127.44,0.0114,0.0493,0,collision
981,75,-185.27,2.39,154.01,0.0097,0.0085,0,collision
982,286,-124.97,6.00,957.92,0.0005,0.0594,0,collision
983,279,363.95,9.38,1052.16,0.0000,0.0024,1,goal
984,236,335.44,9.49,577.22,0.0000,0.0000,1,goal
985,65,-169.58,6.09,345.27,0.0047,0.0000,0,collision
986,147,315.61,15.32,453.29,0.0000,0.0000,1,goal
987,93,-131.77,7.52,473.17,0.0073,0.0000,0,collision
988,148,-84.88,12.37,611.99,0.0055,0.0169,0,collision
989,174,322.03,11.29,536.62,0.0000,0.0045,1,goal
990,156,322.94,13.42,517.70,0.0000,0.0108,1,goal
991,168,328.43,15.94,484.50,0.0000,0.0272,1,goal
992,1,-200.00,0.00,0.00,0.0000,0.0000,0,collision
993,119,-121.45,8.55,459.97,0.0047,0.0077,0,collision
994,316,-32.96,8.43,870.22,0.0005,0.0660,0,collision
995,149,-222.05,5.85,79.61,0.0093,0.0016,0,collision
996,77,-154.03,7.78,291.34,0.0051,0.0000,0,collision
997,242,-51.98,7.26,939.18,0.0000,0.0763,0,collision
241,155,301.86,13.41,644.36,0.0000,0.0000,1,goal
242,153,303.24,14.76,613.79,0.0000,0.0000,1,goal
243,204,-110.68,6.68,624.47,0.0060,0.0104,0,collision
244,260,309.50,9.01,905.59,0.0000,0.0000,1,goal
245,121,-123.31,7.54,435.26,0.0057,0.0009,0,collision
246,137,-235.76,4.07,39.59,0.0113,0.0000,0,collision
247,167,-80.68,11.26,477.31,0.0091,0.0000,0,collision
248,214,-132.36,6.19,405.76,0.0007,0.0611,0,collision
249,97,-235.83,1.84,130.91,0.0159,0.3561,0,collision
250,349,288.55,7.02,773.52,0.0000,0.0222,1,goal
998,383,-209.01,6.70,746.63,0.0021,0.0977,0,collision
999,274,327.15,8.43,522.66,0.0000,0.0000,1,goal
1000,284,-17.36,8.14,1069.56,0.0034,0.0000,0,collision
1001,74,-167.27,4.20,197.19,0.0098,0.0000,0,collision
1002,216,265.18,9.40,348.11,0.0000,0.0000,1,goal
1003,227,299.23,6.30,774.45,0.0000,0.0120,1,goal
1004,48,-173.95,12.50,72.95,0.0110,0.0000,0,collision
1005,187,323.62,11.26,513.15,0.0000,0.0000,1,goal
1006,187,320.10,11.00,756.42,0.0000,0.0000,1,goal
1007,161,313.83,12.97,313.87,0.0000,0.0014,1,goal
1008,267,-158.68,5.17,865.29,0.0031,0.1838,0,collision
1009,374,283.04,6.93,1048.87,0.0000,0.0218,1,goal
1010,153,296.84,14.17,290.24,0.0000,0.0099,1,goal
1011,142,-160.13,5.10,486.91,0.0006,0.0002,0,collision
1012,145,-150.35,4.64,383.33,0.0043,0.0079,0,collision
1013,160,309.53,12.54,550.85,0.0000,0.0137,1,goal
1014,333,-116.53,6.18,972.90,0.0025,0.0144,0,collision
1015,274,358.43,7.96,1004.15,0.0000,0.0203,1,goal
1016,130,-174.13,4.59,275.72,0.0061,0.0014,0,collision
1017,78,-158.22,8.46,59.98,0.0114,0.0000,0,collision
251,273,322.01,8.68,567.29,0.0000,0.0029,1,goal
252,230,320.08,9.42,635.75,0.0000,0.0000,1,goal
253,175,303.19,12.71,509.87,0.0000,0.0000,1,goal
254,328,307.76,6.65,980.41,0.0000,0.0043,1,goal
255,136,-179.62,4.98,343.68,0.0082,0.0000,0,collision
256,237,272.03,9.11,210.15,0.0000,0.0052,1,goal
257,325,-187.16,4.23,798.09,0.0025,0.0410,0,collision
258,241,252.49,9.05,387.76,0.0000,0.0059,1,goal
259,189,296.62,10.50,720.16,0.0000,0.0075,1,goal
260,227,-195.66,7.00,150.00,0.0034,0.0000,0,collision
1018,489,-388.56,4.01,501.90,0.0033,0.0037,0,collision
1019,332,-102.29,6.06,914.06,0.0017,0.0293,0,collision
1020,13,-190.14,7.47,97.05,0.0360,0.0000,0,collision
1021,193,-193.66,7.20,332.95,0.0008,0.0000,0,collision
1022,189,330.15,11.87,740.05,0.0000,0.0000,1,goal
1023,186,323.10,11.19,564.11,0.0000,0.0002,1,goal
1024,185,-137.77,8.23,347.08,0.0082,0.0000,0,collision
1025,265,-325.36,2.20,239.29,0.0023,0.0000,0,collision
1026,393,-249.67,4.55,622.82,0.0033,0.0906,0,collision
1027,241,308.82,8.63,844.21,0.0000,0.0004,1,goal
1028,89,-176.82,2.37,163.29,0.0140,0.0000,0,collision
1029,226,-235.42,3.01,484.91,0.0055,0.0000,0,collision
1030,93,-190.02,7.17,142.76,0.0132,0.0000,0,collision
1031,231,-101.41,6.25,606.06,0.0072,0.0000,0,collision
1032,122,-182.16,5.49,137.39,0.0079,0.0000,0,collision
1033,274,237.69,7.43,644.19,0.0000,0.0029,1,goal
1034,276,-145.00,6.17,723.92,0.0027,0.0447,0,collision
1035,235,-176.21,4.59,607.67,0.0032,0.0095,0,collision
261,486,391.81,5.92,1424.32,0.0000,0.0057,1,goal
262,264,-248.83,2.68,327.17,0.0008,0.0000,0,collision
263,244,330.39,8.70,879.23,0.0000,0.0000,1,goal
264,143,-220.11,4.63,160.44,0.0070,0.0000,0,collision
265,185,-149.15,7.17,706.74,0.0032,0.0120,0,collision
266,59,-178.60,4.76,179.76,0.0140,0.0189,0,collision
267,466,407.95,5.58,1263.98,0.0000,0.0034,1,goal
268,225,-360.69,0.72,203.93,0.0032,0.0025,0,collision
269,381,-211.13,4.83,677.17,0.0025,0.1352,0,collision
270,449,-274.75,3.09,790.45,0.0018,0.0000,0,collision
1036,612,-203.23,6.17,1773.98,0.0005,0.0067,0,collision
1037,248,-353.64,1.03,151.33,0.0025,0.0021,0,collision
1038,63,-173.64,10.82,204.33,0.0068,0.0000,0,collision
1039,406,-208.50,3.74,730.98,0.0017,0.0000,0,collision
1040,222,-213.77,5.21,389.81,0.0029,0.0000,0,collision
1041,112,-183.49,6.14,352.28,0.0112,0.0047,0,collision
1042,138,308.25,16.91,195.36,0.0000,0.0000,1,goal
1043,296,-256.48,4.22,501.05,0.0015,0.0000,0,collision
1044,403,288.98,5.63,830.02,0.0000,0.0194,1,goal
1045,173,328.39,13.52,142.31,0.0000,0.0000,1,goal
1046,339,-18.18,8.04,1266.58,0.0021,0.0072,0,collision
1047,137,-141.61,5.02,427.43,0.0124,0.0000,0,collision
1048,274,-216.89,5.27,463.06,0.0012,0.0000,0,collision
1049,320,262.72,6.52,766.27,0.0000,0.0000,1,goal
1050,576,228.55,4.37,1116.52,0.0000,0.0644,1,goal
271,504,-213.51,2.85,914.69,0.0016,0.0205,0,collision
272,77,-203.20,7.90,158.25,0.0025,0.0000,0,collision
273,308,-108.50,6.59,765.84,0.0005,0.0028,0,collision
274,155,-215.99,3.59,274.01,0.0080,0.0000,0,collision
275,1,-200.00,0.00,0.00,0.0000,0.0000,0,collision
276,337,249.53,6.22,725.07,0.0000,0.0011,1,goal
277,145,-195.72,4.52,287.23,0.0008,0.0765,0,collision
278,420,-143.91,4.79,987.27,0.0020,0.0038,0,collision
279,279,-78.33,5.87,816.49,0.0031,0.0386,0,collision
280,184,-188.84,3.62,461.44,0.0090,0.0051,0,collision
1051,107,-220.81,5.32,291.05,0.0006,0.0000,0,collision
1052,205,-167.76,4.46,477.93,0.0034,0.0014,0,collision
1053,471,-194.84,4.37,857.53,0.0022,0.0184,0,collision
1054,237,-191.86,4.85,456.65,0.0026,0.1317,0,collision
1055,182,-143.00,7.70,319.13,0.0059,0.0000,0,collision
1056,285,-18.45,7.98,1146.23,0.0004,0.0252,0,collision
1057,363,265.78,6.30,634.03,0.0000,0.0322,1,goal
1058,466,161.45,5.16,841.70,0.0000,0.0000,1,goal
1059,157,-219.84,5.18,249.09,0.0081,0.0000,0,collision
1060,173,-221.67,3.92,371.46,0.0069,0.0000,0,collision
1061,266,-154.97,4.99,570.76,0.0047,0.0103,0,collision
1062,450,-162.91,4.47,892.21,0.0017,0.0032,0,collision
1063,172,-209.01,5.29,417.30,0.0006,0.0012,0,collision
1064,375,-261.07,3.77,839.65,0.0028,0.0015,0,collision
281,61,-187.98,2.71,97.38,0.0298,0.0396,0,collision
282,85,-141.50,9.64,238.42,0.0158,0.0000,0,collision
283,295,-227.89,4.79,401.33,0.0038,0.0000,0,collision
284,364,244.09,5.83,956.63,0.0000,0.0049,1,goal
285,346,-235.10,5.21,647.38,0.0012,0.0564,0,collision
286,144,-173.64,4.03,337.01,0.0081,0.0000,0,collision
287,136,-193.49,3.25,266.69,0.0050,0.0000,0,collision
288,366,263.47,5.69,751.01,0.0000,0.0050,1,goal
289,257,317.35,9.04,528.73,0.0000,0.0045,1,goal
290,21,-193.21,2.24,31.32,0.0564,0.0000,0,collision
1065,480,-242.24,6.05,1229.03,0.0010,0.0376,0,collision
1066,173,-192.91,4.19,421.62,0.0016,0.0000,0,collision
1067,213,-201.41,3.54,388.57,0.0060,0.0000,0,collision
1068,317,336.39,6.91,990.25,0.0000,0.0000,1,goal
1069,332,-207.88,4.33,608.23,0.0005,0.0104,0,collision
1070,172,-203.08,4.01,449.86,0.0029,0.0000,0,collision
1071,110,-160.82,6.20,446.72,0.0072,0.0000,0,collision
1072,242,325.01,8.70,572.39,0.0000,0.0000,1,goal
1073,146,-233.47,2.45,222.60,0.0039,0.0112,0,collision
1074,106,-149.88,5.91,357.11,0.0000,0.0169,0,collision
1075,254,-195.13,5.31,551.09,0.0009,0.0882,0,collision
1076,302,350.52,8.53,723.86,0.0000,0.0000,1,goal
1077,246,345.09,8.76,534.15,0.0000,0.0000,1,goal
1078,332,322.14,6.37,1224.26,0.0000,0.0004,1,goal
1079,89,-174.05,7.52,211.93,0.0074,0.0203,0,collision
1080,138,-264.33,1.66,147.56,0.0069,0.0000,0,collision
1081,95,-225.51,1.13,86.40,0.0139,0.0235,0,collision
1082,115,-233.89,1.08,95.11,0.0100,0.0311,0,collision
1083,212,319.41,10.00,732.49,0.0000,0.0000,1,goal
291,557,-200.93,4.39,1424.79,0.0003,0.1239,0,collision
292,417,-51.39,6.62,857.22,0.0019,0.0421,0,collision
293,2,-199.64,0.55,0.78,0.1050,0.0000,0,collision
294,317,-133.76,4.23,727.17,0.0026,0.0343,0,collision
295,116,-166.71,5.68,298.48,0.0076,0.0000,0,collision
296,143,-178.29,5.03,205.69,0.0035,0.0000,0,collision
297,176,-210.90,6.56,167.49,0.0038,0.0000,0,collision
298,262,-207.12,3.27,551.89,0.0058,0.0077,0,collision
299,62,-206.75,1.08,40.93,0.0261,0.0000,0,collision
300,66,-160.01,11.44,322.47,0.0107,0.0000,0,collision
1084,462,-267.78,3.86,914.46,0.0022,0.0083,0,collision
1085,151,-126.06,10.43,145.34,0.0092,0.0065,0,collision
1086,154,318.77,11.69,529.67,0.0000,0.0153,1,goal
1087,163,287.47,13.88,366.73,0.0000,0.0043,1,goal
1088,207,344.81,11.57,562.76,0.0000,0.0037,1,goal
1089,320,364.10,6.81,1074.45,0.0000,0.0000,1,goal
1090,334,-87.13,5.28,762.72,0.0041,0.0000,0,collision
1091,306,-190.76,4.46,541.08,0.0032,0.0234,0,collision
1092,183,321.43,11.72,674.44,0.0000,0.0146,1,goal
1093,387,291.21,5.28,1263.92,0.0000,0.0302,1,goal
1094,332,373.02,6.55,944.33,0.0000,0.0000,1,goal
1095,69,-193.76,10.15,213.30,0.0145,0.1091,0,collision
1096,261,358.55,11.11,615.35,0.0000,0.0161,1,goal
1097,285,-89.85,5.35,800.94,0.0047,0.0000,0,collision
1098,219,294.05,11.91,367.66,0.0000,0.0075,1,goal
1099,355,262.37,7.30,863.65,0.0000,0.0000,1,goal
1100,24,-179.46,11.80,71.43,0.0190,0.0000,0,collision
301,326,-184.45,4.15,560.93,0.0003,0.0115,0,collision
302,131,-165.87,3.28,246.84,0.0034,0.0555,0,collision
303,314,-160.52,4.01,435.97,0.0021,0.0112,0,collision
304,481,282.55,4.05,1141.87,0.0000,0.0054,1,goal
305,363,377.45,6.42,1272.02,0.0000,0.0093,1,goal
306,204,-79.97,6.87,660.85,0.0018,0.0003,0,collision
307,224,324.74,10.50,586.13,0.0000,0.0000,1,goal
308,4,-199.67,1.56,10.04,0.0000,0.0000,0,collision
309,261,357.73,8.85,668.43,0.0000,0.0000,1,goal
310,427,293.59,5.91,983.51,0.0000,0.0057,1,goal
1101,160,-134.82,8.12,465.05,0.0055,0.0000,0,collision
1102,139,-136.60,4.87,439.57,0.0095,0.0425,0,collision
1103,157,-222.53,4.43,166.67,0.0042,0.0000,0,collision
1104,132,-176.61,5.19,275.47,0.0100,0.0000,0,collision
1105,142,-106.14,9.78,380.66,0.0044,0.0115,0,collision
1106,253,347.32,8.30,741.97,0.0000,0.0023,1,goal
1107,160,319.98,13.23,337.94,0.0000,0.0000,1,goal
1108,158,-134.79,9.86,351.23,0.0023,0.0547,0,collision
1109,573,-111.58,4.60,1274.87,0.0012,0.0530,0,collision
1110,332,-220.13,4.87,402.84,0.0053,0.0749,0,collision
1111,191,324.75,11.23,464.69,0.0000,0.0000,1,goal
1112,274,307.87,9.83,504.37,0.0000,0.0128,1,goal
1113,99,-138.04,5.98,347.49,0.0130,0.0495,0,collision
1114,258,312.17,8.04,779.89,0.0000,0.0121,1,goal
1115,275,366.34,10.05,876.18,0.0000,0.0031,1,goal
1116,264,-148.59,5.48,606.72,0.0049,0.0054,0,collision
1117,244,-108.64,7.24,933.28,0.0055,0.0104,0,collision
1118,245,-143.88,4.63,430.93,0.0035,0.0261,0,collision
311,183,275.29,11.27,307.85,0.0000,0.0584,1,goal
312,347,-17.51,7.27,1069.35,0.0008,0.0246,0,collision
313,220,335.54,10.51,802.85,0.0000,0.0000,1,goal
314,10,-206.52,0.38,1.11,0.0000,0.0000,0,collision
315,230,312.10,8.94,845.11,0.0000,0.0152,1,goal
316,150,336.61,15.61,361.50,0.0000,0.0000,1,goal
317,149,313.34,14.78,369.77,0.0000,0.0000,1,goal
318,2,-199.26,1.04,2.51,0.0799,0.0000,0,collision
319,356,316.24,6.72,810.58,0.0000,0.0125,1,goal
320,130,312.35,17.54,438.01,0.0000,0.0000,1,goal
1119,306,-142.20,7.54,1019.37,0.0037,0.0000,0,collision
1120,297,398.91,9.07,1095.43,0.0000,0.0045,1,goal
1121,110,-191.84,5.36,114.57,0.0025,0.0086,0,collision
1122,165,322.16,13.35,605.13,0.0000,0.0000,1,goal
1123,202,326.14,10.49,438.99,0.0000,0.0000,1,goal
1124,177,310.15,13.78,586.12,0.0000,0.0320,1,goal
1125,326,-40.80,7.03,950.48,0.0008,0.0894,0,collision
1126,256,365.12,8.82,849.35,0.0000,0.0000,1,goal
1127,248,316.94,8.44,535.84,0.0000,0.0000,1,goal
1128,64,-151.84,10.68,170.64,0.0035,0.0000,0,collision
1129,173,329.46,11.86,582.60,0.0000,0.0012,1,goal
1130,269,289.58,7.82,719.45,0.0000,0.0000,1,goal
1131,138,296.40,15.20,262.02,0.0000,0.0000,1,goal
1132,298,-111.29,6.41,580.79,0.0012,0.0104,0,collision
1133,200,317.45,10.68,437.64,0.0000,0.0000,1,goal
1134,245,-27.52,9.17,918.21,0.0039,0.0099,0,collision
1135,258,313.31,8.69,442.61,0.0000,0.0000,1,goal
1136,89,-138.82,16.23,114.25,0.0071,0.0000,0,collision
1137,345,-117.83,7.68,467.94,0.0004,0.1671,0,collision
321,257,276.40,9.60,397.02,0.0000,0.0359,1,goal
322,217,329.15,12.35,525.78,0.0000,0.0000,1,goal
323,7,-195.47,4.40,50.07,0.0329,0.0000,0,collision
324,150,312.31,13.37,581.65,0.0000,0.0000,1,goal
325,2,-200.33,0.32,0.33,0.3275,0.0000,0,collision
326,289,355.77,7.23,835.60,0.0000,0.0090,1,goal
327,166,-137.02,8.82,327.10,0.0059,0.0319,0,collision
328,202,306.91,10.30,569.87,0.0000,0.0000,1,goal
329,299,-62.39,6.02,936.54,0.0020,0.0148,0,collision
330,102,-172.85,5.96,198.05,0.0024,0.0040,0,collision
1138,351,-243.79,6.52,862.97,0.0000,0.0180,0,collision
1139,207,334.39,10.54,559.60,0.0000,0.0000,1,goal
1140,134,-123.15,10.27,518.54,0.0053,0.0053,0,collision
1141,246,-123.37,5.33,496.81,0.0046,0.0087,0,collision
1142,236,324.83,10.29,691.92,0.0000,0.0000,1,goal
1143,259,-177.10,5.01,461.94,0.0036,0.0000,0,collision
1144,214,331.38,9.70,680.97,0.0000,0.0000,1,goal
1145,196,-137.62,10.93,399.00,0.0084,0.0971,0,collision
1146,55,-163.21,13.49,153.38,0.0055,0.0000,0,collision
1147,234,360.11,11.63,790.39,0.0000,0.0572,1,goal
1148,273,322.73,7.61,909.41,0.0000,0.1120,1,goal
1149,250,352.12,8.53,1006.77,0.0000,0.0034,1,goal
1150,210,369.80,10.41,889.82,0.0000,0.0000,1,goal
1151,378,-82.21,6.07,964.49,0.0000,0.1063,0,collision
1152,145,314.33,14.59,415.33,0.0000,0.0055,1,goal
1153,13,-191.10,3.53,43.06,0.0002,0.0000,0,collision
1154,31,-177.12,10.59,151.28,0.0178,0.0625,0,collision
1155,238,-73.05,8.46,726.36,0.0038,0.1164,0,collision
1156,185,357.04,12.48,670.95,0.0000,0.0000,1,goal
1157,15,-191.85,7.85,128.80,0.0388,0.0000,0,collision
1158,128,-93.95,12.69,226.81,0.0012,0.0000,0,collision
1159,93,-169.69,11.36,212.09,0.0012,0.0810,0,collision
1160,48,-193.97,5.10,171.86,0.0292,0.2221,0,collision
331,305,372.81,7.32,1041.40,0.0000,0.0064,1,goal
332,206,337.24,11.11,637.93,0.0000,0.0000,1,goal
333,39,-165.97,15.03,122.51,0.0184,0.0000,0,collision
334,3,-200.44,0.69,2.61,0.1847,0.0000,0,collision
335,245,337.34,8.82,905.24,0.0000,0.0012,1,goal
336,111,-114.55,9.03,534.22,0.0156,0.0212,0,collision
337,379,386.18,6.88,1130.38,0.0000,0.0018,1,goal
338,172,328.56,11.99,341.51,0.0000,0.0000,1,goal
339,2,-199.44,0.79,1.48,0.0608,0.0000,0,collision
340,112,-152.89,6.02,379.32,0.0061,0.0021,0,collision
1161,282,-229.61,5.95,820.88,0.0033,0.0299,0,collision
1162,314,-163.75,6.29,787.12,0.0037,0.2125,0,collision
1163,185,-138.75,5.29,614.37,0.0040,0.0283,0,collision
1164,323,347.48,5.82,1096.06,0.0000,0.0427,1,goal
1165,316,332.22,8.87,928.46,0.0000,0.0059,1,goal
1166,88,-143.02,8.25,429.78,0.0089,0.0000,0,collision
1167,246,-88.30,5.34,702.71,0.0048,0.0327,0,collision
1168,79,-139.44,9.65,406.50,0.0212,0.0324,0,collision
1169,104,-146.68,4.12,247.80,0.0080,0.0097,0,collision
1170,219,339.13,10.65,335.43,0.0000,0.0000,1,goal
1171,394,-96.97,4.27,1238.07,0.0025,0.0362,0,collision
1172,344,-66.94,6.01,833.94,0.0022,0.0994,0,collision
1173,199,327.80,10.73,389.69,0.0000,0.0000,1,goal
1174,244,363.99,8.46,1037.80,0.0000,0.0000,1,goal
1175,4,-200.03,0.62,2.03,0.2177,0.0000,0,collision
1176,2,-200.30,0.00,0.10,0.3281,0.0000,0,collision
1177,259,329.04,11.27,870.54,0.0000,0.1326,1,goal
1178,63,-150.95,10.53,227.51,0.0220,0.0000,0,collision
1179,229,371.00,10.08,799.79,0.0000,0.0117,1,goal
1180,3,-198.53,1.81,6.56,0.4898,0.0000,0,collision
341,221,316.50,10.39,721.67,0.0000,0.0000,1,goal
342,197,-142.02,8.08,317.57,0.0040,0.0360,0,collision
343,90,-141.77,7.97,287.11,0.0070,0.0000,0,collision
344,170,319.07,13.37,418.53,0.0000,0.0000,1,goal
345,48,-183.61,6.81,212.93,0.0051,0.0687,0,collision
346,228,-68.28,9.07,539.67,0.0036,0.0000,0,collision
347,190,343.92,12.30,465.18,0.0000,0.0000,1,goal
348,153,318.92,16.90,295.71,0.0000,0.0000,1,goal
349,87,-126.64,15.78,282.29,0.0106,0.0000,0,collision
350,304,-202.88,5.08,355.74,0.0045,0.0518,0,collision
1181,408,-70.66,9.18,1325.79,0.0011,0.0185,0,collision
1182,116,-173.08,3.15,210.97,0.0046,0.0698,0,collision
1183,114,-140.82,5.08,322.61,0.0091,0.0401,0,collision
1184,95,-131.07,8.69,292.26,0.0113,0.0156,0,collision
1185,139,305.33,15.63,298.84,0.0000,0.0000,1,goal
1186,250,-81.76,6.29,1040.10,0.0001,0.0195,0,collision
1187,133,-144.11,5.34,408.39,0.0050,0.0208,0,collision
1188,34,-174.75,7.19,159.05,0.0092,0.0511,0,collision
1189,1,-200.00,0.00,0.00,0.0000,0.0000,0,collision
1190,254,358.87,10.27,671.24,0.0000,0.0077,1,goal
1191,574,245.33,4.04,1376.84,0.0000,0.0477,1,goal
1192,300,349.30,7.34,1014.70,0.0000,0.0000,1,goal
1193,215,298.86,7.00,538.74,0.0000,0.0081,1,goal
1194,147,309.15,14.15,392.48,0.0000,0.0000,1,goal
1195,231,363.11,8.80,703.77,0.0000,0.0000,1,goal
1196,280,300.25,7.39,801.97,0.0000,0.0552,1,goal
1197,212,334.87,10.66,507.13,0.0000,0.0000,1,goal
1198,258,-123.06,5.23,579.83,0.0034,0.0306,0,collision
1199,159,293.26,11.86,301.78,0.0000,0.0000,1,goal
1200,2,-201.10,0.00,0.10,0.4997,0.0000,0,collision
1201,51,-171.27,4.40,150.01,0.0131,0.0205,0,collision
351,143,304.05,14.51,605.16,0.0000,0.0000,1,goal
352,252,314.48,9.33,700.24,0.0000,0.0246,1,goal
353,150,304.93,13.52,465.29,0.0000,0.0000,1,goal
354,86,-146.87,7.96,339.37,0.0143,0.0101,0,collision
355,186,353.28,12.11,691.90,0.0000,0.0000,1,goal
356,6,-202.23,0.52,1.42,0.1451,0.0000,0,collision
357,160,317.07,13.46,620.72,0.0000,0.0000,1,goal
358,36,-183.33,5.35,155.26,0.0139,0.0312,0,collision
359,197,329.41,10.96,546.79,0.0000,0.0063,1,goal
360,210,-118.94,9.65,287.19,0.0059,0.0233,0,collision
1202,501,-106.95,6.31,1279.02,0.0021,0.0126,0,collision
1203,175,308.45,12.01,282.19,0.0000,0.0000,1,goal
1204,259,318.53,8.78,320.45,0.0000,0.0000,1,goal
1205,239,336.04,10.74,747.43,0.0000,0.0048,1,goal
1206,170,315.25,11.90,400.52,0.0000,0.0000,1,goal
1207,155,327.38,12.67,413.59,0.0000,0.0254,1,goal
1208,177,307.73,12.13,532.78,0.0000,0.0000,1,goal
1209,154,304.77,13.46,303.55,0.0000,0.0472,1,goal
1210,237,-73.27,10.14,722.75,0.0000,0.0455,0,collision
1211,229,339.91,9.96,668.89,0.0000,0.0000,1,goal
1212,173,-104.63,11.38,383.93,0.0014,0.0101,0,collision
1213,204,332.94,12.74,933.09,0.0000,0.0407,1,goal
1214,153,316.52,13.81,365.16,0.0000,0.0111,1,goal
1215,42,-174.90,14.57,159.41,0.0028,0.0000,0,collision
1216,202,-59.72,9.95,886.29,0.0020,0.0292,0,collision
1217,158,316.64,15.74,281.84,0.0000,0.0672,1,goal
1218,125,282.93,14.93,478.95,0.0000,0.0480,1,goal
1219,281,-16.13,7.70,1106.77,0.0023,0.0271,0,collision
1220,165,-182.19,7.05,158.74,0.0069,0.1085,0,collision
1221,55,-151.75,12.09,323.67,0.0176,0.0000,0,collision
1222,128,286.61,17.53,107.94,0.0000,0.0000,1,goal
1223,239,-50.81,10.73,790.80,0.0008,0.0482,0,collision
361,214,357.44,9.60,793.63,0.0000,0.0203,1,goal
362,133,315.62,17.02,220.20,0.0000,0.0000,1,goal
363,147,320.29,15.14,546.11,0.0000,0.0000,1,goal
364,50,-155.51,12.53,212.92,0.0220,0.0000,0,collision
365,151,319.20,15.27,562.57,0.0000,0.0007,1,goal
366,93,293.20,22.43,16.69,0.0000,0.0010,1,goal
367,111,-172.34,10.24,55.03,0.0123,0.1365,0,collision
368,108,-159.03,6.43,307.27,0.0018,0.0074,0,collision
369,204,333.72,13.50,742.06,0.0000,0.0097,1,goal
370,3,-200.25,0.84,1.68,0.2575,0.0000,0,collision
1224,344,-119.00,7.91,910.45,0.0015,0.0039,0,collision
1225,109,297.51,19.71,242.64,0.0000,0.0137,1,goal
1226,214,-106.62,6.07,790.76,0.0015,0.0216,0,collision
1227,35,-168.24,18.63,149.76,0.0359,0.0000,0,collision
1228,281,370.71,7.92,790.97,0.0000,0.0150,1,goal
1229,125,-148.25,10.54,104.52,0.0133,0.0253,0,collision
1230,102,-126.27,13.69,296.72,0.0096,0.0513,0,collision
1231,42,-170.13,14.47,283.87,0.0107,0.0000,0,collision
1232,154,324.96,16.46,285.64,0.0000,0.0009,1,goal
1233,70,-163.85,9.67,225.20,0.0164,0.0000,0,collision
1234,130,-116.65,15.01,342.64,0.0045,0.0000,0,collision
1235,253,287.56,7.96,624.93,0.0000,0.0819,1,goal
1236,107,-136.19,14.28,299.64,0.0081,0.0042,0,collision
1237,2,-200.30,0.12,0.14,0.2203,0.0000,0,collision
1238,123,-134.59,12.00,462.75,0.0016,0.0000,0,collision
1239,134,-129.42,11.31,312.09,0.0089,0.1576,0,collision
1240,150,-118.67,10.30,272.53,0.0006,0.1142,0,collision
1241,225,333.53,11.55,763.33,0.0000,0.0352,1,goal
1242,1,-200.00,0.00,0.00,0.0000,0.0000,0,collision
1243,154,316.81,13.47,669.84,0.0000,0.0000,1,goal
1244,60,-154.04,9.82,167.81,0.0185,0.0000,0,collision
1245,51,-159.62,13.29,62.21,0.0143,0.0000,0,collision
1246,110,-189.75,6.07,95.07,0.0107,0.0000,0,collision
1247,150,329.81,15.59,326.09,0.0000,0.0000,1,goal
1248,204,320.03,10.28,634.60,0.0000,0.0119,1,goal
1249,117,300.89,17.92,305.68,0.0000,0.0000,1,goal
1250,69,-143.68,15.60,190.11,0.0131,0.0853,0,collision
1251,168,-72.93,11.93,529.36,0.0054,0.0083,0,collision
1252,97,-131.48,15.33,431.59,0.0018,0.0286,0,collision
1253,79,-183.68,7.10,230.53,0.0184,0.0000,0,collision
1254,50,-164.69,10.73,192.87,0.0184,0.0353,0,collision
1255,239,-21.31,11.21,630.04,0.0036,0.0295,0,collision
1256,104,301.82,21.91,139.24,0.0000,0.0000,1,goal
371,146,-149.58,9.44,409.08,0.0036,0.0137,0,collision
372,80,-170.11,8.85,214.45,0.0083,0.0000,0,collision
373,125,-154.58,10.31,235.25,0.0060,0.0000,0,collision
374,3,-202.96,0.14,0.30,0.1331,0.3886,0,collision
375,169,-114.70,8.83,518.32,0.0062,0.0489,0,collision
376,42,-188.57,5.45,161.20,0.0347,0.1915,0,collision
377,171,337.38,16.07,408.78,0.0000,0.0000,1,goal
378,128,-163.04,7.86,308.31,0.0018,0.1992,0,collision
379,129,-101.29,16.04,180.20,0.0011,0.0080,0,collision
380,147,276.47,14.61,222.53,0.0000,0.0186,1,goal
1257,122,-166.05,9.98,301.63,0.0107,0.0426,0,collision
1258,121,-119.99,11.17,409.88,0.0101,0.0000,0,collision
1259,105,290.80,18.78,141.10,0.0000,0.0000,1,goal
1260,2,-199.26,1.04,2.51,0.0523,0.0000,0,collision
1261,168,314.52,12.82,436.92,0.0000,0.0181,1,goal
1262,84,-158.97,12.53,286.64,0.0085,0.1298,0,collision
1263,158,294.12,13.71,386.91,0.0000,0.0079,1,goal
1264,120,306.85,17.43,305.43,0.0000,0.0000,1,goal
1265,118,311.63,19.50,72.21,0.0000,0.0113,1,goal
1266,86,-134.47,9.63,405.81,0.0030,0.0133,0,collision
1267,204,332.34,11.82,761.78,0.0000,0.0582,1,goal
1268,78,-135.01,13.79,369.59,0.0000,0.0314,0,collision
1269,31,-177.24,16.18,147.87,0.0102,0.0911,0,collision
1270,95,-119.67,12.66,452.32,0.0024,0.0212,0,collision
1271,83,-133.76,15.46,278.90,0.0096,0.0130,0,collision
1272,102,-134.16,9.98,370.10,0.0134,0.1151,0,collision
1273,148,304.44,14.44,367.82,0.0000,0.0791,1,goal
1274,43,-162.76,12.82,190.58,0.0155,0.0000,0,collision
1275,44,-159.85,14.39,159.37,0.0108,0.0000,0,collision
1276,223,-81.95,8.94,605.51,0.0054,0.0362,0,collision
1277,77,-144.04,9.03,252.09,0.0138,0.0144,0,collision
1278,85,-180.81,7.84,76.20,0.0052,0.0000,0,collision
1279,85,-198.33,6.10,185.76,0.0000,0.3032,0,collision
1280,39,-174.06,6.87,200.60,0.0129,0.0075,0,collision
1281,81,-143.61,7.99,381.80,0.0066,0.0102,0,collision
1282,107,-118.16,17.16,262.68,0.0091,0.0653,0,collision
1283,115,-124.58,8.45,263.88,0.0046,0.0292,0,collision
1284,74,-186.39,3.36,160.81,0.0144,0.0920,0,collision
1285,57,-168.83,10.04,261.67,0.0095,0.1950,0,collision
1286,141,-79.95,12.92,507.19,0.0000,0.0125,0,collision
1287,153,-103.00,8.27,610.20,0.0000,0.0593,0,collision
1288,152,297.58,12.82,430.50,0.0000,0.0051,1,goal
1289,196,355.04,14.08,675.96,0.0000,0.0025,1,goal
1290,88,-137.06,6.38,418.48,0.0126,0.0000,0,collision
1291,55,-179.61,9.98,161.41,0.0003,0.0000,0,collision
1292,42,-160.30,16.79,70.95,0.0034,0.0000,0,collision
1293,109,300.24,19.21,169.27,0.0000,0.0042,1,goal
1294,174,317.28,11.79,690.61,0.0000,0.0000,1,goal
1295,149,-93.59,13.37,567.60,0.0026,0.0110,0,collision
381,147,-76.14,13.86,381.00,0.0076,0.0000,0,collision
382,2,-201.39,0.09,0.12,0.5671,0.1979,0,collision
383,184,-100.72,8.68,765.79,0.0076,0.0020,0,collision
384,239,330.69,8.02,672.38,0.0000,0.0112,1,goal
385,161,302.74,14.06,170.82,0.0000,0.0000,1,goal
386,125,315.01,17.89,354.28,0.0000,0.0000,1,goal
387,147,-118.27,8.88,513.04,0.0004,0.0581,0,collision
388,210,344.12,11.00,715.56,0.0000,0.0000,1,goal
389,122,-153.25,5.79,367.37,0.0043,0.1993,0,collision
390,253,-107.56,8.17,517.98,0.0018,0.1508,0,collision
1296,203,-147.82,12.53,635.49,0.0005,0.0088,0,collision
1297,72,-143.98,11.43,272.93,0.0084,0.0711,0,collision
1298,144,-148.00,10.06,353.38,0.0078,0.0000,0,collision
1299,56,-162.03,15.20,200.50,0.0136,0.0000,0,collision
1300,77,-215.13,1.74,100.54,0.0141,0.0100,0,collision
1301,95,-116.48,16.13,190.75,0.0082,0.0000,0,collision
1302,105,307.27,22.19,287.90,0.0000,0.0000,1,goal
1303,351,-38.48,7.80,989.48,0.0028,0.0590,0,collision
1304,63,-174.42,9.31,79.37,0.0287,0.0000,0,collision
1305,215,349.80,10.09,592.71,0.0000,0.0022,1,goal
1306,135,299.39,14.79,705.64,0.0000,0.0000,1,goal
1307,124,304.59,16.41,164.09,0.0000,0.0000,1,goal
1308,102,-145.98,6.58,427.81,0.0055,0.0077,0,collision
1309,236,-73.81,7.13,716.03,0.0026,0.0093,0,collision
1310,182,-147.41,5.44,519.41,0.0012,0.0954,0,collision
1311,93,300.78,25.28,195.98,0.0000,0.0000,1,goal
1312,92,-123.26,14.03,376.97,0.0035,0.0173,0,collision
1313,54,-175.25,5.44,192.85,0.0044,0.0000,0,collision
1314,203,-52.85,13.14,733.02,0.0042,0.0088,0,collision
1315,264,368.93,9.13,992.41,0.0000,0.0253,1,goal
1316,156,-75.63,11.74,702.31,0.0000,0.0277,0,collision
1317,206,332.84,11.51,656.17,0.0000,0.0272,1,goal
1318,117,-109.69,9.08,590.34,0.0083,0.0234,0,collision
1319,80,-145.77,13.64,172.70,0.0055,0.0402,0,collision
1320,199,337.12,11.75,682.80,0.0000,0.0329,1,goal
1321,183,327.17,11.61,531.00,0.0000,0.0597,1,goal
1322,207,-45.77,10.83,588.20,0.0041,0.0308,0,collision
1323,89,-177.87,2.82,152.96,0.0116,0.0032,0,collision
391,203,-122.65,5.08,596.27,0.0025,0.0000,0,collision
392,179,339.36,13.03,649.62,0.0000,0.0000,1,goal
393,124,-124.00,9.67,363.58,0.0045,0.0000,0,collision
394,173,331.80,12.03,486.43,0.0000,0.0133,1,goal
395,25,-184.86,6.32,153.69,0.0449,0.0260,0,collision
396,104,-128.85,8.42,460.58,0.0010,0.0000,0,collision
397,152,296.57,14.18,231.99,0.0000,0.0000,1,goal
398,128,-114.60,10.74,577.06,0.0116,0.0000,0,collision
399,266,-45.00,6.91,859.89,0.0002,0.0163,0,collision
400,48,-183.05,3.39,110.30,0.0133,0.0000,0,collision
1324,147,-192.17,5.25,545.18,0.0067,0.0005,0,collision
1325,168,298.81,11.87,496.07,0.0000,0.0000,1,goal
1326,148,317.39,16.65,170.47,0.0000,0.0000,1,goal
1327,191,329.50,12.30,339.23,0.0000,0.0000,1,goal
1328,91,-141.57,12.90,188.25,0.0080,0.0659,0,collision
1329,6,-202.29,0.69,4.55,0.0193,0.1971,0,collision
1330,144,314.01,14.42,618.55,0.0000,0.0000,1,goal
1331,104,286.15,18.73,200.25,0.0000,0.1122,1,goal
1332,236,-19.40,9.26,866.79,0.0006,0.0249,0,collision
1333,157,-65.71,13.07,617.88,0.0024,0.0145,0,collision
1334,169,307.12,11.76,503.14,0.0000,0.0337,1,goal
1335,250,353.05,9.45,820.34,0.0000,0.0172,1,goal
1336,131,316.54,16.93,302.69,0.0000,0.0000,1,goal
1337,201,336.09,10.38,487.79,0.0000,0.0034,1,goal
1338,231,316.27,9.53,629.96,0.0000,0.0130,1,goal
1339,191,346.51,12.24,500.79,0.0000,0.0076,1,goal
1340,103,-144.43,6.20,357.82,0.0175,0.0555,0,collision
1341,171,313.01,12.21,718.00,0.0000,0.0000,1,goal
1342,107,291.81,18.93,314.61,0.0000,0.0000,1,goal
1343,106,-108.88,13.19,363.83,0.0082,0.0086,0,collision
1344,82,292.89,28.31,84.31,0.0000,0.0000,1,goal
1345,57,-150.60,12.17,227.35,0.0166,0.0000,0,collision
1346,167,-87.53,12.08,296.68,0.0002,0.0101,0,collision
1347,81,-180.34,3.13,206.95,0.0165,0.0120,0,collision
1348,114,-103.45,16.46,40.03,0.0072,0.0199,0,collision
1349,95,-129.04,7.24,484.48,0.0120,0.0000,0,collision
1350,139,298.31,14.59,583.44,0.0000,0.0000,1,goal
1351,172,-85.01,11.72,499.37,0.0024,0.0074,0,collision
1352,159,-118.72,8.30,484.42,0.0097,0.0000,0,collision
401,16,-187.64,10.44,148.57,0.0241,0.0352,0,collision
402,140,-142.72,8.68,454.23,0.0113,0.0000,0,collision
403,84,293.55,27.66,-27.46,0.0000,0.0000,1,goal
404,165,-143.94,5.77,613.03,0.0022,0.0499,0,collision
405,148,307.60,14.24,662.94,0.0000,0.0000,1,goal
406,49,-182.16,5.66,233.87,0.0200,0.0000,0,collision
407,182,341.01,12.72,474.92,0.0000,0.0000,1,goal
408,109,297.84,19.25,405.96,0.0000,0.0000,1,goal
409,284,-21.60,9.45,1077.33,0.0020,0.0074,0,collision
410,163,339.76,15.69,387.35,0.0000,0.0160,1,goal
1353,125,-171.72,17.31,418.49,0.0047,0.0000,0,collision
1354,49,-171.50,9.83,186.86,0.0000,0.0436,0,collision
1355,118,291.93,13.44,345.47,0.0000,0.0055,1,goal
1356,51,-177.70,11.27,55.30,0.0165,0.0609,0,collision
1357,168,-116.58,5.87,582.95,0.0024,0.0855,0,collision
1358,102,305.33,23.04,-42.32,0.0000,0.0000,1,goal
1359,128,302.91,16.40,523.02,0.0000,0.0000,1,goal
1360,205,326.59,11.43,411.81,0.0000,0.0140,1,goal
1361,161,-106.95,8.36,508.03,0.0026,0.0204,0,collision
1362,72,-170.51,12.10,220.38,0.0061,0.0000,0,collision
1363,307,240.85,8.74,337.46,0.0000,0.0000,1,goal
1364,190,346.39,12.58,501.99,0.0000,0.0132,1,goal
1365,261,380.19,10.22,943.30,0.0000,0.0172,1,goal
1366,51,-188.29,5.55,241.92,0.0098,0.0000,0,collision
1367,130,309.40,16.13,189.09,0.0000,0.0021,1,goal
1368,74,-136.04,15.16,223.84,0.0202,0.0000,0,collision
1369,278,358.12,9.98,604.57,0.0000,0.0062,1,goal
1370,199,-79.62,8.94,421.99,0.0025,0.0000,0,collision
1371,159,-73.87,12.82,464.95,0.0078,0.0000,0,collision
1372,20,-185.70,8.45,194.56,0.0000,0.0000,0,collision
1373,376,-71.59,7.21,862.51,0.0016,0.0925,0,collision
1374,152,-134.29,5.63,436.77,0.0017,0.0551,0,collision
1375,147,313.76,15.15,268.80,0.0000,0.0000,1,goal
1376,145,311.88,15.40,459.14,0.0000,0.0000,1,goal
1377,45,-165.70,14.57,0.77,0.0225,0.0000,0,collision
1378,42,-168.28,16.20,43.44,0.0199,0.0000,0,collision
1379,2,-199.80,0.00,0.10,0.3143,0.0000,0,collision
1380,133,-94.63,10.99,381.26,0.0076,0.0000,0,collision
1381,140,317.64,16.66,340.03,0.0000,0.0000,1,goal
411,99,-159.17,6.70,207.86,0.0149,0.0000,0,collision
412,189,-125.67,5.74,462.73,0.0015,0.0212,0,collision
413,26,-178.76,10.84,217.02,0.0115,0.0306,0,collision
414,161,324.27,14.12,344.17,0.0000,0.0000,1,goal
415,116,-149.33,5.88,325.64,0.0121,0.0000,0,collision
416,137,-166.73,10.43,110.48,0.0108,0.0000,0,collision
417,83,-149.91,7.14,346.61,0.0096,0.0774,0,collision
418,135,-129.85,5.18,451.40,0.0048,0.0000,0,collision
419,100,297.10,20.80,190.79,0.0000,0.0000,1,goal
420,188,319.65,11.93,377.88,0.0000,0.0000,1,goal
1382,148,-154.23,9.26,465.04,0.0000,0.0542,0,collision
1383,60,-166.28,11.78,131.30,0.0076,0.0701,0,collision
1384,219,-52.70,8.97,591.50,0.0011,0.0042,0,collision
1385,134,298.43,15.08,500.97,0.0000,0.0000,1,goal
1386,128,-122.76,7.92,246.58,0.0096,0.0687,0,collision
1387,168,-124.01,7.81,393.68,0.0057,0.0123,0,collision
1388,247,338.36,9.34,527.35,0.0000,0.0000,1,goal
1389,268,384.71,8.45,907.38,0.0000,0.0152,1,goal
1390,215,357.20,10.45,1103.16,0.0000,0.0000,1,goal
1391,307,-41.91,6.52,1104.01,0.0009,0.0381,0,collision
1392,43,-161.87,17.17,109.67,0.0043,0.0399,0,collision
1393,153,306.83,12.85,618.82,0.0000,0.0394,1,goal
1394,143,323.25,14.98,408.99,0.0000,0.0000,1,goal
1395,74,-144.71,14.58,204.93,0.0064,0.0481,0,collision
1396,6,-202.05,0.64,2.50,0.1296,0.0000,0,collision
1397,45,-179.79,5.37,180.60,0.0125,0.0378,0,collision
1398,191,321.78,10.90,559.97,0.0000,0.0000,1,goal
1399,89,-152.04,5.25,295.10,0.0096,0.0139,0,collision
1400,196,360.25,10.70,889.77,0.0000,0.0064,1,goal
1401,190,359.90,12.21,837.40,0.0000,0.0000,1,goal
1402,161,314.94,13.61,435.19,0.0000,0.0000,1,goal
1403,239,340.03,9.56,765.20,0.0000,0.0000,1,goal
1404,280,391.60,8.43,1154.85,0.0000,0.0067,1,goal
1405,75,-204.48,3.11,211.84,0.0130,0.0000,0,collision
1406,311,383.94,7.06,1263.96,0.0000,0.0000,1,goal
1407,87,-195.26,8.20,242.74,0.0040,0.0842,0,collision
421,240,-49.71,7.58,865.06,0.0036,0.0267,0,collision
422,59,-153.26,17.22,255.30,0.0082,0.0201,0,collision
423,265,-24.24,7.64,1030.88,0.0008,0.0228,0,collision
424,202,-55.62,9.58,404.45,0.0009,0.0000,0,collision
425,263,358.44,8.97,674.58,0.0000,0.0418,1,goal
426,379,308.84,6.30,1120.24,0.0000,0.0290,1,goal
427,216,339.71,8.96,677.16,0.0000,0.0063,1,goal
428,261,348.96,8.91,662.25,0.0000,0.0105,1,goal
429,23,-208.25,1.05,22.28,0.0018,0.2618,0,collision
430,159,-96.54,8.67,447.38,0.0019,0.0000,0,collision
1408,170,-191.28,12.49,534.31,0.0018,0.0000,0,collision
1409,210,335.72,10.26,722.66,0.0000,0.0180,1,goal
1410,1,-200.00,0.00,0.00,0.0000,0.0000,0,collision
1411,92,-139.85,6.17,445.21,0.0090,0.0952,0,collision
1412,269,371.55,9.41,875.04,0.0000,0.0000,1,goal
1413,161,-99.54,6.94,506.13,0.0013,0.0170,0,collision
1414,98,304.57,24.01,-23.87,0.0000,0.0000,1,goal
1415,171,-118.22,11.22,400.59,0.0032,0.0511,0,collision
1416,124,313.40,18.01,215.80,0.0000,0.0000,1,goal
1417,206,-65.83,10.36,441.96,0.0028,0.0505,0,collision
1418,214,349.14,9.75,699.55,0.0000,0.0000,1,goal
1419,83,-141.05,13.29,156.14,0.0081,0.0660,0,collision
1420,188,334.70,11.37,380.18,0.0000,0.0000,1,goal
1421,74,-181.82,3.52,193.65,0.0062,0.0027,0,collision
1422,151,321.53,13.46,443.56,0.0000,0.0079,1,goal
1423,350,395.45,7.36,1491.56,0.0000,0.0000,1,goal
1424,157,-134.49,5.84,689.90,0.0008,0.0070,0,collision
1425,2,-199.26,1.04,2.51,0.2952,0.0000,0,collision
1426,3,-198.51,1.93,8.76,0.3267,0.0000,0,collision
1427,216,-105.07,5.95,819.73,0.0035,0.0780,0,collision
1428,52,-177.09,3.19,116.78,0.0385,0.0000,0,collision
1429,252,335.95,8.33,672.59,0.0000,0.0000,1,goal
1430,46,-170.88,11.62,95.37,0.0185,0.0000,0,collision
1431,85,-165.60,4.56,313.54,0.0050,0.0109,0,collision
1432,121,304.64,17.03,402.70,0.0000,0.0000,1,goal
1433,1,-200.00,0.00,0.00,0.0000,0.0000,0,collision
1434,115,-110.53,9.97,373.14,0.0010,0.0000,0,collision
1435,164,324.29,13.27,378.89,0.0000,0.0000,1,goal
1436,257,-64.34,7.65,803.85,0.0029,0.0038,0,collision
431,98,-157.66,5.47,286.71,0.0002,0.0788,0,collision
432,200,-104.16,10.06,748.15,0.0042,0.1007,0,collision
433,253,391.74,10.81,599.20,0.0000,0.0011,1,goal
434,226,364.70,9.61,668.49,0.0000,0.0000,1,goal
435,115,-101.08,14.13,308.00,0.0017,0.0087,0,collision
436,174,-81.92,8.84,504.23,0.0017,0.0010,0,collision
437,156,325.26,13.16,508.62,0.0000,0.0000,1,goal
438,96,-183.09,2.43,184.11,0.0050,0.0022,0,collision
439,15,-188.89,5.90,90.76,0.0564,0.0154,0,collision
440,292,323.29,7.10,760.05,0.0000,0.0193,1,goal
1437,423,-233.88,7.41,1186.98,0.0011,0.1223,0,collision
1438,257,-107.29,5.02,573.11,0.0008,0.0505,0,collision
1439,118,-149.65,5.89,497.10,0.0088,0.0289,0,collision
1440,178,-82.26,7.36,786.98,0.0020,0.0000,0,collision
1441,129,-108.60,11.30,487.86,0.0058,0.0000,0,collision
1442,159,-92.28,10.00,522.33,0.0018,0.0294,0,collision
1443,197,-131.13,7.13,498.12,0.0029,0.0106,0,collision
1444,270,358.59,7.49,1012.17,0.0000,0.0000,1,goal
1445,232,344.84,8.93,718.72,0.0000,0.0000,1,goal
1446,62,-172.97,10.61,203.09,0.0032,0.0000,0,collision
1447,215,348.54,9.81,787.93,0.0000,0.0000,1,goal
1448,218,349.11,11.97,321.42,0.0000,0.0090,1,goal
1449,76,-172.80,3.14,159.55,0.0129,0.0101,0,collision
1450,176,-154.21,6.65,406.66,0.0046,0.0649,0,collision
1451,199,325.93,10.05,766.63,0.0000,0.0104,1,goal
1452,2,-201.10,0.00,0.10,0.4444,0.0000,0,collision
1453,255,325.03,8.46,395.60,0.0000,0.0012,1,goal
1454,234,321.55,8.77,892.22,0.0000,0.0000,1,goal
1455,72,-144.58,9.42,260.90,0.0134,0.0000,0,collision
1456,248,366.07,9.11,669.35,0.0000,0.0037,1,goal
1457,122,-140.86,11.20,426.21,0.0091,0.0000,0,collision
1458,300,321.80,7.95,811.02,0.0000,0.0034,1,goal
441,123,294.35,16.89,345.04,0.0000,0.0092,1,goal
442,172,344.18,13.22,375.76,0.0000,0.0080,1,goal
443,225,287.00,9.23,643.96,0.0000,0.0352,1,goal
444,206,-52.98,10.90,500.07,0.0010,0.0184,0,collision
445,238,-38.13,8.65,726.07,0.0042,0.0089,0,collision
446,155,-120.78,13.12,281.16,0.0059,0.0037,0,collision
447,50,-162.56,19.02,119.02,0.0061,0.0659,0,collision
448,113,-140.51,5.73,401.05,0.0045,0.0299,0,collision
449,100,-196.12,5.34,192.44,0.0024,0.1075,0,collision
450,260,350.49,10.06,846.09,0.0000,0.0024,1,goal
1459,29,-178.55,6.86,138.87,0.0208,0.0000,0,collision
1460,80,294.42,30.06,47.43,0.0000,0.0000,1,goal
1461,136,-168.70,8.42,57.77,0.0005,0.0000,0,collision
1462,187,336.71,11.17,730.22,0.0000,0.0036,1,goal
1463,245,315.43,8.83,700.06,0.0000,0.0000,1,goal
1464,161,297.49,12.71,583.65,0.0000,0.0000,1,goal
1465,130,-155.69,5.34,444.00,0.0102,0.0000,0,collision
1466,105,-141.52,6.34,416.07,0.0042,0.0000,0,collision
1467,250,-125.16,5.68,591.58,0.0040,0.0350,0,collision
1468,160,304.76,14.71,118.20,0.0000,0.0006,1,goal
1469,248,357.64,11.08,635.90,0.0000,0.0283,1,goal
1470,52,-182.68,4.59,217.84,0.0117,0.0000,0,collision
1471,195,314.93,10.81,467.17,0.0000,0.0025,1,goal
1472,201,328.31,10.53,621.57,0.0000,0.0000,1,goal
1473,213,330.85,10.30,358.89,0.0000,0.0005,1,goal
1474,2,-199.26,1.04,2.51,0.1651,0.0000,0,collision
1475,79,-166.23,8.60,187.77,0.0047,0.0000,0,collision
1476,96,-111.08,18.31,151.86,0.0109,0.0229,0,collision
1477,251,329.46,9.15,792.40,0.0000,0.0141,1,goal
1478,226,-85.69,8.14,551.75,0.0004,0.0053,0,collision
1479,322,-163.44,5.37,632.31,0.0021,0.1469,0,collision
1480,117,249.34,11.99,223.18,0.0000,0.0000,1,goal
1481,261,323.60,7.96,850.56,0.0000,0.0257,1,goal
1482,101,-166.82,5.89,352.62,0.0133,0.0251,0,collision
1483,236,-81.86,8.63,633.71,0.0036,0.0000,0,collision
451,87,-155.85,7.99,188.13,0.0106,0.0000,0,collision
452,212,308.50,10.14,512.26,0.0000,0.0089,1,goal
453,291,382.72,8.68,1241.28,0.0000,0.0056,1,goal
454,50,-182.03,6.31,134.92,0.0195,0.0211,0,collision
455,167,-134.01,7.92,160.17,0.0009,0.0128,0,collision
456,88,-216.41,2.94,192.66,0.0192,0.2234,0,collision
457,140,307.18,16.03,173.25,0.0000,0.0000,1,goal
458,152,323.24,14.36,528.39,0.0000,0.0000,1,goal
459,149,322.77,14.05,487.88,0.0000,0.0000,1,goal
460,153,314.04,16.67,218.22,0.0000,0.0000,1,goal
1484,118,-203.08,4.43,408.48,0.0120,0.0000,0,collision
1485,21,-182.84,13.97,149.79,0.0777,0.0464,0,collision
1486,134,288.84,15.50,282.61,0.0000,0.0000,1,goal
1487,116,-117.28,11.35,239.95,0.0114,0.0837,0,collision
1488,82,-186.38,3.61,196.29,0.0019,0.0122,0,collision
1489,376,-42.31,6.89,879.30,0.0020,0.0076,0,collision
1490,57,-159.68,15.24,267.78,0.0075,0.0000,0,collision
1491,332,362.99,6.09,899.62,0.0000,0.0144,1,goal
1492,175,283.55,11.59,494.12,0.0000,0.0223,1,goal
1493,163,-131.50,7.69,512.87,0.0028,0.0000,0,collision
1494,331,343.55,8.06,971.45,0.0000,0.0154,1,goal
1495,57,-179.83,8.50,181.60,0.0043,0.0118,0,collision
1496,306,-231.02,5.03,613.87,0.0031,0.0000,0,collision
1497,145,-235.87,4.48,164.78,0.0032,0.0000,0,collision
1498,191,-66.68,7.98,872.17,0.0013,0.0573,0,collision
1499,186,338.63,12.14,531.91,0.0000,0.0000,1,goal
1500,159,308.27,15.07,418.27,0.0000,0.0000,1,goal
1501,124,-221.79,5.27,111.91,0.0138,0.0000,0,collision
1502,205,-90.95,8.77,476.56,0.0023,0.0679,0,collision
1503,90,-182.72,2.73,179.70,0.0044,0.0884,0,collision
1504,201,339.16,11.64,719.05,0.0000,0.0201,1,goal
1505,251,-44.06,8.67,926.47,0.0004,0.0148,0,collision
1506,131,-119.13,10.95,263.24,0.0002,0.0910,0,collision
1507,131,-216.80,5.37,104.15,0.0093,0.0000,0,collision
461,45,-168.25,10.25,137.67,0.0197,0.0285,0,collision
462,135,-116.50,7.35,469.11,0.0074,0.0000,0,collision
463,143,-109.95,6.59,635.25,0.0008,0.0337,0,collision
464,101,-211.62,2.91,182.53,0.0081,0.0000,0,collision
465,150,-93.33,12.33,189.54,0.0071,0.0403,0,collision
466,178,290.15,11.68,490.23,0.0000,0.0000,1,goal
467,230,-48.29,9.31,950.42,0.0013,0.0136,0,collision
468,39,-174.29,11.76,102.43,0.0045,0.0557,0,collision
469,252,351.62,10.29,582.60,0.0000,0.0504,1,goal
470,163,319.02,13.91,463.79,0.0000,0.0000,1,goal
1508,282,-171.29,10.45,1027.36,0.0024,0.0035,0,collision
1509,173,323.37,14.33,466.77,0.0000,0.0128,1,goal
1510,106,309.69,22.67,10.60,0.0000,0.0000,1,goal
1511,217,345.22,12.26,633.75,0.0000,0.0144,1,goal
1512,250,-88.00,6.98,485.71,0.0016,0.0115,0,collision
1513,132,319.55,17.32,192.64,0.0000,0.0051,1,goal
1514,219,335.84,12.02,523.77,0.0000,0.0185,1,goal
1515,94,-180.51,2.58,155.75,0.0025,0.0106,0,collision
1516,34,-181.56,7.86,193.50,0.0414,0.0189,0,collision
1517,158,-141.85,6.94,423.17,0.0009,0.0190,0,collision
1518,193,332.82,11.15,660.88,0.0000,0.0320,1,goal
1519,259,-201.92,4.16,393.17,0.0005,0.0000,0,collision
1520,221,317.80,10.76,712.79,0.0000,0.0399,1,goal
1521,38,-171.65,17.15,210.07,0.0080,0.0000,0,collision
1522,155,-91.39,9.92,582.53,0.0039,0.0259,0,collision
1523,164,-202.76,5.14,246.15,0.0038,0.0020,0,collision
1524,198,-54.43,13.03,493.34,0.0004,0.0096,0,collision
1525,186,313.30,11.87,323.26,0.0000,0.0043,1,goal
1526,141,309.38,15.51,309.21,0.0000,0.0033,1,goal
1527,55,-158.18,12.81,33.50,0.0137,0.0302,0,collision
1528,189,317.64,10.96,666.10,0.0000,0.0049,1,goal
1529,182,339.78,15.20,634.37,0.0000,0.0256,1,goal
1530,177,-266.38,4.21,227.76,0.0044,0.0000,0,collision
1531,195,320.82,10.52,816.23,0.0000,0.0000,1,goal
1532,2,-201.10,0.00,0.10,0.4668,0.0000,0,collision
471,351,-101.35,7.13,879.68,0.0014,0.0081,0,collision
472,143,-242.34,1.08,111.55,0.0092,0.0000,0,collision
473,261,-151.95,4.92,516.52,0.0027,0.0829,0,collision
474,231,-123.26,5.65,623.02,0.0009,0.0000,0,collision
475,261,-195.43,4.79,441.96,0.0014,0.0907,0,collision
476,78,-143.73,14.63,76.02,0.0191,0.0571,0,collision
477,81,-187.66,3.75,241.57,0.0033,0.0000,0,collision
478,274,368.00,9.60,867.19,0.0000,0.0117,1,goal
479,257,-92.21,7.44,406.54,0.0005,0.0151,0,collision
480,304,-70.08,6.84,664.77,0.0016,0.0306,0,collision
1533,261,-150.04,9.86,1062.98,0.0037,0.0000,0,collision
1534,146,310.33,14.34,362.68,0.0000,0.0000,1,goal
1535,195,-149.46,6.52,563.69,0.0044,0.0033,0,collision
1536,497,-172.84,3.45,1049.23,0.0032,0.0161,0,collision
1537,188,330.33,11.26,487.87,0.0000,0.0000,1,goal
1538,254,349.58,10.80,608.72,0.0000,0.0029,1,goal
1539,288,300.22,8.48,834.77,0.0000,0.0035,1,goal
1540,38,-175.87,7.30,258.61,0.0045,0.0000,0,collision
1541,38,-195.35,5.70,161.97,0.0224,0.0041,0,collision
1542,244,362.45,9.80,870.33,0.0000,0.0000,1,goal
1543,168,322.46,12.47,536.69,0.0000,0.0000,1,goal
1544,193,341.68,10.32,760.32,0.0000,0.0105,1,goal
1545,204,331.97,10.65,695.34,0.0000,0.0000,1,goal
1546,231,298.13,9.06,730.47,0.0000,0.0000,1,goal
1547,287,-106.96,5.76,712.23,0.0040,0.0436,0,collision
1548,124,313.29,18.80,117.61,0.0000,0.0000,1,goal
1549,54,-168.57,7.11,188.05,0.0127,0.0169,0,collision
1550,168,-179.26,5.41,322.54,0.0017,0.0090,0,collision
1551,396,264.16,6.10,569.44,0.0000,0.0000,1,goal
1552,2,-201.41,0.00,0.10,0.0996,0.1463,0,collision
481,302,-82.94,6.57,1169.69,0.0015,0.0253,0,collision
482,259,354.32,9.15,1024.91,0.0000,0.0000,1,goal
483,273,363.40,8.23,973.99,0.0000,0.0000,1,goal
484,2,-199.39,0.85,1.73,0.4088,0.0000,0,collision
485,303,271.97,8.51,760.01,0.0000,0.0160,1,goal
486,110,-162.12,6.62,294.47,0.0085,0.0000,0,collision
487,324,354.65,6.83,1058.38,0.0000,0.0000,1,goal
488,198,-69.76,10.33,593.61,0.0003,0.0409,0,collision
489,86,-188.86,6.80,126.95,0.0217,0.0000,0,collision
490,338,-113.02,7.42,675.40,0.0000,0.0102,0,collision
1553,553,-208.88,7.76,1109.27,0.0009,0.0035,0,collision
1554,300,-212.00,4.28,593.39,0.0040,0.1932,0,collision
1555,204,342.28,13.01,489.18,0.0000,0.0429,1,goal
1556,222,355.80,11.05,856.18,0.0000,0.0000,1,goal
1557,96,-142.64,6.91,382.85,0.0089,0.0000,0,collision
1558,206,-31.80,10.83,818.29,0.0027,0.0124,0,collision
1559,1,-200.00,0.00,0.00,0.0000,0.0000,0,collision
1560,195,249.33,8.36,576.93,0.0000,0.0126,1,goal
1561,146,318.14,15.42,546.74,0.0000,0.0000,1,goal
1562,131,322.57,17.75,311.83,0.0000,0.0000,1,goal
1563,113,291.75,15.41,318.13,0.0000,0.0000,1,goal
1564,396,289.90,6.24,849.08,0.0000,0.1418,1,goal
1565,233,338.81,11.77,519.31,0.0000,0.0058,1,goal
1566,202,346.20,11.92,602.31,0.0000,0.0000,1,goal
1567,272,-84.83,7.50,841.18,0.0063,0.0091,0,collision
1568,120,307.04,18.11,442.22,0.0000,0.0000,1,goal
1569,133,299.39,15.86,135.69,0.0000,0.0000,1,goal
1570,155,325.78,14.15,537.34,0.0000,0.0000,1,goal
1571,218,-181.99,6.46,423.52,0.0022,0.0000,0,collision
1572,248,377.80,9.52,841.38,0.0000,0.0000,1,goal
1573,1,-200.00,0.00,0.00,0.0000,0.0000,0,collision
1574,181,305.36,8.97,675.70,0.0000,0.0129,1,goal
491,163,348.48,16.96,361.64,0.0000,0.0257,1,goal
492,121,305.48,19.36,-42.61,0.0000,0.0000,1,goal
493,175,-99.23,10.93,573.66,0.0000,0.0000,0,collision
494,150,-221.68,4.32,338.78,0.0043,0.0000,0,collision
495,129,-217.98,5.27,159.29,0.0138,0.0000,0,collision
496,263,336.31,9.86,582.45,0.0000,0.0098,1,goal
497,230,298.02,6.40,863.22,0.0000,0.0117,1,goal
498,303,359.36,7.01,1332.60,0.0000,0.0425,1,goal
499,101,-161.08,4.31,335.34,0.0088,0.0137,0,collision
500,291,378.39,7.74,1061.87,0.0000,0.0000,1,goal
1575,110,-200.98,7.12,313.71,0.0012,0.0310,0,collision
1576,165,-103.89,8.76,496.91,0.0011,0.0000,0,collision
1577,265,-55.71,7.89,949.11,0.0053,0.0455,0,collision
1578,294,361.18,7.75,877.43,0.0000,0.0051,1,goal
1579,299,327.22,7.23,826.17,0.0000,0.0000,1,goal
1580,116,312.96,20.15,142.49,0.0000,0.0000,1,goal
1581,82,-147.40,7.78,405.68,0.0115,0.0000,0,collision
1582,304,-68.80,6.71,896.69,0.0008,0.0241,0,collision
1583,98,-206.54,2.44,191.89,0.0102,0.0116,0,collision
1584,230,312.82,11.04,579.68,0.0000,0.0000,1,goal
1585,4,-198.88,0.98,1.23,0.1642,0.0000,0,collision
1586,154,325.59,14.53,442.35,0.0000,0.0000,1,goal
1587,261,-142.71,6.87,796.35,0.0004,0.1125,0,collision
1588,209,-56.35,11.47,758.64,0.0014,0.0406,0,collision
1589,68,-159.23,12.99,175.94,0.0041,0.0000,0,collision
1590,195,336.03,11.30,971.04,0.0000,0.0083,1,goal
1591,100,-157.08,13.27,356.47,0.0100,0.0234,0,collision
1592,135,285.93,15.03,558.68,0.0000,0.0000,1,goal
1593,225,343.88,10.03,528.03,0.0000,0.0106,1,goal
1594,165,-195.85,7.93,243.75,0.0084,0.0000,0,collision
1595,102,-185.87,4.69,284.54,0.0034,0.0890,0,collision
1596,279,257.40,7.78,872.11,0.0000,0.0329,1,goal
1597,86,-214.62,1.36,73.46,0.0151,0.0930,0,collision
1598,164,342.11,14.23,401.97,0.0000,0.0061,1,goal
501,190,-151.93,6.74,559.08,0.0041,0.0014,0,collision
502,168,-79.85,8.12,805.12,0.0057,0.0048,0,collision
503,139,310.43,15.47,346.74,0.0000,0.0000,1,goal
504,137,291.68,16.63,335.13,0.0000,0.0000,1,goal
505,233,368.09,11.68,722.28,0.0000,0.0161,1,goal
506,130,-174.46,5.45,301.80,0.0047,0.0000,0,collision
507,106,-140.02,8.77,409.29,0.0044,0.0223,0,collision
508,6,-202.21,0.54,1.21,0.1472,0.0000,0,collision
509,253,-191.84,8.06,352.89,0.0040,0.0000,0,collision
510,278,359.93,9.88,656.16,0.0000,0.0009,1,goal
1599,194,-187.26,11.10,707.45,0.0043,0.0000,0,collision
1600,191,-168.01,6.42,292.13,0.0007,0.0891,0,collision
1601,261,361.80,8.38,835.99,0.0000,0.0069,1,goal
1602,115,-213.23,4.59,256.50,0.0079,0.2057,0,collision
1603,273,362.27,7.61,900.60,0.0000,0.0258,1,goal
1604,316,274.73,6.82,357.73,0.0000,0.1157,1,goal
1605,301,354.60,7.58,971.01,0.0000,0.0022,1,goal
1606,153,289.25,13.44,453.60,0.0000,0.0325,1,goal
1607,264,339.25,8.54,1077.39,0.0000,0.0013,1,goal
1608,207,300.86,9.74,786.29,0.0000,0.0042,1,goal
1609,338,-117.60,4.07,830.52,0.0017,0.0328,0,collision
1610,201,332.96,11.89,446.46,0.0000,0.0000,1,goal
1611,164,305.44,12.01,589.26,0.0000,0.0000,1,goal
1612,378,-125.57,4.53,777.77,0.0031,0.0360,0,collision
1613,143,-119.54,8.31,336.73,0.0037,0.0171,0,collision
1614,97,-198.34,6.99,100.47,0.0054,0.0000,0,collision
1615,221,-88.17,7.04,938.72,0.0000,0.0147,0,collision
1616,20,-183.81,9.27,111.95,0.0529,0.0000,0,collision
1617,204,331.74,11.17,558.01,0.0000,0.0024,1,goal
1618,59,-171.59,10.38,256.06,0.0087,0.0000,0,collision
511,229,357.37,9.00,988.70,0.0000,0.0000,1,goal
512,157,-229.32,4.38,297.57,0.0035,0.0000,0,collision
513,71,-226.45,1.29,65.81,0.0242,0.0729,0,collision
514,386,6.99,6.94,1253.57,0.0000,0.0064,0,collision
515,302,-80.69,8.78,692.68,0.0047,0.0969,0,collision
516,98,-110.80,14.38,85.38,0.0136,0.0000,0,collision
517,211,-197.60,6.10,480.85,0.0063,0.0000,0,collision
518,189,343.67,12.51,435.32,0.0000,0.0000,1,goal
519,231,339.31,10.05,467.64,0.0000,0.0356,1,goal
520,172,336.21,14.87,362.95,0.0000,0.0000,1,goal
1619,171,-263.48,3.94,358.21,0.0059,0.0000,0,collision
1620,346,-9.43,7.54,1087.03,0.0001,0.0194,0,collision
1621,152,308.93,16.16,192.36,0.0000,0.0000,1,goal
1622,237,339.14,10.16,450.24,0.0000,0.0037,1,goal
1623,275,351.82,7.59,839.27,0.0000,0.0020,1,goal
1624,174,345.60,13.41,529.28,0.0000,0.0014,1,goal
1625,168,-164.74,7.47,472.01,0.0002,0.0000,0,collision
1626,302,-96.29,6.93,1034.80,0.0000,0.0046,0,collision
1627,404,291.77,6.59,1096.14,0.0000,0.0401,1,goal
1628,283,330.62,8.20,587.50,0.0000,0.0081,1,goal
1629,187,-235.00,4.67,305.43,0.0003,0.0000,0,collision
1630,279,325.38,8.19,589.89,0.0000,0.0737,1,goal
1631,145,-158.98,4.50,432.71,0.0065,0.0000,0,collision
1632,264,-100.84,5.90,790.19,0.0038,0.0030,0,collision
1633,475,284.64,4.69,1161.27,0.0000,0.0063,1,goal
1634,131,-179.83,4.55,257.47,0.0066,0.0000,0,collision
521,141,-237.35,3.24,228.47,0.0050,0.0000,0,collision
522,210,352.90,10.86,786.28,0.0000,0.0000,1,goal
523,424,-83.24,4.91,1179.16,0.0000,0.0468,0,collision
524,94,-228.38,1.71,90.04,0.0029,0.2326,0,collision
525,199,339.88,11.92,595.80,0.0000,0.0033,1,goal
526,180,-123.27,5.62,518.28,0.0073,0.0486,0,collision
527,242,335.23,9.29,523.60,0.0000,0.0000,1,goal
528,214,-178.16,7.35,208.10,0.0018,0.0000,0,collision
529,123,-155.69,5.48,258.40,0.0006,0.0064,0,collision
530,109,-147.63,5.29,429.61,0.0084,0.0450,0,collision
1635,245,-180.94,7.51,637.81,0.0024,0.0000,0,collision
1636,279,329.84,7.46,895.14,0.0000,0.0060,1,goal
1637,170,-126.72,6.31,458.04,0.0032,0.0000,0,collision
1638,224,-45.78,8.48,708.67,0.0067,0.0072,0,collision
1639,187,-94.96,7.67,580.95,0.0027,0.0000,0,collision
1640,227,319.13,10.55,462.89,0.0000,0.0000,1,goal
1641,145,-186.75,2.65,287.76,0.0090,0.0092,0,collision
1642,354,223.76,5.80,931.05,0.0000,0.0126,1,goal
1643,250,374.76,9.47,1171.76,0.0000,0.0000,1,goal
1644,199,283.22,8.20,758.17,0.0000,0.0000,1,goal
1645,304,-186.68,4.07,852.36,0.0017,0.2414,0,collision
1646,195,-150.83,7.79,478.67,0.0056,0.0066,0,collision
1647,321,263.61,6.74,485.07,0.0000,0.0085,1,goal
1648,34,-184.42,7.37,176.72,0.0104,0.0000,0,collision
1649,3,-198.52,1.53,5.20,0.1110,0.0000,0,collision
1650,201,341.24,11.36,686.44,0.0000,0.0000,1,goal
1651,266,367.47,8.75,915.24,0.0000,0.0000,1,goal
1652,203,351.44,10.31,897.43,0.0000,0.0000,1,goal
1653,254,340.27,9.21,647.71,0.0000,0.0422,1,goal
531,178,-149.77,6.86,420.41,0.0083,0.0000,0,collision
532,269,337.59,8.63,378.68,0.0000,0.0000,1,goal
533,234,321.55,9.24,684.29,0.0000,0.0000,1,goal
534,385,379.33,6.07,986.08,0.0000,0.0060,1,goal
535,231,-147.27,6.23,505.51,0.0074,0.0000,0,collision
536,321,367.76,6.72,863.83,0.0000,0.0035,1,goal
537,275,333.58,6.02,714.87,0.0000,0.0090,1,goal
538,269,383.49,8.88,1065.52,0.0000,0.0102,1,goal
539,292,321.83,7.04,910.58,0.0000,0.0133,1,goal
540,226,316.53,9.36,428.75,0.0000,0.0000,1,goal
1654,463,-149.72,9.24,1271.92,0.0000,0.0095,0,collision
1655,236,-151.84,4.22,538.19,0.0032,0.0088,0,collision
1656,403,-63.87,4.35,984.78,0.0011,0.0000,0,collision
1657,491,-187.18,3.29,907.44,0.0019,0.0001,0,collision
1658,232,323.98,9.72,508.36,0.0000,0.0000,1,goal
1659,229,335.58,9.35,727.39,0.0000,0.0000,1,goal
1660,105,-149.87,6.17,434.35,0.0180,0.0000,0,collision
1661,279,-147.87,4.85,467.36,0.0023,0.0474,0,collision
1662,257,274.33,6.40,856.93,0.0000,0.0241,1,goal
1663,35,-179.41,6.04,197.53,0.0174,0.0000,0,collision
1664,397,-123.43,6.68,735.68,0.0021,0.1471,0,collision
1665,368,-273.79,3.67,735.43,0.0050,0.3543,0,collision
1666,161,-189.01,4.91,355.08,0.0007,0.0000,0,collision
1667,385,-209.13,5.38,367.70,0.0000,0.0792,0,collision
541,284,267.99,7.67,435.19,0.0000,0.0000,1,goal
542,232,-164.68,6.18,444.18,0.0060,0.0127,0,collision
543,221,-153.72,6.55,389.62,0.0038,0.0000,0,collision
544,73,-177.14,10.69,285.20,0.0097,0.0000,0,collision
545,174,-137.35,8.77,730.68,0.0055,0.0000,0,collision
546,257,-135.52,5.39,777.14,0.0075,0.0000,0,collision
547,108,-172.96,6.14,337.41,0.0028,0.0000,0,collision
548,236,342.24,9.92,901.11,0.0000,0.0000,1,goal
549,396,-145.43,4.53,732.99,0.0031,0.0194,0,collision
550,158,339.03,14.82,629.18,0.0000,0.0000,1,goal
1668,594,-282.07,6.82,1266.01,0.0001,0.0005,0,collision
1669,270,235.54,7.44,758.41,0.0000,0.0000,1,goal
1670,188,-57.07,11.13,589.95,0.0012,0.0000,0,collision
1671,179,-132.33,8.57,472.55,0.0055,0.0000,0,collision
1672,252,322.13,7.60,921.72,0.0000,0.0216,1,goal
1673,167,341.41,14.73,485.75,0.0000,0.0000,1,goal
1674,360,-165.43,4.74,771.48,0.0005,0.0814,0,collision
1675,350,400.28,8.18,995.38,0.0000,0.0000,1,goal
1676,339,-174.24,6.14,624.81,0.0006,0.1858,0,collision
1677,180,-135.89,5.86,414.21,0.0071,0.0304,0,collision
1678,197,-169.81,5.41,439.37,0.0021,0.0000,0,collision
1679,203,309.79,9.92,671.28,0.0000,0.0000,1,goal
1680,6,-201.98,0.69,4.55,0.1667,0.0000,0,collision
1681,135,-172.49,4.38,313.09,0.0056,0.0009,0,collision
1682,164,329.17,15.01,377.95,0.0000,0.0012,1,goal
1683,557,355.61,4.83,1322.74,0.0000,0.0511,1,goal
551,239,331.18,10.00,665.67,0.0000,0.0000,1,goal
552,178,-172.95,8.83,117.60,0.0064,0.0000,0,collision
553,409,258.55,5.16,802.32,0.0000,0.0280,1,goal
554,269,273.65,7.62,606.92,0.0000,0.0130,1,goal
555,282,303.79,7.93,981.17,0.0000,0.0000,1,goal
556,221,340.74,10.46,582.54,0.0000,0.0006,1,goal
557,313,309.50,7.09,801.31,0.0000,0.0000,1,goal
558,335,213.88,5.80,956.06,0.0000,0.1397,1,goal
559,350,370.28,6.64,946.85,0.0000,0.0000,1,goal
560,192,317.02,13.52,594.79,0.0000,0.0079,1,goal
1684,412,-245.00,5.38,1074.69,0.0013,0.0113,0,collision
1685,237,302.94,9.54,414.82,0.0000,0.0000,1,goal
1686,171,-205.78,4.47,104.10,0.0043,0.0027,0,collision
1687,210,317.90,11.16,524.74,0.0000,0.0000,1,goal
1688,305,-177.54,4.36,581.33,0.0021,0.0167,0,collision
1689,217,-163.06,5.52,574.52,0.0048,0.0000,0,collision
1690,329,232.32,5.93,773.37,0.0000,0.0067,1,goal
1691,355,346.51,5.76,1304.62,0.0000,0.0068,1,goal
1692,276,-215.14,4.94,364.27,0.0017,0.0115,0,collision
1693,256,290.82,8.94,575.54,0.0000,0.0000,1,goal
1694,184,295.32,11.03,561.78,0.0000,0.0000,1,goal
1695,366,-156.40,5.56,959.15,0.0032,0.0509,0,collision
1696,244,340.58,9.56,607.15,0.0000,0.0000,1,goal
1697,424,285.79,6.16,706.16,0.0000,0.0023,1,goal
1698,225,356.93,10.23,538.22,0.0000,0.0083,1,goal
561,270,336.31,8.49,1046.26,0.0000,0.0000,1,goal
562,322,248.12,6.48,636.26,0.0000,0.0000,1,goal
563,268,-174.21,4.83,458.66,0.0048,0.0000,0,collision
564,337,347.98,6.91,1012.93,0.0000,0.0008,1,goal
565,286,-118.92,6.95,508.47,0.0052,0.0121,0,collision
566,168,-175.32,4.19,400.78,0.0036,0.0000,0,collision
567,252,-237.78,2.73,271.22,0.0006,0.0040,0,collision
568,205,-163.47,5.67,417.87,0.0047,0.0000,0,collision
569,436,330.95,5.10,1264.66,0.0000,0.0037,1,goal
570,218,311.15,10.64,320.23,0.0000,0.0000,1,goal
1699,233,-211.89,10.42,587.79,0.0001,0.0000,0,collision
1700,185,-202.75,5.18,310.98,0.0052,0.0791,0,collision
1701,429,321.94,5.74,1175.32,0.0000,0.0014,1,goal
1702,291,268.59,7.19,600.98,0.0000,0.0113,1,goal
1703,519,214.58,4.33,878.17,0.0000,0.0286,1,goal
1704,286,275.04,6.94,784.36,0.0000,0.0000,1,goal
1705,409,297.15,5.70,882.67,0.0000,0.0000,1,goal
1706,307,319.50,7.59,700.76,0.0000,0.0017,1,goal
1707,343,244.71,5.18,708.37,0.0000,0.0039,1,goal
1708,261,325.86,9.21,351.82,0.0000,0.0063,1,goal
1709,304,-167.88,4.60,668.31,0.0038,0.0582,0,collision
1710,170,-140.30,8.44,244.47,0.0000,0.0000,0,collision
1711,103,-129.78,11.31,175.12,0.0027,0.0000,0,collision
1712,211,305.48,10.02,478.34,0.0000,0.0053,1,goal
571,349,238.28,6.49,687.02,0.0000,0.0152,1,goal
572,249,266.92,8.39,439.90,0.0000,0.0000,1,goal
573,310,339.56,7.32,620.21,0.0000,0.0210,1,goal
574,322,363.10,8.58,913.27,0.0000,0.0000,1,goal
575,182,308.14,11.82,612.84,0.0000,0.0000,1,goal
576,319,281.54,6.65,762.30,0.0000,0.0709,1,goal
577,272,251.25,7.97,438.99,0.0000,0.0517,1,goal
578,234,-104.14,8.09,624.58,0.0049,0.0152,0,collision
579,244,-130.24,4.95,519.23,0.0007,0.0055,0,collision
580,292,348.67,7.63,1038.17,0.0000,0.0000,1,goal
1713,269,-127.76,11.93,856.46,0.0019,0.0000,0,collision
1714,359,-143.11,4.63,621.28,0.0023,0.0198,0,collision
1715,289,337.22,7.21,960.06,0.0000,0.0000,1,goal
1716,251,-153.60,5.17,528.26,0.0042,0.0000,0,collision
1717,515,220.78,3.99,1061.86,0.0000,0.0044,1,goal
1718,166,318.66,12.62,520.94,0.0000,0.0000,1,goal
1719,578,272.55,4.56,1212.20,0.0000,0.0462,1,goal
1720,223,-64.67,9.13,779.38,0.0060,0.0000,0,collision
1721,326,307.08,6.63,1056.83,0.0000,0.0060,1,goal
1722,414,367.00,6.42,1205.22,0.0000,0.0000,1,goal
1723,232,-177.59,6.86,367.69,0.0058,0.0000,0,collision
1724,221,345.89,10.81,473.28,0.0000,0.0000,1,goal
1725,262,307.10,9.04,501.81,0.0000,0.0000,1,goal
581,253,-267.58,2.68,355.62,0.0041,0.0000,0,collision
582,307,346.79,6.84,923.11,0.0000,0.0000,1,goal
583,325,-98.27,4.95,896.29,0.0034,0.0000,0,collision
584,265,-86.11,5.88,853.76,0.0020,0.0015,0,collision
585,196,-174.20,4.74,624.60,0.0064,0.0671,0,collision
586,294,-116.60,4.68,796.34,0.0016,0.0040,0,collision
587,602,-303.63,2.82,937.57,0.0017,0.0537,0,collision
588,103,-161.10,8.22,312.78,0.0088,0.0021,0,collision
589,467,-207.83,2.77,842.83,0.0039,0.0071,0,collision
590,179,-149.13,3.83,471.89,0.0075,0.0086,0,collision
1726,320,-197.09,8.05,804.01,0.0024,0.0021,0,collision
1727,221,-98.84,6.94,584.19,0.0057,0.0000,0,collision
1728,365,299.52,6.43,871.48,0.0000,0.0153,1,goal
1729,266,319.79,8.72,570.31,0.0000,0.0073,1,goal
1730,407,-115.41,4.61,848.93,0.0021,0.0021,0,collision
1731,273,-191.69,3.83,567.96,0.0023,0.0000,0,collision
1732,587,-191.04,3.51,1057.84,0.0011,0.0110,0,collision
1733,206,336.29,10.53,543.43,0.0000,0.0000,1,goal
1734,419,-36.76,5.48,971.08,0.0022,0.0633,0,collision
1735,342,-157.35,3.82,646.64,0.0037,0.0025,0,collision
1736,151,-206.48,3.90,267.91,0.0033,0.0000,0,collision
591,248,-303.08,2.65,342.28,0.0044,0.0000,0,collision
592,618,165.69,3.86,1033.05,0.0000,0.0857,1,goal
593,328,249.43,6.24,550.49,0.0000,0.0327,1,goal
594,148,-196.86,4.49,236.77,0.0033,0.0000,0,collision
595,264,260.76,8.22,363.15,0.0000,0.0000,1,goal
596,359,308.87,6.55,869.44,0.0000,0.0033,1,goal
597,315,310.04,7.46,1100.38,0.0000,0.0000,1,goal
598,100,-180.13,7.06,303.61,0.0036,0.0119,0,collision
599,423,-321.39,2.73,397.00,0.0024,0.0009,0,collision
600,395,371.02,5.76,1032.61,0.0000,0.0037,1,goal
1737,1000,-144.50,3.65,1886.88,0.0000,0.0056,0,timeout
1738,270,345.11,8.38,901.51,0.0000,0.0045,1,goal
1739,73,-195.86,3.90,156.47,0.0104,0.0000,0,collision
1740,363,300.89,6.89,750.57,0.0000,0.0000,1,goal
1741,230,-165.42,4.59,530.57,0.0031,0.0001,0,collision
1742,295,335.23,7.65,805.90,0.0000,0.0000,1,goal
1743,222,284.71,10.12,403.88,0.0000,0.0000,1,goal
1744,224,-232.55,4.10,445.23,0.0042,0.0189,0,collision
1745,3,-201.62,0.46,0.48,0.1119,0.4144,0,collision
1746,427,317.04,5.04,875.43,0.0000,0.0007,1,goal
1747,377,208.09,5.61,796.51,0.0000,0.0000,1,goal
1748,210,-159.35,3.31,512.88,0.0051,0.0132,0,collision
1749,320,340.45,9.11,831.26,0.0000,0.0066,1,goal
1750,150,-170.11,5.60,387.29,0.0016,0.0237,0,collision
1751,190,-245.78,3.60,260.52,0.0041,0.0044,0,collision
601,543,268.70,3.68,1212.27,0.0000,0.0159,1,goal
602,326,238.47,6.47,806.76,0.0000,0.0376,1,goal
603,148,-135.39,9.32,430.59,0.0054,0.0048,0,collision
604,360,247.78,6.63,602.90,0.0000,0.1117,1,goal
605,588,-298.83,2.71,872.89,0.0016,0.0074,0,collision
606,894,-551.83,1.39,873.00,0.0004,0.0614,0,collision
607,756,136.35,3.07,1064.41,0.0000,0.0695,1,goal
608,275,-275.64,3.10,273.55,0.0026,0.0000,0,collision
609,405,-262.45,2.98,764.90,0.0039,0.0000,0,collision
610,326,-334.91,2.60,270.90,0.0021,0.0000,0,collision
1752,449,-227.12,4.38,982.46,0.0025,0.0059,0,collision
1753,379,-257.77,3.74,465.58,0.0039,0.0015,0,collision
1754,1000,-810.41,1.29,572.49,0.0001,0.0000,0,collision
1755,283,-168.60,5.38,733.90,0.0027,0.0657,0,collision
1756,426,301.31,5.31,1057.83,0.0000,0.0178,1,goal
1757,98,-119.99,11.29,364.39,0.0007,0.0000,0,collision
1758,55,-152.33,12.66,99.77,0.0172,0.0162,0,collision
1759,158,-224.99,4.18,207.26,0.0036,0.0000,0,collision
1760,462,-147.37,4.43,1329.10,0.0020,0.0046,0,collision
1761,295,284.62,6.70,628.54,0.0000,0.0000,1,goal
1762,248,-66.18,7.61,607.17,0.0035,0.0000,0,collision
1763,337,368.14,8.11,884.18,0.0000,0.0012,1,goal
1764,248,347.53,9.66,711.40,0.0000,0.0000,1,goal
611,78,-167.11,10.76,134.61,0.0108,0.0000,0,collision
612,338,-72.39,5.66,960.43,0.0019,0.0000,0,collision
613,377,-394.41,1.57,400.06,0.0022,0.0302,0,collision
614,71,-190.39,9.69,148.06,0.0008,0.0000,0,collision
615,179,-181.85,6.53,269.71,0.0033,0.1205,0,collision
616,2,-201.10,0.00,0.10,0.7953,0.0000,0,collision
617,218,-170.03,5.38,336.65,0.0032,0.0000,0,collision
618,681,-369.13,2.52,905.81,0.0011,0.0830,0,collision
619,226,-263.84,3.10,280.44,0.0045,0.0000,0,collision
620,156,-208.70,4.44,355.18,0.0097,0.0000,0,collision
1765,854,-835.13,0.88,403.63,0.0008,0.0007,0,collision
1766,172,-242.35,4.03,176.85,0.0055,0.0000,0,collision
1767,547,-556.91,1.44,241.04,0.0032,0.0000,0,collision
1768,140,-190.86,3.97,250.65,0.0027,0.1524,0,collision
1769,143,-247.54,2.01,210.36,0.0082,0.0000,0,collision
1770,360,308.30,6.62,676.10,0.0000,0.0279,1,goal
1771,293,-180.32,4.75,810.53,0.0020,0.0152,0,collision
1772,164,-88.08,8.23,619.88,0.0061,0.0207,0,collision
1773,493,-521.24,1.35,232.22,0.0018,0.0030,0,collision
1774,206,-238.55,6.81,96.33,0.0035,0.0000,0,collision
1775,3,-202.23,0.35,0.30,0.1948,0.4086,0,collision
1776,230,358.70,11.37,602.77,0.0000,0.0301,1,goal
621,512,-405.77,1.73,630.85,0.0010,0.0078,0,collision
622,155,-155.64,5.49,459.09,0.0048,0.0306,0,collision
623,35,-179.76,12.65,157.05,0.0166,0.0646,0,collision
624,291,-313.38,1.48,327.83,0.0036,0.0000,0,collision
625,150,-231.43,4.61,211.28,0.0072,0.0000,0,collision
626,237,-276.91,2.87,271.70,0.0072,0.0000,0,collision
627,198,-265.07,4.20,177.48,0.0018,0.0000,0,collision
628,312,-119.92,7.11,884.94,0.0021,0.0337,0,collision
629,300,-15.77,8.20,742.54,0.0001,0.0074,0,collision
630,850,-752.66,1.23,502.17,0.0012,0.0008,0,collision
1777,677,-586.84,2.77,308.15,0.0026,0.0011,0,collision
1778,160,-192.68,4.34,437.67,0.0077,0.0000,0,collision
1779,113,-164.51,6.06,315.78,0.0000,0.1581,0,collision
1780,575,-657.80,0.43,100.63,0.0010,0.0000,0,collision
1781,651,-680.82,0.59,242.69,0.0015,0.0000,0,collision
1782,983,-885.72,0.86,400.10,0.0009,0.0000,0,collision
1783,666,-629.44,1.97,267.40,0.0010,0.0000,0,collision
631,643,-589.37,1.03,472.80,0.0011,0.0000,0,collision
632,2,-199.26,1.04,2.51,0.5000,0.0000,0,collision
633,218,-230.49,3.91,359.67,0.0052,0.0000,0,collision
634,639,-644.02,0.92,231.97,0.0017,0.0000,0,collision
635,297,329.84,7.82,745.89,0.0000,0.0074,1,goal
636,469,-167.53,5.24,944.44,0.0002,0.1083,0,collision
637,469,-347.03,2.50,369.42,0.0014,0.0000,0,collision
638,349,-42.44,6.56,824.91,0.0015,0.0246,0,collision
639,980,-773.72,1.23,595.47,0.0004,0.0199,0,collision
640,1000,-627.65,0.91,644.65,0.0000,0.0000,0,timeout
1784,1000,-564.25,2.46,658.57,0.0000,0.0000,0,timeout
1785,550,-415.99,2.56,465.73,0.0019,0.0000,0,collision
1786,874,-792.78,0.79,445.28,0.0009,0.0000,0,collision
1787,1000,-656.06,0.93,446.82,0.0000,0.0000,0,timeout
1788,734,-649.74,0.95,366.18,0.0024,0.0095,0,collision
641,1000,-624.67,1.05,580.67,0.0000,0.0000,0,timeout
642,303,-61.21,7.56,873.38,0.0000,0.0323,0,collision
643,605,-600.09,0.92,337.85,0.0022,0.0000,0,collision
644,551,-557.98,1.29,330.19,0.0016,0.0000,0,collision
645,433,-247.58,3.27,681.32,0.0027,0.0000,0,collision
646,178,-224.18,3.56,341.95,0.0041,0.1221,0,collision
647,1000,-720.65,0.56,300.65,0.0000,0.0000,0,timeout
648,425,-468.14,1.98,191.33,0.0029,0.0000,0,collision
649,806,-579.68,1.77,649.53,0.0006,0.0000,0,collision
650,775,-745.63,0.90,288.54,0.0011,0.0000,0,collision
1789,1000,-571.17,1.88,721.14,0.0000,0.0064,0,timeout
1790,1000,-655.44,0.85,535.16,0.0000,0.0000,0,timeout
1791,226,-173.11,5.79,540.85,0.0046,0.0000,0,collision
1792,759,-774.22,0.85,256.97,0.0012,0.0000,0,collision
1793,326,-295.39,3.18,583.95,0.0027,0.0000,0,collision
1794,1000,-758.25,0.76,380.26,0.0000,0.0000,0,timeout
651,604,268.91,3.95,1467.41,0.0000,0.0085,1,goal
652,699,-493.63,1.42,667.75,0.0012,0.0034,0,collision
653,1000,-623.47,0.71,506.79,0.0000,0.0031,0,timeout
654,810,301.82,3.34,1585.12,0.0000,0.0122,1,goal
655,1000,-259.13,2.06,1096.86,0.0000,0.0231,0,timeout
656,414,-262.20,2.05,529.18,0.0020,0.0013,0,collision
657,825,-699.25,0.80,472.90,0.0020,0.0248,0,collision
658,491,-363.28,1.72,603.35,0.0017,0.0000,0,collision
659,1000,-622.32,0.66,519.31,0.0000,0.0008,0,timeout
660,784,-619.46,0.85,507.21,0.0015,0.0032,0,collision
1795,915,-705.89,1.46,863.90,0.0014,0.0021,0,collision
1796,298,-286.67,2.38,445.29,0.0031,0.0000,0,collision
1797,1000,-732.93,0.38,340.61,0.0000,0.0000,0,timeout
1798,1000,-60.05,2.32,1430.09,0.0000,0.0615,0,timeout
1799,1000,-587.77,0.68,466.04,0.0000,0.0243,0,timeout
661,482,-451.34,1.01,366.25,0.0018,0.0168,0,collision
662,684,-176.21,3.24,965.03,0.0008,0.0346,0,collision
663,446,-344.81,1.55,460.42,0.0023,0.0000,0,collision
664,1000,-741.39,0.27,242.07,0.0000,0.0000,0,timeout
665,1000,-780.18,0.15,192.04,0.0000,0.0000,0,timeout
666,1000,-582.25,0.60,405.98,0.0000,0.0081,0,timeout
667,596,321.08,3.64,1182.17,0.0000,0.0084,1,goal
668,557,-518.08,1.25,373.53,0.0029,0.0000,0,collision
669,357,-295.55,1.95,470.20,0.0033,0.0239,0,collision
670,503,-67.55,4.48,1098.93,0.0018,0.0150,0,collision
1800,1000,-411.00,1.67,1065.48,0.0000,0.0156,0,timeout
1801,1000,-628.15,0.67,477.54,0.0000,0.0370,0,timeout
1802,1000,-701.77,0.64,441.01,0.0000,0.0019,0,timeout
1803,1000,-769.59,0.47,309.36,0.0000,0.0000,0,timeout
671,617,-609.12,1.01,330.25,0.0022,0.0000,0,collision
672,274,-290.83,2.14,274.78,0.0050,0.0061,0,collision
673,1000,-693.05,0.71,525.95,0.0000,0.0019,0,timeout
674,690,222.09,3.88,1287.71,0.0000,0.1371,1,goal
675,1000,-673.76,0.85,442.00,0.0000,0.0000,0,timeout
676,1000,-531.25,1.52,674.44,0.0000,0.0000,0,timeout
677,283,-341.77,0.78,157.34,0.0046,0.0000,0,collision
678,964,-834.62,0.87,365.34,0.0011,0.0000,0,collision
679,879,-541.17,1.93,1010.35,0.0010,0.0086,0,collision
680,1000,-695.20,0.71,477.99,0.0000,0.0000,0,timeout
1804,873,-436.86,2.14,1029.38,0.0011,0.0000,0,collision
1805,626,-506.99,1.09,484.19,0.0019,0.0000,0,collision
1806,254,-231.59,2.78,408.63,0.0033,0.0000,0,collision
1807,577,332.33,3.65,1400.05,0.0000,0.0123,1,goal
1808,1000,-683.54,0.65,506.22,0.0000,0.0000,0,timeout
1809,505,390.73,4.59,1318.47,0.0000,0.0143,1,goal
1810,412,-369.87,2.08,334.18,0.0039,0.0037,0,collision
681,483,-403.16,1.47,446.17,0.0028,0.0000,0,collision
682,643,-426.96,1.87,755.46,0.0019,0.0000,0,collision
683,1000,-757.41,0.70,345.77,0.0000,0.0000,0,timeout
684,734,-468.53,2.17,661.86,0.0016,0.0079,0,collision
685,1000,-381.78,1.77,1259.64,0.0000,0.0057,0,timeout
686,1000,-429.36,1.31,908.93,0.0000,0.0030,0,timeout
687,1000,-546.41,1.15,765.02,0.0000,0.0000,0,timeout
688,270,-248.40,2.63,497.14,0.0047,0.0000,0,collision
689,620,341.56,3.73,1413.01,0.0000,0.0026,1,goal
690,433,-351.00,1.63,486.48,0.0032,0.0000,0,collision
1811,1000,-389.10,2.10,1221.97,0.0000,0.0102,0,timeout
1812,892,-720.64,0.74,521.92,0.0015,0.0000,0,collision
1813,1000,-475.63,1.15,803.85,0.0000,0.0000,0,timeout
1814,1000,-715.43,0.57,382.57,0.0000,0.0000,0,timeout
691,190,-184.32,2.35,256.49,0.0047,0.0000,0,collision
692,1000,-81.88,1.88,1123.57,0.0000,0.0395,0,timeout
693,1000,-692.93,0.38,316.32,0.0000,0.0072,0,timeout
694,1000,-623.46,0.39,292.47,0.0000,0.0000,0,timeout
695,737,351.08,3.12,1320.89,0.0000,0.0153,1,goal
696,839,362.16,3.15,1704.21,0.0000,0.0055,1,goal
697,1000,-216.53,1.77,1159.69,0.0000,0.0022,0,timeout
698,768,-596.11,0.90,495.65,0.0015,0.0326,0,collision
699,1000,-708.58,0.38,363.95,0.0000,0.0000,0,timeout
700,807,-614.84,1.96,640.63,0.0014,0.0019,0,collision
1815,1000,-522.83,1.37,921.35,0.0000,0.0274,0,timeout
1816,183,-161.66,3.73,449.72,0.0035,0.0034,0,collision
1817,707,-410.95,1.48,699.01,0.0015,0.0065,0,collision
1818,648,-541.48,1.09,457.53,0.0022,0.0000,0,collision
1819,1000,-202.40,1.63,1024.51,0.0000,0.0079,0,timeout
1820,1000,-646.76,0.68,563.12,0.0000,0.0025,0,timeout
701,878,312.82,2.72,1492.70,0.0000,0.0072,1,goal
702,1000,-139.42,1.94,1214.77,0.0000,0.0063,0,timeout
703,349,-252.38,1.91,409.49,0.0042,0.1179,0,collision
704,245,-236.27,2.77,428.34,0.0034,0.2970,0,collision
705,1000,-690.74,0.38,350.73,0.0000,0.0000,0,timeout
706,590,-329.25,1.45,534.13,0.0025,0.0000,0,collision
707,1000,-521.22,0.85,578.32,0.0000,0.0000,0,timeout
708,522,-208.25,2.70,940.88,0.0029,0.0110,0,collision
709,290,-209.84,2.45,468.32,0.0029,0.0107,0,collision
710,1000,-680.42,0.59,479.95,0.0000,0.0013,0,timeout
1821,1000,-562.29,1.67,948.84,0.0000,0.0053,0,timeout
1822,974,-706.81,0.87,574.76,0.0009,0.0017,0,collision
1823,662,-183.03,2.14,845.66,0.0016,0.0126,0,collision
1824,172,-191.92,2.30,272.42,0.0016,0.0000,0,collision
1825,187,-128.65,3.22,334.70,0.0046,0.0146,0,collision
1826,1000,-662.88,0.58,458.34,0.0000,0.0033,0,timeout
711,1000,-360.54,1.32,799.31,0.0000,0.0000,0,timeout
712,1000,-628.47,0.52,403.43,0.0000,0.0002,0,timeout
713,1000,-556.70,0.83,545.59,0.0000,0.0000,0,timeout
714,1000,-377.08,1.41,836.15,0.0000,0.0000,0,timeout
715,1000,-713.68,0.67,472.71,0.0000,0.0000,0,timeout
716,1000,-662.82,0.52,406.01,0.0000,0.0066,0,timeout
717,1000,-674.44,0.56,415.71,0.0000,0.0000,0,timeout
718,801,-584.47,1.07,533.46,0.0012,0.0434,0,collision
719,240,-141.27,3.39,478.57,0.0045,0.0098,0,collision
720,872,319.28,3.18,1675.05,0.0000,0.0233,1,goal
1827,425,-313.98,2.55,710.94,0.0002,0.0129,0,collision
1828,1000,-679.58,0.71,496.75,0.0000,0.0032,0,timeout
1829,1000,-448.84,1.45,946.51,0.0000,0.0278,0,timeout
1830,652,-562.72,1.04,509.47,0.0023,0.0000,0,collision
1831,1000,-511.50,0.85,601.89,0.0000,0.0002,0,timeout
721,1000,-762.61,0.26,253.33,0.0000,0.0000,0,timeout
722,666,-560.31,1.00,476.12,0.0026,0.0000,0,collision
723,306,-313.53,2.18,292.31,0.0042,0.0029,0,collision
724,508,314.18,4.61,1276.82,0.0000,0.0000,1,goal
725,303,-242.73,1.97,376.04,0.0039,0.0000,0,collision
726,867,-730.10,0.99,574.37,0.0010,0.0000,0,collision
727,1000,-714.96,0.70,395.40,0.0000,0.0236,0,timeout
728,1000,-595.68,0.79,562.61,0.0000,0.0010,0,timeout
729,442,-335.28,1.61,373.82,0.0022,0.0000,0,collision
730,516,478.59,4.50,1494.30,0.0000,0.0165,1,goal
1832,1000,-593.44,1.29,683.34,0.0000,0.0018,0,timeout
1833,1000,-431.35,1.48,911.49,0.0000,0.0101,0,timeout
1834,726,-130.07,3.10,1347.94,0.0004,0.0322,0,collision
1835,1000,-701.01,0.68,523.74,0.0000,0.0000,0,timeout
731,1000,-415.17,1.45,924.97,0.0000,0.0000,0,timeout
732,1000,-620.05,0.68,508.24,0.0000,0.0118,0,timeout
733,1000,-479.58,1.45,859.07,0.0000,0.0169,0,timeout
734,1000,-848.20,0.10,159.64,0.0000,0.0544,0,timeout
735,619,-101.29,2.87,1102.12,0.0002,0.0228,0,collision
736,1000,-640.57,0.59,437.91,0.0000,0.0009,0,timeout
737,1000,-443.71,1.38,862.42,0.0000,0.0049,0,timeout
738,1000,-607.19,0.67,473.34,0.0000,0.0000,0,timeout
739,1000,-608.21,0.68,534.94,0.0000,0.0021,0,timeout
740,1000,-270.81,1.59,1099.96,0.0000,0.0098,0,timeout
1836,1000,-340.15,1.83,1074.03,0.0000,0.0143,0,timeout
1837,1000,-611.53,0.68,558.16,0.0000,0.0048,0,timeout
1838,1000,-592.83,0.71,516.77,0.0000,0.0000,0,timeout
1839,1000,-636.42,0.67,463.29,0.0000,0.0000,0,timeout
741,1000,-763.55,0.19,202.34,0.0000,0.0000,0,timeout
742,1000,-630.39,0.85,552.42,0.0000,0.0000,0,timeout
743,1000,-651.64,0.69,559.46,0.0000,0.0043,0,timeout
744,1000,-536.51,1.42,602.16,0.0000,0.0333,0,timeout
745,1000,-544.68,0.86,554.52,0.0000,0.0000,0,timeout
746,1000,-490.77,1.32,806.08,0.0000,0.0046,0,timeout
747,1000,-648.29,0.68,532.69,0.0000,0.0000,0,timeout
748,204,-224.39,3.31,395.17,0.0088,0.0003,0,collision
749,575,296.72,3.58,1167.90,0.0000,0.0240,1,goal
750,1000,-728.29,0.29,254.39,0.0000,0.0000,0,timeout
1840,1000,-250.67,2.58,1587.82,0.0000,0.0030,0,timeout
1841,477,377.90,4.87,1319.11,0.0000,0.0243,1,goal
1842,1000,-620.45,0.71,502.64,0.0000,0.0000,0,timeout
1843,1000,-564.77,0.69,464.16,0.0000,0.0022,0,timeout
1844,1000,-537.02,1.31,672.22,0.0000,0.0040,0,timeout
751,1000,-647.11,1.41,269.62,0.0000,0.0006,0,timeout
752,313,-28.44,8.71,702.74,0.0029,0.0521,0,collision
753,596,-599.19,1.08,254.62,0.0021,0.0000,0,collision
754,1000,-716.64,0.71,506.79,0.0000,0.0000,0,timeout
755,1000,-705.82,1.41,344.77,0.0000,0.0000,0,timeout
756,1000,-711.98,0.68,408.57,0.0000,0.0000,0,timeout
757,1000,-726.12,0.83,335.96,0.0000,0.0000,0,timeout
758,1000,-719.55,0.66,322.81,0.0000,0.0000,0,timeout
759,372,-100.26,6.38,936.09,0.0017,0.0922,0,collision
760,430,37.29,6.38,1249.57,0.0012,0.0464,0,collision
1845,1000,-549.75,1.77,1080.87,0.0000,0.0011,0,timeout
1846,853,-812.05,0.77,408.66,0.0022,0.0000,0,collision
1847,1000,-700.74,0.78,468.46,0.0000,0.0034,0,timeout
1848,1000,-658.55,0.70,526.09,0.0000,0.0000,0,timeout
761,236,-95.97,4.96,807.27,0.0012,0.0000,0,collision
762,1000,-499.69,1.03,720.37,0.0000,0.0000,0,timeout
763,1000,-650.49,0.71,438.70,0.0000,0.0000,0,timeout
764,1000,-746.76,0.30,270.59,0.0000,0.0000,0,timeout
765,1000,-676.62,0.48,460.63,0.0000,0.0010,0,timeout
766,1000,-659.20,0.68,491.99,0.0000,0.0000,0,timeout
767,1000,-676.70,1.00,700.48,0.0000,0.0000,0,timeout
768,1000,-730.92,0.67,448.04,0.0000,0.0004,0,timeout
769,1000,-683.07,0.66,438.92,0.0000,0.0000,0,timeout
770,1000,-253.90,2.07,1235.74,0.0000,0.0023,0,timeout
1849,803,15.22,2.08,979.95,0.0000,0.0182,1,goal
1850,1000,-418.65,1.23,834.51,0.0000,0.0004,0,timeout
1851,432,313.85,4.27,1157.75,0.0000,0.0495,1,goal
1852,1000,-476.69,1.15,793.53,0.0000,0.0000,0,timeout
1853,427,432.40,5.46,1299.33,0.0000,0.0102,1,goal
1854,113,-129.33,5.38,412.03,0.0040,0.0000,0,collision
771,1000,-674.26,0.69,429.43,0.0000,0.0033,0,timeout
772,1000,-646.96,0.71,508.42,0.0000,0.0000,0,timeout
773,1000,-525.01,0.69,477.14,0.0000,0.0046,0,timeout
774,619,301.09,3.75,1337.83,0.0000,0.0681,1,goal
775,1000,-603.54,1.32,694.05,0.0000,0.0075,0,timeout
776,1000,-716.64,0.63,399.50,0.0000,0.0000,0,timeout
777,1000,-638.36,0.68,500.54,0.0000,0.0019,0,timeout
778,1000,-749.80,0.37,355.37,0.0000,0.0000,0,timeout
779,1000,-559.82,1.45,646.79,0.0000,0.0000,0,timeout
780,1000,-425.69,1.45,863.56,0.0000,0.0008,0,timeout
1855,1000,-344.55,2.46,1304.93,0.0000,0.0132,0,timeout
1856,399,364.70,5.46,1093.64,0.0000,0.0134,1,goal
1857,1000,-636.13,0.85,564.63,0.0000,0.0000,0,timeout
1858,1000,-547.36,1.13,746.31,0.0000,0.0000,0,timeout
1859,1000,-644.04,1.29,669.52,0.0000,0.0000,0,timeout
781,1000,-464.41,1.91,849.65,0.0000,0.0200,0,timeout
782,1000,-710.84,0.67,594.59,0.0000,0.0000,0,timeout
783,1000,-801.56,0.25,245.91,0.0000,0.0000,0,timeout
784,1000,-716.40,0.67,484.20,0.0000,0.0000,0,timeout
785,1000,-438.95,2.06,1124.16,0.0000,0.0000,0,timeout
786,106,-152.41,4.97,344.01,0.0058,0.0872,0,collision
787,1000,-580.36,1.15,761.70,0.0000,0.0021,0,timeout
788,219,368.79,10.62,763.29,0.0000,0.0000,1,goal
789,1000,-577.63,1.55,641.05,0.0000,0.0000,0,timeout
790,1000,-679.11,1.16,444.01,0.0000,0.0000,0,timeout
1860,1000,-439.43,2.71,1357.01,0.0000,0.0002,0,timeout
1861,1000,-704.87,0.66,520.61,0.0000,0.0000,0,timeout
1862,1000,-705.66,0.69,441.55,0.0000,0.0000,0,timeout
1863,1000,-735.19,0.62,440.48,0.0000,0.0000,0,timeout
791,843,250.28,2.75,1408.02,0.0000,0.0105,1,goal
792,724,-90.87,3.08,1353.56,0.0002,0.0308,0,collision
793,1000,-401.42,1.45,917.21,0.0000,0.0002,0,timeout
794,2,-200.30,0.00,0.10,0.3582,0.0000,0,collision
795,1000,-347.65,1.42,913.34,0.0000,0.0148,0,timeout
796,772,222.44,3.04,1573.54,0.0000,0.0313,1,goal
797,1000,-492.24,0.84,545.79,0.0000,0.0022,0,timeout
798,693,328.49,3.29,1478.43,0.0000,0.0000,1,goal
799,873,267.50,3.03,1581.51,0.0000,0.0231,1,goal
800,1000,-369.74,1.41,972.50,0.0000,0.0339,0,timeout
1864,670,-240.85,3.10,1130.96,0.0015,0.0305,0,collision
1865,801,290.23,3.34,1487.88,0.0000,0.0218,1,goal
1866,1000,-629.36,0.59,421.20,0.0000,0.0000,0,timeout
1867,1000,-576.40,0.71,560.06,0.0000,0.0000,0,timeout
1868,1000,-573.38,0.69,479.29,0.0000,0.0019,0,timeout
801,1000,-555.10,1.59,447.59,0.0000,0.0042,0,timeout
802,1000,-768.09,0.61,270.53,0.0000,0.0000,0,timeout
803,401,-354.93,3.61,300.32,0.0036,0.0000,0,collision
804,1000,-726.03,0.71,399.03,0.0000,0.0000,0,timeout
805,1000,-708.89,0.85,481.23,0.0000,0.0000,0,timeout
806,1000,-665.00,0.60,493.00,0.0000,0.0000,0,timeout
807,1000,-622.65,1.14,612.06,0.0000,0.0000,0,timeout
808,1000,-545.58,1.40,828.97,0.0000,0.0000,0,timeout
809,1000,-604.16,1.23,611.13,0.0000,0.0037,0,timeout
810,302,-179.12,3.32,480.21,0.0003,0.1111,0,collision
1869,1000,-337.08,2.82,1586.27,0.0000,0.0541,0,timeout
1870,1000,-535.68,1.32,748.32,0.0000,0.0089,0,timeout
1871,2,-201.41,0.00,0.10,0.0131,0.1463,0,collision
1872,289,-6.53,7.74,1024.74,0.0016,0.0049,0,collision
1873,1000,-746.35,0.71,298.80,0.0000,0.0000,0,timeout
1874,1000,-763.49,0.38,396.43,0.0000,0.0000,0,timeout
811,1000,-671.25,0.81,403.03,0.0000,0.0000,0,timeout
812,1000,-712.27,1.02,353.03,0.0000,0.0000,0,timeout
813,1000,-742.38,0.67,393.15,0.0000,0.0000,0,timeout
814,1000,-633.98,1.43,423.56,0.0000,0.0000,0,timeout
815,1000,-727.18,0.67,467.55,0.0000,0.0000,0,timeout
816,2,-199.26,1.04,2.51,0.0438,0.0000,0,collision
817,1000,-452.89,1.89,962.03,0.0000,0.0084,0,timeout
818,1000,-595.26,1.41,659.97,0.0000,0.0000,0,timeout
819,2,-200.32,0.33,0.35,0.3296,0.0000,0,collision
820,1000,-726.67,0.69,198.00,0.0000,0.0000,0,timeout
1875,1000,-557.39,2.24,796.38,0.0000,0.0000,0,timeout
1876,447,-390.99,3.22,377.77,0.0023,0.0000,0,collision
1877,1000,-725.27,0.66,500.36,0.0000,0.0000,0,timeout
1878,1000,-617.74,1.14,619.66,0.0000,0.0000,0,timeout
821,269,375.05,8.89,716.68,0.0000,0.0000,1,goal
822,1000,-754.19,0.39,366.78,0.0000,0.0000,0,timeout
823,857,-730.53,0.80,516.44,0.0019,0.0000,0,collision
824,1000,-727.55,0.66,383.24,0.0000,0.0000,0,timeout
825,997,-787.68,0.71,531.82,0.0010,0.0021,0,collision
826,569,-553.40,1.83,326.65,0.0032,0.0000,0,collision
827,1000,-430.42,2.06,1014.98,0.0000,0.0013,0,timeout
828,1000,-545.73,1.32,702.13,0.0000,0.0000,0,timeout
829,1000,-572.13,1.44,667.56,0.0000,0.0000,0,timeout
830,1000,-308.86,2.07,1340.28,0.0000,0.0099,0,timeout
1879,1000,-422.21,2.99,1480.46,0.0000,0.0013,0,timeout
1880,384,-279.87,3.14,474.09,0.0034,0.0060,0,collision
1881,374,385.51,6.21,1271.90,0.0000,0.0207,1,goal
1882,1000,-732.06,0.49,410.12,0.0000,0.0000,0,timeout
1883,1000,-722.81,0.59,459.95,0.0000,0.0000,0,timeout
1884,1000,-501.65,0.85,657.61,0.0000,0.0000,0,timeout
831,84,-134.11,9.16,439.19,0.0043,0.0000,0,collision
832,302,375.39,7.70,893.48,0.0000,0.0055,1,goal
833,305,329.26,7.81,875.40,0.0000,0.0000,1,goal
834,240,-45.14,9.62,562.80,0.0009,0.0113,0,collision
835,219,348.53,8.17,922.62,0.0000,0.0031,1,goal
836,1000,-681.38,0.51,405.18,0.0000,0.0097,0,timeout
837,479,392.00,4.85,1162.53,0.0000,0.0146,1,goal
838,1000,-497.50,1.29,785.15,0.0000,0.0084,0,timeout
839,1000,-640.73,0.78,568.81,0.0000,0.0117,0,timeout
840,1000,-720.89,0.66,359.77,0.0000,0.0000,0,timeout
1885,1000,-667.23,1.41,775.07,0.0000,0.0024,0,timeout
1886,1000,-689.42,1.15,365.67,0.0000,0.0000,0,timeout
1887,732,-562.15,1.79,460.78,0.0023,0.0000,0,collision
1888,1000,-695.91,0.89,481.81,0.0000,0.0000,0,timeout
841,1000,-525.13,1.94,481.08,0.0000,0.0000,0,timeout
842,1000,-620.29,1.32,547.65,0.0000,0.0000,0,timeout
843,1000,-695.57,0.83,287.29,0.0000,0.0000,0,timeout
844,1000,-651.37,1.32,526.45,0.0000,0.0000,0,timeout
845,195,-49.91,10.81,418.34,0.0036,0.0252,0,collision
846,262,346.17,8.90,738.63,0.0000,0.0242,1,goal
847,1000,-632.32,1.15,455.29,0.0000,0.0000,0,timeout
848,878,-774.50,1.63,413.27,0.0010,0.0000,0,collision
849,555,-513.76,1.54,395.08,0.0014,0.0000,0,collision
850,1000,-630.14,1.31,320.07,0.0000,0.0000,0,timeout
1889,477,-473.76,2.57,533.62,0.0000,0.0032,0,collision
1890,1000,-615.96,1.34,547.81,0.0000,0.0000,0,timeout
1891,1000,-691.62,1.15,437.56,0.0000,0.0000,0,timeout
1892,1000,-790.76,0.24,215.06,0.0000,0.0000,0,timeout
1893,1000,-579.95,1.15,681.15,0.0000,0.0010,0,timeout
851,414,-266.99,1.63,447.25,0.0016,0.0000,0,collision
852,1000,-611.96,0.55,434.03,0.0000,0.0000,0,timeout
853,780,-800.57,0.29,265.19,0.0000,0.0000,0,collision
854,1000,-274.54,1.42,910.21,0.0000,0.0118,0,timeout
855,756,270.66,3.24,1505.61,0.0000,0.0402,1,goal
856,1000,-182.82,1.69,1071.21,0.0000,0.0710,0,timeout
857,878,-521.80,1.19,698.23,0.0011,0.0273,0,collision
858,1000,-511.42,1.04,688.70,0.0000,0.0052,0,timeout
859,1000,-215.08,2.07,1186.73,0.0000,0.0086,0,timeout
860,901,255.11,2.60,1401.66,0.0000,0.0073,1,goal
1894,747,-657.36,1.00,545.06,0.0016,0.0057,0,collision
1895,1000,-625.66,0.61,409.83,0.0000,0.0088,0,timeout
1896,943,-689.69,0.75,490.98,0.0009,0.0132,0,collision
1897,912,-272.80,2.27,1288.20,0.0013,0.0097,0,collision
861,1000,-378.04,1.49,990.02,0.0000,0.0036,0,timeout
862,1000,-707.37,0.59,462.11,0.0000,0.0000,0,timeout
863,1000,-326.37,1.59,1087.28,0.0000,0.0021,0,timeout
864,636,-545.91,0.85,423.35,0.0028,0.0051,0,collision
865,1000,-277.25,2.06,1211.36,0.0000,0.0014,0,timeout
866,1000,-686.89,0.70,538.37,0.0000,0.0000,0,timeout
867,489,332.08,4.68,1261.59,0.0000,0.0016,1,goal
868,7,-203.22,0.62,3.89,0.0425,0.0000,0,collision
869,1000,-772.87,0.23,242.08,0.0000,0.0000,0,timeout
870,727,286.77,3.19,1560.41,0.0000,0.0140,1,goal
1898,1000,-583.92,1.29,777.51,0.0000,0.0011,0,timeout
1899,505,-285.54,2.02,618.98,0.0027,0.0000,0,collision
1900,1000,-186.34,2.07,1111.77,0.0000,0.0570,0,timeout
1901,1000,-624.28,0.70,514.68,0.0000,0.0000,0,timeout
1902,352,350.41,6.63,1226.97,0.0000,0.0000,1,goal
871,748,-657.88,1.14,638.28,0.0011,0.0034,0,collision
872,1000,-714.58,0.60,430.89,0.0000,0.0241,0,timeout
873,403,373.55,5.83,1352.08,0.0000,0.0071,1,goal
874,2,-201.10,0.00,0.10,0.1593,0.0000,0,collision
875,1000,-646.68,0.68,567.90,0.0000,0.0000,0,timeout
876,1,-200.00,0.00,0.00,0.0000,0.0000,0,collision
877,1000,-672.67,0.85,614.38,0.0000,0.0000,0,timeout
878,1000,-681.19,0.68,444.10,0.0000,0.0000,0,timeout
879,1000,-790.03,0.25,290.73,0.0000,0.0000,0,timeout
880,1000,-459.46,2.07,1285.61,0.0000,0.0000,0,timeout
1903,1000,-558.22,1.83,844.53,0.0000,0.0044,0,timeout
1904,1000,-620.95,0.91,531.96,0.0000,0.0009,0,timeout
1905,1000,-700.82,0.67,442.85,0.0000,0.0000,0,timeout
1906,2,-199.26,1.04,2.51,0.1468,0.0000,0,collision
1907,1000,-577.23,1.31,933.61,0.0000,0.0000,0,timeout
881,1000,-739.05,0.70,492.26,0.0000,0.0000,0,timeout
882,296,401.98,7.80,1319.29,0.0000,0.0000,1,goal
883,1000,-449.46,1.96,1184.66,0.0000,0.0147,0,timeout
884,1000,-701.76,0.69,547.48,0.0000,0.0000,0,timeout
885,2,-199.79,0.31,0.33,0.2397,0.0000,0,collision
886,278,-109.12,5.49,892.65,0.0034,0.1030,0,collision
887,1000,-733.88,0.59,523.91,0.0000,0.0000,0,timeout
888,1000,-643.19,0.85,603.67,0.0000,0.0000,0,timeout
889,1000,-733.16,0.71,339.49,0.0000,0.0000,0,timeout
890,1000,-709.48,0.68,441.48,0.0000,0.0000,0,timeout
1908,1000,-461.38,2.50,1201.97,0.0000,0.0000,0,timeout
1909,1000,-807.08,0.22,229.33,0.0000,0.0000,0,timeout
1910,1000,-733.28,0.50,371.22,0.0000,0.0000,0,timeout
1911,1000,-728.33,0.69,356.73,0.0000,0.0000,0,timeout
1912,364,-209.81,3.18,789.20,0.0006,0.1726,0,collision
891,1000,-184.23,2.07,1297.91,0.0000,0.0059,0,timeout
892,1000,-362.49,1.59,924.48,0.0000,0.0634,0,timeout
893,1000,-643.90,0.68,539.68,0.0000,0.0137,0,timeout
894,1000,-571.29,0.91,471.13,0.0000,0.0000,0,timeout
895,1000,-653.99,0.59,535.52,0.0000,0.0002,0,timeout
896,1000,-586.33,0.69,528.60,0.0000,0.0053,0,timeout
897,1000,-649.24,0.68,511.08,0.0000,0.0049,0,timeout
898,1000,-798.59,0.13,209.11,0.0000,0.0076,0,timeout
899,13,-207.97,0.46,3.01,0.0114,0.0000,0,collision
900,1000,-676.37,0.39,307.20,0.0000,0.0000,0,timeout
1913,1000,-424.08,1.71,1212.33,0.0000,0.0297,0,timeout
1914,1000,-482.26,1.05,785.62,0.0000,0.0000,0,timeout
1915,1000,-614.56,0.67,520.63,0.0000,0.0000,0,timeout
1916,1000,-419.74,1.15,762.11,0.0000,0.0000,0,timeout
901,1000,-513.45,1.05,655.49,0.0000,0.0067,0,timeout
902,1000,-663.62,0.70,498.27,0.0000,0.0000,0,timeout
903,1000,-544.56,0.71,536.79,0.0000,0.0125,0,timeout
904,1000,-399.97,1.21,824.36,0.0000,0.0781,0,timeout
905,1000,-345.37,1.61,1053.76,0.0000,0.0351,0,timeout
906,1000,-547.05,0.85,558.34,0.0000,0.0023,0,timeout
907,1000,-667.18,0.69,526.02,0.0000,0.0044,0,timeout
908,1000,-480.93,1.14,685.21,0.0000,0.0004,0,timeout
909,1000,-407.85,1.41,964.50,0.0000,0.0102,0,timeout
910,1000,-342.30,1.61,1074.58,0.0000,0.0201,0,timeout
1917,1000,-288.78,2.01,1265.14,0.0000,0.0000,0,timeout
1918,1000,-587.37,0.86,657.09,0.0000,0.0010,0,timeout
1919,964,307.86,2.76,1619.67,0.0000,0.0188,1,goal
1920,619,386.21,3.76,1394.76,0.0000,0.0112,1,goal
1921,1000,-394.41,1.94,988.15,0.0000,0.0779,0,timeout
911,1000,-372.28,2.06,1221.43,0.0000,0.0008,0,timeout
912,1000,-755.56,0.68,430.56,0.0000,0.0000,0,timeout
913,1000,-576.78,1.44,772.36,0.0000,0.0000,0,timeout
914,1000,-484.16,1.44,927.18,0.0000,0.0024,0,timeout
915,1000,-681.99,0.66,386.41,0.0000,0.0000,0,timeout
916,1000,-739.62,0.71,533.60,0.0000,0.0000,0,timeout
917,1000,-702.42,0.85,769.94,0.0000,0.0000,0,timeout
918,424,340.36,5.51,1190.90,0.0000,0.0077,1,goal
919,1000,-654.65,0.85,647.16,0.0000,0.0000,0,timeout
920,1000,-701.79,0.39,333.05,0.0000,0.0000,0,timeout
1922,599,-219.60,4.61,1395.04,0.0011,0.0038,0,collision
1923,1000,-716.87,0.54,446.56,0.0000,0.0142,0,timeout
1924,1000,-729.92,0.59,394.62,0.0000,0.0000,0,timeout
1925,1000,-673.81,0.59,487.46,0.0000,0.0000,0,timeout
921,1000,-290.31,2.06,1289.58,0.0000,0.0523,0,timeout
922,1000,-688.68,0.58,528.83,0.0000,0.0000,0,timeout
923,259,366.83,8.97,874.63,0.0000,0.0000,1,goal
924,1000,-632.49,0.78,482.70,0.0000,0.0198,0,timeout
925,1000,-607.25,0.70,491.78,0.0000,0.0068,0,timeout
926,351,390.15,6.64,1184.17,0.0000,0.0053,1,goal
927,117,-119.07,10.08,333.54,0.0077,0.0000,0,collision
928,1000,-646.08,0.71,571.65,0.0000,0.0000,0,timeout
929,1000,-648.91,0.60,443.02,0.0000,0.0000,0,timeout
930,1000,-691.88,0.71,452.34,0.0000,0.0000,0,timeout
1926,1000,-215.85,3.88,1324.89,0.0000,0.0023,0,timeout
1927,1000,-694.19,0.65,422.19,0.0000,0.0000,0,timeout
1928,723,-333.37,2.20,1072.23,0.0016,0.0008,0,collision
1929,1000,-526.03,1.15,698.38,0.0000,0.0175,0,timeout
1930,281,372.02,8.30,865.21,0.0000,0.0000,1,goal
931,1000,-597.01,0.71,524.23,0.0000,0.0000,0,timeout
932,1000,-375.18,1.59,956.83,0.0000,0.0024,0,timeout
