episode,steps,ep_reward,avg_speed,total_energy,wiggle,safety,success,reason
1,572,-570.38,1.19,169.65,0.0027,0.0000,0,collision
2,333,-381.37,1.83,206.78,0.0028,0.0000,0,collision
3,561,-550.27,1.54,187.04,0.0026,0.0000,0,collision
4,561,-550.92,1.17,170.48,0.0019,0.0113,0,collision
5,540,-511.61,1.50,189.72,0.0036,0.0187,0,collision
6,521,-548.68,1.17,84.45,0.0053,0.0000,0,collision
7,555,-578.70,1.10,180.96,0.0034,0.0132,0,collision
8,524,-557.71,1.15,206.07,0.0009,0.0046,0,collision
9,343,-369.18,1.98,270.57,0.0029,0.0000,0,collision
10,424,-469.20,1.37,142.46,0.0063,0.0088,0,collision
1,640,-679.62,0.93,181.84,0.0011,0.0347,0,collision
2,336,-390.93,1.74,74.35,0.0064,0.0273,0,collision
3,534,-498.96,1.40,208.18,0.0035,0.0000,0,collision
4,331,-386.26,1.82,108.00,0.0050,0.0003,0,collision
11,270,-316.13,2.25,212.06,0.0043,0.0090,0,collision
12,293,-289.16,2.60,156.64,0.0044,0.0000,0,collision
13,196,-262.96,3.31,126.24,0.0052,0.0000,0,collision
14,255,-297.81,2.28,99.11,0.0087,0.0016,0,collision
15,291,-346.65,2.12,89.89,0.0025,0.0124,0,collision
16,290,-316.10,2.52,175.74,0.0094,0.0104,0,collision
17,334,-351.17,2.07,160.14,0.0052,0.0079,0,collision
18,328,-344.06,1.83,104.92,0.0032,0.0084,0,collision
19,269,-313.86,2.23,177.12,0.0083,0.0055,0,collision
20,369,-371.51,2.27,105.45,0.0015,0.0088,0,collision
5,495,-477.86,1.71,229.96,0.0022,0.0000,0,collision
6,310,-343.81,1.88,195.23,0.0024,0.0041,0,collision
7,252,-301.78,2.72,157.69,0.0054,0.0566,0,collision
8,186,-252.14,3.15,201.89,0.0112,0.0000,0,collision
9,383,-354.48,2.11,109.67,0.0038,0.0161,0,collision
10,426,-427.38,1.86,230.47,0.0030,0.0471,0,collision
21,295,-262.66,4.11,333.79,0.0030,0.0014,0,collision
22,240,-293.82,2.41,91.15,0.0082,0.0022,0,collision
23,143,-234.05,4.94,114.96,0.0147,0.0000,0,collision
24,209,-249.15,3.47,98.71,0.0080,0.0000,0,collision
25,231,-265.90,3.72,143.78,0.0095,0.0042,0,collision
26,320,-334.56,1.90,146.63,0.0048,0.0155,0,collision
27,203,-243.16,4.44,111.74,0.0060,0.0157,0,collision
28,257,-323.56,2.34,155.44,0.0055,0.0000,0,collision
29,198,-275.51,2.85,121.08,0.0087,0.0000,0,collision
30,346,-386.22,1.74,153.57,0.0010,0.0013,0,collision
11,370,-326.69,3.24,96.68,0.0050,0.0022,0,collision
12,256,-326.32,2.60,145.49,0.0046,0.0000,0,collision
13,267,-314.67,2.27,97.89,0.0103,0.0284,0,collision
14,277,-307.34,2.98,160.00,0.0011,0.0025,0,collision
15,211,-278.05,3.26,121.56,0.0111,0.0000,0,collision
16,280,-318.83,2.10,48.37,0.0052,0.0066,0,collision
17,312,-299.38,3.59,216.29,0.0028,0.0125,0,collision
18,232,-252.42,3.12,127.69,0.0053,0.0000,0,collision
31,307,-329.79,2.02,106.17,0.0030,0.0033,0,collision
32,149,-237.77,4.05,80.96,0.0063,0.0067,0,collision
33,307,-307.11,2.83,200.04,0.0071,0.0000,0,collision
34,392,-426.40,1.75,131.66,0.0045,0.0114,0,collision
35,319,-321.63,2.92,168.41,0.0042,0.0173,0,collision
36,317,-348.79,2.43,176.08,0.0070,0.0000,0,collision
37,343,-357.15,2.44,172.50,0.0052,0.0089,0,collision
38,335,-355.07,1.84,118.49,0.0037,0.0077,0,collision
39,372,-419.54,1.63,123.29,0.0023,0.0064,0,collision
40,314,-346.10,1.91,175.16,0.0040,0.0018,0,collision
19,489,-469.09,1.85,148.66,0.0036,0.0074,0,collision
20,540,-512.71,1.53,209.16,0.0043,0.0014,0,collision
21,356,-346.54,2.64,177.32,0.0050,0.0073,0,collision
22,312,-316.75,2.91,331.74,0.0062,0.0032,0,collision
23,313,-309.90,3.73,173.60,0.0004,0.0107,0,collision
41,179,-238.99,3.94,133.59,0.0114,0.0112,0,collision
42,241,-244.39,3.71,300.06,0.0029,0.0000,0,collision
43,240,-289.84,2.71,132.96,0.0033,0.0000,0,collision
44,229,-265.80,2.54,139.36,0.0076,0.0133,0,collision
45,107,-231.36,5.60,57.27,0.0149,0.0095,0,collision
46,221,-267.10,3.25,150.45,0.0029,0.0000,0,collision
47,279,-289.52,3.53,276.37,0.0064,0.0224,0,collision
48,117,-215.26,4.90,64.63,0.0130,0.0000,0,collision
49,148,-202.70,5.16,50.12,0.0159,0.0127,0,collision
50,126,-209.19,5.79,184.39,0.0103,0.0000,0,collision
24,245,-279.53,2.96,89.39,0.0055,0.0000,0,collision
25,160,-241.90,3.82,81.78,0.0057,0.0303,0,collision
26,139,-232.92,4.38,124.37,0.0066,0.0200,0,collision
27,192,-261.32,3.05,70.61,0.0048,0.0052,0,collision
28,222,-288.35,2.73,227.84,0.0038,0.0173,0,collision
29,174,-236.88,4.67,193.56,0.0065,0.0085,0,collision
30,229,-280.02,2.58,0.38,0.0011,0.0080,0,collision
31,200,-271.72,3.27,164.55,0.0097,0.0000,0,collision
32,149,-241.35,4.08,101.00,0.0091,0.0067,0,collision
33,206,-293.19,2.95,146.60,0.0059,0.0000,0,collision
34,214,-269.13,3.55,165.19,0.0083,0.0039,0,collision
51,166,-219.24,5.16,302.44,0.0116,0.0000,0,collision
52,136,-230.97,8.70,176.39,0.0077,0.0162,0,collision
53,194,-245.60,2.98,119.79,0.0082,0.0000,0,collision
54,204,-274.04,2.96,122.40,0.0029,0.0000,0,collision
55,150,-245.84,3.80,42.91,0.0098,0.0486,0,collision
56,177,-193.06,6.32,237.92,0.0111,0.0185,0,collision
57,133,-243.45,4.58,48.48,0.0145,0.0010,0,collision
58,238,-252.46,3.66,288.98,0.0040,0.0004,0,collision
59,137,-230.59,5.84,190.01,0.0060,0.0000,0,collision
60,144,-230.99,4.23,147.40,0.0055,0.0093,0,collision
35,318,-321.52,2.76,249.09,0.0036,0.0022,0,collision
36,157,-235.45,5.17,167.94,0.0077,0.0062,0,collision
37,161,-255.60,4.22,128.95,0.0098,0.0000,0,collision
38,174,-235.59,3.89,154.00,0.0100,0.0000,0,collision
39,222,-267.27,2.70,101.98,0.0093,0.0109,0,collision
40,144,-228.09,3.82,140.75,0.0132,0.0053,0,collision
41,151,-221.03,5.08,209.85,0.0079,0.0000,0,collision
42,122,-250.50,4.84,69.86,0.0121,0.0075,0,collision
43,164,-251.99,3.64,166.35,0.0118,0.0061,0,collision
44,282,-275.36,4.18,294.43,0.0027,0.0565,0,collision
61,252,-286.29,2.32,88.79,0.0079,0.0080,0,collision
62,344,-358.60,2.46,150.23,0.0057,0.0213,0,collision
63,271,-321.35,2.15,148.84,0.0073,0.0227,0,collision
64,260,-328.26,2.16,106.01,0.0036,0.0287,0,collision
65,366,-397.81,1.62,179.06,0.0027,0.0000,0,collision
66,245,-292.11,2.48,38.35,0.0057,0.0150,0,collision
67,254,-311.23,2.34,131.16,0.0044,0.0051,0,collision
68,309,-320.45,1.93,129.30,0.0063,0.0152,0,collision
69,330,-353.71,2.25,116.88,0.0037,0.0169,0,collision
70,320,-349.17,1.88,158.60,0.0078,0.0140,0,collision
45,422,-353.60,3.00,264.28,0.0011,0.0205,0,collision
46,254,-304.99,2.37,156.02,0.0092,0.0000,0,collision
47,381,-399.62,1.61,155.13,0.0045,0.0007,0,collision
48,274,-300.44,2.16,102.44,0.0076,0.0312,0,collision
49,269,-317.22,2.27,169.98,0.0018,0.0000,0,collision
50,321,-355.24,2.53,207.44,0.0052,0.0054,0,collision
71,524,-537.01,1.16,178.41,0.0009,0.0000,0,collision
72,381,-409.60,1.58,124.88,0.0038,0.0140,0,collision
73,338,-378.14,1.68,109.82,0.0037,0.0048,0,collision
74,531,-508.89,1.41,185.65,0.0014,0.0001,0,collision
75,372,-388.39,1.65,112.53,0.0024,0.0075,0,collision
76,297,-313.96,2.09,134.56,0.0024,0.0041,0,collision
77,303,-340.58,2.05,116.09,0.0026,0.0000,0,collision
78,337,-380.63,1.82,139.06,0.0045,0.0000,0,collision
79,323,-358.06,1.86,91.71,0.0052,0.0135,0,collision
80,207,-275.79,2.99,102.60,0.0101,0.0647,0,collision
51,546,-413.59,2.39,288.94,0.0018,0.0000,0,collision
52,274,-301.70,2.23,114.68,0.0111,0.0042,0,collision
53,233,-283.35,2.65,46.76,0.0044,0.0148,0,collision
54,243,-296.12,2.45,211.72,0.0029,0.0000,0,collision
55,534,-508.05,1.44,87.12,0.0036,0.0018,0,collision
56,416,-446.04,1.62,125.22,0.0060,0.0395,0,collision
81,315,-347.54,1.94,157.83,0.0062,0.0000,0,collision
82,427,-423.76,1.69,210.32,0.0036,0.0000,0,collision
83,323,-362.17,1.81,216.09,0.0019,0.0148,0,collision
84,338,-406.12,1.74,113.64,0.0031,0.0235,0,collision
85,521,-523.61,1.19,200.98,0.0032,0.0048,0,collision
86,278,-344.13,2.11,32.46,0.0018,0.0128,0,collision
87,341,-377.22,1.93,156.28,0.0041,0.0302,0,collision
88,313,-365.14,1.93,151.51,0.0037,0.0340,0,collision
89,277,-327.09,2.17,74.19,0.0049,0.0180,0,collision
90,381,-390.37,1.61,106.76,0.0047,0.0054,0,collision
57,404,-387.93,1.96,157.05,0.0022,0.0000,0,collision
58,535,-492.34,1.40,148.34,0.0035,0.0046,0,collision
59,525,-496.24,1.33,205.28,0.0011,0.0034,0,collision
60,337,-394.16,1.82,148.91,0.0023,0.0002,0,collision
91,287,-327.66,2.06,133.73,0.0051,0.0074,0,collision
92,525,-525.26,1.33,121.29,0.0032,0.0222,0,collision
93,362,-398.87,1.62,77.04,0.0027,0.0096,0,collision
94,334,-366.22,1.84,205.25,0.0031,0.0182,0,collision
95,248,-316.03,2.35,229.00,0.0074,0.0167,0,collision
96,573,-580.23,1.19,81.79,0.0026,0.0017,0,collision
97,332,-378.29,2.06,177.52,0.0035,0.0465,0,collision
98,522,-521.72,1.31,145.19,0.0018,0.0051,0,collision
99,330,-382.78,1.82,80.77,0.0033,0.0296,0,collision
100,292,-344.97,2.23,77.43,0.0053,0.0041,0,collision
61,582,-494.05,2.01,152.37,0.0011,0.0144,0,collision
62,314,-331.60,2.15,19.67,0.0046,0.0073,0,collision
63,526,-488.70,1.30,161.04,0.0052,0.0000,0,collision
64,419,-449.48,1.39,201.53,0.0013,0.0069,0,collision
65,380,-425.53,1.50,90.71,0.0012,0.0268,0,collision
101,239,-298.65,2.57,102.23,0.0075,0.0184,0,collision
102,107,-221.46,5.48,137.20,0.0156,0.0000,0,collision
103,131,-237.33,4.67,51.96,0.0133,0.0076,0,collision
104,274,-334.42,2.59,174.83,0.0047,0.0006,0,collision
105,291,-329.49,2.07,145.58,0.0049,0.0000,0,collision
106,299,-337.84,2.02,135.58,0.0050,0.0000,0,collision
107,149,-217.25,4.16,149.73,0.0057,0.0000,0,collision
108,211,-267.51,2.86,93.67,0.0089,0.0538,0,collision
109,329,-358.16,1.76,159.25,0.0057,0.0026,0,collision
110,336,-349.93,1.78,70.63,0.0029,0.0092,0,collision
66,329,-319.67,2.90,253.86,0.0045,0.0013,0,collision
67,263,-305.24,2.34,140.53,0.0029,0.0403,0,collision
68,227,-291.04,2.94,134.61,0.0060,0.0000,0,collision
69,333,-369.18,1.80,128.64,0.0072,0.0417,0,collision
70,199,-249.17,3.04,87.18,0.0035,0.0148,0,collision
71,263,-296.97,2.25,108.24,0.0074,0.0065,0,collision
72,292,-314.65,2.12,185.55,0.0062,0.0034,0,collision
111,525,-512.64,1.17,102.55,0.0021,0.0000,0,collision
112,359,-404.48,1.68,153.86,0.0013,0.0307,0,collision
113,282,-329.68,2.10,133.95,0.0049,0.0341,0,collision
114,381,-419.60,1.54,234.82,0.0035,0.0271,0,collision
115,536,-532.16,1.38,262.42,0.0016,0.0000,0,collision
116,549,-571.01,1.07,105.31,0.0030,0.0000,0,collision
117,242,-331.52,2.42,155.50,0.0054,0.0215,0,collision
118,545,-554.30,1.25,235.90,0.0038,0.0104,0,collision
119,392,-461.18,1.52,232.14,0.0025,0.0247,0,collision
120,359,-441.62,1.63,31.34,0.0038,0.0240,0,collision
73,641,-552.63,1.77,302.11,0.0012,0.0230,0,collision
74,347,-386.59,1.69,113.79,0.0013,0.0273,0,collision
75,303,-349.41,1.98,191.33,0.0024,0.0251,0,collision
76,524,-541.11,1.14,108.92,0.0010,0.0000,0,collision
121,434,-455.72,1.35,152.06,0.0027,0.0105,0,collision
122,538,-580.38,1.09,150.16,0.0007,0.0023,0,collision
123,529,-549.03,1.13,170.27,0.0030,0.0031,0,collision
124,599,-612.24,0.98,118.11,0.0007,0.0079,0,collision
125,631,-638.85,1.05,125.11,0.0025,0.0098,0,collision
126,352,-405.50,1.65,114.27,0.0056,0.0369,0,collision
127,512,-572.26,1.16,118.22,0.0033,0.0133,0,collision
128,519,-566.87,1.17,140.60,0.0017,0.0074,0,collision
129,447,-458.47,1.36,146.99,0.0022,0.0022,0,collision
130,376,-409.67,1.54,187.75,0.0064,0.0343,0,collision
77,1000,-654.56,1.25,231.63,0.0000,0.0156,0,timeout
78,390,-448.24,1.48,196.61,0.0024,0.0580,0,collision
79,620,-658.39,1.07,183.94,0.0023,0.0327,0,collision
80,569,-585.88,1.06,202.66,0.0041,0.0001,0,collision
131,180,-276.75,3.69,37.15,0.0074,0.0000,0,collision
132,264,-360.38,2.18,39.69,0.0093,0.0804,0,collision
133,238,-317.12,2.41,105.99,0.0043,0.0521,0,collision
134,316,-363.44,1.76,142.12,0.0037,0.0415,0,collision
135,308,-356.36,1.97,77.78,0.0049,0.0284,0,collision
136,323,-384.78,1.82,79.65,0.0045,0.0299,0,collision
137,305,-353.14,1.93,90.79,0.0021,0.0391,0,collision
138,147,-218.07,4.06,138.49,0.0155,0.0000,0,collision
139,262,-316.81,2.25,135.86,0.0076,0.0000,0,collision
140,147,-269.37,4.50,131.39,0.0102,0.0000,0,collision
81,146,-238.16,4.15,123.04,0.0040,0.0000,0,collision
82,293,-338.16,1.94,117.81,0.0043,0.0117,0,collision
83,177,-256.28,3.29,160.74,0.0065,0.0000,0,collision
84,311,-360.35,1.82,79.13,0.0066,0.0734,0,collision
85,306,-348.36,1.90,158.54,0.0044,0.0001,0,collision
86,291,-381.03,1.99,155.41,0.0055,0.0586,0,collision
87,264,-337.90,2.27,115.58,0.0036,0.0334,0,collision
141,513,-546.47,1.18,110.29,0.0017,0.0244,0,collision
142,285,-339.91,2.09,229.87,0.0037,0.0436,0,collision
143,309,-401.77,1.90,131.96,0.0048,0.0350,0,collision
144,365,-461.53,1.61,175.76,0.0031,0.0705,0,collision
145,518,-555.86,1.19,147.74,0.0034,0.0427,0,collision
146,299,-368.65,1.96,12.63,0.0021,0.0347,0,collision
147,380,-464.51,1.50,131.87,0.0034,0.0694,0,collision
148,331,-402.71,1.78,182.97,0.0021,0.0236,0,collision
149,284,-360.88,2.12,56.98,0.0105,0.0265,0,collision
150,287,-334.78,2.11,157.41,0.0019,0.0138,0,collision
88,590,-512.23,1.98,314.49,0.0032,0.0237,0,collision
89,243,-292.11,2.42,144.76,0.0030,0.0177,0,collision
90,248,-327.04,2.29,55.77,0.0045,0.0672,0,collision
91,295,-345.24,1.96,81.55,0.0079,0.0220,0,collision
92,243,-326.86,2.40,134.39,0.0056,0.0650,0,collision
93,239,-317.76,2.96,110.20,0.0048,0.0000,0,collision
94,348,-428.03,1.68,182.12,0.0053,0.0571,0,collision
151,381,-452.51,1.51,164.56,0.0044,0.0262,0,collision
152,454,-548.14,1.30,179.66,0.0028,0.0677,0,collision
153,396,-455.76,1.48,104.29,0.0023,0.0676,0,collision
154,623,-645.06,1.07,164.37,0.0015,0.0253,0,collision
155,101,-208.95,5.83,26.49,0.0096,0.0000,0,collision
156,187,-309.40,3.16,130.09,0.0049,0.1273,0,collision
157,387,-440.84,1.50,214.26,0.0026,0.0334,0,collision
158,223,-370.67,2.70,13.85,0.0076,0.1391,0,collision
159,451,-482.13,1.30,175.60,0.0047,0.0255,0,collision
160,370,-418.31,1.56,174.86,0.0017,0.0230,0,collision
95,239,-235.24,4.40,134.74,0.0042,0.0000,0,collision
96,514,-546.87,1.19,150.26,0.0020,0.0366,0,collision
97,411,-488.98,1.46,142.95,0.0062,0.0310,0,collision
98,530,-559.47,1.16,112.53,0.0025,0.0152,0,collision
99,258,-346.65,2.28,123.50,0.0045,0.0401,0,collision
161,294,-352.02,1.98,149.40,0.0051,0.0116,0,collision
162,337,-437.91,1.73,196.70,0.0038,0.0881,0,collision
163,315,-385.80,1.78,88.89,0.0039,0.0187,0,collision
164,159,-234.68,3.76,68.23,0.0060,0.0985,0,collision
165,338,-409.07,1.73,177.39,0.0043,0.0508,0,collision
166,394,-488.94,1.46,173.74,0.0021,0.1027,0,collision
167,307,-379.05,1.89,208.63,0.0070,0.0787,0,collision
168,410,-483.46,1.44,180.92,0.0050,0.0793,0,collision
169,265,-349.03,2.24,-15.35,0.0045,0.0201,0,collision
170,393,-440.37,1.48,117.22,0.0064,0.0222,0,collision
100,508,-459.01,1.96,147.09,0.0020,0.0240,0,collision
101,396,-464.09,1.47,187.35,0.0017,0.0879,0,collision
102,305,-382.03,1.93,100.42,0.0038,0.0489,0,collision
103,471,-541.92,1.42,187.80,0.0020,0.0467,0,collision
104,394,-451.56,1.47,171.65,0.0071,0.0716,0,collision
171,522,-598.26,1.16,167.86,0.0019,0.0493,0,collision
172,539,-579.98,1.10,181.47,0.0016,0.0124,0,collision
173,532,-567.14,1.09,96.75,0.0034,0.0156,0,collision
174,455,-548.99,1.27,156.29,0.0037,0.0603,0,collision
175,445,-524.65,1.28,132.04,0.0027,0.0771,0,collision
176,622,-663.56,0.95,123.70,0.0017,0.0062,0,collision
177,525,-587.00,1.10,246.16,0.0026,0.0322,0,collision
178,518,-555.97,1.18,98.49,0.0035,0.0298,0,collision
179,495,-580.75,1.18,202.89,0.0025,0.0780,0,collision
180,172,-278.55,3.48,82.92,0.0031,0.0398,0,collision
105,710,-681.38,1.24,241.15,0.0021,0.0116,0,collision
106,368,-467.30,1.56,82.85,0.0036,0.0827,0,collision
107,481,-510.61,1.20,72.17,0.0049,0.0284,0,collision
108,417,-491.18,1.41,129.48,0.0015,0.0807,0,collision
181,110,-236.75,5.59,52.67,0.0105,0.0000,0,collision
182,150,-242.95,3.91,86.62,0.0070,0.1200,0,collision
183,122,-233.01,5.88,74.03,0.0039,0.0000,0,collision
184,371,-426.19,1.57,90.54,0.0025,0.0861,0,collision
185,329,-412.60,1.74,126.06,0.0034,0.1075,0,collision
186,278,-358.34,2.13,215.40,0.0065,0.0303,0,collision
187,263,-375.75,2.26,15.80,0.0059,0.0905,0,collision
188,259,-341.41,2.24,143.39,0.0070,0.0701,0,collision
189,412,-497.20,1.42,109.86,0.0018,0.0902,0,collision
190,343,-402.43,1.67,146.61,0.0048,0.0855,0,collision
109,473,-419.86,2.30,214.97,0.0019,0.0234,0,collision
110,318,-421.14,1.86,113.43,0.0028,0.0376,0,collision
111,323,-389.18,1.77,79.54,0.0006,0.0583,0,collision
112,161,-247.02,3.66,128.13,0.0075,0.0634,0,collision
113,262,-351.05,2.23,134.49,0.0045,0.0585,0,collision
114,329,-404.97,1.79,104.64,0.0027,0.0319,0,collision
115,142,-248.13,4.17,145.42,0.0074,0.0000,0,collision
116,283,-364.22,2.08,37.85,0.0019,0.0612,0,collision
191,322,-358.58,1.84,92.90,0.0054,0.0017,0,collision
192,139,-234.82,4.27,136.55,0.0042,0.0000,0,collision
193,232,-346.52,2.54,114.72,0.0048,0.0506,0,collision
194,320,-383.36,1.81,223.25,0.0028,0.0251,0,collision
195,270,-387.12,2.19,137.79,0.0044,0.1177,0,collision
196,312,-384.79,1.89,175.31,0.0074,0.0258,0,collision
197,253,-361.41,2.27,120.67,0.0071,0.0810,0,collision
198,428,-532.27,1.35,199.89,0.0025,0.0505,0,collision
199,320,-377.49,1.78,197.00,0.0034,0.0252,0,collision
200,336,-432.70,1.68,101.50,0.0034,0.0917,0,collision
117,335,-425.89,1.76,59.49,0.0032,0.0756,0,collision
118,407,-482.49,1.39,115.74,0.0022,0.0462,0,collision
119,520,-562.01,1.16,216.97,0.0021,0.0341,0,collision
120,520,-578.06,1.12,246.89,0.0031,0.0391,0,collision
201,192,-274.59,3.02,135.03,0.0040,0.0000,0,collision
202,120,-213.36,4.85,164.50,0.0095,0.0000,0,collision
203,257,-353.76,2.26,113.04,0.0034,0.0440,0,collision
204,209,-326.34,2.82,179.91,0.0152,0.0310,0,collision
205,241,-367.52,2.42,228.73,0.0065,0.0485,0,collision
206,210,-298.79,2.73,202.45,0.0162,0.0401,0,collision
207,127,-224.44,4.46,130.49,0.0125,0.0803,0,collision
208,104,-213.51,5.58,139.35,0.0134,0.0000,0,collision
209,211,-305.56,2.82,86.94,0.0088,0.0440,0,collision
210,229,-332.25,2.51,108.07,0.0054,0.0697,0,collision
121,529,-511.26,2.32,339.74,0.0012,0.0177,0,collision
122,178,-276.85,3.29,168.01,0.0039,0.0093,0,collision
123,181,-293.76,3.16,76.45,0.0038,0.1047,0,collision
124,271,-352.65,2.15,139.62,0.0060,0.0333,0,collision
125,292,-402.51,2.03,147.70,0.0040,0.0596,0,collision
126,213,-301.66,3.00,235.31,0.0104,0.0000,0,collision
127,92,-213.32,6.23,162.37,0.0167,0.0000,0,collision
128,182,-241.17,3.19,171.94,0.0114,0.0565,0,collision
129,137,-247.77,4.08,121.95,0.0061,0.0046,0,collision
130,235,-307.58,2.42,128.01,0.0075,0.0780,0,collision
211,333,-400.80,1.77,125.73,0.0071,0.0326,0,collision
212,287,-377.70,1.97,152.77,0.0043,0.0346,0,collision
213,255,-369.83,2.28,125.79,0.0068,0.0563,0,collision
214,276,-350.87,2.07,80.47,0.0056,0.0000,0,collision
215,157,-247.81,3.65,253.01,0.0069,0.0043,0,collision
216,330,-412.37,1.74,164.96,0.0013,0.0223,0,collision
217,308,-379.25,1.89,171.07,0.0011,0.0290,0,collision
218,116,-250.45,5.02,120.61,0.0079,0.0000,0,collision
219,368,-447.19,1.60,163.14,0.0028,0.0148,0,collision
220,265,-337.04,2.19,88.51,0.0068,0.0304,0,collision
131,276,-327.25,2.24,145.70,0.0053,0.0134,0,collision
132,326,-434.67,1.77,146.84,0.0078,0.1004,0,collision
133,233,-333.78,2.46,151.02,0.0092,0.0686,0,collision
134,211,-351.64,2.76,100.14,0.0075,0.1610,0,collision
135,338,-424.79,1.76,173.59,0.0034,0.0625,0,collision
136,295,-394.94,1.98,243.19,0.0076,0.0094,0,collision
137,296,-351.45,1.98,114.10,0.0049,0.0315,0,collision
221,436,-518.49,1.30,203.54,0.0038,0.0320,0,collision
222,456,-570.32,1.27,139.47,0.0030,0.0769,0,collision
223,434,-498.01,1.34,129.21,0.0022,0.0898,0,collision
224,404,-469.93,1.43,163.23,0.0021,0.0000,0,collision
225,389,-492.65,1.50,138.79,0.0037,0.0487,0,collision
226,347,-423.52,1.66,93.31,0.0017,0.0091,0,collision
227,232,-334.32,2.56,137.75,0.0051,0.0919,0,collision
228,339,-443.34,1.71,196.68,0.0011,0.0987,0,collision
229,386,-488.24,1.54,193.87,0.0021,0.0944,0,collision
230,258,-379.77,2.25,13.71,0.0073,0.0872,0,collision
138,613,-592.29,1.54,294.90,0.0025,0.0174,0,collision
139,417,-494.78,1.41,181.69,0.0034,0.0241,0,collision
140,432,-510.14,1.35,212.44,0.0028,0.0420,0,collision
141,589,-656.76,0.99,158.02,0.0019,0.0440,0,collision
231,493,-654.86,1.17,300.61,0.0025,0.1430,0,collision
232,771,-891.00,0.75,120.25,0.0013,0.0365,0,collision
233,598,-706.75,0.98,147.43,0.0019,0.0533,0,collision
234,713,-841.17,0.79,167.11,0.0020,0.0179,0,collision
235,832,-937.53,0.69,227.62,0.0024,0.0333,0,collision
236,536,-590.42,1.08,191.58,0.0047,0.0385,0,collision
237,708,-784.04,0.81,125.64,0.0022,0.0122,0,collision
238,658,-725.19,0.88,202.39,0.0024,0.0169,0,collision
239,347,-430.72,1.68,118.76,0.0043,0.0945,0,collision
240,703,-789.20,0.82,192.39,0.0037,0.0247,0,collision
142,767,-793.93,1.15,182.11,0.0011,0.0211,0,collision
143,770,-879.80,0.75,142.09,0.0029,0.0542,0,collision
241,744,-881.83,0.77,183.04,0.0019,0.0197,0,collision
242,671,-755.96,0.86,83.90,0.0018,0.0045,0,collision
243,584,-650.88,1.01,134.72,0.0020,0.0123,0,collision
244,463,-558.61,1.25,178.53,0.0044,0.0681,0,collision
245,777,-883.23,0.75,186.94,0.0012,0.0424,0,collision
246,554,-688.54,1.06,192.84,0.0009,0.0742,0,collision
247,616,-738.71,0.95,149.16,0.0013,0.0470,0,collision
248,639,-669.45,0.91,200.34,0.0023,0.0039,0,collision
249,550,-677.27,1.04,220.52,0.0034,0.0505,0,collision
250,550,-646.23,1.06,269.07,0.0019,0.0547,0,collision
144,1000,-792.19,1.10,364.99,0.0000,0.0479,0,timeout
145,675,-768.37,0.85,212.71,0.0010,0.0342,0,collision
146,560,-675.98,1.03,159.06,0.0018,0.0563,0,collision
251,590,-729.77,0.98,124.70,0.0030,0.0732,0,collision
252,429,-519.80,1.34,133.82,0.0037,0.0781,0,collision
253,489,-655.38,1.20,77.64,0.0009,0.0850,0,collision
254,330,-430.07,1.78,121.59,0.0032,0.0263,0,collision
255,651,-792.19,0.90,79.28,0.0030,0.0565,0,collision
256,815,-928.39,0.70,222.85,0.0007,0.0580,0,collision
257,707,-878.52,0.83,73.96,0.0028,0.0555,0,collision
258,542,-736.37,1.07,205.32,0.0026,0.0919,0,collision
259,813,-934.14,0.69,178.32,0.0014,0.0543,0,collision
260,731,-775.02,0.80,153.25,0.0017,0.0183,0,collision
147,988,-1024.25,1.15,219.97,0.0012,0.0569,0,collision
148,690,-782.94,0.84,157.60,0.0012,0.0196,0,collision
149,701,-800.00,0.83,158.74,0.0026,0.0306,0,collision
261,795,-979.43,0.71,133.83,0.0004,0.0823,0,collision
262,603,-753.52,0.98,143.13,0.0016,0.0733,0,collision
263,703,-839.39,0.83,154.41,0.0029,0.0724,0,collision
264,512,-590.53,1.15,158.95,0.0036,0.0408,0,collision
265,633,-793.09,0.92,193.53,0.0017,0.0701,0,collision
266,731,-872.07,0.78,181.19,0.0017,0.0517,0,collision
267,738,-865.20,0.80,68.03,0.0014,0.0358,0,collision
268,735,-826.04,0.79,151.50,0.0026,0.0550,0,collision
269,549,-692.77,1.05,171.17,0.0017,0.0693,0,collision
270,452,-578.52,1.27,169.15,0.0040,0.0473,0,collision
150,595,-657.76,1.36,388.47,0.0013,0.0586,0,collision
151,496,-639.40,1.16,182.82,0.0015,0.1087,0,collision
152,627,-696.53,0.94,129.29,0.0035,0.0147,0,collision
271,414,-515.65,1.40,215.69,0.0036,0.0650,0,collision
272,484,-596.81,1.21,104.69,0.0034,0.0594,0,collision
273,333,-440.24,1.70,242.77,0.0034,0.0448,0,collision
274,432,-521.22,1.34,226.67,0.0028,0.0624,0,collision
275,159,-261.48,3.71,43.02,0.0067,0.0842,0,collision
276,312,-452.34,1.86,136.61,0.0073,0.0845,0,collision
277,276,-412.37,2.13,80.92,0.0018,0.0801,0,collision
278,353,-467.50,1.65,135.76,0.0024,0.0274,0,collision
279,350,-475.69,1.64,118.36,0.0062,0.1043,0,collision
280,260,-374.27,2.26,181.23,0.0075,0.0685,0,collision
153,730,-793.33,1.56,167.40,0.0015,0.0758,0,collision
154,542,-697.84,1.21,244.49,0.0032,0.0000,0,collision
155,328,-477.54,1.80,112.16,0.0059,0.0908,0,collision
156,449,-578.16,1.27,118.18,0.0024,0.0376,0,collision
281,445,-599.20,1.25,94.83,0.0025,0.0603,0,collision
282,341,-506.54,1.62,90.13,0.0069,0.0675,0,collision
283,495,-638.84,1.15,123.86,0.0011,0.0550,0,collision
284,450,-594.26,1.28,94.89,0.0019,0.0960,0,collision
285,221,-331.89,2.56,-34.50,0.0043,0.1082,0,collision
286,68,-233.91,8.96,-48.16,0.0198,0.0000,0,collision
287,487,-611.41,1.14,79.70,0.0017,0.0698,0,collision
288,562,-727.36,1.00,120.97,0.0015,0.0658,0,collision
289,391,-536.72,1.42,54.24,0.0034,0.0574,0,collision
290,396,-524.47,1.46,69.67,0.0051,0.0222,0,collision
157,502,-579.55,2.31,173.11,0.0039,0.0219,0,collision
158,501,-666.59,1.16,88.86,0.0011,0.0591,0,collision
159,535,-664.33,1.03,86.42,0.0040,0.0451,0,collision
160,343,-449.56,1.65,80.70,0.0018,0.0206,0,collision
161,416,-531.95,1.37,95.55,0.0065,0.0243,0,collision
162,114,-239.86,4.72,48.43,0.0069,0.0547,0,collision
291,404,-534.04,1.41,76.01,0.0063,0.0847,0,collision
292,457,-582.11,1.27,98.03,0.0012,0.0722,0,collision
293,246,-384.68,2.24,51.52,0.0079,0.0722,0,collision
294,374,-490.83,1.52,65.80,0.0050,0.0382,0,collision
295,444,-600.51,1.27,96.51,0.0055,0.0856,0,collision
296,385,-523.03,1.48,99.56,0.0025,0.0748,0,collision
297,348,-449.18,1.66,59.65,0.0004,0.0268,0,collision
298,367,-499.08,1.53,133.97,0.0028,0.0907,0,collision
299,548,-683.49,1.02,67.06,0.0009,0.0629,0,collision
300,383,-552.29,1.46,85.25,0.0070,0.1276,0,collision
163,388,-520.94,2.25,9.71,0.0033,0.0332,0,collision
164,476,-597.08,1.21,78.17,0.0021,0.0463,0,collision
165,454,-586.54,1.28,48.50,0.0009,0.0445,0,collision
166,325,-473.74,1.75,5.25,0.0051,0.0476,0,collision
301,578,-721.22,1.11,179.02,0.0019,0.0123,0,collision
302,313,-453.67,1.78,68.68,0.0030,0.0710,0,collision
303,327,-468.18,1.74,42.31,0.0020,0.0766,0,collision
304,115,-265.85,5.06,-10.52,0.0093,0.0084,0,collision
305,282,-452.42,2.03,105.10,0.0052,0.0904,0,collision
306,251,-380.36,2.28,42.22,0.0064,0.0704,0,collision
307,313,-424.11,1.87,57.41,0.0031,0.0382,0,collision
308,252,-372.96,2.21,60.40,0.0063,0.0219,0,collision
309,252,-393.43,2.28,87.20,0.0078,0.0899,0,collision
310,190,-309.63,3.02,103.27,0.0098,0.0966,0,collision
167,714,-823.09,1.54,138.21,0.0018,0.0548,0,collision
168,304,-413.88,1.84,68.52,0.0069,0.0569,0,collision
169,356,-478.64,1.58,127.79,0.0017,0.0601,0,collision
170,357,-509.40,1.61,47.19,0.0044,0.0800,0,collision
171,353,-446.21,1.61,160.29,0.0051,0.0609,0,collision
172,140,-286.73,4.07,64.39,0.0048,0.0000,0,collision
311,270,-444.25,2.46,-38.28,0.0045,0.0000,0,collision
312,340,-465.56,1.69,118.36,0.0063,0.0866,0,collision
313,470,-608.07,1.21,-2.69,0.0022,0.0678,0,collision
314,183,-334.02,3.12,87.50,0.0052,0.1349,0,collision
315,252,-355.93,2.18,38.57,0.0021,0.0549,0,collision
316,289,-425.72,2.03,112.65,0.0041,0.0771,0,collision
317,333,-452.74,1.74,28.05,0.0050,0.0755,0,collision
318,337,-447.89,1.75,29.85,0.0028,0.0314,0,collision
319,253,-422.91,2.64,-97.56,0.0036,0.0000,0,collision
320,403,-531.13,1.41,117.54,0.0029,0.0501,0,collision
173,592,-706.34,2.03,51.50,0.0023,0.0571,0,collision
174,382,-529.36,1.44,92.91,0.0016,0.1130,0,collision
175,261,-396.05,2.21,70.84,0.0047,0.0912,0,collision
176,254,-385.86,2.19,35.12,0.0053,0.0829,0,collision
177,291,-418.60,2.03,106.46,0.0029,0.0665,0,collision
178,156,-273.39,3.74,82.43,0.0041,0.0349,0,collision
321,351,-503.74,1.64,8.41,0.0027,0.0899,0,collision
322,213,-353.18,2.69,53.29,0.0044,0.1059,0,collision
323,377,-494.05,1.54,57.54,0.0028,0.0423,0,collision
324,394,-531.48,1.38,27.09,0.0050,0.0671,0,collision
325,352,-483.66,1.62,133.96,0.0041,0.0253,0,collision
326,405,-505.87,1.40,191.19,0.0028,0.0572,0,collision
327,412,-533.71,1.43,79.19,0.0020,0.0232,0,collision
328,157,-286.10,3.63,-2.49,0.0042,0.1225,0,collision
329,98,-248.66,6.89,-142.67,0.0216,0.0000,0,collision
330,203,-337.45,2.74,-4.94,0.0043,0.1007,0,collision
179,735,-766.42,1.55,159.84,0.0014,0.0542,0,collision
180,248,-380.75,2.33,116.09,0.0016,0.0372,0,collision
181,387,-518.11,1.51,59.60,0.0050,0.0450,0,collision
182,107,-262.90,6.84,-81.13,0.0183,0.0230,0,collision
183,301,-430.94,1.91,94.33,0.0043,0.0299,0,collision
184,368,-494.34,1.51,55.39,0.0054,0.0948,0,collision
331,390,-518.48,1.51,78.52,0.0037,0.0128,0,collision
332,245,-399.38,2.32,99.60,0.0047,0.1636,0,collision
333,336,-464.81,1.70,41.94,0.0046,0.0474,0,collision
334,399,-518.30,1.41,143.73,0.0044,0.0244,0,collision
335,341,-471.69,1.67,142.58,0.0030,0.0556,0,collision
336,279,-363.88,2.11,76.80,0.0009,0.0100,0,collision
337,292,-447.06,1.96,69.89,0.0071,0.0962,0,collision
338,325,-503.68,1.72,46.30,0.0052,0.0914,0,collision
339,213,-339.02,2.60,80.61,0.0063,0.0000,0,collision
340,164,-321.01,3.58,-17.71,0.0055,0.0000,0,collision
185,545,-597.49,2.02,193.37,0.0020,0.0617,0,collision
186,426,-554.28,1.32,170.75,0.0019,0.0640,0,collision
187,240,-404.86,2.81,16.29,0.0067,0.0000,0,collision
188,218,-345.88,2.70,46.01,0.0094,0.0980,0,collision
189,307,-418.81,1.92,84.83,0.0062,0.0565,0,collision
190,223,-345.80,2.55,25.51,0.0055,0.0765,0,collision
191,156,-311.50,3.80,-33.25,0.0178,0.0000,0,collision
341,279,-411.87,2.05,86.97,0.0059,0.0859,0,collision
342,316,-443.60,1.80,174.60,0.0048,0.0706,0,collision
343,452,-599.86,1.24,58.43,0.0022,0.0845,0,collision
344,438,-582.39,1.27,103.08,0.0035,0.0643,0,collision
345,497,-656.84,1.11,105.92,0.0032,0.1048,0,collision
346,657,-825.64,0.85,133.67,0.0027,0.0725,0,collision
347,435,-586.48,1.32,56.66,0.0042,0.1172,0,collision
348,560,-690.17,1.03,121.74,0.0026,0.0684,0,collision
349,604,-748.67,0.93,167.80,0.0029,0.0796,0,collision
350,529,-653.19,1.11,11.86,0.0046,0.0668,0,collision
192,743,-760.80,1.53,246.07,0.0019,0.0726,0,collision
193,418,-558.09,1.35,83.88,0.0018,0.0485,0,collision
194,557,-705.03,1.05,101.14,0.0033,0.0572,0,collision
195,337,-451.45,1.70,19.97,0.0040,0.0431,0,collision
351,340,-463.27,1.69,155.22,0.0056,0.0841,0,collision
352,403,-530.68,1.39,97.46,0.0039,0.0312,0,collision
353,133,-283.05,4.35,27.37,0.0133,0.0116,0,collision
354,248,-418.54,2.34,-6.61,0.0050,0.0164,0,collision
355,427,-584.15,1.36,44.34,0.0021,0.1053,0,collision
356,330,-489.85,1.70,149.87,0.0040,0.1138,0,collision
357,183,-288.92,3.09,36.72,0.0022,0.0457,0,collision
358,207,-353.12,2.66,62.16,0.0122,0.0983,0,collision
359,402,-534.56,1.36,140.63,0.0020,0.1179,0,collision
360,419,-619.20,1.40,-64.58,0.0007,0.0917,0,collision
196,589,-611.68,1.90,227.29,0.0025,0.0532,0,collision
197,352,-498.28,1.61,34.86,0.0044,0.1045,0,collision
198,413,-572.14,1.41,109.79,0.0039,0.1022,0,collision
199,215,-334.58,2.61,143.80,0.0096,0.0678,0,collision
200,399,-765.04,1.40,38.60,0.0000,0.0874,0,stuck_too_long
361,98,-231.23,6.22,9.62,0.0187,0.0000,0,collision
362,274,-416.38,2.07,128.56,0.0011,0.1172,0,collision
363,155,-273.85,3.74,10.38,0.0039,0.0000,0,collision
364,103,-264.15,6.78,-107.97,0.0112,0.0054,0,collision
365,258,-374.76,2.22,163.49,0.0049,0.1047,0,collision
366,104,-243.06,6.59,-32.12,0.0117,0.0000,0,collision
367,400,-541.10,1.44,67.72,0.0024,0.0358,0,collision
368,234,-409.84,2.71,7.08,0.0029,0.0000,0,collision
369,268,-416.96,2.13,108.56,0.0024,0.1210,0,collision
370,125,-258.37,4.71,79.43,0.0071,0.0023,0,collision
201,431,-508.38,2.64,-39.08,0.0055,0.0580,0,collision
202,298,-416.56,1.96,142.08,0.0007,0.0667,0,collision
203,355,-443.96,1.57,159.47,0.0031,0.0329,0,collision
204,157,-296.90,3.57,65.45,0.0107,0.0410,0,collision
205,405,-538.45,1.39,82.12,0.0019,0.0865,0,collision
206,263,-359.25,2.19,61.27,0.0068,0.0581,0,collision
371,267,-372.23,2.15,43.88,0.0063,0.0529,0,collision
372,274,-387.85,2.11,94.91,0.0093,0.1057,0,collision
373,313,-421.07,1.87,66.45,0.0029,0.0661,0,collision
374,426,-545.00,1.32,101.70,0.0037,0.0518,0,collision
375,229,-334.20,2.47,178.91,0.0029,0.0272,0,collision
376,289,-420.95,1.98,38.00,0.0033,0.1196,0,collision
377,244,-347.67,2.36,85.41,0.0068,0.0379,0,collision
378,127,-241.72,4.47,54.21,0.0074,0.0757,0,collision
379,296,-422.72,1.98,99.67,0.0068,0.0250,0,collision
380,331,-504.23,1.75,2.21,0.0026,0.1557,0,collision
207,708,-777.43,1.71,135.29,0.0019,0.0737,0,collision
208,165,-323.06,3.97,-46.77,0.0105,0.0000,0,collision
209,140,-287.40,3.96,38.44,0.0080,0.0336,0,collision
210,323,-456.04,1.79,114.40,0.0026,0.0698,0,collision
211,110,-263.49,5.59,-79.22,0.0099,0.0000,0,collision
212,316,-432.48,1.82,91.56,0.0018,0.0808,0,collision
213,114,-254.32,4.97,88.79,0.0116,0.0502,0,collision
214,165,-302.91,3.54,106.55,0.0037,0.0719,0,collision
215,126,-261.99,4.41,7.60,0.0122,0.1570,0,collision
216,231,-331.68,2.54,120.75,0.0065,0.0463,0,collision
381,619,-749.36,0.94,95.35,0.0018,0.0562,0,collision
382,352,-468.07,1.63,12.43,0.0017,0.0587,0,collision
383,398,-501.11,1.48,113.44,0.0031,0.0000,0,collision
384,523,-654.89,1.10,-15.91,0.0009,0.0724,0,collision
385,531,-656.47,1.13,109.63,0.0025,0.0846,0,collision
386,481,-609.30,1.23,54.84,0.0009,0.0573,0,collision
387,311,-414.93,1.80,109.50,0.0033,0.0630,0,collision
388,594,-651.46,0.96,234.57,0.0018,0.0267,0,collision
389,463,-574.81,1.26,79.04,0.0045,0.0525,0,collision
390,513,-670.35,1.15,163.51,0.0022,0.1130,0,collision
217,603,-697.53,1.54,143.11,0.0036,0.0707,0,collision
218,452,-566.65,1.28,87.48,0.0046,0.0548,0,collision
219,450,-571.17,1.28,63.96,0.0017,0.0862,0,collision
220,371,-495.57,1.52,129.62,0.0018,0.0705,0,collision
391,404,-513.65,1.46,111.64,0.0017,0.0332,0,collision
392,402,-533.41,1.41,106.34,0.0004,0.1085,0,collision
393,564,-694.57,0.98,229.78,0.0038,0.0895,0,collision
394,584,-725.14,0.98,43.39,0.0021,0.0589,0,collision
395,334,-468.39,1.71,117.84,0.0048,0.0440,0,collision
396,358,-510.00,1.61,137.34,0.0045,0.0833,0,collision
397,495,-613.50,1.14,117.49,0.0023,0.0382,0,collision
398,791,-969.23,0.73,104.68,0.0029,0.0739,0,collision
399,607,-745.96,0.96,123.00,0.0016,0.0472,0,collision
400,612,-730.18,0.94,139.12,0.0007,0.0381,0,collision
221,674,-730.90,1.67,186.43,0.0005,0.0656,0,collision
222,454,-549.08,1.25,118.45,0.0038,0.0918,0,collision
223,474,-622.00,1.20,58.08,0.0016,0.0920,0,collision
224,635,-805.86,0.91,95.98,0.0022,0.0654,0,collision
401,811,-966.29,0.69,167.66,0.0008,0.0420,0,collision
402,660,-851.77,0.89,137.87,0.0024,0.0787,0,collision
403,741,-881.84,0.77,111.54,0.0014,0.0159,0,collision
404,590,-784.80,0.98,120.42,0.0018,0.1230,0,collision
405,953,-1099.17,0.61,224.63,0.0008,0.0763,0,collision
406,857,-1002.82,0.68,188.81,0.0012,0.0492,0,collision
407,462,-581.22,1.22,234.23,0.0028,0.0897,0,collision
408,660,-830.07,0.85,73.48,0.0021,0.0839,0,collision
409,608,-751.59,0.95,87.27,0.0026,0.0558,0,collision
410,905,-1031.24,0.62,184.21,0.0017,0.0475,0,collision
225,643,-795.03,1.76,75.16,0.0021,0.1016,0,collision
226,563,-710.77,1.02,68.26,0.0019,0.0658,0,collision
227,337,-552.41,1.73,-56.45,0.0018,0.1182,0,collision
411,693,-830.08,0.78,153.32,0.0030,0.0285,0,collision
412,743,-890.79,0.77,59.84,0.0010,0.0320,0,collision
413,587,-738.48,0.95,90.22,0.0016,0.0597,0,collision
414,715,-917.06,0.80,46.89,0.0010,0.0885,0,collision
415,18,-187.25,35.39,-53.28,0.0577,0.0393,0,collision
416,800,-964.12,0.68,212.89,0.0022,0.0731,0,collision
417,574,-711.19,1.03,60.22,0.0009,0.0297,0,collision
418,789,-996.85,0.71,49.96,0.0017,0.0976,0,collision
419,524,-676.42,1.06,97.64,0.0032,0.0838,0,collision
420,18,-186.94,35.86,-10.19,0.0660,0.0571,0,collision
228,1000,-808.47,1.07,403.59,0.0000,0.0754,0,timeout
229,775,-946.24,0.73,114.05,0.0015,0.0741,0,collision
230,696,-830.80,0.82,38.71,0.0014,0.0450,0,collision
421,686,-853.20,0.82,60.66,0.0014,0.0478,0,collision
422,828,-998.35,0.69,137.72,0.0010,0.0602,0,collision
423,952,-1176.65,0.60,123.72,0.0011,0.0969,0,collision
424,771,-968.63,0.74,134.09,0.0023,0.0899,0,collision
425,105,-271.32,5.90,-99.13,0.0082,0.0000,0,collision
426,380,-588.54,1.53,-12.38,0.0020,0.1358,0,collision
427,831,-1015.96,0.70,41.42,0.0014,0.0402,0,collision
428,670,-819.70,0.86,106.44,0.0010,0.0458,0,collision
429,780,-983.56,0.73,96.72,0.0021,0.0622,0,collision
430,772,-886.01,0.74,153.42,0.0028,0.0549,0,collision
231,845,-956.82,1.18,118.90,0.0008,0.0631,0,collision
232,785,-958.27,0.71,74.48,0.0032,0.0620,0,collision
431,388,-524.26,1.48,62.35,0.0023,0.0946,0,collision
432,765,-908.32,0.73,189.32,0.0014,0.0651,0,collision
433,588,-732.47,0.98,141.04,0.0031,0.0832,0,collision
434,374,-453.73,1.52,189.01,0.0029,0.0507,0,collision
435,514,-599.50,1.09,79.58,0.0032,0.0346,0,collision
436,614,-790.70,0.89,103.55,0.0023,0.0737,0,collision
437,374,-550.91,1.42,183.02,0.0026,0.1261,0,collision
438,531,-681.87,1.09,41.48,0.0036,0.1006,0,collision
439,531,-643.19,1.04,173.40,0.0024,0.0673,0,collision
440,274,-461.69,2.42,-98.00,0.0038,0.0012,0,collision
233,1000,-905.55,1.13,210.04,0.0000,0.0975,0,timeout
234,456,-625.18,1.21,43.23,0.0045,0.1180,0,collision
235,676,-839.79,0.86,113.58,0.0029,0.0675,0,collision
441,253,-393.86,2.29,60.34,0.0049,0.1320,0,collision
442,250,-416.62,2.23,10.71,0.0019,0.0000,0,collision
443,406,-512.11,1.34,107.04,0.0037,0.0959,0,collision
444,320,-423.16,1.80,69.70,0.0049,0.0096,0,collision
445,524,-715.13,1.09,117.96,0.0033,0.1358,0,collision
446,290,-396.10,2.02,99.19,0.0031,0.0557,0,collision
447,481,-635.17,1.16,82.92,0.0023,0.1535,0,collision
448,496,-635.35,1.15,86.42,0.0035,0.0961,0,collision
449,489,-612.51,1.19,94.48,0.0030,0.0523,0,collision
450,327,-452.35,1.66,142.38,0.0062,0.1139,0,collision
236,880,-969.64,1.22,304.64,0.0030,0.0988,0,collision
237,552,-669.54,1.04,123.71,0.0032,0.0989,0,collision
238,446,-625.90,1.29,16.53,0.0029,0.1698,0,collision
239,295,-437.24,1.93,79.12,0.0124,0.1022,0,collision
240,293,-421.04,1.93,104.34,0.0030,0.0875,0,collision
451,538,-701.50,1.06,138.08,0.0027,0.1043,0,collision
452,564,-733.08,0.99,141.31,0.0022,0.0993,0,collision
453,629,-730.43,0.92,210.29,0.0011,0.0079,0,collision
454,112,-278.79,5.26,-75.59,0.0130,0.0085,0,collision
455,689,-811.11,0.83,92.88,0.0028,0.0446,0,collision
456,515,-709.64,1.09,76.60,0.0018,0.1420,0,collision
457,488,-599.79,1.22,28.14,0.0014,0.0447,0,collision
458,392,-570.17,1.47,108.13,0.0063,0.1915,0,collision
459,261,-350.14,2.19,113.62,0.0093,0.0447,0,collision
460,558,-709.02,1.01,242.67,0.0042,0.0851,0,collision
241,513,-616.34,1.72,67.03,0.0030,0.0655,0,collision
242,648,-791.00,0.89,93.49,0.0032,0.0309,0,collision
243,477,-588.17,1.18,130.56,0.0025,0.0785,0,collision
461,620,-732.78,0.90,163.21,0.0019,0.0188,0,collision
462,528,-670.69,1.06,60.38,0.0028,0.0853,0,collision
463,659,-776.57,0.84,138.51,0.0028,0.0289,0,collision
464,513,-615.92,1.14,175.44,0.0006,0.0592,0,collision
465,405,-595.79,1.60,-43.72,0.0014,0.0000,0,collision
466,446,-584.74,1.27,112.95,0.0008,0.0647,0,collision
467,659,-799.05,0.85,151.19,0.0024,0.0355,0,collision
468,598,-648.01,0.94,175.33,0.0034,0.0286,0,collision
469,552,-691.19,1.03,242.75,0.0030,0.0675,0,collision
470,602,-727.38,0.90,91.38,0.0027,0.0330,0,collision
244,728,-764.24,1.67,174.61,0.0006,0.0333,0,collision
245,489,-608.80,1.19,160.30,0.0025,0.0507,0,collision
246,567,-621.41,1.01,186.38,0.0036,0.0000,0,collision
247,656,-752.14,0.85,206.67,0.0024,0.0262,0,collision
471,528,-608.16,1.10,173.16,0.0009,0.0596,0,collision
472,532,-584.47,1.04,137.00,0.0015,0.0330,0,collision
473,348,-460.52,1.60,107.96,0.0074,0.0415,0,collision
474,674,-767.31,0.83,148.04,0.0012,0.0138,0,collision
475,584,-644.78,0.99,169.80,0.0006,0.0139,0,collision
476,683,-776.36,0.82,56.26,0.0030,0.0362,0,collision
477,549,-661.78,1.06,46.59,0.0044,0.0277,0,collision
478,646,-729.99,0.89,87.36,0.0013,0.0316,0,collision
479,376,-473.21,1.53,40.06,0.0025,0.0721,0,collision
480,656,-720.24,0.85,132.85,0.0024,0.0117,0,collision
248,537,-551.51,1.41,155.85,0.0014,0.0369,0,collision
249,356,-449.25,1.62,105.46,0.0018,0.0763,0,collision
250,218,-569.84,1.19,55.52,0.0000,0.0000,0,stuck_too_long
251,531,-648.48,1.06,191.97,0.0019,0.0824,0,collision
481,435,-606.44,1.30,133.12,0.0028,0.1179,0,collision
482,615,-735.06,0.95,143.24,0.0027,0.0436,0,collision
483,434,-570.98,1.33,95.13,0.0018,0.0518,0,collision
484,483,-610.47,1.19,105.76,0.0048,0.0609,0,collision
485,406,-528.96,1.37,22.69,0.0057,0.0415,0,collision
486,607,-716.29,0.91,163.04,0.0017,0.0308,0,collision
487,722,-859.60,0.80,108.46,0.0013,0.0318,0,collision
488,552,-619.70,1.03,84.67,0.0015,0.0363,0,collision
489,553,-660.96,1.05,136.47,0.0009,0.0453,0,collision
490,687,-816.19,0.83,272.98,0.0017,0.0268,0,collision
252,747,-823.58,1.52,93.62,0.0015,0.1014,0,collision
253,509,-632.24,1.12,173.81,0.0025,0.0414,0,collision
254,445,-581.97,1.31,18.11,0.0012,0.0469,0,collision
255,668,-800.05,0.83,190.10,0.0020,0.0390,0,collision
491,160,-573.01,0.21,15.80,0.0000,0.0000,0,stuck_too_long
492,160,-570.34,0.38,15.70,0.0000,0.0000,0,stuck_too_long
493,160,-572.53,0.21,15.80,0.0000,0.0000,0,stuck_too_long
494,160,-570.46,0.35,15.70,0.0000,0.0000,0,stuck_too_long
495,160,-571.03,0.40,15.70,0.0000,0.0000,0,stuck_too_long
496,160,-571.34,0.35,15.70,0.0000,0.0000,0,stuck_too_long
497,160,-570.70,0.39,15.70,0.0000,0.0000,0,stuck_too_long
498,160,-570.48,0.39,15.70,0.0000,0.0000,0,stuck_too_long
499,160,-572.49,0.22,15.80,0.0000,0.0000,0,stuck_too_long
500,160,-572.08,0.20,15.80,0.0000,0.0000,0,stuck_too_long
256,318,-638.49,1.73,62.88,0.0000,0.0000,0,stuck_too_long
257,160,-570.09,0.34,15.70,0.0000,0.0000,0,stuck_too_long
258,160,-572.30,0.22,15.80,0.0000,0.0000,0,stuck_too_long
259,160,-571.90,0.22,15.80,0.0000,0.0000,0,stuck_too_long
260,160,-570.70,0.32,15.70,0.0000,0.0000,0,stuck_too_long
261,160,-572.46,0.21,15.80,0.0000,0.0000,0,stuck_too_long
262,160,-570.15,0.28,15.70,0.0000,0.0000,0,stuck_too_long
263,160,-571.97,0.20,15.80,0.0000,0.0000,0,stuck_too_long
264,160,-570.58,0.36,15.70,0.0000,0.0000,0,stuck_too_long
265,160,-570.72,0.35,15.70,0.0000,0.0000,0,stuck_too_long
266,160,-569.99,0.36,15.70,0.0000,0.0000,0,stuck_too_long
267,160,-571.25,0.33,15.70,0.0000,0.0000,0,stuck_too_long
501,160,-566.62,0.39,45.12,0.0000,0.0000,0,stuck_too_long
502,160,-566.67,0.37,74.30,0.0000,0.0000,0,stuck_too_long
503,160,-562.73,0.40,44.32,0.0000,0.0000,0,stuck_too_long
504,160,-568.36,0.30,15.50,0.0000,0.0000,0,stuck_too_long
505,160,-564.72,0.36,16.48,0.0000,0.0000,0,stuck_too_long
506,160,-565.47,0.39,29.69,0.0000,0.0000,0,stuck_too_long
507,160,-561.33,0.40,53.72,0.0000,0.0000,0,stuck_too_long
508,160,-563.93,0.36,11.90,0.0000,0.0000,0,stuck_too_long
509,160,-568.38,0.34,5.56,0.0000,0.0000,0,stuck_too_long
510,160,-564.92,0.36,37.31,0.0000,0.0000,0,stuck_too_long
268,288,-704.56,0.33,21.69,0.0000,0.0000,0,stuck_too_long
269,160,-568.08,0.31,15.50,0.0000,0.0000,0,stuck_too_long
270,160,-565.06,0.32,22.06,0.0000,0.0000,0,stuck_too_long
271,160,-564.86,0.36,22.16,0.0000,0.0000,0,stuck_too_long
272,160,-564.47,0.32,45.85,0.0000,0.0000,0,stuck_too_long
273,160,-566.85,0.33,42.44,0.0000,0.0000,0,stuck_too_long
274,160,-565.96,0.36,23.23,0.0000,0.0000,0,stuck_too_long
275,160,-566.93,0.38,22.10,0.0000,0.0000,0,stuck_too_long
276,160,-565.58,0.40,16.99,0.0000,0.0000,0,stuck_too_long
277,160,-565.48,0.36,72.27,0.0000,0.0000,0,stuck_too_long
278,160,-565.95,0.31,80.83,0.0000,0.0000,0,stuck_too_long
279,160,-565.75,0.39,22.75,0.0000,0.0000,0,stuck_too_long
511,160,-568.02,0.29,38.56,0.0000,0.0000,0,stuck_too_long
512,160,-567.71,0.30,32.86,0.0000,0.0000,0,stuck_too_long
513,160,-568.69,0.33,57.63,0.0000,0.0000,0,stuck_too_long
514,160,-568.56,0.35,15.50,0.0000,0.0000,0,stuck_too_long
515,160,-569.43,0.35,15.60,0.0000,0.0000,0,stuck_too_long
516,160,-568.76,0.29,31.45,0.0000,0.0000,0,stuck_too_long
517,160,-567.59,0.37,15.50,0.0000,0.0000,0,stuck_too_long
518,160,-566.07,0.30,35.79,0.0000,0.0000,0,stuck_too_long
519,160,-567.45,0.35,42.08,0.0000,0.0000,0,stuck_too_long
520,160,-566.21,0.38,44.35,0.0000,0.0000,0,stuck_too_long
280,288,-698.33,0.36,29.66,0.0000,0.0000,0,stuck_too_long
281,160,-567.07,0.30,43.01,0.0000,0.0000,0,stuck_too_long
282,160,-567.66,0.33,15.50,0.0000,0.0000,0,stuck_too_long
283,160,-564.92,0.40,41.14,0.0000,0.0000,0,stuck_too_long
284,160,-569.28,0.29,46.05,0.0000,0.0000,0,stuck_too_long
285,160,-567.03,0.38,26.31,0.0000,0.0000,0,stuck_too_long
286,160,-565.03,0.40,-3.93,0.0000,0.0000,0,stuck_too_long
287,160,-567.77,0.38,32.16,0.0000,0.0000,0,stuck_too_long
288,160,-568.13,0.35,15.50,0.0000,0.0000,0,stuck_too_long
289,160,-569.43,0.31,47.26,0.0000,0.0000,0,stuck_too_long
290,160,-566.60,0.36,38.85,0.0000,0.0000,0,stuck_too_long
291,160,-568.96,0.30,15.60,0.0000,0.0000,0,stuck_too_long
521,160,-571.99,0.24,15.80,0.0000,0.0000,0,stuck_too_long
522,160,-572.57,0.27,15.80,0.0000,0.0000,0,stuck_too_long
523,160,-572.29,0.25,15.80,0.0000,0.0000,0,stuck_too_long
524,160,-572.51,0.24,15.80,0.0000,0.0000,0,stuck_too_long
525,160,-570.98,0.38,15.70,0.0000,0.0000,0,stuck_too_long
526,160,-572.32,0.23,15.80,0.0000,0.0000,0,stuck_too_long
527,160,-572.02,0.24,15.80,0.0000,0.0000,0,stuck_too_long
528,160,-571.20,0.28,15.80,0.0000,0.0000,0,stuck_too_long
529,160,-572.46,0.24,15.80,0.0000,0.0000,0,stuck_too_long
530,160,-572.76,0.26,15.80,0.0000,0.0000,0,stuck_too_long
292,288,-705.44,0.34,29.37,0.0000,0.0000,0,stuck_too_long
293,160,-570.90,0.40,15.70,0.0000,0.0000,0,stuck_too_long
294,160,-572.49,0.24,15.80,0.0000,0.0000,0,stuck_too_long
295,160,-572.02,0.24,15.80,0.0000,0.0000,0,stuck_too_long
296,160,-572.86,0.21,15.80,0.0000,0.0000,0,stuck_too_long
297,160,-572.15,0.27,15.80,0.0000,0.0000,0,stuck_too_long
298,160,-572.93,0.22,15.80,0.0000,0.0000,0,stuck_too_long
299,160,-572.84,0.24,15.80,0.0000,0.0000,0,stuck_too_long
300,160,-572.38,0.22,15.80,0.0000,0.0000,0,stuck_too_long
301,160,-570.01,0.39,15.70,0.0000,0.0000,0,stuck_too_long
302,160,-572.58,0.27,15.80,0.0000,0.0000,0,stuck_too_long
303,160,-572.47,0.26,15.80,0.0000,0.0000,0,stuck_too_long
531,160,-569.91,0.39,15.70,0.0000,0.0000,0,stuck_too_long
532,160,-571.85,0.23,15.80,0.0000,0.0000,0,stuck_too_long
533,160,-572.55,0.25,15.80,0.0000,0.0000,0,stuck_too_long
534,160,-570.29,0.40,15.70,0.0000,0.0000,0,stuck_too_long
535,160,-572.63,0.24,15.80,0.0000,0.0000,0,stuck_too_long
536,160,-572.54,0.21,15.80,0.0000,0.0000,0,stuck_too_long
537,160,-572.45,0.22,15.80,0.0000,0.0000,0,stuck_too_long
538,160,-572.51,0.28,15.80,0.0000,0.0000,0,stuck_too_long
539,160,-572.34,0.25,15.80,0.0000,0.0000,0,stuck_too_long
540,160,-572.57,0.22,15.80,0.0000,0.0000,0,stuck_too_long
304,288,-707.85,0.29,28.41,0.0000,0.0000,0,stuck_too_long
305,160,-572.22,0.26,15.80,0.0000,0.0000,0,stuck_too_long
306,160,-571.85,0.25,15.80,0.0000,0.0000,0,stuck_too_long
307,160,-572.74,0.27,15.80,0.0000,0.0000,0,stuck_too_long
308,160,-572.74,0.20,15.80,0.0000,0.0000,0,stuck_too_long
309,160,-572.10,0.20,15.80,0.0000,0.0000,0,stuck_too_long
310,160,-572.62,0.20,15.80,0.0000,0.0000,0,stuck_too_long
311,160,-572.00,0.20,15.80,0.0000,0.0000,0,stuck_too_long
312,160,-572.18,0.22,15.80,0.0000,0.0000,0,stuck_too_long
313,160,-570.63,0.39,15.70,0.0000,0.0000,0,stuck_too_long
314,160,-572.42,0.22,15.80,0.0000,0.0000,0,stuck_too_long
315,160,-572.33,0.22,15.80,0.0000,0.0000,0,stuck_too_long
541,160,-573.17,0.29,15.80,0.0000,0.0000,0,stuck_too_long
542,160,-572.39,0.27,15.80,0.0000,0.0000,0,stuck_too_long
543,160,-573.14,0.28,15.80,0.0000,0.0000,0,stuck_too_long
544,160,-572.03,0.27,15.80,0.0000,0.0000,0,stuck_too_long
545,160,-571.77,0.26,15.80,0.0000,0.0000,0,stuck_too_long
546,160,-572.14,0.23,15.80,0.0000,0.0000,0,stuck_too_long
547,160,-572.82,0.22,15.80,0.0000,0.0000,0,stuck_too_long
548,160,-571.71,0.25,15.80,0.0000,0.0000,0,stuck_too_long
549,160,-572.69,0.26,15.80,0.0000,0.0000,0,stuck_too_long
550,160,-572.86,0.24,15.80,0.0000,0.0000,0,stuck_too_long
316,288,-710.09,0.30,28.41,0.0000,0.0000,0,stuck_too_long
317,160,-573.17,0.21,15.80,0.0000,0.0000,0,stuck_too_long
318,160,-573.24,0.26,15.80,0.0000,0.0000,0,stuck_too_long
319,160,-573.00,0.24,15.80,0.0000,0.0000,0,stuck_too_long
320,160,-572.23,0.23,15.80,0.0000,0.0000,0,stuck_too_long
321,160,-572.41,0.26,15.80,0.0000,0.0000,0,stuck_too_long
322,160,-571.87,0.25,15.80,0.0000,0.0000,0,stuck_too_long
323,160,-572.27,0.25,15.80,0.0000,0.0000,0,stuck_too_long
324,160,-573.66,0.23,15.80,0.0000,0.0000,0,stuck_too_long
325,160,-572.43,0.25,15.80,0.0000,0.0000,0,stuck_too_long
326,160,-572.74,0.24,15.80,0.0000,0.0000,0,stuck_too_long
327,160,-572.77,0.21,15.80,0.0000,0.0000,0,stuck_too_long
551,160,-572.89,0.26,15.80,0.0000,0.0000,0,stuck_too_long
552,160,-572.86,0.25,15.80,0.0000,0.0000,0,stuck_too_long
553,160,-572.11,0.26,15.80,0.0000,0.0000,0,stuck_too_long
554,160,-571.48,0.26,15.80,0.0000,0.0000,0,stuck_too_long
555,160,-572.74,0.27,15.80,0.0000,0.0000,0,stuck_too_long
556,160,-572.53,0.21,15.80,0.0000,0.0000,0,stuck_too_long
557,160,-570.78,0.38,15.70,0.0000,0.0000,0,stuck_too_long
558,160,-572.63,0.29,15.80,0.0000,0.0000,0,stuck_too_long
559,160,-572.43,0.26,15.80,0.0000,0.0000,0,stuck_too_long
560,160,-572.01,0.24,15.80,0.0000,0.0000,0,stuck_too_long
328,288,-708.23,0.28,28.41,0.0000,0.0000,0,stuck_too_long
329,160,-573.53,0.24,15.80,0.0000,0.0000,0,stuck_too_long
330,160,-572.75,0.21,15.80,0.0000,0.0000,0,stuck_too_long
331,160,-572.35,0.21,15.80,0.0000,0.0000,0,stuck_too_long
332,160,-572.30,0.24,15.80,0.0000,0.0000,0,stuck_too_long
333,160,-572.35,0.22,15.80,0.0000,0.0000,0,stuck_too_long
334,160,-573.19,0.22,15.80,0.0000,0.0000,0,stuck_too_long
335,160,-573.27,0.22,15.80,0.0000,0.0000,0,stuck_too_long
336,160,-572.51,0.26,15.80,0.0000,0.0000,0,stuck_too_long
337,160,-572.35,0.20,15.80,0.0000,0.0000,0,stuck_too_long
338,160,-572.49,0.26,15.80,0.0000,0.0000,0,stuck_too_long
339,160,-572.20,0.26,15.80,0.0000,0.0000,0,stuck_too_long
561,160,-574.76,0.14,15.90,0.0000,0.0000,0,stuck_too_long
562,160,-573.46,0.15,15.90,0.0000,0.0000,0,stuck_too_long
563,160,-575.12,0.14,15.90,0.0000,0.0000,0,stuck_too_long
564,160,-572.51,0.39,15.80,0.0000,0.0000,0,stuck_too_long
565,160,-573.67,0.14,15.90,0.0000,0.0000,0,stuck_too_long
566,160,-574.18,0.15,15.90,0.0000,0.0000,0,stuck_too_long
567,160,-574.09,0.14,15.90,0.0000,0.0000,0,stuck_too_long
568,160,-574.41,0.14,15.90,0.0000,0.0000,0,stuck_too_long
569,160,-573.90,0.14,15.90,0.0000,0.0000,0,stuck_too_long
570,160,-574.77,0.14,15.90,0.0000,0.0000,0,stuck_too_long
340,288,-710.87,0.23,28.51,0.0000,0.0000,0,stuck_too_long
341,160,-573.97,0.16,15.90,0.0000,0.0000,0,stuck_too_long
342,160,-574.76,0.16,15.90,0.0000,0.0000,0,stuck_too_long
343,160,-574.54,0.15,15.90,0.0000,0.0000,0,stuck_too_long
344,160,-574.09,0.18,15.90,0.0000,0.0000,0,stuck_too_long
345,160,-574.07,0.14,15.90,0.0000,0.0000,0,stuck_too_long
346,160,-573.96,0.14,15.90,0.0000,0.0000,0,stuck_too_long
347,160,-574.50,0.15,15.90,0.0000,0.0000,0,stuck_too_long
348,160,-573.72,0.15,15.90,0.0000,0.0000,0,stuck_too_long
349,160,-574.73,0.13,15.90,0.0000,0.0000,0,stuck_too_long
350,160,-572.32,0.40,15.80,0.0000,0.0000,0,stuck_too_long
351,160,-575.17,0.13,15.90,0.0000,0.0000,0,stuck_too_long
571,160,-573.87,0.13,15.90,0.0000,0.0000,0,stuck_too_long
572,160,-574.68,0.14,15.90,0.0000,0.0000,0,stuck_too_long
573,160,-572.76,0.39,15.80,0.0000,0.0000,0,stuck_too_long
574,160,-574.72,0.15,15.90,0.0000,0.0000,0,stuck_too_long
575,160,-574.60,0.14,15.90,0.0000,0.0000,0,stuck_too_long
576,160,-573.98,0.14,15.90,0.0000,0.0000,0,stuck_too_long
577,160,-574.04,0.15,15.90,0.0000,0.0000,0,stuck_too_long
578,160,-573.95,0.14,15.90,0.0000,0.0000,0,stuck_too_long
579,160,-575.30,0.14,15.90,0.0000,0.0000,0,stuck_too_long
580,160,-573.70,0.13,15.90,0.0000,0.0000,0,stuck_too_long
352,288,-712.49,0.16,28.61,0.0000,0.0000,0,stuck_too_long
353,160,-574.24,0.16,15.90,0.0000,0.0000,0,stuck_too_long
354,160,-574.47,0.14,15.90,0.0000,0.0000,0,stuck_too_long
355,160,-574.09,0.14,15.90,0.0000,0.0000,0,stuck_too_long
356,160,-574.58,0.14,15.90,0.0000,0.0000,0,stuck_too_long
357,160,-574.33,0.15,15.90,0.0000,0.0000,0,stuck_too_long
358,160,-574.64,0.14,15.90,0.0000,0.0000,0,stuck_too_long
359,160,-573.64,0.16,15.90,0.0000,0.0000,0,stuck_too_long
360,160,-574.18,0.15,15.90,0.0000,0.0000,0,stuck_too_long
361,160,-573.09,0.40,15.80,0.0000,0.0000,0,stuck_too_long
362,160,-574.51,0.14,15.90,0.0000,0.0000,0,stuck_too_long
363,160,-574.20,0.15,15.90,0.0000,0.0000,0,stuck_too_long
581,160,-572.62,0.23,15.80,0.0000,0.0000,0,stuck_too_long
582,160,-572.82,0.27,15.80,0.0000,0.0000,0,stuck_too_long
583,160,-571.07,0.39,15.70,0.0000,0.0000,0,stuck_too_long
584,160,-573.09,0.23,15.80,0.0000,0.0000,0,stuck_too_long
585,160,-573.26,0.24,15.80,0.0000,0.0000,0,stuck_too_long
586,160,-573.00,0.25,15.80,0.0000,0.0000,0,stuck_too_long
587,160,-571.75,0.25,15.80,0.0000,0.0000,0,stuck_too_long
588,160,-573.05,0.24,15.80,0.0000,0.0000,0,stuck_too_long
589,160,-573.09,0.21,15.80,0.0000,0.0000,0,stuck_too_long
590,160,-572.45,0.23,15.80,0.0000,0.0000,0,stuck_too_long
364,288,-711.89,0.20,28.51,0.0000,0.0000,0,stuck_too_long
365,160,-571.10,0.35,15.70,0.0000,0.0000,0,stuck_too_long
366,160,-572.83,0.24,15.80,0.0000,0.0000,0,stuck_too_long
367,160,-572.20,0.24,15.80,0.0000,0.0000,0,stuck_too_long
368,160,-573.34,0.25,15.80,0.0000,0.0000,0,stuck_too_long
369,160,-571.18,0.38,15.70,0.0000,0.0000,0,stuck_too_long
370,160,-572.55,0.22,15.80,0.0000,0.0000,0,stuck_too_long
371,160,-572.35,0.24,15.80,0.0000,0.0000,0,stuck_too_long
372,160,-572.42,0.24,15.80,0.0000,0.0000,0,stuck_too_long
373,160,-572.55,0.25,15.80,0.0000,0.0000,0,stuck_too_long
374,160,-573.10,0.22,15.80,0.0000,0.0000,0,stuck_too_long
375,160,-570.78,0.35,15.70,0.0000,0.0000,0,stuck_too_long
591,160,-572.67,0.23,15.80,0.0000,0.0000,0,stuck_too_long
592,160,-572.84,0.20,15.80,0.0000,0.0000,0,stuck_too_long
593,160,-573.05,0.22,15.80,0.0000,0.0000,0,stuck_too_long
594,160,-572.79,0.20,15.80,0.0000,0.0000,0,stuck_too_long
595,160,-573.12,0.20,15.80,0.0000,0.0000,0,stuck_too_long
596,160,-572.66,0.19,15.80,0.0000,0.0000,0,stuck_too_long
597,160,-572.93,0.23,15.80,0.0000,0.0000,0,stuck_too_long
598,160,-572.59,0.23,15.80,0.0000,0.0000,0,stuck_too_long
599,160,-572.79,0.28,15.80,0.0000,0.0000,0,stuck_too_long
600,160,-573.06,0.24,15.80,0.0000,0.0000,0,stuck_too_long
376,288,-708.40,0.34,28.31,0.0000,0.0000,0,stuck_too_long
377,160,-573.31,0.24,15.80,0.0000,0.0000,0,stuck_too_long
378,160,-573.12,0.29,15.80,0.0000,0.0000,0,stuck_too_long
379,160,-572.45,0.24,15.80,0.0000,0.0000,0,stuck_too_long
380,160,-573.07,0.24,15.80,0.0000,0.0000,0,stuck_too_long
381,160,-572.22,0.25,15.80,0.0000,0.0000,0,stuck_too_long
382,160,-572.95,0.21,15.80,0.0000,0.0000,0,stuck_too_long
383,160,-572.54,0.23,15.80,0.0000,0.0000,0,stuck_too_long
384,160,-570.73,0.40,15.70,0.0000,0.0000,0,stuck_too_long
385,160,-572.89,0.22,15.80,0.0000,0.0000,0,stuck_too_long
386,160,-573.30,0.23,15.80,0.0000,0.0000,0,stuck_too_long
387,160,-573.18,0.21,15.80,0.0000,0.0000,0,stuck_too_long
601,160,-574.73,0.14,15.90,0.0000,0.0000,0,stuck_too_long
602,160,-572.80,0.40,15.80,0.0000,0.0000,0,stuck_too_long
603,160,-572.98,0.38,15.80,0.0000,0.0000,0,stuck_too_long
604,160,-572.67,0.37,15.80,0.0000,0.0000,0,stuck_too_long
605,160,-574.32,0.14,15.90,0.0000,0.0000,0,stuck_too_long
606,160,-574.80,0.12,15.90,0.0000,0.0000,0,stuck_too_long
607,160,-573.40,0.39,15.80,0.0000,0.0000,0,stuck_too_long
608,160,-571.82,0.38,15.80,0.0000,0.0000,0,stuck_too_long
609,160,-572.25,0.38,15.80,0.0000,0.0000,0,stuck_too_long
610,160,-572.95,0.37,15.80,0.0000,0.0000,0,stuck_too_long
388,288,-711.49,0.19,28.51,0.0000,0.0000,0,stuck_too_long
389,160,-571.96,0.36,15.80,0.0000,0.0000,0,stuck_too_long
390,160,-573.52,0.36,15.80,0.0000,0.0000,0,stuck_too_long
391,160,-574.60,0.15,15.90,0.0000,0.0000,0,stuck_too_long
392,160,-571.53,0.35,15.80,0.0000,0.0000,0,stuck_too_long
393,160,-572.65,0.38,15.80,0.0000,0.0000,0,stuck_too_long
394,160,-574.61,0.14,15.90,0.0000,0.0000,0,stuck_too_long
395,160,-573.17,0.40,15.80,0.0000,0.0000,0,stuck_too_long
396,160,-574.76,0.15,15.90,0.0000,0.0000,0,stuck_too_long
397,160,-573.25,0.40,15.80,0.0000,0.0000,0,stuck_too_long
398,160,-571.85,0.40,15.80,0.0000,0.0000,0,stuck_too_long
399,160,-572.06,0.36,15.80,0.0000,0.0000,0,stuck_too_long
611,160,-572.61,0.30,15.80,0.0000,0.0000,0,stuck_too_long
612,160,-573.26,0.36,15.80,0.0000,0.0000,0,stuck_too_long
613,160,-572.09,0.38,15.80,0.0000,0.0000,0,stuck_too_long
614,160,-573.13,0.36,15.80,0.0000,0.0000,0,stuck_too_long
615,160,-572.73,0.35,15.80,0.0000,0.0000,0,stuck_too_long
616,160,-572.28,0.36,15.80,0.0000,0.0000,0,stuck_too_long
617,160,-572.07,0.34,15.80,0.0000,0.0000,0,stuck_too_long
618,160,-572.44,0.34,15.80,0.0000,0.0000,0,stuck_too_long
619,160,-572.66,0.38,15.80,0.0000,0.0000,0,stuck_too_long
620,160,-572.89,0.39,15.80,0.0000,0.0000,0,stuck_too_long
400,288,-709.98,0.43,28.41,0.0000,0.0000,0,stuck_too_long
401,160,-571.51,0.36,15.80,0.0000,0.0000,0,stuck_too_long
402,160,-572.44,0.37,15.80,0.0000,0.0000,0,stuck_too_long
403,160,-572.83,0.38,15.80,0.0000,0.0000,0,stuck_too_long
404,160,-572.90,0.39,15.80,0.0000,0.0000,0,stuck_too_long
405,160,-575.72,0.13,15.90,0.0000,0.0000,0,stuck_too_long
406,160,-572.66,0.35,15.80,0.0000,0.0000,0,stuck_too_long
407,160,-572.75,0.37,15.80,0.0000,0.0000,0,stuck_too_long
408,160,-572.38,0.35,15.80,0.0000,0.0000,0,stuck_too_long
409,160,-571.90,0.37,15.80,0.0000,0.0000,0,stuck_too_long
410,160,-572.10,0.34,15.80,0.0000,0.0000,0,stuck_too_long
411,160,-573.61,0.30,15.80,0.0000,0.0000,0,stuck_too_long
621,160,-575.79,0.15,15.90,0.0000,0.0000,0,stuck_too_long
622,160,-572.77,0.32,15.80,0.0000,0.0000,0,stuck_too_long
623,160,-572.19,0.36,15.80,0.0000,0.0000,0,stuck_too_long
624,160,-572.22,0.32,15.80,0.0000,0.0000,0,stuck_too_long
625,160,-573.02,0.33,15.80,0.0000,0.0000,0,stuck_too_long
626,160,-573.72,0.39,15.80,0.0000,0.0000,0,stuck_too_long
627,160,-572.25,0.37,15.80,0.0000,0.0000,0,stuck_too_long
628,160,-573.50,0.40,15.80,0.0000,0.0000,0,stuck_too_long
629,160,-572.74,0.32,15.80,0.0000,0.0000,0,stuck_too_long
630,160,-572.82,0.32,15.80,0.0000,0.0000,0,stuck_too_long
412,288,-713.88,0.15,28.61,0.0000,0.0000,0,stuck_too_long
413,160,-572.67,0.39,15.80,0.0000,0.0000,0,stuck_too_long
414,160,-573.28,0.31,15.80,0.0000,0.0000,0,stuck_too_long
415,160,-572.26,0.33,15.80,0.0000,0.0000,0,stuck_too_long
416,160,-572.55,0.33,15.80,0.0000,0.0000,0,stuck_too_long
417,160,-572.76,0.39,15.80,0.0000,0.0000,0,stuck_too_long
418,160,-573.29,0.36,15.80,0.0000,0.0000,0,stuck_too_long
419,160,-573.00,0.30,15.80,0.0000,0.0000,0,stuck_too_long
420,160,-573.27,0.35,15.80,0.0000,0.0000,0,stuck_too_long
421,160,-573.53,0.33,15.80,0.0000,0.0000,0,stuck_too_long
422,160,-573.32,0.35,15.80,0.0000,0.0000,0,stuck_too_long
423,160,-575.01,0.14,15.90,0.0000,0.0000,0,stuck_too_long
631,160,-572.92,0.33,15.80,0.0000,0.0000,0,stuck_too_long
632,160,-573.59,0.30,15.80,0.0000,0.0000,0,stuck_too_long
633,160,-573.05,0.36,15.80,0.0000,0.0000,0,stuck_too_long
634,160,-572.96,0.33,15.80,0.0000,0.0000,0,stuck_too_long
635,160,-573.00,0.34,15.80,0.0000,0.0000,0,stuck_too_long
636,160,-573.16,0.35,15.80,0.0000,0.0000,0,stuck_too_long
637,160,-572.95,0.35,15.80,0.0000,0.0000,0,stuck_too_long
638,160,-573.39,0.40,15.80,0.0000,0.0000,0,stuck_too_long
639,160,-574.04,0.37,15.80,0.0000,0.0000,0,stuck_too_long
640,160,-572.84,0.32,15.80,0.0000,0.0000,0,stuck_too_long
424,288,-709.57,0.39,28.41,0.0000,0.0000,0,stuck_too_long
425,160,-572.63,0.35,15.80,0.0000,0.0000,0,stuck_too_long
426,160,-573.12,0.35,15.80,0.0000,0.0000,0,stuck_too_long
427,160,-573.53,0.30,15.80,0.0000,0.0000,0,stuck_too_long
428,160,-573.17,0.29,15.80,0.0000,0.0000,0,stuck_too_long
429,160,-572.62,0.35,15.80,0.0000,0.0000,0,stuck_too_long
430,160,-573.06,0.33,15.80,0.0000,0.0000,0,stuck_too_long
431,160,-573.41,0.30,15.80,0.0000,0.0000,0,stuck_too_long
432,160,-573.04,0.31,15.80,0.0000,0.0000,0,stuck_too_long
433,160,-572.23,0.32,15.80,0.0000,0.0000,0,stuck_too_long
434,160,-572.79,0.36,15.80,0.0000,0.0000,0,stuck_too_long
435,160,-573.46,0.39,15.80,0.0000,0.0000,0,stuck_too_long
641,160,-574.18,0.32,15.80,0.0000,0.0000,0,stuck_too_long
642,160,-573.80,0.36,15.80,0.0000,0.0000,0,stuck_too_long
643,160,-574.12,0.31,15.80,0.0000,0.0000,0,stuck_too_long
644,160,-573.02,0.37,15.80,0.0000,0.0000,0,stuck_too_long
645,160,-571.99,0.35,15.80,0.0000,0.0000,0,stuck_too_long
646,160,-572.94,0.34,15.80,0.0000,0.0000,0,stuck_too_long
647,160,-572.72,0.35,15.80,0.0000,0.0000,0,stuck_too_long
648,160,-573.11,0.30,15.80,0.0000,0.0000,0,stuck_too_long
649,160,-572.90,0.32,15.80,0.0000,0.0000,0,stuck_too_long
650,160,-572.89,0.31,15.80,0.0000,0.0000,0,stuck_too_long
436,288,-710.57,0.38,28.41,0.0000,0.0000,0,stuck_too_long
437,160,-572.57,0.31,15.80,0.0000,0.0000,0,stuck_too_long
438,160,-573.22,0.32,15.80,0.0000,0.0000,0,stuck_too_long
439,160,-573.21,0.32,15.80,0.0000,0.0000,0,stuck_too_long
440,160,-573.34,0.31,15.80,0.0000,0.0000,0,stuck_too_long
441,160,-572.65,0.33,15.80,0.0000,0.0000,0,stuck_too_long
442,160,-572.89,0.33,15.80,0.0000,0.0000,0,stuck_too_long
443,160,-573.48,0.29,15.80,0.0000,0.0000,0,stuck_too_long
444,160,-573.16,0.36,15.80,0.0000,0.0000,0,stuck_too_long
445,160,-573.39,0.36,15.80,0.0000,0.0000,0,stuck_too_long
446,160,-573.27,0.32,15.80,0.0000,0.0000,0,stuck_too_long
447,160,-573.68,0.30,15.80,0.0000,0.0000,0,stuck_too_long
651,160,-571.38,0.31,15.70,0.0000,0.0000,0,stuck_too_long
652,160,-571.92,0.26,15.70,0.0000,0.0000,0,stuck_too_long
653,160,-572.04,0.40,15.70,0.0000,0.0000,0,stuck_too_long
654,160,-571.70,0.36,15.70,0.0000,0.0000,0,stuck_too_long
655,160,-572.62,0.32,15.70,0.0000,0.0000,0,stuck_too_long
656,160,-571.50,0.32,15.70,0.0000,0.0000,0,stuck_too_long
657,160,-572.10,0.36,15.70,0.0000,0.0000,0,stuck_too_long
658,160,-573.81,0.21,15.80,0.0000,0.0000,0,stuck_too_long
659,160,-571.76,0.29,15.70,0.0000,0.0000,0,stuck_too_long
660,160,-572.16,0.28,15.70,0.0000,0.0000,0,stuck_too_long
448,288,-709.13,0.38,28.31,0.0000,0.0000,0,stuck_too_long
449,160,-571.44,0.38,15.70,0.0000,0.0000,0,stuck_too_long
450,160,-571.68,0.31,15.70,0.0000,0.0000,0,stuck_too_long
451,160,-572.17,0.35,15.70,0.0000,0.0000,0,stuck_too_long
452,160,-571.54,0.38,15.70,0.0000,0.0000,0,stuck_too_long
453,160,-572.73,0.30,15.70,0.0000,0.0000,0,stuck_too_long
454,160,-572.73,0.32,15.70,0.0000,0.0000,0,stuck_too_long
455,160,-572.18,0.32,15.70,0.0000,0.0000,0,stuck_too_long
456,160,-572.12,0.29,15.70,0.0000,0.0000,0,stuck_too_long
457,160,-572.31,0.37,15.70,0.0000,0.0000,0,stuck_too_long
458,160,-571.73,0.29,15.70,0.0000,0.0000,0,stuck_too_long
459,160,-573.26,0.19,15.80,0.0000,0.0000,0,stuck_too_long
661,160,-571.95,0.39,15.70,0.0000,0.0000,0,stuck_too_long
662,160,-573.85,0.30,15.70,0.0000,0.0000,0,stuck_too_long
663,160,-573.23,0.32,15.70,0.0000,0.0000,0,stuck_too_long
664,160,-571.59,0.33,15.70,0.0000,0.0000,0,stuck_too_long
665,160,-572.82,0.29,15.70,0.0000,0.0000,0,stuck_too_long
666,160,-572.92,0.26,15.70,0.0000,0.0000,0,stuck_too_long
667,160,-572.69,0.30,15.70,0.0000,0.0000,0,stuck_too_long
668,160,-572.25,0.34,15.70,0.0000,0.0000,0,stuck_too_long
669,160,-571.70,0.34,15.70,0.0000,0.0000,0,stuck_too_long
670,160,-571.68,0.33,15.70,0.0000,0.0000,0,stuck_too_long
460,288,-708.10,0.42,28.21,0.0000,0.0000,0,stuck_too_long
461,160,-571.60,0.30,15.70,0.0000,0.0000,0,stuck_too_long
462,160,-572.53,0.33,15.70,0.0000,0.0000,0,stuck_too_long
463,160,-572.38,0.31,15.70,0.0000,0.0000,0,stuck_too_long
464,160,-571.90,0.31,15.70,0.0000,0.0000,0,stuck_too_long
465,160,-573.18,0.22,15.80,0.0000,0.0000,0,stuck_too_long
466,160,-572.69,0.33,15.70,0.0000,0.0000,0,stuck_too_long
467,160,-572.29,0.31,15.70,0.0000,0.0000,0,stuck_too_long
468,160,-572.35,0.33,15.70,0.0000,0.0000,0,stuck_too_long
469,160,-571.39,0.28,15.70,0.0000,0.0000,0,stuck_too_long
470,160,-572.41,0.35,15.70,0.0000,0.0000,0,stuck_too_long
471,160,-573.05,0.30,15.70,0.0000,0.0000,0,stuck_too_long
671,160,-574.46,0.21,15.80,0.0000,0.0000,0,stuck_too_long
672,160,-574.01,0.25,15.80,0.0000,0.0000,0,stuck_too_long
673,160,-573.14,0.26,15.80,0.0000,0.0000,0,stuck_too_long
674,160,-573.59,0.27,15.80,0.0000,0.0000,0,stuck_too_long
675,160,-573.28,0.27,15.80,0.0000,0.0000,0,stuck_too_long
676,160,-573.83,0.27,15.80,0.0000,0.0000,0,stuck_too_long
677,160,-573.06,0.24,15.80,0.0000,0.0000,0,stuck_too_long
678,160,-573.50,0.30,15.80,0.0000,0.0000,0,stuck_too_long
679,160,-573.38,0.26,15.80,0.0000,0.0000,0,stuck_too_long
680,160,-572.87,0.29,15.80,0.0000,0.0000,0,stuck_too_long
472,288,-709.40,0.28,28.31,0.0000,0.0000,0,stuck_too_long
473,160,-573.62,0.21,15.80,0.0000,0.0000,0,stuck_too_long
474,160,-573.81,0.25,15.80,0.0000,0.0000,0,stuck_too_long
475,160,-574.36,0.25,15.80,0.0000,0.0000,0,stuck_too_long
476,160,-573.04,0.30,15.80,0.0000,0.0000,0,stuck_too_long
477,160,-572.90,0.27,15.80,0.0000,0.0000,0,stuck_too_long
478,160,-574.03,0.24,15.80,0.0000,0.0000,0,stuck_too_long
479,160,-573.46,0.29,15.80,0.0000,0.0000,0,stuck_too_long
480,160,-573.48,0.26,15.80,0.0000,0.0000,0,stuck_too_long
481,160,-573.69,0.29,15.80,0.0000,0.0000,0,stuck_too_long
482,160,-573.67,0.29,15.80,0.0000,0.0000,0,stuck_too_long
483,160,-574.32,0.25,15.80,0.0000,0.0000,0,stuck_too_long
681,160,-559.96,0.37,30.28,0.0000,0.0000,0,stuck_too_long
682,160,-561.32,0.38,6.67,0.0000,0.0000,0,stuck_too_long
683,160,-566.03,0.37,63.29,0.0000,0.0000,0,stuck_too_long
684,160,-568.25,0.36,10.48,0.0000,0.0000,0,stuck_too_long
685,160,-565.89,0.31,33.93,0.0000,0.0000,0,stuck_too_long
686,160,-561.43,0.37,27.70,0.0000,0.0000,0,stuck_too_long
687,160,-569.13,0.30,38.16,0.0000,0.0000,0,stuck_too_long
688,160,-556.43,0.37,27.19,0.0000,0.0000,0,stuck_too_long
689,160,-568.00,0.33,13.21,0.0000,0.0000,0,stuck_too_long
690,160,-564.94,0.35,37.20,0.0000,0.0000,0,stuck_too_long
484,288,-704.99,0.32,82.52,0.0000,0.0000,0,stuck_too_long
485,160,-564.20,0.39,30.00,0.0000,0.0000,0,stuck_too_long
486,160,-563.95,0.34,20.20,0.0000,0.0000,0,stuck_too_long
487,160,-563.89,0.33,39.45,0.0000,0.0000,0,stuck_too_long
488,160,-566.68,0.40,44.56,0.0000,0.0000,0,stuck_too_long
489,160,-562.69,0.35,81.21,0.0000,0.0000,0,stuck_too_long
490,160,-566.77,0.34,91.02,0.0000,0.0000,0,stuck_too_long
491,160,-562.32,0.36,9.78,0.0000,0.0000,0,stuck_too_long
492,160,-564.22,0.34,20.49,0.0000,0.0000,0,stuck_too_long
493,160,-566.07,0.33,27.67,0.0000,0.0000,0,stuck_too_long
494,160,-566.69,0.38,14.13,0.0000,0.0000,0,stuck_too_long
495,160,-560.50,0.39,23.69,0.0000,0.0000,0,stuck_too_long
691,160,-570.07,0.31,77.94,0.0000,0.0000,0,stuck_too_long
692,160,-568.70,0.31,26.53,0.0000,0.0000,0,stuck_too_long
693,160,-568.28,0.32,11.31,0.0000,0.0000,0,stuck_too_long
694,160,-566.38,0.34,46.88,0.0000,0.0000,0,stuck_too_long
695,160,-568.26,0.29,63.22,0.0000,0.0000,0,stuck_too_long
696,160,-564.13,0.39,50.48,0.0000,0.0000,0,stuck_too_long
697,160,-569.03,0.30,13.67,0.0000,0.0000,0,stuck_too_long
698,160,-569.18,0.39,55.07,0.0000,0.0000,0,stuck_too_long
699,160,-566.47,0.40,34.06,0.0000,0.0000,0,stuck_too_long
700,160,-564.75,0.40,50.24,0.0000,0.0000,0,stuck_too_long
496,288,-699.77,0.39,65.32,0.0000,0.0000,0,stuck_too_long
497,160,-563.68,0.35,47.39,0.0000,0.0000,0,stuck_too_long
498,160,-567.02,0.35,31.22,0.0000,0.0000,0,stuck_too_long
499,160,-567.09,0.35,57.61,0.0000,0.0000,0,stuck_too_long
500,160,-561.08,0.39,-2.77,0.0000,0.0000,0,stuck_too_long
501,160,-570.17,0.30,43.31,0.0000,0.0000,0,stuck_too_long
502,160,-567.44,0.38,34.07,0.0000,0.0000,0,stuck_too_long
503,160,-568.58,0.34,47.96,0.0000,0.0000,0,stuck_too_long
504,160,-567.61,0.37,40.56,0.0000,0.0000,0,stuck_too_long
505,160,-563.17,0.35,25.92,0.0000,0.0000,0,stuck_too_long
506,160,-566.59,0.33,64.90,0.0000,0.0000,0,stuck_too_long
507,160,-566.95,0.34,29.67,0.0000,0.0000,0,stuck_too_long
701,160,-561.15,0.38,41.16,0.0000,0.0000,0,stuck_too_long
702,160,-563.21,0.37,-0.01,0.0000,0.0000,0,stuck_too_long
703,160,-569.11,0.33,57.36,0.0000,0.0000,0,stuck_too_long
704,160,-569.29,0.31,26.25,0.0000,0.0000,0,stuck_too_long
705,160,-570.29,0.33,8.39,0.0000,0.0000,0,stuck_too_long
706,160,-567.00,0.34,17.83,0.0000,0.0000,0,stuck_too_long
707,160,-565.02,0.36,26.80,0.0000,0.0000,0,stuck_too_long
708,160,-567.83,0.30,61.42,0.0000,0.0000,0,stuck_too_long
709,160,-564.97,0.35,89.28,0.0000,0.0000,0,stuck_too_long
710,160,-567.36,0.34,30.28,0.0000,0.0000,0,stuck_too_long
508,288,-685.15,0.41,71.77,0.0000,0.0000,0,stuck_too_long
509,160,-569.66,0.38,15.50,0.0000,0.0000,0,stuck_too_long
510,160,-558.85,0.35,33.81,0.0000,0.0000,0,stuck_too_long
511,160,-559.55,0.39,15.24,0.0000,0.0000,0,stuck_too_long
512,160,-563.53,0.39,34.10,0.0000,0.0000,0,stuck_too_long
513,160,-568.49,0.33,10.51,0.0000,0.0000,0,stuck_too_long
514,160,-559.72,0.37,48.98,0.0000,0.0000,0,stuck_too_long
515,160,-570.06,0.29,30.95,0.0000,0.0000,0,stuck_too_long
516,160,-569.84,0.35,4.06,0.0000,0.0000,0,stuck_too_long
517,160,-567.24,0.34,35.85,0.0000,0.0000,0,stuck_too_long
518,160,-561.17,0.39,58.37,0.0000,0.0000,0,stuck_too_long
519,160,-568.74,0.36,37.79,0.0000,0.0000,0,stuck_too_long
711,160,-571.41,0.29,34.47,0.0000,0.0000,0,stuck_too_long
712,160,-562.15,0.33,26.32,0.0000,0.0000,0,stuck_too_long
713,160,-567.75,0.32,20.64,0.0000,0.0000,0,stuck_too_long
714,160,-565.32,0.37,13.92,0.0000,0.0000,0,stuck_too_long
715,160,-567.83,0.32,33.14,0.0000,0.0000,0,stuck_too_long
716,160,-558.32,0.40,19.37,0.0000,0.0000,0,stuck_too_long
717,160,-547.38,0.40,30.09,0.0000,0.0000,0,stuck_too_long
718,160,-550.63,0.38,30.72,0.0000,0.0000,0,stuck_too_long
719,160,-564.95,0.39,33.13,0.0000,0.0000,0,stuck_too_long
720,160,-563.30,0.37,12.49,0.0000,0.0000,0,stuck_too_long
520,288,-694.47,0.40,101.15,0.0000,0.0000,0,stuck_too_long
521,160,-563.59,0.34,44.02,0.0000,0.0000,0,stuck_too_long
522,160,-558.09,0.37,47.34,0.0000,0.0000,0,stuck_too_long
523,160,-569.55,0.32,40.96,0.0000,0.0000,0,stuck_too_long
524,160,-554.73,0.38,33.30,0.0000,0.0000,0,stuck_too_long
525,160,-563.61,0.33,55.03,0.0000,0.0000,0,stuck_too_long
526,160,-567.25,0.37,9.52,0.0000,0.0000,0,stuck_too_long
527,160,-567.36,0.38,35.57,0.0000,0.0000,0,stuck_too_long
528,160,-558.09,0.37,30.68,0.0000,0.0000,0,stuck_too_long
529,160,-564.83,0.37,69.43,0.0000,0.0000,0,stuck_too_long
530,160,-563.32,0.36,6.59,0.0000,0.0000,0,stuck_too_long
531,160,-560.83,0.38,54.04,0.0000,0.0000,0,stuck_too_long
721,160,-562.13,0.38,43.20,0.0000,0.0000,0,stuck_too_long
722,160,-564.52,0.38,11.57,0.0000,0.0000,0,stuck_too_long
723,160,-567.35,0.36,15.98,0.0000,0.0000,0,stuck_too_long
724,160,-558.03,0.39,38.23,0.0000,0.0000,0,stuck_too_long
725,160,-566.24,0.33,50.25,0.0000,0.0000,0,stuck_too_long
726,160,-567.20,0.37,47.28,0.0000,0.0000,0,stuck_too_long
727,160,-559.42,0.39,23.21,0.0000,0.0000,0,stuck_too_long
728,160,-565.46,0.37,45.15,0.0000,0.0000,0,stuck_too_long
729,160,-561.93,0.38,38.09,0.0000,0.0000,0,stuck_too_long
730,160,-559.40,0.37,35.51,0.0000,0.0000,0,stuck_too_long
532,288,-687.83,0.42,49.18,0.0000,0.0000,0,stuck_too_long
533,160,-551.83,0.40,19.37,0.0000,0.0000,0,stuck_too_long
534,160,-555.33,0.40,38.83,0.0000,0.0000,0,stuck_too_long
535,160,-562.57,0.33,47.51,0.0000,0.0000,0,stuck_too_long
536,160,-562.57,0.40,6.30,0.0000,0.0000,0,stuck_too_long
537,160,-567.64,0.31,24.74,0.0000,0.0000,0,stuck_too_long
538,160,-560.34,0.35,52.53,0.0000,0.0000,0,stuck_too_long
539,160,-559.35,0.37,20.65,0.0000,0.0000,0,stuck_too_long
540,160,-568.05,0.34,36.01,0.0000,0.0000,0,stuck_too_long
541,160,-560.25,0.37,39.84,0.0000,0.0000,0,stuck_too_long
542,160,-564.61,0.39,2.69,0.0000,0.0000,0,stuck_too_long
543,160,-558.99,0.38,28.79,0.0000,0.0000,0,stuck_too_long
731,160,-563.52,0.38,54.79,0.0000,0.0000,0,stuck_too_long
732,160,-565.50,0.35,18.45,0.0000,0.0000,0,stuck_too_long
733,160,-558.00,0.37,21.96,0.0000,0.0000,0,stuck_too_long
734,160,-559.20,0.36,24.36,0.0000,0.0000,0,stuck_too_long
735,160,-564.34,0.33,12.82,0.0000,0.0000,0,stuck_too_long
736,160,-561.77,0.35,29.09,0.0000,0.0000,0,stuck_too_long
737,160,-568.64,0.34,35.59,0.0000,0.0000,0,stuck_too_long
738,160,-560.58,0.38,0.98,0.0000,0.0000,0,stuck_too_long
739,160,-568.87,0.34,50.70,0.0000,0.0000,0,stuck_too_long
740,160,-562.73,0.37,42.56,0.0000,0.0000,0,stuck_too_long
544,288,-687.12,0.42,72.84,0.0000,0.0000,0,stuck_too_long
545,160,-565.47,0.32,40.56,0.0000,0.0000,0,stuck_too_long
546,160,-556.48,0.37,25.95,0.0000,0.0000,0,stuck_too_long
547,160,-564.85,0.33,17.08,0.0000,0.0000,0,stuck_too_long
548,160,-557.22,0.36,26.42,0.0000,0.0000,0,stuck_too_long
549,160,-567.81,0.36,51.59,0.0000,0.0000,0,stuck_too_long
550,160,-563.33,0.40,15.25,0.0000,0.0000,0,stuck_too_long
551,160,-563.64,0.33,20.79,0.0000,0.0000,0,stuck_too_long
552,160,-563.65,0.40,22.79,0.0000,0.0000,0,stuck_too_long
553,160,-564.57,0.36,59.20,0.0000,0.0000,0,stuck_too_long
554,160,-564.20,0.35,28.02,0.0000,0.0000,0,stuck_too_long
555,160,-562.04,0.39,-6.26,0.0000,0.0000,0,stuck_too_long
741,160,-556.97,0.38,21.13,0.0000,0.0000,0,stuck_too_long
742,211,-604.40,0.30,24.84,0.0000,0.0000,0,stuck_too_long
743,160,-553.44,0.39,10.14,0.0000,0.0000,0,stuck_too_long
744,160,-558.79,0.39,20.91,0.0000,0.0000,0,stuck_too_long
745,177,-571.08,0.36,29.14,0.0000,0.0000,0,stuck_too_long
746,202,-602.09,0.31,16.08,0.0000,0.0000,0,stuck_too_long
747,160,-548.84,0.38,38.06,0.0000,0.0000,0,stuck_too_long
748,190,-586.92,0.34,20.95,0.0000,0.0000,0,stuck_too_long
749,160,-554.46,0.37,24.43,0.0000,0.0000,0,stuck_too_long
750,160,-556.69,0.39,26.17,0.0000,0.0000,0,stuck_too_long
556,332,-721.46,0.37,48.80,0.0000,0.0000,0,stuck_too_long
557,203,-595.17,0.31,47.89,0.0000,0.0000,0,stuck_too_long
558,195,-580.88,0.33,26.97,0.0000,0.0000,0,stuck_too_long
559,160,-555.41,0.40,20.61,0.0000,0.0000,0,stuck_too_long
560,223,-615.29,0.26,42.37,0.0000,0.0000,0,stuck_too_long
561,214,-612.45,0.27,25.06,0.0000,0.0000,0,stuck_too_long
562,160,-553.90,0.38,18.91,0.0000,0.0000,0,stuck_too_long
563,340,-736.72,0.19,41.25,0.0000,0.0000,0,stuck_too_long
564,177,-569.66,0.36,14.03,0.0000,0.0000,0,stuck_too_long
565,160,-552.99,0.39,41.00,0.0000,0.0000,0,stuck_too_long
751,200,-596.35,0.30,19.02,0.0000,0.0000,0,stuck_too_long
752,160,-552.71,0.39,5.14,0.0000,0.0000,0,stuck_too_long
753,186,-578.85,0.32,36.42,0.0000,0.0000,0,stuck_too_long
754,202,-593.34,0.31,34.59,0.0000,0.0000,0,stuck_too_long
755,186,-571.39,0.34,12.60,0.0000,0.0000,0,stuck_too_long
756,162,-558.17,0.39,39.74,0.0000,0.0000,0,stuck_too_long
757,160,-551.20,0.40,44.46,0.0000,0.0000,0,stuck_too_long
758,174,-569.22,0.37,16.02,0.0000,0.0000,0,stuck_too_long
759,207,-598.46,0.30,22.15,0.0000,0.0000,0,stuck_too_long
760,160,-551.29,0.40,19.72,0.0000,0.0000,0,stuck_too_long
566,234,-626.02,0.32,18.62,0.0000,0.0000,0,stuck_too_long
567,160,-551.33,0.38,18.44,0.0000,0.0000,0,stuck_too_long
568,161,-550.74,0.39,16.74,0.0000,0.0000,0,stuck_too_long
569,214,-604.19,0.29,30.27,0.0000,0.0000,0,stuck_too_long
570,160,-553.84,0.40,19.60,0.0000,0.0000,0,stuck_too_long
571,202,-589.36,0.32,24.28,0.0000,0.0000,0,stuck_too_long
572,160,-550.90,0.38,35.81,0.0000,0.0000,0,stuck_too_long
573,205,-597.49,0.31,18.65,0.0000,0.0000,0,stuck_too_long
574,160,-547.80,0.38,34.80,0.0000,0.0000,0,stuck_too_long
575,160,-561.91,0.35,35.40,0.0000,0.0000,0,stuck_too_long
576,204,-597.78,0.31,37.54,0.0000,0.0000,0,stuck_too_long
761,340,-748.23,0.19,31.72,0.0000,0.0000,0,stuck_too_long
762,340,-745.84,0.19,33.79,0.0000,0.0000,0,stuck_too_long
763,340,-752.73,0.19,38.46,0.0000,0.0000,0,stuck_too_long
764,340,-743.76,0.19,41.95,0.0000,0.0000,0,stuck_too_long
765,340,-748.21,0.18,34.77,0.0000,0.0000,0,stuck_too_long
766,340,-739.91,0.19,41.13,0.0000,0.0000,0,stuck_too_long
767,205,-598.23,0.31,16.51,0.0000,0.0000,0,stuck_too_long
768,340,-745.78,0.18,44.05,0.0000,0.0000,0,stuck_too_long
769,160,-552.27,0.39,15.96,0.0000,0.0000,0,stuck_too_long
770,184,-574.41,0.33,11.74,0.0000,0.0000,0,stuck_too_long
577,380,-772.43,0.34,51.05,0.0000,0.0000,0,stuck_too_long
578,340,-743.27,0.19,45.77,0.0000,0.0000,0,stuck_too_long
579,340,-746.62,0.18,29.02,0.0000,0.0000,0,stuck_too_long
580,210,-611.74,0.30,21.48,0.0000,0.0000,0,stuck_too_long
581,223,-620.31,0.29,38.34,0.0000,0.0000,0,stuck_too_long
582,340,-739.60,0.19,43.44,0.0000,0.0000,0,stuck_too_long
771,215,-611.21,0.29,22.46,0.0000,0.0000,0,stuck_too_long
772,340,-741.96,0.19,51.04,0.0000,0.0000,0,stuck_too_long
773,190,-583.49,0.32,30.64,0.0000,0.0000,0,stuck_too_long
774,176,-575.80,0.36,24.91,0.0000,0.0000,0,stuck_too_long
775,340,-744.37,0.19,39.39,0.0000,0.0000,0,stuck_too_long
776,340,-748.86,0.18,38.06,0.0000,0.0000,0,stuck_too_long
777,340,-749.25,0.18,30.05,0.0000,0.0000,0,stuck_too_long
778,340,-750.98,0.19,26.20,0.0000,0.0000,0,stuck_too_long
779,340,-749.41,0.18,50.52,0.0000,0.0000,0,stuck_too_long
780,201,-597.90,0.31,15.67,0.0000,0.0000,0,stuck_too_long
583,415,-802.74,0.30,74.28,0.0000,0.0000,0,stuck_too_long
584,188,-580.17,0.34,21.21,0.0000,0.0000,0,stuck_too_long
585,195,-588.80,0.32,36.87,0.0000,0.0000,0,stuck_too_long
586,161,-557.52,0.37,20.57,0.0000,0.0000,0,stuck_too_long
587,210,-607.46,0.30,6.95,0.0000,0.0000,0,stuck_too_long
588,340,-741.31,0.19,47.67,0.0000,0.0000,0,stuck_too_long
589,212,-605.39,0.29,32.54,0.0000,0.0000,0,stuck_too_long
590,221,-622.25,0.29,23.47,0.0000,0.0000,0,stuck_too_long
591,174,-567.31,0.36,21.97,0.0000,0.0000,0,stuck_too_long
781,340,-746.01,0.19,43.58,0.0000,0.0000,0,stuck_too_long
782,340,-753.21,0.19,31.04,0.0000,0.0000,0,stuck_too_long
783,340,-748.34,0.18,42.85,0.0000,0.0000,0,stuck_too_long
784,340,-748.96,0.19,40.05,0.0000,0.0000,0,stuck_too_long
785,520,-943.99,0.12,58.46,0.0000,0.0000,0,stuck_too_long
786,340,-748.18,0.18,38.83,0.0000,0.0000,0,stuck_too_long
787,182,-576.83,0.34,34.39,0.0000,0.0000,0,stuck_too_long
788,340,-746.28,0.19,47.03,0.0000,0.0000,0,stuck_too_long
789,340,-749.55,0.19,43.65,0.0000,0.0000,0,stuck_too_long
790,340,-743.93,0.18,30.60,0.0000,0.0000,0,stuck_too_long
592,527,-907.41,0.24,77.88,0.0000,0.0000,0,stuck_too_long
593,340,-746.30,0.18,36.56,0.0000,0.0000,0,stuck_too_long
594,221,-625.91,0.29,12.32,0.0000,0.0000,0,stuck_too_long
595,184,-574.79,0.32,25.78,0.0000,0.0000,0,stuck_too_long
596,340,-748.83,0.18,26.11,0.0000,0.0000,0,stuck_too_long
597,340,-747.24,0.18,49.67,0.0000,0.0000,0,stuck_too_long
598,215,-615.21,0.30,11.96,0.0000,0.0000,0,stuck_too_long
791,340,-744.76,0.19,43.81,0.0000,0.0000,0,stuck_too_long
792,163,-556.70,0.39,13.38,0.0000,0.0000,0,stuck_too_long
793,340,-749.95,0.19,40.49,0.0000,0.0000,0,stuck_too_long
794,160,-554.29,0.39,18.67,0.0000,0.0000,0,stuck_too_long
795,160,-559.60,0.37,19.89,0.0000,0.0000,0,stuck_too_long
796,340,-741.63,0.18,49.96,0.0000,0.0000,0,stuck_too_long
797,340,-756.98,0.18,44.37,0.0000,0.0000,0,stuck_too_long
798,221,-614.90,0.28,22.92,0.0000,0.0000,0,stuck_too_long
799,205,-602.18,0.31,29.48,0.0000,0.0000,0,stuck_too_long
800,340,-747.72,0.18,32.94,0.0000,0.0000,0,stuck_too_long
599,267,-647.26,0.37,54.41,0.0000,0.0000,0,stuck_too_long
600,340,-747.15,0.18,40.87,0.0000,0.0000,0,stuck_too_long
601,340,-749.78,0.19,53.94,0.0000,0.0000,0,stuck_too_long
602,340,-745.09,0.19,36.73,0.0000,0.0000,0,stuck_too_long
603,160,-553.43,0.39,19.21,0.0000,0.0000,0,stuck_too_long
604,340,-747.33,0.18,46.29,0.0000,0.0000,0,stuck_too_long
801,880,-1348.49,0.07,95.06,0.0000,0.0000,0,stuck_too_long
802,534,-968.28,0.11,48.11,0.0000,0.0000,0,stuck_too_long
803,574,-1016.09,0.11,61.52,0.0000,0.0000,0,stuck_too_long
804,700,-1152.31,0.08,80.38,0.0000,0.0000,0,stuck_too_long
805,520,-950.70,0.11,56.12,0.0000,0.0000,0,stuck_too_long
806,520,-948.64,0.12,56.10,0.0000,0.0000,0,stuck_too_long
807,520,-948.73,0.12,50.86,0.0000,0.0000,0,stuck_too_long
808,880,-1357.49,0.07,88.33,0.0000,0.0000,0,stuck_too_long
809,700,-1145.69,0.09,78.92,0.0000,0.0000,0,stuck_too_long
810,700,-1154.14,0.09,81.04,0.0000,0.0000,0,stuck_too_long
605,340,-747.84,0.19,44.99,0.0000,0.0000,0,stuck_too_long
606,700,-1154.11,0.09,75.16,0.0000,0.0000,0,stuck_too_long
607,520,-950.05,0.12,57.62,0.0000,0.0000,0,stuck_too_long
608,700,-1149.36,0.09,81.89,0.0000,0.0000,0,stuck_too_long
811,700,-1154.22,0.09,71.31,0.0000,0.0000,0,stuck_too_long
812,534,-968.61,0.12,54.45,0.0000,0.0000,0,stuck_too_long
813,700,-1150.04,0.09,79.71,0.0000,0.0000,0,stuck_too_long
814,543,-980.63,0.12,56.11,0.0000,0.0000,0,stuck_too_long
815,726,-1181.13,0.08,84.91,0.0000,0.0000,0,stuck_too_long
816,880,-1352.40,0.07,105.62,0.0000,0.0000,0,stuck_too_long
817,745,-1203.32,0.08,74.48,0.0000,0.0000,0,stuck_too_long
818,521,-952.82,0.11,61.13,0.0000,0.0000,0,stuck_too_long
819,700,-1152.82,0.09,83.06,0.0000,0.0000,0,stuck_too_long
820,700,-1151.81,0.09,85.78,0.0000,0.0000,0,stuck_too_long
609,650,-1093.62,0.13,76.98,0.0000,0.0000,0,stuck_too_long
610,578,-1019.82,0.11,62.13,0.0000,0.0000,0,stuck_too_long
611,736,-1191.73,0.09,82.82,0.0000,0.0000,0,stuck_too_long
821,880,-1352.92,0.07,109.45,0.0000,0.0000,0,stuck_too_long
822,700,-1160.30,0.09,82.16,0.0000,0.0000,0,stuck_too_long
823,700,-1153.26,0.09,80.78,0.0000,0.0000,0,stuck_too_long
824,761,-1226.76,0.08,78.66,0.0000,0.0000,0,stuck_too_long
825,700,-1158.78,0.09,71.42,0.0000,0.0000,0,stuck_too_long
826,520,-956.30,0.10,60.23,0.0000,0.0000,0,stuck_too_long
827,913,-1397.83,0.07,90.23,0.0000,0.0000,0,stuck_too_long
828,701,-1154.14,0.09,65.01,0.0000,0.0000,0,stuck_too_long
829,1000,-1085.16,0.06,106.48,0.0000,0.0000,0,timeout
830,539,-978.73,0.09,58.97,0.0000,0.0000,0,stuck_too_long
612,1000,-1080.38,0.09,121.53,0.0000,0.0000,0,timeout
613,890,-1371.97,0.07,84.34,0.0000,0.0000,0,stuck_too_long
831,520,-950.69,0.12,60.42,0.0000,0.0000,0,stuck_too_long
832,346,-761.16,0.18,49.93,0.0000,0.0000,0,stuck_too_long
833,368,-778.00,0.17,56.22,0.0000,0.0000,0,stuck_too_long
834,520,-952.58,0.12,55.57,0.0000,0.0000,0,stuck_too_long
835,700,-1151.95,0.09,78.61,0.0000,0.0000,0,stuck_too_long
836,520,-952.37,0.12,58.76,0.0000,0.0000,0,stuck_too_long
837,520,-948.33,0.12,62.83,0.0000,0.0000,0,stuck_too_long
838,713,-1167.43,0.09,77.80,0.0000,0.0000,0,stuck_too_long
839,568,-1010.90,0.11,63.28,0.0000,0.0000,0,stuck_too_long
840,561,-998.67,0.11,61.12,0.0000,0.0000,0,stuck_too_long
614,941,-1404.06,0.12,99.10,0.0000,0.0000,0,stuck_too_long
615,400,-818.76,0.16,60.14,0.0000,0.0000,0,stuck_too_long
616,700,-1158.19,0.09,72.05,0.0000,0.0000,0,stuck_too_long
841,160,-570.29,0.39,21.16,0.0000,0.0000,0,stuck_too_long
842,160,-565.90,0.39,34.40,0.0000,0.0000,0,stuck_too_long
843,160,-559.14,0.36,40.03,0.0000,0.0000,0,stuck_too_long
844,160,-560.47,0.38,33.52,0.0000,0.0000,0,stuck_too_long
845,160,-564.71,0.36,-1.38,0.0000,0.0000,0,stuck_too_long
846,160,-555.95,0.39,15.18,0.0000,0.0000,0,stuck_too_long
847,160,-553.35,0.39,20.96,0.0000,0.0000,0,stuck_too_long
848,160,-558.91,0.40,-0.67,0.0000,0.0000,0,stuck_too_long
849,160,-547.17,0.39,33.24,0.0000,0.0000,0,stuck_too_long
850,160,-559.67,0.37,29.15,0.0000,0.0000,0,stuck_too_long
617,526,-941.03,0.22,83.60,0.0000,0.0000,0,stuck_too_long
618,160,-556.95,0.40,36.10,0.0000,0.0000,0,stuck_too_long
619,160,-566.07,0.34,-1.40,0.0000,0.0000,0,stuck_too_long
620,160,-559.84,0.37,20.26,0.0000,0.0000,0,stuck_too_long
621,160,-553.73,0.38,34.40,0.0000,0.0000,0,stuck_too_long
622,160,-557.58,0.37,11.52,0.0000,0.0000,0,stuck_too_long
623,160,-560.65,0.38,12.54,0.0000,0.0000,0,stuck_too_long
624,160,-564.90,0.36,12.18,0.0000,0.0000,0,stuck_too_long
625,160,-566.74,0.38,50.23,0.0000,0.0000,0,stuck_too_long
626,160,-558.27,0.38,20.80,0.0000,0.0000,0,stuck_too_long
627,160,-562.94,0.38,42.93,0.0000,0.0000,0,stuck_too_long
628,160,-560.87,0.36,33.78,0.0000,0.0000,0,stuck_too_long
851,160,-548.82,0.37,32.97,0.0000,0.0000,0,stuck_too_long
852,160,-566.07,0.37,14.91,0.0000,0.0000,0,stuck_too_long
853,160,-548.60,0.39,25.63,0.0000,0.0000,0,stuck_too_long
854,160,-563.97,0.38,11.57,0.0000,0.0000,0,stuck_too_long
855,160,-556.95,0.38,11.70,0.0000,0.0000,0,stuck_too_long
856,160,-558.53,0.34,17.15,0.0000,0.0000,0,stuck_too_long
857,160,-567.47,0.36,59.75,0.0000,0.0000,0,stuck_too_long
858,160,-548.99,0.38,18.90,0.0000,0.0000,0,stuck_too_long
859,160,-563.86,0.38,51.79,0.0000,0.0000,0,stuck_too_long
860,160,-567.07,0.36,32.38,0.0000,0.0000,0,stuck_too_long
629,288,-679.70,0.43,71.01,0.0000,0.0000,0,stuck_too_long
630,160,-563.23,0.39,-4.20,0.0000,0.0000,0,stuck_too_long
631,160,-553.22,0.40,29.98,0.0000,0.0000,0,stuck_too_long
632,160,-571.06,0.34,15.80,0.0000,0.0000,0,stuck_too_long
633,160,-557.25,0.38,2.19,0.0000,0.0000,0,stuck_too_long
634,160,-551.26,0.38,27.02,0.0000,0.0000,0,stuck_too_long
635,160,-558.96,0.40,33.76,0.0000,0.0000,0,stuck_too_long
636,160,-562.20,0.40,31.67,0.0000,0.0000,0,stuck_too_long
637,160,-553.70,0.36,14.50,0.0000,0.0000,0,stuck_too_long
638,160,-553.48,0.35,19.70,0.0000,0.0000,0,stuck_too_long
639,160,-562.34,0.37,25.16,0.0000,0.0000,0,stuck_too_long
640,160,-557.68,0.33,15.25,0.0000,0.0000,0,stuck_too_long
861,160,-559.01,0.37,10.88,0.0000,0.0000,0,stuck_too_long
862,160,-555.39,0.39,40.72,0.0000,0.0000,0,stuck_too_long
863,160,-566.76,0.40,20.03,0.0000,0.0000,0,stuck_too_long
864,160,-563.69,0.38,45.59,0.0000,0.0000,0,stuck_too_long
865,160,-554.97,0.38,44.51,0.0000,0.0000,0,stuck_too_long
866,160,-566.78,0.34,1.81,0.0000,0.0000,0,stuck_too_long
867,160,-558.45,0.40,38.36,0.0000,0.0000,0,stuck_too_long
868,160,-568.56,0.32,16.05,0.0000,0.0000,0,stuck_too_long
869,160,-563.85,0.39,42.15,0.0000,0.0000,0,stuck_too_long
870,160,-562.08,0.39,10.57,0.0000,0.0000,0,stuck_too_long
641,288,-681.30,0.42,102.78,0.0000,0.0000,0,stuck_too_long
642,160,-558.31,0.36,30.94,0.0000,0.0000,0,stuck_too_long
643,160,-552.79,0.39,28.16,0.0000,0.0000,0,stuck_too_long
644,160,-560.20,0.39,34.52,0.0000,0.0000,0,stuck_too_long
645,160,-559.09,0.37,24.45,0.0000,0.0000,0,stuck_too_long
646,160,-556.04,0.36,13.60,0.0000,0.0000,0,stuck_too_long
647,160,-558.20,0.37,29.57,0.0000,0.0000,0,stuck_too_long
648,160,-554.11,0.38,1.33,0.0000,0.0000,0,stuck_too_long
649,160,-550.63,0.37,15.20,0.0000,0.0000,0,stuck_too_long
650,160,-568.66,0.38,58.65,0.0000,0.0000,0,stuck_too_long
651,160,-555.03,0.38,21.93,0.0000,0.0000,0,stuck_too_long
652,160,-563.35,0.40,25.50,0.0000,0.0000,0,stuck_too_long
871,160,-565.93,0.38,22.35,0.0000,0.0000,0,stuck_too_long
872,160,-550.35,0.39,10.59,0.0000,0.0000,0,stuck_too_long
873,160,-560.25,0.39,48.31,0.0000,0.0000,0,stuck_too_long
874,160,-567.08,0.38,42.10,0.0000,0.0000,0,stuck_too_long
875,160,-564.43,0.35,52.55,0.0000,0.0000,0,stuck_too_long
876,160,-557.16,0.40,38.89,0.0000,0.0000,0,stuck_too_long
877,160,-566.58,0.39,55.19,0.0000,0.0000,0,stuck_too_long
878,160,-558.16,0.38,2.03,0.0000,0.0000,0,stuck_too_long
879,160,-555.37,0.38,11.01,0.0000,0.0000,0,stuck_too_long
880,160,-564.16,0.39,30.83,0.0000,0.0000,0,stuck_too_long
653,288,-676.61,0.42,51.90,0.0000,0.0000,0,stuck_too_long
654,160,-564.52,0.33,37.18,0.0000,0.0000,0,stuck_too_long
655,160,-556.18,0.39,20.35,0.0000,0.0000,0,stuck_too_long
656,160,-557.71,0.40,-0.75,0.0000,0.0000,0,stuck_too_long
657,160,-555.13,0.39,15.59,0.0000,0.0000,0,stuck_too_long
658,160,-556.22,0.40,18.55,0.0000,0.0000,0,stuck_too_long
659,160,-563.28,0.35,73.12,0.0000,0.0000,0,stuck_too_long
660,160,-556.30,0.36,46.26,0.0000,0.0000,0,stuck_too_long
661,160,-569.33,0.34,56.39,0.0000,0.0000,0,stuck_too_long
662,160,-563.94,0.39,7.60,0.0000,0.0000,0,stuck_too_long
663,160,-552.46,0.40,13.79,0.0000,0.0000,0,stuck_too_long
664,160,-561.07,0.37,32.18,0.0000,0.0000,0,stuck_too_long
881,160,-566.06,0.36,44.18,0.0000,0.0000,0,stuck_too_long
882,160,-565.26,0.38,17.97,0.0000,0.0000,0,stuck_too_long
883,160,-569.14,0.38,-0.66,0.0000,0.0000,0,stuck_too_long
884,160,-571.79,0.38,15.50,0.0000,0.0000,0,stuck_too_long
885,160,-557.92,0.37,14.95,0.0000,0.0000,0,stuck_too_long
886,160,-567.71,0.35,18.41,0.0000,0.0000,0,stuck_too_long
887,160,-556.47,0.37,30.02,0.0000,0.0000,0,stuck_too_long
888,160,-569.11,0.32,54.12,0.0000,0.0000,0,stuck_too_long
889,160,-556.31,0.37,25.11,0.0000,0.0000,0,stuck_too_long
890,160,-565.72,0.39,40.59,0.0000,0.0000,0,stuck_too_long
665,288,-689.08,0.42,29.91,0.0000,0.0000,0,stuck_too_long
666,160,-550.68,0.39,34.02,0.0000,0.0000,0,stuck_too_long
667,160,-570.53,0.35,-2.83,0.0000,0.0000,0,stuck_too_long
668,160,-566.94,0.36,21.38,0.0000,0.0000,0,stuck_too_long
669,160,-562.10,0.40,18.04,0.0000,0.0000,0,stuck_too_long
670,160,-561.32,0.40,42.27,0.0000,0.0000,0,stuck_too_long
671,160,-564.93,0.35,34.66,0.0000,0.0000,0,stuck_too_long
672,160,-562.20,0.38,26.17,0.0000,0.0000,0,stuck_too_long
673,160,-562.25,0.36,11.43,0.0000,0.0000,0,stuck_too_long
674,160,-566.56,0.37,46.63,0.0000,0.0000,0,stuck_too_long
675,160,-565.84,0.38,16.99,0.0000,0.0000,0,stuck_too_long
676,160,-561.25,0.38,30.63,0.0000,0.0000,0,stuck_too_long
891,160,-553.42,0.40,22.04,0.0000,0.0000,0,stuck_too_long
892,160,-563.62,0.39,25.31,0.0000,0.0000,0,stuck_too_long
893,167,-552.89,0.38,25.03,0.0000,0.0000,0,stuck_too_long
894,160,-551.87,0.38,25.87,0.0000,0.0000,0,stuck_too_long
895,173,-569.03,0.36,36.74,0.0000,0.0000,0,stuck_too_long
896,160,-554.34,0.38,18.67,0.0000,0.0000,0,stuck_too_long
897,160,-554.17,0.36,39.06,0.0000,0.0000,0,stuck_too_long
898,160,-565.07,0.39,1.13,0.0000,0.0000,0,stuck_too_long
899,160,-553.36,0.39,32.55,0.0000,0.0000,0,stuck_too_long
900,164,-557.76,0.38,30.45,0.0000,0.0000,0,stuck_too_long
677,288,-680.86,0.43,3.86,0.0000,0.0000,0,stuck_too_long
678,160,-553.94,0.40,43.98,0.0000,0.0000,0,stuck_too_long
679,160,-558.81,0.40,10.04,0.0000,0.0000,0,stuck_too_long
680,186,-574.00,0.34,38.13,0.0000,0.0000,0,stuck_too_long
681,168,-559.88,0.38,24.52,0.0000,0.0000,0,stuck_too_long
682,170,-557.92,0.36,27.67,0.0000,0.0000,0,stuck_too_long
683,160,-564.62,0.36,7.60,0.0000,0.0000,0,stuck_too_long
684,160,-550.96,0.40,2.76,0.0000,0.0000,0,stuck_too_long
685,160,-556.39,0.39,13.87,0.0000,0.0000,0,stuck_too_long
686,160,-553.65,0.37,28.31,0.0000,0.0000,0,stuck_too_long
687,160,-554.46,0.37,6.81,0.0000,0.0000,0,stuck_too_long
688,170,-567.67,0.37,9.81,0.0000,0.0000,0,stuck_too_long
901,160,-562.35,0.35,38.99,0.0000,0.0000,0,stuck_too_long
902,160,-559.15,0.39,29.64,0.0000,0.0000,0,stuck_too_long
903,160,-568.19,0.37,36.91,0.0000,0.0000,0,stuck_too_long
904,160,-570.05,0.34,1.44,0.0000,0.0000,0,stuck_too_long
905,160,-564.88,0.39,13.46,0.0000,0.0000,0,stuck_too_long
906,160,-561.01,0.36,18.16,0.0000,0.0000,0,stuck_too_long
907,160,-560.65,0.40,75.80,0.0000,0.0000,0,stuck_too_long
908,160,-560.75,0.38,16.01,0.0000,0.0000,0,stuck_too_long
909,160,-565.11,0.40,59.20,0.0000,0.0000,0,stuck_too_long
910,160,-564.57,0.37,17.71,0.0000,0.0000,0,stuck_too_long
689,234,-618.90,0.53,32.01,0.0000,0.0000,0,stuck_too_long
690,160,-567.22,0.38,23.44,0.0000,0.0000,0,stuck_too_long
691,160,-555.90,0.37,15.11,0.0000,0.0000,0,stuck_too_long
692,160,-564.70,0.38,24.93,0.0000,0.0000,0,stuck_too_long
693,160,-566.52,0.36,10.10,0.0000,0.0000,0,stuck_too_long
694,160,-559.83,0.39,17.29,0.0000,0.0000,0,stuck_too_long
695,160,-555.14,0.40,43.86,0.0000,0.0000,0,stuck_too_long
696,160,-567.07,0.33,7.94,0.0000,0.0000,0,stuck_too_long
697,160,-560.19,0.40,42.79,0.0000,0.0000,0,stuck_too_long
698,160,-562.77,0.40,26.31,0.0000,0.0000,0,stuck_too_long
699,160,-559.38,0.40,37.54,0.0000,0.0000,0,stuck_too_long
700,160,-569.38,0.32,44.22,0.0000,0.0000,0,stuck_too_long
911,160,-565.03,0.37,27.38,0.0000,0.0000,0,stuck_too_long
912,160,-554.88,0.38,27.81,0.0000,0.0000,0,stuck_too_long
913,160,-561.59,0.38,35.07,0.0000,0.0000,0,stuck_too_long
914,160,-567.87,0.39,2.03,0.0000,0.0000,0,stuck_too_long
915,160,-550.68,0.38,32.81,0.0000,0.0000,0,stuck_too_long
916,160,-565.78,0.38,30.60,0.0000,0.0000,0,stuck_too_long
917,160,-555.40,0.39,14.30,0.0000,0.0000,0,stuck_too_long
918,160,-565.70,0.36,49.80,0.0000,0.0000,0,stuck_too_long
919,160,-553.47,0.40,28.21,0.0000,0.0000,0,stuck_too_long
920,160,-565.59,0.37,18.42,0.0000,0.0000,0,stuck_too_long
701,288,-687.28,0.40,46.39,0.0000,0.0000,0,stuck_too_long
702,160,-560.32,0.36,18.50,0.0000,0.0000,0,stuck_too_long
703,160,-562.96,0.37,12.95,0.0000,0.0000,0,stuck_too_long
704,160,-554.66,0.36,9.05,0.0000,0.0000,0,stuck_too_long
705,160,-568.02,0.38,75.91,0.0000,0.0000,0,stuck_too_long
706,160,-561.70,0.38,13.79,0.0000,0.0000,0,stuck_too_long
707,160,-561.13,0.33,20.39,0.0000,0.0000,0,stuck_too_long
708,160,-561.82,0.35,12.03,0.0000,0.0000,0,stuck_too_long
709,160,-556.83,0.39,7.93,0.0000,0.0000,0,stuck_too_long
710,160,-564.23,0.37,33.39,0.0000,0.0000,0,stuck_too_long
711,160,-559.28,0.38,20.28,0.0000,0.0000,0,stuck_too_long
712,160,-565.17,0.38,3.00,0.0000,0.0000,0,stuck_too_long
921,160,-560.88,0.35,30.70,0.0000,0.0000,0,stuck_too_long
922,160,-566.14,0.39,64.34,0.0000,0.0000,0,stuck_too_long
923,160,-564.73,0.40,56.88,0.0000,0.0000,0,stuck_too_long
924,160,-557.82,0.38,15.69,0.0000,0.0000,0,stuck_too_long
925,160,-562.37,0.33,7.01,0.0000,0.0000,0,stuck_too_long
926,160,-566.27,0.36,23.19,0.0000,0.0000,0,stuck_too_long
927,160,-561.31,0.37,12.84,0.0000,0.0000,0,stuck_too_long
928,160,-563.30,0.37,34.08,0.0000,0.0000,0,stuck_too_long
929,160,-561.03,0.37,19.50,0.0000,0.0000,0,stuck_too_long
930,160,-567.96,0.39,78.12,0.0000,0.0000,0,stuck_too_long
713,288,-683.26,0.42,64.81,0.0000,0.0000,0,stuck_too_long
714,160,-568.88,0.40,31.88,0.0000,0.0000,0,stuck_too_long
715,160,-565.48,0.38,23.88,0.0000,0.0000,0,stuck_too_long
716,160,-561.11,0.40,75.65,0.0000,0.0000,0,stuck_too_long
717,160,-555.15,0.39,18.08,0.0000,0.0000,0,stuck_too_long
718,160,-552.28,0.38,41.42,0.0000,0.0000,0,stuck_too_long
719,160,-562.26,0.39,34.36,0.0000,0.0000,0,stuck_too_long
720,160,-563.72,0.40,14.50,0.0000,0.0000,0,stuck_too_long
721,160,-562.09,0.38,15.60,0.0000,0.0000,0,stuck_too_long
722,160,-561.83,0.40,23.70,0.0000,0.0000,0,stuck_too_long
723,160,-559.30,0.38,28.88,0.0000,0.0000,0,stuck_too_long
724,160,-564.09,0.38,40.23,0.0000,0.0000,0,stuck_too_long
931,160,-564.54,0.38,36.82,0.0000,0.0000,0,stuck_too_long
932,160,-559.86,0.40,25.24,0.0000,0.0000,0,stuck_too_long
933,160,-556.73,0.39,42.30,0.0000,0.0000,0,stuck_too_long
934,160,-564.49,0.38,11.65,0.0000,0.0000,0,stuck_too_long
935,160,-565.30,0.39,19.09,0.0000,0.0000,0,stuck_too_long
936,160,-554.76,0.39,29.06,0.0000,0.0000,0,stuck_too_long
937,160,-566.18,0.37,28.34,0.0000,0.0000,0,stuck_too_long
938,160,-564.99,0.39,-7.72,0.0000,0.0000,0,stuck_too_long
939,160,-556.24,0.40,29.65,0.0000,0.0000,0,stuck_too_long
940,160,-567.16,0.37,2.31,0.0000,0.0000,0,stuck_too_long
725,288,-679.94,0.41,79.53,0.0000,0.0000,0,stuck_too_long
726,160,-560.33,0.39,20.85,0.0000,0.0000,0,stuck_too_long
727,160,-561.21,0.34,24.34,0.0000,0.0000,0,stuck_too_long
728,160,-562.49,0.38,33.56,0.0000,0.0000,0,stuck_too_long
729,160,-563.58,0.37,20.61,0.0000,0.0000,0,stuck_too_long
730,160,-561.94,0.39,21.14,0.0000,0.0000,0,stuck_too_long
731,160,-557.19,0.38,41.96,0.0000,0.0000,0,stuck_too_long
732,160,-569.60,0.34,-0.69,0.0000,0.0000,0,stuck_too_long
733,160,-564.15,0.34,56.99,0.0000,0.0000,0,stuck_too_long
734,160,-561.56,0.38,44.17,0.0000,0.0000,0,stuck_too_long
735,160,-565.71,0.38,10.52,0.0000,0.0000,0,stuck_too_long
736,160,-569.67,0.38,12.06,0.0000,0.0000,0,stuck_too_long
941,160,-557.18,0.40,-3.82,0.0000,0.0000,0,stuck_too_long
942,160,-558.73,0.37,27.26,0.0000,0.0000,0,stuck_too_long
943,160,-563.77,0.38,49.30,0.0000,0.0000,0,stuck_too_long
944,160,-569.32,0.36,40.30,0.0000,0.0000,0,stuck_too_long
945,160,-565.60,0.39,26.35,0.0000,0.0000,0,stuck_too_long
946,160,-563.62,0.32,30.79,0.0000,0.0000,0,stuck_too_long
947,160,-565.02,0.35,10.24,0.0000,0.0000,0,stuck_too_long
948,160,-559.47,0.36,20.80,0.0000,0.0000,0,stuck_too_long
949,160,-565.82,0.40,62.92,0.0000,0.0000,0,stuck_too_long
950,160,-572.13,0.32,15.60,0.0000,0.0000,0,stuck_too_long
737,288,-689.55,0.40,93.78,0.0000,0.0000,0,stuck_too_long
738,160,-564.42,0.39,12.75,0.0000,0.0000,0,stuck_too_long
739,160,-561.42,0.37,32.86,0.0000,0.0000,0,stuck_too_long
740,160,-565.62,0.38,16.03,0.0000,0.0000,0,stuck_too_long
741,160,-567.32,0.34,23.16,0.0000,0.0000,0,stuck_too_long
742,160,-559.56,0.38,16.68,0.0000,0.0000,0,stuck_too_long
743,160,-564.07,0.39,20.85,0.0000,0.0000,0,stuck_too_long
744,160,-550.48,0.39,35.25,0.0000,0.0000,0,stuck_too_long
745,160,-562.89,0.39,9.57,0.0000,0.0000,0,stuck_too_long
746,160,-568.86,0.35,20.72,0.0000,0.0000,0,stuck_too_long
747,160,-566.50,0.33,57.77,0.0000,0.0000,0,stuck_too_long
748,160,-567.51,0.33,21.00,0.0000,0.0000,0,stuck_too_long
951,160,-561.95,0.39,19.38,0.0000,0.0000,0,stuck_too_long
952,160,-557.69,0.37,35.62,0.0000,0.0000,0,stuck_too_long
953,160,-570.48,0.37,12.58,0.0000,0.0000,0,stuck_too_long
954,160,-561.29,0.36,14.84,0.0000,0.0000,0,stuck_too_long
955,160,-567.89,0.38,10.65,0.0000,0.0000,0,stuck_too_long
956,160,-564.23,0.36,7.41,0.0000,0.0000,0,stuck_too_long
957,160,-543.97,0.37,19.21,0.0000,0.0000,0,stuck_too_long
958,160,-560.63,0.36,19.75,0.0000,0.0000,0,stuck_too_long
959,160,-555.37,0.38,18.36,0.0000,0.0000,0,stuck_too_long
960,160,-569.07,0.34,46.92,0.0000,0.0000,0,stuck_too_long
749,288,-686.76,0.42,41.67,0.0000,0.0000,0,stuck_too_long
750,160,-555.89,0.40,24.81,0.0000,0.0000,0,stuck_too_long
751,160,-555.97,0.39,21.82,0.0000,0.0000,0,stuck_too_long
752,160,-555.47,0.38,15.96,0.0000,0.0000,0,stuck_too_long
753,160,-562.73,0.39,23.68,0.0000,0.0000,0,stuck_too_long
754,160,-561.17,0.36,8.48,0.0000,0.0000,0,stuck_too_long
755,160,-555.61,0.37,19.98,0.0000,0.0000,0,stuck_too_long
756,160,-559.38,0.38,14.20,0.0000,0.0000,0,stuck_too_long
757,160,-557.68,0.39,36.69,0.0000,0.0000,0,stuck_too_long
758,160,-559.88,0.37,20.84,0.0000,0.0000,0,stuck_too_long
759,160,-556.04,0.39,17.70,0.0000,0.0000,0,stuck_too_long
760,160,-565.19,0.40,6.48,0.0000,0.0000,0,stuck_too_long
961,160,-557.26,0.40,17.77,0.0000,0.0000,0,stuck_too_long
962,160,-552.00,0.38,23.55,0.0000,0.0000,0,stuck_too_long
963,160,-548.84,0.39,39.39,0.0000,0.0000,0,stuck_too_long
964,160,-569.70,0.36,10.67,0.0000,0.0000,0,stuck_too_long
965,160,-555.81,0.39,20.16,0.0000,0.0000,0,stuck_too_long
966,160,-563.64,0.36,55.11,0.0000,0.0000,0,stuck_too_long
967,160,-558.28,0.39,32.06,0.0000,0.0000,0,stuck_too_long
968,160,-556.88,0.37,43.10,0.0000,0.0000,0,stuck_too_long
969,160,-564.14,0.34,6.18,0.0000,0.0000,0,stuck_too_long
970,160,-557.81,0.38,19.43,0.0000,0.0000,0,stuck_too_long
761,288,-676.15,0.44,23.56,0.0000,0.0000,0,stuck_too_long
762,160,-564.73,0.37,108.76,0.0000,0.0000,0,stuck_too_long
763,160,-563.84,0.35,27.68,0.0000,0.0000,0,stuck_too_long
764,160,-557.25,0.38,10.79,0.0000,0.0000,0,stuck_too_long
765,160,-561.39,0.39,29.33,0.0000,0.0000,0,stuck_too_long
766,160,-560.27,0.34,12.02,0.0000,0.0000,0,stuck_too_long
767,160,-561.32,0.37,19.60,0.0000,0.0000,0,stuck_too_long
768,160,-555.24,0.39,36.98,0.0000,0.0000,0,stuck_too_long
769,160,-556.38,0.36,0.33,0.0000,0.0000,0,stuck_too_long
770,160,-563.55,0.39,31.72,0.0000,0.0000,0,stuck_too_long
771,160,-565.57,0.29,33.86,0.0000,0.0000,0,stuck_too_long
772,160,-555.12,0.36,18.77,0.0000,0.0000,0,stuck_too_long
971,160,-563.22,0.39,-3.77,0.0000,0.0000,0,stuck_too_long
972,160,-555.58,0.40,25.49,0.0000,0.0000,0,stuck_too_long
973,160,-558.00,0.39,37.50,0.0000,0.0000,0,stuck_too_long
974,160,-557.14,0.34,7.04,0.0000,0.0000,0,stuck_too_long
975,160,-559.30,0.36,30.84,0.0000,0.0000,0,stuck_too_long
976,160,-560.19,0.38,1.36,0.0000,0.0000,0,stuck_too_long
977,160,-569.10,0.30,10.91,0.0000,0.0000,0,stuck_too_long
978,160,-567.88,0.35,17.50,0.0000,0.0000,0,stuck_too_long
979,160,-561.97,0.36,28.42,0.0000,0.0000,0,stuck_too_long
980,160,-561.97,0.40,35.04,0.0000,0.0000,0,stuck_too_long
773,288,-666.77,0.43,9.49,0.0000,0.0000,0,stuck_too_long
774,160,-551.85,0.38,17.03,0.0000,0.0000,0,stuck_too_long
775,160,-564.17,0.39,2.89,0.0000,0.0000,0,stuck_too_long
776,160,-565.00,0.40,26.51,0.0000,0.0000,0,stuck_too_long
777,160,-555.38,0.39,5.99,0.0000,0.0000,0,stuck_too_long
778,160,-555.02,0.40,31.91,0.0000,0.0000,0,stuck_too_long
779,160,-554.30,0.34,13.05,0.0000,0.0000,0,stuck_too_long
780,160,-550.29,0.38,39.65,0.0000,0.0000,0,stuck_too_long
781,160,-566.31,0.39,29.31,0.0000,0.0000,0,stuck_too_long
782,160,-563.20,0.39,-3.76,0.0000,0.0000,0,stuck_too_long
783,160,-567.80,0.38,42.28,0.0000,0.0000,0,stuck_too_long
784,160,-571.23,0.38,29.94,0.0000,0.0000,0,stuck_too_long
981,160,-559.62,0.39,9.73,0.0000,0.0000,0,stuck_too_long
982,160,-563.06,0.40,30.39,0.0000,0.0000,0,stuck_too_long
983,160,-556.26,0.38,19.72,0.0000,0.0000,0,stuck_too_long
984,160,-562.30,0.39,-1.61,0.0000,0.0000,0,stuck_too_long
985,160,-567.66,0.38,23.34,0.0000,0.0000,0,stuck_too_long
986,160,-568.69,0.39,7.55,0.0000,0.0000,0,stuck_too_long
987,160,-562.49,0.36,0.64,0.0000,0.0000,0,stuck_too_long
988,160,-568.09,0.40,23.32,0.0000,0.0000,0,stuck_too_long
989,160,-563.83,0.37,16.46,0.0000,0.0000,0,stuck_too_long
990,160,-563.22,0.39,64.72,0.0000,0.0000,0,stuck_too_long
785,288,-686.46,0.42,18.98,0.0000,0.0000,0,stuck_too_long
786,160,-561.25,0.40,32.50,0.0000,0.0000,0,stuck_too_long
787,160,-553.36,0.39,27.45,0.0000,0.0000,0,stuck_too_long
788,160,-565.16,0.36,32.69,0.0000,0.0000,0,stuck_too_long
789,160,-555.12,0.39,29.56,0.0000,0.0000,0,stuck_too_long
790,160,-568.44,0.34,6.84,0.0000,0.0000,0,stuck_too_long
791,160,-566.14,0.34,19.24,0.0000,0.0000,0,stuck_too_long
792,160,-569.92,0.37,1.78,0.0000,0.0000,0,stuck_too_long
793,160,-553.45,0.40,16.97,0.0000,0.0000,0,stuck_too_long
794,160,-563.56,0.38,10.30,0.0000,0.0000,0,stuck_too_long
795,160,-558.49,0.38,10.09,0.0000,0.0000,0,stuck_too_long
796,160,-559.28,0.33,38.12,0.0000,0.0000,0,stuck_too_long
991,160,-562.09,0.37,28.11,0.0000,0.0000,0,stuck_too_long
992,160,-556.17,0.39,12.45,0.0000,0.0000,0,stuck_too_long
993,160,-563.49,0.39,31.57,0.0000,0.0000,0,stuck_too_long
994,160,-569.85,0.34,-0.03,0.0000,0.0000,0,stuck_too_long
995,160,-565.63,0.36,26.54,0.0000,0.0000,0,stuck_too_long
996,173,-564.52,0.37,15.54,0.0000,0.0000,0,stuck_too_long
997,160,-553.68,0.39,38.80,0.0000,0.0000,0,stuck_too_long
998,160,-551.01,0.40,36.02,0.0000,0.0000,0,stuck_too_long
999,160,-556.06,0.39,45.14,0.0000,0.0000,0,stuck_too_long
1000,160,-551.30,0.37,26.35,0.0000,0.0000,0,stuck_too_long
797,288,-681.57,0.41,69.74,0.0000,0.0000,0,stuck_too_long
798,160,-544.99,0.39,19.64,0.0000,0.0000,0,stuck_too_long
799,160,-555.67,0.39,8.02,0.0000,0.0000,0,stuck_too_long
800,160,-563.87,0.39,40.49,0.0000,0.0000,0,stuck_too_long
801,160,-567.81,0.39,45.62,0.0000,0.0000,0,stuck_too_long
802,160,-553.63,0.39,30.28,0.0000,0.0000,0,stuck_too_long
803,160,-563.26,0.38,34.60,0.0000,0.0000,0,stuck_too_long
804,160,-553.38,0.40,22.53,0.0000,0.0000,0,stuck_too_long
805,160,-555.11,0.39,8.15,0.0000,0.0000,0,stuck_too_long
806,160,-569.13,0.33,4.91,0.0000,0.0000,0,stuck_too_long
807,160,-549.81,0.40,14.75,0.0000,0.0000,0,stuck_too_long
808,160,-567.03,0.36,18.65,0.0000,0.0000,0,stuck_too_long
1001,160,-561.03,0.39,-6.47,0.0000,0.0000,0,stuck_too_long
1002,160,-564.22,0.39,32.54,0.0000,0.0000,0,stuck_too_long
1003,160,-554.42,0.39,-2.69,0.0000,0.0000,0,stuck_too_long
1004,183,-574.70,0.35,33.02,0.0000,0.0000,0,stuck_too_long
1005,160,-552.85,0.40,12.18,0.0000,0.0000,0,stuck_too_long
1006,160,-558.81,0.40,32.40,0.0000,0.0000,0,stuck_too_long
1007,181,-570.19,0.35,24.96,0.0000,0.0000,0,stuck_too_long
1008,160,-549.92,0.40,15.29,0.0000,0.0000,0,stuck_too_long
1009,199,-597.13,0.32,13.73,0.0000,0.0000,0,stuck_too_long
1010,160,-558.41,0.39,32.59,0.0000,0.0000,0,stuck_too_long
809,288,-675.73,0.42,46.04,0.0000,0.0000,0,stuck_too_long
810,160,-556.09,0.40,15.49,0.0000,0.0000,0,stuck_too_long
811,172,-579.93,0.36,28.50,0.0000,0.0000,0,stuck_too_long
812,160,-554.57,0.39,24.37,0.0000,0.0000,0,stuck_too_long
813,184,-581.37,0.34,19.27,0.0000,0.0000,0,stuck_too_long
814,160,-557.27,0.38,23.74,0.0000,0.0000,0,stuck_too_long
815,161,-553.34,0.39,39.09,0.0000,0.0000,0,stuck_too_long
816,182,-574.30,0.34,15.21,0.0000,0.0000,0,stuck_too_long
817,165,-555.69,0.38,22.80,0.0000,0.0000,0,stuck_too_long
818,340,-750.75,0.19,33.31,0.0000,0.0000,0,stuck_too_long
819,186,-582.53,0.33,20.35,0.0000,0.0000,0,stuck_too_long
1011,160,-553.59,0.39,36.11,0.0000,0.0000,0,stuck_too_long
1012,340,-749.14,0.19,41.44,0.0000,0.0000,0,stuck_too_long
1013,165,-558.11,0.37,32.92,0.0000,0.0000,0,stuck_too_long
1014,160,-553.10,0.38,7.84,0.0000,0.0000,0,stuck_too_long
1015,160,-567.33,0.35,54.60,0.0000,0.0000,0,stuck_too_long
1016,160,-565.80,0.40,31.66,0.0000,0.0000,0,stuck_too_long
1017,210,-608.56,0.30,38.34,0.0000,0.0000,0,stuck_too_long
1018,160,-558.83,0.37,18.79,0.0000,0.0000,0,stuck_too_long
1019,160,-558.01,0.37,25.91,0.0000,0.0000,0,stuck_too_long
1020,160,-558.27,0.38,7.53,0.0000,0.0000,0,stuck_too_long
820,188,-567.07,0.48,30.97,0.0000,0.0000,0,stuck_too_long
821,160,-548.86,0.39,19.38,0.0000,0.0000,0,stuck_too_long
822,193,-585.69,0.32,11.55,0.0000,0.0000,0,stuck_too_long
823,161,-559.62,0.39,20.86,0.0000,0.0000,0,stuck_too_long
824,199,-589.61,0.32,22.45,0.0000,0.0000,0,stuck_too_long
825,160,-560.85,0.35,4.67,0.0000,0.0000,0,stuck_too_long
826,160,-561.43,0.40,1.46,0.0000,0.0000,0,stuck_too_long
827,189,-585.18,0.34,36.62,0.0000,0.0000,0,stuck_too_long
828,170,-565.48,0.35,27.26,0.0000,0.0000,0,stuck_too_long
829,160,-555.10,0.39,33.20,0.0000,0.0000,0,stuck_too_long
830,160,-552.73,0.39,21.99,0.0000,0.0000,0,stuck_too_long
831,160,-558.54,0.36,18.02,0.0000,0.0000,0,stuck_too_long
1021,160,-563.67,0.39,10.06,0.0000,0.0000,0,stuck_too_long
1022,160,-570.21,0.32,29.73,0.0000,0.0000,0,stuck_too_long
1023,160,-563.99,0.38,17.13,0.0000,0.0000,0,stuck_too_long
1024,160,-566.19,0.33,51.49,0.0000,0.0000,0,stuck_too_long
1025,160,-564.72,0.39,34.27,0.0000,0.0000,0,stuck_too_long
1026,160,-564.81,0.40,25.83,0.0000,0.0000,0,stuck_too_long
1027,160,-557.98,0.40,17.59,0.0000,0.0000,0,stuck_too_long
1028,160,-554.35,0.38,19.05,0.0000,0.0000,0,stuck_too_long
1029,160,-566.68,0.34,-0.44,0.0000,0.0000,0,stuck_too_long
1030,160,-561.86,0.36,14.38,0.0000,0.0000,0,stuck_too_long
832,166,-570.07,0.38,13.93,0.0000,0.0000,0,stuck_too_long
833,160,-563.83,0.37,19.83,0.0000,0.0000,0,stuck_too_long
834,160,-570.61,0.37,11.86,0.0000,0.0000,0,stuck_too_long
835,160,-567.69,0.38,-4.38,0.0000,0.0000,0,stuck_too_long
836,160,-567.56,0.36,33.12,0.0000,0.0000,0,stuck_too_long
837,160,-563.62,0.39,42.57,0.0000,0.0000,0,stuck_too_long
838,160,-559.67,0.37,32.02,0.0000,0.0000,0,stuck_too_long
839,160,-565.18,0.35,60.42,0.0000,0.0000,0,stuck_too_long
840,160,-564.50,0.40,26.92,0.0000,0.0000,0,stuck_too_long
841,160,-570.84,0.31,17.65,0.0000,0.0000,0,stuck_too_long
842,160,-567.71,0.39,27.92,0.0000,0.0000,0,stuck_too_long
843,160,-567.15,0.35,54.84,0.0000,0.0000,0,stuck_too_long
1031,160,-563.33,0.40,18.21,0.0000,0.0000,0,stuck_too_long
1032,160,-562.03,0.34,29.66,0.0000,0.0000,0,stuck_too_long
1033,160,-555.27,0.40,39.13,0.0000,0.0000,0,stuck_too_long
1034,160,-565.24,0.38,42.16,0.0000,0.0000,0,stuck_too_long
1035,160,-555.77,0.39,9.02,0.0000,0.0000,0,stuck_too_long
1036,160,-556.94,0.39,22.91,0.0000,0.0000,0,stuck_too_long
1037,160,-552.01,0.38,8.57,0.0000,0.0000,0,stuck_too_long
1038,160,-558.33,0.38,22.91,0.0000,0.0000,0,stuck_too_long
1039,160,-559.11,0.39,27.82,0.0000,0.0000,0,stuck_too_long
1040,160,-551.86,0.39,7.13,0.0000,0.0000,0,stuck_too_long
844,288,-694.23,0.40,106.86,0.0000,0.0000,0,stuck_too_long
845,160,-564.40,0.39,49.55,0.0000,0.0000,0,stuck_too_long
846,160,-571.00,0.30,38.59,0.0000,0.0000,0,stuck_too_long
847,160,-557.98,0.38,32.47,0.0000,0.0000,0,stuck_too_long
848,160,-558.46,0.39,44.24,0.0000,0.0000,0,stuck_too_long
849,160,-564.99,0.38,27.68,0.0000,0.0000,0,stuck_too_long
850,160,-553.27,0.40,30.86,0.0000,0.0000,0,stuck_too_long
851,160,-559.75,0.39,19.74,0.0000,0.0000,0,stuck_too_long
852,160,-547.55,0.40,42.44,0.0000,0.0000,0,stuck_too_long
853,160,-557.85,0.39,-4.70,0.0000,0.0000,0,stuck_too_long
854,160,-562.92,0.35,19.98,0.0000,0.0000,0,stuck_too_long
855,160,-556.68,0.40,13.25,0.0000,0.0000,0,stuck_too_long
1041,160,-564.93,0.37,11.65,0.0000,0.0000,0,stuck_too_long
1042,160,-551.88,0.39,21.44,0.0000,0.0000,0,stuck_too_long
1043,160,-562.41,0.35,39.47,0.0000,0.0000,0,stuck_too_long
1044,160,-553.03,0.39,35.59,0.0000,0.0000,0,stuck_too_long
1045,160,-566.86,0.36,67.04,0.0000,0.0000,0,stuck_too_long
1046,160,-560.59,0.33,10.57,0.0000,0.0000,0,stuck_too_long
1047,160,-558.00,0.36,8.86,0.0000,0.0000,0,stuck_too_long
1048,160,-569.75,0.36,63.47,0.0000,0.0000,0,stuck_too_long
1049,160,-566.73,0.35,16.84,0.0000,0.0000,0,stuck_too_long
1050,160,-551.16,0.40,25.57,0.0000,0.0000,0,stuck_too_long
856,288,-697.77,0.41,84.18,0.0000,0.0000,0,stuck_too_long
857,160,-565.84,0.38,35.64,0.0000,0.0000,0,stuck_too_long
858,160,-562.90,0.38,7.73,0.0000,0.0000,0,stuck_too_long
859,160,-563.13,0.39,54.30,0.0000,0.0000,0,stuck_too_long
860,160,-557.83,0.39,35.17,0.0000,0.0000,0,stuck_too_long
861,160,-552.55,0.39,12.35,0.0000,0.0000,0,stuck_too_long
862,160,-554.51,0.36,18.65,0.0000,0.0000,0,stuck_too_long
863,160,-562.03,0.36,63.61,0.0000,0.0000,0,stuck_too_long
864,160,-552.00,0.34,34.15,0.0000,0.0000,0,stuck_too_long
865,160,-559.51,0.38,3.18,0.0000,0.0000,0,stuck_too_long
866,160,-554.37,0.38,26.78,0.0000,0.0000,0,stuck_too_long
867,160,-564.94,0.40,-3.01,0.0000,0.0000,0,stuck_too_long
1051,160,-553.99,0.39,30.43,0.0000,0.0000,0,stuck_too_long
1052,162,-553.79,0.38,14.14,0.0000,0.0000,0,stuck_too_long
1053,185,-576.63,0.34,18.01,0.0000,0.0000,0,stuck_too_long
1054,193,-589.06,0.33,13.20,0.0000,0.0000,0,stuck_too_long
1055,160,-547.97,0.39,16.27,0.0000,0.0000,0,stuck_too_long
1056,160,-550.40,0.39,8.07,0.0000,0.0000,0,stuck_too_long
1057,201,-593.94,0.31,31.62,0.0000,0.0000,0,stuck_too_long
1058,163,-551.83,0.39,6.95,0.0000,0.0000,0,stuck_too_long
1059,160,-554.11,0.37,44.98,0.0000,0.0000,0,stuck_too_long
1060,160,-562.34,0.39,1.01,0.0000,0.0000,0,stuck_too_long
868,290,-671.04,0.44,49.06,0.0000,0.0000,0,stuck_too_long
869,340,-750.27,0.19,50.89,0.0000,0.0000,0,stuck_too_long
870,176,-563.44,0.36,20.98,0.0000,0.0000,0,stuck_too_long
871,160,-559.26,0.40,15.15,0.0000,0.0000,0,stuck_too_long
872,160,-553.73,0.39,12.59,0.0000,0.0000,0,stuck_too_long
873,160,-555.50,0.38,15.51,0.0000,0.0000,0,stuck_too_long
874,160,-557.79,0.38,6.93,0.0000,0.0000,0,stuck_too_long
875,160,-559.92,0.40,40.19,0.0000,0.0000,0,stuck_too_long
876,160,-554.03,0.39,11.46,0.0000,0.0000,0,stuck_too_long
877,160,-552.29,0.38,21.27,0.0000,0.0000,0,stuck_too_long
878,166,-559.03,0.33,17.46,0.0000,0.0000,0,stuck_too_long
1061,160,-562.99,0.36,11.02,0.0000,0.0000,0,stuck_too_long
1062,160,-558.91,0.39,19.24,0.0000,0.0000,0,stuck_too_long
1063,160,-562.48,0.39,9.57,0.0000,0.0000,0,stuck_too_long
1064,160,-551.37,0.40,18.92,0.0000,0.0000,0,stuck_too_long
1065,160,-553.44,0.37,15.39,0.0000,0.0000,0,stuck_too_long
1066,160,-561.26,0.37,27.69,0.0000,0.0000,0,stuck_too_long
1067,160,-553.68,0.38,39.24,0.0000,0.0000,0,stuck_too_long
1068,160,-563.85,0.38,15.00,0.0000,0.0000,0,stuck_too_long
1069,160,-566.66,0.34,25.78,0.0000,0.0000,0,stuck_too_long
1070,160,-555.67,0.38,17.49,0.0000,0.0000,0,stuck_too_long
879,244,-623.28,0.49,24.46,0.0000,0.0000,0,stuck_too_long
880,160,-567.90,0.32,5.88,0.0000,0.0000,0,stuck_too_long
881,160,-555.43,0.38,23.36,0.0000,0.0000,0,stuck_too_long
882,160,-566.38,0.40,35.29,0.0000,0.0000,0,stuck_too_long
883,160,-555.63,0.35,7.06,0.0000,0.0000,0,stuck_too_long
884,160,-567.24,0.39,5.24,0.0000,0.0000,0,stuck_too_long
885,160,-554.17,0.36,29.44,0.0000,0.0000,0,stuck_too_long
886,160,-565.24,0.34,26.15,0.0000,0.0000,0,stuck_too_long
887,160,-561.90,0.36,13.08,0.0000,0.0000,0,stuck_too_long
888,160,-560.41,0.35,16.95,0.0000,0.0000,0,stuck_too_long
889,160,-550.57,0.39,25.85,0.0000,0.0000,0,stuck_too_long
890,160,-560.41,0.35,19.87,0.0000,0.0000,0,stuck_too_long
1071,160,-549.87,0.38,13.37,0.0000,0.0000,0,stuck_too_long
1072,160,-564.44,0.36,23.48,0.0000,0.0000,0,stuck_too_long
1073,160,-563.05,0.38,44.66,0.0000,0.0000,0,stuck_too_long
1074,160,-562.68,0.37,22.63,0.0000,0.0000,0,stuck_too_long
1075,160,-562.36,0.38,36.16,0.0000,0.0000,0,stuck_too_long
1076,160,-563.48,0.38,22.30,0.0000,0.0000,0,stuck_too_long
1077,160,-563.23,0.39,23.56,0.0000,0.0000,0,stuck_too_long
1078,160,-564.89,0.36,57.86,0.0000,0.0000,0,stuck_too_long
1079,160,-563.70,0.40,34.93,0.0000,0.0000,0,stuck_too_long
1080,160,-558.30,0.40,17.35,0.0000,0.0000,0,stuck_too_long
891,288,-683.56,0.42,20.83,0.0000,0.0000,0,stuck_too_long
892,160,-566.54,0.40,11.20,0.0000,0.0000,0,stuck_too_long
893,160,-554.55,0.40,28.40,0.0000,0.0000,0,stuck_too_long
894,160,-558.09,0.35,16.34,0.0000,0.0000,0,stuck_too_long
895,160,-558.60,0.33,23.77,0.0000,0.0000,0,stuck_too_long
896,160,-558.34,0.38,20.46,0.0000,0.0000,0,stuck_too_long
897,160,-564.47,0.37,44.66,0.0000,0.0000,0,stuck_too_long
898,160,-554.49,0.38,27.61,0.0000,0.0000,0,stuck_too_long
899,160,-562.57,0.38,25.63,0.0000,0.0000,0,stuck_too_long
900,160,-559.25,0.37,6.91,0.0000,0.0000,0,stuck_too_long
901,160,-566.46,0.35,53.69,0.0000,0.0000,0,stuck_too_long
902,160,-549.03,0.40,18.59,0.0000,0.0000,0,stuck_too_long
1081,160,-567.26,0.34,32.85,0.0000,0.0000,0,stuck_too_long
1082,160,-568.82,0.36,11.93,0.0000,0.0000,0,stuck_too_long
1083,160,-557.81,0.39,24.80,0.0000,0.0000,0,stuck_too_long
1084,160,-566.02,0.39,10.11,0.0000,0.0000,0,stuck_too_long
1085,160,-563.91,0.36,-0.96,0.0000,0.0000,0,stuck_too_long
1086,160,-563.21,0.33,47.58,0.0000,0.0000,0,stuck_too_long
1087,160,-559.65,0.37,26.12,0.0000,0.0000,0,stuck_too_long
1088,160,-554.99,0.39,47.62,0.0000,0.0000,0,stuck_too_long
1089,160,-558.97,0.38,26.59,0.0000,0.0000,0,stuck_too_long
1090,160,-564.13,0.40,23.35,0.0000,0.0000,0,stuck_too_long
903,288,-693.68,0.43,79.96,0.0000,0.0000,0,stuck_too_long
904,160,-560.82,0.34,17.66,0.0000,0.0000,0,stuck_too_long
905,160,-569.36,0.31,41.71,0.0000,0.0000,0,stuck_too_long
906,160,-554.76,0.37,11.71,0.0000,0.0000,0,stuck_too_long
907,160,-564.16,0.37,15.31,0.0000,0.0000,0,stuck_too_long
908,160,-556.76,0.39,14.11,0.0000,0.0000,0,stuck_too_long
909,160,-564.74,0.39,27.19,0.0000,0.0000,0,stuck_too_long
910,160,-551.11,0.37,42.05,0.0000,0.0000,0,stuck_too_long
911,160,-556.92,0.38,20.53,0.0000,0.0000,0,stuck_too_long
912,160,-556.61,0.37,38.30,0.0000,0.0000,0,stuck_too_long
913,160,-560.46,0.39,17.89,0.0000,0.0000,0,stuck_too_long
914,160,-562.40,0.37,43.22,0.0000,0.0000,0,stuck_too_long
1091,160,-558.68,0.40,10.04,0.0000,0.0000,0,stuck_too_long
1092,160,-562.69,0.39,22.53,0.0000,0.0000,0,stuck_too_long
1093,160,-553.85,0.37,13.22,0.0000,0.0000,0,stuck_too_long
1094,160,-557.61,0.36,29.30,0.0000,0.0000,0,stuck_too_long
1095,160,-568.88,0.38,10.66,0.0000,0.0000,0,stuck_too_long
1096,160,-560.88,0.36,39.61,0.0000,0.0000,0,stuck_too_long
1097,160,-563.04,0.40,24.26,0.0000,0.0000,0,stuck_too_long
1098,160,-566.20,0.35,22.77,0.0000,0.0000,0,stuck_too_long
1099,160,-560.41,0.35,31.60,0.0000,0.0000,0,stuck_too_long
1100,160,-558.79,0.37,40.67,0.0000,0.0000,0,stuck_too_long
915,288,-690.29,0.43,68.47,0.0000,0.0000,0,stuck_too_long
916,160,-564.46,0.39,45.88,0.0000,0.0000,0,stuck_too_long
917,160,-561.31,0.37,23.25,0.0000,0.0000,0,stuck_too_long
918,160,-556.20,0.39,50.52,0.0000,0.0000,0,stuck_too_long
919,160,-568.77,0.37,45.69,0.0000,0.0000,0,stuck_too_long
920,160,-555.30,0.37,17.62,0.0000,0.0000,0,stuck_too_long
921,160,-564.72,0.36,30.08,0.0000,0.0000,0,stuck_too_long
922,160,-566.74,0.32,3.05,0.0000,0.0000,0,stuck_too_long
923,160,-557.16,0.39,34.04,0.0000,0.0000,0,stuck_too_long
924,160,-548.45,0.38,22.27,0.0000,0.0000,0,stuck_too_long
925,160,-560.91,0.39,13.66,0.0000,0.0000,0,stuck_too_long
926,160,-560.85,0.39,5.87,0.0000,0.0000,0,stuck_too_long
1101,160,-560.32,0.37,51.10,0.0000,0.0000,0,stuck_too_long
1102,160,-551.36,0.38,17.95,0.0000,0.0000,0,stuck_too_long
1103,160,-549.37,0.39,21.69,0.0000,0.0000,0,stuck_too_long
1104,160,-557.41,0.36,45.14,0.0000,0.0000,0,stuck_too_long
1105,160,-558.69,0.40,-1.96,0.0000,0.0000,0,stuck_too_long
1106,160,-555.45,0.39,18.56,0.0000,0.0000,0,stuck_too_long
1107,169,-561.94,0.37,20.40,0.0000,0.0000,0,stuck_too_long
1108,160,-560.95,0.38,28.37,0.0000,0.0000,0,stuck_too_long
1109,172,-562.84,0.37,17.57,0.0000,0.0000,0,stuck_too_long
1110,160,-552.95,0.39,18.47,0.0000,0.0000,0,stuck_too_long
927,288,-676.40,0.43,41.05,0.0000,0.0000,0,stuck_too_long
928,160,-559.10,0.39,5.57,0.0000,0.0000,0,stuck_too_long
929,169,-563.69,0.37,24.29,0.0000,0.0000,0,stuck_too_long
930,160,-559.09,0.38,29.99,0.0000,0.0000,0,stuck_too_long
931,160,-554.79,0.40,11.55,0.0000,0.0000,0,stuck_too_long
932,160,-556.47,0.37,26.65,0.0000,0.0000,0,stuck_too_long
933,181,-574.91,0.35,11.87,0.0000,0.0000,0,stuck_too_long
934,160,-561.53,0.35,1.96,0.0000,0.0000,0,stuck_too_long
935,167,-566.62,0.35,19.38,0.0000,0.0000,0,stuck_too_long
936,172,-564.32,0.34,17.59,0.0000,0.0000,0,stuck_too_long
937,160,-553.14,0.39,24.25,0.0000,0.0000,0,stuck_too_long
938,160,-553.84,0.40,13.34,0.0000,0.0000,0,stuck_too_long
1111,169,-562.38,0.36,12.01,0.0000,0.0000,0,stuck_too_long
1112,160,-555.43,0.40,5.08,0.0000,0.0000,0,stuck_too_long
1113,160,-558.05,0.39,9.67,0.0000,0.0000,0,stuck_too_long
1114,164,-559.53,0.38,11.37,0.0000,0.0000,0,stuck_too_long
1115,164,-560.50,0.37,19.27,0.0000,0.0000,0,stuck_too_long
1116,160,-548.85,0.39,25.91,0.0000,0.0000,0,stuck_too_long
1117,160,-552.87,0.39,39.21,0.0000,0.0000,0,stuck_too_long
1118,160,-552.56,0.38,21.20,0.0000,0.0000,0,stuck_too_long
1119,163,-557.22,0.39,5.97,0.0000,0.0000,0,stuck_too_long
1120,201,-597.04,0.30,37.23,0.0000,0.0000,0,stuck_too_long
939,239,-623.07,0.50,61.22,0.0000,0.0000,0,stuck_too_long
940,161,-559.58,0.39,13.03,0.0000,0.0000,0,stuck_too_long
941,183,-574.23,0.34,15.13,0.0000,0.0000,0,stuck_too_long
942,160,-554.12,0.40,25.68,0.0000,0.0000,0,stuck_too_long
943,191,-583.31,0.31,27.67,0.0000,0.0000,0,stuck_too_long
944,190,-583.67,0.33,9.17,0.0000,0.0000,0,stuck_too_long
945,160,-553.81,0.37,30.36,0.0000,0.0000,0,stuck_too_long
946,160,-553.00,0.39,0.06,0.0000,0.0000,0,stuck_too_long
947,195,-589.14,0.33,22.96,0.0000,0.0000,0,stuck_too_long
948,160,-561.89,0.40,41.43,0.0000,0.0000,0,stuck_too_long
949,195,-590.94,0.33,18.54,0.0000,0.0000,0,stuck_too_long
1121,160,-551.15,0.39,43.88,0.0000,0.0000,0,stuck_too_long
1122,160,-561.63,0.37,19.42,0.0000,0.0000,0,stuck_too_long
1123,160,-571.12,0.35,21.58,0.0000,0.0000,0,stuck_too_long
1124,166,-570.45,0.36,15.67,0.0000,0.0000,0,stuck_too_long
1125,160,-551.86,0.40,9.70,0.0000,0.0000,0,stuck_too_long
1126,160,-553.19,0.40,18.45,0.0000,0.0000,0,stuck_too_long
1127,162,-555.57,0.38,9.59,0.0000,0.0000,0,stuck_too_long
1128,160,-557.91,0.40,20.53,0.0000,0.0000,0,stuck_too_long
1129,160,-551.30,0.40,5.20,0.0000,0.0000,0,stuck_too_long
1130,160,-557.78,0.40,4.83,0.0000,0.0000,0,stuck_too_long
950,293,-677.06,0.43,45.44,0.0000,0.0000,0,stuck_too_long
951,160,-555.09,0.37,14.69,0.0000,0.0000,0,stuck_too_long
952,160,-554.82,0.38,24.96,0.0000,0.0000,0,stuck_too_long
953,160,-552.01,0.39,7.65,0.0000,0.0000,0,stuck_too_long
954,160,-561.24,0.35,19.65,0.0000,0.0000,0,stuck_too_long
955,160,-553.16,0.39,16.82,0.0000,0.0000,0,stuck_too_long
956,160,-557.69,0.39,-5.00,0.0000,0.0000,0,stuck_too_long
957,160,-553.67,0.40,20.77,0.0000,0.0000,0,stuck_too_long
958,160,-560.85,0.39,25.71,0.0000,0.0000,0,stuck_too_long
959,160,-553.49,0.38,26.85,0.0000,0.0000,0,stuck_too_long
960,170,-567.36,0.37,20.97,0.0000,0.0000,0,stuck_too_long
961,160,-560.61,0.39,31.96,0.0000,0.0000,0,stuck_too_long
1131,160,-547.05,0.40,28.32,0.0000,0.0000,0,stuck_too_long
1132,160,-554.20,0.39,20.60,0.0000,0.0000,0,stuck_too_long
1133,160,-557.35,0.39,57.00,0.0000,0.0000,0,stuck_too_long
1134,160,-562.74,0.38,21.23,0.0000,0.0000,0,stuck_too_long
1135,160,-556.31,0.35,9.15,0.0000,0.0000,0,stuck_too_long
1136,160,-551.19,0.40,16.17,0.0000,0.0000,0,stuck_too_long
1137,160,-558.87,0.38,16.40,0.0000,0.0000,0,stuck_too_long
1138,160,-549.63,0.37,12.38,0.0000,0.0000,0,stuck_too_long
1139,160,-563.78,0.40,47.76,0.0000,0.0000,0,stuck_too_long
1140,160,-555.38,0.39,16.78,0.0000,0.0000,0,stuck_too_long
962,278,-664.76,0.45,42.77,0.0000,0.0000,0,stuck_too_long
963,160,-558.15,0.37,13.21,0.0000,0.0000,0,stuck_too_long
964,160,-570.37,0.36,20.99,0.0000,0.0000,0,stuck_too_long
965,160,-568.19,0.29,24.28,0.0000,0.0000,0,stuck_too_long
966,160,-555.85,0.38,8.25,0.0000,0.0000,0,stuck_too_long
967,160,-557.38,0.37,16.80,0.0000,0.0000,0,stuck_too_long
968,160,-556.15,0.39,33.89,0.0000,0.0000,0,stuck_too_long
969,160,-551.36,0.39,5.73,0.0000,0.0000,0,stuck_too_long
970,160,-566.04,0.35,26.67,0.0000,0.0000,0,stuck_too_long
971,160,-560.40,0.40,14.57,0.0000,0.0000,0,stuck_too_long
972,160,-563.24,0.39,-3.77,0.0000,0.0000,0,stuck_too_long
973,160,-551.31,0.38,31.81,0.0000,0.0000,0,stuck_too_long
1141,160,-568.33,0.34,31.46,0.0000,0.0000,0,stuck_too_long
1142,186,-583.18,0.34,22.18,0.0000,0.0000,0,stuck_too_long
1143,160,-553.59,0.39,19.76,0.0000,0.0000,0,stuck_too_long
1144,170,-564.24,0.37,15.50,0.0000,0.0000,0,stuck_too_long
1145,160,-560.28,0.39,18.51,0.0000,0.0000,0,stuck_too_long
1146,160,-557.16,0.37,24.14,0.0000,0.0000,0,stuck_too_long
1147,160,-558.40,0.36,2.37,0.0000,0.0000,0,stuck_too_long
1148,180,-572.40,0.34,24.90,0.0000,0.0000,0,stuck_too_long
1149,160,-556.96,0.39,31.81,0.0000,0.0000,0,stuck_too_long
1150,160,-550.32,0.39,28.70,0.0000,0.0000,0,stuck_too_long
974,323,-707.73,0.39,23.32,0.0000,0.0000,0,stuck_too_long
975,174,-569.56,0.36,8.53,0.0000,0.0000,0,stuck_too_long
976,160,-552.92,0.40,25.51,0.0000,0.0000,0,stuck_too_long
977,178,-573.80,0.32,9.20,0.0000,0.0000,0,stuck_too_long
978,160,-556.94,0.40,13.44,0.0000,0.0000,0,stuck_too_long
979,160,-550.21,0.39,40.81,0.0000,0.0000,0,stuck_too_long
980,160,-556.96,0.40,28.91,0.0000,0.0000,0,stuck_too_long
981,199,-599.36,0.32,33.96,0.0000,0.0000,0,stuck_too_long
982,160,-557.88,0.37,13.73,0.0000,0.0000,0,stuck_too_long
983,160,-557.13,0.39,14.40,0.0000,0.0000,0,stuck_too_long
984,196,-592.45,0.32,25.56,0.0000,0.0000,0,stuck_too_long
1151,160,-559.31,0.38,2.94,0.0000,0.0000,0,stuck_too_long
1152,178,-573.24,0.36,15.11,0.0000,0.0000,0,stuck_too_long
1153,173,-572.38,0.36,17.71,0.0000,0.0000,0,stuck_too_long
1154,187,-586.75,0.31,28.73,0.0000,0.0000,0,stuck_too_long
1155,163,-559.37,0.39,10.32,0.0000,0.0000,0,stuck_too_long
1156,170,-565.32,0.37,26.51,0.0000,0.0000,0,stuck_too_long
1157,160,-561.97,0.38,57.42,0.0000,0.0000,0,stuck_too_long
1158,340,-749.63,0.18,36.72,0.0000,0.0000,0,stuck_too_long
1159,171,-566.23,0.35,20.49,0.0000,0.0000,0,stuck_too_long
1160,340,-754.67,0.18,32.37,0.0000,0.0000,0,stuck_too_long
985,318,-700.68,0.40,54.48,0.0000,0.0000,0,stuck_too_long
986,340,-751.77,0.19,32.58,0.0000,0.0000,0,stuck_too_long
987,206,-608.41,0.31,19.26,0.0000,0.0000,0,stuck_too_long
988,211,-608.37,0.29,24.42,0.0000,0.0000,0,stuck_too_long
989,188,-589.87,0.33,26.25,0.0000,0.0000,0,stuck_too_long
990,189,-590.86,0.33,8.34,0.0000,0.0000,0,stuck_too_long
991,196,-591.43,0.32,22.23,0.0000,0.0000,0,stuck_too_long
992,340,-751.15,0.19,33.50,0.0000,0.0000,0,stuck_too_long
993,192,-583.69,0.30,39.87,0.0000,0.0000,0,stuck_too_long
1161,191,-593.31,0.33,14.04,0.0000,0.0000,0,stuck_too_long
1162,160,-557.90,0.40,38.40,0.0000,0.0000,0,stuck_too_long
1163,160,-556.52,0.38,18.03,0.0000,0.0000,0,stuck_too_long
1164,167,-566.71,0.38,13.21,0.0000,0.0000,0,stuck_too_long
1165,160,-564.90,0.39,27.09,0.0000,0.0000,0,stuck_too_long
1166,161,-552.11,0.38,23.25,0.0000,0.0000,0,stuck_too_long
1167,218,-617.92,0.29,38.15,0.0000,0.0000,0,stuck_too_long
1168,202,-596.19,0.31,31.50,0.0000,0.0000,0,stuck_too_long
1169,160,-553.47,0.40,17.64,0.0000,0.0000,0,stuck_too_long
1170,171,-567.38,0.37,17.00,0.0000,0.0000,0,stuck_too_long
994,219,-603.64,0.43,18.62,0.0000,0.0000,0,stuck_too_long
995,169,-562.12,0.37,36.36,0.0000,0.0000,0,stuck_too_long
996,160,-567.12,0.39,-6.88,0.0000,0.0000,0,stuck_too_long
997,195,-590.34,0.33,25.89,0.0000,0.0000,0,stuck_too_long
998,217,-615.02,0.29,27.00,0.0000,0.0000,0,stuck_too_long
999,160,-556.31,0.38,18.15,0.0000,0.0000,0,stuck_too_long
1000,176,-570.79,0.35,17.99,0.0000,0.0000,0,stuck_too_long
1001,160,-553.83,0.38,16.44,0.0000,0.0000,0,stuck_too_long
1002,160,-556.53,0.38,36.00,0.0000,0.0000,0,stuck_too_long
1003,188,-595.32,0.32,9.56,0.0000,0.0000,0,stuck_too_long
1004,160,-557.50,0.39,28.24,0.0000,0.0000,0,stuck_too_long
1171,340,-757.01,0.18,27.19,0.0000,0.0000,0,stuck_too_long
1172,340,-746.74,0.19,34.12,0.0000,0.0000,0,stuck_too_long
1173,340,-749.22,0.19,37.74,0.0000,0.0000,0,stuck_too_long
1174,340,-760.01,0.18,41.38,0.0000,0.0000,0,stuck_too_long
1175,160,-557.94,0.37,21.05,0.0000,0.0000,0,stuck_too_long
1176,220,-626.32,0.29,11.62,0.0000,0.0000,0,stuck_too_long
1177,340,-754.15,0.18,39.70,0.0000,0.0000,0,stuck_too_long
1178,340,-747.29,0.19,29.95,0.0000,0.0000,0,stuck_too_long
1179,340,-761.02,0.19,31.72,0.0000,0.0000,0,stuck_too_long
1180,214,-619.64,0.29,15.66,0.0000,0.0000,0,stuck_too_long
1005,297,-678.46,0.43,58.69,0.0000,0.0000,0,stuck_too_long
1006,192,-588.73,0.33,40.36,0.0000,0.0000,0,stuck_too_long
1007,340,-753.41,0.18,29.50,0.0000,0.0000,0,stuck_too_long
1008,218,-624.51,0.28,10.06,0.0000,0.0000,0,stuck_too_long
1009,210,-604.16,0.29,22.39,0.0000,0.0000,0,stuck_too_long
1010,340,-747.82,0.19,41.72,0.0000,0.0000,0,stuck_too_long
1011,340,-753.27,0.18,39.82,0.0000,0.0000,0,stuck_too_long
1181,340,-754.52,0.18,39.00,0.0000,0.0000,0,stuck_too_long
1182,219,-622.38,0.28,39.98,0.0000,0.0000,0,stuck_too_long
1183,340,-749.98,0.19,31.94,0.0000,0.0000,0,stuck_too_long
1184,340,-752.94,0.19,38.02,0.0000,0.0000,0,stuck_too_long
1185,164,-566.87,0.35,13.64,0.0000,0.0000,0,stuck_too_long
1186,520,-955.46,0.12,64.98,0.0000,0.0000,0,stuck_too_long
1187,340,-750.58,0.19,38.47,0.0000,0.0000,0,stuck_too_long
1188,340,-751.54,0.19,23.78,0.0000,0.0000,0,stuck_too_long
1189,340,-754.55,0.19,34.07,0.0000,0.0000,0,stuck_too_long
1190,340,-751.88,0.19,45.85,0.0000,0.0000,0,stuck_too_long
1012,549,-962.13,0.23,71.43,0.0000,0.0000,0,stuck_too_long
1013,340,-761.45,0.18,25.80,0.0000,0.0000,0,stuck_too_long
1014,340,-748.82,0.19,41.48,0.0000,0.0000,0,stuck_too_long
1015,340,-750.68,0.19,36.13,0.0000,0.0000,0,stuck_too_long
1016,191,-594.69,0.33,29.56,0.0000,0.0000,0,stuck_too_long
1017,340,-750.13,0.18,35.46,0.0000,0.0000,0,stuck_too_long
1191,340,-752.28,0.18,24.09,0.0000,0.0000,0,stuck_too_long
1192,221,-616.59,0.29,30.68,0.0000,0.0000,0,stuck_too_long
1193,219,-614.67,0.29,22.28,0.0000,0.0000,0,stuck_too_long
1194,340,-745.39,0.19,41.23,0.0000,0.0000,0,stuck_too_long
1195,340,-753.83,0.19,35.94,0.0000,0.0000,0,stuck_too_long
1196,340,-750.90,0.19,39.91,0.0000,0.0000,0,stuck_too_long
1197,340,-754.58,0.18,33.51,0.0000,0.0000,0,stuck_too_long
1198,160,-556.41,0.39,11.86,0.0000,0.0000,0,stuck_too_long
1199,160,-559.55,0.37,42.75,0.0000,0.0000,0,stuck_too_long
1200,340,-752.14,0.19,34.70,0.0000,0.0000,0,stuck_too_long
1018,497,-900.84,0.25,60.29,0.0000,0.0000,0,stuck_too_long
1019,340,-753.61,0.17,38.09,0.0000,0.0000,0,stuck_too_long
1020,340,-750.09,0.18,31.58,0.0000,0.0000,0,stuck_too_long
1021,195,-599.62,0.33,12.78,0.0000,0.0000,0,stuck_too_long
1022,340,-747.94,0.19,48.59,0.0000,0.0000,0,stuck_too_long
1023,340,-749.23,0.19,54.76,0.0000,0.0000,0,stuck_too_long
1201,160,-555.03,0.39,15.50,0.0000,0.0000,0,stuck_too_long
1202,340,-756.42,0.18,41.38,0.0000,0.0000,0,stuck_too_long
1203,340,-752.98,0.19,34.20,0.0000,0.0000,0,stuck_too_long
1204,188,-578.31,0.34,28.50,0.0000,0.0000,0,stuck_too_long
1205,340,-747.22,0.19,40.00,0.0000,0.0000,0,stuck_too_long
1206,340,-764.75,0.18,17.03,0.0000,0.0000,0,stuck_too_long
1207,340,-743.81,0.19,42.30,0.0000,0.0000,0,stuck_too_long
1208,223,-631.98,0.27,40.56,0.0000,0.0000,0,stuck_too_long
1209,197,-603.70,0.32,10.31,0.0000,0.0000,0,stuck_too_long
1210,340,-753.41,0.18,35.21,0.0000,0.0000,0,stuck_too_long
1024,322,-711.01,0.40,48.66,0.0000,0.0000,0,stuck_too_long
1025,187,-589.16,0.32,10.70,0.0000,0.0000,0,stuck_too_long
1026,340,-758.24,0.19,42.02,0.0000,0.0000,0,stuck_too_long
1027,186,-582.73,0.30,26.08,0.0000,0.0000,0,stuck_too_long
1028,216,-611.17,0.30,17.35,0.0000,0.0000,0,stuck_too_long
1029,216,-620.47,0.29,12.70,0.0000,0.0000,0,stuck_too_long
1030,340,-754.45,0.18,49.47,0.0000,0.0000,0,stuck_too_long
1031,340,-750.09,0.19,35.51,0.0000,0.0000,0,stuck_too_long
1211,340,-749.35,0.19,30.65,0.0000,0.0000,0,stuck_too_long
1212,356,-772.81,0.18,37.75,0.0000,0.0000,0,stuck_too_long
1213,340,-749.57,0.19,44.55,0.0000,0.0000,0,stuck_too_long
1214,340,-747.40,0.19,49.33,0.0000,0.0000,0,stuck_too_long
1215,520,-951.68,0.12,52.23,0.0000,0.0000,0,stuck_too_long
1216,340,-756.96,0.18,35.72,0.0000,0.0000,0,stuck_too_long
1217,201,-605.86,0.31,14.54,0.0000,0.0000,0,stuck_too_long
1218,340,-752.41,0.19,47.83,0.0000,0.0000,0,stuck_too_long
1219,340,-753.63,0.19,44.44,0.0000,0.0000,0,stuck_too_long
1220,340,-748.97,0.19,39.45,0.0000,0.0000,0,stuck_too_long
1032,394,-800.08,0.31,57.38,0.0000,0.0000,0,stuck_too_long
1033,340,-754.60,0.19,28.98,0.0000,0.0000,0,stuck_too_long
1034,340,-754.90,0.18,35.60,0.0000,0.0000,0,stuck_too_long
1035,197,-596.68,0.32,22.60,0.0000,0.0000,0,stuck_too_long
1036,340,-756.84,0.18,35.48,0.0000,0.0000,0,stuck_too_long
1037,340,-754.32,0.19,27.43,0.0000,0.0000,0,stuck_too_long
1221,340,-750.26,0.17,47.35,0.0000,0.0000,0,stuck_too_long
1222,340,-756.64,0.19,34.11,0.0000,0.0000,0,stuck_too_long
1223,340,-759.98,0.18,32.10,0.0000,0.0000,0,stuck_too_long
1224,340,-757.57,0.19,28.02,0.0000,0.0000,0,stuck_too_long
1225,340,-754.80,0.19,42.29,0.0000,0.0000,0,stuck_too_long
1226,340,-751.53,0.19,44.34,0.0000,0.0000,0,stuck_too_long
1227,520,-958.07,0.12,47.65,0.0000,0.0000,0,stuck_too_long
1228,520,-954.82,0.12,50.96,0.0000,0.0000,0,stuck_too_long
1229,340,-760.32,0.19,52.66,0.0000,0.0000,0,stuck_too_long
1230,340,-754.10,0.19,39.62,0.0000,0.0000,0,stuck_too_long
1038,491,-893.18,0.24,47.50,0.0000,0.0000,0,stuck_too_long
1039,365,-778.38,0.17,53.60,0.0000,0.0000,0,stuck_too_long
1040,340,-759.05,0.19,35.84,0.0000,0.0000,0,stuck_too_long
1041,340,-756.91,0.18,28.88,0.0000,0.0000,0,stuck_too_long
1042,348,-761.50,0.18,26.42,0.0000,0.0000,0,stuck_too_long
1231,520,-958.08,0.12,42.98,0.0000,0.0000,0,stuck_too_long
1232,520,-953.21,0.12,54.75,0.0000,0.0000,0,stuck_too_long
1233,340,-761.06,0.19,29.29,0.0000,0.0000,0,stuck_too_long
1234,520,-957.06,0.12,65.69,0.0000,0.0000,0,stuck_too_long
1235,520,-956.33,0.12,59.70,0.0000,0.0000,0,stuck_too_long
1236,557,-997.77,0.11,61.54,0.0000,0.0000,0,stuck_too_long
1237,520,-954.44,0.12,58.11,0.0000,0.0000,0,stuck_too_long
1238,700,-1153.72,0.09,80.89,0.0000,0.0000,0,stuck_too_long
1239,520,-959.29,0.12,59.81,0.0000,0.0000,0,stuck_too_long
1240,700,-1158.97,0.09,72.67,0.0000,0.0000,0,stuck_too_long
1043,835,-1282.69,0.15,101.84,0.0000,0.0000,0,stuck_too_long
1044,385,-802.29,0.17,37.24,0.0000,0.0000,0,stuck_too_long
1045,520,-955.06,0.12,56.65,0.0000,0.0000,0,stuck_too_long
1046,520,-965.11,0.12,58.38,0.0000,0.0000,0,stuck_too_long
1241,340,-752.49,0.18,33.60,0.0000,0.0000,0,stuck_too_long
1242,340,-748.88,0.19,24.45,0.0000,0.0000,0,stuck_too_long
1243,340,-748.57,0.18,33.39,0.0000,0.0000,0,stuck_too_long
1244,178,-578.50,0.34,28.01,0.0000,0.0000,0,stuck_too_long
1245,340,-753.89,0.19,24.55,0.0000,0.0000,0,stuck_too_long
1246,340,-744.10,0.19,41.17,0.0000,0.0000,0,stuck_too_long
1247,340,-749.33,0.18,38.57,0.0000,0.0000,0,stuck_too_long
1248,340,-750.91,0.19,31.44,0.0000,0.0000,0,stuck_too_long
1249,340,-755.51,0.19,46.88,0.0000,0.0000,0,stuck_too_long
1250,220,-623.76,0.29,27.07,0.0000,0.0000,0,stuck_too_long
1047,443,-863.03,0.19,40.90,0.0000,0.0000,0,stuck_too_long
1048,350,-766.47,0.18,37.29,0.0000,0.0000,0,stuck_too_long
1049,340,-751.31,0.18,40.67,0.0000,0.0000,0,stuck_too_long
1050,340,-752.43,0.19,37.47,0.0000,0.0000,0,stuck_too_long
1051,340,-760.16,0.18,29.74,0.0000,0.0000,0,stuck_too_long
1251,880,-1355.72,0.07,109.13,0.0000,0.0000,0,stuck_too_long
1252,538,-974.57,0.12,44.89,0.0000,0.0000,0,stuck_too_long
1253,880,-1368.18,0.07,93.11,0.0000,0.0000,0,stuck_too_long
1254,520,-960.67,0.12,53.48,0.0000,0.0000,0,stuck_too_long
1255,340,-756.79,0.18,27.17,0.0000,0.0000,0,stuck_too_long
1256,746,-1212.67,0.09,82.06,0.0000,0.0000,0,stuck_too_long
1257,520,-954.57,0.12,61.52,0.0000,0.0000,0,stuck_too_long
1258,343,-761.86,0.18,34.37,0.0000,0.0000,0,stuck_too_long
1259,366,-788.25,0.17,28.18,0.0000,0.0000,0,stuck_too_long
1260,520,-955.45,0.12,61.42,0.0000,0.0000,0,stuck_too_long
1052,340,-748.91,0.18,53.82,0.0000,0.0000,0,stuck_too_long
1053,573,-1011.09,0.11,69.14,0.0000,0.0000,0,stuck_too_long
1054,520,-960.88,0.12,57.21,0.0000,0.0000,0,stuck_too_long
1055,520,-955.58,0.12,55.09,0.0000,0.0000,0,stuck_too_long
1261,1000,-1111.77,0.05,108.39,0.0000,0.0000,0,timeout
1262,520,-968.36,0.08,53.08,0.0000,0.0000,0,stuck_too_long
1263,1000,-1114.17,0.06,100.63,0.0000,0.0000,0,timeout
1264,349,-795.83,0.05,36.79,0.0000,0.0000,0,stuck_too_long
1265,340,-783.21,0.07,37.47,0.0000,0.0000,0,stuck_too_long
1266,933,-1446.49,0.05,92.98,0.0000,0.0000,0,stuck_too_long
1267,538,-995.78,0.07,62.96,0.0000,0.0000,0,stuck_too_long
1268,529,-1006.19,0.04,56.70,0.0000,0.0000,0,stuck_too_long
1269,371,-818.79,0.06,42.70,0.0000,0.0000,0,stuck_too_long
1270,535,-1006.87,0.05,57.62,0.0000,0.0000,0,stuck_too_long
1056,1000,-1091.47,0.10,100.86,0.0000,0.0000,0,timeout
1057,1000,-1110.48,0.05,106.25,0.0000,0.0000,0,timeout
1058,101,-517.92,0.00,10.12,0.0000,0.0000,0,stuck_too_long
1059,203,-630.72,0.08,19.56,0.0000,0.0000,0,stuck_too_long
1271,700,-1160.04,0.09,68.33,0.0000,0.0000,0,stuck_too_long
1272,540,-981.92,0.12,61.79,0.0000,0.0000,0,stuck_too_long
1273,700,-1158.75,0.09,76.62,0.0000,0.0000,0,stuck_too_long
1274,700,-1156.22,0.09,75.43,0.0000,0.0000,0,stuck_too_long
1275,520,-970.38,0.12,50.04,0.0000,0.0000,0,stuck_too_long
1276,520,-964.48,0.12,51.24,0.0000,0.0000,0,stuck_too_long
1277,880,-1363.98,0.07,91.84,0.0000,0.0000,0,stuck_too_long
1278,880,-1356.96,0.07,91.00,0.0000,0.0000,0,stuck_too_long
1279,880,-1367.79,0.07,94.61,0.0000,0.0000,0,stuck_too_long
1280,700,-1163.34,0.09,81.42,0.0000,0.0000,0,stuck_too_long
1060,877,-1368.76,0.09,85.82,0.0000,0.0000,0,stuck_too_long
1061,520,-956.38,0.12,60.43,0.0000,0.0000,0,stuck_too_long
1062,527,-963.73,0.12,54.69,0.0000,0.0000,0,stuck_too_long
1281,211,-612.67,0.29,21.23,0.0000,0.0000,0,stuck_too_long
1282,340,-749.78,0.19,45.98,0.0000,0.0000,0,stuck_too_long
1283,220,-629.82,0.27,20.10,0.0000,0.0000,0,stuck_too_long
1284,340,-758.30,0.18,26.61,0.0000,0.0000,0,stuck_too_long
1285,340,-755.31,0.18,40.99,0.0000,0.0000,0,stuck_too_long
1286,211,-608.80,0.29,40.73,0.0000,0.0000,0,stuck_too_long
1287,209,-602.27,0.30,18.87,0.0000,0.0000,0,stuck_too_long
1288,209,-606.15,0.31,33.51,0.0000,0.0000,0,stuck_too_long
1289,340,-754.66,0.19,41.13,0.0000,0.0000,0,stuck_too_long
1290,340,-750.90,0.18,34.25,0.0000,0.0000,0,stuck_too_long
1063,641,-1073.62,0.15,71.22,0.0000,0.0000,0,stuck_too_long
1064,340,-747.00,0.19,36.01,0.0000,0.0000,0,stuck_too_long
1065,211,-610.34,0.30,42.74,0.0000,0.0000,0,stuck_too_long
1066,340,-754.19,0.19,36.05,0.0000,0.0000,0,stuck_too_long
1067,340,-752.33,0.18,41.24,0.0000,0.0000,0,stuck_too_long
1068,340,-754.72,0.19,33.59,0.0000,0.0000,0,stuck_too_long
1291,191,-586.13,0.31,28.40,0.0000,0.0000,0,stuck_too_long
1292,221,-614.95,0.29,32.30,0.0000,0.0000,0,stuck_too_long
1293,209,-613.83,0.31,4.48,0.0000,0.0000,0,stuck_too_long
1294,340,-745.44,0.19,49.27,0.0000,0.0000,0,stuck_too_long
1295,340,-752.48,0.19,37.99,0.0000,0.0000,0,stuck_too_long
1296,195,-605.38,0.31,9.75,0.0000,0.0000,0,stuck_too_long
1297,340,-752.39,0.19,32.55,0.0000,0.0000,0,stuck_too_long
1298,186,-578.68,0.34,17.00,0.0000,0.0000,0,stuck_too_long
1299,160,-559.94,0.40,25.18,0.0000,0.0000,0,stuck_too_long
1300,340,-757.63,0.18,39.53,0.0000,0.0000,0,stuck_too_long
1069,477,-870.72,0.24,57.47,0.0000,0.0000,0,stuck_too_long
1070,340,-749.58,0.18,51.48,0.0000,0.0000,0,stuck_too_long
1071,340,-747.12,0.18,60.78,0.0000,0.0000,0,stuck_too_long
1072,206,-597.18,0.31,23.50,0.0000,0.0000,0,stuck_too_long
1073,161,-557.80,0.39,16.55,0.0000,0.0000,0,stuck_too_long
1074,340,-753.66,0.19,36.45,0.0000,0.0000,0,stuck_too_long
1301,160,-567.03,0.35,3.40,0.0000,0.0000,0,stuck_too_long
1302,205,-610.71,0.31,17.25,0.0000,0.0000,0,stuck_too_long
1303,340,-744.88,0.19,57.25,0.0000,0.0000,0,stuck_too_long
1304,160,-567.12,0.33,10.91,0.0000,0.0000,0,stuck_too_long
1305,196,-601.00,0.32,45.89,0.0000,0.0000,0,stuck_too_long
1306,340,-756.19,0.18,36.43,0.0000,0.0000,0,stuck_too_long
1307,346,-764.11,0.18,47.81,0.0000,0.0000,0,stuck_too_long
1308,340,-743.15,0.19,40.85,0.0000,0.0000,0,stuck_too_long
1309,223,-618.52,0.28,27.07,0.0000,0.0000,0,stuck_too_long
1310,223,-629.23,0.27,18.50,0.0000,0.0000,0,stuck_too_long
1075,661,-1082.85,0.19,67.60,0.0000,0.0000,0,stuck_too_long
1076,223,-631.32,0.28,17.05,0.0000,0.0000,0,stuck_too_long
1077,218,-619.36,0.29,11.88,0.0000,0.0000,0,stuck_too_long
1078,340,-759.11,0.18,39.34,0.0000,0.0000,0,stuck_too_long
1079,189,-590.59,0.33,23.95,0.0000,0.0000,0,stuck_too_long
1080,181,-577.30,0.34,25.99,0.0000,0.0000,0,stuck_too_long
1081,168,-561.66,0.37,22.88,0.0000,0.0000,0,stuck_too_long
1082,199,-594.34,0.32,12.83,0.0000,0.0000,0,stuck_too_long
1311,175,-577.50,0.36,31.71,0.0000,0.0000,0,stuck_too_long
1312,218,-619.91,0.29,13.02,0.0000,0.0000,0,stuck_too_long
1313,160,-563.06,0.39,43.12,0.0000,0.0000,0,stuck_too_long
1314,191,-584.81,0.33,17.91,0.0000,0.0000,0,stuck_too_long
1315,160,-552.60,0.39,25.65,0.0000,0.0000,0,stuck_too_long
1316,195,-584.28,0.33,16.99,0.0000,0.0000,0,stuck_too_long
1317,176,-566.55,0.34,26.65,0.0000,0.0000,0,stuck_too_long
1318,174,-573.99,0.33,23.24,0.0000,0.0000,0,stuck_too_long
1319,216,-611.60,0.29,17.05,0.0000,0.0000,0,stuck_too_long
1320,160,-555.22,0.38,16.29,0.0000,0.0000,0,stuck_too_long
1083,350,-754.98,0.36,37.40,0.0000,0.0000,0,stuck_too_long
1084,340,-751.48,0.18,41.74,0.0000,0.0000,0,stuck_too_long
1085,218,-617.76,0.27,25.24,0.0000,0.0000,0,stuck_too_long
1086,204,-600.82,0.31,19.82,0.0000,0.0000,0,stuck_too_long
1087,194,-593.58,0.32,35.67,0.0000,0.0000,0,stuck_too_long
1088,167,-564.33,0.38,15.52,0.0000,0.0000,0,stuck_too_long
1089,202,-597.71,0.31,27.66,0.0000,0.0000,0,stuck_too_long
1090,340,-748.64,0.18,51.74,0.0000,0.0000,0,stuck_too_long
1091,180,-575.05,0.33,37.38,0.0000,0.0000,0,stuck_too_long
1321,340,-750.20,0.19,49.95,0.0000,0.0000,0,stuck_too_long
1322,340,-753.72,0.18,50.29,0.0000,0.0000,0,stuck_too_long
1323,160,-560.89,0.38,42.59,0.0000,0.0000,0,stuck_too_long
1324,185,-591.32,0.33,34.29,0.0000,0.0000,0,stuck_too_long
1325,177,-572.29,0.34,33.51,0.0000,0.0000,0,stuck_too_long
1326,340,-761.06,0.18,31.48,0.0000,0.0000,0,stuck_too_long
1327,340,-751.10,0.18,45.44,0.0000,0.0000,0,stuck_too_long
1328,223,-621.61,0.27,19.32,0.0000,0.0000,0,stuck_too_long
1329,210,-607.14,0.29,15.77,0.0000,0.0000,0,stuck_too_long
1330,340,-766.42,0.19,20.88,0.0000,0.0000,0,stuck_too_long
1092,266,-655.83,0.46,46.50,0.0000,0.0000,0,stuck_too_long
1093,181,-578.94,0.35,11.35,0.0000,0.0000,0,stuck_too_long
1094,210,-604.76,0.29,27.38,0.0000,0.0000,0,stuck_too_long
1095,340,-751.76,0.18,30.14,0.0000,0.0000,0,stuck_too_long
1096,340,-747.28,0.19,39.72,0.0000,0.0000,0,stuck_too_long
1097,217,-618.55,0.28,10.78,0.0000,0.0000,0,stuck_too_long
1098,216,-616.56,0.30,10.33,0.0000,0.0000,0,stuck_too_long
1099,189,-586.02,0.33,20.59,0.0000,0.0000,0,stuck_too_long
1331,340,-750.52,0.19,45.40,0.0000,0.0000,0,stuck_too_long
1332,190,-590.09,0.32,19.15,0.0000,0.0000,0,stuck_too_long
1333,340,-752.97,0.19,27.49,0.0000,0.0000,0,stuck_too_long
1334,340,-747.84,0.18,39.36,0.0000,0.0000,0,stuck_too_long
1335,340,-755.04,0.19,33.62,0.0000,0.0000,0,stuck_too_long
1336,340,-753.07,0.19,32.17,0.0000,0.0000,0,stuck_too_long
1337,340,-751.39,0.18,37.50,0.0000,0.0000,0,stuck_too_long
1338,340,-752.13,0.18,37.80,0.0000,0.0000,0,stuck_too_long
1339,340,-758.21,0.19,32.82,0.0000,0.0000,0,stuck_too_long
1340,340,-745.08,0.19,38.53,0.0000,0.0000,0,stuck_too_long
1100,347,-744.38,0.36,8.24,0.0000,0.0000,0,stuck_too_long
1101,340,-751.44,0.18,53.71,0.0000,0.0000,0,stuck_too_long
1102,340,-750.39,0.18,44.50,0.0000,0.0000,0,stuck_too_long
1103,340,-750.63,0.19,47.80,0.0000,0.0000,0,stuck_too_long
1104,340,-753.70,0.18,32.42,0.0000,0.0000,0,stuck_too_long
1105,340,-759.15,0.19,36.98,0.0000,0.0000,0,stuck_too_long
1341,520,-948.30,0.12,63.30,0.0000,0.0000,0,stuck_too_long
1342,520,-953.87,0.12,59.83,0.0000,0.0000,0,stuck_too_long
1343,340,-763.40,0.18,38.56,0.0000,0.0000,0,stuck_too_long
1344,520,-956.80,0.12,46.71,0.0000,0.0000,0,stuck_too_long
1345,520,-952.52,0.12,59.53,0.0000,0.0000,0,stuck_too_long
1346,371,-792.40,0.17,37.89,0.0000,0.0000,0,stuck_too_long
1347,340,-756.63,0.19,32.74,0.0000,0.0000,0,stuck_too_long
1348,520,-956.58,0.12,47.29,0.0000,0.0000,0,stuck_too_long
1349,359,-779.35,0.18,28.62,0.0000,0.0000,0,stuck_too_long
1350,520,-956.22,0.12,56.64,0.0000,0.0000,0,stuck_too_long
1106,653,-1078.26,0.16,65.78,0.0000,0.0000,0,stuck_too_long
1107,340,-755.13,0.18,44.64,0.0000,0.0000,0,stuck_too_long
1108,388,-809.82,0.16,46.19,0.0000,0.0000,0,stuck_too_long
1109,520,-958.09,0.12,51.16,0.0000,0.0000,0,stuck_too_long
1351,340,-755.89,0.19,46.48,0.0000,0.0000,0,stuck_too_long
1352,340,-747.34,0.19,39.98,0.0000,0.0000,0,stuck_too_long
1353,222,-621.22,0.28,8.32,0.0000,0.0000,0,stuck_too_long
1354,340,-754.87,0.19,32.55,0.0000,0.0000,0,stuck_too_long
1355,216,-612.82,0.29,21.66,0.0000,0.0000,0,stuck_too_long
1356,340,-757.19,0.18,55.23,0.0000,0.0000,0,stuck_too_long
1357,340,-758.45,0.18,24.47,0.0000,0.0000,0,stuck_too_long
1358,340,-749.07,0.18,39.09,0.0000,0.0000,0,stuck_too_long
1359,347,-759.28,0.18,40.23,0.0000,0.0000,0,stuck_too_long
1360,340,-754.36,0.19,31.02,0.0000,0.0000,0,stuck_too_long
1110,620,-1039.39,0.18,67.07,0.0000,0.0000,0,stuck_too_long
1111,340,-754.65,0.18,43.26,0.0000,0.0000,0,stuck_too_long
1112,340,-760.56,0.18,46.03,0.0000,0.0000,0,stuck_too_long
1113,340,-748.26,0.19,45.29,0.0000,0.0000,0,stuck_too_long
1114,340,-752.08,0.19,37.76,0.0000,0.0000,0,stuck_too_long
1115,340,-749.21,0.19,40.62,0.0000,0.0000,0,stuck_too_long
1361,340,-761.54,0.19,20.68,0.0000,0.0000,0,stuck_too_long
1362,373,-790.67,0.17,49.55,0.0000,0.0000,0,stuck_too_long
1363,340,-756.16,0.18,41.81,0.0000,0.0000,0,stuck_too_long
1364,340,-758.45,0.19,36.47,0.0000,0.0000,0,stuck_too_long
1365,340,-755.90,0.19,37.69,0.0000,0.0000,0,stuck_too_long
1366,520,-958.53,0.12,45.49,0.0000,0.0000,0,stuck_too_long
1367,340,-753.27,0.19,43.08,0.0000,0.0000,0,stuck_too_long
1368,340,-760.82,0.19,31.99,0.0000,0.0000,0,stuck_too_long
1369,340,-756.15,0.19,40.92,0.0000,0.0000,0,stuck_too_long
1370,340,-748.06,0.19,41.08,0.0000,0.0000,0,stuck_too_long
1116,379,-795.95,0.17,48.09,0.0000,0.0000,0,stuck_too_long
1117,340,-753.47,0.19,51.38,0.0000,0.0000,0,stuck_too_long
1118,340,-745.36,0.19,42.48,0.0000,0.0000,0,stuck_too_long
1119,348,-767.24,0.18,39.73,0.0000,0.0000,0,stuck_too_long
1120,340,-758.49,0.18,39.45,0.0000,0.0000,0,stuck_too_long
1371,381,-798.48,0.16,50.68,0.0000,0.0000,0,stuck_too_long
1372,520,-960.29,0.12,64.76,0.0000,0.0000,0,stuck_too_long
1373,360,-783.15,0.17,33.49,0.0000,0.0000,0,stuck_too_long
1374,340,-753.67,0.19,47.14,0.0000,0.0000,0,stuck_too_long
1375,354,-770.10,0.18,44.74,0.0000,0.0000,0,stuck_too_long
1376,340,-752.75,0.19,40.89,0.0000,0.0000,0,stuck_too_long
1377,360,-776.41,0.17,35.52,0.0000,0.0000,0,stuck_too_long
1378,340,-758.52,0.19,29.56,0.0000,0.0000,0,stuck_too_long
1379,340,-750.29,0.19,47.43,0.0000,0.0000,0,stuck_too_long
1380,340,-759.94,0.18,40.55,0.0000,0.0000,0,stuck_too_long
1121,649,-1071.22,0.19,77.00,0.0000,0.0000,0,stuck_too_long
1122,340,-751.58,0.18,38.71,0.0000,0.0000,0,stuck_too_long
1123,340,-761.26,0.17,42.72,0.0000,0.0000,0,stuck_too_long
1124,520,-951.54,0.12,51.67,0.0000,0.0000,0,stuck_too_long
1125,388,-806.87,0.16,51.26,0.0000,0.0000,0,stuck_too_long
1381,340,-766.98,0.19,25.99,0.0000,0.0000,0,stuck_too_long
1382,340,-752.79,0.17,48.82,0.0000,0.0000,0,stuck_too_long
1383,340,-755.25,0.18,33.91,0.0000,0.0000,0,stuck_too_long
1384,340,-752.92,0.19,52.99,0.0000,0.0000,0,stuck_too_long
1385,347,-761.31,0.18,38.76,0.0000,0.0000,0,stuck_too_long
1386,340,-761.10,0.19,33.53,0.0000,0.0000,0,stuck_too_long
1387,340,-752.98,0.18,45.41,0.0000,0.0000,0,stuck_too_long
1388,346,-757.51,0.18,41.73,0.0000,0.0000,0,stuck_too_long
1389,393,-819.73,0.16,41.60,0.0000,0.0000,0,stuck_too_long
1390,380,-801.86,0.16,42.03,0.0000,0.0000,0,stuck_too_long
1126,460,-868.56,0.23,44.50,0.0000,0.0000,0,stuck_too_long
1127,340,-758.08,0.18,51.32,0.0000,0.0000,0,stuck_too_long
1128,215,-614.50,0.29,28.19,0.0000,0.0000,0,stuck_too_long
1129,340,-757.16,0.18,32.66,0.0000,0.0000,0,stuck_too_long
1130,340,-753.77,0.18,46.31,0.0000,0.0000,0,stuck_too_long
1131,340,-750.94,0.19,39.64,0.0000,0.0000,0,stuck_too_long
1391,566,-1007.39,0.11,67.57,0.0000,0.0000,0,stuck_too_long
1392,340,-760.37,0.19,32.91,0.0000,0.0000,0,stuck_too_long
1393,340,-758.17,0.18,29.90,0.0000,0.0000,0,stuck_too_long
1394,545,-982.73,0.12,58.57,0.0000,0.0000,0,stuck_too_long
1395,520,-958.39,0.12,71.74,0.0000,0.0000,0,stuck_too_long
1396,520,-954.25,0.12,71.49,0.0000,0.0000,0,stuck_too_long
1397,372,-791.55,0.17,36.77,0.0000,0.0000,0,stuck_too_long
1398,520,-953.96,0.12,52.56,0.0000,0.0000,0,stuck_too_long
1399,371,-790.87,0.17,34.20,0.0000,0.0000,0,stuck_too_long
1400,520,-955.61,0.12,54.44,0.0000,0.0000,0,stuck_too_long
1132,653,-1093.02,0.16,71.53,0.0000,0.0000,0,stuck_too_long
1133,340,-755.71,0.19,33.26,0.0000,0.0000,0,stuck_too_long
1134,340,-757.58,0.18,41.23,0.0000,0.0000,0,stuck_too_long
1135,363,-785.36,0.17,43.77,0.0000,0.0000,0,stuck_too_long
1401,340,-752.01,0.19,41.44,0.0000,0.0000,0,stuck_too_long
1402,340,-752.26,0.19,30.07,0.0000,0.0000,0,stuck_too_long
1403,365,-780.07,0.17,39.41,0.0000,0.0000,0,stuck_too_long
1404,373,-791.56,0.17,44.69,0.0000,0.0000,0,stuck_too_long
1405,390,-810.40,0.16,47.81,0.0000,0.0000,0,stuck_too_long
1406,520,-952.84,0.12,62.91,0.0000,0.0000,0,stuck_too_long
1407,340,-756.64,0.18,27.77,0.0000,0.0000,0,stuck_too_long
1408,340,-754.16,0.18,40.69,0.0000,0.0000,0,stuck_too_long
1409,340,-761.07,0.19,24.05,0.0000,0.0000,0,stuck_too_long
1410,340,-753.48,0.18,42.64,0.0000,0.0000,0,stuck_too_long
1136,825,-1266.66,0.15,89.28,0.0000,0.0000,0,stuck_too_long
1137,361,-779.70,0.17,34.16,0.0000,0.0000,0,stuck_too_long
1138,340,-755.15,0.18,33.56,0.0000,0.0000,0,stuck_too_long
1139,340,-747.16,0.19,37.89,0.0000,0.0000,0,stuck_too_long
1140,340,-759.10,0.19,28.15,0.0000,0.0000,0,stuck_too_long
1411,160,-554.59,0.37,23.71,0.0000,0.0000,0,stuck_too_long
1412,340,-756.22,0.18,47.24,0.0000,0.0000,0,stuck_too_long
1413,160,-563.45,0.39,-0.73,0.0000,0.0000,0,stuck_too_long
1414,160,-569.83,0.36,13.01,0.0000,0.0000,0,stuck_too_long
1415,206,-598.31,0.31,19.08,0.0000,0.0000,0,stuck_too_long
1416,165,-556.71,0.38,35.96,0.0000,0.0000,0,stuck_too_long
1417,223,-621.35,0.28,34.15,0.0000,0.0000,0,stuck_too_long
1418,208,-612.47,0.30,37.39,0.0000,0.0000,0,stuck_too_long
1419,340,-751.54,0.18,24.79,0.0000,0.0000,0,stuck_too_long
1420,214,-616.46,0.30,34.34,0.0000,0.0000,0,stuck_too_long
1141,340,-762.67,0.19,35.51,0.0000,0.0000,0,stuck_too_long
1142,205,-597.56,0.31,28.83,0.0000,0.0000,0,stuck_too_long
1143,222,-625.73,0.28,23.14,0.0000,0.0000,0,stuck_too_long
1144,173,-568.13,0.37,32.34,0.0000,0.0000,0,stuck_too_long
1145,186,-592.20,0.33,8.13,0.0000,0.0000,0,stuck_too_long
1146,172,-563.60,0.35,44.54,0.0000,0.0000,0,stuck_too_long
1147,160,-555.85,0.36,16.10,0.0000,0.0000,0,stuck_too_long
1148,220,-619.92,0.29,16.72,0.0000,0.0000,0,stuck_too_long
1149,218,-613.85,0.28,20.27,0.0000,0.0000,0,stuck_too_long
1150,181,-580.40,0.35,29.71,0.0000,0.0000,0,stuck_too_long
1151,221,-616.58,0.29,17.52,0.0000,0.0000,0,stuck_too_long
1421,178,-572.75,0.35,22.33,0.0000,0.0000,0,stuck_too_long
1422,160,-558.32,0.40,4.41,0.0000,0.0000,0,stuck_too_long
1423,160,-553.04,0.38,15.89,0.0000,0.0000,0,stuck_too_long
1424,160,-559.30,0.37,21.28,0.0000,0.0000,0,stuck_too_long
1425,177,-573.06,0.36,40.14,0.0000,0.0000,0,stuck_too_long
1426,160,-556.09,0.38,7.55,0.0000,0.0000,0,stuck_too_long
1427,172,-569.46,0.36,56.48,0.0000,0.0000,0,stuck_too_long
1428,200,-593.14,0.32,11.05,0.0000,0.0000,0,stuck_too_long
1429,168,-563.58,0.36,15.77,0.0000,0.0000,0,stuck_too_long
1430,160,-557.03,0.39,28.46,0.0000,0.0000,0,stuck_too_long
1152,237,-609.98,0.53,44.73,0.0000,0.0000,0,stuck_too_long
1153,223,-619.11,0.29,25.54,0.0000,0.0000,0,stuck_too_long
1154,160,-557.46,0.40,29.23,0.0000,0.0000,0,stuck_too_long
1155,168,-565.25,0.38,23.41,0.0000,0.0000,0,stuck_too_long
1156,205,-599.44,0.30,20.70,0.0000,0.0000,0,stuck_too_long
1157,340,-759.83,0.19,36.51,0.0000,0.0000,0,stuck_too_long
1158,160,-555.26,0.39,37.46,0.0000,0.0000,0,stuck_too_long
1159,160,-554.64,0.40,14.26,0.0000,0.0000,0,stuck_too_long
1160,160,-562.03,0.38,7.49,0.0000,0.0000,0,stuck_too_long
1161,216,-614.05,0.30,22.21,0.0000,0.0000,0,stuck_too_long
1431,160,-562.16,0.39,28.97,0.0000,0.0000,0,stuck_too_long
1432,160,-551.34,0.39,30.68,0.0000,0.0000,0,stuck_too_long
1433,160,-559.73,0.37,20.56,0.0000,0.0000,0,stuck_too_long
1434,160,-561.34,0.40,13.94,0.0000,0.0000,0,stuck_too_long
1435,160,-553.45,0.40,18.95,0.0000,0.0000,0,stuck_too_long
1436,160,-557.84,0.36,15.12,0.0000,0.0000,0,stuck_too_long
1437,160,-561.34,0.38,11.54,0.0000,0.0000,0,stuck_too_long
1438,160,-554.69,0.37,22.73,0.0000,0.0000,0,stuck_too_long
1439,160,-552.34,0.40,32.09,0.0000,0.0000,0,stuck_too_long
1440,160,-565.05,0.37,40.76,0.0000,0.0000,0,stuck_too_long
1162,256,-640.41,0.49,40.95,0.0000,0.0000,0,stuck_too_long
1163,160,-554.31,0.40,3.29,0.0000,0.0000,0,stuck_too_long
1164,160,-563.35,0.40,15.10,0.0000,0.0000,0,stuck_too_long
1165,160,-553.81,0.39,36.13,0.0000,0.0000,0,stuck_too_long
1166,175,-562.48,0.36,9.99,0.0000,0.0000,0,stuck_too_long
1167,160,-558.27,0.39,7.30,0.0000,0.0000,0,stuck_too_long
1168,160,-557.62,0.36,19.51,0.0000,0.0000,0,stuck_too_long
1169,160,-564.72,0.37,11.86,0.0000,0.0000,0,stuck_too_long
1170,160,-560.17,0.40,16.58,0.0000,0.0000,0,stuck_too_long
1171,160,-565.26,0.35,24.44,0.0000,0.0000,0,stuck_too_long
1172,160,-564.18,0.38,40.38,0.0000,0.0000,0,stuck_too_long
1173,160,-557.86,0.36,86.82,0.0000,0.0000,0,stuck_too_long
1441,164,-551.68,0.39,23.40,0.0000,0.0000,0,stuck_too_long
1442,160,-555.65,0.39,15.47,0.0000,0.0000,0,stuck_too_long
1443,170,-562.50,0.36,15.40,0.0000,0.0000,0,stuck_too_long
1444,160,-560.54,0.36,38.97,0.0000,0.0000,0,stuck_too_long
1445,160,-554.74,0.39,13.73,0.0000,0.0000,0,stuck_too_long
1446,160,-568.10,0.38,15.50,0.0000,0.0000,0,stuck_too_long
1447,160,-550.56,0.40,26.71,0.0000,0.0000,0,stuck_too_long
1448,160,-557.23,0.36,23.87,0.0000,0.0000,0,stuck_too_long
1449,160,-568.52,0.38,39.10,0.0000,0.0000,0,stuck_too_long
1450,160,-553.37,0.39,8.43,0.0000,0.0000,0,stuck_too_long
1174,273,-663.40,0.43,48.96,0.0000,0.0000,0,stuck_too_long
1175,160,-559.79,0.40,17.65,0.0000,0.0000,0,stuck_too_long
1176,160,-555.24,0.39,30.63,0.0000,0.0000,0,stuck_too_long
1177,160,-559.26,0.38,50.55,0.0000,0.0000,0,stuck_too_long
1178,161,-559.45,0.40,11.02,0.0000,0.0000,0,stuck_too_long
1179,160,-545.85,0.40,23.91,0.0000,0.0000,0,stuck_too_long
1180,160,-550.45,0.38,31.23,0.0000,0.0000,0,stuck_too_long
1181,160,-553.21,0.38,16.47,0.0000,0.0000,0,stuck_too_long
1182,160,-552.78,0.39,21.97,0.0000,0.0000,0,stuck_too_long
1183,160,-552.42,0.39,23.33,0.0000,0.0000,0,stuck_too_long
1184,160,-552.65,0.34,24.16,0.0000,0.0000,0,stuck_too_long
1185,160,-555.25,0.37,7.31,0.0000,0.0000,0,stuck_too_long
1451,160,-554.47,0.40,27.04,0.0000,0.0000,0,stuck_too_long
1452,160,-559.93,0.40,13.26,0.0000,0.0000,0,stuck_too_long
1453,160,-556.93,0.40,15.17,0.0000,0.0000,0,stuck_too_long
1454,160,-551.99,0.39,26.06,0.0000,0.0000,0,stuck_too_long
1455,160,-553.23,0.39,27.58,0.0000,0.0000,0,stuck_too_long
1456,160,-561.85,0.38,24.05,0.0000,0.0000,0,stuck_too_long
1457,160,-551.82,0.40,18.63,0.0000,0.0000,0,stuck_too_long
1458,186,-574.95,0.34,19.70,0.0000,0.0000,0,stuck_too_long
1459,160,-557.35,0.39,34.85,0.0000,0.0000,0,stuck_too_long
1460,160,-560.13,0.34,21.76,0.0000,0.0000,0,stuck_too_long
1186,310,-690.49,0.40,31.55,0.0000,0.0000,0,stuck_too_long
1187,160,-555.84,0.40,46.78,0.0000,0.0000,0,stuck_too_long
1188,160,-555.22,0.39,26.09,0.0000,0.0000,0,stuck_too_long
1189,178,-577.65,0.36,36.02,0.0000,0.0000,0,stuck_too_long
1190,160,-558.64,0.38,23.06,0.0000,0.0000,0,stuck_too_long
1191,160,-552.57,0.35,14.42,0.0000,0.0000,0,stuck_too_long
1192,160,-555.06,0.40,45.45,0.0000,0.0000,0,stuck_too_long
1193,170,-561.88,0.37,46.37,0.0000,0.0000,0,stuck_too_long
1194,160,-555.26,0.37,36.63,0.0000,0.0000,0,stuck_too_long
1195,184,-579.83,0.33,29.08,0.0000,0.0000,0,stuck_too_long
1196,160,-551.47,0.38,5.58,0.0000,0.0000,0,stuck_too_long
1197,160,-562.87,0.40,12.34,0.0000,0.0000,0,stuck_too_long
1461,160,-550.74,0.39,18.93,0.0000,0.0000,0,stuck_too_long
1462,160,-563.11,0.36,24.74,0.0000,0.0000,0,stuck_too_long
1463,160,-552.79,0.39,3.75,0.0000,0.0000,0,stuck_too_long
1464,160,-565.84,0.36,25.30,0.0000,0.0000,0,stuck_too_long
1465,166,-559.82,0.38,22.83,0.0000,0.0000,0,stuck_too_long
1466,160,-559.49,0.34,10.55,0.0000,0.0000,0,stuck_too_long
1467,160,-554.99,0.39,29.97,0.0000,0.0000,0,stuck_too_long
1468,160,-554.78,0.37,16.51,0.0000,0.0000,0,stuck_too_long
1469,160,-550.24,0.38,18.50,0.0000,0.0000,0,stuck_too_long
1470,160,-564.72,0.37,30.25,0.0000,0.0000,0,stuck_too_long
1198,214,-590.87,0.57,25.56,0.0000,0.0000,0,stuck_too_long
1199,160,-554.44,0.38,10.17,0.0000,0.0000,0,stuck_too_long
1200,160,-554.17,0.40,26.91,0.0000,0.0000,0,stuck_too_long
1201,160,-563.81,0.40,26.74,0.0000,0.0000,0,stuck_too_long
1202,160,-550.31,0.39,22.17,0.0000,0.0000,0,stuck_too_long
1203,160,-556.85,0.38,17.11,0.0000,0.0000,0,stuck_too_long
1204,160,-563.79,0.39,29.42,0.0000,0.0000,0,stuck_too_long
1205,160,-555.58,0.39,11.40,0.0000,0.0000,0,stuck_too_long
1206,160,-566.71,0.34,45.36,0.0000,0.0000,0,stuck_too_long
1207,160,-551.27,0.39,19.25,0.0000,0.0000,0,stuck_too_long
1208,160,-553.51,0.40,33.19,0.0000,0.0000,0,stuck_too_long
1209,186,-585.80,0.34,17.96,0.0000,0.0000,0,stuck_too_long
1471,160,-558.46,0.37,19.16,0.0000,0.0000,0,stuck_too_long
1472,340,-753.20,0.18,41.37,0.0000,0.0000,0,stuck_too_long
1473,160,-557.22,0.39,15.26,0.0000,0.0000,0,stuck_too_long
1474,160,-556.62,0.40,34.33,0.0000,0.0000,0,stuck_too_long
1475,187,-575.61,0.34,24.60,0.0000,0.0000,0,stuck_too_long
1476,160,-555.91,0.37,42.56,0.0000,0.0000,0,stuck_too_long
1477,180,-565.50,0.35,17.39,0.0000,0.0000,0,stuck_too_long
1478,160,-559.08,0.37,18.76,0.0000,0.0000,0,stuck_too_long
1479,207,-606.95,0.30,39.64,0.0000,0.0000,0,stuck_too_long
1480,160,-549.96,0.40,25.28,0.0000,0.0000,0,stuck_too_long
1210,261,-636.83,0.47,42.18,0.0000,0.0000,0,stuck_too_long
1211,160,-557.19,0.38,22.42,0.0000,0.0000,0,stuck_too_long
1212,160,-553.17,0.39,4.31,0.0000,0.0000,0,stuck_too_long
1213,160,-555.82,0.40,22.01,0.0000,0.0000,0,stuck_too_long
1214,160,-557.62,0.37,38.72,0.0000,0.0000,0,stuck_too_long
1215,160,-552.10,0.37,14.46,0.0000,0.0000,0,stuck_too_long
1216,160,-560.85,0.36,26.70,0.0000,0.0000,0,stuck_too_long
1217,160,-561.87,0.38,45.22,0.0000,0.0000,0,stuck_too_long
1218,165,-559.00,0.36,12.53,0.0000,0.0000,0,stuck_too_long
1219,160,-555.34,0.39,5.13,0.0000,0.0000,0,stuck_too_long
1220,160,-554.05,0.38,23.66,0.0000,0.0000,0,stuck_too_long
1221,160,-553.09,0.38,24.88,0.0000,0.0000,0,stuck_too_long
1481,160,-558.44,0.39,40.73,0.0000,0.0000,0,stuck_too_long
1482,160,-552.59,0.40,13.37,0.0000,0.0000,0,stuck_too_long
1483,160,-558.91,0.39,12.97,0.0000,0.0000,0,stuck_too_long
1484,160,-561.59,0.38,25.53,0.0000,0.0000,0,stuck_too_long
1485,160,-560.89,0.39,22.42,0.0000,0.0000,0,stuck_too_long
1486,160,-551.17,0.39,23.36,0.0000,0.0000,0,stuck_too_long
1487,160,-558.11,0.37,23.62,0.0000,0.0000,0,stuck_too_long
1488,166,-558.45,0.39,28.02,0.0000,0.0000,0,stuck_too_long
1489,160,-565.07,0.36,30.66,0.0000,0.0000,0,stuck_too_long
1490,161,-558.98,0.39,25.45,0.0000,0.0000,0,stuck_too_long
1222,283,-671.76,0.44,20.91,0.0000,0.0000,0,stuck_too_long
1223,160,-555.57,0.39,46.64,0.0000,0.0000,0,stuck_too_long
1224,160,-548.38,0.38,47.78,0.0000,0.0000,0,stuck_too_long
1225,160,-566.71,0.39,22.41,0.0000,0.0000,0,stuck_too_long
1226,160,-560.86,0.38,24.02,0.0000,0.0000,0,stuck_too_long
1227,160,-560.77,0.40,4.22,0.0000,0.0000,0,stuck_too_long
1228,162,-555.58,0.39,10.43,0.0000,0.0000,0,stuck_too_long
1229,160,-553.35,0.40,13.37,0.0000,0.0000,0,stuck_too_long
1230,160,-557.44,0.38,23.44,0.0000,0.0000,0,stuck_too_long
1231,160,-556.64,0.39,10.92,0.0000,0.0000,0,stuck_too_long
1232,160,-552.22,0.39,28.23,0.0000,0.0000,0,stuck_too_long
1233,160,-559.58,0.39,28.01,0.0000,0.0000,0,stuck_too_long
1491,204,-604.37,0.31,25.71,0.0000,0.0000,0,stuck_too_long
1492,199,-596.65,0.30,30.16,0.0000,0.0000,0,stuck_too_long
1493,207,-602.45,0.30,34.33,0.0000,0.0000,0,stuck_too_long
1494,198,-596.28,0.32,27.34,0.0000,0.0000,0,stuck_too_long
1495,215,-610.49,0.29,35.52,0.0000,0.0000,0,stuck_too_long
1496,182,-580.26,0.35,26.11,0.0000,0.0000,0,stuck_too_long
1497,160,-557.39,0.37,11.93,0.0000,0.0000,0,stuck_too_long
1498,176,-579.28,0.34,10.92,0.0000,0.0000,0,stuck_too_long
1499,160,-564.07,0.38,11.58,0.0000,0.0000,0,stuck_too_long
1500,340,-753.31,0.17,42.28,0.0000,0.0000,0,stuck_too_long
1234,466,-858.38,0.27,44.63,0.0000,0.0000,0,stuck_too_long
1235,161,-558.85,0.39,11.19,0.0000,0.0000,0,stuck_too_long
1236,179,-578.24,0.34,24.23,0.0000,0.0000,0,stuck_too_long
1237,211,-613.31,0.30,15.96,0.0000,0.0000,0,stuck_too_long
1238,179,-570.57,0.35,13.77,0.0000,0.0000,0,stuck_too_long
1239,188,-584.81,0.34,23.28,0.0000,0.0000,0,stuck_too_long
1240,160,-555.43,0.39,22.08,0.0000,0.0000,0,stuck_too_long
1241,160,-556.53,0.40,14.39,0.0000,0.0000,0,stuck_too_long
1242,193,-589.43,0.32,32.32,0.0000,0.0000,0,stuck_too_long
1243,208,-601.32,0.30,25.80,0.0000,0.0000,0,stuck_too_long
1501,340,-761.65,0.18,39.08,0.0000,0.0000,0,stuck_too_long
1502,221,-627.60,0.29,17.73,0.0000,0.0000,0,stuck_too_long
1503,340,-744.41,0.18,41.78,0.0000,0.0000,0,stuck_too_long
1504,340,-752.55,0.19,36.79,0.0000,0.0000,0,stuck_too_long
1505,340,-758.46,0.18,42.12,0.0000,0.0000,0,stuck_too_long
1506,340,-760.07,0.18,42.27,0.0000,0.0000,0,stuck_too_long
1507,178,-575.20,0.36,6.62,0.0000,0.0000,0,stuck_too_long
1508,340,-758.53,0.18,26.64,0.0000,0.0000,0,stuck_too_long
1509,340,-755.79,0.18,37.16,0.0000,0.0000,0,stuck_too_long
1510,219,-628.15,0.28,16.25,0.0000,0.0000,0,stuck_too_long
1244,409,-808.63,0.23,50.68,0.0000,0.0000,0,stuck_too_long
1245,218,-613.73,0.28,19.42,0.0000,0.0000,0,stuck_too_long
1246,340,-758.52,0.18,44.19,0.0000,0.0000,0,stuck_too_long
1247,340,-760.49,0.19,40.48,0.0000,0.0000,0,stuck_too_long
1248,206,-607.54,0.30,14.05,0.0000,0.0000,0,stuck_too_long
1249,340,-759.68,0.18,37.10,0.0000,0.0000,0,stuck_too_long
1511,340,-745.61,0.19,38.68,0.0000,0.0000,0,stuck_too_long
1512,218,-619.57,0.28,15.37,0.0000,0.0000,0,stuck_too_long
1513,160,-564.71,0.40,31.94,0.0000,0.0000,0,stuck_too_long
1514,192,-595.70,0.32,42.36,0.0000,0.0000,0,stuck_too_long
1515,340,-747.46,0.19,42.91,0.0000,0.0000,0,stuck_too_long
1516,340,-751.08,0.19,40.59,0.0000,0.0000,0,stuck_too_long
1517,201,-608.20,0.31,43.69,0.0000,0.0000,0,stuck_too_long
1518,340,-758.56,0.19,41.98,0.0000,0.0000,0,stuck_too_long
1519,340,-763.05,0.18,28.03,0.0000,0.0000,0,stuck_too_long
1520,340,-751.91,0.19,34.39,0.0000,0.0000,0,stuck_too_long
1250,604,-1015.27,0.21,63.86,0.0000,0.0000,0,stuck_too_long
1251,198,-604.25,0.31,14.38,0.0000,0.0000,0,stuck_too_long
1252,340,-759.34,0.19,51.30,0.0000,0.0000,0,stuck_too_long
1253,218,-619.16,0.29,21.06,0.0000,0.0000,0,stuck_too_long
1254,340,-758.86,0.19,24.45,0.0000,0.0000,0,stuck_too_long
1255,220,-627.42,0.28,15.19,0.0000,0.0000,0,stuck_too_long
1256,172,-573.85,0.36,-1.86,0.0000,0.0000,0,stuck_too_long
1257,184,-581.30,0.33,42.88,0.0000,0.0000,0,stuck_too_long
1521,166,-551.61,0.37,28.22,0.0000,0.0000,0,stuck_too_long
1522,193,-590.47,0.33,11.21,0.0000,0.0000,0,stuck_too_long
1523,160,-557.90,0.40,15.60,0.0000,0.0000,0,stuck_too_long
1524,160,-555.62,0.38,19.96,0.0000,0.0000,0,stuck_too_long
1525,195,-594.30,0.32,18.97,0.0000,0.0000,0,stuck_too_long
1526,200,-594.56,0.32,19.68,0.0000,0.0000,0,stuck_too_long
1527,160,-556.30,0.37,38.50,0.0000,0.0000,0,stuck_too_long
1528,179,-570.45,0.35,15.71,0.0000,0.0000,0,stuck_too_long
1529,188,-581.40,0.32,14.27,0.0000,0.0000,0,stuck_too_long
1530,160,-558.01,0.37,9.78,0.0000,0.0000,0,stuck_too_long
1258,232,-631.39,0.33,24.33,0.0000,0.0000,0,stuck_too_long
1259,160,-557.08,0.40,16.98,0.0000,0.0000,0,stuck_too_long
1260,202,-592.88,0.31,31.98,0.0000,0.0000,0,stuck_too_long
1261,161,-553.85,0.38,18.87,0.0000,0.0000,0,stuck_too_long
1262,160,-560.70,0.38,8.88,0.0000,0.0000,0,stuck_too_long
1263,162,-557.71,0.39,25.94,0.0000,0.0000,0,stuck_too_long
1264,208,-609.79,0.29,27.12,0.0000,0.0000,0,stuck_too_long
1265,160,-555.56,0.36,21.04,0.0000,0.0000,0,stuck_too_long
1266,176,-569.64,0.36,7.67,0.0000,0.0000,0,stuck_too_long
1267,174,-576.22,0.36,48.33,0.0000,0.0000,0,stuck_too_long
1268,214,-617.15,0.30,24.14,0.0000,0.0000,0,stuck_too_long
1531,160,-556.60,0.39,39.60,0.0000,0.0000,0,stuck_too_long
1532,160,-559.68,0.35,22.21,0.0000,0.0000,0,stuck_too_long
1533,160,-558.89,0.35,36.14,0.0000,0.0000,0,stuck_too_long
1534,160,-560.87,0.38,32.43,0.0000,0.0000,0,stuck_too_long
1535,160,-559.37,0.38,25.83,0.0000,0.0000,0,stuck_too_long
1536,160,-554.72,0.38,25.28,0.0000,0.0000,0,stuck_too_long
1537,160,-553.73,0.38,12.67,0.0000,0.0000,0,stuck_too_long
1538,161,-551.42,0.36,44.16,0.0000,0.0000,0,stuck_too_long
1539,160,-558.39,0.36,26.98,0.0000,0.0000,0,stuck_too_long
1540,172,-567.28,0.36,14.73,0.0000,0.0000,0,stuck_too_long
1269,235,-607.36,0.46,23.74,0.0000,0.0000,0,stuck_too_long
1270,160,-558.02,0.37,40.40,0.0000,0.0000,0,stuck_too_long
1271,160,-550.66,0.39,37.56,0.0000,0.0000,0,stuck_too_long
1272,160,-556.89,0.37,33.91,0.0000,0.0000,0,stuck_too_long
1273,160,-555.08,0.39,24.54,0.0000,0.0000,0,stuck_too_long
1274,167,-566.06,0.37,31.93,0.0000,0.0000,0,stuck_too_long
1275,199,-597.51,0.30,29.20,0.0000,0.0000,0,stuck_too_long
1276,160,-557.64,0.39,15.63,0.0000,0.0000,0,stuck_too_long
1277,160,-559.40,0.38,20.55,0.0000,0.0000,0,stuck_too_long
1278,160,-559.25,0.38,25.22,0.0000,0.0000,0,stuck_too_long
1279,175,-573.79,0.36,21.65,0.0000,0.0000,0,stuck_too_long
1280,160,-558.55,0.38,22.20,0.0000,0.0000,0,stuck_too_long
1541,160,-568.08,0.39,43.13,0.0000,0.0000,0,stuck_too_long
1542,160,-566.30,0.36,15.96,0.0000,0.0000,0,stuck_too_long
1543,160,-554.55,0.39,23.83,0.0000,0.0000,0,stuck_too_long
1544,160,-556.86,0.39,6.20,0.0000,0.0000,0,stuck_too_long
1545,160,-558.28,0.39,25.17,0.0000,0.0000,0,stuck_too_long
1546,160,-569.05,0.38,12.67,0.0000,0.0000,0,stuck_too_long
1547,160,-555.97,0.38,43.35,0.0000,0.0000,0,stuck_too_long
1548,160,-562.73,0.37,18.52,0.0000,0.0000,0,stuck_too_long
1549,160,-553.09,0.40,7.12,0.0000,0.0000,0,stuck_too_long
1550,160,-549.85,0.39,18.00,0.0000,0.0000,0,stuck_too_long
1281,227,-615.92,0.41,20.83,0.0000,0.0000,0,stuck_too_long
1282,160,-554.55,0.35,20.78,0.0000,0.0000,0,stuck_too_long
1283,160,-564.88,0.38,34.33,0.0000,0.0000,0,stuck_too_long
1284,160,-559.94,0.37,36.27,0.0000,0.0000,0,stuck_too_long
1285,160,-555.61,0.36,18.31,0.0000,0.0000,0,stuck_too_long
1286,160,-565.06,0.36,2.74,0.0000,0.0000,0,stuck_too_long
1287,160,-558.17,0.37,8.81,0.0000,0.0000,0,stuck_too_long
1288,160,-564.58,0.35,32.41,0.0000,0.0000,0,stuck_too_long
1289,160,-552.69,0.37,6.09,0.0000,0.0000,0,stuck_too_long
1290,160,-556.92,0.39,25.39,0.0000,0.0000,0,stuck_too_long
1291,160,-553.62,0.37,35.93,0.0000,0.0000,0,stuck_too_long
1292,160,-555.60,0.34,20.79,0.0000,0.0000,0,stuck_too_long
1551,101,-519.26,0.00,10.10,0.0000,0.0000,0,stuck_too_long
1552,101,-519.25,0.00,10.10,0.0000,0.0000,0,stuck_too_long
1553,101,-518.37,0.00,10.10,0.0000,0.0000,0,stuck_too_long
1554,101,-519.09,0.00,10.10,0.0000,0.0000,0,stuck_too_long
1555,101,-519.26,0.00,10.10,0.0000,0.0000,0,stuck_too_long
1556,101,-518.95,0.00,10.10,0.0000,0.0000,0,stuck_too_long
1557,101,-518.67,0.00,10.10,0.0000,0.0000,0,stuck_too_long
1558,101,-518.63,0.00,10.10,0.0000,0.0000,0,stuck_too_long
1559,101,-518.77,0.00,10.10,0.0000,0.0000,0,stuck_too_long
1560,101,-518.77,0.00,10.10,0.0000,0.0000,0,stuck_too_long
1293,160,-563.61,0.38,10.22,0.0000,0.0000,0,stuck_too_long
1294,101,-518.46,0.00,10.10,0.0000,0.0000,0,stuck_too_long
1295,101,-518.65,0.00,10.10,0.0000,0.0000,0,stuck_too_long
1296,101,-520.05,0.00,10.10,0.0000,0.0000,0,stuck_too_long
1297,101,-518.60,0.00,10.10,0.0000,0.0000,0,stuck_too_long
1298,101,-518.68,0.00,10.10,0.0000,0.0000,0,stuck_too_long
1299,101,-519.56,0.00,10.10,0.0000,0.0000,0,stuck_too_long
1300,101,-518.88,0.00,10.10,0.0000,0.0000,0,stuck_too_long
1301,101,-519.56,0.00,10.10,0.0000,0.0000,0,stuck_too_long
1302,101,-518.88,0.00,10.10,0.0000,0.0000,0,stuck_too_long
1303,101,-519.97,0.00,10.10,0.0000,0.0000,0,stuck_too_long
1304,101,-518.85,0.00,10.10,0.0000,0.0000,0,stuck_too_long
1305,101,-519.34,0.00,10.10,0.0000,0.0000,0,stuck_too_long
1306,101,-518.94,0.00,10.10,0.0000,0.0000,0,stuck_too_long
1307,101,-518.86,0.00,10.10,0.0000,0.0000,0,stuck_too_long
1308,101,-519.52,0.00,10.10,0.0000,0.0000,0,stuck_too_long
1309,101,-519.30,0.00,10.10,0.0000,0.0000,0,stuck_too_long
1310,101,-518.91,0.00,10.10,0.0000,0.0000,0,stuck_too_long
1311,101,-518.36,0.00,10.10,0.0000,0.0000,0,stuck_too_long
1312,101,-519.05,0.00,10.10,0.0000,0.0000,0,stuck_too_long
1561,101,-519.45,0.00,10.10,0.0000,0.0000,0,stuck_too_long
1562,101,-519.06,0.00,10.10,0.0000,0.0000,0,stuck_too_long
1563,101,-519.22,0.00,10.10,0.0000,0.0000,0,stuck_too_long
1564,101,-518.78,0.00,10.10,0.0000,0.0000,0,stuck_too_long
1565,101,-518.68,0.00,10.10,0.0000,0.0000,0,stuck_too_long
1566,101,-518.83,0.00,10.10,0.0000,0.0000,0,stuck_too_long
1567,101,-519.25,0.00,10.10,0.0000,0.0000,0,stuck_too_long
1568,101,-518.80,0.00,10.10,0.0000,0.0000,0,stuck_too_long
1569,101,-519.11,0.00,10.10,0.0000,0.0000,0,stuck_too_long
1570,101,-519.52,0.00,10.10,0.0000,0.0000,0,stuck_too_long
1313,101,-519.12,0.00,10.10,0.0000,0.0000,0,stuck_too_long
1314,101,-518.47,0.00,10.10,0.0000,0.0000,0,stuck_too_long
1315,101,-519.82,0.00,10.10,0.0000,0.0000,0,stuck_too_long
1316,101,-518.85,0.00,10.10,0.0000,0.0000,0,stuck_too_long
1317,101,-518.88,0.00,10.10,0.0000,0.0000,0,stuck_too_long
1318,101,-519.26,0.00,10.10,0.0000,0.0000,0,stuck_too_long
1319,101,-518.85,0.00,10.10,0.0000,0.0000,0,stuck_too_long
1320,101,-518.28,0.00,10.10,0.0000,0.0000,0,stuck_too_long
1321,101,-519.00,0.00,10.10,0.0000,0.0000,0,stuck_too_long
1322,101,-518.62,0.00,10.10,0.0000,0.0000,0,stuck_too_long
1323,101,-518.53,0.00,10.10,0.0000,0.0000,0,stuck_too_long
1324,101,-520.34,0.00,10.10,0.0000,0.0000,0,stuck_too_long
1325,101,-519.67,0.00,10.10,0.0000,0.0000,0,stuck_too_long
1326,101,-518.64,0.00,10.10,0.0000,0.0000,0,stuck_too_long
1327,101,-519.90,0.00,10.10,0.0000,0.0000,0,stuck_too_long
1328,101,-518.25,0.00,10.10,0.0000,0.0000,0,stuck_too_long
1329,101,-518.70,0.00,10.10,0.0000,0.0000,0,stuck_too_long
1330,101,-519.46,0.00,10.10,0.0000,0.0000,0,stuck_too_long
1331,101,-518.69,0.00,10.10,0.0000,0.0000,0,stuck_too_long
1332,101,-518.53,0.00,10.10,0.0000,0.0000,0,stuck_too_long
1333,101,-518.76,0.00,10.10,0.0000,0.0000,0,stuck_too_long
1571,101,-519.37,0.00,10.10,0.0000,0.0000,0,stuck_too_long
1572,101,-519.45,0.00,10.10,0.0000,0.0000,0,stuck_too_long
1573,101,-518.80,0.00,10.10,0.0000,0.0000,0,stuck_too_long
1574,101,-519.49,0.00,10.10,0.0000,0.0000,0,stuck_too_long
1575,101,-519.05,0.00,10.10,0.0000,0.0000,0,stuck_too_long
1576,101,-519.28,0.00,10.10,0.0000,0.0000,0,stuck_too_long
1577,101,-518.97,0.00,10.10,0.0000,0.0000,0,stuck_too_long
1578,101,-520.00,0.00,10.10,0.0000,0.0000,0,stuck_too_long
1579,101,-519.05,0.00,10.10,0.0000,0.0000,0,stuck_too_long
1580,101,-519.57,0.00,10.10,0.0000,0.0000,0,stuck_too_long
1334,101,-519.27,0.00,10.10,0.0000,0.0000,0,stuck_too_long
1335,101,-519.15,0.00,10.10,0.0000,0.0000,0,stuck_too_long
1336,101,-518.60,0.00,10.10,0.0000,0.0000,0,stuck_too_long
1337,101,-518.96,0.00,10.10,0.0000,0.0000,0,stuck_too_long
1338,101,-519.80,0.00,10.10,0.0000,0.0000,0,stuck_too_long
1339,101,-519.06,0.00,10.10,0.0000,0.0000,0,stuck_too_long
1340,101,-518.87,0.00,10.10,0.0000,0.0000,0,stuck_too_long
1341,101,-519.19,0.00,10.10,0.0000,0.0000,0,stuck_too_long
1342,101,-519.12,0.00,10.10,0.0000,0.0000,0,stuck_too_long
1343,101,-518.94,0.00,10.10,0.0000,0.0000,0,stuck_too_long
1344,101,-519.68,0.00,10.10,0.0000,0.0000,0,stuck_too_long
1345,101,-518.17,0.00,10.10,0.0000,0.0000,0,stuck_too_long
1346,101,-519.81,0.00,10.10,0.0000,0.0000,0,stuck_too_long
1347,101,-519.30,0.00,10.10,0.0000,0.0000,0,stuck_too_long
1348,101,-519.91,0.00,10.10,0.0000,0.0000,0,stuck_too_long
1349,101,-519.28,0.00,10.10,0.0000,0.0000,0,stuck_too_long
1350,101,-518.81,0.00,10.10,0.0000,0.0000,0,stuck_too_long
1351,101,-518.63,0.00,10.10,0.0000,0.0000,0,stuck_too_long
1352,101,-518.71,0.00,10.10,0.0000,0.0000,0,stuck_too_long
1353,101,-519.33,0.00,10.10,0.0000,0.0000,0,stuck_too_long
1581,101,-520.00,0.00,10.10,0.0000,0.0000,0,stuck_too_long
1582,101,-519.06,0.00,10.10,0.0000,0.0000,0,stuck_too_long
1583,101,-519.84,0.00,10.10,0.0000,0.0000,0,stuck_too_long
1584,101,-519.77,0.00,10.10,0.0000,0.0000,0,stuck_too_long
1585,101,-519.09,0.00,10.10,0.0000,0.0000,0,stuck_too_long
1586,101,-518.69,0.00,10.10,0.0000,0.0000,0,stuck_too_long
1587,101,-519.85,0.00,10.10,0.0000,0.0000,0,stuck_too_long
1588,101,-519.17,0.00,10.10,0.0000,0.0000,0,stuck_too_long
1589,101,-518.96,0.00,10.10,0.0000,0.0000,0,stuck_too_long
1590,101,-519.50,0.00,10.10,0.0000,0.0000,0,stuck_too_long
1354,101,-519.39,0.00,10.10,0.0000,0.0000,0,stuck_too_long
1355,101,-519.11,0.00,10.10,0.0000,0.0000,0,stuck_too_long
1356,101,-519.06,0.00,10.10,0.0000,0.0000,0,stuck_too_long
1357,101,-519.56,0.00,10.10,0.0000,0.0000,0,stuck_too_long
1358,101,-519.47,0.00,10.10,0.0000,0.0000,0,stuck_too_long
1359,101,-519.19,0.00,10.10,0.0000,0.0000,0,stuck_too_long
1360,101,-518.65,0.00,10.10,0.0000,0.0000,0,stuck_too_long
1361,101,-519.19,0.00,10.10,0.0000,0.0000,0,stuck_too_long
1362,101,-520.75,0.00,10.10,0.0000,0.0000,0,stuck_too_long
1363,101,-518.58,0.00,10.10,0.0000,0.0000,0,stuck_too_long
1364,101,-519.38,0.00,10.10,0.0000,0.0000,0,stuck_too_long
1365,101,-520.14,0.00,10.10,0.0000,0.0000,0,stuck_too_long
1366,101,-519.03,0.00,10.10,0.0000,0.0000,0,stuck_too_long
1367,101,-519.35,0.00,10.10,0.0000,0.0000,0,stuck_too_long
1368,101,-519.00,0.00,10.10,0.0000,0.0000,0,stuck_too_long
1369,101,-518.30,0.00,10.10,0.0000,0.0000,0,stuck_too_long
1370,101,-519.20,0.00,10.10,0.0000,0.0000,0,stuck_too_long
1371,101,-519.31,0.00,10.10,0.0000,0.0000,0,stuck_too_long
1372,101,-518.56,0.00,10.10,0.0000,0.0000,0,stuck_too_long
1373,101,-519.19,0.00,10.10,0.0000,0.0000,0,stuck_too_long
1591,101,-519.12,0.00,10.10,0.0000,0.0000,0,stuck_too_long
1592,101,-519.17,0.00,10.10,0.0000,0.0000,0,stuck_too_long
1593,101,-520.17,0.00,10.10,0.0000,0.0000,0,stuck_too_long
1594,101,-518.03,0.00,10.10,0.0000,0.0000,0,stuck_too_long
1595,101,-519.86,0.00,10.10,0.0000,0.0000,0,stuck_too_long
1596,101,-519.55,0.00,10.10,0.0000,0.0000,0,stuck_too_long
1597,101,-519.35,0.00,10.10,0.0000,0.0000,0,stuck_too_long
1598,101,-519.16,0.00,10.10,0.0000,0.0000,0,stuck_too_long
1599,101,-519.24,0.00,10.10,0.0000,0.0000,0,stuck_too_long
1600,101,-519.66,0.00,10.10,0.0000,0.0000,0,stuck_too_long
1374,101,-518.38,0.00,10.10,0.0000,0.0000,0,stuck_too_long
1375,101,-519.68,0.00,10.10,0.0000,0.0000,0,stuck_too_long
1376,101,-518.74,0.00,10.10,0.0000,0.0000,0,stuck_too_long
1377,101,-519.77,0.00,10.10,0.0000,0.0000,0,stuck_too_long
1378,101,-519.70,0.00,10.10,0.0000,0.0000,0,stuck_too_long
1379,101,-519.20,0.00,10.10,0.0000,0.0000,0,stuck_too_long
1380,101,-519.38,0.00,10.10,0.0000,0.0000,0,stuck_too_long
1381,101,-518.96,0.00,10.10,0.0000,0.0000,0,stuck_too_long
1382,101,-519.25,0.00,10.10,0.0000,0.0000,0,stuck_too_long
1383,101,-519.74,0.00,10.10,0.0000,0.0000,0,stuck_too_long
1384,101,-519.35,0.00,10.10,0.0000,0.0000,0,stuck_too_long
1385,101,-520.03,0.00,10.10,0.0000,0.0000,0,stuck_too_long
1386,101,-518.93,0.00,10.10,0.0000,0.0000,0,stuck_too_long
1387,101,-519.33,0.00,10.10,0.0000,0.0000,0,stuck_too_long
1388,101,-519.29,0.00,10.10,0.0000,0.0000,0,stuck_too_long
1389,101,-519.36,0.00,10.10,0.0000,0.0000,0,stuck_too_long
1390,101,-519.61,0.00,10.10,0.0000,0.0000,0,stuck_too_long
1391,101,-519.95,0.00,10.10,0.0000,0.0000,0,stuck_too_long
1392,101,-518.96,0.00,10.10,0.0000,0.0000,0,stuck_too_long
1393,101,-518.25,0.00,10.10,0.0000,0.0000,0,stuck_too_long
1394,101,-519.46,0.00,10.10,0.0000,0.0000,0,stuck_too_long
1601,101,-518.94,0.00,10.10,0.0000,0.0000,0,stuck_too_long
1602,101,-519.62,0.00,10.10,0.0000,0.0000,0,stuck_too_long
1603,101,-518.43,0.00,10.10,0.0000,0.0000,0,stuck_too_long
1604,101,-519.29,0.00,10.10,0.0000,0.0000,0,stuck_too_long
1605,101,-518.93,0.00,10.10,0.0000,0.0000,0,stuck_too_long
1606,101,-519.42,0.00,10.10,0.0000,0.0000,0,stuck_too_long
1607,101,-519.52,0.00,10.10,0.0000,0.0000,0,stuck_too_long
1608,101,-519.14,0.00,10.10,0.0000,0.0000,0,stuck_too_long
1609,101,-518.93,0.00,10.10,0.0000,0.0000,0,stuck_too_long
1610,101,-520.04,0.00,10.10,0.0000,0.0000,0,stuck_too_long
1395,101,-519.22,0.00,10.10,0.0000,0.0000,0,stuck_too_long
1396,101,-519.20,0.00,10.10,0.0000,0.0000,0,stuck_too_long
1397,101,-519.07,0.00,10.10,0.0000,0.0000,0,stuck_too_long
1398,101,-519.30,0.00,10.10,0.0000,0.0000,0,stuck_too_long
1399,101,-519.63,0.00,10.10,0.0000,0.0000,0,stuck_too_long
1400,101,-518.55,0.00,10.10,0.0000,0.0000,0,stuck_too_long
1401,101,-518.90,0.00,10.10,0.0000,0.0000,0,stuck_too_long
1402,101,-520.12,0.00,10.10,0.0000,0.0000,0,stuck_too_long
1403,101,-519.60,0.00,10.10,0.0000,0.0000,0,stuck_too_long
1404,101,-519.21,0.00,10.10,0.0000,0.0000,0,stuck_too_long
1405,101,-519.44,0.00,10.10,0.0000,0.0000,0,stuck_too_long
1406,101,-519.11,0.00,10.10,0.0000,0.0000,0,stuck_too_long
1407,101,-518.55,0.00,10.10,0.0000,0.0000,0,stuck_too_long
1408,101,-518.97,0.00,10.10,0.0000,0.0000,0,stuck_too_long
1409,101,-518.82,0.00,10.10,0.0000,0.0000,0,stuck_too_long
1410,101,-520.21,0.00,10.10,0.0000,0.0000,0,stuck_too_long
1411,101,-518.58,0.00,10.10,0.0000,0.0000,0,stuck_too_long
1412,101,-519.27,0.00,10.10,0.0000,0.0000,0,stuck_too_long
1413,101,-519.14,0.00,10.10,0.0000,0.0000,0,stuck_too_long
1414,101,-518.94,0.00,10.10,0.0000,0.0000,0,stuck_too_long
1611,101,-519.39,0.00,10.10,0.0000,0.0000,0,stuck_too_long
1612,101,-519.34,0.00,10.10,0.0000,0.0000,0,stuck_too_long
1613,101,-519.94,0.00,10.10,0.0000,0.0000,0,stuck_too_long
1614,101,-518.37,0.00,10.10,0.0000,0.0000,0,stuck_too_long
1615,101,-518.61,0.00,10.10,0.0000,0.0000,0,stuck_too_long
1616,101,-518.97,0.00,10.10,0.0000,0.0000,0,stuck_too_long
1617,101,-519.28,0.00,10.10,0.0000,0.0000,0,stuck_too_long
1618,101,-519.46,0.00,10.10,0.0000,0.0000,0,stuck_too_long
1619,101,-520.02,0.00,10.10,0.0000,0.0000,0,stuck_too_long
1620,101,-519.09,0.00,10.10,0.0000,0.0000,0,stuck_too_long
1415,101,-519.02,0.00,10.10,0.0000,0.0000,0,stuck_too_long
1416,101,-518.84,0.00,10.10,0.0000,0.0000,0,stuck_too_long
1417,101,-518.93,0.00,10.10,0.0000,0.0000,0,stuck_too_long
1418,101,-518.51,0.00,10.10,0.0000,0.0000,0,stuck_too_long
1419,101,-518.60,0.00,10.10,0.0000,0.0000,0,stuck_too_long
1420,101,-520.67,0.00,10.10,0.0000,0.0000,0,stuck_too_long
1421,101,-518.62,0.00,10.10,0.0000,0.0000,0,stuck_too_long
1422,101,-519.54,0.00,10.10,0.0000,0.0000,0,stuck_too_long
1423,101,-518.88,0.00,10.10,0.0000,0.0000,0,stuck_too_long
1424,101,-519.69,0.00,10.10,0.0000,0.0000,0,stuck_too_long
1425,101,-518.33,0.00,10.10,0.0000,0.0000,0,stuck_too_long
1426,101,-518.55,0.00,10.10,0.0000,0.0000,0,stuck_too_long
1427,101,-518.58,0.00,10.10,0.0000,0.0000,0,stuck_too_long
1428,101,-519.37,0.00,10.10,0.0000,0.0000,0,stuck_too_long
1429,101,-518.71,0.00,10.10,0.0000,0.0000,0,stuck_too_long
1430,101,-518.70,0.00,10.10,0.0000,0.0000,0,stuck_too_long
1431,101,-518.93,0.00,10.10,0.0000,0.0000,0,stuck_too_long
1432,101,-519.30,0.00,10.10,0.0000,0.0000,0,stuck_too_long
1433,101,-518.28,0.00,10.10,0.0000,0.0000,0,stuck_too_long
1434,101,-518.27,0.00,10.10,0.0000,0.0000,0,stuck_too_long
1621,101,-519.02,0.00,10.10,0.0000,0.0000,0,stuck_too_long
1622,101,-519.76,0.00,10.10,0.0000,0.0000,0,stuck_too_long
1623,101,-519.45,0.00,10.10,0.0000,0.0000,0,stuck_too_long
1624,101,-519.53,0.00,10.10,0.0000,0.0000,0,stuck_too_long
1625,101,-520.21,0.00,10.10,0.0000,0.0000,0,stuck_too_long
1626,101,-519.57,0.00,10.10,0.0000,0.0000,0,stuck_too_long
1627,101,-518.75,0.00,10.10,0.0000,0.0000,0,stuck_too_long
1628,101,-519.40,0.00,10.10,0.0000,0.0000,0,stuck_too_long
1629,101,-519.62,0.00,10.10,0.0000,0.0000,0,stuck_too_long
1630,101,-520.21,0.00,10.10,0.0000,0.0000,0,stuck_too_long
1435,101,-519.23,0.00,10.10,0.0000,0.0000,0,stuck_too_long
1436,101,-519.79,0.00,10.10,0.0000,0.0000,0,stuck_too_long
1437,101,-518.78,0.00,10.10,0.0000,0.0000,0,stuck_too_long
1438,101,-519.65,0.00,10.10,0.0000,0.0000,0,stuck_too_long
1439,101,-519.66,0.00,10.10,0.0000,0.0000,0,stuck_too_long
1440,101,-519.24,0.00,10.10,0.0000,0.0000,0,stuck_too_long
1441,101,-519.05,0.00,10.10,0.0000,0.0000,0,stuck_too_long
1442,101,-520.27,0.00,10.10,0.0000,0.0000,0,stuck_too_long
1443,101,-519.82,0.00,10.10,0.0000,0.0000,0,stuck_too_long
1444,101,-519.20,0.00,10.10,0.0000,0.0000,0,stuck_too_long
1445,101,-519.55,0.00,10.10,0.0000,0.0000,0,stuck_too_long
1446,101,-519.91,0.00,10.10,0.0000,0.0000,0,stuck_too_long
1447,101,-520.28,0.00,10.10,0.0000,0.0000,0,stuck_too_long
1448,101,-518.83,0.00,10.10,0.0000,0.0000,0,stuck_too_long
1449,101,-520.09,0.00,10.10,0.0000,0.0000,0,stuck_too_long
1450,101,-519.14,0.00,10.10,0.0000,0.0000,0,stuck_too_long
1451,101,-519.05,0.00,10.10,0.0000,0.0000,0,stuck_too_long
1452,101,-519.37,0.00,10.10,0.0000,0.0000,0,stuck_too_long
1453,101,-519.65,0.00,10.10,0.0000,0.0000,0,stuck_too_long
1454,101,-519.54,0.00,10.10,0.0000,0.0000,0,stuck_too_long
1631,101,-518.76,0.00,10.10,0.0000,0.0000,0,stuck_too_long
1632,101,-519.63,0.00,10.10,0.0000,0.0000,0,stuck_too_long
1633,101,-520.32,0.00,10.10,0.0000,0.0000,0,stuck_too_long
1634,101,-519.79,0.00,10.10,0.0000,0.0000,0,stuck_too_long
1635,101,-519.43,0.00,10.10,0.0000,0.0000,0,stuck_too_long
1636,101,-518.71,0.00,10.10,0.0000,0.0000,0,stuck_too_long
1637,101,-519.26,0.00,10.10,0.0000,0.0000,0,stuck_too_long
1638,101,-519.84,0.00,10.10,0.0000,0.0000,0,stuck_too_long
1639,101,-519.45,0.00,10.10,0.0000,0.0000,0,stuck_too_long
1640,101,-518.80,0.00,10.10,0.0000,0.0000,0,stuck_too_long
1455,101,-519.55,0.00,10.10,0.0000,0.0000,0,stuck_too_long
1456,101,-519.64,0.00,10.10,0.0000,0.0000,0,stuck_too_long
1457,101,-517.90,0.00,10.10,0.0000,0.0000,0,stuck_too_long
1458,101,-518.90,0.00,10.10,0.0000,0.0000,0,stuck_too_long
1459,101,-518.90,0.00,10.10,0.0000,0.0000,0,stuck_too_long
1460,101,-518.59,0.00,10.10,0.0000,0.0000,0,stuck_too_long
1461,101,-518.51,0.00,10.10,0.0000,0.0000,0,stuck_too_long
1462,101,-519.16,0.00,10.10,0.0000,0.0000,0,stuck_too_long
1463,101,-520.32,0.00,10.10,0.0000,0.0000,0,stuck_too_long
1464,101,-520.00,0.00,10.10,0.0000,0.0000,0,stuck_too_long
1465,101,-518.51,0.00,10.10,0.0000,0.0000,0,stuck_too_long
1466,101,-519.47,0.00,10.10,0.0000,0.0000,0,stuck_too_long
1467,101,-519.67,0.00,10.10,0.0000,0.0000,0,stuck_too_long
1468,101,-519.18,0.00,10.10,0.0000,0.0000,0,stuck_too_long
1469,101,-519.21,0.00,10.10,0.0000,0.0000,0,stuck_too_long
1470,101,-519.24,0.00,10.10,0.0000,0.0000,0,stuck_too_long
1471,101,-519.14,0.00,10.10,0.0000,0.0000,0,stuck_too_long
1472,101,-519.47,0.00,10.10,0.0000,0.0000,0,stuck_too_long
1473,101,-519.72,0.00,10.10,0.0000,0.0000,0,stuck_too_long
1474,101,-518.92,0.00,10.10,0.0000,0.0000,0,stuck_too_long
1475,101,-519.68,0.00,10.10,0.0000,0.0000,0,stuck_too_long
1641,101,-519.30,0.00,10.10,0.0000,0.0000,0,stuck_too_long
1642,101,-518.50,0.00,10.10,0.0000,0.0000,0,stuck_too_long
1643,101,-518.38,0.00,10.10,0.0000,0.0000,0,stuck_too_long
1644,101,-519.62,0.00,10.10,0.0000,0.0000,0,stuck_too_long
1645,101,-519.17,0.00,10.10,0.0000,0.0000,0,stuck_too_long
1646,101,-519.38,0.00,10.10,0.0000,0.0000,0,stuck_too_long
1647,101,-518.93,0.00,10.10,0.0000,0.0000,0,stuck_too_long
1648,101,-518.83,0.00,10.10,0.0000,0.0000,0,stuck_too_long
1649,101,-518.54,0.00,10.10,0.0000,0.0000,0,stuck_too_long
1650,101,-519.71,0.00,10.10,0.0000,0.0000,0,stuck_too_long
1476,101,-518.93,0.00,10.10,0.0000,0.0000,0,stuck_too_long
1477,101,-520.08,0.00,10.10,0.0000,0.0000,0,stuck_too_long
1478,101,-519.34,0.00,10.10,0.0000,0.0000,0,stuck_too_long
1479,101,-519.66,0.00,10.10,0.0000,0.0000,0,stuck_too_long
1480,101,-519.23,0.00,10.10,0.0000,0.0000,0,stuck_too_long
1481,101,-518.68,0.00,10.10,0.0000,0.0000,0,stuck_too_long
1482,101,-519.27,0.00,10.10,0.0000,0.0000,0,stuck_too_long
1483,101,-518.61,0.00,10.10,0.0000,0.0000,0,stuck_too_long
1484,101,-519.58,0.00,10.10,0.0000,0.0000,0,stuck_too_long
1485,101,-519.10,0.00,10.10,0.0000,0.0000,0,stuck_too_long
1486,101,-519.55,0.00,10.10,0.0000,0.0000,0,stuck_too_long
1487,101,-520.14,0.00,10.10,0.0000,0.0000,0,stuck_too_long
1488,101,-519.82,0.00,10.10,0.0000,0.0000,0,stuck_too_long
1489,101,-519.20,0.00,10.10,0.0000,0.0000,0,stuck_too_long
1490,101,-518.61,0.00,10.10,0.0000,0.0000,0,stuck_too_long
1491,101,-519.62,0.00,10.10,0.0000,0.0000,0,stuck_too_long
1492,101,-519.07,0.00,10.10,0.0000,0.0000,0,stuck_too_long
1493,101,-519.07,0.00,10.10,0.0000,0.0000,0,stuck_too_long
1494,101,-519.77,0.00,10.10,0.0000,0.0000,0,stuck_too_long
1495,101,-518.69,0.00,10.10,0.0000,0.0000,0,stuck_too_long
1651,101,-519.22,0.00,10.10,0.0000,0.0000,0,stuck_too_long
1652,101,-518.89,0.00,10.10,0.0000,0.0000,0,stuck_too_long
1653,101,-519.04,0.00,10.10,0.0000,0.0000,0,stuck_too_long
1654,101,-518.78,0.00,10.10,0.0000,0.0000,0,stuck_too_long
1655,101,-518.69,0.00,10.10,0.0000,0.0000,0,stuck_too_long
1656,101,-519.39,0.00,10.10,0.0000,0.0000,0,stuck_too_long
1657,101,-519.76,0.00,10.10,0.0000,0.0000,0,stuck_too_long
1658,101,-519.48,0.00,10.10,0.0000,0.0000,0,stuck_too_long
1659,101,-519.01,0.00,10.10,0.0000,0.0000,0,stuck_too_long
1660,101,-519.09,0.00,10.10,0.0000,0.0000,0,stuck_too_long
1496,101,-519.87,0.00,10.10,0.0000,0.0000,0,stuck_too_long
1497,101,-519.81,0.00,10.10,0.0000,0.0000,0,stuck_too_long
1498,101,-519.04,0.00,10.10,0.0000,0.0000,0,stuck_too_long
1499,101,-519.08,0.00,10.10,0.0000,0.0000,0,stuck_too_long
1500,101,-520.03,0.00,10.10,0.0000,0.0000,0,stuck_too_long
1501,101,-518.79,0.00,10.10,0.0000,0.0000,0,stuck_too_long
1502,101,-519.18,0.00,10.10,0.0000,0.0000,0,stuck_too_long
1503,101,-519.83,0.00,10.10,0.0000,0.0000,0,stuck_too_long
1504,101,-519.12,0.00,10.10,0.0000,0.0000,0,stuck_too_long
1505,101,-519.80,0.00,10.10,0.0000,0.0000,0,stuck_too_long
1506,101,-519.20,0.00,10.10,0.0000,0.0000,0,stuck_too_long
1507,101,-518.34,0.00,10.10,0.0000,0.0000,0,stuck_too_long
1508,101,-518.93,0.00,10.10,0.0000,0.0000,0,stuck_too_long
1509,101,-519.40,0.00,10.10,0.0000,0.0000,0,stuck_too_long
1510,101,-520.60,0.00,10.10,0.0000,0.0000,0,stuck_too_long
1511,101,-519.23,0.00,10.10,0.0000,0.0000,0,stuck_too_long
1512,101,-519.70,0.00,10.10,0.0000,0.0000,0,stuck_too_long
1513,101,-519.05,0.00,10.10,0.0000,0.0000,0,stuck_too_long
1514,101,-519.07,0.00,10.10,0.0000,0.0000,0,stuck_too_long
1515,101,-519.91,0.00,10.10,0.0000,0.0000,0,stuck_too_long
1661,101,-519.29,0.00,10.10,0.0000,0.0000,0,stuck_too_long
1662,101,-519.95,0.00,10.10,0.0000,0.0000,0,stuck_too_long
1663,101,-520.01,0.00,10.10,0.0000,0.0000,0,stuck_too_long
1664,101,-520.28,0.00,10.10,0.0000,0.0000,0,stuck_too_long
1665,101,-520.12,0.00,10.10,0.0000,0.0000,0,stuck_too_long
1666,101,-520.24,0.00,10.10,0.0000,0.0000,0,stuck_too_long
1667,101,-518.76,0.00,10.10,0.0000,0.0000,0,stuck_too_long
1668,101,-520.16,0.00,10.10,0.0000,0.0000,0,stuck_too_long
1669,101,-518.94,0.00,10.10,0.0000,0.0000,0,stuck_too_long
1670,101,-519.18,0.00,10.10,0.0000,0.0000,0,stuck_too_long
1516,101,-519.98,0.00,10.10,0.0000,0.0000,0,stuck_too_long
1517,101,-519.36,0.00,10.10,0.0000,0.0000,0,stuck_too_long
1518,101,-519.59,0.00,10.10,0.0000,0.0000,0,stuck_too_long
1519,101,-519.05,0.00,10.10,0.0000,0.0000,0,stuck_too_long
1520,101,-520.12,0.00,10.10,0.0000,0.0000,0,stuck_too_long
1521,101,-520.35,0.00,10.10,0.0000,0.0000,0,stuck_too_long
1522,101,-519.25,0.00,10.10,0.0000,0.0000,0,stuck_too_long
1523,101,-518.83,0.00,10.10,0.0000,0.0000,0,stuck_too_long
1524,101,-519.46,0.00,10.10,0.0000,0.0000,0,stuck_too_long
1525,101,-520.53,0.00,10.10,0.0000,0.0000,0,stuck_too_long
1526,101,-519.75,0.00,10.10,0.0000,0.0000,0,stuck_too_long
1527,101,-519.55,0.00,10.10,0.0000,0.0000,0,stuck_too_long
1528,101,-518.97,0.00,10.10,0.0000,0.0000,0,stuck_too_long
1529,101,-519.19,0.00,10.10,0.0000,0.0000,0,stuck_too_long
1530,101,-519.26,0.00,10.10,0.0000,0.0000,0,stuck_too_long
1531,101,-519.88,0.00,10.10,0.0000,0.0000,0,stuck_too_long
1532,101,-518.80,0.00,10.10,0.0000,0.0000,0,stuck_too_long
1533,101,-518.47,0.00,10.10,0.0000,0.0000,0,stuck_too_long
1534,101,-518.46,0.00,10.10,0.0000,0.0000,0,stuck_too_long
1535,101,-519.37,0.00,10.10,0.0000,0.0000,0,stuck_too_long
1536,101,-519.66,0.00,10.10,0.0000,0.0000,0,stuck_too_long
1671,101,-519.52,0.00,10.10,0.0000,0.0000,0,stuck_too_long
1672,101,-519.37,0.00,10.10,0.0000,0.0000,0,stuck_too_long
1673,101,-519.03,0.00,10.10,0.0000,0.0000,0,stuck_too_long
1674,101,-520.01,0.00,10.10,0.0000,0.0000,0,stuck_too_long
1675,101,-519.24,0.00,10.10,0.0000,0.0000,0,stuck_too_long
1676,101,-519.15,0.00,10.10,0.0000,0.0000,0,stuck_too_long
1677,101,-519.67,0.00,10.10,0.0000,0.0000,0,stuck_too_long
1678,101,-520.52,0.00,10.10,0.0000,0.0000,0,stuck_too_long
1679,101,-520.24,0.00,10.10,0.0000,0.0000,0,stuck_too_long
1680,101,-519.65,0.00,10.10,0.0000,0.0000,0,stuck_too_long
1537,101,-518.99,0.00,10.10,0.0000,0.0000,0,stuck_too_long
1538,101,-519.87,0.00,10.10,0.0000,0.0000,0,stuck_too_long
1539,101,-519.18,0.00,10.10,0.0000,0.0000,0,stuck_too_long
1540,101,-519.64,0.00,10.10,0.0000,0.0000,0,stuck_too_long
1541,101,-519.84,0.00,10.10,0.0000,0.0000,0,stuck_too_long
1542,101,-519.55,0.00,10.10,0.0000,0.0000,0,stuck_too_long
1543,101,-519.84,0.00,10.10,0.0000,0.0000,0,stuck_too_long
1544,101,-518.76,0.00,10.10,0.0000,0.0000,0,stuck_too_long
1545,101,-519.27,0.00,10.10,0.0000,0.0000,0,stuck_too_long
1546,101,-518.40,0.00,10.10,0.0000,0.0000,0,stuck_too_long
1547,101,-519.36,0.00,10.10,0.0000,0.0000,0,stuck_too_long
1548,101,-518.95,0.00,10.10,0.0000,0.0000,0,stuck_too_long
1549,101,-519.02,0.00,10.10,0.0000,0.0000,0,stuck_too_long
1550,101,-519.39,0.00,10.10,0.0000,0.0000,0,stuck_too_long
1551,101,-519.89,0.00,10.10,0.0000,0.0000,0,stuck_too_long
1552,101,-520.58,0.00,10.10,0.0000,0.0000,0,stuck_too_long
1553,101,-518.24,0.00,10.10,0.0000,0.0000,0,stuck_too_long
1554,101,-520.00,0.00,10.10,0.0000,0.0000,0,stuck_too_long
1555,101,-520.41,0.00,10.10,0.0000,0.0000,0,stuck_too_long
1556,101,-519.27,0.00,10.10,0.0000,0.0000,0,stuck_too_long
1681,101,-520.90,0.00,10.10,0.0000,0.0000,0,stuck_too_long
1682,101,-519.69,0.00,10.10,0.0000,0.0000,0,stuck_too_long
1683,101,-519.67,0.00,10.10,0.0000,0.0000,0,stuck_too_long
1684,101,-519.38,0.00,10.10,0.0000,0.0000,0,stuck_too_long
1685,101,-520.23,0.00,10.10,0.0000,0.0000,0,stuck_too_long
1686,101,-520.62,0.00,10.10,0.0000,0.0000,0,stuck_too_long
1687,101,-520.16,0.00,10.10,0.0000,0.0000,0,stuck_too_long
1688,101,-520.17,0.00,10.10,0.0000,0.0000,0,stuck_too_long
1689,101,-519.91,0.00,10.10,0.0000,0.0000,0,stuck_too_long
1690,101,-519.53,0.00,10.10,0.0000,0.0000,0,stuck_too_long
1557,101,-519.40,0.00,10.10,0.0000,0.0000,0,stuck_too_long
1558,101,-519.21,0.00,10.10,0.0000,0.0000,0,stuck_too_long
1559,101,-519.45,0.00,10.10,0.0000,0.0000,0,stuck_too_long
1560,101,-519.26,0.00,10.10,0.0000,0.0000,0,stuck_too_long
1561,101,-519.85,0.00,10.10,0.0000,0.0000,0,stuck_too_long
1562,101,-520.30,0.00,10.10,0.0000,0.0000,0,stuck_too_long
1563,101,-519.60,0.00,10.10,0.0000,0.0000,0,stuck_too_long
1564,101,-519.13,0.00,10.10,0.0000,0.0000,0,stuck_too_long
1565,101,-518.81,0.00,10.10,0.0000,0.0000,0,stuck_too_long
1566,101,-520.23,0.00,10.10,0.0000,0.0000,0,stuck_too_long
1567,101,-519.55,0.00,10.10,0.0000,0.0000,0,stuck_too_long
1568,101,-519.69,0.00,10.10,0.0000,0.0000,0,stuck_too_long
1569,101,-519.44,0.00,10.10,0.0000,0.0000,0,stuck_too_long
1570,101,-520.71,0.00,10.10,0.0000,0.0000,0,stuck_too_long
1571,101,-519.12,0.00,10.10,0.0000,0.0000,0,stuck_too_long
1572,101,-519.79,0.00,10.10,0.0000,0.0000,0,stuck_too_long
1573,101,-519.15,0.00,10.10,0.0000,0.0000,0,stuck_too_long
1574,101,-518.65,0.00,10.10,0.0000,0.0000,0,stuck_too_long
1575,101,-519.30,0.00,10.10,0.0000,0.0000,0,stuck_too_long
1576,101,-519.71,0.00,10.10,0.0000,0.0000,0,stuck_too_long
1691,101,-519.51,0.00,10.10,0.0000,0.0000,0,stuck_too_long
1692,101,-519.82,0.00,10.10,0.0000,0.0000,0,stuck_too_long
1693,101,-520.69,0.00,10.10,0.0000,0.0000,0,stuck_too_long
1694,101,-520.00,0.00,10.10,0.0000,0.0000,0,stuck_too_long
1695,101,-519.73,0.00,10.10,0.0000,0.0000,0,stuck_too_long
1696,101,-519.66,0.00,10.10,0.0000,0.0000,0,stuck_too_long
1697,101,-520.42,0.00,10.10,0.0000,0.0000,0,stuck_too_long
1698,101,-519.80,0.00,10.10,0.0000,0.0000,0,stuck_too_long
1699,101,-520.11,0.00,10.10,0.0000,0.0000,0,stuck_too_long
1700,101,-519.41,0.00,10.10,0.0000,0.0000,0,stuck_too_long
1577,101,-519.25,0.00,10.10,0.0000,0.0000,0,stuck_too_long
1578,101,-519.07,0.00,10.10,0.0000,0.0000,0,stuck_too_long
1579,101,-520.05,0.00,10.10,0.0000,0.0000,0,stuck_too_long
1580,101,-519.75,0.00,10.10,0.0000,0.0000,0,stuck_too_long
1581,101,-519.20,0.00,10.10,0.0000,0.0000,0,stuck_too_long
1582,101,-518.88,0.00,10.10,0.0000,0.0000,0,stuck_too_long
1583,101,-518.71,0.00,10.10,0.0000,0.0000,0,stuck_too_long
1584,101,-519.82,0.00,10.10,0.0000,0.0000,0,stuck_too_long
1585,101,-518.39,0.00,10.10,0.0000,0.0000,0,stuck_too_long
1586,101,-519.52,0.00,10.10,0.0000,0.0000,0,stuck_too_long
1587,101,-520.21,0.00,10.10,0.0000,0.0000,0,stuck_too_long
1588,101,-519.67,0.00,10.10,0.0000,0.0000,0,stuck_too_long
1589,101,-519.31,0.00,10.10,0.0000,0.0000,0,stuck_too_long
1590,101,-519.45,0.00,10.10,0.0000,0.0000,0,stuck_too_long
1591,101,-519.20,0.00,10.10,0.0000,0.0000,0,stuck_too_long
1592,101,-518.15,0.00,10.10,0.0000,0.0000,0,stuck_too_long
1593,101,-519.46,0.00,10.10,0.0000,0.0000,0,stuck_too_long
1594,101,-519.87,0.00,10.10,0.0000,0.0000,0,stuck_too_long
1595,101,-519.08,0.00,10.10,0.0000,0.0000,0,stuck_too_long
1596,101,-520.00,0.00,10.10,0.0000,0.0000,0,stuck_too_long
1701,101,-519.31,0.00,10.10,0.0000,0.0000,0,stuck_too_long
1702,101,-519.92,0.00,10.10,0.0000,0.0000,0,stuck_too_long
1703,101,-519.79,0.00,10.10,0.0000,0.0000,0,stuck_too_long
1704,101,-519.74,0.00,10.10,0.0000,0.0000,0,stuck_too_long
1705,101,-519.59,0.00,10.10,0.0000,0.0000,0,stuck_too_long
1706,101,-519.49,0.00,10.10,0.0000,0.0000,0,stuck_too_long
1707,101,-519.56,0.00,10.10,0.0000,0.0000,0,stuck_too_long
1708,101,-519.67,0.00,10.10,0.0000,0.0000,0,stuck_too_long
1709,101,-519.47,0.00,10.10,0.0000,0.0000,0,stuck_too_long
1710,101,-518.73,0.00,10.10,0.0000,0.0000,0,stuck_too_long
1597,101,-518.52,0.00,10.10,0.0000,0.0000,0,stuck_too_long
1598,101,-519.13,0.00,10.10,0.0000,0.0000,0,stuck_too_long
1599,101,-519.84,0.00,10.10,0.0000,0.0000,0,stuck_too_long
1600,101,-519.03,0.00,10.10,0.0000,0.0000,0,stuck_too_long
1601,101,-520.28,0.00,10.10,0.0000,0.0000,0,stuck_too_long
1602,101,-519.41,0.00,10.10,0.0000,0.0000,0,stuck_too_long
1603,101,-520.76,0.00,10.10,0.0000,0.0000,0,stuck_too_long
1604,101,-520.11,0.00,10.10,0.0000,0.0000,0,stuck_too_long
1605,101,-519.77,0.00,10.10,0.0000,0.0000,0,stuck_too_long
1606,101,-519.90,0.00,10.10,0.0000,0.0000,0,stuck_too_long
1607,101,-520.21,0.00,10.10,0.0000,0.0000,0,stuck_too_long
1608,101,-519.67,0.00,10.10,0.0000,0.0000,0,stuck_too_long
1609,101,-520.35,0.00,10.10,0.0000,0.0000,0,stuck_too_long
1610,101,-520.32,0.00,10.10,0.0000,0.0000,0,stuck_too_long
1611,101,-518.81,0.00,10.10,0.0000,0.0000,0,stuck_too_long
1612,101,-519.52,0.00,10.10,0.0000,0.0000,0,stuck_too_long
1613,101,-520.94,0.00,10.10,0.0000,0.0000,0,stuck_too_long
1614,101,-518.78,0.00,10.10,0.0000,0.0000,0,stuck_too_long
1615,101,-519.56,0.00,10.10,0.0000,0.0000,0,stuck_too_long
1616,101,-520.69,0.00,10.10,0.0000,0.0000,0,stuck_too_long
1617,101,-519.22,0.00,10.10,0.0000,0.0000,0,stuck_too_long
1711,101,-519.02,0.00,10.10,0.0000,0.0000,0,stuck_too_long
1712,101,-519.68,0.00,10.10,0.0000,0.0000,0,stuck_too_long
1713,101,-519.62,0.00,10.10,0.0000,0.0000,0,stuck_too_long
1714,101,-519.60,0.00,10.10,0.0000,0.0000,0,stuck_too_long
1715,101,-519.59,0.00,10.10,0.0000,0.0000,0,stuck_too_long
1716,101,-518.77,0.00,10.10,0.0000,0.0000,0,stuck_too_long
1717,101,-518.83,0.00,10.10,0.0000,0.0000,0,stuck_too_long
1718,101,-519.33,0.00,10.10,0.0000,0.0000,0,stuck_too_long
1719,101,-519.22,0.00,10.10,0.0000,0.0000,0,stuck_too_long
1720,101,-519.34,0.00,10.10,0.0000,0.0000,0,stuck_too_long
1618,101,-519.19,0.00,10.10,0.0000,0.0000,0,stuck_too_long
1619,101,-519.05,0.00,10.10,0.0000,0.0000,0,stuck_too_long
1620,101,-519.62,0.00,10.10,0.0000,0.0000,0,stuck_too_long
1621,101,-520.31,0.00,10.10,0.0000,0.0000,0,stuck_too_long
1622,101,-519.00,0.00,10.10,0.0000,0.0000,0,stuck_too_long
1623,101,-519.55,0.00,10.10,0.0000,0.0000,0,stuck_too_long
1624,101,-520.21,0.00,10.10,0.0000,0.0000,0,stuck_too_long
1625,101,-520.16,0.00,10.10,0.0000,0.0000,0,stuck_too_long
1626,101,-519.11,0.00,10.10,0.0000,0.0000,0,stuck_too_long
1627,101,-519.57,0.00,10.10,0.0000,0.0000,0,stuck_too_long
1628,101,-519.79,0.00,10.10,0.0000,0.0000,0,stuck_too_long
1629,101,-519.73,0.00,10.10,0.0000,0.0000,0,stuck_too_long
1630,101,-520.14,0.00,10.10,0.0000,0.0000,0,stuck_too_long
1631,101,-519.18,0.00,10.10,0.0000,0.0000,0,stuck_too_long
1632,101,-519.41,0.00,10.10,0.0000,0.0000,0,stuck_too_long
1633,101,-518.56,0.00,10.10,0.0000,0.0000,0,stuck_too_long
1634,101,-519.56,0.00,10.10,0.0000,0.0000,0,stuck_too_long
1635,101,-519.16,0.00,10.10,0.0000,0.0000,0,stuck_too_long
1636,101,-519.32,0.00,10.10,0.0000,0.0000,0,stuck_too_long
1637,101,-519.68,0.00,10.10,0.0000,0.0000,0,stuck_too_long
1721,101,-519.33,0.00,10.10,0.0000,0.0000,0,stuck_too_long
1722,101,-520.63,0.00,10.10,0.0000,0.0000,0,stuck_too_long
1723,101,-519.77,0.00,10.10,0.0000,0.0000,0,stuck_too_long
1724,101,-520.75,0.00,10.10,0.0000,0.0000,0,stuck_too_long
1725,101,-519.46,0.00,10.10,0.0000,0.0000,0,stuck_too_long
1726,101,-519.88,0.00,10.10,0.0000,0.0000,0,stuck_too_long
1727,101,-521.38,0.00,10.10,0.0000,0.0000,0,stuck_too_long
1728,101,-519.66,0.00,10.10,0.0000,0.0000,0,stuck_too_long
1729,101,-519.44,0.00,10.10,0.0000,0.0000,0,stuck_too_long
1730,101,-519.53,0.00,10.10,0.0000,0.0000,0,stuck_too_long
1638,101,-520.82,0.00,10.10,0.0000,0.0000,0,stuck_too_long
1639,101,-520.27,0.00,10.10,0.0000,0.0000,0,stuck_too_long
1640,101,-519.24,0.00,10.10,0.0000,0.0000,0,stuck_too_long
1641,101,-519.18,0.00,10.10,0.0000,0.0000,0,stuck_too_long
1642,101,-519.24,0.00,10.10,0.0000,0.0000,0,stuck_too_long
1643,101,-519.38,0.00,10.10,0.0000,0.0000,0,stuck_too_long
1644,101,-519.38,0.00,10.10,0.0000,0.0000,0,stuck_too_long
1645,101,-519.31,0.00,10.10,0.0000,0.0000,0,stuck_too_long
1646,101,-519.66,0.00,10.10,0.0000,0.0000,0,stuck_too_long
1647,101,-519.66,0.00,10.10,0.0000,0.0000,0,stuck_too_long
1648,101,-520.06,0.00,10.10,0.0000,0.0000,0,stuck_too_long
1649,101,-518.69,0.00,10.10,0.0000,0.0000,0,stuck_too_long
1650,101,-520.46,0.00,10.10,0.0000,0.0000,0,stuck_too_long
1651,101,-519.54,0.00,10.10,0.0000,0.0000,0,stuck_too_long
1652,101,-520.25,0.00,10.10,0.0000,0.0000,0,stuck_too_long
1653,101,-519.39,0.00,10.10,0.0000,0.0000,0,stuck_too_long
1654,101,-519.26,0.00,10.10,0.0000,0.0000,0,stuck_too_long
1655,101,-519.92,0.00,10.10,0.0000,0.0000,0,stuck_too_long
1656,101,-519.10,0.00,10.10,0.0000,0.0000,0,stuck_too_long
1657,101,-519.65,0.00,10.10,0.0000,0.0000,0,stuck_too_long
1731,101,-520.15,0.00,10.10,0.0000,0.0000,0,stuck_too_long
1732,101,-520.43,0.00,10.10,0.0000,0.0000,0,stuck_too_long
1733,101,-519.23,0.00,10.10,0.0000,0.0000,0,stuck_too_long
1734,101,-519.05,0.00,10.10,0.0000,0.0000,0,stuck_too_long
1735,101,-520.65,0.00,10.10,0.0000,0.0000,0,stuck_too_long
1736,101,-519.66,0.00,10.10,0.0000,0.0000,0,stuck_too_long
1737,101,-519.76,0.00,10.10,0.0000,0.0000,0,stuck_too_long
1738,101,-520.60,0.00,10.10,0.0000,0.0000,0,stuck_too_long
1739,101,-519.63,0.00,10.10,0.0000,0.0000,0,stuck_too_long
1740,101,-519.12,0.00,10.10,0.0000,0.0000,0,stuck_too_long
1658,101,-519.75,0.00,10.10,0.0000,0.0000,0,stuck_too_long
1659,101,-520.02,0.00,10.10,0.0000,0.0000,0,stuck_too_long
1660,101,-519.69,0.00,10.10,0.0000,0.0000,0,stuck_too_long
1661,101,-520.30,0.00,10.10,0.0000,0.0000,0,stuck_too_long
1662,101,-519.18,0.00,10.10,0.0000,0.0000,0,stuck_too_long
1663,101,-520.09,0.00,10.10,0.0000,0.0000,0,stuck_too_long
1664,101,-519.24,0.00,10.10,0.0000,0.0000,0,stuck_too_long
1665,101,-518.91,0.00,10.10,0.0000,0.0000,0,stuck_too_long
1666,101,-520.02,0.00,10.10,0.0000,0.0000,0,stuck_too_long
1667,101,-520.30,0.00,10.10,0.0000,0.0000,0,stuck_too_long
1668,101,-520.10,0.00,10.10,0.0000,0.0000,0,stuck_too_long
1669,101,-519.43,0.00,10.10,0.0000,0.0000,0,stuck_too_long
1670,101,-520.72,0.00,10.10,0.0000,0.0000,0,stuck_too_long
1671,101,-519.45,0.00,10.10,0.0000,0.0000,0,stuck_too_long
1672,101,-518.90,0.00,10.10,0.0000,0.0000,0,stuck_too_long
1673,101,-519.31,0.00,10.10,0.0000,0.0000,0,stuck_too_long
1674,101,-519.34,0.00,10.10,0.0000,0.0000,0,stuck_too_long
1675,101,-519.80,0.00,10.10,0.0000,0.0000,0,stuck_too_long
1676,101,-519.37,0.00,10.10,0.0000,0.0000,0,stuck_too_long
1677,101,-520.03,0.00,10.10,0.0000,0.0000,0,stuck_too_long
1741,101,-519.19,0.00,10.10,0.0000,0.0000,0,stuck_too_long
1742,101,-520.14,0.00,10.10,0.0000,0.0000,0,stuck_too_long
1743,101,-519.83,0.00,10.10,0.0000,0.0000,0,stuck_too_long
1744,101,-520.02,0.00,10.10,0.0000,0.0000,0,stuck_too_long
1745,101,-519.85,0.00,10.10,0.0000,0.0000,0,stuck_too_long
1746,101,-520.10,0.00,10.10,0.0000,0.0000,0,stuck_too_long
1747,101,-519.86,0.00,10.10,0.0000,0.0000,0,stuck_too_long
1748,101,-520.17,0.00,10.10,0.0000,0.0000,0,stuck_too_long
1749,101,-520.40,0.00,10.10,0.0000,0.0000,0,stuck_too_long
1750,101,-519.87,0.00,10.10,0.0000,0.0000,0,stuck_too_long
1678,101,-520.04,0.00,10.10,0.0000,0.0000,0,stuck_too_long
1679,101,-519.75,0.00,10.10,0.0000,0.0000,0,stuck_too_long
1680,101,-520.90,0.00,10.10,0.0000,0.0000,0,stuck_too_long
1681,101,-518.99,0.00,10.10,0.0000,0.0000,0,stuck_too_long
1682,101,-519.49,0.00,10.10,0.0000,0.0000,0,stuck_too_long
1683,101,-520.16,0.00,10.10,0.0000,0.0000,0,stuck_too_long
1684,101,-519.48,0.00,10.10,0.0000,0.0000,0,stuck_too_long
1685,101,-519.48,0.00,10.10,0.0000,0.0000,0,stuck_too_long
1686,101,-520.29,0.00,10.10,0.0000,0.0000,0,stuck_too_long
1687,101,-520.45,0.00,10.10,0.0000,0.0000,0,stuck_too_long
1688,101,-518.96,0.00,10.10,0.0000,0.0000,0,stuck_too_long
1689,101,-519.89,0.00,10.10,0.0000,0.0000,0,stuck_too_long
1690,101,-519.54,0.00,10.10,0.0000,0.0000,0,stuck_too_long
1691,101,-519.93,0.00,10.10,0.0000,0.0000,0,stuck_too_long
1692,101,-520.27,0.00,10.10,0.0000,0.0000,0,stuck_too_long
1693,101,-520.56,0.00,10.10,0.0000,0.0000,0,stuck_too_long
1694,101,-519.69,0.00,10.10,0.0000,0.0000,0,stuck_too_long
1695,101,-519.76,0.00,10.10,0.0000,0.0000,0,stuck_too_long
1696,101,-520.00,0.00,10.10,0.0000,0.0000,0,stuck_too_long
1697,101,-519.61,0.00,10.10,0.0000,0.0000,0,stuck_too_long
1698,101,-519.71,0.00,10.10,0.0000,0.0000,0,stuck_too_long
1751,101,-519.81,0.00,10.10,0.0000,0.0000,0,stuck_too_long
1752,101,-519.15,0.00,10.10,0.0000,0.0000,0,stuck_too_long
1753,101,-519.49,0.00,10.10,0.0000,0.0000,0,stuck_too_long
1754,101,-519.11,0.00,10.10,0.0000,0.0000,0,stuck_too_long
1755,101,-520.06,0.00,10.10,0.0000,0.0000,0,stuck_too_long
1756,101,-519.49,0.00,10.10,0.0000,0.0000,0,stuck_too_long
1757,101,-519.86,0.00,10.10,0.0000,0.0000,0,stuck_too_long
1758,101,-519.46,0.00,10.10,0.0000,0.0000,0,stuck_too_long
1759,101,-518.82,0.00,10.10,0.0000,0.0000,0,stuck_too_long
1760,101,-519.99,0.00,10.10,0.0000,0.0000,0,stuck_too_long
1699,101,-519.85,0.00,10.10,0.0000,0.0000,0,stuck_too_long
1700,101,-519.77,0.00,10.10,0.0000,0.0000,0,stuck_too_long
1701,101,-519.77,0.00,10.10,0.0000,0.0000,0,stuck_too_long
1702,101,-519.51,0.00,10.10,0.0000,0.0000,0,stuck_too_long
1703,101,-519.83,0.00,10.10,0.0000,0.0000,0,stuck_too_long
1704,101,-520.65,0.00,10.10,0.0000,0.0000,0,stuck_too_long
1705,101,-519.60,0.00,10.10,0.0000,0.0000,0,stuck_too_long
1706,101,-518.87,0.00,10.10,0.0000,0.0000,0,stuck_too_long
1707,101,-519.00,0.00,10.10,0.0000,0.0000,0,stuck_too_long
1708,101,-519.36,0.00,10.10,0.0000,0.0000,0,stuck_too_long
1709,101,-520.35,0.00,10.10,0.0000,0.0000,0,stuck_too_long
1710,101,-520.45,0.00,10.10,0.0000,0.0000,0,stuck_too_long
1711,101,-520.82,0.00,10.10,0.0000,0.0000,0,stuck_too_long
1712,101,-519.81,0.00,10.10,0.0000,0.0000,0,stuck_too_long
1713,101,-519.88,0.00,10.10,0.0000,0.0000,0,stuck_too_long
1714,101,-519.44,0.00,10.10,0.0000,0.0000,0,stuck_too_long
1715,101,-519.99,0.00,10.10,0.0000,0.0000,0,stuck_too_long
1716,101,-519.94,0.00,10.10,0.0000,0.0000,0,stuck_too_long
1717,101,-520.44,0.00,10.10,0.0000,0.0000,0,stuck_too_long
1718,101,-520.43,0.00,10.10,0.0000,0.0000,0,stuck_too_long
1761,101,-520.03,0.00,10.10,0.0000,0.0000,0,stuck_too_long
1762,101,-520.34,0.00,10.10,0.0000,0.0000,0,stuck_too_long
1763,101,-519.63,0.00,10.10,0.0000,0.0000,0,stuck_too_long
1764,101,-519.41,0.00,10.10,0.0000,0.0000,0,stuck_too_long
1765,101,-519.78,0.00,10.10,0.0000,0.0000,0,stuck_too_long
1766,101,-519.67,0.00,10.10,0.0000,0.0000,0,stuck_too_long
1767,101,-520.22,0.00,10.10,0.0000,0.0000,0,stuck_too_long
1768,101,-520.91,0.00,10.10,0.0000,0.0000,0,stuck_too_long
1769,101,-519.59,0.00,10.10,0.0000,0.0000,0,stuck_too_long
1770,101,-519.35,0.00,10.10,0.0000,0.0000,0,stuck_too_long
1719,101,-520.19,0.00,10.10,0.0000,0.0000,0,stuck_too_long
1720,101,-518.86,0.00,10.10,0.0000,0.0000,0,stuck_too_long
1721,101,-519.28,0.00,10.10,0.0000,0.0000,0,stuck_too_long
1722,101,-519.90,0.00,10.10,0.0000,0.0000,0,stuck_too_long
1723,101,-519.80,0.00,10.10,0.0000,0.0000,0,stuck_too_long
1724,101,-519.98,0.00,10.10,0.0000,0.0000,0,stuck_too_long
1725,101,-519.81,0.00,10.10,0.0000,0.0000,0,stuck_too_long
1726,101,-520.36,0.00,10.10,0.0000,0.0000,0,stuck_too_long
1727,101,-519.46,0.00,10.10,0.0000,0.0000,0,stuck_too_long
1728,101,-519.35,0.00,10.10,0.0000,0.0000,0,stuck_too_long
1729,101,-519.77,0.00,10.10,0.0000,0.0000,0,stuck_too_long
1730,101,-520.93,0.00,10.10,0.0000,0.0000,0,stuck_too_long
1731,101,-521.21,0.00,10.10,0.0000,0.0000,0,stuck_too_long
1732,101,-520.72,0.00,10.10,0.0000,0.0000,0,stuck_too_long
1733,101,-518.57,0.00,10.10,0.0000,0.0000,0,stuck_too_long
1734,101,-520.47,0.00,10.10,0.0000,0.0000,0,stuck_too_long
1735,101,-518.77,0.00,10.10,0.0000,0.0000,0,stuck_too_long
1736,101,-519.79,0.00,10.10,0.0000,0.0000,0,stuck_too_long
1737,101,-519.76,0.00,10.10,0.0000,0.0000,0,stuck_too_long
1738,101,-518.93,0.00,10.10,0.0000,0.0000,0,stuck_too_long
1771,101,-521.00,0.00,10.10,0.0000,0.0000,0,stuck_too_long
1772,101,-519.38,0.00,10.10,0.0000,0.0000,0,stuck_too_long
1773,101,-519.19,0.00,10.10,0.0000,0.0000,0,stuck_too_long
1774,101,-520.58,0.00,10.10,0.0000,0.0000,0,stuck_too_long
1775,101,-518.62,0.00,10.10,0.0000,0.0000,0,stuck_too_long
1776,101,-519.36,0.00,10.10,0.0000,0.0000,0,stuck_too_long
1777,101,-519.22,0.00,10.10,0.0000,0.0000,0,stuck_too_long
1778,101,-518.79,0.00,10.10,0.0000,0.0000,0,stuck_too_long
1779,101,-518.66,0.00,10.10,0.0000,0.0000,0,stuck_too_long
1780,101,-519.77,0.00,10.10,0.0000,0.0000,0,stuck_too_long
1739,101,-519.36,0.00,10.10,0.0000,0.0000,0,stuck_too_long
1740,101,-520.40,0.00,10.10,0.0000,0.0000,0,stuck_too_long
1741,101,-519.47,0.00,10.10,0.0000,0.0000,0,stuck_too_long
1742,101,-519.91,0.00,10.10,0.0000,0.0000,0,stuck_too_long
1743,101,-518.95,0.00,10.10,0.0000,0.0000,0,stuck_too_long
1744,101,-519.07,0.00,10.10,0.0000,0.0000,0,stuck_too_long
1745,101,-520.90,0.00,10.10,0.0000,0.0000,0,stuck_too_long
1746,101,-519.29,0.00,10.10,0.0000,0.0000,0,stuck_too_long
1747,101,-520.44,0.00,10.10,0.0000,0.0000,0,stuck_too_long
1748,101,-519.53,0.00,10.10,0.0000,0.0000,0,stuck_too_long
1749,101,-519.11,0.00,10.10,0.0000,0.0000,0,stuck_too_long
1750,101,-519.31,0.00,10.10,0.0000,0.0000,0,stuck_too_long
1751,101,-519.72,0.00,10.10,0.0000,0.0000,0,stuck_too_long
1752,101,-520.01,0.00,10.10,0.0000,0.0000,0,stuck_too_long
1753,101,-519.23,0.00,10.10,0.0000,0.0000,0,stuck_too_long
1754,101,-520.50,0.00,10.10,0.0000,0.0000,0,stuck_too_long
1755,101,-518.99,0.00,10.10,0.0000,0.0000,0,stuck_too_long
1756,101,-519.63,0.00,10.10,0.0000,0.0000,0,stuck_too_long
1757,101,-519.66,0.00,10.10,0.0000,0.0000,0,stuck_too_long
1758,101,-520.35,0.00,10.10,0.0000,0.0000,0,stuck_too_long
1759,101,-520.02,0.00,10.10,0.0000,0.0000,0,stuck_too_long
1781,101,-519.58,0.00,10.10,0.0000,0.0000,0,stuck_too_long
1782,101,-520.64,0.00,10.10,0.0000,0.0000,0,stuck_too_long
1783,101,-520.63,0.00,10.10,0.0000,0.0000,0,stuck_too_long
1784,101,-519.86,0.00,10.10,0.0000,0.0000,0,stuck_too_long
1785,101,-519.52,0.00,10.10,0.0000,0.0000,0,stuck_too_long
1786,101,-520.00,0.00,10.10,0.0000,0.0000,0,stuck_too_long
1787,101,-519.39,0.00,10.10,0.0000,0.0000,0,stuck_too_long
1788,101,-520.44,0.00,10.10,0.0000,0.0000,0,stuck_too_long
1789,101,-519.86,0.00,10.10,0.0000,0.0000,0,stuck_too_long
1790,101,-520.57,0.00,10.10,0.0000,0.0000,0,stuck_too_long
1760,101,-519.04,0.00,10.10,0.0000,0.0000,0,stuck_too_long
1761,101,-520.25,0.00,10.10,0.0000,0.0000,0,stuck_too_long
1762,101,-521.06,0.00,10.10,0.0000,0.0000,0,stuck_too_long
1763,101,-519.93,0.00,10.10,0.0000,0.0000,0,stuck_too_long
1764,101,-519.69,0.00,10.10,0.0000,0.0000,0,stuck_too_long
1765,101,-519.80,0.00,10.10,0.0000,0.0000,0,stuck_too_long
1766,101,-519.67,0.00,10.10,0.0000,0.0000,0,stuck_too_long
1767,101,-518.77,0.00,10.10,0.0000,0.0000,0,stuck_too_long
1768,101,-520.07,0.00,10.10,0.0000,0.0000,0,stuck_too_long
1769,101,-519.70,0.00,10.10,0.0000,0.0000,0,stuck_too_long
1770,101,-519.53,0.00,10.10,0.0000,0.0000,0,stuck_too_long
1771,101,-519.58,0.00,10.10,0.0000,0.0000,0,stuck_too_long
1772,101,-519.67,0.00,10.10,0.0000,0.0000,0,stuck_too_long
1773,101,-519.80,0.00,10.10,0.0000,0.0000,0,stuck_too_long
1774,101,-519.25,0.00,10.10,0.0000,0.0000,0,stuck_too_long
1775,101,-519.57,0.00,10.10,0.0000,0.0000,0,stuck_too_long
1776,101,-520.58,0.00,10.10,0.0000,0.0000,0,stuck_too_long
1777,101,-519.84,0.00,10.10,0.0000,0.0000,0,stuck_too_long
1778,101,-519.48,0.00,10.10,0.0000,0.0000,0,stuck_too_long
1779,101,-519.11,0.00,10.10,0.0000,0.0000,0,stuck_too_long
1791,101,-520.33,0.00,10.10,0.0000,0.0000,0,stuck_too_long
1792,101,-520.31,0.00,10.10,0.0000,0.0000,0,stuck_too_long
1793,101,-520.05,0.00,10.10,0.0000,0.0000,0,stuck_too_long
1794,101,-519.89,0.00,10.10,0.0000,0.0000,0,stuck_too_long
1795,101,-519.87,0.00,10.10,0.0000,0.0000,0,stuck_too_long
1796,101,-519.54,0.00,10.10,0.0000,0.0000,0,stuck_too_long
1797,101,-519.82,0.00,10.10,0.0000,0.0000,0,stuck_too_long
1798,101,-519.83,0.00,10.10,0.0000,0.0000,0,stuck_too_long
1799,101,-519.99,0.00,10.10,0.0000,0.0000,0,stuck_too_long
1800,101,-520.13,0.00,10.10,0.0000,0.0000,0,stuck_too_long
1780,101,-519.65,0.00,10.10,0.0000,0.0000,0,stuck_too_long
1781,101,-520.02,0.00,10.10,0.0000,0.0000,0,stuck_too_long
1782,101,-519.23,0.00,10.10,0.0000,0.0000,0,stuck_too_long
1783,101,-520.04,0.00,10.10,0.0000,0.0000,0,stuck_too_long
1784,101,-520.37,0.00,10.10,0.0000,0.0000,0,stuck_too_long
1785,101,-520.17,0.00,10.10,0.0000,0.0000,0,stuck_too_long
1786,101,-519.74,0.00,10.10,0.0000,0.0000,0,stuck_too_long
1787,101,-520.53,0.00,10.10,0.0000,0.0000,0,stuck_too_long
1788,101,-520.35,0.00,10.10,0.0000,0.0000,0,stuck_too_long
1789,101,-520.66,0.00,10.10,0.0000,0.0000,0,stuck_too_long
1790,101,-519.42,0.00,10.10,0.0000,0.0000,0,stuck_too_long
1791,101,-519.62,0.00,10.10,0.0000,0.0000,0,stuck_too_long
1792,101,-519.41,0.00,10.10,0.0000,0.0000,0,stuck_too_long
1793,101,-520.43,0.00,10.10,0.0000,0.0000,0,stuck_too_long
1794,101,-520.52,0.00,10.10,0.0000,0.0000,0,stuck_too_long
1795,101,-519.37,0.00,10.10,0.0000,0.0000,0,stuck_too_long
1796,101,-519.66,0.00,10.10,0.0000,0.0000,0,stuck_too_long
1797,101,-519.80,0.00,10.10,0.0000,0.0000,0,stuck_too_long
1798,101,-519.62,0.00,10.10,0.0000,0.0000,0,stuck_too_long
1799,101,-518.93,0.00,10.10,0.0000,0.0000,0,stuck_too_long
1801,101,-519.94,0.00,10.10,0.0000,0.0000,0,stuck_too_long
1802,101,-520.25,0.00,10.10,0.0000,0.0000,0,stuck_too_long
1803,101,-519.91,0.00,10.10,0.0000,0.0000,0,stuck_too_long
1804,101,-519.69,0.00,10.10,0.0000,0.0000,0,stuck_too_long
1805,101,-519.78,0.00,10.10,0.0000,0.0000,0,stuck_too_long
1806,101,-520.44,0.00,10.10,0.0000,0.0000,0,stuck_too_long
1807,101,-520.35,0.00,10.10,0.0000,0.0000,0,stuck_too_long
1808,101,-520.00,0.00,10.10,0.0000,0.0000,0,stuck_too_long
1809,101,-520.70,0.00,10.10,0.0000,0.0000,0,stuck_too_long
1810,101,-520.27,0.00,10.10,0.0000,0.0000,0,stuck_too_long
1800,101,-519.95,0.00,10.10,0.0000,0.0000,0,stuck_too_long
1801,101,-519.81,0.00,10.10,0.0000,0.0000,0,stuck_too_long
1802,101,-520.33,0.00,10.10,0.0000,0.0000,0,stuck_too_long
1803,101,-519.83,0.00,10.10,0.0000,0.0000,0,stuck_too_long
1804,101,-521.31,0.00,10.10,0.0000,0.0000,0,stuck_too_long
1805,101,-520.02,0.00,10.10,0.0000,0.0000,0,stuck_too_long
1806,101,-519.76,0.00,10.10,0.0000,0.0000,0,stuck_too_long
1807,101,-519.96,0.00,10.10,0.0000,0.0000,0,stuck_too_long
1808,101,-519.18,0.00,10.10,0.0000,0.0000,0,stuck_too_long
1809,101,-519.50,0.00,10.10,0.0000,0.0000,0,stuck_too_long
1810,101,-519.42,0.00,10.10,0.0000,0.0000,0,stuck_too_long
1811,101,-519.71,0.00,10.10,0.0000,0.0000,0,stuck_too_long
1812,101,-520.67,0.00,10.10,0.0000,0.0000,0,stuck_too_long
1813,101,-518.95,0.00,10.10,0.0000,0.0000,0,stuck_too_long
1814,101,-519.35,0.00,10.10,0.0000,0.0000,0,stuck_too_long
1815,101,-519.53,0.00,10.10,0.0000,0.0000,0,stuck_too_long
1816,101,-519.51,0.00,10.10,0.0000,0.0000,0,stuck_too_long
1817,101,-520.70,0.00,10.10,0.0000,0.0000,0,stuck_too_long
1818,101,-518.58,0.00,10.10,0.0000,0.0000,0,stuck_too_long
1819,101,-519.59,0.00,10.10,0.0000,0.0000,0,stuck_too_long
1811,101,-519.88,0.00,10.10,0.0000,0.0000,0,stuck_too_long
1812,101,-519.67,0.00,10.10,0.0000,0.0000,0,stuck_too_long
1813,101,-520.58,0.00,10.10,0.0000,0.0000,0,stuck_too_long
1814,101,-520.16,0.00,10.10,0.0000,0.0000,0,stuck_too_long
1815,101,-519.70,0.00,10.10,0.0000,0.0000,0,stuck_too_long
1816,101,-520.48,0.00,10.10,0.0000,0.0000,0,stuck_too_long
1817,101,-519.42,0.00,10.10,0.0000,0.0000,0,stuck_too_long
1818,101,-520.38,0.00,10.10,0.0000,0.0000,0,stuck_too_long
1819,101,-519.97,0.00,10.10,0.0000,0.0000,0,stuck_too_long
1820,101,-518.36,0.00,10.10,0.0000,0.0000,0,stuck_too_long
1820,101,-520.18,0.00,10.10,0.0000,0.0000,0,stuck_too_long
1821,101,-519.90,0.00,10.10,0.0000,0.0000,0,stuck_too_long
1822,101,-520.49,0.00,10.10,0.0000,0.0000,0,stuck_too_long
1823,101,-520.32,0.00,10.10,0.0000,0.0000,0,stuck_too_long
1824,101,-519.98,0.00,10.10,0.0000,0.0000,0,stuck_too_long
1825,101,-520.83,0.00,10.10,0.0000,0.0000,0,stuck_too_long
1826,101,-518.78,0.00,10.10,0.0000,0.0000,0,stuck_too_long
1827,101,-520.97,0.00,10.10,0.0000,0.0000,0,stuck_too_long
1828,101,-519.59,0.00,10.10,0.0000,0.0000,0,stuck_too_long
1829,101,-520.37,0.00,10.10,0.0000,0.0000,0,stuck_too_long
1830,101,-520.27,0.00,10.10,0.0000,0.0000,0,stuck_too_long
1831,101,-519.68,0.00,10.10,0.0000,0.0000,0,stuck_too_long
1832,101,-519.38,0.00,10.10,0.0000,0.0000,0,stuck_too_long
1833,101,-521.24,0.00,10.10,0.0000,0.0000,0,stuck_too_long
1834,101,-519.59,0.00,10.10,0.0000,0.0000,0,stuck_too_long
1835,101,-520.35,0.00,10.10,0.0000,0.0000,0,stuck_too_long
1836,101,-520.09,0.00,10.10,0.0000,0.0000,0,stuck_too_long
1837,101,-519.69,0.00,10.10,0.0000,0.0000,0,stuck_too_long
1838,101,-520.66,0.00,10.10,0.0000,0.0000,0,stuck_too_long
1839,101,-521.18,0.00,10.10,0.0000,0.0000,0,stuck_too_long
1840,101,-520.32,0.00,10.10,0.0000,0.0000,0,stuck_too_long
1821,101,-521.61,0.00,10.10,0.0000,0.0000,0,stuck_too_long
1822,101,-519.35,0.00,10.10,0.0000,0.0000,0,stuck_too_long
1823,101,-519.86,0.00,10.10,0.0000,0.0000,0,stuck_too_long
1824,101,-521.16,0.00,10.10,0.0000,0.0000,0,stuck_too_long
1825,101,-519.80,0.00,10.10,0.0000,0.0000,0,stuck_too_long
1826,101,-519.29,0.00,10.10,0.0000,0.0000,0,stuck_too_long
1827,101,-521.31,0.00,10.10,0.0000,0.0000,0,stuck_too_long
1828,101,-520.96,0.00,10.10,0.0000,0.0000,0,stuck_too_long
1829,101,-519.79,0.00,10.10,0.0000,0.0000,0,stuck_too_long
1830,101,-519.69,0.00,10.10,0.0000,0.0000,0,stuck_too_long
1841,101,-520.26,0.00,10.10,0.0000,0.0000,0,stuck_too_long
1842,101,-520.72,0.00,10.10,0.0000,0.0000,0,stuck_too_long
1843,101,-520.10,0.00,10.10,0.0000,0.0000,0,stuck_too_long
1844,101,-520.32,0.00,10.10,0.0000,0.0000,0,stuck_too_long
1845,101,-520.59,0.00,10.10,0.0000,0.0000,0,stuck_too_long
1846,101,-519.83,0.00,10.10,0.0000,0.0000,0,stuck_too_long
1847,101,-521.00,0.00,10.10,0.0000,0.0000,0,stuck_too_long
1848,101,-521.41,0.00,10.10,0.0000,0.0000,0,stuck_too_long
1849,101,-520.16,0.00,10.10,0.0000,0.0000,0,stuck_too_long
1850,101,-520.75,0.00,10.10,0.0000,0.0000,0,stuck_too_long
1851,101,-520.25,0.00,10.10,0.0000,0.0000,0,stuck_too_long
1852,101,-519.51,0.00,10.10,0.0000,0.0000,0,stuck_too_long
1853,101,-519.43,0.00,10.10,0.0000,0.0000,0,stuck_too_long
1854,101,-520.43,0.00,10.10,0.0000,0.0000,0,stuck_too_long
1855,101,-519.28,0.00,10.10,0.0000,0.0000,0,stuck_too_long
1856,101,-519.99,0.00,10.10,0.0000,0.0000,0,stuck_too_long
1857,101,-519.87,0.00,10.10,0.0000,0.0000,0,stuck_too_long
1858,101,-520.19,0.00,10.10,0.0000,0.0000,0,stuck_too_long
1859,101,-519.94,0.00,10.10,0.0000,0.0000,0,stuck_too_long
1860,101,-520.08,0.00,10.10,0.0000,0.0000,0,stuck_too_long
1831,101,-520.55,0.00,10.10,0.0000,0.0000,0,stuck_too_long
1832,101,-520.63,0.00,10.10,0.0000,0.0000,0,stuck_too_long
1833,101,-519.99,0.00,10.10,0.0000,0.0000,0,stuck_too_long
1834,101,-520.05,0.00,10.10,0.0000,0.0000,0,stuck_too_long
1835,101,-520.72,0.00,10.10,0.0000,0.0000,0,stuck_too_long
1836,101,-519.74,0.00,10.10,0.0000,0.0000,0,stuck_too_long
1837,101,-521.54,0.00,10.10,0.0000,0.0000,0,stuck_too_long
1838,101,-521.14,0.00,10.10,0.0000,0.0000,0,stuck_too_long
1839,101,-520.86,0.00,10.10,0.0000,0.0000,0,stuck_too_long
1840,101,-521.24,0.00,10.10,0.0000,0.0000,0,stuck_too_long
1861,101,-520.87,0.00,10.10,0.0000,0.0000,0,stuck_too_long
1862,101,-520.49,0.00,10.10,0.0000,0.0000,0,stuck_too_long
1863,101,-520.34,0.00,10.10,0.0000,0.0000,0,stuck_too_long
1864,101,-520.56,0.00,10.10,0.0000,0.0000,0,stuck_too_long
1865,101,-520.31,0.00,10.10,0.0000,0.0000,0,stuck_too_long
1866,101,-521.43,0.00,10.10,0.0000,0.0000,0,stuck_too_long
1867,101,-521.13,0.00,10.10,0.0000,0.0000,0,stuck_too_long
1868,101,-520.62,0.00,10.10,0.0000,0.0000,0,stuck_too_long
1869,101,-520.07,0.00,10.10,0.0000,0.0000,0,stuck_too_long
1870,101,-519.85,0.00,10.10,0.0000,0.0000,0,stuck_too_long
1871,101,-520.45,0.00,10.10,0.0000,0.0000,0,stuck_too_long
1872,101,-520.98,0.00,10.10,0.0000,0.0000,0,stuck_too_long
1873,101,-520.16,0.00,10.10,0.0000,0.0000,0,stuck_too_long
1874,101,-521.51,0.00,10.10,0.0000,0.0000,0,stuck_too_long
1875,101,-521.17,0.00,10.10,0.0000,0.0000,0,stuck_too_long
1876,101,-520.24,0.00,10.10,0.0000,0.0000,0,stuck_too_long
1877,101,-521.09,0.00,10.10,0.0000,0.0000,0,stuck_too_long
1878,101,-520.35,0.00,10.10,0.0000,0.0000,0,stuck_too_long
1879,101,-520.63,0.00,10.10,0.0000,0.0000,0,stuck_too_long
1880,101,-519.81,0.00,10.10,0.0000,0.0000,0,stuck_too_long
1841,101,-521.19,0.00,10.10,0.0000,0.0000,0,stuck_too_long
1842,101,-519.92,0.00,10.10,0.0000,0.0000,0,stuck_too_long
1843,101,-520.13,0.00,10.10,0.0000,0.0000,0,stuck_too_long
1844,101,-520.55,0.00,10.10,0.0000,0.0000,0,stuck_too_long
1845,101,-520.68,0.00,10.10,0.0000,0.0000,0,stuck_too_long
1846,101,-518.75,0.00,10.10,0.0000,0.0000,0,stuck_too_long
1847,101,-520.50,0.00,10.10,0.0000,0.0000,0,stuck_too_long
1848,101,-520.39,0.00,10.10,0.0000,0.0000,0,stuck_too_long
1849,101,-519.88,0.00,10.10,0.0000,0.0000,0,stuck_too_long
1850,101,-519.92,0.00,10.10,0.0000,0.0000,0,stuck_too_long
1881,101,-520.26,0.00,10.10,0.0000,0.0000,0,stuck_too_long
1882,101,-520.23,0.00,10.10,0.0000,0.0000,0,stuck_too_long
1883,101,-519.97,0.00,10.10,0.0000,0.0000,0,stuck_too_long
1884,101,-520.95,0.00,10.10,0.0000,0.0000,0,stuck_too_long
1885,101,-520.55,0.00,10.10,0.0000,0.0000,0,stuck_too_long
1886,101,-520.18,0.00,10.10,0.0000,0.0000,0,stuck_too_long
1887,101,-520.61,0.00,10.10,0.0000,0.0000,0,stuck_too_long
1888,101,-519.95,0.00,10.10,0.0000,0.0000,0,stuck_too_long
1889,101,-519.61,0.00,10.10,0.0000,0.0000,0,stuck_too_long
1890,101,-519.44,0.00,10.10,0.0000,0.0000,0,stuck_too_long
1891,101,-520.36,0.00,10.10,0.0000,0.0000,0,stuck_too_long
1892,101,-520.62,0.00,10.10,0.0000,0.0000,0,stuck_too_long
1893,101,-519.49,0.00,10.10,0.0000,0.0000,0,stuck_too_long
1894,101,-520.62,0.00,10.10,0.0000,0.0000,0,stuck_too_long
1895,101,-520.20,0.00,10.10,0.0000,0.0000,0,stuck_too_long
1896,101,-520.32,0.00,10.10,0.0000,0.0000,0,stuck_too_long
1897,101,-520.09,0.00,10.10,0.0000,0.0000,0,stuck_too_long
1898,101,-520.53,0.00,10.10,0.0000,0.0000,0,stuck_too_long
1899,101,-521.16,0.00,10.10,0.0000,0.0000,0,stuck_too_long
1900,101,-519.64,0.00,10.10,0.0000,0.0000,0,stuck_too_long
1901,101,-520.37,0.00,10.10,0.0000,0.0000,0,stuck_too_long
1851,101,-522.14,0.00,10.10,0.0000,0.0000,0,stuck_too_long
1852,101,-521.06,0.00,10.10,0.0000,0.0000,0,stuck_too_long
1853,101,-521.29,0.00,10.10,0.0000,0.0000,0,stuck_too_long
1854,101,-520.52,0.00,10.10,0.0000,0.0000,0,stuck_too_long
1855,101,-519.71,0.00,10.10,0.0000,0.0000,0,stuck_too_long
1856,101,-520.75,0.00,10.10,0.0000,0.0000,0,stuck_too_long
1857,101,-521.10,0.00,10.10,0.0000,0.0000,0,stuck_too_long
1858,101,-519.31,0.00,10.10,0.0000,0.0000,0,stuck_too_long
1859,101,-520.50,0.00,10.10,0.0000,0.0000,0,stuck_too_long
1860,101,-520.95,0.00,10.10,0.0000,0.0000,0,stuck_too_long
1902,101,-521.25,0.00,10.10,0.0000,0.0000,0,stuck_too_long
1903,101,-520.22,0.00,10.10,0.0000,0.0000,0,stuck_too_long
1904,101,-520.66,0.00,10.10,0.0000,0.0000,0,stuck_too_long
1905,101,-520.12,0.00,10.10,0.0000,0.0000,0,stuck_too_long
1906,101,-519.70,0.00,10.10,0.0000,0.0000,0,stuck_too_long
1907,101,-521.57,0.00,10.10,0.0000,0.0000,0,stuck_too_long
1908,101,-520.54,0.00,10.10,0.0000,0.0000,0,stuck_too_long
1909,101,-520.94,0.00,10.10,0.0000,0.0000,0,stuck_too_long
1910,101,-521.09,0.00,10.10,0.0000,0.0000,0,stuck_too_long
1911,101,-520.10,0.00,10.10,0.0000,0.0000,0,stuck_too_long
1912,101,-519.95,0.00,10.10,0.0000,0.0000,0,stuck_too_long
1913,101,-520.20,0.00,10.10,0.0000,0.0000,0,stuck_too_long
1914,101,-521.06,0.00,10.10,0.0000,0.0000,0,stuck_too_long
1915,101,-520.69,0.00,10.10,0.0000,0.0000,0,stuck_too_long
1916,101,-521.08,0.00,10.10,0.0000,0.0000,0,stuck_too_long
1917,101,-520.88,0.00,10.10,0.0000,0.0000,0,stuck_too_long
1918,101,-521.04,0.00,10.10,0.0000,0.0000,0,stuck_too_long
1919,101,-520.07,0.00,10.10,0.0000,0.0000,0,stuck_too_long
1920,101,-520.08,0.00,10.10,0.0000,0.0000,0,stuck_too_long
1921,101,-520.84,0.00,10.10,0.0000,0.0000,0,stuck_too_long
1861,101,-521.01,0.00,10.10,0.0000,0.0000,0,stuck_too_long
1862,101,-519.87,0.00,10.10,0.0000,0.0000,0,stuck_too_long
1863,101,-520.27,0.00,10.10,0.0000,0.0000,0,stuck_too_long
1864,101,-520.54,0.00,10.10,0.0000,0.0000,0,stuck_too_long
1865,101,-521.65,0.00,10.10,0.0000,0.0000,0,stuck_too_long
1866,101,-521.07,0.00,10.10,0.0000,0.0000,0,stuck_too_long
1867,101,-520.78,0.00,10.10,0.0000,0.0000,0,stuck_too_long
1868,101,-520.76,0.00,10.10,0.0000,0.0000,0,stuck_too_long
1869,101,-520.14,0.00,10.10,0.0000,0.0000,0,stuck_too_long
1870,101,-520.67,0.00,10.10,0.0000,0.0000,0,stuck_too_long
1922,101,-520.88,0.00,10.10,0.0000,0.0000,0,stuck_too_long
1923,101,-520.94,0.00,10.10,0.0000,0.0000,0,stuck_too_long
1924,101,-520.55,0.00,10.10,0.0000,0.0000,0,stuck_too_long
1925,101,-520.14,0.00,10.10,0.0000,0.0000,0,stuck_too_long
1926,101,-521.92,0.00,10.10,0.0000,0.0000,0,stuck_too_long
1927,101,-519.70,0.00,10.10,0.0000,0.0000,0,stuck_too_long
1928,101,-521.20,0.00,10.10,0.0000,0.0000,0,stuck_too_long
1929,101,-519.79,0.00,10.10,0.0000,0.0000,0,stuck_too_long
1930,101,-520.88,0.00,10.10,0.0000,0.0000,0,stuck_too_long
1931,101,-520.44,0.00,10.10,0.0000,0.0000,0,stuck_too_long
1932,101,-520.73,0.00,10.10,0.0000,0.0000,0,stuck_too_long
1933,101,-520.91,0.00,10.10,0.0000,0.0000,0,stuck_too_long
1934,101,-520.34,0.00,10.10,0.0000,0.0000,0,stuck_too_long
1935,101,-520.54,0.00,10.10,0.0000,0.0000,0,stuck_too_long
1936,101,-521.22,0.00,10.10,0.0000,0.0000,0,stuck_too_long
1937,101,-520.61,0.00,10.10,0.0000,0.0000,0,stuck_too_long
1938,101,-519.96,0.00,10.10,0.0000,0.0000,0,stuck_too_long
1939,101,-520.44,0.00,10.10,0.0000,0.0000,0,stuck_too_long
1940,101,-521.00,0.00,10.10,0.0000,0.0000,0,stuck_too_long
1941,101,-519.76,0.00,10.10,0.0000,0.0000,0,stuck_too_long
1871,101,-520.10,0.00,10.10,0.0000,0.0000,0,stuck_too_long
1872,101,-521.12,0.00,10.10,0.0000,0.0000,0,stuck_too_long
1873,101,-521.29,0.00,10.10,0.0000,0.0000,0,stuck_too_long
1874,101,-519.56,0.00,10.10,0.0000,0.0000,0,stuck_too_long
1875,101,-520.79,0.00,10.10,0.0000,0.0000,0,stuck_too_long
1876,101,-519.72,0.00,10.10,0.0000,0.0000,0,stuck_too_long
1877,101,-520.27,0.00,10.10,0.0000,0.0000,0,stuck_too_long
1878,101,-519.89,0.00,10.10,0.0000,0.0000,0,stuck_too_long
1879,101,-520.97,0.00,10.10,0.0000,0.0000,0,stuck_too_long
1880,101,-519.67,0.00,10.10,0.0000,0.0000,0,stuck_too_long
1942,101,-520.82,0.00,10.10,0.0000,0.0000,0,stuck_too_long
1943,101,-520.85,0.00,10.10,0.0000,0.0000,0,stuck_too_long
1944,101,-520.48,0.00,10.10,0.0000,0.0000,0,stuck_too_long
1945,101,-519.99,0.00,10.10,0.0000,0.0000,0,stuck_too_long
1946,101,-520.22,0.00,10.10,0.0000,0.0000,0,stuck_too_long
1947,101,-521.26,0.00,10.10,0.0000,0.0000,0,stuck_too_long
1948,101,-520.00,0.00,10.10,0.0000,0.0000,0,stuck_too_long
1949,101,-520.18,0.00,10.10,0.0000,0.0000,0,stuck_too_long
1950,101,-519.46,0.00,10.10,0.0000,0.0000,0,stuck_too_long
1951,101,-520.05,0.00,10.10,0.0000,0.0000,0,stuck_too_long
1952,101,-520.44,0.00,10.10,0.0000,0.0000,0,stuck_too_long
1953,101,-520.29,0.00,10.10,0.0000,0.0000,0,stuck_too_long
1954,101,-520.66,0.00,10.10,0.0000,0.0000,0,stuck_too_long
1955,101,-519.85,0.00,10.10,0.0000,0.0000,0,stuck_too_long
1956,101,-519.98,0.00,10.10,0.0000,0.0000,0,stuck_too_long
1957,101,-519.77,0.00,10.10,0.0000,0.0000,0,stuck_too_long
1958,101,-520.55,0.00,10.10,0.0000,0.0000,0,stuck_too_long
1959,101,-521.15,0.00,10.10,0.0000,0.0000,0,stuck_too_long
1960,101,-520.26,0.00,10.10,0.0000,0.0000,0,stuck_too_long
1961,101,-520.41,0.00,10.10,0.0000,0.0000,0,stuck_too_long
1881,101,-519.82,0.00,10.10,0.0000,0.0000,0,stuck_too_long
1882,101,-520.20,0.00,10.10,0.0000,0.0000,0,stuck_too_long
1883,101,-520.13,0.00,10.10,0.0000,0.0000,0,stuck_too_long
1884,101,-519.75,0.00,10.10,0.0000,0.0000,0,stuck_too_long
1885,101,-520.33,0.00,10.10,0.0000,0.0000,0,stuck_too_long
1886,101,-520.74,0.00,10.10,0.0000,0.0000,0,stuck_too_long
1887,101,-520.38,0.00,10.10,0.0000,0.0000,0,stuck_too_long
1888,101,-520.96,0.00,10.10,0.0000,0.0000,0,stuck_too_long
1889,101,-521.18,0.00,10.10,0.0000,0.0000,0,stuck_too_long
1890,101,-520.02,0.00,10.10,0.0000,0.0000,0,stuck_too_long
1962,101,-519.75,0.00,10.10,0.0000,0.0000,0,stuck_too_long
1963,101,-521.01,0.00,10.10,0.0000,0.0000,0,stuck_too_long
1964,101,-521.80,0.00,10.10,0.0000,0.0000,0,stuck_too_long
1965,101,-520.24,0.00,10.10,0.0000,0.0000,0,stuck_too_long
1966,101,-520.81,0.00,10.10,0.0000,0.0000,0,stuck_too_long
1967,101,-521.25,0.00,10.10,0.0000,0.0000,0,stuck_too_long
1968,101,-521.21,0.00,10.10,0.0000,0.0000,0,stuck_too_long
1969,101,-520.43,0.00,10.10,0.0000,0.0000,0,stuck_too_long
1970,101,-521.03,0.00,10.10,0.0000,0.0000,0,stuck_too_long
1971,101,-519.74,0.00,10.10,0.0000,0.0000,0,stuck_too_long
1972,101,-519.82,0.00,10.10,0.0000,0.0000,0,stuck_too_long
1973,101,-520.07,0.00,10.10,0.0000,0.0000,0,stuck_too_long
1974,101,-519.43,0.00,10.10,0.0000,0.0000,0,stuck_too_long
1975,101,-520.61,0.00,10.10,0.0000,0.0000,0,stuck_too_long
1976,101,-519.89,0.00,10.10,0.0000,0.0000,0,stuck_too_long
1977,101,-520.34,0.00,10.10,0.0000,0.0000,0,stuck_too_long
1978,101,-520.27,0.00,10.10,0.0000,0.0000,0,stuck_too_long
1979,101,-520.79,0.00,10.10,0.0000,0.0000,0,stuck_too_long
1980,101,-519.77,0.00,10.10,0.0000,0.0000,0,stuck_too_long
1981,101,-520.82,0.00,10.10,0.0000,0.0000,0,stuck_too_long
1982,101,-521.10,0.00,10.10,0.0000,0.0000,0,stuck_too_long
1891,143,-567.97,0.03,14.43,0.0000,0.0000,0,stuck_too_long
1892,101,-519.64,0.01,10.13,0.0000,0.0000,0,stuck_too_long
1893,101,-520.94,0.00,10.10,0.0000,0.0000,0,stuck_too_long
1894,312,-768.46,0.03,29.56,0.0000,0.0000,0,stuck_too_long
1895,156,-583.94,0.01,15.66,0.0000,0.0000,0,stuck_too_long
1896,232,-675.30,0.01,23.88,0.0000,0.0000,0,stuck_too_long
1897,172,-601.21,0.02,18.35,0.0000,0.0000,0,stuck_too_long
1898,109,-529.11,0.01,11.47,0.0000,0.0000,0,stuck_too_long
1899,146,-573.17,0.01,14.72,0.0000,0.0000,0,stuck_too_long
1900,134,-558.37,0.04,11.24,0.0000,0.0000,0,stuck_too_long
1983,406,-876.58,0.02,39.92,0.0000,0.0000,0,stuck_too_long
1984,179,-610.54,0.01,18.49,0.0000,0.0000,0,stuck_too_long
1985,238,-682.39,0.02,22.24,0.0000,0.0000,0,stuck_too_long
1986,182,-616.91,0.01,18.29,0.0000,0.0000,0,stuck_too_long
1987,153,-579.97,0.03,14.95,0.0000,0.0000,0,stuck_too_long
1988,404,-876.46,0.02,40.89,0.0000,0.0000,0,stuck_too_long
1989,166,-597.99,0.01,16.84,0.0000,0.0000,0,stuck_too_long
1901,1000,-1128.49,0.06,104.53,0.0000,0.0000,0,timeout
1902,133,-556.57,0.03,12.32,0.0000,0.0000,0,stuck_too_long
1903,393,-855.16,0.05,39.15,0.0000,0.0000,0,stuck_too_long
1904,461,-939.16,0.03,50.57,0.0000,0.0000,0,stuck_too_long
1905,156,-585.39,0.01,15.69,0.0000,0.0000,0,stuck_too_long
1906,383,-847.19,0.04,40.62,0.0000,0.0000,0,stuck_too_long
1907,273,-720.00,0.04,23.99,0.0000,0.0000,0,stuck_too_long
1908,524,-1001.92,0.06,45.82,0.0000,0.0000,0,stuck_too_long
1909,148,-576.33,0.02,15.69,0.0000,0.0000,0,stuck_too_long
1910,262,-703.91,0.05,28.66,0.0000,0.0000,0,stuck_too_long
1990,1000,-1146.96,0.05,96.96,0.0000,0.0000,0,timeout
1991,906,-1446.97,0.04,92.13,0.0000,0.0000,0,stuck_too_long
1992,159,-587.44,0.03,17.68,0.0000,0.0000,0,stuck_too_long
1911,101,-519.97,0.00,10.10,0.0000,0.0000,0,stuck_too_long
1912,101,-520.70,0.00,10.10,0.0000,0.0000,0,stuck_too_long
1913,101,-521.63,0.00,10.10,0.0000,0.0000,0,stuck_too_long
1914,101,-521.22,0.00,10.10,0.0000,0.0000,0,stuck_too_long
1915,101,-521.31,0.00,10.10,0.0000,0.0000,0,stuck_too_long
1916,101,-520.51,0.00,10.10,0.0000,0.0000,0,stuck_too_long
1917,101,-521.20,0.00,10.10,0.0000,0.0000,0,stuck_too_long
1918,101,-520.82,0.00,10.10,0.0000,0.0000,0,stuck_too_long
1919,101,-520.00,0.00,10.10,0.0000,0.0000,0,stuck_too_long
1920,101,-522.02,0.00,10.10,0.0000,0.0000,0,stuck_too_long
1993,404,-868.19,0.07,36.13,0.0000,0.0000,0,stuck_too_long
1994,101,-521.30,0.00,10.10,0.0000,0.0000,0,stuck_too_long
1995,101,-520.76,0.00,10.10,0.0000,0.0000,0,stuck_too_long
1996,101,-519.79,0.00,10.10,0.0000,0.0000,0,stuck_too_long
1997,101,-521.93,0.00,10.10,0.0000,0.0000,0,stuck_too_long
1998,101,-520.13,0.00,10.10,0.0000,0.0000,0,stuck_too_long
1999,101,-521.31,0.00,10.10,0.0000,0.0000,0,stuck_too_long
2000,101,-521.28,0.00,10.10,0.0000,0.0000,0,stuck_too_long
2001,101,-520.05,0.00,10.10,0.0000,0.0000,0,stuck_too_long
2002,101,-520.91,0.00,10.10,0.0000,0.0000,0,stuck_too_long
2003,101,-520.95,0.00,10.10,0.0000,0.0000,0,stuck_too_long
2004,101,-521.18,0.00,10.10,0.0000,0.0000,0,stuck_too_long
2005,101,-521.02,0.00,10.10,0.0000,0.0000,0,stuck_too_long
2006,101,-521.15,0.00,10.10,0.0000,0.0000,0,stuck_too_long
2007,101,-521.42,0.00,10.10,0.0000,0.0000,0,stuck_too_long
2008,101,-520.58,0.00,10.10,0.0000,0.0000,0,stuck_too_long
2009,101,-520.52,0.00,10.10,0.0000,0.0000,0,stuck_too_long
2010,101,-520.81,0.00,10.10,0.0000,0.0000,0,stuck_too_long
2011,101,-521.28,0.00,10.10,0.0000,0.0000,0,stuck_too_long
2012,101,-521.29,0.00,10.10,0.0000,0.0000,0,stuck_too_long
1921,101,-521.15,0.00,10.10,0.0000,0.0000,0,stuck_too_long
1922,101,-520.98,0.00,10.10,0.0000,0.0000,0,stuck_too_long
1923,101,-520.05,0.00,10.10,0.0000,0.0000,0,stuck_too_long
1924,101,-520.09,0.00,10.10,0.0000,0.0000,0,stuck_too_long
1925,101,-521.13,0.00,10.10,0.0000,0.0000,0,stuck_too_long
1926,101,-520.96,0.00,10.10,0.0000,0.0000,0,stuck_too_long
1927,101,-521.47,0.00,10.10,0.0000,0.0000,0,stuck_too_long
1928,101,-520.83,0.00,10.10,0.0000,0.0000,0,stuck_too_long
1929,101,-522.91,0.00,10.10,0.0000,0.0000,0,stuck_too_long
1930,101,-519.77,0.00,10.10,0.0000,0.0000,0,stuck_too_long
2013,101,-520.78,0.00,10.10,0.0000,0.0000,0,stuck_too_long
2014,101,-521.60,0.00,10.10,0.0000,0.0000,0,stuck_too_long
2015,101,-521.30,0.00,10.10,0.0000,0.0000,0,stuck_too_long
2016,101,-520.66,0.00,10.10,0.0000,0.0000,0,stuck_too_long
2017,101,-520.85,0.00,10.10,0.0000,0.0000,0,stuck_too_long
2018,101,-521.29,0.00,10.10,0.0000,0.0000,0,stuck_too_long
2019,101,-520.28,0.00,10.10,0.0000,0.0000,0,stuck_too_long
2020,101,-521.76,0.00,10.10,0.0000,0.0000,0,stuck_too_long
2021,101,-520.61,0.00,10.10,0.0000,0.0000,0,stuck_too_long
2022,101,-521.34,0.00,10.10,0.0000,0.0000,0,stuck_too_long
2023,101,-520.55,0.00,10.10,0.0000,0.0000,0,stuck_too_long
2024,101,-520.69,0.00,10.10,0.0000,0.0000,0,stuck_too_long
2025,101,-519.59,0.00,10.10,0.0000,0.0000,0,stuck_too_long
2026,101,-521.78,0.00,10.10,0.0000,0.0000,0,stuck_too_long
2027,101,-521.30,0.00,10.10,0.0000,0.0000,0,stuck_too_long
2028,101,-520.74,0.00,10.10,0.0000,0.0000,0,stuck_too_long
2029,101,-520.98,0.00,10.10,0.0000,0.0000,0,stuck_too_long
2030,101,-522.07,0.00,10.10,0.0000,0.0000,0,stuck_too_long
2031,101,-519.98,0.00,10.10,0.0000,0.0000,0,stuck_too_long
2032,101,-520.67,0.00,10.10,0.0000,0.0000,0,stuck_too_long
1931,101,-522.61,0.00,10.10,0.0000,0.0000,0,stuck_too_long
1932,101,-520.74,0.00,10.10,0.0000,0.0000,0,stuck_too_long
1933,101,-519.94,0.00,10.10,0.0000,0.0000,0,stuck_too_long
1934,101,-521.93,0.00,10.10,0.0000,0.0000,0,stuck_too_long
1935,101,-520.05,0.00,10.10,0.0000,0.0000,0,stuck_too_long
1936,101,-520.14,0.00,10.10,0.0000,0.0000,0,stuck_too_long
1937,101,-521.20,0.00,10.10,0.0000,0.0000,0,stuck_too_long
1938,101,-520.77,0.00,10.10,0.0000,0.0000,0,stuck_too_long
1939,101,-519.74,0.00,10.10,0.0000,0.0000,0,stuck_too_long
1940,101,-521.31,0.00,10.10,0.0000,0.0000,0,stuck_too_long
2033,101,-521.62,0.00,10.10,0.0000,0.0000,0,stuck_too_long
2034,101,-520.24,0.00,10.10,0.0000,0.0000,0,stuck_too_long
2035,101,-520.98,0.00,10.10,0.0000,0.0000,0,stuck_too_long
2036,101,-520.97,0.00,10.10,0.0000,0.0000,0,stuck_too_long
2037,101,-520.64,0.00,10.10,0.0000,0.0000,0,stuck_too_long
2038,101,-521.33,0.00,10.10,0.0000,0.0000,0,stuck_too_long
2039,101,-520.68,0.00,10.10,0.0000,0.0000,0,stuck_too_long
2040,101,-521.25,0.00,10.10,0.0000,0.0000,0,stuck_too_long
2041,101,-520.32,0.00,10.10,0.0000,0.0000,0,stuck_too_long
2042,101,-520.90,0.00,10.10,0.0000,0.0000,0,stuck_too_long
2043,101,-521.08,0.00,10.10,0.0000,0.0000,0,stuck_too_long
2044,101,-520.61,0.00,10.10,0.0000,0.0000,0,stuck_too_long
2045,101,-521.03,0.00,10.10,0.0000,0.0000,0,stuck_too_long
2046,101,-521.32,0.00,10.10,0.0000,0.0000,0,stuck_too_long
2047,101,-521.40,0.00,10.10,0.0000,0.0000,0,stuck_too_long
2048,101,-521.83,0.00,10.10,0.0000,0.0000,0,stuck_too_long
2049,101,-520.58,0.00,10.10,0.0000,0.0000,0,stuck_too_long
2050,101,-519.92,0.00,10.10,0.0000,0.0000,0,stuck_too_long
2051,101,-520.12,0.00,10.10,0.0000,0.0000,0,stuck_too_long
2052,101,-520.80,0.00,10.10,0.0000,0.0000,0,stuck_too_long
1941,101,-521.97,0.00,10.10,0.0000,0.0000,0,stuck_too_long
1942,101,-521.74,0.00,10.10,0.0000,0.0000,0,stuck_too_long
1943,101,-520.41,0.00,10.10,0.0000,0.0000,0,stuck_too_long
1944,101,-522.05,0.00,10.10,0.0000,0.0000,0,stuck_too_long
1945,101,-520.50,0.00,10.10,0.0000,0.0000,0,stuck_too_long
1946,101,-520.74,0.00,10.10,0.0000,0.0000,0,stuck_too_long
1947,101,-521.04,0.00,10.10,0.0000,0.0000,0,stuck_too_long
1948,101,-520.13,0.00,10.10,0.0000,0.0000,0,stuck_too_long
1949,101,-521.14,0.00,10.10,0.0000,0.0000,0,stuck_too_long
1950,101,-521.71,0.00,10.10,0.0000,0.0000,0,stuck_too_long
2053,101,-521.18,0.00,10.10,0.0000,0.0000,0,stuck_too_long
2054,101,-521.28,0.00,10.10,0.0000,0.0000,0,stuck_too_long
2055,101,-521.25,0.00,10.10,0.0000,0.0000,0,stuck_too_long
2056,101,-520.73,0.00,10.10,0.0000,0.0000,0,stuck_too_long
2057,101,-519.84,0.00,10.10,0.0000,0.0000,0,stuck_too_long
2058,101,-520.31,0.00,10.10,0.0000,0.0000,0,stuck_too_long
2059,101,-520.32,0.00,10.10,0.0000,0.0000,0,stuck_too_long
2060,101,-520.76,0.00,10.10,0.0000,0.0000,0,stuck_too_long
2061,101,-520.12,0.00,10.10,0.0000,0.0000,0,stuck_too_long
2062,101,-520.87,0.00,10.10,0.0000,0.0000,0,stuck_too_long
2063,101,-520.42,0.00,10.10,0.0000,0.0000,0,stuck_too_long
2064,101,-521.18,0.00,10.10,0.0000,0.0000,0,stuck_too_long
2065,101,-522.07,0.00,10.10,0.0000,0.0000,0,stuck_too_long
2066,101,-520.05,0.00,10.10,0.0000,0.0000,0,stuck_too_long
2067,101,-520.64,0.00,10.10,0.0000,0.0000,0,stuck_too_long
2068,101,-521.49,0.00,10.10,0.0000,0.0000,0,stuck_too_long
2069,101,-520.62,0.00,10.10,0.0000,0.0000,0,stuck_too_long
2070,101,-519.91,0.00,10.10,0.0000,0.0000,0,stuck_too_long
2071,101,-520.63,0.00,10.10,0.0000,0.0000,0,stuck_too_long
2072,101,-522.06,0.00,10.10,0.0000,0.0000,0,stuck_too_long
2073,101,-521.22,0.00,10.10,0.0000,0.0000,0,stuck_too_long
1951,101,-521.34,0.00,10.10,0.0000,0.0000,0,stuck_too_long
1952,101,-521.55,0.00,10.10,0.0000,0.0000,0,stuck_too_long
1953,101,-520.28,0.00,10.10,0.0000,0.0000,0,stuck_too_long
1954,101,-521.19,0.00,10.10,0.0000,0.0000,0,stuck_too_long
1955,101,-521.23,0.00,10.10,0.0000,0.0000,0,stuck_too_long
1956,101,-520.38,0.00,10.10,0.0000,0.0000,0,stuck_too_long
1957,101,-520.89,0.00,10.10,0.0000,0.0000,0,stuck_too_long
1958,101,-522.08,0.00,10.10,0.0000,0.0000,0,stuck_too_long
1959,101,-521.66,0.00,10.10,0.0000,0.0000,0,stuck_too_long
1960,101,-521.42,0.00,10.10,0.0000,0.0000,0,stuck_too_long
2074,101,-520.14,0.00,10.10,0.0000,0.0000,0,stuck_too_long
2075,101,-520.36,0.00,10.10,0.0000,0.0000,0,stuck_too_long
2076,101,-520.66,0.00,10.10,0.0000,0.0000,0,stuck_too_long
2077,101,-521.79,0.00,10.10,0.0000,0.0000,0,stuck_too_long
2078,101,-520.48,0.00,10.10,0.0000,0.0000,0,stuck_too_long
2079,101,-520.67,0.00,10.10,0.0000,0.0000,0,stuck_too_long
2080,101,-520.05,0.00,10.10,0.0000,0.0000,0,stuck_too_long
2081,101,-521.01,0.00,10.10,0.0000,0.0000,0,stuck_too_long
2082,101,-521.20,0.00,10.10,0.0000,0.0000,0,stuck_too_long
2083,101,-520.87,0.00,10.10,0.0000,0.0000,0,stuck_too_long
2084,101,-519.80,0.00,10.10,0.0000,0.0000,0,stuck_too_long
2085,101,-520.75,0.00,10.10,0.0000,0.0000,0,stuck_too_long
2086,101,-521.04,0.00,10.10,0.0000,0.0000,0,stuck_too_long
2087,101,-521.40,0.00,10.10,0.0000,0.0000,0,stuck_too_long
2088,101,-520.97,0.00,10.10,0.0000,0.0000,0,stuck_too_long
2089,101,-521.70,0.00,10.10,0.0000,0.0000,0,stuck_too_long
2090,101,-521.05,0.00,10.10,0.0000,0.0000,0,stuck_too_long
2091,101,-519.86,0.00,10.10,0.0000,0.0000,0,stuck_too_long
2092,101,-521.53,0.00,10.10,0.0000,0.0000,0,stuck_too_long
2093,101,-521.06,0.00,10.10,0.0000,0.0000,0,stuck_too_long
1961,101,-521.12,0.00,10.10,0.0000,0.0000,0,stuck_too_long
1962,101,-521.04,0.00,10.10,0.0000,0.0000,0,stuck_too_long
1963,101,-521.20,0.00,10.10,0.0000,0.0000,0,stuck_too_long
1964,101,-521.01,0.00,10.10,0.0000,0.0000,0,stuck_too_long
1965,101,-521.53,0.00,10.10,0.0000,0.0000,0,stuck_too_long
1966,101,-521.94,0.00,10.10,0.0000,0.0000,0,stuck_too_long
1967,101,-519.60,0.00,10.10,0.0000,0.0000,0,stuck_too_long
1968,101,-520.65,0.00,10.10,0.0000,0.0000,0,stuck_too_long
1969,101,-522.09,0.00,10.10,0.0000,0.0000,0,stuck_too_long
1970,101,-520.69,0.00,10.10,0.0000,0.0000,0,stuck_too_long
2094,101,-520.41,0.00,10.10,0.0000,0.0000,0,stuck_too_long
2095,101,-521.43,0.00,10.10,0.0000,0.0000,0,stuck_too_long
2096,101,-521.34,0.00,10.10,0.0000,0.0000,0,stuck_too_long
2097,101,-520.92,0.00,10.10,0.0000,0.0000,0,stuck_too_long
2098,101,-520.93,0.00,10.10,0.0000,0.0000,0,stuck_too_long
2099,101,-520.73,0.00,10.10,0.0000,0.0000,0,stuck_too_long
2100,101,-519.42,0.00,10.10,0.0000,0.0000,0,stuck_too_long
2101,101,-522.13,0.00,10.10,0.0000,0.0000,0,stuck_too_long
2102,101,-520.73,0.00,10.10,0.0000,0.0000,0,stuck_too_long
2103,101,-521.39,0.00,10.10,0.0000,0.0000,0,stuck_too_long
2104,101,-521.08,0.00,10.10,0.0000,0.0000,0,stuck_too_long
2105,101,-521.57,0.00,10.10,0.0000,0.0000,0,stuck_too_long
2106,101,-521.02,0.00,10.10,0.0000,0.0000,0,stuck_too_long
2107,101,-521.08,0.00,10.10,0.0000,0.0000,0,stuck_too_long
2108,101,-521.45,0.00,10.10,0.0000,0.0000,0,stuck_too_long
2109,101,-521.29,0.00,10.10,0.0000,0.0000,0,stuck_too_long
2110,101,-520.24,0.00,10.10,0.0000,0.0000,0,stuck_too_long
2111,101,-519.85,0.00,10.10,0.0000,0.0000,0,stuck_too_long
2112,101,-522.04,0.00,10.10,0.0000,0.0000,0,stuck_too_long
2113,101,-520.98,0.00,10.10,0.0000,0.0000,0,stuck_too_long
1971,101,-521.70,0.00,10.10,0.0000,0.0000,0,stuck_too_long
1972,101,-522.01,0.00,10.10,0.0000,0.0000,0,stuck_too_long
1973,101,-521.51,0.00,10.10,0.0000,0.0000,0,stuck_too_long
1974,101,-520.80,0.00,10.10,0.0000,0.0000,0,stuck_too_long
1975,101,-521.83,0.00,10.10,0.0000,0.0000,0,stuck_too_long
1976,101,-520.64,0.00,10.10,0.0000,0.0000,0,stuck_too_long
1977,101,-520.03,0.00,10.10,0.0000,0.0000,0,stuck_too_long
1978,101,-520.54,0.00,10.10,0.0000,0.0000,0,stuck_too_long
1979,101,-521.12,0.00,10.10,0.0000,0.0000,0,stuck_too_long
1980,101,-520.38,0.00,10.10,0.0000,0.0000,0,stuck_too_long
2114,101,-521.26,0.00,10.10,0.0000,0.0000,0,stuck_too_long
2115,101,-519.92,0.00,10.10,0.0000,0.0000,0,stuck_too_long
2116,101,-520.72,0.00,10.10,0.0000,0.0000,0,stuck_too_long
2117,101,-521.04,0.00,10.10,0.0000,0.0000,0,stuck_too_long
2118,101,-521.33,0.00,10.10,0.0000,0.0000,0,stuck_too_long
2119,101,-520.67,0.00,10.10,0.0000,0.0000,0,stuck_too_long
2120,101,-521.16,0.00,10.10,0.0000,0.0000,0,stuck_too_long
2121,101,-520.38,0.00,10.10,0.0000,0.0000,0,stuck_too_long
2122,101,-521.82,0.00,10.10,0.0000,0.0000,0,stuck_too_long
2123,101,-520.96,0.00,10.10,0.0000,0.0000,0,stuck_too_long
2124,101,-521.55,0.00,10.10,0.0000,0.0000,0,stuck_too_long
2125,101,-519.83,0.00,10.10,0.0000,0.0000,0,stuck_too_long
2126,101,-520.86,0.00,10.10,0.0000,0.0000,0,stuck_too_long
2127,101,-520.14,0.00,10.10,0.0000,0.0000,0,stuck_too_long
2128,101,-521.05,0.00,10.10,0.0000,0.0000,0,stuck_too_long
2129,101,-521.50,0.00,10.10,0.0000,0.0000,0,stuck_too_long
2130,101,-521.84,0.00,10.10,0.0000,0.0000,0,stuck_too_long
2131,101,-521.91,0.00,10.10,0.0000,0.0000,0,stuck_too_long
2132,101,-519.66,0.00,10.10,0.0000,0.0000,0,stuck_too_long
2133,101,-521.00,0.00,10.10,0.0000,0.0000,0,stuck_too_long
2134,101,-520.82,0.00,10.10,0.0000,0.0000,0,stuck_too_long
1981,101,-520.23,0.00,10.10,0.0000,0.0000,0,stuck_too_long
1982,101,-520.87,0.00,10.10,0.0000,0.0000,0,stuck_too_long
1983,101,-521.03,0.00,10.10,0.0000,0.0000,0,stuck_too_long
1984,101,-520.30,0.00,10.10,0.0000,0.0000,0,stuck_too_long
1985,101,-521.33,0.00,10.10,0.0000,0.0000,0,stuck_too_long
1986,101,-520.93,0.00,10.10,0.0000,0.0000,0,stuck_too_long
1987,101,-520.92,0.00,10.10,0.0000,0.0000,0,stuck_too_long
1988,101,-520.79,0.00,10.10,0.0000,0.0000,0,stuck_too_long
1989,101,-520.88,0.00,10.10,0.0000,0.0000,0,stuck_too_long
1990,101,-520.95,0.00,10.10,0.0000,0.0000,0,stuck_too_long
2135,101,-521.05,0.00,10.10,0.0000,0.0000,0,stuck_too_long
2136,101,-521.44,0.00,10.10,0.0000,0.0000,0,stuck_too_long
2137,101,-521.35,0.00,10.10,0.0000,0.0000,0,stuck_too_long
2138,101,-520.29,0.00,10.10,0.0000,0.0000,0,stuck_too_long
2139,101,-520.94,0.00,10.10,0.0000,0.0000,0,stuck_too_long
2140,101,-520.98,0.00,10.10,0.0000,0.0000,0,stuck_too_long
2141,101,-521.55,0.00,10.10,0.0000,0.0000,0,stuck_too_long
2142,101,-521.01,0.00,10.10,0.0000,0.0000,0,stuck_too_long
2143,101,-521.21,0.00,10.10,0.0000,0.0000,0,stuck_too_long
2144,101,-520.84,0.00,10.10,0.0000,0.0000,0,stuck_too_long
2145,101,-521.66,0.00,10.10,0.0000,0.0000,0,stuck_too_long
2146,101,-521.21,0.00,10.10,0.0000,0.0000,0,stuck_too_long
2147,101,-520.63,0.00,10.10,0.0000,0.0000,0,stuck_too_long
2148,101,-520.97,0.00,10.10,0.0000,0.0000,0,stuck_too_long
2149,101,-521.02,0.00,10.10,0.0000,0.0000,0,stuck_too_long
2150,101,-521.54,0.00,10.10,0.0000,0.0000,0,stuck_too_long
2151,101,-520.69,0.00,10.10,0.0000,0.0000,0,stuck_too_long
2152,101,-520.60,0.00,10.10,0.0000,0.0000,0,stuck_too_long
2153,101,-521.51,0.00,10.10,0.0000,0.0000,0,stuck_too_long
2154,101,-521.66,0.00,10.10,0.0000,0.0000,0,stuck_too_long
1991,101,-521.64,0.00,10.10,0.0000,0.0000,0,stuck_too_long
1992,101,-521.54,0.00,10.10,0.0000,0.0000,0,stuck_too_long
1993,101,-520.86,0.00,10.10,0.0000,0.0000,0,stuck_too_long
1994,101,-520.49,0.00,10.10,0.0000,0.0000,0,stuck_too_long
1995,101,-520.82,0.00,10.10,0.0000,0.0000,0,stuck_too_long
1996,101,-521.04,0.00,10.10,0.0000,0.0000,0,stuck_too_long
1997,101,-520.38,0.00,10.10,0.0000,0.0000,0,stuck_too_long
1998,101,-520.22,0.00,10.10,0.0000,0.0000,0,stuck_too_long
1999,101,-521.45,0.00,10.10,0.0000,0.0000,0,stuck_too_long
2000,101,-521.30,0.00,10.10,0.0000,0.0000,0,stuck_too_long
2155,101,-520.13,0.00,10.10,0.0000,0.0000,0,stuck_too_long
2156,101,-521.60,0.00,10.10,0.0000,0.0000,0,stuck_too_long
2157,101,-520.77,0.00,10.10,0.0000,0.0000,0,stuck_too_long
2158,101,-520.59,0.00,10.10,0.0000,0.0000,0,stuck_too_long
2159,101,-521.68,0.00,10.10,0.0000,0.0000,0,stuck_too_long
2160,101,-521.80,0.00,10.10,0.0000,0.0000,0,stuck_too_long
2161,101,-522.00,0.00,10.10,0.0000,0.0000,0,stuck_too_long
2162,101,-521.86,0.00,10.10,0.0000,0.0000,0,stuck_too_long
2163,101,-520.67,0.00,10.10,0.0000,0.0000,0,stuck_too_long
2164,101,-519.99,0.00,10.10,0.0000,0.0000,0,stuck_too_long
2165,101,-520.76,0.00,10.10,0.0000,0.0000,0,stuck_too_long
2166,101,-521.64,0.00,10.10,0.0000,0.0000,0,stuck_too_long
2167,101,-522.56,0.00,10.10,0.0000,0.0000,0,stuck_too_long
2168,101,-521.63,0.00,10.10,0.0000,0.0000,0,stuck_too_long
2169,101,-520.40,0.00,10.10,0.0000,0.0000,0,stuck_too_long
2170,101,-520.77,0.00,10.10,0.0000,0.0000,0,stuck_too_long
2171,101,-520.99,0.00,10.10,0.0000,0.0000,0,stuck_too_long
2172,101,-520.28,0.00,10.10,0.0000,0.0000,0,stuck_too_long
2173,101,-521.63,0.00,10.10,0.0000,0.0000,0,stuck_too_long
2174,101,-520.09,0.00,10.10,0.0000,0.0000,0,stuck_too_long
2001,101,-520.35,0.00,10.10,0.0000,0.0000,0,stuck_too_long
2002,101,-520.71,0.00,10.10,0.0000,0.0000,0,stuck_too_long
2003,101,-521.81,0.00,10.10,0.0000,0.0000,0,stuck_too_long
2004,101,-520.40,0.00,10.10,0.0000,0.0000,0,stuck_too_long
2005,101,-521.39,0.00,10.10,0.0000,0.0000,0,stuck_too_long
2006,101,-522.18,0.00,10.10,0.0000,0.0000,0,stuck_too_long
2007,101,-521.98,0.00,10.10,0.0000,0.0000,0,stuck_too_long
2008,101,-521.36,0.00,10.10,0.0000,0.0000,0,stuck_too_long
2009,101,-520.33,0.00,10.10,0.0000,0.0000,0,stuck_too_long
2010,101,-520.38,0.00,10.10,0.0000,0.0000,0,stuck_too_long
2175,101,-521.90,0.00,10.10,0.0000,0.0000,0,stuck_too_long
2176,101,-520.77,0.00,10.10,0.0000,0.0000,0,stuck_too_long
2177,101,-522.48,0.00,10.10,0.0000,0.0000,0,stuck_too_long
2178,101,-521.18,0.00,10.10,0.0000,0.0000,0,stuck_too_long
2179,101,-520.36,0.00,10.10,0.0000,0.0000,0,stuck_too_long
2180,101,-520.17,0.00,10.10,0.0000,0.0000,0,stuck_too_long
2181,101,-520.77,0.00,10.10,0.0000,0.0000,0,stuck_too_long
2182,101,-521.47,0.00,10.10,0.0000,0.0000,0,stuck_too_long
2183,101,-520.30,0.00,10.10,0.0000,0.0000,0,stuck_too_long
2184,101,-521.07,0.00,10.10,0.0000,0.0000,0,stuck_too_long
2185,101,-521.49,0.00,10.10,0.0000,0.0000,0,stuck_too_long
2186,101,-520.76,0.00,10.10,0.0000,0.0000,0,stuck_too_long
2187,101,-521.07,0.00,10.10,0.0000,0.0000,0,stuck_too_long
2188,101,-521.60,0.00,10.10,0.0000,0.0000,0,stuck_too_long
2189,101,-521.12,0.00,10.10,0.0000,0.0000,0,stuck_too_long
2190,101,-521.71,0.00,10.10,0.0000,0.0000,0,stuck_too_long
2191,101,-520.33,0.00,10.10,0.0000,0.0000,0,stuck_too_long
2192,101,-522.02,0.00,10.10,0.0000,0.0000,0,stuck_too_long
2193,101,-521.74,0.00,10.10,0.0000,0.0000,0,stuck_too_long
2194,101,-520.83,0.00,10.10,0.0000,0.0000,0,stuck_too_long
2011,101,-521.70,0.00,10.10,0.0000,0.0000,0,stuck_too_long
2012,101,-521.83,0.00,10.10,0.0000,0.0000,0,stuck_too_long
2013,101,-521.83,0.00,10.10,0.0000,0.0000,0,stuck_too_long
2014,101,-521.49,0.00,10.10,0.0000,0.0000,0,stuck_too_long
2015,101,-520.73,0.00,10.10,0.0000,0.0000,0,stuck_too_long
2016,101,-520.08,0.00,10.10,0.0000,0.0000,0,stuck_too_long
2017,101,-520.15,0.00,10.10,0.0000,0.0000,0,stuck_too_long
2018,101,-521.68,0.00,10.10,0.0000,0.0000,0,stuck_too_long
2019,101,-520.44,0.00,10.10,0.0000,0.0000,0,stuck_too_long
2020,101,-521.03,0.00,10.10,0.0000,0.0000,0,stuck_too_long
2195,101,-521.38,0.00,10.10,0.0000,0.0000,0,stuck_too_long
2196,101,-520.65,0.00,10.10,0.0000,0.0000,0,stuck_too_long
2197,101,-521.50,0.00,10.10,0.0000,0.0000,0,stuck_too_long
2198,101,-521.86,0.00,10.10,0.0000,0.0000,0,stuck_too_long
2199,101,-520.61,0.00,10.10,0.0000,0.0000,0,stuck_too_long
2200,101,-522.19,0.00,10.10,0.0000,0.0000,0,stuck_too_long
2201,101,-521.07,0.00,10.10,0.0000,0.0000,0,stuck_too_long
2202,101,-521.94,0.00,10.10,0.0000,0.0000,0,stuck_too_long
2203,101,-520.63,0.00,10.10,0.0000,0.0000,0,stuck_too_long
2204,101,-521.43,0.00,10.10,0.0000,0.0000,0,stuck_too_long
2205,101,-520.69,0.00,10.10,0.0000,0.0000,0,stuck_too_long
2206,101,-521.82,0.00,10.10,0.0000,0.0000,0,stuck_too_long
2207,101,-521.20,0.00,10.10,0.0000,0.0000,0,stuck_too_long
2208,101,-520.72,0.00,10.10,0.0000,0.0000,0,stuck_too_long
2209,101,-521.01,0.00,10.10,0.0000,0.0000,0,stuck_too_long
2210,101,-520.71,0.00,10.10,0.0000,0.0000,0,stuck_too_long
2211,101,-521.55,0.00,10.10,0.0000,0.0000,0,stuck_too_long
2212,101,-520.94,0.00,10.10,0.0000,0.0000,0,stuck_too_long
2213,101,-521.49,0.00,10.10,0.0000,0.0000,0,stuck_too_long
2214,101,-520.53,0.00,10.10,0.0000,0.0000,0,stuck_too_long
2215,101,-521.36,0.00,10.10,0.0000,0.0000,0,stuck_too_long
2021,101,-522.53,0.00,10.10,0.0000,0.0000,0,stuck_too_long
2022,101,-520.74,0.00,10.10,0.0000,0.0000,0,stuck_too_long
2023,101,-520.26,0.00,10.10,0.0000,0.0000,0,stuck_too_long
2024,101,-522.20,0.00,10.10,0.0000,0.0000,0,stuck_too_long
2025,101,-522.02,0.00,10.10,0.0000,0.0000,0,stuck_too_long
2026,101,-520.02,0.00,10.10,0.0000,0.0000,0,stuck_too_long
2027,101,-521.61,0.00,10.10,0.0000,0.0000,0,stuck_too_long
2028,101,-521.13,0.00,10.10,0.0000,0.0000,0,stuck_too_long
2029,101,-522.41,0.00,10.10,0.0000,0.0000,0,stuck_too_long
2030,101,-522.06,0.00,10.10,0.0000,0.0000,0,stuck_too_long
2216,101,-520.85,0.00,10.10,0.0000,0.0000,0,stuck_too_long
2217,101,-521.42,0.00,10.10,0.0000,0.0000,0,stuck_too_long
2218,101,-521.22,0.00,10.10,0.0000,0.0000,0,stuck_too_long
2219,101,-522.31,0.00,10.10,0.0000,0.0000,0,stuck_too_long
2220,101,-522.05,0.00,10.10,0.0000,0.0000,0,stuck_too_long
2221,101,-521.29,0.00,10.10,0.0000,0.0000,0,stuck_too_long
2222,101,-520.15,0.00,10.10,0.0000,0.0000,0,stuck_too_long
2223,101,-521.51,0.00,10.10,0.0000,0.0000,0,stuck_too_long
2224,101,-521.44,0.00,10.10,0.0000,0.0000,0,stuck_too_long
2225,101,-521.71,0.00,10.10,0.0000,0.0000,0,stuck_too_long
2226,101,-520.96,0.00,10.10,0.0000,0.0000,0,stuck_too_long
2227,101,-520.61,0.00,10.10,0.0000,0.0000,0,stuck_too_long
2228,101,-521.67,0.00,10.10,0.0000,0.0000,0,stuck_too_long
2229,101,-520.96,0.00,10.10,0.0000,0.0000,0,stuck_too_long
2230,101,-521.99,0.00,10.10,0.0000,0.0000,0,stuck_too_long
2231,101,-521.75,0.00,10.10,0.0000,0.0000,0,stuck_too_long
2232,101,-521.76,0.00,10.10,0.0000,0.0000,0,stuck_too_long
2233,101,-521.50,0.00,10.10,0.0000,0.0000,0,stuck_too_long
2234,101,-519.93,0.00,10.10,0.0000,0.0000,0,stuck_too_long
2235,101,-521.29,0.00,10.10,0.0000,0.0000,0,stuck_too_long
2031,101,-520.81,0.00,10.10,0.0000,0.0000,0,stuck_too_long
2032,101,-521.27,0.00,10.10,0.0000,0.0000,0,stuck_too_long
2033,101,-521.77,0.00,10.10,0.0000,0.0000,0,stuck_too_long
2034,101,-521.28,0.00,10.10,0.0000,0.0000,0,stuck_too_long
2035,101,-521.95,0.00,10.10,0.0000,0.0000,0,stuck_too_long
2036,101,-520.27,0.00,10.10,0.0000,0.0000,0,stuck_too_long
2037,101,-521.41,0.00,10.10,0.0000,0.0000,0,stuck_too_long
2038,101,-522.17,0.00,10.10,0.0000,0.0000,0,stuck_too_long
2039,101,-522.28,0.00,10.10,0.0000,0.0000,0,stuck_too_long
2040,101,-521.35,0.00,10.10,0.0000,0.0000,0,stuck_too_long
2236,101,-521.23,0.00,10.10,0.0000,0.0000,0,stuck_too_long
2237,101,-521.26,0.00,10.10,0.0000,0.0000,0,stuck_too_long
2238,101,-521.52,0.00,10.10,0.0000,0.0000,0,stuck_too_long
2239,101,-521.68,0.00,10.10,0.0000,0.0000,0,stuck_too_long
2240,101,-521.09,0.00,10.10,0.0000,0.0000,0,stuck_too_long
2241,101,-522.15,0.00,10.10,0.0000,0.0000,0,stuck_too_long
2242,101,-521.01,0.00,10.10,0.0000,0.0000,0,stuck_too_long
2243,101,-521.12,0.00,10.10,0.0000,0.0000,0,stuck_too_long
2244,101,-521.94,0.00,10.10,0.0000,0.0000,0,stuck_too_long
2245,101,-521.19,0.00,10.10,0.0000,0.0000,0,stuck_too_long
2246,101,-520.87,0.00,10.10,0.0000,0.0000,0,stuck_too_long
2247,101,-521.52,0.00,10.10,0.0000,0.0000,0,stuck_too_long
2248,101,-520.86,0.00,10.10,0.0000,0.0000,0,stuck_too_long
2249,101,-521.03,0.00,10.10,0.0000,0.0000,0,stuck_too_long
2250,101,-521.19,0.00,10.10,0.0000,0.0000,0,stuck_too_long
2251,101,-521.53,0.00,10.10,0.0000,0.0000,0,stuck_too_long
2252,101,-521.25,0.00,10.10,0.0000,0.0000,0,stuck_too_long
2253,101,-521.97,0.00,10.10,0.0000,0.0000,0,stuck_too_long
2254,101,-521.14,0.00,10.10,0.0000,0.0000,0,stuck_too_long
2255,101,-520.94,0.00,10.10,0.0000,0.0000,0,stuck_too_long
2041,101,-520.74,0.00,10.10,0.0000,0.0000,0,stuck_too_long
2042,101,-521.47,0.00,10.10,0.0000,0.0000,0,stuck_too_long
2043,101,-521.38,0.00,10.10,0.0000,0.0000,0,stuck_too_long
2044,101,-521.67,0.00,10.10,0.0000,0.0000,0,stuck_too_long
2045,101,-521.01,0.00,10.10,0.0000,0.0000,0,stuck_too_long
2046,101,-520.69,0.00,10.10,0.0000,0.0000,0,stuck_too_long
2047,101,-521.82,0.00,10.10,0.0000,0.0000,0,stuck_too_long
2048,101,-520.48,0.00,10.10,0.0000,0.0000,0,stuck_too_long
2049,101,-520.55,0.00,10.10,0.0000,0.0000,0,stuck_too_long
2050,101,-521.53,0.00,10.10,0.0000,0.0000,0,stuck_too_long
2256,101,-521.29,0.00,10.10,0.0000,0.0000,0,stuck_too_long
2257,101,-521.09,0.00,10.10,0.0000,0.0000,0,stuck_too_long
2258,101,-520.16,0.00,10.10,0.0000,0.0000,0,stuck_too_long
2259,101,-521.09,0.00,10.10,0.0000,0.0000,0,stuck_too_long
2260,101,-521.50,0.00,10.10,0.0000,0.0000,0,stuck_too_long
2261,101,-521.84,0.00,10.10,0.0000,0.0000,0,stuck_too_long
2262,101,-520.98,0.00,10.10,0.0000,0.0000,0,stuck_too_long
2263,101,-520.82,0.00,10.10,0.0000,0.0000,0,stuck_too_long
2264,101,-521.79,0.00,10.10,0.0000,0.0000,0,stuck_too_long
2265,101,-520.91,0.00,10.10,0.0000,0.0000,0,stuck_too_long
2266,101,-521.29,0.00,10.10,0.0000,0.0000,0,stuck_too_long
2267,101,-520.11,0.00,10.10,0.0000,0.0000,0,stuck_too_long
2268,101,-521.05,0.00,10.10,0.0000,0.0000,0,stuck_too_long
2269,101,-521.25,0.00,10.10,0.0000,0.0000,0,stuck_too_long
2270,101,-521.80,0.00,10.10,0.0000,0.0000,0,stuck_too_long
2271,101,-520.96,0.00,10.10,0.0000,0.0000,0,stuck_too_long
2272,101,-522.36,0.00,10.10,0.0000,0.0000,0,stuck_too_long
2273,101,-521.20,0.00,10.10,0.0000,0.0000,0,stuck_too_long
2274,101,-521.78,0.00,10.10,0.0000,0.0000,0,stuck_too_long
2275,101,-520.85,0.00,10.10,0.0000,0.0000,0,stuck_too_long
2051,101,-520.17,0.00,10.10,0.0000,0.0000,0,stuck_too_long
2052,101,-522.29,0.00,10.10,0.0000,0.0000,0,stuck_too_long
2053,101,-519.77,0.00,10.10,0.0000,0.0000,0,stuck_too_long
2054,101,-522.20,0.00,10.10,0.0000,0.0000,0,stuck_too_long
2055,101,-521.19,0.00,10.10,0.0000,0.0000,0,stuck_too_long
2056,101,-521.15,0.00,10.10,0.0000,0.0000,0,stuck_too_long
2057,101,-522.61,0.00,10.10,0.0000,0.0000,0,stuck_too_long
2058,101,-521.99,0.00,10.10,0.0000,0.0000,0,stuck_too_long
2059,101,-521.89,0.00,10.10,0.0000,0.0000,0,stuck_too_long
2060,101,-521.60,0.00,10.10,0.0000,0.0000,0,stuck_too_long
2276,101,-520.36,0.00,10.10,0.0000,0.0000,0,stuck_too_long
2277,101,-523.14,0.00,10.10,0.0000,0.0000,0,stuck_too_long
2278,101,-521.32,0.00,10.10,0.0000,0.0000,0,stuck_too_long
2279,101,-521.77,0.00,10.10,0.0000,0.0000,0,stuck_too_long
2280,101,-521.45,0.00,10.10,0.0000,0.0000,0,stuck_too_long
2281,101,-521.06,0.00,10.10,0.0000,0.0000,0,stuck_too_long
2282,101,-521.14,0.00,10.10,0.0000,0.0000,0,stuck_too_long
2283,101,-521.15,0.00,10.10,0.0000,0.0000,0,stuck_too_long
2284,101,-520.92,0.00,10.10,0.0000,0.0000,0,stuck_too_long
2285,101,-520.43,0.00,10.10,0.0000,0.0000,0,stuck_too_long
2286,101,-520.92,0.00,10.10,0.0000,0.0000,0,stuck_too_long
2287,101,-522.54,0.00,10.10,0.0000,0.0000,0,stuck_too_long
2288,101,-520.85,0.00,10.10,0.0000,0.0000,0,stuck_too_long
2289,101,-520.90,0.00,10.10,0.0000,0.0000,0,stuck_too_long
2290,101,-520.02,0.00,10.10,0.0000,0.0000,0,stuck_too_long
2291,101,-521.69,0.00,10.10,0.0000,0.0000,0,stuck_too_long
2292,101,-521.75,0.00,10.10,0.0000,0.0000,0,stuck_too_long
2293,101,-521.19,0.00,10.10,0.0000,0.0000,0,stuck_too_long
2294,101,-522.55,0.00,10.10,0.0000,0.0000,0,stuck_too_long
2295,101,-521.21,0.00,10.10,0.0000,0.0000,0,stuck_too_long
2296,101,-522.48,0.00,10.10,0.0000,0.0000,0,stuck_too_long
2061,101,-521.27,0.00,10.10,0.0000,0.0000,0,stuck_too_long
2062,101,-520.54,0.00,10.10,0.0000,0.0000,0,stuck_too_long
2063,101,-521.46,0.00,10.10,0.0000,0.0000,0,stuck_too_long
2064,101,-521.14,0.00,10.10,0.0000,0.0000,0,stuck_too_long
2065,101,-521.52,0.00,10.10,0.0000,0.0000,0,stuck_too_long
2066,101,-521.31,0.00,10.10,0.0000,0.0000,0,stuck_too_long
2067,101,-522.75,0.00,10.10,0.0000,0.0000,0,stuck_too_long
2068,101,-521.60,0.00,10.10,0.0000,0.0000,0,stuck_too_long
2069,101,-521.51,0.00,10.10,0.0000,0.0000,0,stuck_too_long
2070,101,-521.22,0.00,10.10,0.0000,0.0000,0,stuck_too_long
2297,101,-521.56,0.00,10.10,0.0000,0.0000,0,stuck_too_long
2298,101,-520.72,0.00,10.10,0.0000,0.0000,0,stuck_too_long
2299,101,-520.88,0.00,10.10,0.0000,0.0000,0,stuck_too_long
2300,101,-521.60,0.00,10.10,0.0000,0.0000,0,stuck_too_long
2301,101,-521.18,0.00,10.10,0.0000,0.0000,0,stuck_too_long
2302,101,-520.42,0.00,10.10,0.0000,0.0000,0,stuck_too_long
2303,101,-521.57,0.00,10.10,0.0000,0.0000,0,stuck_too_long
2304,101,-521.91,0.00,10.10,0.0000,0.0000,0,stuck_too_long
2305,101,-521.45,0.00,10.10,0.0000,0.0000,0,stuck_too_long
2306,101,-521.85,0.00,10.10,0.0000,0.0000,0,stuck_too_long
2307,101,-520.07,0.00,10.10,0.0000,0.0000,0,stuck_too_long
2308,101,-521.96,0.00,10.10,0.0000,0.0000,0,stuck_too_long
2309,101,-521.17,0.00,10.10,0.0000,0.0000,0,stuck_too_long
2310,101,-520.69,0.00,10.10,0.0000,0.0000,0,stuck_too_long
2311,101,-522.60,0.00,10.10,0.0000,0.0000,0,stuck_too_long
2312,101,-520.90,0.00,10.10,0.0000,0.0000,0,stuck_too_long
2313,101,-521.55,0.00,10.10,0.0000,0.0000,0,stuck_too_long
2314,101,-522.39,0.00,10.10,0.0000,0.0000,0,stuck_too_long
2315,101,-521.42,0.00,10.10,0.0000,0.0000,0,stuck_too_long
2316,101,-521.33,0.00,10.10,0.0000,0.0000,0,stuck_too_long
2071,101,-521.91,0.00,10.10,0.0000,0.0000,0,stuck_too_long
2072,101,-521.75,0.00,10.10,0.0000,0.0000,0,stuck_too_long
2073,101,-520.57,0.00,10.10,0.0000,0.0000,0,stuck_too_long
2074,101,-520.39,0.00,10.10,0.0000,0.0000,0,stuck_too_long
2075,101,-521.41,0.00,10.10,0.0000,0.0000,0,stuck_too_long
2076,101,-520.41,0.00,10.10,0.0000,0.0000,0,stuck_too_long
2077,101,-520.66,0.00,10.10,0.0000,0.0000,0,stuck_too_long
2078,101,-521.05,0.00,10.10,0.0000,0.0000,0,stuck_too_long
2079,101,-519.80,0.00,10.10,0.0000,0.0000,0,stuck_too_long
2080,101,-521.41,0.00,10.10,0.0000,0.0000,0,stuck_too_long
2317,101,-520.75,0.00,10.10,0.0000,0.0000,0,stuck_too_long
2318,101,-521.51,0.00,10.10,0.0000,0.0000,0,stuck_too_long
2319,101,-521.48,0.00,10.10,0.0000,0.0000,0,stuck_too_long
2320,101,-521.79,0.00,10.10,0.0000,0.0000,0,stuck_too_long
2321,101,-520.87,0.00,10.10,0.0000,0.0000,0,stuck_too_long
2322,101,-521.55,0.00,10.10,0.0000,0.0000,0,stuck_too_long
2323,101,-520.00,0.00,10.10,0.0000,0.0000,0,stuck_too_long
2324,101,-522.98,0.00,10.10,0.0000,0.0000,0,stuck_too_long
2325,101,-521.46,0.00,10.10,0.0000,0.0000,0,stuck_too_long
2326,101,-521.27,0.00,10.10,0.0000,0.0000,0,stuck_too_long
2327,101,-521.76,0.00,10.10,0.0000,0.0000,0,stuck_too_long
2328,101,-521.13,0.00,10.10,0.0000,0.0000,0,stuck_too_long
2329,101,-519.75,0.00,10.10,0.0000,0.0000,0,stuck_too_long
2330,101,-521.91,0.00,10.10,0.0000,0.0000,0,stuck_too_long
2331,101,-521.63,0.00,10.10,0.0000,0.0000,0,stuck_too_long
2332,101,-521.53,0.00,10.10,0.0000,0.0000,0,stuck_too_long
2333,101,-521.34,0.00,10.10,0.0000,0.0000,0,stuck_too_long
2334,101,-522.73,0.00,10.10,0.0000,0.0000,0,stuck_too_long
2335,101,-521.79,0.00,10.10,0.0000,0.0000,0,stuck_too_long
2336,101,-520.66,0.00,10.10,0.0000,0.0000,0,stuck_too_long
2081,101,-522.31,0.00,10.10,0.0000,0.0000,0,stuck_too_long
2082,101,-521.66,0.00,10.10,0.0000,0.0000,0,stuck_too_long
2083,101,-522.11,0.00,10.10,0.0000,0.0000,0,stuck_too_long
2084,101,-520.99,0.00,10.10,0.0000,0.0000,0,stuck_too_long
2085,101,-520.54,0.00,10.10,0.0000,0.0000,0,stuck_too_long
2086,101,-520.79,0.00,10.10,0.0000,0.0000,0,stuck_too_long
2087,101,-521.19,0.00,10.10,0.0000,0.0000,0,stuck_too_long
2088,101,-520.11,0.00,10.10,0.0000,0.0000,0,stuck_too_long
2089,101,-520.93,0.00,10.10,0.0000,0.0000,0,stuck_too_long
2090,101,-520.99,0.00,10.10,0.0000,0.0000,0,stuck_too_long
2337,101,-520.40,0.00,10.10,0.0000,0.0000,0,stuck_too_long
2338,101,-520.72,0.00,10.10,0.0000,0.0000,0,stuck_too_long
2339,101,-520.96,0.00,10.10,0.0000,0.0000,0,stuck_too_long
2340,101,-522.04,0.00,10.10,0.0000,0.0000,0,stuck_too_long
2341,101,-521.22,0.00,10.10,0.0000,0.0000,0,stuck_too_long
2342,101,-520.04,0.00,10.10,0.0000,0.0000,0,stuck_too_long
2343,101,-520.73,0.00,10.10,0.0000,0.0000,0,stuck_too_long
2344,101,-520.14,0.00,10.10,0.0000,0.0000,0,stuck_too_long
2345,101,-521.05,0.00,10.10,0.0000,0.0000,0,stuck_too_long
2346,101,-520.37,0.00,10.10,0.0000,0.0000,0,stuck_too_long
2347,101,-521.65,0.00,10.10,0.0000,0.0000,0,stuck_too_long
2348,101,-520.83,0.00,10.10,0.0000,0.0000,0,stuck_too_long
2349,101,-521.14,0.00,10.10,0.0000,0.0000,0,stuck_too_long
2350,101,-521.97,0.00,10.10,0.0000,0.0000,0,stuck_too_long
2351,101,-520.58,0.00,10.10,0.0000,0.0000,0,stuck_too_long
2352,101,-520.92,0.00,10.10,0.0000,0.0000,0,stuck_too_long
2353,101,-520.80,0.00,10.10,0.0000,0.0000,0,stuck_too_long
2354,101,-520.23,0.00,10.10,0.0000,0.0000,0,stuck_too_long
2355,101,-521.70,0.00,10.10,0.0000,0.0000,0,stuck_too_long
2356,101,-522.12,0.00,10.10,0.0000,0.0000,0,stuck_too_long
2357,101,-522.11,0.00,10.10,0.0000,0.0000,0,stuck_too_long
2091,101,-519.86,0.00,10.10,0.0000,0.0000,0,stuck_too_long
2092,101,-520.56,0.00,10.10,0.0000,0.0000,0,stuck_too_long
2093,101,-521.26,0.00,10.10,0.0000,0.0000,0,stuck_too_long
2094,101,-521.64,0.00,10.10,0.0000,0.0000,0,stuck_too_long
2095,101,-520.97,0.00,10.10,0.0000,0.0000,0,stuck_too_long
2096,101,-521.43,0.00,10.10,0.0000,0.0000,0,stuck_too_long
2097,101,-519.91,0.00,10.10,0.0000,0.0000,0,stuck_too_long
2098,101,-520.84,0.00,10.10,0.0000,0.0000,0,stuck_too_long
2099,101,-522.39,0.00,10.10,0.0000,0.0000,0,stuck_too_long
2100,101,-520.60,0.00,10.10,0.0000,0.0000,0,stuck_too_long
2358,101,-521.39,0.00,10.10,0.0000,0.0000,0,stuck_too_long
2359,101,-521.21,0.00,10.10,0.0000,0.0000,0,stuck_too_long
2360,101,-520.23,0.00,10.10,0.0000,0.0000,0,stuck_too_long
2361,101,-521.24,0.00,10.10,0.0000,0.0000,0,stuck_too_long
2362,101,-521.58,0.00,10.10,0.0000,0.0000,0,stuck_too_long
2363,101,-520.67,0.00,10.10,0.0000,0.0000,0,stuck_too_long
2364,101,-520.34,0.00,10.10,0.0000,0.0000,0,stuck_too_long
2365,101,-520.67,0.00,10.10,0.0000,0.0000,0,stuck_too_long
2366,101,-520.84,0.00,10.10,0.0000,0.0000,0,stuck_too_long
2367,101,-521.36,0.00,10.10,0.0000,0.0000,0,stuck_too_long
2368,101,-520.63,0.00,10.10,0.0000,0.0000,0,stuck_too_long
2369,101,-520.07,0.00,10.10,0.0000,0.0000,0,stuck_too_long
2370,101,-521.34,0.00,10.10,0.0000,0.0000,0,stuck_too_long
2371,101,-520.74,0.00,10.10,0.0000,0.0000,0,stuck_too_long
2372,101,-522.33,0.00,10.10,0.0000,0.0000,0,stuck_too_long
2373,101,-520.97,0.00,10.10,0.0000,0.0000,0,stuck_too_long
2374,101,-520.86,0.00,10.10,0.0000,0.0000,0,stuck_too_long
2375,101,-521.57,0.00,10.10,0.0000,0.0000,0,stuck_too_long
2376,101,-520.25,0.00,10.10,0.0000,0.0000,0,stuck_too_long
2377,101,-521.15,0.00,10.10,0.0000,0.0000,0,stuck_too_long
2101,101,-521.50,0.00,10.10,0.0000,0.0000,0,stuck_too_long
2102,101,-520.98,0.00,10.10,0.0000,0.0000,0,stuck_too_long
2103,101,-522.14,0.00,10.10,0.0000,0.0000,0,stuck_too_long
2104,101,-521.29,0.00,10.10,0.0000,0.0000,0,stuck_too_long
2105,101,-521.65,0.00,10.10,0.0000,0.0000,0,stuck_too_long
2106,101,-520.84,0.00,10.10,0.0000,0.0000,0,stuck_too_long
2107,101,-520.42,0.00,10.10,0.0000,0.0000,0,stuck_too_long
2108,101,-521.23,0.00,10.10,0.0000,0.0000,0,stuck_too_long
2109,101,-521.81,0.00,10.10,0.0000,0.0000,0,stuck_too_long
2110,101,-520.45,0.00,10.10,0.0000,0.0000,0,stuck_too_long
2378,101,-520.47,0.00,10.10,0.0000,0.0000,0,stuck_too_long
2379,101,-521.37,0.00,10.10,0.0000,0.0000,0,stuck_too_long
2380,101,-519.59,0.00,10.10,0.0000,0.0000,0,stuck_too_long
2381,101,-522.00,0.00,10.10,0.0000,0.0000,0,stuck_too_long
2382,101,-520.67,0.00,10.10,0.0000,0.0000,0,stuck_too_long
2383,101,-520.93,0.00,10.10,0.0000,0.0000,0,stuck_too_long
2384,101,-521.20,0.00,10.10,0.0000,0.0000,0,stuck_too_long
2385,101,-520.53,0.00,10.10,0.0000,0.0000,0,stuck_too_long
2386,101,-521.62,0.00,10.10,0.0000,0.0000,0,stuck_too_long
2387,101,-521.63,0.00,10.10,0.0000,0.0000,0,stuck_too_long
2388,101,-521.60,0.00,10.10,0.0000,0.0000,0,stuck_too_long
2389,101,-520.19,0.00,10.10,0.0000,0.0000,0,stuck_too_long
2390,101,-521.65,0.00,10.10,0.0000,0.0000,0,stuck_too_long
2391,101,-521.19,0.00,10.10,0.0000,0.0000,0,stuck_too_long
2392,101,-522.03,0.00,10.10,0.0000,0.0000,0,stuck_too_long
2393,101,-521.22,0.00,10.10,0.0000,0.0000,0,stuck_too_long
2394,101,-521.63,0.00,10.10,0.0000,0.0000,0,stuck_too_long
2395,101,-520.97,0.00,10.10,0.0000,0.0000,0,stuck_too_long
2396,101,-520.76,0.00,10.10,0.0000,0.0000,0,stuck_too_long
2397,101,-520.29,0.00,10.10,0.0000,0.0000,0,stuck_too_long
2111,101,-520.84,0.00,10.10,0.0000,0.0000,0,stuck_too_long
2112,101,-520.94,0.00,10.10,0.0000,0.0000,0,stuck_too_long
2113,101,-521.26,0.00,10.10,0.0000,0.0000,0,stuck_too_long
2114,101,-520.54,0.00,10.10,0.0000,0.0000,0,stuck_too_long
2115,101,-522.03,0.00,10.10,0.0000,0.0000,0,stuck_too_long
2116,101,-521.36,0.00,10.10,0.0000,0.0000,0,stuck_too_long
2117,101,-521.49,0.00,10.10,0.0000,0.0000,0,stuck_too_long
2118,101,-521.05,0.00,10.10,0.0000,0.0000,0,stuck_too_long
2119,101,-520.67,0.00,10.10,0.0000,0.0000,0,stuck_too_long
2120,101,-520.84,0.00,10.10,0.0000,0.0000,0,stuck_too_long
2398,101,-520.36,0.00,10.10,0.0000,0.0000,0,stuck_too_long
2399,101,-521.52,0.00,10.10,0.0000,0.0000,0,stuck_too_long
2400,101,-520.63,0.00,10.10,0.0000,0.0000,0,stuck_too_long
2401,101,-520.69,0.00,10.10,0.0000,0.0000,0,stuck_too_long
2402,101,-521.69,0.00,10.10,0.0000,0.0000,0,stuck_too_long
2403,101,-521.73,0.00,10.10,0.0000,0.0000,0,stuck_too_long
2404,101,-520.83,0.00,10.10,0.0000,0.0000,0,stuck_too_long
2405,101,-520.76,0.00,10.10,0.0000,0.0000,0,stuck_too_long
2406,101,-520.55,0.00,10.10,0.0000,0.0000,0,stuck_too_long
2407,101,-521.24,0.00,10.10,0.0000,0.0000,0,stuck_too_long
2408,101,-521.68,0.00,10.10,0.0000,0.0000,0,stuck_too_long
2409,101,-521.39,0.00,10.10,0.0000,0.0000,0,stuck_too_long
2410,101,-520.10,0.00,10.10,0.0000,0.0000,0,stuck_too_long
2411,101,-520.21,0.00,10.10,0.0000,0.0000,0,stuck_too_long
2412,101,-520.77,0.00,10.10,0.0000,0.0000,0,stuck_too_long
2413,101,-522.00,0.00,10.10,0.0000,0.0000,0,stuck_too_long
2414,101,-521.79,0.00,10.10,0.0000,0.0000,0,stuck_too_long
2415,101,-521.36,0.00,10.10,0.0000,0.0000,0,stuck_too_long
2416,101,-522.59,0.00,10.10,0.0000,0.0000,0,stuck_too_long
2417,101,-521.75,0.00,10.10,0.0000,0.0000,0,stuck_too_long
2121,101,-521.67,0.00,10.10,0.0000,0.0000,0,stuck_too_long
2122,101,-521.18,0.00,10.10,0.0000,0.0000,0,stuck_too_long
2123,101,-522.67,0.00,10.10,0.0000,0.0000,0,stuck_too_long
2124,101,-521.37,0.00,10.10,0.0000,0.0000,0,stuck_too_long
2125,101,-520.90,0.00,10.10,0.0000,0.0000,0,stuck_too_long
2126,101,-522.29,0.00,10.10,0.0000,0.0000,0,stuck_too_long
2127,101,-520.78,0.00,10.10,0.0000,0.0000,0,stuck_too_long
2128,101,-521.20,0.00,10.10,0.0000,0.0000,0,stuck_too_long
2129,101,-521.96,0.00,10.10,0.0000,0.0000,0,stuck_too_long
2130,101,-522.08,0.00,10.10,0.0000,0.0000,0,stuck_too_long
2418,101,-520.99,0.00,10.10,0.0000,0.0000,0,stuck_too_long
2419,101,-520.73,0.00,10.10,0.0000,0.0000,0,stuck_too_long
2420,101,-520.56,0.00,10.10,0.0000,0.0000,0,stuck_too_long
2421,101,-520.23,0.00,10.10,0.0000,0.0000,0,stuck_too_long
2422,101,-522.54,0.00,10.10,0.0000,0.0000,0,stuck_too_long
2423,101,-521.44,0.00,10.10,0.0000,0.0000,0,stuck_too_long
2424,101,-520.77,0.00,10.10,0.0000,0.0000,0,stuck_too_long
2425,101,-522.21,0.00,10.10,0.0000,0.0000,0,stuck_too_long
2426,101,-523.13,0.00,10.10,0.0000,0.0000,0,stuck_too_long
2427,101,-520.98,0.00,10.10,0.0000,0.0000,0,stuck_too_long
2428,101,-520.65,0.00,10.10,0.0000,0.0000,0,stuck_too_long
2429,101,-521.38,0.00,10.10,0.0000,0.0000,0,stuck_too_long
2430,101,-520.76,0.00,10.10,0.0000,0.0000,0,stuck_too_long
2431,101,-520.55,0.00,10.10,0.0000,0.0000,0,stuck_too_long
2432,101,-519.96,0.00,10.10,0.0000,0.0000,0,stuck_too_long
2433,101,-521.89,0.00,10.10,0.0000,0.0000,0,stuck_too_long
2434,101,-520.88,0.00,10.10,0.0000,0.0000,0,stuck_too_long
2435,101,-522.10,0.00,10.10,0.0000,0.0000,0,stuck_too_long
2436,101,-520.88,0.00,10.10,0.0000,0.0000,0,stuck_too_long
2437,101,-521.88,0.00,10.10,0.0000,0.0000,0,stuck_too_long
2438,101,-520.79,0.00,10.10,0.0000,0.0000,0,stuck_too_long
2131,101,-521.55,0.00,10.10,0.0000,0.0000,0,stuck_too_long
2132,101,-521.09,0.00,10.10,0.0000,0.0000,0,stuck_too_long
2133,101,-520.96,0.00,10.10,0.0000,0.0000,0,stuck_too_long
2134,101,-520.61,0.00,10.10,0.0000,0.0000,0,stuck_too_long
2135,101,-522.06,0.00,10.10,0.0000,0.0000,0,stuck_too_long
2136,101,-522.37,0.00,10.10,0.0000,0.0000,0,stuck_too_long
2137,101,-521.10,0.00,10.10,0.0000,0.0000,0,stuck_too_long
2138,101,-520.70,0.00,10.10,0.0000,0.0000,0,stuck_too_long
2139,101,-522.16,0.00,10.10,0.0000,0.0000,0,stuck_too_long
2140,101,-520.95,0.00,10.10,0.0000,0.0000,0,stuck_too_long
2439,101,-521.81,0.00,10.10,0.0000,0.0000,0,stuck_too_long
2440,101,-521.69,0.00,10.10,0.0000,0.0000,0,stuck_too_long
2441,101,-520.99,0.00,10.10,0.0000,0.0000,0,stuck_too_long
2442,101,-521.80,0.00,10.10,0.0000,0.0000,0,stuck_too_long
2443,101,-520.63,0.00,10.10,0.0000,0.0000,0,stuck_too_long
2444,101,-519.95,0.00,10.10,0.0000,0.0000,0,stuck_too_long
2445,101,-521.09,0.00,10.10,0.0000,0.0000,0,stuck_too_long
2446,101,-521.40,0.00,10.10,0.0000,0.0000,0,stuck_too_long
2447,101,-521.15,0.00,10.10,0.0000,0.0000,0,stuck_too_long
2448,101,-521.72,0.00,10.10,0.0000,0.0000,0,stuck_too_long
2449,101,-520.21,0.00,10.10,0.0000,0.0000,0,stuck_too_long
2450,101,-521.82,0.00,10.10,0.0000,0.0000,0,stuck_too_long
2451,101,-521.08,0.00,10.10,0.0000,0.0000,0,stuck_too_long
2452,101,-521.40,0.00,10.10,0.0000,0.0000,0,stuck_too_long
2453,101,-521.98,0.00,10.10,0.0000,0.0000,0,stuck_too_long
2454,101,-522.17,0.00,10.10,0.0000,0.0000,0,stuck_too_long
2455,101,-520.62,0.00,10.10,0.0000,0.0000,0,stuck_too_long
2456,101,-521.07,0.00,10.10,0.0000,0.0000,0,stuck_too_long
2457,101,-521.18,0.00,10.10,0.0000,0.0000,0,stuck_too_long
2458,101,-520.24,0.00,10.10,0.0000,0.0000,0,stuck_too_long
2141,101,-522.12,0.00,10.10,0.0000,0.0000,0,stuck_too_long
2142,101,-521.77,0.00,10.10,0.0000,0.0000,0,stuck_too_long
2143,101,-520.82,0.00,10.10,0.0000,0.0000,0,stuck_too_long
2144,101,-521.19,0.00,10.10,0.0000,0.0000,0,stuck_too_long
2145,101,-521.06,0.00,10.10,0.0000,0.0000,0,stuck_too_long
2146,101,-521.22,0.00,10.10,0.0000,0.0000,0,stuck_too_long
2147,101,-521.39,0.00,10.10,0.0000,0.0000,0,stuck_too_long
2148,101,-522.28,0.00,10.10,0.0000,0.0000,0,stuck_too_long
2149,101,-522.88,0.00,10.10,0.0000,0.0000,0,stuck_too_long
2150,101,-521.39,0.00,10.10,0.0000,0.0000,0,stuck_too_long
2459,101,-520.24,0.00,10.10,0.0000,0.0000,0,stuck_too_long
2460,101,-521.63,0.00,10.10,0.0000,0.0000,0,stuck_too_long
2461,101,-520.62,0.00,10.10,0.0000,0.0000,0,stuck_too_long
2462,101,-521.14,0.00,10.10,0.0000,0.0000,0,stuck_too_long
2463,101,-520.90,0.00,10.10,0.0000,0.0000,0,stuck_too_long
2464,101,-521.31,0.00,10.10,0.0000,0.0000,0,stuck_too_long
2465,101,-521.47,0.00,10.10,0.0000,0.0000,0,stuck_too_long
2466,101,-521.20,0.00,10.10,0.0000,0.0000,0,stuck_too_long
2467,101,-520.85,0.00,10.10,0.0000,0.0000,0,stuck_too_long
2468,101,-521.46,0.00,10.10,0.0000,0.0000,0,stuck_too_long
2469,101,-521.44,0.00,10.10,0.0000,0.0000,0,stuck_too_long
2470,101,-521.11,0.00,10.10,0.0000,0.0000,0,stuck_too_long
2471,101,-520.89,0.00,10.10,0.0000,0.0000,0,stuck_too_long
2472,101,-520.88,0.00,10.10,0.0000,0.0000,0,stuck_too_long
2473,101,-520.71,0.00,10.10,0.0000,0.0000,0,stuck_too_long
2474,101,-520.99,0.00,10.10,0.0000,0.0000,0,stuck_too_long
2475,101,-521.08,0.00,10.10,0.0000,0.0000,0,stuck_too_long
2476,101,-522.01,0.00,10.10,0.0000,0.0000,0,stuck_too_long
2477,101,-521.04,0.00,10.10,0.0000,0.0000,0,stuck_too_long
2478,101,-522.09,0.00,10.10,0.0000,0.0000,0,stuck_too_long
2151,101,-521.89,0.00,10.10,0.0000,0.0000,0,stuck_too_long
2152,101,-520.89,0.00,10.10,0.0000,0.0000,0,stuck_too_long
2153,101,-521.16,0.00,10.10,0.0000,0.0000,0,stuck_too_long
2154,101,-521.92,0.00,10.10,0.0000,0.0000,0,stuck_too_long
2155,101,-522.11,0.00,10.10,0.0000,0.0000,0,stuck_too_long
2156,101,-520.10,0.00,10.10,0.0000,0.0000,0,stuck_too_long
2157,101,-521.83,0.00,10.10,0.0000,0.0000,0,stuck_too_long
2158,101,-522.33,0.00,10.10,0.0000,0.0000,0,stuck_too_long
2159,101,-520.69,0.00,10.10,0.0000,0.0000,0,stuck_too_long
2160,101,-521.11,0.00,10.10,0.0000,0.0000,0,stuck_too_long
2479,101,-519.13,0.00,10.10,0.0000,0.0000,0,stuck_too_long
2480,101,-520.09,0.00,10.10,0.0000,0.0000,0,stuck_too_long
2481,101,-522.68,0.00,10.10,0.0000,0.0000,0,stuck_too_long
2482,101,-521.37,0.00,10.10,0.0000,0.0000,0,stuck_too_long
2483,101,-521.25,0.00,10.10,0.0000,0.0000,0,stuck_too_long
2484,101,-521.28,0.00,10.10,0.0000,0.0000,0,stuck_too_long
2485,101,-522.30,0.00,10.10,0.0000,0.0000,0,stuck_too_long
2486,101,-520.93,0.00,10.10,0.0000,0.0000,0,stuck_too_long
2487,101,-521.85,0.00,10.10,0.0000,0.0000,0,stuck_too_long
2488,101,-522.42,0.00,10.10,0.0000,0.0000,0,stuck_too_long
2489,101,-521.83,0.00,10.10,0.0000,0.0000,0,stuck_too_long
2490,101,-521.04,0.00,10.10,0.0000,0.0000,0,stuck_too_long
2491,101,-521.35,0.00,10.10,0.0000,0.0000,0,stuck_too_long
2492,101,-521.92,0.00,10.10,0.0000,0.0000,0,stuck_too_long
2493,101,-521.63,0.00,10.10,0.0000,0.0000,0,stuck_too_long
2494,101,-521.20,0.00,10.10,0.0000,0.0000,0,stuck_too_long
2495,101,-521.83,0.00,10.10,0.0000,0.0000,0,stuck_too_long
2496,101,-521.12,0.00,10.10,0.0000,0.0000,0,stuck_too_long
2497,101,-521.00,0.00,10.10,0.0000,0.0000,0,stuck_too_long
2498,101,-521.09,0.00,10.10,0.0000,0.0000,0,stuck_too_long
2499,101,-520.60,0.00,10.10,0.0000,0.0000,0,stuck_too_long
2161,101,-522.71,0.00,10.10,0.0000,0.0000,0,stuck_too_long
2162,101,-521.57,0.00,10.10,0.0000,0.0000,0,stuck_too_long
2163,101,-521.65,0.00,10.10,0.0000,0.0000,0,stuck_too_long
2164,101,-521.37,0.00,10.10,0.0000,0.0000,0,stuck_too_long
2165,101,-521.69,0.00,10.10,0.0000,0.0000,0,stuck_too_long
2166,101,-521.83,0.00,10.10,0.0000,0.0000,0,stuck_too_long
2167,101,-521.48,0.00,10.10,0.0000,0.0000,0,stuck_too_long
2168,101,-521.39,0.00,10.10,0.0000,0.0000,0,stuck_too_long
2169,101,-520.99,0.00,10.10,0.0000,0.0000,0,stuck_too_long
2170,101,-521.92,0.00,10.10,0.0000,0.0000,0,stuck_too_long
2500,101,-520.83,0.00,10.10,0.0000,0.0000,0,stuck_too_long
2501,101,-521.88,0.00,10.10,0.0000,0.0000,0,stuck_too_long
2502,101,-520.32,0.00,10.10,0.0000,0.0000,0,stuck_too_long
2503,101,-521.25,0.00,10.10,0.0000,0.0000,0,stuck_too_long
2504,101,-522.50,0.00,10.10,0.0000,0.0000,0,stuck_too_long
2505,101,-522.42,0.00,10.10,0.0000,0.0000,0,stuck_too_long
2506,101,-522.54,0.00,10.10,0.0000,0.0000,0,stuck_too_long
2507,101,-522.09,0.00,10.10,0.0000,0.0000,0,stuck_too_long
2508,101,-521.35,0.00,10.10,0.0000,0.0000,0,stuck_too_long
2509,101,-521.14,0.00,10.10,0.0000,0.0000,0,stuck_too_long
2510,101,-522.61,0.00,10.10,0.0000,0.0000,0,stuck_too_long
2511,101,-522.93,0.00,10.10,0.0000,0.0000,0,stuck_too_long
2512,101,-522.22,0.00,10.10,0.0000,0.0000,0,stuck_too_long
2513,101,-521.11,0.00,10.10,0.0000,0.0000,0,stuck_too_long
2514,101,-521.86,0.00,10.10,0.0000,0.0000,0,stuck_too_long
2515,101,-520.96,0.00,10.10,0.0000,0.0000,0,stuck_too_long
2516,101,-521.25,0.00,10.10,0.0000,0.0000,0,stuck_too_long
2517,101,-522.25,0.00,10.10,0.0000,0.0000,0,stuck_too_long
2518,101,-522.09,0.00,10.10,0.0000,0.0000,0,stuck_too_long
2519,101,-520.72,0.00,10.10,0.0000,0.0000,0,stuck_too_long
2171,101,-521.43,0.00,10.10,0.0000,0.0000,0,stuck_too_long
2172,101,-521.51,0.00,10.10,0.0000,0.0000,0,stuck_too_long
2173,101,-522.06,0.00,10.10,0.0000,0.0000,0,stuck_too_long
2174,101,-521.82,0.00,10.10,0.0000,0.0000,0,stuck_too_long
2175,101,-522.51,0.00,10.10,0.0000,0.0000,0,stuck_too_long
2176,101,-522.10,0.00,10.10,0.0000,0.0000,0,stuck_too_long
2177,101,-521.59,0.00,10.10,0.0000,0.0000,0,stuck_too_long
2178,101,-522.97,0.00,10.10,0.0000,0.0000,0,stuck_too_long
2179,101,-522.49,0.00,10.10,0.0000,0.0000,0,stuck_too_long
2180,101,-521.93,0.00,10.10,0.0000,0.0000,0,stuck_too_long
2520,101,-521.90,0.00,10.10,0.0000,0.0000,0,stuck_too_long
2521,101,-522.43,0.00,10.10,0.0000,0.0000,0,stuck_too_long
2522,101,-521.94,0.00,10.10,0.0000,0.0000,0,stuck_too_long
2523,101,-520.79,0.00,10.10,0.0000,0.0000,0,stuck_too_long
2524,101,-521.81,0.00,10.10,0.0000,0.0000,0,stuck_too_long
2525,101,-522.61,0.00,10.10,0.0000,0.0000,0,stuck_too_long
2526,101,-521.34,0.00,10.10,0.0000,0.0000,0,stuck_too_long
2527,101,-521.97,0.00,10.10,0.0000,0.0000,0,stuck_too_long
2528,101,-521.46,0.00,10.10,0.0000,0.0000,0,stuck_too_long
2529,101,-522.66,0.00,10.10,0.0000,0.0000,0,stuck_too_long
2530,101,-521.10,0.00,10.10,0.0000,0.0000,0,stuck_too_long
2531,101,-521.52,0.00,10.10,0.0000,0.0000,0,stuck_too_long
2532,101,-521.75,0.00,10.10,0.0000,0.0000,0,stuck_too_long
2533,101,-521.57,0.00,10.10,0.0000,0.0000,0,stuck_too_long
2534,101,-521.60,0.00,10.10,0.0000,0.0000,0,stuck_too_long
2535,101,-521.91,0.00,10.10,0.0000,0.0000,0,stuck_too_long
2536,101,-520.75,0.00,10.10,0.0000,0.0000,0,stuck_too_long
2537,101,-521.28,0.00,10.10,0.0000,0.0000,0,stuck_too_long
2538,101,-521.78,0.00,10.10,0.0000,0.0000,0,stuck_too_long
2539,101,-521.39,0.00,10.10,0.0000,0.0000,0,stuck_too_long
2181,101,-521.52,0.00,10.10,0.0000,0.0000,0,stuck_too_long
2182,101,-521.96,0.00,10.10,0.0000,0.0000,0,stuck_too_long
2183,101,-520.96,0.00,10.10,0.0000,0.0000,0,stuck_too_long
2184,101,-521.41,0.00,10.10,0.0000,0.0000,0,stuck_too_long
2185,101,-521.37,0.00,10.10,0.0000,0.0000,0,stuck_too_long
2186,101,-521.70,0.00,10.10,0.0000,0.0000,0,stuck_too_long
2187,101,-520.60,0.00,10.10,0.0000,0.0000,0,stuck_too_long
2188,101,-522.21,0.00,10.10,0.0000,0.0000,0,stuck_too_long
2189,101,-521.51,0.00,10.10,0.0000,0.0000,0,stuck_too_long
2190,101,-522.40,0.00,10.10,0.0000,0.0000,0,stuck_too_long
2540,101,-521.59,0.00,10.10,0.0000,0.0000,0,stuck_too_long
2541,101,-521.55,0.00,10.10,0.0000,0.0000,0,stuck_too_long
2542,101,-522.01,0.00,10.10,0.0000,0.0000,0,stuck_too_long
2543,101,-522.31,0.00,10.10,0.0000,0.0000,0,stuck_too_long
2544,101,-521.00,0.00,10.10,0.0000,0.0000,0,stuck_too_long
2545,101,-521.22,0.00,10.10,0.0000,0.0000,0,stuck_too_long
2546,101,-520.34,0.00,10.10,0.0000,0.0000,0,stuck_too_long
2547,101,-521.62,0.00,10.10,0.0000,0.0000,0,stuck_too_long
2548,101,-521.28,0.00,10.10,0.0000,0.0000,0,stuck_too_long
2549,101,-521.41,0.00,10.10,0.0000,0.0000,0,stuck_too_long
2550,101,-523.12,0.00,10.10,0.0000,0.0000,0,stuck_too_long
2551,101,-521.50,0.00,10.10,0.0000,0.0000,0,stuck_too_long
2552,101,-521.85,0.00,10.10,0.0000,0.0000,0,stuck_too_long
2553,101,-522.21,0.00,10.10,0.0000,0.0000,0,stuck_too_long
2554,101,-522.21,0.00,10.10,0.0000,0.0000,0,stuck_too_long
2555,101,-522.48,0.00,10.10,0.0000,0.0000,0,stuck_too_long
2556,101,-522.40,0.00,10.10,0.0000,0.0000,0,stuck_too_long
2557,101,-521.02,0.00,10.10,0.0000,0.0000,0,stuck_too_long
2558,101,-521.05,0.00,10.10,0.0000,0.0000,0,stuck_too_long
2559,101,-520.84,0.00,10.10,0.0000,0.0000,0,stuck_too_long
2191,101,-522.25,0.00,10.10,0.0000,0.0000,0,stuck_too_long
2192,101,-521.67,0.00,10.10,0.0000,0.0000,0,stuck_too_long
2193,101,-522.13,0.00,10.10,0.0000,0.0000,0,stuck_too_long
2194,101,-521.46,0.00,10.10,0.0000,0.0000,0,stuck_too_long
2195,101,-521.12,0.00,10.10,0.0000,0.0000,0,stuck_too_long
2196,101,-522.60,0.00,10.10,0.0000,0.0000,0,stuck_too_long
2197,101,-521.64,0.00,10.10,0.0000,0.0000,0,stuck_too_long
2198,101,-522.41,0.00,10.10,0.0000,0.0000,0,stuck_too_long
2199,101,-521.80,0.00,10.10,0.0000,0.0000,0,stuck_too_long
2200,101,-522.20,0.00,10.10,0.0000,0.0000,0,stuck_too_long
2560,101,-521.63,0.00,10.10,0.0000,0.0000,0,stuck_too_long
2561,101,-522.24,0.00,10.10,0.0000,0.0000,0,stuck_too_long
2562,101,-522.38,0.00,10.10,0.0000,0.0000,0,stuck_too_long
2563,101,-522.23,0.00,10.10,0.0000,0.0000,0,stuck_too_long
2564,101,-521.04,0.00,10.10,0.0000,0.0000,0,stuck_too_long
2565,101,-522.16,0.00,10.10,0.0000,0.0000,0,stuck_too_long
2566,101,-521.62,0.00,10.10,0.0000,0.0000,0,stuck_too_long
2567,101,-521.21,0.00,10.10,0.0000,0.0000,0,stuck_too_long
2568,101,-522.19,0.00,10.10,0.0000,0.0000,0,stuck_too_long
2569,101,-522.33,0.00,10.10,0.0000,0.0000,0,stuck_too_long
2570,101,-523.35,0.00,10.10,0.0000,0.0000,0,stuck_too_long
2571,101,-523.57,0.00,10.10,0.0000,0.0000,0,stuck_too_long
2572,101,-520.69,0.00,10.10,0.0000,0.0000,0,stuck_too_long
2573,101,-521.87,0.00,10.10,0.0000,0.0000,0,stuck_too_long
2574,101,-521.93,0.00,10.10,0.0000,0.0000,0,stuck_too_long
2575,101,-521.12,0.00,10.10,0.0000,0.0000,0,stuck_too_long
2576,101,-521.25,0.00,10.10,0.0000,0.0000,0,stuck_too_long
2577,101,-521.34,0.00,10.10,0.0000,0.0000,0,stuck_too_long
2578,101,-522.37,0.00,10.10,0.0000,0.0000,0,stuck_too_long
2579,101,-522.71,0.00,10.10,0.0000,0.0000,0,stuck_too_long
2580,101,-521.35,0.00,10.10,0.0000,0.0000,0,stuck_too_long
2201,101,-522.38,0.00,10.10,0.0000,0.0000,0,stuck_too_long
2202,101,-521.71,0.00,10.10,0.0000,0.0000,0,stuck_too_long
2203,101,-521.62,0.00,10.10,0.0000,0.0000,0,stuck_too_long
2204,101,-522.40,0.00,10.10,0.0000,0.0000,0,stuck_too_long
2205,101,-522.71,0.00,10.10,0.0000,0.0000,0,stuck_too_long
2206,101,-521.28,0.00,10.10,0.0000,0.0000,0,stuck_too_long
2207,101,-520.38,0.00,10.10,0.0000,0.0000,0,stuck_too_long
2208,101,-522.09,0.00,10.10,0.0000,0.0000,0,stuck_too_long
2209,101,-522.62,0.00,10.10,0.0000,0.0000,0,stuck_too_long
2210,101,-520.43,0.00,10.10,0.0000,0.0000,0,stuck_too_long
2581,101,-521.72,0.00,10.10,0.0000,0.0000,0,stuck_too_long
2582,101,-522.47,0.00,10.10,0.0000,0.0000,0,stuck_too_long
2583,101,-522.78,0.00,10.10,0.0000,0.0000,0,stuck_too_long
2584,101,-521.59,0.00,10.10,0.0000,0.0000,0,stuck_too_long
2585,101,-521.82,0.00,10.10,0.0000,0.0000,0,stuck_too_long
2586,101,-521.57,0.00,10.10,0.0000,0.0000,0,stuck_too_long
2587,101,-521.90,0.00,10.10,0.0000,0.0000,0,stuck_too_long
2588,101,-521.59,0.00,10.10,0.0000,0.0000,0,stuck_too_long
2589,101,-522.75,0.00,10.10,0.0000,0.0000,0,stuck_too_long
2590,101,-522.04,0.00,10.10,0.0000,0.0000,0,stuck_too_long
2591,101,-521.59,0.00,10.10,0.0000,0.0000,0,stuck_too_long
2592,101,-522.23,0.00,10.10,0.0000,0.0000,0,stuck_too_long
2593,101,-521.90,0.00,10.10,0.0000,0.0000,0,stuck_too_long
2594,101,-521.74,0.00,10.10,0.0000,0.0000,0,stuck_too_long
2595,101,-521.49,0.00,10.10,0.0000,0.0000,0,stuck_too_long
2596,101,-522.70,0.00,10.10,0.0000,0.0000,0,stuck_too_long
2597,101,-521.62,0.00,10.10,0.0000,0.0000,0,stuck_too_long
2598,101,-520.18,0.00,10.10,0.0000,0.0000,0,stuck_too_long
2599,101,-520.92,0.00,10.10,0.0000,0.0000,0,stuck_too_long
2600,101,-521.69,0.00,10.10,0.0000,0.0000,0,stuck_too_long
2211,101,-522.38,0.00,10.10,0.0000,0.0000,0,stuck_too_long
2212,101,-521.21,0.00,10.10,0.0000,0.0000,0,stuck_too_long
2213,101,-522.64,0.00,10.10,0.0000,0.0000,0,stuck_too_long
2214,101,-521.57,0.00,10.10,0.0000,0.0000,0,stuck_too_long
2215,101,-523.26,0.00,10.10,0.0000,0.0000,0,stuck_too_long
2216,101,-521.75,0.00,10.10,0.0000,0.0000,0,stuck_too_long
2217,101,-521.05,0.00,10.10,0.0000,0.0000,0,stuck_too_long
2218,101,-521.23,0.00,10.10,0.0000,0.0000,0,stuck_too_long
2219,101,-521.26,0.00,10.10,0.0000,0.0000,0,stuck_too_long
2220,101,-521.72,0.00,10.10,0.0000,0.0000,0,stuck_too_long
2601,101,-521.31,0.00,10.10,0.0000,0.0000,0,stuck_too_long
2602,101,-521.76,0.00,10.10,0.0000,0.0000,0,stuck_too_long
2603,101,-522.79,0.00,10.10,0.0000,0.0000,0,stuck_too_long
2604,101,-521.45,0.00,10.10,0.0000,0.0000,0,stuck_too_long
2605,101,-522.01,0.00,10.10,0.0000,0.0000,0,stuck_too_long
2606,101,-520.89,0.00,10.10,0.0000,0.0000,0,stuck_too_long
2607,101,-521.07,0.00,10.10,0.0000,0.0000,0,stuck_too_long
2608,101,-523.09,0.00,10.10,0.0000,0.0000,0,stuck_too_long
2609,101,-522.05,0.00,10.10,0.0000,0.0000,0,stuck_too_long
2610,101,-521.29,0.00,10.10,0.0000,0.0000,0,stuck_too_long
2611,101,-521.41,0.00,10.10,0.0000,0.0000,0,stuck_too_long
2612,101,-520.77,0.00,10.10,0.0000,0.0000,0,stuck_too_long
2613,101,-520.91,0.00,10.10,0.0000,0.0000,0,stuck_too_long
2614,101,-521.39,0.00,10.10,0.0000,0.0000,0,stuck_too_long
2615,101,-521.86,0.00,10.10,0.0000,0.0000,0,stuck_too_long
2616,101,-521.16,0.00,10.10,0.0000,0.0000,0,stuck_too_long
2617,101,-520.88,0.00,10.10,0.0000,0.0000,0,stuck_too_long
2618,101,-522.02,0.00,10.10,0.0000,0.0000,0,stuck_too_long
2619,101,-522.46,0.00,10.10,0.0000,0.0000,0,stuck_too_long
2620,101,-522.23,0.00,10.10,0.0000,0.0000,0,stuck_too_long
2221,101,-522.71,0.00,10.10,0.0000,0.0000,0,stuck_too_long
2222,101,-521.78,0.00,10.10,0.0000,0.0000,0,stuck_too_long
2223,101,-520.90,0.00,10.10,0.0000,0.0000,0,stuck_too_long
2224,101,-522.46,0.00,10.10,0.0000,0.0000,0,stuck_too_long
2225,101,-522.27,0.00,10.10,0.0000,0.0000,0,stuck_too_long
2226,101,-521.29,0.00,10.10,0.0000,0.0000,0,stuck_too_long
2227,101,-523.06,0.00,10.10,0.0000,0.0000,0,stuck_too_long
2228,101,-521.43,0.00,10.10,0.0000,0.0000,0,stuck_too_long
2229,101,-522.24,0.00,10.10,0.0000,0.0000,0,stuck_too_long
2230,101,-522.51,0.00,10.10,0.0000,0.0000,0,stuck_too_long
2621,101,-522.87,0.00,10.10,0.0000,0.0000,0,stuck_too_long
2622,101,-521.08,0.00,10.10,0.0000,0.0000,0,stuck_too_long
2623,101,-522.24,0.00,10.10,0.0000,0.0000,0,stuck_too_long
2624,101,-521.40,0.00,10.10,0.0000,0.0000,0,stuck_too_long
2625,101,-521.45,0.00,10.10,0.0000,0.0000,0,stuck_too_long
2626,101,-521.20,0.00,10.10,0.0000,0.0000,0,stuck_too_long
2627,101,-522.77,0.00,10.10,0.0000,0.0000,0,stuck_too_long
2628,101,-521.21,0.00,10.10,0.0000,0.0000,0,stuck_too_long
2629,101,-521.58,0.00,10.10,0.0000,0.0000,0,stuck_too_long
2630,101,-522.08,0.00,10.10,0.0000,0.0000,0,stuck_too_long
2631,101,-521.92,0.00,10.10,0.0000,0.0000,0,stuck_too_long
2632,101,-521.02,0.00,10.10,0.0000,0.0000,0,stuck_too_long
2633,101,-521.54,0.00,10.10,0.0000,0.0000,0,stuck_too_long
2634,101,-522.60,0.00,10.10,0.0000,0.0000,0,stuck_too_long
2635,101,-522.16,0.00,10.10,0.0000,0.0000,0,stuck_too_long
2636,101,-522.09,0.00,10.10,0.0000,0.0000,0,stuck_too_long
2637,101,-521.53,0.00,10.10,0.0000,0.0000,0,stuck_too_long
2638,101,-521.73,0.00,10.10,0.0000,0.0000,0,stuck_too_long
2639,101,-521.98,0.00,10.10,0.0000,0.0000,0,stuck_too_long
2640,101,-521.42,0.00,10.10,0.0000,0.0000,0,stuck_too_long
2231,101,-522.20,0.00,10.10,0.0000,0.0000,0,stuck_too_long
2232,101,-521.84,0.00,10.10,0.0000,0.0000,0,stuck_too_long
2233,101,-522.07,0.00,10.10,0.0000,0.0000,0,stuck_too_long
2234,101,-521.72,0.00,10.10,0.0000,0.0000,0,stuck_too_long
2235,101,-520.71,0.00,10.10,0.0000,0.0000,0,stuck_too_long
2236,101,-521.52,0.00,10.10,0.0000,0.0000,0,stuck_too_long
2237,101,-520.17,0.00,10.10,0.0000,0.0000,0,stuck_too_long
2238,101,-521.61,0.00,10.10,0.0000,0.0000,0,stuck_too_long
2239,101,-521.37,0.00,10.10,0.0000,0.0000,0,stuck_too_long
2240,101,-521.37,0.00,10.10,0.0000,0.0000,0,stuck_too_long
2641,101,-520.46,0.00,10.10,0.0000,0.0000,0,stuck_too_long
2642,101,-522.14,0.00,10.10,0.0000,0.0000,0,stuck_too_long
2643,101,-521.65,0.00,10.10,0.0000,0.0000,0,stuck_too_long
2644,101,-522.47,0.00,10.10,0.0000,0.0000,0,stuck_too_long
2645,101,-521.71,0.00,10.10,0.0000,0.0000,0,stuck_too_long
2646,101,-521.48,0.00,10.10,0.0000,0.0000,0,stuck_too_long
2647,101,-522.96,0.00,10.10,0.0000,0.0000,0,stuck_too_long
2648,101,-521.52,0.00,10.10,0.0000,0.0000,0,stuck_too_long
2649,101,-522.53,0.00,10.10,0.0000,0.0000,0,stuck_too_long
2650,101,-522.01,0.00,10.10,0.0000,0.0000,0,stuck_too_long
2651,101,-521.13,0.00,10.10,0.0000,0.0000,0,stuck_too_long
2652,101,-522.42,0.00,10.10,0.0000,0.0000,0,stuck_too_long
2653,101,-522.25,0.00,10.10,0.0000,0.0000,0,stuck_too_long
2654,101,-522.45,0.00,10.10,0.0000,0.0000,0,stuck_too_long
2655,101,-523.54,0.00,10.10,0.0000,0.0000,0,stuck_too_long
2656,101,-521.60,0.00,10.10,0.0000,0.0000,0,stuck_too_long
2657,101,-522.19,0.00,10.10,0.0000,0.0000,0,stuck_too_long
2658,101,-522.43,0.00,10.10,0.0000,0.0000,0,stuck_too_long
2659,101,-520.73,0.00,10.10,0.0000,0.0000,0,stuck_too_long
2660,101,-522.46,0.00,10.10,0.0000,0.0000,0,stuck_too_long
2661,101,-520.90,0.00,10.10,0.0000,0.0000,0,stuck_too_long
2241,101,-521.42,0.00,10.10,0.0000,0.0000,0,stuck_too_long
2242,101,-522.12,0.00,10.10,0.0000,0.0000,0,stuck_too_long
2243,101,-520.67,0.00,10.10,0.0000,0.0000,0,stuck_too_long
2244,101,-522.06,0.00,10.10,0.0000,0.0000,0,stuck_too_long
2245,101,-521.47,0.00,10.10,0.0000,0.0000,0,stuck_too_long
2246,101,-522.32,0.00,10.10,0.0000,0.0000,0,stuck_too_long
2247,101,-522.53,0.00,10.10,0.0000,0.0000,0,stuck_too_long
2248,101,-520.97,0.00,10.10,0.0000,0.0000,0,stuck_too_long
2249,101,-523.39,0.00,10.10,0.0000,0.0000,0,stuck_too_long
2250,101,-521.55,0.00,10.10,0.0000,0.0000,0,stuck_too_long
2662,101,-520.66,0.00,10.10,0.0000,0.0000,0,stuck_too_long
2663,101,-522.86,0.00,10.10,0.0000,0.0000,0,stuck_too_long
2664,101,-521.06,0.00,10.10,0.0000,0.0000,0,stuck_too_long
2665,101,-521.73,0.00,10.10,0.0000,0.0000,0,stuck_too_long
2666,101,-520.96,0.00,10.10,0.0000,0.0000,0,stuck_too_long
2667,101,-522.52,0.00,10.10,0.0000,0.0000,0,stuck_too_long
2668,101,-521.77,0.00,10.10,0.0000,0.0000,0,stuck_too_long
2669,101,-521.52,0.00,10.10,0.0000,0.0000,0,stuck_too_long
2670,101,-522.15,0.00,10.10,0.0000,0.0000,0,stuck_too_long
2671,101,-522.38,0.00,10.10,0.0000,0.0000,0,stuck_too_long
2672,101,-520.95,0.00,10.10,0.0000,0.0000,0,stuck_too_long
2673,101,-523.94,0.00,10.10,0.0000,0.0000,0,stuck_too_long
2674,101,-521.03,0.00,10.10,0.0000,0.0000,0,stuck_too_long
2675,101,-521.39,0.00,10.10,0.0000,0.0000,0,stuck_too_long
2676,101,-521.90,0.00,10.10,0.0000,0.0000,0,stuck_too_long
2677,101,-521.55,0.00,10.10,0.0000,0.0000,0,stuck_too_long
2678,101,-521.43,0.00,10.10,0.0000,0.0000,0,stuck_too_long
2679,101,-520.86,0.00,10.10,0.0000,0.0000,0,stuck_too_long
2680,101,-521.68,0.00,10.10,0.0000,0.0000,0,stuck_too_long
2681,101,-520.71,0.00,10.10,0.0000,0.0000,0,stuck_too_long
2251,101,-521.33,0.00,10.10,0.0000,0.0000,0,stuck_too_long
2252,101,-521.39,0.00,10.10,0.0000,0.0000,0,stuck_too_long
2253,101,-521.57,0.00,10.10,0.0000,0.0000,0,stuck_too_long
2254,101,-522.05,0.00,10.10,0.0000,0.0000,0,stuck_too_long
2255,101,-522.56,0.00,10.10,0.0000,0.0000,0,stuck_too_long
2256,101,-522.45,0.00,10.10,0.0000,0.0000,0,stuck_too_long
2257,101,-521.14,0.00,10.10,0.0000,0.0000,0,stuck_too_long
2258,101,-522.20,0.00,10.10,0.0000,0.0000,0,stuck_too_long
2259,101,-521.77,0.00,10.10,0.0000,0.0000,0,stuck_too_long
2260,101,-522.03,0.00,10.10,0.0000,0.0000,0,stuck_too_long
2682,101,-521.37,0.00,10.10,0.0000,0.0000,0,stuck_too_long
2683,101,-521.76,0.00,10.10,0.0000,0.0000,0,stuck_too_long
2684,101,-521.33,0.00,10.10,0.0000,0.0000,0,stuck_too_long
2685,101,-522.05,0.00,10.10,0.0000,0.0000,0,stuck_too_long
2686,101,-521.95,0.00,10.10,0.0000,0.0000,0,stuck_too_long
2687,101,-521.92,0.00,10.10,0.0000,0.0000,0,stuck_too_long
2688,101,-522.08,0.00,10.10,0.0000,0.0000,0,stuck_too_long
2689,101,-521.58,0.00,10.10,0.0000,0.0000,0,stuck_too_long
2690,101,-521.29,0.00,10.10,0.0000,0.0000,0,stuck_too_long
2691,101,-522.34,0.00,10.10,0.0000,0.0000,0,stuck_too_long
2692,101,-522.48,0.00,10.10,0.0000,0.0000,0,stuck_too_long
2693,101,-520.75,0.00,10.10,0.0000,0.0000,0,stuck_too_long
2694,101,-521.53,0.00,10.10,0.0000,0.0000,0,stuck_too_long
2695,101,-521.08,0.00,10.10,0.0000,0.0000,0,stuck_too_long
2696,101,-522.06,0.00,10.10,0.0000,0.0000,0,stuck_too_long
2697,101,-521.71,0.00,10.10,0.0000,0.0000,0,stuck_too_long
2698,101,-522.63,0.00,10.10,0.0000,0.0000,0,stuck_too_long
2699,101,-520.51,0.00,10.10,0.0000,0.0000,0,stuck_too_long
2700,101,-521.87,0.00,10.10,0.0000,0.0000,0,stuck_too_long
2701,101,-522.38,0.00,10.10,0.0000,0.0000,0,stuck_too_long
2261,101,-521.29,0.00,10.10,0.0000,0.0000,0,stuck_too_long
2262,101,-522.61,0.00,10.10,0.0000,0.0000,0,stuck_too_long
2263,101,-521.80,0.00,10.10,0.0000,0.0000,0,stuck_too_long
2264,101,-522.56,0.00,10.10,0.0000,0.0000,0,stuck_too_long
2265,101,-522.44,0.00,10.10,0.0000,0.0000,0,stuck_too_long
2266,101,-521.79,0.00,10.10,0.0000,0.0000,0,stuck_too_long
2267,101,-521.51,0.00,10.10,0.0000,0.0000,0,stuck_too_long
2268,101,-523.56,0.00,10.10,0.0000,0.0000,0,stuck_too_long
2269,101,-520.95,0.00,10.10,0.0000,0.0000,0,stuck_too_long
2270,101,-521.70,0.00,10.10,0.0000,0.0000,0,stuck_too_long
2702,101,-521.74,0.00,10.10,0.0000,0.0000,0,stuck_too_long
2703,101,-521.89,0.00,10.10,0.0000,0.0000,0,stuck_too_long
2704,101,-522.16,0.00,10.10,0.0000,0.0000,0,stuck_too_long
2705,101,-522.51,0.00,10.10,0.0000,0.0000,0,stuck_too_long
2706,101,-522.17,0.00,10.10,0.0000,0.0000,0,stuck_too_long
2707,101,-522.52,0.00,10.10,0.0000,0.0000,0,stuck_too_long
2708,101,-522.02,0.00,10.10,0.0000,0.0000,0,stuck_too_long
2709,101,-520.78,0.00,10.10,0.0000,0.0000,0,stuck_too_long
2710,101,-521.77,0.00,10.10,0.0000,0.0000,0,stuck_too_long
2711,101,-522.67,0.00,10.10,0.0000,0.0000,0,stuck_too_long
2712,101,-521.93,0.00,10.10,0.0000,0.0000,0,stuck_too_long
2713,101,-521.78,0.00,10.10,0.0000,0.0000,0,stuck_too_long
2714,101,-522.57,0.00,10.10,0.0000,0.0000,0,stuck_too_long
2715,101,-522.45,0.00,10.10,0.0000,0.0000,0,stuck_too_long
2716,101,-521.40,0.00,10.10,0.0000,0.0000,0,stuck_too_long
2717,101,-522.90,0.00,10.10,0.0000,0.0000,0,stuck_too_long
2718,101,-521.67,0.00,10.10,0.0000,0.0000,0,stuck_too_long
2719,101,-522.77,0.00,10.10,0.0000,0.0000,0,stuck_too_long
2720,101,-521.92,0.00,10.10,0.0000,0.0000,0,stuck_too_long
2721,101,-520.78,0.00,10.10,0.0000,0.0000,0,stuck_too_long
2722,101,-521.82,0.00,10.10,0.0000,0.0000,0,stuck_too_long
2271,101,-521.71,0.00,10.10,0.0000,0.0000,0,stuck_too_long
2272,101,-523.69,0.00,10.10,0.0000,0.0000,0,stuck_too_long
2273,101,-521.82,0.00,10.10,0.0000,0.0000,0,stuck_too_long
2274,101,-522.70,0.00,10.10,0.0000,0.0000,0,stuck_too_long
2275,101,-521.35,0.00,10.10,0.0000,0.0000,0,stuck_too_long
2276,101,-522.20,0.00,10.10,0.0000,0.0000,0,stuck_too_long
2277,101,-523.72,0.00,10.10,0.0000,0.0000,0,stuck_too_long
2278,101,-521.30,0.00,10.10,0.0000,0.0000,0,stuck_too_long
2279,101,-522.14,0.00,10.10,0.0000,0.0000,0,stuck_too_long
2280,101,-521.62,0.00,10.10,0.0000,0.0000,0,stuck_too_long
2723,101,-522.18,0.00,10.10,0.0000,0.0000,0,stuck_too_long
2724,101,-521.92,0.00,10.10,0.0000,0.0000,0,stuck_too_long
2725,101,-521.99,0.00,10.10,0.0000,0.0000,0,stuck_too_long
2726,101,-521.81,0.00,10.10,0.0000,0.0000,0,stuck_too_long
2727,101,-521.56,0.00,10.10,0.0000,0.0000,0,stuck_too_long
2728,101,-522.89,0.00,10.10,0.0000,0.0000,0,stuck_too_long
2729,101,-522.60,0.00,10.10,0.0000,0.0000,0,stuck_too_long
2730,101,-521.63,0.00,10.10,0.0000,0.0000,0,stuck_too_long
2731,101,-522.64,0.00,10.10,0.0000,0.0000,0,stuck_too_long
2732,101,-522.32,0.00,10.10,0.0000,0.0000,0,stuck_too_long
2733,101,-522.26,0.00,10.10,0.0000,0.0000,0,stuck_too_long
2734,101,-522.47,0.00,10.10,0.0000,0.0000,0,stuck_too_long
2735,101,-522.57,0.00,10.10,0.0000,0.0000,0,stuck_too_long
2736,101,-520.51,0.00,10.10,0.0000,0.0000,0,stuck_too_long
2737,101,-522.34,0.00,10.10,0.0000,0.0000,0,stuck_too_long
2738,101,-520.50,0.00,10.10,0.0000,0.0000,0,stuck_too_long
2739,101,-523.61,0.00,10.10,0.0000,0.0000,0,stuck_too_long
2740,101,-522.11,0.00,10.10,0.0000,0.0000,0,stuck_too_long
2741,101,-521.80,0.00,10.10,0.0000,0.0000,0,stuck_too_long
2742,101,-522.05,0.00,10.10,0.0000,0.0000,0,stuck_too_long
2281,101,-521.08,0.00,10.10,0.0000,0.0000,0,stuck_too_long
2282,101,-522.05,0.00,10.10,0.0000,0.0000,0,stuck_too_long
2283,101,-523.23,0.00,10.10,0.0000,0.0000,0,stuck_too_long
2284,101,-521.66,0.00,10.10,0.0000,0.0000,0,stuck_too_long
2285,101,-523.28,0.00,10.10,0.0000,0.0000,0,stuck_too_long
2286,101,-522.34,0.00,10.10,0.0000,0.0000,0,stuck_too_long
2287,101,-521.71,0.00,10.10,0.0000,0.0000,0,stuck_too_long
2288,101,-521.83,0.00,10.10,0.0000,0.0000,0,stuck_too_long
2289,101,-522.46,0.00,10.10,0.0000,0.0000,0,stuck_too_long
2290,101,-523.19,0.00,10.10,0.0000,0.0000,0,stuck_too_long
2743,101,-522.07,0.00,10.10,0.0000,0.0000,0,stuck_too_long
2744,101,-521.04,0.00,10.10,0.0000,0.0000,0,stuck_too_long
2745,101,-523.05,0.00,10.10,0.0000,0.0000,0,stuck_too_long
2746,101,-521.74,0.00,10.10,0.0000,0.0000,0,stuck_too_long
2747,101,-523.00,0.00,10.10,0.0000,0.0000,0,stuck_too_long
2748,101,-523.33,0.00,10.10,0.0000,0.0000,0,stuck_too_long
2749,101,-521.52,0.00,10.10,0.0000,0.0000,0,stuck_too_long
2750,101,-522.28,0.00,10.10,0.0000,0.0000,0,stuck_too_long
2751,101,-521.65,0.00,10.10,0.0000,0.0000,0,stuck_too_long
2752,101,-522.45,0.00,10.10,0.0000,0.0000,0,stuck_too_long
2753,101,-523.20,0.00,10.10,0.0000,0.0000,0,stuck_too_long
2754,101,-523.05,0.00,10.10,0.0000,0.0000,0,stuck_too_long
2755,101,-521.50,0.00,10.10,0.0000,0.0000,0,stuck_too_long
2756,101,-522.21,0.00,10.10,0.0000,0.0000,0,stuck_too_long
2757,101,-522.44,0.00,10.10,0.0000,0.0000,0,stuck_too_long
2758,101,-522.67,0.00,10.10,0.0000,0.0000,0,stuck_too_long
2759,101,-522.13,0.00,10.10,0.0000,0.0000,0,stuck_too_long
2760,101,-522.22,0.00,10.10,0.0000,0.0000,0,stuck_too_long
2761,101,-520.59,0.00,10.10,0.0000,0.0000,0,stuck_too_long
2762,101,-521.24,0.00,10.10,0.0000,0.0000,0,stuck_too_long
2291,101,-521.87,0.00,10.10,0.0000,0.0000,0,stuck_too_long
2292,101,-521.63,0.00,10.10,0.0000,0.0000,0,stuck_too_long
2293,101,-522.44,0.00,10.10,0.0000,0.0000,0,stuck_too_long
2294,101,-521.68,0.00,10.10,0.0000,0.0000,0,stuck_too_long
2295,101,-522.82,0.00,10.10,0.0000,0.0000,0,stuck_too_long
2296,101,-522.17,0.00,10.10,0.0000,0.0000,0,stuck_too_long
2297,101,-522.13,0.00,10.10,0.0000,0.0000,0,stuck_too_long
2298,101,-523.60,0.00,10.10,0.0000,0.0000,0,stuck_too_long
2299,101,-521.49,0.00,10.10,0.0000,0.0000,0,stuck_too_long
2300,101,-522.37,0.00,10.10,0.0000,0.0000,0,stuck_too_long
2763,101,-522.21,0.00,10.10,0.0000,0.0000,0,stuck_too_long
2764,101,-521.87,0.00,10.10,0.0000,0.0000,0,stuck_too_long
2765,101,-522.25,0.00,10.10,0.0000,0.0000,0,stuck_too_long
2766,101,-522.15,0.00,10.10,0.0000,0.0000,0,stuck_too_long
2767,101,-522.35,0.00,10.10,0.0000,0.0000,0,stuck_too_long
2768,101,-522.32,0.00,10.10,0.0000,0.0000,0,stuck_too_long
2769,101,-522.52,0.00,10.10,0.0000,0.0000,0,stuck_too_long
2770,101,-521.94,0.00,10.10,0.0000,0.0000,0,stuck_too_long
2771,101,-522.07,0.00,10.10,0.0000,0.0000,0,stuck_too_long
2772,101,-521.99,0.00,10.10,0.0000,0.0000,0,stuck_too_long
2773,101,-522.43,0.00,10.10,0.0000,0.0000,0,stuck_too_long
2774,101,-522.62,0.00,10.10,0.0000,0.0000,0,stuck_too_long
2775,101,-522.18,0.00,10.10,0.0000,0.0000,0,stuck_too_long
2776,101,-521.45,0.00,10.10,0.0000,0.0000,0,stuck_too_long
2777,101,-522.24,0.00,10.10,0.0000,0.0000,0,stuck_too_long
2778,101,-521.63,0.00,10.10,0.0000,0.0000,0,stuck_too_long
2779,101,-523.21,0.00,10.10,0.0000,0.0000,0,stuck_too_long
2780,101,-521.32,0.00,10.10,0.0000,0.0000,0,stuck_too_long
2781,101,-523.44,0.00,10.10,0.0000,0.0000,0,stuck_too_long
2782,101,-522.18,0.00,10.10,0.0000,0.0000,0,stuck_too_long
2301,101,-522.25,0.00,10.10,0.0000,0.0000,0,stuck_too_long
2302,101,-522.71,0.00,10.10,0.0000,0.0000,0,stuck_too_long
2303,101,-520.86,0.00,10.10,0.0000,0.0000,0,stuck_too_long
2304,101,-522.51,0.00,10.10,0.0000,0.0000,0,stuck_too_long
2305,101,-522.39,0.00,10.10,0.0000,0.0000,0,stuck_too_long
2306,101,-521.86,0.00,10.10,0.0000,0.0000,0,stuck_too_long
2307,101,-523.92,0.00,10.10,0.0000,0.0000,0,stuck_too_long
2308,101,-522.08,0.00,10.10,0.0000,0.0000,0,stuck_too_long
2309,101,-521.79,0.00,10.10,0.0000,0.0000,0,stuck_too_long
2310,101,-521.79,0.00,10.10,0.0000,0.0000,0,stuck_too_long
2783,101,-522.40,0.00,10.10,0.0000,0.0000,0,stuck_too_long
2784,101,-521.43,0.00,10.10,0.0000,0.0000,0,stuck_too_long
2785,101,-522.10,0.00,10.10,0.0000,0.0000,0,stuck_too_long
2786,101,-522.94,0.00,10.10,0.0000,0.0000,0,stuck_too_long
2787,101,-522.39,0.00,10.10,0.0000,0.0000,0,stuck_too_long
2788,101,-522.02,0.00,10.10,0.0000,0.0000,0,stuck_too_long
2789,101,-521.35,0.00,10.10,0.0000,0.0000,0,stuck_too_long
2790,101,-522.17,0.00,10.10,0.0000,0.0000,0,stuck_too_long
2791,101,-521.98,0.00,10.10,0.0000,0.0000,0,stuck_too_long
2792,101,-522.95,0.00,10.10,0.0000,0.0000,0,stuck_too_long
2793,101,-521.78,0.00,10.10,0.0000,0.0000,0,stuck_too_long
2794,101,-521.70,0.00,10.10,0.0000,0.0000,0,stuck_too_long
2795,101,-521.80,0.00,10.10,0.0000,0.0000,0,stuck_too_long
2796,101,-522.18,0.00,10.10,0.0000,0.0000,0,stuck_too_long
2797,101,-522.13,0.00,10.10,0.0000,0.0000,0,stuck_too_long
2798,101,-521.16,0.00,10.10,0.0000,0.0000,0,stuck_too_long
2799,101,-521.90,0.00,10.10,0.0000,0.0000,0,stuck_too_long
2800,101,-521.60,0.00,10.10,0.0000,0.0000,0,stuck_too_long
2801,101,-522.78,0.00,10.10,0.0000,0.0000,0,stuck_too_long
2802,101,-522.63,0.00,10.10,0.0000,0.0000,0,stuck_too_long
2803,101,-522.63,0.00,10.10,0.0000,0.0000,0,stuck_too_long
2311,101,-523.16,0.00,10.10,0.0000,0.0000,0,stuck_too_long
2312,101,-522.33,0.00,10.10,0.0000,0.0000,0,stuck_too_long
2313,101,-522.33,0.00,10.10,0.0000,0.0000,0,stuck_too_long
2314,101,-523.66,0.00,10.10,0.0000,0.0000,0,stuck_too_long
2315,101,-521.89,0.00,10.10,0.0000,0.0000,0,stuck_too_long
2316,101,-522.32,0.00,10.10,0.0000,0.0000,0,stuck_too_long
2317,101,-522.48,0.00,10.10,0.0000,0.0000,0,stuck_too_long
2318,101,-520.86,0.00,10.10,0.0000,0.0000,0,stuck_too_long
2319,101,-521.43,0.00,10.10,0.0000,0.0000,0,stuck_too_long
2320,101,-522.88,0.00,10.10,0.0000,0.0000,0,stuck_too_long
2804,101,-521.84,0.00,10.10,0.0000,0.0000,0,stuck_too_long
2805,101,-522.30,0.00,10.10,0.0000,0.0000,0,stuck_too_long
2806,101,-523.19,0.00,10.10,0.0000,0.0000,0,stuck_too_long
2807,101,-521.75,0.00,10.10,0.0000,0.0000,0,stuck_too_long
2808,101,-522.45,0.00,10.10,0.0000,0.0000,0,stuck_too_long
2809,101,-521.53,0.00,10.10,0.0000,0.0000,0,stuck_too_long
2810,101,-524.15,0.00,10.10,0.0000,0.0000,0,stuck_too_long
2811,101,-521.56,0.00,10.10,0.0000,0.0000,0,stuck_too_long
2812,101,-520.51,0.00,10.10,0.0000,0.0000,0,stuck_too_long
2813,101,-522.18,0.00,10.10,0.0000,0.0000,0,stuck_too_long
2814,101,-522.35,0.00,10.10,0.0000,0.0000,0,stuck_too_long
2815,101,-522.50,0.00,10.10,0.0000,0.0000,0,stuck_too_long
2816,101,-522.95,0.00,10.10,0.0000,0.0000,0,stuck_too_long
2817,101,-523.92,0.00,10.10,0.0000,0.0000,0,stuck_too_long
2818,101,-522.70,0.00,10.10,0.0000,0.0000,0,stuck_too_long
2819,101,-523.25,0.00,10.10,0.0000,0.0000,0,stuck_too_long
2820,101,-522.92,0.00,10.10,0.0000,0.0000,0,stuck_too_long
2821,101,-522.37,0.00,10.10,0.0000,0.0000,0,stuck_too_long
2822,101,-521.83,0.00,10.10,0.0000,0.0000,0,stuck_too_long
2823,101,-522.73,0.00,10.10,0.0000,0.0000,0,stuck_too_long
2321,101,-523.35,0.00,10.10,0.0000,0.0000,0,stuck_too_long
2322,101,-522.56,0.00,10.10,0.0000,0.0000,0,stuck_too_long
2323,101,-522.12,0.00,10.10,0.0000,0.0000,0,stuck_too_long
2324,101,-523.97,0.00,10.10,0.0000,0.0000,0,stuck_too_long
2325,101,-522.87,0.00,10.10,0.0000,0.0000,0,stuck_too_long
2326,101,-522.12,0.00,10.10,0.0000,0.0000,0,stuck_too_long
2327,101,-522.27,0.00,10.10,0.0000,0.0000,0,stuck_too_long
2328,101,-521.55,0.00,10.10,0.0000,0.0000,0,stuck_too_long
2329,101,-521.23,0.00,10.10,0.0000,0.0000,0,stuck_too_long
2330,101,-520.38,0.00,10.10,0.0000,0.0000,0,stuck_too_long
2824,101,-522.52,0.00,10.10,0.0000,0.0000,0,stuck_too_long
2825,101,-522.29,0.00,10.10,0.0000,0.0000,0,stuck_too_long
2826,101,-521.41,0.00,10.10,0.0000,0.0000,0,stuck_too_long
2827,101,-523.26,0.00,10.10,0.0000,0.0000,0,stuck_too_long
2828,101,-521.47,0.00,10.10,0.0000,0.0000,0,stuck_too_long
2829,101,-521.76,0.00,10.10,0.0000,0.0000,0,stuck_too_long
2830,101,-521.93,0.00,10.10,0.0000,0.0000,0,stuck_too_long
2831,101,-521.86,0.00,10.10,0.0000,0.0000,0,stuck_too_long
2832,101,-521.77,0.00,10.10,0.0000,0.0000,0,stuck_too_long
2833,101,-522.42,0.00,10.10,0.0000,0.0000,0,stuck_too_long
2834,101,-522.36,0.00,10.10,0.0000,0.0000,0,stuck_too_long
2835,101,-522.77,0.00,10.10,0.0000,0.0000,0,stuck_too_long
2836,101,-521.60,0.00,10.10,0.0000,0.0000,0,stuck_too_long
2837,101,-522.85,0.00,10.10,0.0000,0.0000,0,stuck_too_long
2838,101,-522.35,0.00,10.10,0.0000,0.0000,0,stuck_too_long
2839,101,-522.22,0.00,10.10,0.0000,0.0000,0,stuck_too_long
2840,101,-521.93,0.00,10.10,0.0000,0.0000,0,stuck_too_long
2841,101,-523.86,0.00,10.10,0.0000,0.0000,0,stuck_too_long
2842,101,-522.67,0.00,10.10,0.0000,0.0000,0,stuck_too_long
2843,101,-524.32,0.00,10.10,0.0000,0.0000,0,stuck_too_long
2331,101,-521.44,0.00,10.10,0.0000,0.0000,0,stuck_too_long
2332,101,-521.83,0.00,10.10,0.0000,0.0000,0,stuck_too_long
2333,101,-521.30,0.00,10.10,0.0000,0.0000,0,stuck_too_long
2334,101,-523.36,0.00,10.10,0.0000,0.0000,0,stuck_too_long
2335,101,-521.40,0.00,10.10,0.0000,0.0000,0,stuck_too_long
2336,101,-522.54,0.00,10.10,0.0000,0.0000,0,stuck_too_long
2337,101,-521.68,0.00,10.10,0.0000,0.0000,0,stuck_too_long
2338,101,-521.99,0.00,10.10,0.0000,0.0000,0,stuck_too_long
2339,101,-521.40,0.00,10.10,0.0000,0.0000,0,stuck_too_long
2340,101,-521.08,0.00,10.10,0.0000,0.0000,0,stuck_too_long
2844,101,-523.35,0.00,10.10,0.0000,0.0000,0,stuck_too_long
2845,101,-522.16,0.00,10.10,0.0000,0.0000,0,stuck_too_long
2846,101,-522.99,0.00,10.10,0.0000,0.0000,0,stuck_too_long
2847,101,-522.80,0.00,10.10,0.0000,0.0000,0,stuck_too_long
2848,101,-521.61,0.00,10.10,0.0000,0.0000,0,stuck_too_long
2849,101,-522.14,0.00,10.10,0.0000,0.0000,0,stuck_too_long
2850,194,-633.81,0.00,19.44,0.0000,0.0000,0,stuck_too_long
2851,101,-524.09,0.00,10.10,0.0000,0.0000,0,stuck_too_long
2852,101,-521.52,0.00,10.10,0.0000,0.0000,0,stuck_too_long
2853,101,-522.80,0.00,10.10,0.0000,0.0000,0,stuck_too_long
2854,101,-522.06,0.00,10.10,0.0000,0.0000,0,stuck_too_long
2855,101,-522.02,0.00,10.10,0.0000,0.0000,0,stuck_too_long
2856,101,-522.93,0.00,10.10,0.0000,0.0000,0,stuck_too_long
2857,101,-521.59,0.00,10.10,0.0000,0.0000,0,stuck_too_long
2858,101,-520.87,0.00,10.10,0.0000,0.0000,0,stuck_too_long
2859,101,-522.46,0.00,10.10,0.0000,0.0000,0,stuck_too_long
2860,101,-521.61,0.00,10.10,0.0000,0.0000,0,stuck_too_long
2861,101,-522.70,0.00,10.10,0.0000,0.0000,0,stuck_too_long
2862,101,-523.40,0.00,10.10,0.0000,0.0000,0,stuck_too_long
2863,101,-522.40,0.00,10.10,0.0000,0.0000,0,stuck_too_long
2341,101,-521.35,0.00,10.10,0.0000,0.0000,0,stuck_too_long
2342,101,-521.51,0.00,10.10,0.0000,0.0000,0,stuck_too_long
2343,101,-522.12,0.00,10.10,0.0000,0.0000,0,stuck_too_long
2344,101,-523.48,0.00,10.10,0.0000,0.0000,0,stuck_too_long
2345,101,-521.79,0.00,10.10,0.0000,0.0000,0,stuck_too_long
2346,101,-521.84,0.00,10.10,0.0000,0.0000,0,stuck_too_long
2347,101,-522.65,0.00,10.10,0.0000,0.0000,0,stuck_too_long
2348,101,-521.65,0.00,10.10,0.0000,0.0000,0,stuck_too_long
2349,101,-521.97,0.00,10.10,0.0000,0.0000,0,stuck_too_long
2350,101,-523.45,0.00,10.10,0.0000,0.0000,0,stuck_too_long
2864,101,-523.87,0.00,10.10,0.0000,0.0000,0,stuck_too_long
2865,101,-522.67,0.00,10.10,0.0000,0.0000,0,stuck_too_long
2866,101,-522.23,0.00,10.10,0.0000,0.0000,0,stuck_too_long
2867,101,-522.73,0.00,10.10,0.0000,0.0000,0,stuck_too_long
2868,101,-524.11,0.00,10.10,0.0000,0.0000,0,stuck_too_long
2869,101,-523.07,0.00,10.10,0.0000,0.0000,0,stuck_too_long
2870,101,-521.55,0.00,10.10,0.0000,0.0000,0,stuck_too_long
2871,101,-523.88,0.00,10.10,0.0000,0.0000,0,stuck_too_long
2872,101,-522.43,0.00,10.10,0.0000,0.0000,0,stuck_too_long
2873,101,-522.56,0.00,10.10,0.0000,0.0000,0,stuck_too_long
2874,101,-522.94,0.00,10.10,0.0000,0.0000,0,stuck_too_long
2875,101,-523.53,0.00,10.10,0.0000,0.0000,0,stuck_too_long
2876,101,-522.23,0.00,10.10,0.0000,0.0000,0,stuck_too_long
2877,101,-522.34,0.00,10.10,0.0000,0.0000,0,stuck_too_long
2878,101,-522.84,0.00,10.10,0.0000,0.0000,0,stuck_too_long
2879,101,-522.55,0.00,10.10,0.0000,0.0000,0,stuck_too_long
2880,101,-523.70,0.00,10.10,0.0000,0.0000,0,stuck_too_long
2881,101,-522.14,0.00,10.10,0.0000,0.0000,0,stuck_too_long
2882,101,-521.58,0.00,10.10,0.0000,0.0000,0,stuck_too_long
2883,101,-521.86,0.00,10.10,0.0000,0.0000,0,stuck_too_long
2351,101,-522.55,0.00,10.10,0.0000,0.0000,0,stuck_too_long
2352,101,-522.38,0.00,10.10,0.0000,0.0000,0,stuck_too_long
2353,101,-523.25,0.00,10.10,0.0000,0.0000,0,stuck_too_long
2354,101,-521.99,0.00,10.10,0.0000,0.0000,0,stuck_too_long
2355,101,-522.19,0.00,10.10,0.0000,0.0000,0,stuck_too_long
2356,101,-521.90,0.00,10.10,0.0000,0.0000,0,stuck_too_long
2357,101,-522.29,0.00,10.10,0.0000,0.0000,0,stuck_too_long
2358,101,-522.10,0.00,10.10,0.0000,0.0000,0,stuck_too_long
2359,101,-522.57,0.00,10.10,0.0000,0.0000,0,stuck_too_long
2360,101,-522.08,0.00,10.10,0.0000,0.0000,0,stuck_too_long
2884,101,-523.14,0.00,10.10,0.0000,0.0000,0,stuck_too_long
2885,101,-522.90,0.00,10.10,0.0000,0.0000,0,stuck_too_long
2886,101,-522.01,0.00,10.10,0.0000,0.0000,0,stuck_too_long
2887,101,-520.56,0.00,10.10,0.0000,0.0000,0,stuck_too_long
2888,101,-521.54,0.00,10.10,0.0000,0.0000,0,stuck_too_long
2889,101,-524.06,0.00,10.10,0.0000,0.0000,0,stuck_too_long
2890,101,-521.07,0.00,10.10,0.0000,0.0000,0,stuck_too_long
2891,101,-521.75,0.00,10.10,0.0000,0.0000,0,stuck_too_long
2892,101,-522.09,0.00,10.10,0.0000,0.0000,0,stuck_too_long
2893,101,-523.52,0.00,10.10,0.0000,0.0000,0,stuck_too_long
2894,101,-523.39,0.00,10.10,0.0000,0.0000,0,stuck_too_long
2895,101,-522.32,0.00,10.10,0.0000,0.0000,0,stuck_too_long
2896,101,-521.02,0.00,10.10,0.0000,0.0000,0,stuck_too_long
2897,101,-522.13,0.00,10.10,0.0000,0.0000,0,stuck_too_long
2898,101,-521.81,0.00,10.10,0.0000,0.0000,0,stuck_too_long
2899,101,-520.00,0.00,10.10,0.0000,0.0000,0,stuck_too_long
2900,101,-523.27,0.00,10.10,0.0000,0.0000,0,stuck_too_long
2901,101,-522.68,0.00,10.10,0.0000,0.0000,0,stuck_too_long
2902,101,-521.75,0.00,10.10,0.0000,0.0000,0,stuck_too_long
2903,101,-522.94,0.00,10.10,0.0000,0.0000,0,stuck_too_long
2361,101,-523.36,0.00,10.10,0.0000,0.0000,0,stuck_too_long
2362,101,-523.28,0.00,10.10,0.0000,0.0000,0,stuck_too_long
2363,101,-522.61,0.00,10.10,0.0000,0.0000,0,stuck_too_long
2364,101,-521.94,0.00,10.10,0.0000,0.0000,0,stuck_too_long
2365,101,-523.57,0.00,10.10,0.0000,0.0000,0,stuck_too_long
2366,101,-522.57,0.00,10.10,0.0000,0.0000,0,stuck_too_long
2367,101,-522.75,0.00,10.10,0.0000,0.0000,0,stuck_too_long
2368,101,-522.23,0.00,10.10,0.0000,0.0000,0,stuck_too_long
2369,101,-523.69,0.00,10.10,0.0000,0.0000,0,stuck_too_long
2370,101,-523.17,0.00,10.10,0.0000,0.0000,0,stuck_too_long
2904,101,-521.18,0.00,10.10,0.0000,0.0000,0,stuck_too_long
2905,101,-522.21,0.00,10.10,0.0000,0.0000,0,stuck_too_long
2906,101,-522.62,0.00,10.10,0.0000,0.0000,0,stuck_too_long
2907,101,-523.43,0.00,10.10,0.0000,0.0000,0,stuck_too_long
2908,101,-523.03,0.00,10.10,0.0000,0.0000,0,stuck_too_long
2909,101,-522.44,0.00,10.10,0.0000,0.0000,0,stuck_too_long
2910,101,-521.83,0.00,10.10,0.0000,0.0000,0,stuck_too_long
2911,101,-523.43,0.00,10.10,0.0000,0.0000,0,stuck_too_long
2912,101,-522.44,0.00,10.10,0.0000,0.0000,0,stuck_too_long
2913,101,-522.83,0.00,10.10,0.0000,0.0000,0,stuck_too_long
2914,101,-522.91,0.00,10.10,0.0000,0.0000,0,stuck_too_long
2915,101,-522.47,0.00,10.10,0.0000,0.0000,0,stuck_too_long
2916,101,-521.51,0.00,10.10,0.0000,0.0000,0,stuck_too_long
2917,101,-522.89,0.00,10.10,0.0000,0.0000,0,stuck_too_long
2918,101,-520.10,0.00,10.10,0.0000,0.0000,0,stuck_too_long
2919,101,-522.57,0.00,10.10,0.0000,0.0000,0,stuck_too_long
2920,101,-523.03,0.00,10.10,0.0000,0.0000,0,stuck_too_long
2921,101,-524.12,0.00,10.10,0.0000,0.0000,0,stuck_too_long
2922,101,-522.26,0.00,10.10,0.0000,0.0000,0,stuck_too_long
2923,101,-522.84,0.00,10.10,0.0000,0.0000,0,stuck_too_long
2371,101,-523.31,0.00,10.10,0.0000,0.0000,0,stuck_too_long
2372,101,-523.87,0.00,10.10,0.0000,0.0000,0,stuck_too_long
2373,101,-521.95,0.00,10.10,0.0000,0.0000,0,stuck_too_long
2374,101,-521.88,0.00,10.10,0.0000,0.0000,0,stuck_too_long
2375,101,-522.30,0.00,10.10,0.0000,0.0000,0,stuck_too_long
2376,101,-522.60,0.00,10.10,0.0000,0.0000,0,stuck_too_long
2377,101,-522.90,0.00,10.10,0.0000,0.0000,0,stuck_too_long
2378,101,-522.73,0.00,10.10,0.0000,0.0000,0,stuck_too_long
2379,101,-522.20,0.00,10.10,0.0000,0.0000,0,stuck_too_long
2380,101,-523.34,0.00,10.10,0.0000,0.0000,0,stuck_too_long
2924,101,-523.49,0.00,10.10,0.0000,0.0000,0,stuck_too_long
2925,101,-523.84,0.00,10.10,0.0000,0.0000,0,stuck_too_long
2926,101,-522.05,0.00,10.10,0.0000,0.0000,0,stuck_too_long
2927,101,-522.85,0.00,10.10,0.0000,0.0000,0,stuck_too_long
2928,101,-521.81,0.00,10.10,0.0000,0.0000,0,stuck_too_long
2929,101,-522.89,0.00,10.10,0.0000,0.0000,0,stuck_too_long
2930,101,-522.60,0.00,10.10,0.0000,0.0000,0,stuck_too_long
2931,101,-523.08,0.00,10.10,0.0000,0.0000,0,stuck_too_long
2932,101,-523.96,0.00,10.10,0.0000,0.0000,0,stuck_too_long
2933,101,-523.13,0.00,10.10,0.0000,0.0000,0,stuck_too_long
2934,101,-523.37,0.00,10.10,0.0000,0.0000,0,stuck_too_long
2935,101,-523.74,0.00,10.10,0.0000,0.0000,0,stuck_too_long
2936,101,-523.07,0.00,10.10,0.0000,0.0000,0,stuck_too_long
2937,101,-522.68,0.00,10.10,0.0000,0.0000,0,stuck_too_long
2938,101,-521.32,0.00,10.10,0.0000,0.0000,0,stuck_too_long
2939,101,-523.39,0.00,10.10,0.0000,0.0000,0,stuck_too_long
2940,101,-522.74,0.00,10.10,0.0000,0.0000,0,stuck_too_long
2941,101,-522.42,0.00,10.10,0.0000,0.0000,0,stuck_too_long
2942,101,-522.44,0.00,10.10,0.0000,0.0000,0,stuck_too_long
2943,101,-523.28,0.00,10.10,0.0000,0.0000,0,stuck_too_long
2944,101,-522.21,0.00,10.10,0.0000,0.0000,0,stuck_too_long
2381,101,-521.84,0.00,10.10,0.0000,0.0000,0,stuck_too_long
2382,101,-523.27,0.00,10.10,0.0000,0.0000,0,stuck_too_long
2383,101,-522.47,0.00,10.10,0.0000,0.0000,0,stuck_too_long
2384,101,-522.01,0.00,10.10,0.0000,0.0000,0,stuck_too_long
2385,101,-523.79,0.00,10.10,0.0000,0.0000,0,stuck_too_long
2386,101,-523.54,0.00,10.10,0.0000,0.0000,0,stuck_too_long
2387,101,-523.18,0.00,10.10,0.0000,0.0000,0,stuck_too_long
2388,101,-523.61,0.00,10.10,0.0000,0.0000,0,stuck_too_long
2389,101,-524.60,0.00,10.10,0.0000,0.0000,0,stuck_too_long
2390,101,-521.36,0.00,10.10,0.0000,0.0000,0,stuck_too_long
2945,101,-523.19,0.00,10.10,0.0000,0.0000,0,stuck_too_long
2946,101,-521.56,0.00,10.10,0.0000,0.0000,0,stuck_too_long
2947,101,-521.95,0.00,10.10,0.0000,0.0000,0,stuck_too_long
2948,101,-524.24,0.00,10.10,0.0000,0.0000,0,stuck_too_long
2949,101,-522.90,0.00,10.10,0.0000,0.0000,0,stuck_too_long
2950,101,-522.70,0.00,10.10,0.0000,0.0000,0,stuck_too_long
2951,101,-523.84,0.00,10.10,0.0000,0.0000,0,stuck_too_long
2952,101,-523.57,0.00,10.10,0.0000,0.0000,0,stuck_too_long
2953,101,-522.26,0.00,10.10,0.0000,0.0000,0,stuck_too_long
2954,101,-523.73,0.00,10.10,0.0000,0.0000,0,stuck_too_long
2955,101,-522.12,0.00,10.10,0.0000,0.0000,0,stuck_too_long
2956,101,-523.59,0.00,10.10,0.0000,0.0000,0,stuck_too_long
2957,101,-524.11,0.00,10.10,0.0000,0.0000,0,stuck_too_long
2958,101,-523.97,0.00,10.10,0.0000,0.0000,0,stuck_too_long
2959,101,-522.81,0.00,10.10,0.0000,0.0000,0,stuck_too_long
2960,101,-520.85,0.00,10.10,0.0000,0.0000,0,stuck_too_long
2961,101,-522.96,0.00,10.10,0.0000,0.0000,0,stuck_too_long
2962,101,-522.01,0.00,10.10,0.0000,0.0000,0,stuck_too_long
2963,101,-521.66,0.00,10.10,0.0000,0.0000,0,stuck_too_long
2964,101,-521.96,0.00,10.10,0.0000,0.0000,0,stuck_too_long
2391,101,-522.36,0.00,10.10,0.0000,0.0000,0,stuck_too_long
2392,101,-521.61,0.00,10.10,0.0000,0.0000,0,stuck_too_long
2393,101,-523.65,0.00,10.10,0.0000,0.0000,0,stuck_too_long
2394,101,-522.51,0.00,10.10,0.0000,0.0000,0,stuck_too_long
2395,101,-523.00,0.00,10.10,0.0000,0.0000,0,stuck_too_long
2396,101,-522.55,0.00,10.10,0.0000,0.0000,0,stuck_too_long
2397,101,-523.78,0.00,10.10,0.0000,0.0000,0,stuck_too_long
2398,101,-522.61,0.00,10.10,0.0000,0.0000,0,stuck_too_long
2399,101,-521.92,0.00,10.10,0.0000,0.0000,0,stuck_too_long
2400,101,-521.73,0.00,10.10,0.0000,0.0000,0,stuck_too_long
2965,101,-522.59,0.00,10.10,0.0000,0.0000,0,stuck_too_long
2966,101,-522.87,0.00,10.10,0.0000,0.0000,0,stuck_too_long
2967,101,-522.82,0.00,10.10,0.0000,0.0000,0,stuck_too_long
2968,101,-524.32,0.00,10.10,0.0000,0.0000,0,stuck_too_long
2969,101,-523.15,0.00,10.10,0.0000,0.0000,0,stuck_too_long
2970,101,-523.52,0.00,10.10,0.0000,0.0000,0,stuck_too_long
2971,101,-522.66,0.00,10.10,0.0000,0.0000,0,stuck_too_long
2972,101,-523.38,0.00,10.10,0.0000,0.0000,0,stuck_too_long
2973,101,-523.30,0.00,10.10,0.0000,0.0000,0,stuck_too_long
2974,101,-522.28,0.00,10.10,0.0000,0.0000,0,stuck_too_long
2975,101,-521.32,0.00,10.10,0.0000,0.0000,0,stuck_too_long
2976,101,-522.70,0.00,10.10,0.0000,0.0000,0,stuck_too_long
2977,101,-521.55,0.00,10.10,0.0000,0.0000,0,stuck_too_long
2978,101,-523.39,0.00,10.10,0.0000,0.0000,0,stuck_too_long
2979,101,-523.51,0.00,10.10,0.0000,0.0000,0,stuck_too_long
2980,101,-523.61,0.00,10.10,0.0000,0.0000,0,stuck_too_long
2981,101,-522.05,0.00,10.10,0.0000,0.0000,0,stuck_too_long
2982,101,-523.12,0.00,10.10,0.0000,0.0000,0,stuck_too_long
2983,101,-522.57,0.00,10.10,0.0000,0.0000,0,stuck_too_long
2984,101,-523.42,0.00,10.10,0.0000,0.0000,0,stuck_too_long
2401,101,-523.86,0.00,10.10,0.0000,0.0000,0,stuck_too_long
2402,101,-522.10,0.00,10.10,0.0000,0.0000,0,stuck_too_long
2403,101,-522.11,0.00,10.10,0.0000,0.0000,0,stuck_too_long
2404,101,-523.15,0.00,10.10,0.0000,0.0000,0,stuck_too_long
2405,101,-523.31,0.00,10.10,0.0000,0.0000,0,stuck_too_long
2406,101,-522.54,0.00,10.10,0.0000,0.0000,0,stuck_too_long
2407,101,-523.15,0.00,10.10,0.0000,0.0000,0,stuck_too_long
2408,101,-523.15,0.00,10.10,0.0000,0.0000,0,stuck_too_long
2409,101,-522.72,0.00,10.10,0.0000,0.0000,0,stuck_too_long
2410,101,-522.26,0.00,10.10,0.0000,0.0000,0,stuck_too_long
2985,101,-522.75,0.00,10.10,0.0000,0.0000,0,stuck_too_long
2986,101,-522.52,0.00,10.10,0.0000,0.0000,0,stuck_too_long
2987,101,-522.45,0.00,10.10,0.0000,0.0000,0,stuck_too_long
2988,101,-522.40,0.00,10.10,0.0000,0.0000,0,stuck_too_long
2989,101,-521.93,0.00,10.10,0.0000,0.0000,0,stuck_too_long
2990,101,-524.02,0.00,10.10,0.0000,0.0000,0,stuck_too_long
2991,101,-523.72,0.00,10.10,0.0000,0.0000,0,stuck_too_long
2992,101,-522.97,0.00,10.10,0.0000,0.0000,0,stuck_too_long
2993,101,-524.61,0.00,10.10,0.0000,0.0000,0,stuck_too_long
2994,101,-523.83,0.00,10.10,0.0000,0.0000,0,stuck_too_long
2995,101,-523.51,0.00,10.10,0.0000,0.0000,0,stuck_too_long
2996,101,-522.92,0.00,10.10,0.0000,0.0000,0,stuck_too_long
2997,101,-523.28,0.00,10.10,0.0000,0.0000,0,stuck_too_long
2998,101,-523.35,0.00,10.10,0.0000,0.0000,0,stuck_too_long
2999,101,-522.31,0.00,10.10,0.0000,0.0000,0,stuck_too_long
3000,101,-522.33,0.00,10.10,0.0000,0.0000,0,stuck_too_long
3001,101,-522.60,0.00,10.10,0.0000,0.0000,0,stuck_too_long
3002,101,-523.24,0.00,10.10,0.0000,0.0000,0,stuck_too_long
3003,101,-523.70,0.00,10.10,0.0000,0.0000,0,stuck_too_long
3004,165,-598.57,0.02,15.46,0.0000,0.0000,0,stuck_too_long
2411,101,-523.62,0.00,10.10,0.0000,0.0000,0,stuck_too_long
2412,101,-522.71,0.00,10.10,0.0000,0.0000,0,stuck_too_long
2413,101,-523.39,0.00,10.10,0.0000,0.0000,0,stuck_too_long
2414,101,-523.10,0.00,10.10,0.0000,0.0000,0,stuck_too_long
2415,101,-524.39,0.00,10.10,0.0000,0.0000,0,stuck_too_long
2416,101,-523.41,0.00,10.10,0.0000,0.0000,0,stuck_too_long
2417,101,-521.86,0.00,10.10,0.0000,0.0000,0,stuck_too_long
2418,101,-523.23,0.00,10.10,0.0000,0.0000,0,stuck_too_long
2419,101,-522.63,0.00,10.10,0.0000,0.0000,0,stuck_too_long
2420,101,-522.73,0.00,10.10,0.0000,0.0000,0,stuck_too_long
3005,101,-523.79,0.00,10.10,0.0000,0.0000,0,stuck_too_long
3006,101,-523.72,0.00,10.10,0.0000,0.0000,0,stuck_too_long
3007,101,-522.73,0.00,10.10,0.0000,0.0000,0,stuck_too_long
3008,101,-522.57,0.00,10.10,0.0000,0.0000,0,stuck_too_long
3009,101,-523.01,0.00,10.10,0.0000,0.0000,0,stuck_too_long
3010,101,-522.97,0.00,10.10,0.0000,0.0000,0,stuck_too_long
3011,101,-521.49,0.00,10.10,0.0000,0.0000,0,stuck_too_long
3012,101,-525.26,0.00,10.10,0.0000,0.0000,0,stuck_too_long
3013,101,-523.23,0.00,10.10,0.0000,0.0000,0,stuck_too_long
3014,101,-524.24,0.00,10.10,0.0000,0.0000,0,stuck_too_long
3015,101,-522.79,0.00,10.10,0.0000,0.0000,0,stuck_too_long
3016,101,-523.52,0.00,10.10,0.0000,0.0000,0,stuck_too_long
3017,101,-522.91,0.00,10.10,0.0000,0.0000,0,stuck_too_long
3018,101,-522.84,0.00,10.10,0.0000,0.0000,0,stuck_too_long
3019,101,-522.89,0.00,10.10,0.0000,0.0000,0,stuck_too_long
3020,101,-524.36,0.00,10.10,0.0000,0.0000,0,stuck_too_long
3021,101,-522.85,0.00,10.10,0.0000,0.0000,0,stuck_too_long
3022,101,-523.64,0.00,10.10,0.0000,0.0000,0,stuck_too_long
3023,101,-522.71,0.00,10.10,0.0000,0.0000,0,stuck_too_long
3024,101,-522.97,0.00,10.10,0.0000,0.0000,0,stuck_too_long
2421,101,-522.59,0.00,10.10,0.0000,0.0000,0,stuck_too_long
2422,101,-522.85,0.00,10.10,0.0000,0.0000,0,stuck_too_long
2423,101,-524.21,0.00,10.10,0.0000,0.0000,0,stuck_too_long
2424,101,-522.45,0.00,10.10,0.0000,0.0000,0,stuck_too_long
2425,101,-523.18,0.00,10.10,0.0000,0.0000,0,stuck_too_long
2426,101,-522.25,0.00,10.10,0.0000,0.0000,0,stuck_too_long
2427,101,-523.51,0.00,10.10,0.0000,0.0000,0,stuck_too_long
2428,101,-522.96,0.00,10.10,0.0000,0.0000,0,stuck_too_long
2429,101,-523.33,0.00,10.10,0.0000,0.0000,0,stuck_too_long
2430,101,-523.31,0.00,10.11,0.0000,0.0000,0,stuck_too_long
3025,101,-522.20,0.00,10.10,0.0000,0.0000,0,stuck_too_long
3026,101,-522.42,0.00,10.10,0.0000,0.0000,0,stuck_too_long
3027,101,-524.01,0.00,10.10,0.0000,0.0000,0,stuck_too_long
3028,101,-522.76,0.00,10.10,0.0000,0.0000,0,stuck_too_long
3029,101,-523.31,0.00,10.10,0.0000,0.0000,0,stuck_too_long
3030,101,-523.72,0.00,10.10,0.0000,0.0000,0,stuck_too_long
3031,101,-521.90,0.00,10.10,0.0000,0.0000,0,stuck_too_long
3032,101,-523.27,0.00,10.10,0.0000,0.0000,0,stuck_too_long
3033,101,-524.17,0.00,10.10,0.0000,0.0000,0,stuck_too_long
3034,101,-522.32,0.00,10.10,0.0000,0.0000,0,stuck_too_long
3035,101,-522.42,0.00,10.10,0.0000,0.0000,0,stuck_too_long
3036,101,-523.54,0.00,10.10,0.0000,0.0000,0,stuck_too_long
3037,101,-523.04,0.00,10.10,0.0000,0.0000,0,stuck_too_long
3038,101,-522.77,0.00,10.10,0.0000,0.0000,0,stuck_too_long
3039,101,-523.14,0.00,10.10,0.0000,0.0000,0,stuck_too_long
3040,101,-523.11,0.00,10.10,0.0000,0.0000,0,stuck_too_long
3041,101,-523.03,0.00,10.10,0.0000,0.0000,0,stuck_too_long
3042,101,-524.62,0.00,10.10,0.0000,0.0000,0,stuck_too_long
3043,101,-523.04,0.00,10.10,0.0000,0.0000,0,stuck_too_long
3044,101,-522.78,0.00,10.10,0.0000,0.0000,0,stuck_too_long
2431,101,-522.34,0.00,10.10,0.0000,0.0000,0,stuck_too_long
2432,101,-525.53,0.00,10.10,0.0000,0.0000,0,stuck_too_long
2433,101,-523.17,0.00,10.10,0.0000,0.0000,0,stuck_too_long
2434,101,-523.19,0.00,10.10,0.0000,0.0000,0,stuck_too_long
2435,124,-550.76,0.00,12.43,0.0000,0.0000,0,stuck_too_long
2436,101,-523.24,0.00,10.10,0.0000,0.0000,0,stuck_too_long
2437,101,-523.62,0.00,10.10,0.0000,0.0000,0,stuck_too_long
2438,101,-523.18,0.00,10.10,0.0000,0.0000,0,stuck_too_long
2439,101,-523.12,0.00,10.10,0.0000,0.0000,0,stuck_too_long
2440,101,-522.00,0.00,10.10,0.0000,0.0000,0,stuck_too_long
3045,101,-523.21,0.00,10.10,0.0000,0.0000,0,stuck_too_long
3046,101,-521.99,0.00,10.10,0.0000,0.0000,0,stuck_too_long
3047,101,-523.25,0.00,10.10,0.0000,0.0000,0,stuck_too_long
3048,101,-523.32,0.00,10.10,0.0000,0.0000,0,stuck_too_long
3049,101,-524.57,0.00,10.10,0.0000,0.0000,0,stuck_too_long
3050,101,-522.76,0.00,10.10,0.0000,0.0000,0,stuck_too_long
3051,101,-522.35,0.00,10.10,0.0000,0.0000,0,stuck_too_long
3052,101,-522.95,0.00,10.10,0.0000,0.0000,0,stuck_too_long
3053,101,-522.14,0.00,10.10,0.0000,0.0000,0,stuck_too_long
3054,197,-639.29,0.01,18.55,0.0000,0.0000,0,stuck_too_long
3055,101,-521.84,0.00,10.10,0.0000,0.0000,0,stuck_too_long
3056,101,-522.39,0.00,10.10,0.0000,0.0000,0,stuck_too_long
3057,101,-524.40,0.00,10.10,0.0000,0.0000,0,stuck_too_long
3058,101,-522.46,0.00,10.10,0.0000,0.0000,0,stuck_too_long
3059,101,-523.00,0.00,10.10,0.0000,0.0000,0,stuck_too_long
3060,101,-523.80,0.00,10.10,0.0000,0.0000,0,stuck_too_long
3061,101,-523.26,0.00,10.10,0.0000,0.0000,0,stuck_too_long
3062,101,-522.90,0.00,10.10,0.0000,0.0000,0,stuck_too_long
3063,101,-521.62,0.00,10.10,0.0000,0.0000,0,stuck_too_long
3064,101,-521.98,0.00,10.10,0.0000,0.0000,0,stuck_too_long
2441,101,-523.03,0.00,10.10,0.0000,0.0000,0,stuck_too_long
2442,101,-522.14,0.00,10.10,0.0000,0.0000,0,stuck_too_long
2443,101,-523.89,0.00,10.10,0.0000,0.0000,0,stuck_too_long
2444,101,-522.51,0.00,10.10,0.0000,0.0000,0,stuck_too_long
2445,101,-524.02,0.00,10.10,0.0000,0.0000,0,stuck_too_long
2446,101,-523.36,0.00,10.10,0.0000,0.0000,0,stuck_too_long
2447,101,-523.03,0.00,10.10,0.0000,0.0000,0,stuck_too_long
2448,101,-522.38,0.00,10.10,0.0000,0.0000,0,stuck_too_long
2449,101,-523.29,0.00,10.10,0.0000,0.0000,0,stuck_too_long
2450,101,-522.39,0.00,10.10,0.0000,0.0000,0,stuck_too_long
3065,101,-522.15,0.00,10.10,0.0000,0.0000,0,stuck_too_long
3066,101,-522.82,0.00,10.10,0.0000,0.0000,0,stuck_too_long
3067,101,-522.96,0.00,10.10,0.0000,0.0000,0,stuck_too_long
3068,101,-521.85,0.00,10.10,0.0000,0.0000,0,stuck_too_long
3069,101,-522.96,0.00,10.10,0.0000,0.0000,0,stuck_too_long
3070,101,-522.93,0.00,10.10,0.0000,0.0000,0,stuck_too_long
3071,101,-522.71,0.00,10.10,0.0000,0.0000,0,stuck_too_long
3072,101,-523.28,0.00,10.10,0.0000,0.0000,0,stuck_too_long
3073,101,-522.79,0.00,10.10,0.0000,0.0000,0,stuck_too_long
3074,101,-523.39,0.00,10.10,0.0000,0.0000,0,stuck_too_long
3075,101,-522.70,0.00,10.10,0.0000,0.0000,0,stuck_too_long
3076,101,-523.47,0.00,10.10,0.0000,0.0000,0,stuck_too_long
3077,101,-522.09,0.00,10.10,0.0000,0.0000,0,stuck_too_long
3078,101,-522.66,0.00,10.10,0.0000,0.0000,0,stuck_too_long
3079,101,-523.27,0.00,10.10,0.0000,0.0000,0,stuck_too_long
3080,101,-522.59,0.00,10.10,0.0000,0.0000,0,stuck_too_long
3081,101,-522.57,0.00,10.10,0.0000,0.0000,0,stuck_too_long
3082,101,-522.56,0.00,10.10,0.0000,0.0000,0,stuck_too_long
3083,101,-522.99,0.00,10.10,0.0000,0.0000,0,stuck_too_long
3084,101,-522.39,0.00,10.10,0.0000,0.0000,0,stuck_too_long
2451,101,-522.55,0.00,10.10,0.0000,0.0000,0,stuck_too_long
2452,101,-522.05,0.00,10.10,0.0000,0.0000,0,stuck_too_long
2453,101,-521.78,0.00,10.10,0.0000,0.0000,0,stuck_too_long
2454,101,-521.59,0.00,10.10,0.0000,0.0000,0,stuck_too_long
2455,169,-603.73,0.01,17.00,0.0000,0.0000,0,stuck_too_long
2456,101,-523.68,0.00,10.10,0.0000,0.0000,0,stuck_too_long
2457,101,-523.04,0.00,10.10,0.0000,0.0000,0,stuck_too_long
2458,101,-522.91,0.00,10.10,0.0000,0.0000,0,stuck_too_long
2459,101,-523.00,0.00,10.10,0.0000,0.0000,0,stuck_too_long
2460,195,-637.93,0.00,19.62,0.0000,0.0000,0,stuck_too_long
3085,101,-522.24,0.00,10.10,0.0000,0.0000,0,stuck_too_long
3086,101,-521.13,0.00,10.10,0.0000,0.0000,0,stuck_too_long
3087,101,-521.16,0.00,10.10,0.0000,0.0000,0,stuck_too_long
3088,137,-564.83,0.01,14.31,0.0000,0.0000,0,stuck_too_long
3089,101,-522.18,0.00,10.10,0.0000,0.0000,0,stuck_too_long
3090,139,-567.98,0.03,12.12,0.0000,0.0000,0,stuck_too_long
3091,101,-521.94,0.00,10.11,0.0000,0.0000,0,stuck_too_long
3092,101,-522.08,0.00,10.10,0.0000,0.0000,0,stuck_too_long
3093,101,-523.80,0.00,10.10,0.0000,0.0000,0,stuck_too_long
3094,101,-522.48,0.00,10.10,0.0000,0.0000,0,stuck_too_long
3095,101,-522.51,0.00,10.10,0.0000,0.0000,0,stuck_too_long
3096,101,-523.54,0.00,10.10,0.0000,0.0000,0,stuck_too_long
3097,101,-522.84,0.00,10.11,0.0000,0.0000,0,stuck_too_long
3098,101,-523.08,0.00,10.10,0.0000,0.0000,0,stuck_too_long
3099,181,-620.55,0.01,19.13,0.0000,0.0000,0,stuck_too_long
3100,101,-523.14,0.00,10.10,0.0000,0.0000,0,stuck_too_long
3101,101,-522.69,0.00,10.10,0.0000,0.0000,0,stuck_too_long
3102,101,-522.49,0.00,10.10,0.0000,0.0000,0,stuck_too_long
2461,101,-522.65,0.00,10.11,0.0000,0.0000,0,stuck_too_long
2462,167,-598.89,0.05,17.98,0.0000,0.0000,0,stuck_too_long
2463,101,-522.98,0.00,10.10,0.0000,0.0000,0,stuck_too_long
2464,101,-523.46,0.00,10.10,0.0000,0.0000,0,stuck_too_long
2465,101,-522.63,0.00,10.13,0.0000,0.0000,0,stuck_too_long
2466,148,-579.60,0.01,14.98,0.0000,0.0000,0,stuck_too_long
2467,101,-521.94,0.00,10.10,0.0000,0.0000,0,stuck_too_long
2468,101,-523.32,0.00,10.10,0.0000,0.0000,0,stuck_too_long
2469,101,-522.07,0.00,10.10,0.0000,0.0000,0,stuck_too_long
2470,101,-522.41,0.00,10.10,0.0000,0.0000,0,stuck_too_long
3103,161,-595.16,0.00,16.13,0.0000,0.0000,0,stuck_too_long
3104,148,-578.97,0.02,16.44,0.0000,0.0000,0,stuck_too_long
3105,162,-596.07,0.01,16.92,0.0000,0.0000,0,stuck_too_long
3106,148,-577.99,0.01,15.25,0.0000,0.0000,0,stuck_too_long
3107,101,-523.22,0.00,10.10,0.0000,0.0000,0,stuck_too_long
3108,101,-523.45,0.00,10.10,0.0000,0.0000,0,stuck_too_long
3109,101,-522.34,0.00,10.10,0.0000,0.0000,0,stuck_too_long
3110,152,-583.71,0.02,13.84,0.0000,0.0000,0,stuck_too_long
3111,220,-664.52,0.02,22.44,0.0000,0.0000,0,stuck_too_long
3112,196,-636.99,0.01,19.95,0.0000,0.0000,0,stuck_too_long
3113,101,-523.50,0.00,10.10,0.0000,0.0000,0,stuck_too_long
3114,316,-781.46,0.01,33.38,0.0000,0.0000,0,stuck_too_long
3115,107,-529.21,0.01,11.34,0.0000,0.0000,0,stuck_too_long
2471,101,-522.48,0.00,10.10,0.0000,0.0000,0,stuck_too_long
2472,101,-523.05,0.00,10.10,0.0000,0.0000,0,stuck_too_long
2473,101,-523.27,0.00,10.10,0.0000,0.0000,0,stuck_too_long
2474,101,-521.98,0.00,10.10,0.0000,0.0000,0,stuck_too_long
2475,101,-523.05,0.00,10.10,0.0000,0.0000,0,stuck_too_long
2476,101,-522.19,0.00,10.10,0.0000,0.0000,0,stuck_too_long
2477,101,-522.52,0.00,10.10,0.0000,0.0000,0,stuck_too_long
2478,101,-522.87,0.00,10.10,0.0000,0.0000,0,stuck_too_long
2479,167,-599.11,0.05,15.46,0.0000,0.0000,0,stuck_too_long
2480,168,-603.10,0.03,15.52,0.0000,0.0000,0,stuck_too_long
3116,188,-629.11,0.01,19.00,0.0000,0.0000,0,stuck_too_long
3117,101,-522.69,0.00,10.10,0.0000,0.0000,0,stuck_too_long
3118,101,-521.81,0.00,10.13,0.0000,0.0000,0,stuck_too_long
3119,101,-520.07,0.00,10.10,0.0000,0.0000,0,stuck_too_long
3120,101,-521.90,0.00,10.10,0.0000,0.0000,0,stuck_too_long
3121,101,-523.60,0.00,10.12,0.0000,0.0000,0,stuck_too_long
3122,108,-528.95,0.02,12.17,0.0000,0.0000,0,stuck_too_long
3123,101,-523.68,0.00,10.10,0.0000,0.0000,0,stuck_too_long
3124,208,-647.84,0.04,21.26,0.0000,0.0000,0,stuck_too_long
3125,101,-522.47,0.00,10.10,0.0000,0.0000,0,stuck_too_long
3126,250,-702.98,0.02,24.04,0.0000,0.0000,0,stuck_too_long
3127,101,-523.01,0.00,10.10,0.0000,0.0000,0,stuck_too_long
3128,158,-592.68,0.01,16.97,0.0000,0.0000,0,stuck_too_long
3129,217,-663.65,0.01,21.98,0.0000,0.0000,0,stuck_too_long
3130,101,-523.85,0.00,10.10,0.0000,0.0000,0,stuck_too_long
2481,101,-524.18,0.00,10.10,0.0000,0.0000,0,stuck_too_long
2482,234,-681.62,0.03,23.82,0.0000,0.0000,0,stuck_too_long
2483,149,-581.54,0.01,14.97,0.0000,0.0000,0,stuck_too_long
2484,101,-523.58,0.00,10.10,0.0000,0.0000,0,stuck_too_long
2485,101,-524.71,0.00,10.10,0.0000,0.0000,0,stuck_too_long
2486,101,-524.06,0.00,10.10,0.0000,0.0000,0,stuck_too_long
2487,101,-522.41,0.00,10.10,0.0000,0.0000,0,stuck_too_long
2488,101,-523.67,0.00,10.10,0.0000,0.0000,0,stuck_too_long
2489,101,-524.22,0.00,10.10,0.0000,0.0000,0,stuck_too_long
2490,101,-523.30,0.00,10.10,0.0000,0.0000,0,stuck_too_long
3131,360,-835.80,0.02,36.05,0.0000,0.0000,0,stuck_too_long
3132,173,-610.48,0.01,17.67,0.0000,0.0000,0,stuck_too_long
3133,101,-523.79,0.00,10.10,0.0000,0.0000,0,stuck_too_long
3134,101,-524.02,0.00,10.10,0.0000,0.0000,0,stuck_too_long
3135,149,-580.46,0.03,12.91,0.0000,0.0000,0,stuck_too_long
3136,101,-523.83,0.00,10.10,0.0000,0.0000,0,stuck_too_long
3137,101,-523.69,0.00,10.10,0.0000,0.0000,0,stuck_too_long
3138,101,-523.41,0.00,10.10,0.0000,0.0000,0,stuck_too_long
3139,101,-523.27,0.00,10.10,0.0000,0.0000,0,stuck_too_long
3140,197,-643.01,0.01,19.97,0.0000,0.0000,0,stuck_too_long
3141,101,-522.79,0.00,10.10,0.0000,0.0000,0,stuck_too_long
3142,101,-523.05,0.00,10.10,0.0000,0.0000,0,stuck_too_long
3143,142,-571.43,0.01,15.15,0.0000,0.0000,0,stuck_too_long
3144,146,-576.50,0.02,13.46,0.0000,0.0000,0,stuck_too_long
3145,101,-522.20,0.00,10.10,0.0000,0.0000,0,stuck_too_long
3146,101,-521.80,0.00,10.10,0.0000,0.0000,0,stuck_too_long
2491,101,-521.97,0.00,10.10,0.0000,0.0000,0,stuck_too_long
2492,101,-524.45,0.00,10.12,0.0000,0.0000,0,stuck_too_long
2493,101,-522.95,0.00,10.10,0.0000,0.0000,0,stuck_too_long
2494,101,-523.50,0.00,10.10,0.0000,0.0000,0,stuck_too_long
2495,275,-736.43,0.00,27.59,0.0000,0.0000,0,stuck_too_long
2496,221,-667.12,0.02,20.48,0.0000,0.0000,0,stuck_too_long
2497,101,-522.89,0.00,10.10,0.0000,0.0000,0,stuck_too_long
2498,101,-524.17,0.00,10.10,0.0000,0.0000,0,stuck_too_long
2499,101,-523.26,0.00,10.12,0.0000,0.0000,0,stuck_too_long
2500,101,-522.79,0.00,10.10,0.0000,0.0000,0,stuck_too_long
3147,101,-522.50,0.00,10.10,0.0000,0.0000,0,stuck_too_long
3148,101,-523.39,0.00,10.10,0.0000,0.0000,0,stuck_too_long
3149,101,-524.13,0.00,10.12,0.0000,0.0000,0,stuck_too_long
3150,101,-522.68,0.00,10.10,0.0000,0.0000,0,stuck_too_long
3151,101,-525.74,0.00,10.13,0.0000,0.0000,0,stuck_too_long
3152,101,-524.65,0.00,10.10,0.0000,0.0000,0,stuck_too_long
3153,101,-522.98,0.00,10.11,0.0000,0.0000,0,stuck_too_long
3154,101,-522.28,0.00,10.10,0.0000,0.0000,0,stuck_too_long
3155,101,-521.24,0.00,10.10,0.0000,0.0000,0,stuck_too_long
3156,101,-523.44,0.00,10.10,0.0000,0.0000,0,stuck_too_long
3157,101,-523.08,0.00,10.10,0.0000,0.0000,0,stuck_too_long
3158,101,-523.56,0.00,10.10,0.0000,0.0000,0,stuck_too_long
3159,101,-524.14,0.00,10.10,0.0000,0.0000,0,stuck_too_long
3160,101,-523.27,0.00,10.10,0.0000,0.0000,0,stuck_too_long
3161,140,-570.53,0.01,14.24,0.0000,0.0000,0,stuck_too_long
3162,231,-678.53,0.02,23.62,0.0000,0.0000,0,stuck_too_long
3163,101,-525.17,0.00,10.10,0.0000,0.0000,0,stuck_too_long
3164,101,-523.29,0.00,10.10,0.0000,0.0000,0,stuck_too_long
2501,101,-524.16,0.00,10.10,0.0000,0.0000,0,stuck_too_long
2502,101,-525.00,0.00,10.10,0.0000,0.0000,0,stuck_too_long
2503,154,-587.44,0.01,15.75,0.0000,0.0000,0,stuck_too_long
2504,101,-523.24,0.00,10.10,0.0000,0.0000,0,stuck_too_long
2505,101,-523.86,0.00,10.10,0.0000,0.0000,0,stuck_too_long
2506,101,-523.13,0.00,10.10,0.0000,0.0000,0,stuck_too_long
2507,101,-523.55,0.00,10.10,0.0000,0.0000,0,stuck_too_long
2508,101,-523.33,0.00,10.10,0.0000,0.0000,0,stuck_too_long
2509,101,-523.01,0.00,10.10,0.0000,0.0000,0,stuck_too_long
2510,101,-522.57,0.00,10.10,0.0000,0.0000,0,stuck_too_long
3165,158,-592.70,0.01,15.96,0.0000,0.0000,0,stuck_too_long
3166,118,-542.34,0.02,10.62,0.0000,0.0000,0,stuck_too_long
3167,138,-565.85,0.03,13.27,0.0000,0.0000,0,stuck_too_long
3168,101,-522.31,0.00,10.10,0.0000,0.0000,0,stuck_too_long
3169,101,-524.35,0.00,10.10,0.0000,0.0000,0,stuck_too_long
3170,101,-524.68,0.00,10.10,0.0000,0.0000,0,stuck_too_long
3171,101,-522.28,0.00,10.10,0.0000,0.0000,0,stuck_too_long
3172,101,-521.61,0.00,10.10,0.0000,0.0000,0,stuck_too_long
3173,101,-523.20,0.00,10.13,0.0000,0.0000,0,stuck_too_long
3174,101,-523.42,0.00,10.10,0.0000,0.0000,0,stuck_too_long
3175,101,-523.02,0.00,10.10,0.0000,0.0000,0,stuck_too_long
3176,381,-862.90,0.01,39.03,0.0000,0.0000,0,stuck_too_long
3177,101,-525.23,0.00,10.11,0.0000,0.0000,0,stuck_too_long
3178,101,-524.63,0.00,10.10,0.0000,0.0000,0,stuck_too_long
3179,143,-573.87,0.01,15.32,0.0000,0.0000,0,stuck_too_long
3180,101,-525.23,0.00,10.10,0.0000,0.0000,0,stuck_too_long
3181,101,-522.14,0.00,10.10,0.0000,0.0000,0,stuck_too_long
2511,101,-524.39,0.00,10.10,0.0000,0.0000,0,stuck_too_long
2512,101,-523.42,0.00,10.10,0.0000,0.0000,0,stuck_too_long
2513,101,-522.47,0.00,10.10,0.0000,0.0000,0,stuck_too_long
2514,101,-522.92,0.00,10.10,0.0000,0.0000,0,stuck_too_long
2515,101,-524.47,0.00,10.10,0.0000,0.0000,0,stuck_too_long
2516,101,-522.40,0.00,10.10,0.0000,0.0000,0,stuck_too_long
2517,101,-522.27,0.00,10.10,0.0000,0.0000,0,stuck_too_long
2518,101,-524.26,0.00,10.10,0.0000,0.0000,0,stuck_too_long
2519,147,-578.39,0.01,15.37,0.0000,0.0000,0,stuck_too_long
2520,101,-523.17,0.00,10.10,0.0000,0.0000,0,stuck_too_long
3182,101,-522.92,0.00,10.10,0.0000,0.0000,0,stuck_too_long
3183,101,-523.90,0.00,10.10,0.0000,0.0000,0,stuck_too_long
3184,101,-524.07,0.00,10.10,0.0000,0.0000,0,stuck_too_long
3185,101,-523.31,0.00,10.10,0.0000,0.0000,0,stuck_too_long
3186,101,-523.52,0.00,10.10,0.0000,0.0000,0,stuck_too_long
3187,101,-522.63,0.00,10.10,0.0000,0.0000,0,stuck_too_long
3188,101,-524.09,0.00,10.10,0.0000,0.0000,0,stuck_too_long
3189,101,-523.23,0.00,10.10,0.0000,0.0000,0,stuck_too_long
3190,101,-524.32,0.00,10.10,0.0000,0.0000,0,stuck_too_long
3191,101,-523.24,0.00,10.10,0.0000,0.0000,0,stuck_too_long
3192,101,-523.27,0.00,10.10,0.0000,0.0000,0,stuck_too_long
3193,197,-639.49,0.01,20.85,0.0000,0.0000,0,stuck_too_long
3194,101,-523.65,0.00,10.10,0.0000,0.0000,0,stuck_too_long
3195,148,-579.96,0.02,13.76,0.0000,0.0000,0,stuck_too_long
3196,101,-524.77,0.00,10.10,0.0000,0.0000,0,stuck_too_long
3197,101,-523.36,0.00,10.10,0.0000,0.0000,0,stuck_too_long
3198,101,-525.01,0.00,10.11,0.0000,0.0000,0,stuck_too_long
3199,101,-522.00,0.00,10.10,0.0000,0.0000,0,stuck_too_long
2521,101,-523.28,0.00,10.10,0.0000,0.0000,0,stuck_too_long
2522,153,-584.83,0.01,16.53,0.0000,0.0000,0,stuck_too_long
2523,101,-523.88,0.00,10.10,0.0000,0.0000,0,stuck_too_long
2524,101,-523.61,0.00,10.10,0.0000,0.0000,0,stuck_too_long
2525,101,-524.17,0.00,10.10,0.0000,0.0000,0,stuck_too_long
2526,101,-522.73,0.00,10.10,0.0000,0.0000,0,stuck_too_long
2527,101,-523.00,0.00,10.10,0.0000,0.0000,0,stuck_too_long
2528,101,-523.82,0.00,10.10,0.0000,0.0000,0,stuck_too_long
2529,101,-524.55,0.00,10.10,0.0000,0.0000,0,stuck_too_long
2530,223,-668.67,0.02,22.74,0.0000,0.0000,0,stuck_too_long
3200,239,-690.88,0.02,22.35,0.0000,0.0000,0,stuck_too_long
3201,101,-522.78,0.00,10.10,0.0000,0.0000,0,stuck_too_long
3202,101,-523.80,0.00,10.10,0.0000,0.0000,0,stuck_too_long
3203,101,-523.10,0.00,10.10,0.0000,0.0000,0,stuck_too_long
3204,101,-523.88,0.00,10.10,0.0000,0.0000,0,stuck_too_long
3205,101,-523.68,0.00,10.10,0.0000,0.0000,0,stuck_too_long
3206,143,-573.33,0.02,16.38,0.0000,0.0000,0,stuck_too_long
3207,101,-522.26,0.00,10.10,0.0000,0.0000,0,stuck_too_long
3208,101,-522.52,0.00,10.10,0.0000,0.0000,0,stuck_too_long
3209,101,-522.51,0.00,10.10,0.0000,0.0000,0,stuck_too_long
3210,101,-523.02,0.00,10.10,0.0000,0.0000,0,stuck_too_long
3211,101,-522.40,0.00,10.10,0.0000,0.0000,0,stuck_too_long
3212,101,-523.83,0.00,10.11,0.0000,0.0000,0,stuck_too_long
3213,101,-522.19,0.00,10.10,0.0000,0.0000,0,stuck_too_long
3214,101,-523.38,0.00,10.10,0.0000,0.0000,0,stuck_too_long
3215,101,-522.31,0.00,10.10,0.0000,0.0000,0,stuck_too_long
3216,101,-524.69,0.00,10.10,0.0000,0.0000,0,stuck_too_long
3217,101,-522.77,0.00,10.10,0.0000,0.0000,0,stuck_too_long
2531,101,-522.69,0.00,10.10,0.0000,0.0000,0,stuck_too_long
2532,101,-523.13,0.00,10.10,0.0000,0.0000,0,stuck_too_long
2533,101,-524.16,0.00,10.10,0.0000,0.0000,0,stuck_too_long
2534,101,-524.77,0.00,10.10,0.0000,0.0000,0,stuck_too_long
2535,101,-522.68,0.00,10.10,0.0000,0.0000,0,stuck_too_long
2536,101,-523.63,0.00,10.11,0.0000,0.0000,0,stuck_too_long
2537,101,-523.84,0.00,10.10,0.0000,0.0000,0,stuck_too_long
2538,156,-589.81,0.01,16.48,0.0000,0.0000,0,stuck_too_long
2539,101,-523.07,0.00,10.10,0.0000,0.0000,0,stuck_too_long
2540,101,-523.50,0.00,10.10,0.0000,0.0000,0,stuck_too_long
3218,160,-592.68,0.01,16.81,0.0000,0.0000,0,stuck_too_long
3219,101,-523.69,0.00,10.10,0.0000,0.0000,0,stuck_too_long
3220,101,-522.55,0.00,10.10,0.0000,0.0000,0,stuck_too_long
3221,101,-522.14,0.00,10.10,0.0000,0.0000,0,stuck_too_long
3222,101,-523.18,0.00,10.10,0.0000,0.0000,0,stuck_too_long
3223,101,-523.00,0.00,10.10,0.0000,0.0000,0,stuck_too_long
3224,101,-522.76,0.00,10.10,0.0000,0.0000,0,stuck_too_long
3225,101,-524.75,0.00,10.10,0.0000,0.0000,0,stuck_too_long
3226,173,-608.36,0.03,17.21,0.0000,0.0000,0,stuck_too_long
3227,101,-523.54,0.00,10.10,0.0000,0.0000,0,stuck_too_long
3228,101,-522.43,0.00,10.10,0.0000,0.0000,0,stuck_too_long
3229,101,-523.30,0.00,10.10,0.0000,0.0000,0,stuck_too_long
3230,101,-523.00,0.00,10.10,0.0000,0.0000,0,stuck_too_long
3231,101,-522.91,0.00,10.10,0.0000,0.0000,0,stuck_too_long
3232,101,-523.09,0.00,10.10,0.0000,0.0000,0,stuck_too_long
3233,101,-523.90,0.00,10.10,0.0000,0.0000,0,stuck_too_long
3234,101,-523.71,0.00,10.10,0.0000,0.0000,0,stuck_too_long
3235,101,-522.57,0.00,10.10,0.0000,0.0000,0,stuck_too_long
3236,202,-647.01,0.00,20.25,0.0000,0.0000,0,stuck_too_long
2541,101,-522.85,0.00,10.10,0.0000,0.0000,0,stuck_too_long
2542,101,-523.04,0.00,10.10,0.0000,0.0000,0,stuck_too_long
2543,101,-523.51,0.00,10.10,0.0000,0.0000,0,stuck_too_long
2544,101,-522.57,0.00,10.10,0.0000,0.0000,0,stuck_too_long
2545,101,-523.37,0.00,10.10,0.0000,0.0000,0,stuck_too_long
2546,101,-523.13,0.00,10.10,0.0000,0.0000,0,stuck_too_long
2547,101,-523.19,0.00,10.10,0.0000,0.0000,0,stuck_too_long
2548,101,-522.54,0.00,10.10,0.0000,0.0000,0,stuck_too_long
2549,101,-523.43,0.00,10.10,0.0000,0.0000,0,stuck_too_long
2550,101,-524.72,0.00,10.10,0.0000,0.0000,0,stuck_too_long
3237,101,-524.82,0.00,10.10,0.0000,0.0000,0,stuck_too_long
3238,101,-524.90,0.00,10.10,0.0000,0.0000,0,stuck_too_long
3239,101,-523.01,0.00,10.10,0.0000,0.0000,0,stuck_too_long
3240,167,-603.79,0.00,16.74,0.0000,0.0000,0,stuck_too_long
3241,101,-523.95,0.00,10.10,0.0000,0.0000,0,stuck_too_long
3242,101,-523.64,0.00,10.10,0.0000,0.0000,0,stuck_too_long
3243,101,-522.75,0.00,10.10,0.0000,0.0000,0,stuck_too_long
3244,101,-521.16,0.00,10.10,0.0000,0.0000,0,stuck_too_long
3245,101,-523.46,0.00,10.10,0.0000,0.0000,0,stuck_too_long
3246,101,-524.44,0.00,10.10,0.0000,0.0000,0,stuck_too_long
3247,101,-524.37,0.00,10.12,0.0000,0.0000,0,stuck_too_long
3248,101,-523.95,0.00,10.10,0.0000,0.0000,0,stuck_too_long
3249,101,-523.13,0.00,10.10,0.0000,0.0000,0,stuck_too_long
3250,197,-639.51,0.02,18.68,0.0000,0.0000,0,stuck_too_long
3251,101,-522.88,0.00,10.10,0.0000,0.0000,0,stuck_too_long
3252,101,-523.62,0.00,10.10,0.0000,0.0000,0,stuck_too_long
3253,101,-524.94,0.00,10.10,0.0000,0.0000,0,stuck_too_long
3254,101,-522.58,0.00,10.10,0.0000,0.0000,0,stuck_too_long
3255,101,-523.81,0.00,10.10,0.0000,0.0000,0,stuck_too_long
2551,101,-522.08,0.00,10.10,0.0000,0.0000,0,stuck_too_long
2552,101,-522.49,0.00,10.10,0.0000,0.0000,0,stuck_too_long
2553,101,-523.08,0.00,10.10,0.0000,0.0000,0,stuck_too_long
2554,101,-523.73,0.00,10.10,0.0000,0.0000,0,stuck_too_long
2555,101,-522.92,0.00,10.10,0.0000,0.0000,0,stuck_too_long
2556,101,-523.64,0.00,10.11,0.0000,0.0000,0,stuck_too_long
2557,101,-524.36,0.00,10.10,0.0000,0.0000,0,stuck_too_long
2558,101,-523.79,0.00,10.10,0.0000,0.0000,0,stuck_too_long
2559,101,-522.54,0.00,10.10,0.0000,0.0000,0,stuck_too_long
2560,101,-523.97,0.00,10.10,0.0000,0.0000,0,stuck_too_long
3256,101,-524.00,0.00,10.10,0.0000,0.0000,0,stuck_too_long
3257,101,-523.43,0.00,10.10,0.0000,0.0000,0,stuck_too_long
3258,101,-522.49,0.00,10.10,0.0000,0.0000,0,stuck_too_long
3259,101,-522.89,0.00,10.10,0.0000,0.0000,0,stuck_too_long
3260,101,-523.38,0.00,10.10,0.0000,0.0000,0,stuck_too_long
3261,101,-523.63,0.00,10.10,0.0000,0.0000,0,stuck_too_long
3262,101,-523.46,0.00,10.10,0.0000,0.0000,0,stuck_too_long
3263,101,-524.09,0.00,10.10,0.0000,0.0000,0,stuck_too_long
3264,101,-524.01,0.00,10.10,0.0000,0.0000,0,stuck_too_long
3265,101,-522.94,0.00,10.10,0.0000,0.0000,0,stuck_too_long
3266,101,-523.79,0.00,10.10,0.0000,0.0000,0,stuck_too_long
3267,101,-524.13,0.00,10.10,0.0000,0.0000,0,stuck_too_long
3268,101,-523.04,0.00,10.10,0.0000,0.0000,0,stuck_too_long
3269,101,-524.08,0.00,10.10,0.0000,0.0000,0,stuck_too_long
3270,101,-523.29,0.00,10.10,0.0000,0.0000,0,stuck_too_long
3271,101,-523.69,0.00,10.10,0.0000,0.0000,0,stuck_too_long
3272,101,-522.18,0.00,10.10,0.0000,0.0000,0,stuck_too_long
3273,101,-524.20,0.00,10.10,0.0000,0.0000,0,stuck_too_long
3274,101,-524.14,0.00,10.10,0.0000,0.0000,0,stuck_too_long
3275,101,-524.34,0.00,10.10,0.0000,0.0000,0,stuck_too_long
2561,168,-604.72,0.00,16.84,0.0000,0.0000,0,stuck_too_long
2562,101,-524.03,0.00,10.10,0.0000,0.0000,0,stuck_too_long
2563,101,-523.37,0.00,10.10,0.0000,0.0000,0,stuck_too_long
2564,101,-523.21,0.00,10.10,0.0000,0.0000,0,stuck_too_long
2565,101,-521.98,0.00,10.10,0.0000,0.0000,0,stuck_too_long
2566,101,-522.98,0.00,10.10,0.0000,0.0000,0,stuck_too_long
2567,101,-522.87,0.00,10.10,0.0000,0.0000,0,stuck_too_long
2568,101,-523.35,0.00,10.10,0.0000,0.0000,0,stuck_too_long
2569,101,-523.76,0.00,10.10,0.0000,0.0000,0,stuck_too_long
2570,101,-523.09,0.00,10.10,0.0000,0.0000,0,stuck_too_long
3276,152,-585.70,0.03,13.59,0.0000,0.0000,0,stuck_too_long
3277,101,-523.85,0.00,10.10,0.0000,0.0000,0,stuck_too_long
3278,101,-522.10,0.00,10.11,0.0000,0.0000,0,stuck_too_long
3279,101,-526.86,0.00,10.10,0.0000,0.0000,0,stuck_too_long
3280,101,-522.32,0.00,10.10,0.0000,0.0000,0,stuck_too_long
3281,143,-574.89,0.01,14.51,0.0000,0.0000,0,stuck_too_long
3282,101,-524.04,0.00,10.10,0.0000,0.0000,0,stuck_too_long
3283,101,-525.11,0.00,10.10,0.0000,0.0000,0,stuck_too_long
3284,101,-523.06,0.00,10.10,0.0000,0.0000,0,stuck_too_long
3285,101,-524.62,0.00,10.10,0.0000,0.0000,0,stuck_too_long
3286,101,-523.29,0.00,10.10,0.0000,0.0000,0,stuck_too_long
3287,101,-522.31,0.00,10.10,0.0000,0.0000,0,stuck_too_long
3288,101,-523.51,0.00,10.10,0.0000,0.0000,0,stuck_too_long
3289,101,-523.48,0.00,10.10,0.0000,0.0000,0,stuck_too_long
3290,101,-523.40,0.00,10.10,0.0000,0.0000,0,stuck_too_long
3291,101,-523.76,0.00,10.10,0.0000,0.0000,0,stuck_too_long
3292,101,-523.56,0.00,10.10,0.0000,0.0000,0,stuck_too_long
3293,144,-576.96,0.02,13.01,0.0000,0.0000,0,stuck_too_long
3294,101,-523.44,0.00,10.10,0.0000,0.0000,0,stuck_too_long
2571,101,-523.90,0.00,10.10,0.0000,0.0000,0,stuck_too_long
2572,101,-523.67,0.00,10.10,0.0000,0.0000,0,stuck_too_long
2573,101,-522.38,0.00,10.10,0.0000,0.0000,0,stuck_too_long
2574,101,-523.45,0.00,10.10,0.0000,0.0000,0,stuck_too_long
2575,101,-523.17,0.00,10.10,0.0000,0.0000,0,stuck_too_long
2576,101,-522.68,0.00,10.10,0.0000,0.0000,0,stuck_too_long
2577,101,-523.76,0.00,10.10,0.0000,0.0000,0,stuck_too_long
2578,101,-522.64,0.00,10.10,0.0000,0.0000,0,stuck_too_long
2579,101,-523.51,0.00,10.10,0.0000,0.0000,0,stuck_too_long
2580,101,-521.33,0.00,10.10,0.0000,0.0000,0,stuck_too_long
3295,101,-525.02,0.00,10.10,0.0000,0.0000,0,stuck_too_long
3296,101,-524.11,0.00,10.10,0.0000,0.0000,0,stuck_too_long
3297,101,-525.46,0.00,10.10,0.0000,0.0000,0,stuck_too_long
3298,101,-522.43,0.00,10.10,0.0000,0.0000,0,stuck_too_long
3299,101,-524.55,0.00,10.10,0.0000,0.0000,0,stuck_too_long
3300,116,-539.92,0.03,10.08,0.0000,0.0000,0,stuck_too_long
3301,101,-523.63,0.00,10.10,0.0000,0.0000,0,stuck_too_long
3302,101,-525.13,0.00,10.10,0.0000,0.0000,0,stuck_too_long
3303,101,-523.94,0.00,10.10,0.0000,0.0000,0,stuck_too_long
3304,101,-524.03,0.00,10.10,0.0000,0.0000,0,stuck_too_long
3305,101,-525.07,0.00,10.10,0.0000,0.0000,0,stuck_too_long
3306,101,-522.68,0.00,10.10,0.0000,0.0000,0,stuck_too_long
3307,101,-523.67,0.00,10.10,0.0000,0.0000,0,stuck_too_long
3308,101,-523.18,0.00,10.10,0.0000,0.0000,0,stuck_too_long
3309,101,-523.30,0.00,10.10,0.0000,0.0000,0,stuck_too_long
3310,101,-523.62,0.00,10.10,0.0000,0.0000,0,stuck_too_long
3311,101,-523.91,0.00,10.10,0.0000,0.0000,0,stuck_too_long
3312,101,-523.54,0.00,10.10,0.0000,0.0000,0,stuck_too_long
3313,101,-522.63,0.00,10.10,0.0000,0.0000,0,stuck_too_long
3314,110,-534.00,0.01,11.75,0.0000,0.0000,0,stuck_too_long
2581,169,-607.52,0.01,17.20,0.0000,0.0000,0,stuck_too_long
2582,101,-522.75,0.00,10.10,0.0000,0.0000,0,stuck_too_long
2583,101,-522.81,0.00,10.10,0.0000,0.0000,0,stuck_too_long
2584,101,-524.82,0.00,10.10,0.0000,0.0000,0,stuck_too_long
2585,101,-523.19,0.00,10.10,0.0000,0.0000,0,stuck_too_long
2586,101,-523.27,0.00,10.10,0.0000,0.0000,0,stuck_too_long
2587,101,-523.19,0.00,10.10,0.0000,0.0000,0,stuck_too_long
2588,101,-523.21,0.00,10.10,0.0000,0.0000,0,stuck_too_long
2589,101,-524.39,0.00,10.10,0.0000,0.0000,0,stuck_too_long
2590,101,-524.35,0.00,10.10,0.0000,0.0000,0,stuck_too_long
3315,101,-521.81,0.00,10.10,0.0000,0.0000,0,stuck_too_long
3316,101,-523.38,0.00,10.10,0.0000,0.0000,0,stuck_too_long
3317,101,-524.32,0.00,10.10,0.0000,0.0000,0,stuck_too_long
3318,101,-522.92,0.00,10.10,0.0000,0.0000,0,stuck_too_long
3319,101,-523.36,0.00,10.10,0.0000,0.0000,0,stuck_too_long
3320,101,-522.52,0.00,10.10,0.0000,0.0000,0,stuck_too_long
3321,101,-521.97,0.00,10.10,0.0000,0.0000,0,stuck_too_long
3322,101,-523.08,0.00,10.10,0.0000,0.0000,0,stuck_too_long
3323,200,-642.18,0.01,21.12,0.0000,0.0000,0,stuck_too_long
3324,101,-525.09,0.00,10.10,0.0000,0.0000,0,stuck_too_long
3325,101,-523.70,0.00,10.10,0.0000,0.0000,0,stuck_too_long
3326,101,-524.86,0.00,10.10,0.0000,0.0000,0,stuck_too_long
3327,101,-523.44,0.00,10.10,0.0000,0.0000,0,stuck_too_long
3328,101,-522.63,0.00,10.10,0.0000,0.0000,0,stuck_too_long
3329,124,-549.91,0.01,12.70,0.0000,0.0000,0,stuck_too_long
3330,101,-523.68,0.00,10.10,0.0000,0.0000,0,stuck_too_long
3331,101,-524.10,0.00,10.10,0.0000,0.0000,0,stuck_too_long
3332,154,-585.81,0.02,14.29,0.0000,0.0000,0,stuck_too_long
2591,101,-523.12,0.00,10.10,0.0000,0.0000,0,stuck_too_long
2592,101,-522.85,0.00,10.10,0.0000,0.0000,0,stuck_too_long
2593,101,-524.90,0.00,10.10,0.0000,0.0000,0,stuck_too_long
2594,101,-523.66,0.00,10.10,0.0000,0.0000,0,stuck_too_long
2595,101,-523.26,0.00,10.10,0.0000,0.0000,0,stuck_too_long
2596,101,-522.97,0.00,10.10,0.0000,0.0000,0,stuck_too_long
2597,101,-522.99,0.00,10.10,0.0000,0.0000,0,stuck_too_long
2598,101,-523.35,0.00,10.10,0.0000,0.0000,0,stuck_too_long
2599,101,-523.62,0.00,10.10,0.0000,0.0000,0,stuck_too_long
2600,101,-524.06,0.00,10.10,0.0000,0.0000,0,stuck_too_long
3333,171,-607.87,0.02,15.68,0.0000,0.0000,0,stuck_too_long
3334,101,-522.96,0.00,10.10,0.0000,0.0000,0,stuck_too_long
3335,101,-524.48,0.00,10.10,0.0000,0.0000,0,stuck_too_long
3336,101,-524.28,0.00,10.10,0.0000,0.0000,0,stuck_too_long
3337,101,-524.59,0.00,10.10,0.0000,0.0000,0,stuck_too_long
3338,101,-524.11,0.00,10.12,0.0000,0.0000,0,stuck_too_long
3339,101,-523.74,0.00,10.10,0.0000,0.0000,0,stuck_too_long
3340,101,-522.12,0.00,10.10,0.0000,0.0000,0,stuck_too_long
3341,101,-523.10,0.00,10.10,0.0000,0.0000,0,stuck_too_long
3342,101,-522.49,0.00,10.10,0.0000,0.0000,0,stuck_too_long
3343,101,-524.27,0.00,10.10,0.0000,0.0000,0,stuck_too_long
3344,101,-524.29,0.00,10.10,0.0000,0.0000,0,stuck_too_long
3345,101,-523.59,0.00,10.10,0.0000,0.0000,0,stuck_too_long
3346,101,-523.48,0.00,10.10,0.0000,0.0000,0,stuck_too_long
3347,101,-524.21,0.00,10.10,0.0000,0.0000,0,stuck_too_long
3348,101,-524.92,0.00,10.10,0.0000,0.0000,0,stuck_too_long
3349,101,-523.52,0.00,10.10,0.0000,0.0000,0,stuck_too_long
3350,101,-523.42,0.00,10.10,0.0000,0.0000,0,stuck_too_long
3351,101,-523.81,0.00,10.12,0.0000,0.0000,0,stuck_too_long
3352,101,-523.93,0.00,10.10,0.0000,0.0000,0,stuck_too_long
2601,101,-524.09,0.00,10.10,0.0000,0.0000,0,stuck_too_long
2602,101,-524.40,0.00,10.10,0.0000,0.0000,0,stuck_too_long
2603,101,-523.76,0.00,10.10,0.0000,0.0000,0,stuck_too_long
2604,101,-523.91,0.00,10.10,0.0000,0.0000,0,stuck_too_long
2605,183,-623.10,0.00,18.38,0.0000,0.0000,0,stuck_too_long
2606,101,-522.24,0.00,10.10,0.0000,0.0000,0,stuck_too_long
2607,101,-525.07,0.00,10.10,0.0000,0.0000,0,stuck_too_long
2608,101,-523.13,0.00,10.10,0.0000,0.0000,0,stuck_too_long
2609,142,-572.38,0.01,14.75,0.0000,0.0000,0,stuck_too_long
2610,101,-523.84,0.00,10.10,0.0000,0.0000,0,stuck_too_long
3353,101,-524.04,0.00,10.10,0.0000,0.0000,0,stuck_too_long
3354,101,-524.60,0.00,10.10,0.0000,0.0000,0,stuck_too_long
3355,101,-523.79,0.00,10.10,0.0000,0.0000,0,stuck_too_long
3356,101,-524.64,0.00,10.10,0.0000,0.0000,0,stuck_too_long
3357,146,-577.85,0.01,14.78,0.0000,0.0000,0,stuck_too_long
3358,101,-524.04,0.00,10.10,0.0000,0.0000,0,stuck_too_long
3359,101,-523.38,0.00,10.10,0.0000,0.0000,0,stuck_too_long
3360,101,-523.39,0.00,10.10,0.0000,0.0000,0,stuck_too_long
3361,101,-523.94,0.00,10.10,0.0000,0.0000,0,stuck_too_long
3362,101,-522.56,0.00,10.10,0.0000,0.0000,0,stuck_too_long
3363,101,-523.31,0.00,10.10,0.0000,0.0000,0,stuck_too_long
3364,101,-523.38,0.00,10.10,0.0000,0.0000,0,stuck_too_long
3365,101,-524.01,0.00,10.10,0.0000,0.0000,0,stuck_too_long
3366,101,-524.48,0.00,10.10,0.0000,0.0000,0,stuck_too_long
3367,101,-522.91,0.00,10.10,0.0000,0.0000,0,stuck_too_long
3368,101,-523.58,0.00,10.10,0.0000,0.0000,0,stuck_too_long
3369,101,-524.09,0.00,10.10,0.0000,0.0000,0,stuck_too_long
3370,101,-523.68,0.00,10.10,0.0000,0.0000,0,stuck_too_long
3371,101,-525.44,0.00,10.10,0.0000,0.0000,0,stuck_too_long
3372,101,-523.52,0.00,10.10,0.0000,0.0000,0,stuck_too_long
2611,124,-550.68,0.01,12.68,0.0000,0.0000,0,stuck_too_long
2612,101,-523.21,0.00,10.10,0.0000,0.0000,0,stuck_too_long
2613,101,-523.10,0.00,10.10,0.0000,0.0000,0,stuck_too_long
2614,101,-524.50,0.00,10.10,0.0000,0.0000,0,stuck_too_long
2615,101,-523.17,0.00,10.10,0.0000,0.0000,0,stuck_too_long
2616,134,-564.66,0.00,13.43,0.0000,0.0000,0,stuck_too_long
2617,193,-634.36,0.01,20.55,0.0000,0.0000,0,stuck_too_long
2618,101,-523.47,0.00,10.10,0.0000,0.0000,0,stuck_too_long
2619,191,-633.10,0.01,19.32,0.0000,0.0000,0,stuck_too_long
2620,101,-523.38,0.00,10.10,0.0000,0.0000,0,stuck_too_long
3373,101,-523.56,0.00,10.10,0.0000,0.0000,0,stuck_too_long
3374,101,-523.62,0.00,10.10,0.0000,0.0000,0,stuck_too_long
3375,101,-524.63,0.00,10.10,0.0000,0.0000,0,stuck_too_long
3376,101,-523.42,0.00,10.10,0.0000,0.0000,0,stuck_too_long
3377,101,-523.86,0.00,10.10,0.0000,0.0000,0,stuck_too_long
3378,101,-523.55,0.00,10.10,0.0000,0.0000,0,stuck_too_long
3379,101,-523.64,0.00,10.10,0.0000,0.0000,0,stuck_too_long
3380,113,-535.75,0.01,11.70,0.0000,0.0000,0,stuck_too_long
3381,101,-521.77,0.00,10.10,0.0000,0.0000,0,stuck_too_long
3382,101,-524.74,0.00,10.10,0.0000,0.0000,0,stuck_too_long
3383,101,-523.48,0.00,10.10,0.0000,0.0000,0,stuck_too_long
3384,101,-524.28,0.00,10.10,0.0000,0.0000,0,stuck_too_long
3385,101,-523.68,0.00,10.10,0.0000,0.0000,0,stuck_too_long
3386,101,-523.31,0.00,10.10,0.0000,0.0000,0,stuck_too_long
3387,101,-523.38,0.00,10.10,0.0000,0.0000,0,stuck_too_long
3388,101,-523.38,0.00,10.10,0.0000,0.0000,0,stuck_too_long
3389,140,-569.35,0.01,14.29,0.0000,0.0000,0,stuck_too_long
3390,101,-523.48,0.00,10.10,0.0000,0.0000,0,stuck_too_long
3391,106,-528.49,0.02,11.63,0.0000,0.0000,0,stuck_too_long
3392,101,-523.55,0.00,10.10,0.0000,0.0000,0,stuck_too_long
2621,101,-524.51,0.00,10.10,0.0000,0.0000,0,stuck_too_long
2622,101,-523.04,0.00,10.10,0.0000,0.0000,0,stuck_too_long
2623,101,-522.44,0.00,10.10,0.0000,0.0000,0,stuck_too_long
2624,101,-523.56,0.00,10.10,0.0000,0.0000,0,stuck_too_long
2625,101,-522.88,0.00,10.10,0.0000,0.0000,0,stuck_too_long
2626,101,-523.43,0.00,10.10,0.0000,0.0000,0,stuck_too_long
2627,101,-524.63,0.00,10.10,0.0000,0.0000,0,stuck_too_long
2628,101,-523.33,0.00,10.10,0.0000,0.0000,0,stuck_too_long
2629,101,-523.47,0.00,10.10,0.0000,0.0000,0,stuck_too_long
2630,101,-523.05,0.00,10.10,0.0000,0.0000,0,stuck_too_long
3393,101,-524.65,0.00,10.10,0.0000,0.0000,0,stuck_too_long
3394,101,-523.98,0.00,10.10,0.0000,0.0000,0,stuck_too_long
3395,101,-523.89,0.00,10.10,0.0000,0.0000,0,stuck_too_long
3396,101,-524.35,0.00,10.10,0.0000,0.0000,0,stuck_too_long
3397,101,-526.10,0.00,10.10,0.0000,0.0000,0,stuck_too_long
3398,101,-523.25,0.00,10.10,0.0000,0.0000,0,stuck_too_long
3399,101,-524.23,0.00,10.10,0.0000,0.0000,0,stuck_too_long
3400,101,-523.71,0.00,10.10,0.0000,0.0000,0,stuck_too_long
3401,101,-523.82,0.00,10.10,0.0000,0.0000,0,stuck_too_long
3402,101,-524.33,0.00,10.10,0.0000,0.0000,0,stuck_too_long
3403,101,-522.47,0.00,10.10,0.0000,0.0000,0,stuck_too_long
3404,101,-523.81,0.00,10.10,0.0000,0.0000,0,stuck_too_long
3405,101,-524.11,0.00,10.10,0.0000,0.0000,0,stuck_too_long
3406,101,-523.14,0.00,10.10,0.0000,0.0000,0,stuck_too_long
3407,101,-522.82,0.00,10.10,0.0000,0.0000,0,stuck_too_long
3408,101,-523.40,0.00,10.10,0.0000,0.0000,0,stuck_too_long
3409,101,-524.44,0.00,10.10,0.0000,0.0000,0,stuck_too_long
3410,101,-523.18,0.00,10.10,0.0000,0.0000,0,stuck_too_long
3411,101,-523.91,0.00,10.10,0.0000,0.0000,0,stuck_too_long
3412,101,-524.45,0.00,10.10,0.0000,0.0000,0,stuck_too_long
2631,101,-524.40,0.00,10.10,0.0000,0.0000,0,stuck_too_long
2632,101,-523.07,0.00,10.10,0.0000,0.0000,0,stuck_too_long
2633,101,-524.27,0.00,10.10,0.0000,0.0000,0,stuck_too_long
2634,101,-523.78,0.00,10.10,0.0000,0.0000,0,stuck_too_long
2635,101,-522.41,0.00,10.10,0.0000,0.0000,0,stuck_too_long
2636,101,-523.25,0.00,10.10,0.0000,0.0000,0,stuck_too_long
2637,101,-524.01,0.00,10.10,0.0000,0.0000,0,stuck_too_long
2638,101,-522.95,0.00,10.10,0.0000,0.0000,0,stuck_too_long
2639,101,-523.12,0.00,10.10,0.0000,0.0000,0,stuck_too_long
2640,101,-524.41,0.00,10.10,0.0000,0.0000,0,stuck_too_long
3413,101,-522.64,0.00,10.10,0.0000,0.0000,0,stuck_too_long
3414,101,-523.85,0.00,10.10,0.0000,0.0000,0,stuck_too_long
3415,101,-524.76,0.00,10.10,0.0000,0.0000,0,stuck_too_long
3416,101,-523.65,0.00,10.10,0.0000,0.0000,0,stuck_too_long
3417,101,-524.77,0.00,10.10,0.0000,0.0000,0,stuck_too_long
3418,101,-524.55,0.00,10.10,0.0000,0.0000,0,stuck_too_long
3419,101,-523.98,0.00,10.10,0.0000,0.0000,0,stuck_too_long
3420,101,-522.66,0.00,10.10,0.0000,0.0000,0,stuck_too_long
3421,101,-522.39,0.00,10.10,0.0000,0.0000,0,stuck_too_long
3422,101,-522.80,0.00,10.10,0.0000,0.0000,0,stuck_too_long
3423,101,-524.43,0.00,10.10,0.0000,0.0000,0,stuck_too_long
3424,101,-524.95,0.00,10.10,0.0000,0.0000,0,stuck_too_long
3425,101,-523.69,0.00,10.10,0.0000,0.0000,0,stuck_too_long
3426,101,-522.57,0.00,10.10,0.0000,0.0000,0,stuck_too_long
3427,101,-524.31,0.00,10.10,0.0000,0.0000,0,stuck_too_long
3428,101,-524.31,0.00,10.10,0.0000,0.0000,0,stuck_too_long
3429,101,-523.30,0.00,10.10,0.0000,0.0000,0,stuck_too_long
3430,101,-523.51,0.00,10.10,0.0000,0.0000,0,stuck_too_long
3431,101,-522.10,0.00,10.10,0.0000,0.0000,0,stuck_too_long
3432,101,-523.55,0.00,10.10,0.0000,0.0000,0,stuck_too_long
2641,101,-523.37,0.00,10.10,0.0000,0.0000,0,stuck_too_long
2642,101,-524.34,0.00,10.10,0.0000,0.0000,0,stuck_too_long
2643,101,-523.83,0.00,10.10,0.0000,0.0000,0,stuck_too_long
2644,101,-522.61,0.00,10.10,0.0000,0.0000,0,stuck_too_long
2645,101,-522.32,0.00,10.10,0.0000,0.0000,0,stuck_too_long
2646,101,-522.95,0.00,10.10,0.0000,0.0000,0,stuck_too_long
2647,101,-523.02,0.00,10.10,0.0000,0.0000,0,stuck_too_long
2648,101,-522.99,0.00,10.10,0.0000,0.0000,0,stuck_too_long
2649,101,-523.79,0.00,10.10,0.0000,0.0000,0,stuck_too_long
2650,101,-524.39,0.00,10.11,0.0000,0.0000,0,stuck_too_long
3433,101,-522.38,0.00,10.10,0.0000,0.0000,0,stuck_too_long
3434,101,-524.23,0.00,10.10,0.0000,0.0000,0,stuck_too_long
3435,101,-521.58,0.00,10.10,0.0000,0.0000,0,stuck_too_long
3436,101,-522.06,0.00,10.10,0.0000,0.0000,0,stuck_too_long
3437,101,-523.33,0.00,10.10,0.0000,0.0000,0,stuck_too_long
3438,101,-523.60,0.00,10.10,0.0000,0.0000,0,stuck_too_long
3439,101,-522.88,0.00,10.10,0.0000,0.0000,0,stuck_too_long
3440,101,-523.30,0.00,10.10,0.0000,0.0000,0,stuck_too_long
3441,101,-524.93,0.00,10.10,0.0000,0.0000,0,stuck_too_long
3442,101,-521.98,0.00,10.10,0.0000,0.0000,0,stuck_too_long
3443,101,-523.56,0.00,10.10,0.0000,0.0000,0,stuck_too_long
3444,101,-524.44,0.00,10.10,0.0000,0.0000,0,stuck_too_long
3445,101,-525.37,0.00,10.10,0.0000,0.0000,0,stuck_too_long
3446,101,-524.76,0.00,10.10,0.0000,0.0000,0,stuck_too_long
3447,101,-523.56,0.00,10.10,0.0000,0.0000,0,stuck_too_long
3448,101,-523.99,0.00,10.10,0.0000,0.0000,0,stuck_too_long
3449,101,-524.70,0.00,10.10,0.0000,0.0000,0,stuck_too_long
3450,101,-523.98,0.00,10.10,0.0000,0.0000,0,stuck_too_long
3451,101,-524.37,0.00,10.10,0.0000,0.0000,0,stuck_too_long
3452,101,-523.06,0.00,10.10,0.0000,0.0000,0,stuck_too_long
2651,101,-524.18,0.00,10.10,0.0000,0.0000,0,stuck_too_long
2652,101,-523.82,0.00,10.10,0.0000,0.0000,0,stuck_too_long
2653,101,-522.74,0.00,10.10,0.0000,0.0000,0,stuck_too_long
2654,101,-523.95,0.00,10.10,0.0000,0.0000,0,stuck_too_long
2655,101,-522.79,0.00,10.10,0.0000,0.0000,0,stuck_too_long
2656,101,-523.07,0.00,10.10,0.0000,0.0000,0,stuck_too_long
2657,101,-522.63,0.00,10.10,0.0000,0.0000,0,stuck_too_long
2658,101,-523.90,0.00,10.10,0.0000,0.0000,0,stuck_too_long
2659,101,-524.18,0.00,10.10,0.0000,0.0000,0,stuck_too_long
2660,101,-523.87,0.00,10.10,0.0000,0.0000,0,stuck_too_long
3453,101,-523.54,0.00,10.10,0.0000,0.0000,0,stuck_too_long
3454,101,-523.48,0.00,10.10,0.0000,0.0000,0,stuck_too_long
3455,101,-523.43,0.00,10.10,0.0000,0.0000,0,stuck_too_long
3456,101,-524.24,0.00,10.10,0.0000,0.0000,0,stuck_too_long
3457,101,-522.77,0.00,10.10,0.0000,0.0000,0,stuck_too_long
3458,101,-523.58,0.00,10.10,0.0000,0.0000,0,stuck_too_long
3459,101,-522.77,0.00,10.10,0.0000,0.0000,0,stuck_too_long
3460,101,-524.10,0.00,10.10,0.0000,0.0000,0,stuck_too_long
3461,101,-524.25,0.00,10.10,0.0000,0.0000,0,stuck_too_long
3462,101,-524.48,0.00,10.10,0.0000,0.0000,0,stuck_too_long
3463,101,-523.62,0.00,10.10,0.0000,0.0000,0,stuck_too_long
3464,101,-522.01,0.00,10.10,0.0000,0.0000,0,stuck_too_long
3465,101,-524.51,0.00,10.10,0.0000,0.0000,0,stuck_too_long
3466,101,-523.28,0.00,10.10,0.0000,0.0000,0,stuck_too_long
3467,101,-524.20,0.00,10.10,0.0000,0.0000,0,stuck_too_long
3468,101,-524.30,0.00,10.10,0.0000,0.0000,0,stuck_too_long
3469,101,-523.11,0.00,10.10,0.0000,0.0000,0,stuck_too_long
3470,101,-521.99,0.00,10.10,0.0000,0.0000,0,stuck_too_long
3471,101,-521.93,0.00,10.10,0.0000,0.0000,0,stuck_too_long
3472,101,-523.52,0.00,10.10,0.0000,0.0000,0,stuck_too_long
3473,101,-523.03,0.00,10.10,0.0000,0.0000,0,stuck_too_long
2661,101,-523.87,0.00,10.10,0.0000,0.0000,0,stuck_too_long
2662,101,-524.86,0.00,10.10,0.0000,0.0000,0,stuck_too_long
2663,101,-524.93,0.00,10.10,0.0000,0.0000,0,stuck_too_long
2664,101,-525.55,0.00,10.10,0.0000,0.0000,0,stuck_too_long
2665,101,-523.48,0.00,10.10,0.0000,0.0000,0,stuck_too_long
2666,101,-523.71,0.00,10.10,0.0000,0.0000,0,stuck_too_long
2667,101,-525.42,0.00,10.10,0.0000,0.0000,0,stuck_too_long
2668,101,-523.05,0.00,10.10,0.0000,0.0000,0,stuck_too_long
2669,101,-522.85,0.00,10.10,0.0000,0.0000,0,stuck_too_long
2670,101,-525.27,0.00,10.10,0.0000,0.0000,0,stuck_too_long
3474,101,-523.24,0.00,10.10,0.0000,0.0000,0,stuck_too_long
3475,101,-523.97,0.00,10.10,0.0000,0.0000,0,stuck_too_long
3476,101,-523.05,0.00,10.10,0.0000,0.0000,0,stuck_too_long
3477,101,-524.56,0.00,10.10,0.0000,0.0000,0,stuck_too_long
3478,101,-524.36,0.00,10.10,0.0000,0.0000,0,stuck_too_long
3479,101,-522.08,0.00,10.10,0.0000,0.0000,0,stuck_too_long
3480,101,-524.72,0.00,10.12,0.0000,0.0000,0,stuck_too_long
3481,101,-523.28,0.00,10.10,0.0000,0.0000,0,stuck_too_long
3482,101,-523.64,0.00,10.10,0.0000,0.0000,0,stuck_too_long
3483,101,-525.00,0.00,10.10,0.0000,0.0000,0,stuck_too_long
3484,101,-523.30,0.00,10.10,0.0000,0.0000,0,stuck_too_long
3485,101,-522.31,0.00,10.10,0.0000,0.0000,0,stuck_too_long
3486,101,-523.29,0.00,10.10,0.0000,0.0000,0,stuck_too_long
3487,101,-524.39,0.00,10.10,0.0000,0.0000,0,stuck_too_long
3488,101,-523.26,0.00,10.10,0.0000,0.0000,0,stuck_too_long
3489,101,-523.96,0.00,10.10,0.0000,0.0000,0,stuck_too_long
3490,101,-521.64,0.00,10.10,0.0000,0.0000,0,stuck_too_long
3491,101,-523.03,0.00,10.10,0.0000,0.0000,0,stuck_too_long
3492,101,-523.62,0.00,10.10,0.0000,0.0000,0,stuck_too_long
3493,101,-523.21,0.00,10.10,0.0000,0.0000,0,stuck_too_long
2671,101,-525.74,0.00,10.10,0.0000,0.0000,0,stuck_too_long
2672,101,-524.61,0.00,10.10,0.0000,0.0000,0,stuck_too_long
2673,101,-523.70,0.00,10.10,0.0000,0.0000,0,stuck_too_long
2674,101,-524.97,0.00,10.10,0.0000,0.0000,0,stuck_too_long
2675,101,-523.27,0.00,10.10,0.0000,0.0000,0,stuck_too_long
2676,101,-525.28,0.00,10.10,0.0000,0.0000,0,stuck_too_long
2677,101,-523.11,0.00,10.10,0.0000,0.0000,0,stuck_too_long
2678,101,-524.64,0.00,10.10,0.0000,0.0000,0,stuck_too_long
2679,101,-524.32,0.00,10.10,0.0000,0.0000,0,stuck_too_long
2680,101,-525.23,0.00,10.10,0.0000,0.0000,0,stuck_too_long
3494,101,-524.27,0.00,10.10,0.0000,0.0000,0,stuck_too_long
3495,101,-524.45,0.00,10.10,0.0000,0.0000,0,stuck_too_long
3496,101,-524.42,0.00,10.10,0.0000,0.0000,0,stuck_too_long
3497,101,-522.19,0.00,10.10,0.0000,0.0000,0,stuck_too_long
3498,101,-524.27,0.00,10.10,0.0000,0.0000,0,stuck_too_long
3499,101,-523.82,0.00,10.10,0.0000,0.0000,0,stuck_too_long
3500,101,-524.22,0.00,10.10,0.0000,0.0000,0,stuck_too_long
3501,101,-524.86,0.00,10.10,0.0000,0.0000,0,stuck_too_long
3502,101,-523.84,0.00,10.10,0.0000,0.0000,0,stuck_too_long
3503,101,-524.72,0.00,10.10,0.0000,0.0000,0,stuck_too_long
3504,101,-522.89,0.00,10.10,0.0000,0.0000,0,stuck_too_long
3505,101,-523.68,0.00,10.10,0.0000,0.0000,0,stuck_too_long
3506,101,-524.40,0.00,10.10,0.0000,0.0000,0,stuck_too_long
3507,101,-525.31,0.00,10.10,0.0000,0.0000,0,stuck_too_long
3508,101,-522.99,0.00,10.10,0.0000,0.0000,0,stuck_too_long
3509,101,-522.69,0.00,10.10,0.0000,0.0000,0,stuck_too_long
3510,101,-525.30,0.00,10.10,0.0000,0.0000,0,stuck_too_long
3511,101,-523.69,0.00,10.10,0.0000,0.0000,0,stuck_too_long
3512,101,-525.43,0.00,10.10,0.0000,0.0000,0,stuck_too_long
3513,101,-524.75,0.00,10.10,0.0000,0.0000,0,stuck_too_long
2681,101,-522.85,0.00,10.10,0.0000,0.0000,0,stuck_too_long
2682,101,-523.72,0.00,10.10,0.0000,0.0000,0,stuck_too_long
2683,101,-525.24,0.00,10.10,0.0000,0.0000,0,stuck_too_long
2684,101,-524.27,0.00,10.10,0.0000,0.0000,0,stuck_too_long
2685,101,-524.42,0.00,10.10,0.0000,0.0000,0,stuck_too_long
2686,101,-524.74,0.00,10.10,0.0000,0.0000,0,stuck_too_long
2687,101,-524.10,0.00,10.10,0.0000,0.0000,0,stuck_too_long
2688,101,-523.91,0.00,10.10,0.0000,0.0000,0,stuck_too_long
2689,101,-524.33,0.00,10.10,0.0000,0.0000,0,stuck_too_long
2690,101,-522.74,0.00,10.10,0.0000,0.0000,0,stuck_too_long
3514,101,-524.12,0.00,10.10,0.0000,0.0000,0,stuck_too_long
3515,101,-523.93,0.00,10.10,0.0000,0.0000,0,stuck_too_long
3516,101,-523.91,0.00,10.10,0.0000,0.0000,0,stuck_too_long
3517,101,-524.32,0.00,10.10,0.0000,0.0000,0,stuck_too_long
3518,101,-523.49,0.00,10.10,0.0000,0.0000,0,stuck_too_long
3519,101,-524.35,0.00,10.10,0.0000,0.0000,0,stuck_too_long
3520,101,-523.63,0.00,10.10,0.0000,0.0000,0,stuck_too_long
3521,101,-523.87,0.00,10.10,0.0000,0.0000,0,stuck_too_long
3522,101,-524.91,0.00,10.10,0.0000,0.0000,0,stuck_too_long
3523,101,-523.52,0.00,10.10,0.0000,0.0000,0,stuck_too_long
3524,176,-616.18,0.00,17.64,0.0000,0.0000,0,stuck_too_long
3525,101,-523.79,0.00,10.10,0.0000,0.0000,0,stuck_too_long
3526,101,-523.99,0.00,10.10,0.0000,0.0000,0,stuck_too_long
3527,101,-523.77,0.00,10.10,0.0000,0.0000,0,stuck_too_long
3528,101,-523.29,0.00,10.10,0.0000,0.0000,0,stuck_too_long
3529,101,-523.81,0.00,10.10,0.0000,0.0000,0,stuck_too_long
3530,101,-523.52,0.00,10.10,0.0000,0.0000,0,stuck_too_long
3531,101,-524.24,0.00,10.10,0.0000,0.0000,0,stuck_too_long
3532,101,-523.83,0.00,10.10,0.0000,0.0000,0,stuck_too_long
3533,101,-523.82,0.00,10.10,0.0000,0.0000,0,stuck_too_long
2691,101,-525.28,0.00,10.10,0.0000,0.0000,0,stuck_too_long
2692,101,-523.50,0.00,10.10,0.0000,0.0000,0,stuck_too_long
2693,101,-524.93,0.00,10.10,0.0000,0.0000,0,stuck_too_long
2694,101,-523.27,0.00,10.10,0.0000,0.0000,0,stuck_too_long
2695,101,-522.60,0.00,10.10,0.0000,0.0000,0,stuck_too_long
2696,101,-523.08,0.00,10.10,0.0000,0.0000,0,stuck_too_long
2697,101,-525.36,0.00,10.10,0.0000,0.0000,0,stuck_too_long
2698,101,-525.08,0.00,10.10,0.0000,0.0000,0,stuck_too_long
2699,101,-524.32,0.00,10.10,0.0000,0.0000,0,stuck_too_long
2700,101,-524.49,0.00,10.10,0.0000,0.0000,0,stuck_too_long
3534,101,-523.00,0.00,10.10,0.0000,0.0000,0,stuck_too_long
3535,101,-522.44,0.00,10.10,0.0000,0.0000,0,stuck_too_long
3536,101,-524.37,0.00,10.10,0.0000,0.0000,0,stuck_too_long
3537,101,-523.90,0.00,10.10,0.0000,0.0000,0,stuck_too_long
3538,101,-522.80,0.00,10.10,0.0000,0.0000,0,stuck_too_long
3539,101,-522.04,0.00,10.10,0.0000,0.0000,0,stuck_too_long
3540,101,-522.85,0.00,10.10,0.0000,0.0000,0,stuck_too_long
3541,101,-524.09,0.00,10.10,0.0000,0.0000,0,stuck_too_long
3542,101,-524.33,0.00,10.10,0.0000,0.0000,0,stuck_too_long
3543,101,-523.96,0.00,10.10,0.0000,0.0000,0,stuck_too_long
3544,101,-523.51,0.00,10.10,0.0000,0.0000,0,stuck_too_long
3545,101,-523.95,0.00,10.10,0.0000,0.0000,0,stuck_too_long
3546,101,-523.04,0.00,10.10,0.0000,0.0000,0,stuck_too_long
3547,101,-525.05,0.00,10.10,0.0000,0.0000,0,stuck_too_long
3548,101,-522.08,0.00,10.10,0.0000,0.0000,0,stuck_too_long
3549,101,-523.67,0.00,10.10,0.0000,0.0000,0,stuck_too_long
3550,101,-523.96,0.00,10.10,0.0000,0.0000,0,stuck_too_long
3551,101,-525.13,0.00,10.10,0.0000,0.0000,0,stuck_too_long
3552,101,-523.65,0.00,10.10,0.0000,0.0000,0,stuck_too_long
3553,101,-525.34,0.00,10.10,0.0000,0.0000,0,stuck_too_long
2701,101,-525.03,0.00,10.10,0.0000,0.0000,0,stuck_too_long
2702,101,-523.18,0.00,10.10,0.0000,0.0000,0,stuck_too_long
2703,125,-553.29,0.01,12.93,0.0000,0.0000,0,stuck_too_long
2704,101,-524.23,0.00,10.10,0.0000,0.0000,0,stuck_too_long
2705,210,-655.28,0.03,21.20,0.0000,0.0000,0,stuck_too_long
2706,101,-522.28,0.00,10.10,0.0000,0.0000,0,stuck_too_long
2707,101,-522.84,0.00,10.10,0.0000,0.0000,0,stuck_too_long
2708,101,-523.68,0.00,10.10,0.0000,0.0000,0,stuck_too_long
2709,143,-573.00,0.01,15.34,0.0000,0.0000,0,stuck_too_long
2710,101,-523.31,0.00,10.10,0.0000,0.0000,0,stuck_too_long
3554,101,-523.17,0.00,10.10,0.0000,0.0000,0,stuck_too_long
3555,101,-524.36,0.00,10.10,0.0000,0.0000,0,stuck_too_long
3556,101,-524.21,0.00,10.10,0.0000,0.0000,0,stuck_too_long
3557,101,-524.09,0.00,10.10,0.0000,0.0000,0,stuck_too_long
3558,101,-523.39,0.00,10.10,0.0000,0.0000,0,stuck_too_long
3559,101,-523.34,0.00,10.10,0.0000,0.0000,0,stuck_too_long
3560,101,-524.79,0.00,10.10,0.0000,0.0000,0,stuck_too_long
3561,101,-522.11,0.00,10.10,0.0000,0.0000,0,stuck_too_long
3562,101,-525.05,0.00,10.10,0.0000,0.0000,0,stuck_too_long
3563,101,-524.80,0.00,10.10,0.0000,0.0000,0,stuck_too_long
3564,101,-524.53,0.00,10.10,0.0000,0.0000,0,stuck_too_long
3565,101,-523.25,0.00,10.10,0.0000,0.0000,0,stuck_too_long
3566,101,-524.56,0.00,10.10,0.0000,0.0000,0,stuck_too_long
3567,101,-525.26,0.00,10.10,0.0000,0.0000,0,stuck_too_long
3568,101,-522.92,0.00,10.10,0.0000,0.0000,0,stuck_too_long
3569,101,-523.26,0.00,10.10,0.0000,0.0000,0,stuck_too_long
3570,101,-523.89,0.00,10.10,0.0000,0.0000,0,stuck_too_long
3571,101,-524.32,0.00,10.10,0.0000,0.0000,0,stuck_too_long
3572,101,-523.35,0.00,10.10,0.0000,0.0000,0,stuck_too_long
3573,101,-522.34,0.00,10.10,0.0000,0.0000,0,stuck_too_long
2711,101,-522.40,0.00,10.10,0.0000,0.0000,0,stuck_too_long
2712,101,-523.74,0.00,10.10,0.0000,0.0000,0,stuck_too_long
2713,101,-524.41,0.00,10.10,0.0000,0.0000,0,stuck_too_long
2714,101,-522.64,0.00,10.10,0.0000,0.0000,0,stuck_too_long
2715,101,-524.30,0.00,10.10,0.0000,0.0000,0,stuck_too_long
2716,101,-523.74,0.00,10.10,0.0000,0.0000,0,stuck_too_long
2717,152,-585.04,0.01,15.73,0.0000,0.0000,0,stuck_too_long
2718,101,-525.79,0.00,10.10,0.0000,0.0000,0,stuck_too_long
2719,101,-525.21,0.00,10.10,0.0000,0.0000,0,stuck_too_long
2720,101,-523.52,0.00,10.10,0.0000,0.0000,0,stuck_too_long
3574,101,-524.09,0.00,10.10,0.0000,0.0000,0,stuck_too_long
3575,101,-524.44,0.00,10.10,0.0000,0.0000,0,stuck_too_long
3576,101,-523.00,0.00,10.10,0.0000,0.0000,0,stuck_too_long
3577,101,-522.46,0.00,10.10,0.0000,0.0000,0,stuck_too_long
3578,101,-522.94,0.00,10.10,0.0000,0.0000,0,stuck_too_long
3579,101,-523.19,0.00,10.10,0.0000,0.0000,0,stuck_too_long
3580,101,-525.64,0.00,10.10,0.0000,0.0000,0,stuck_too_long
3581,101,-524.67,0.00,10.10,0.0000,0.0000,0,stuck_too_long
3582,101,-523.88,0.00,10.10,0.0000,0.0000,0,stuck_too_long
3583,101,-523.96,0.00,10.10,0.0000,0.0000,0,stuck_too_long
3584,101,-522.61,0.00,10.10,0.0000,0.0000,0,stuck_too_long
3585,101,-522.83,0.00,10.10,0.0000,0.0000,0,stuck_too_long
3586,101,-523.46,0.00,10.10,0.0000,0.0000,0,stuck_too_long
3587,101,-522.97,0.00,10.10,0.0000,0.0000,0,stuck_too_long
3588,101,-522.60,0.00,10.10,0.0000,0.0000,0,stuck_too_long
3589,101,-525.06,0.00,10.10,0.0000,0.0000,0,stuck_too_long
3590,101,-524.37,0.00,10.10,0.0000,0.0000,0,stuck_too_long
3591,101,-523.59,0.00,10.10,0.0000,0.0000,0,stuck_too_long
3592,101,-523.70,0.00,10.10,0.0000,0.0000,0,stuck_too_long
3593,101,-524.35,0.00,10.10,0.0000,0.0000,0,stuck_too_long
3594,101,-523.99,0.00,10.10,0.0000,0.0000,0,stuck_too_long
2721,101,-523.80,0.00,10.10,0.0000,0.0000,0,stuck_too_long
2722,101,-523.82,0.00,10.10,0.0000,0.0000,0,stuck_too_long
2723,101,-524.40,0.00,10.10,0.0000,0.0000,0,stuck_too_long
2724,101,-523.67,0.00,10.10,0.0000,0.0000,0,stuck_too_long
2725,101,-524.14,0.00,10.10,0.0000,0.0000,0,stuck_too_long
2726,101,-524.22,0.00,10.10,0.0000,0.0000,0,stuck_too_long
2727,101,-523.69,0.00,10.13,0.0000,0.0000,0,stuck_too_long
2728,101,-523.04,0.00,10.10,0.0000,0.0000,0,stuck_too_long
2729,101,-525.39,0.00,10.10,0.0000,0.0000,0,stuck_too_long
2730,101,-524.53,0.00,10.10,0.0000,0.0000,0,stuck_too_long
3595,101,-523.91,0.00,10.10,0.0000,0.0000,0,stuck_too_long
3596,103,-525.93,0.02,9.38,0.0000,0.0000,0,stuck_too_long
3597,101,-523.89,0.00,10.10,0.0000,0.0000,0,stuck_too_long
3598,101,-524.15,0.00,10.10,0.0000,0.0000,0,stuck_too_long
3599,160,-595.32,0.02,14.71,0.0000,0.0000,0,stuck_too_long
3600,101,-524.65,0.00,10.10,0.0000,0.0000,0,stuck_too_long
3601,101,-524.55,0.00,10.10,0.0000,0.0000,0,stuck_too_long
3602,101,-524.56,0.00,10.10,0.0000,0.0000,0,stuck_too_long
3603,101,-524.13,0.00,10.10,0.0000,0.0000,0,stuck_too_long
3604,101,-523.42,0.00,10.10,0.0000,0.0000,0,stuck_too_long
3605,101,-524.43,0.00,10.10,0.0000,0.0000,0,stuck_too_long
3606,108,-532.65,0.01,10.85,0.0000,0.0000,0,stuck_too_long
3607,101,-525.52,0.00,10.10,0.0000,0.0000,0,stuck_too_long
3608,101,-524.04,0.00,10.10,0.0000,0.0000,0,stuck_too_long
3609,101,-523.93,0.00,10.10,0.0000,0.0000,0,stuck_too_long
3610,188,-629.08,0.01,20.22,0.0000,0.0000,0,stuck_too_long
3611,101,-525.29,0.00,10.10,0.0000,0.0000,0,stuck_too_long
3612,101,-523.81,0.00,10.10,0.0000,0.0000,0,stuck_too_long
2731,101,-523.68,0.00,10.10,0.0000,0.0000,0,stuck_too_long
2732,101,-524.97,0.00,10.10,0.0000,0.0000,0,stuck_too_long
2733,101,-524.66,0.00,10.10,0.0000,0.0000,0,stuck_too_long
2734,101,-523.21,0.00,10.10,0.0000,0.0000,0,stuck_too_long
2735,124,-551.70,0.01,13.02,0.0000,0.0000,0,stuck_too_long
2736,108,-530.13,0.02,12.06,0.0000,0.0000,0,stuck_too_long
2737,101,-524.01,0.00,10.10,0.0000,0.0000,0,stuck_too_long
2738,101,-523.45,0.00,10.10,0.0000,0.0000,0,stuck_too_long
2739,101,-523.58,0.01,10.13,0.0000,0.0000,0,stuck_too_long
2740,101,-524.52,0.00,10.10,0.0000,0.0000,0,stuck_too_long
3613,101,-522.52,0.00,10.10,0.0000,0.0000,0,stuck_too_long
3614,101,-524.63,0.00,10.10,0.0000,0.0000,0,stuck_too_long
3615,101,-523.23,0.00,10.10,0.0000,0.0000,0,stuck_too_long
3616,101,-523.89,0.00,10.10,0.0000,0.0000,0,stuck_too_long
3617,101,-525.59,0.00,10.10,0.0000,0.0000,0,stuck_too_long
3618,101,-523.90,0.00,10.10,0.0000,0.0000,0,stuck_too_long
3619,101,-523.96,0.00,10.10,0.0000,0.0000,0,stuck_too_long
3620,101,-523.87,0.00,10.10,0.0000,0.0000,0,stuck_too_long
3621,101,-525.16,0.00,10.10,0.0000,0.0000,0,stuck_too_long
3622,101,-523.24,0.00,10.10,0.0000,0.0000,0,stuck_too_long
3623,101,-523.51,0.00,10.10,0.0000,0.0000,0,stuck_too_long
3624,101,-524.80,0.00,10.10,0.0000,0.0000,0,stuck_too_long
3625,101,-524.01,0.00,10.10,0.0000,0.0000,0,stuck_too_long
3626,101,-523.78,0.00,10.10,0.0000,0.0000,0,stuck_too_long
3627,158,-593.96,0.03,14.00,0.0000,0.0000,0,stuck_too_long
3628,101,-524.84,0.00,10.10,0.0000,0.0000,0,stuck_too_long
3629,190,-630.61,0.01,19.52,0.0000,0.0000,0,stuck_too_long
3630,101,-524.40,0.00,10.10,0.0000,0.0000,0,stuck_too_long
3631,101,-524.75,0.00,10.10,0.0000,0.0000,0,stuck_too_long
2741,101,-523.66,0.00,10.10,0.0000,0.0000,0,stuck_too_long
2742,161,-596.45,0.01,16.36,0.0000,0.0000,0,stuck_too_long
2743,101,-523.94,0.00,10.10,0.0000,0.0000,0,stuck_too_long
2744,101,-522.58,0.00,10.10,0.0000,0.0000,0,stuck_too_long
2745,101,-524.65,0.00,10.10,0.0000,0.0000,0,stuck_too_long
2746,101,-525.64,0.00,10.10,0.0000,0.0000,0,stuck_too_long
2747,101,-523.86,0.00,10.10,0.0000,0.0000,0,stuck_too_long
2748,101,-524.71,0.00,10.10,0.0000,0.0000,0,stuck_too_long
2749,101,-524.54,0.00,10.10,0.0000,0.0000,0,stuck_too_long
2750,101,-524.55,0.00,10.10,0.0000,0.0000,0,stuck_too_long
3632,101,-523.66,0.00,10.11,0.0000,0.0000,0,stuck_too_long
3633,101,-522.51,0.00,10.10,0.0000,0.0000,0,stuck_too_long
3634,101,-525.15,0.00,10.10,0.0000,0.0000,0,stuck_too_long
3635,101,-523.12,0.00,10.10,0.0000,0.0000,0,stuck_too_long
3636,101,-522.80,0.00,10.10,0.0000,0.0000,0,stuck_too_long
3637,101,-523.22,0.00,10.10,0.0000,0.0000,0,stuck_too_long
3638,101,-524.75,0.00,10.10,0.0000,0.0000,0,stuck_too_long
3639,101,-524.44,0.00,10.10,0.0000,0.0000,0,stuck_too_long
3640,101,-523.18,0.00,10.10,0.0000,0.0000,0,stuck_too_long
3641,158,-595.14,0.01,17.05,0.0000,0.0000,0,stuck_too_long
3642,101,-525.31,0.00,10.10,0.0000,0.0000,0,stuck_too_long
3643,101,-524.12,0.00,10.10,0.0000,0.0000,0,stuck_too_long
3644,101,-523.75,0.00,10.10,0.0000,0.0000,0,stuck_too_long
3645,101,-525.17,0.00,10.12,0.0000,0.0000,0,stuck_too_long
3646,101,-524.18,0.00,10.10,0.0000,0.0000,0,stuck_too_long
3647,101,-525.76,0.00,10.10,0.0000,0.0000,0,stuck_too_long
3648,101,-523.12,0.00,10.10,0.0000,0.0000,0,stuck_too_long
3649,101,-522.82,0.00,10.10,0.0000,0.0000,0,stuck_too_long
3650,101,-524.11,0.00,10.10,0.0000,0.0000,0,stuck_too_long
3651,101,-523.82,0.00,10.10,0.0000,0.0000,0,stuck_too_long
2751,101,-524.26,0.00,10.10,0.0000,0.0000,0,stuck_too_long
2752,101,-524.07,0.00,10.10,0.0000,0.0000,0,stuck_too_long
2753,101,-523.62,0.00,10.10,0.0000,0.0000,0,stuck_too_long
2754,101,-524.06,0.00,10.10,0.0000,0.0000,0,stuck_too_long
2755,101,-524.73,0.00,10.10,0.0000,0.0000,0,stuck_too_long
2756,101,-523.84,0.00,10.10,0.0000,0.0000,0,stuck_too_long
2757,101,-523.48,0.00,10.10,0.0000,0.0000,0,stuck_too_long
2758,101,-522.67,0.00,10.10,0.0000,0.0000,0,stuck_too_long
2759,101,-524.06,0.00,10.10,0.0000,0.0000,0,stuck_too_long
2760,101,-525.41,0.00,10.10,0.0000,0.0000,0,stuck_too_long
3652,101,-523.71,0.00,10.10,0.0000,0.0000,0,stuck_too_long
3653,101,-524.06,0.00,10.10,0.0000,0.0000,0,stuck_too_long
3654,101,-524.10,0.00,10.10,0.0000,0.0000,0,stuck_too_long
3655,101,-525.27,0.00,10.10,0.0000,0.0000,0,stuck_too_long
3656,101,-523.97,0.00,10.10,0.0000,0.0000,0,stuck_too_long
3657,101,-523.28,0.00,10.10,0.0000,0.0000,0,stuck_too_long
3658,101,-524.08,0.00,10.10,0.0000,0.0000,0,stuck_too_long
3659,101,-525.27,0.00,10.10,0.0000,0.0000,0,stuck_too_long
3660,101,-524.06,0.00,10.10,0.0000,0.0000,0,stuck_too_long
3661,101,-524.42,0.00,10.10,0.0000,0.0000,0,stuck_too_long
3662,101,-525.24,0.00,10.10,0.0000,0.0000,0,stuck_too_long
3663,101,-524.24,0.00,10.10,0.0000,0.0000,0,stuck_too_long
3664,101,-523.66,0.00,10.10,0.0000,0.0000,0,stuck_too_long
3665,101,-523.71,0.00,10.10,0.0000,0.0000,0,stuck_too_long
3666,101,-523.08,0.00,10.10,0.0000,0.0000,0,stuck_too_long
3667,101,-523.76,0.00,10.10,0.0000,0.0000,0,stuck_too_long
3668,101,-522.96,0.00,10.10,0.0000,0.0000,0,stuck_too_long
3669,101,-524.71,0.00,10.10,0.0000,0.0000,0,stuck_too_long
3670,101,-525.18,0.00,10.10,0.0000,0.0000,0,stuck_too_long
3671,101,-523.80,0.00,10.10,0.0000,0.0000,0,stuck_too_long
2761,101,-523.58,0.00,10.10,0.0000,0.0000,0,stuck_too_long
2762,101,-524.70,0.00,10.10,0.0000,0.0000,0,stuck_too_long
2763,101,-523.34,0.00,10.10,0.0000,0.0000,0,stuck_too_long
2764,101,-524.55,0.00,10.10,0.0000,0.0000,0,stuck_too_long
2765,101,-522.94,0.00,10.10,0.0000,0.0000,0,stuck_too_long
2766,101,-524.58,0.00,10.10,0.0000,0.0000,0,stuck_too_long
2767,101,-523.87,0.00,10.10,0.0000,0.0000,0,stuck_too_long
2768,101,-524.78,0.00,10.10,0.0000,0.0000,0,stuck_too_long
2769,101,-525.55,0.00,10.10,0.0000,0.0000,0,stuck_too_long
2770,101,-524.01,0.00,10.10,0.0000,0.0000,0,stuck_too_long
3672,101,-523.93,0.00,10.10,0.0000,0.0000,0,stuck_too_long
3673,101,-523.73,0.00,10.10,0.0000,0.0000,0,stuck_too_long
3674,101,-524.67,0.00,10.10,0.0000,0.0000,0,stuck_too_long
3675,101,-524.28,0.00,10.10,0.0000,0.0000,0,stuck_too_long
3676,101,-522.70,0.00,10.10,0.0000,0.0000,0,stuck_too_long
3677,101,-524.09,0.00,10.10,0.0000,0.0000,0,stuck_too_long
3678,101,-523.15,0.00,10.10,0.0000,0.0000,0,stuck_too_long
3679,101,-523.64,0.00,10.10,0.0000,0.0000,0,stuck_too_long
3680,101,-524.14,0.00,10.10,0.0000,0.0000,0,stuck_too_long
3681,101,-526.06,0.00,10.10,0.0000,0.0000,0,stuck_too_long
3682,101,-524.40,0.00,10.10,0.0000,0.0000,0,stuck_too_long
3683,101,-522.33,0.00,10.10,0.0000,0.0000,0,stuck_too_long
3684,101,-524.41,0.00,10.10,0.0000,0.0000,0,stuck_too_long
3685,101,-524.69,0.00,10.10,0.0000,0.0000,0,stuck_too_long
3686,101,-524.28,0.00,10.10,0.0000,0.0000,0,stuck_too_long
3687,101,-524.57,0.00,10.10,0.0000,0.0000,0,stuck_too_long
3688,101,-523.77,0.00,10.10,0.0000,0.0000,0,stuck_too_long
3689,101,-524.46,0.00,10.10,0.0000,0.0000,0,stuck_too_long
3690,101,-522.83,0.00,10.10,0.0000,0.0000,0,stuck_too_long
3691,101,-523.09,0.00,10.10,0.0000,0.0000,0,stuck_too_long
2771,101,-522.90,0.00,10.10,0.0000,0.0000,0,stuck_too_long
2772,101,-524.91,0.00,10.10,0.0000,0.0000,0,stuck_too_long
2773,101,-525.34,0.00,10.10,0.0000,0.0000,0,stuck_too_long
2774,101,-524.04,0.00,10.10,0.0000,0.0000,0,stuck_too_long
2775,101,-523.35,0.00,10.10,0.0000,0.0000,0,stuck_too_long
2776,101,-524.22,0.00,10.10,0.0000,0.0000,0,stuck_too_long
2777,101,-525.41,0.00,10.10,0.0000,0.0000,0,stuck_too_long
2778,101,-523.97,0.00,10.10,0.0000,0.0000,0,stuck_too_long
2779,101,-524.86,0.00,10.10,0.0000,0.0000,0,stuck_too_long
2780,101,-525.05,0.00,10.10,0.0000,0.0000,0,stuck_too_long
3692,101,-524.55,0.00,10.10,0.0000,0.0000,0,stuck_too_long
3693,101,-525.68,0.00,10.10,0.0000,0.0000,0,stuck_too_long
3694,101,-524.52,0.00,10.10,0.0000,0.0000,0,stuck_too_long
3695,101,-524.17,0.00,10.10,0.0000,0.0000,0,stuck_too_long
3696,101,-524.64,0.00,10.10,0.0000,0.0000,0,stuck_too_long
3697,101,-523.47,0.00,10.10,0.0000,0.0000,0,stuck_too_long
3698,101,-523.54,0.00,10.10,0.0000,0.0000,0,stuck_too_long
3699,101,-522.47,0.00,10.10,0.0000,0.0000,0,stuck_too_long
3700,101,-524.96,0.00,10.10,0.0000,0.0000,0,stuck_too_long
3701,101,-524.15,0.00,10.10,0.0000,0.0000,0,stuck_too_long
3702,101,-523.37,0.00,10.10,0.0000,0.0000,0,stuck_too_long
3703,101,-523.92,0.00,10.10,0.0000,0.0000,0,stuck_too_long
3704,101,-523.95,0.00,10.10,0.0000,0.0000,0,stuck_too_long
3705,101,-524.44,0.00,10.10,0.0000,0.0000,0,stuck_too_long
3706,101,-525.01,0.00,10.10,0.0000,0.0000,0,stuck_too_long
3707,101,-525.32,0.00,10.10,0.0000,0.0000,0,stuck_too_long
3708,101,-523.69,0.00,10.10,0.0000,0.0000,0,stuck_too_long
3709,101,-523.91,0.00,10.10,0.0000,0.0000,0,stuck_too_long
3710,101,-526.54,0.00,10.10,0.0000,0.0000,0,stuck_too_long
3711,101,-524.59,0.00,10.10,0.0000,0.0000,0,stuck_too_long
3712,101,-525.21,0.00,10.10,0.0000,0.0000,0,stuck_too_long
2781,101,-523.52,0.00,10.10,0.0000,0.0000,0,stuck_too_long
2782,101,-523.98,0.00,10.10,0.0000,0.0000,0,stuck_too_long
2783,101,-524.02,0.00,10.10,0.0000,0.0000,0,stuck_too_long
2784,101,-523.13,0.00,10.10,0.0000,0.0000,0,stuck_too_long
2785,101,-526.14,0.00,10.10,0.0000,0.0000,0,stuck_too_long
2786,101,-525.43,0.00,10.10,0.0000,0.0000,0,stuck_too_long
2787,101,-523.44,0.00,10.10,0.0000,0.0000,0,stuck_too_long
2788,101,-524.67,0.00,10.10,0.0000,0.0000,0,stuck_too_long
2789,101,-524.16,0.00,10.10,0.0000,0.0000,0,stuck_too_long
2790,101,-524.40,0.00,10.10,0.0000,0.0000,0,stuck_too_long
3713,101,-524.79,0.00,10.10,0.0000,0.0000,0,stuck_too_long
3714,101,-524.72,0.00,10.10,0.0000,0.0000,0,stuck_too_long
3715,101,-524.79,0.00,10.10,0.0000,0.0000,0,stuck_too_long
3716,101,-523.37,0.00,10.10,0.0000,0.0000,0,stuck_too_long
3717,101,-523.15,0.00,10.10,0.0000,0.0000,0,stuck_too_long
3718,101,-524.79,0.00,10.10,0.0000,0.0000,0,stuck_too_long
3719,101,-525.43,0.00,10.10,0.0000,0.0000,0,stuck_too_long
3720,101,-525.33,0.00,10.10,0.0000,0.0000,0,stuck_too_long
3721,101,-523.62,0.00,10.10,0.0000,0.0000,0,stuck_too_long
3722,101,-523.77,0.00,10.10,0.0000,0.0000,0,stuck_too_long
3723,101,-524.27,0.00,10.10,0.0000,0.0000,0,stuck_too_long
3724,101,-524.04,0.00,10.10,0.0000,0.0000,0,stuck_too_long
3725,101,-523.13,0.00,10.10,0.0000,0.0000,0,stuck_too_long
3726,101,-522.11,0.00,10.10,0.0000,0.0000,0,stuck_too_long
3727,101,-526.07,0.00,10.10,0.0000,0.0000,0,stuck_too_long
3728,101,-524.59,0.00,10.10,0.0000,0.0000,0,stuck_too_long
3729,101,-524.35,0.00,10.10,0.0000,0.0000,0,stuck_too_long
3730,101,-524.39,0.00,10.10,0.0000,0.0000,0,stuck_too_long
3731,101,-524.52,0.00,10.10,0.0000,0.0000,0,stuck_too_long
3732,101,-523.27,0.00,10.10,0.0000,0.0000,0,stuck_too_long
2791,101,-525.00,0.00,10.10,0.0000,0.0000,0,stuck_too_long
2792,101,-523.89,0.00,10.10,0.0000,0.0000,0,stuck_too_long
2793,101,-523.33,0.00,10.10,0.0000,0.0000,0,stuck_too_long
2794,101,-524.79,0.00,10.10,0.0000,0.0000,0,stuck_too_long
2795,101,-524.88,0.00,10.10,0.0000,0.0000,0,stuck_too_long
2796,101,-523.66,0.00,10.10,0.0000,0.0000,0,stuck_too_long
2797,101,-524.97,0.00,10.10,0.0000,0.0000,0,stuck_too_long
2798,101,-525.13,0.00,10.10,0.0000,0.0000,0,stuck_too_long
2799,101,-521.68,0.00,10.10,0.0000,0.0000,0,stuck_too_long
2800,101,-524.22,0.00,10.10,0.0000,0.0000,0,stuck_too_long
3733,101,-523.45,0.00,10.10,0.0000,0.0000,0,stuck_too_long
3734,101,-524.58,0.00,10.10,0.0000,0.0000,0,stuck_too_long
3735,101,-523.12,0.00,10.10,0.0000,0.0000,0,stuck_too_long
3736,101,-524.60,0.00,10.10,0.0000,0.0000,0,stuck_too_long
3737,101,-525.61,0.00,10.10,0.0000,0.0000,0,stuck_too_long
3738,101,-523.81,0.00,10.10,0.0000,0.0000,0,stuck_too_long
3739,101,-524.34,0.00,10.10,0.0000,0.0000,0,stuck_too_long
3740,101,-524.52,0.00,10.10,0.0000,0.0000,0,stuck_too_long
3741,101,-524.48,0.00,10.10,0.0000,0.0000,0,stuck_too_long
3742,101,-524.83,0.00,10.10,0.0000,0.0000,0,stuck_too_long
3743,101,-523.51,0.00,10.10,0.0000,0.0000,0,stuck_too_long
3744,101,-524.38,0.00,10.10,0.0000,0.0000,0,stuck_too_long
3745,101,-524.02,0.00,10.10,0.0000,0.0000,0,stuck_too_long
3746,101,-525.36,0.00,10.10,0.0000,0.0000,0,stuck_too_long
3747,101,-524.91,0.00,10.10,0.0000,0.0000,0,stuck_too_long
3748,101,-523.97,0.00,10.10,0.0000,0.0000,0,stuck_too_long
3749,101,-524.55,0.00,10.10,0.0000,0.0000,0,stuck_too_long
3750,101,-525.39,0.00,10.10,0.0000,0.0000,0,stuck_too_long
3751,101,-524.27,0.00,10.10,0.0000,0.0000,0,stuck_too_long
3752,101,-524.30,0.00,10.10,0.0000,0.0000,0,stuck_too_long
2801,101,-524.32,0.00,10.10,0.0000,0.0000,0,stuck_too_long
2802,101,-525.70,0.00,10.10,0.0000,0.0000,0,stuck_too_long
2803,101,-524.69,0.00,10.10,0.0000,0.0000,0,stuck_too_long
2804,101,-524.24,0.00,10.10,0.0000,0.0000,0,stuck_too_long
2805,101,-523.14,0.00,10.10,0.0000,0.0000,0,stuck_too_long
2806,101,-524.28,0.00,10.10,0.0000,0.0000,0,stuck_too_long
2807,101,-524.45,0.00,10.10,0.0000,0.0000,0,stuck_too_long
2808,101,-526.43,0.00,10.10,0.0000,0.0000,0,stuck_too_long
2809,101,-524.29,0.00,10.10,0.0000,0.0000,0,stuck_too_long
2810,101,-524.02,0.00,10.10,0.0000,0.0000,0,stuck_too_long
3753,101,-524.31,0.00,10.10,0.0000,0.0000,0,stuck_too_long
3754,101,-523.52,0.00,10.10,0.0000,0.0000,0,stuck_too_long
3755,101,-523.62,0.00,10.10,0.0000,0.0000,0,stuck_too_long
3756,101,-524.39,0.00,10.10,0.0000,0.0000,0,stuck_too_long
3757,101,-526.38,0.00,10.10,0.0000,0.0000,0,stuck_too_long
3758,101,-524.80,0.00,10.10,0.0000,0.0000,0,stuck_too_long
3759,101,-524.06,0.00,10.10,0.0000,0.0000,0,stuck_too_long
3760,101,-524.31,0.00,10.10,0.0000,0.0000,0,stuck_too_long
3761,101,-523.93,0.00,10.10,0.0000,0.0000,0,stuck_too_long
3762,101,-524.82,0.00,10.10,0.0000,0.0000,0,stuck_too_long
3763,101,-524.18,0.00,10.10,0.0000,0.0000,0,stuck_too_long
3764,101,-524.18,0.00,10.10,0.0000,0.0000,0,stuck_too_long
3765,101,-525.29,0.00,10.10,0.0000,0.0000,0,stuck_too_long
3766,101,-524.26,0.00,10.10,0.0000,0.0000,0,stuck_too_long
3767,101,-525.07,0.00,10.10,0.0000,0.0000,0,stuck_too_long
3768,101,-525.46,0.00,10.10,0.0000,0.0000,0,stuck_too_long
3769,101,-525.06,0.00,10.10,0.0000,0.0000,0,stuck_too_long
3770,101,-524.57,0.00,10.10,0.0000,0.0000,0,stuck_too_long
3771,101,-524.62,0.00,10.10,0.0000,0.0000,0,stuck_too_long
3772,101,-523.98,0.00,10.10,0.0000,0.0000,0,stuck_too_long
3773,101,-523.97,0.00,10.10,0.0000,0.0000,0,stuck_too_long
2811,101,-524.23,0.00,10.10,0.0000,0.0000,0,stuck_too_long
2812,101,-523.42,0.00,10.10,0.0000,0.0000,0,stuck_too_long
2813,101,-524.30,0.00,10.10,0.0000,0.0000,0,stuck_too_long
2814,101,-523.25,0.00,10.10,0.0000,0.0000,0,stuck_too_long
2815,101,-525.05,0.00,10.10,0.0000,0.0000,0,stuck_too_long
2816,101,-523.83,0.00,10.10,0.0000,0.0000,0,stuck_too_long
2817,101,-525.95,0.00,10.10,0.0000,0.0000,0,stuck_too_long
2818,101,-525.70,0.00,10.10,0.0000,0.0000,0,stuck_too_long
2819,101,-524.95,0.00,10.10,0.0000,0.0000,0,stuck_too_long
2820,101,-525.87,0.00,10.10,0.0000,0.0000,0,stuck_too_long
3774,101,-524.33,0.00,10.10,0.0000,0.0000,0,stuck_too_long
3775,101,-524.81,0.00,10.10,0.0000,0.0000,0,stuck_too_long
3776,101,-523.78,0.00,10.10,0.0000,0.0000,0,stuck_too_long
3777,101,-523.73,0.00,10.10,0.0000,0.0000,0,stuck_too_long
3778,101,-523.65,0.00,10.10,0.0000,0.0000,0,stuck_too_long
3779,101,-523.79,0.00,10.10,0.0000,0.0000,0,stuck_too_long
3780,101,-525.09,0.00,10.10,0.0000,0.0000,0,stuck_too_long
3781,101,-526.02,0.00,10.10,0.0000,0.0000,0,stuck_too_long
3782,101,-525.14,0.00,10.10,0.0000,0.0000,0,stuck_too_long
3783,101,-522.44,0.00,10.10,0.0000,0.0000,0,stuck_too_long
3784,101,-526.23,0.00,10.10,0.0000,0.0000,0,stuck_too_long
3785,101,-523.91,0.00,10.10,0.0000,0.0000,0,stuck_too_long
3786,101,-524.06,0.00,10.10,0.0000,0.0000,0,stuck_too_long
3787,101,-525.61,0.00,10.10,0.0000,0.0000,0,stuck_too_long
3788,101,-522.62,0.00,10.10,0.0000,0.0000,0,stuck_too_long
3789,101,-523.45,0.00,10.10,0.0000,0.0000,0,stuck_too_long
3790,101,-526.10,0.00,10.10,0.0000,0.0000,0,stuck_too_long
3791,101,-523.79,0.00,10.10,0.0000,0.0000,0,stuck_too_long
3792,101,-523.72,0.00,10.10,0.0000,0.0000,0,stuck_too_long
3793,101,-523.47,0.00,10.10,0.0000,0.0000,0,stuck_too_long
2821,101,-524.35,0.00,10.10,0.0000,0.0000,0,stuck_too_long
2822,101,-526.01,0.00,10.10,0.0000,0.0000,0,stuck_too_long
2823,101,-523.71,0.00,10.10,0.0000,0.0000,0,stuck_too_long
2824,101,-524.78,0.00,10.10,0.0000,0.0000,0,stuck_too_long
2825,101,-525.65,0.00,10.10,0.0000,0.0000,0,stuck_too_long
2826,101,-523.66,0.00,10.10,0.0000,0.0000,0,stuck_too_long
2827,101,-524.23,0.00,10.10,0.0000,0.0000,0,stuck_too_long
2828,101,-524.77,0.00,10.10,0.0000,0.0000,0,stuck_too_long
2829,101,-523.15,0.00,10.10,0.0000,0.0000,0,stuck_too_long
2830,101,-524.34,0.00,10.10,0.0000,0.0000,0,stuck_too_long
3794,101,-523.01,0.00,10.10,0.0000,0.0000,0,stuck_too_long
3795,101,-526.16,0.00,10.10,0.0000,0.0000,0,stuck_too_long
3796,101,-525.07,0.00,10.10,0.0000,0.0000,0,stuck_too_long
3797,101,-523.61,0.00,10.10,0.0000,0.0000,0,stuck_too_long
3798,101,-523.92,0.00,10.10,0.0000,0.0000,0,stuck_too_long
3799,101,-524.44,0.00,10.10,0.0000,0.0000,0,stuck_too_long
3800,101,-524.98,0.00,10.10,0.0000,0.0000,0,stuck_too_long
3801,101,-525.50,0.00,10.10,0.0000,0.0000,0,stuck_too_long
3802,101,-524.33,0.00,10.10,0.0000,0.0000,0,stuck_too_long
3803,101,-525.31,0.00,10.10,0.0000,0.0000,0,stuck_too_long
3804,101,-525.39,0.00,10.10,0.0000,0.0000,0,stuck_too_long
3805,101,-523.76,0.00,10.10,0.0000,0.0000,0,stuck_too_long
3806,101,-524.70,0.00,10.10,0.0000,0.0000,0,stuck_too_long
3807,101,-525.74,0.00,10.10,0.0000,0.0000,0,stuck_too_long
3808,101,-524.83,0.00,10.10,0.0000,0.0000,0,stuck_too_long
3809,101,-524.59,0.00,10.10,0.0000,0.0000,0,stuck_too_long
3810,101,-523.35,0.00,10.10,0.0000,0.0000,0,stuck_too_long
3811,101,-522.96,0.00,10.10,0.0000,0.0000,0,stuck_too_long
3812,101,-522.88,0.00,10.10,0.0000,0.0000,0,stuck_too_long
3813,101,-524.81,0.00,10.10,0.0000,0.0000,0,stuck_too_long
2831,101,-526.32,0.00,10.10,0.0000,0.0000,0,stuck_too_long
2832,101,-523.46,0.00,10.10,0.0000,0.0000,0,stuck_too_long
2833,101,-524.39,0.00,10.10,0.0000,0.0000,0,stuck_too_long
2834,101,-523.51,0.00,10.10,0.0000,0.0000,0,stuck_too_long
2835,101,-523.62,0.00,10.10,0.0000,0.0000,0,stuck_too_long
2836,101,-525.32,0.00,10.10,0.0000,0.0000,0,stuck_too_long
2837,101,-523.63,0.00,10.10,0.0000,0.0000,0,stuck_too_long
2838,101,-525.01,0.00,10.10,0.0000,0.0000,0,stuck_too_long
2839,101,-525.16,0.00,10.10,0.0000,0.0000,0,stuck_too_long
2840,101,-524.38,0.00,10.10,0.0000,0.0000,0,stuck_too_long
3814,101,-524.80,0.00,10.10,0.0000,0.0000,0,stuck_too_long
3815,101,-524.23,0.00,10.10,0.0000,0.0000,0,stuck_too_long
3816,101,-523.55,0.00,10.10,0.0000,0.0000,0,stuck_too_long
3817,101,-523.66,0.00,10.10,0.0000,0.0000,0,stuck_too_long
3818,101,-524.90,0.00,10.10,0.0000,0.0000,0,stuck_too_long
3819,101,-523.02,0.00,10.10,0.0000,0.0000,0,stuck_too_long
3820,101,-525.80,0.00,10.10,0.0000,0.0000,0,stuck_too_long
3821,101,-524.50,0.00,10.10,0.0000,0.0000,0,stuck_too_long
3822,101,-525.73,0.00,10.10,0.0000,0.0000,0,stuck_too_long
3823,101,-523.62,0.00,10.10,0.0000,0.0000,0,stuck_too_long
3824,101,-525.53,0.00,10.10,0.0000,0.0000,0,stuck_too_long
3825,101,-524.99,0.00,10.10,0.0000,0.0000,0,stuck_too_long
3826,101,-524.71,0.00,10.10,0.0000,0.0000,0,stuck_too_long
3827,101,-525.33,0.00,10.10,0.0000,0.0000,0,stuck_too_long
3828,101,-525.03,0.00,10.10,0.0000,0.0000,0,stuck_too_long
3829,101,-525.46,0.00,10.10,0.0000,0.0000,0,stuck_too_long
3830,101,-525.94,0.00,10.10,0.0000,0.0000,0,stuck_too_long
3831,101,-524.87,0.00,10.10,0.0000,0.0000,0,stuck_too_long
3832,101,-523.88,0.00,10.10,0.0000,0.0000,0,stuck_too_long
3833,101,-523.71,0.00,10.10,0.0000,0.0000,0,stuck_too_long
2841,101,-523.79,0.00,10.10,0.0000,0.0000,0,stuck_too_long
2842,101,-524.06,0.00,10.10,0.0000,0.0000,0,stuck_too_long
2843,101,-524.41,0.00,10.10,0.0000,0.0000,0,stuck_too_long
2844,101,-524.48,0.00,10.10,0.0000,0.0000,0,stuck_too_long
2845,101,-523.99,0.00,10.10,0.0000,0.0000,0,stuck_too_long
2846,101,-525.14,0.00,10.10,0.0000,0.0000,0,stuck_too_long
2847,101,-524.09,0.00,10.10,0.0000,0.0000,0,stuck_too_long
2848,101,-524.84,0.00,10.10,0.0000,0.0000,0,stuck_too_long
2849,101,-521.99,0.00,10.10,0.0000,0.0000,0,stuck_too_long
2850,101,-523.01,0.00,10.10,0.0000,0.0000,0,stuck_too_long
3834,101,-524.02,0.00,10.10,0.0000,0.0000,0,stuck_too_long
3835,101,-527.32,0.00,10.10,0.0000,0.0000,0,stuck_too_long
3836,101,-524.86,0.00,10.10,0.0000,0.0000,0,stuck_too_long
3837,101,-523.78,0.00,10.10,0.0000,0.0000,0,stuck_too_long
3838,101,-525.18,0.00,10.10,0.0000,0.0000,0,stuck_too_long
3839,101,-525.07,0.00,10.10,0.0000,0.0000,0,stuck_too_long
3840,101,-524.47,0.00,10.10,0.0000,0.0000,0,stuck_too_long
3841,101,-525.28,0.00,10.10,0.0000,0.0000,0,stuck_too_long
3842,101,-524.76,0.00,10.10,0.0000,0.0000,0,stuck_too_long
3843,101,-525.38,0.00,10.10,0.0000,0.0000,0,stuck_too_long
3844,101,-526.50,0.00,10.10,0.0000,0.0000,0,stuck_too_long
3845,101,-523.71,0.00,10.10,0.0000,0.0000,0,stuck_too_long
3846,101,-526.52,0.00,10.10,0.0000,0.0000,0,stuck_too_long
3847,101,-523.65,0.00,10.10,0.0000,0.0000,0,stuck_too_long
3848,101,-525.22,0.00,10.10,0.0000,0.0000,0,stuck_too_long
3849,101,-525.12,0.00,10.10,0.0000,0.0000,0,stuck_too_long
3850,101,-524.90,0.00,10.10,0.0000,0.0000,0,stuck_too_long
3851,101,-523.44,0.00,10.10,0.0000,0.0000,0,stuck_too_long
3852,101,-523.95,0.00,10.10,0.0000,0.0000,0,stuck_too_long
3853,101,-523.58,0.00,10.10,0.0000,0.0000,0,stuck_too_long
3854,101,-524.98,0.00,10.10,0.0000,0.0000,0,stuck_too_long
2851,101,-523.70,0.00,10.10,0.0000,0.0000,0,stuck_too_long
2852,101,-524.31,0.00,10.10,0.0000,0.0000,0,stuck_too_long
2853,101,-524.93,0.00,10.10,0.0000,0.0000,0,stuck_too_long
2854,101,-525.10,0.00,10.10,0.0000,0.0000,0,stuck_too_long
2855,101,-524.06,0.00,10.10,0.0000,0.0000,0,stuck_too_long
2856,101,-525.10,0.00,10.10,0.0000,0.0000,0,stuck_too_long
2857,101,-525.09,0.00,10.10,0.0000,0.0000,0,stuck_too_long
2858,101,-525.75,0.00,10.10,0.0000,0.0000,0,stuck_too_long
2859,101,-524.18,0.00,10.10,0.0000,0.0000,0,stuck_too_long
2860,101,-524.87,0.00,10.10,0.0000,0.0000,0,stuck_too_long
3855,101,-525.58,0.00,10.10,0.0000,0.0000,0,stuck_too_long
3856,101,-524.60,0.00,10.10,0.0000,0.0000,0,stuck_too_long
3857,101,-524.36,0.00,10.10,0.0000,0.0000,0,stuck_too_long
3858,101,-525.06,0.00,10.10,0.0000,0.0000,0,stuck_too_long
3859,101,-526.51,0.00,10.10,0.0000,0.0000,0,stuck_too_long
3860,101,-524.70,0.00,10.10,0.0000,0.0000,0,stuck_too_long
3861,101,-524.35,0.00,10.10,0.0000,0.0000,0,stuck_too_long
3862,101,-525.20,0.00,10.10,0.0000,0.0000,0,stuck_too_long
3863,101,-524.43,0.00,10.10,0.0000,0.0000,0,stuck_too_long
3864,101,-526.43,0.00,10.10,0.0000,0.0000,0,stuck_too_long
3865,101,-524.15,0.00,10.10,0.0000,0.0000,0,stuck_too_long
3866,101,-525.22,0.00,10.10,0.0000,0.0000,0,stuck_too_long
3867,101,-524.85,0.00,10.10,0.0000,0.0000,0,stuck_too_long
3868,101,-525.54,0.00,10.10,0.0000,0.0000,0,stuck_too_long
3869,101,-525.11,0.00,10.10,0.0000,0.0000,0,stuck_too_long
3870,101,-524.26,0.00,10.10,0.0000,0.0000,0,stuck_too_long
3871,101,-524.08,0.00,10.10,0.0000,0.0000,0,stuck_too_long
3872,101,-525.39,0.00,10.10,0.0000,0.0000,0,stuck_too_long
3873,101,-523.50,0.00,10.10,0.0000,0.0000,0,stuck_too_long
3874,101,-524.73,0.00,10.10,0.0000,0.0000,0,stuck_too_long
2861,101,-525.69,0.00,10.10,0.0000,0.0000,0,stuck_too_long
2862,101,-525.30,0.00,10.10,0.0000,0.0000,0,stuck_too_long
2863,101,-524.86,0.00,10.10,0.0000,0.0000,0,stuck_too_long
2864,101,-525.56,0.00,10.10,0.0000,0.0000,0,stuck_too_long
2865,101,-524.45,0.00,10.10,0.0000,0.0000,0,stuck_too_long
2866,101,-524.94,0.00,10.10,0.0000,0.0000,0,stuck_too_long
2867,101,-523.77,0.00,10.10,0.0000,0.0000,0,stuck_too_long
2868,101,-524.84,0.00,10.10,0.0000,0.0000,0,stuck_too_long
2869,101,-524.11,0.00,10.10,0.0000,0.0000,0,stuck_too_long
2870,101,-524.55,0.00,10.10,0.0000,0.0000,0,stuck_too_long
3875,101,-523.88,0.00,10.10,0.0000,0.0000,0,stuck_too_long
3876,101,-524.96,0.00,10.10,0.0000,0.0000,0,stuck_too_long
3877,101,-524.43,0.00,10.10,0.0000,0.0000,0,stuck_too_long
3878,101,-524.78,0.00,10.10,0.0000,0.0000,0,stuck_too_long
3879,101,-524.36,0.00,10.10,0.0000,0.0000,0,stuck_too_long
3880,101,-524.63,0.00,10.10,0.0000,0.0000,0,stuck_too_long
3881,101,-525.10,0.00,10.10,0.0000,0.0000,0,stuck_too_long
3882,101,-525.89,0.00,10.10,0.0000,0.0000,0,stuck_too_long
3883,101,-525.80,0.00,10.10,0.0000,0.0000,0,stuck_too_long
3884,101,-527.46,0.00,10.10,0.0000,0.0000,0,stuck_too_long
3885,101,-525.95,0.00,10.10,0.0000,0.0000,0,stuck_too_long
3886,101,-524.21,0.00,10.10,0.0000,0.0000,0,stuck_too_long
3887,101,-525.41,0.00,10.10,0.0000,0.0000,0,stuck_too_long
3888,101,-524.32,0.00,10.10,0.0000,0.0000,0,stuck_too_long
3889,101,-525.45,0.00,10.10,0.0000,0.0000,0,stuck_too_long
3890,101,-523.13,0.00,10.10,0.0000,0.0000,0,stuck_too_long
3891,101,-524.75,0.00,10.10,0.0000,0.0000,0,stuck_too_long
3892,101,-523.11,0.00,10.10,0.0000,0.0000,0,stuck_too_long
3893,101,-525.61,0.00,10.10,0.0000,0.0000,0,stuck_too_long
3894,101,-523.87,0.00,10.10,0.0000,0.0000,0,stuck_too_long
2871,101,-524.69,0.00,10.10,0.0000,0.0000,0,stuck_too_long
2872,101,-524.20,0.00,10.10,0.0000,0.0000,0,stuck_too_long
2873,101,-523.36,0.00,10.10,0.0000,0.0000,0,stuck_too_long
2874,101,-526.25,0.00,10.10,0.0000,0.0000,0,stuck_too_long
2875,101,-524.71,0.00,10.10,0.0000,0.0000,0,stuck_too_long
2876,101,-524.59,0.00,10.10,0.0000,0.0000,0,stuck_too_long
2877,101,-526.50,0.00,10.10,0.0000,0.0000,0,stuck_too_long
2878,101,-523.64,0.00,10.10,0.0000,0.0000,0,stuck_too_long
2879,101,-525.30,0.00,10.10,0.0000,0.0000,0,stuck_too_long
2880,101,-524.67,0.00,10.10,0.0000,0.0000,0,stuck_too_long
3895,101,-524.45,0.00,10.10,0.0000,0.0000,0,stuck_too_long
3896,101,-523.28,0.00,10.10,0.0000,0.0000,0,stuck_too_long
3897,101,-524.52,0.00,10.10,0.0000,0.0000,0,stuck_too_long
3898,101,-524.95,0.00,10.10,0.0000,0.0000,0,stuck_too_long
3899,101,-523.36,0.00,10.10,0.0000,0.0000,0,stuck_too_long
3900,101,-524.66,0.00,10.10,0.0000,0.0000,0,stuck_too_long
3901,101,-524.27,0.00,10.10,0.0000,0.0000,0,stuck_too_long
3902,101,-525.21,0.00,10.10,0.0000,0.0000,0,stuck_too_long
3903,101,-523.12,0.00,10.10,0.0000,0.0000,0,stuck_too_long
3904,101,-524.96,0.00,10.10,0.0000,0.0000,0,stuck_too_long
3905,101,-525.81,0.00,10.10,0.0000,0.0000,0,stuck_too_long
3906,101,-525.18,0.00,10.10,0.0000,0.0000,0,stuck_too_long
3907,101,-524.50,0.00,10.10,0.0000,0.0000,0,stuck_too_long
3908,101,-524.10,0.00,10.10,0.0000,0.0000,0,stuck_too_long
3909,101,-525.89,0.00,10.10,0.0000,0.0000,0,stuck_too_long
3910,101,-523.96,0.00,10.10,0.0000,0.0000,0,stuck_too_long
3911,101,-523.85,0.00,10.10,0.0000,0.0000,0,stuck_too_long
3912,101,-524.75,0.00,10.10,0.0000,0.0000,0,stuck_too_long
3913,101,-524.80,0.00,10.10,0.0000,0.0000,0,stuck_too_long
3914,101,-525.71,0.00,10.10,0.0000,0.0000,0,stuck_too_long
2881,101,-525.03,0.00,10.10,0.0000,0.0000,0,stuck_too_long
2882,101,-526.71,0.00,10.10,0.0000,0.0000,0,stuck_too_long
2883,101,-523.81,0.00,10.10,0.0000,0.0000,0,stuck_too_long
2884,101,-524.45,0.00,10.10,0.0000,0.0000,0,stuck_too_long
2885,101,-526.46,0.00,10.10,0.0000,0.0000,0,stuck_too_long
2886,101,-524.91,0.00,10.10,0.0000,0.0000,0,stuck_too_long
2887,101,-524.23,0.00,10.10,0.0000,0.0000,0,stuck_too_long
2888,101,-526.97,0.00,10.10,0.0000,0.0000,0,stuck_too_long
2889,101,-524.18,0.00,10.10,0.0000,0.0000,0,stuck_too_long
2890,101,-524.27,0.00,10.10,0.0000,0.0000,0,stuck_too_long
3915,101,-524.74,0.00,10.10,0.0000,0.0000,0,stuck_too_long
3916,101,-524.96,0.00,10.10,0.0000,0.0000,0,stuck_too_long
3917,101,-525.36,0.00,10.10,0.0000,0.0000,0,stuck_too_long
3918,101,-525.85,0.00,10.10,0.0000,0.0000,0,stuck_too_long
3919,101,-526.12,0.00,10.10,0.0000,0.0000,0,stuck_too_long
3920,101,-524.46,0.00,10.10,0.0000,0.0000,0,stuck_too_long
3921,101,-522.86,0.00,10.10,0.0000,0.0000,0,stuck_too_long
3922,101,-524.22,0.00,10.10,0.0000,0.0000,0,stuck_too_long
3923,101,-522.84,0.00,10.10,0.0000,0.0000,0,stuck_too_long
3924,101,-526.81,0.00,10.10,0.0000,0.0000,0,stuck_too_long
3925,101,-525.78,0.00,10.10,0.0000,0.0000,0,stuck_too_long
3926,101,-525.27,0.00,10.10,0.0000,0.0000,0,stuck_too_long
3927,101,-525.52,0.00,10.10,0.0000,0.0000,0,stuck_too_long
3928,101,-526.00,0.00,10.10,0.0000,0.0000,0,stuck_too_long
3929,101,-525.16,0.00,10.10,0.0000,0.0000,0,stuck_too_long
3930,101,-523.83,0.00,10.10,0.0000,0.0000,0,stuck_too_long
3931,101,-523.53,0.00,10.10,0.0000,0.0000,0,stuck_too_long
3932,101,-524.73,0.00,10.10,0.0000,0.0000,0,stuck_too_long
3933,101,-524.33,0.00,10.10,0.0000,0.0000,0,stuck_too_long
3934,101,-524.69,0.00,10.10,0.0000,0.0000,0,stuck_too_long
3935,101,-524.01,0.00,10.10,0.0000,0.0000,0,stuck_too_long
2891,101,-525.12,0.00,10.10,0.0000,0.0000,0,stuck_too_long
2892,101,-524.15,0.00,10.10,0.0000,0.0000,0,stuck_too_long
2893,101,-525.31,0.00,10.10,0.0000,0.0000,0,stuck_too_long
2894,101,-524.74,0.00,10.10,0.0000,0.0000,0,stuck_too_long
2895,101,-525.19,0.00,10.10,0.0000,0.0000,0,stuck_too_long
2896,101,-525.14,0.00,10.10,0.0000,0.0000,0,stuck_too_long
2897,101,-523.14,0.00,10.10,0.0000,0.0000,0,stuck_too_long
2898,101,-524.06,0.00,10.10,0.0000,0.0000,0,stuck_too_long
2899,101,-524.88,0.00,10.10,0.0000,0.0000,0,stuck_too_long
2900,101,-524.91,0.00,10.10,0.0000,0.0000,0,stuck_too_long
3936,101,-525.69,0.00,10.10,0.0000,0.0000,0,stuck_too_long
3937,101,-526.05,0.00,10.10,0.0000,0.0000,0,stuck_too_long
3938,101,-524.76,0.00,10.10,0.0000,0.0000,0,stuck_too_long
3939,101,-525.05,0.00,10.10,0.0000,0.0000,0,stuck_too_long
3940,101,-525.96,0.00,10.10,0.0000,0.0000,0,stuck_too_long
3941,101,-523.77,0.00,10.10,0.0000,0.0000,0,stuck_too_long
3942,101,-525.14,0.00,10.10,0.0000,0.0000,0,stuck_too_long
3943,101,-526.51,0.00,10.10,0.0000,0.0000,0,stuck_too_long
3944,101,-523.97,0.00,10.10,0.0000,0.0000,0,stuck_too_long
3945,101,-523.94,0.00,10.10,0.0000,0.0000,0,stuck_too_long
3946,101,-523.43,0.00,10.10,0.0000,0.0000,0,stuck_too_long
3947,101,-524.71,0.00,10.10,0.0000,0.0000,0,stuck_too_long
3948,101,-524.16,0.00,10.10,0.0000,0.0000,0,stuck_too_long
3949,101,-524.50,0.00,10.10,0.0000,0.0000,0,stuck_too_long
3950,101,-524.25,0.00,10.10,0.0000,0.0000,0,stuck_too_long
3951,101,-524.82,0.00,10.10,0.0000,0.0000,0,stuck_too_long
3952,101,-525.23,0.00,10.10,0.0000,0.0000,0,stuck_too_long
3953,101,-524.00,0.00,10.10,0.0000,0.0000,0,stuck_too_long
3954,101,-526.00,0.00,10.10,0.0000,0.0000,0,stuck_too_long
3955,101,-526.17,0.00,10.10,0.0000,0.0000,0,stuck_too_long
2901,101,-524.55,0.00,10.10,0.0000,0.0000,0,stuck_too_long
2902,101,-523.37,0.00,10.10,0.0000,0.0000,0,stuck_too_long
2903,101,-523.66,0.00,10.10,0.0000,0.0000,0,stuck_too_long
2904,101,-524.08,0.00,10.10,0.0000,0.0000,0,stuck_too_long
2905,101,-525.44,0.00,10.10,0.0000,0.0000,0,stuck_too_long
2906,101,-525.82,0.00,10.10,0.0000,0.0000,0,stuck_too_long
2907,101,-525.44,0.00,10.10,0.0000,0.0000,0,stuck_too_long
2908,101,-523.51,0.00,10.10,0.0000,0.0000,0,stuck_too_long
2909,101,-525.21,0.00,10.10,0.0000,0.0000,0,stuck_too_long
2910,101,-523.41,0.00,10.10,0.0000,0.0000,0,stuck_too_long
3956,101,-526.24,0.00,10.10,0.0000,0.0000,0,stuck_too_long
3957,101,-524.50,0.00,10.10,0.0000,0.0000,0,stuck_too_long
3958,101,-524.41,0.00,10.10,0.0000,0.0000,0,stuck_too_long
3959,101,-524.41,0.00,10.10,0.0000,0.0000,0,stuck_too_long
3960,101,-524.81,0.00,10.10,0.0000,0.0000,0,stuck_too_long
3961,101,-525.14,0.00,10.10,0.0000,0.0000,0,stuck_too_long
3962,101,-525.94,0.00,10.10,0.0000,0.0000,0,stuck_too_long
3963,101,-523.93,0.00,10.10,0.0000,0.0000,0,stuck_too_long
3964,101,-524.42,0.00,10.10,0.0000,0.0000,0,stuck_too_long
3965,101,-525.64,0.00,10.10,0.0000,0.0000,0,stuck_too_long
3966,101,-524.53,0.00,10.10,0.0000,0.0000,0,stuck_too_long
3967,101,-524.31,0.00,10.10,0.0000,0.0000,0,stuck_too_long
3968,101,-523.72,0.00,10.10,0.0000,0.0000,0,stuck_too_long
3969,101,-523.03,0.00,10.10,0.0000,0.0000,0,stuck_too_long
3970,101,-527.21,0.00,10.10,0.0000,0.0000,0,stuck_too_long
3971,101,-525.80,0.00,10.10,0.0000,0.0000,0,stuck_too_long
3972,101,-524.51,0.00,10.10,0.0000,0.0000,0,stuck_too_long
3973,101,-526.28,0.00,10.10,0.0000,0.0000,0,stuck_too_long
3974,101,-524.89,0.00,10.10,0.0000,0.0000,0,stuck_too_long
3975,101,-523.19,0.00,10.10,0.0000,0.0000,0,stuck_too_long
2911,101,-525.68,0.00,10.10,0.0000,0.0000,0,stuck_too_long
2912,101,-523.68,0.00,10.10,0.0000,0.0000,0,stuck_too_long
2913,101,-524.85,0.00,10.10,0.0000,0.0000,0,stuck_too_long
2914,101,-524.76,0.00,10.10,0.0000,0.0000,0,stuck_too_long
2915,101,-523.95,0.00,10.10,0.0000,0.0000,0,stuck_too_long
2916,101,-525.21,0.00,10.10,0.0000,0.0000,0,stuck_too_long
2917,101,-524.62,0.00,10.10,0.0000,0.0000,0,stuck_too_long
2918,101,-523.70,0.00,10.10,0.0000,0.0000,0,stuck_too_long
2919,101,-524.36,0.00,10.10,0.0000,0.0000,0,stuck_too_long
2920,101,-525.38,0.00,10.10,0.0000,0.0000,0,stuck_too_long
3976,101,-524.54,0.00,10.10,0.0000,0.0000,0,stuck_too_long
3977,101,-525.99,0.00,10.10,0.0000,0.0000,0,stuck_too_long
3978,101,-524.66,0.00,10.10,0.0000,0.0000,0,stuck_too_long
3979,101,-525.35,0.00,10.10,0.0000,0.0000,0,stuck_too_long
3980,101,-525.08,0.00,10.10,0.0000,0.0000,0,stuck_too_long
3981,101,-525.19,0.00,10.10,0.0000,0.0000,0,stuck_too_long
3982,101,-526.28,0.00,10.10,0.0000,0.0000,0,stuck_too_long
3983,101,-526.10,0.00,10.10,0.0000,0.0000,0,stuck_too_long
3984,101,-524.27,0.00,10.10,0.0000,0.0000,0,stuck_too_long
3985,101,-526.45,0.00,10.10,0.0000,0.0000,0,stuck_too_long
3986,101,-524.30,0.00,10.10,0.0000,0.0000,0,stuck_too_long
3987,101,-524.69,0.00,10.10,0.0000,0.0000,0,stuck_too_long
3988,101,-524.03,0.00,10.10,0.0000,0.0000,0,stuck_too_long
3989,101,-523.98,0.00,10.10,0.0000,0.0000,0,stuck_too_long
3990,101,-524.46,0.00,10.10,0.0000,0.0000,0,stuck_too_long
3991,101,-525.26,0.00,10.10,0.0000,0.0000,0,stuck_too_long
3992,101,-524.28,0.00,10.10,0.0000,0.0000,0,stuck_too_long
3993,101,-524.65,0.00,10.10,0.0000,0.0000,0,stuck_too_long
3994,101,-525.52,0.00,10.10,0.0000,0.0000,0,stuck_too_long
3995,101,-524.62,0.00,10.10,0.0000,0.0000,0,stuck_too_long
3996,101,-526.03,0.00,10.10,0.0000,0.0000,0,stuck_too_long
2921,101,-524.73,0.00,10.10,0.0000,0.0000,0,stuck_too_long
2922,101,-525.12,0.00,10.10,0.0000,0.0000,0,stuck_too_long
2923,101,-524.67,0.00,10.10,0.0000,0.0000,0,stuck_too_long
2924,101,-525.01,0.00,10.10,0.0000,0.0000,0,stuck_too_long
2925,101,-522.66,0.00,10.10,0.0000,0.0000,0,stuck_too_long
2926,101,-524.25,0.00,10.10,0.0000,0.0000,0,stuck_too_long
2927,101,-526.47,0.00,10.10,0.0000,0.0000,0,stuck_too_long
2928,101,-524.18,0.00,10.10,0.0000,0.0000,0,stuck_too_long
2929,101,-523.65,0.00,10.10,0.0000,0.0000,0,stuck_too_long
2930,101,-524.88,0.00,10.10,0.0000,0.0000,0,stuck_too_long
3997,101,-524.15,0.00,10.10,0.0000,0.0000,0,stuck_too_long
3998,101,-526.28,0.00,10.10,0.0000,0.0000,0,stuck_too_long
3999,101,-524.66,0.00,10.10,0.0000,0.0000,0,stuck_too_long
4000,101,-524.85,0.00,10.10,0.0000,0.0000,0,stuck_too_long
4001,101,-527.14,0.00,10.10,0.0000,0.0000,0,stuck_too_long
4002,101,-524.76,0.00,10.10,0.0000,0.0000,0,stuck_too_long
4003,101,-524.24,0.00,10.10,0.0000,0.0000,0,stuck_too_long
4004,101,-523.76,0.00,10.10,0.0000,0.0000,0,stuck_too_long
4005,101,-526.02,0.00,10.10,0.0000,0.0000,0,stuck_too_long
4006,101,-523.36,0.00,10.10,0.0000,0.0000,0,stuck_too_long
4007,101,-525.88,0.00,10.10,0.0000,0.0000,0,stuck_too_long
4008,101,-523.48,0.00,10.10,0.0000,0.0000,0,stuck_too_long
4009,101,-524.26,0.00,10.10,0.0000,0.0000,0,stuck_too_long
4010,101,-525.98,0.00,10.10,0.0000,0.0000,0,stuck_too_long
4011,101,-525.34,0.00,10.10,0.0000,0.0000,0,stuck_too_long
4012,101,-524.74,0.00,10.10,0.0000,0.0000,0,stuck_too_long
4013,101,-523.44,0.00,10.10,0.0000,0.0000,0,stuck_too_long
4014,101,-524.95,0.00,10.10,0.0000,0.0000,0,stuck_too_long
4015,101,-525.67,0.00,10.10,0.0000,0.0000,0,stuck_too_long
4016,101,-524.71,0.00,10.10,0.0000,0.0000,0,stuck_too_long
2931,101,-525.26,0.00,10.10,0.0000,0.0000,0,stuck_too_long
2932,101,-524.37,0.00,10.10,0.0000,0.0000,0,stuck_too_long
2933,101,-525.79,0.00,10.10,0.0000,0.0000,0,stuck_too_long
2934,101,-524.52,0.00,10.10,0.0000,0.0000,0,stuck_too_long
2935,101,-524.95,0.00,10.10,0.0000,0.0000,0,stuck_too_long
2936,101,-524.69,0.00,10.10,0.0000,0.0000,0,stuck_too_long
2937,101,-523.56,0.00,10.10,0.0000,0.0000,0,stuck_too_long
2938,101,-525.80,0.00,10.10,0.0000,0.0000,0,stuck_too_long
2939,101,-524.85,0.00,10.10,0.0000,0.0000,0,stuck_too_long
2940,101,-525.02,0.00,10.10,0.0000,0.0000,0,stuck_too_long
4017,101,-525.42,0.00,10.10,0.0000,0.0000,0,stuck_too_long
4018,101,-525.30,0.00,10.10,0.0000,0.0000,0,stuck_too_long
4019,101,-524.58,0.00,10.10,0.0000,0.0000,0,stuck_too_long
4020,101,-525.12,0.00,10.10,0.0000,0.0000,0,stuck_too_long
4021,101,-525.69,0.00,10.10,0.0000,0.0000,0,stuck_too_long
4022,101,-527.09,0.00,10.10,0.0000,0.0000,0,stuck_too_long
4023,101,-525.31,0.00,10.10,0.0000,0.0000,0,stuck_too_long
4024,101,-525.37,0.00,10.10,0.0000,0.0000,0,stuck_too_long
4025,101,-525.42,0.00,10.10,0.0000,0.0000,0,stuck_too_long
4026,101,-525.28,0.00,10.10,0.0000,0.0000,0,stuck_too_long
4027,101,-524.63,0.00,10.10,0.0000,0.0000,0,stuck_too_long
4028,101,-525.59,0.00,10.10,0.0000,0.0000,0,stuck_too_long
4029,101,-524.38,0.00,10.10,0.0000,0.0000,0,stuck_too_long
4030,101,-525.09,0.00,10.10,0.0000,0.0000,0,stuck_too_long
4031,101,-524.27,0.00,10.10,0.0000,0.0000,0,stuck_too_long
4032,101,-524.44,0.00,10.10,0.0000,0.0000,0,stuck_too_long
4033,101,-524.88,0.00,10.10,0.0000,0.0000,0,stuck_too_long
4034,101,-525.24,0.00,10.10,0.0000,0.0000,0,stuck_too_long
4035,101,-524.11,0.00,10.10,0.0000,0.0000,0,stuck_too_long
4036,101,-525.74,0.00,10.10,0.0000,0.0000,0,stuck_too_long
2941,101,-524.39,0.00,10.10,0.0000,0.0000,0,stuck_too_long
2942,101,-523.61,0.00,10.10,0.0000,0.0000,0,stuck_too_long
2943,101,-523.95,0.00,10.10,0.0000,0.0000,0,stuck_too_long
2944,101,-526.42,0.00,10.10,0.0000,0.0000,0,stuck_too_long
2945,101,-524.60,0.00,10.10,0.0000,0.0000,0,stuck_too_long
2946,101,-524.25,0.00,10.10,0.0000,0.0000,0,stuck_too_long
2947,101,-524.16,0.00,10.10,0.0000,0.0000,0,stuck_too_long
2948,101,-524.29,0.00,10.10,0.0000,0.0000,0,stuck_too_long
2949,101,-525.21,0.00,10.10,0.0000,0.0000,0,stuck_too_long
2950,101,-525.18,0.00,10.10,0.0000,0.0000,0,stuck_too_long
4037,101,-524.60,0.00,10.10,0.0000,0.0000,0,stuck_too_long
4038,101,-524.55,0.00,10.10,0.0000,0.0000,0,stuck_too_long
4039,101,-525.63,0.00,10.10,0.0000,0.0000,0,stuck_too_long
4040,101,-524.30,0.00,10.10,0.0000,0.0000,0,stuck_too_long
4041,101,-526.00,0.00,10.10,0.0000,0.0000,0,stuck_too_long
4042,101,-524.65,0.00,10.10,0.0000,0.0000,0,stuck_too_long
4043,101,-525.40,0.00,10.10,0.0000,0.0000,0,stuck_too_long
4044,101,-526.04,0.00,10.10,0.0000,0.0000,0,stuck_too_long
4045,101,-524.31,0.00,10.10,0.0000,0.0000,0,stuck_too_long
4046,101,-526.23,0.00,10.10,0.0000,0.0000,0,stuck_too_long
4047,101,-526.46,0.00,10.10,0.0000,0.0000,0,stuck_too_long
4048,101,-525.78,0.00,10.10,0.0000,0.0000,0,stuck_too_long
4049,101,-524.05,0.00,10.10,0.0000,0.0000,0,stuck_too_long
4050,101,-524.84,0.00,10.10,0.0000,0.0000,0,stuck_too_long
4051,101,-525.25,0.00,10.10,0.0000,0.0000,0,stuck_too_long
4052,101,-525.34,0.00,10.10,0.0000,0.0000,0,stuck_too_long
4053,101,-524.35,0.00,10.10,0.0000,0.0000,0,stuck_too_long
4054,101,-525.79,0.00,10.10,0.0000,0.0000,0,stuck_too_long
4055,101,-525.27,0.00,10.10,0.0000,0.0000,0,stuck_too_long
4056,101,-525.64,0.00,10.10,0.0000,0.0000,0,stuck_too_long
2951,101,-524.56,0.00,10.10,0.0000,0.0000,0,stuck_too_long
2952,101,-526.06,0.00,10.10,0.0000,0.0000,0,stuck_too_long
2953,101,-525.88,0.00,10.10,0.0000,0.0000,0,stuck_too_long
2954,101,-524.67,0.00,10.10,0.0000,0.0000,0,stuck_too_long
2955,101,-527.24,0.00,10.10,0.0000,0.0000,0,stuck_too_long
2956,101,-524.11,0.00,10.10,0.0000,0.0000,0,stuck_too_long
2957,101,-526.18,0.00,10.10,0.0000,0.0000,0,stuck_too_long
2958,101,-524.90,0.00,10.10,0.0000,0.0000,0,stuck_too_long
2959,101,-523.91,0.00,10.10,0.0000,0.0000,0,stuck_too_long
2960,101,-524.35,0.00,10.10,0.0000,0.0000,0,stuck_too_long
4057,101,-525.09,0.00,10.10,0.0000,0.0000,0,stuck_too_long
4058,101,-523.43,0.00,10.10,0.0000,0.0000,0,stuck_too_long
4059,101,-525.10,0.00,10.10,0.0000,0.0000,0,stuck_too_long
4060,101,-524.92,0.00,10.10,0.0000,0.0000,0,stuck_too_long
4061,101,-525.98,0.00,10.10,0.0000,0.0000,0,stuck_too_long
4062,101,-525.56,0.00,10.10,0.0000,0.0000,0,stuck_too_long
4063,101,-524.43,0.00,10.10,0.0000,0.0000,0,stuck_too_long
4064,101,-525.00,0.00,10.10,0.0000,0.0000,0,stuck_too_long
4065,101,-524.28,0.00,10.10,0.0000,0.0000,0,stuck_too_long
4066,101,-523.59,0.00,10.10,0.0000,0.0000,0,stuck_too_long
4067,101,-524.24,0.00,10.10,0.0000,0.0000,0,stuck_too_long
4068,101,-523.66,0.00,10.10,0.0000,0.0000,0,stuck_too_long
4069,101,-525.03,0.00,10.10,0.0000,0.0000,0,stuck_too_long
4070,101,-526.35,0.00,10.10,0.0000,0.0000,0,stuck_too_long
4071,101,-526.30,0.00,10.10,0.0000,0.0000,0,stuck_too_long
4072,101,-524.60,0.00,10.10,0.0000,0.0000,0,stuck_too_long
4073,101,-525.08,0.00,10.10,0.0000,0.0000,0,stuck_too_long
4074,101,-525.16,0.00,10.10,0.0000,0.0000,0,stuck_too_long
4075,101,-524.37,0.00,10.10,0.0000,0.0000,0,stuck_too_long
4076,101,-525.52,0.00,10.10,0.0000,0.0000,0,stuck_too_long
4077,101,-525.11,0.00,10.10,0.0000,0.0000,0,stuck_too_long
2961,101,-525.31,0.00,10.10,0.0000,0.0000,0,stuck_too_long
2962,101,-524.44,0.00,10.10,0.0000,0.0000,0,stuck_too_long
2963,101,-526.04,0.00,10.10,0.0000,0.0000,0,stuck_too_long
2964,101,-524.10,0.00,10.10,0.0000,0.0000,0,stuck_too_long
2965,101,-525.10,0.00,10.10,0.0000,0.0000,0,stuck_too_long
2966,101,-526.32,0.00,10.10,0.0000,0.0000,0,stuck_too_long
2967,101,-524.89,0.00,10.10,0.0000,0.0000,0,stuck_too_long
2968,101,-524.28,0.00,10.10,0.0000,0.0000,0,stuck_too_long
2969,101,-524.45,0.00,10.10,0.0000,0.0000,0,stuck_too_long
2970,101,-524.24,0.00,10.10,0.0000,0.0000,0,stuck_too_long
4078,101,-523.46,0.00,10.10,0.0000,0.0000,0,stuck_too_long
4079,101,-524.20,0.00,10.10,0.0000,0.0000,0,stuck_too_long
4080,101,-526.08,0.00,10.10,0.0000,0.0000,0,stuck_too_long
4081,101,-524.03,0.00,10.10,0.0000,0.0000,0,stuck_too_long
4082,101,-524.24,0.00,10.10,0.0000,0.0000,0,stuck_too_long
4083,101,-524.75,0.00,10.10,0.0000,0.0000,0,stuck_too_long
4084,101,-526.69,0.00,10.10,0.0000,0.0000,0,stuck_too_long
4085,101,-524.93,0.00,10.10,0.0000,0.0000,0,stuck_too_long
4086,101,-523.89,0.00,10.10,0.0000,0.0000,0,stuck_too_long
4087,101,-524.44,0.00,10.10,0.0000,0.0000,0,stuck_too_long
4088,101,-524.80,0.00,10.10,0.0000,0.0000,0,stuck_too_long
4089,101,-525.92,0.00,10.10,0.0000,0.0000,0,stuck_too_long
4090,101,-526.05,0.00,10.10,0.0000,0.0000,0,stuck_too_long
4091,101,-524.32,0.00,10.10,0.0000,0.0000,0,stuck_too_long
4092,101,-524.22,0.00,10.10,0.0000,0.0000,0,stuck_too_long
4093,101,-523.81,0.00,10.10,0.0000,0.0000,0,stuck_too_long
4094,101,-524.98,0.00,10.10,0.0000,0.0000,0,stuck_too_long
4095,101,-523.92,0.00,10.10,0.0000,0.0000,0,stuck_too_long
4096,101,-525.16,0.00,10.10,0.0000,0.0000,0,stuck_too_long
4097,101,-525.82,0.00,10.10,0.0000,0.0000,0,stuck_too_long
2971,101,-525.19,0.00,10.10,0.0000,0.0000,0,stuck_too_long
2972,101,-523.97,0.00,10.10,0.0000,0.0000,0,stuck_too_long
2973,101,-523.55,0.00,10.10,0.0000,0.0000,0,stuck_too_long
2974,101,-523.29,0.00,10.10,0.0000,0.0000,0,stuck_too_long
2975,101,-523.92,0.00,10.10,0.0000,0.0000,0,stuck_too_long
2976,101,-526.07,0.00,10.10,0.0000,0.0000,0,stuck_too_long
2977,101,-524.95,0.00,10.10,0.0000,0.0000,0,stuck_too_long
2978,101,-525.11,0.00,10.10,0.0000,0.0000,0,stuck_too_long
2979,101,-524.65,0.00,10.10,0.0000,0.0000,0,stuck_too_long
2980,101,-523.22,0.00,10.10,0.0000,0.0000,0,stuck_too_long
4098,101,-525.93,0.00,10.10,0.0000,0.0000,0,stuck_too_long
4099,101,-525.05,0.00,10.10,0.0000,0.0000,0,stuck_too_long
4100,101,-524.56,0.00,10.10,0.0000,0.0000,0,stuck_too_long
4101,101,-524.49,0.00,10.10,0.0000,0.0000,0,stuck_too_long
4102,101,-525.54,0.00,10.10,0.0000,0.0000,0,stuck_too_long
4103,101,-524.19,0.00,10.10,0.0000,0.0000,0,stuck_too_long
4104,101,-526.25,0.00,10.10,0.0000,0.0000,0,stuck_too_long
4105,101,-526.46,0.00,10.10,0.0000,0.0000,0,stuck_too_long
4106,101,-525.27,0.00,10.10,0.0000,0.0000,0,stuck_too_long
4107,101,-524.54,0.00,10.10,0.0000,0.0000,0,stuck_too_long
4108,101,-524.35,0.00,10.10,0.0000,0.0000,0,stuck_too_long
4109,101,-523.72,0.00,10.10,0.0000,0.0000,0,stuck_too_long
4110,101,-522.24,0.00,10.10,0.0000,0.0000,0,stuck_too_long
4111,101,-525.29,0.00,10.10,0.0000,0.0000,0,stuck_too_long
4112,101,-523.77,0.00,10.10,0.0000,0.0000,0,stuck_too_long
4113,101,-525.29,0.00,10.10,0.0000,0.0000,0,stuck_too_long
4114,101,-524.39,0.00,10.10,0.0000,0.0000,0,stuck_too_long
4115,101,-523.27,0.00,10.10,0.0000,0.0000,0,stuck_too_long
4116,101,-526.03,0.00,10.10,0.0000,0.0000,0,stuck_too_long
4117,101,-523.19,0.00,10.10,0.0000,0.0000,0,stuck_too_long
2981,101,-526.09,0.00,10.10,0.0000,0.0000,0,stuck_too_long
2982,101,-525.20,0.00,10.10,0.0000,0.0000,0,stuck_too_long
2983,101,-524.42,0.00,10.10,0.0000,0.0000,0,stuck_too_long
2984,101,-523.79,0.00,10.10,0.0000,0.0000,0,stuck_too_long
2985,101,-523.35,0.00,10.10,0.0000,0.0000,0,stuck_too_long
2986,101,-524.59,0.00,10.10,0.0000,0.0000,0,stuck_too_long
2987,101,-524.74,0.00,10.10,0.0000,0.0000,0,stuck_too_long
2988,101,-524.30,0.00,10.10,0.0000,0.0000,0,stuck_too_long
2989,101,-524.89,0.00,10.10,0.0000,0.0000,0,stuck_too_long
2990,101,-524.19,0.00,10.10,0.0000,0.0000,0,stuck_too_long
4118,101,-524.71,0.00,10.10,0.0000,0.0000,0,stuck_too_long
4119,101,-525.80,0.00,10.10,0.0000,0.0000,0,stuck_too_long
4120,101,-526.19,0.00,10.10,0.0000,0.0000,0,stuck_too_long
4121,101,-526.17,0.00,10.10,0.0000,0.0000,0,stuck_too_long
4122,101,-525.26,0.00,10.10,0.0000,0.0000,0,stuck_too_long
4123,101,-524.33,0.00,10.10,0.0000,0.0000,0,stuck_too_long
4124,101,-527.17,0.00,10.10,0.0000,0.0000,0,stuck_too_long
4125,101,-523.90,0.00,10.10,0.0000,0.0000,0,stuck_too_long
4126,101,-526.68,0.00,10.10,0.0000,0.0000,0,stuck_too_long
4127,101,-523.95,0.00,10.10,0.0000,0.0000,0,stuck_too_long
4128,101,-524.12,0.00,10.10,0.0000,0.0000,0,stuck_too_long
4129,101,-524.42,0.00,10.10,0.0000,0.0000,0,stuck_too_long
4130,101,-524.90,0.00,10.10,0.0000,0.0000,0,stuck_too_long
4131,101,-525.51,0.00,10.10,0.0000,0.0000,0,stuck_too_long
4132,101,-525.62,0.00,10.10,0.0000,0.0000,0,stuck_too_long
4133,101,-525.13,0.00,10.10,0.0000,0.0000,0,stuck_too_long
4134,101,-525.27,0.00,10.10,0.0000,0.0000,0,stuck_too_long
4135,101,-524.88,0.00,10.10,0.0000,0.0000,0,stuck_too_long
4136,101,-525.70,0.00,10.10,0.0000,0.0000,0,stuck_too_long
4137,101,-525.50,0.00,10.10,0.0000,0.0000,0,stuck_too_long
2991,101,-524.11,0.00,10.10,0.0000,0.0000,0,stuck_too_long
2992,101,-524.25,0.00,10.10,0.0000,0.0000,0,stuck_too_long
2993,101,-522.69,0.00,10.10,0.0000,0.0000,0,stuck_too_long
2994,101,-524.55,0.00,10.10,0.0000,0.0000,0,stuck_too_long
2995,101,-524.35,0.00,10.10,0.0000,0.0000,0,stuck_too_long
2996,101,-523.68,0.00,10.10,0.0000,0.0000,0,stuck_too_long
2997,101,-524.58,0.00,10.10,0.0000,0.0000,0,stuck_too_long
2998,101,-523.54,0.00,10.10,0.0000,0.0000,0,stuck_too_long
2999,101,-523.86,0.00,10.10,0.0000,0.0000,0,stuck_too_long
3000,101,-526.49,0.00,10.10,0.0000,0.0000,0,stuck_too_long
4138,101,-524.75,0.00,10.10,0.0000,0.0000,0,stuck_too_long
4139,101,-524.79,0.00,10.10,0.0000,0.0000,0,stuck_too_long
4140,101,-525.21,0.00,10.10,0.0000,0.0000,0,stuck_too_long
4141,101,-525.16,0.00,10.10,0.0000,0.0000,0,stuck_too_long
4142,101,-523.96,0.00,10.10,0.0000,0.0000,0,stuck_too_long
4143,101,-524.60,0.00,10.10,0.0000,0.0000,0,stuck_too_long
4144,101,-523.51,0.00,10.10,0.0000,0.0000,0,stuck_too_long
4145,101,-525.90,0.00,10.10,0.0000,0.0000,0,stuck_too_long
4146,101,-526.15,0.00,10.10,0.0000,0.0000,0,stuck_too_long
4147,101,-524.99,0.00,10.10,0.0000,0.0000,0,stuck_too_long
4148,101,-523.99,0.00,10.10,0.0000,0.0000,0,stuck_too_long
4149,101,-524.79,0.00,10.10,0.0000,0.0000,0,stuck_too_long
4150,101,-524.47,0.00,10.10,0.0000,0.0000,0,stuck_too_long
4151,101,-523.78,0.00,10.10,0.0000,0.0000,0,stuck_too_long
4152,101,-524.52,0.00,10.10,0.0000,0.0000,0,stuck_too_long
4153,101,-524.23,0.00,10.10,0.0000,0.0000,0,stuck_too_long
4154,101,-523.26,0.00,10.10,0.0000,0.0000,0,stuck_too_long
4155,101,-523.76,0.00,10.10,0.0000,0.0000,0,stuck_too_long
4156,101,-526.61,0.00,10.10,0.0000,0.0000,0,stuck_too_long
4157,101,-525.14,0.00,10.10,0.0000,0.0000,0,stuck_too_long
4158,101,-524.91,0.00,10.10,0.0000,0.0000,0,stuck_too_long
3001,101,-523.82,0.00,10.10,0.0000,0.0000,0,stuck_too_long
3002,101,-525.06,0.00,10.10,0.0000,0.0000,0,stuck_too_long
3003,101,-525.09,0.00,10.10,0.0000,0.0000,0,stuck_too_long
3004,101,-525.60,0.00,10.10,0.0000,0.0000,0,stuck_too_long
3005,101,-525.09,0.00,10.10,0.0000,0.0000,0,stuck_too_long
3006,101,-524.93,0.00,10.10,0.0000,0.0000,0,stuck_too_long
3007,101,-525.45,0.00,10.10,0.0000,0.0000,0,stuck_too_long
3008,101,-524.89,0.00,10.10,0.0000,0.0000,0,stuck_too_long
3009,101,-524.09,0.00,10.10,0.0000,0.0000,0,stuck_too_long
3010,101,-524.79,0.00,10.10,0.0000,0.0000,0,stuck_too_long
4159,101,-524.50,0.00,10.10,0.0000,0.0000,0,stuck_too_long
4160,101,-524.68,0.00,10.10,0.0000,0.0000,0,stuck_too_long
4161,101,-526.64,0.00,10.10,0.0000,0.0000,0,stuck_too_long
4162,101,-523.92,0.00,10.10,0.0000,0.0000,0,stuck_too_long
4163,101,-525.68,0.00,10.10,0.0000,0.0000,0,stuck_too_long
4164,101,-525.81,0.00,10.10,0.0000,0.0000,0,stuck_too_long
4165,101,-524.47,0.00,10.10,0.0000,0.0000,0,stuck_too_long
4166,101,-525.09,0.00,10.10,0.0000,0.0000,0,stuck_too_long
4167,101,-526.07,0.00,10.10,0.0000,0.0000,0,stuck_too_long
4168,101,-523.84,0.00,10.10,0.0000,0.0000,0,stuck_too_long
4169,101,-523.17,0.00,10.10,0.0000,0.0000,0,stuck_too_long
4170,101,-523.87,0.00,10.10,0.0000,0.0000,0,stuck_too_long
4171,101,-522.63,0.00,10.10,0.0000,0.0000,0,stuck_too_long
4172,101,-523.54,0.00,10.10,0.0000,0.0000,0,stuck_too_long
4173,101,-524.61,0.00,10.10,0.0000,0.0000,0,stuck_too_long
4174,101,-524.45,0.00,10.10,0.0000,0.0000,0,stuck_too_long
4175,101,-524.87,0.00,10.10,0.0000,0.0000,0,stuck_too_long
4176,101,-525.37,0.00,10.10,0.0000,0.0000,0,stuck_too_long
4177,101,-524.57,0.00,10.10,0.0000,0.0000,0,stuck_too_long
4178,101,-525.58,0.00,10.10,0.0000,0.0000,0,stuck_too_long
3011,101,-523.29,0.00,10.10,0.0000,0.0000,0,stuck_too_long
3012,101,-524.61,0.00,10.10,0.0000,0.0000,0,stuck_too_long
3013,101,-525.38,0.00,10.10,0.0000,0.0000,0,stuck_too_long
3014,101,-523.43,0.00,10.10,0.0000,0.0000,0,stuck_too_long
3015,101,-525.33,0.00,10.10,0.0000,0.0000,0,stuck_too_long
3016,101,-524.43,0.00,10.10,0.0000,0.0000,0,stuck_too_long
3017,101,-525.28,0.00,10.10,0.0000,0.0000,0,stuck_too_long
3018,101,-525.20,0.00,10.10,0.0000,0.0000,0,stuck_too_long
3019,101,-524.24,0.00,10.10,0.0000,0.0000,0,stuck_too_long
3020,101,-524.09,0.00,10.10,0.0000,0.0000,0,stuck_too_long
4179,101,-525.85,0.00,10.10,0.0000,0.0000,0,stuck_too_long
4180,101,-524.57,0.00,10.10,0.0000,0.0000,0,stuck_too_long
4181,101,-524.22,0.00,10.10,0.0000,0.0000,0,stuck_too_long
4182,101,-524.72,0.00,10.10,0.0000,0.0000,0,stuck_too_long
4183,101,-526.68,0.00,10.10,0.0000,0.0000,0,stuck_too_long
4184,101,-525.00,0.00,10.10,0.0000,0.0000,0,stuck_too_long
4185,101,-523.94,0.00,10.10,0.0000,0.0000,0,stuck_too_long
4186,101,-524.96,0.00,10.10,0.0000,0.0000,0,stuck_too_long
4187,101,-525.24,0.00,10.10,0.0000,0.0000,0,stuck_too_long
4188,101,-523.79,0.00,10.10,0.0000,0.0000,0,stuck_too_long
4189,101,-523.96,0.00,10.10,0.0000,0.0000,0,stuck_too_long
4190,101,-525.06,0.00,10.10,0.0000,0.0000,0,stuck_too_long
4191,101,-525.06,0.00,10.10,0.0000,0.0000,0,stuck_too_long
4192,101,-523.84,0.00,10.10,0.0000,0.0000,0,stuck_too_long
4193,101,-524.93,0.00,10.10,0.0000,0.0000,0,stuck_too_long
4194,101,-524.19,0.00,10.10,0.0000,0.0000,0,stuck_too_long
4195,101,-524.15,0.00,10.10,0.0000,0.0000,0,stuck_too_long
4196,101,-524.26,0.00,10.10,0.0000,0.0000,0,stuck_too_long
4197,101,-523.49,0.00,10.10,0.0000,0.0000,0,stuck_too_long
4198,101,-524.47,0.00,10.10,0.0000,0.0000,0,stuck_too_long
3021,101,-524.41,0.00,10.10,0.0000,0.0000,0,stuck_too_long
3022,101,-524.99,0.00,10.10,0.0000,0.0000,0,stuck_too_long
3023,101,-524.77,0.00,10.10,0.0000,0.0000,0,stuck_too_long
3024,101,-526.07,0.00,10.10,0.0000,0.0000,0,stuck_too_long
3025,101,-525.60,0.00,10.10,0.0000,0.0000,0,stuck_too_long
3026,101,-525.34,0.00,10.10,0.0000,0.0000,0,stuck_too_long
3027,101,-524.97,0.00,10.10,0.0000,0.0000,0,stuck_too_long
3028,101,-524.15,0.00,10.10,0.0000,0.0000,0,stuck_too_long
3029,101,-524.87,0.00,10.10,0.0000,0.0000,0,stuck_too_long
3030,101,-524.78,0.00,10.10,0.0000,0.0000,0,stuck_too_long
4199,101,-524.42,0.00,10.10,0.0000,0.0000,0,stuck_too_long
4200,101,-524.51,0.00,10.10,0.0000,0.0000,0,stuck_too_long
4201,101,-523.04,0.00,10.10,0.0000,0.0000,0,stuck_too_long
4202,101,-524.35,0.00,10.10,0.0000,0.0000,0,stuck_too_long
4203,101,-525.39,0.00,10.10,0.0000,0.0000,0,stuck_too_long
4204,101,-523.62,0.00,10.10,0.0000,0.0000,0,stuck_too_long
4205,101,-525.08,0.00,10.10,0.0000,0.0000,0,stuck_too_long
4206,101,-524.17,0.00,10.10,0.0000,0.0000,0,stuck_too_long
4207,101,-523.14,0.00,10.10,0.0000,0.0000,0,stuck_too_long
4208,101,-524.20,0.00,10.10,0.0000,0.0000,0,stuck_too_long
4209,101,-524.63,0.00,10.10,0.0000,0.0000,0,stuck_too_long
4210,101,-525.19,0.00,10.10,0.0000,0.0000,0,stuck_too_long
4211,101,-524.02,0.00,10.10,0.0000,0.0000,0,stuck_too_long
4212,101,-525.15,0.00,10.10,0.0000,0.0000,0,stuck_too_long
4213,101,-523.91,0.00,10.10,0.0000,0.0000,0,stuck_too_long
4214,101,-525.34,0.00,10.10,0.0000,0.0000,0,stuck_too_long
4215,101,-524.01,0.00,10.10,0.0000,0.0000,0,stuck_too_long
4216,101,-524.34,0.00,10.10,0.0000,0.0000,0,stuck_too_long
4217,101,-526.33,0.00,10.10,0.0000,0.0000,0,stuck_too_long
4218,101,-525.67,0.00,10.10,0.0000,0.0000,0,stuck_too_long
4219,101,-525.06,0.00,10.10,0.0000,0.0000,0,stuck_too_long
3031,101,-524.46,0.00,10.10,0.0000,0.0000,0,stuck_too_long
3032,101,-524.18,0.00,10.10,0.0000,0.0000,0,stuck_too_long
3033,101,-526.21,0.00,10.10,0.0000,0.0000,0,stuck_too_long
3034,101,-523.72,0.00,10.10,0.0000,0.0000,0,stuck_too_long
3035,101,-523.86,0.00,10.10,0.0000,0.0000,0,stuck_too_long
3036,101,-523.46,0.00,10.10,0.0000,0.0000,0,stuck_too_long
3037,101,-525.26,0.00,10.10,0.0000,0.0000,0,stuck_too_long
3038,101,-526.13,0.00,10.10,0.0000,0.0000,0,stuck_too_long
3039,101,-523.89,0.00,10.10,0.0000,0.0000,0,stuck_too_long
3040,101,-525.41,0.00,10.10,0.0000,0.0000,0,stuck_too_long
4220,101,-525.05,0.00,10.10,0.0000,0.0000,0,stuck_too_long
4221,101,-523.66,0.00,10.10,0.0000,0.0000,0,stuck_too_long
4222,101,-524.20,0.00,10.10,0.0000,0.0000,0,stuck_too_long
4223,101,-524.28,0.00,10.10,0.0000,0.0000,0,stuck_too_long
4224,101,-523.48,0.00,10.10,0.0000,0.0000,0,stuck_too_long
4225,101,-526.08,0.00,10.10,0.0000,0.0000,0,stuck_too_long
4226,101,-523.78,0.00,10.10,0.0000,0.0000,0,stuck_too_long
4227,101,-525.59,0.00,10.10,0.0000,0.0000,0,stuck_too_long
4228,101,-524.52,0.00,10.10,0.0000,0.0000,0,stuck_too_long
4229,101,-523.86,0.00,10.10,0.0000,0.0000,0,stuck_too_long
4230,101,-525.95,0.00,10.10,0.0000,0.0000,0,stuck_too_long
4231,101,-524.59,0.00,10.10,0.0000,0.0000,0,stuck_too_long
4232,101,-525.03,0.00,10.10,0.0000,0.0000,0,stuck_too_long
4233,101,-524.31,0.00,10.10,0.0000,0.0000,0,stuck_too_long
4234,101,-523.08,0.00,10.10,0.0000,0.0000,0,stuck_too_long
4235,101,-524.29,0.00,10.10,0.0000,0.0000,0,stuck_too_long
4236,101,-525.37,0.00,10.10,0.0000,0.0000,0,stuck_too_long
4237,101,-524.43,0.00,10.10,0.0000,0.0000,0,stuck_too_long
4238,101,-523.74,0.00,10.10,0.0000,0.0000,0,stuck_too_long
4239,101,-526.15,0.00,10.10,0.0000,0.0000,0,stuck_too_long
3041,101,-525.19,0.00,10.10,0.0000,0.0000,0,stuck_too_long
3042,101,-524.34,0.00,10.10,0.0000,0.0000,0,stuck_too_long
3043,101,-524.95,0.00,10.10,0.0000,0.0000,0,stuck_too_long
3044,101,-523.79,0.00,10.10,0.0000,0.0000,0,stuck_too_long
3045,101,-526.16,0.00,10.10,0.0000,0.0000,0,stuck_too_long
3046,101,-526.87,0.00,10.10,0.0000,0.0000,0,stuck_too_long
3047,101,-523.74,0.00,10.10,0.0000,0.0000,0,stuck_too_long
3048,101,-525.13,0.00,10.10,0.0000,0.0000,0,stuck_too_long
3049,101,-525.18,0.00,10.10,0.0000,0.0000,0,stuck_too_long
3050,101,-522.99,0.00,10.10,0.0000,0.0000,0,stuck_too_long
4240,101,-525.55,0.00,10.10,0.0000,0.0000,0,stuck_too_long
4241,101,-524.76,0.00,10.10,0.0000,0.0000,0,stuck_too_long
4242,101,-524.63,0.00,10.10,0.0000,0.0000,0,stuck_too_long
4243,101,-524.81,0.00,10.10,0.0000,0.0000,0,stuck_too_long
4244,101,-524.48,0.00,10.10,0.0000,0.0000,0,stuck_too_long
4245,101,-524.40,0.00,10.10,0.0000,0.0000,0,stuck_too_long
4246,101,-524.26,0.00,10.10,0.0000,0.0000,0,stuck_too_long
4247,101,-523.01,0.00,10.10,0.0000,0.0000,0,stuck_too_long
4248,101,-524.03,0.00,10.10,0.0000,0.0000,0,stuck_too_long
4249,101,-524.96,0.00,10.10,0.0000,0.0000,0,stuck_too_long
4250,101,-524.80,0.00,10.10,0.0000,0.0000,0,stuck_too_long
4251,101,-526.54,0.00,10.10,0.0000,0.0000,0,stuck_too_long
4252,101,-524.58,0.00,10.10,0.0000,0.0000,0,stuck_too_long
4253,101,-525.03,0.00,10.10,0.0000,0.0000,0,stuck_too_long
4254,101,-525.03,0.00,10.10,0.0000,0.0000,0,stuck_too_long
4255,101,-526.11,0.00,10.10,0.0000,0.0000,0,stuck_too_long
4256,101,-524.68,0.00,10.10,0.0000,0.0000,0,stuck_too_long
4257,101,-526.85,0.00,10.10,0.0000,0.0000,0,stuck_too_long
4258,101,-524.07,0.00,10.10,0.0000,0.0000,0,stuck_too_long
4259,101,-524.31,0.00,10.10,0.0000,0.0000,0,stuck_too_long
3051,101,-524.88,0.00,10.10,0.0000,0.0000,0,stuck_too_long
3052,101,-525.61,0.00,10.10,0.0000,0.0000,0,stuck_too_long
3053,101,-525.54,0.00,10.10,0.0000,0.0000,0,stuck_too_long
3054,101,-525.95,0.00,10.10,0.0000,0.0000,0,stuck_too_long
3055,101,-526.49,0.00,10.10,0.0000,0.0000,0,stuck_too_long
3056,101,-525.04,0.00,10.10,0.0000,0.0000,0,stuck_too_long
3057,101,-526.81,0.00,10.10,0.0000,0.0000,0,stuck_too_long
3058,101,-524.35,0.00,10.10,0.0000,0.0000,0,stuck_too_long
3059,101,-524.33,0.00,10.10,0.0000,0.0000,0,stuck_too_long
3060,101,-526.30,0.00,10.10,0.0000,0.0000,0,stuck_too_long
4260,101,-524.41,0.00,10.10,0.0000,0.0000,0,stuck_too_long
4261,101,-523.91,0.00,10.10,0.0000,0.0000,0,stuck_too_long
4262,101,-523.76,0.00,10.10,0.0000,0.0000,0,stuck_too_long
4263,101,-525.21,0.00,10.10,0.0000,0.0000,0,stuck_too_long
4264,101,-524.26,0.00,10.10,0.0000,0.0000,0,stuck_too_long
4265,101,-523.02,0.00,10.10,0.0000,0.0000,0,stuck_too_long
4266,101,-525.58,0.00,10.10,0.0000,0.0000,0,stuck_too_long
4267,101,-526.37,0.00,10.10,0.0000,0.0000,0,stuck_too_long
4268,101,-524.56,0.00,10.10,0.0000,0.0000,0,stuck_too_long
4269,101,-524.90,0.00,10.10,0.0000,0.0000,0,stuck_too_long
4270,101,-523.90,0.00,10.10,0.0000,0.0000,0,stuck_too_long
4271,101,-524.87,0.00,10.10,0.0000,0.0000,0,stuck_too_long
4272,101,-524.83,0.00,10.10,0.0000,0.0000,0,stuck_too_long
4273,101,-524.70,0.00,10.10,0.0000,0.0000,0,stuck_too_long
4274,101,-524.76,0.00,10.10,0.0000,0.0000,0,stuck_too_long
4275,101,-525.01,0.00,10.10,0.0000,0.0000,0,stuck_too_long
4276,101,-522.96,0.00,10.10,0.0000,0.0000,0,stuck_too_long
4277,101,-525.59,0.00,10.10,0.0000,0.0000,0,stuck_too_long
4278,101,-524.60,0.00,10.10,0.0000,0.0000,0,stuck_too_long
4279,101,-525.76,0.00,10.10,0.0000,0.0000,0,stuck_too_long
3061,101,-524.76,0.00,10.10,0.0000,0.0000,0,stuck_too_long
3062,101,-525.09,0.00,10.10,0.0000,0.0000,0,stuck_too_long
3063,101,-523.80,0.00,10.10,0.0000,0.0000,0,stuck_too_long
3064,101,-524.05,0.00,10.10,0.0000,0.0000,0,stuck_too_long
3065,101,-524.20,0.00,10.10,0.0000,0.0000,0,stuck_too_long
3066,101,-525.63,0.00,10.10,0.0000,0.0000,0,stuck_too_long
3067,101,-525.22,0.00,10.10,0.0000,0.0000,0,stuck_too_long
3068,101,-525.00,0.00,10.10,0.0000,0.0000,0,stuck_too_long
3069,101,-524.96,0.00,10.10,0.0000,0.0000,0,stuck_too_long
3070,101,-523.83,0.00,10.10,0.0000,0.0000,0,stuck_too_long
4280,101,-524.39,0.00,10.10,0.0000,0.0000,0,stuck_too_long
4281,101,-524.31,0.00,10.10,0.0000,0.0000,0,stuck_too_long
4282,101,-522.57,0.00,10.10,0.0000,0.0000,0,stuck_too_long
4283,101,-523.97,0.00,10.10,0.0000,0.0000,0,stuck_too_long
4284,101,-524.06,0.00,10.10,0.0000,0.0000,0,stuck_too_long
4285,101,-523.70,0.00,10.10,0.0000,0.0000,0,stuck_too_long
4286,101,-524.80,0.00,10.10,0.0000,0.0000,0,stuck_too_long
4287,101,-525.17,0.00,10.10,0.0000,0.0000,0,stuck_too_long
4288,101,-526.50,0.00,10.10,0.0000,0.0000,0,stuck_too_long
4289,101,-525.08,0.00,10.10,0.0000,0.0000,0,stuck_too_long
4290,101,-524.74,0.00,10.10,0.0000,0.0000,0,stuck_too_long
4291,101,-525.00,0.00,10.10,0.0000,0.0000,0,stuck_too_long
4292,101,-524.62,0.00,10.10,0.0000,0.0000,0,stuck_too_long
4293,101,-525.83,0.00,10.10,0.0000,0.0000,0,stuck_too_long
4294,101,-524.50,0.00,10.10,0.0000,0.0000,0,stuck_too_long
4295,101,-525.71,0.00,10.10,0.0000,0.0000,0,stuck_too_long
4296,101,-524.18,0.00,10.10,0.0000,0.0000,0,stuck_too_long
4297,101,-525.31,0.00,10.10,0.0000,0.0000,0,stuck_too_long
4298,101,-524.94,0.00,10.10,0.0000,0.0000,0,stuck_too_long
4299,101,-525.06,0.00,10.10,0.0000,0.0000,0,stuck_too_long
4300,101,-525.38,0.00,10.10,0.0000,0.0000,0,stuck_too_long
3071,101,-524.66,0.00,10.10,0.0000,0.0000,0,stuck_too_long
3072,101,-524.56,0.00,10.10,0.0000,0.0000,0,stuck_too_long
3073,101,-524.17,0.00,10.10,0.0000,0.0000,0,stuck_too_long
3074,101,-524.47,0.00,10.10,0.0000,0.0000,0,stuck_too_long
3075,101,-523.68,0.00,10.10,0.0000,0.0000,0,stuck_too_long
3076,101,-524.75,0.00,10.10,0.0000,0.0000,0,stuck_too_long
3077,101,-524.32,0.00,10.10,0.0000,0.0000,0,stuck_too_long
3078,101,-524.20,0.00,10.10,0.0000,0.0000,0,stuck_too_long
3079,101,-524.60,0.00,10.10,0.0000,0.0000,0,stuck_too_long
3080,101,-524.98,0.00,10.10,0.0000,0.0000,0,stuck_too_long
4301,101,-524.46,0.00,10.10,0.0000,0.0000,0,stuck_too_long
4302,101,-525.30,0.00,10.10,0.0000,0.0000,0,stuck_too_long
4303,101,-524.80,0.00,10.10,0.0000,0.0000,0,stuck_too_long
4304,101,-525.33,0.00,10.10,0.0000,0.0000,0,stuck_too_long
4305,101,-524.34,0.00,10.10,0.0000,0.0000,0,stuck_too_long
4306,101,-524.38,0.00,10.10,0.0000,0.0000,0,stuck_too_long
4307,101,-524.32,0.00,10.10,0.0000,0.0000,0,stuck_too_long
4308,101,-525.21,0.00,10.10,0.0000,0.0000,0,stuck_too_long
4309,101,-525.70,0.00,10.10,0.0000,0.0000,0,stuck_too_long
4310,101,-525.35,0.00,10.10,0.0000,0.0000,0,stuck_too_long
4311,101,-525.97,0.00,10.10,0.0000,0.0000,0,stuck_too_long
4312,101,-523.46,0.00,10.10,0.0000,0.0000,0,stuck_too_long
4313,101,-525.52,0.00,10.10,0.0000,0.0000,0,stuck_too_long
4314,101,-525.68,0.00,10.10,0.0000,0.0000,0,stuck_too_long
4315,101,-524.74,0.00,10.10,0.0000,0.0000,0,stuck_too_long
4316,101,-524.94,0.00,10.10,0.0000,0.0000,0,stuck_too_long
4317,101,-524.14,0.00,10.10,0.0000,0.0000,0,stuck_too_long
4318,101,-524.06,0.00,10.10,0.0000,0.0000,0,stuck_too_long
4319,101,-525.59,0.00,10.10,0.0000,0.0000,0,stuck_too_long
4320,101,-522.93,0.00,10.10,0.0000,0.0000,0,stuck_too_long
3081,101,-525.56,0.00,10.10,0.0000,0.0000,0,stuck_too_long
3082,101,-525.79,0.00,10.10,0.0000,0.0000,0,stuck_too_long
3083,101,-522.36,0.00,10.10,0.0000,0.0000,0,stuck_too_long
3084,101,-525.17,0.00,10.10,0.0000,0.0000,0,stuck_too_long
3085,101,-524.15,0.00,10.10,0.0000,0.0000,0,stuck_too_long
3086,101,-523.03,0.00,10.10,0.0000,0.0000,0,stuck_too_long
3087,101,-524.00,0.00,10.10,0.0000,0.0000,0,stuck_too_long
3088,101,-524.40,0.00,10.10,0.0000,0.0000,0,stuck_too_long
3089,101,-525.27,0.00,10.10,0.0000,0.0000,0,stuck_too_long
3090,101,-524.89,0.00,10.10,0.0000,0.0000,0,stuck_too_long
4321,101,-524.64,0.00,10.10,0.0000,0.0000,0,stuck_too_long
4322,101,-524.51,0.00,10.10,0.0000,0.0000,0,stuck_too_long
4323,101,-525.06,0.00,10.10,0.0000,0.0000,0,stuck_too_long
4324,101,-523.60,0.00,10.10,0.0000,0.0000,0,stuck_too_long
4325,101,-524.76,0.00,10.10,0.0000,0.0000,0,stuck_too_long
4326,101,-523.60,0.00,10.10,0.0000,0.0000,0,stuck_too_long
4327,101,-525.01,0.00,10.10,0.0000,0.0000,0,stuck_too_long
4328,101,-525.45,0.00,10.10,0.0000,0.0000,0,stuck_too_long
4329,101,-525.37,0.00,10.10,0.0000,0.0000,0,stuck_too_long
4330,101,-525.41,0.00,10.10,0.0000,0.0000,0,stuck_too_long
4331,101,-526.57,0.00,10.10,0.0000,0.0000,0,stuck_too_long
4332,101,-525.85,0.00,10.10,0.0000,0.0000,0,stuck_too_long
4333,101,-527.26,0.00,10.10,0.0000,0.0000,0,stuck_too_long
4334,101,-524.43,0.00,10.10,0.0000,0.0000,0,stuck_too_long
4335,101,-525.23,0.00,10.10,0.0000,0.0000,0,stuck_too_long
4336,101,-524.16,0.00,10.10,0.0000,0.0000,0,stuck_too_long
4337,101,-526.53,0.00,10.10,0.0000,0.0000,0,stuck_too_long
4338,101,-524.72,0.00,10.10,0.0000,0.0000,0,stuck_too_long
4339,101,-525.29,0.00,10.10,0.0000,0.0000,0,stuck_too_long
4340,101,-525.10,0.00,10.10,0.0000,0.0000,0,stuck_too_long
3091,101,-524.91,0.00,10.10,0.0000,0.0000,0,stuck_too_long
3092,101,-524.15,0.00,10.10,0.0000,0.0000,0,stuck_too_long
3093,101,-525.06,0.00,10.10,0.0000,0.0000,0,stuck_too_long
3094,101,-525.46,0.00,10.10,0.0000,0.0000,0,stuck_too_long
3095,101,-524.09,0.00,10.10,0.0000,0.0000,0,stuck_too_long
3096,101,-524.83,0.00,10.10,0.0000,0.0000,0,stuck_too_long
3097,101,-524.99,0.00,10.10,0.0000,0.0000,0,stuck_too_long
3098,101,-523.75,0.00,10.10,0.0000,0.0000,0,stuck_too_long
3099,101,-525.28,0.00,10.10,0.0000,0.0000,0,stuck_too_long
3100,101,-524.29,0.00,10.10,0.0000,0.0000,0,stuck_too_long
4341,101,-525.54,0.00,10.10,0.0000,0.0000,0,stuck_too_long
4342,101,-525.72,0.00,10.10,0.0000,0.0000,0,stuck_too_long
4343,101,-523.84,0.00,10.10,0.0000,0.0000,0,stuck_too_long
4344,101,-525.12,0.00,10.10,0.0000,0.0000,0,stuck_too_long
4345,101,-524.02,0.00,10.10,0.0000,0.0000,0,stuck_too_long
4346,101,-525.15,0.00,10.10,0.0000,0.0000,0,stuck_too_long
4347,101,-525.37,0.00,10.10,0.0000,0.0000,0,stuck_too_long
4348,101,-526.43,0.00,10.10,0.0000,0.0000,0,stuck_too_long
4349,101,-524.67,0.00,10.10,0.0000,0.0000,0,stuck_too_long
4350,101,-525.49,0.00,10.10,0.0000,0.0000,0,stuck_too_long
4351,101,-524.68,0.00,10.10,0.0000,0.0000,0,stuck_too_long
4352,101,-525.07,0.00,10.10,0.0000,0.0000,0,stuck_too_long
4353,101,-525.22,0.00,10.10,0.0000,0.0000,0,stuck_too_long
4354,101,-526.12,0.00,10.10,0.0000,0.0000,0,stuck_too_long
4355,101,-524.63,0.00,10.10,0.0000,0.0000,0,stuck_too_long
4356,101,-526.30,0.00,10.10,0.0000,0.0000,0,stuck_too_long
4357,101,-524.56,0.00,10.10,0.0000,0.0000,0,stuck_too_long
4358,101,-525.20,0.00,10.10,0.0000,0.0000,0,stuck_too_long
4359,101,-525.48,0.00,10.10,0.0000,0.0000,0,stuck_too_long
4360,101,-525.73,0.00,10.10,0.0000,0.0000,0,stuck_too_long
4361,101,-523.63,0.00,10.10,0.0000,0.0000,0,stuck_too_long
3101,101,-523.82,0.00,10.10,0.0000,0.0000,0,stuck_too_long
3102,101,-523.51,0.00,10.10,0.0000,0.0000,0,stuck_too_long
3103,101,-525.03,0.00,10.10,0.0000,0.0000,0,stuck_too_long
3104,101,-525.41,0.00,10.10,0.0000,0.0000,0,stuck_too_long
3105,101,-523.70,0.00,10.10,0.0000,0.0000,0,stuck_too_long
3106,101,-524.37,0.00,10.10,0.0000,0.0000,0,stuck_too_long
3107,101,-526.04,0.00,10.10,0.0000,0.0000,0,stuck_too_long
3108,101,-524.99,0.00,10.10,0.0000,0.0000,0,stuck_too_long
3109,101,-523.77,0.00,10.10,0.0000,0.0000,0,stuck_too_long
3110,101,-524.84,0.00,10.10,0.0000,0.0000,0,stuck_too_long
4362,101,-523.92,0.00,10.10,0.0000,0.0000,0,stuck_too_long
4363,101,-525.04,0.00,10.10,0.0000,0.0000,0,stuck_too_long
4364,101,-525.04,0.00,10.10,0.0000,0.0000,0,stuck_too_long
4365,101,-525.71,0.00,10.10,0.0000,0.0000,0,stuck_too_long
4366,101,-525.03,0.00,10.10,0.0000,0.0000,0,stuck_too_long
4367,101,-523.87,0.00,10.10,0.0000,0.0000,0,stuck_too_long
4368,101,-523.32,0.00,10.10,0.0000,0.0000,0,stuck_too_long
4369,101,-525.45,0.00,10.10,0.0000,0.0000,0,stuck_too_long
4370,101,-525.21,0.00,10.10,0.0000,0.0000,0,stuck_too_long
4371,101,-527.27,0.00,10.10,0.0000,0.0000,0,stuck_too_long
4372,101,-524.13,0.00,10.10,0.0000,0.0000,0,stuck_too_long
4373,101,-525.19,0.00,10.10,0.0000,0.0000,0,stuck_too_long
4374,101,-524.69,0.00,10.10,0.0000,0.0000,0,stuck_too_long
4375,101,-524.48,0.00,10.10,0.0000,0.0000,0,stuck_too_long
4376,101,-525.29,0.00,10.10,0.0000,0.0000,0,stuck_too_long
4377,101,-523.62,0.00,10.10,0.0000,0.0000,0,stuck_too_long
4378,101,-525.67,0.00,10.10,0.0000,0.0000,0,stuck_too_long
4379,101,-523.96,0.00,10.10,0.0000,0.0000,0,stuck_too_long
4380,101,-523.68,0.00,10.10,0.0000,0.0000,0,stuck_too_long
4381,101,-523.82,0.00,10.10,0.0000,0.0000,0,stuck_too_long
3111,101,-525.09,0.00,10.10,0.0000,0.0000,0,stuck_too_long
3112,101,-524.02,0.00,10.10,0.0000,0.0000,0,stuck_too_long
3113,101,-526.00,0.00,10.10,0.0000,0.0000,0,stuck_too_long
3114,101,-524.91,0.00,10.10,0.0000,0.0000,0,stuck_too_long
3115,101,-523.88,0.00,10.10,0.0000,0.0000,0,stuck_too_long
3116,101,-523.27,0.00,10.10,0.0000,0.0000,0,stuck_too_long
3117,101,-525.67,0.00,10.10,0.0000,0.0000,0,stuck_too_long
3118,101,-525.93,0.00,10.10,0.0000,0.0000,0,stuck_too_long
3119,101,-524.30,0.00,10.10,0.0000,0.0000,0,stuck_too_long
3120,101,-524.34,0.00,10.10,0.0000,0.0000,0,stuck_too_long
4382,101,-525.03,0.00,10.10,0.0000,0.0000,0,stuck_too_long
4383,101,-527.13,0.00,10.10,0.0000,0.0000,0,stuck_too_long
4384,101,-525.21,0.00,10.10,0.0000,0.0000,0,stuck_too_long
4385,101,-524.96,0.00,10.10,0.0000,0.0000,0,stuck_too_long
4386,101,-525.23,0.00,10.10,0.0000,0.0000,0,stuck_too_long
4387,101,-524.01,0.00,10.10,0.0000,0.0000,0,stuck_too_long
4388,101,-524.30,0.00,10.10,0.0000,0.0000,0,stuck_too_long
4389,101,-524.75,0.00,10.10,0.0000,0.0000,0,stuck_too_long
4390,101,-523.83,0.00,10.10,0.0000,0.0000,0,stuck_too_long
4391,101,-524.90,0.00,10.10,0.0000,0.0000,0,stuck_too_long
4392,101,-524.85,0.00,10.10,0.0000,0.0000,0,stuck_too_long
4393,101,-523.34,0.00,10.10,0.0000,0.0000,0,stuck_too_long
4394,101,-524.23,0.00,10.10,0.0000,0.0000,0,stuck_too_long
4395,101,-525.60,0.00,10.10,0.0000,0.0000,0,stuck_too_long
4396,101,-525.62,0.00,10.10,0.0000,0.0000,0,stuck_too_long
4397,101,-524.21,0.00,10.10,0.0000,0.0000,0,stuck_too_long
4398,101,-525.06,0.00,10.10,0.0000,0.0000,0,stuck_too_long
4399,101,-525.67,0.00,10.10,0.0000,0.0000,0,stuck_too_long
4400,101,-524.35,0.00,10.10,0.0000,0.0000,0,stuck_too_long
4401,101,-524.47,0.00,10.10,0.0000,0.0000,0,stuck_too_long
3121,101,-524.55,0.00,10.10,0.0000,0.0000,0,stuck_too_long
3122,101,-524.82,0.00,10.10,0.0000,0.0000,0,stuck_too_long
3123,101,-523.55,0.00,10.10,0.0000,0.0000,0,stuck_too_long
3124,101,-526.67,0.00,10.10,0.0000,0.0000,0,stuck_too_long
3125,101,-524.15,0.00,10.10,0.0000,0.0000,0,stuck_too_long
3126,101,-526.35,0.00,10.10,0.0000,0.0000,0,stuck_too_long
3127,101,-524.09,0.00,10.10,0.0000,0.0000,0,stuck_too_long
3128,101,-524.67,0.00,10.10,0.0000,0.0000,0,stuck_too_long
3129,101,-526.25,0.00,10.10,0.0000,0.0000,0,stuck_too_long
3130,101,-524.80,0.00,10.10,0.0000,0.0000,0,stuck_too_long
4402,101,-525.90,0.00,10.10,0.0000,0.0000,0,stuck_too_long
4403,101,-525.76,0.00,10.10,0.0000,0.0000,0,stuck_too_long
4404,101,-525.98,0.00,10.10,0.0000,0.0000,0,stuck_too_long
4405,101,-524.22,0.00,10.10,0.0000,0.0000,0,stuck_too_long
4406,101,-525.57,0.00,10.10,0.0000,0.0000,0,stuck_too_long
4407,101,-525.32,0.00,10.10,0.0000,0.0000,0,stuck_too_long
4408,101,-524.82,0.00,10.10,0.0000,0.0000,0,stuck_too_long
4409,101,-525.31,0.00,10.10,0.0000,0.0000,0,stuck_too_long
4410,101,-525.09,0.00,10.10,0.0000,0.0000,0,stuck_too_long
4411,101,-524.16,0.00,10.10,0.0000,0.0000,0,stuck_too_long
4412,101,-523.24,0.00,10.10,0.0000,0.0000,0,stuck_too_long
4413,101,-524.55,0.00,10.10,0.0000,0.0000,0,stuck_too_long
4414,101,-524.52,0.00,10.10,0.0000,0.0000,0,stuck_too_long
4415,101,-523.64,0.00,10.10,0.0000,0.0000,0,stuck_too_long
4416,101,-524.13,0.00,10.10,0.0000,0.0000,0,stuck_too_long
4417,101,-524.31,0.00,10.10,0.0000,0.0000,0,stuck_too_long
4418,101,-525.75,0.00,10.10,0.0000,0.0000,0,stuck_too_long
4419,101,-525.28,0.00,10.10,0.0000,0.0000,0,stuck_too_long
4420,101,-526.00,0.00,10.10,0.0000,0.0000,0,stuck_too_long
4421,101,-523.51,0.00,10.10,0.0000,0.0000,0,stuck_too_long
3131,101,-524.22,0.00,10.10,0.0000,0.0000,0,stuck_too_long
3132,101,-523.99,0.00,10.10,0.0000,0.0000,0,stuck_too_long
3133,101,-524.02,0.00,10.10,0.0000,0.0000,0,stuck_too_long
3134,101,-524.78,0.00,10.10,0.0000,0.0000,0,stuck_too_long
3135,101,-524.83,0.00,10.10,0.0000,0.0000,0,stuck_too_long
3136,101,-524.44,0.00,10.10,0.0000,0.0000,0,stuck_too_long
3137,101,-524.26,0.00,10.10,0.0000,0.0000,0,stuck_too_long
3138,101,-524.12,0.00,10.10,0.0000,0.0000,0,stuck_too_long
3139,101,-525.73,0.00,10.10,0.0000,0.0000,0,stuck_too_long
3140,101,-524.03,0.00,10.10,0.0000,0.0000,0,stuck_too_long
4422,101,-525.92,0.00,10.10,0.0000,0.0000,0,stuck_too_long
4423,101,-525.92,0.00,10.10,0.0000,0.0000,0,stuck_too_long
4424,101,-523.94,0.00,10.10,0.0000,0.0000,0,stuck_too_long
4425,101,-525.19,0.00,10.10,0.0000,0.0000,0,stuck_too_long
4426,101,-524.96,0.00,10.10,0.0000,0.0000,0,stuck_too_long
4427,101,-524.67,0.00,10.10,0.0000,0.0000,0,stuck_too_long
4428,101,-524.37,0.00,10.10,0.0000,0.0000,0,stuck_too_long
4429,101,-525.20,0.00,10.10,0.0000,0.0000,0,stuck_too_long
4430,101,-524.22,0.00,10.10,0.0000,0.0000,0,stuck_too_long
4431,101,-524.98,0.00,10.10,0.0000,0.0000,0,stuck_too_long
4432,101,-523.95,0.00,10.10,0.0000,0.0000,0,stuck_too_long
4433,101,-522.94,0.00,10.10,0.0000,0.0000,0,stuck_too_long
4434,101,-525.16,0.00,10.10,0.0000,0.0000,0,stuck_too_long
4435,101,-524.35,0.00,10.10,0.0000,0.0000,0,stuck_too_long
4436,101,-523.91,0.00,10.10,0.0000,0.0000,0,stuck_too_long
4437,101,-524.46,0.00,10.10,0.0000,0.0000,0,stuck_too_long
4438,101,-525.84,0.00,10.10,0.0000,0.0000,0,stuck_too_long
4439,101,-524.74,0.00,10.10,0.0000,0.0000,0,stuck_too_long
4440,101,-523.98,0.00,10.10,0.0000,0.0000,0,stuck_too_long
4441,101,-524.97,0.00,10.10,0.0000,0.0000,0,stuck_too_long
4442,101,-524.33,0.00,10.10,0.0000,0.0000,0,stuck_too_long
3141,101,-526.65,0.00,10.10,0.0000,0.0000,0,stuck_too_long
3142,101,-524.17,0.00,10.10,0.0000,0.0000,0,stuck_too_long
3143,101,-523.62,0.00,10.10,0.0000,0.0000,0,stuck_too_long
3144,101,-524.60,0.00,10.10,0.0000,0.0000,0,stuck_too_long
3145,101,-524.80,0.00,10.10,0.0000,0.0000,0,stuck_too_long
3146,101,-523.57,0.00,10.10,0.0000,0.0000,0,stuck_too_long
3147,101,-525.58,0.00,10.10,0.0000,0.0000,0,stuck_too_long
3148,101,-524.76,0.00,10.10,0.0000,0.0000,0,stuck_too_long
3149,101,-525.42,0.00,10.10,0.0000,0.0000,0,stuck_too_long
3150,101,-526.53,0.00,10.10,0.0000,0.0000,0,stuck_too_long
4443,101,-525.37,0.00,10.10,0.0000,0.0000,0,stuck_too_long
4444,101,-523.61,0.00,10.10,0.0000,0.0000,0,stuck_too_long
4445,101,-524.88,0.00,10.10,0.0000,0.0000,0,stuck_too_long
4446,101,-524.60,0.00,10.10,0.0000,0.0000,0,stuck_too_long
4447,101,-526.42,0.00,10.10,0.0000,0.0000,0,stuck_too_long
4448,101,-523.97,0.00,10.10,0.0000,0.0000,0,stuck_too_long
4449,101,-524.20,0.00,10.10,0.0000,0.0000,0,stuck_too_long
4450,101,-524.00,0.00,10.10,0.0000,0.0000,0,stuck_too_long
4451,101,-525.31,0.00,10.10,0.0000,0.0000,0,stuck_too_long
4452,101,-524.89,0.00,10.10,0.0000,0.0000,0,stuck_too_long
4453,101,-525.36,0.00,10.10,0.0000,0.0000,0,stuck_too_long
4454,101,-523.34,0.00,10.10,0.0000,0.0000,0,stuck_too_long
4455,101,-525.72,0.00,10.10,0.0000,0.0000,0,stuck_too_long
4456,101,-525.07,0.00,10.10,0.0000,0.0000,0,stuck_too_long
4457,101,-525.94,0.00,10.10,0.0000,0.0000,0,stuck_too_long
4458,101,-524.45,0.00,10.10,0.0000,0.0000,0,stuck_too_long
4459,101,-525.38,0.00,10.10,0.0000,0.0000,0,stuck_too_long
4460,101,-525.12,0.00,10.10,0.0000,0.0000,0,stuck_too_long
4461,101,-524.05,0.00,10.10,0.0000,0.0000,0,stuck_too_long
4462,101,-524.68,0.00,10.10,0.0000,0.0000,0,stuck_too_long
3151,101,-524.81,0.00,10.10,0.0000,0.0000,0,stuck_too_long
3152,101,-526.15,0.00,10.10,0.0000,0.0000,0,stuck_too_long
3153,101,-526.18,0.00,10.10,0.0000,0.0000,0,stuck_too_long
3154,101,-525.56,0.00,10.10,0.0000,0.0000,0,stuck_too_long
3155,101,-525.40,0.00,10.10,0.0000,0.0000,0,stuck_too_long
3156,101,-525.78,0.00,10.10,0.0000,0.0000,0,stuck_too_long
3157,101,-526.75,0.00,10.10,0.0000,0.0000,0,stuck_too_long
3158,101,-523.60,0.00,10.10,0.0000,0.0000,0,stuck_too_long
3159,101,-524.40,0.00,10.10,0.0000,0.0000,0,stuck_too_long
3160,101,-525.39,0.00,10.10,0.0000,0.0000,0,stuck_too_long
4463,101,-522.96,0.00,10.10,0.0000,0.0000,0,stuck_too_long
4464,101,-524.67,0.00,10.10,0.0000,0.0000,0,stuck_too_long
4465,101,-525.77,0.00,10.10,0.0000,0.0000,0,stuck_too_long
4466,101,-524.56,0.00,10.10,0.0000,0.0000,0,stuck_too_long
4467,101,-525.40,0.00,10.10,0.0000,0.0000,0,stuck_too_long
4468,101,-524.19,0.00,10.10,0.0000,0.0000,0,stuck_too_long
4469,101,-525.04,0.00,10.10,0.0000,0.0000,0,stuck_too_long
4470,101,-525.31,0.00,10.10,0.0000,0.0000,0,stuck_too_long
4471,101,-523.99,0.00,10.10,0.0000,0.0000,0,stuck_too_long
4472,101,-523.41,0.00,10.10,0.0000,0.0000,0,stuck_too_long
4473,101,-526.47,0.00,10.10,0.0000,0.0000,0,stuck_too_long
4474,101,-524.91,0.00,10.10,0.0000,0.0000,0,stuck_too_long
4475,101,-524.21,0.00,10.10,0.0000,0.0000,0,stuck_too_long
4476,101,-524.68,0.00,10.10,0.0000,0.0000,0,stuck_too_long
4477,101,-524.10,0.00,10.10,0.0000,0.0000,0,stuck_too_long
4478,101,-525.04,0.00,10.10,0.0000,0.0000,0,stuck_too_long
4479,101,-524.15,0.00,10.10,0.0000,0.0000,0,stuck_too_long
4480,101,-525.80,0.00,10.10,0.0000,0.0000,0,stuck_too_long
4481,101,-524.40,0.00,10.10,0.0000,0.0000,0,stuck_too_long
4482,101,-524.16,0.00,10.10,0.0000,0.0000,0,stuck_too_long
3161,101,-525.04,0.00,10.10,0.0000,0.0000,0,stuck_too_long
3162,101,-525.09,0.00,10.10,0.0000,0.0000,0,stuck_too_long
3163,101,-526.33,0.00,10.10,0.0000,0.0000,0,stuck_too_long
3164,101,-523.04,0.00,10.10,0.0000,0.0000,0,stuck_too_long
3165,101,-524.46,0.00,10.10,0.0000,0.0000,0,stuck_too_long
3166,101,-525.21,0.00,10.10,0.0000,0.0000,0,stuck_too_long
3167,101,-524.69,0.00,10.10,0.0000,0.0000,0,stuck_too_long
3168,101,-524.86,0.00,10.10,0.0000,0.0000,0,stuck_too_long
3169,101,-524.81,0.00,10.10,0.0000,0.0000,0,stuck_too_long
3170,101,-525.43,0.00,10.10,0.0000,0.0000,0,stuck_too_long
4483,101,-524.88,0.00,10.10,0.0000,0.0000,0,stuck_too_long
4484,101,-525.78,0.00,10.10,0.0000,0.0000,0,stuck_too_long
4485,101,-525.36,0.00,10.10,0.0000,0.0000,0,stuck_too_long
4486,101,-524.41,0.00,10.10,0.0000,0.0000,0,stuck_too_long
4487,101,-524.70,0.00,10.10,0.0000,0.0000,0,stuck_too_long
4488,101,-524.58,0.00,10.10,0.0000,0.0000,0,stuck_too_long
4489,101,-525.21,0.00,10.10,0.0000,0.0000,0,stuck_too_long
4490,101,-524.24,0.00,10.10,0.0000,0.0000,0,stuck_too_long
4491,101,-524.64,0.00,10.10,0.0000,0.0000,0,stuck_too_long
4492,101,-525.46,0.00,10.10,0.0000,0.0000,0,stuck_too_long
4493,101,-525.71,0.00,10.10,0.0000,0.0000,0,stuck_too_long
4494,101,-527.17,0.00,10.10,0.0000,0.0000,0,stuck_too_long
4495,101,-523.76,0.00,10.10,0.0000,0.0000,0,stuck_too_long
4496,101,-524.18,0.00,10.10,0.0000,0.0000,0,stuck_too_long
4497,101,-523.40,0.00,10.10,0.0000,0.0000,0,stuck_too_long
4498,101,-524.47,0.00,10.10,0.0000,0.0000,0,stuck_too_long
4499,101,-525.29,0.00,10.10,0.0000,0.0000,0,stuck_too_long
4500,101,-523.71,0.00,10.10,0.0000,0.0000,0,stuck_too_long
4501,101,-526.49,0.00,10.10,0.0000,0.0000,0,stuck_too_long
4502,101,-524.96,0.00,10.10,0.0000,0.0000,0,stuck_too_long
3171,101,-525.93,0.00,10.10,0.0000,0.0000,0,stuck_too_long
3172,101,-524.35,0.00,10.10,0.0000,0.0000,0,stuck_too_long
3173,101,-524.37,0.00,10.10,0.0000,0.0000,0,stuck_too_long
3174,101,-524.45,0.00,10.10,0.0000,0.0000,0,stuck_too_long
3175,101,-524.97,0.00,10.10,0.0000,0.0000,0,stuck_too_long
3176,101,-523.91,0.00,10.10,0.0000,0.0000,0,stuck_too_long
3177,101,-524.62,0.00,10.10,0.0000,0.0000,0,stuck_too_long
3178,101,-525.17,0.00,10.10,0.0000,0.0000,0,stuck_too_long
3179,101,-524.59,0.00,10.10,0.0000,0.0000,0,stuck_too_long
3180,101,-524.79,0.00,10.10,0.0000,0.0000,0,stuck_too_long
4503,101,-525.19,0.00,10.10,0.0000,0.0000,0,stuck_too_long
4504,101,-526.37,0.00,10.10,0.0000,0.0000,0,stuck_too_long
4505,101,-526.19,0.00,10.10,0.0000,0.0000,0,stuck_too_long
4506,101,-523.70,0.00,10.10,0.0000,0.0000,0,stuck_too_long
4507,101,-524.53,0.00,10.10,0.0000,0.0000,0,stuck_too_long
4508,101,-524.47,0.00,10.10,0.0000,0.0000,0,stuck_too_long
4509,101,-527.05,0.00,10.10,0.0000,0.0000,0,stuck_too_long
4510,101,-525.49,0.00,10.10,0.0000,0.0000,0,stuck_too_long
4511,101,-526.55,0.00,10.10,0.0000,0.0000,0,stuck_too_long
4512,101,-526.21,0.00,10.10,0.0000,0.0000,0,stuck_too_long
4513,101,-524.40,0.00,10.10,0.0000,0.0000,0,stuck_too_long
4514,101,-524.67,0.00,10.10,0.0000,0.0000,0,stuck_too_long
4515,101,-525.60,0.00,10.10,0.0000,0.0000,0,stuck_too_long
4516,101,-524.88,0.00,10.10,0.0000,0.0000,0,stuck_too_long
4517,101,-524.49,0.00,10.10,0.0000,0.0000,0,stuck_too_long
4518,101,-525.78,0.00,10.10,0.0000,0.0000,0,stuck_too_long
4519,101,-523.75,0.00,10.10,0.0000,0.0000,0,stuck_too_long
4520,101,-525.50,0.00,10.10,0.0000,0.0000,0,stuck_too_long
4521,101,-525.49,0.00,10.10,0.0000,0.0000,0,stuck_too_long
4522,101,-525.89,0.00,10.10,0.0000,0.0000,0,stuck_too_long
4523,101,-524.62,0.00,10.10,0.0000,0.0000,0,stuck_too_long
3181,101,-524.02,0.00,10.10,0.0000,0.0000,0,stuck_too_long
3182,101,-525.16,0.00,10.10,0.0000,0.0000,0,stuck_too_long
3183,101,-524.59,0.00,10.10,0.0000,0.0000,0,stuck_too_long
3184,101,-525.16,0.00,10.10,0.0000,0.0000,0,stuck_too_long
3185,101,-525.73,0.00,10.10,0.0000,0.0000,0,stuck_too_long
3186,101,-526.90,0.00,10.10,0.0000,0.0000,0,stuck_too_long
3187,101,-525.08,0.00,10.10,0.0000,0.0000,0,stuck_too_long
3188,101,-522.86,0.00,10.10,0.0000,0.0000,0,stuck_too_long
3189,101,-525.57,0.00,10.10,0.0000,0.0000,0,stuck_too_long
3190,101,-525.30,0.00,10.10,0.0000,0.0000,0,stuck_too_long
4524,101,-522.70,0.00,10.10,0.0000,0.0000,0,stuck_too_long
4525,101,-525.06,0.00,10.10,0.0000,0.0000,0,stuck_too_long
4526,101,-526.71,0.00,10.10,0.0000,0.0000,0,stuck_too_long
4527,101,-523.49,0.00,10.10,0.0000,0.0000,0,stuck_too_long
4528,101,-524.85,0.00,10.10,0.0000,0.0000,0,stuck_too_long
4529,101,-526.63,0.00,10.10,0.0000,0.0000,0,stuck_too_long
4530,101,-524.49,0.00,10.10,0.0000,0.0000,0,stuck_too_long
4531,101,-524.38,0.00,10.10,0.0000,0.0000,0,stuck_too_long
4532,101,-524.51,0.00,10.10,0.0000,0.0000,0,stuck_too_long
4533,101,-525.07,0.00,10.10,0.0000,0.0000,0,stuck_too_long
4534,101,-526.17,0.00,10.10,0.0000,0.0000,0,stuck_too_long
4535,101,-525.91,0.00,10.10,0.0000,0.0000,0,stuck_too_long
4536,101,-526.15,0.00,10.10,0.0000,0.0000,0,stuck_too_long
4537,101,-525.63,0.00,10.10,0.0000,0.0000,0,stuck_too_long
4538,101,-523.95,0.00,10.10,0.0000,0.0000,0,stuck_too_long
4539,101,-524.32,0.00,10.10,0.0000,0.0000,0,stuck_too_long
4540,101,-525.57,0.00,10.10,0.0000,0.0000,0,stuck_too_long
4541,101,-524.12,0.00,10.10,0.0000,0.0000,0,stuck_too_long
4542,101,-525.06,0.00,10.10,0.0000,0.0000,0,stuck_too_long
4543,101,-525.45,0.00,10.10,0.0000,0.0000,0,stuck_too_long
3191,101,-525.42,0.00,10.10,0.0000,0.0000,0,stuck_too_long
3192,101,-524.76,0.00,10.10,0.0000,0.0000,0,stuck_too_long
3193,101,-525.46,0.00,10.10,0.0000,0.0000,0,stuck_too_long
3194,101,-526.30,0.00,10.10,0.0000,0.0000,0,stuck_too_long
3195,101,-525.54,0.00,10.10,0.0000,0.0000,0,stuck_too_long
3196,101,-525.55,0.00,10.10,0.0000,0.0000,0,stuck_too_long
3197,101,-524.35,0.00,10.10,0.0000,0.0000,0,stuck_too_long
3198,101,-525.45,0.00,10.10,0.0000,0.0000,0,stuck_too_long
3199,101,-526.24,0.00,10.10,0.0000,0.0000,0,stuck_too_long
3200,101,-525.58,0.00,10.10,0.0000,0.0000,0,stuck_too_long
4544,101,-525.77,0.00,10.10,0.0000,0.0000,0,stuck_too_long
4545,101,-525.70,0.00,10.10,0.0000,0.0000,0,stuck_too_long
4546,101,-525.50,0.00,10.10,0.0000,0.0000,0,stuck_too_long
4547,101,-524.88,0.00,10.10,0.0000,0.0000,0,stuck_too_long
4548,101,-524.56,0.00,10.10,0.0000,0.0000,0,stuck_too_long
4549,101,-525.84,0.00,10.10,0.0000,0.0000,0,stuck_too_long
4550,101,-526.35,0.00,10.10,0.0000,0.0000,0,stuck_too_long
4551,101,-526.85,0.00,10.10,0.0000,0.0000,0,stuck_too_long
4552,101,-524.58,0.00,10.10,0.0000,0.0000,0,stuck_too_long
4553,101,-524.53,0.00,10.10,0.0000,0.0000,0,stuck_too_long
4554,101,-524.48,0.00,10.10,0.0000,0.0000,0,stuck_too_long
4555,101,-524.77,0.00,10.10,0.0000,0.0000,0,stuck_too_long
4556,101,-523.35,0.00,10.10,0.0000,0.0000,0,stuck_too_long
4557,101,-524.80,0.00,10.10,0.0000,0.0000,0,stuck_too_long
4558,101,-524.15,0.00,10.10,0.0000,0.0000,0,stuck_too_long
4559,101,-524.49,0.00,10.10,0.0000,0.0000,0,stuck_too_long
4560,101,-526.06,0.00,10.10,0.0000,0.0000,0,stuck_too_long
4561,101,-525.31,0.00,10.10,0.0000,0.0000,0,stuck_too_long
4562,101,-524.79,0.00,10.10,0.0000,0.0000,0,stuck_too_long
4563,101,-524.13,0.00,10.10,0.0000,0.0000,0,stuck_too_long
3201,101,-524.74,0.00,10.10,0.0000,0.0000,0,stuck_too_long
3202,101,-524.93,0.00,10.10,0.0000,0.0000,0,stuck_too_long
3203,101,-524.49,0.00,10.10,0.0000,0.0000,0,stuck_too_long
3204,101,-523.63,0.00,10.10,0.0000,0.0000,0,stuck_too_long
3205,101,-525.14,0.00,10.10,0.0000,0.0000,0,stuck_too_long
3206,101,-525.49,0.00,10.10,0.0000,0.0000,0,stuck_too_long
3207,101,-525.16,0.00,10.10,0.0000,0.0000,0,stuck_too_long
3208,101,-524.73,0.00,10.10,0.0000,0.0000,0,stuck_too_long
3209,101,-524.53,0.00,10.10,0.0000,0.0000,0,stuck_too_long
3210,101,-525.75,0.00,10.10,0.0000,0.0000,0,stuck_too_long
4564,101,-524.71,0.00,10.10,0.0000,0.0000,0,stuck_too_long
4565,101,-523.87,0.00,10.10,0.0000,0.0000,0,stuck_too_long
4566,101,-525.37,0.00,10.10,0.0000,0.0000,0,stuck_too_long
4567,101,-525.33,0.00,10.10,0.0000,0.0000,0,stuck_too_long
4568,101,-525.67,0.00,10.10,0.0000,0.0000,0,stuck_too_long
4569,101,-525.47,0.00,10.10,0.0000,0.0000,0,stuck_too_long
4570,101,-524.44,0.00,10.10,0.0000,0.0000,0,stuck_too_long
4571,101,-524.37,0.00,10.10,0.0000,0.0000,0,stuck_too_long
4572,101,-525.22,0.00,10.10,0.0000,0.0000,0,stuck_too_long
4573,101,-525.72,0.00,10.10,0.0000,0.0000,0,stuck_too_long
4574,101,-524.59,0.00,10.10,0.0000,0.0000,0,stuck_too_long
4575,101,-525.59,0.00,10.10,0.0000,0.0000,0,stuck_too_long
4576,101,-523.94,0.00,10.10,0.0000,0.0000,0,stuck_too_long
4577,101,-523.22,0.00,10.10,0.0000,0.0000,0,stuck_too_long
4578,101,-524.42,0.00,10.10,0.0000,0.0000,0,stuck_too_long
4579,101,-524.75,0.00,10.10,0.0000,0.0000,0,stuck_too_long
4580,101,-525.02,0.00,10.10,0.0000,0.0000,0,stuck_too_long
4581,101,-525.56,0.00,10.10,0.0000,0.0000,0,stuck_too_long
4582,101,-525.61,0.00,10.10,0.0000,0.0000,0,stuck_too_long
4583,101,-527.06,0.00,10.10,0.0000,0.0000,0,stuck_too_long
4584,101,-525.70,0.00,10.10,0.0000,0.0000,0,stuck_too_long
3211,101,-524.26,0.00,10.10,0.0000,0.0000,0,stuck_too_long
3212,101,-524.67,0.00,10.10,0.0000,0.0000,0,stuck_too_long
3213,101,-524.15,0.00,10.10,0.0000,0.0000,0,stuck_too_long
3214,101,-523.78,0.00,10.10,0.0000,0.0000,0,stuck_too_long
3215,101,-525.36,0.00,10.10,0.0000,0.0000,0,stuck_too_long
3216,101,-525.28,0.00,10.10,0.0000,0.0000,0,stuck_too_long
3217,101,-524.73,0.00,10.10,0.0000,0.0000,0,stuck_too_long
3218,101,-525.19,0.00,10.10,0.0000,0.0000,0,stuck_too_long
3219,101,-525.18,0.00,10.10,0.0000,0.0000,0,stuck_too_long
3220,101,-524.67,0.00,10.10,0.0000,0.0000,0,stuck_too_long
4585,101,-525.00,0.00,10.10,0.0000,0.0000,0,stuck_too_long
4586,101,-524.58,0.00,10.10,0.0000,0.0000,0,stuck_too_long
4587,101,-526.29,0.00,10.10,0.0000,0.0000,0,stuck_too_long
4588,101,-525.58,0.00,10.10,0.0000,0.0000,0,stuck_too_long
4589,101,-523.34,0.00,10.10,0.0000,0.0000,0,stuck_too_long
4590,101,-525.16,0.00,10.10,0.0000,0.0000,0,stuck_too_long
4591,101,-523.24,0.00,10.10,0.0000,0.0000,0,stuck_too_long
4592,101,-523.21,0.00,10.10,0.0000,0.0000,0,stuck_too_long
4593,101,-525.37,0.00,10.10,0.0000,0.0000,0,stuck_too_long
4594,101,-524.03,0.00,10.10,0.0000,0.0000,0,stuck_too_long
4595,101,-524.76,0.00,10.10,0.0000,0.0000,0,stuck_too_long
4596,101,-524.98,0.00,10.10,0.0000,0.0000,0,stuck_too_long
4597,101,-523.63,0.00,10.10,0.0000,0.0000,0,stuck_too_long
4598,101,-525.82,0.00,10.10,0.0000,0.0000,0,stuck_too_long
4599,101,-525.56,0.00,10.10,0.0000,0.0000,0,stuck_too_long
4600,101,-523.48,0.00,10.10,0.0000,0.0000,0,stuck_too_long
4601,101,-524.87,0.00,10.10,0.0000,0.0000,0,stuck_too_long
4602,101,-524.34,0.00,10.10,0.0000,0.0000,0,stuck_too_long
4603,101,-525.77,0.00,10.10,0.0000,0.0000,0,stuck_too_long
4604,101,-525.72,0.00,10.10,0.0000,0.0000,0,stuck_too_long
3221,101,-525.60,0.00,10.10,0.0000,0.0000,0,stuck_too_long
3222,101,-526.33,0.00,10.10,0.0000,0.0000,0,stuck_too_long
3223,101,-525.17,0.00,10.10,0.0000,0.0000,0,stuck_too_long
3224,101,-524.64,0.00,10.10,0.0000,0.0000,0,stuck_too_long
3225,101,-522.79,0.00,10.10,0.0000,0.0000,0,stuck_too_long
3226,101,-525.63,0.00,10.10,0.0000,0.0000,0,stuck_too_long
3227,101,-525.01,0.00,10.10,0.0000,0.0000,0,stuck_too_long
3228,101,-523.16,0.00,10.10,0.0000,0.0000,0,stuck_too_long
3229,101,-524.21,0.00,10.10,0.0000,0.0000,0,stuck_too_long
3230,101,-524.05,0.00,10.10,0.0000,0.0000,0,stuck_too_long
4605,101,-523.93,0.00,10.10,0.0000,0.0000,0,stuck_too_long
4606,101,-525.22,0.00,10.10,0.0000,0.0000,0,stuck_too_long
4607,101,-524.97,0.00,10.10,0.0000,0.0000,0,stuck_too_long
4608,101,-524.74,0.00,10.10,0.0000,0.0000,0,stuck_too_long
4609,101,-525.95,0.00,10.10,0.0000,0.0000,0,stuck_too_long
4610,101,-525.79,0.00,10.10,0.0000,0.0000,0,stuck_too_long
4611,101,-524.76,0.00,10.10,0.0000,0.0000,0,stuck_too_long
4612,101,-523.83,0.00,10.10,0.0000,0.0000,0,stuck_too_long
4613,101,-525.05,0.00,10.10,0.0000,0.0000,0,stuck_too_long
4614,101,-524.01,0.00,10.10,0.0000,0.0000,0,stuck_too_long
4615,101,-525.12,0.00,10.10,0.0000,0.0000,0,stuck_too_long
4616,101,-524.93,0.00,10.10,0.0000,0.0000,0,stuck_too_long
4617,101,-523.68,0.00,10.10,0.0000,0.0000,0,stuck_too_long
4618,101,-525.01,0.00,10.10,0.0000,0.0000,0,stuck_too_long
4619,101,-524.91,0.00,10.10,0.0000,0.0000,0,stuck_too_long
4620,101,-526.26,0.00,10.10,0.0000,0.0000,0,stuck_too_long
4621,101,-523.79,0.00,10.10,0.0000,0.0000,0,stuck_too_long
4622,101,-523.73,0.00,10.10,0.0000,0.0000,0,stuck_too_long
4623,101,-526.59,0.00,10.10,0.0000,0.0000,0,stuck_too_long
4624,101,-525.16,0.00,10.10,0.0000,0.0000,0,stuck_too_long
3231,101,-525.10,0.00,10.10,0.0000,0.0000,0,stuck_too_long
3232,101,-524.28,0.00,10.10,0.0000,0.0000,0,stuck_too_long
3233,101,-525.16,0.00,10.10,0.0000,0.0000,0,stuck_too_long
3234,101,-526.38,0.00,10.10,0.0000,0.0000,0,stuck_too_long
3235,101,-525.27,0.00,10.10,0.0000,0.0000,0,stuck_too_long
3236,101,-523.33,0.00,10.10,0.0000,0.0000,0,stuck_too_long
3237,101,-523.78,0.00,10.10,0.0000,0.0000,0,stuck_too_long
3238,101,-525.89,0.00,10.10,0.0000,0.0000,0,stuck_too_long
3239,101,-521.71,0.00,10.10,0.0000,0.0000,0,stuck_too_long
3240,101,-525.62,0.00,10.10,0.0000,0.0000,0,stuck_too_long
4625,101,-523.85,0.00,10.10,0.0000,0.0000,0,stuck_too_long
4626,101,-525.09,0.00,10.10,0.0000,0.0000,0,stuck_too_long
4627,101,-526.29,0.00,10.10,0.0000,0.0000,0,stuck_too_long
4628,101,-525.01,0.00,10.10,0.0000,0.0000,0,stuck_too_long
4629,101,-525.02,0.00,10.10,0.0000,0.0000,0,stuck_too_long
4630,101,-525.51,0.00,10.10,0.0000,0.0000,0,stuck_too_long
4631,101,-526.37,0.00,10.10,0.0000,0.0000,0,stuck_too_long
4632,101,-525.34,0.00,10.10,0.0000,0.0000,0,stuck_too_long
4633,101,-523.85,0.00,10.10,0.0000,0.0000,0,stuck_too_long
4634,101,-525.67,0.00,10.10,0.0000,0.0000,0,stuck_too_long
4635,101,-524.53,0.00,10.10,0.0000,0.0000,0,stuck_too_long
4636,101,-524.69,0.00,10.10,0.0000,0.0000,0,stuck_too_long
4637,101,-526.86,0.00,10.10,0.0000,0.0000,0,stuck_too_long
4638,101,-525.06,0.00,10.10,0.0000,0.0000,0,stuck_too_long
4639,101,-525.09,0.00,10.10,0.0000,0.0000,0,stuck_too_long
4640,101,-524.28,0.00,10.10,0.0000,0.0000,0,stuck_too_long
4641,101,-525.37,0.00,10.10,0.0000,0.0000,0,stuck_too_long
4642,101,-525.31,0.00,10.10,0.0000,0.0000,0,stuck_too_long
4643,101,-526.36,0.00,10.10,0.0000,0.0000,0,stuck_too_long
4644,101,-524.99,0.00,10.10,0.0000,0.0000,0,stuck_too_long
3241,101,-524.03,0.00,10.10,0.0000,0.0000,0,stuck_too_long
3242,101,-524.96,0.00,10.10,0.0000,0.0000,0,stuck_too_long
3243,101,-523.28,0.00,10.10,0.0000,0.0000,0,stuck_too_long
3244,101,-524.06,0.00,10.10,0.0000,0.0000,0,stuck_too_long
3245,101,-526.82,0.00,10.10,0.0000,0.0000,0,stuck_too_long
3246,101,-525.20,0.00,10.10,0.0000,0.0000,0,stuck_too_long
3247,101,-525.12,0.00,10.10,0.0000,0.0000,0,stuck_too_long
3248,101,-524.33,0.00,10.10,0.0000,0.0000,0,stuck_too_long
3249,101,-524.23,0.00,10.10,0.0000,0.0000,0,stuck_too_long
3250,101,-526.49,0.00,10.10,0.0000,0.0000,0,stuck_too_long
4645,101,-525.51,0.00,10.10,0.0000,0.0000,0,stuck_too_long
4646,101,-525.35,0.00,10.10,0.0000,0.0000,0,stuck_too_long
4647,101,-526.23,0.00,10.10,0.0000,0.0000,0,stuck_too_long
4648,101,-526.54,0.00,10.10,0.0000,0.0000,0,stuck_too_long
4649,101,-525.10,0.00,10.10,0.0000,0.0000,0,stuck_too_long
4650,101,-524.39,0.00,10.10,0.0000,0.0000,0,stuck_too_long
4651,101,-523.75,0.00,10.10,0.0000,0.0000,0,stuck_too_long
4652,101,-524.86,0.00,10.10,0.0000,0.0000,0,stuck_too_long
4653,101,-523.82,0.00,10.10,0.0000,0.0000,0,stuck_too_long
4654,101,-525.24,0.00,10.10,0.0000,0.0000,0,stuck_too_long
4655,101,-525.38,0.00,10.10,0.0000,0.0000,0,stuck_too_long
4656,101,-526.26,0.00,10.10,0.0000,0.0000,0,stuck_too_long
4657,101,-525.56,0.00,10.10,0.0000,0.0000,0,stuck_too_long
4658,101,-525.67,0.00,10.10,0.0000,0.0000,0,stuck_too_long
4659,101,-524.43,0.00,10.10,0.0000,0.0000,0,stuck_too_long
4660,101,-524.87,0.00,10.10,0.0000,0.0000,0,stuck_too_long
4661,101,-525.59,0.00,10.10,0.0000,0.0000,0,stuck_too_long
4662,101,-524.36,0.00,10.10,0.0000,0.0000,0,stuck_too_long
4663,101,-524.89,0.00,10.10,0.0000,0.0000,0,stuck_too_long
4664,101,-523.38,0.00,10.10,0.0000,0.0000,0,stuck_too_long
4665,101,-524.26,0.00,10.10,0.0000,0.0000,0,stuck_too_long
3251,101,-524.03,0.00,10.10,0.0000,0.0000,0,stuck_too_long
3252,101,-525.35,0.00,10.10,0.0000,0.0000,0,stuck_too_long
3253,101,-523.34,0.00,10.10,0.0000,0.0000,0,stuck_too_long
3254,101,-524.95,0.00,10.10,0.0000,0.0000,0,stuck_too_long
3255,101,-525.75,0.00,10.10,0.0000,0.0000,0,stuck_too_long
3256,101,-524.32,0.00,10.10,0.0000,0.0000,0,stuck_too_long
3257,101,-525.43,0.00,10.10,0.0000,0.0000,0,stuck_too_long
3258,101,-526.19,0.00,10.10,0.0000,0.0000,0,stuck_too_long
3259,101,-525.40,0.00,10.10,0.0000,0.0000,0,stuck_too_long
3260,101,-523.40,0.00,10.10,0.0000,0.0000,0,stuck_too_long
4666,101,-524.19,0.00,10.10,0.0000,0.0000,0,stuck_too_long
4667,101,-525.42,0.00,10.10,0.0000,0.0000,0,stuck_too_long
4668,101,-524.17,0.00,10.10,0.0000,0.0000,0,stuck_too_long
4669,101,-525.02,0.00,10.10,0.0000,0.0000,0,stuck_too_long
4670,101,-523.52,0.00,10.10,0.0000,0.0000,0,stuck_too_long
4671,101,-524.91,0.00,10.10,0.0000,0.0000,0,stuck_too_long
4672,101,-525.52,0.00,10.10,0.0000,0.0000,0,stuck_too_long
4673,101,-526.51,0.00,10.10,0.0000,0.0000,0,stuck_too_long
4674,101,-524.95,0.00,10.10,0.0000,0.0000,0,stuck_too_long
4675,101,-524.43,0.00,10.10,0.0000,0.0000,0,stuck_too_long
4676,101,-525.16,0.00,10.10,0.0000,0.0000,0,stuck_too_long
4677,101,-525.41,0.00,10.10,0.0000,0.0000,0,stuck_too_long
4678,101,-523.08,0.00,10.10,0.0000,0.0000,0,stuck_too_long
4679,101,-525.28,0.00,10.10,0.0000,0.0000,0,stuck_too_long
4680,101,-524.59,0.00,10.10,0.0000,0.0000,0,stuck_too_long
4681,101,-524.09,0.00,10.10,0.0000,0.0000,0,stuck_too_long
4682,101,-525.15,0.00,10.10,0.0000,0.0000,0,stuck_too_long
4683,101,-524.19,0.00,10.10,0.0000,0.0000,0,stuck_too_long
4684,101,-524.86,0.00,10.10,0.0000,0.0000,0,stuck_too_long
4685,101,-525.54,0.00,10.10,0.0000,0.0000,0,stuck_too_long
3261,101,-527.35,0.00,10.10,0.0000,0.0000,0,stuck_too_long
3262,101,-524.66,0.00,10.10,0.0000,0.0000,0,stuck_too_long
3263,101,-524.80,0.00,10.10,0.0000,0.0000,0,stuck_too_long
3264,101,-524.98,0.00,10.10,0.0000,0.0000,0,stuck_too_long
3265,101,-524.36,0.00,10.10,0.0000,0.0000,0,stuck_too_long
3266,101,-524.58,0.00,10.10,0.0000,0.0000,0,stuck_too_long
3267,101,-526.51,0.00,10.10,0.0000,0.0000,0,stuck_too_long
3268,101,-523.76,0.00,10.10,0.0000,0.0000,0,stuck_too_long
3269,101,-524.74,0.00,10.10,0.0000,0.0000,0,stuck_too_long
3270,101,-524.78,0.00,10.10,0.0000,0.0000,0,stuck_too_long
4686,101,-523.82,0.00,10.10,0.0000,0.0000,0,stuck_too_long
4687,101,-524.93,0.00,10.10,0.0000,0.0000,0,stuck_too_long
4688,101,-525.41,0.00,10.10,0.0000,0.0000,0,stuck_too_long
4689,101,-525.56,0.00,10.10,0.0000,0.0000,0,stuck_too_long
4690,101,-525.64,0.00,10.10,0.0000,0.0000,0,stuck_too_long
4691,101,-524.63,0.00,10.10,0.0000,0.0000,0,stuck_too_long
4692,101,-524.49,0.00,10.10,0.0000,0.0000,0,stuck_too_long
4693,101,-523.34,0.00,10.10,0.0000,0.0000,0,stuck_too_long
4694,101,-525.63,0.00,10.10,0.0000,0.0000,0,stuck_too_long
4695,101,-525.55,0.00,10.10,0.0000,0.0000,0,stuck_too_long
4696,101,-523.87,0.00,10.10,0.0000,0.0000,0,stuck_too_long
4697,101,-524.59,0.00,10.10,0.0000,0.0000,0,stuck_too_long
4698,101,-524.31,0.00,10.10,0.0000,0.0000,0,stuck_too_long
4699,101,-524.20,0.00,10.10,0.0000,0.0000,0,stuck_too_long
4700,101,-525.55,0.00,10.10,0.0000,0.0000,0,stuck_too_long
4701,101,-524.89,0.00,10.10,0.0000,0.0000,0,stuck_too_long
4702,101,-524.37,0.00,10.10,0.0000,0.0000,0,stuck_too_long
4703,101,-524.38,0.00,10.10,0.0000,0.0000,0,stuck_too_long
4704,101,-525.55,0.00,10.10,0.0000,0.0000,0,stuck_too_long
4705,101,-525.27,0.00,10.10,0.0000,0.0000,0,stuck_too_long
3271,101,-524.09,0.00,10.10,0.0000,0.0000,0,stuck_too_long
3272,101,-524.23,0.00,10.10,0.0000,0.0000,0,stuck_too_long
3273,101,-524.20,0.00,10.10,0.0000,0.0000,0,stuck_too_long
3274,101,-525.22,0.00,10.10,0.0000,0.0000,0,stuck_too_long
3275,101,-523.85,0.00,10.10,0.0000,0.0000,0,stuck_too_long
3276,101,-524.58,0.00,10.10,0.0000,0.0000,0,stuck_too_long
3277,101,-524.86,0.00,10.10,0.0000,0.0000,0,stuck_too_long
3278,101,-525.57,0.00,10.10,0.0000,0.0000,0,stuck_too_long
3279,101,-526.00,0.00,10.10,0.0000,0.0000,0,stuck_too_long
3280,101,-524.82,0.00,10.10,0.0000,0.0000,0,stuck_too_long
4706,101,-523.89,0.00,10.10,0.0000,0.0000,0,stuck_too_long
4707,101,-525.07,0.00,10.10,0.0000,0.0000,0,stuck_too_long
4708,101,-524.05,0.00,10.10,0.0000,0.0000,0,stuck_too_long
4709,101,-525.96,0.00,10.10,0.0000,0.0000,0,stuck_too_long
4710,101,-526.66,0.00,10.10,0.0000,0.0000,0,stuck_too_long
4711,101,-525.27,0.00,10.10,0.0000,0.0000,0,stuck_too_long
4712,101,-526.32,0.00,10.10,0.0000,0.0000,0,stuck_too_long
4713,101,-525.29,0.00,10.10,0.0000,0.0000,0,stuck_too_long
4714,101,-526.33,0.00,10.10,0.0000,0.0000,0,stuck_too_long
4715,101,-524.30,0.00,10.10,0.0000,0.0000,0,stuck_too_long
4716,101,-526.27,0.00,10.10,0.0000,0.0000,0,stuck_too_long
4717,101,-525.18,0.00,10.10,0.0000,0.0000,0,stuck_too_long
4718,101,-525.03,0.00,10.10,0.0000,0.0000,0,stuck_too_long
4719,101,-524.25,0.00,10.10,0.0000,0.0000,0,stuck_too_long
4720,101,-524.27,0.00,10.10,0.0000,0.0000,0,stuck_too_long
4721,101,-525.77,0.00,10.10,0.0000,0.0000,0,stuck_too_long
4722,101,-524.83,0.00,10.10,0.0000,0.0000,0,stuck_too_long
4723,101,-523.99,0.00,10.10,0.0000,0.0000,0,stuck_too_long
4724,101,-525.84,0.00,10.10,0.0000,0.0000,0,stuck_too_long
4725,101,-525.57,0.00,10.10,0.0000,0.0000,0,stuck_too_long
4726,101,-525.49,0.00,10.10,0.0000,0.0000,0,stuck_too_long
3281,101,-523.87,0.00,10.10,0.0000,0.0000,0,stuck_too_long
3282,101,-523.78,0.00,10.10,0.0000,0.0000,0,stuck_too_long
3283,101,-525.50,0.00,10.10,0.0000,0.0000,0,stuck_too_long
3284,101,-524.45,0.00,10.10,0.0000,0.0000,0,stuck_too_long
3285,101,-524.79,0.00,10.10,0.0000,0.0000,0,stuck_too_long
3286,101,-523.76,0.00,10.10,0.0000,0.0000,0,stuck_too_long
3287,101,-525.13,0.00,10.10,0.0000,0.0000,0,stuck_too_long
3288,101,-526.15,0.00,10.10,0.0000,0.0000,0,stuck_too_long
3289,101,-525.19,0.00,10.10,0.0000,0.0000,0,stuck_too_long
3290,101,-524.04,0.00,10.10,0.0000,0.0000,0,stuck_too_long
4727,101,-525.44,0.00,10.10,0.0000,0.0000,0,stuck_too_long
4728,101,-525.11,0.00,10.10,0.0000,0.0000,0,stuck_too_long
4729,101,-525.13,0.00,10.10,0.0000,0.0000,0,stuck_too_long
4730,101,-524.01,0.00,10.10,0.0000,0.0000,0,stuck_too_long
4731,101,-526.58,0.00,10.10,0.0000,0.0000,0,stuck_too_long
4732,101,-524.87,0.00,10.10,0.0000,0.0000,0,stuck_too_long
4733,101,-525.22,0.00,10.10,0.0000,0.0000,0,stuck_too_long
4734,101,-524.73,0.00,10.10,0.0000,0.0000,0,stuck_too_long
4735,101,-524.59,0.00,10.10,0.0000,0.0000,0,stuck_too_long
4736,101,-526.44,0.00,10.10,0.0000,0.0000,0,stuck_too_long
4737,101,-523.81,0.00,10.10,0.0000,0.0000,0,stuck_too_long
4738,101,-525.61,0.00,10.10,0.0000,0.0000,0,stuck_too_long
4739,101,-526.19,0.00,10.10,0.0000,0.0000,0,stuck_too_long
4740,101,-523.81,0.00,10.10,0.0000,0.0000,0,stuck_too_long
4741,101,-525.27,0.00,10.10,0.0000,0.0000,0,stuck_too_long
4742,101,-526.13,0.00,10.10,0.0000,0.0000,0,stuck_too_long
4743,101,-525.70,0.00,10.10,0.0000,0.0000,0,stuck_too_long
4744,101,-526.35,0.00,10.10,0.0000,0.0000,0,stuck_too_long
4745,101,-526.01,0.00,10.10,0.0000,0.0000,0,stuck_too_long
4746,101,-527.76,0.00,10.10,0.0000,0.0000,0,stuck_too_long
3291,101,-523.34,0.00,10.10,0.0000,0.0000,0,stuck_too_long
3292,101,-524.61,0.00,10.10,0.0000,0.0000,0,stuck_too_long
3293,101,-523.81,0.00,10.10,0.0000,0.0000,0,stuck_too_long
3294,101,-525.03,0.00,10.10,0.0000,0.0000,0,stuck_too_long
3295,101,-525.72,0.00,10.10,0.0000,0.0000,0,stuck_too_long
3296,101,-524.21,0.00,10.10,0.0000,0.0000,0,stuck_too_long
3297,101,-526.07,0.00,10.10,0.0000,0.0000,0,stuck_too_long
3298,101,-525.39,0.00,10.10,0.0000,0.0000,0,stuck_too_long
3299,101,-525.37,0.00,10.10,0.0000,0.0000,0,stuck_too_long
3300,101,-525.02,0.00,10.10,0.0000,0.0000,0,stuck_too_long
4747,101,-524.41,0.00,10.10,0.0000,0.0000,0,stuck_too_long
4748,101,-524.31,0.00,10.10,0.0000,0.0000,0,stuck_too_long
4749,101,-524.86,0.00,10.10,0.0000,0.0000,0,stuck_too_long
4750,101,-524.96,0.00,10.10,0.0000,0.0000,0,stuck_too_long
4751,101,-525.19,0.00,10.10,0.0000,0.0000,0,stuck_too_long
4752,101,-524.63,0.00,10.10,0.0000,0.0000,0,stuck_too_long
4753,101,-524.23,0.00,10.10,0.0000,0.0000,0,stuck_too_long
4754,101,-526.14,0.00,10.10,0.0000,0.0000,0,stuck_too_long
4755,101,-524.45,0.00,10.10,0.0000,0.0000,0,stuck_too_long
4756,101,-524.57,0.00,10.10,0.0000,0.0000,0,stuck_too_long
4757,101,-526.06,0.00,10.10,0.0000,0.0000,0,stuck_too_long
4758,101,-525.03,0.00,10.10,0.0000,0.0000,0,stuck_too_long
4759,101,-524.95,0.00,10.10,0.0000,0.0000,0,stuck_too_long
4760,101,-525.36,0.00,10.10,0.0000,0.0000,0,stuck_too_long
4761,101,-524.38,0.00,10.10,0.0000,0.0000,0,stuck_too_long
4762,101,-525.48,0.00,10.10,0.0000,0.0000,0,stuck_too_long
4763,101,-524.79,0.00,10.10,0.0000,0.0000,0,stuck_too_long
4764,101,-524.23,0.00,10.10,0.0000,0.0000,0,stuck_too_long
4765,101,-525.21,0.00,10.10,0.0000,0.0000,0,stuck_too_long
4766,101,-524.51,0.00,10.10,0.0000,0.0000,0,stuck_too_long
3301,101,-525.99,0.00,10.10,0.0000,0.0000,0,stuck_too_long
3302,101,-524.30,0.00,10.10,0.0000,0.0000,0,stuck_too_long
3303,101,-524.22,0.00,10.10,0.0000,0.0000,0,stuck_too_long
3304,101,-524.97,0.00,10.10,0.0000,0.0000,0,stuck_too_long
3305,101,-526.39,0.00,10.10,0.0000,0.0000,0,stuck_too_long
3306,101,-524.72,0.00,10.10,0.0000,0.0000,0,stuck_too_long
3307,101,-526.18,0.00,10.10,0.0000,0.0000,0,stuck_too_long
3308,101,-525.57,0.00,10.10,0.0000,0.0000,0,stuck_too_long
3309,101,-526.42,0.00,10.10,0.0000,0.0000,0,stuck_too_long
3310,101,-524.01,0.00,10.10,0.0000,0.0000,0,stuck_too_long
4767,101,-524.38,0.00,10.10,0.0000,0.0000,0,stuck_too_long
4768,101,-524.57,0.00,10.10,0.0000,0.0000,0,stuck_too_long
4769,101,-526.21,0.00,10.10,0.0000,0.0000,0,stuck_too_long
4770,101,-525.34,0.00,10.10,0.0000,0.0000,0,stuck_too_long
4771,101,-524.74,0.00,10.10,0.0000,0.0000,0,stuck_too_long
4772,101,-524.73,0.00,10.10,0.0000,0.0000,0,stuck_too_long
4773,101,-526.51,0.00,10.10,0.0000,0.0000,0,stuck_too_long
4774,101,-525.07,0.00,10.10,0.0000,0.0000,0,stuck_too_long
4775,101,-523.80,0.00,10.10,0.0000,0.0000,0,stuck_too_long
4776,101,-525.42,0.00,10.10,0.0000,0.0000,0,stuck_too_long
4777,101,-524.06,0.00,10.10,0.0000,0.0000,0,stuck_too_long
4778,101,-526.52,0.00,10.10,0.0000,0.0000,0,stuck_too_long
4779,101,-525.45,0.00,10.10,0.0000,0.0000,0,stuck_too_long
4780,101,-525.94,0.00,10.10,0.0000,0.0000,0,stuck_too_long
4781,101,-525.80,0.00,10.10,0.0000,0.0000,0,stuck_too_long
4782,101,-525.72,0.00,10.10,0.0000,0.0000,0,stuck_too_long
4783,101,-526.31,0.00,10.10,0.0000,0.0000,0,stuck_too_long
4784,101,-525.58,0.00,10.10,0.0000,0.0000,0,stuck_too_long
4785,101,-525.67,0.00,10.10,0.0000,0.0000,0,stuck_too_long
4786,101,-525.75,0.00,10.10,0.0000,0.0000,0,stuck_too_long
3311,101,-524.68,0.00,10.10,0.0000,0.0000,0,stuck_too_long
3312,101,-524.34,0.00,10.10,0.0000,0.0000,0,stuck_too_long
3313,101,-525.19,0.00,10.10,0.0000,0.0000,0,stuck_too_long
3314,101,-523.78,0.00,10.10,0.0000,0.0000,0,stuck_too_long
3315,101,-524.59,0.00,10.10,0.0000,0.0000,0,stuck_too_long
3316,101,-524.17,0.00,10.10,0.0000,0.0000,0,stuck_too_long
3317,101,-525.79,0.00,10.10,0.0000,0.0000,0,stuck_too_long
3318,101,-525.08,0.00,10.10,0.0000,0.0000,0,stuck_too_long
3319,101,-525.11,0.00,10.10,0.0000,0.0000,0,stuck_too_long
3320,101,-522.67,0.00,10.10,0.0000,0.0000,0,stuck_too_long
4787,101,-524.85,0.00,10.10,0.0000,0.0000,0,stuck_too_long
4788,101,-523.40,0.00,10.10,0.0000,0.0000,0,stuck_too_long
4789,101,-525.47,0.00,10.10,0.0000,0.0000,0,stuck_too_long
4790,101,-524.10,0.00,10.10,0.0000,0.0000,0,stuck_too_long
4791,101,-525.43,0.00,10.10,0.0000,0.0000,0,stuck_too_long
4792,101,-525.28,0.00,10.10,0.0000,0.0000,0,stuck_too_long
4793,101,-525.46,0.00,10.10,0.0000,0.0000,0,stuck_too_long
4794,101,-525.51,0.00,10.10,0.0000,0.0000,0,stuck_too_long
4795,101,-524.52,0.00,10.10,0.0000,0.0000,0,stuck_too_long
4796,101,-525.94,0.00,10.10,0.0000,0.0000,0,stuck_too_long
4797,101,-525.89,0.00,10.10,0.0000,0.0000,0,stuck_too_long
4798,101,-525.09,0.00,10.10,0.0000,0.0000,0,stuck_too_long
4799,101,-526.43,0.00,10.10,0.0000,0.0000,0,stuck_too_long
4800,101,-524.23,0.00,10.10,0.0000,0.0000,0,stuck_too_long
4801,101,-525.24,0.00,10.10,0.0000,0.0000,0,stuck_too_long
4802,101,-526.66,0.00,10.10,0.0000,0.0000,0,stuck_too_long
4803,101,-524.52,0.00,10.10,0.0000,0.0000,0,stuck_too_long
4804,101,-527.34,0.00,10.10,0.0000,0.0000,0,stuck_too_long
4805,101,-524.85,0.00,10.10,0.0000,0.0000,0,stuck_too_long
4806,101,-525.71,0.00,10.10,0.0000,0.0000,0,stuck_too_long
4807,101,-524.67,0.00,10.10,0.0000,0.0000,0,stuck_too_long
3321,101,-524.29,0.00,10.10,0.0000,0.0000,0,stuck_too_long
3322,101,-525.36,0.00,10.10,0.0000,0.0000,0,stuck_too_long
3323,101,-524.10,0.00,10.10,0.0000,0.0000,0,stuck_too_long
3324,101,-526.43,0.00,10.10,0.0000,0.0000,0,stuck_too_long
3325,101,-526.95,0.00,10.10,0.0000,0.0000,0,stuck_too_long
3326,101,-526.72,0.00,10.10,0.0000,0.0000,0,stuck_too_long
3327,101,-524.20,0.00,10.10,0.0000,0.0000,0,stuck_too_long
3328,101,-523.02,0.00,10.10,0.0000,0.0000,0,stuck_too_long
3329,101,-524.90,0.00,10.10,0.0000,0.0000,0,stuck_too_long
3330,101,-526.45,0.00,10.10,0.0000,0.0000,0,stuck_too_long
4808,101,-526.92,0.00,10.10,0.0000,0.0000,0,stuck_too_long
4809,101,-527.01,0.00,10.10,0.0000,0.0000,0,stuck_too_long
4810,101,-524.67,0.00,10.10,0.0000,0.0000,0,stuck_too_long
4811,101,-523.74,0.00,10.10,0.0000,0.0000,0,stuck_too_long
4812,101,-525.01,0.00,10.10,0.0000,0.0000,0,stuck_too_long
4813,101,-525.38,0.00,10.10,0.0000,0.0000,0,stuck_too_long
4814,101,-525.55,0.00,10.10,0.0000,0.0000,0,stuck_too_long
4815,101,-526.14,0.00,10.10,0.0000,0.0000,0,stuck_too_long
4816,101,-525.30,0.00,10.10,0.0000,0.0000,0,stuck_too_long
4817,101,-525.52,0.00,10.10,0.0000,0.0000,0,stuck_too_long
4818,101,-526.80,0.00,10.10,0.0000,0.0000,0,stuck_too_long
4819,101,-524.18,0.00,10.10,0.0000,0.0000,0,stuck_too_long
4820,101,-524.62,0.00,10.10,0.0000,0.0000,0,stuck_too_long
4821,101,-525.60,0.00,10.10,0.0000,0.0000,0,stuck_too_long
4822,101,-524.32,0.00,10.10,0.0000,0.0000,0,stuck_too_long
4823,101,-526.64,0.00,10.10,0.0000,0.0000,0,stuck_too_long
4824,101,-525.60,0.00,10.10,0.0000,0.0000,0,stuck_too_long
4825,101,-523.40,0.00,10.10,0.0000,0.0000,0,stuck_too_long
4826,101,-525.26,0.00,10.10,0.0000,0.0000,0,stuck_too_long
4827,101,-524.14,0.00,10.10,0.0000,0.0000,0,stuck_too_long
3331,101,-526.62,0.00,10.10,0.0000,0.0000,0,stuck_too_long
3332,101,-525.97,0.00,10.10,0.0000,0.0000,0,stuck_too_long
3333,101,-523.88,0.00,10.10,0.0000,0.0000,0,stuck_too_long
3334,101,-524.50,0.00,10.10,0.0000,0.0000,0,stuck_too_long
3335,101,-525.45,0.00,10.10,0.0000,0.0000,0,stuck_too_long
3336,101,-523.32,0.00,10.10,0.0000,0.0000,0,stuck_too_long
3337,101,-525.27,0.00,10.10,0.0000,0.0000,0,stuck_too_long
3338,101,-525.22,0.00,10.10,0.0000,0.0000,0,stuck_too_long
3339,101,-526.03,0.00,10.10,0.0000,0.0000,0,stuck_too_long
3340,101,-523.74,0.00,10.10,0.0000,0.0000,0,stuck_too_long
4828,101,-525.75,0.00,10.10,0.0000,0.0000,0,stuck_too_long
4829,101,-524.77,0.00,10.10,0.0000,0.0000,0,stuck_too_long
4830,101,-523.79,0.00,10.10,0.0000,0.0000,0,stuck_too_long
4831,101,-525.15,0.00,10.10,0.0000,0.0000,0,stuck_too_long
4832,101,-523.97,0.00,10.10,0.0000,0.0000,0,stuck_too_long
4833,101,-524.96,0.00,10.10,0.0000,0.0000,0,stuck_too_long
4834,101,-525.25,0.00,10.10,0.0000,0.0000,0,stuck_too_long
4835,101,-528.23,0.00,10.10,0.0000,0.0000,0,stuck_too_long
4836,101,-524.94,0.00,10.10,0.0000,0.0000,0,stuck_too_long
4837,101,-526.73,0.00,10.10,0.0000,0.0000,0,stuck_too_long
4838,101,-527.67,0.00,10.10,0.0000,0.0000,0,stuck_too_long
4839,101,-525.15,0.00,10.10,0.0000,0.0000,0,stuck_too_long
4840,101,-528.05,0.00,10.10,0.0000,0.0000,0,stuck_too_long
4841,101,-524.27,0.00,10.10,0.0000,0.0000,0,stuck_too_long
4842,101,-525.39,0.00,10.10,0.0000,0.0000,0,stuck_too_long
4843,101,-526.15,0.00,10.10,0.0000,0.0000,0,stuck_too_long
4844,101,-524.72,0.00,10.10,0.0000,0.0000,0,stuck_too_long
4845,101,-524.84,0.00,10.10,0.0000,0.0000,0,stuck_too_long
4846,101,-524.71,0.00,10.10,0.0000,0.0000,0,stuck_too_long
4847,101,-524.10,0.00,10.10,0.0000,0.0000,0,stuck_too_long
3341,101,-526.47,0.00,10.10,0.0000,0.0000,0,stuck_too_long
3342,101,-526.63,0.00,10.10,0.0000,0.0000,0,stuck_too_long
3343,101,-525.54,0.00,10.10,0.0000,0.0000,0,stuck_too_long
3344,101,-526.75,0.00,10.10,0.0000,0.0000,0,stuck_too_long
3345,101,-524.57,0.00,10.10,0.0000,0.0000,0,stuck_too_long
3346,101,-524.92,0.00,10.10,0.0000,0.0000,0,stuck_too_long
3347,101,-526.15,0.00,10.10,0.0000,0.0000,0,stuck_too_long
3348,101,-525.23,0.00,10.10,0.0000,0.0000,0,stuck_too_long
3349,101,-524.47,0.00,10.10,0.0000,0.0000,0,stuck_too_long
3350,101,-526.08,0.00,10.10,0.0000,0.0000,0,stuck_too_long
4848,101,-525.43,0.00,10.10,0.0000,0.0000,0,stuck_too_long
4849,101,-525.15,0.00,10.10,0.0000,0.0000,0,stuck_too_long
4850,101,-528.50,0.00,10.10,0.0000,0.0000,0,stuck_too_long
4851,101,-525.96,0.00,10.10,0.0000,0.0000,0,stuck_too_long
4852,101,-526.51,0.00,10.10,0.0000,0.0000,0,stuck_too_long
4853,101,-526.23,0.00,10.10,0.0000,0.0000,0,stuck_too_long
4854,101,-525.74,0.00,10.10,0.0000,0.0000,0,stuck_too_long
4855,101,-524.07,0.00,10.10,0.0000,0.0000,0,stuck_too_long
4856,101,-524.45,0.00,10.10,0.0000,0.0000,0,stuck_too_long
4857,101,-525.45,0.00,10.10,0.0000,0.0000,0,stuck_too_long
4858,101,-524.45,0.00,10.10,0.0000,0.0000,0,stuck_too_long
4859,101,-527.82,0.00,10.10,0.0000,0.0000,0,stuck_too_long
4860,101,-525.06,0.00,10.10,0.0000,0.0000,0,stuck_too_long
4861,101,-524.12,0.00,10.10,0.0000,0.0000,0,stuck_too_long
4862,101,-526.79,0.00,10.10,0.0000,0.0000,0,stuck_too_long
4863,101,-525.29,0.00,10.10,0.0000,0.0000,0,stuck_too_long
4864,101,-522.88,0.00,10.10,0.0000,0.0000,0,stuck_too_long
4865,101,-526.21,0.00,10.10,0.0000,0.0000,0,stuck_too_long
4866,101,-524.93,0.00,10.10,0.0000,0.0000,0,stuck_too_long
4867,101,-524.78,0.00,10.10,0.0000,0.0000,0,stuck_too_long
3351,101,-525.82,0.00,10.10,0.0000,0.0000,0,stuck_too_long
3352,101,-524.83,0.00,10.10,0.0000,0.0000,0,stuck_too_long
3353,101,-524.23,0.00,10.10,0.0000,0.0000,0,stuck_too_long
3354,101,-524.97,0.00,10.10,0.0000,0.0000,0,stuck_too_long
3355,101,-525.09,0.00,10.10,0.0000,0.0000,0,stuck_too_long
3356,101,-526.57,0.00,10.10,0.0000,0.0000,0,stuck_too_long
3357,101,-525.90,0.00,10.10,0.0000,0.0000,0,stuck_too_long
3358,101,-525.10,0.00,10.10,0.0000,0.0000,0,stuck_too_long
3359,101,-525.24,0.00,10.10,0.0000,0.0000,0,stuck_too_long
3360,101,-524.43,0.00,10.10,0.0000,0.0000,0,stuck_too_long
4868,101,-525.51,0.00,10.10,0.0000,0.0000,0,stuck_too_long
4869,101,-525.94,0.00,10.10,0.0000,0.0000,0,stuck_too_long
4870,101,-524.84,0.00,10.10,0.0000,0.0000,0,stuck_too_long
4871,101,-527.04,0.00,10.10,0.0000,0.0000,0,stuck_too_long
4872,101,-525.22,0.00,10.10,0.0000,0.0000,0,stuck_too_long
4873,101,-526.42,0.00,10.10,0.0000,0.0000,0,stuck_too_long
4874,101,-525.41,0.00,10.10,0.0000,0.0000,0,stuck_too_long
4875,101,-523.67,0.00,10.10,0.0000,0.0000,0,stuck_too_long
4876,101,-525.08,0.00,10.10,0.0000,0.0000,0,stuck_too_long
4877,101,-524.68,0.00,10.10,0.0000,0.0000,0,stuck_too_long
4878,101,-526.12,0.00,10.10,0.0000,0.0000,0,stuck_too_long
4879,101,-526.38,0.00,10.10,0.0000,0.0000,0,stuck_too_long
4880,101,-524.78,0.00,10.10,0.0000,0.0000,0,stuck_too_long
4881,101,-524.51,0.00,10.10,0.0000,0.0000,0,stuck_too_long
4882,101,-524.74,0.00,10.10,0.0000,0.0000,0,stuck_too_long
4883,101,-524.69,0.00,10.10,0.0000,0.0000,0,stuck_too_long
4884,101,-526.56,0.00,10.10,0.0000,0.0000,0,stuck_too_long
4885,101,-527.31,0.00,10.10,0.0000,0.0000,0,stuck_too_long
4886,101,-526.06,0.00,10.10,0.0000,0.0000,0,stuck_too_long
4887,101,-525.22,0.00,10.10,0.0000,0.0000,0,stuck_too_long
4888,101,-526.31,0.00,10.10,0.0000,0.0000,0,stuck_too_long
3361,101,-524.59,0.00,10.10,0.0000,0.0000,0,stuck_too_long
3362,101,-526.62,0.00,10.10,0.0000,0.0000,0,stuck_too_long
3363,101,-525.28,0.00,10.10,0.0000,0.0000,0,stuck_too_long
3364,101,-524.25,0.00,10.10,0.0000,0.0000,0,stuck_too_long
3365,101,-525.79,0.00,10.10,0.0000,0.0000,0,stuck_too_long
3366,101,-524.89,0.00,10.10,0.0000,0.0000,0,stuck_too_long
3367,101,-523.80,0.00,10.10,0.0000,0.0000,0,stuck_too_long
3368,101,-523.63,0.00,10.10,0.0000,0.0000,0,stuck_too_long
3369,101,-526.13,0.00,10.10,0.0000,0.0000,0,stuck_too_long
3370,101,-523.92,0.00,10.10,0.0000,0.0000,0,stuck_too_long
4889,101,-525.51,0.00,10.10,0.0000,0.0000,0,stuck_too_long
4890,101,-525.30,0.00,10.10,0.0000,0.0000,0,stuck_too_long
4891,101,-526.89,0.00,10.10,0.0000,0.0000,0,stuck_too_long
4892,101,-524.97,0.00,10.10,0.0000,0.0000,0,stuck_too_long
4893,101,-525.27,0.00,10.10,0.0000,0.0000,0,stuck_too_long
4894,101,-524.38,0.00,10.10,0.0000,0.0000,0,stuck_too_long
4895,101,-525.84,0.00,10.10,0.0000,0.0000,0,stuck_too_long
4896,101,-525.27,0.00,10.10,0.0000,0.0000,0,stuck_too_long
4897,101,-524.05,0.00,10.10,0.0000,0.0000,0,stuck_too_long
4898,101,-524.34,0.00,10.10,0.0000,0.0000,0,stuck_too_long
4899,101,-524.85,0.00,10.10,0.0000,0.0000,0,stuck_too_long
4900,101,-525.77,0.00,10.10,0.0000,0.0000,0,stuck_too_long
4901,101,-523.77,0.00,10.10,0.0000,0.0000,0,stuck_too_long
4902,101,-526.56,0.00,10.10,0.0000,0.0000,0,stuck_too_long
4903,101,-524.42,0.00,10.10,0.0000,0.0000,0,stuck_too_long
4904,101,-525.11,0.00,10.10,0.0000,0.0000,0,stuck_too_long
4905,101,-525.27,0.00,10.10,0.0000,0.0000,0,stuck_too_long
4906,101,-524.98,0.00,10.10,0.0000,0.0000,0,stuck_too_long
4907,101,-523.96,0.00,10.10,0.0000,0.0000,0,stuck_too_long
4908,101,-525.21,0.00,10.10,0.0000,0.0000,0,stuck_too_long
3371,101,-523.93,0.00,10.10,0.0000,0.0000,0,stuck_too_long
3372,101,-524.51,0.00,10.10,0.0000,0.0000,0,stuck_too_long
3373,101,-524.88,0.00,10.10,0.0000,0.0000,0,stuck_too_long
3374,101,-525.73,0.00,10.10,0.0000,0.0000,0,stuck_too_long
3375,101,-527.47,0.00,10.10,0.0000,0.0000,0,stuck_too_long
3376,101,-526.63,0.00,10.10,0.0000,0.0000,0,stuck_too_long
3377,101,-526.61,0.00,10.10,0.0000,0.0000,0,stuck_too_long
3378,101,-524.71,0.00,10.10,0.0000,0.0000,0,stuck_too_long
3379,101,-524.31,0.00,10.10,0.0000,0.0000,0,stuck_too_long
3380,101,-525.63,0.00,10.10,0.0000,0.0000,0,stuck_too_long
4909,101,-525.89,0.00,10.10,0.0000,0.0000,0,stuck_too_long
4910,101,-525.14,0.00,10.10,0.0000,0.0000,0,stuck_too_long
4911,101,-526.66,0.00,10.10,0.0000,0.0000,0,stuck_too_long
4912,101,-526.36,0.00,10.10,0.0000,0.0000,0,stuck_too_long
4913,101,-525.52,0.00,10.10,0.0000,0.0000,0,stuck_too_long
4914,101,-524.70,0.00,10.10,0.0000,0.0000,0,stuck_too_long
4915,101,-524.65,0.00,10.10,0.0000,0.0000,0,stuck_too_long
4916,101,-525.59,0.00,10.10,0.0000,0.0000,0,stuck_too_long
4917,101,-524.56,0.00,10.10,0.0000,0.0000,0,stuck_too_long
4918,101,-524.63,0.00,10.10,0.0000,0.0000,0,stuck_too_long
4919,101,-525.79,0.00,10.10,0.0000,0.0000,0,stuck_too_long
4920,101,-524.27,0.00,10.10,0.0000,0.0000,0,stuck_too_long
4921,101,-524.85,0.00,10.10,0.0000,0.0000,0,stuck_too_long
4922,101,-526.89,0.00,10.10,0.0000,0.0000,0,stuck_too_long
4923,101,-527.18,0.00,10.10,0.0000,0.0000,0,stuck_too_long
4924,101,-525.34,0.00,10.10,0.0000,0.0000,0,stuck_too_long
4925,101,-526.43,0.00,10.10,0.0000,0.0000,0,stuck_too_long
4926,101,-526.80,0.00,10.10,0.0000,0.0000,0,stuck_too_long
4927,101,-526.38,0.00,10.10,0.0000,0.0000,0,stuck_too_long
4928,101,-526.53,0.00,10.10,0.0000,0.0000,0,stuck_too_long
3381,101,-526.59,0.00,10.10,0.0000,0.0000,0,stuck_too_long
3382,101,-524.14,0.00,10.10,0.0000,0.0000,0,stuck_too_long
3383,101,-526.15,0.00,10.10,0.0000,0.0000,0,stuck_too_long
3384,101,-524.66,0.00,10.10,0.0000,0.0000,0,stuck_too_long
3385,101,-524.92,0.00,10.10,0.0000,0.0000,0,stuck_too_long
3386,101,-526.36,0.00,10.10,0.0000,0.0000,0,stuck_too_long
3387,101,-525.95,0.00,10.10,0.0000,0.0000,0,stuck_too_long
3388,101,-526.61,0.00,10.10,0.0000,0.0000,0,stuck_too_long
3389,101,-526.70,0.00,10.10,0.0000,0.0000,0,stuck_too_long
3390,101,-527.15,0.00,10.10,0.0000,0.0000,0,stuck_too_long
4929,101,-526.73,0.00,10.10,0.0000,0.0000,0,stuck_too_long
4930,101,-525.01,0.00,10.10,0.0000,0.0000,0,stuck_too_long
4931,101,-526.76,0.00,10.10,0.0000,0.0000,0,stuck_too_long
4932,101,-526.43,0.00,10.10,0.0000,0.0000,0,stuck_too_long
4933,101,-526.54,0.00,10.10,0.0000,0.0000,0,stuck_too_long
4934,101,-525.20,0.00,10.10,0.0000,0.0000,0,stuck_too_long
4935,101,-524.79,0.00,10.10,0.0000,0.0000,0,stuck_too_long
4936,101,-525.27,0.00,10.10,0.0000,0.0000,0,stuck_too_long
4937,101,-524.72,0.00,10.10,0.0000,0.0000,0,stuck_too_long
4938,101,-523.87,0.00,10.10,0.0000,0.0000,0,stuck_too_long
4939,101,-525.30,0.00,10.10,0.0000,0.0000,0,stuck_too_long
4940,101,-525.73,0.00,10.10,0.0000,0.0000,0,stuck_too_long
4941,101,-526.87,0.00,10.10,0.0000,0.0000,0,stuck_too_long
4942,101,-524.74,0.00,10.10,0.0000,0.0000,0,stuck_too_long
4943,101,-525.17,0.00,10.10,0.0000,0.0000,0,stuck_too_long
4944,101,-524.10,0.00,10.10,0.0000,0.0000,0,stuck_too_long
4945,101,-524.46,0.00,10.10,0.0000,0.0000,0,stuck_too_long
4946,101,-525.52,0.00,10.10,0.0000,0.0000,0,stuck_too_long
4947,101,-524.70,0.00,10.10,0.0000,0.0000,0,stuck_too_long
4948,101,-524.46,0.00,10.10,0.0000,0.0000,0,stuck_too_long
4949,101,-527.84,0.00,10.10,0.0000,0.0000,0,stuck_too_long
3391,101,-526.22,0.00,10.10,0.0000,0.0000,0,stuck_too_long
3392,101,-524.76,0.00,10.10,0.0000,0.0000,0,stuck_too_long
3393,101,-526.19,0.00,10.10,0.0000,0.0000,0,stuck_too_long
3394,101,-526.83,0.00,10.10,0.0000,0.0000,0,stuck_too_long
3395,101,-524.80,0.00,10.10,0.0000,0.0000,0,stuck_too_long
3396,101,-524.66,0.00,10.10,0.0000,0.0000,0,stuck_too_long
3397,101,-523.91,0.00,10.10,0.0000,0.0000,0,stuck_too_long
3398,101,-525.82,0.00,10.10,0.0000,0.0000,0,stuck_too_long
3399,101,-525.34,0.00,10.10,0.0000,0.0000,0,stuck_too_long
3400,101,-524.45,0.00,10.10,0.0000,0.0000,0,stuck_too_long
4950,101,-526.94,0.00,10.10,0.0000,0.0000,0,stuck_too_long
4951,101,-525.71,0.00,10.10,0.0000,0.0000,0,stuck_too_long
4952,101,-524.10,0.00,10.10,0.0000,0.0000,0,stuck_too_long
4953,101,-526.34,0.00,10.10,0.0000,0.0000,0,stuck_too_long
4954,101,-524.85,0.00,10.10,0.0000,0.0000,0,stuck_too_long
4955,101,-525.57,0.00,10.10,0.0000,0.0000,0,stuck_too_long
4956,101,-525.40,0.00,10.10,0.0000,0.0000,0,stuck_too_long
4957,101,-526.75,0.00,10.10,0.0000,0.0000,0,stuck_too_long
4958,101,-526.32,0.00,10.10,0.0000,0.0000,0,stuck_too_long
4959,101,-525.04,0.00,10.10,0.0000,0.0000,0,stuck_too_long
4960,101,-524.34,0.00,10.10,0.0000,0.0000,0,stuck_too_long
4961,101,-525.19,0.00,10.10,0.0000,0.0000,0,stuck_too_long
4962,101,-526.43,0.00,10.10,0.0000,0.0000,0,stuck_too_long
4963,101,-524.36,0.00,10.10,0.0000,0.0000,0,stuck_too_long
4964,101,-524.75,0.00,10.10,0.0000,0.0000,0,stuck_too_long
4965,101,-525.10,0.00,10.10,0.0000,0.0000,0,stuck_too_long
4966,101,-527.37,0.00,10.10,0.0000,0.0000,0,stuck_too_long
4967,101,-525.86,0.00,10.10,0.0000,0.0000,0,stuck_too_long
4968,101,-525.85,0.00,10.10,0.0000,0.0000,0,stuck_too_long
4969,101,-524.81,0.00,10.10,0.0000,0.0000,0,stuck_too_long
3401,101,-526.14,0.00,10.10,0.0000,0.0000,0,stuck_too_long
3402,101,-526.13,0.00,10.10,0.0000,0.0000,0,stuck_too_long
3403,101,-524.51,0.00,10.10,0.0000,0.0000,0,stuck_too_long
3404,101,-525.65,0.00,10.10,0.0000,0.0000,0,stuck_too_long
3405,101,-525.01,0.00,10.10,0.0000,0.0000,0,stuck_too_long
3406,101,-526.00,0.00,10.10,0.0000,0.0000,0,stuck_too_long
3407,101,-524.74,0.00,10.10,0.0000,0.0000,0,stuck_too_long
3408,101,-525.64,0.00,10.10,0.0000,0.0000,0,stuck_too_long
3409,101,-525.17,0.00,10.10,0.0000,0.0000,0,stuck_too_long
3410,101,-525.67,0.00,10.10,0.0000,0.0000,0,stuck_too_long
4970,101,-524.77,0.00,10.10,0.0000,0.0000,0,stuck_too_long
4971,101,-526.08,0.00,10.10,0.0000,0.0000,0,stuck_too_long
4972,101,-526.09,0.00,10.10,0.0000,0.0000,0,stuck_too_long
4973,101,-526.14,0.00,10.10,0.0000,0.0000,0,stuck_too_long
4974,101,-525.33,0.00,10.10,0.0000,0.0000,0,stuck_too_long
4975,101,-524.76,0.00,10.10,0.0000,0.0000,0,stuck_too_long
4976,101,-525.76,0.00,10.10,0.0000,0.0000,0,stuck_too_long
4977,101,-526.95,0.00,10.10,0.0000,0.0000,0,stuck_too_long
4978,101,-524.39,0.00,10.10,0.0000,0.0000,0,stuck_too_long
4979,101,-524.01,0.00,10.10,0.0000,0.0000,0,stuck_too_long
4980,101,-523.64,0.00,10.10,0.0000,0.0000,0,stuck_too_long
4981,101,-526.33,0.00,10.10,0.0000,0.0000,0,stuck_too_long
4982,101,-525.39,0.00,10.10,0.0000,0.0000,0,stuck_too_long
4983,101,-524.98,0.00,10.10,0.0000,0.0000,0,stuck_too_long
4984,101,-525.44,0.00,10.10,0.0000,0.0000,0,stuck_too_long
4985,101,-523.76,0.00,10.10,0.0000,0.0000,0,stuck_too_long
4986,101,-525.02,0.00,10.10,0.0000,0.0000,0,stuck_too_long
4987,101,-526.07,0.00,10.10,0.0000,0.0000,0,stuck_too_long
4988,101,-525.79,0.00,10.10,0.0000,0.0000,0,stuck_too_long
4989,101,-525.79,0.00,10.10,0.0000,0.0000,0,stuck_too_long
3411,101,-525.39,0.00,10.10,0.0000,0.0000,0,stuck_too_long
3412,101,-525.16,0.00,10.10,0.0000,0.0000,0,stuck_too_long
3413,101,-525.15,0.00,10.10,0.0000,0.0000,0,stuck_too_long
3414,101,-527.06,0.00,10.10,0.0000,0.0000,0,stuck_too_long
3415,101,-524.86,0.00,10.10,0.0000,0.0000,0,stuck_too_long
3416,101,-527.11,0.00,10.10,0.0000,0.0000,0,stuck_too_long
3417,101,-525.47,0.00,10.10,0.0000,0.0000,0,stuck_too_long
3418,101,-524.82,0.00,10.10,0.0000,0.0000,0,stuck_too_long
3419,101,-525.72,0.00,10.10,0.0000,0.0000,0,stuck_too_long
3420,101,-524.55,0.00,10.10,0.0000,0.0000,0,stuck_too_long
4990,101,-525.10,0.00,10.10,0.0000,0.0000,0,stuck_too_long
4991,101,-525.82,0.00,10.10,0.0000,0.0000,0,stuck_too_long
4992,101,-525.96,0.00,10.10,0.0000,0.0000,0,stuck_too_long
4993,101,-525.94,0.00,10.10,0.0000,0.0000,0,stuck_too_long
4994,101,-525.72,0.00,10.10,0.0000,0.0000,0,stuck_too_long
4995,101,-526.27,0.00,10.10,0.0000,0.0000,0,stuck_too_long
4996,101,-523.78,0.00,10.10,0.0000,0.0000,0,stuck_too_long
4997,101,-526.45,0.00,10.10,0.0000,0.0000,0,stuck_too_long
4998,101,-524.50,0.00,10.10,0.0000,0.0000,0,stuck_too_long
4999,101,-525.37,0.00,10.10,0.0000,0.0000,0,stuck_too_long
5000,101,-526.25,0.00,10.10,0.0000,0.0000,0,stuck_too_long
5001,101,-524.23,0.00,10.10,0.0000,0.0000,0,stuck_too_long
5002,101,-525.13,0.00,10.10,0.0000,0.0000,0,stuck_too_long
5003,101,-527.62,0.00,10.10,0.0000,0.0000,0,stuck_too_long
5004,101,-527.02,0.00,10.10,0.0000,0.0000,0,stuck_too_long
5005,101,-524.87,0.00,10.10,0.0000,0.0000,0,stuck_too_long
5006,101,-527.13,0.00,10.10,0.0000,0.0000,0,stuck_too_long
5007,101,-524.68,0.00,10.10,0.0000,0.0000,0,stuck_too_long
5008,101,-525.44,0.00,10.10,0.0000,0.0000,0,stuck_too_long
5009,101,-525.45,0.00,10.10,0.0000,0.0000,0,stuck_too_long
3421,101,-525.47,0.00,10.10,0.0000,0.0000,0,stuck_too_long
3422,101,-525.72,0.00,10.10,0.0000,0.0000,0,stuck_too_long
3423,101,-525.10,0.00,10.10,0.0000,0.0000,0,stuck_too_long
3424,101,-524.71,0.00,10.10,0.0000,0.0000,0,stuck_too_long
3425,101,-523.28,0.00,10.10,0.0000,0.0000,0,stuck_too_long
3426,101,-526.70,0.00,10.10,0.0000,0.0000,0,stuck_too_long
3427,101,-523.56,0.00,10.10,0.0000,0.0000,0,stuck_too_long
3428,101,-527.14,0.00,10.10,0.0000,0.0000,0,stuck_too_long
3429,101,-525.59,0.00,10.10,0.0000,0.0000,0,stuck_too_long
3430,101,-526.40,0.00,10.10,0.0000,0.0000,0,stuck_too_long
5010,101,-526.29,0.00,10.10,0.0000,0.0000,0,stuck_too_long
5011,101,-524.84,0.00,10.10,0.0000,0.0000,0,stuck_too_long
5012,101,-525.60,0.00,10.10,0.0000,0.0000,0,stuck_too_long
5013,101,-525.25,0.00,10.10,0.0000,0.0000,0,stuck_too_long
5014,101,-526.77,0.00,10.10,0.0000,0.0000,0,stuck_too_long
5015,101,-525.45,0.00,10.10,0.0000,0.0000,0,stuck_too_long
5016,101,-526.43,0.00,10.10,0.0000,0.0000,0,stuck_too_long
5017,101,-526.57,0.00,10.10,0.0000,0.0000,0,stuck_too_long
5018,101,-525.84,0.00,10.10,0.0000,0.0000,0,stuck_too_long
5019,101,-524.61,0.00,10.10,0.0000,0.0000,0,stuck_too_long
5020,101,-526.50,0.00,10.10,0.0000,0.0000,0,stuck_too_long
5021,101,-526.08,0.00,10.10,0.0000,0.0000,0,stuck_too_long
5022,101,-525.45,0.00,10.10,0.0000,0.0000,0,stuck_too_long
5023,101,-525.98,0.00,10.10,0.0000,0.0000,0,stuck_too_long
5024,101,-525.02,0.00,10.10,0.0000,0.0000,0,stuck_too_long
5025,101,-524.59,0.00,10.10,0.0000,0.0000,0,stuck_too_long
5026,101,-525.23,0.00,10.10,0.0000,0.0000,0,stuck_too_long
5027,101,-524.34,0.00,10.10,0.0000,0.0000,0,stuck_too_long
5028,101,-524.72,0.00,10.10,0.0000,0.0000,0,stuck_too_long
5029,101,-525.50,0.00,10.10,0.0000,0.0000,0,stuck_too_long
5030,101,-525.90,0.00,10.10,0.0000,0.0000,0,stuck_too_long
3431,101,-525.94,0.00,10.10,0.0000,0.0000,0,stuck_too_long
3432,101,-527.38,0.00,10.10,0.0000,0.0000,0,stuck_too_long
3433,101,-526.58,0.00,10.10,0.0000,0.0000,0,stuck_too_long
3434,101,-525.04,0.00,10.10,0.0000,0.0000,0,stuck_too_long
3435,101,-525.49,0.00,10.10,0.0000,0.0000,0,stuck_too_long
3436,101,-525.09,0.00,10.10,0.0000,0.0000,0,stuck_too_long
3437,101,-524.38,0.00,10.10,0.0000,0.0000,0,stuck_too_long
3438,101,-525.44,0.00,10.10,0.0000,0.0000,0,stuck_too_long
3439,101,-525.26,0.00,10.10,0.0000,0.0000,0,stuck_too_long
3440,101,-526.05,0.00,10.10,0.0000,0.0000,0,stuck_too_long
5031,101,-525.08,0.00,10.10,0.0000,0.0000,0,stuck_too_long
5032,101,-523.37,0.00,10.10,0.0000,0.0000,0,stuck_too_long
5033,101,-524.93,0.00,10.10,0.0000,0.0000,0,stuck_too_long
5034,101,-525.41,0.00,10.10,0.0000,0.0000,0,stuck_too_long
5035,101,-524.55,0.00,10.10,0.0000,0.0000,0,stuck_too_long
5036,101,-527.00,0.00,10.10,0.0000,0.0000,0,stuck_too_long
5037,101,-525.61,0.00,10.10,0.0000,0.0000,0,stuck_too_long
5038,101,-525.36,0.00,10.10,0.0000,0.0000,0,stuck_too_long
5039,101,-524.99,0.00,10.10,0.0000,0.0000,0,stuck_too_long
5040,101,-523.19,0.00,10.10,0.0000,0.0000,0,stuck_too_long
5041,101,-526.35,0.00,10.10,0.0000,0.0000,0,stuck_too_long
5042,101,-525.17,0.00,10.10,0.0000,0.0000,0,stuck_too_long
5043,101,-523.81,0.00,10.10,0.0000,0.0000,0,stuck_too_long
5044,101,-525.02,0.00,10.10,0.0000,0.0000,0,stuck_too_long
5045,101,-524.27,0.00,10.10,0.0000,0.0000,0,stuck_too_long
5046,101,-525.37,0.00,10.10,0.0000,0.0000,0,stuck_too_long
5047,101,-527.38,0.00,10.10,0.0000,0.0000,0,stuck_too_long
5048,101,-526.17,0.00,10.10,0.0000,0.0000,0,stuck_too_long
5049,101,-525.10,0.00,10.10,0.0000,0.0000,0,stuck_too_long
5050,101,-525.19,0.00,10.10,0.0000,0.0000,0,stuck_too_long
3441,101,-523.74,0.00,10.10,0.0000,0.0000,0,stuck_too_long
3442,101,-524.33,0.00,10.10,0.0000,0.0000,0,stuck_too_long
3443,101,-525.41,0.00,10.10,0.0000,0.0000,0,stuck_too_long
3444,101,-526.50,0.00,10.10,0.0000,0.0000,0,stuck_too_long
3445,101,-524.17,0.00,10.10,0.0000,0.0000,0,stuck_too_long
3446,101,-525.14,0.00,10.10,0.0000,0.0000,0,stuck_too_long
3447,101,-525.81,0.00,10.10,0.0000,0.0000,0,stuck_too_long
3448,101,-525.67,0.00,10.10,0.0000,0.0000,0,stuck_too_long
3449,101,-524.44,0.00,10.10,0.0000,0.0000,0,stuck_too_long
3450,101,-524.96,0.00,10.10,0.0000,0.0000,0,stuck_too_long
5051,101,-525.36,0.00,10.10,0.0000,0.0000,0,stuck_too_long
5052,101,-526.60,0.00,10.10,0.0000,0.0000,0,stuck_too_long
5053,101,-526.17,0.00,10.10,0.0000,0.0000,0,stuck_too_long
5054,101,-526.62,0.00,10.10,0.0000,0.0000,0,stuck_too_long
5055,101,-525.17,0.00,10.10,0.0000,0.0000,0,stuck_too_long
5056,101,-526.99,0.00,10.10,0.0000,0.0000,0,stuck_too_long
5057,101,-524.19,0.00,10.10,0.0000,0.0000,0,stuck_too_long
5058,101,-526.43,0.00,10.10,0.0000,0.0000,0,stuck_too_long
5059,101,-524.21,0.00,10.10,0.0000,0.0000,0,stuck_too_long
5060,101,-525.20,0.00,10.10,0.0000,0.0000,0,stuck_too_long
5061,101,-525.44,0.00,10.10,0.0000,0.0000,0,stuck_too_long
5062,101,-524.72,0.00,10.10,0.0000,0.0000,0,stuck_too_long
5063,101,-526.54,0.00,10.10,0.0000,0.0000,0,stuck_too_long
5064,101,-526.15,0.00,10.10,0.0000,0.0000,0,stuck_too_long
5065,101,-526.44,0.00,10.10,0.0000,0.0000,0,stuck_too_long
5066,101,-524.56,0.00,10.10,0.0000,0.0000,0,stuck_too_long
5067,101,-526.02,0.00,10.10,0.0000,0.0000,0,stuck_too_long
5068,101,-524.50,0.00,10.10,0.0000,0.0000,0,stuck_too_long
5069,101,-526.30,0.00,10.10,0.0000,0.0000,0,stuck_too_long
5070,101,-526.31,0.00,10.10,0.0000,0.0000,0,stuck_too_long
3451,101,-525.98,0.00,10.10,0.0000,0.0000,0,stuck_too_long
3452,101,-526.22,0.00,10.10,0.0000,0.0000,0,stuck_too_long
3453,101,-527.44,0.00,10.10,0.0000,0.0000,0,stuck_too_long
3454,101,-525.34,0.00,10.10,0.0000,0.0000,0,stuck_too_long
3455,101,-525.83,0.00,10.10,0.0000,0.0000,0,stuck_too_long
3456,101,-524.38,0.00,10.10,0.0000,0.0000,0,stuck_too_long
3457,101,-525.57,0.00,10.10,0.0000,0.0000,0,stuck_too_long
3458,101,-524.90,0.00,10.10,0.0000,0.0000,0,stuck_too_long
3459,101,-525.02,0.00,10.10,0.0000,0.0000,0,stuck_too_long
3460,101,-525.70,0.00,10.10,0.0000,0.0000,0,stuck_too_long
5071,101,-526.70,0.00,10.10,0.0000,0.0000,0,stuck_too_long
5072,101,-525.47,0.00,10.10,0.0000,0.0000,0,stuck_too_long
5073,101,-525.76,0.00,10.10,0.0000,0.0000,0,stuck_too_long
5074,101,-526.56,0.00,10.10,0.0000,0.0000,0,stuck_too_long
5075,101,-525.38,0.00,10.10,0.0000,0.0000,0,stuck_too_long
5076,101,-525.30,0.00,10.10,0.0000,0.0000,0,stuck_too_long
5077,101,-526.24,0.00,10.10,0.0000,0.0000,0,stuck_too_long
5078,101,-523.98,0.00,10.10,0.0000,0.0000,0,stuck_too_long
5079,101,-524.41,0.00,10.10,0.0000,0.0000,0,stuck_too_long
5080,101,-525.72,0.00,10.10,0.0000,0.0000,0,stuck_too_long
5081,101,-525.21,0.00,10.10,0.0000,0.0000,0,stuck_too_long
5082,101,-525.34,0.00,10.10,0.0000,0.0000,0,stuck_too_long
5083,101,-525.88,0.00,10.10,0.0000,0.0000,0,stuck_too_long
5084,101,-525.49,0.00,10.10,0.0000,0.0000,0,stuck_too_long
5085,101,-523.90,0.00,10.10,0.0000,0.0000,0,stuck_too_long
5086,101,-525.65,0.00,10.10,0.0000,0.0000,0,stuck_too_long
5087,101,-525.24,0.00,10.10,0.0000,0.0000,0,stuck_too_long
5088,101,-526.41,0.00,10.10,0.0000,0.0000,0,stuck_too_long
5089,101,-525.80,0.00,10.10,0.0000,0.0000,0,stuck_too_long
5090,101,-524.66,0.00,10.10,0.0000,0.0000,0,stuck_too_long
5091,101,-524.78,0.00,10.10,0.0000,0.0000,0,stuck_too_long
3461,101,-525.80,0.00,10.10,0.0000,0.0000,0,stuck_too_long
3462,101,-524.64,0.00,10.10,0.0000,0.0000,0,stuck_too_long
3463,101,-525.80,0.00,10.10,0.0000,0.0000,0,stuck_too_long
3464,101,-525.18,0.00,10.10,0.0000,0.0000,0,stuck_too_long
3465,101,-525.61,0.00,10.10,0.0000,0.0000,0,stuck_too_long
3466,101,-525.02,0.00,10.10,0.0000,0.0000,0,stuck_too_long
3467,101,-526.49,0.00,10.10,0.0000,0.0000,0,stuck_too_long
3468,101,-524.47,0.00,10.10,0.0000,0.0000,0,stuck_too_long
3469,101,-524.48,0.00,10.10,0.0000,0.0000,0,stuck_too_long
3470,101,-524.80,0.00,10.10,0.0000,0.0000,0,stuck_too_long
5092,101,-524.98,0.00,10.10,0.0000,0.0000,0,stuck_too_long
5093,101,-526.45,0.00,10.10,0.0000,0.0000,0,stuck_too_long
5094,101,-526.10,0.00,10.10,0.0000,0.0000,0,stuck_too_long
5095,101,-525.15,0.00,10.10,0.0000,0.0000,0,stuck_too_long
5096,101,-524.96,0.00,10.10,0.0000,0.0000,0,stuck_too_long
5097,101,-526.71,0.00,10.10,0.0000,0.0000,0,stuck_too_long
5098,101,-524.12,0.00,10.10,0.0000,0.0000,0,stuck_too_long
5099,101,-525.00,0.00,10.10,0.0000,0.0000,0,stuck_too_long
5100,101,-525.62,0.00,10.10,0.0000,0.0000,0,stuck_too_long
5101,101,-525.48,0.00,10.10,0.0000,0.0000,0,stuck_too_long
5102,101,-526.20,0.00,10.10,0.0000,0.0000,0,stuck_too_long
5103,101,-524.45,0.00,10.10,0.0000,0.0000,0,stuck_too_long
5104,101,-525.85,0.00,10.10,0.0000,0.0000,0,stuck_too_long
5105,101,-526.37,0.00,10.10,0.0000,0.0000,0,stuck_too_long
5106,101,-526.25,0.00,10.10,0.0000,0.0000,0,stuck_too_long
5107,101,-527.46,0.00,10.10,0.0000,0.0000,0,stuck_too_long
5108,101,-525.72,0.00,10.10,0.0000,0.0000,0,stuck_too_long
5109,101,-524.72,0.00,10.10,0.0000,0.0000,0,stuck_too_long
5110,101,-525.80,0.00,10.10,0.0000,0.0000,0,stuck_too_long
5111,101,-525.03,0.00,10.10,0.0000,0.0000,0,stuck_too_long
3471,101,-525.57,0.00,10.10,0.0000,0.0000,0,stuck_too_long
3472,101,-525.96,0.00,10.10,0.0000,0.0000,0,stuck_too_long
3473,101,-524.81,0.00,10.10,0.0000,0.0000,0,stuck_too_long
3474,101,-526.24,0.00,10.10,0.0000,0.0000,0,stuck_too_long
3475,101,-527.00,0.00,10.10,0.0000,0.0000,0,stuck_too_long
3476,101,-525.33,0.00,10.10,0.0000,0.0000,0,stuck_too_long
3477,101,-525.31,0.00,10.10,0.0000,0.0000,0,stuck_too_long
3478,101,-525.55,0.00,10.10,0.0000,0.0000,0,stuck_too_long
3479,101,-524.90,0.00,10.10,0.0000,0.0000,0,stuck_too_long
3480,101,-526.21,0.00,10.10,0.0000,0.0000,0,stuck_too_long
5112,101,-524.83,0.00,10.10,0.0000,0.0000,0,stuck_too_long
5113,101,-523.56,0.00,10.10,0.0000,0.0000,0,stuck_too_long
5114,101,-526.75,0.00,10.10,0.0000,0.0000,0,stuck_too_long
5115,101,-525.08,0.00,10.10,0.0000,0.0000,0,stuck_too_long
5116,101,-526.11,0.00,10.10,0.0000,0.0000,0,stuck_too_long
5117,101,-526.30,0.00,10.10,0.0000,0.0000,0,stuck_too_long
5118,101,-525.85,0.00,10.10,0.0000,0.0000,0,stuck_too_long
5119,101,-524.74,0.00,10.10,0.0000,0.0000,0,stuck_too_long
5120,101,-524.38,0.00,10.10,0.0000,0.0000,0,stuck_too_long
5121,101,-525.47,0.00,10.10,0.0000,0.0000,0,stuck_too_long
5122,101,-526.33,0.00,10.10,0.0000,0.0000,0,stuck_too_long
5123,101,-526.84,0.00,10.10,0.0000,0.0000,0,stuck_too_long
5124,101,-524.82,0.00,10.10,0.0000,0.0000,0,stuck_too_long
5125,101,-524.84,0.00,10.10,0.0000,0.0000,0,stuck_too_long
5126,101,-527.72,0.00,10.10,0.0000,0.0000,0,stuck_too_long
5127,101,-526.02,0.00,10.10,0.0000,0.0000,0,stuck_too_long
5128,101,-524.87,0.00,10.10,0.0000,0.0000,0,stuck_too_long
5129,101,-524.02,0.00,10.10,0.0000,0.0000,0,stuck_too_long
5130,101,-525.30,0.00,10.10,0.0000,0.0000,0,stuck_too_long
5131,101,-527.82,0.00,10.10,0.0000,0.0000,0,stuck_too_long
3481,101,-526.55,0.00,10.10,0.0000,0.0000,0,stuck_too_long
3482,101,-525.98,0.00,10.10,0.0000,0.0000,0,stuck_too_long
3483,101,-526.44,0.00,10.10,0.0000,0.0000,0,stuck_too_long
3484,101,-525.11,0.00,10.10,0.0000,0.0000,0,stuck_too_long
3485,101,-527.23,0.00,10.10,0.0000,0.0000,0,stuck_too_long
3486,101,-526.43,0.00,10.10,0.0000,0.0000,0,stuck_too_long
3487,101,-525.52,0.00,10.10,0.0000,0.0000,0,stuck_too_long
3488,101,-524.64,0.00,10.10,0.0000,0.0000,0,stuck_too_long
3489,101,-527.09,0.00,10.10,0.0000,0.0000,0,stuck_too_long
3490,101,-524.76,0.00,10.10,0.0000,0.0000,0,stuck_too_long
5132,101,-523.27,0.00,10.10,0.0000,0.0000,0,stuck_too_long
5133,101,-524.27,0.00,10.10,0.0000,0.0000,0,stuck_too_long
5134,101,-525.75,0.00,10.10,0.0000,0.0000,0,stuck_too_long
5135,101,-524.93,0.00,10.10,0.0000,0.0000,0,stuck_too_long
5136,101,-525.00,0.00,10.10,0.0000,0.0000,0,stuck_too_long
5137,101,-526.93,0.00,10.10,0.0000,0.0000,0,stuck_too_long
5138,101,-525.87,0.00,10.10,0.0000,0.0000,0,stuck_too_long
5139,101,-525.52,0.00,10.10,0.0000,0.0000,0,stuck_too_long
5140,101,-526.03,0.00,10.10,0.0000,0.0000,0,stuck_too_long
5141,101,-525.05,0.00,10.10,0.0000,0.0000,0,stuck_too_long
5142,101,-527.32,0.00,10.10,0.0000,0.0000,0,stuck_too_long
5143,101,-523.77,0.00,10.10,0.0000,0.0000,0,stuck_too_long
5144,101,-523.70,0.00,10.10,0.0000,0.0000,0,stuck_too_long
5145,101,-525.88,0.00,10.10,0.0000,0.0000,0,stuck_too_long
5146,101,-526.48,0.00,10.10,0.0000,0.0000,0,stuck_too_long
5147,101,-526.08,0.00,10.10,0.0000,0.0000,0,stuck_too_long
5148,101,-526.05,0.00,10.10,0.0000,0.0000,0,stuck_too_long
5149,101,-524.92,0.00,10.10,0.0000,0.0000,0,stuck_too_long
5150,101,-525.96,0.00,10.10,0.0000,0.0000,0,stuck_too_long
5151,101,-525.93,0.00,10.10,0.0000,0.0000,0,stuck_too_long
3491,101,-525.63,0.00,10.10,0.0000,0.0000,0,stuck_too_long
3492,101,-526.16,0.00,10.10,0.0000,0.0000,0,stuck_too_long
3493,101,-525.59,0.00,10.10,0.0000,0.0000,0,stuck_too_long
3494,101,-527.10,0.00,10.10,0.0000,0.0000,0,stuck_too_long
3495,101,-525.65,0.00,10.10,0.0000,0.0000,0,stuck_too_long
3496,101,-524.95,0.00,10.10,0.0000,0.0000,0,stuck_too_long
3497,101,-527.12,0.00,10.10,0.0000,0.0000,0,stuck_too_long
3498,101,-526.25,0.00,10.10,0.0000,0.0000,0,stuck_too_long
3499,101,-525.55,0.00,10.10,0.0000,0.0000,0,stuck_too_long
3500,101,-526.06,0.00,10.10,0.0000,0.0000,0,stuck_too_long
5152,101,-523.82,0.00,10.10,0.0000,0.0000,0,stuck_too_long
5153,101,-524.83,0.00,10.10,0.0000,0.0000,0,stuck_too_long
5154,101,-526.26,0.00,10.10,0.0000,0.0000,0,stuck_too_long
5155,101,-524.33,0.00,10.10,0.0000,0.0000,0,stuck_too_long
5156,101,-525.40,0.00,10.10,0.0000,0.0000,0,stuck_too_long
5157,101,-524.56,0.00,10.10,0.0000,0.0000,0,stuck_too_long
5158,101,-526.15,0.00,10.10,0.0000,0.0000,0,stuck_too_long
5159,101,-526.13,0.00,10.10,0.0000,0.0000,0,stuck_too_long
5160,101,-524.54,0.00,10.10,0.0000,0.0000,0,stuck_too_long
5161,101,-526.56,0.00,10.10,0.0000,0.0000,0,stuck_too_long
5162,101,-525.89,0.00,10.10,0.0000,0.0000,0,stuck_too_long
5163,101,-527.39,0.00,10.10,0.0000,0.0000,0,stuck_too_long
5164,101,-526.30,0.00,10.10,0.0000,0.0000,0,stuck_too_long
5165,101,-526.36,0.00,10.10,0.0000,0.0000,0,stuck_too_long
5166,101,-525.01,0.00,10.10,0.0000,0.0000,0,stuck_too_long
5167,101,-526.44,0.00,10.10,0.0000,0.0000,0,stuck_too_long
5168,101,-525.61,0.00,10.10,0.0000,0.0000,0,stuck_too_long
5169,101,-526.94,0.00,10.10,0.0000,0.0000,0,stuck_too_long
5170,101,-524.03,0.00,10.10,0.0000,0.0000,0,stuck_too_long
5171,101,-526.13,0.00,10.10,0.0000,0.0000,0,stuck_too_long
5172,101,-524.35,0.00,10.10,0.0000,0.0000,0,stuck_too_long
3501,101,-526.92,0.00,10.10,0.0000,0.0000,0,stuck_too_long
3502,101,-528.69,0.00,10.10,0.0000,0.0000,0,stuck_too_long
3503,101,-525.69,0.00,10.10,0.0000,0.0000,0,stuck_too_long
3504,101,-525.83,0.00,10.10,0.0000,0.0000,0,stuck_too_long
3505,101,-526.11,0.00,10.10,0.0000,0.0000,0,stuck_too_long
3506,101,-525.61,0.00,10.10,0.0000,0.0000,0,stuck_too_long
3507,101,-525.11,0.00,10.10,0.0000,0.0000,0,stuck_too_long
3508,101,-526.00,0.00,10.10,0.0000,0.0000,0,stuck_too_long
3509,101,-525.01,0.00,10.10,0.0000,0.0000,0,stuck_too_long
3510,101,-524.87,0.00,10.10,0.0000,0.0000,0,stuck_too_long
5173,101,-527.04,0.00,10.10,0.0000,0.0000,0,stuck_too_long
5174,101,-525.37,0.00,10.10,0.0000,0.0000,0,stuck_too_long
5175,101,-526.84,0.00,10.10,0.0000,0.0000,0,stuck_too_long
5176,101,-527.69,0.00,10.10,0.0000,0.0000,0,stuck_too_long
5177,101,-526.33,0.00,10.10,0.0000,0.0000,0,stuck_too_long
5178,101,-526.75,0.00,10.10,0.0000,0.0000,0,stuck_too_long
5179,101,-527.17,0.00,10.10,0.0000,0.0000,0,stuck_too_long
5180,101,-524.99,0.00,10.10,0.0000,0.0000,0,stuck_too_long
5181,101,-524.33,0.00,10.10,0.0000,0.0000,0,stuck_too_long
5182,101,-525.85,0.00,10.10,0.0000,0.0000,0,stuck_too_long
5183,101,-524.87,0.00,10.10,0.0000,0.0000,0,stuck_too_long
5184,101,-526.06,0.00,10.10,0.0000,0.0000,0,stuck_too_long
5185,101,-525.91,0.00,10.10,0.0000,0.0000,0,stuck_too_long
5186,101,-525.90,0.00,10.10,0.0000,0.0000,0,stuck_too_long
5187,101,-527.80,0.00,10.10,0.0000,0.0000,0,stuck_too_long
5188,101,-525.50,0.00,10.10,0.0000,0.0000,0,stuck_too_long
5189,101,-527.50,0.00,10.10,0.0000,0.0000,0,stuck_too_long
5190,101,-525.82,0.00,10.10,0.0000,0.0000,0,stuck_too_long
5191,101,-526.37,0.00,10.10,0.0000,0.0000,0,stuck_too_long
5192,101,-524.84,0.00,10.10,0.0000,0.0000,0,stuck_too_long
3511,101,-525.72,0.00,10.10,0.0000,0.0000,0,stuck_too_long
3512,101,-526.80,0.00,10.10,0.0000,0.0000,0,stuck_too_long
3513,101,-526.90,0.00,10.10,0.0000,0.0000,0,stuck_too_long
3514,101,-525.87,0.00,10.10,0.0000,0.0000,0,stuck_too_long
3515,101,-526.48,0.00,10.10,0.0000,0.0000,0,stuck_too_long
3516,101,-527.43,0.00,10.10,0.0000,0.0000,0,stuck_too_long
3517,101,-526.25,0.00,10.10,0.0000,0.0000,0,stuck_too_long
3518,101,-524.69,0.00,10.10,0.0000,0.0000,0,stuck_too_long
3519,101,-526.55,0.00,10.10,0.0000,0.0000,0,stuck_too_long
3520,101,-526.99,0.00,10.10,0.0000,0.0000,0,stuck_too_long
5193,101,-526.39,0.00,10.10,0.0000,0.0000,0,stuck_too_long
5194,101,-525.04,0.00,10.10,0.0000,0.0000,0,stuck_too_long
5195,101,-526.01,0.00,10.10,0.0000,0.0000,0,stuck_too_long
5196,101,-526.20,0.00,10.10,0.0000,0.0000,0,stuck_too_long
5197,101,-524.95,0.00,10.10,0.0000,0.0000,0,stuck_too_long
5198,101,-527.20,0.00,10.10,0.0000,0.0000,0,stuck_too_long
5199,101,-525.51,0.00,10.10,0.0000,0.0000,0,stuck_too_long
5200,101,-525.47,0.00,10.10,0.0000,0.0000,0,stuck_too_long
5201,101,-525.79,0.00,10.10,0.0000,0.0000,0,stuck_too_long
5202,101,-525.58,0.00,10.10,0.0000,0.0000,0,stuck_too_long
5203,101,-526.63,0.00,10.10,0.0000,0.0000,0,stuck_too_long
5204,101,-527.31,0.00,10.10,0.0000,0.0000,0,stuck_too_long
5205,101,-527.22,0.00,10.10,0.0000,0.0000,0,stuck_too_long
5206,101,-528.11,0.00,10.10,0.0000,0.0000,0,stuck_too_long
5207,101,-526.96,0.00,10.10,0.0000,0.0000,0,stuck_too_long
5208,101,-526.33,0.00,10.10,0.0000,0.0000,0,stuck_too_long
5209,101,-526.10,0.00,10.10,0.0000,0.0000,0,stuck_too_long
5210,101,-528.85,0.00,10.10,0.0000,0.0000,0,stuck_too_long
5211,101,-526.47,0.00,10.10,0.0000,0.0000,0,stuck_too_long
5212,101,-525.20,0.00,10.10,0.0000,0.0000,0,stuck_too_long
3521,101,-526.53,0.00,10.10,0.0000,0.0000,0,stuck_too_long
3522,101,-526.84,0.00,10.10,0.0000,0.0000,0,stuck_too_long
3523,101,-527.68,0.00,10.10,0.0000,0.0000,0,stuck_too_long
3524,101,-525.76,0.00,10.10,0.0000,0.0000,0,stuck_too_long
3525,101,-526.90,0.00,10.10,0.0000,0.0000,0,stuck_too_long
3526,101,-525.70,0.00,10.10,0.0000,0.0000,0,stuck_too_long
3527,101,-525.20,0.00,10.10,0.0000,0.0000,0,stuck_too_long
3528,101,-526.90,0.00,10.10,0.0000,0.0000,0,stuck_too_long
3529,101,-527.33,0.00,10.10,0.0000,0.0000,0,stuck_too_long
3530,101,-525.89,0.00,10.10,0.0000,0.0000,0,stuck_too_long
5213,101,-525.90,0.00,10.10,0.0000,0.0000,0,stuck_too_long
5214,101,-525.22,0.00,10.10,0.0000,0.0000,0,stuck_too_long
5215,101,-526.60,0.00,10.10,0.0000,0.0000,0,stuck_too_long
5216,101,-525.92,0.00,10.10,0.0000,0.0000,0,stuck_too_long
5217,101,-526.40,0.00,10.10,0.0000,0.0000,0,stuck_too_long
5218,101,-526.00,0.00,10.10,0.0000,0.0000,0,stuck_too_long
5219,101,-525.88,0.00,10.10,0.0000,0.0000,0,stuck_too_long
5220,101,-526.67,0.00,10.10,0.0000,0.0000,0,stuck_too_long
5221,101,-525.15,0.00,10.10,0.0000,0.0000,0,stuck_too_long
5222,101,-525.72,0.00,10.10,0.0000,0.0000,0,stuck_too_long
5223,101,-526.34,0.00,10.10,0.0000,0.0000,0,stuck_too_long
5224,101,-525.23,0.00,10.10,0.0000,0.0000,0,stuck_too_long
5225,101,-525.05,0.00,10.10,0.0000,0.0000,0,stuck_too_long
5226,101,-525.84,0.00,10.10,0.0000,0.0000,0,stuck_too_long
5227,101,-525.47,0.00,10.10,0.0000,0.0000,0,stuck_too_long
5228,101,-526.93,0.00,10.10,0.0000,0.0000,0,stuck_too_long
5229,101,-526.45,0.00,10.10,0.0000,0.0000,0,stuck_too_long
5230,101,-525.08,0.00,10.10,0.0000,0.0000,0,stuck_too_long
5231,101,-525.39,0.00,10.10,0.0000,0.0000,0,stuck_too_long
5232,101,-525.08,0.00,10.10,0.0000,0.0000,0,stuck_too_long
3531,101,-527.67,0.00,10.10,0.0000,0.0000,0,stuck_too_long
3532,101,-526.04,0.00,10.10,0.0000,0.0000,0,stuck_too_long
3533,101,-524.51,0.00,10.10,0.0000,0.0000,0,stuck_too_long
3534,101,-526.09,0.00,10.10,0.0000,0.0000,0,stuck_too_long
3535,101,-526.74,0.00,10.10,0.0000,0.0000,0,stuck_too_long
3536,101,-526.17,0.00,10.10,0.0000,0.0000,0,stuck_too_long
3537,101,-526.82,0.00,10.10,0.0000,0.0000,0,stuck_too_long
3538,101,-526.17,0.00,10.10,0.0000,0.0000,0,stuck_too_long
3539,101,-526.27,0.00,10.10,0.0000,0.0000,0,stuck_too_long
3540,101,-527.04,0.00,10.10,0.0000,0.0000,0,stuck_too_long
5233,101,-526.78,0.00,10.10,0.0000,0.0000,0,stuck_too_long
5234,101,-525.43,0.00,10.10,0.0000,0.0000,0,stuck_too_long
5235,101,-527.16,0.00,10.10,0.0000,0.0000,0,stuck_too_long
5236,101,-526.15,0.00,10.10,0.0000,0.0000,0,stuck_too_long
5237,101,-526.28,0.00,10.10,0.0000,0.0000,0,stuck_too_long
5238,101,-526.02,0.00,10.10,0.0000,0.0000,0,stuck_too_long
5239,101,-526.98,0.00,10.10,0.0000,0.0000,0,stuck_too_long
5240,101,-524.83,0.00,10.10,0.0000,0.0000,0,stuck_too_long
5241,101,-526.15,0.00,10.10,0.0000,0.0000,0,stuck_too_long
5242,101,-525.53,0.00,10.10,0.0000,0.0000,0,stuck_too_long
5243,101,-526.59,0.00,10.10,0.0000,0.0000,0,stuck_too_long
5244,101,-525.40,0.00,10.10,0.0000,0.0000,0,stuck_too_long
5245,101,-525.79,0.00,10.10,0.0000,0.0000,0,stuck_too_long
5246,101,-525.92,0.00,10.10,0.0000,0.0000,0,stuck_too_long
5247,101,-526.65,0.00,10.10,0.0000,0.0000,0,stuck_too_long
5248,101,-527.17,0.00,10.10,0.0000,0.0000,0,stuck_too_long
5249,101,-526.25,0.00,10.10,0.0000,0.0000,0,stuck_too_long
5250,101,-526.74,0.00,10.10,0.0000,0.0000,0,stuck_too_long
5251,101,-525.96,0.00,10.10,0.0000,0.0000,0,stuck_too_long
5252,101,-527.41,0.00,10.10,0.0000,0.0000,0,stuck_too_long
5253,101,-525.76,0.00,10.10,0.0000,0.0000,0,stuck_too_long
3541,101,-527.96,0.00,10.10,0.0000,0.0000,0,stuck_too_long
3542,101,-526.69,0.00,10.10,0.0000,0.0000,0,stuck_too_long
3543,101,-526.92,0.00,10.10,0.0000,0.0000,0,stuck_too_long
3544,101,-526.28,0.00,10.10,0.0000,0.0000,0,stuck_too_long
3545,101,-526.52,0.00,10.10,0.0000,0.0000,0,stuck_too_long
3546,101,-526.10,0.00,10.10,0.0000,0.0000,0,stuck_too_long
3547,101,-525.16,0.00,10.10,0.0000,0.0000,0,stuck_too_long
3548,101,-526.67,0.00,10.10,0.0000,0.0000,0,stuck_too_long
3549,101,-526.53,0.00,10.10,0.0000,0.0000,0,stuck_too_long
3550,101,-525.51,0.00,10.10,0.0000,0.0000,0,stuck_too_long
5254,101,-524.84,0.00,10.10,0.0000,0.0000,0,stuck_too_long
5255,101,-526.51,0.00,10.10,0.0000,0.0000,0,stuck_too_long
5256,101,-525.58,0.00,10.10,0.0000,0.0000,0,stuck_too_long
5257,101,-526.71,0.00,10.10,0.0000,0.0000,0,stuck_too_long
5258,101,-525.84,0.00,10.10,0.0000,0.0000,0,stuck_too_long
5259,101,-525.94,0.00,10.10,0.0000,0.0000,0,stuck_too_long
5260,101,-525.07,0.00,10.10,0.0000,0.0000,0,stuck_too_long
5261,101,-524.90,0.00,10.10,0.0000,0.0000,0,stuck_too_long
5262,101,-526.84,0.00,10.10,0.0000,0.0000,0,stuck_too_long
5263,101,-525.73,0.00,10.10,0.0000,0.0000,0,stuck_too_long
5264,101,-524.22,0.00,10.10,0.0000,0.0000,0,stuck_too_long
5265,101,-524.19,0.00,10.10,0.0000,0.0000,0,stuck_too_long
5266,101,-525.67,0.00,10.10,0.0000,0.0000,0,stuck_too_long
5267,101,-526.22,0.00,10.10,0.0000,0.0000,0,stuck_too_long
5268,101,-526.32,0.00,10.10,0.0000,0.0000,0,stuck_too_long
5269,101,-527.46,0.00,10.10,0.0000,0.0000,0,stuck_too_long
5270,101,-524.95,0.00,10.10,0.0000,0.0000,0,stuck_too_long
5271,101,-524.61,0.00,10.10,0.0000,0.0000,0,stuck_too_long
5272,101,-525.83,0.00,10.10,0.0000,0.0000,0,stuck_too_long
5273,101,-525.13,0.00,10.10,0.0000,0.0000,0,stuck_too_long
3551,101,-524.24,0.00,10.10,0.0000,0.0000,0,stuck_too_long
3552,101,-526.12,0.00,10.10,0.0000,0.0000,0,stuck_too_long
3553,101,-526.55,0.00,10.10,0.0000,0.0000,0,stuck_too_long
3554,101,-526.32,0.00,10.10,0.0000,0.0000,0,stuck_too_long
3555,101,-526.35,0.00,10.10,0.0000,0.0000,0,stuck_too_long
3556,101,-524.55,0.00,10.10,0.0000,0.0000,0,stuck_too_long
3557,101,-525.07,0.00,10.10,0.0000,0.0000,0,stuck_too_long
3558,101,-526.34,0.00,10.10,0.0000,0.0000,0,stuck_too_long
3559,101,-526.93,0.00,10.10,0.0000,0.0000,0,stuck_too_long
3560,101,-524.78,0.00,10.10,0.0000,0.0000,0,stuck_too_long
5274,101,-524.89,0.00,10.10,0.0000,0.0000,0,stuck_too_long
5275,101,-527.48,0.00,10.10,0.0000,0.0000,0,stuck_too_long
5276,101,-526.57,0.00,10.10,0.0000,0.0000,0,stuck_too_long
5277,101,-526.68,0.00,10.10,0.0000,0.0000,0,stuck_too_long
5278,101,-524.96,0.00,10.10,0.0000,0.0000,0,stuck_too_long
5279,101,-526.92,0.00,10.10,0.0000,0.0000,0,stuck_too_long
5280,101,-524.46,0.00,10.10,0.0000,0.0000,0,stuck_too_long
5281,101,-525.08,0.00,10.10,0.0000,0.0000,0,stuck_too_long
5282,101,-525.01,0.00,10.10,0.0000,0.0000,0,stuck_too_long
5283,101,-526.94,0.00,10.10,0.0000,0.0000,0,stuck_too_long
5284,101,-525.96,0.00,10.10,0.0000,0.0000,0,stuck_too_long
5285,101,-525.34,0.00,10.10,0.0000,0.0000,0,stuck_too_long
5286,101,-525.39,0.00,10.10,0.0000,0.0000,0,stuck_too_long
5287,101,-526.33,0.00,10.10,0.0000,0.0000,0,stuck_too_long
5288,101,-526.24,0.00,10.10,0.0000,0.0000,0,stuck_too_long
5289,101,-527.80,0.00,10.10,0.0000,0.0000,0,stuck_too_long
5290,101,-525.61,0.00,10.10,0.0000,0.0000,0,stuck_too_long
5291,101,-527.07,0.00,10.10,0.0000,0.0000,0,stuck_too_long
5292,101,-525.90,0.00,10.10,0.0000,0.0000,0,stuck_too_long
5293,101,-526.64,0.00,10.10,0.0000,0.0000,0,stuck_too_long
3561,101,-525.72,0.00,10.10,0.0000,0.0000,0,stuck_too_long
3562,101,-525.88,0.00,10.10,0.0000,0.0000,0,stuck_too_long
3563,101,-524.87,0.00,10.10,0.0000,0.0000,0,stuck_too_long
3564,101,-525.56,0.00,10.10,0.0000,0.0000,0,stuck_too_long
3565,101,-524.35,0.00,10.10,0.0000,0.0000,0,stuck_too_long
3566,101,-526.42,0.00,10.10,0.0000,0.0000,0,stuck_too_long
3567,101,-524.89,0.00,10.10,0.0000,0.0000,0,stuck_too_long
3568,101,-526.14,0.00,10.10,0.0000,0.0000,0,stuck_too_long
3569,101,-525.64,0.00,10.10,0.0000,0.0000,0,stuck_too_long
3570,101,-525.21,0.00,10.10,0.0000,0.0000,0,stuck_too_long
5294,101,-528.40,0.00,10.10,0.0000,0.0000,0,stuck_too_long
5295,101,-525.95,0.00,10.10,0.0000,0.0000,0,stuck_too_long
5296,101,-526.99,0.00,10.10,0.0000,0.0000,0,stuck_too_long
5297,101,-525.72,0.00,10.10,0.0000,0.0000,0,stuck_too_long
5298,101,-526.49,0.00,10.10,0.0000,0.0000,0,stuck_too_long
5299,101,-524.93,0.00,10.10,0.0000,0.0000,0,stuck_too_long
5300,101,-526.87,0.00,10.10,0.0000,0.0000,0,stuck_too_long
5301,101,-526.28,0.00,10.10,0.0000,0.0000,0,stuck_too_long
5302,101,-524.92,0.00,10.10,0.0000,0.0000,0,stuck_too_long
5303,101,-526.39,0.00,10.10,0.0000,0.0000,0,stuck_too_long
5304,101,-526.30,0.00,10.10,0.0000,0.0000,0,stuck_too_long
5305,101,-527.60,0.00,10.10,0.0000,0.0000,0,stuck_too_long
5306,101,-523.81,0.00,10.10,0.0000,0.0000,0,stuck_too_long
5307,101,-525.67,0.00,10.10,0.0000,0.0000,0,stuck_too_long
5308,101,-525.31,0.00,10.10,0.0000,0.0000,0,stuck_too_long
5309,101,-526.03,0.00,10.10,0.0000,0.0000,0,stuck_too_long
5310,101,-525.37,0.00,10.10,0.0000,0.0000,0,stuck_too_long
5311,101,-525.46,0.00,10.10,0.0000,0.0000,0,stuck_too_long
5312,101,-526.68,0.00,10.10,0.0000,0.0000,0,stuck_too_long
5313,101,-526.02,0.00,10.10,0.0000,0.0000,0,stuck_too_long
5314,101,-524.48,0.00,10.10,0.0000,0.0000,0,stuck_too_long
3571,101,-528.17,0.00,10.10,0.0000,0.0000,0,stuck_too_long
3572,101,-526.32,0.00,10.10,0.0000,0.0000,0,stuck_too_long
3573,101,-525.84,0.00,10.10,0.0000,0.0000,0,stuck_too_long
3574,101,-527.63,0.00,10.10,0.0000,0.0000,0,stuck_too_long
3575,101,-526.26,0.00,10.10,0.0000,0.0000,0,stuck_too_long
3576,101,-526.06,0.00,10.10,0.0000,0.0000,0,stuck_too_long
3577,101,-524.60,0.00,10.10,0.0000,0.0000,0,stuck_too_long
3578,101,-525.77,0.00,10.10,0.0000,0.0000,0,stuck_too_long
3579,101,-525.86,0.00,10.10,0.0000,0.0000,0,stuck_too_long
3580,101,-527.10,0.00,10.10,0.0000,0.0000,0,stuck_too_long
5315,101,-528.57,0.00,10.10,0.0000,0.0000,0,stuck_too_long
5316,101,-525.17,0.00,10.10,0.0000,0.0000,0,stuck_too_long
5317,101,-526.21,0.00,10.10,0.0000,0.0000,0,stuck_too_long
5318,101,-525.42,0.00,10.10,0.0000,0.0000,0,stuck_too_long
5319,101,-525.60,0.00,10.10,0.0000,0.0000,0,stuck_too_long
5320,101,-526.22,0.00,10.10,0.0000,0.0000,0,stuck_too_long
5321,101,-525.36,0.00,10.10,0.0000,0.0000,0,stuck_too_long
5322,101,-525.90,0.00,10.10,0.0000,0.0000,0,stuck_too_long
5323,101,-525.79,0.00,10.10,0.0000,0.0000,0,stuck_too_long
5324,101,-526.19,0.00,10.10,0.0000,0.0000,0,stuck_too_long
5325,101,-527.35,0.00,10.10,0.0000,0.0000,0,stuck_too_long
5326,101,-527.58,0.00,10.10,0.0000,0.0000,0,stuck_too_long
5327,101,-527.18,0.00,10.10,0.0000,0.0000,0,stuck_too_long
5328,101,-525.97,0.00,10.10,0.0000,0.0000,0,stuck_too_long
5329,101,-526.69,0.00,10.10,0.0000,0.0000,0,stuck_too_long
5330,101,-525.91,0.00,10.10,0.0000,0.0000,0,stuck_too_long
5331,101,-525.24,0.00,10.10,0.0000,0.0000,0,stuck_too_long
5332,101,-525.82,0.00,10.10,0.0000,0.0000,0,stuck_too_long
5333,101,-525.27,0.00,10.10,0.0000,0.0000,0,stuck_too_long
5334,101,-526.20,0.00,10.10,0.0000,0.0000,0,stuck_too_long
3581,101,-525.39,0.00,10.10,0.0000,0.0000,0,stuck_too_long
3582,101,-525.58,0.00,10.10,0.0000,0.0000,0,stuck_too_long
3583,101,-526.51,0.00,10.10,0.0000,0.0000,0,stuck_too_long
3584,101,-525.64,0.00,10.10,0.0000,0.0000,0,stuck_too_long
3585,101,-525.07,0.00,10.10,0.0000,0.0000,0,stuck_too_long
3586,101,-526.24,0.00,10.10,0.0000,0.0000,0,stuck_too_long
3587,101,-526.18,0.00,10.10,0.0000,0.0000,0,stuck_too_long
3588,101,-526.75,0.00,10.10,0.0000,0.0000,0,stuck_too_long
3589,101,-526.67,0.00,10.10,0.0000,0.0000,0,stuck_too_long
3590,101,-526.82,0.00,10.10,0.0000,0.0000,0,stuck_too_long
5335,101,-524.48,0.00,10.10,0.0000,0.0000,0,stuck_too_long
5336,101,-525.27,0.00,10.10,0.0000,0.0000,0,stuck_too_long
5337,101,-525.73,0.00,10.10,0.0000,0.0000,0,stuck_too_long
5338,101,-525.89,0.00,10.10,0.0000,0.0000,0,stuck_too_long
5339,101,-526.23,0.00,10.10,0.0000,0.0000,0,stuck_too_long
5340,101,-527.78,0.00,10.10,0.0000,0.0000,0,stuck_too_long
5341,101,-524.15,0.00,10.10,0.0000,0.0000,0,stuck_too_long
5342,101,-525.50,0.00,10.10,0.0000,0.0000,0,stuck_too_long
5343,101,-525.42,0.00,10.10,0.0000,0.0000,0,stuck_too_long
5344,101,-526.57,0.00,10.10,0.0000,0.0000,0,stuck_too_long
5345,101,-525.59,0.00,10.10,0.0000,0.0000,0,stuck_too_long
5346,101,-526.60,0.00,10.10,0.0000,0.0000,0,stuck_too_long
5347,101,-525.77,0.00,10.10,0.0000,0.0000,0,stuck_too_long
5348,101,-525.14,0.00,10.10,0.0000,0.0000,0,stuck_too_long
5349,101,-527.77,0.00,10.10,0.0000,0.0000,0,stuck_too_long
5350,101,-526.35,0.00,10.10,0.0000,0.0000,0,stuck_too_long
5351,101,-526.21,0.00,10.10,0.0000,0.0000,0,stuck_too_long
5352,101,-527.55,0.00,10.10,0.0000,0.0000,0,stuck_too_long
5353,101,-527.20,0.00,10.10,0.0000,0.0000,0,stuck_too_long
5354,101,-524.66,0.00,10.10,0.0000,0.0000,0,stuck_too_long
3591,101,-525.44,0.00,10.10,0.0000,0.0000,0,stuck_too_long
3592,101,-527.58,0.00,10.10,0.0000,0.0000,0,stuck_too_long
3593,101,-526.59,0.00,10.10,0.0000,0.0000,0,stuck_too_long
3594,101,-524.38,0.00,10.10,0.0000,0.0000,0,stuck_too_long
3595,101,-526.54,0.00,10.10,0.0000,0.0000,0,stuck_too_long
3596,101,-524.79,0.00,10.10,0.0000,0.0000,0,stuck_too_long
3597,101,-527.85,0.00,10.10,0.0000,0.0000,0,stuck_too_long
3598,101,-526.62,0.00,10.10,0.0000,0.0000,0,stuck_too_long
3599,101,-527.00,0.00,10.10,0.0000,0.0000,0,stuck_too_long
3600,101,-525.97,0.00,10.10,0.0000,0.0000,0,stuck_too_long
5355,101,-527.47,0.00,10.10,0.0000,0.0000,0,stuck_too_long
5356,101,-524.99,0.00,10.10,0.0000,0.0000,0,stuck_too_long
5357,101,-524.08,0.00,10.10,0.0000,0.0000,0,stuck_too_long
5358,101,-524.66,0.00,10.10,0.0000,0.0000,0,stuck_too_long
5359,101,-527.24,0.00,10.10,0.0000,0.0000,0,stuck_too_long
5360,101,-526.40,0.00,10.10,0.0000,0.0000,0,stuck_too_long
5361,101,-524.76,0.00,10.10,0.0000,0.0000,0,stuck_too_long
5362,101,-526.13,0.00,10.10,0.0000,0.0000,0,stuck_too_long
5363,101,-527.37,0.00,10.10,0.0000,0.0000,0,stuck_too_long
5364,101,-524.66,0.00,10.10,0.0000,0.0000,0,stuck_too_long
5365,101,-526.01,0.00,10.10,0.0000,0.0000,0,stuck_too_long
5366,101,-527.32,0.00,10.10,0.0000,0.0000,0,stuck_too_long
5367,101,-525.91,0.00,10.10,0.0000,0.0000,0,stuck_too_long
5368,101,-526.26,0.00,10.10,0.0000,0.0000,0,stuck_too_long
5369,101,-525.78,0.00,10.10,0.0000,0.0000,0,stuck_too_long
5370,101,-525.43,0.00,10.10,0.0000,0.0000,0,stuck_too_long
5371,101,-525.60,0.00,10.10,0.0000,0.0000,0,stuck_too_long
5372,101,-524.16,0.00,10.10,0.0000,0.0000,0,stuck_too_long
5373,101,-525.66,0.00,10.10,0.0000,0.0000,0,stuck_too_long
5374,101,-525.81,0.00,10.10,0.0000,0.0000,0,stuck_too_long
3601,101,-525.84,0.00,10.10,0.0000,0.0000,0,stuck_too_long
3602,101,-526.14,0.00,10.10,0.0000,0.0000,0,stuck_too_long
3603,101,-524.74,0.00,10.10,0.0000,0.0000,0,stuck_too_long
3604,101,-524.97,0.00,10.10,0.0000,0.0000,0,stuck_too_long
3605,101,-525.73,0.00,10.10,0.0000,0.0000,0,stuck_too_long
3606,101,-525.49,0.00,10.10,0.0000,0.0000,0,stuck_too_long
3607,101,-524.19,0.00,10.10,0.0000,0.0000,0,stuck_too_long
3608,101,-525.41,0.00,10.10,0.0000,0.0000,0,stuck_too_long
3609,101,-525.69,0.00,10.10,0.0000,0.0000,0,stuck_too_long
3610,101,-526.52,0.00,10.10,0.0000,0.0000,0,stuck_too_long
5375,101,-526.20,0.00,10.10,0.0000,0.0000,0,stuck_too_long
5376,101,-525.56,0.00,10.10,0.0000,0.0000,0,stuck_too_long
5377,101,-526.18,0.00,10.10,0.0000,0.0000,0,stuck_too_long
5378,101,-524.85,0.00,10.10,0.0000,0.0000,0,stuck_too_long
5379,101,-525.56,0.00,10.10,0.0000,0.0000,0,stuck_too_long
5380,101,-526.29,0.00,10.10,0.0000,0.0000,0,stuck_too_long
5381,101,-526.52,0.00,10.10,0.0000,0.0000,0,stuck_too_long
5382,101,-526.85,0.00,10.10,0.0000,0.0000,0,stuck_too_long
5383,101,-525.69,0.00,10.10,0.0000,0.0000,0,stuck_too_long
5384,101,-524.29,0.00,10.10,0.0000,0.0000,0,stuck_too_long
5385,101,-526.46,0.00,10.10,0.0000,0.0000,0,stuck_too_long
5386,101,-524.59,0.00,10.10,0.0000,0.0000,0,stuck_too_long
5387,101,-527.12,0.00,10.10,0.0000,0.0000,0,stuck_too_long
5388,101,-527.41,0.00,10.10,0.0000,0.0000,0,stuck_too_long
5389,101,-527.36,0.00,10.10,0.0000,0.0000,0,stuck_too_long
5390,101,-524.54,0.00,10.10,0.0000,0.0000,0,stuck_too_long
5391,101,-525.73,0.00,10.10,0.0000,0.0000,0,stuck_too_long
5392,101,-524.58,0.00,10.10,0.0000,0.0000,0,stuck_too_long
5393,101,-525.80,0.00,10.10,0.0000,0.0000,0,stuck_too_long
5394,101,-527.11,0.00,10.10,0.0000,0.0000,0,stuck_too_long
5395,101,-526.14,0.00,10.10,0.0000,0.0000,0,stuck_too_long
3611,101,-527.43,0.00,10.10,0.0000,0.0000,0,stuck_too_long
3612,101,-526.77,0.00,10.10,0.0000,0.0000,0,stuck_too_long
3613,101,-525.57,0.00,10.10,0.0000,0.0000,0,stuck_too_long
3614,101,-525.74,0.00,10.10,0.0000,0.0000,0,stuck_too_long
3615,101,-526.88,0.00,10.10,0.0000,0.0000,0,stuck_too_long
3616,101,-524.59,0.00,10.10,0.0000,0.0000,0,stuck_too_long
3617,101,-526.09,0.00,10.10,0.0000,0.0000,0,stuck_too_long
3618,101,-525.20,0.00,10.10,0.0000,0.0000,0,stuck_too_long
3619,101,-525.82,0.00,10.10,0.0000,0.0000,0,stuck_too_long
3620,101,-524.76,0.00,10.10,0.0000,0.0000,0,stuck_too_long
5396,101,-525.43,0.00,10.10,0.0000,0.0000,0,stuck_too_long
5397,101,-527.09,0.00,10.10,0.0000,0.0000,0,stuck_too_long
5398,101,-524.23,0.00,10.10,0.0000,0.0000,0,stuck_too_long
5399,101,-525.46,0.00,10.10,0.0000,0.0000,0,stuck_too_long
5400,101,-525.62,0.00,10.10,0.0000,0.0000,0,stuck_too_long
5401,101,-527.39,0.00,10.10,0.0000,0.0000,0,stuck_too_long
5402,101,-525.39,0.00,10.10,0.0000,0.0000,0,stuck_too_long
5403,101,-525.79,0.00,10.10,0.0000,0.0000,0,stuck_too_long
5404,101,-526.12,0.00,10.10,0.0000,0.0000,0,stuck_too_long
5405,101,-526.60,0.00,10.10,0.0000,0.0000,0,stuck_too_long
5406,101,-526.59,0.00,10.10,0.0000,0.0000,0,stuck_too_long
5407,101,-525.57,0.00,10.10,0.0000,0.0000,0,stuck_too_long
5408,101,-524.70,0.00,10.10,0.0000,0.0000,0,stuck_too_long
5409,101,-527.79,0.00,10.10,0.0000,0.0000,0,stuck_too_long
5410,101,-526.77,0.00,10.10,0.0000,0.0000,0,stuck_too_long
5411,101,-527.80,0.00,10.10,0.0000,0.0000,0,stuck_too_long
5412,101,-524.75,0.00,10.10,0.0000,0.0000,0,stuck_too_long
5413,101,-525.47,0.00,10.10,0.0000,0.0000,0,stuck_too_long
5414,101,-523.67,0.00,10.10,0.0000,0.0000,0,stuck_too_long
5415,101,-526.90,0.00,10.10,0.0000,0.0000,0,stuck_too_long
3621,101,-527.55,0.00,10.10,0.0000,0.0000,0,stuck_too_long
3622,101,-526.70,0.00,10.10,0.0000,0.0000,0,stuck_too_long
3623,101,-524.34,0.00,10.10,0.0000,0.0000,0,stuck_too_long
3624,101,-526.75,0.00,10.10,0.0000,0.0000,0,stuck_too_long
3625,101,-524.42,0.00,10.10,0.0000,0.0000,0,stuck_too_long
3626,101,-526.58,0.00,10.10,0.0000,0.0000,0,stuck_too_long
3627,101,-528.38,0.00,10.10,0.0000,0.0000,0,stuck_too_long
3628,101,-526.02,0.00,10.10,0.0000,0.0000,0,stuck_too_long
3629,101,-525.15,0.00,10.10,0.0000,0.0000,0,stuck_too_long
3630,101,-524.84,0.00,10.10,0.0000,0.0000,0,stuck_too_long
5416,101,-524.45,0.00,10.10,0.0000,0.0000,0,stuck_too_long
5417,101,-527.07,0.00,10.10,0.0000,0.0000,0,stuck_too_long
5418,101,-525.49,0.00,10.10,0.0000,0.0000,0,stuck_too_long
5419,101,-525.76,0.00,10.10,0.0000,0.0000,0,stuck_too_long
5420,101,-527.00,0.00,10.10,0.0000,0.0000,0,stuck_too_long
5421,101,-524.13,0.00,10.10,0.0000,0.0000,0,stuck_too_long
5422,101,-525.45,0.00,10.10,0.0000,0.0000,0,stuck_too_long
5423,101,-524.79,0.00,10.10,0.0000,0.0000,0,stuck_too_long
5424,101,-525.71,0.00,10.10,0.0000,0.0000,0,stuck_too_long
5425,101,-525.54,0.00,10.10,0.0000,0.0000,0,stuck_too_long
5426,101,-525.12,0.00,10.10,0.0000,0.0000,0,stuck_too_long
5427,101,-526.02,0.00,10.10,0.0000,0.0000,0,stuck_too_long
5428,101,-526.32,0.00,10.10,0.0000,0.0000,0,stuck_too_long
5429,101,-527.20,0.00,10.10,0.0000,0.0000,0,stuck_too_long
5430,101,-526.31,0.00,10.10,0.0000,0.0000,0,stuck_too_long
5431,101,-527.33,0.00,10.10,0.0000,0.0000,0,stuck_too_long
5432,101,-525.76,0.00,10.10,0.0000,0.0000,0,stuck_too_long
5433,101,-527.89,0.00,10.10,0.0000,0.0000,0,stuck_too_long
5434,101,-526.34,0.00,10.10,0.0000,0.0000,0,stuck_too_long
5435,101,-527.52,0.00,10.10,0.0000,0.0000,0,stuck_too_long
3631,101,-527.59,0.00,10.10,0.0000,0.0000,0,stuck_too_long
3632,101,-525.41,0.00,10.10,0.0000,0.0000,0,stuck_too_long
3633,101,-525.06,0.00,10.10,0.0000,0.0000,0,stuck_too_long
3634,101,-527.32,0.00,10.10,0.0000,0.0000,0,stuck_too_long
3635,101,-526.01,0.00,10.10,0.0000,0.0000,0,stuck_too_long
3636,101,-526.70,0.00,10.10,0.0000,0.0000,0,stuck_too_long
3637,101,-527.80,0.00,10.10,0.0000,0.0000,0,stuck_too_long
3638,101,-523.97,0.00,10.10,0.0000,0.0000,0,stuck_too_long
3639,101,-525.90,0.00,10.10,0.0000,0.0000,0,stuck_too_long
3640,101,-526.54,0.00,10.10,0.0000,0.0000,0,stuck_too_long
5436,101,-526.68,0.00,10.10,0.0000,0.0000,0,stuck_too_long
5437,101,-527.36,0.00,10.10,0.0000,0.0000,0,stuck_too_long
5438,101,-525.78,0.00,10.10,0.0000,0.0000,0,stuck_too_long
5439,101,-525.40,0.00,10.10,0.0000,0.0000,0,stuck_too_long
5440,101,-526.98,0.00,10.10,0.0000,0.0000,0,stuck_too_long
5441,101,-525.04,0.00,10.10,0.0000,0.0000,0,stuck_too_long
5442,101,-526.29,0.00,10.10,0.0000,0.0000,0,stuck_too_long
5443,101,-524.41,0.00,10.10,0.0000,0.0000,0,stuck_too_long
5444,101,-524.98,0.00,10.10,0.0000,0.0000,0,stuck_too_long
5445,101,-526.83,0.00,10.10,0.0000,0.0000,0,stuck_too_long
5446,101,-527.28,0.00,10.10,0.0000,0.0000,0,stuck_too_long
5447,101,-526.46,0.00,10.10,0.0000,0.0000,0,stuck_too_long
5448,101,-525.52,0.00,10.10,0.0000,0.0000,0,stuck_too_long
5449,101,-526.68,0.00,10.10,0.0000,0.0000,0,stuck_too_long
5450,101,-526.07,0.00,10.10,0.0000,0.0000,0,stuck_too_long
5451,101,-523.63,0.00,10.10,0.0000,0.0000,0,stuck_too_long
5452,101,-526.93,0.00,10.10,0.0000,0.0000,0,stuck_too_long
5453,101,-525.72,0.00,10.10,0.0000,0.0000,0,stuck_too_long
5454,101,-526.37,0.00,10.10,0.0000,0.0000,0,stuck_too_long
5455,101,-526.18,0.00,10.10,0.0000,0.0000,0,stuck_too_long
5456,101,-528.30,0.00,10.10,0.0000,0.0000,0,stuck_too_long
3641,101,-526.94,0.00,10.10,0.0000,0.0000,0,stuck_too_long
3642,101,-525.60,0.00,10.10,0.0000,0.0000,0,stuck_too_long
3643,101,-525.21,0.00,10.10,0.0000,0.0000,0,stuck_too_long
3644,101,-527.52,0.00,10.10,0.0000,0.0000,0,stuck_too_long
3645,101,-527.07,0.00,10.10,0.0000,0.0000,0,stuck_too_long
3646,101,-525.50,0.00,10.10,0.0000,0.0000,0,stuck_too_long
3647,101,-526.69,0.00,10.10,0.0000,0.0000,0,stuck_too_long
3648,101,-527.25,0.00,10.10,0.0000,0.0000,0,stuck_too_long
3649,101,-525.93,0.00,10.10,0.0000,0.0000,0,stuck_too_long
3650,101,-525.37,0.00,10.10,0.0000,0.0000,0,stuck_too_long
5457,101,-526.79,0.00,10.10,0.0000,0.0000,0,stuck_too_long
5458,101,-528.37,0.00,10.10,0.0000,0.0000,0,stuck_too_long
5459,101,-527.20,0.00,10.10,0.0000,0.0000,0,stuck_too_long
5460,101,-527.94,0.00,10.10,0.0000,0.0000,0,stuck_too_long
5461,101,-526.65,0.00,10.10,0.0000,0.0000,0,stuck_too_long
5462,101,-527.29,0.00,10.10,0.0000,0.0000,0,stuck_too_long
5463,101,-528.94,0.00,10.10,0.0000,0.0000,0,stuck_too_long
5464,101,-525.76,0.00,10.10,0.0000,0.0000,0,stuck_too_long
5465,101,-528.74,0.00,10.10,0.0000,0.0000,0,stuck_too_long
5466,101,-526.58,0.00,10.10,0.0000,0.0000,0,stuck_too_long
5467,101,-526.49,0.00,10.10,0.0000,0.0000,0,stuck_too_long
5468,101,-527.09,0.00,10.10,0.0000,0.0000,0,stuck_too_long
5469,101,-524.51,0.00,10.10,0.0000,0.0000,0,stuck_too_long
5470,101,-526.00,0.00,10.10,0.0000,0.0000,0,stuck_too_long
5471,101,-525.57,0.00,10.10,0.0000,0.0000,0,stuck_too_long
5472,101,-525.50,0.00,10.10,0.0000,0.0000,0,stuck_too_long
5473,101,-526.24,0.00,10.10,0.0000,0.0000,0,stuck_too_long
5474,101,-525.12,0.00,10.10,0.0000,0.0000,0,stuck_too_long
5475,101,-525.50,0.00,10.10,0.0000,0.0000,0,stuck_too_long
5476,101,-525.41,0.00,10.10,0.0000,0.0000,0,stuck_too_long
3651,101,-528.52,0.00,10.10,0.0000,0.0000,0,stuck_too_long
3652,101,-526.76,0.00,10.10,0.0000,0.0000,0,stuck_too_long
3653,101,-527.04,0.00,10.10,0.0000,0.0000,0,stuck_too_long
3654,101,-527.58,0.00,10.10,0.0000,0.0000,0,stuck_too_long
3655,101,-525.49,0.00,10.10,0.0000,0.0000,0,stuck_too_long
3656,101,-526.01,0.00,10.10,0.0000,0.0000,0,stuck_too_long
3657,101,-526.00,0.00,10.10,0.0000,0.0000,0,stuck_too_long
3658,101,-526.86,0.00,10.10,0.0000,0.0000,0,stuck_too_long
3659,101,-526.80,0.00,10.10,0.0000,0.0000,0,stuck_too_long
3660,101,-526.09,0.00,10.10,0.0000,0.0000,0,stuck_too_long
5477,101,-527.87,0.00,10.10,0.0000,0.0000,0,stuck_too_long
5478,101,-527.43,0.00,10.10,0.0000,0.0000,0,stuck_too_long
5479,101,-527.19,0.00,10.10,0.0000,0.0000,0,stuck_too_long
5480,101,-525.88,0.00,10.10,0.0000,0.0000,0,stuck_too_long
5481,101,-525.32,0.00,10.10,0.0000,0.0000,0,stuck_too_long
5482,101,-526.21,0.00,10.10,0.0000,0.0000,0,stuck_too_long
5483,101,-525.23,0.00,10.10,0.0000,0.0000,0,stuck_too_long
5484,101,-525.01,0.00,10.10,0.0000,0.0000,0,stuck_too_long
5485,101,-524.93,0.00,10.10,0.0000,0.0000,0,stuck_too_long
5486,101,-527.81,0.00,10.10,0.0000,0.0000,0,stuck_too_long
5487,101,-526.47,0.00,10.10,0.0000,0.0000,0,stuck_too_long
5488,101,-525.76,0.00,10.10,0.0000,0.0000,0,stuck_too_long
5489,101,-525.60,0.00,10.10,0.0000,0.0000,0,stuck_too_long
5490,101,-527.26,0.00,10.10,0.0000,0.0000,0,stuck_too_long
5491,101,-525.71,0.00,10.10,0.0000,0.0000,0,stuck_too_long
5492,101,-527.88,0.00,10.10,0.0000,0.0000,0,stuck_too_long
5493,101,-525.78,0.00,10.10,0.0000,0.0000,0,stuck_too_long
5494,101,-527.11,0.00,10.10,0.0000,0.0000,0,stuck_too_long
5495,101,-525.12,0.00,10.10,0.0000,0.0000,0,stuck_too_long
5496,101,-524.66,0.00,10.10,0.0000,0.0000,0,stuck_too_long
3661,101,-527.02,0.00,10.10,0.0000,0.0000,0,stuck_too_long
3662,101,-525.86,0.00,10.10,0.0000,0.0000,0,stuck_too_long
3663,101,-525.84,0.00,10.10,0.0000,0.0000,0,stuck_too_long
3664,101,-526.84,0.00,10.10,0.0000,0.0000,0,stuck_too_long
3665,101,-526.14,0.00,10.10,0.0000,0.0000,0,stuck_too_long
3666,101,-526.90,0.00,10.10,0.0000,0.0000,0,stuck_too_long
3667,101,-525.50,0.00,10.10,0.0000,0.0000,0,stuck_too_long
3668,101,-525.67,0.00,10.10,0.0000,0.0000,0,stuck_too_long
3669,101,-526.61,0.00,10.10,0.0000,0.0000,0,stuck_too_long
3670,101,-526.30,0.00,10.10,0.0000,0.0000,0,stuck_too_long
5497,101,-527.03,0.00,10.10,0.0000,0.0000,0,stuck_too_long
5498,101,-526.84,0.00,10.10,0.0000,0.0000,0,stuck_too_long
5499,101,-527.35,0.00,10.10,0.0000,0.0000,0,stuck_too_long
5500,101,-527.93,0.00,10.10,0.0000,0.0000,0,stuck_too_long
5501,101,-526.70,0.00,10.10,0.0000,0.0000,0,stuck_too_long
5502,101,-527.60,0.00,10.10,0.0000,0.0000,0,stuck_too_long
5503,101,-527.15,0.00,10.10,0.0000,0.0000,0,stuck_too_long
5504,101,-526.20,0.00,10.10,0.0000,0.0000,0,stuck_too_long
5505,101,-528.42,0.00,10.10,0.0000,0.0000,0,stuck_too_long
5506,101,-525.55,0.00,10.10,0.0000,0.0000,0,stuck_too_long
5507,101,-527.39,0.00,10.10,0.0000,0.0000,0,stuck_too_long
5508,101,-526.94,0.00,10.10,0.0000,0.0000,0,stuck_too_long
5509,101,-527.24,0.00,10.10,0.0000,0.0000,0,stuck_too_long
5510,101,-525.87,0.00,10.10,0.0000,0.0000,0,stuck_too_long
5511,101,-526.45,0.00,10.10,0.0000,0.0000,0,stuck_too_long
5512,101,-526.76,0.00,10.10,0.0000,0.0000,0,stuck_too_long
5513,101,-527.27,0.00,10.10,0.0000,0.0000,0,stuck_too_long
5514,101,-525.15,0.00,10.10,0.0000,0.0000,0,stuck_too_long
5515,101,-527.24,0.00,10.10,0.0000,0.0000,0,stuck_too_long
5516,101,-526.45,0.00,10.10,0.0000,0.0000,0,stuck_too_long
3671,101,-526.33,0.00,10.10,0.0000,0.0000,0,stuck_too_long
3672,101,-527.62,0.00,10.10,0.0000,0.0000,0,stuck_too_long
3673,101,-525.59,0.00,10.10,0.0000,0.0000,0,stuck_too_long
3674,101,-526.53,0.00,10.10,0.0000,0.0000,0,stuck_too_long
3675,101,-525.88,0.00,10.10,0.0000,0.0000,0,stuck_too_long
3676,101,-526.31,0.00,10.10,0.0000,0.0000,0,stuck_too_long
3677,101,-527.54,0.00,10.10,0.0000,0.0000,0,stuck_too_long
3678,101,-526.42,0.00,10.10,0.0000,0.0000,0,stuck_too_long
3679,101,-526.25,0.00,10.10,0.0000,0.0000,0,stuck_too_long
3680,101,-527.45,0.00,10.10,0.0000,0.0000,0,stuck_too_long
5517,101,-526.81,0.00,10.10,0.0000,0.0000,0,stuck_too_long
5518,101,-525.55,0.00,10.10,0.0000,0.0000,0,stuck_too_long
5519,101,-526.45,0.00,10.10,0.0000,0.0000,0,stuck_too_long
5520,101,-524.45,0.00,10.10,0.0000,0.0000,0,stuck_too_long
5521,101,-525.52,0.00,10.10,0.0000,0.0000,0,stuck_too_long
5522,101,-523.87,0.00,10.10,0.0000,0.0000,0,stuck_too_long
5523,101,-526.15,0.00,10.10,0.0000,0.0000,0,stuck_too_long
5524,101,-527.07,0.00,10.10,0.0000,0.0000,0,stuck_too_long
5525,101,-525.98,0.00,10.10,0.0000,0.0000,0,stuck_too_long
5526,101,-526.53,0.00,10.10,0.0000,0.0000,0,stuck_too_long
5527,101,-528.18,0.00,10.10,0.0000,0.0000,0,stuck_too_long
5528,101,-525.35,0.00,10.10,0.0000,0.0000,0,stuck_too_long
5529,101,-527.25,0.00,10.10,0.0000,0.0000,0,stuck_too_long
5530,101,-527.88,0.00,10.10,0.0000,0.0000,0,stuck_too_long
5531,101,-527.10,0.00,10.10,0.0000,0.0000,0,stuck_too_long
5532,101,-525.29,0.00,10.10,0.0000,0.0000,0,stuck_too_long
5533,101,-526.07,0.00,10.10,0.0000,0.0000,0,stuck_too_long
5534,101,-526.71,0.00,10.10,0.0000,0.0000,0,stuck_too_long
5535,101,-526.05,0.00,10.10,0.0000,0.0000,0,stuck_too_long
5536,101,-525.30,0.00,10.10,0.0000,0.0000,0,stuck_too_long
5537,101,-526.73,0.00,10.10,0.0000,0.0000,0,stuck_too_long
3681,101,-525.53,0.00,10.10,0.0000,0.0000,0,stuck_too_long
3682,101,-526.99,0.00,10.10,0.0000,0.0000,0,stuck_too_long
3683,101,-526.58,0.00,10.10,0.0000,0.0000,0,stuck_too_long
3684,101,-525.44,0.00,10.10,0.0000,0.0000,0,stuck_too_long
3685,101,-527.26,0.00,10.10,0.0000,0.0000,0,stuck_too_long
3686,101,-526.83,0.00,10.10,0.0000,0.0000,0,stuck_too_long
3687,101,-527.92,0.00,10.10,0.0000,0.0000,0,stuck_too_long
3688,101,-525.70,0.00,10.10,0.0000,0.0000,0,stuck_too_long
3689,101,-528.12,0.00,10.10,0.0000,0.0000,0,stuck_too_long
3690,101,-526.23,0.00,10.10,0.0000,0.0000,0,stuck_too_long
5538,101,-525.84,0.00,10.10,0.0000,0.0000,0,stuck_too_long
5539,101,-526.56,0.00,10.10,0.0000,0.0000,0,stuck_too_long
5540,101,-526.77,0.00,10.10,0.0000,0.0000,0,stuck_too_long
5541,101,-526.48,0.00,10.10,0.0000,0.0000,0,stuck_too_long
5542,101,-527.40,0.00,10.10,0.0000,0.0000,0,stuck_too_long
5543,101,-525.88,0.00,10.10,0.0000,0.0000,0,stuck_too_long
5544,101,-526.44,0.00,10.10,0.0000,0.0000,0,stuck_too_long
5545,101,-526.05,0.00,10.10,0.0000,0.0000,0,stuck_too_long
5546,101,-525.83,0.00,10.10,0.0000,0.0000,0,stuck_too_long
5547,101,-526.45,0.00,10.10,0.0000,0.0000,0,stuck_too_long
5548,101,-524.61,0.00,10.10,0.0000,0.0000,0,stuck_too_long
5549,101,-525.54,0.00,10.10,0.0000,0.0000,0,stuck_too_long
5550,101,-525.70,0.00,10.10,0.0000,0.0000,0,stuck_too_long
5551,101,-525.18,0.00,10.10,0.0000,0.0000,0,stuck_too_long
5552,101,-526.56,0.00,10.10,0.0000,0.0000,0,stuck_too_long
5553,101,-525.64,0.00,10.10,0.0000,0.0000,0,stuck_too_long
5554,101,-527.41,0.00,10.10,0.0000,0.0000,0,stuck_too_long
5555,101,-526.43,0.00,10.10,0.0000,0.0000,0,stuck_too_long
5556,101,-526.59,0.00,10.10,0.0000,0.0000,0,stuck_too_long
5557,101,-527.29,0.00,10.10,0.0000,0.0000,0,stuck_too_long
3691,101,-526.99,0.00,10.10,0.0000,0.0000,0,stuck_too_long
3692,101,-525.70,0.00,10.10,0.0000,0.0000,0,stuck_too_long
3693,101,-525.54,0.00,10.10,0.0000,0.0000,0,stuck_too_long
3694,101,-526.32,0.00,10.10,0.0000,0.0000,0,stuck_too_long
3695,101,-525.51,0.00,10.10,0.0000,0.0000,0,stuck_too_long
3696,101,-526.70,0.00,10.10,0.0000,0.0000,0,stuck_too_long
3697,101,-526.44,0.00,10.10,0.0000,0.0000,0,stuck_too_long
3698,101,-528.11,0.00,10.10,0.0000,0.0000,0,stuck_too_long
3699,101,-526.46,0.00,10.10,0.0000,0.0000,0,stuck_too_long
3700,101,-527.05,0.00,10.10,0.0000,0.0000,0,stuck_too_long
5558,101,-525.76,0.00,10.10,0.0000,0.0000,0,stuck_too_long
5559,101,-527.59,0.00,10.10,0.0000,0.0000,0,stuck_too_long
5560,101,-527.40,0.00,10.10,0.0000,0.0000,0,stuck_too_long
5561,101,-525.91,0.00,10.10,0.0000,0.0000,0,stuck_too_long
5562,101,-526.42,0.00,10.10,0.0000,0.0000,0,stuck_too_long
5563,101,-527.03,0.00,10.10,0.0000,0.0000,0,stuck_too_long
5564,101,-527.28,0.00,10.10,0.0000,0.0000,0,stuck_too_long
5565,101,-525.33,0.00,10.10,0.0000,0.0000,0,stuck_too_long
5566,101,-527.35,0.00,10.10,0.0000,0.0000,0,stuck_too_long
5567,101,-526.20,0.00,10.10,0.0000,0.0000,0,stuck_too_long
5568,101,-525.37,0.00,10.10,0.0000,0.0000,0,stuck_too_long
5569,101,-526.20,0.00,10.10,0.0000,0.0000,0,stuck_too_long
5570,101,-526.60,0.00,10.10,0.0000,0.0000,0,stuck_too_long
5571,101,-526.91,0.00,10.10,0.0000,0.0000,0,stuck_too_long
5572,101,-524.38,0.00,10.10,0.0000,0.0000,0,stuck_too_long
5573,101,-525.30,0.00,10.10,0.0000,0.0000,0,stuck_too_long
5574,101,-526.11,0.00,10.10,0.0000,0.0000,0,stuck_too_long
5575,101,-524.52,0.00,10.10,0.0000,0.0000,0,stuck_too_long
5576,101,-527.57,0.00,10.10,0.0000,0.0000,0,stuck_too_long
5577,101,-526.17,0.00,10.10,0.0000,0.0000,0,stuck_too_long
3701,101,-526.73,0.00,10.10,0.0000,0.0000,0,stuck_too_long
3702,101,-527.14,0.00,10.10,0.0000,0.0000,0,stuck_too_long
3703,101,-527.01,0.00,10.10,0.0000,0.0000,0,stuck_too_long
3704,101,-526.09,0.00,10.10,0.0000,0.0000,0,stuck_too_long
3705,101,-525.74,0.00,10.10,0.0000,0.0000,0,stuck_too_long
3706,101,-526.32,0.00,10.10,0.0000,0.0000,0,stuck_too_long
3707,101,-526.46,0.00,10.10,0.0000,0.0000,0,stuck_too_long
3708,101,-528.35,0.00,10.10,0.0000,0.0000,0,stuck_too_long
3709,101,-525.54,0.00,10.10,0.0000,0.0000,0,stuck_too_long
3710,101,-526.22,0.00,10.10,0.0000,0.0000,0,stuck_too_long
5578,101,-525.77,0.00,10.10,0.0000,0.0000,0,stuck_too_long
5579,101,-524.88,0.00,10.10,0.0000,0.0000,0,stuck_too_long
5580,101,-527.98,0.00,10.10,0.0000,0.0000,0,stuck_too_long
5581,101,-525.99,0.00,10.10,0.0000,0.0000,0,stuck_too_long
5582,101,-525.21,0.00,10.10,0.0000,0.0000,0,stuck_too_long
5583,101,-526.86,0.00,10.10,0.0000,0.0000,0,stuck_too_long
5584,101,-526.49,0.00,10.10,0.0000,0.0000,0,stuck_too_long
5585,101,-524.88,0.00,10.10,0.0000,0.0000,0,stuck_too_long
5586,101,-525.83,0.00,10.10,0.0000,0.0000,0,stuck_too_long
5587,101,-525.59,0.00,10.10,0.0000,0.0000,0,stuck_too_long
5588,101,-526.31,0.00,10.10,0.0000,0.0000,0,stuck_too_long
5589,101,-526.60,0.00,10.10,0.0000,0.0000,0,stuck_too_long
5590,101,-525.11,0.00,10.10,0.0000,0.0000,0,stuck_too_long
5591,101,-526.29,0.00,10.10,0.0000,0.0000,0,stuck_too_long
5592,101,-526.58,0.00,10.10,0.0000,0.0000,0,stuck_too_long
5593,101,-526.76,0.00,10.10,0.0000,0.0000,0,stuck_too_long
5594,101,-525.27,0.00,10.10,0.0000,0.0000,0,stuck_too_long
5595,101,-526.15,0.00,10.10,0.0000,0.0000,0,stuck_too_long
5596,101,-526.06,0.00,10.10,0.0000,0.0000,0,stuck_too_long
5597,101,-528.11,0.00,10.10,0.0000,0.0000,0,stuck_too_long
3711,101,-526.40,0.00,10.10,0.0000,0.0000,0,stuck_too_long
3712,101,-526.15,0.00,10.10,0.0000,0.0000,0,stuck_too_long
3713,101,-525.73,0.00,10.10,0.0000,0.0000,0,stuck_too_long
3714,101,-525.47,0.00,10.10,0.0000,0.0000,0,stuck_too_long
3715,101,-527.92,0.00,10.10,0.0000,0.0000,0,stuck_too_long
3716,101,-527.74,0.00,10.10,0.0000,0.0000,0,stuck_too_long
3717,101,-527.63,0.00,10.10,0.0000,0.0000,0,stuck_too_long
3718,101,-524.89,0.00,10.10,0.0000,0.0000,0,stuck_too_long
3719,101,-527.23,0.00,10.10,0.0000,0.0000,0,stuck_too_long
3720,101,-525.00,0.00,10.10,0.0000,0.0000,0,stuck_too_long
5598,101,-525.65,0.00,10.10,0.0000,0.0000,0,stuck_too_long
5599,101,-525.99,0.00,10.10,0.0000,0.0000,0,stuck_too_long
5600,101,-528.05,0.00,10.10,0.0000,0.0000,0,stuck_too_long
5601,101,-527.35,0.00,10.10,0.0000,0.0000,0,stuck_too_long
5602,101,-527.48,0.00,10.10,0.0000,0.0000,0,stuck_too_long
5603,101,-526.41,0.00,10.10,0.0000,0.0000,0,stuck_too_long
5604,101,-526.62,0.00,10.10,0.0000,0.0000,0,stuck_too_long
5605,101,-527.47,0.00,10.10,0.0000,0.0000,0,stuck_too_long
5606,101,-527.93,0.00,10.10,0.0000,0.0000,0,stuck_too_long
5607,101,-527.20,0.00,10.10,0.0000,0.0000,0,stuck_too_long
5608,101,-526.30,0.00,10.10,0.0000,0.0000,0,stuck_too_long
5609,101,-527.12,0.00,10.10,0.0000,0.0000,0,stuck_too_long
5610,101,-527.41,0.00,10.10,0.0000,0.0000,0,stuck_too_long
5611,101,-527.74,0.00,10.10,0.0000,0.0000,0,stuck_too_long
5612,101,-526.84,0.00,10.10,0.0000,0.0000,0,stuck_too_long
5613,101,-526.83,0.00,10.10,0.0000,0.0000,0,stuck_too_long
5614,101,-526.12,0.00,10.10,0.0000,0.0000,0,stuck_too_long
5615,101,-525.42,0.00,10.10,0.0000,0.0000,0,stuck_too_long
5616,101,-526.22,0.00,10.10,0.0000,0.0000,0,stuck_too_long
5617,101,-526.15,0.00,10.10,0.0000,0.0000,0,stuck_too_long
5618,101,-527.61,0.00,10.10,0.0000,0.0000,0,stuck_too_long
3721,101,-525.95,0.00,10.10,0.0000,0.0000,0,stuck_too_long
3722,101,-526.13,0.00,10.10,0.0000,0.0000,0,stuck_too_long
3723,101,-529.18,0.00,10.10,0.0000,0.0000,0,stuck_too_long
3724,101,-525.80,0.00,10.10,0.0000,0.0000,0,stuck_too_long
3725,101,-526.31,0.00,10.10,0.0000,0.0000,0,stuck_too_long
3726,101,-527.63,0.00,10.10,0.0000,0.0000,0,stuck_too_long
3727,101,-527.73,0.00,10.10,0.0000,0.0000,0,stuck_too_long
3728,101,-525.28,0.00,10.10,0.0000,0.0000,0,stuck_too_long
3729,101,-528.63,0.00,10.10,0.0000,0.0000,0,stuck_too_long
3730,101,-525.91,0.00,10.10,0.0000,0.0000,0,stuck_too_long
5619,101,-526.91,0.00,10.10,0.0000,0.0000,0,stuck_too_long
5620,101,-526.52,0.00,10.10,0.0000,0.0000,0,stuck_too_long
5621,101,-527.94,0.00,10.10,0.0000,0.0000,0,stuck_too_long
5622,101,-526.33,0.00,10.10,0.0000,0.0000,0,stuck_too_long
5623,101,-526.56,0.00,10.10,0.0000,0.0000,0,stuck_too_long
5624,101,-527.29,0.00,10.10,0.0000,0.0000,0,stuck_too_long
5625,101,-528.45,0.00,10.10,0.0000,0.0000,0,stuck_too_long
5626,101,-527.24,0.00,10.10,0.0000,0.0000,0,stuck_too_long
5627,101,-526.68,0.00,10.10,0.0000,0.0000,0,stuck_too_long
5628,101,-525.20,0.00,10.10,0.0000,0.0000,0,stuck_too_long
5629,101,-526.83,0.00,10.10,0.0000,0.0000,0,stuck_too_long
5630,101,-526.48,0.00,10.10,0.0000,0.0000,0,stuck_too_long
5631,101,-526.17,0.00,10.10,0.0000,0.0000,0,stuck_too_long
5632,101,-527.50,0.00,10.10,0.0000,0.0000,0,stuck_too_long
5633,101,-526.95,0.00,10.10,0.0000,0.0000,0,stuck_too_long
5634,101,-527.22,0.00,10.10,0.0000,0.0000,0,stuck_too_long
5635,101,-526.62,0.00,10.10,0.0000,0.0000,0,stuck_too_long
5636,101,-526.86,0.00,10.10,0.0000,0.0000,0,stuck_too_long
5637,101,-526.39,0.00,10.10,0.0000,0.0000,0,stuck_too_long
5638,101,-526.45,0.00,10.10,0.0000,0.0000,0,stuck_too_long
3731,101,-525.32,0.00,10.10,0.0000,0.0000,0,stuck_too_long
3732,101,-527.06,0.00,10.10,0.0000,0.0000,0,stuck_too_long
3733,101,-528.00,0.00,10.10,0.0000,0.0000,0,stuck_too_long
3734,101,-526.85,0.00,10.10,0.0000,0.0000,0,stuck_too_long
3735,101,-525.41,0.00,10.10,0.0000,0.0000,0,stuck_too_long
3736,101,-526.60,0.00,10.10,0.0000,0.0000,0,stuck_too_long
3737,101,-528.27,0.00,10.10,0.0000,0.0000,0,stuck_too_long
3738,101,-525.01,0.00,10.10,0.0000,0.0000,0,stuck_too_long
3739,101,-526.11,0.00,10.10,0.0000,0.0000,0,stuck_too_long
3740,101,-526.26,0.00,10.10,0.0000,0.0000,0,stuck_too_long
5639,101,-526.43,0.00,10.10,0.0000,0.0000,0,stuck_too_long
5640,101,-527.60,0.00,10.10,0.0000,0.0000,0,stuck_too_long
5641,101,-527.92,0.00,10.10,0.0000,0.0000,0,stuck_too_long
5642,101,-526.72,0.00,10.10,0.0000,0.0000,0,stuck_too_long
5643,101,-527.15,0.00,10.10,0.0000,0.0000,0,stuck_too_long
5644,101,-526.77,0.00,10.10,0.0000,0.0000,0,stuck_too_long
5645,101,-525.67,0.00,10.10,0.0000,0.0000,0,stuck_too_long
5646,101,-528.63,0.00,10.10,0.0000,0.0000,0,stuck_too_long
5647,101,-525.76,0.00,10.10,0.0000,0.0000,0,stuck_too_long
5648,101,-526.73,0.00,10.10,0.0000,0.0000,0,stuck_too_long
5649,101,-526.88,0.00,10.10,0.0000,0.0000,0,stuck_too_long
5650,101,-526.85,0.00,10.10,0.0000,0.0000,0,stuck_too_long
5651,101,-526.59,0.00,10.10,0.0000,0.0000,0,stuck_too_long
5652,101,-527.15,0.00,10.10,0.0000,0.0000,0,stuck_too_long
5653,101,-526.09,0.00,10.10,0.0000,0.0000,0,stuck_too_long
5654,101,-527.14,0.00,10.10,0.0000,0.0000,0,stuck_too_long
5655,101,-526.18,0.00,10.10,0.0000,0.0000,0,stuck_too_long
5656,101,-526.63,0.00,10.10,0.0000,0.0000,0,stuck_too_long
5657,101,-526.26,0.00,10.10,0.0000,0.0000,0,stuck_too_long
5658,101,-527.14,0.00,10.10,0.0000,0.0000,0,stuck_too_long
3741,101,-527.33,0.00,10.10,0.0000,0.0000,0,stuck_too_long
3742,101,-526.98,0.00,10.10,0.0000,0.0000,0,stuck_too_long
3743,101,-526.94,0.00,10.10,0.0000,0.0000,0,stuck_too_long
3744,101,-526.92,0.00,10.10,0.0000,0.0000,0,stuck_too_long
3745,101,-527.33,0.00,10.10,0.0000,0.0000,0,stuck_too_long
3746,101,-525.90,0.00,10.10,0.0000,0.0000,0,stuck_too_long
3747,101,-526.39,0.00,10.10,0.0000,0.0000,0,stuck_too_long
3748,101,-526.57,0.00,10.10,0.0000,0.0000,0,stuck_too_long
3749,101,-527.95,0.00,10.10,0.0000,0.0000,0,stuck_too_long
3750,101,-527.95,0.00,10.10,0.0000,0.0000,0,stuck_too_long
5659,101,-526.53,0.00,10.10,0.0000,0.0000,0,stuck_too_long
5660,101,-526.70,0.00,10.10,0.0000,0.0000,0,stuck_too_long
5661,101,-526.49,0.00,10.10,0.0000,0.0000,0,stuck_too_long
5662,101,-528.26,0.00,10.10,0.0000,0.0000,0,stuck_too_long
5663,101,-526.43,0.00,10.10,0.0000,0.0000,0,stuck_too_long
5664,101,-527.61,0.00,10.10,0.0000,0.0000,0,stuck_too_long
5665,101,-524.17,0.00,10.10,0.0000,0.0000,0,stuck_too_long
5666,101,-527.63,0.00,10.10,0.0000,0.0000,0,stuck_too_long
5667,101,-527.10,0.00,10.10,0.0000,0.0000,0,stuck_too_long
5668,101,-527.02,0.00,10.10,0.0000,0.0000,0,stuck_too_long
5669,101,-525.49,0.00,10.10,0.0000,0.0000,0,stuck_too_long
5670,101,-526.90,0.00,10.10,0.0000,0.0000,0,stuck_too_long
5671,101,-527.88,0.00,10.10,0.0000,0.0000,0,stuck_too_long
5672,101,-527.67,0.00,10.10,0.0000,0.0000,0,stuck_too_long
5673,101,-526.90,0.00,10.10,0.0000,0.0000,0,stuck_too_long
5674,101,-528.57,0.00,10.10,0.0000,0.0000,0,stuck_too_long
5675,101,-527.95,0.00,10.10,0.0000,0.0000,0,stuck_too_long
5676,101,-527.06,0.00,10.10,0.0000,0.0000,0,stuck_too_long
5677,101,-527.23,0.00,10.10,0.0000,0.0000,0,stuck_too_long
5678,101,-527.24,0.00,10.10,0.0000,0.0000,0,stuck_too_long
5679,101,-528.49,0.00,10.10,0.0000,0.0000,0,stuck_too_long
3751,101,-526.83,0.00,10.10,0.0000,0.0000,0,stuck_too_long
3752,101,-526.30,0.00,10.10,0.0000,0.0000,0,stuck_too_long
3753,101,-528.94,0.00,10.10,0.0000,0.0000,0,stuck_too_long
3754,101,-526.44,0.00,10.10,0.0000,0.0000,0,stuck_too_long
3755,101,-528.03,0.00,10.10,0.0000,0.0000,0,stuck_too_long
3756,101,-528.40,0.00,10.10,0.0000,0.0000,0,stuck_too_long
3757,101,-527.04,0.00,10.10,0.0000,0.0000,0,stuck_too_long
3758,101,-526.39,0.00,10.10,0.0000,0.0000,0,stuck_too_long
3759,101,-527.37,0.00,10.10,0.0000,0.0000,0,stuck_too_long
3760,101,-528.00,0.00,10.10,0.0000,0.0000,0,stuck_too_long
5680,101,-526.00,0.00,10.10,0.0000,0.0000,0,stuck_too_long
5681,101,-527.10,0.00,10.10,0.0000,0.0000,0,stuck_too_long
5682,101,-529.22,0.00,10.10,0.0000,0.0000,0,stuck_too_long
5683,101,-527.99,0.00,10.10,0.0000,0.0000,0,stuck_too_long
5684,101,-526.39,0.00,10.10,0.0000,0.0000,0,stuck_too_long
5685,101,-527.12,0.00,10.10,0.0000,0.0000,0,stuck_too_long
5686,101,-528.24,0.00,10.10,0.0000,0.0000,0,stuck_too_long
5687,101,-527.42,0.00,10.10,0.0000,0.0000,0,stuck_too_long
5688,101,-526.47,0.00,10.10,0.0000,0.0000,0,stuck_too_long
5689,101,-526.55,0.00,10.10,0.0000,0.0000,0,stuck_too_long
5690,101,-526.65,0.00,10.10,0.0000,0.0000,0,stuck_too_long
5691,101,-527.07,0.00,10.10,0.0000,0.0000,0,stuck_too_long
5692,101,-526.64,0.00,10.10,0.0000,0.0000,0,stuck_too_long
5693,101,-527.02,0.00,10.10,0.0000,0.0000,0,stuck_too_long
5694,101,-527.92,0.00,10.10,0.0000,0.0000,0,stuck_too_long
5695,101,-528.86,0.00,10.10,0.0000,0.0000,0,stuck_too_long
5696,101,-524.85,0.00,10.10,0.0000,0.0000,0,stuck_too_long
5697,101,-528.15,0.00,10.10,0.0000,0.0000,0,stuck_too_long
5698,101,-526.97,0.00,10.10,0.0000,0.0000,0,stuck_too_long
5699,101,-527.09,0.00,10.10,0.0000,0.0000,0,stuck_too_long
3761,101,-526.47,0.00,10.10,0.0000,0.0000,0,stuck_too_long
3762,101,-528.04,0.00,10.10,0.0000,0.0000,0,stuck_too_long
3763,101,-525.76,0.00,10.10,0.0000,0.0000,0,stuck_too_long
3764,101,-529.42,0.00,10.10,0.0000,0.0000,0,stuck_too_long
3765,101,-526.09,0.00,10.10,0.0000,0.0000,0,stuck_too_long
3766,101,-527.05,0.00,10.10,0.0000,0.0000,0,stuck_too_long
3767,101,-526.71,0.00,10.10,0.0000,0.0000,0,stuck_too_long
3768,101,-525.75,0.00,10.10,0.0000,0.0000,0,stuck_too_long
3769,101,-525.71,0.00,10.10,0.0000,0.0000,0,stuck_too_long
3770,101,-526.33,0.00,10.10,0.0000,0.0000,0,stuck_too_long
5700,101,-525.75,0.00,10.10,0.0000,0.0000,0,stuck_too_long
5701,101,-528.62,0.00,10.10,0.0000,0.0000,0,stuck_too_long
5702,101,-529.77,0.00,10.10,0.0000,0.0000,0,stuck_too_long
5703,101,-528.42,0.00,10.10,0.0000,0.0000,0,stuck_too_long
5704,101,-526.74,0.00,10.10,0.0000,0.0000,0,stuck_too_long
5705,101,-525.77,0.00,10.10,0.0000,0.0000,0,stuck_too_long
5706,101,-526.84,0.00,10.10,0.0000,0.0000,0,stuck_too_long
5707,101,-527.85,0.00,10.10,0.0000,0.0000,0,stuck_too_long
5708,101,-527.12,0.00,10.10,0.0000,0.0000,0,stuck_too_long
5709,101,-527.22,0.00,10.10,0.0000,0.0000,0,stuck_too_long
5710,101,-526.99,0.00,10.10,0.0000,0.0000,0,stuck_too_long
5711,101,-528.08,0.00,10.10,0.0000,0.0000,0,stuck_too_long
5712,101,-529.26,0.00,10.10,0.0000,0.0000,0,stuck_too_long
5713,101,-527.43,0.00,10.10,0.0000,0.0000,0,stuck_too_long
5714,101,-525.82,0.00,10.10,0.0000,0.0000,0,stuck_too_long
5715,101,-527.16,0.00,10.10,0.0000,0.0000,0,stuck_too_long
5716,101,-528.46,0.00,10.10,0.0000,0.0000,0,stuck_too_long
5717,101,-526.10,0.00,10.10,0.0000,0.0000,0,stuck_too_long
5718,101,-525.54,0.00,10.10,0.0000,0.0000,0,stuck_too_long
5719,101,-526.16,0.00,10.10,0.0000,0.0000,0,stuck_too_long
3771,101,-527.77,0.00,10.10,0.0000,0.0000,0,stuck_too_long
3772,101,-528.03,0.00,10.10,0.0000,0.0000,0,stuck_too_long
3773,101,-527.49,0.00,10.10,0.0000,0.0000,0,stuck_too_long
3774,101,-527.59,0.00,10.10,0.0000,0.0000,0,stuck_too_long
3775,101,-527.13,0.00,10.10,0.0000,0.0000,0,stuck_too_long
3776,101,-528.41,0.00,10.10,0.0000,0.0000,0,stuck_too_long
3777,101,-526.38,0.00,10.10,0.0000,0.0000,0,stuck_too_long
3778,101,-527.86,0.00,10.10,0.0000,0.0000,0,stuck_too_long
3779,101,-527.12,0.00,10.10,0.0000,0.0000,0,stuck_too_long
3780,101,-526.95,0.00,10.10,0.0000,0.0000,0,stuck_too_long
5720,101,-527.36,0.00,10.10,0.0000,0.0000,0,stuck_too_long
5721,101,-527.01,0.00,10.10,0.0000,0.0000,0,stuck_too_long
5722,101,-527.15,0.00,10.10,0.0000,0.0000,0,stuck_too_long
5723,101,-527.44,0.00,10.10,0.0000,0.0000,0,stuck_too_long
5724,101,-526.01,0.00,10.10,0.0000,0.0000,0,stuck_too_long
5725,101,-525.51,0.00,10.10,0.0000,0.0000,0,stuck_too_long
5726,101,-526.88,0.00,10.10,0.0000,0.0000,0,stuck_too_long
5727,101,-527.05,0.00,10.10,0.0000,0.0000,0,stuck_too_long
5728,101,-526.71,0.00,10.10,0.0000,0.0000,0,stuck_too_long
5729,101,-526.15,0.00,10.10,0.0000,0.0000,0,stuck_too_long
5730,101,-527.18,0.00,10.10,0.0000,0.0000,0,stuck_too_long
5731,101,-527.25,0.00,10.10,0.0000,0.0000,0,stuck_too_long
5732,101,-527.57,0.00,10.10,0.0000,0.0000,0,stuck_too_long
5733,101,-528.32,0.00,10.10,0.0000,0.0000,0,stuck_too_long
5734,101,-525.67,0.00,10.10,0.0000,0.0000,0,stuck_too_long
5735,101,-527.86,0.00,10.10,0.0000,0.0000,0,stuck_too_long
5736,101,-526.05,0.00,10.10,0.0000,0.0000,0,stuck_too_long
5737,101,-526.42,0.00,10.10,0.0000,0.0000,0,stuck_too_long
5738,101,-527.56,0.00,10.10,0.0000,0.0000,0,stuck_too_long
5739,101,-527.45,0.00,10.10,0.0000,0.0000,0,stuck_too_long
3781,101,-527.80,0.00,10.10,0.0000,0.0000,0,stuck_too_long
3782,101,-528.61,0.00,10.10,0.0000,0.0000,0,stuck_too_long
3783,101,-527.35,0.00,10.10,0.0000,0.0000,0,stuck_too_long
3784,101,-526.47,0.00,10.10,0.0000,0.0000,0,stuck_too_long
3785,101,-527.89,0.00,10.10,0.0000,0.0000,0,stuck_too_long
3786,101,-528.73,0.00,10.10,0.0000,0.0000,0,stuck_too_long
3787,101,-527.84,0.00,10.10,0.0000,0.0000,0,stuck_too_long
3788,101,-526.48,0.00,10.10,0.0000,0.0000,0,stuck_too_long
3789,101,-526.01,0.00,10.10,0.0000,0.0000,0,stuck_too_long
3790,101,-526.95,0.00,10.10,0.0000,0.0000,0,stuck_too_long
5740,101,-526.66,0.00,10.10,0.0000,0.0000,0,stuck_too_long
5741,101,-528.60,0.00,10.10,0.0000,0.0000,0,stuck_too_long
5742,101,-526.36,0.00,10.10,0.0000,0.0000,0,stuck_too_long
5743,101,-527.41,0.00,10.10,0.0000,0.0000,0,stuck_too_long
5744,101,-527.14,0.00,10.10,0.0000,0.0000,0,stuck_too_long
5745,101,-526.88,0.00,10.10,0.0000,0.0000,0,stuck_too_long
5746,101,-525.19,0.00,10.10,0.0000,0.0000,0,stuck_too_long
5747,101,-525.28,0.00,10.10,0.0000,0.0000,0,stuck_too_long
5748,101,-527.05,0.00,10.10,0.0000,0.0000,0,stuck_too_long
5749,101,-527.90,0.00,10.10,0.0000,0.0000,0,stuck_too_long
5750,101,-526.98,0.00,10.10,0.0000,0.0000,0,stuck_too_long
5751,101,-527.92,0.00,10.10,0.0000,0.0000,0,stuck_too_long
5752,101,-525.07,0.00,10.10,0.0000,0.0000,0,stuck_too_long
5753,101,-526.04,0.00,10.10,0.0000,0.0000,0,stuck_too_long
5754,101,-527.82,0.00,10.10,0.0000,0.0000,0,stuck_too_long
5755,101,-525.87,0.00,10.10,0.0000,0.0000,0,stuck_too_long
5756,101,-525.45,0.00,10.10,0.0000,0.0000,0,stuck_too_long
5757,101,-525.55,0.00,10.10,0.0000,0.0000,0,stuck_too_long
5758,101,-526.83,0.00,10.10,0.0000,0.0000,0,stuck_too_long
5759,101,-527.04,0.00,10.10,0.0000,0.0000,0,stuck_too_long
5760,101,-526.30,0.00,10.10,0.0000,0.0000,0,stuck_too_long
3791,101,-527.05,0.00,10.10,0.0000,0.0000,0,stuck_too_long
3792,101,-526.13,0.00,10.10,0.0000,0.0000,0,stuck_too_long
3793,101,-527.21,0.00,10.10,0.0000,0.0000,0,stuck_too_long
3794,101,-527.93,0.00,10.10,0.0000,0.0000,0,stuck_too_long
3795,101,-527.29,0.00,10.10,0.0000,0.0000,0,stuck_too_long
3796,101,-528.59,0.00,10.10,0.0000,0.0000,0,stuck_too_long
3797,101,-528.44,0.00,10.10,0.0000,0.0000,0,stuck_too_long
3798,101,-527.55,0.00,10.10,0.0000,0.0000,0,stuck_too_long
3799,101,-526.71,0.00,10.10,0.0000,0.0000,0,stuck_too_long
3800,101,-526.55,0.00,10.10,0.0000,0.0000,0,stuck_too_long
5761,101,-527.59,0.00,10.10,0.0000,0.0000,0,stuck_too_long
5762,101,-526.07,0.00,10.10,0.0000,0.0000,0,stuck_too_long
5763,101,-524.27,0.00,10.10,0.0000,0.0000,0,stuck_too_long
5764,101,-526.48,0.00,10.10,0.0000,0.0000,0,stuck_too_long
5765,101,-525.12,0.00,10.10,0.0000,0.0000,0,stuck_too_long
5766,101,-526.36,0.00,10.10,0.0000,0.0000,0,stuck_too_long
5767,101,-528.28,0.00,10.10,0.0000,0.0000,0,stuck_too_long
5768,101,-525.92,0.00,10.10,0.0000,0.0000,0,stuck_too_long
5769,101,-526.41,0.00,10.10,0.0000,0.0000,0,stuck_too_long
5770,101,-524.97,0.00,10.10,0.0000,0.0000,0,stuck_too_long
5771,101,-526.82,0.00,10.10,0.0000,0.0000,0,stuck_too_long
5772,101,-527.74,0.00,10.10,0.0000,0.0000,0,stuck_too_long
5773,101,-526.21,0.00,10.10,0.0000,0.0000,0,stuck_too_long
5774,101,-526.86,0.00,10.10,0.0000,0.0000,0,stuck_too_long
5775,101,-526.53,0.00,10.10,0.0000,0.0000,0,stuck_too_long
5776,101,-528.03,0.00,10.10,0.0000,0.0000,0,stuck_too_long
5777,101,-527.78,0.00,10.10,0.0000,0.0000,0,stuck_too_long
5778,101,-527.61,0.00,10.10,0.0000,0.0000,0,stuck_too_long
5779,101,-526.19,0.00,10.10,0.0000,0.0000,0,stuck_too_long
5780,101,-529.09,0.00,10.10,0.0000,0.0000,0,stuck_too_long
3801,101,-527.00,0.00,10.10,0.0000,0.0000,0,stuck_too_long
3802,101,-527.13,0.00,10.10,0.0000,0.0000,0,stuck_too_long
3803,101,-528.54,0.00,10.10,0.0000,0.0000,0,stuck_too_long
3804,101,-528.15,0.00,10.10,0.0000,0.0000,0,stuck_too_long
3805,101,-525.36,0.00,10.10,0.0000,0.0000,0,stuck_too_long
3806,101,-526.64,0.00,10.10,0.0000,0.0000,0,stuck_too_long
3807,101,-526.61,0.00,10.10,0.0000,0.0000,0,stuck_too_long
3808,101,-524.09,0.00,10.10,0.0000,0.0000,0,stuck_too_long
3809,101,-524.95,0.00,10.10,0.0000,0.0000,0,stuck_too_long
3810,101,-527.67,0.00,10.10,0.0000,0.0000,0,stuck_too_long
5781,101,-527.64,0.00,10.10,0.0000,0.0000,0,stuck_too_long
5782,101,-525.50,0.00,10.10,0.0000,0.0000,0,stuck_too_long
5783,101,-526.79,0.00,10.10,0.0000,0.0000,0,stuck_too_long
5784,101,-526.40,0.00,10.10,0.0000,0.0000,0,stuck_too_long
5785,101,-527.48,0.00,10.10,0.0000,0.0000,0,stuck_too_long
5786,101,-528.35,0.00,10.10,0.0000,0.0000,0,stuck_too_long
5787,101,-525.10,0.00,10.10,0.0000,0.0000,0,stuck_too_long
5788,101,-528.41,0.00,10.10,0.0000,0.0000,0,stuck_too_long
5789,101,-525.81,0.00,10.10,0.0000,0.0000,0,stuck_too_long
5790,101,-527.20,0.00,10.10,0.0000,0.0000,0,stuck_too_long
5791,101,-527.86,0.00,10.10,0.0000,0.0000,0,stuck_too_long
5792,101,-525.89,0.00,10.10,0.0000,0.0000,0,stuck_too_long
5793,101,-526.83,0.00,10.10,0.0000,0.0000,0,stuck_too_long
5794,101,-525.96,0.00,10.10,0.0000,0.0000,0,stuck_too_long
5795,101,-526.98,0.00,10.10,0.0000,0.0000,0,stuck_too_long
5796,101,-527.61,0.00,10.10,0.0000,0.0000,0,stuck_too_long
5797,101,-527.52,0.00,10.10,0.0000,0.0000,0,stuck_too_long
5798,101,-526.46,0.00,10.10,0.0000,0.0000,0,stuck_too_long
5799,101,-527.16,0.00,10.10,0.0000,0.0000,0,stuck_too_long
5800,101,-525.74,0.00,10.10,0.0000,0.0000,0,stuck_too_long
3811,101,-525.50,0.00,10.10,0.0000,0.0000,0,stuck_too_long
3812,101,-527.69,0.00,10.10,0.0000,0.0000,0,stuck_too_long
3813,101,-527.54,0.00,10.10,0.0000,0.0000,0,stuck_too_long
3814,101,-526.69,0.00,10.10,0.0000,0.0000,0,stuck_too_long
3815,101,-527.65,0.00,10.10,0.0000,0.0000,0,stuck_too_long
3816,101,-527.59,0.00,10.10,0.0000,0.0000,0,stuck_too_long
3817,101,-527.14,0.00,10.10,0.0000,0.0000,0,stuck_too_long
3818,101,-527.41,0.00,10.10,0.0000,0.0000,0,stuck_too_long
3819,101,-526.21,0.00,10.10,0.0000,0.0000,0,stuck_too_long
3820,101,-527.82,0.00,10.10,0.0000,0.0000,0,stuck_too_long
5801,101,-527.83,0.00,10.10,0.0000,0.0000,0,stuck_too_long
5802,101,-525.55,0.00,10.10,0.0000,0.0000,0,stuck_too_long
5803,101,-527.38,0.00,10.10,0.0000,0.0000,0,stuck_too_long
5804,101,-525.93,0.00,10.10,0.0000,0.0000,0,stuck_too_long
5805,101,-528.09,0.00,10.10,0.0000,0.0000,0,stuck_too_long
5806,101,-527.29,0.00,10.10,0.0000,0.0000,0,stuck_too_long
5807,101,-525.98,0.00,10.10,0.0000,0.0000,0,stuck_too_long
5808,101,-526.77,0.00,10.10,0.0000,0.0000,0,stuck_too_long
5809,101,-526.92,0.00,10.10,0.0000,0.0000,0,stuck_too_long
5810,101,-528.79,0.00,10.10,0.0000,0.0000,0,stuck_too_long
5811,101,-524.63,0.00,10.10,0.0000,0.0000,0,stuck_too_long
5812,101,-526.90,0.00,10.10,0.0000,0.0000,0,stuck_too_long
5813,101,-526.99,0.00,10.10,0.0000,0.0000,0,stuck_too_long
5814,101,-526.97,0.00,10.10,0.0000,0.0000,0,stuck_too_long
5815,101,-527.54,0.00,10.10,0.0000,0.0000,0,stuck_too_long
5816,101,-526.87,0.00,10.10,0.0000,0.0000,0,stuck_too_long
5817,101,-526.29,0.00,10.10,0.0000,0.0000,0,stuck_too_long
5818,101,-526.81,0.00,10.10,0.0000,0.0000,0,stuck_too_long
5819,101,-526.63,0.00,10.10,0.0000,0.0000,0,stuck_too_long
5820,101,-526.03,0.00,10.10,0.0000,0.0000,0,stuck_too_long
5821,101,-526.44,0.00,10.10,0.0000,0.0000,0,stuck_too_long
3821,101,-527.27,0.00,10.10,0.0000,0.0000,0,stuck_too_long
3822,101,-528.35,0.00,10.10,0.0000,0.0000,0,stuck_too_long
3823,101,-528.19,0.00,10.10,0.0000,0.0000,0,stuck_too_long
3824,101,-527.10,0.00,10.10,0.0000,0.0000,0,stuck_too_long
3825,101,-528.58,0.00,10.10,0.0000,0.0000,0,stuck_too_long
3826,101,-526.58,0.00,10.10,0.0000,0.0000,0,stuck_too_long
3827,101,-527.43,0.00,10.10,0.0000,0.0000,0,stuck_too_long
3828,101,-525.55,0.00,10.10,0.0000,0.0000,0,stuck_too_long
3829,101,-527.22,0.00,10.10,0.0000,0.0000,0,stuck_too_long
3830,101,-526.13,0.00,10.10,0.0000,0.0000,0,stuck_too_long
5822,101,-527.47,0.00,10.10,0.0000,0.0000,0,stuck_too_long
5823,101,-527.11,0.00,10.10,0.0000,0.0000,0,stuck_too_long
5824,101,-526.79,0.00,10.10,0.0000,0.0000,0,stuck_too_long
5825,101,-526.13,0.00,10.10,0.0000,0.0000,0,stuck_too_long
5826,101,-527.65,0.00,10.10,0.0000,0.0000,0,stuck_too_long
5827,101,-525.58,0.00,10.10,0.0000,0.0000,0,stuck_too_long
5828,101,-527.38,0.00,10.10,0.0000,0.0000,0,stuck_too_long
5829,101,-526.65,0.00,10.10,0.0000,0.0000,0,stuck_too_long
5830,101,-525.24,0.00,10.10,0.0000,0.0000,0,stuck_too_long
5831,101,-525.59,0.00,10.10,0.0000,0.0000,0,stuck_too_long
5832,101,-525.26,0.00,10.10,0.0000,0.0000,0,stuck_too_long
5833,101,-526.63,0.00,10.10,0.0000,0.0000,0,stuck_too_long
5834,101,-525.18,0.00,10.10,0.0000,0.0000,0,stuck_too_long
5835,101,-528.31,0.00,10.10,0.0000,0.0000,0,stuck_too_long
5836,101,-526.88,0.00,10.10,0.0000,0.0000,0,stuck_too_long
5837,101,-526.96,0.00,10.10,0.0000,0.0000,0,stuck_too_long
5838,101,-526.13,0.00,10.10,0.0000,0.0000,0,stuck_too_long
5839,101,-526.18,0.00,10.10,0.0000,0.0000,0,stuck_too_long
5840,101,-526.36,0.00,10.10,0.0000,0.0000,0,stuck_too_long
5841,101,-524.54,0.00,10.10,0.0000,0.0000,0,stuck_too_long
3831,101,-527.72,0.00,10.10,0.0000,0.0000,0,stuck_too_long
3832,101,-526.03,0.00,10.10,0.0000,0.0000,0,stuck_too_long
3833,101,-526.24,0.00,10.10,0.0000,0.0000,0,stuck_too_long
3834,101,-524.50,0.00,10.10,0.0000,0.0000,0,stuck_too_long
3835,101,-526.24,0.00,10.10,0.0000,0.0000,0,stuck_too_long
3836,101,-526.74,0.00,10.10,0.0000,0.0000,0,stuck_too_long
3837,101,-526.87,0.00,10.10,0.0000,0.0000,0,stuck_too_long
3838,101,-525.02,0.00,10.10,0.0000,0.0000,0,stuck_too_long
3839,101,-526.42,0.00,10.10,0.0000,0.0000,0,stuck_too_long
3840,101,-527.03,0.00,10.10,0.0000,0.0000,0,stuck_too_long
5842,101,-527.68,0.00,10.10,0.0000,0.0000,0,stuck_too_long
5843,101,-527.17,0.00,10.10,0.0000,0.0000,0,stuck_too_long
5844,101,-527.44,0.00,10.10,0.0000,0.0000,0,stuck_too_long
5845,101,-525.66,0.00,10.10,0.0000,0.0000,0,stuck_too_long
5846,101,-526.69,0.00,10.10,0.0000,0.0000,0,stuck_too_long
5847,101,-527.08,0.00,10.10,0.0000,0.0000,0,stuck_too_long
5848,101,-526.81,0.00,10.10,0.0000,0.0000,0,stuck_too_long
5849,101,-526.21,0.00,10.10,0.0000,0.0000,0,stuck_too_long
5850,101,-525.77,0.00,10.10,0.0000,0.0000,0,stuck_too_long
5851,101,-526.74,0.00,10.10,0.0000,0.0000,0,stuck_too_long
5852,101,-528.61,0.00,10.10,0.0000,0.0000,0,stuck_too_long
5853,101,-525.62,0.00,10.10,0.0000,0.0000,0,stuck_too_long
5854,101,-526.10,0.00,10.10,0.0000,0.0000,0,stuck_too_long
5855,101,-524.82,0.00,10.10,0.0000,0.0000,0,stuck_too_long
5856,101,-528.00,0.00,10.10,0.0000,0.0000,0,stuck_too_long
5857,101,-524.57,0.00,10.10,0.0000,0.0000,0,stuck_too_long
5858,101,-526.86,0.00,10.10,0.0000,0.0000,0,stuck_too_long
5859,101,-529.16,0.00,10.10,0.0000,0.0000,0,stuck_too_long
5860,101,-527.53,0.00,10.10,0.0000,0.0000,0,stuck_too_long
5861,101,-526.46,0.00,10.10,0.0000,0.0000,0,stuck_too_long
3841,101,-526.71,0.00,10.10,0.0000,0.0000,0,stuck_too_long
3842,101,-528.28,0.00,10.10,0.0000,0.0000,0,stuck_too_long
3843,101,-525.94,0.00,10.10,0.0000,0.0000,0,stuck_too_long
3844,101,-526.80,0.00,10.10,0.0000,0.0000,0,stuck_too_long
3845,101,-527.15,0.00,10.10,0.0000,0.0000,0,stuck_too_long
3846,101,-525.91,0.00,10.10,0.0000,0.0000,0,stuck_too_long
3847,101,-527.72,0.00,10.10,0.0000,0.0000,0,stuck_too_long
3848,101,-528.78,0.00,10.10,0.0000,0.0000,0,stuck_too_long
3849,101,-527.52,0.00,10.10,0.0000,0.0000,0,stuck_too_long
3850,101,-527.59,0.00,10.10,0.0000,0.0000,0,stuck_too_long
5862,101,-528.22,0.00,10.10,0.0000,0.0000,0,stuck_too_long
5863,101,-527.67,0.00,10.10,0.0000,0.0000,0,stuck_too_long
5864,101,-524.93,0.00,10.10,0.0000,0.0000,0,stuck_too_long
5865,101,-526.70,0.00,10.10,0.0000,0.0000,0,stuck_too_long
5866,101,-525.33,0.00,10.10,0.0000,0.0000,0,stuck_too_long
5867,101,-528.20,0.00,10.10,0.0000,0.0000,0,stuck_too_long
5868,101,-526.39,0.00,10.10,0.0000,0.0000,0,stuck_too_long
5869,101,-527.41,0.00,10.10,0.0000,0.0000,0,stuck_too_long
5870,101,-526.27,0.00,10.10,0.0000,0.0000,0,stuck_too_long
5871,101,-527.71,0.00,10.10,0.0000,0.0000,0,stuck_too_long
5872,101,-527.95,0.00,10.10,0.0000,0.0000,0,stuck_too_long
5873,101,-524.65,0.00,10.10,0.0000,0.0000,0,stuck_too_long
5874,101,-528.31,0.00,10.10,0.0000,0.0000,0,stuck_too_long
5875,101,-528.27,0.00,10.10,0.0000,0.0000,0,stuck_too_long
5876,101,-527.56,0.00,10.10,0.0000,0.0000,0,stuck_too_long
5877,101,-528.82,0.00,10.10,0.0000,0.0000,0,stuck_too_long
5878,101,-524.95,0.00,10.10,0.0000,0.0000,0,stuck_too_long
5879,101,-526.37,0.00,10.10,0.0000,0.0000,0,stuck_too_long
5880,101,-527.59,0.00,10.10,0.0000,0.0000,0,stuck_too_long
5881,101,-525.61,0.00,10.10,0.0000,0.0000,0,stuck_too_long
3851,101,-526.38,0.00,10.10,0.0000,0.0000,0,stuck_too_long
3852,101,-525.95,0.00,10.10,0.0000,0.0000,0,stuck_too_long
3853,101,-526.80,0.00,10.10,0.0000,0.0000,0,stuck_too_long
3854,101,-528.95,0.00,10.10,0.0000,0.0000,0,stuck_too_long
3855,101,-525.57,0.00,10.10,0.0000,0.0000,0,stuck_too_long
3856,101,-527.62,0.00,10.10,0.0000,0.0000,0,stuck_too_long
3857,101,-526.59,0.00,10.10,0.0000,0.0000,0,stuck_too_long
3858,101,-526.15,0.00,10.10,0.0000,0.0000,0,stuck_too_long
3859,101,-526.67,0.00,10.10,0.0000,0.0000,0,stuck_too_long
3860,101,-527.09,0.00,10.10,0.0000,0.0000,0,stuck_too_long
5882,101,-528.79,0.00,10.10,0.0000,0.0000,0,stuck_too_long
5883,101,-527.77,0.00,10.10,0.0000,0.0000,0,stuck_too_long
5884,101,-526.95,0.00,10.10,0.0000,0.0000,0,stuck_too_long
5885,101,-527.56,0.00,10.10,0.0000,0.0000,0,stuck_too_long
5886,101,-526.66,0.00,10.10,0.0000,0.0000,0,stuck_too_long
5887,101,-526.51,0.00,10.10,0.0000,0.0000,0,stuck_too_long
5888,101,-527.75,0.00,10.10,0.0000,0.0000,0,stuck_too_long
5889,101,-525.90,0.00,10.10,0.0000,0.0000,0,stuck_too_long
5890,101,-528.48,0.00,10.10,0.0000,0.0000,0,stuck_too_long
5891,101,-524.76,0.00,10.10,0.0000,0.0000,0,stuck_too_long
5892,101,-526.77,0.00,10.10,0.0000,0.0000,0,stuck_too_long
5893,101,-525.47,0.00,10.10,0.0000,0.0000,0,stuck_too_long
5894,101,-527.75,0.00,10.10,0.0000,0.0000,0,stuck_too_long
5895,101,-528.20,0.00,10.10,0.0000,0.0000,0,stuck_too_long
5896,101,-525.75,0.00,10.10,0.0000,0.0000,0,stuck_too_long
5897,101,-525.27,0.00,10.10,0.0000,0.0000,0,stuck_too_long
5898,101,-526.48,0.00,10.10,0.0000,0.0000,0,stuck_too_long
5899,101,-526.84,0.00,10.10,0.0000,0.0000,0,stuck_too_long
5900,101,-526.60,0.00,10.10,0.0000,0.0000,0,stuck_too_long
5901,101,-527.18,0.00,10.10,0.0000,0.0000,0,stuck_too_long
5902,101,-528.13,0.00,10.10,0.0000,0.0000,0,stuck_too_long
3861,101,-529.60,0.00,10.10,0.0000,0.0000,0,stuck_too_long
3862,101,-528.36,0.00,10.10,0.0000,0.0000,0,stuck_too_long
3863,101,-526.57,0.00,10.10,0.0000,0.0000,0,stuck_too_long
3864,101,-527.84,0.00,10.10,0.0000,0.0000,0,stuck_too_long
3865,101,-527.83,0.00,10.10,0.0000,0.0000,0,stuck_too_long
3866,101,-526.69,0.00,10.10,0.0000,0.0000,0,stuck_too_long
3867,101,-527.22,0.00,10.10,0.0000,0.0000,0,stuck_too_long
3868,101,-526.88,0.00,10.10,0.0000,0.0000,0,stuck_too_long
3869,101,-529.39,0.00,10.10,0.0000,0.0000,0,stuck_too_long
3870,101,-529.76,0.00,10.10,0.0000,0.0000,0,stuck_too_long
5903,101,-525.52,0.00,10.10,0.0000,0.0000,0,stuck_too_long
5904,101,-524.59,0.00,10.10,0.0000,0.0000,0,stuck_too_long
5905,101,-527.57,0.00,10.10,0.0000,0.0000,0,stuck_too_long
5906,101,-526.57,0.00,10.10,0.0000,0.0000,0,stuck_too_long
5907,101,-528.40,0.00,10.10,0.0000,0.0000,0,stuck_too_long
5908,101,-526.42,0.00,10.10,0.0000,0.0000,0,stuck_too_long
5909,101,-526.58,0.00,10.10,0.0000,0.0000,0,stuck_too_long
5910,101,-526.44,0.00,10.10,0.0000,0.0000,0,stuck_too_long
5911,101,-527.37,0.00,10.10,0.0000,0.0000,0,stuck_too_long
5912,101,-528.69,0.00,10.10,0.0000,0.0000,0,stuck_too_long
5913,101,-525.69,0.00,10.10,0.0000,0.0000,0,stuck_too_long
5914,101,-527.47,0.00,10.10,0.0000,0.0000,0,stuck_too_long
5915,101,-527.26,0.00,10.10,0.0000,0.0000,0,stuck_too_long
5916,101,-526.49,0.00,10.10,0.0000,0.0000,0,stuck_too_long
5917,101,-527.69,0.00,10.10,0.0000,0.0000,0,stuck_too_long
5918,101,-527.36,0.00,10.10,0.0000,0.0000,0,stuck_too_long
5919,101,-525.74,0.00,10.10,0.0000,0.0000,0,stuck_too_long
5920,101,-525.51,0.00,10.10,0.0000,0.0000,0,stuck_too_long
5921,101,-528.46,0.00,10.10,0.0000,0.0000,0,stuck_too_long
5922,101,-526.68,0.00,10.10,0.0000,0.0000,0,stuck_too_long
3871,101,-529.16,0.00,10.10,0.0000,0.0000,0,stuck_too_long
3872,101,-527.24,0.00,10.10,0.0000,0.0000,0,stuck_too_long
3873,101,-528.32,0.00,10.10,0.0000,0.0000,0,stuck_too_long
3874,101,-527.79,0.00,10.10,0.0000,0.0000,0,stuck_too_long
3875,101,-524.97,0.00,10.10,0.0000,0.0000,0,stuck_too_long
3876,101,-527.39,0.00,10.10,0.0000,0.0000,0,stuck_too_long
3877,101,-526.81,0.00,10.10,0.0000,0.0000,0,stuck_too_long
3878,101,-524.79,0.00,10.10,0.0000,0.0000,0,stuck_too_long
3879,101,-526.11,0.00,10.10,0.0000,0.0000,0,stuck_too_long
3880,101,-525.55,0.00,10.10,0.0000,0.0000,0,stuck_too_long
5923,101,-526.46,0.00,10.10,0.0000,0.0000,0,stuck_too_long
5924,101,-527.73,0.00,10.10,0.0000,0.0000,0,stuck_too_long
5925,101,-529.11,0.00,10.10,0.0000,0.0000,0,stuck_too_long
5926,101,-526.60,0.00,10.10,0.0000,0.0000,0,stuck_too_long
5927,101,-525.87,0.00,10.10,0.0000,0.0000,0,stuck_too_long
5928,101,-527.46,0.00,10.10,0.0000,0.0000,0,stuck_too_long
5929,101,-527.52,0.00,10.10,0.0000,0.0000,0,stuck_too_long
5930,101,-527.18,0.00,10.10,0.0000,0.0000,0,stuck_too_long
5931,101,-526.79,0.00,10.10,0.0000,0.0000,0,stuck_too_long
5932,101,-528.24,0.00,10.10,0.0000,0.0000,0,stuck_too_long
5933,101,-527.27,0.00,10.10,0.0000,0.0000,0,stuck_too_long
5934,101,-526.92,0.00,10.10,0.0000,0.0000,0,stuck_too_long
5935,101,-528.36,0.00,10.10,0.0000,0.0000,0,stuck_too_long
5936,101,-525.86,0.00,10.10,0.0000,0.0000,0,stuck_too_long
5937,101,-525.76,0.00,10.10,0.0000,0.0000,0,stuck_too_long
5938,101,-527.38,0.00,10.10,0.0000,0.0000,0,stuck_too_long
5939,101,-526.78,0.00,10.10,0.0000,0.0000,0,stuck_too_long
5940,101,-527.08,0.00,10.10,0.0000,0.0000,0,stuck_too_long
5941,101,-526.68,0.00,10.10,0.0000,0.0000,0,stuck_too_long
5942,101,-529.02,0.00,10.10,0.0000,0.0000,0,stuck_too_long
3881,101,-526.89,0.00,10.10,0.0000,0.0000,0,stuck_too_long
3882,101,-527.16,0.00,10.10,0.0000,0.0000,0,stuck_too_long
3883,101,-526.82,0.00,10.10,0.0000,0.0000,0,stuck_too_long
3884,101,-527.19,0.00,10.10,0.0000,0.0000,0,stuck_too_long
3885,101,-526.68,0.00,10.10,0.0000,0.0000,0,stuck_too_long
3886,101,-528.32,0.00,10.10,0.0000,0.0000,0,stuck_too_long
3887,101,-527.37,0.00,10.10,0.0000,0.0000,0,stuck_too_long
3888,101,-526.80,0.00,10.10,0.0000,0.0000,0,stuck_too_long
3889,101,-528.59,0.00,10.10,0.0000,0.0000,0,stuck_too_long
3890,101,-526.80,0.00,10.10,0.0000,0.0000,0,stuck_too_long
5943,101,-525.95,0.00,10.10,0.0000,0.0000,0,stuck_too_long
5944,101,-528.67,0.00,10.10,0.0000,0.0000,0,stuck_too_long
5945,101,-528.30,0.00,10.10,0.0000,0.0000,0,stuck_too_long
5946,101,-530.41,0.00,10.10,0.0000,0.0000,0,stuck_too_long
5947,101,-526.24,0.00,10.10,0.0000,0.0000,0,stuck_too_long
5948,101,-528.51,0.00,10.10,0.0000,0.0000,0,stuck_too_long
5949,101,-528.19,0.00,10.10,0.0000,0.0000,0,stuck_too_long
5950,101,-527.71,0.00,10.10,0.0000,0.0000,0,stuck_too_long
5951,101,-526.87,0.00,10.10,0.0000,0.0000,0,stuck_too_long
5952,101,-528.78,0.00,10.10,0.0000,0.0000,0,stuck_too_long
5953,101,-525.85,0.00,10.10,0.0000,0.0000,0,stuck_too_long
5954,101,-527.49,0.00,10.10,0.0000,0.0000,0,stuck_too_long
5955,101,-527.57,0.00,10.10,0.0000,0.0000,0,stuck_too_long
5956,101,-526.41,0.00,10.10,0.0000,0.0000,0,stuck_too_long
5957,101,-526.38,0.00,10.10,0.0000,0.0000,0,stuck_too_long
5958,101,-525.42,0.00,10.10,0.0000,0.0000,0,stuck_too_long
5959,101,-527.30,0.00,10.10,0.0000,0.0000,0,stuck_too_long
5960,101,-527.07,0.00,10.10,0.0000,0.0000,0,stuck_too_long
5961,101,-526.89,0.00,10.10,0.0000,0.0000,0,stuck_too_long
5962,101,-526.28,0.00,10.10,0.0000,0.0000,0,stuck_too_long
3891,101,-527.92,0.00,10.10,0.0000,0.0000,0,stuck_too_long
3892,101,-527.35,0.00,10.10,0.0000,0.0000,0,stuck_too_long
3893,101,-527.31,0.00,10.10,0.0000,0.0000,0,stuck_too_long
3894,101,-528.44,0.00,10.10,0.0000,0.0000,0,stuck_too_long
3895,101,-526.36,0.00,10.10,0.0000,0.0000,0,stuck_too_long
3896,101,-527.46,0.00,10.10,0.0000,0.0000,0,stuck_too_long
3897,101,-528.25,0.00,10.10,0.0000,0.0000,0,stuck_too_long
3898,101,-527.22,0.00,10.10,0.0000,0.0000,0,stuck_too_long
3899,101,-528.66,0.00,10.10,0.0000,0.0000,0,stuck_too_long
3900,101,-528.12,0.00,10.10,0.0000,0.0000,0,stuck_too_long
5963,101,-528.39,0.00,10.10,0.0000,0.0000,0,stuck_too_long
5964,101,-528.17,0.00,10.10,0.0000,0.0000,0,stuck_too_long
5965,101,-527.00,0.00,10.10,0.0000,0.0000,0,stuck_too_long
5966,101,-527.27,0.00,10.10,0.0000,0.0000,0,stuck_too_long
5967,101,-529.28,0.00,10.10,0.0000,0.0000,0,stuck_too_long
5968,101,-526.33,0.00,10.10,0.0000,0.0000,0,stuck_too_long
5969,101,-525.86,0.00,10.10,0.0000,0.0000,0,stuck_too_long
5970,101,-527.93,0.00,10.10,0.0000,0.0000,0,stuck_too_long
5971,101,-527.87,0.00,10.10,0.0000,0.0000,0,stuck_too_long
5972,101,-528.40,0.00,10.10,0.0000,0.0000,0,stuck_too_long
5973,101,-527.87,0.00,10.10,0.0000,0.0000,0,stuck_too_long
5974,101,-526.05,0.00,10.10,0.0000,0.0000,0,stuck_too_long
5975,101,-525.45,0.00,10.10,0.0000,0.0000,0,stuck_too_long
5976,101,-526.59,0.00,10.10,0.0000,0.0000,0,stuck_too_long
5977,101,-529.23,0.00,10.10,0.0000,0.0000,0,stuck_too_long
5978,101,-526.90,0.00,10.10,0.0000,0.0000,0,stuck_too_long
5979,101,-526.30,0.00,10.10,0.0000,0.0000,0,stuck_too_long
5980,101,-526.71,0.00,10.10,0.0000,0.0000,0,stuck_too_long
5981,101,-527.91,0.00,10.10,0.0000,0.0000,0,stuck_too_long
5982,101,-527.09,0.00,10.10,0.0000,0.0000,0,stuck_too_long
5983,101,-526.74,0.00,10.10,0.0000,0.0000,0,stuck_too_long
3901,101,-527.18,0.00,10.10,0.0000,0.0000,0,stuck_too_long
3902,101,-525.06,0.00,10.10,0.0000,0.0000,0,stuck_too_long
3903,101,-528.21,0.00,10.10,0.0000,0.0000,0,stuck_too_long
3904,101,-528.93,0.00,10.10,0.0000,0.0000,0,stuck_too_long
3905,101,-527.10,0.00,10.10,0.0000,0.0000,0,stuck_too_long
3906,101,-527.88,0.00,10.10,0.0000,0.0000,0,stuck_too_long
3907,101,-527.40,0.00,10.10,0.0000,0.0000,0,stuck_too_long
3908,101,-525.94,0.00,10.10,0.0000,0.0000,0,stuck_too_long
3909,101,-526.72,0.00,10.10,0.0000,0.0000,0,stuck_too_long
3910,101,-527.16,0.00,10.10,0.0000,0.0000,0,stuck_too_long
5984,101,-529.05,0.00,10.10,0.0000,0.0000,0,stuck_too_long
5985,101,-527.41,0.00,10.10,0.0000,0.0000,0,stuck_too_long
5986,101,-526.43,0.00,10.10,0.0000,0.0000,0,stuck_too_long
5987,101,-525.43,0.00,10.10,0.0000,0.0000,0,stuck_too_long
5988,101,-526.72,0.00,10.10,0.0000,0.0000,0,stuck_too_long
5989,101,-526.16,0.00,10.10,0.0000,0.0000,0,stuck_too_long
5990,101,-527.18,0.00,10.10,0.0000,0.0000,0,stuck_too_long
5991,101,-525.79,0.00,10.10,0.0000,0.0000,0,stuck_too_long
5992,101,-528.17,0.00,10.10,0.0000,0.0000,0,stuck_too_long
5993,101,-530.26,0.00,10.10,0.0000,0.0000,0,stuck_too_long
5994,101,-527.71,0.00,10.10,0.0000,0.0000,0,stuck_too_long
5995,101,-526.72,0.00,10.10,0.0000,0.0000,0,stuck_too_long
5996,101,-528.47,0.00,10.10,0.0000,0.0000,0,stuck_too_long
5997,101,-527.48,0.00,10.10,0.0000,0.0000,0,stuck_too_long
5998,101,-526.82,0.00,10.10,0.0000,0.0000,0,stuck_too_long
5999,101,-528.71,0.00,10.10,0.0000,0.0000,0,stuck_too_long
6000,101,-530.03,0.00,10.10,0.0000,0.0000,0,stuck_too_long
6001,101,-528.28,0.00,10.10,0.0000,0.0000,0,stuck_too_long
6002,101,-529.69,0.00,10.10,0.0000,0.0000,0,stuck_too_long
6003,101,-528.69,0.00,10.10,0.0000,0.0000,0,stuck_too_long
3911,101,-528.88,0.00,10.10,0.0000,0.0000,0,stuck_too_long
3912,101,-528.33,0.00,10.10,0.0000,0.0000,0,stuck_too_long
3913,101,-528.35,0.00,10.10,0.0000,0.0000,0,stuck_too_long
3914,101,-529.50,0.00,10.10,0.0000,0.0000,0,stuck_too_long
3915,101,-528.22,0.00,10.10,0.0000,0.0000,0,stuck_too_long
3916,101,-528.07,0.00,10.10,0.0000,0.0000,0,stuck_too_long
3917,101,-527.83,0.00,10.10,0.0000,0.0000,0,stuck_too_long
3918,101,-525.43,0.00,10.10,0.0000,0.0000,0,stuck_too_long
3919,101,-527.65,0.00,10.10,0.0000,0.0000,0,stuck_too_long
3920,101,-527.43,0.00,10.10,0.0000,0.0000,0,stuck_too_long
6004,101,-527.26,0.00,10.10,0.0000,0.0000,0,stuck_too_long
6005,101,-529.38,0.00,10.10,0.0000,0.0000,0,stuck_too_long
6006,101,-528.21,0.00,10.10,0.0000,0.0000,0,stuck_too_long
6007,101,-528.79,0.00,10.10,0.0000,0.0000,0,stuck_too_long
6008,101,-528.35,0.00,10.10,0.0000,0.0000,0,stuck_too_long
6009,101,-528.63,0.00,10.10,0.0000,0.0000,0,stuck_too_long
6010,101,-528.12,0.00,10.10,0.0000,0.0000,0,stuck_too_long
6011,101,-527.54,0.00,10.10,0.0000,0.0000,0,stuck_too_long
6012,101,-527.23,0.00,10.10,0.0000,0.0000,0,stuck_too_long
6013,101,-527.66,0.00,10.10,0.0000,0.0000,0,stuck_too_long
6014,101,-525.64,0.00,10.10,0.0000,0.0000,0,stuck_too_long
6015,101,-528.03,0.00,10.10,0.0000,0.0000,0,stuck_too_long
6016,101,-529.70,0.00,10.10,0.0000,0.0000,0,stuck_too_long
6017,101,-526.71,0.00,10.10,0.0000,0.0000,0,stuck_too_long
6018,101,-527.05,0.00,10.10,0.0000,0.0000,0,stuck_too_long
6019,101,-529.00,0.00,10.10,0.0000,0.0000,0,stuck_too_long
6020,101,-527.51,0.00,10.10,0.0000,0.0000,0,stuck_too_long
6021,101,-527.11,0.00,10.10,0.0000,0.0000,0,stuck_too_long
6022,101,-527.44,0.00,10.10,0.0000,0.0000,0,stuck_too_long
6023,101,-528.93,0.00,10.10,0.0000,0.0000,0,stuck_too_long
3921,101,-527.20,0.00,10.10,0.0000,0.0000,0,stuck_too_long
3922,101,-527.37,0.00,10.10,0.0000,0.0000,0,stuck_too_long
3923,101,-526.67,0.00,10.10,0.0000,0.0000,0,stuck_too_long
3924,101,-528.08,0.00,10.10,0.0000,0.0000,0,stuck_too_long
3925,101,-527.53,0.00,10.10,0.0000,0.0000,0,stuck_too_long
3926,101,-528.22,0.00,10.10,0.0000,0.0000,0,stuck_too_long
3927,101,-528.99,0.00,10.10,0.0000,0.0000,0,stuck_too_long
3928,101,-527.03,0.00,10.10,0.0000,0.0000,0,stuck_too_long
3929,101,-526.67,0.00,10.10,0.0000,0.0000,0,stuck_too_long
3930,101,-528.09,0.00,10.10,0.0000,0.0000,0,stuck_too_long
6024,101,-526.79,0.00,10.10,0.0000,0.0000,0,stuck_too_long
6025,101,-528.58,0.00,10.10,0.0000,0.0000,0,stuck_too_long
6026,101,-526.13,0.00,10.10,0.0000,0.0000,0,stuck_too_long
6027,101,-527.51,0.00,10.10,0.0000,0.0000,0,stuck_too_long
6028,101,-526.91,0.00,10.10,0.0000,0.0000,0,stuck_too_long
6029,101,-527.70,0.00,10.10,0.0000,0.0000,0,stuck_too_long
6030,101,-525.40,0.00,10.10,0.0000,0.0000,0,stuck_too_long
6031,101,-527.10,0.00,10.10,0.0000,0.0000,0,stuck_too_long
6032,101,-528.07,0.00,10.10,0.0000,0.0000,0,stuck_too_long
6033,101,-527.60,0.00,10.10,0.0000,0.0000,0,stuck_too_long
6034,101,-528.90,0.00,10.10,0.0000,0.0000,0,stuck_too_long
6035,101,-527.68,0.00,10.10,0.0000,0.0000,0,stuck_too_long
6036,101,-528.54,0.00,10.10,0.0000,0.0000,0,stuck_too_long
6037,101,-529.17,0.00,10.10,0.0000,0.0000,0,stuck_too_long
6038,101,-526.73,0.00,10.10,0.0000,0.0000,0,stuck_too_long
6039,101,-525.28,0.00,10.10,0.0000,0.0000,0,stuck_too_long
6040,101,-527.27,0.00,10.10,0.0000,0.0000,0,stuck_too_long
6041,101,-526.97,0.00,10.10,0.0000,0.0000,0,stuck_too_long
6042,101,-529.79,0.00,10.10,0.0000,0.0000,0,stuck_too_long
6043,101,-526.19,0.00,10.10,0.0000,0.0000,0,stuck_too_long
6044,101,-526.56,0.00,10.10,0.0000,0.0000,0,stuck_too_long
3931,101,-527.38,0.00,10.10,0.0000,0.0000,0,stuck_too_long
3932,101,-527.68,0.00,10.10,0.0000,0.0000,0,stuck_too_long
3933,101,-527.15,0.00,10.10,0.0000,0.0000,0,stuck_too_long
3934,101,-529.05,0.00,10.10,0.0000,0.0000,0,stuck_too_long
3935,101,-527.48,0.00,10.10,0.0000,0.0000,0,stuck_too_long
3936,101,-526.32,0.00,10.10,0.0000,0.0000,0,stuck_too_long
3937,101,-526.10,0.00,10.10,0.0000,0.0000,0,stuck_too_long
3938,101,-527.41,0.00,10.10,0.0000,0.0000,0,stuck_too_long
3939,101,-528.38,0.00,10.10,0.0000,0.0000,0,stuck_too_long
3940,101,-525.59,0.00,10.10,0.0000,0.0000,0,stuck_too_long
6045,101,-528.54,0.00,10.10,0.0000,0.0000,0,stuck_too_long
6046,101,-527.06,0.00,10.10,0.0000,0.0000,0,stuck_too_long
6047,101,-525.28,0.00,10.10,0.0000,0.0000,0,stuck_too_long
6048,101,-527.14,0.00,10.10,0.0000,0.0000,0,stuck_too_long
6049,101,-528.22,0.00,10.10,0.0000,0.0000,0,stuck_too_long
6050,101,-527.67,0.00,10.10,0.0000,0.0000,0,stuck_too_long
6051,101,-527.88,0.00,10.10,0.0000,0.0000,0,stuck_too_long
6052,101,-529.15,0.00,10.10,0.0000,0.0000,0,stuck_too_long
6053,101,-528.10,0.00,10.10,0.0000,0.0000,0,stuck_too_long
6054,101,-527.87,0.00,10.10,0.0000,0.0000,0,stuck_too_long
6055,101,-526.17,0.00,10.10,0.0000,0.0000,0,stuck_too_long
6056,101,-527.42,0.00,10.10,0.0000,0.0000,0,stuck_too_long
6057,101,-526.42,0.00,10.10,0.0000,0.0000,0,stuck_too_long
6058,101,-527.87,0.00,10.10,0.0000,0.0000,0,stuck_too_long
6059,101,-525.49,0.00,10.10,0.0000,0.0000,0,stuck_too_long
6060,101,-527.52,0.00,10.10,0.0000,0.0000,0,stuck_too_long
6061,101,-527.15,0.00,10.10,0.0000,0.0000,0,stuck_too_long
6062,101,-528.87,0.00,10.10,0.0000,0.0000,0,stuck_too_long
6063,101,-527.02,0.00,10.10,0.0000,0.0000,0,stuck_too_long
6064,101,-525.65,0.00,10.10,0.0000,0.0000,0,stuck_too_long
3941,101,-527.46,0.00,10.10,0.0000,0.0000,0,stuck_too_long
3942,101,-527.16,0.00,10.10,0.0000,0.0000,0,stuck_too_long
3943,101,-526.58,0.00,10.10,0.0000,0.0000,0,stuck_too_long
3944,101,-527.80,0.00,10.10,0.0000,0.0000,0,stuck_too_long
3945,101,-527.03,0.00,10.10,0.0000,0.0000,0,stuck_too_long
3946,101,-528.06,0.00,10.10,0.0000,0.0000,0,stuck_too_long
3947,101,-528.50,0.00,10.10,0.0000,0.0000,0,stuck_too_long
3948,101,-527.34,0.00,10.10,0.0000,0.0000,0,stuck_too_long
3949,101,-528.16,0.00,10.10,0.0000,0.0000,0,stuck_too_long
3950,101,-527.89,0.00,10.10,0.0000,0.0000,0,stuck_too_long
6065,101,-527.82,0.00,10.10,0.0000,0.0000,0,stuck_too_long
6066,101,-525.47,0.00,10.10,0.0000,0.0000,0,stuck_too_long
6067,101,-526.42,0.00,10.10,0.0000,0.0000,0,stuck_too_long
6068,101,-527.84,0.00,10.10,0.0000,0.0000,0,stuck_too_long
6069,101,-529.78,0.00,10.10,0.0000,0.0000,0,stuck_too_long
6070,101,-528.87,0.00,10.10,0.0000,0.0000,0,stuck_too_long
6071,101,-527.09,0.00,10.10,0.0000,0.0000,0,stuck_too_long
6072,101,-527.00,0.00,10.10,0.0000,0.0000,0,stuck_too_long
6073,101,-525.85,0.00,10.10,0.0000,0.0000,0,stuck_too_long
6074,101,-527.12,0.00,10.10,0.0000,0.0000,0,stuck_too_long
6075,101,-528.19,0.00,10.10,0.0000,0.0000,0,stuck_too_long
6076,101,-527.64,0.00,10.10,0.0000,0.0000,0,stuck_too_long
6077,101,-529.36,0.00,10.10,0.0000,0.0000,0,stuck_too_long
6078,101,-527.89,0.00,10.10,0.0000,0.0000,0,stuck_too_long
6079,101,-526.35,0.00,10.10,0.0000,0.0000,0,stuck_too_long
6080,101,-527.78,0.00,10.10,0.0000,0.0000,0,stuck_too_long
6081,101,-526.51,0.00,10.10,0.0000,0.0000,0,stuck_too_long
6082,101,-526.90,0.00,10.10,0.0000,0.0000,0,stuck_too_long
6083,101,-527.25,0.00,10.10,0.0000,0.0000,0,stuck_too_long
6084,101,-528.56,0.00,10.10,0.0000,0.0000,0,stuck_too_long
3951,101,-526.62,0.00,10.10,0.0000,0.0000,0,stuck_too_long
3952,101,-527.58,0.00,10.10,0.0000,0.0000,0,stuck_too_long
3953,101,-528.46,0.00,10.10,0.0000,0.0000,0,stuck_too_long
3954,101,-528.99,0.00,10.10,0.0000,0.0000,0,stuck_too_long
3955,101,-527.09,0.00,10.10,0.0000,0.0000,0,stuck_too_long
3956,101,-525.54,0.00,10.10,0.0000,0.0000,0,stuck_too_long
3957,101,-526.92,0.00,10.10,0.0000,0.0000,0,stuck_too_long
3958,101,-526.01,0.00,10.10,0.0000,0.0000,0,stuck_too_long
3959,101,-529.89,0.00,10.10,0.0000,0.0000,0,stuck_too_long
3960,101,-527.48,0.00,10.10,0.0000,0.0000,0,stuck_too_long
6085,101,-527.35,0.00,10.10,0.0000,0.0000,0,stuck_too_long
6086,101,-526.49,0.00,10.10,0.0000,0.0000,0,stuck_too_long
6087,101,-526.87,0.00,10.10,0.0000,0.0000,0,stuck_too_long
6088,101,-525.27,0.00,10.10,0.0000,0.0000,0,stuck_too_long
6089,101,-528.16,0.00,10.10,0.0000,0.0000,0,stuck_too_long
6090,101,-527.57,0.00,10.10,0.0000,0.0000,0,stuck_too_long
6091,101,-528.05,0.00,10.10,0.0000,0.0000,0,stuck_too_long
6092,101,-528.60,0.00,10.10,0.0000,0.0000,0,stuck_too_long
6093,101,-526.81,0.00,10.10,0.0000,0.0000,0,stuck_too_long
6094,101,-527.25,0.00,10.10,0.0000,0.0000,0,stuck_too_long
6095,101,-528.18,0.00,10.10,0.0000,0.0000,0,stuck_too_long
6096,101,-527.69,0.00,10.10,0.0000,0.0000,0,stuck_too_long
6097,101,-526.82,0.00,10.10,0.0000,0.0000,0,stuck_too_long
6098,101,-525.76,0.00,10.10,0.0000,0.0000,0,stuck_too_long
6099,101,-527.96,0.00,10.10,0.0000,0.0000,0,stuck_too_long
6100,101,-527.44,0.00,10.10,0.0000,0.0000,0,stuck_too_long
6101,101,-528.16,0.00,10.10,0.0000,0.0000,0,stuck_too_long
6102,101,-528.52,0.00,10.10,0.0000,0.0000,0,stuck_too_long
6103,101,-526.92,0.00,10.10,0.0000,0.0000,0,stuck_too_long
6104,101,-526.55,0.00,10.10,0.0000,0.0000,0,stuck_too_long
3961,101,-526.31,0.00,10.10,0.0000,0.0000,0,stuck_too_long
3962,101,-527.70,0.00,10.10,0.0000,0.0000,0,stuck_too_long
3963,101,-528.58,0.00,10.10,0.0000,0.0000,0,stuck_too_long
3964,101,-525.86,0.00,10.10,0.0000,0.0000,0,stuck_too_long
3965,101,-525.34,0.00,10.10,0.0000,0.0000,0,stuck_too_long
3966,101,-527.56,0.00,10.10,0.0000,0.0000,0,stuck_too_long
3967,101,-527.38,0.00,10.10,0.0000,0.0000,0,stuck_too_long
3968,101,-527.35,0.00,10.10,0.0000,0.0000,0,stuck_too_long
3969,101,-528.13,0.00,10.10,0.0000,0.0000,0,stuck_too_long
3970,101,-527.95,0.00,10.10,0.0000,0.0000,0,stuck_too_long
6105,101,-528.19,0.00,10.10,0.0000,0.0000,0,stuck_too_long
6106,101,-527.06,0.00,10.10,0.0000,0.0000,0,stuck_too_long
6107,101,-527.28,0.00,10.10,0.0000,0.0000,0,stuck_too_long
6108,101,-527.77,0.00,10.10,0.0000,0.0000,0,stuck_too_long
6109,101,-527.36,0.00,10.10,0.0000,0.0000,0,stuck_too_long
6110,101,-527.34,0.00,10.10,0.0000,0.0000,0,stuck_too_long
6111,101,-526.91,0.00,10.10,0.0000,0.0000,0,stuck_too_long
6112,101,-528.23,0.00,10.10,0.0000,0.0000,0,stuck_too_long
6113,101,-526.73,0.00,10.10,0.0000,0.0000,0,stuck_too_long
6114,101,-527.72,0.00,10.10,0.0000,0.0000,0,stuck_too_long
6115,101,-527.36,0.00,10.10,0.0000,0.0000,0,stuck_too_long
6116,101,-525.43,0.00,10.10,0.0000,0.0000,0,stuck_too_long
6117,101,-528.46,0.00,10.10,0.0000,0.0000,0,stuck_too_long
6118,101,-526.71,0.00,10.10,0.0000,0.0000,0,stuck_too_long
6119,101,-527.25,0.00,10.10,0.0000,0.0000,0,stuck_too_long
6120,101,-526.25,0.00,10.10,0.0000,0.0000,0,stuck_too_long
6121,101,-527.85,0.00,10.10,0.0000,0.0000,0,stuck_too_long
6122,101,-527.94,0.00,10.10,0.0000,0.0000,0,stuck_too_long
6123,101,-527.49,0.00,10.10,0.0000,0.0000,0,stuck_too_long
6124,101,-526.97,0.00,10.10,0.0000,0.0000,0,stuck_too_long
6125,101,-528.51,0.00,10.10,0.0000,0.0000,0,stuck_too_long
3971,101,-528.61,0.00,10.10,0.0000,0.0000,0,stuck_too_long
3972,101,-526.76,0.00,10.10,0.0000,0.0000,0,stuck_too_long
3973,101,-528.49,0.00,10.10,0.0000,0.0000,0,stuck_too_long
3974,101,-528.53,0.00,10.10,0.0000,0.0000,0,stuck_too_long
3975,101,-529.51,0.00,10.10,0.0000,0.0000,0,stuck_too_long
3976,101,-527.32,0.00,10.10,0.0000,0.0000,0,stuck_too_long
3977,101,-528.39,0.00,10.10,0.0000,0.0000,0,stuck_too_long
3978,101,-526.25,0.00,10.10,0.0000,0.0000,0,stuck_too_long
3979,101,-528.66,0.00,10.10,0.0000,0.0000,0,stuck_too_long
3980,101,-527.76,0.00,10.10,0.0000,0.0000,0,stuck_too_long
6126,101,-527.57,0.00,10.10,0.0000,0.0000,0,stuck_too_long
6127,101,-527.27,0.00,10.10,0.0000,0.0000,0,stuck_too_long
6128,101,-526.22,0.00,10.10,0.0000,0.0000,0,stuck_too_long
6129,101,-527.17,0.00,10.10,0.0000,0.0000,0,stuck_too_long
6130,101,-526.93,0.00,10.10,0.0000,0.0000,0,stuck_too_long
6131,101,-527.42,0.00,10.10,0.0000,0.0000,0,stuck_too_long
6132,101,-530.43,0.00,10.10,0.0000,0.0000,0,stuck_too_long
6133,101,-526.65,0.00,10.10,0.0000,0.0000,0,stuck_too_long
6134,101,-526.49,0.00,10.10,0.0000,0.0000,0,stuck_too_long
6135,101,-528.29,0.00,10.10,0.0000,0.0000,0,stuck_too_long
6136,101,-527.33,0.00,10.10,0.0000,0.0000,0,stuck_too_long
6137,101,-527.59,0.00,10.10,0.0000,0.0000,0,stuck_too_long
6138,101,-527.01,0.00,10.10,0.0000,0.0000,0,stuck_too_long
6139,101,-527.61,0.00,10.10,0.0000,0.0000,0,stuck_too_long
6140,101,-527.85,0.00,10.10,0.0000,0.0000,0,stuck_too_long
6141,101,-528.17,0.00,10.10,0.0000,0.0000,0,stuck_too_long
6142,101,-529.25,0.00,10.10,0.0000,0.0000,0,stuck_too_long
6143,101,-526.11,0.00,10.10,0.0000,0.0000,0,stuck_too_long
6144,101,-527.71,0.00,10.10,0.0000,0.0000,0,stuck_too_long
6145,101,-528.58,0.00,10.10,0.0000,0.0000,0,stuck_too_long
3981,101,-528.78,0.00,10.10,0.0000,0.0000,0,stuck_too_long
3982,101,-527.05,0.00,10.10,0.0000,0.0000,0,stuck_too_long
3983,101,-527.12,0.00,10.10,0.0000,0.0000,0,stuck_too_long
3984,101,-527.65,0.00,10.10,0.0000,0.0000,0,stuck_too_long
3985,101,-527.98,0.00,10.10,0.0000,0.0000,0,stuck_too_long
3986,101,-527.83,0.00,10.10,0.0000,0.0000,0,stuck_too_long
3987,101,-526.31,0.00,10.10,0.0000,0.0000,0,stuck_too_long
3988,101,-527.19,0.00,10.10,0.0000,0.0000,0,stuck_too_long
3989,101,-524.34,0.00,10.10,0.0000,0.0000,0,stuck_too_long
3990,101,-527.88,0.00,10.10,0.0000,0.0000,0,stuck_too_long
6146,101,-528.83,0.00,10.10,0.0000,0.0000,0,stuck_too_long
6147,101,-527.82,0.00,10.10,0.0000,0.0000,0,stuck_too_long
6148,101,-528.92,0.00,10.10,0.0000,0.0000,0,stuck_too_long
6149,101,-530.24,0.00,10.10,0.0000,0.0000,0,stuck_too_long
6150,101,-528.59,0.00,10.10,0.0000,0.0000,0,stuck_too_long
6151,101,-525.57,0.00,10.10,0.0000,0.0000,0,stuck_too_long
6152,101,-527.86,0.00,10.10,0.0000,0.0000,0,stuck_too_long
6153,101,-527.94,0.00,10.10,0.0000,0.0000,0,stuck_too_long
6154,101,-528.21,0.00,10.10,0.0000,0.0000,0,stuck_too_long
6155,101,-527.98,0.00,10.10,0.0000,0.0000,0,stuck_too_long
6156,101,-526.29,0.00,10.10,0.0000,0.0000,0,stuck_too_long
6157,101,-527.53,0.00,10.10,0.0000,0.0000,0,stuck_too_long
6158,101,-525.16,0.00,10.10,0.0000,0.0000,0,stuck_too_long
6159,101,-526.88,0.00,10.10,0.0000,0.0000,0,stuck_too_long
6160,101,-525.63,0.00,10.10,0.0000,0.0000,0,stuck_too_long
6161,101,-526.99,0.00,10.10,0.0000,0.0000,0,stuck_too_long
6162,101,-529.06,0.00,10.10,0.0000,0.0000,0,stuck_too_long
6163,101,-525.40,0.00,10.10,0.0000,0.0000,0,stuck_too_long
6164,101,-527.63,0.00,10.10,0.0000,0.0000,0,stuck_too_long
6165,101,-528.40,0.00,10.10,0.0000,0.0000,0,stuck_too_long
3991,101,-527.79,0.00,10.10,0.0000,0.0000,0,stuck_too_long
3992,101,-529.84,0.00,10.10,0.0000,0.0000,0,stuck_too_long
3993,101,-529.03,0.00,10.10,0.0000,0.0000,0,stuck_too_long
3994,101,-528.11,0.00,10.10,0.0000,0.0000,0,stuck_too_long
3995,101,-527.05,0.00,10.10,0.0000,0.0000,0,stuck_too_long
3996,101,-526.98,0.00,10.10,0.0000,0.0000,0,stuck_too_long
3997,101,-529.62,0.00,10.10,0.0000,0.0000,0,stuck_too_long
3998,101,-526.89,0.00,10.10,0.0000,0.0000,0,stuck_too_long
3999,101,-527.47,0.00,10.10,0.0000,0.0000,0,stuck_too_long
4000,101,-528.11,0.00,10.10,0.0000,0.0000,0,stuck_too_long
6166,101,-527.07,0.00,10.10,0.0000,0.0000,0,stuck_too_long
6167,101,-528.83,0.00,10.10,0.0000,0.0000,0,stuck_too_long
6168,101,-527.46,0.00,10.10,0.0000,0.0000,0,stuck_too_long
6169,101,-526.70,0.00,10.10,0.0000,0.0000,0,stuck_too_long
6170,101,-527.84,0.00,10.10,0.0000,0.0000,0,stuck_too_long
6171,101,-527.61,0.00,10.10,0.0000,0.0000,0,stuck_too_long
6172,101,-528.53,0.00,10.10,0.0000,0.0000,0,stuck_too_long
6173,101,-528.31,0.00,10.10,0.0000,0.0000,0,stuck_too_long
6174,101,-528.58,0.00,10.10,0.0000,0.0000,0,stuck_too_long
6175,101,-528.78,0.00,10.10,0.0000,0.0000,0,stuck_too_long
6176,101,-526.41,0.00,10.10,0.0000,0.0000,0,stuck_too_long
6177,101,-527.53,0.00,10.10,0.0000,0.0000,0,stuck_too_long
6178,101,-524.89,0.00,10.10,0.0000,0.0000,0,stuck_too_long
6179,101,-527.69,0.00,10.10,0.0000,0.0000,0,stuck_too_long
6180,101,-527.16,0.00,10.10,0.0000,0.0000,0,stuck_too_long
6181,101,-527.57,0.00,10.10,0.0000,0.0000,0,stuck_too_long
6182,101,-525.90,0.00,10.10,0.0000,0.0000,0,stuck_too_long
6183,101,-526.79,0.00,10.10,0.0000,0.0000,0,stuck_too_long
6184,101,-527.72,0.00,10.10,0.0000,0.0000,0,stuck_too_long
6185,101,-528.35,0.00,10.10,0.0000,0.0000,0,stuck_too_long
4001,101,-527.05,0.00,10.10,0.0000,0.0000,0,stuck_too_long
4002,101,-528.12,0.00,10.10,0.0000,0.0000,0,stuck_too_long
4003,101,-527.95,0.00,10.10,0.0000,0.0000,0,stuck_too_long
4004,101,-526.57,0.00,10.10,0.0000,0.0000,0,stuck_too_long
4005,101,-527.19,0.00,10.10,0.0000,0.0000,0,stuck_too_long
4006,101,-528.12,0.00,10.10,0.0000,0.0000,0,stuck_too_long
4007,101,-527.48,0.00,10.10,0.0000,0.0000,0,stuck_too_long
4008,101,-527.00,0.00,10.10,0.0000,0.0000,0,stuck_too_long
4009,101,-529.07,0.00,10.10,0.0000,0.0000,0,stuck_too_long
4010,101,-528.27,0.00,10.10,0.0000,0.0000,0,stuck_too_long
6186,101,-527.00,0.00,10.10,0.0000,0.0000,0,stuck_too_long
6187,101,-526.62,0.00,10.10,0.0000,0.0000,0,stuck_too_long
6188,101,-526.84,0.00,10.10,0.0000,0.0000,0,stuck_too_long
6189,101,-528.09,0.00,10.10,0.0000,0.0000,0,stuck_too_long
6190,101,-527.55,0.00,10.10,0.0000,0.0000,0,stuck_too_long
6191,101,-528.52,0.00,10.10,0.0000,0.0000,0,stuck_too_long
6192,101,-527.51,0.00,10.10,0.0000,0.0000,0,stuck_too_long
6193,101,-527.74,0.00,10.10,0.0000,0.0000,0,stuck_too_long
6194,101,-526.94,0.00,10.10,0.0000,0.0000,0,stuck_too_long
6195,101,-526.36,0.00,10.10,0.0000,0.0000,0,stuck_too_long
6196,101,-526.75,0.00,10.10,0.0000,0.0000,0,stuck_too_long
6197,101,-528.30,0.00,10.10,0.0000,0.0000,0,stuck_too_long
6198,101,-528.14,0.00,10.10,0.0000,0.0000,0,stuck_too_long
6199,101,-528.92,0.00,10.10,0.0000,0.0000,0,stuck_too_long
6200,101,-526.88,0.00,10.10,0.0000,0.0000,0,stuck_too_long
6201,101,-530.06,0.00,10.10,0.0000,0.0000,0,stuck_too_long
6202,101,-529.20,0.00,10.10,0.0000,0.0000,0,stuck_too_long
6203,101,-527.93,0.00,10.10,0.0000,0.0000,0,stuck_too_long
6204,101,-529.02,0.00,10.10,0.0000,0.0000,0,stuck_too_long
6205,101,-528.18,0.00,10.10,0.0000,0.0000,0,stuck_too_long
6206,101,-526.36,0.00,10.10,0.0000,0.0000,0,stuck_too_long
4011,101,-527.63,0.00,10.10,0.0000,0.0000,0,stuck_too_long
4012,101,-527.60,0.00,10.10,0.0000,0.0000,0,stuck_too_long
4013,101,-527.19,0.00,10.10,0.0000,0.0000,0,stuck_too_long
4014,101,-526.05,0.00,10.10,0.0000,0.0000,0,stuck_too_long
4015,101,-527.34,0.00,10.10,0.0000,0.0000,0,stuck_too_long
4016,101,-528.49,0.00,10.10,0.0000,0.0000,0,stuck_too_long
4017,101,-530.25,0.00,10.10,0.0000,0.0000,0,stuck_too_long
4018,101,-525.77,0.00,10.10,0.0000,0.0000,0,stuck_too_long
4019,101,-528.37,0.00,10.10,0.0000,0.0000,0,stuck_too_long
4020,101,-527.01,0.00,10.10,0.0000,0.0000,0,stuck_too_long
6207,101,-527.81,0.00,10.10,0.0000,0.0000,0,stuck_too_long
6208,101,-526.49,0.00,10.10,0.0000,0.0000,0,stuck_too_long
6209,101,-524.64,0.00,10.10,0.0000,0.0000,0,stuck_too_long
6210,101,-528.49,0.00,10.10,0.0000,0.0000,0,stuck_too_long
6211,101,-528.22,0.00,10.10,0.0000,0.0000,0,stuck_too_long
6212,101,-526.47,0.00,10.10,0.0000,0.0000,0,stuck_too_long
6213,101,-526.54,0.00,10.10,0.0000,0.0000,0,stuck_too_long
6214,101,-528.30,0.00,10.10,0.0000,0.0000,0,stuck_too_long
6215,101,-528.64,0.00,10.10,0.0000,0.0000,0,stuck_too_long
6216,101,-527.93,0.00,10.10,0.0000,0.0000,0,stuck_too_long
6217,101,-527.85,0.00,10.10,0.0000,0.0000,0,stuck_too_long
6218,101,-527.51,0.00,10.10,0.0000,0.0000,0,stuck_too_long
6219,101,-526.69,0.00,10.10,0.0000,0.0000,0,stuck_too_long
6220,101,-526.56,0.00,10.10,0.0000,0.0000,0,stuck_too_long
6221,101,-528.22,0.00,10.10,0.0000,0.0000,0,stuck_too_long
6222,101,-528.31,0.00,10.10,0.0000,0.0000,0,stuck_too_long
6223,101,-527.15,0.00,10.10,0.0000,0.0000,0,stuck_too_long
6224,101,-526.89,0.00,10.10,0.0000,0.0000,0,stuck_too_long
6225,101,-527.97,0.00,10.10,0.0000,0.0000,0,stuck_too_long
6226,101,-528.12,0.00,10.10,0.0000,0.0000,0,stuck_too_long
4021,101,-526.92,0.00,10.10,0.0000,0.0000,0,stuck_too_long
4022,101,-526.54,0.00,10.10,0.0000,0.0000,0,stuck_too_long
4023,101,-527.38,0.00,10.10,0.0000,0.0000,0,stuck_too_long
4024,101,-529.53,0.00,10.10,0.0000,0.0000,0,stuck_too_long
4025,101,-526.62,0.00,10.10,0.0000,0.0000,0,stuck_too_long
4026,101,-528.68,0.00,10.10,0.0000,0.0000,0,stuck_too_long
4027,101,-529.16,0.00,10.10,0.0000,0.0000,0,stuck_too_long
4028,101,-527.15,0.00,10.10,0.0000,0.0000,0,stuck_too_long
4029,101,-525.70,0.00,10.10,0.0000,0.0000,0,stuck_too_long
4030,101,-527.03,0.00,10.10,0.0000,0.0000,0,stuck_too_long
6227,101,-526.65,0.00,10.10,0.0000,0.0000,0,stuck_too_long
6228,101,-525.35,0.00,10.10,0.0000,0.0000,0,stuck_too_long
6229,101,-529.34,0.00,10.10,0.0000,0.0000,0,stuck_too_long
6230,101,-526.61,0.00,10.10,0.0000,0.0000,0,stuck_too_long
6231,101,-530.34,0.00,10.10,0.0000,0.0000,0,stuck_too_long
6232,101,-526.65,0.00,10.10,0.0000,0.0000,0,stuck_too_long
6233,101,-526.19,0.00,10.10,0.0000,0.0000,0,stuck_too_long
6234,101,-527.83,0.00,10.10,0.0000,0.0000,0,stuck_too_long
6235,101,-528.30,0.00,10.10,0.0000,0.0000,0,stuck_too_long
6236,101,-528.52,0.00,10.10,0.0000,0.0000,0,stuck_too_long
6237,101,-529.05,0.00,10.10,0.0000,0.0000,0,stuck_too_long
6238,101,-528.03,0.00,10.10,0.0000,0.0000,0,stuck_too_long
6239,101,-525.81,0.00,10.10,0.0000,0.0000,0,stuck_too_long
6240,101,-528.66,0.00,10.10,0.0000,0.0000,0,stuck_too_long
6241,101,-527.20,0.00,10.10,0.0000,0.0000,0,stuck_too_long
6242,101,-527.94,0.00,10.10,0.0000,0.0000,0,stuck_too_long
6243,101,-529.20,0.00,10.10,0.0000,0.0000,0,stuck_too_long
6244,101,-526.52,0.00,10.10,0.0000,0.0000,0,stuck_too_long
6245,101,-527.88,0.00,10.10,0.0000,0.0000,0,stuck_too_long
6246,101,-528.41,0.00,10.10,0.0000,0.0000,0,stuck_too_long
4031,101,-527.67,0.00,10.10,0.0000,0.0000,0,stuck_too_long
4032,101,-527.02,0.00,10.10,0.0000,0.0000,0,stuck_too_long
4033,101,-525.48,0.00,10.10,0.0000,0.0000,0,stuck_too_long
4034,101,-527.14,0.00,10.10,0.0000,0.0000,0,stuck_too_long
4035,101,-525.16,0.00,10.10,0.0000,0.0000,0,stuck_too_long
4036,101,-528.28,0.00,10.10,0.0000,0.0000,0,stuck_too_long
4037,101,-527.41,0.00,10.10,0.0000,0.0000,0,stuck_too_long
4038,101,-528.93,0.00,10.10,0.0000,0.0000,0,stuck_too_long
4039,101,-527.67,0.00,10.10,0.0000,0.0000,0,stuck_too_long
4040,101,-527.79,0.00,10.10,0.0000,0.0000,0,stuck_too_long
6247,101,-528.15,0.00,10.10,0.0000,0.0000,0,stuck_too_long
6248,101,-527.36,0.00,10.10,0.0000,0.0000,0,stuck_too_long
6249,101,-525.97,0.00,10.10,0.0000,0.0000,0,stuck_too_long
6250,101,-527.94,0.00,10.10,0.0000,0.0000,0,stuck_too_long
6251,101,-527.73,0.00,10.10,0.0000,0.0000,0,stuck_too_long
6252,101,-525.19,0.00,10.10,0.0000,0.0000,0,stuck_too_long
6253,101,-526.92,0.00,10.10,0.0000,0.0000,0,stuck_too_long
6254,101,-527.78,0.00,10.10,0.0000,0.0000,0,stuck_too_long
6255,101,-526.71,0.00,10.10,0.0000,0.0000,0,stuck_too_long
6256,101,-525.60,0.00,10.10,0.0000,0.0000,0,stuck_too_long
6257,101,-528.35,0.00,10.10,0.0000,0.0000,0,stuck_too_long
6258,101,-524.30,0.00,10.10,0.0000,0.0000,0,stuck_too_long
6259,101,-528.26,0.00,10.10,0.0000,0.0000,0,stuck_too_long
6260,101,-529.64,0.00,10.10,0.0000,0.0000,0,stuck_too_long
6261,101,-527.66,0.00,10.10,0.0000,0.0000,0,stuck_too_long
6262,101,-529.05,0.00,10.10,0.0000,0.0000,0,stuck_too_long
6263,101,-528.65,0.00,10.10,0.0000,0.0000,0,stuck_too_long
6264,101,-528.31,0.00,10.10,0.0000,0.0000,0,stuck_too_long
6265,101,-528.74,0.00,10.10,0.0000,0.0000,0,stuck_too_long
6266,101,-528.04,0.00,10.10,0.0000,0.0000,0,stuck_too_long
6267,101,-528.65,0.00,10.10,0.0000,0.0000,0,stuck_too_long
4041,101,-527.49,0.00,10.10,0.0000,0.0000,0,stuck_too_long
4042,101,-527.96,0.00,10.10,0.0000,0.0000,0,stuck_too_long
4043,101,-528.58,0.00,10.10,0.0000,0.0000,0,stuck_too_long
4044,101,-528.11,0.00,10.10,0.0000,0.0000,0,stuck_too_long
4045,101,-529.40,0.00,10.10,0.0000,0.0000,0,stuck_too_long
4046,101,-528.78,0.00,10.10,0.0000,0.0000,0,stuck_too_long
4047,101,-528.41,0.00,10.10,0.0000,0.0000,0,stuck_too_long
4048,101,-527.74,0.00,10.10,0.0000,0.0000,0,stuck_too_long
4049,101,-527.23,0.00,10.10,0.0000,0.0000,0,stuck_too_long
4050,159,-598.86,0.01,14.93,0.0000,0.0000,0,stuck_too_long
6268,101,-528.86,0.00,10.10,0.0000,0.0000,0,stuck_too_long
6269,171,-617.29,0.01,17.64,0.0000,0.0000,0,stuck_too_long
6270,101,-527.23,0.00,10.10,0.0000,0.0000,0,stuck_too_long
6271,101,-526.13,0.00,10.10,0.0000,0.0000,0,stuck_too_long
6272,101,-527.17,0.00,10.10,0.0000,0.0000,0,stuck_too_long
6273,101,-526.30,0.00,10.10,0.0000,0.0000,0,stuck_too_long
6274,101,-526.34,0.00,10.10,0.0000,0.0000,0,stuck_too_long
6275,115,-543.38,0.06,8.88,0.0000,0.0000,0,stuck_too_long
6276,101,-528.19,0.00,10.10,0.0000,0.0000,0,stuck_too_long
6277,101,-528.37,0.00,10.10,0.0000,0.0000,0,stuck_too_long
6278,101,-528.55,0.00,10.10,0.0000,0.0000,0,stuck_too_long
6279,101,-526.41,0.00,10.10,0.0000,0.0000,0,stuck_too_long
6280,101,-526.52,0.00,10.10,0.0000,0.0000,0,stuck_too_long
6281,101,-527.50,0.00,10.10,0.0000,0.0000,0,stuck_too_long
6282,101,-527.26,0.00,10.10,0.0000,0.0000,0,stuck_too_long
6283,101,-525.92,0.00,10.10,0.0000,0.0000,0,stuck_too_long
6284,101,-527.62,0.00,10.10,0.0000,0.0000,0,stuck_too_long
6285,101,-527.83,0.00,10.10,0.0000,0.0000,0,stuck_too_long
6286,101,-526.54,0.00,10.10,0.0000,0.0000,0,stuck_too_long
4051,182,-630.84,0.00,18.24,0.0000,0.0000,0,stuck_too_long
4052,101,-529.42,0.00,10.10,0.0000,0.0000,0,stuck_too_long
4053,101,-526.48,0.00,10.10,0.0000,0.0000,0,stuck_too_long
4054,101,-526.94,0.00,10.10,0.0000,0.0000,0,stuck_too_long
4055,101,-526.30,0.00,10.10,0.0000,0.0000,0,stuck_too_long
4056,101,-528.03,0.00,10.10,0.0000,0.0000,0,stuck_too_long
4057,101,-525.43,0.00,10.10,0.0000,0.0000,0,stuck_too_long
4058,101,-528.58,0.00,10.10,0.0000,0.0000,0,stuck_too_long
4059,101,-528.54,0.00,10.10,0.0000,0.0000,0,stuck_too_long
4060,101,-526.41,0.00,10.10,0.0000,0.0000,0,stuck_too_long
6287,101,-526.88,0.00,10.10,0.0000,0.0000,0,stuck_too_long
6288,137,-573.26,0.02,12.44,0.0000,0.0000,0,stuck_too_long
6289,101,-526.25,0.00,10.10,0.0000,0.0000,0,stuck_too_long
6290,101,-527.87,0.00,10.10,0.0000,0.0000,0,stuck_too_long
6291,101,-528.01,0.00,10.10,0.0000,0.0000,0,stuck_too_long
6292,101,-527.73,0.00,10.10,0.0000,0.0000,0,stuck_too_long
6293,101,-528.25,0.00,10.10,0.0000,0.0000,0,stuck_too_long
6294,101,-526.93,0.00,10.10,0.0000,0.0000,0,stuck_too_long
6295,101,-528.01,0.00,10.10,0.0000,0.0000,0,stuck_too_long
6296,101,-528.35,0.00,10.10,0.0000,0.0000,0,stuck_too_long
6297,101,-528.59,0.00,10.10,0.0000,0.0000,0,stuck_too_long
6298,101,-527.02,0.00,10.10,0.0000,0.0000,0,stuck_too_long
6299,101,-527.12,0.00,10.10,0.0000,0.0000,0,stuck_too_long
6300,101,-529.52,0.00,10.12,0.0000,0.0000,0,stuck_too_long
6301,192,-641.27,0.00,19.24,0.0000,0.0000,0,stuck_too_long
6302,101,-527.09,0.00,10.10,0.0000,0.0000,0,stuck_too_long
6303,101,-528.58,0.00,10.10,0.0000,0.0000,0,stuck_too_long
6304,101,-526.99,0.00,10.10,0.0000,0.0000,0,stuck_too_long
6305,101,-527.64,0.00,10.10,0.0000,0.0000,0,stuck_too_long
4061,101,-526.52,0.00,10.10,0.0000,0.0000,0,stuck_too_long
4062,101,-527.03,0.00,10.10,0.0000,0.0000,0,stuck_too_long
4063,101,-528.09,0.00,10.10,0.0000,0.0000,0,stuck_too_long
4064,101,-529.50,0.00,10.10,0.0000,0.0000,0,stuck_too_long
4065,101,-526.68,0.00,10.10,0.0000,0.0000,0,stuck_too_long
4066,123,-555.34,0.01,13.04,0.0000,0.0000,0,stuck_too_long
4067,101,-527.07,0.00,10.10,0.0000,0.0000,0,stuck_too_long
4068,101,-527.75,0.00,10.10,0.0000,0.0000,0,stuck_too_long
4069,101,-529.83,0.00,10.10,0.0000,0.0000,0,stuck_too_long
4070,101,-525.66,0.00,10.10,0.0000,0.0000,0,stuck_too_long
6306,101,-529.04,0.00,10.10,0.0000,0.0000,0,stuck_too_long
6307,101,-527.06,0.00,10.10,0.0000,0.0000,0,stuck_too_long
6308,101,-525.97,0.00,10.10,0.0000,0.0000,0,stuck_too_long
6309,101,-527.74,0.00,10.10,0.0000,0.0000,0,stuck_too_long
6310,101,-528.05,0.00,10.10,0.0000,0.0000,0,stuck_too_long
6311,101,-528.84,0.00,10.10,0.0000,0.0000,0,stuck_too_long
6312,101,-528.59,0.00,10.10,0.0000,0.0000,0,stuck_too_long
6313,101,-528.81,0.00,10.10,0.0000,0.0000,0,stuck_too_long
6314,101,-526.92,0.00,10.10,0.0000,0.0000,0,stuck_too_long
6315,101,-528.03,0.00,10.10,0.0000,0.0000,0,stuck_too_long
6316,101,-528.57,0.00,10.10,0.0000,0.0000,0,stuck_too_long
6317,101,-526.85,0.00,10.10,0.0000,0.0000,0,stuck_too_long
6318,101,-528.67,0.00,10.10,0.0000,0.0000,0,stuck_too_long
6319,101,-529.17,0.00,10.10,0.0000,0.0000,0,stuck_too_long
6320,101,-526.66,0.00,10.10,0.0000,0.0000,0,stuck_too_long
6321,101,-527.43,0.00,10.10,0.0000,0.0000,0,stuck_too_long
6322,101,-526.24,0.00,10.10,0.0000,0.0000,0,stuck_too_long
6323,101,-528.09,0.00,10.10,0.0000,0.0000,0,stuck_too_long
6324,101,-525.34,0.00,10.10,0.0000,0.0000,0,stuck_too_long
6325,101,-527.46,0.00,10.10,0.0000,0.0000,0,stuck_too_long
4071,101,-527.99,0.00,10.10,0.0000,0.0000,0,stuck_too_long
4072,101,-526.52,0.00,10.10,0.0000,0.0000,0,stuck_too_long
4073,101,-527.45,0.00,10.10,0.0000,0.0000,0,stuck_too_long
4074,101,-527.85,0.00,10.10,0.0000,0.0000,0,stuck_too_long
4075,101,-526.90,0.00,10.10,0.0000,0.0000,0,stuck_too_long
4076,101,-526.66,0.00,10.10,0.0000,0.0000,0,stuck_too_long
4077,101,-527.96,0.00,10.10,0.0000,0.0000,0,stuck_too_long
4078,101,-529.05,0.00,10.10,0.0000,0.0000,0,stuck_too_long
4079,101,-528.78,0.00,10.10,0.0000,0.0000,0,stuck_too_long
4080,101,-528.73,0.00,10.10,0.0000,0.0000,0,stuck_too_long
6326,101,-527.96,0.00,10.10,0.0000,0.0000,0,stuck_too_long
6327,101,-528.34,0.00,10.10,0.0000,0.0000,0,stuck_too_long
6328,101,-527.35,0.00,10.10,0.0000,0.0000,0,stuck_too_long
6329,101,-526.68,0.00,10.10,0.0000,0.0000,0,stuck_too_long
6330,101,-528.54,0.00,10.10,0.0000,0.0000,0,stuck_too_long
6331,101,-526.59,0.00,10.10,0.0000,0.0000,0,stuck_too_long
6332,101,-525.94,0.00,10.10,0.0000,0.0000,0,stuck_too_long
6333,101,-528.52,0.00,10.10,0.0000,0.0000,0,stuck_too_long
6334,101,-527.13,0.00,10.10,0.0000,0.0000,0,stuck_too_long
6335,101,-526.95,0.00,10.10,0.0000,0.0000,0,stuck_too_long
6336,101,-526.85,0.00,10.10,0.0000,0.0000,0,stuck_too_long
6337,101,-526.75,0.00,10.10,0.0000,0.0000,0,stuck_too_long
6338,101,-526.40,0.00,10.10,0.0000,0.0000,0,stuck_too_long
6339,101,-528.56,0.00,10.10,0.0000,0.0000,0,stuck_too_long
6340,101,-529.25,0.00,10.10,0.0000,0.0000,0,stuck_too_long
6341,101,-528.75,0.00,10.10,0.0000,0.0000,0,stuck_too_long
6342,101,-527.39,0.00,10.10,0.0000,0.0000,0,stuck_too_long
6343,101,-527.03,0.00,10.10,0.0000,0.0000,0,stuck_too_long
6344,101,-525.73,0.00,10.10,0.0000,0.0000,0,stuck_too_long
6345,101,-526.90,0.00,10.10,0.0000,0.0000,0,stuck_too_long
6346,101,-529.32,0.00,10.10,0.0000,0.0000,0,stuck_too_long
4081,101,-527.33,0.00,10.10,0.0000,0.0000,0,stuck_too_long
4082,101,-526.14,0.00,10.10,0.0000,0.0000,0,stuck_too_long
4083,101,-527.37,0.00,10.10,0.0000,0.0000,0,stuck_too_long
4084,101,-529.81,0.00,10.10,0.0000,0.0000,0,stuck_too_long
4085,101,-527.62,0.00,10.10,0.0000,0.0000,0,stuck_too_long
4086,101,-528.21,0.00,10.10,0.0000,0.0000,0,stuck_too_long
4087,101,-528.95,0.00,10.10,0.0000,0.0000,0,stuck_too_long
4088,101,-526.95,0.00,10.10,0.0000,0.0000,0,stuck_too_long
4089,101,-527.81,0.00,10.10,0.0000,0.0000,0,stuck_too_long
4090,101,-529.83,0.00,10.10,0.0000,0.0000,0,stuck_too_long
6347,101,-526.66,0.00,10.10,0.0000,0.0000,0,stuck_too_long
6348,101,-527.35,0.00,10.10,0.0000,0.0000,0,stuck_too_long
6349,101,-527.94,0.00,10.10,0.0000,0.0000,0,stuck_too_long
6350,101,-525.80,0.00,10.10,0.0000,0.0000,0,stuck_too_long
6351,101,-527.51,0.00,10.10,0.0000,0.0000,0,stuck_too_long
6352,101,-528.70,0.00,10.10,0.0000,0.0000,0,stuck_too_long
6353,101,-529.30,0.00,10.10,0.0000,0.0000,0,stuck_too_long
6354,101,-527.96,0.00,10.10,0.0000,0.0000,0,stuck_too_long
6355,101,-527.66,0.00,10.10,0.0000,0.0000,0,stuck_too_long
6356,101,-529.22,0.00,10.10,0.0000,0.0000,0,stuck_too_long
6357,101,-529.11,0.00,10.10,0.0000,0.0000,0,stuck_too_long
6358,101,-528.69,0.00,10.10,0.0000,0.0000,0,stuck_too_long
6359,101,-527.38,0.00,10.10,0.0000,0.0000,0,stuck_too_long
6360,101,-528.00,0.00,10.10,0.0000,0.0000,0,stuck_too_long
6361,101,-529.13,0.00,10.10,0.0000,0.0000,0,stuck_too_long
6362,101,-528.67,0.00,10.10,0.0000,0.0000,0,stuck_too_long
6363,101,-527.79,0.00,10.10,0.0000,0.0000,0,stuck_too_long
6364,101,-527.64,0.00,10.10,0.0000,0.0000,0,stuck_too_long
6365,101,-527.12,0.00,10.10,0.0000,0.0000,0,stuck_too_long
6366,101,-527.47,0.00,10.10,0.0000,0.0000,0,stuck_too_long
4091,101,-526.84,0.00,10.10,0.0000,0.0000,0,stuck_too_long
4092,101,-528.10,0.00,10.10,0.0000,0.0000,0,stuck_too_long
4093,101,-527.94,0.00,10.10,0.0000,0.0000,0,stuck_too_long
4094,101,-528.79,0.00,10.10,0.0000,0.0000,0,stuck_too_long
4095,101,-529.02,0.00,10.10,0.0000,0.0000,0,stuck_too_long
4096,101,-527.86,0.00,10.10,0.0000,0.0000,0,stuck_too_long
4097,101,-527.00,0.00,10.10,0.0000,0.0000,0,stuck_too_long
4098,101,-526.85,0.00,10.10,0.0000,0.0000,0,stuck_too_long
4099,101,-527.37,0.00,10.10,0.0000,0.0000,0,stuck_too_long
4100,101,-526.53,0.00,10.10,0.0000,0.0000,0,stuck_too_long
6367,101,-528.94,0.00,10.10,0.0000,0.0000,0,stuck_too_long
6368,101,-525.78,0.00,10.10,0.0000,0.0000,0,stuck_too_long
6369,101,-528.62,0.00,10.10,0.0000,0.0000,0,stuck_too_long
6370,101,-525.61,0.00,10.10,0.0000,0.0000,0,stuck_too_long
6371,101,-525.73,0.00,10.10,0.0000,0.0000,0,stuck_too_long
6372,101,-527.48,0.00,10.10,0.0000,0.0000,0,stuck_too_long
6373,101,-528.32,0.00,10.10,0.0000,0.0000,0,stuck_too_long
6374,101,-525.76,0.00,10.10,0.0000,0.0000,0,stuck_too_long
6375,101,-527.89,0.00,10.10,0.0000,0.0000,0,stuck_too_long
6376,101,-526.85,0.00,10.10,0.0000,0.0000,0,stuck_too_long
6377,101,-527.68,0.00,10.10,0.0000,0.0000,0,stuck_too_long
6378,101,-527.98,0.00,10.10,0.0000,0.0000,0,stuck_too_long
6379,101,-527.25,0.00,10.10,0.0000,0.0000,0,stuck_too_long
6380,101,-530.31,0.00,10.10,0.0000,0.0000,0,stuck_too_long
6381,101,-527.87,0.00,10.10,0.0000,0.0000,0,stuck_too_long
6382,101,-526.20,0.00,10.10,0.0000,0.0000,0,stuck_too_long
6383,101,-529.35,0.00,10.10,0.0000,0.0000,0,stuck_too_long
6384,101,-528.83,0.00,10.10,0.0000,0.0000,0,stuck_too_long
6385,101,-527.99,0.00,10.10,0.0000,0.0000,0,stuck_too_long
6386,101,-527.98,0.00,10.10,0.0000,0.0000,0,stuck_too_long
4101,101,-528.51,0.00,10.10,0.0000,0.0000,0,stuck_too_long
4102,101,-527.03,0.00,10.10,0.0000,0.0000,0,stuck_too_long
4103,101,-529.07,0.00,10.10,0.0000,0.0000,0,stuck_too_long
4104,101,-528.39,0.00,10.10,0.0000,0.0000,0,stuck_too_long
4105,101,-529.17,0.00,10.10,0.0000,0.0000,0,stuck_too_long
4106,101,-527.27,0.00,10.10,0.0000,0.0000,0,stuck_too_long
4107,101,-528.48,0.00,10.10,0.0000,0.0000,0,stuck_too_long
4108,101,-527.66,0.00,10.10,0.0000,0.0000,0,stuck_too_long
4109,101,-527.59,0.00,10.10,0.0000,0.0000,0,stuck_too_long
4110,101,-528.07,0.00,10.10,0.0000,0.0000,0,stuck_too_long
6387,101,-528.03,0.00,10.10,0.0000,0.0000,0,stuck_too_long
6388,101,-527.06,0.00,10.10,0.0000,0.0000,0,stuck_too_long
6389,101,-526.20,0.00,10.10,0.0000,0.0000,0,stuck_too_long
6390,101,-529.79,0.00,10.10,0.0000,0.0000,0,stuck_too_long
6391,101,-527.20,0.00,10.10,0.0000,0.0000,0,stuck_too_long
6392,101,-527.99,0.00,10.10,0.0000,0.0000,0,stuck_too_long
6393,101,-527.24,0.00,10.10,0.0000,0.0000,0,stuck_too_long
6394,101,-527.34,0.00,10.10,0.0000,0.0000,0,stuck_too_long
6395,101,-528.38,0.00,10.10,0.0000,0.0000,0,stuck_too_long
6396,101,-529.45,0.00,10.10,0.0000,0.0000,0,stuck_too_long
6397,101,-527.08,0.00,10.10,0.0000,0.0000,0,stuck_too_long
6398,101,-527.00,0.00,10.10,0.0000,0.0000,0,stuck_too_long
6399,101,-529.10,0.00,10.10,0.0000,0.0000,0,stuck_too_long
6400,101,-528.83,0.00,10.10,0.0000,0.0000,0,stuck_too_long
6401,101,-528.65,0.00,10.10,0.0000,0.0000,0,stuck_too_long
6402,101,-526.98,0.00,10.10,0.0000,0.0000,0,stuck_too_long
6403,101,-526.63,0.00,10.10,0.0000,0.0000,0,stuck_too_long
6404,101,-527.92,0.00,10.10,0.0000,0.0000,0,stuck_too_long
6405,101,-527.15,0.00,10.10,0.0000,0.0000,0,stuck_too_long
6406,101,-528.08,0.00,10.10,0.0000,0.0000,0,stuck_too_long
4111,101,-530.45,0.00,10.10,0.0000,0.0000,0,stuck_too_long
4112,101,-525.20,0.00,10.10,0.0000,0.0000,0,stuck_too_long
4113,101,-528.59,0.00,10.10,0.0000,0.0000,0,stuck_too_long
4114,101,-528.07,0.00,10.10,0.0000,0.0000,0,stuck_too_long
4115,101,-527.72,0.00,10.10,0.0000,0.0000,0,stuck_too_long
4116,101,-529.02,0.00,10.10,0.0000,0.0000,0,stuck_too_long
4117,101,-528.79,0.00,10.10,0.0000,0.0000,0,stuck_too_long
4118,101,-528.04,0.00,10.10,0.0000,0.0000,0,stuck_too_long
4119,101,-528.07,0.00,10.10,0.0000,0.0000,0,stuck_too_long
4120,101,-525.09,0.00,10.10,0.0000,0.0000,0,stuck_too_long
6407,101,-527.81,0.00,10.10,0.0000,0.0000,0,stuck_too_long
6408,101,-528.89,0.00,10.10,0.0000,0.0000,0,stuck_too_long
6409,101,-526.21,0.00,10.10,0.0000,0.0000,0,stuck_too_long
6410,101,-527.40,0.00,10.10,0.0000,0.0000,0,stuck_too_long
6411,101,-528.29,0.00,10.10,0.0000,0.0000,0,stuck_too_long
6412,101,-528.02,0.00,10.10,0.0000,0.0000,0,stuck_too_long
6413,101,-529.79,0.00,10.10,0.0000,0.0000,0,stuck_too_long
6414,101,-529.32,0.00,10.10,0.0000,0.0000,0,stuck_too_long
6415,101,-528.00,0.00,10.10,0.0000,0.0000,0,stuck_too_long
6416,101,-526.66,0.00,10.10,0.0000,0.0000,0,stuck_too_long
6417,101,-527.67,0.00,10.10,0.0000,0.0000,0,stuck_too_long
6418,101,-527.23,0.00,10.10,0.0000,0.0000,0,stuck_too_long
6419,101,-527.83,0.00,10.10,0.0000,0.0000,0,stuck_too_long
6420,101,-528.45,0.00,10.10,0.0000,0.0000,0,stuck_too_long
6421,101,-529.31,0.00,10.10,0.0000,0.0000,0,stuck_too_long
6422,101,-527.06,0.00,10.10,0.0000,0.0000,0,stuck_too_long
6423,101,-526.94,0.00,10.10,0.0000,0.0000,0,stuck_too_long
6424,101,-528.16,0.00,10.10,0.0000,0.0000,0,stuck_too_long
6425,101,-526.91,0.00,10.10,0.0000,0.0000,0,stuck_too_long
6426,101,-527.26,0.00,10.10,0.0000,0.0000,0,stuck_too_long
6427,101,-527.37,0.00,10.10,0.0000,0.0000,0,stuck_too_long
4121,101,-527.72,0.00,10.10,0.0000,0.0000,0,stuck_too_long
4122,101,-529.24,0.00,10.10,0.0000,0.0000,0,stuck_too_long
4123,101,-526.97,0.00,10.10,0.0000,0.0000,0,stuck_too_long
4124,101,-526.17,0.00,10.10,0.0000,0.0000,0,stuck_too_long
4125,101,-527.25,0.00,10.10,0.0000,0.0000,0,stuck_too_long
4126,102,-528.22,0.04,8.66,0.0000,0.0000,0,stuck_too_long
4127,101,-526.26,0.00,10.10,0.0000,0.0000,0,stuck_too_long
4128,101,-529.83,0.00,10.10,0.0000,0.0000,0,stuck_too_long
4129,101,-528.17,0.00,10.10,0.0000,0.0000,0,stuck_too_long
4130,101,-527.69,0.00,10.10,0.0000,0.0000,0,stuck_too_long
6428,101,-526.84,0.00,10.10,0.0000,0.0000,0,stuck_too_long
6429,101,-526.85,0.00,10.10,0.0000,0.0000,0,stuck_too_long
6430,101,-528.16,0.00,10.10,0.0000,0.0000,0,stuck_too_long
6431,101,-529.08,0.00,10.10,0.0000,0.0000,0,stuck_too_long
6432,101,-526.33,0.00,10.10,0.0000,0.0000,0,stuck_too_long
6433,101,-527.87,0.00,10.10,0.0000,0.0000,0,stuck_too_long
6434,101,-527.68,0.00,10.10,0.0000,0.0000,0,stuck_too_long
6435,101,-527.37,0.00,10.10,0.0000,0.0000,0,stuck_too_long
6436,101,-526.17,0.00,10.10,0.0000,0.0000,0,stuck_too_long
6437,101,-527.08,0.00,10.10,0.0000,0.0000,0,stuck_too_long
6438,101,-527.61,0.00,10.10,0.0000,0.0000,0,stuck_too_long
6439,101,-526.64,0.00,10.10,0.0000,0.0000,0,stuck_too_long
6440,101,-528.82,0.00,10.10,0.0000,0.0000,0,stuck_too_long
6441,101,-527.62,0.00,10.10,0.0000,0.0000,0,stuck_too_long
6442,101,-528.59,0.00,10.10,0.0000,0.0000,0,stuck_too_long
6443,101,-527.74,0.00,10.10,0.0000,0.0000,0,stuck_too_long
6444,101,-529.70,0.00,10.10,0.0000,0.0000,0,stuck_too_long
6445,101,-526.92,0.00,10.10,0.0000,0.0000,0,stuck_too_long
6446,101,-528.78,0.00,10.10,0.0000,0.0000,0,stuck_too_long
6447,138,-575.78,0.01,13.85,0.0000,0.0000,0,stuck_too_long
4131,101,-528.84,0.00,10.10,0.0000,0.0000,0,stuck_too_long
4132,101,-528.22,0.00,10.10,0.0000,0.0000,0,stuck_too_long
4133,101,-527.48,0.00,10.10,0.0000,0.0000,0,stuck_too_long
4134,101,-529.81,0.00,10.10,0.0000,0.0000,0,stuck_too_long
4135,101,-528.20,0.00,10.10,0.0000,0.0000,0,stuck_too_long
4136,101,-527.75,0.00,10.10,0.0000,0.0000,0,stuck_too_long
4137,101,-527.87,0.00,10.10,0.0000,0.0000,0,stuck_too_long
4138,101,-529.03,0.00,10.10,0.0000,0.0000,0,stuck_too_long
4139,101,-528.68,0.00,10.10,0.0000,0.0000,0,stuck_too_long
4140,101,-528.72,0.00,10.10,0.0000,0.0000,0,stuck_too_long
6448,101,-528.62,0.00,10.10,0.0000,0.0000,0,stuck_too_long
6449,101,-528.45,0.00,10.10,0.0000,0.0000,0,stuck_too_long
6450,101,-528.31,0.00,10.10,0.0000,0.0000,0,stuck_too_long
6451,101,-528.86,0.00,10.10,0.0000,0.0000,0,stuck_too_long
6452,101,-528.15,0.00,10.10,0.0000,0.0000,0,stuck_too_long
6453,101,-526.80,0.00,10.10,0.0000,0.0000,0,stuck_too_long
6454,101,-527.62,0.00,10.10,0.0000,0.0000,0,stuck_too_long
6455,101,-527.26,0.00,10.10,0.0000,0.0000,0,stuck_too_long
6456,101,-530.07,0.00,10.10,0.0000,0.0000,0,stuck_too_long
6457,101,-527.70,0.00,10.10,0.0000,0.0000,0,stuck_too_long
6458,101,-526.94,0.00,10.10,0.0000,0.0000,0,stuck_too_long
6459,101,-527.01,0.00,10.10,0.0000,0.0000,0,stuck_too_long
6460,101,-526.78,0.00,10.10,0.0000,0.0000,0,stuck_too_long
6461,101,-526.73,0.00,10.10,0.0000,0.0000,0,stuck_too_long
6462,101,-527.24,0.00,10.10,0.0000,0.0000,0,stuck_too_long
6463,101,-529.62,0.00,10.10,0.0000,0.0000,0,stuck_too_long
6464,101,-528.00,0.00,10.10,0.0000,0.0000,0,stuck_too_long
6465,101,-527.44,0.00,10.10,0.0000,0.0000,0,stuck_too_long
6466,101,-526.67,0.00,10.10,0.0000,0.0000,0,stuck_too_long
6467,101,-528.29,0.00,10.10,0.0000,0.0000,0,stuck_too_long
4141,101,-529.71,0.00,10.10,0.0000,0.0000,0,stuck_too_long
4142,101,-525.27,0.00,10.10,0.0000,0.0000,0,stuck_too_long
4143,101,-528.16,0.00,10.10,0.0000,0.0000,0,stuck_too_long
4144,101,-527.29,0.00,10.10,0.0000,0.0000,0,stuck_too_long
4145,101,-528.67,0.00,10.10,0.0000,0.0000,0,stuck_too_long
4146,101,-526.52,0.00,10.10,0.0000,0.0000,0,stuck_too_long
4147,101,-527.31,0.00,10.10,0.0000,0.0000,0,stuck_too_long
4148,101,-529.56,0.00,10.10,0.0000,0.0000,0,stuck_too_long
4149,101,-529.05,0.00,10.10,0.0000,0.0000,0,stuck_too_long
4150,101,-526.08,0.00,10.10,0.0000,0.0000,0,stuck_too_long
6468,101,-527.27,0.00,10.10,0.0000,0.0000,0,stuck_too_long
6469,101,-528.01,0.00,10.10,0.0000,0.0000,0,stuck_too_long
6470,101,-527.52,0.00,10.10,0.0000,0.0000,0,stuck_too_long
6471,101,-528.67,0.00,10.10,0.0000,0.0000,0,stuck_too_long
6472,101,-527.95,0.00,10.10,0.0000,0.0000,0,stuck_too_long
6473,101,-526.80,0.00,10.10,0.0000,0.0000,0,stuck_too_long
6474,101,-529.46,0.00,10.10,0.0000,0.0000,0,stuck_too_long
6475,101,-528.71,0.00,10.10,0.0000,0.0000,0,stuck_too_long
6476,101,-526.92,0.00,10.10,0.0000,0.0000,0,stuck_too_long
6477,101,-527.16,0.00,10.10,0.0000,0.0000,0,stuck_too_long
6478,101,-528.31,0.00,10.10,0.0000,0.0000,0,stuck_too_long
6479,101,-528.09,0.00,10.10,0.0000,0.0000,0,stuck_too_long
6480,101,-528.03,0.00,10.10,0.0000,0.0000,0,stuck_too_long
6481,101,-527.84,0.00,10.10,0.0000,0.0000,0,stuck_too_long
6482,101,-527.58,0.00,10.10,0.0000,0.0000,0,stuck_too_long
6483,101,-526.55,0.00,10.10,0.0000,0.0000,0,stuck_too_long
6484,101,-528.87,0.00,10.10,0.0000,0.0000,0,stuck_too_long
6485,101,-527.64,0.00,10.10,0.0000,0.0000,0,stuck_too_long
6486,101,-527.89,0.00,10.10,0.0000,0.0000,0,stuck_too_long
6487,101,-527.30,0.00,10.10,0.0000,0.0000,0,stuck_too_long
4151,101,-528.75,0.00,10.10,0.0000,0.0000,0,stuck_too_long
4152,101,-529.26,0.00,10.10,0.0000,0.0000,0,stuck_too_long
4153,101,-526.42,0.00,10.10,0.0000,0.0000,0,stuck_too_long
4154,101,-526.75,0.00,10.10,0.0000,0.0000,0,stuck_too_long
4155,101,-529.00,0.00,10.10,0.0000,0.0000,0,stuck_too_long
4156,101,-526.25,0.00,10.10,0.0000,0.0000,0,stuck_too_long
4157,101,-525.25,0.00,10.10,0.0000,0.0000,0,stuck_too_long
4158,101,-527.79,0.00,10.10,0.0000,0.0000,0,stuck_too_long
4159,101,-525.24,0.00,10.10,0.0000,0.0000,0,stuck_too_long
4160,101,-526.63,0.00,10.10,0.0000,0.0000,0,stuck_too_long
6488,101,-525.92,0.00,10.10,0.0000,0.0000,0,stuck_too_long
6489,101,-527.41,0.00,10.10,0.0000,0.0000,0,stuck_too_long
6490,101,-527.03,0.00,10.10,0.0000,0.0000,0,stuck_too_long
6491,101,-527.64,0.00,10.10,0.0000,0.0000,0,stuck_too_long
6492,101,-525.35,0.00,10.10,0.0000,0.0000,0,stuck_too_long
6493,101,-526.75,0.00,10.10,0.0000,0.0000,0,stuck_too_long
6494,101,-528.79,0.00,10.10,0.0000,0.0000,0,stuck_too_long
6495,101,-527.72,0.00,10.10,0.0000,0.0000,0,stuck_too_long
6496,101,-526.47,0.00,10.10,0.0000,0.0000,0,stuck_too_long
6497,101,-529.18,0.00,10.10,0.0000,0.0000,0,stuck_too_long
6498,101,-526.62,0.00,10.10,0.0000,0.0000,0,stuck_too_long
6499,101,-526.88,0.00,10.10,0.0000,0.0000,0,stuck_too_long
6500,101,-526.67,0.00,10.10,0.0000,0.0000,0,stuck_too_long
6501,101,-528.06,0.00,10.10,0.0000,0.0000,0,stuck_too_long
6502,101,-527.79,0.00,10.10,0.0000,0.0000,0,stuck_too_long
6503,101,-526.83,0.00,10.10,0.0000,0.0000,0,stuck_too_long
6504,101,-528.04,0.00,10.10,0.0000,0.0000,0,stuck_too_long
6505,101,-527.05,0.00,10.10,0.0000,0.0000,0,stuck_too_long
6506,101,-527.57,0.00,10.10,0.0000,0.0000,0,stuck_too_long
6507,101,-527.05,0.00,10.10,0.0000,0.0000,0,stuck_too_long
4161,101,-529.09,0.00,10.10,0.0000,0.0000,0,stuck_too_long
4162,101,-526.03,0.00,10.10,0.0000,0.0000,0,stuck_too_long
4163,101,-529.15,0.00,10.10,0.0000,0.0000,0,stuck_too_long
4164,101,-527.73,0.00,10.10,0.0000,0.0000,0,stuck_too_long
4165,101,-528.39,0.00,10.10,0.0000,0.0000,0,stuck_too_long
4166,101,-528.01,0.00,10.10,0.0000,0.0000,0,stuck_too_long
4167,101,-528.66,0.00,10.10,0.0000,0.0000,0,stuck_too_long
4168,101,-527.19,0.00,10.10,0.0000,0.0000,0,stuck_too_long
4169,101,-528.78,0.00,10.10,0.0000,0.0000,0,stuck_too_long
4170,101,-529.27,0.00,10.10,0.0000,0.0000,0,stuck_too_long
6508,101,-529.09,0.00,10.10,0.0000,0.0000,0,stuck_too_long
6509,101,-526.83,0.00,10.10,0.0000,0.0000,0,stuck_too_long
6510,101,-526.30,0.00,10.10,0.0000,0.0000,0,stuck_too_long
6511,101,-529.80,0.00,10.10,0.0000,0.0000,0,stuck_too_long
6512,101,-527.23,0.00,10.10,0.0000,0.0000,0,stuck_too_long
6513,101,-526.91,0.00,10.10,0.0000,0.0000,0,stuck_too_long
6514,101,-527.13,0.00,10.10,0.0000,0.0000,0,stuck_too_long
6515,101,-527.24,0.00,10.10,0.0000,0.0000,0,stuck_too_long
6516,101,-526.35,0.00,10.10,0.0000,0.0000,0,stuck_too_long
6517,101,-527.96,0.00,10.10,0.0000,0.0000,0,stuck_too_long
6518,101,-528.13,0.00,10.10,0.0000,0.0000,0,stuck_too_long
6519,101,-527.70,0.00,10.10,0.0000,0.0000,0,stuck_too_long
6520,196,-647.39,0.02,18.03,0.0000,0.0000,0,stuck_too_long
6521,101,-527.74,0.00,10.10,0.0000,0.0000,0,stuck_too_long
6522,101,-528.85,0.00,10.10,0.0000,0.0000,0,stuck_too_long
6523,101,-526.45,0.00,10.10,0.0000,0.0000,0,stuck_too_long
6524,101,-525.71,0.00,10.10,0.0000,0.0000,0,stuck_too_long
6525,101,-529.36,0.00,10.10,0.0000,0.0000,0,stuck_too_long
6526,101,-528.71,0.00,10.10,0.0000,0.0000,0,stuck_too_long
6527,101,-526.58,0.00,10.10,0.0000,0.0000,0,stuck_too_long
4171,101,-527.39,0.00,10.10,0.0000,0.0000,0,stuck_too_long
4172,101,-528.50,0.00,10.10,0.0000,0.0000,0,stuck_too_long
4173,101,-526.69,0.00,10.10,0.0000,0.0000,0,stuck_too_long
4174,101,-528.43,0.00,10.10,0.0000,0.0000,0,stuck_too_long
4175,101,-529.17,0.00,10.10,0.0000,0.0000,0,stuck_too_long
4176,101,-525.67,0.00,10.10,0.0000,0.0000,0,stuck_too_long
4177,101,-528.01,0.00,10.10,0.0000,0.0000,0,stuck_too_long
4178,101,-528.40,0.00,10.10,0.0000,0.0000,0,stuck_too_long
4179,101,-527.59,0.00,10.10,0.0000,0.0000,0,stuck_too_long
4180,101,-528.70,0.00,10.10,0.0000,0.0000,0,stuck_too_long
6528,101,-528.32,0.00,10.10,0.0000,0.0000,0,stuck_too_long
6529,101,-527.72,0.00,10.10,0.0000,0.0000,0,stuck_too_long
6530,101,-528.55,0.00,10.10,0.0000,0.0000,0,stuck_too_long
6531,101,-526.72,0.00,10.10,0.0000,0.0000,0,stuck_too_long
6532,101,-528.36,0.00,10.10,0.0000,0.0000,0,stuck_too_long
6533,101,-527.52,0.00,10.10,0.0000,0.0000,0,stuck_too_long
6534,101,-526.33,0.00,10.10,0.0000,0.0000,0,stuck_too_long
6535,101,-527.70,0.00,10.10,0.0000,0.0000,0,stuck_too_long
6536,101,-528.46,0.00,10.10,0.0000,0.0000,0,stuck_too_long
6537,101,-527.88,0.00,10.10,0.0000,0.0000,0,stuck_too_long
6538,101,-528.83,0.00,10.10,0.0000,0.0000,0,stuck_too_long
6539,101,-527.88,0.00,10.10,0.0000,0.0000,0,stuck_too_long
6540,101,-529.47,0.00,10.10,0.0000,0.0000,0,stuck_too_long
6541,101,-527.07,0.00,10.10,0.0000,0.0000,0,stuck_too_long
6542,101,-527.70,0.00,10.10,0.0000,0.0000,0,stuck_too_long
6543,101,-527.65,0.00,10.10,0.0000,0.0000,0,stuck_too_long
6544,101,-528.73,0.00,10.10,0.0000,0.0000,0,stuck_too_long
6545,101,-528.78,0.00,10.10,0.0000,0.0000,0,stuck_too_long
6546,101,-527.56,0.00,10.10,0.0000,0.0000,0,stuck_too_long
6547,101,-527.92,0.00,10.10,0.0000,0.0000,0,stuck_too_long
4181,101,-528.52,0.00,10.10,0.0000,0.0000,0,stuck_too_long
4182,101,-527.01,0.00,10.10,0.0000,0.0000,0,stuck_too_long
4183,101,-527.75,0.00,10.10,0.0000,0.0000,0,stuck_too_long
4184,101,-527.33,0.00,10.10,0.0000,0.0000,0,stuck_too_long
4185,101,-528.10,0.00,10.10,0.0000,0.0000,0,stuck_too_long
4186,101,-527.53,0.00,10.10,0.0000,0.0000,0,stuck_too_long
4187,101,-528.22,0.00,10.10,0.0000,0.0000,0,stuck_too_long
4188,101,-528.25,0.00,10.10,0.0000,0.0000,0,stuck_too_long
4189,101,-526.41,0.00,10.10,0.0000,0.0000,0,stuck_too_long
4190,101,-528.77,0.00,10.10,0.0000,0.0000,0,stuck_too_long
6548,101,-527.24,0.00,10.10,0.0000,0.0000,0,stuck_too_long
6549,101,-528.60,0.00,10.10,0.0000,0.0000,0,stuck_too_long
6550,101,-527.92,0.00,10.10,0.0000,0.0000,0,stuck_too_long
6551,101,-525.68,0.00,10.10,0.0000,0.0000,0,stuck_too_long
6552,101,-526.86,0.00,10.10,0.0000,0.0000,0,stuck_too_long
6553,101,-529.83,0.00,10.10,0.0000,0.0000,0,stuck_too_long
6554,101,-527.27,0.00,10.10,0.0000,0.0000,0,stuck_too_long
6555,101,-527.17,0.00,10.10,0.0000,0.0000,0,stuck_too_long
6556,101,-527.73,0.00,10.10,0.0000,0.0000,0,stuck_too_long
6557,101,-526.95,0.00,10.10,0.0000,0.0000,0,stuck_too_long
6558,101,-528.19,0.00,10.10,0.0000,0.0000,0,stuck_too_long
6559,101,-529.86,0.00,10.10,0.0000,0.0000,0,stuck_too_long
6560,101,-530.05,0.00,10.10,0.0000,0.0000,0,stuck_too_long
6561,101,-530.41,0.00,10.10,0.0000,0.0000,0,stuck_too_long
6562,101,-527.18,0.00,10.10,0.0000,0.0000,0,stuck_too_long
6563,101,-526.88,0.00,10.10,0.0000,0.0000,0,stuck_too_long
6564,101,-528.01,0.00,10.10,0.0000,0.0000,0,stuck_too_long
6565,101,-529.39,0.00,10.10,0.0000,0.0000,0,stuck_too_long
6566,101,-525.89,0.00,10.10,0.0000,0.0000,0,stuck_too_long
6567,101,-527.59,0.00,10.10,0.0000,0.0000,0,stuck_too_long
4191,101,-528.10,0.00,10.10,0.0000,0.0000,0,stuck_too_long
4192,101,-530.21,0.00,10.10,0.0000,0.0000,0,stuck_too_long
4193,101,-529.66,0.00,10.10,0.0000,0.0000,0,stuck_too_long
4194,101,-526.47,0.00,10.10,0.0000,0.0000,0,stuck_too_long
4195,101,-526.04,0.00,10.10,0.0000,0.0000,0,stuck_too_long
4196,101,-527.72,0.00,10.10,0.0000,0.0000,0,stuck_too_long
4197,101,-527.49,0.00,10.10,0.0000,0.0000,0,stuck_too_long
4198,101,-527.20,0.00,10.10,0.0000,0.0000,0,stuck_too_long
4199,101,-527.57,0.00,10.10,0.0000,0.0000,0,stuck_too_long
4200,101,-528.99,0.00,10.10,0.0000,0.0000,0,stuck_too_long
6568,101,-528.77,0.00,10.10,0.0000,0.0000,0,stuck_too_long
6569,101,-528.19,0.00,10.10,0.0000,0.0000,0,stuck_too_long
6570,101,-527.59,0.00,10.10,0.0000,0.0000,0,stuck_too_long
6571,101,-527.11,0.00,10.10,0.0000,0.0000,0,stuck_too_long
6572,101,-527.69,0.00,10.10,0.0000,0.0000,0,stuck_too_long
6573,101,-526.59,0.00,10.10,0.0000,0.0000,0,stuck_too_long
6574,101,-529.15,0.00,10.10,0.0000,0.0000,0,stuck_too_long
6575,101,-528.88,0.00,10.10,0.0000,0.0000,0,stuck_too_long
6576,101,-528.68,0.00,10.10,0.0000,0.0000,0,stuck_too_long
6577,101,-527.79,0.00,10.10,0.0000,0.0000,0,stuck_too_long
6578,101,-528.77,0.00,10.10,0.0000,0.0000,0,stuck_too_long
6579,101,-530.02,0.00,10.10,0.0000,0.0000,0,stuck_too_long
6580,101,-527.13,0.00,10.10,0.0000,0.0000,0,stuck_too_long
6581,101,-528.84,0.00,10.10,0.0000,0.0000,0,stuck_too_long
6582,101,-527.89,0.00,10.10,0.0000,0.0000,0,stuck_too_long
6583,101,-526.27,0.00,10.10,0.0000,0.0000,0,stuck_too_long
6584,101,-529.18,0.00,10.10,0.0000,0.0000,0,stuck_too_long
6585,101,-528.08,0.00,10.10,0.0000,0.0000,0,stuck_too_long
6586,101,-526.84,0.00,10.10,0.0000,0.0000,0,stuck_too_long
6587,101,-528.93,0.00,10.10,0.0000,0.0000,0,stuck_too_long
6588,101,-527.45,0.00,10.10,0.0000,0.0000,0,stuck_too_long
4201,101,-528.69,0.00,10.10,0.0000,0.0000,0,stuck_too_long
4202,101,-527.96,0.00,10.10,0.0000,0.0000,0,stuck_too_long
4203,101,-528.51,0.00,10.10,0.0000,0.0000,0,stuck_too_long
4204,101,-529.65,0.00,10.10,0.0000,0.0000,0,stuck_too_long
4205,101,-527.96,0.00,10.10,0.0000,0.0000,0,stuck_too_long
4206,101,-528.15,0.00,10.10,0.0000,0.0000,0,stuck_too_long
4207,101,-529.51,0.00,10.10,0.0000,0.0000,0,stuck_too_long
4208,101,-529.10,0.00,10.10,0.0000,0.0000,0,stuck_too_long
4209,101,-527.01,0.00,10.10,0.0000,0.0000,0,stuck_too_long
4210,101,-529.42,0.00,10.10,0.0000,0.0000,0,stuck_too_long
6589,101,-526.38,0.00,10.10,0.0000,0.0000,0,stuck_too_long
6590,101,-526.83,0.00,10.10,0.0000,0.0000,0,stuck_too_long
6591,101,-528.74,0.00,10.10,0.0000,0.0000,0,stuck_too_long
6592,101,-527.92,0.00,10.10,0.0000,0.0000,0,stuck_too_long
6593,101,-528.62,0.00,10.10,0.0000,0.0000,0,stuck_too_long
6594,101,-530.38,0.00,10.10,0.0000,0.0000,0,stuck_too_long
6595,101,-527.55,0.00,10.10,0.0000,0.0000,0,stuck_too_long
6596,101,-527.17,0.00,10.10,0.0000,0.0000,0,stuck_too_long
6597,101,-528.72,0.00,10.10,0.0000,0.0000,0,stuck_too_long
6598,101,-527.37,0.00,10.10,0.0000,0.0000,0,stuck_too_long
6599,101,-527.58,0.00,10.10,0.0000,0.0000,0,stuck_too_long
6600,101,-529.45,0.00,10.10,0.0000,0.0000,0,stuck_too_long
6601,101,-528.10,0.00,10.10,0.0000,0.0000,0,stuck_too_long
6602,101,-529.76,0.00,10.10,0.0000,0.0000,0,stuck_too_long
6603,101,-528.81,0.00,10.10,0.0000,0.0000,0,stuck_too_long
6604,101,-529.12,0.00,10.10,0.0000,0.0000,0,stuck_too_long
6605,101,-525.83,0.00,10.10,0.0000,0.0000,0,stuck_too_long
6606,101,-527.02,0.00,10.10,0.0000,0.0000,0,stuck_too_long
6607,101,-528.49,0.00,10.10,0.0000,0.0000,0,stuck_too_long
6608,101,-527.02,0.00,10.10,0.0000,0.0000,0,stuck_too_long
4211,101,-528.51,0.00,10.10,0.0000,0.0000,0,stuck_too_long
4212,101,-527.83,0.00,10.10,0.0000,0.0000,0,stuck_too_long
4213,101,-529.80,0.00,10.10,0.0000,0.0000,0,stuck_too_long
4214,101,-528.02,0.00,10.10,0.0000,0.0000,0,stuck_too_long
4215,101,-527.29,0.00,10.10,0.0000,0.0000,0,stuck_too_long
4216,101,-527.74,0.00,10.10,0.0000,0.0000,0,stuck_too_long
4217,101,-528.29,0.00,10.10,0.0000,0.0000,0,stuck_too_long
4218,101,-525.75,0.00,10.10,0.0000,0.0000,0,stuck_too_long
4219,101,-527.26,0.00,10.10,0.0000,0.0000,0,stuck_too_long
4220,101,-529.51,0.00,10.10,0.0000,0.0000,0,stuck_too_long
6609,101,-525.92,0.00,10.10,0.0000,0.0000,0,stuck_too_long
6610,101,-527.45,0.00,10.10,0.0000,0.0000,0,stuck_too_long
6611,101,-528.09,0.00,10.10,0.0000,0.0000,0,stuck_too_long
6612,101,-527.38,0.00,10.10,0.0000,0.0000,0,stuck_too_long
6613,101,-528.41,0.00,10.10,0.0000,0.0000,0,stuck_too_long
6614,101,-527.62,0.00,10.10,0.0000,0.0000,0,stuck_too_long
6615,101,-527.79,0.00,10.10,0.0000,0.0000,0,stuck_too_long
6616,101,-528.64,0.00,10.10,0.0000,0.0000,0,stuck_too_long
6617,101,-528.53,0.00,10.10,0.0000,0.0000,0,stuck_too_long
6618,101,-527.95,0.00,10.10,0.0000,0.0000,0,stuck_too_long
6619,101,-525.86,0.00,10.10,0.0000,0.0000,0,stuck_too_long
6620,101,-528.85,0.00,10.10,0.0000,0.0000,0,stuck_too_long
6621,101,-526.15,0.00,10.10,0.0000,0.0000,0,stuck_too_long
6622,101,-529.96,0.00,10.10,0.0000,0.0000,0,stuck_too_long
6623,101,-527.60,0.00,10.10,0.0000,0.0000,0,stuck_too_long
6624,101,-527.18,0.00,10.10,0.0000,0.0000,0,stuck_too_long
6625,101,-529.51,0.00,10.10,0.0000,0.0000,0,stuck_too_long
6626,101,-527.79,0.00,10.10,0.0000,0.0000,0,stuck_too_long
6627,101,-527.79,0.00,10.10,0.0000,0.0000,0,stuck_too_long
6628,101,-529.34,0.00,10.10,0.0000,0.0000,0,stuck_too_long
4221,101,-527.64,0.00,10.10,0.0000,0.0000,0,stuck_too_long
4222,101,-526.83,0.00,10.10,0.0000,0.0000,0,stuck_too_long
4223,101,-527.96,0.00,10.10,0.0000,0.0000,0,stuck_too_long
4224,101,-527.31,0.00,10.10,0.0000,0.0000,0,stuck_too_long
4225,101,-528.17,0.00,10.10,0.0000,0.0000,0,stuck_too_long
4226,101,-528.82,0.00,10.10,0.0000,0.0000,0,stuck_too_long
4227,101,-528.64,0.00,10.10,0.0000,0.0000,0,stuck_too_long
4228,101,-528.65,0.00,10.10,0.0000,0.0000,0,stuck_too_long
4229,101,-529.23,0.00,10.10,0.0000,0.0000,0,stuck_too_long
4230,101,-525.81,0.00,10.10,0.0000,0.0000,0,stuck_too_long
6629,101,-527.62,0.00,10.10,0.0000,0.0000,0,stuck_too_long
6630,101,-527.30,0.00,10.10,0.0000,0.0000,0,stuck_too_long
6631,101,-527.40,0.00,10.10,0.0000,0.0000,0,stuck_too_long
6632,101,-527.24,0.00,10.10,0.0000,0.0000,0,stuck_too_long
6633,101,-527.39,0.00,10.10,0.0000,0.0000,0,stuck_too_long
6634,101,-526.64,0.00,10.10,0.0000,0.0000,0,stuck_too_long
6635,101,-528.55,0.00,10.10,0.0000,0.0000,0,stuck_too_long
6636,101,-528.03,0.00,10.10,0.0000,0.0000,0,stuck_too_long
6637,101,-527.19,0.00,10.10,0.0000,0.0000,0,stuck_too_long
6638,101,-528.22,0.00,10.10,0.0000,0.0000,0,stuck_too_long
6639,101,-529.56,0.00,10.10,0.0000,0.0000,0,stuck_too_long
6640,101,-528.30,0.00,10.10,0.0000,0.0000,0,stuck_too_long
6641,101,-527.57,0.00,10.10,0.0000,0.0000,0,stuck_too_long
6642,101,-528.59,0.00,10.10,0.0000,0.0000,0,stuck_too_long
6643,101,-528.72,0.00,10.10,0.0000,0.0000,0,stuck_too_long
6644,101,-528.16,0.00,10.10,0.0000,0.0000,0,stuck_too_long
6645,101,-527.70,0.00,10.10,0.0000,0.0000,0,stuck_too_long
6646,101,-528.85,0.00,10.10,0.0000,0.0000,0,stuck_too_long
6647,101,-527.69,0.00,10.10,0.0000,0.0000,0,stuck_too_long
6648,101,-527.46,0.00,10.10,0.0000,0.0000,0,stuck_too_long
4231,101,-528.84,0.00,10.10,0.0000,0.0000,0,stuck_too_long
4232,101,-527.11,0.00,10.10,0.0000,0.0000,0,stuck_too_long
4233,101,-526.28,0.00,10.10,0.0000,0.0000,0,stuck_too_long
4234,101,-529.75,0.00,10.10,0.0000,0.0000,0,stuck_too_long
4235,101,-524.61,0.00,10.10,0.0000,0.0000,0,stuck_too_long
4236,101,-529.23,0.00,10.10,0.0000,0.0000,0,stuck_too_long
4237,101,-526.96,0.00,10.10,0.0000,0.0000,0,stuck_too_long
4238,101,-526.81,0.00,10.10,0.0000,0.0000,0,stuck_too_long
4239,101,-528.48,0.00,10.10,0.0000,0.0000,0,stuck_too_long
4240,101,-527.91,0.00,10.10,0.0000,0.0000,0,stuck_too_long
6649,101,-528.09,0.00,10.10,0.0000,0.0000,0,stuck_too_long
6650,101,-528.24,0.00,10.10,0.0000,0.0000,0,stuck_too_long
6651,101,-529.01,0.00,10.10,0.0000,0.0000,0,stuck_too_long
6652,101,-526.98,0.00,10.10,0.0000,0.0000,0,stuck_too_long
6653,101,-528.13,0.00,10.10,0.0000,0.0000,0,stuck_too_long
6654,101,-528.58,0.00,10.10,0.0000,0.0000,0,stuck_too_long
6655,101,-529.97,0.00,10.10,0.0000,0.0000,0,stuck_too_long
6656,101,-527.62,0.00,10.10,0.0000,0.0000,0,stuck_too_long
6657,101,-528.18,0.00,10.10,0.0000,0.0000,0,stuck_too_long
6658,101,-527.39,0.00,10.10,0.0000,0.0000,0,stuck_too_long
6659,101,-529.60,0.00,10.10,0.0000,0.0000,0,stuck_too_long
6660,101,-529.06,0.00,10.10,0.0000,0.0000,0,stuck_too_long
6661,101,-530.31,0.00,10.10,0.0000,0.0000,0,stuck_too_long
6662,101,-530.00,0.00,10.10,0.0000,0.0000,0,stuck_too_long
6663,101,-527.41,0.00,10.10,0.0000,0.0000,0,stuck_too_long
6664,101,-527.64,0.00,10.10,0.0000,0.0000,0,stuck_too_long
6665,101,-524.66,0.00,10.10,0.0000,0.0000,0,stuck_too_long
6666,101,-527.91,0.00,10.10,0.0000,0.0000,0,stuck_too_long
6667,101,-527.95,0.00,10.10,0.0000,0.0000,0,stuck_too_long
6668,101,-526.87,0.00,10.10,0.0000,0.0000,0,stuck_too_long
6669,101,-529.09,0.00,10.10,0.0000,0.0000,0,stuck_too_long
4241,101,-526.96,0.00,10.10,0.0000,0.0000,0,stuck_too_long
4242,101,-528.46,0.00,10.10,0.0000,0.0000,0,stuck_too_long
4243,101,-527.79,0.00,10.10,0.0000,0.0000,0,stuck_too_long
4244,101,-527.29,0.00,10.10,0.0000,0.0000,0,stuck_too_long
4245,101,-529.37,0.00,10.10,0.0000,0.0000,0,stuck_too_long
4246,101,-529.29,0.00,10.10,0.0000,0.0000,0,stuck_too_long
4247,101,-528.40,0.00,10.10,0.0000,0.0000,0,stuck_too_long
4248,101,-528.39,0.00,10.10,0.0000,0.0000,0,stuck_too_long
4249,101,-527.77,0.00,10.10,0.0000,0.0000,0,stuck_too_long
4250,101,-527.32,0.00,10.10,0.0000,0.0000,0,stuck_too_long
6670,101,-527.18,0.00,10.10,0.0000,0.0000,0,stuck_too_long
6671,101,-527.87,0.00,10.10,0.0000,0.0000,0,stuck_too_long
6672,101,-526.00,0.00,10.10,0.0000,0.0000,0,stuck_too_long
6673,101,-527.31,0.00,10.10,0.0000,0.0000,0,stuck_too_long
6674,101,-527.02,0.00,10.10,0.0000,0.0000,0,stuck_too_long
6675,101,-528.93,0.00,10.10,0.0000,0.0000,0,stuck_too_long
6676,101,-529.34,0.00,10.10,0.0000,0.0000,0,stuck_too_long
6677,101,-527.11,0.00,10.10,0.0000,0.0000,0,stuck_too_long
6678,101,-527.20,0.00,10.10,0.0000,0.0000,0,stuck_too_long
6679,101,-526.58,0.00,10.10,0.0000,0.0000,0,stuck_too_long
6680,101,-528.40,0.00,10.10,0.0000,0.0000,0,stuck_too_long
6681,101,-528.07,0.00,10.10,0.0000,0.0000,0,stuck_too_long
6682,101,-527.62,0.00,10.10,0.0000,0.0000,0,stuck_too_long
6683,101,-527.86,0.00,10.10,0.0000,0.0000,0,stuck_too_long
6684,101,-525.96,0.00,10.10,0.0000,0.0000,0,stuck_too_long
6685,101,-528.82,0.00,10.10,0.0000,0.0000,0,stuck_too_long
6686,101,-528.01,0.00,10.10,0.0000,0.0000,0,stuck_too_long
6687,101,-528.63,0.00,10.10,0.0000,0.0000,0,stuck_too_long
6688,101,-528.08,0.00,10.10,0.0000,0.0000,0,stuck_too_long
6689,101,-526.75,0.00,10.10,0.0000,0.0000,0,stuck_too_long
4251,101,-528.43,0.00,10.10,0.0000,0.0000,0,stuck_too_long
4252,101,-526.78,0.00,10.10,0.0000,0.0000,0,stuck_too_long
4253,101,-529.56,0.00,10.10,0.0000,0.0000,0,stuck_too_long
4254,101,-526.78,0.00,10.10,0.0000,0.0000,0,stuck_too_long
4255,101,-527.92,0.00,10.10,0.0000,0.0000,0,stuck_too_long
4256,101,-529.81,0.00,10.10,0.0000,0.0000,0,stuck_too_long
4257,101,-529.54,0.00,10.10,0.0000,0.0000,0,stuck_too_long
4258,101,-528.42,0.00,10.10,0.0000,0.0000,0,stuck_too_long
4259,101,-528.55,0.00,10.10,0.0000,0.0000,0,stuck_too_long
4260,101,-528.71,0.00,10.10,0.0000,0.0000,0,stuck_too_long
6690,101,-527.14,0.00,10.10,0.0000,0.0000,0,stuck_too_long
6691,101,-527.40,0.00,10.10,0.0000,0.0000,0,stuck_too_long
6692,101,-527.27,0.00,10.10,0.0000,0.0000,0,stuck_too_long
6693,101,-528.51,0.00,10.10,0.0000,0.0000,0,stuck_too_long
6694,101,-527.86,0.00,10.10,0.0000,0.0000,0,stuck_too_long
6695,101,-529.65,0.00,10.10,0.0000,0.0000,0,stuck_too_long
6696,101,-528.48,0.00,10.10,0.0000,0.0000,0,stuck_too_long
6697,101,-526.76,0.00,10.10,0.0000,0.0000,0,stuck_too_long
6698,101,-527.01,0.00,10.10,0.0000,0.0000,0,stuck_too_long
6699,101,-529.76,0.00,10.10,0.0000,0.0000,0,stuck_too_long
6700,101,-528.32,0.00,10.10,0.0000,0.0000,0,stuck_too_long
6701,101,-527.14,0.00,10.10,0.0000,0.0000,0,stuck_too_long
6702,101,-526.84,0.00,10.10,0.0000,0.0000,0,stuck_too_long
6703,101,-527.78,0.00,10.10,0.0000,0.0000,0,stuck_too_long
6704,101,-528.36,0.00,10.10,0.0000,0.0000,0,stuck_too_long
6705,101,-527.93,0.00,10.10,0.0000,0.0000,0,stuck_too_long
6706,101,-526.47,0.00,10.10,0.0000,0.0000,0,stuck_too_long
6707,101,-527.11,0.00,10.10,0.0000,0.0000,0,stuck_too_long
6708,101,-527.79,0.00,10.10,0.0000,0.0000,0,stuck_too_long
6709,101,-529.39,0.00,10.10,0.0000,0.0000,0,stuck_too_long
4261,101,-527.80,0.00,10.10,0.0000,0.0000,0,stuck_too_long
4262,101,-528.47,0.00,10.10,0.0000,0.0000,0,stuck_too_long
4263,101,-526.87,0.00,10.10,0.0000,0.0000,0,stuck_too_long
4264,101,-525.99,0.00,10.10,0.0000,0.0000,0,stuck_too_long
4265,101,-528.03,0.00,10.10,0.0000,0.0000,0,stuck_too_long
4266,101,-525.62,0.00,10.10,0.0000,0.0000,0,stuck_too_long
4267,101,-529.65,0.00,10.10,0.0000,0.0000,0,stuck_too_long
4268,101,-527.11,0.00,10.10,0.0000,0.0000,0,stuck_too_long
4269,101,-527.66,0.00,10.10,0.0000,0.0000,0,stuck_too_long
4270,101,-528.05,0.00,10.10,0.0000,0.0000,0,stuck_too_long
6710,101,-528.29,0.00,10.10,0.0000,0.0000,0,stuck_too_long
6711,101,-527.84,0.00,10.10,0.0000,0.0000,0,stuck_too_long
6712,101,-530.79,0.00,10.10,0.0000,0.0000,0,stuck_too_long
6713,101,-526.77,0.00,10.10,0.0000,0.0000,0,stuck_too_long
6714,101,-529.71,0.00,10.10,0.0000,0.0000,0,stuck_too_long
6715,101,-529.92,0.00,10.10,0.0000,0.0000,0,stuck_too_long
6716,101,-527.95,0.00,10.10,0.0000,0.0000,0,stuck_too_long
6717,101,-526.86,0.00,10.10,0.0000,0.0000,0,stuck_too_long
6718,101,-529.64,0.00,10.10,0.0000,0.0000,0,stuck_too_long
6719,101,-529.30,0.00,10.10,0.0000,0.0000,0,stuck_too_long
6720,101,-526.76,0.00,10.10,0.0000,0.0000,0,stuck_too_long
6721,101,-527.79,0.00,10.10,0.0000,0.0000,0,stuck_too_long
6722,101,-528.84,0.00,10.10,0.0000,0.0000,0,stuck_too_long
6723,101,-529.64,0.00,10.10,0.0000,0.0000,0,stuck_too_long
6724,101,-526.91,0.00,10.10,0.0000,0.0000,0,stuck_too_long
6725,101,-528.00,0.00,10.10,0.0000,0.0000,0,stuck_too_long
6726,101,-529.67,0.00,10.10,0.0000,0.0000,0,stuck_too_long
6727,101,-527.81,0.00,10.10,0.0000,0.0000,0,stuck_too_long
6728,101,-525.35,0.00,10.10,0.0000,0.0000,0,stuck_too_long
6729,101,-529.08,0.00,10.10,0.0000,0.0000,0,stuck_too_long
6730,101,-528.36,0.00,10.10,0.0000,0.0000,0,stuck_too_long
4271,101,-527.18,0.00,10.10,0.0000,0.0000,0,stuck_too_long
4272,101,-530.31,0.00,10.10,0.0000,0.0000,0,stuck_too_long
4273,101,-530.06,0.00,10.10,0.0000,0.0000,0,stuck_too_long
4274,101,-528.52,0.00,10.10,0.0000,0.0000,0,stuck_too_long
4275,101,-527.75,0.00,10.10,0.0000,0.0000,0,stuck_too_long
4276,101,-527.91,0.00,10.10,0.0000,0.0000,0,stuck_too_long
4277,101,-526.47,0.00,10.10,0.0000,0.0000,0,stuck_too_long
4278,101,-526.34,0.00,10.10,0.0000,0.0000,0,stuck_too_long
4279,101,-528.42,0.00,10.10,0.0000,0.0000,0,stuck_too_long
4280,101,-528.34,0.00,10.10,0.0000,0.0000,0,stuck_too_long
6731,101,-527.75,0.00,10.10,0.0000,0.0000,0,stuck_too_long
6732,101,-527.13,0.00,10.10,0.0000,0.0000,0,stuck_too_long
6733,101,-528.48,0.00,10.10,0.0000,0.0000,0,stuck_too_long
6734,101,-526.46,0.00,10.10,0.0000,0.0000,0,stuck_too_long
6735,101,-527.24,0.00,10.10,0.0000,0.0000,0,stuck_too_long
6736,101,-527.59,0.00,10.10,0.0000,0.0000,0,stuck_too_long
6737,101,-526.86,0.00,10.10,0.0000,0.0000,0,stuck_too_long
6738,101,-528.44,0.00,10.10,0.0000,0.0000,0,stuck_too_long
6739,101,-528.08,0.00,10.10,0.0000,0.0000,0,stuck_too_long
6740,101,-525.61,0.00,10.10,0.0000,0.0000,0,stuck_too_long
6741,101,-527.34,0.00,10.10,0.0000,0.0000,0,stuck_too_long
6742,101,-529.32,0.00,10.10,0.0000,0.0000,0,stuck_too_long
6743,101,-529.67,0.00,10.10,0.0000,0.0000,0,stuck_too_long
6744,101,-530.56,0.00,10.10,0.0000,0.0000,0,stuck_too_long
6745,101,-528.92,0.00,10.10,0.0000,0.0000,0,stuck_too_long
6746,101,-529.32,0.00,10.10,0.0000,0.0000,0,stuck_too_long
6747,101,-526.80,0.00,10.10,0.0000,0.0000,0,stuck_too_long
6748,101,-528.86,0.00,10.10,0.0000,0.0000,0,stuck_too_long
6749,101,-526.43,0.00,10.10,0.0000,0.0000,0,stuck_too_long
6750,101,-530.03,0.00,10.10,0.0000,0.0000,0,stuck_too_long
4281,101,-527.15,0.00,10.10,0.0000,0.0000,0,stuck_too_long
4282,101,-530.15,0.00,10.10,0.0000,0.0000,0,stuck_too_long
4283,101,-529.08,0.00,10.10,0.0000,0.0000,0,stuck_too_long
4284,101,-527.80,0.00,10.10,0.0000,0.0000,0,stuck_too_long
4285,101,-527.78,0.00,10.10,0.0000,0.0000,0,stuck_too_long
4286,101,-528.15,0.00,10.10,0.0000,0.0000,0,stuck_too_long
4287,101,-528.13,0.00,10.10,0.0000,0.0000,0,stuck_too_long
4288,101,-526.23,0.00,10.10,0.0000,0.0000,0,stuck_too_long
4289,101,-528.25,0.00,10.10,0.0000,0.0000,0,stuck_too_long
4290,101,-527.52,0.00,10.10,0.0000,0.0000,0,stuck_too_long
6751,101,-527.94,0.00,10.10,0.0000,0.0000,0,stuck_too_long
6752,101,-526.81,0.00,10.10,0.0000,0.0000,0,stuck_too_long
6753,101,-526.49,0.00,10.10,0.0000,0.0000,0,stuck_too_long
6754,101,-527.69,0.00,10.10,0.0000,0.0000,0,stuck_too_long
6755,101,-526.98,0.00,10.10,0.0000,0.0000,0,stuck_too_long
6756,101,-527.90,0.00,10.10,0.0000,0.0000,0,stuck_too_long
6757,101,-528.90,0.00,10.10,0.0000,0.0000,0,stuck_too_long
6758,101,-527.59,0.00,10.10,0.0000,0.0000,0,stuck_too_long
6759,101,-526.90,0.00,10.10,0.0000,0.0000,0,stuck_too_long
6760,101,-528.77,0.00,10.10,0.0000,0.0000,0,stuck_too_long
6761,101,-526.96,0.00,10.10,0.0000,0.0000,0,stuck_too_long
6762,101,-528.24,0.00,10.10,0.0000,0.0000,0,stuck_too_long
6763,101,-528.34,0.00,10.10,0.0000,0.0000,0,stuck_too_long
6764,101,-529.45,0.00,10.10,0.0000,0.0000,0,stuck_too_long
6765,101,-528.46,0.00,10.10,0.0000,0.0000,0,stuck_too_long
6766,101,-527.13,0.00,10.10,0.0000,0.0000,0,stuck_too_long
6767,101,-528.30,0.00,10.10,0.0000,0.0000,0,stuck_too_long
6768,101,-528.82,0.00,10.10,0.0000,0.0000,0,stuck_too_long
6769,101,-527.05,0.00,10.10,0.0000,0.0000,0,stuck_too_long
6770,101,-528.57,0.00,10.10,0.0000,0.0000,0,stuck_too_long
4291,101,-529.31,0.00,10.10,0.0000,0.0000,0,stuck_too_long
4292,101,-527.83,0.00,10.10,0.0000,0.0000,0,stuck_too_long
4293,101,-526.86,0.00,10.10,0.0000,0.0000,0,stuck_too_long
4294,101,-527.91,0.00,10.10,0.0000,0.0000,0,stuck_too_long
4295,101,-527.04,0.00,10.10,0.0000,0.0000,0,stuck_too_long
4296,101,-528.55,0.00,10.10,0.0000,0.0000,0,stuck_too_long
4297,101,-527.54,0.00,10.10,0.0000,0.0000,0,stuck_too_long
4298,101,-527.42,0.00,10.10,0.0000,0.0000,0,stuck_too_long
4299,101,-527.49,0.00,10.10,0.0000,0.0000,0,stuck_too_long
4300,101,-527.36,0.00,10.10,0.0000,0.0000,0,stuck_too_long
6771,101,-528.19,0.00,10.10,0.0000,0.0000,0,stuck_too_long
6772,101,-528.04,0.00,10.10,0.0000,0.0000,0,stuck_too_long
6773,101,-528.76,0.00,10.10,0.0000,0.0000,0,stuck_too_long
6774,101,-529.11,0.00,10.10,0.0000,0.0000,0,stuck_too_long
6775,101,-529.64,0.00,10.10,0.0000,0.0000,0,stuck_too_long
6776,101,-527.25,0.00,10.10,0.0000,0.0000,0,stuck_too_long
6777,101,-527.65,0.00,10.10,0.0000,0.0000,0,stuck_too_long
6778,101,-527.21,0.00,10.10,0.0000,0.0000,0,stuck_too_long
6779,101,-526.27,0.00,10.10,0.0000,0.0000,0,stuck_too_long
6780,101,-527.37,0.00,10.10,0.0000,0.0000,0,stuck_too_long
6781,101,-527.98,0.00,10.10,0.0000,0.0000,0,stuck_too_long
6782,101,-527.93,0.00,10.10,0.0000,0.0000,0,stuck_too_long
6783,101,-528.18,0.00,10.10,0.0000,0.0000,0,stuck_too_long
6784,101,-527.14,0.00,10.10,0.0000,0.0000,0,stuck_too_long
6785,101,-527.40,0.00,10.10,0.0000,0.0000,0,stuck_too_long
6786,101,-528.96,0.00,10.10,0.0000,0.0000,0,stuck_too_long
6787,101,-527.53,0.00,10.10,0.0000,0.0000,0,stuck_too_long
6788,101,-527.11,0.00,10.10,0.0000,0.0000,0,stuck_too_long
6789,101,-527.89,0.00,10.10,0.0000,0.0000,0,stuck_too_long
6790,101,-528.57,0.00,10.10,0.0000,0.0000,0,stuck_too_long
4301,101,-527.24,0.00,10.10,0.0000,0.0000,0,stuck_too_long
4302,101,-528.62,0.00,10.10,0.0000,0.0000,0,stuck_too_long
4303,101,-529.31,0.00,10.10,0.0000,0.0000,0,stuck_too_long
4304,101,-528.24,0.00,10.10,0.0000,0.0000,0,stuck_too_long
4305,101,-526.26,0.00,10.10,0.0000,0.0000,0,stuck_too_long
4306,101,-528.25,0.00,10.10,0.0000,0.0000,0,stuck_too_long
4307,101,-530.04,0.00,10.10,0.0000,0.0000,0,stuck_too_long
4308,101,-527.49,0.00,10.10,0.0000,0.0000,0,stuck_too_long
4309,101,-528.96,0.00,10.10,0.0000,0.0000,0,stuck_too_long
4310,101,-526.03,0.00,10.10,0.0000,0.0000,0,stuck_too_long
6791,101,-527.86,0.00,10.10,0.0000,0.0000,0,stuck_too_long
6792,101,-527.61,0.00,10.10,0.0000,0.0000,0,stuck_too_long
6793,101,-528.68,0.00,10.10,0.0000,0.0000,0,stuck_too_long
6794,101,-528.75,0.00,10.10,0.0000,0.0000,0,stuck_too_long
6795,101,-528.51,0.00,10.10,0.0000,0.0000,0,stuck_too_long
6796,101,-528.00,0.00,10.10,0.0000,0.0000,0,stuck_too_long
6797,101,-528.15,0.00,10.10,0.0000,0.0000,0,stuck_too_long
6798,101,-526.82,0.00,10.10,0.0000,0.0000,0,stuck_too_long
6799,101,-529.16,0.00,10.10,0.0000,0.0000,0,stuck_too_long
6800,101,-527.63,0.00,10.10,0.0000,0.0000,0,stuck_too_long
6801,101,-527.09,0.00,10.10,0.0000,0.0000,0,stuck_too_long
6802,101,-527.43,0.00,10.10,0.0000,0.0000,0,stuck_too_long
6803,101,-529.25,0.00,10.10,0.0000,0.0000,0,stuck_too_long
6804,101,-526.72,0.00,10.10,0.0000,0.0000,0,stuck_too_long
6805,101,-527.40,0.00,10.10,0.0000,0.0000,0,stuck_too_long
6806,101,-528.49,0.00,10.10,0.0000,0.0000,0,stuck_too_long
6807,101,-528.31,0.00,10.10,0.0000,0.0000,0,stuck_too_long
6808,101,-527.79,0.00,10.10,0.0000,0.0000,0,stuck_too_long
6809,101,-528.23,0.00,10.10,0.0000,0.0000,0,stuck_too_long
6810,101,-527.90,0.00,10.10,0.0000,0.0000,0,stuck_too_long
6811,101,-528.95,0.00,10.10,0.0000,0.0000,0,stuck_too_long
4311,101,-529.79,0.00,10.10,0.0000,0.0000,0,stuck_too_long
4312,101,-527.41,0.00,10.10,0.0000,0.0000,0,stuck_too_long
4313,101,-526.54,0.00,10.10,0.0000,0.0000,0,stuck_too_long
4314,101,-528.23,0.00,10.10,0.0000,0.0000,0,stuck_too_long
4315,101,-528.53,0.00,10.10,0.0000,0.0000,0,stuck_too_long
4316,101,-529.08,0.00,10.10,0.0000,0.0000,0,stuck_too_long
4317,101,-529.31,0.00,10.10,0.0000,0.0000,0,stuck_too_long
4318,101,-525.87,0.00,10.10,0.0000,0.0000,0,stuck_too_long
4319,101,-527.80,0.00,10.10,0.0000,0.0000,0,stuck_too_long
4320,101,-528.63,0.00,10.10,0.0000,0.0000,0,stuck_too_long
6812,101,-526.75,0.00,10.10,0.0000,0.0000,0,stuck_too_long
6813,101,-527.70,0.00,10.10,0.0000,0.0000,0,stuck_too_long
6814,101,-528.24,0.00,10.10,0.0000,0.0000,0,stuck_too_long
6815,101,-527.86,0.00,10.10,0.0000,0.0000,0,stuck_too_long
6816,101,-530.06,0.00,10.10,0.0000,0.0000,0,stuck_too_long
6817,101,-527.18,0.00,10.10,0.0000,0.0000,0,stuck_too_long
6818,101,-528.50,0.00,10.10,0.0000,0.0000,0,stuck_too_long
6819,101,-528.58,0.00,10.10,0.0000,0.0000,0,stuck_too_long
6820,101,-526.08,0.00,10.10,0.0000,0.0000,0,stuck_too_long
6821,101,-528.65,0.00,10.10,0.0000,0.0000,0,stuck_too_long
6822,101,-527.33,0.00,10.10,0.0000,0.0000,0,stuck_too_long
6823,101,-528.85,0.00,10.10,0.0000,0.0000,0,stuck_too_long
6824,101,-528.13,0.00,10.10,0.0000,0.0000,0,stuck_too_long
6825,101,-528.58,0.00,10.10,0.0000,0.0000,0,stuck_too_long
6826,101,-528.94,0.00,10.10,0.0000,0.0000,0,stuck_too_long
6827,101,-527.02,0.00,10.10,0.0000,0.0000,0,stuck_too_long
6828,101,-526.89,0.00,10.10,0.0000,0.0000,0,stuck_too_long
6829,101,-527.84,0.00,10.10,0.0000,0.0000,0,stuck_too_long
6830,101,-528.49,0.00,10.10,0.0000,0.0000,0,stuck_too_long
6831,101,-526.65,0.00,10.10,0.0000,0.0000,0,stuck_too_long
4321,101,-528.22,0.00,10.10,0.0000,0.0000,0,stuck_too_long
4322,101,-527.48,0.00,10.10,0.0000,0.0000,0,stuck_too_long
4323,101,-529.22,0.00,10.10,0.0000,0.0000,0,stuck_too_long
4324,101,-529.49,0.00,10.10,0.0000,0.0000,0,stuck_too_long
4325,101,-528.57,0.00,10.10,0.0000,0.0000,0,stuck_too_long
4326,101,-529.30,0.00,10.10,0.0000,0.0000,0,stuck_too_long
4327,101,-527.63,0.00,10.10,0.0000,0.0000,0,stuck_too_long
4328,101,-527.30,0.00,10.10,0.0000,0.0000,0,stuck_too_long
4329,101,-527.97,0.00,10.10,0.0000,0.0000,0,stuck_too_long
4330,101,-530.42,0.00,10.10,0.0000,0.0000,0,stuck_too_long
6832,101,-528.03,0.00,10.10,0.0000,0.0000,0,stuck_too_long
6833,101,-528.21,0.00,10.10,0.0000,0.0000,0,stuck_too_long
6834,101,-529.09,0.00,10.10,0.0000,0.0000,0,stuck_too_long
6835,101,-527.09,0.00,10.10,0.0000,0.0000,0,stuck_too_long
6836,101,-527.96,0.00,10.10,0.0000,0.0000,0,stuck_too_long
6837,101,-529.34,0.00,10.10,0.0000,0.0000,0,stuck_too_long
6838,101,-530.27,0.00,10.10,0.0000,0.0000,0,stuck_too_long
6839,101,-527.84,0.00,10.10,0.0000,0.0000,0,stuck_too_long
6840,101,-528.17,0.00,10.10,0.0000,0.0000,0,stuck_too_long
6841,101,-528.50,0.00,10.10,0.0000,0.0000,0,stuck_too_long
6842,101,-530.31,0.00,10.10,0.0000,0.0000,0,stuck_too_long
6843,101,-527.74,0.00,10.10,0.0000,0.0000,0,stuck_too_long
6844,101,-527.52,0.00,10.10,0.0000,0.0000,0,stuck_too_long
6845,101,-527.86,0.00,10.10,0.0000,0.0000,0,stuck_too_long
6846,101,-527.24,0.00,10.10,0.0000,0.0000,0,stuck_too_long
6847,101,-528.10,0.00,10.10,0.0000,0.0000,0,stuck_too_long
6848,101,-529.01,0.00,10.10,0.0000,0.0000,0,stuck_too_long
6849,101,-527.68,0.00,10.10,0.0000,0.0000,0,stuck_too_long
6850,101,-527.85,0.00,10.10,0.0000,0.0000,0,stuck_too_long
6851,101,-528.30,0.00,10.10,0.0000,0.0000,0,stuck_too_long
4331,101,-529.10,0.00,10.10,0.0000,0.0000,0,stuck_too_long
4332,101,-530.10,0.00,10.10,0.0000,0.0000,0,stuck_too_long
4333,101,-527.15,0.00,10.10,0.0000,0.0000,0,stuck_too_long
4334,101,-528.62,0.00,10.10,0.0000,0.0000,0,stuck_too_long
4335,101,-529.91,0.00,10.10,0.0000,0.0000,0,stuck_too_long
4336,101,-528.19,0.00,10.10,0.0000,0.0000,0,stuck_too_long
4337,101,-527.62,0.00,10.10,0.0000,0.0000,0,stuck_too_long
4338,101,-529.17,0.00,10.10,0.0000,0.0000,0,stuck_too_long
4339,101,-528.37,0.00,10.10,0.0000,0.0000,0,stuck_too_long
4340,101,-526.44,0.00,10.10,0.0000,0.0000,0,stuck_too_long
6852,101,-527.62,0.00,10.10,0.0000,0.0000,0,stuck_too_long
6853,101,-528.38,0.00,10.10,0.0000,0.0000,0,stuck_too_long
6854,101,-528.27,0.00,10.10,0.0000,0.0000,0,stuck_too_long
6855,101,-526.82,0.00,10.10,0.0000,0.0000,0,stuck_too_long
6856,101,-528.35,0.00,10.10,0.0000,0.0000,0,stuck_too_long
6857,101,-529.20,0.00,10.10,0.0000,0.0000,0,stuck_too_long
6858,101,-527.31,0.00,10.10,0.0000,0.0000,0,stuck_too_long
6859,101,-528.27,0.00,10.10,0.0000,0.0000,0,stuck_too_long
6860,101,-528.49,0.00,10.10,0.0000,0.0000,0,stuck_too_long
6861,101,-528.33,0.00,10.10,0.0000,0.0000,0,stuck_too_long
6862,101,-529.62,0.00,10.10,0.0000,0.0000,0,stuck_too_long
6863,101,-528.13,0.00,10.10,0.0000,0.0000,0,stuck_too_long
6864,101,-527.47,0.00,10.10,0.0000,0.0000,0,stuck_too_long
6865,101,-528.76,0.00,10.10,0.0000,0.0000,0,stuck_too_long
6866,101,-528.50,0.00,10.10,0.0000,0.0000,0,stuck_too_long
6867,101,-528.64,0.00,10.10,0.0000,0.0000,0,stuck_too_long
6868,101,-528.38,0.00,10.10,0.0000,0.0000,0,stuck_too_long
6869,101,-529.20,0.00,10.10,0.0000,0.0000,0,stuck_too_long
6870,101,-528.79,0.00,10.10,0.0000,0.0000,0,stuck_too_long
6871,101,-528.33,0.00,10.10,0.0000,0.0000,0,stuck_too_long
6872,101,-528.68,0.00,10.10,0.0000,0.0000,0,stuck_too_long
4341,101,-528.74,0.00,10.10,0.0000,0.0000,0,stuck_too_long
4342,101,-529.47,0.00,10.10,0.0000,0.0000,0,stuck_too_long
4343,101,-527.80,0.00,10.10,0.0000,0.0000,0,stuck_too_long
4344,101,-527.03,0.00,10.10,0.0000,0.0000,0,stuck_too_long
4345,101,-530.23,0.00,10.10,0.0000,0.0000,0,stuck_too_long
4346,101,-527.52,0.00,10.10,0.0000,0.0000,0,stuck_too_long
4347,101,-529.33,0.00,10.10,0.0000,0.0000,0,stuck_too_long
4348,101,-530.60,0.00,10.10,0.0000,0.0000,0,stuck_too_long
4349,101,-526.76,0.00,10.10,0.0000,0.0000,0,stuck_too_long
4350,101,-528.49,0.00,10.10,0.0000,0.0000,0,stuck_too_long
6873,101,-528.43,0.00,10.10,0.0000,0.0000,0,stuck_too_long
6874,101,-529.28,0.00,10.10,0.0000,0.0000,0,stuck_too_long
6875,101,-528.85,0.00,10.10,0.0000,0.0000,0,stuck_too_long
6876,101,-528.82,0.00,10.10,0.0000,0.0000,0,stuck_too_long
6877,101,-527.26,0.00,10.10,0.0000,0.0000,0,stuck_too_long
6878,101,-528.75,0.00,10.10,0.0000,0.0000,0,stuck_too_long
6879,101,-529.14,0.00,10.10,0.0000,0.0000,0,stuck_too_long
6880,101,-527.86,0.00,10.10,0.0000,0.0000,0,stuck_too_long
6881,101,-528.88,0.00,10.10,0.0000,0.0000,0,stuck_too_long
6882,101,-528.17,0.00,10.10,0.0000,0.0000,0,stuck_too_long
6883,101,-529.14,0.00,10.10,0.0000,0.0000,0,stuck_too_long
6884,101,-529.87,0.00,10.10,0.0000,0.0000,0,stuck_too_long
6885,101,-527.54,0.00,10.10,0.0000,0.0000,0,stuck_too_long
6886,101,-528.77,0.00,10.10,0.0000,0.0000,0,stuck_too_long
6887,101,-528.06,0.00,10.10,0.0000,0.0000,0,stuck_too_long
6888,101,-526.64,0.00,10.10,0.0000,0.0000,0,stuck_too_long
6889,101,-528.64,0.00,10.10,0.0000,0.0000,0,stuck_too_long
6890,101,-530.47,0.00,10.10,0.0000,0.0000,0,stuck_too_long
6891,101,-528.65,0.00,10.10,0.0000,0.0000,0,stuck_too_long
6892,101,-526.51,0.00,10.10,0.0000,0.0000,0,stuck_too_long
4351,101,-529.43,0.00,10.10,0.0000,0.0000,0,stuck_too_long
4352,101,-530.29,0.00,10.10,0.0000,0.0000,0,stuck_too_long
4353,101,-528.33,0.00,10.10,0.0000,0.0000,0,stuck_too_long
4354,101,-529.33,0.00,10.10,0.0000,0.0000,0,stuck_too_long
4355,101,-531.54,0.00,10.10,0.0000,0.0000,0,stuck_too_long
4356,101,-527.53,0.00,10.10,0.0000,0.0000,0,stuck_too_long
4357,101,-527.91,0.00,10.10,0.0000,0.0000,0,stuck_too_long
4358,101,-529.08,0.00,10.10,0.0000,0.0000,0,stuck_too_long
4359,101,-528.91,0.00,10.10,0.0000,0.0000,0,stuck_too_long
4360,101,-527.79,0.00,10.10,0.0000,0.0000,0,stuck_too_long
6893,101,-528.37,0.00,10.10,0.0000,0.0000,0,stuck_too_long
6894,101,-527.41,0.00,10.10,0.0000,0.0000,0,stuck_too_long
6895,101,-527.24,0.00,10.10,0.0000,0.0000,0,stuck_too_long
6896,101,-528.72,0.00,10.10,0.0000,0.0000,0,stuck_too_long
6897,101,-529.15,0.00,10.10,0.0000,0.0000,0,stuck_too_long
6898,101,-528.04,0.00,10.10,0.0000,0.0000,0,stuck_too_long
6899,101,-529.25,0.00,10.10,0.0000,0.0000,0,stuck_too_long
6900,101,-529.88,0.00,10.10,0.0000,0.0000,0,stuck_too_long
6901,101,-530.47,0.00,10.10,0.0000,0.0000,0,stuck_too_long
6902,101,-529.54,0.00,10.10,0.0000,0.0000,0,stuck_too_long
6903,101,-529.31,0.00,10.10,0.0000,0.0000,0,stuck_too_long
6904,101,-528.91,0.00,10.10,0.0000,0.0000,0,stuck_too_long
6905,101,-527.76,0.00,10.10,0.0000,0.0000,0,stuck_too_long
6906,101,-528.79,0.00,10.10,0.0000,0.0000,0,stuck_too_long
6907,101,-529.97,0.00,10.10,0.0000,0.0000,0,stuck_too_long
6908,101,-529.85,0.00,10.10,0.0000,0.0000,0,stuck_too_long
6909,101,-529.05,0.00,10.10,0.0000,0.0000,0,stuck_too_long
6910,101,-527.76,0.00,10.10,0.0000,0.0000,0,stuck_too_long
6911,101,-527.48,0.00,10.10,0.0000,0.0000,0,stuck_too_long
6912,101,-529.02,0.00,10.10,0.0000,0.0000,0,stuck_too_long
4361,101,-529.35,0.00,10.10,0.0000,0.0000,0,stuck_too_long
4362,101,-527.17,0.00,10.10,0.0000,0.0000,0,stuck_too_long
4363,101,-528.68,0.00,10.10,0.0000,0.0000,0,stuck_too_long
4364,101,-529.69,0.00,10.10,0.0000,0.0000,0,stuck_too_long
4365,101,-525.71,0.00,10.10,0.0000,0.0000,0,stuck_too_long
4366,101,-528.94,0.00,10.10,0.0000,0.0000,0,stuck_too_long
4367,101,-531.08,0.00,10.10,0.0000,0.0000,0,stuck_too_long
4368,101,-527.26,0.00,10.10,0.0000,0.0000,0,stuck_too_long
4369,101,-530.74,0.00,10.10,0.0000,0.0000,0,stuck_too_long
4370,101,-529.50,0.00,10.10,0.0000,0.0000,0,stuck_too_long
6913,101,-528.03,0.00,10.10,0.0000,0.0000,0,stuck_too_long
6914,101,-528.98,0.00,10.10,0.0000,0.0000,0,stuck_too_long
6915,101,-526.15,0.00,10.10,0.0000,0.0000,0,stuck_too_long
6916,101,-529.46,0.00,10.10,0.0000,0.0000,0,stuck_too_long
6917,101,-528.44,0.00,10.10,0.0000,0.0000,0,stuck_too_long
6918,101,-529.30,0.00,10.10,0.0000,0.0000,0,stuck_too_long
6919,101,-528.81,0.00,10.10,0.0000,0.0000,0,stuck_too_long
6920,101,-527.31,0.00,10.10,0.0000,0.0000,0,stuck_too_long
6921,101,-529.67,0.00,10.10,0.0000,0.0000,0,stuck_too_long
6922,101,-530.58,0.00,10.10,0.0000,0.0000,0,stuck_too_long
6923,101,-527.63,0.00,10.10,0.0000,0.0000,0,stuck_too_long
6924,101,-527.38,0.00,10.10,0.0000,0.0000,0,stuck_too_long
6925,101,-528.84,0.00,10.10,0.0000,0.0000,0,stuck_too_long
6926,101,-529.31,0.00,10.10,0.0000,0.0000,0,stuck_too_long
6927,101,-527.61,0.00,10.10,0.0000,0.0000,0,stuck_too_long
6928,101,-529.39,0.00,10.10,0.0000,0.0000,0,stuck_too_long
6929,101,-528.26,0.00,10.10,0.0000,0.0000,0,stuck_too_long
6930,101,-530.70,0.00,10.10,0.0000,0.0000,0,stuck_too_long
6931,101,-528.01,0.00,10.10,0.0000,0.0000,0,stuck_too_long
6932,101,-527.95,0.00,10.10,0.0000,0.0000,0,stuck_too_long
4371,101,-529.23,0.00,10.10,0.0000,0.0000,0,stuck_too_long
4372,101,-527.33,0.00,10.10,0.0000,0.0000,0,stuck_too_long
4373,101,-529.57,0.00,10.10,0.0000,0.0000,0,stuck_too_long
4374,101,-527.86,0.00,10.10,0.0000,0.0000,0,stuck_too_long
4375,101,-529.32,0.00,10.10,0.0000,0.0000,0,stuck_too_long
4376,101,-528.94,0.00,10.10,0.0000,0.0000,0,stuck_too_long
4377,101,-529.05,0.00,10.10,0.0000,0.0000,0,stuck_too_long
4378,101,-528.38,0.00,10.10,0.0000,0.0000,0,stuck_too_long
4379,101,-528.77,0.00,10.10,0.0000,0.0000,0,stuck_too_long
4380,101,-527.58,0.00,10.10,0.0000,0.0000,0,stuck_too_long
6933,101,-528.57,0.00,10.10,0.0000,0.0000,0,stuck_too_long
6934,101,-528.67,0.00,10.10,0.0000,0.0000,0,stuck_too_long
6935,101,-528.68,0.00,10.10,0.0000,0.0000,0,stuck_too_long
6936,101,-527.91,0.00,10.10,0.0000,0.0000,0,stuck_too_long
6937,101,-531.13,0.00,10.10,0.0000,0.0000,0,stuck_too_long
6938,101,-527.42,0.00,10.10,0.0000,0.0000,0,stuck_too_long
6939,101,-528.45,0.00,10.10,0.0000,0.0000,0,stuck_too_long
6940,101,-529.24,0.00,10.10,0.0000,0.0000,0,stuck_too_long
6941,101,-529.41,0.00,10.10,0.0000,0.0000,0,stuck_too_long
6942,101,-526.97,0.00,10.10,0.0000,0.0000,0,stuck_too_long
6943,101,-527.50,0.00,10.10,0.0000,0.0000,0,stuck_too_long
6944,101,-528.50,0.00,10.10,0.0000,0.0000,0,stuck_too_long
6945,101,-528.72,0.00,10.10,0.0000,0.0000,0,stuck_too_long
6946,101,-529.14,0.00,10.10,0.0000,0.0000,0,stuck_too_long
6947,101,-528.41,0.00,10.10,0.0000,0.0000,0,stuck_too_long
6948,101,-528.43,0.00,10.10,0.0000,0.0000,0,stuck_too_long
6949,101,-528.32,0.00,10.10,0.0000,0.0000,0,stuck_too_long
6950,101,-528.73,0.00,10.10,0.0000,0.0000,0,stuck_too_long
6951,101,-527.10,0.00,10.10,0.0000,0.0000,0,stuck_too_long
6952,101,-528.47,0.00,10.10,0.0000,0.0000,0,stuck_too_long
6953,101,-527.52,0.00,10.10,0.0000,0.0000,0,stuck_too_long
4381,101,-527.81,0.00,10.10,0.0000,0.0000,0,stuck_too_long
4382,101,-531.34,0.00,10.10,0.0000,0.0000,0,stuck_too_long
4383,101,-529.35,0.00,10.10,0.0000,0.0000,0,stuck_too_long
4384,101,-528.41,0.00,10.10,0.0000,0.0000,0,stuck_too_long
4385,101,-528.63,0.00,10.10,0.0000,0.0000,0,stuck_too_long
4386,101,-529.60,0.00,10.10,0.0000,0.0000,0,stuck_too_long
4387,101,-528.80,0.00,10.10,0.0000,0.0000,0,stuck_too_long
4388,101,-526.95,0.00,10.10,0.0000,0.0000,0,stuck_too_long
4389,101,-527.52,0.00,10.10,0.0000,0.0000,0,stuck_too_long
4390,101,-527.73,0.00,10.10,0.0000,0.0000,0,stuck_too_long
6954,101,-528.23,0.00,10.10,0.0000,0.0000,0,stuck_too_long
6955,101,-527.16,0.00,10.10,0.0000,0.0000,0,stuck_too_long
6956,101,-528.02,0.00,10.10,0.0000,0.0000,0,stuck_too_long
6957,101,-527.67,0.00,10.10,0.0000,0.0000,0,stuck_too_long
6958,101,-528.51,0.00,10.10,0.0000,0.0000,0,stuck_too_long
6959,101,-528.12,0.00,10.10,0.0000,0.0000,0,stuck_too_long
6960,101,-529.30,0.00,10.10,0.0000,0.0000,0,stuck_too_long
6961,101,-526.80,0.00,10.10,0.0000,0.0000,0,stuck_too_long
6962,101,-526.14,0.00,10.10,0.0000,0.0000,0,stuck_too_long
6963,101,-528.48,0.00,10.10,0.0000,0.0000,0,stuck_too_long
6964,101,-528.84,0.00,10.10,0.0000,0.0000,0,stuck_too_long
6965,101,-528.96,0.00,10.10,0.0000,0.0000,0,stuck_too_long
6966,101,-529.22,0.00,10.10,0.0000,0.0000,0,stuck_too_long
6967,101,-528.77,0.00,10.10,0.0000,0.0000,0,stuck_too_long
6968,101,-526.42,0.00,10.10,0.0000,0.0000,0,stuck_too_long
6969,101,-529.56,0.00,10.10,0.0000,0.0000,0,stuck_too_long
6970,101,-527.42,0.00,10.10,0.0000,0.0000,0,stuck_too_long
6971,101,-529.05,0.00,10.10,0.0000,0.0000,0,stuck_too_long
6972,101,-528.13,0.00,10.10,0.0000,0.0000,0,stuck_too_long
6973,101,-529.84,0.00,10.10,0.0000,0.0000,0,stuck_too_long
4391,101,-526.30,0.00,10.10,0.0000,0.0000,0,stuck_too_long
4392,101,-528.03,0.00,10.10,0.0000,0.0000,0,stuck_too_long
4393,101,-529.53,0.00,10.10,0.0000,0.0000,0,stuck_too_long
4394,101,-527.73,0.00,10.10,0.0000,0.0000,0,stuck_too_long
4395,101,-530.80,0.00,10.10,0.0000,0.0000,0,stuck_too_long
4396,101,-527.37,0.00,10.10,0.0000,0.0000,0,stuck_too_long
4397,101,-528.96,0.00,10.10,0.0000,0.0000,0,stuck_too_long
4398,101,-527.09,0.00,10.10,0.0000,0.0000,0,stuck_too_long
4399,101,-528.35,0.00,10.10,0.0000,0.0000,0,stuck_too_long
4400,101,-530.42,0.00,10.10,0.0000,0.0000,0,stuck_too_long
6974,101,-529.86,0.00,10.10,0.0000,0.0000,0,stuck_too_long
6975,101,-529.45,0.00,10.10,0.0000,0.0000,0,stuck_too_long
6976,101,-529.19,0.00,10.10,0.0000,0.0000,0,stuck_too_long
6977,101,-528.20,0.00,10.10,0.0000,0.0000,0,stuck_too_long
6978,101,-530.44,0.00,10.10,0.0000,0.0000,0,stuck_too_long
6979,101,-529.43,0.00,10.10,0.0000,0.0000,0,stuck_too_long
6980,101,-528.29,0.00,10.10,0.0000,0.0000,0,stuck_too_long
6981,101,-526.16,0.00,10.10,0.0000,0.0000,0,stuck_too_long
6982,101,-527.82,0.00,10.10,0.0000,0.0000,0,stuck_too_long
6983,101,-525.77,0.00,10.10,0.0000,0.0000,0,stuck_too_long
6984,101,-527.75,0.00,10.10,0.0000,0.0000,0,stuck_too_long
6985,101,-530.44,0.00,10.10,0.0000,0.0000,0,stuck_too_long
6986,101,-527.50,0.00,10.10,0.0000,0.0000,0,stuck_too_long
6987,101,-526.88,0.00,10.10,0.0000,0.0000,0,stuck_too_long
6988,101,-526.91,0.00,10.10,0.0000,0.0000,0,stuck_too_long
6989,101,-529.57,0.00,10.10,0.0000,0.0000,0,stuck_too_long
6990,101,-528.78,0.00,10.10,0.0000,0.0000,0,stuck_too_long
6991,101,-528.59,0.00,10.10,0.0000,0.0000,0,stuck_too_long
6992,101,-527.73,0.00,10.10,0.0000,0.0000,0,stuck_too_long
6993,101,-529.12,0.00,10.10,0.0000,0.0000,0,stuck_too_long
4401,101,-527.67,0.00,10.10,0.0000,0.0000,0,stuck_too_long
4402,101,-528.26,0.00,10.10,0.0000,0.0000,0,stuck_too_long
4403,101,-528.57,0.00,10.10,0.0000,0.0000,0,stuck_too_long
4404,101,-529.25,0.00,10.10,0.0000,0.0000,0,stuck_too_long
4405,101,-527.67,0.00,10.10,0.0000,0.0000,0,stuck_too_long
4406,101,-527.96,0.00,10.10,0.0000,0.0000,0,stuck_too_long
4407,101,-531.04,0.00,10.10,0.0000,0.0000,0,stuck_too_long
4408,101,-528.67,0.00,10.10,0.0000,0.0000,0,stuck_too_long
4409,101,-529.67,0.00,10.10,0.0000,0.0000,0,stuck_too_long
4410,101,-527.36,0.00,10.10,0.0000,0.0000,0,stuck_too_long
6994,101,-528.39,0.00,10.10,0.0000,0.0000,0,stuck_too_long
6995,101,-529.65,0.00,10.10,0.0000,0.0000,0,stuck_too_long
6996,101,-529.15,0.00,10.10,0.0000,0.0000,0,stuck_too_long
6997,101,-528.10,0.00,10.10,0.0000,0.0000,0,stuck_too_long
6998,101,-528.27,0.00,10.10,0.0000,0.0000,0,stuck_too_long
6999,101,-528.34,0.00,10.10,0.0000,0.0000,0,stuck_too_long
7000,101,-528.39,0.00,10.10,0.0000,0.0000,0,stuck_too_long
7001,101,-527.50,0.00,10.10,0.0000,0.0000,0,stuck_too_long
7002,101,-527.58,0.00,10.10,0.0000,0.0000,0,stuck_too_long
7003,101,-527.39,0.00,10.10,0.0000,0.0000,0,stuck_too_long
7004,101,-528.05,0.00,10.10,0.0000,0.0000,0,stuck_too_long
7005,101,-526.82,0.00,10.10,0.0000,0.0000,0,stuck_too_long
7006,101,-529.18,0.00,10.10,0.0000,0.0000,0,stuck_too_long
7007,101,-529.87,0.00,10.10,0.0000,0.0000,0,stuck_too_long
7008,101,-528.86,0.00,10.10,0.0000,0.0000,0,stuck_too_long
7009,101,-529.02,0.00,10.10,0.0000,0.0000,0,stuck_too_long
7010,101,-528.06,0.00,10.10,0.0000,0.0000,0,stuck_too_long
7011,101,-528.87,0.00,10.10,0.0000,0.0000,0,stuck_too_long
7012,101,-529.20,0.00,10.10,0.0000,0.0000,0,stuck_too_long
7013,101,-526.71,0.00,10.10,0.0000,0.0000,0,stuck_too_long
4411,101,-531.01,0.00,10.10,0.0000,0.0000,0,stuck_too_long
4412,101,-528.99,0.00,10.10,0.0000,0.0000,0,stuck_too_long
4413,101,-528.82,0.00,10.10,0.0000,0.0000,0,stuck_too_long
4414,101,-526.62,0.00,10.10,0.0000,0.0000,0,stuck_too_long
4415,101,-527.91,0.00,10.10,0.0000,0.0000,0,stuck_too_long
4416,101,-528.46,0.00,10.10,0.0000,0.0000,0,stuck_too_long
4417,101,-529.32,0.00,10.10,0.0000,0.0000,0,stuck_too_long
4418,101,-529.47,0.00,10.10,0.0000,0.0000,0,stuck_too_long
4419,101,-528.25,0.00,10.10,0.0000,0.0000,0,stuck_too_long
4420,101,-528.29,0.00,10.10,0.0000,0.0000,0,stuck_too_long
7014,101,-527.91,0.00,10.10,0.0000,0.0000,0,stuck_too_long
7015,101,-529.00,0.00,10.10,0.0000,0.0000,0,stuck_too_long
7016,101,-528.67,0.00,10.10,0.0000,0.0000,0,stuck_too_long
7017,101,-529.49,0.00,10.10,0.0000,0.0000,0,stuck_too_long
7018,101,-527.49,0.00,10.10,0.0000,0.0000,0,stuck_too_long
7019,101,-527.03,0.00,10.10,0.0000,0.0000,0,stuck_too_long
7020,101,-530.16,0.00,10.10,0.0000,0.0000,0,stuck_too_long
7021,101,-527.43,0.00,10.10,0.0000,0.0000,0,stuck_too_long
7022,101,-530.45,0.00,10.10,0.0000,0.0000,0,stuck_too_long
7023,101,-530.16,0.00,10.10,0.0000,0.0000,0,stuck_too_long
7024,101,-528.63,0.00,10.10,0.0000,0.0000,0,stuck_too_long
7025,101,-528.55,0.00,10.10,0.0000,0.0000,0,stuck_too_long
7026,101,-528.67,0.00,10.10,0.0000,0.0000,0,stuck_too_long
7027,101,-527.17,0.00,10.10,0.0000,0.0000,0,stuck_too_long
7028,101,-525.82,0.00,10.10,0.0000,0.0000,0,stuck_too_long
7029,101,-530.40,0.00,10.10,0.0000,0.0000,0,stuck_too_long
7030,101,-528.53,0.00,10.10,0.0000,0.0000,0,stuck_too_long
7031,101,-530.39,0.00,10.10,0.0000,0.0000,0,stuck_too_long
7032,101,-527.49,0.00,10.10,0.0000,0.0000,0,stuck_too_long
7033,101,-527.91,0.00,10.10,0.0000,0.0000,0,stuck_too_long
7034,101,-529.34,0.00,10.10,0.0000,0.0000,0,stuck_too_long
4421,101,-528.40,0.00,10.10,0.0000,0.0000,0,stuck_too_long
4422,101,-527.89,0.00,10.10,0.0000,0.0000,0,stuck_too_long
4423,101,-529.49,0.00,10.10,0.0000,0.0000,0,stuck_too_long
4424,101,-528.85,0.00,10.10,0.0000,0.0000,0,stuck_too_long
4425,101,-528.81,0.00,10.10,0.0000,0.0000,0,stuck_too_long
4426,101,-527.60,0.00,10.10,0.0000,0.0000,0,stuck_too_long
4427,101,-527.32,0.00,10.10,0.0000,0.0000,0,stuck_too_long
4428,101,-527.47,0.00,10.10,0.0000,0.0000,0,stuck_too_long
4429,101,-529.88,0.00,10.10,0.0000,0.0000,0,stuck_too_long
4430,101,-528.07,0.00,10.10,0.0000,0.0000,0,stuck_too_long
7035,101,-528.34,0.00,10.10,0.0000,0.0000,0,stuck_too_long
7036,101,-526.52,0.00,10.10,0.0000,0.0000,0,stuck_too_long
7037,101,-530.35,0.00,10.10,0.0000,0.0000,0,stuck_too_long
7038,101,-527.41,0.00,10.10,0.0000,0.0000,0,stuck_too_long
7039,101,-528.02,0.00,10.10,0.0000,0.0000,0,stuck_too_long
7040,101,-528.12,0.00,10.10,0.0000,0.0000,0,stuck_too_long
7041,101,-528.61,0.00,10.10,0.0000,0.0000,0,stuck_too_long
7042,101,-528.98,0.00,10.10,0.0000,0.0000,0,stuck_too_long
7043,101,-528.36,0.00,10.10,0.0000,0.0000,0,stuck_too_long
7044,101,-528.19,0.00,10.10,0.0000,0.0000,0,stuck_too_long
7045,101,-530.44,0.00,10.10,0.0000,0.0000,0,stuck_too_long
7046,101,-529.00,0.00,10.10,0.0000,0.0000,0,stuck_too_long
7047,101,-529.33,0.00,10.10,0.0000,0.0000,0,stuck_too_long
7048,101,-528.63,0.00,10.10,0.0000,0.0000,0,stuck_too_long
7049,101,-526.59,0.00,10.10,0.0000,0.0000,0,stuck_too_long
7050,101,-529.96,0.00,10.10,0.0000,0.0000,0,stuck_too_long
7051,101,-528.85,0.00,10.10,0.0000,0.0000,0,stuck_too_long
7052,101,-527.95,0.00,10.10,0.0000,0.0000,0,stuck_too_long
7053,101,-527.36,0.00,10.10,0.0000,0.0000,0,stuck_too_long
7054,101,-528.74,0.00,10.10,0.0000,0.0000,0,stuck_too_long
4431,101,-527.22,0.00,10.10,0.0000,0.0000,0,stuck_too_long
4432,101,-526.81,0.00,10.10,0.0000,0.0000,0,stuck_too_long
4433,101,-530.45,0.00,10.10,0.0000,0.0000,0,stuck_too_long
4434,101,-528.01,0.00,10.10,0.0000,0.0000,0,stuck_too_long
4435,101,-527.85,0.00,10.10,0.0000,0.0000,0,stuck_too_long
4436,101,-528.50,0.00,10.10,0.0000,0.0000,0,stuck_too_long
4437,101,-528.68,0.00,10.10,0.0000,0.0000,0,stuck_too_long
4438,101,-528.63,0.00,10.10,0.0000,0.0000,0,stuck_too_long
4439,101,-529.51,0.00,10.10,0.0000,0.0000,0,stuck_too_long
4440,101,-529.08,0.00,10.10,0.0000,0.0000,0,stuck_too_long
7055,101,-529.78,0.00,10.10,0.0000,0.0000,0,stuck_too_long
7056,101,-528.63,0.00,10.10,0.0000,0.0000,0,stuck_too_long
7057,101,-527.33,0.00,10.10,0.0000,0.0000,0,stuck_too_long
7058,101,-526.67,0.00,10.10,0.0000,0.0000,0,stuck_too_long
7059,101,-529.21,0.00,10.10,0.0000,0.0000,0,stuck_too_long
7060,101,-529.02,0.00,10.10,0.0000,0.0000,0,stuck_too_long
7061,101,-528.81,0.00,10.10,0.0000,0.0000,0,stuck_too_long
7062,101,-527.35,0.00,10.10,0.0000,0.0000,0,stuck_too_long
7063,101,-528.12,0.00,10.10,0.0000,0.0000,0,stuck_too_long
7064,101,-528.15,0.00,10.10,0.0000,0.0000,0,stuck_too_long
7065,101,-528.61,0.00,10.10,0.0000,0.0000,0,stuck_too_long
7066,101,-530.16,0.00,10.10,0.0000,0.0000,0,stuck_too_long
7067,101,-527.54,0.00,10.10,0.0000,0.0000,0,stuck_too_long
7068,101,-530.17,0.00,10.10,0.0000,0.0000,0,stuck_too_long
7069,101,-528.20,0.00,10.10,0.0000,0.0000,0,stuck_too_long
7070,101,-529.77,0.00,10.10,0.0000,0.0000,0,stuck_too_long
7071,101,-528.83,0.00,10.10,0.0000,0.0000,0,stuck_too_long
7072,101,-528.06,0.00,10.10,0.0000,0.0000,0,stuck_too_long
7073,101,-528.27,0.00,10.10,0.0000,0.0000,0,stuck_too_long
7074,101,-528.16,0.00,10.10,0.0000,0.0000,0,stuck_too_long
4441,101,-528.95,0.00,10.10,0.0000,0.0000,0,stuck_too_long
4442,101,-528.42,0.00,10.10,0.0000,0.0000,0,stuck_too_long
4443,101,-527.90,0.00,10.10,0.0000,0.0000,0,stuck_too_long
4444,101,-529.99,0.00,10.10,0.0000,0.0000,0,stuck_too_long
4445,101,-528.45,0.00,10.10,0.0000,0.0000,0,stuck_too_long
4446,101,-527.85,0.00,10.10,0.0000,0.0000,0,stuck_too_long
4447,101,-530.04,0.00,10.10,0.0000,0.0000,0,stuck_too_long
4448,101,-528.62,0.00,10.10,0.0000,0.0000,0,stuck_too_long
4449,101,-530.87,0.00,10.10,0.0000,0.0000,0,stuck_too_long
4450,101,-527.03,0.00,10.10,0.0000,0.0000,0,stuck_too_long
7075,101,-528.99,0.00,10.10,0.0000,0.0000,0,stuck_too_long
7076,101,-529.98,0.00,10.10,0.0000,0.0000,0,stuck_too_long
7077,101,-530.27,0.00,10.10,0.0000,0.0000,0,stuck_too_long
7078,101,-527.37,0.00,10.10,0.0000,0.0000,0,stuck_too_long
7079,101,-527.93,0.00,10.10,0.0000,0.0000,0,stuck_too_long
7080,101,-526.88,0.00,10.10,0.0000,0.0000,0,stuck_too_long
7081,101,-526.27,0.00,10.10,0.0000,0.0000,0,stuck_too_long
7082,101,-527.41,0.00,10.10,0.0000,0.0000,0,stuck_too_long
7083,101,-528.94,0.00,10.10,0.0000,0.0000,0,stuck_too_long
7084,101,-529.42,0.00,10.10,0.0000,0.0000,0,stuck_too_long
7085,101,-529.95,0.00,10.10,0.0000,0.0000,0,stuck_too_long
7086,101,-528.04,0.00,10.10,0.0000,0.0000,0,stuck_too_long
7087,101,-528.35,0.00,10.10,0.0000,0.0000,0,stuck_too_long
7088,101,-527.68,0.00,10.10,0.0000,0.0000,0,stuck_too_long
7089,101,-528.04,0.00,10.10,0.0000,0.0000,0,stuck_too_long
7090,101,-528.95,0.00,10.10,0.0000,0.0000,0,stuck_too_long
7091,101,-530.62,0.00,10.10,0.0000,0.0000,0,stuck_too_long
7092,101,-526.48,0.00,10.10,0.0000,0.0000,0,stuck_too_long
7093,101,-528.86,0.00,10.10,0.0000,0.0000,0,stuck_too_long
7094,101,-527.11,0.00,10.10,0.0000,0.0000,0,stuck_too_long
7095,101,-526.84,0.00,10.10,0.0000,0.0000,0,stuck_too_long
4451,101,-528.74,0.00,10.10,0.0000,0.0000,0,stuck_too_long
4452,101,-528.46,0.00,10.10,0.0000,0.0000,0,stuck_too_long
4453,101,-527.56,0.00,10.10,0.0000,0.0000,0,stuck_too_long
4454,101,-530.34,0.00,10.10,0.0000,0.0000,0,stuck_too_long
4455,101,-529.90,0.00,10.10,0.0000,0.0000,0,stuck_too_long
4456,101,-528.55,0.00,10.10,0.0000,0.0000,0,stuck_too_long
4457,101,-528.74,0.00,10.10,0.0000,0.0000,0,stuck_too_long
4458,101,-527.48,0.00,10.10,0.0000,0.0000,0,stuck_too_long
4459,101,-528.58,0.00,10.10,0.0000,0.0000,0,stuck_too_long
4460,101,-528.95,0.00,10.10,0.0000,0.0000,0,stuck_too_long
7096,101,-529.33,0.00,10.10,0.0000,0.0000,0,stuck_too_long
7097,101,-528.12,0.00,10.10,0.0000,0.0000,0,stuck_too_long
7098,101,-530.21,0.00,10.10,0.0000,0.0000,0,stuck_too_long
7099,101,-527.76,0.00,10.10,0.0000,0.0000,0,stuck_too_long
7100,101,-528.75,0.00,10.10,0.0000,0.0000,0,stuck_too_long
7101,101,-529.59,0.00,10.10,0.0000,0.0000,0,stuck_too_long
7102,101,-527.50,0.00,10.10,0.0000,0.0000,0,stuck_too_long
7103,101,-528.12,0.00,10.10,0.0000,0.0000,0,stuck_too_long
7104,101,-527.52,0.00,10.10,0.0000,0.0000,0,stuck_too_long
7105,101,-529.31,0.00,10.10,0.0000,0.0000,0,stuck_too_long
7106,101,-528.61,0.00,10.10,0.0000,0.0000,0,stuck_too_long
7107,101,-529.54,0.00,10.10,0.0000,0.0000,0,stuck_too_long
7108,101,-526.74,0.00,10.10,0.0000,0.0000,0,stuck_too_long
7109,101,-528.09,0.00,10.10,0.0000,0.0000,0,stuck_too_long
7110,101,-528.38,0.00,10.10,0.0000,0.0000,0,stuck_too_long
7111,101,-526.56,0.00,10.10,0.0000,0.0000,0,stuck_too_long
7112,101,-527.69,0.00,10.10,0.0000,0.0000,0,stuck_too_long
7113,101,-528.48,0.00,10.10,0.0000,0.0000,0,stuck_too_long
7114,101,-528.82,0.00,10.10,0.0000,0.0000,0,stuck_too_long
7115,101,-527.58,0.00,10.10,0.0000,0.0000,0,stuck_too_long
4461,101,-527.35,0.00,10.10,0.0000,0.0000,0,stuck_too_long
4462,101,-528.73,0.00,10.10,0.0000,0.0000,0,stuck_too_long
4463,101,-527.58,0.00,10.10,0.0000,0.0000,0,stuck_too_long
4464,101,-530.27,0.00,10.10,0.0000,0.0000,0,stuck_too_long
4465,101,-529.72,0.00,10.10,0.0000,0.0000,0,stuck_too_long
4466,101,-529.28,0.00,10.10,0.0000,0.0000,0,stuck_too_long
4467,101,-528.36,0.00,10.10,0.0000,0.0000,0,stuck_too_long
4468,101,-528.31,0.00,10.10,0.0000,0.0000,0,stuck_too_long
4469,101,-528.68,0.00,10.10,0.0000,0.0000,0,stuck_too_long
4470,101,-527.43,0.00,10.10,0.0000,0.0000,0,stuck_too_long
7116,101,-528.13,0.00,10.10,0.0000,0.0000,0,stuck_too_long
7117,101,-530.48,0.00,10.10,0.0000,0.0000,0,stuck_too_long
7118,101,-527.58,0.00,10.10,0.0000,0.0000,0,stuck_too_long
7119,101,-530.39,0.00,10.10,0.0000,0.0000,0,stuck_too_long
7120,101,-528.92,0.00,10.10,0.0000,0.0000,0,stuck_too_long
7121,101,-527.55,0.00,10.10,0.0000,0.0000,0,stuck_too_long
7122,101,-528.06,0.00,10.10,0.0000,0.0000,0,stuck_too_long
7123,101,-529.46,0.00,10.10,0.0000,0.0000,0,stuck_too_long
7124,101,-527.75,0.00,10.10,0.0000,0.0000,0,stuck_too_long
7125,101,-530.01,0.00,10.10,0.0000,0.0000,0,stuck_too_long
7126,101,-528.55,0.00,10.10,0.0000,0.0000,0,stuck_too_long
7127,101,-529.51,0.00,10.10,0.0000,0.0000,0,stuck_too_long
7128,101,-528.06,0.00,10.10,0.0000,0.0000,0,stuck_too_long
7129,101,-529.52,0.00,10.10,0.0000,0.0000,0,stuck_too_long
7130,101,-528.48,0.00,10.10,0.0000,0.0000,0,stuck_too_long
7131,101,-529.75,0.00,10.10,0.0000,0.0000,0,stuck_too_long
7132,101,-528.36,0.00,10.10,0.0000,0.0000,0,stuck_too_long
7133,101,-527.38,0.00,10.10,0.0000,0.0000,0,stuck_too_long
7134,101,-531.50,0.00,10.10,0.0000,0.0000,0,stuck_too_long
7135,101,-528.90,0.00,10.10,0.0000,0.0000,0,stuck_too_long
4471,101,-530.14,0.00,10.10,0.0000,0.0000,0,stuck_too_long
4472,101,-529.00,0.00,10.10,0.0000,0.0000,0,stuck_too_long
4473,101,-528.01,0.00,10.10,0.0000,0.0000,0,stuck_too_long
4474,101,-528.30,0.00,10.10,0.0000,0.0000,0,stuck_too_long
4475,101,-528.49,0.00,10.10,0.0000,0.0000,0,stuck_too_long
4476,101,-529.75,0.00,10.10,0.0000,0.0000,0,stuck_too_long
4477,101,-528.19,0.00,10.10,0.0000,0.0000,0,stuck_too_long
4478,101,-529.22,0.00,10.10,0.0000,0.0000,0,stuck_too_long
4479,101,-530.14,0.00,10.10,0.0000,0.0000,0,stuck_too_long
4480,101,-528.69,0.00,10.10,0.0000,0.0000,0,stuck_too_long
7136,101,-529.27,0.00,10.10,0.0000,0.0000,0,stuck_too_long
7137,101,-528.38,0.00,10.10,0.0000,0.0000,0,stuck_too_long
7138,101,-527.99,0.00,10.10,0.0000,0.0000,0,stuck_too_long
7139,101,-527.26,0.00,10.10,0.0000,0.0000,0,stuck_too_long
7140,101,-529.34,0.00,10.10,0.0000,0.0000,0,stuck_too_long
7141,101,-529.51,0.00,10.10,0.0000,0.0000,0,stuck_too_long
7142,101,-527.51,0.00,10.10,0.0000,0.0000,0,stuck_too_long
7143,101,-527.70,0.00,10.10,0.0000,0.0000,0,stuck_too_long
7144,101,-530.21,0.00,10.10,0.0000,0.0000,0,stuck_too_long
7145,101,-528.11,0.00,10.10,0.0000,0.0000,0,stuck_too_long
7146,101,-530.02,0.00,10.10,0.0000,0.0000,0,stuck_too_long
7147,101,-530.12,0.00,10.10,0.0000,0.0000,0,stuck_too_long
7148,101,-526.61,0.00,10.10,0.0000,0.0000,0,stuck_too_long
7149,101,-529.49,0.00,10.10,0.0000,0.0000,0,stuck_too_long
7150,101,-529.04,0.00,10.10,0.0000,0.0000,0,stuck_too_long
7151,101,-529.55,0.00,10.10,0.0000,0.0000,0,stuck_too_long
7152,101,-530.04,0.00,10.10,0.0000,0.0000,0,stuck_too_long
7153,101,-528.71,0.00,10.10,0.0000,0.0000,0,stuck_too_long
7154,101,-528.82,0.00,10.10,0.0000,0.0000,0,stuck_too_long
7155,101,-530.99,0.00,10.10,0.0000,0.0000,0,stuck_too_long
4481,101,-528.00,0.00,10.10,0.0000,0.0000,0,stuck_too_long
4482,101,-528.66,0.00,10.10,0.0000,0.0000,0,stuck_too_long
4483,101,-530.80,0.00,10.10,0.0000,0.0000,0,stuck_too_long
4484,101,-527.48,0.00,10.10,0.0000,0.0000,0,stuck_too_long
4485,101,-529.52,0.00,10.10,0.0000,0.0000,0,stuck_too_long
4486,101,-528.15,0.00,10.10,0.0000,0.0000,0,stuck_too_long
4487,101,-528.30,0.00,10.10,0.0000,0.0000,0,stuck_too_long
4488,101,-528.91,0.00,10.10,0.0000,0.0000,0,stuck_too_long
4489,101,-528.27,0.00,10.10,0.0000,0.0000,0,stuck_too_long
4490,101,-525.43,0.00,10.10,0.0000,0.0000,0,stuck_too_long
7156,101,-527.98,0.00,10.10,0.0000,0.0000,0,stuck_too_long
7157,101,-527.00,0.00,10.10,0.0000,0.0000,0,stuck_too_long
7158,101,-526.84,0.00,10.10,0.0000,0.0000,0,stuck_too_long
7159,101,-529.27,0.00,10.10,0.0000,0.0000,0,stuck_too_long
7160,101,-529.20,0.00,10.10,0.0000,0.0000,0,stuck_too_long
7161,101,-530.54,0.00,10.10,0.0000,0.0000,0,stuck_too_long
7162,101,-528.37,0.00,10.10,0.0000,0.0000,0,stuck_too_long
7163,101,-529.22,0.00,10.10,0.0000,0.0000,0,stuck_too_long
7164,101,-530.12,0.00,10.10,0.0000,0.0000,0,stuck_too_long
7165,101,-528.47,0.00,10.10,0.0000,0.0000,0,stuck_too_long
7166,101,-527.51,0.00,10.10,0.0000,0.0000,0,stuck_too_long
7167,101,-529.75,0.00,10.10,0.0000,0.0000,0,stuck_too_long
7168,101,-531.12,0.00,10.10,0.0000,0.0000,0,stuck_too_long
7169,101,-527.86,0.00,10.10,0.0000,0.0000,0,stuck_too_long
7170,101,-528.45,0.00,10.10,0.0000,0.0000,0,stuck_too_long
7171,101,-531.03,0.00,10.10,0.0000,0.0000,0,stuck_too_long
7172,101,-528.47,0.00,10.10,0.0000,0.0000,0,stuck_too_long
7173,101,-529.01,0.00,10.10,0.0000,0.0000,0,stuck_too_long
7174,101,-528.38,0.00,10.10,0.0000,0.0000,0,stuck_too_long
7175,101,-528.58,0.00,10.10,0.0000,0.0000,0,stuck_too_long
7176,101,-530.04,0.00,10.10,0.0000,0.0000,0,stuck_too_long
4491,101,-528.31,0.00,10.10,0.0000,0.0000,0,stuck_too_long
4492,101,-527.61,0.00,10.10,0.0000,0.0000,0,stuck_too_long
4493,101,-527.53,0.00,10.10,0.0000,0.0000,0,stuck_too_long
4494,101,-527.76,0.00,10.10,0.0000,0.0000,0,stuck_too_long
4495,101,-528.59,0.00,10.10,0.0000,0.0000,0,stuck_too_long
4496,101,-528.53,0.00,10.10,0.0000,0.0000,0,stuck_too_long
4497,101,-528.03,0.00,10.10,0.0000,0.0000,0,stuck_too_long
4498,101,-528.46,0.00,10.10,0.0000,0.0000,0,stuck_too_long
4499,101,-529.97,0.00,10.10,0.0000,0.0000,0,stuck_too_long
4500,101,-528.44,0.00,10.10,0.0000,0.0000,0,stuck_too_long
7177,101,-529.95,0.00,10.10,0.0000,0.0000,0,stuck_too_long
7178,101,-530.40,0.00,10.10,0.0000,0.0000,0,stuck_too_long
7179,101,-529.27,0.00,10.10,0.0000,0.0000,0,stuck_too_long
7180,101,-530.92,0.00,10.10,0.0000,0.0000,0,stuck_too_long
7181,101,-526.79,0.00,10.10,0.0000,0.0000,0,stuck_too_long
7182,101,-528.34,0.00,10.10,0.0000,0.0000,0,stuck_too_long
7183,101,-530.11,0.00,10.10,0.0000,0.0000,0,stuck_too_long
7184,101,-528.98,0.00,10.10,0.0000,0.0000,0,stuck_too_long
7185,101,-528.48,0.00,10.10,0.0000,0.0000,0,stuck_too_long
7186,101,-529.29,0.00,10.10,0.0000,0.0000,0,stuck_too_long
7187,101,-529.62,0.00,10.10,0.0000,0.0000,0,stuck_too_long
7188,101,-527.79,0.00,10.10,0.0000,0.0000,0,stuck_too_long
7189,101,-527.04,0.00,10.10,0.0000,0.0000,0,stuck_too_long
7190,101,-528.72,0.00,10.10,0.0000,0.0000,0,stuck_too_long
7191,101,-529.10,0.00,10.10,0.0000,0.0000,0,stuck_too_long
7192,101,-526.72,0.00,10.10,0.0000,0.0000,0,stuck_too_long
7193,101,-526.90,0.00,10.10,0.0000,0.0000,0,stuck_too_long
7194,101,-527.59,0.00,10.10,0.0000,0.0000,0,stuck_too_long
7195,101,-528.16,0.00,10.10,0.0000,0.0000,0,stuck_too_long
7196,101,-527.86,0.00,10.10,0.0000,0.0000,0,stuck_too_long
4501,101,-527.15,0.00,10.10,0.0000,0.0000,0,stuck_too_long
4502,101,-528.11,0.00,10.10,0.0000,0.0000,0,stuck_too_long
4503,101,-528.94,0.00,10.10,0.0000,0.0000,0,stuck_too_long
4504,101,-528.34,0.00,10.10,0.0000,0.0000,0,stuck_too_long
4505,101,-529.44,0.00,10.10,0.0000,0.0000,0,stuck_too_long
4506,101,-529.58,0.00,10.10,0.0000,0.0000,0,stuck_too_long
4507,101,-529.58,0.00,10.10,0.0000,0.0000,0,stuck_too_long
4508,101,-528.05,0.00,10.10,0.0000,0.0000,0,stuck_too_long
4509,101,-529.18,0.00,10.12,0.0000,0.0000,0,stuck_too_long
4510,101,-527.79,0.00,10.10,0.0000,0.0000,0,stuck_too_long
7197,101,-529.49,0.00,10.10,0.0000,0.0000,0,stuck_too_long
7198,101,-529.04,0.00,10.10,0.0000,0.0000,0,stuck_too_long
7199,101,-528.78,0.00,10.10,0.0000,0.0000,0,stuck_too_long
7200,101,-529.10,0.00,10.10,0.0000,0.0000,0,stuck_too_long
7201,101,-530.30,0.00,10.10,0.0000,0.0000,0,stuck_too_long
7202,101,-528.69,0.00,10.10,0.0000,0.0000,0,stuck_too_long
7203,101,-526.89,0.00,10.10,0.0000,0.0000,0,stuck_too_long
7204,101,-530.96,0.00,10.10,0.0000,0.0000,0,stuck_too_long
7205,101,-530.49,0.00,10.10,0.0000,0.0000,0,stuck_too_long
7206,101,-529.22,0.00,10.10,0.0000,0.0000,0,stuck_too_long
7207,101,-531.83,0.00,10.10,0.0000,0.0000,0,stuck_too_long
7208,101,-527.31,0.00,10.10,0.0000,0.0000,0,stuck_too_long
7209,101,-529.97,0.00,10.10,0.0000,0.0000,0,stuck_too_long
7210,101,-528.69,0.00,10.10,0.0000,0.0000,0,stuck_too_long
7211,101,-526.62,0.00,10.10,0.0000,0.0000,0,stuck_too_long
7212,101,-529.38,0.00,10.10,0.0000,0.0000,0,stuck_too_long
7213,101,-528.25,0.00,10.10,0.0000,0.0000,0,stuck_too_long
7214,101,-527.30,0.00,10.10,0.0000,0.0000,0,stuck_too_long
7215,101,-529.24,0.00,10.10,0.0000,0.0000,0,stuck_too_long
7216,101,-528.43,0.00,10.10,0.0000,0.0000,0,stuck_too_long
4511,101,-527.91,0.00,10.10,0.0000,0.0000,0,stuck_too_long
4512,101,-527.50,0.00,10.10,0.0000,0.0000,0,stuck_too_long
4513,101,-527.74,0.00,10.10,0.0000,0.0000,0,stuck_too_long
4514,101,-528.25,0.00,10.10,0.0000,0.0000,0,stuck_too_long
4515,101,-527.98,0.00,10.10,0.0000,0.0000,0,stuck_too_long
4516,101,-532.02,0.00,10.10,0.0000,0.0000,0,stuck_too_long
4517,101,-530.26,0.00,10.10,0.0000,0.0000,0,stuck_too_long
4518,101,-530.13,0.00,10.10,0.0000,0.0000,0,stuck_too_long
4519,101,-528.80,0.00,10.10,0.0000,0.0000,0,stuck_too_long
4520,101,-528.45,0.00,10.10,0.0000,0.0000,0,stuck_too_long
7217,101,-529.39,0.00,10.10,0.0000,0.0000,0,stuck_too_long
7218,101,-529.06,0.00,10.10,0.0000,0.0000,0,stuck_too_long
7219,101,-528.71,0.00,10.10,0.0000,0.0000,0,stuck_too_long
7220,101,-528.37,0.00,10.10,0.0000,0.0000,0,stuck_too_long
7221,101,-528.04,0.00,10.10,0.0000,0.0000,0,stuck_too_long
7222,101,-529.47,0.00,10.10,0.0000,0.0000,0,stuck_too_long
7223,101,-529.73,0.00,10.10,0.0000,0.0000,0,stuck_too_long
7224,101,-528.40,0.00,10.10,0.0000,0.0000,0,stuck_too_long
7225,101,-529.61,0.00,10.10,0.0000,0.0000,0,stuck_too_long
7226,101,-528.32,0.00,10.10,0.0000,0.0000,0,stuck_too_long
7227,101,-528.98,0.00,10.10,0.0000,0.0000,0,stuck_too_long
7228,101,-529.97,0.00,10.10,0.0000,0.0000,0,stuck_too_long
7229,101,-527.47,0.00,10.10,0.0000,0.0000,0,stuck_too_long
7230,101,-529.19,0.00,10.10,0.0000,0.0000,0,stuck_too_long
7231,101,-529.81,0.00,10.10,0.0000,0.0000,0,stuck_too_long
7232,101,-528.43,0.00,10.10,0.0000,0.0000,0,stuck_too_long
7233,101,-528.99,0.00,10.10,0.0000,0.0000,0,stuck_too_long
7234,101,-528.54,0.00,10.10,0.0000,0.0000,0,stuck_too_long
7235,101,-527.43,0.00,10.10,0.0000,0.0000,0,stuck_too_long
7236,101,-528.54,0.00,10.10,0.0000,0.0000,0,stuck_too_long
7237,101,-531.48,0.00,10.10,0.0000,0.0000,0,stuck_too_long
4521,101,-528.73,0.00,10.10,0.0000,0.0000,0,stuck_too_long
4522,101,-530.12,0.00,10.10,0.0000,0.0000,0,stuck_too_long
4523,101,-527.41,0.00,10.10,0.0000,0.0000,0,stuck_too_long
4524,101,-528.66,0.00,10.10,0.0000,0.0000,0,stuck_too_long
4525,101,-529.11,0.00,10.10,0.0000,0.0000,0,stuck_too_long
4526,101,-530.35,0.00,10.10,0.0000,0.0000,0,stuck_too_long
4527,101,-530.35,0.00,10.10,0.0000,0.0000,0,stuck_too_long
4528,101,-529.41,0.00,10.10,0.0000,0.0000,0,stuck_too_long
4529,101,-530.89,0.00,10.10,0.0000,0.0000,0,stuck_too_long
4530,101,-528.03,0.00,10.10,0.0000,0.0000,0,stuck_too_long
7238,101,-529.80,0.00,10.10,0.0000,0.0000,0,stuck_too_long
7239,101,-526.92,0.00,10.10,0.0000,0.0000,0,stuck_too_long
7240,101,-528.50,0.00,10.10,0.0000,0.0000,0,stuck_too_long
7241,101,-526.65,0.00,10.10,0.0000,0.0000,0,stuck_too_long
7242,101,-528.72,0.00,10.10,0.0000,0.0000,0,stuck_too_long
7243,101,-529.53,0.00,10.10,0.0000,0.0000,0,stuck_too_long
7244,101,-527.51,0.00,10.10,0.0000,0.0000,0,stuck_too_long
7245,101,-529.47,0.00,10.10,0.0000,0.0000,0,stuck_too_long
7246,101,-530.52,0.00,10.10,0.0000,0.0000,0,stuck_too_long
7247,101,-528.30,0.00,10.10,0.0000,0.0000,0,stuck_too_long
7248,101,-530.13,0.00,10.10,0.0000,0.0000,0,stuck_too_long
7249,101,-529.69,0.00,10.10,0.0000,0.0000,0,stuck_too_long
7250,101,-527.80,0.00,10.10,0.0000,0.0000,0,stuck_too_long
7251,101,-530.47,0.00,10.10,0.0000,0.0000,0,stuck_too_long
7252,101,-527.17,0.00,10.10,0.0000,0.0000,0,stuck_too_long
7253,101,-527.39,0.00,10.10,0.0000,0.0000,0,stuck_too_long
7254,101,-527.03,0.00,10.10,0.0000,0.0000,0,stuck_too_long
7255,101,-528.16,0.00,10.10,0.0000,0.0000,0,stuck_too_long
7256,101,-527.23,0.00,10.10,0.0000,0.0000,0,stuck_too_long
7257,101,-528.85,0.00,10.10,0.0000,0.0000,0,stuck_too_long
4531,101,-529.08,0.00,10.10,0.0000,0.0000,0,stuck_too_long
4532,101,-525.55,0.00,10.10,0.0000,0.0000,0,stuck_too_long
4533,101,-531.20,0.00,10.10,0.0000,0.0000,0,stuck_too_long
4534,101,-529.03,0.00,10.10,0.0000,0.0000,0,stuck_too_long
4535,101,-529.67,0.00,10.10,0.0000,0.0000,0,stuck_too_long
4536,101,-528.21,0.00,10.10,0.0000,0.0000,0,stuck_too_long
4537,101,-528.41,0.00,10.10,0.0000,0.0000,0,stuck_too_long
4538,101,-530.10,0.00,10.10,0.0000,0.0000,0,stuck_too_long
4539,101,-527.37,0.00,10.10,0.0000,0.0000,0,stuck_too_long
4540,101,-529.38,0.00,10.10,0.0000,0.0000,0,stuck_too_long
7258,101,-528.86,0.00,10.10,0.0000,0.0000,0,stuck_too_long
7259,101,-529.14,0.00,10.10,0.0000,0.0000,0,stuck_too_long
7260,101,-528.22,0.00,10.10,0.0000,0.0000,0,stuck_too_long
7261,101,-530.84,0.00,10.10,0.0000,0.0000,0,stuck_too_long
7262,101,-527.55,0.00,10.10,0.0000,0.0000,0,stuck_too_long
7263,101,-530.51,0.00,10.10,0.0000,0.0000,0,stuck_too_long
7264,101,-527.68,0.00,10.10,0.0000,0.0000,0,stuck_too_long
7265,101,-530.05,0.00,10.10,0.0000,0.0000,0,stuck_too_long
7266,101,-530.27,0.00,10.10,0.0000,0.0000,0,stuck_too_long
7267,101,-527.47,0.00,10.10,0.0000,0.0000,0,stuck_too_long
7268,101,-529.61,0.00,10.10,0.0000,0.0000,0,stuck_too_long
7269,101,-527.38,0.00,10.10,0.0000,0.0000,0,stuck_too_long
7270,101,-527.85,0.00,10.10,0.0000,0.0000,0,stuck_too_long
7271,101,-527.07,0.00,10.10,0.0000,0.0000,0,stuck_too_long
7272,101,-527.32,0.00,10.10,0.0000,0.0000,0,stuck_too_long
7273,101,-530.00,0.00,10.10,0.0000,0.0000,0,stuck_too_long
7274,101,-528.26,0.00,10.10,0.0000,0.0000,0,stuck_too_long
7275,101,-526.92,0.00,10.10,0.0000,0.0000,0,stuck_too_long
7276,101,-529.40,0.00,10.10,0.0000,0.0000,0,stuck_too_long
7277,122,-553.75,0.05,9.78,0.0000,0.0000,0,stuck_too_long
4541,101,-528.23,0.00,10.10,0.0000,0.0000,0,stuck_too_long
4542,101,-529.41,0.00,10.10,0.0000,0.0000,0,stuck_too_long
4543,101,-527.49,0.00,10.10,0.0000,0.0000,0,stuck_too_long
4544,101,-527.37,0.00,10.10,0.0000,0.0000,0,stuck_too_long
4545,101,-524.51,0.00,10.10,0.0000,0.0000,0,stuck_too_long
4546,101,-528.85,0.00,10.10,0.0000,0.0000,0,stuck_too_long
4547,101,-527.19,0.00,10.10,0.0000,0.0000,0,stuck_too_long
4548,101,-528.32,0.00,10.10,0.0000,0.0000,0,stuck_too_long
4549,101,-527.12,0.00,10.10,0.0000,0.0000,0,stuck_too_long
4550,101,-529.52,0.00,10.10,0.0000,0.0000,0,stuck_too_long
7278,101,-529.45,0.00,10.10,0.0000,0.0000,0,stuck_too_long
7279,101,-530.95,0.00,10.10,0.0000,0.0000,0,stuck_too_long
7280,101,-530.36,0.00,10.10,0.0000,0.0000,0,stuck_too_long
7281,101,-528.60,0.00,10.10,0.0000,0.0000,0,stuck_too_long
7282,101,-529.76,0.00,10.10,0.0000,0.0000,0,stuck_too_long
7283,101,-530.55,0.00,10.10,0.0000,0.0000,0,stuck_too_long
7284,101,-529.05,0.00,10.10,0.0000,0.0000,0,stuck_too_long
7285,101,-529.15,0.00,10.10,0.0000,0.0000,0,stuck_too_long
7286,101,-532.25,0.00,10.10,0.0000,0.0000,0,stuck_too_long
7287,101,-528.65,0.00,10.10,0.0000,0.0000,0,stuck_too_long
7288,101,-530.96,0.00,10.10,0.0000,0.0000,0,stuck_too_long
7289,101,-527.57,0.00,10.10,0.0000,0.0000,0,stuck_too_long
7290,101,-527.70,0.00,10.10,0.0000,0.0000,0,stuck_too_long
7291,101,-529.64,0.00,10.10,0.0000,0.0000,0,stuck_too_long
7292,101,-527.45,0.00,10.10,0.0000,0.0000,0,stuck_too_long
7293,101,-529.75,0.00,10.10,0.0000,0.0000,0,stuck_too_long
7294,101,-528.65,0.00,10.10,0.0000,0.0000,0,stuck_too_long
7295,101,-527.59,0.00,10.10,0.0000,0.0000,0,stuck_too_long
7296,101,-529.63,0.00,10.10,0.0000,0.0000,0,stuck_too_long
7297,101,-528.04,0.00,10.10,0.0000,0.0000,0,stuck_too_long
4551,101,-527.55,0.00,10.10,0.0000,0.0000,0,stuck_too_long
4552,101,-526.73,0.00,10.10,0.0000,0.0000,0,stuck_too_long
4553,101,-528.60,0.00,10.10,0.0000,0.0000,0,stuck_too_long
4554,101,-529.94,0.00,10.10,0.0000,0.0000,0,stuck_too_long
4555,101,-528.93,0.00,10.10,0.0000,0.0000,0,stuck_too_long
4556,101,-529.52,0.00,10.10,0.0000,0.0000,0,stuck_too_long
4557,101,-527.21,0.00,10.10,0.0000,0.0000,0,stuck_too_long
4558,101,-525.47,0.00,10.10,0.0000,0.0000,0,stuck_too_long
4559,101,-528.87,0.00,10.10,0.0000,0.0000,0,stuck_too_long
4560,101,-527.37,0.00,10.10,0.0000,0.0000,0,stuck_too_long
7298,101,-528.27,0.00,10.10,0.0000,0.0000,0,stuck_too_long
7299,101,-527.28,0.00,10.10,0.0000,0.0000,0,stuck_too_long
7300,101,-528.02,0.00,10.10,0.0000,0.0000,0,stuck_too_long
7301,101,-528.48,0.00,10.10,0.0000,0.0000,0,stuck_too_long
7302,101,-528.29,0.00,10.10,0.0000,0.0000,0,stuck_too_long
7303,101,-527.85,0.00,10.10,0.0000,0.0000,0,stuck_too_long
7304,101,-529.45,0.00,10.10,0.0000,0.0000,0,stuck_too_long
7305,101,-527.65,0.00,10.10,0.0000,0.0000,0,stuck_too_long
7306,101,-529.03,0.00,10.10,0.0000,0.0000,0,stuck_too_long
7307,101,-527.47,0.00,10.10,0.0000,0.0000,0,stuck_too_long
7308,101,-528.59,0.00,10.10,0.0000,0.0000,0,stuck_too_long
7309,101,-529.50,0.00,10.10,0.0000,0.0000,0,stuck_too_long
7310,101,-527.58,0.00,10.10,0.0000,0.0000,0,stuck_too_long
7311,101,-529.98,0.00,10.10,0.0000,0.0000,0,stuck_too_long
7312,101,-528.83,0.00,10.10,0.0000,0.0000,0,stuck_too_long
7313,101,-527.65,0.00,10.10,0.0000,0.0000,0,stuck_too_long
7314,101,-527.97,0.00,10.10,0.0000,0.0000,0,stuck_too_long
7315,101,-529.53,0.00,10.10,0.0000,0.0000,0,stuck_too_long
7316,101,-528.09,0.00,10.10,0.0000,0.0000,0,stuck_too_long
7317,101,-529.66,0.00,10.10,0.0000,0.0000,0,stuck_too_long
4561,101,-527.94,0.00,10.10,0.0000,0.0000,0,stuck_too_long
4562,101,-527.64,0.00,10.10,0.0000,0.0000,0,stuck_too_long
4563,101,-528.16,0.00,10.10,0.0000,0.0000,0,stuck_too_long
4564,101,-527.76,0.00,10.10,0.0000,0.0000,0,stuck_too_long
4565,101,-529.58,0.00,10.10,0.0000,0.0000,0,stuck_too_long
4566,101,-528.04,0.00,10.10,0.0000,0.0000,0,stuck_too_long
4567,101,-528.91,0.00,10.10,0.0000,0.0000,0,stuck_too_long
4568,101,-529.86,0.00,10.10,0.0000,0.0000,0,stuck_too_long
4569,101,-528.70,0.00,10.10,0.0000,0.0000,0,stuck_too_long
4570,101,-527.36,0.00,10.10,0.0000,0.0000,0,stuck_too_long
7318,101,-528.96,0.00,10.10,0.0000,0.0000,0,stuck_too_long
7319,101,-528.14,0.00,10.10,0.0000,0.0000,0,stuck_too_long
7320,101,-528.30,0.00,10.10,0.0000,0.0000,0,stuck_too_long
7321,101,-526.56,0.00,10.10,0.0000,0.0000,0,stuck_too_long
7322,101,-530.13,0.00,10.10,0.0000,0.0000,0,stuck_too_long
7323,101,-527.98,0.00,10.10,0.0000,0.0000,0,stuck_too_long
7324,101,-527.94,0.00,10.10,0.0000,0.0000,0,stuck_too_long
7325,101,-528.58,0.00,10.10,0.0000,0.0000,0,stuck_too_long
7326,101,-529.53,0.00,10.10,0.0000,0.0000,0,stuck_too_long
7327,101,-529.55,0.00,10.10,0.0000,0.0000,0,stuck_too_long
7328,101,-529.52,0.00,10.10,0.0000,0.0000,0,stuck_too_long
7329,101,-528.19,0.00,10.10,0.0000,0.0000,0,stuck_too_long
7330,101,-528.24,0.00,10.10,0.0000,0.0000,0,stuck_too_long
7331,101,-529.30,0.00,10.10,0.0000,0.0000,0,stuck_too_long
7332,101,-528.38,0.00,10.10,0.0000,0.0000,0,stuck_too_long
7333,101,-530.71,0.00,10.10,0.0000,0.0000,0,stuck_too_long
7334,101,-526.66,0.00,10.10,0.0000,0.0000,0,stuck_too_long
7335,101,-531.32,0.00,10.10,0.0000,0.0000,0,stuck_too_long
7336,101,-528.14,0.00,10.10,0.0000,0.0000,0,stuck_too_long
7337,101,-527.17,0.00,10.10,0.0000,0.0000,0,stuck_too_long
7338,101,-529.22,0.00,10.10,0.0000,0.0000,0,stuck_too_long
4571,101,-528.16,0.00,10.10,0.0000,0.0000,0,stuck_too_long
4572,101,-529.94,0.00,10.10,0.0000,0.0000,0,stuck_too_long
4573,101,-530.69,0.00,10.10,0.0000,0.0000,0,stuck_too_long
4574,101,-529.73,0.00,10.10,0.0000,0.0000,0,stuck_too_long
4575,101,-528.42,0.00,10.10,0.0000,0.0000,0,stuck_too_long
4576,101,-529.29,0.00,10.10,0.0000,0.0000,0,stuck_too_long
4577,101,-529.84,0.00,10.10,0.0000,0.0000,0,stuck_too_long
4578,101,-528.92,0.00,10.10,0.0000,0.0000,0,stuck_too_long
4579,101,-529.72,0.00,10.10,0.0000,0.0000,0,stuck_too_long
4580,101,-529.66,0.00,10.10,0.0000,0.0000,0,stuck_too_long
7339,101,-529.88,0.00,10.10,0.0000,0.0000,0,stuck_too_long
7340,101,-528.59,0.00,10.10,0.0000,0.0000,0,stuck_too_long
7341,101,-528.81,0.00,10.10,0.0000,0.0000,0,stuck_too_long
7342,101,-528.77,0.00,10.10,0.0000,0.0000,0,stuck_too_long
7343,101,-530.27,0.00,10.10,0.0000,0.0000,0,stuck_too_long
7344,101,-527.86,0.00,10.10,0.0000,0.0000,0,stuck_too_long
7345,101,-528.82,0.00,10.10,0.0000,0.0000,0,stuck_too_long
7346,101,-528.51,0.00,10.10,0.0000,0.0000,0,stuck_too_long
7347,101,-528.63,0.00,10.10,0.0000,0.0000,0,stuck_too_long
7348,101,-530.63,0.00,10.10,0.0000,0.0000,0,stuck_too_long
7349,101,-527.03,0.00,10.10,0.0000,0.0000,0,stuck_too_long
7350,101,-529.73,0.00,10.10,0.0000,0.0000,0,stuck_too_long
7351,101,-529.69,0.00,10.10,0.0000,0.0000,0,stuck_too_long
7352,101,-528.86,0.00,10.10,0.0000,0.0000,0,stuck_too_long
7353,101,-528.43,0.00,10.10,0.0000,0.0000,0,stuck_too_long
7354,101,-527.66,0.00,10.10,0.0000,0.0000,0,stuck_too_long
7355,101,-529.16,0.00,10.10,0.0000,0.0000,0,stuck_too_long
7356,101,-527.96,0.00,10.10,0.0000,0.0000,0,stuck_too_long
7357,101,-528.35,0.00,10.10,0.0000,0.0000,0,stuck_too_long
7358,101,-530.56,0.00,10.10,0.0000,0.0000,0,stuck_too_long
4581,101,-525.49,0.00,10.10,0.0000,0.0000,0,stuck_too_long
4582,101,-529.77,0.00,10.10,0.0000,0.0000,0,stuck_too_long
4583,101,-531.17,0.00,10.10,0.0000,0.0000,0,stuck_too_long
4584,101,-531.39,0.00,10.10,0.0000,0.0000,0,stuck_too_long
4585,101,-526.50,0.00,10.10,0.0000,0.0000,0,stuck_too_long
4586,101,-528.44,0.00,10.10,0.0000,0.0000,0,stuck_too_long
4587,133,-569.91,0.00,13.34,0.0000,0.0000,0,stuck_too_long
4588,101,-528.16,0.00,10.10,0.0000,0.0000,0,stuck_too_long
4589,101,-527.72,0.00,10.10,0.0000,0.0000,0,stuck_too_long
4590,101,-527.51,0.00,10.10,0.0000,0.0000,0,stuck_too_long
7359,101,-529.28,0.00,10.10,0.0000,0.0000,0,stuck_too_long
7360,101,-529.92,0.00,10.10,0.0000,0.0000,0,stuck_too_long
7361,101,-531.08,0.00,10.10,0.0000,0.0000,0,stuck_too_long
7362,101,-528.20,0.00,10.10,0.0000,0.0000,0,stuck_too_long
7363,101,-530.63,0.00,10.10,0.0000,0.0000,0,stuck_too_long
7364,101,-529.63,0.00,10.10,0.0000,0.0000,0,stuck_too_long
7365,101,-530.67,0.00,10.10,0.0000,0.0000,0,stuck_too_long
7366,101,-531.48,0.00,10.10,0.0000,0.0000,0,stuck_too_long
7367,101,-528.86,0.00,10.10,0.0000,0.0000,0,stuck_too_long
7368,101,-528.96,0.00,10.10,0.0000,0.0000,0,stuck_too_long
7369,101,-528.64,0.00,10.10,0.0000,0.0000,0,stuck_too_long
7370,101,-530.01,0.00,10.10,0.0000,0.0000,0,stuck_too_long
7371,101,-531.57,0.00,10.10,0.0000,0.0000,0,stuck_too_long
7372,101,-528.77,0.00,10.10,0.0000,0.0000,0,stuck_too_long
7373,101,-531.35,0.00,10.10,0.0000,0.0000,0,stuck_too_long
7374,101,-529.42,0.00,10.10,0.0000,0.0000,0,stuck_too_long
7375,101,-528.56,0.00,10.10,0.0000,0.0000,0,stuck_too_long
7376,101,-531.55,0.00,10.10,0.0000,0.0000,0,stuck_too_long
7377,101,-527.53,0.00,10.10,0.0000,0.0000,0,stuck_too_long
7378,101,-529.66,0.00,10.10,0.0000,0.0000,0,stuck_too_long
4591,178,-626.66,0.01,18.88,0.0000,0.0000,0,stuck_too_long
4592,101,-528.09,0.00,10.10,0.0000,0.0000,0,stuck_too_long
4593,101,-529.07,0.00,10.10,0.0000,0.0000,0,stuck_too_long
4594,101,-529.85,0.00,10.10,0.0000,0.0000,0,stuck_too_long
4595,101,-527.92,0.00,10.12,0.0000,0.0000,0,stuck_too_long
4596,101,-529.42,0.00,10.10,0.0000,0.0000,0,stuck_too_long
4597,101,-529.66,0.00,10.10,0.0000,0.0000,0,stuck_too_long
4598,101,-530.69,0.00,10.10,0.0000,0.0000,0,stuck_too_long
4599,115,-548.19,0.05,9.42,0.0000,0.0000,0,stuck_too_long
4600,141,-580.88,0.01,14.33,0.0000,0.0000,0,stuck_too_long
7379,101,-527.50,0.00,10.10,0.0000,0.0000,0,stuck_too_long
7380,101,-527.09,0.00,10.10,0.0000,0.0000,0,stuck_too_long
7381,101,-529.98,0.00,10.10,0.0000,0.0000,0,stuck_too_long
7382,101,-529.96,0.00,10.10,0.0000,0.0000,0,stuck_too_long
7383,101,-527.23,0.00,10.10,0.0000,0.0000,0,stuck_too_long
7384,101,-529.48,0.00,10.10,0.0000,0.0000,0,stuck_too_long
7385,101,-530.11,0.00,10.10,0.0000,0.0000,0,stuck_too_long
7386,101,-527.20,0.00,10.10,0.0000,0.0000,0,stuck_too_long
7387,101,-527.77,0.00,10.10,0.0000,0.0000,0,stuck_too_long
7388,101,-530.63,0.00,10.10,0.0000,0.0000,0,stuck_too_long
7389,101,-528.38,0.00,10.10,0.0000,0.0000,0,stuck_too_long
7390,101,-527.46,0.00,10.10,0.0000,0.0000,0,stuck_too_long
7391,101,-528.91,0.00,10.10,0.0000,0.0000,0,stuck_too_long
7392,101,-528.51,0.00,10.10,0.0000,0.0000,0,stuck_too_long
7393,154,-593.02,0.03,13.37,0.0000,0.0000,0,stuck_too_long
7394,101,-530.63,0.00,10.10,0.0000,0.0000,0,stuck_too_long
7395,154,-595.86,0.01,15.99,0.0000,0.0000,0,stuck_too_long
7396,101,-530.09,0.00,10.10,0.0000,0.0000,0,stuck_too_long
7397,175,-622.66,0.03,15.79,0.0000,0.0000,0,stuck_too_long
4601,101,-528.19,0.00,10.10,0.0000,0.0000,0,stuck_too_long
4602,101,-529.74,0.00,10.10,0.0000,0.0000,0,stuck_too_long
4603,101,-529.16,0.00,10.10,0.0000,0.0000,0,stuck_too_long
4604,101,-529.24,0.00,10.10,0.0000,0.0000,0,stuck_too_long
4605,101,-528.81,0.00,10.10,0.0000,0.0000,0,stuck_too_long
4606,101,-530.60,0.00,10.10,0.0000,0.0000,0,stuck_too_long
4607,101,-531.32,0.00,10.10,0.0000,0.0000,0,stuck_too_long
4608,101,-527.77,0.00,10.10,0.0000,0.0000,0,stuck_too_long
4609,101,-525.86,0.00,10.10,0.0000,0.0000,0,stuck_too_long
4610,101,-528.49,0.00,10.10,0.0000,0.0000,0,stuck_too_long
7398,101,-529.19,0.00,10.10,0.0000,0.0000,0,stuck_too_long
7399,101,-528.63,0.00,10.10,0.0000,0.0000,0,stuck_too_long
7400,101,-530.40,0.00,10.10,0.0000,0.0000,0,stuck_too_long
7401,101,-529.69,0.00,10.10,0.0000,0.0000,0,stuck_too_long
7402,101,-529.05,0.00,10.10,0.0000,0.0000,0,stuck_too_long
7403,101,-529.60,0.00,10.10,0.0000,0.0000,0,stuck_too_long
7404,101,-528.31,0.00,10.10,0.0000,0.0000,0,stuck_too_long
7405,101,-529.57,0.00,10.10,0.0000,0.0000,0,stuck_too_long
7406,101,-529.79,0.00,10.10,0.0000,0.0000,0,stuck_too_long
7407,101,-530.27,0.00,10.10,0.0000,0.0000,0,stuck_too_long
7408,101,-529.35,0.00,10.10,0.0000,0.0000,0,stuck_too_long
7409,101,-527.88,0.00,10.10,0.0000,0.0000,0,stuck_too_long
7410,101,-529.95,0.00,10.10,0.0000,0.0000,0,stuck_too_long
7411,101,-527.93,0.00,10.10,0.0000,0.0000,0,stuck_too_long
7412,101,-528.18,0.00,10.10,0.0000,0.0000,0,stuck_too_long
7413,101,-528.58,0.00,10.10,0.0000,0.0000,0,stuck_too_long
7414,101,-530.84,0.00,10.10,0.0000,0.0000,0,stuck_too_long
7415,101,-527.23,0.00,10.10,0.0000,0.0000,0,stuck_too_long
7416,101,-528.61,0.00,10.10,0.0000,0.0000,0,stuck_too_long
7417,101,-530.69,0.00,10.10,0.0000,0.0000,0,stuck_too_long
4611,101,-528.57,0.00,10.10,0.0000,0.0000,0,stuck_too_long
4612,101,-529.29,0.00,10.10,0.0000,0.0000,0,stuck_too_long
4613,101,-528.30,0.00,10.10,0.0000,0.0000,0,stuck_too_long
4614,101,-528.89,0.00,10.10,0.0000,0.0000,0,stuck_too_long
4615,101,-530.27,0.00,10.10,0.0000,0.0000,0,stuck_too_long
4616,101,-527.85,0.00,10.10,0.0000,0.0000,0,stuck_too_long
4617,101,-528.35,0.00,10.10,0.0000,0.0000,0,stuck_too_long
4618,101,-528.97,0.00,10.10,0.0000,0.0000,0,stuck_too_long
4619,101,-528.57,0.00,10.10,0.0000,0.0000,0,stuck_too_long
4620,101,-528.98,0.00,10.10,0.0000,0.0000,0,stuck_too_long
7418,101,-527.83,0.00,10.10,0.0000,0.0000,0,stuck_too_long
7419,101,-528.35,0.00,10.10,0.0000,0.0000,0,stuck_too_long
7420,101,-530.27,0.00,10.10,0.0000,0.0000,0,stuck_too_long
7421,101,-529.00,0.00,10.10,0.0000,0.0000,0,stuck_too_long
7422,101,-527.92,0.00,10.10,0.0000,0.0000,0,stuck_too_long
7423,101,-528.25,0.00,10.10,0.0000,0.0000,0,stuck_too_long
7424,101,-530.60,0.00,10.10,0.0000,0.0000,0,stuck_too_long
7425,101,-530.41,0.00,10.10,0.0000,0.0000,0,stuck_too_long
7426,101,-528.10,0.00,10.10,0.0000,0.0000,0,stuck_too_long
7427,101,-529.68,0.00,10.10,0.0000,0.0000,0,stuck_too_long
7428,101,-529.06,0.00,10.10,0.0000,0.0000,0,stuck_too_long
7429,101,-529.59,0.00,10.10,0.0000,0.0000,0,stuck_too_long
7430,101,-527.65,0.00,10.10,0.0000,0.0000,0,stuck_too_long
7431,101,-528.05,0.00,10.10,0.0000,0.0000,0,stuck_too_long
7432,101,-528.68,0.00,10.10,0.0000,0.0000,0,stuck_too_long
7433,101,-529.89,0.00,10.10,0.0000,0.0000,0,stuck_too_long
7434,101,-530.34,0.00,10.10,0.0000,0.0000,0,stuck_too_long
7435,101,-527.48,0.00,10.10,0.0000,0.0000,0,stuck_too_long
7436,101,-528.02,0.00,10.10,0.0000,0.0000,0,stuck_too_long
7437,101,-529.11,0.00,10.10,0.0000,0.0000,0,stuck_too_long
4621,101,-529.21,0.00,10.10,0.0000,0.0000,0,stuck_too_long
4622,101,-529.00,0.00,10.10,0.0000,0.0000,0,stuck_too_long
4623,101,-529.33,0.00,10.10,0.0000,0.0000,0,stuck_too_long
4624,101,-529.74,0.00,10.10,0.0000,0.0000,0,stuck_too_long
4625,101,-529.52,0.00,10.10,0.0000,0.0000,0,stuck_too_long
4626,101,-529.61,0.00,10.10,0.0000,0.0000,0,stuck_too_long
4627,101,-528.08,0.00,10.10,0.0000,0.0000,0,stuck_too_long
4628,101,-528.88,0.00,10.10,0.0000,0.0000,0,stuck_too_long
4629,101,-530.72,0.00,10.10,0.0000,0.0000,0,stuck_too_long
4630,101,-529.84,0.00,10.10,0.0000,0.0000,0,stuck_too_long
7438,101,-530.03,0.00,10.10,0.0000,0.0000,0,stuck_too_long
7439,101,-527.18,0.00,10.10,0.0000,0.0000,0,stuck_too_long
7440,101,-529.96,0.00,10.10,0.0000,0.0000,0,stuck_too_long
7441,101,-530.63,0.00,10.10,0.0000,0.0000,0,stuck_too_long
7442,101,-529.57,0.00,10.10,0.0000,0.0000,0,stuck_too_long
7443,101,-528.54,0.00,10.10,0.0000,0.0000,0,stuck_too_long
7444,101,-529.46,0.00,10.10,0.0000,0.0000,0,stuck_too_long
7445,101,-528.55,0.00,10.10,0.0000,0.0000,0,stuck_too_long
7446,101,-527.95,0.00,10.10,0.0000,0.0000,0,stuck_too_long
7447,101,-528.47,0.00,10.10,0.0000,0.0000,0,stuck_too_long
7448,101,-528.66,0.00,10.10,0.0000,0.0000,0,stuck_too_long
7449,101,-528.91,0.00,10.10,0.0000,0.0000,0,stuck_too_long
7450,101,-528.20,0.00,10.10,0.0000,0.0000,0,stuck_too_long
7451,101,-528.35,0.00,10.10,0.0000,0.0000,0,stuck_too_long
7452,101,-530.41,0.00,10.10,0.0000,0.0000,0,stuck_too_long
7453,101,-530.61,0.00,10.10,0.0000,0.0000,0,stuck_too_long
7454,101,-526.64,0.00,10.10,0.0000,0.0000,0,stuck_too_long
7455,101,-528.65,0.00,10.10,0.0000,0.0000,0,stuck_too_long
7456,101,-528.58,0.00,10.10,0.0000,0.0000,0,stuck_too_long
7457,101,-529.57,0.00,10.10,0.0000,0.0000,0,stuck_too_long
7458,101,-529.65,0.00,10.10,0.0000,0.0000,0,stuck_too_long
4631,101,-529.07,0.00,10.10,0.0000,0.0000,0,stuck_too_long
4632,101,-529.00,0.00,10.10,0.0000,0.0000,0,stuck_too_long
4633,101,-528.67,0.00,10.10,0.0000,0.0000,0,stuck_too_long
4634,101,-528.03,0.00,10.10,0.0000,0.0000,0,stuck_too_long
4635,101,-526.98,0.00,10.10,0.0000,0.0000,0,stuck_too_long
4636,101,-529.79,0.00,10.10,0.0000,0.0000,0,stuck_too_long
4637,101,-530.86,0.00,10.10,0.0000,0.0000,0,stuck_too_long
4638,101,-531.63,0.00,10.10,0.0000,0.0000,0,stuck_too_long
4639,101,-526.69,0.00,10.10,0.0000,0.0000,0,stuck_too_long
4640,101,-529.00,0.00,10.10,0.0000,0.0000,0,stuck_too_long
7459,101,-529.70,0.00,10.10,0.0000,0.0000,0,stuck_too_long
7460,101,-528.75,0.00,10.10,0.0000,0.0000,0,stuck_too_long
7461,185,-634.69,0.01,18.83,0.0000,0.0000,0,stuck_too_long
7462,101,-531.09,0.00,10.10,0.0000,0.0000,0,stuck_too_long
7463,101,-529.96,0.00,10.10,0.0000,0.0000,0,stuck_too_long
7464,101,-529.79,0.00,10.10,0.0000,0.0000,0,stuck_too_long
7465,101,-528.17,0.00,10.10,0.0000,0.0000,0,stuck_too_long
7466,101,-531.79,0.00,10.10,0.0000,0.0000,0,stuck_too_long
7467,101,-531.95,0.00,10.10,0.0000,0.0000,0,stuck_too_long
7468,101,-530.32,0.00,10.10,0.0000,0.0000,0,stuck_too_long
7469,142,-580.25,0.02,15.19,0.0000,0.0000,0,stuck_too_long
7470,101,-530.59,0.00,10.10,0.0000,0.0000,0,stuck_too_long
7471,101,-528.74,0.00,10.10,0.0000,0.0000,0,stuck_too_long
7472,101,-528.06,0.00,10.10,0.0000,0.0000,0,stuck_too_long
7473,158,-601.01,0.02,14.80,0.0000,0.0000,0,stuck_too_long
7474,101,-529.53,0.00,10.10,0.0000,0.0000,0,stuck_too_long
7475,101,-530.09,0.00,10.10,0.0000,0.0000,0,stuck_too_long
7476,101,-527.75,0.00,10.10,0.0000,0.0000,0,stuck_too_long
4641,101,-529.13,0.00,10.10,0.0000,0.0000,0,stuck_too_long
4642,101,-529.95,0.00,10.10,0.0000,0.0000,0,stuck_too_long
4643,101,-530.89,0.00,10.10,0.0000,0.0000,0,stuck_too_long
4644,101,-531.26,0.00,10.10,0.0000,0.0000,0,stuck_too_long
4645,101,-530.17,0.00,10.10,0.0000,0.0000,0,stuck_too_long
4646,101,-531.06,0.00,10.10,0.0000,0.0000,0,stuck_too_long
4647,101,-528.94,0.00,10.10,0.0000,0.0000,0,stuck_too_long
4648,101,-529.09,0.00,10.10,0.0000,0.0000,0,stuck_too_long
4649,101,-527.87,0.00,10.10,0.0000,0.0000,0,stuck_too_long
4650,101,-528.39,0.00,10.10,0.0000,0.0000,0,stuck_too_long
7477,101,-528.10,0.00,10.10,0.0000,0.0000,0,stuck_too_long
7478,101,-529.20,0.00,10.10,0.0000,0.0000,0,stuck_too_long
7479,101,-528.59,0.00,10.10,0.0000,0.0000,0,stuck_too_long
7480,101,-528.39,0.00,10.10,0.0000,0.0000,0,stuck_too_long
7481,101,-531.73,0.00,10.10,0.0000,0.0000,0,stuck_too_long
7482,101,-527.94,0.00,10.10,0.0000,0.0000,0,stuck_too_long
7483,101,-528.67,0.00,10.10,0.0000,0.0000,0,stuck_too_long
7484,101,-530.72,0.00,10.10,0.0000,0.0000,0,stuck_too_long
7485,101,-529.07,0.00,10.10,0.0000,0.0000,0,stuck_too_long
7486,101,-527.84,0.00,10.10,0.0000,0.0000,0,stuck_too_long
7487,138,-576.76,0.01,14.23,0.0000,0.0000,0,stuck_too_long
7488,101,-529.10,0.00,10.10,0.0000,0.0000,0,stuck_too_long
7489,149,-590.96,0.00,14.93,0.0000,0.0000,0,stuck_too_long
7490,101,-528.88,0.00,10.10,0.0000,0.0000,0,stuck_too_long
7491,101,-528.78,0.00,10.10,0.0000,0.0000,0,stuck_too_long
7492,101,-528.08,0.00,10.10,0.0000,0.0000,0,stuck_too_long
7493,101,-528.47,0.00,10.10,0.0000,0.0000,0,stuck_too_long
7494,101,-530.68,0.00,10.10,0.0000,0.0000,0,stuck_too_long
7495,101,-530.78,0.00,10.10,0.0000,0.0000,0,stuck_too_long
4651,101,-528.48,0.00,10.10,0.0000,0.0000,0,stuck_too_long
4652,121,-551.81,0.01,12.81,0.0000,0.0000,0,stuck_too_long
4653,101,-530.51,0.00,10.10,0.0000,0.0000,0,stuck_too_long
4654,101,-530.29,0.00,10.10,0.0000,0.0000,0,stuck_too_long
4655,101,-529.00,0.00,10.10,0.0000,0.0000,0,stuck_too_long
4656,101,-528.78,0.00,10.10,0.0000,0.0000,0,stuck_too_long
4657,101,-528.67,0.00,10.10,0.0000,0.0000,0,stuck_too_long
4658,101,-531.86,0.00,10.10,0.0000,0.0000,0,stuck_too_long
4659,101,-528.41,0.00,10.10,0.0000,0.0000,0,stuck_too_long
4660,101,-529.27,0.00,10.10,0.0000,0.0000,0,stuck_too_long
7496,101,-530.81,0.00,10.10,0.0000,0.0000,0,stuck_too_long
7497,101,-529.18,0.00,10.10,0.0000,0.0000,0,stuck_too_long
7498,101,-528.84,0.00,10.10,0.0000,0.0000,0,stuck_too_long
7499,101,-531.16,0.00,10.12,0.0000,0.0000,0,stuck_too_long
7500,177,-625.67,0.03,15.93,0.0000,0.0000,0,stuck_too_long
7501,101,-528.54,0.00,10.13,0.0000,0.0000,0,stuck_too_long
7502,101,-529.85,0.00,10.10,0.0000,0.0000,0,stuck_too_long
7503,101,-529.34,0.00,10.10,0.0000,0.0000,0,stuck_too_long
7504,113,-542.09,0.05,9.05,0.0000,0.0000,0,stuck_too_long
7505,101,-530.51,0.00,10.10,0.0000,0.0000,0,stuck_too_long
7506,101,-529.72,0.00,10.10,0.0000,0.0000,0,stuck_too_long
7507,101,-530.46,0.00,10.10,0.0000,0.0000,0,stuck_too_long
7508,101,-531.43,0.00,10.12,0.0000,0.0000,0,stuck_too_long
7509,101,-528.95,0.00,10.10,0.0000,0.0000,0,stuck_too_long
7510,101,-529.09,0.00,10.10,0.0000,0.0000,0,stuck_too_long
7511,101,-530.68,0.00,10.12,0.0000,0.0000,0,stuck_too_long
7512,101,-528.54,0.00,10.10,0.0000,0.0000,0,stuck_too_long
7513,101,-528.28,0.00,10.10,0.0000,0.0000,0,stuck_too_long
7514,101,-529.03,0.00,10.10,0.0000,0.0000,0,stuck_too_long
7515,101,-529.10,0.00,10.10,0.0000,0.0000,0,stuck_too_long
4661,195,-649.16,0.00,19.55,0.0000,0.0000,0,stuck_too_long
4662,101,-529.92,0.00,10.10,0.0000,0.0000,0,stuck_too_long
4663,101,-529.57,0.00,10.10,0.0000,0.0000,0,stuck_too_long
4664,101,-527.47,0.00,10.10,0.0000,0.0000,0,stuck_too_long
4665,101,-530.06,0.00,10.12,0.0000,0.0000,0,stuck_too_long
4666,101,-526.76,0.00,10.10,0.0000,0.0000,0,stuck_too_long
4667,101,-528.94,0.00,10.10,0.0000,0.0000,0,stuck_too_long
4668,101,-529.72,0.00,10.10,0.0000,0.0000,0,stuck_too_long
4669,101,-529.14,0.00,10.10,0.0000,0.0000,0,stuck_too_long
4670,101,-529.24,0.00,10.10,0.0000,0.0000,0,stuck_too_long
7516,101,-527.53,0.00,10.10,0.0000,0.0000,0,stuck_too_long
7517,101,-527.57,0.00,10.11,0.0000,0.0000,0,stuck_too_long
7518,101,-526.87,0.00,10.10,0.0000,0.0000,0,stuck_too_long
7519,101,-530.00,0.00,10.10,0.0000,0.0000,0,stuck_too_long
7520,101,-529.10,0.00,10.10,0.0000,0.0000,0,stuck_too_long
7521,101,-528.82,0.00,10.10,0.0000,0.0000,0,stuck_too_long
7522,101,-525.64,0.00,10.10,0.0000,0.0000,0,stuck_too_long
7523,101,-527.90,0.00,10.10,0.0000,0.0000,0,stuck_too_long
7524,101,-529.87,0.00,10.10,0.0000,0.0000,0,stuck_too_long
7525,101,-527.27,0.00,10.10,0.0000,0.0000,0,stuck_too_long
7526,101,-528.14,0.00,10.10,0.0000,0.0000,0,stuck_too_long
7527,101,-532.75,0.00,10.10,0.0000,0.0000,0,stuck_too_long
7528,101,-528.65,0.00,10.10,0.0000,0.0000,0,stuck_too_long
7529,101,-528.18,0.00,10.10,0.0000,0.0000,0,stuck_too_long
7530,101,-529.35,0.00,10.10,0.0000,0.0000,0,stuck_too_long
7531,101,-528.04,0.00,10.10,0.0000,0.0000,0,stuck_too_long
7532,101,-531.07,0.00,10.10,0.0000,0.0000,0,stuck_too_long
7533,101,-530.96,0.00,10.10,0.0000,0.0000,0,stuck_too_long
7534,101,-528.03,0.00,10.10,0.0000,0.0000,0,stuck_too_long
7535,101,-528.99,0.00,10.10,0.0000,0.0000,0,stuck_too_long
4671,101,-529.12,0.00,10.10,0.0000,0.0000,0,stuck_too_long
4672,101,-528.66,0.00,10.10,0.0000,0.0000,0,stuck_too_long
4673,101,-528.16,0.00,10.10,0.0000,0.0000,0,stuck_too_long
4674,101,-528.28,0.00,10.10,0.0000,0.0000,0,stuck_too_long
4675,101,-529.02,0.00,10.10,0.0000,0.0000,0,stuck_too_long
4676,181,-628.00,0.03,16.06,0.0000,0.0000,0,stuck_too_long
4677,101,-530.05,0.00,10.10,0.0000,0.0000,0,stuck_too_long
4678,101,-529.38,0.00,10.10,0.0000,0.0000,0,stuck_too_long
4679,101,-528.62,0.00,10.10,0.0000,0.0000,0,stuck_too_long
4680,101,-527.22,0.00,10.10,0.0000,0.0000,0,stuck_too_long
7536,101,-527.57,0.00,10.10,0.0000,0.0000,0,stuck_too_long
7537,101,-530.05,0.00,10.10,0.0000,0.0000,0,stuck_too_long
7538,101,-528.35,0.00,10.10,0.0000,0.0000,0,stuck_too_long
7539,101,-531.39,0.00,10.10,0.0000,0.0000,0,stuck_too_long
7540,101,-527.76,0.00,10.10,0.0000,0.0000,0,stuck_too_long
7541,101,-528.55,0.00,10.10,0.0000,0.0000,0,stuck_too_long
7542,101,-529.40,0.00,10.10,0.0000,0.0000,0,stuck_too_long
7543,101,-528.50,0.00,10.10,0.0000,0.0000,0,stuck_too_long
7544,101,-529.69,0.00,10.10,0.0000,0.0000,0,stuck_too_long
7545,101,-529.47,0.00,10.10,0.0000,0.0000,0,stuck_too_long
7546,101,-527.96,0.00,10.10,0.0000,0.0000,0,stuck_too_long
7547,101,-528.51,0.00,10.10,0.0000,0.0000,0,stuck_too_long
7548,101,-527.51,0.00,10.10,0.0000,0.0000,0,stuck_too_long
7549,101,-529.03,0.00,10.10,0.0000,0.0000,0,stuck_too_long
7550,101,-528.22,0.00,10.10,0.0000,0.0000,0,stuck_too_long
7551,101,-530.16,0.00,10.10,0.0000,0.0000,0,stuck_too_long
7552,101,-528.38,0.00,10.10,0.0000,0.0000,0,stuck_too_long
7553,101,-528.42,0.00,10.10,0.0000,0.0000,0,stuck_too_long
7554,101,-528.26,0.00,10.10,0.0000,0.0000,0,stuck_too_long
7555,101,-528.09,0.00,10.10,0.0000,0.0000,0,stuck_too_long
4681,101,-530.33,0.00,10.10,0.0000,0.0000,0,stuck_too_long
4682,120,-550.29,0.02,13.77,0.0000,0.0000,0,stuck_too_long
4683,101,-530.34,0.00,10.10,0.0000,0.0000,0,stuck_too_long
4684,101,-529.11,0.00,10.10,0.0000,0.0000,0,stuck_too_long
4685,101,-529.07,0.00,10.10,0.0000,0.0000,0,stuck_too_long
4686,101,-529.34,0.00,10.10,0.0000,0.0000,0,stuck_too_long
4687,101,-528.56,0.00,10.10,0.0000,0.0000,0,stuck_too_long
4688,101,-530.51,0.00,10.10,0.0000,0.0000,0,stuck_too_long
4689,101,-530.66,0.00,10.10,0.0000,0.0000,0,stuck_too_long
4690,101,-527.12,0.00,10.10,0.0000,0.0000,0,stuck_too_long
7556,101,-528.32,0.00,10.10,0.0000,0.0000,0,stuck_too_long
7557,101,-532.11,0.00,10.10,0.0000,0.0000,0,stuck_too_long
7558,101,-527.39,0.00,10.10,0.0000,0.0000,0,stuck_too_long
7559,101,-528.28,0.00,10.10,0.0000,0.0000,0,stuck_too_long
7560,101,-528.90,0.00,10.10,0.0000,0.0000,0,stuck_too_long
7561,101,-528.36,0.00,10.10,0.0000,0.0000,0,stuck_too_long
7562,101,-531.12,0.00,10.10,0.0000,0.0000,0,stuck_too_long
7563,101,-527.87,0.00,10.10,0.0000,0.0000,0,stuck_too_long
7564,101,-527.64,0.00,10.10,0.0000,0.0000,0,stuck_too_long
7565,101,-529.60,0.00,10.10,0.0000,0.0000,0,stuck_too_long
7566,101,-530.49,0.00,10.10,0.0000,0.0000,0,stuck_too_long
7567,101,-528.14,0.00,10.10,0.0000,0.0000,0,stuck_too_long
7568,112,-541.98,0.02,12.88,0.0000,0.0000,0,stuck_too_long
7569,101,-530.31,0.00,10.10,0.0000,0.0000,0,stuck_too_long
7570,101,-528.45,0.00,10.10,0.0000,0.0000,0,stuck_too_long
7571,101,-530.87,0.00,10.10,0.0000,0.0000,0,stuck_too_long
7572,101,-528.92,0.00,10.10,0.0000,0.0000,0,stuck_too_long
7573,101,-528.94,0.00,10.10,0.0000,0.0000,0,stuck_too_long
7574,101,-530.11,0.00,10.10,0.0000,0.0000,0,stuck_too_long
7575,101,-527.97,0.00,10.10,0.0000,0.0000,0,stuck_too_long
7576,101,-528.15,0.00,10.10,0.0000,0.0000,0,stuck_too_long
4691,101,-528.87,0.00,10.10,0.0000,0.0000,0,stuck_too_long
4692,101,-530.48,0.00,10.10,0.0000,0.0000,0,stuck_too_long
4693,101,-528.27,0.00,10.10,0.0000,0.0000,0,stuck_too_long
4694,101,-528.74,0.00,10.10,0.0000,0.0000,0,stuck_too_long
4695,101,-529.41,0.00,10.10,0.0000,0.0000,0,stuck_too_long
4696,101,-528.59,0.00,10.10,0.0000,0.0000,0,stuck_too_long
4697,101,-530.18,0.00,10.10,0.0000,0.0000,0,stuck_too_long
4698,101,-530.43,0.00,10.10,0.0000,0.0000,0,stuck_too_long
4699,101,-530.19,0.00,10.10,0.0000,0.0000,0,stuck_too_long
4700,101,-527.99,0.00,10.10,0.0000,0.0000,0,stuck_too_long
7577,101,-528.49,0.00,10.10,0.0000,0.0000,0,stuck_too_long
7578,101,-528.82,0.00,10.10,0.0000,0.0000,0,stuck_too_long
7579,101,-529.27,0.00,10.10,0.0000,0.0000,0,stuck_too_long
7580,101,-528.18,0.00,10.10,0.0000,0.0000,0,stuck_too_long
7581,101,-531.84,0.00,10.10,0.0000,0.0000,0,stuck_too_long
7582,101,-529.23,0.00,10.10,0.0000,0.0000,0,stuck_too_long
7583,101,-529.72,0.00,10.10,0.0000,0.0000,0,stuck_too_long
7584,101,-530.38,0.00,10.10,0.0000,0.0000,0,stuck_too_long
7585,101,-529.59,0.00,10.10,0.0000,0.0000,0,stuck_too_long
7586,101,-528.85,0.00,10.10,0.0000,0.0000,0,stuck_too_long
7587,101,-529.29,0.00,10.10,0.0000,0.0000,0,stuck_too_long
7588,101,-530.80,0.00,10.10,0.0000,0.0000,0,stuck_too_long
7589,101,-529.10,0.00,10.10,0.0000,0.0000,0,stuck_too_long
7590,101,-530.16,0.00,10.10,0.0000,0.0000,0,stuck_too_long
7591,101,-528.59,0.00,10.10,0.0000,0.0000,0,stuck_too_long
7592,101,-532.87,0.00,10.10,0.0000,0.0000,0,stuck_too_long
7593,101,-532.78,0.00,10.10,0.0000,0.0000,0,stuck_too_long
7594,101,-530.96,0.00,10.10,0.0000,0.0000,0,stuck_too_long
7595,101,-529.53,0.00,10.10,0.0000,0.0000,0,stuck_too_long
7596,101,-527.97,0.00,10.10,0.0000,0.0000,0,stuck_too_long
4701,101,-528.66,0.00,10.10,0.0000,0.0000,0,stuck_too_long
4702,101,-528.64,0.00,10.10,0.0000,0.0000,0,stuck_too_long
4703,101,-530.29,0.00,10.10,0.0000,0.0000,0,stuck_too_long
4704,101,-529.33,0.00,10.10,0.0000,0.0000,0,stuck_too_long
4705,101,-528.88,0.00,10.10,0.0000,0.0000,0,stuck_too_long
4706,101,-529.87,0.00,10.10,0.0000,0.0000,0,stuck_too_long
4707,190,-640.31,0.01,19.28,0.0000,0.0000,0,stuck_too_long
4708,101,-528.69,0.00,10.10,0.0000,0.0000,0,stuck_too_long
4709,158,-602.28,0.04,13.57,0.0000,0.0000,0,stuck_too_long
4710,101,-530.28,0.00,10.10,0.0000,0.0000,0,stuck_too_long
7597,101,-526.67,0.00,10.10,0.0000,0.0000,0,stuck_too_long
7598,101,-529.06,0.00,10.10,0.0000,0.0000,0,stuck_too_long
7599,101,-530.72,0.00,10.10,0.0000,0.0000,0,stuck_too_long
7600,101,-530.95,0.00,10.10,0.0000,0.0000,0,stuck_too_long
7601,101,-528.30,0.00,10.11,0.0000,0.0000,0,stuck_too_long
7602,101,-526.89,0.00,10.10,0.0000,0.0000,0,stuck_too_long
7603,101,-527.42,0.00,10.10,0.0000,0.0000,0,stuck_too_long
7604,101,-529.06,0.00,10.10,0.0000,0.0000,0,stuck_too_long
7605,101,-525.33,0.00,10.10,0.0000,0.0000,0,stuck_too_long
7606,101,-530.76,0.00,10.10,0.0000,0.0000,0,stuck_too_long
7607,101,-528.75,0.00,10.10,0.0000,0.0000,0,stuck_too_long
7608,101,-528.09,0.00,10.10,0.0000,0.0000,0,stuck_too_long
7609,101,-529.72,0.00,10.10,0.0000,0.0000,0,stuck_too_long
7610,101,-526.96,0.00,10.10,0.0000,0.0000,0,stuck_too_long
7611,101,-529.24,0.00,10.10,0.0000,0.0000,0,stuck_too_long
7612,101,-530.97,0.00,10.10,0.0000,0.0000,0,stuck_too_long
7613,101,-530.53,0.00,10.10,0.0000,0.0000,0,stuck_too_long
7614,101,-529.14,0.00,10.10,0.0000,0.0000,0,stuck_too_long
7615,101,-529.71,0.00,10.10,0.0000,0.0000,0,stuck_too_long
4711,101,-529.05,0.00,10.10,0.0000,0.0000,0,stuck_too_long
4712,101,-529.52,0.00,10.10,0.0000,0.0000,0,stuck_too_long
4713,101,-529.60,0.00,10.10,0.0000,0.0000,0,stuck_too_long
4714,142,-580.54,0.01,14.43,0.0000,0.0000,0,stuck_too_long
4715,101,-529.77,0.00,10.10,0.0000,0.0000,0,stuck_too_long
4716,101,-527.27,0.00,10.10,0.0000,0.0000,0,stuck_too_long
4717,101,-530.11,0.00,10.10,0.0000,0.0000,0,stuck_too_long
4718,101,-528.88,0.00,10.10,0.0000,0.0000,0,stuck_too_long
4719,101,-530.31,0.00,10.10,0.0000,0.0000,0,stuck_too_long
4720,143,-580.18,0.02,13.19,0.0000,0.0000,0,stuck_too_long
7616,240,-704.35,0.02,21.60,0.0000,0.0000,0,stuck_too_long
7617,132,-569.24,0.02,12.21,0.0000,0.0000,0,stuck_too_long
7618,101,-528.65,0.00,10.10,0.0000,0.0000,0,stuck_too_long
7619,101,-529.95,0.00,10.11,0.0000,0.0000,0,stuck_too_long
7620,101,-529.25,0.00,10.10,0.0000,0.0000,0,stuck_too_long
7621,101,-528.26,0.00,10.10,0.0000,0.0000,0,stuck_too_long
7622,101,-529.21,0.00,10.10,0.0000,0.0000,0,stuck_too_long
7623,101,-530.69,0.00,10.10,0.0000,0.0000,0,stuck_too_long
7624,101,-527.46,0.00,10.10,0.0000,0.0000,0,stuck_too_long
7625,101,-528.63,0.00,10.10,0.0000,0.0000,0,stuck_too_long
7626,101,-527.05,0.00,10.10,0.0000,0.0000,0,stuck_too_long
7627,101,-528.03,0.00,10.10,0.0000,0.0000,0,stuck_too_long
7628,101,-530.25,0.00,10.10,0.0000,0.0000,0,stuck_too_long
7629,166,-612.43,0.05,13.68,0.0000,0.0000,0,stuck_too_long
7630,101,-530.09,0.00,10.10,0.0000,0.0000,0,stuck_too_long
7631,101,-529.30,0.00,10.10,0.0000,0.0000,0,stuck_too_long
7632,101,-528.60,0.00,10.10,0.0000,0.0000,0,stuck_too_long
7633,101,-528.23,0.00,10.10,0.0000,0.0000,0,stuck_too_long
7634,101,-528.98,0.00,10.10,0.0000,0.0000,0,stuck_too_long
4721,101,-530.50,0.00,10.10,0.0000,0.0000,0,stuck_too_long
4722,101,-529.68,0.00,10.10,0.0000,0.0000,0,stuck_too_long
4723,101,-528.64,0.00,10.10,0.0000,0.0000,0,stuck_too_long
4724,101,-530.19,0.00,10.10,0.0000,0.0000,0,stuck_too_long
4725,158,-603.87,0.00,15.86,0.0000,0.0000,0,stuck_too_long
4726,101,-528.44,0.00,10.10,0.0000,0.0000,0,stuck_too_long
4727,101,-530.02,0.00,10.10,0.0000,0.0000,0,stuck_too_long
4728,101,-530.27,0.00,10.10,0.0000,0.0000,0,stuck_too_long
4729,101,-529.10,0.00,10.10,0.0000,0.0000,0,stuck_too_long
4730,101,-530.97,0.00,10.10,0.0000,0.0000,0,stuck_too_long
7635,101,-528.47,0.00,10.10,0.0000,0.0000,0,stuck_too_long
7636,101,-529.65,0.00,10.10,0.0000,0.0000,0,stuck_too_long
7637,101,-529.20,0.00,10.10,0.0000,0.0000,0,stuck_too_long
7638,101,-527.80,0.00,10.10,0.0000,0.0000,0,stuck_too_long
7639,111,-539.50,0.01,11.22,0.0000,0.0000,0,stuck_too_long
7640,101,-530.35,0.00,10.10,0.0000,0.0000,0,stuck_too_long
7641,101,-531.59,0.00,10.10,0.0000,0.0000,0,stuck_too_long
7642,101,-527.28,0.00,10.10,0.0000,0.0000,0,stuck_too_long
7643,101,-529.07,0.00,10.10,0.0000,0.0000,0,stuck_too_long
7644,101,-530.28,0.00,10.10,0.0000,0.0000,0,stuck_too_long
7645,101,-527.61,0.00,10.10,0.0000,0.0000,0,stuck_too_long
7646,101,-528.68,0.00,10.10,0.0000,0.0000,0,stuck_too_long
7647,101,-528.48,0.00,10.10,0.0000,0.0000,0,stuck_too_long
7648,101,-530.44,0.00,10.10,0.0000,0.0000,0,stuck_too_long
7649,101,-529.07,0.00,10.10,0.0000,0.0000,0,stuck_too_long
7650,101,-528.14,0.00,10.10,0.0000,0.0000,0,stuck_too_long
7651,101,-528.28,0.00,10.10,0.0000,0.0000,0,stuck_too_long
7652,101,-529.05,0.00,10.10,0.0000,0.0000,0,stuck_too_long
7653,101,-528.04,0.00,10.10,0.0000,0.0000,0,stuck_too_long
7654,101,-529.37,0.00,10.10,0.0000,0.0000,0,stuck_too_long
4731,101,-529.11,0.00,10.10,0.0000,0.0000,0,stuck_too_long
4732,101,-528.91,0.00,10.10,0.0000,0.0000,0,stuck_too_long
4733,131,-566.08,0.05,10.64,0.0000,0.0000,0,stuck_too_long
4734,101,-530.65,0.00,10.10,0.0000,0.0000,0,stuck_too_long
4735,101,-528.59,0.00,10.10,0.0000,0.0000,0,stuck_too_long
4736,101,-530.02,0.00,10.10,0.0000,0.0000,0,stuck_too_long
4737,101,-529.85,0.00,10.10,0.0000,0.0000,0,stuck_too_long
4738,101,-527.78,0.00,10.10,0.0000,0.0000,0,stuck_too_long
4739,101,-528.49,0.00,10.10,0.0000,0.0000,0,stuck_too_long
4740,101,-530.37,0.00,10.10,0.0000,0.0000,0,stuck_too_long
7655,101,-530.73,0.00,10.10,0.0000,0.0000,0,stuck_too_long
7656,101,-528.02,0.00,10.10,0.0000,0.0000,0,stuck_too_long
7657,101,-529.99,0.00,10.10,0.0000,0.0000,0,stuck_too_long
7658,101,-528.11,0.00,10.10,0.0000,0.0000,0,stuck_too_long
7659,101,-529.41,0.00,10.10,0.0000,0.0000,0,stuck_too_long
7660,101,-529.11,0.00,10.10,0.0000,0.0000,0,stuck_too_long
7661,101,-529.72,0.00,10.10,0.0000,0.0000,0,stuck_too_long
7662,101,-528.20,0.00,10.10,0.0000,0.0000,0,stuck_too_long
7663,101,-530.49,0.00,10.10,0.0000,0.0000,0,stuck_too_long
7664,101,-529.96,0.00,10.10,0.0000,0.0000,0,stuck_too_long
7665,101,-529.52,0.00,10.10,0.0000,0.0000,0,stuck_too_long
7666,101,-529.84,0.00,10.10,0.0000,0.0000,0,stuck_too_long
7667,101,-528.46,0.00,10.10,0.0000,0.0000,0,stuck_too_long
7668,101,-529.31,0.00,10.10,0.0000,0.0000,0,stuck_too_long
7669,101,-530.64,0.00,10.10,0.0000,0.0000,0,stuck_too_long
7670,101,-532.97,0.00,10.10,0.0000,0.0000,0,stuck_too_long
7671,101,-527.79,0.00,10.10,0.0000,0.0000,0,stuck_too_long
7672,167,-613.14,0.01,18.40,0.0000,0.0000,0,stuck_too_long
7673,195,-650.49,0.01,21.17,0.0000,0.0000,0,stuck_too_long
4741,101,-528.68,0.00,10.10,0.0000,0.0000,0,stuck_too_long
4742,101,-529.29,0.00,10.10,0.0000,0.0000,0,stuck_too_long
4743,101,-529.62,0.00,10.10,0.0000,0.0000,0,stuck_too_long
4744,101,-526.86,0.00,10.10,0.0000,0.0000,0,stuck_too_long
4745,101,-529.73,0.00,10.10,0.0000,0.0000,0,stuck_too_long
4746,101,-529.54,0.00,10.10,0.0000,0.0000,0,stuck_too_long
4747,101,-530.67,0.00,10.10,0.0000,0.0000,0,stuck_too_long
4748,101,-528.70,0.00,10.10,0.0000,0.0000,0,stuck_too_long
4749,101,-527.98,0.00,10.10,0.0000,0.0000,0,stuck_too_long
4750,101,-527.73,0.00,10.10,0.0000,0.0000,0,stuck_too_long
7674,101,-528.38,0.00,10.10,0.0000,0.0000,0,stuck_too_long
7675,101,-530.91,0.00,10.10,0.0000,0.0000,0,stuck_too_long
7676,101,-530.80,0.00,10.10,0.0000,0.0000,0,stuck_too_long
7677,101,-529.37,0.00,10.10,0.0000,0.0000,0,stuck_too_long
7678,101,-528.00,0.00,10.10,0.0000,0.0000,0,stuck_too_long
7679,101,-528.67,0.00,10.10,0.0000,0.0000,0,stuck_too_long
7680,101,-530.55,0.00,10.10,0.0000,0.0000,0,stuck_too_long
7681,101,-530.31,0.00,10.10,0.0000,0.0000,0,stuck_too_long
7682,149,-591.71,0.02,13.84,0.0000,0.0000,0,stuck_too_long
7683,101,-529.42,0.00,10.10,0.0000,0.0000,0,stuck_too_long
7684,101,-530.07,0.00,10.10,0.0000,0.0000,0,stuck_too_long
7685,101,-531.00,0.00,10.10,0.0000,0.0000,0,stuck_too_long
7686,101,-529.41,0.00,10.10,0.0000,0.0000,0,stuck_too_long
7687,101,-529.24,0.00,10.10,0.0000,0.0000,0,stuck_too_long
7688,101,-528.42,0.00,10.10,0.0000,0.0000,0,stuck_too_long
7689,101,-529.12,0.00,10.10,0.0000,0.0000,0,stuck_too_long
7690,101,-529.03,0.00,10.10,0.0000,0.0000,0,stuck_too_long
7691,101,-529.60,0.00,10.10,0.0000,0.0000,0,stuck_too_long
7692,101,-529.39,0.00,10.10,0.0000,0.0000,0,stuck_too_long
7693,101,-529.73,0.00,10.10,0.0000,0.0000,0,stuck_too_long
4751,101,-529.20,0.00,10.10,0.0000,0.0000,0,stuck_too_long
4752,101,-528.11,0.00,10.10,0.0000,0.0000,0,stuck_too_long
4753,101,-529.30,0.00,10.10,0.0000,0.0000,0,stuck_too_long
4754,101,-527.93,0.00,10.10,0.0000,0.0000,0,stuck_too_long
4755,101,-528.68,0.00,10.10,0.0000,0.0000,0,stuck_too_long
4756,101,-531.20,0.00,10.10,0.0000,0.0000,0,stuck_too_long
4757,101,-530.14,0.00,10.10,0.0000,0.0000,0,stuck_too_long
4758,101,-530.24,0.00,10.10,0.0000,0.0000,0,stuck_too_long
4759,101,-529.27,0.00,10.10,0.0000,0.0000,0,stuck_too_long
4760,101,-526.56,0.00,10.10,0.0000,0.0000,0,stuck_too_long
7694,101,-528.77,0.00,10.10,0.0000,0.0000,0,stuck_too_long
7695,101,-530.86,0.00,10.10,0.0000,0.0000,0,stuck_too_long
7696,101,-528.79,0.00,10.10,0.0000,0.0000,0,stuck_too_long
7697,101,-529.69,0.00,10.10,0.0000,0.0000,0,stuck_too_long
7698,101,-528.67,0.00,10.10,0.0000,0.0000,0,stuck_too_long
7699,101,-529.41,0.00,10.10,0.0000,0.0000,0,stuck_too_long
7700,101,-529.31,0.00,10.10,0.0000,0.0000,0,stuck_too_long
7701,101,-528.94,0.00,10.10,0.0000,0.0000,0,stuck_too_long
7702,101,-529.78,0.00,10.10,0.0000,0.0000,0,stuck_too_long
7703,101,-528.64,0.00,10.10,0.0000,0.0000,0,stuck_too_long
7704,101,-529.29,0.00,10.10,0.0000,0.0000,0,stuck_too_long
7705,101,-529.74,0.00,10.10,0.0000,0.0000,0,stuck_too_long
7706,101,-528.11,0.00,10.10,0.0000,0.0000,0,stuck_too_long
7707,101,-531.32,0.00,10.10,0.0000,0.0000,0,stuck_too_long
7708,101,-531.50,0.00,10.10,0.0000,0.0000,0,stuck_too_long
7709,185,-635.17,0.00,18.56,0.0000,0.0000,0,stuck_too_long
7710,101,-528.88,0.00,10.10,0.0000,0.0000,0,stuck_too_long
7711,101,-529.76,0.00,10.10,0.0000,0.0000,0,stuck_too_long
7712,101,-531.75,0.00,10.10,0.0000,0.0000,0,stuck_too_long
4761,101,-530.74,0.00,10.10,0.0000,0.0000,0,stuck_too_long
4762,101,-527.78,0.00,10.10,0.0000,0.0000,0,stuck_too_long
4763,101,-529.01,0.00,10.10,0.0000,0.0000,0,stuck_too_long
4764,101,-529.87,0.00,10.10,0.0000,0.0000,0,stuck_too_long
4765,101,-530.03,0.00,10.10,0.0000,0.0000,0,stuck_too_long
4766,101,-528.34,0.00,10.10,0.0000,0.0000,0,stuck_too_long
4767,101,-529.23,0.00,10.10,0.0000,0.0000,0,stuck_too_long
4768,101,-529.30,0.00,10.10,0.0000,0.0000,0,stuck_too_long
4769,101,-528.73,0.00,10.10,0.0000,0.0000,0,stuck_too_long
4770,101,-529.14,0.00,10.10,0.0000,0.0000,0,stuck_too_long
7713,101,-529.43,0.00,10.10,0.0000,0.0000,0,stuck_too_long
7714,101,-530.87,0.00,10.10,0.0000,0.0000,0,stuck_too_long
7715,101,-529.17,0.00,10.10,0.0000,0.0000,0,stuck_too_long
7716,101,-529.63,0.00,10.10,0.0000,0.0000,0,stuck_too_long
7717,101,-529.64,0.00,10.10,0.0000,0.0000,0,stuck_too_long
7718,101,-528.86,0.00,10.10,0.0000,0.0000,0,stuck_too_long
7719,101,-529.04,0.00,10.10,0.0000,0.0000,0,stuck_too_long
7720,101,-529.88,0.00,10.10,0.0000,0.0000,0,stuck_too_long
7721,101,-530.47,0.00,10.10,0.0000,0.0000,0,stuck_too_long
7722,101,-530.48,0.00,10.10,0.0000,0.0000,0,stuck_too_long
7723,101,-528.15,0.00,10.10,0.0000,0.0000,0,stuck_too_long
7724,101,-529.24,0.00,10.10,0.0000,0.0000,0,stuck_too_long
7725,101,-532.18,0.00,10.10,0.0000,0.0000,0,stuck_too_long
7726,101,-528.86,0.00,10.10,0.0000,0.0000,0,stuck_too_long
7727,101,-532.25,0.00,10.10,0.0000,0.0000,0,stuck_too_long
7728,101,-529.04,0.00,10.10,0.0000,0.0000,0,stuck_too_long
7729,101,-527.89,0.00,10.10,0.0000,0.0000,0,stuck_too_long
7730,101,-529.53,0.00,10.10,0.0000,0.0000,0,stuck_too_long
7731,101,-528.45,0.00,10.10,0.0000,0.0000,0,stuck_too_long
7732,101,-530.13,0.00,10.10,0.0000,0.0000,0,stuck_too_long
7733,101,-531.20,0.00,10.10,0.0000,0.0000,0,stuck_too_long
4771,101,-530.01,0.00,10.10,0.0000,0.0000,0,stuck_too_long
4772,101,-530.26,0.00,10.10,0.0000,0.0000,0,stuck_too_long
4773,101,-532.26,0.00,10.10,0.0000,0.0000,0,stuck_too_long
4774,101,-530.09,0.00,10.10,0.0000,0.0000,0,stuck_too_long
4775,101,-530.17,0.00,10.10,0.0000,0.0000,0,stuck_too_long
4776,101,-529.68,0.00,10.10,0.0000,0.0000,0,stuck_too_long
4777,101,-529.30,0.00,10.10,0.0000,0.0000,0,stuck_too_long
4778,101,-530.57,0.00,10.10,0.0000,0.0000,0,stuck_too_long
4779,101,-530.07,0.00,10.10,0.0000,0.0000,0,stuck_too_long
4780,101,-530.51,0.00,10.10,0.0000,0.0000,0,stuck_too_long
7734,101,-529.56,0.00,10.10,0.0000,0.0000,0,stuck_too_long
7735,101,-530.88,0.00,10.10,0.0000,0.0000,0,stuck_too_long
7736,101,-528.03,0.00,10.10,0.0000,0.0000,0,stuck_too_long
7737,101,-531.47,0.00,10.10,0.0000,0.0000,0,stuck_too_long
7738,101,-529.06,0.00,10.10,0.0000,0.0000,0,stuck_too_long
7739,101,-529.93,0.00,10.10,0.0000,0.0000,0,stuck_too_long
7740,101,-531.52,0.00,10.10,0.0000,0.0000,0,stuck_too_long
7741,101,-529.25,0.00,10.10,0.0000,0.0000,0,stuck_too_long
7742,101,-530.09,0.00,10.10,0.0000,0.0000,0,stuck_too_long
7743,101,-529.08,0.00,10.10,0.0000,0.0000,0,stuck_too_long
7744,101,-530.86,0.00,10.10,0.0000,0.0000,0,stuck_too_long
7745,101,-531.09,0.00,10.10,0.0000,0.0000,0,stuck_too_long
7746,101,-529.70,0.00,10.10,0.0000,0.0000,0,stuck_too_long
7747,101,-528.97,0.00,10.10,0.0000,0.0000,0,stuck_too_long
7748,101,-529.05,0.00,10.10,0.0000,0.0000,0,stuck_too_long
7749,101,-530.30,0.00,10.10,0.0000,0.0000,0,stuck_too_long
7750,101,-529.57,0.00,10.10,0.0000,0.0000,0,stuck_too_long
7751,101,-532.63,0.00,10.10,0.0000,0.0000,0,stuck_too_long
7752,101,-529.68,0.00,10.10,0.0000,0.0000,0,stuck_too_long
7753,101,-528.97,0.00,10.10,0.0000,0.0000,0,stuck_too_long
4781,101,-529.81,0.00,10.10,0.0000,0.0000,0,stuck_too_long
4782,101,-529.09,0.00,10.10,0.0000,0.0000,0,stuck_too_long
4783,101,-530.51,0.00,10.10,0.0000,0.0000,0,stuck_too_long
4784,101,-529.31,0.00,10.10,0.0000,0.0000,0,stuck_too_long
4785,101,-529.75,0.00,10.10,0.0000,0.0000,0,stuck_too_long
4786,101,-527.34,0.00,10.10,0.0000,0.0000,0,stuck_too_long
4787,101,-532.82,0.00,10.10,0.0000,0.0000,0,stuck_too_long
4788,101,-529.96,0.00,10.10,0.0000,0.0000,0,stuck_too_long
4789,101,-529.76,0.00,10.10,0.0000,0.0000,0,stuck_too_long
4790,101,-530.38,0.00,10.10,0.0000,0.0000,0,stuck_too_long
7754,101,-530.12,0.00,10.10,0.0000,0.0000,0,stuck_too_long
7755,101,-530.24,0.00,10.10,0.0000,0.0000,0,stuck_too_long
7756,101,-530.02,0.00,10.10,0.0000,0.0000,0,stuck_too_long
7757,101,-528.50,0.00,10.10,0.0000,0.0000,0,stuck_too_long
7758,101,-530.32,0.00,10.10,0.0000,0.0000,0,stuck_too_long
7759,101,-527.47,0.00,10.10,0.0000,0.0000,0,stuck_too_long
7760,101,-531.30,0.00,10.10,0.0000,0.0000,0,stuck_too_long
7761,101,-531.79,0.00,10.10,0.0000,0.0000,0,stuck_too_long
7762,101,-530.61,0.00,10.10,0.0000,0.0000,0,stuck_too_long
7763,101,-530.40,0.00,10.10,0.0000,0.0000,0,stuck_too_long
7764,101,-529.59,0.00,10.10,0.0000,0.0000,0,stuck_too_long
7765,101,-530.06,0.00,10.10,0.0000,0.0000,0,stuck_too_long
7766,101,-529.91,0.00,10.10,0.0000,0.0000,0,stuck_too_long
7767,101,-529.74,0.00,10.10,0.0000,0.0000,0,stuck_too_long
7768,101,-531.20,0.00,10.10,0.0000,0.0000,0,stuck_too_long
7769,101,-529.90,0.00,10.10,0.0000,0.0000,0,stuck_too_long
7770,101,-528.60,0.00,10.10,0.0000,0.0000,0,stuck_too_long
7771,101,-528.65,0.00,10.10,0.0000,0.0000,0,stuck_too_long
7772,101,-530.08,0.00,10.10,0.0000,0.0000,0,stuck_too_long
7773,101,-529.70,0.00,10.10,0.0000,0.0000,0,stuck_too_long
4791,101,-528.11,0.00,10.10,0.0000,0.0000,0,stuck_too_long
4792,101,-528.84,0.00,10.10,0.0000,0.0000,0,stuck_too_long
4793,101,-529.69,0.00,10.10,0.0000,0.0000,0,stuck_too_long
4794,101,-529.02,0.00,10.10,0.0000,0.0000,0,stuck_too_long
4795,101,-529.53,0.00,10.10,0.0000,0.0000,0,stuck_too_long
4796,101,-529.81,0.00,10.10,0.0000,0.0000,0,stuck_too_long
4797,101,-528.47,0.00,10.10,0.0000,0.0000,0,stuck_too_long
4798,101,-527.94,0.00,10.10,0.0000,0.0000,0,stuck_too_long
4799,101,-528.59,0.00,10.10,0.0000,0.0000,0,stuck_too_long
4800,101,-528.13,0.00,10.10,0.0000,0.0000,0,stuck_too_long
7774,101,-529.87,0.00,10.10,0.0000,0.0000,0,stuck_too_long
